date,provider,volumes,txs,users,new_users,returning_users,cumulative_users
2023-03-15,UR,0.1179937,1,1,1,0,1
2023-03-16,UR,0.0,0,0,0,0,1
2023-03-17,UR,0.0,0,0,0,0,1
2023-03-18,UR,0.0,0,0,0,0,1
2023-03-19,UR,0.0,0,0,0,0,1
2023-03-20,UR,0.0,0,0,0,0,1
2023-03-21,UR,0.0,0,0,0,0,1
2023-03-22,UR,0.0,0,0,0,0,1
2023-03-23,UR,0.0,0,0,0,0,1
2023-03-24,UR,0.0,0,0,0,0,1
2023-03-25,UR,0.0,0,0,0,0,1
2023-03-26,UR,0.0,0,0,0,0,1
2023-03-27,UR,0.12933324,1,1,0,1,1
2023-03-28,UR,0.0,0,0,0,0,1
2023-03-29,UR,0.0,0,0,0,0,1
2023-03-30,UR,0.0,0,0,0,0,1
2023-03-31,UR,0.0,0,0,0,0,1
2023-04-01,UR,0.0,0,0,0,0,1
2023-04-02,UR,0.0,0,0,0,0,1
2023-04-03,UR,0.0,0,0,0,0,1
2023-04-04,UR,0.0,0,0,0,0,1
2023-04-05,UR,0.0,0,0,0,0,1
2023-04-06,UR,0.0,0,0,0,0,1
2023-04-07,UR,0.0,0,0,0,0,1
2023-04-08,UR,0.0,0,0,0,0,1
2023-04-09,UR,0.0,0,0,0,0,1
2023-04-10,UR,0.0,0,0,0,0,1
2023-04-11,UR,0.0,0,0,0,0,1
2023-04-12,UR,0.0,0,0,0,0,1
2023-04-13,UR,18.519621599999997,4,1,0,1,1
2023-04-14,UR,44.26305975,13,4,3,1,4
2023-04-15,UR,17.9987735,3,1,0,1,4
2023-04-16,UR,22.316025,4,2,0,2,4
2023-04-17,UR,17.234743260000002,3,2,0,2,4
2023-04-18,UR,6.0194546,2,2,0,2,4
2023-04-19,UR,9.690925,4,2,0,2,4
2023-04-20,UR,9.747102000000002,3,1,0,1,4
2023-04-21,UR,22.439996039999997,10,4,0,4,4
2023-04-22,UR,11.862158500000001,3,2,0,2,4
2023-04-23,UR,5.7923729999999995,1,1,0,1,4
2023-04-24,UR,0.0,0,0,0,0,4
2023-04-25,UR,14.0982615,2,1,0,1,4
2023-04-25,Rain,1.0,1,1,1,0,1
2023-04-26,UR,2.07487413,1,1,0,1,4
2023-04-26,Rain,0.0,0,0,0,0,1
2023-04-27,UR,18.954077999999996,4,3,0,3,4
2023-04-27,Rain,0.0,0,0,0,0,1
2023-04-28,UR,4.2030396,2,1,0,1,4
2023-04-28,Rain,0.0,0,0,0,0,1
2023-04-29,UR,0.0,0,0,0,0,4
2023-04-29,Rain,0.0,0,0,0,0,1
2023-04-30,UR,50.952868290000005,3,2,0,2,4
2023-04-30,Rain,0.0,0,0,0,0,1
2023-05-01,UR,19.1586528,1,1,0,1,4
2023-05-01,Rain,0.0,0,0,0,0,1
2023-05-02,UR,0.0,0,0,0,0,4
2023-05-02,Rain,0.0,0,0,0,0,1
2023-05-03,UR,11.58311964,3,2,0,2,4
2023-05-03,Rain,0.0,0,0,0,0,1
2023-05-04,UR,24.251083499999996,5,4,0,4,4
2023-05-04,Rain,0.0,0,0,0,0,1
2023-05-05,UR,28.5167597,3,2,0,2,4
2023-05-05,Rain,0.0,0,0,0,0,1
2023-05-06,UR,6.35643288,1,1,0,1,4
2023-05-06,Rain,0.0,0,0,0,0,1
2023-05-07,UR,0.0,0,0,0,0,4
2023-05-07,Rain,0.0,0,0,0,0,1
2023-05-08,UR,6.85350078,1,1,0,1,4
2023-05-08,Rain,100.68,2,1,0,1,1
2023-05-09,UR,0.0,0,0,0,0,4
2023-05-09,Rain,0.0,0,0,0,0,1
2023-05-10,UR,1.11839634,1,1,0,1,4
2023-05-10,Rain,0.0,0,0,0,0,1
2023-05-11,UR,0.0,0,0,0,0,4
2023-05-11,Rain,0.0,0,0,0,0,1
2023-05-12,UR,5.445162850000001,4,3,0,3,4
2023-05-12,Rain,0.0,0,0,0,0,1
2023-05-13,UR,2.14418512,2,1,0,1,4
2023-05-13,Rain,0.0,0,0,0,0,1
2023-05-14,UR,0.0,0,0,0,0,4
2023-05-14,Rain,0.0,0,0,0,0,1
2023-05-15,UR,2.23581276,3,3,0,3,4
2023-05-15,Rain,0.0,0,0,0,0,1
2023-05-16,UR,167.995575,2,2,0,2,4
2023-05-16,Rain,0.0,0,0,0,0,1
2023-05-17,UR,526.9204827,12,3,0,3,4
2023-05-17,Rain,0.0,0,0,0,0,1
2023-05-18,UR,41.53117767999999,5,2,0,2,4
2023-05-18,Rain,0.0,0,0,0,0,1
2023-05-19,UR,2.3274216,1,1,0,1,4
2023-05-19,Rain,0.0,0,0,0,0,1
2023-05-20,UR,93.53597286,2,2,0,2,4
2023-05-20,Rain,0.0,0,0,0,0,1
2023-05-21,UR,46.8073225,4,3,1,2,5
2023-05-21,Rain,0.0,0,0,0,0,1
2023-05-22,UR,85.783098,6,4,0,4,5
2023-05-22,Rain,0.0,0,0,0,0,1
2023-05-23,UR,14.291890819999999,4,3,0,3,5
2023-05-23,Rain,0.0,0,0,0,0,1
2023-05-24,UR,73.15707764,6,4,0,4,5
2023-05-24,Rain,0.0,0,0,0,0,1
2023-05-25,UR,60.96302420000001,4,1,0,1,5
2023-05-25,Rain,0.0,0,0,0,0,1
2023-05-26,UR,17.60069319,5,2,0,2,5
2023-05-26,Rain,0.0,0,0,0,0,1
2023-05-27,UR,79.86263228,1,1,0,1,5
2023-05-27,Rain,0.0,0,0,0,0,1
2023-05-28,UR,0.0,0,0,0,0,5
2023-05-28,Rain,0.0,0,0,0,0,1
2023-05-29,UR,13.552051840000003,3,1,0,1,5
2023-05-29,Rain,0.0,0,0,0,0,1
2023-05-30,UR,42.19593231,5,1,0,1,5
2023-05-30,Rain,0.0,0,0,0,0,1
2023-05-31,UR,81.47438312000001,5,4,0,4,5
2023-05-31,Rain,0.0,0,0,0,0,1
2023-06-01,UR,6.063849539999999,2,2,0,2,5
2023-06-01,Rain,0.0,0,0,0,0,1
2023-06-02,UR,44.086464989999996,3,2,0,2,5
2023-06-02,Rain,0.0,0,0,0,0,1
2023-06-03,UR,0.0,0,0,0,0,5
2023-06-03,Rain,0.0,0,0,0,0,1
2023-06-04,UR,28.530103760000003,4,1,0,1,5
2023-06-04,Rain,0.0,0,0,0,0,1
2023-06-05,UR,0.0,0,0,0,0,5
2023-06-05,Rain,0.0,0,0,0,0,1
2023-06-06,UR,11.60039205,1,1,0,1,5
2023-06-06,Rain,0.0,0,0,0,0,1
2023-06-07,UR,132.86270159999998,7,3,0,3,5
2023-06-07,Rain,0.0,0,0,0,0,1
2023-06-08,UR,23.780358049999997,3,2,1,1,6
2023-06-08,Rain,29391.75,2,2,2,0,3
2023-06-09,UR,2.0593715500000003,2,2,1,1,7
2023-06-09,Rain,0.0,0,0,0,0,3
2023-06-10,UR,4.460835,1,1,0,1,7
2023-06-10,Rain,0.0,0,0,0,0,3
2023-06-11,UR,0.0,0,0,0,0,7
2023-06-11,Rain,0.0,0,0,0,0,3
2023-06-12,UR,60.97530456,5,4,2,2,9
2023-06-12,Rain,0.0,0,0,0,0,3
2023-06-13,UR,0.0,0,0,0,0,9
2023-06-13,Rain,1004.06,1,1,1,0,4
2023-06-14,UR,8.13538856,3,3,0,3,9
2023-06-14,Rain,0.0,0,0,0,0,4
2023-06-15,UR,0.0,0,0,0,0,9
2023-06-15,Rain,0.0,0,0,0,0,4
2023-06-16,UR,51.793869400000005,2,2,0,2,9
2023-06-16,Rain,0.0,0,0,0,0,4
2023-06-17,UR,98.148327,6,3,1,2,10
2023-06-17,Rain,0.0,0,0,0,0,4
2023-06-18,UR,83.554269,6,2,0,2,10
2023-06-18,Rain,0.0,0,0,0,0,4
2023-06-19,UR,221.02607147,13,7,2,5,12
2023-06-19,Rain,0.0,0,0,0,0,4
2023-06-20,UR,134.44939192,10,5,1,4,13
2023-06-20,Rain,0.0,0,0,0,0,4
2023-06-21,UR,3.8765929,1,1,0,1,13
2023-06-21,Rain,0.0,0,0,0,0,4
2023-06-22,UR,50.26490691,4,3,0,3,13
2023-06-22,Rain,0.0,0,0,0,0,4
2023-06-23,UR,82.92233088,8,5,1,4,14
2023-06-23,Rain,0.0,0,0,0,0,4
2023-06-24,UR,0.0,0,0,0,0,14
2023-06-24,Rain,0.0,0,0,0,0,4
2023-06-25,UR,68.60976255,6,4,0,4,14
2023-06-25,Rain,0.0,0,0,0,0,4
2023-06-26,UR,37.83367718000001,10,4,1,3,15
2023-06-26,Rain,0.0,0,0,0,0,4
2023-06-27,UR,163.87535475,9,5,1,4,16
2023-06-27,Rain,0.0,0,0,0,0,4
2023-06-28,UR,33.58489075000001,7,2,0,2,16
2023-06-28,Rain,0.0,0,0,0,0,4
2023-06-29,UR,77.73848172,7,4,0,4,16
2023-06-29,Rain,0.0,0,0,0,0,4
2023-06-30,UR,81.76925195999999,5,4,0,4,16
2023-06-30,Rain,0.0,0,0,0,0,4
2023-07-01,UR,2.2378681499999997,1,1,0,1,16
2023-07-01,Rain,0.0,0,0,0,0,4
2023-07-02,UR,61.5686652,7,3,0,3,16
2023-07-02,Rain,0.0,0,0,0,0,4
2023-07-03,UR,81.937855,17,6,2,4,18
2023-07-03,Rain,0.0,0,0,0,0,4
2023-07-04,UR,344.11521438000005,7,4,0,4,18
2023-07-04,Rain,0.0,0,0,0,0,4
2023-07-05,UR,558.34791443,6,4,2,2,20
2023-07-05,Rain,0.0,0,0,0,0,4
2023-07-06,UR,825.1115667600002,13,8,2,6,22
2023-07-06,Rain,0.0,0,0,0,0,4
2023-07-07,UR,170.69589075000002,7,4,0,4,22
2023-07-07,Rain,0.0,0,0,0,0,4
2023-07-08,UR,170.58988799999997,10,3,1,2,23
2023-07-08,Rain,48554.06,9,8,7,1,11
2023-07-09,UR,161.28094,7,5,0,5,23
2023-07-09,Rain,0.0,0,0,0,0,11
2023-07-10,UR,343.94835894999994,8,4,0,4,23
2023-07-10,Rain,5963.97,1,1,1,0,12
2023-07-11,UR,271.54575916,9,7,0,7,23
2023-07-11,Rain,0.0,0,0,0,0,12
2023-07-12,UR,531.9322378500001,15,7,2,5,25
2023-07-12,Rain,0.0,0,0,0,0,12
2023-07-13,UR,113.65599311999998,7,4,0,4,25
2023-07-13,Rain,0.0,0,0,0,0,12
2023-07-14,UR,188.2413806,9,4,0,4,25
2023-07-14,Rain,0.0,0,0,0,0,12
2023-07-15,UR,94.70425318999999,5,2,0,2,25
2023-07-15,Rain,0.0,0,0,0,0,12
2023-07-16,UR,236.94407550000003,3,1,0,1,25
2023-07-16,Rain,0.0,0,0,0,0,12
2023-07-17,UR,55.09770973,5,3,0,3,25
2023-07-17,Rain,0.0,0,0,0,0,12
2023-07-18,UR,540.54517248,13,3,0,3,25
2023-07-18,Rain,0.0,0,0,0,0,12
2023-07-19,UR,1244.73772752,19,6,1,5,26
2023-07-19,Rain,0.0,0,0,0,0,12
2023-07-20,UR,58.42287,5,3,0,3,26
2023-07-20,Rain,0.0,0,0,0,0,12
2023-07-21,UR,242.16706787,12,8,2,6,28
2023-07-21,Rain,0.0,0,0,0,0,12
2023-07-22,UR,690.5094390000002,25,5,0,5,28
2023-07-22,Rain,0.0,0,0,0,0,12
2023-07-23,UR,179.1354645,12,5,0,5,28
2023-07-23,Rain,0.0,0,0,0,0,12
2023-07-24,UR,487.09310813,13,7,0,7,28
2023-07-24,Rain,0.0,0,0,0,0,12
2023-07-25,UR,537.6084288,18,8,2,6,30
2023-07-25,Rain,0.0,0,0,0,0,12
2023-07-26,UR,176.77933982,12,5,1,4,31
2023-07-26,Rain,0.0,0,0,0,0,12
2023-07-27,UR,452.33689599999997,10,7,0,7,31
2023-07-27,Rain,0.0,0,0,0,0,12
2023-07-28,UR,550.2712967999998,5,5,1,4,32
2023-07-28,Rain,0.0,0,0,0,0,12
2023-07-29,UR,393.77828224,17,9,2,7,34
2023-07-29,Rain,0.0,0,0,0,0,12
2023-07-30,UR,81.45615295999998,7,4,0,4,34
2023-07-30,Rain,0.0,0,0,0,0,12
2023-07-31,UR,84.97206704,5,4,0,4,34
2023-07-31,Rain,0.0,0,0,0,0,12
2023-08-01,UR,337.00701342,7,3,0,3,34
2023-08-01,Rain,19377.23,1,1,1,0,13
2023-08-02,UR,1102.0909239999999,11,7,2,5,36
2023-08-02,Rain,0.0,0,0,0,0,13
2023-08-03,UR,1074.6418800000001,12,8,0,8,36
2023-08-03,Rain,0.0,0,0,0,0,13
2023-08-04,UR,1054.6974075,19,12,1,11,37
2023-08-04,Rain,0.0,0,0,0,0,13
2023-08-05,UR,807.4509057599998,14,8,0,8,37
2023-08-05,Rain,0.0,0,0,0,0,13
2023-08-06,UR,136.40178002999997,8,7,1,6,38
2023-08-06,Rain,0.0,0,0,0,0,13
2023-08-07,UR,498.66255651999995,11,6,1,5,39
2023-08-07,Rain,0.0,0,0,0,0,13
2023-08-08,UR,560.0149156199999,10,6,2,4,41
2023-08-08,Rain,214484.14999999997,23,23,17,6,30
2023-08-09,UR,791.3753855999998,29,7,2,5,43
2023-08-09,Rain,0.0,0,0,0,0,30
2023-08-10,UR,1758.5524827000004,21,9,0,9,43
2023-08-10,Rain,0.0,0,0,0,0,30
2023-08-11,UR,4508.130612100001,32,10,2,8,45
2023-08-11,Rain,0.0,0,0,0,0,30
2023-08-12,UR,1926.2074825000002,16,7,0,7,45
2023-08-12,Rain,0.0,0,0,0,0,30
2023-08-13,UR,448.32902350000006,10,5,0,5,45
2023-08-13,Rain,0.0,0,0,0,0,30
2023-08-14,UR,1184.64938502,18,8,2,6,47
2023-08-14,Rain,0.0,0,0,0,0,30
2023-08-15,UR,180.91693666000003,14,7,1,6,48
2023-08-15,Rain,0.0,0,0,0,0,30
2023-08-16,UR,180.41544885,15,7,1,6,49
2023-08-16,Rain,0.0,0,0,0,0,30
2023-08-17,UR,156.71371648999997,14,9,2,7,51
2023-08-17,Rain,0.0,0,0,0,0,30
2023-08-18,UR,918.6082893,21,12,0,12,51
2023-08-18,Rain,0.0,0,0,0,0,30
2023-08-19,UR,540.4676640000001,18,12,1,11,52
2023-08-19,Rain,0.0,0,0,0,0,30
2023-08-20,UR,1096.964672,24,10,2,8,54
2023-08-20,Rain,0.0,0,0,0,0,30
2023-08-21,UR,787.82414487,35,10,0,10,54
2023-08-21,Rain,0.0,0,0,0,0,30
2023-08-22,UR,2649.4536863999997,43,17,1,16,55
2023-08-22,Rain,0.0,0,0,0,0,30
2023-08-23,UR,643.3384545,26,13,2,11,57
2023-08-23,Rain,0.0,0,0,0,0,30
2023-08-24,UR,1370.4849204599998,24,13,0,13,57
2023-08-24,Rain,0.0,0,0,0,0,30
2023-08-25,UR,778.6316610600002,15,12,0,12,57
2023-08-25,Rain,0.0,0,0,0,0,30
2023-08-26,UR,827.1445187700001,19,11,1,10,58
2023-08-26,Rain,0.0,0,0,0,0,30
2023-08-27,UR,1455.07829208,21,9,0,9,58
2023-08-27,Rain,0.0,0,0,0,0,30
2023-08-28,UR,1473.9929126200002,16,10,1,9,59
2023-08-28,Rain,0.0,0,0,0,0,30
2023-08-29,UR,616.3606601499998,25,14,1,13,60
2023-08-29,Rain,0.0,0,0,0,0,30
2023-08-30,UR,745.74584788,20,10,1,9,61
2023-08-30,Rain,0.0,0,0,0,0,30
2023-08-31,UR,373.4726279199999,23,8,1,7,62
2023-08-31,Rain,5.0,1,1,1,0,31
2023-09-01,UR,1134.5132664799999,42,14,1,13,63
2023-09-01,Rain,0.0,0,0,0,0,31
2023-09-02,UR,748.2425750000002,33,11,0,11,63
2023-09-02,Rain,0.0,0,0,0,0,31
2023-09-03,UR,399.6876625,15,10,1,9,64
2023-09-03,Rain,0.0,0,0,0,0,31
2023-09-04,UR,532.60469328,16,9,0,9,64
2023-09-04,Rain,0.0,0,0,0,0,31
2023-09-05,UR,797.4152779599999,34,11,2,9,66
2023-09-05,Rain,1.0,1,1,0,1,31
2023-09-06,UR,803.0403427000002,36,11,0,11,66
2023-09-06,Rain,1.0,1,1,0,1,31
2023-09-07,UR,1905.1401775200002,27,11,0,11,66
2023-09-07,Rain,0.0,0,0,0,0,31
2023-09-08,UR,291.259584,23,14,1,13,67
2023-09-08,Rain,341205.55,54,54,27,27,58
2023-09-09,UR,531.23822415,33,11,1,10,68
2023-09-09,Rain,0.0,0,0,0,0,58
2023-09-10,UR,621.64990539,16,8,0,8,68
2023-09-10,Rain,0.0,0,0,0,0,58
2023-09-11,UR,1136.9087152500001,24,12,1,11,69
2023-09-11,Rain,0.0,0,0,0,0,58
2023-09-12,UR,1028.5178620499998,22,10,0,10,69
2023-09-12,Rain,0.0,0,0,0,0,58
2023-09-13,UR,1371.47515661,19,10,0,10,69
2023-09-13,Rain,0.0,0,0,0,0,58
2023-09-14,UR,458.0501071499999,24,12,1,11,70
2023-09-14,Rain,0.0,0,0,0,0,58
2023-09-15,UR,1224.0175077900003,23,13,0,13,70
2023-09-15,Rain,0.0,0,0,0,0,58
2023-09-16,UR,2136.8883481999997,35,14,1,13,71
2023-09-16,Rain,0.0,0,0,0,0,58
2023-09-17,UR,927.7847203599999,27,9,0,9,71
2023-09-17,Rain,0.0,0,0,0,0,58
2023-09-18,UR,2156.3528226700005,13,11,0,11,71
2023-09-18,Rain,0.0,0,0,0,0,58
2023-09-19,UR,401.516676,22,14,3,11,74
2023-09-19,Rain,0.0,0,0,0,0,58
2023-09-20,UR,840.7491851699998,21,10,1,9,75
2023-09-20,Rain,0.0,0,0,0,0,58
2023-09-21,UR,255.91709699999998,21,14,0,14,75
2023-09-21,Rain,0.0,0,0,0,0,58
2023-09-22,UR,796.2671706599999,33,15,2,13,77
2023-09-22,Rain,0.0,0,0,0,0,58
2023-09-23,UR,323.4549882399999,18,9,0,9,77
2023-09-23,Rain,0.0,0,0,0,0,58
2023-09-24,UR,234.13483192,8,7,0,7,77
2023-09-24,Rain,0.0,0,0,0,0,58
2023-09-25,UR,443.97480654,20,11,0,11,77
2023-09-25,Rain,0.0,0,0,0,0,58
2023-09-26,UR,330.67503603,18,14,2,12,79
2023-09-26,Rain,0.0,0,0,0,0,58
2023-09-27,UR,420.16598909999993,22,13,0,13,79
2023-09-27,Rain,0.0,0,0,0,0,58
2023-09-28,UR,1356.5611856100002,30,13,2,11,81
2023-09-28,Rain,0.0,0,0,0,0,58
2023-09-29,UR,1828.4207109000001,40,15,2,13,83
2023-09-29,Rain,0.0,0,0,0,0,58
2023-09-30,UR,1509.00898592,24,13,2,11,85
2023-09-30,Rain,0.0,0,0,0,0,58
2023-10-01,UR,1082.64284758,28,16,1,15,86
2023-10-01,Rain,0.0,0,0,0,0,58
2023-10-02,UR,949.0373859599999,31,18,1,17,87
2023-10-02,Rain,0.0,0,0,0,0,58
2023-10-03,UR,854.0933351399999,31,13,1,12,88
2023-10-03,Rain,0.0,0,0,0,0,58
2023-10-04,UR,1814.238716,29,18,1,17,89
2023-10-04,Rain,0.0,0,0,0,0,58
2023-10-05,UR,2141.08219312,40,18,0,18,89
2023-10-05,Rain,0.0,0,0,0,0,58
2023-10-06,UR,714.1351545,28,16,0,16,89
2023-10-06,Rain,0.0,0,0,0,0,58
2023-10-07,UR,1016.5685350199999,24,9,0,9,89
2023-10-07,Rain,0.0,0,0,0,0,58
2023-10-08,UR,367.16982102,12,9,0,9,89
2023-10-08,Rain,264424.8800000001,53,53,6,47,64
2023-10-09,UR,513.8920005,17,9,1,8,90
2023-10-09,Rain,0.0,0,0,0,0,64
2023-10-10,UR,1901.9338943000005,27,14,0,14,90
2023-10-10,Rain,0.0,0,0,0,0,64
2023-10-11,UR,1047.16366414,24,15,0,15,90
2023-10-11,Rain,0.0,0,0,0,0,64
2023-10-12,UR,1577.8444871099998,28,16,1,15,91
2023-10-12,Rain,0.0,0,0,0,0,64
2023-10-13,UR,357.31722572,21,11,0,11,91
2023-10-13,Rain,0.0,0,0,0,0,64
2023-10-14,UR,1261.3726501200003,25,16,0,16,91
2023-10-14,Rain,0.0,0,0,0,0,64
2023-10-15,UR,1053.3094480400002,21,7,0,7,91
2023-10-15,Rain,0.0,0,0,0,0,64
2023-10-16,UR,1900.83479616,39,16,0,16,91
2023-10-16,Rain,0.0,0,0,0,0,64
2023-10-17,UR,1331.1962007999996,30,13,0,13,91
2023-10-17,Rain,0.0,0,0,0,0,64
2023-10-18,UR,629.5345889,27,11,0,11,91
2023-10-18,Rain,0.0,0,0,0,0,64
2023-10-19,UR,1724.3950542,39,18,0,18,91
2023-10-19,Rain,0.0,0,0,0,0,64
2023-10-20,UR,1302.97952587,45,16,2,14,93
2023-10-20,Rain,0.0,0,0,0,0,64
2023-10-21,UR,2045.91123734,37,16,0,16,93
2023-10-21,Rain,0.0,0,0,0,0,64
2023-10-22,UR,1641.50245068,18,8,0,8,93
2023-10-22,Rain,0.0,0,0,0,0,64
2023-10-23,UR,1676.8790935,38,14,0,14,93
2023-10-23,Rain,0.0,0,0,0,0,64
2023-10-24,UR,1261.4095484499999,29,18,4,14,97
2023-10-24,Rain,0.0,0,0,0,0,64
2023-10-25,UR,1648.7197350000004,33,16,1,15,98
2023-10-25,Rain,0.0,0,0,0,0,64
2023-10-26,UR,2224.8210625199995,39,21,0,21,98
2023-10-26,Rain,0.0,0,0,0,0,64
2023-10-27,UR,1894.5724748400003,44,16,0,16,98
2023-10-27,Rain,0.0,0,0,0,0,64
2023-10-28,UR,2174.01914171,40,16,3,13,101
2023-10-28,Rain,0.0,0,0,0,0,64
2023-10-29,UR,2356.3562992099996,30,12,0,12,101
2023-10-29,Rain,0.0,0,0,0,0,64
2023-10-30,UR,1987.5311193100006,47,19,1,18,102
2023-10-30,Rain,0.0,0,0,0,0,64
2023-10-31,UR,2296.6740151900003,43,15,2,13,104
2023-10-31,Rain,0.0,0,0,0,0,64
2023-11-01,UR,2712.1475655,34,20,2,18,106
2023-11-01,Rain,0.0,0,0,0,0,64
2023-11-02,UR,1030.5541589200002,40,19,0,19,106
2023-11-02,Rain,0.0,0,0,0,0,64
2023-11-03,UR,1112.3140938,44,15,1,14,107
2023-11-03,Rain,0.0,0,0,0,0,64
2023-11-04,UR,1901.7983908499998,30,14,0,14,107
2023-11-04,Rain,0.0,0,0,0,0,64
2023-11-05,UR,1296.14050755,29,13,2,11,109
2023-11-05,Rain,0.0,0,0,0,0,64
2023-11-06,UR,1173.9509795,31,14,0,14,109
2023-11-06,Rain,0.0,0,0,0,0,64
2023-11-07,UR,1049.64385344,50,16,1,15,110
2023-11-07,Rain,0.0,0,0,0,0,64
2023-11-08,UR,1383.1303282499994,31,15,1,14,111
2023-11-08,Rain,569319.36,59,59,8,51,72
2023-11-09,UR,2116.3592443500006,45,19,0,19,111
2023-11-09,Rain,0.0,0,0,0,0,72
2023-11-10,UR,1261.7472564,47,21,2,19,113
2023-11-10,Rain,0.0,0,0,0,0,72
2023-11-11,UR,2661.5593950000007,43,17,1,16,114
2023-11-11,Rain,0.0,0,0,0,0,72
2023-11-12,UR,1415.3862250000002,26,12,0,12,114
2023-11-12,Rain,0.0,0,0,0,0,72
2023-11-13,UR,2068.4552622000006,51,20,0,20,114
2023-11-13,Rain,0.0,0,0,0,0,72
2023-11-14,UR,1057.72818171,23,13,0,13,114
2023-11-14,Rain,0.0,0,0,0,0,72
2023-11-15,UR,1590.08498688,37,15,1,14,115
2023-11-15,Rain,0.0,0,0,0,0,72
2023-11-16,UR,4173.4256761100005,36,18,1,17,116
2023-11-16,Rain,0.0,0,0,0,0,72
2023-11-17,UR,3401.230081999999,42,24,1,23,117
2023-11-17,Rain,0.0,0,0,0,0,72
2023-11-18,UR,1946.8226080499996,38,19,0,19,117
2023-11-18,Rain,0.0,0,0,0,0,72
2023-11-19,UR,916.8986770499998,20,12,1,11,118
2023-11-19,Rain,0.0,0,0,0,0,72
2023-11-20,UR,829.8279014299999,38,22,6,16,124
2023-11-20,Rain,0.0,0,0,0,0,72
2023-11-21,UR,2526.1899857999992,42,21,1,20,125
2023-11-21,Rain,0.0,0,0,0,0,72
2023-11-22,UR,1363.7797201,50,25,5,20,130
2023-11-22,Rain,0.0,0,0,0,0,72
2023-11-23,UR,2617.8213485999995,58,20,0,20,130
2023-11-23,Rain,0.0,0,0,0,0,72
2023-11-24,UR,7099.14345231,76,30,1,29,131
2023-11-24,Rain,0.0,0,0,0,0,72
2023-11-25,UR,2067.57187173,43,19,0,19,131
2023-11-25,Rain,0.0,0,0,0,0,72
2023-11-26,UR,1079.09818611,28,17,0,17,131
2023-11-26,Rain,0.0,0,0,0,0,72
2023-11-27,UR,1049.8826258900003,38,19,0,19,131
2023-11-27,Rain,0.0,0,0,0,0,72
2023-11-28,UR,969.95523493,29,17,0,17,131
2023-11-28,Rain,0.0,0,0,0,0,72
2023-11-29,UR,1109.1143258999998,37,17,0,17,131
2023-11-29,Rain,5000.0,1,1,1,0,73
2023-11-30,UR,3403.8544820700004,57,20,0,20,131
2023-11-30,Rain,4500.0,1,1,1,0,74
2023-12-01,UR,4427.5432465,51,21,4,17,135
2023-12-01,Rain,0.0,0,0,0,0,74
2023-12-02,UR,3289.515589680001,52,21,2,19,137
2023-12-02,Rain,0.0,0,0,0,0,74
2023-12-03,UR,1612.18170464,33,15,1,14,138
2023-12-03,Rain,0.0,0,0,0,0,74
2023-12-04,UR,5439.796302600001,78,25,2,23,140
2023-12-04,Rain,37.48,1,1,1,0,75
2023-12-05,UR,2724.8668160799984,57,25,3,22,143
2023-12-05,Rain,0.0,0,0,0,0,75
2023-12-06,UR,2191.4717104600004,58,31,4,27,147
2023-12-06,Rain,0.0,0,0,0,0,75
2023-12-07,UR,1785.8012352000007,55,26,1,25,148
2023-12-07,Rain,51.45,1,1,1,0,76
2023-12-08,UR,2714.2497186,40,24,0,24,148
2023-12-08,Rain,450398.32999999996,70,70,10,60,86
2023-12-09,UR,1717.6254821999999,50,19,0,19,148
2023-12-09,Rain,0.0,0,0,0,0,86
2023-12-10,UR,963.0144199800001,34,15,1,14,149
2023-12-10,Rain,0.0,0,0,0,0,86
2023-12-11,UR,1737.3391059999992,65,24,1,23,150
2023-12-11,Rain,36.93,1,1,0,1,86
2023-12-12,UR,2632.7226148,47,25,1,24,151
2023-12-12,Rain,81.46,1,1,0,1,86
2023-12-13,UR,2938.8306504799993,69,23,1,22,152
2023-12-13,Rain,0.0,0,0,0,0,86
2023-12-14,UR,5117.881759350002,59,32,0,32,152
2023-12-14,Rain,15.77,1,1,0,1,86
2023-12-15,UR,1445.43863805,32,23,2,21,154
2023-12-15,Rain,8353.9,1,1,0,1,86
2023-12-16,UR,3424.7235750000004,64,26,0,26,154
2023-12-16,Rain,0.0,0,0,0,0,86
2023-12-17,UR,1717.2706124999995,49,21,1,20,155
2023-12-17,Rain,0.0,0,0,0,0,86
2023-12-18,UR,6552.753036060001,44,21,1,20,156
2023-12-18,Rain,0.0,0,0,0,0,86
2023-12-19,UR,3061.6018557299994,42,21,0,21,156
2023-12-19,Rain,0.0,0,0,0,0,86
2023-12-20,UR,2605.2529425000002,55,25,0,25,156
2023-12-20,Rain,1625.0,1,1,0,1,86
2023-12-21,UR,2495.2497794099995,76,32,4,28,160
2023-12-21,Rain,0.0,0,0,0,0,86
2023-12-22,UR,8438.93509356,66,25,0,25,160
2023-12-22,Rain,0.0,0,0,0,0,86
2023-12-23,UR,3464.8700010400003,70,30,0,30,160
2023-12-23,Rain,0.0,0,0,0,0,86
2023-12-24,UR,5802.177379499999,43,17,0,17,160
2023-12-24,Rain,0.0,0,0,0,0,86
2023-12-25,UR,1856.8382309999997,29,18,1,17,161
2023-12-25,Rain,0.0,0,0,0,0,86
2023-12-26,UR,6572.683377359997,65,22,1,21,162
2023-12-26,Rain,0.0,0,0,0,0,86
2023-12-27,UR,4098.8227944499995,60,26,0,26,162
2023-12-27,Rain,301.04,1,1,0,1,86
2023-12-28,UR,3942.292477859999,66,22,0,22,162
2023-12-28,Rain,0.0,0,0,0,0,86
2023-12-29,UR,3652.533011819999,60,22,0,22,162
2023-12-29,Rain,0.0,0,0,0,0,86
2023-12-30,UR,1856.5169485000001,69,27,1,26,163
2023-12-30,Rain,0.0,0,0,0,0,86
2023-12-31,UR,2059.020542,47,18,1,17,164
2023-12-31,Rain,79.95,1,1,0,1,86
2024-01-01,UR,1857.4157420000001,26,12,1,11,165
2024-01-01,Rain,0.0,0,0,0,0,86
2024-01-02,UR,2220.6030658900004,31,18,1,17,166
2024-01-02,Rain,15.82,1,1,0,1,86
2024-01-03,UR,3291.35446389,71,22,3,19,169
2024-01-03,Rain,0.0,0,0,0,0,86
2024-01-04,UR,3362.032547,52,25,1,24,170
2024-01-04,Rain,0.0,0,0,0,0,86
2024-01-05,UR,2723.0239251499997,71,29,0,29,170
2024-01-05,Rain,1419.87,2,2,1,1,87
2024-01-06,UR,4720.9060556,47,22,0,22,170
2024-01-06,Rain,0.0,0,0,0,0,87
2024-01-07,UR,4924.5648833,48,21,0,21,170
2024-01-07,Rain,31.42,1,1,0,1,87
2024-01-08,UR,2904.368474370001,75,24,1,23,171
2024-01-08,Rain,396608.07,73,73,10,63,97
2024-01-09,UR,3948.3229476400006,74,24,1,23,172
2024-01-09,Rain,0.0,0,0,0,0,97
2024-01-10,UR,6444.945252969997,71,26,0,26,172
2024-01-10,Rain,28.8,1,1,0,1,97
2024-01-11,UR,5681.4994581599985,61,24,0,24,172
2024-01-11,Rain,0.0,0,0,0,0,97
2024-01-12,UR,2932.973097,71,26,1,25,173
2024-01-12,Rain,89.64,1,1,0,1,97
2024-01-13,UR,4067.5233959999996,50,21,0,21,173
2024-01-13,Rain,0.0,0,0,0,0,97
2024-01-14,UR,3598.384800000001,54,20,1,19,174
2024-01-14,Rain,0.0,0,0,0,0,97
2024-01-15,UR,3174.7434786800013,59,25,1,24,175
2024-01-15,Rain,0.0,0,0,0,0,97
2024-01-16,UR,6086.990340650001,73,23,0,23,175
2024-01-16,Rain,0.0,0,0,0,0,97
2024-01-17,UR,3779.0920798399998,49,20,0,20,175
2024-01-17,Rain,0.0,0,0,0,0,97
2024-01-18,UR,2361.3043915499993,67,22,1,21,176
2024-01-18,Rain,0.0,0,0,0,0,97
2024-01-19,UR,2179.51945932,62,23,1,22,177
2024-01-19,Rain,0.0,0,0,0,0,97
2024-01-20,UR,2410.40273838,57,22,0,22,177
2024-01-20,Rain,0.0,0,0,0,0,97
2024-01-21,UR,2481.3039924399995,39,15,1,14,178
2024-01-21,Rain,0.0,0,0,0,0,97
2024-01-22,UR,3160.707342720001,51,20,1,19,179
2024-01-22,Rain,0.0,0,0,0,0,97
2024-01-23,UR,861.4737501299998,53,23,1,22,180
2024-01-23,Rain,0.0,0,0,0,0,97
2024-01-24,UR,2966.3260901999997,53,25,0,25,180
2024-01-24,Rain,0.0,0,0,0,0,97
2024-01-25,UR,2848.6808148000014,71,30,2,28,182
2024-01-25,Rain,0.0,0,0,0,0,97
2024-01-26,UR,4533.245581769999,83,28,3,25,185
2024-01-26,Rain,0.0,0,0,0,0,97
2024-01-27,UR,2064.06933642,79,23,3,20,188
2024-01-27,Rain,0.0,0,0,0,0,97
2024-01-28,UR,3083.6815008999997,50,18,1,17,189
2024-01-28,Rain,0.0,0,0,0,0,97
2024-01-29,UR,3232.7531784199996,49,25,5,20,194
2024-01-29,Rain,7522.66,2,1,0,1,97
2024-01-30,UR,1306.6996767,51,27,0,27,194
2024-01-30,Rain,0.0,0,0,0,0,97
2024-01-31,UR,3842.6976859400006,56,31,2,29,196
2024-01-31,Rain,0.0,0,0,0,0,97
2024-02-01,UR,3578.0589959000013,63,26,0,26,196
2024-02-01,Rain,43.58,1,1,0,1,97
2024-02-02,UR,1635.8003602600002,40,24,1,23,197
2024-02-02,Rain,0.0,0,0,0,0,97
2024-02-03,UR,2682.1978417500004,62,30,3,27,200
2024-02-03,Rain,0.0,0,0,0,0,97
2024-02-04,UR,2872.0039550999995,92,24,1,23,201
2024-02-04,Rain,0.0,0,0,0,0,97
2024-02-05,UR,4434.390299249997,52,31,8,23,209
2024-02-05,Rain,0.0,0,0,0,0,97
2024-02-06,UR,3413.0055588,63,30,5,25,214
2024-02-06,Rain,0.0,0,0,0,0,97
2024-02-07,UR,3883.0155109199995,52,28,4,24,218
2024-02-07,Rain,0.0,0,0,0,0,97
2024-02-08,UR,2237.9445119399993,81,27,0,27,218
2024-02-08,Rain,563462.91,68,68,11,57,108
2024-02-09,UR,4148.8348122,69,32,7,25,225
2024-02-09,Rain,0.0,0,0,0,0,108
2024-02-10,UR,2343.8343405599994,64,31,1,30,226
2024-02-10,Rain,0.0,0,0,0,0,108
2024-02-11,UR,3314.17692606,77,28,0,28,226
2024-02-11,Rain,0.0,0,0,0,0,108
2024-02-12,UR,3542.7894956999994,77,33,2,31,228
2024-02-12,Rain,0.0,0,0,0,0,108
2024-02-13,UR,3842.1931996799995,85,42,7,35,235
2024-02-13,Rain,0.0,0,0,0,0,108
2024-02-14,UR,10249.383770999999,96,36,2,34,237
2024-02-14,Rain,0.0,0,0,0,0,108
2024-02-15,UR,4248.79150264,90,31,3,28,240
2024-02-15,Rain,0.0,0,0,0,0,108
2024-02-16,UR,2480.7080017,77,35,5,30,245
2024-02-16,Rain,0.0,0,0,0,0,108
2024-02-17,UR,2289.67307551,62,30,1,29,246
2024-02-17,Rain,0.0,0,0,0,0,108
2024-02-18,UR,3793.22445107,59,26,1,25,247
2024-02-18,Rain,0.0,0,0,0,0,108
2024-02-19,UR,9204.481882,106,32,5,27,252
2024-02-19,Rain,0.0,0,0,0,0,108
2024-02-20,UR,8572.388497200003,99,35,2,33,254
2024-02-20,Rain,0.0,0,0,0,0,108
2024-02-21,UR,3743.706187799999,83,31,2,29,256
2024-02-21,Rain,0.0,0,0,0,0,108
2024-02-22,UR,3827.4355868400003,76,28,0,28,256
2024-02-22,Rain,5338.0,1,1,0,1,108
2024-02-23,UR,4296.843024000001,77,36,4,32,260
2024-02-23,Rain,0.0,0,0,0,0,108
2024-02-24,UR,4840.363698239998,88,28,2,26,262
2024-02-24,Rain,4.71,1,1,0,1,108
2024-02-25,UR,2646.537351200001,42,24,0,24,262
2024-02-25,Rain,0.0,0,0,0,0,108
2024-02-26,UR,5608.354339490001,87,32,1,31,263
2024-02-26,Rain,0.0,0,0,0,0,108
2024-02-27,UR,1931.84912034,66,27,0,27,263
2024-02-27,Rain,0.0,0,0,0,0,108
2024-02-28,UR,4753.678495500001,69,25,2,23,265
2024-02-28,Rain,0.0,0,0,0,0,108
2024-02-29,UR,5440.714223999999,97,37,4,33,269
2024-02-29,Rain,0.0,0,0,0,0,108
2024-03-01,UR,4921.63306635,75,35,1,34,270
2024-03-01,Rain,93.09,1,1,1,0,109
2024-03-02,UR,2868.7492902000004,91,23,2,21,272
2024-03-02,Rain,0.0,0,0,0,0,109
2024-03-03,UR,1457.62176,55,25,0,25,272
2024-03-03,Rain,0.0,0,0,0,0,109
2024-03-04,UR,1916.66808216,50,24,0,24,272
2024-03-04,Rain,8588.52,2,1,0,1,109
2024-03-05,UR,6986.75766704,69,31,3,28,275
2024-03-05,Rain,0.0,0,0,0,0,109
2024-03-06,UR,11326.514543279996,74,35,2,33,277
2024-03-06,Rain,0.0,0,0,0,0,109
2024-03-07,UR,6506.94103255,76,35,5,30,282
2024-03-07,Rain,0.0,0,0,0,0,109
2024-03-08,UR,2607.6540298,69,37,7,30,289
2024-03-08,Rain,779075.21,97,97,18,79,127
2024-03-09,UR,4771.3594164900005,83,37,6,31,295
2024-03-09,Rain,0.0,0,0,0,0,127
2024-03-10,UR,6942.0702860500005,79,42,9,33,304
2024-03-10,Rain,0.0,0,0,0,0,127
2024-03-11,UR,3884.05576818,88,52,15,37,319
2024-03-11,Rain,0.0,0,0,0,0,127
2024-03-12,UR,6196.301288100002,105,54,15,39,334
2024-03-12,Rain,0.0,0,0,0,0,127
2024-03-13,UR,7636.940349810001,101,50,6,44,340
2024-03-13,Rain,0.0,0,0,0,0,127
2024-03-14,UR,5798.82177558,89,52,9,43,349
2024-03-14,Rain,0.0,0,0,0,0,127
2024-03-15,UR,6424.7557946,120,57,11,46,360
2024-03-15,Rain,0.0,0,0,0,0,127
2024-03-16,UR,7334.189749360002,121,48,9,39,369
2024-03-16,Rain,0.0,0,0,0,0,127
2024-03-17,UR,2059.00345904,67,38,9,29,378
2024-03-17,Rain,5783.86,1,1,0,1,127
2024-03-18,UR,5199.629016400002,127,59,7,52,385
2024-03-18,Rain,0.0,0,0,0,0,127
2024-03-19,UR,3861.271269680001,104,51,5,46,390
2024-03-19,Rain,0.0,0,0,0,0,127
2024-03-20,UR,5989.4129225,102,50,9,41,399
2024-03-20,Rain,0.0,0,0,0,0,127
2024-03-21,UR,3892.207288919999,102,42,4,38,403
2024-03-21,Rain,0.0,0,0,0,0,127
2024-03-22,UR,8648.089019099998,120,57,4,53,407
2024-03-22,Rain,0.0,0,0,0,0,127
2024-03-23,UR,4550.289292650001,135,48,5,43,412
2024-03-23,Rain,0.0,0,0,0,0,127
2024-03-24,UR,10266.113874300001,109,46,5,41,417
2024-03-24,Rain,0.0,0,0,0,0,127
2024-03-25,UR,10803.108389919997,129,55,7,48,424
2024-03-25,Rain,0.0,0,0,0,0,127
2024-03-26,UR,8597.118461399998,119,55,9,46,433
2024-03-26,Rain,0.0,0,0,0,0,127
2024-03-27,UR,13687.123730000005,137,58,10,48,443
2024-03-27,Rain,0.0,0,0,0,0,127
2024-03-28,UR,14624.474004000005,193,64,6,58,449
2024-03-28,Rain,0.0,0,0,0,0,127
2024-03-29,UR,8920.540184049998,137,54,10,44,459
2024-03-29,Rain,175.0,1,1,0,1,127
2024-03-30,UR,4970.2168201,140,58,10,48,469
2024-03-30,Rain,0.0,0,0,0,0,127
2024-03-31,UR,5748.979630799999,103,50,2,48,471
2024-03-31,Rain,0.0,0,0,0,0,127
2024-04-01,UR,5238.362414689999,128,48,2,46,473
2024-04-01,Rain,798.03,1,1,1,0,128
2024-04-02,UR,8406.25205574,137,68,10,58,483
2024-04-02,Rain,0.0,0,0,0,0,128
2024-04-03,UR,7330.610825880001,111,53,3,50,486
2024-04-03,Rain,1994.5,1,1,1,0,129
2024-04-04,UR,5638.298693639999,134,72,4,68,490
2024-04-04,Rain,0.0,0,0,0,0,129
2024-04-05,UR,8421.22858584,170,74,5,69,495
2024-04-05,Rain,0.0,0,0,0,0,129
2024-04-06,UR,5583.764614049998,135,65,8,57,503
2024-04-06,Rain,16618.75,1,1,0,1,129
2024-04-07,UR,10137.145818239997,104,53,5,48,508
2024-04-07,Rain,0.0,0,0,0,0,129
2024-04-08,UR,9335.518569859998,148,65,5,60,513
2024-04-08,Rain,1210368.2800000005,97,96,10,86,139
2024-04-09,UR,11981.30990095,165,71,8,63,521
2024-04-09,Rain,0.0,0,0,0,0,139
2024-04-10,UR,11269.149241999996,145,70,7,63,528
2024-04-10,Rain,0.0,0,0,0,0,139
2024-04-11,UR,6959.517581339999,138,61,5,56,533
2024-04-11,Rain,0.0,0,0,0,0,139
2024-04-12,UR,11678.373884099998,140,60,2,58,535
2024-04-12,Rain,0.0,0,0,0,0,139
2024-04-13,UR,7639.253819420002,157,66,5,61,540
2024-04-13,Rain,0.0,0,0,0,0,139
2024-04-14,UR,3757.0263244200014,133,63,6,57,546
2024-04-14,Rain,3580.13,1,1,0,1,139
2024-04-15,UR,9795.87538276,114,64,3,61,549
2024-04-15,Rain,0.0,0,0,0,0,139
2024-04-16,UR,5871.375826690001,151,68,6,62,555
2024-04-16,Rain,0.0,0,0,0,0,139
2024-04-17,UR,11068.37596317,146,76,4,72,559
2024-04-17,Rain,0.0,0,0,0,0,139
2024-04-18,UR,12545.318938140003,126,57,1,56,560
2024-04-18,Rain,1158.14,1,1,0,1,139
2024-04-19,UR,8815.000671450001,152,63,4,59,564
2024-04-19,Rain,0.0,0,0,0,0,139
2024-04-20,UR,4950.5561,148,63,3,60,567
2024-04-20,Rain,0.0,0,0,0,0,139
2024-04-21,UR,7131.964987499997,117,55,2,53,569
2024-04-21,Rain,0.0,0,0,0,0,139
2024-04-22,UR,5312.39933028,156,65,2,63,571
2024-04-22,Rain,0.0,0,0,0,0,139
2024-04-23,UR,7356.53284396,147,64,2,62,573
2024-04-23,Rain,0.0,0,0,0,0,139
2024-04-24,UR,6281.540987850001,140,69,5,64,578
2024-04-24,Rain,0.0,0,0,0,0,139
2024-04-25,UR,7046.9327577,144,62,7,55,585
2024-04-25,Rain,0.0,0,0,0,0,139
2024-04-26,UR,10174.429642500001,145,66,6,60,591
2024-04-26,Rain,6370.16,2,2,0,2,139
2024-04-27,UR,6254.4109625,121,62,2,60,593
2024-04-27,Rain,0.0,0,0,0,0,139
2024-04-28,UR,7754.737873499994,105,55,8,47,601
2024-04-28,Rain,0.0,0,0,0,0,139
2024-04-29,UR,5225.101563359998,186,69,2,67,603
2024-04-29,Rain,0.0,0,0,0,0,139
2024-04-30,UR,15165.046151999997,131,61,1,60,604
2024-04-30,Rain,0.0,0,0,0,0,139
2024-05-01,UR,4368.1437388800005,133,56,2,54,606
2024-05-01,Rain,0.0,0,0,0,0,139
2024-05-02,UR,6097.417678740002,146,67,0,67,606
2024-05-02,Rain,0.0,0,0,0,0,139
2024-05-03,UR,7035.066027000001,160,72,5,67,611
2024-05-03,Rain,66979.84,2,2,0,2,139
2024-05-04,UR,9345.275743680004,219,68,4,64,615
2024-05-04,Rain,1167.36,1,1,0,1,139
2024-05-05,UR,5214.548191679998,101,51,3,48,618
2024-05-05,Rain,0.0,0,0,0,0,139
2024-05-06,UR,10051.239609600001,148,66,4,62,622
2024-05-06,Rain,0.0,0,0,0,0,139
2024-05-07,UR,7939.506386499999,141,65,3,62,625
2024-05-07,Rain,705.9,1,1,0,1,139
2024-05-08,UR,5275.258463799999,107,55,1,54,626
2024-05-08,Rain,1100608.6900000002,99,97,14,83,153
2024-05-09,UR,8912.910794349998,152,62,2,60,628
2024-05-09,Rain,2531.09,1,1,0,1,153
2024-05-10,UR,7407.903226499999,175,76,2,74,630
2024-05-10,Rain,0.0,0,0,0,0,153
2024-05-11,UR,4870.36566696,151,63,6,57,636
2024-05-11,Rain,0.0,0,0,0,0,153
2024-05-12,UR,5054.143695459999,141,63,4,59,640
2024-05-12,Rain,0.0,0,0,0,0,153
2024-05-13,UR,6060.452174400001,145,60,5,55,645
2024-05-13,Rain,0.0,0,0,0,0,153
2024-05-14,UR,10094.5634086,142,75,7,68,652
2024-05-14,Rain,0.0,0,0,0,0,153
2024-05-15,UR,6408.9443462,166,73,4,69,656
2024-05-15,Rain,0.0,0,0,0,0,153
2024-05-16,UR,5896.041525,156,74,4,70,660
2024-05-16,Rain,0.0,0,0,0,0,153
2024-05-17,UR,9874.340016659999,178,83,2,81,662
2024-05-17,Rain,0.0,0,0,0,0,153
2024-05-18,UR,5251.0485929999995,164,75,1,74,663
2024-05-18,Rain,0.0,0,0,0,0,153
2024-05-19,UR,7515.075755760003,138,66,1,65,664
2024-05-19,Rain,1325.74,1,1,0,1,153
2024-05-20,UR,5795.776288169999,133,65,0,65,664
2024-05-20,Rain,237.5,1,1,0,1,153
2024-05-21,UR,11936.805647820001,142,75,4,71,668
2024-05-21,Rain,0.0,0,0,0,0,153
2024-05-22,UR,8513.040094799999,127,81,2,79,670
2024-05-22,Rain,3545.13,1,1,0,1,153
2024-05-23,UR,8869.152096739996,154,80,4,76,674
2024-05-23,Rain,0.0,0,0,0,0,153
2024-05-24,UR,9576.889881509998,167,83,3,80,677
2024-05-24,Rain,0.0,0,0,0,0,153
2024-05-25,UR,13166.294021999998,160,77,4,73,681
2024-05-25,Rain,0.0,0,0,0,0,153
2024-05-26,UR,6362.189613,127,55,1,54,682
2024-05-26,Rain,0.0,0,0,0,0,153
2024-05-27,UR,5664.338153500003,166,71,6,65,688
2024-05-27,Rain,722.98,1,1,0,1,153
2024-05-28,UR,7251.746538620002,161,74,7,67,695
2024-05-28,Rain,6914.64,1,1,0,1,153
2024-05-29,UR,10957.383062329996,176,81,6,75,701
2024-05-29,Rain,0.0,0,0,0,0,153
2024-05-30,UR,10977.529590000002,172,82,5,77,706
2024-05-30,Rain,22335.55,1,1,0,1,153
2024-05-31,UR,7487.103848399998,153,81,4,77,710
2024-05-31,Rain,0.0,0,0,0,0,153
2024-06-01,UR,22644.456287499997,213,87,4,83,714
2024-06-01,Rain,0.0,0,0,0,0,153
2024-06-02,UR,18572.583671000004,158,68,1,67,715
2024-06-02,Rain,0.0,0,0,0,0,153
2024-06-03,UR,12980.418569229996,163,77,4,73,719
2024-06-03,Rain,5118.61,1,1,0,1,153
2024-06-04,UR,10361.429395500001,194,88,8,80,727
2024-06-04,Rain,0.0,0,0,0,0,153
2024-06-05,UR,14809.275507799997,192,93,5,88,732
2024-06-05,Rain,0.0,0,0,0,0,153
2024-06-06,UR,16317.823216680008,228,100,16,84,748
2024-06-06,Rain,0.0,0,0,0,0,153
2024-06-07,UR,11477.18262516,231,102,17,85,765
2024-06-07,Rain,1247.0,1,1,0,1,153
2024-06-08,UR,15113.385403709999,204,90,7,83,772
2024-06-08,Rain,45138.0,1,1,1,0,1
2024-06-09,UR,9403.807879540002,144,78,10,68,782
2024-06-09,Rain,0.0,0,0,0,0,1
2024-06-10,UR,13019.682783900002,188,88,6,82,788
2024-06-10,Rain,0.0,0,0,0,0,1
2024-06-11,UR,7609.856021050001,194,94,8,86,796
2024-06-11,Rain,0.0,0,0,0,0,1
2024-06-12,UR,7083.376886959998,173,93,8,85,804
2024-06-12,Rain,0.0,0,0,0,0,1
2024-06-13,UR,9927.890234839999,199,98,6,92,810
2024-06-13,Rain,0.0,0,0,0,0,1
2024-06-14,UR,12299.486993639997,245,92,7,85,817
2024-06-14,Rain,0.0,0,0,0,0,1
2024-06-15,UR,10816.572231429993,222,92,7,85,824
2024-06-15,Rain,0.0,0,0,0,0,1
2024-06-16,UR,10664.8234875,158,79,5,74,829
2024-06-16,Rain,0.0,0,0,0,0,1
2024-06-17,UR,10726.785835910003,211,98,10,88,839
2024-06-17,Rain,0.0,0,0,0,0,1
2024-06-18,UR,14735.613557199998,253,102,9,93,848
2024-06-18,Rain,0.0,0,0,0,0,1
2024-06-19,UR,5507.1102075,226,103,10,93,858
2024-06-19,Rain,0.0,0,0,0,0,1
2024-06-20,UR,9656.554236119997,209,101,4,97,862
2024-06-20,Rain,0.0,0,0,0,0,1
2024-06-21,UR,10566.217096479999,247,105,6,99,868
2024-06-21,Rain,0.0,0,0,0,0,1
2024-06-22,UR,6075.440315999999,220,104,7,97,875
2024-06-22,Rain,0.0,0,0,0,0,1
2024-06-23,UR,6909.418652500002,189,86,5,81,880
2024-06-23,Rain,0.0,0,0,0,0,1
2024-06-24,UR,4743.940171200001,185,89,7,82,887
2024-06-24,Rain,0.0,0,0,0,0,1
2024-06-25,UR,6695.738215669997,216,98,6,92,893
2024-06-25,Rain,0.0,0,0,0,0,1
2024-06-26,UR,8289.35224236,230,100,6,94,899
2024-06-26,Rain,0.0,0,0,0,0,1
2024-06-27,UR,7495.904473199997,217,92,6,86,905
2024-06-27,Rain,0.0,0,0,0,0,1
2024-06-28,UR,12710.038983600003,218,88,3,85,908
2024-06-28,Rain,0.0,0,0,0,0,1
2024-06-29,UR,7162.402861079998,223,98,5,93,913
2024-06-29,Rain,0.0,0,0,0,0,1
2024-06-30,UR,8859.780978030001,191,76,8,68,921
2024-06-30,Rain,0.0,0,0,0,0,1
2024-07-01,UR,16073.290625700003,231,83,2,81,923
2024-07-01,Rain,0.0,0,0,0,0,1
2024-07-02,UR,17332.7164881,228,94,6,88,929
2024-07-02,Rain,0.0,0,0,0,0,1
2024-07-03,UR,21589.8832576,196,92,5,87,934
2024-07-03,Rain,0.0,0,0,0,0,1
2024-07-04,UR,22501.446992399993,192,98,5,93,939
2024-07-04,Rain,0.0,0,0,0,0,1
2024-07-05,UR,21402.52187117999,200,96,3,93,942
2024-07-05,Rain,0.0,0,0,0,0,1
2024-07-06,UR,10275.393678420001,225,104,5,99,947
2024-07-06,Rain,0.0,0,0,0,0,1
2024-07-07,UR,4747.737901500001,149,75,6,69,953
2024-07-07,Rain,0.0,0,0,0,0,1
2024-07-08,UR,6788.938777480001,170,83,2,81,955
2024-07-08,Rain,0.0,0,0,0,0,1
2024-07-09,UR,13594.1097822,189,82,5,77,960
2024-07-09,Rain,0.0,0,0,0,0,1
2024-07-10,UR,6215.647785499998,197,92,7,85,967
2024-07-10,Rain,0.0,0,0,0,0,1
2024-07-11,UR,7296.313643079999,196,84,5,79,972
2024-07-11,Rain,0.0,0,0,0,0,1
2024-07-12,UR,8613.23619992,229,94,5,89,977
2024-07-12,Rain,0.0,0,0,0,0,1
2024-07-13,UR,7372.068234899998,226,92,7,85,984
2024-07-13,Rain,0.0,0,0,0,0,1
2024-07-14,UR,5994.753872499998,169,77,4,73,988
2024-07-14,Rain,0.0,0,0,0,0,1
2024-07-15,UR,9943.197201480003,192,87,2,85,990
2024-07-15,Rain,0.0,0,0,0,0,1
2024-07-16,UR,7652.050517510001,203,84,1,83,991
2024-07-16,Rain,0.0,0,0,0,0,1
2024-07-17,UR,9464.13703527,199,91,5,86,996
2024-07-17,Rain,0.0,0,0,0,0,1
2024-07-18,UR,10429.272315999991,222,85,3,82,999
2024-07-18,Rain,0.0,0,0,0,0,1
2024-07-19,UR,10788.2051927,207,84,3,81,1002
2024-07-19,Rain,0.0,0,0,0,0,1
2024-07-20,UR,8839.022859020002,196,82,0,82,1002
2024-07-20,Rain,0.0,0,0,0,0,1
2024-07-21,UR,7809.5688853400015,189,79,3,76,1005
2024-07-21,Rain,0.0,0,0,0,0,1
2024-07-22,UR,5372.886643800001,185,86,3,83,1008
2024-07-22,Rain,0.0,0,0,0,0,1
2024-07-23,UR,6944.490226340001,181,81,5,76,1013
2024-07-23,Rain,0.0,0,0,0,0,1
2024-07-24,UR,8561.385763319999,211,85,3,82,1016
2024-07-24,Rain,0.0,0,0,0,0,1
2024-07-25,UR,19707.3297726,235,101,3,98,1019
2024-07-25,Rain,0.0,0,0,0,0,1
2024-07-26,UR,8404.498159940003,226,97,3,94,1022
2024-07-26,Rain,0.0,0,0,0,0,1
2024-07-27,UR,9124.597349650003,293,97,4,93,1026
2024-07-27,Rain,0.0,0,0,0,0,1
2024-07-28,UR,5781.107342619999,172,77,2,75,1028
2024-07-28,Rain,0.0,0,0,0,0,1
2024-07-29,UR,10299.271379379996,229,103,5,98,1033
2024-07-29,Rain,0.0,0,0,0,0,1
2024-07-30,UR,7135.578154239998,214,84,5,79,1038
2024-07-30,Rain,0.0,0,0,0,0,1
2024-07-31,UR,12004.362535099997,213,94,3,91,1041
2024-07-31,Rain,0.0,0,0,0,0,1
2024-08-01,UR,23629.15310136999,203,92,3,89,1044
2024-08-01,Rain,0.0,0,0,0,0,1
2024-08-02,UR,20017.043520780004,229,88,4,84,1048
2024-08-02,Rain,0.0,0,0,0,0,1
2024-08-03,UR,9401.379888500001,173,81,1,80,1049
2024-08-03,Rain,0.0,0,0,0,0,1
2024-08-04,UR,3951.1661002200003,160,63,0,63,1049
2024-08-04,Rain,0.0,0,0,0,0,1
2024-08-05,UR,6674.32727592,165,83,2,81,1051
2024-08-05,Rain,0.0,0,0,0,0,1
2024-08-06,UR,13597.192229600005,159,83,0,83,1051
2024-08-06,Rain,0.0,0,0,0,0,1
2024-08-07,UR,12271.159308800003,180,72,2,70,1053
2024-08-07,Rain,0.0,0,0,0,0,1
2024-08-08,UR,8393.820313620003,163,80,2,78,1055
2024-08-08,Rain,210100.0,1,1,1,0,2
2024-08-09,UR,5063.566735,153,79,3,76,1058
2024-08-09,Rain,0.0,0,0,0,0,2
2024-08-10,UR,9017.211650590001,166,78,3,75,1061
2024-08-10,Rain,0.0,0,0,0,0,2
2024-08-11,UR,3742.333365999999,114,58,3,55,1064
2024-08-11,Rain,0.0,0,0,0,0,2
2024-08-12,UR,10313.544630400002,160,73,4,69,1068
2024-08-12,Rain,0.0,0,0,0,0,2
2024-08-13,UR,14106.248534070002,174,81,4,77,1072
2024-08-13,Rain,0.0,0,0,0,0,2
2024-08-14,UR,16279.160151999997,171,79,1,78,1073
2024-08-14,Rain,0.0,0,0,0,0,2
2024-08-15,UR,5614.16229,149,72,4,68,1077
2024-08-15,Rain,0.0,0,0,0,0,2
2024-08-16,UR,4050.3554273999994,158,80,0,80,1077
2024-08-16,Rain,0.0,0,0,0,0,2
2024-08-17,UR,9589.859454000001,178,68,4,64,1081
2024-08-17,Rain,0.0,0,0,0,0,2
2024-08-18,UR,5394.921980499999,154,70,1,69,1082
2024-08-18,Rain,0.0,0,0,0,0,2
2024-08-19,UR,5036.146457860001,176,86,3,83,1085
2024-08-19,Rain,0.0,0,0,0,0,2
2024-08-20,UR,6364.592354910001,185,80,2,78,1087
2024-08-20,Rain,0.0,0,0,0,0,2
2024-08-21,UR,9587.133216,191,80,3,77,1090
2024-08-21,Rain,0.0,0,0,0,0,2
2024-08-22,UR,7196.2219406,174,85,5,80,1095
2024-08-22,Rain,0.0,0,0,0,0,2
2024-08-23,UR,5741.05862875,169,86,6,80,1101
2024-08-23,Rain,0.0,0,0,0,0,2
2024-08-24,UR,10587.235667399993,199,93,6,87,1107
2024-08-24,Rain,0.0,0,0,0,0,2
2024-08-25,UR,3681.32963904,124,68,1,67,1108
2024-08-25,Rain,0.0,0,0,0,0,2
2024-08-26,UR,5723.3093475000005,144,79,2,77,1110
2024-08-26,Rain,0.0,0,0,0,0,2
2024-08-27,UR,6363.49301505,158,80,3,77,1113
2024-08-27,Rain,0.0,0,0,0,0,2
2024-08-28,UR,9614.039988740002,188,86,7,79,1120
2024-08-28,Rain,132400.0,1,1,0,1,2
2024-08-29,UR,6710.917098499999,153,81,2,79,1122
2024-08-29,Rain,0.0,0,0,0,0,2
2024-08-30,UR,5084.160850199998,184,84,2,82,1124
2024-08-30,Rain,0.0,0,0,0,0,2
2024-08-31,UR,7360.903238360001,193,82,2,80,1126
2024-08-31,Rain,0.0,0,0,0,0,2
2024-09-01,UR,6868.548378999998,165,60,0,60,1126
2024-09-01,Rain,40000.0,1,1,0,1,2
2024-09-02,UR,5104.2795923700005,162,89,5,84,1131
2024-09-02,Rain,0.0,0,0,0,0,2
2024-09-03,UR,9251.572519500001,154,75,4,71,1135
2024-09-03,Rain,0.0,0,0,0,0,2
2024-09-04,UR,8696.354721680002,158,77,4,73,1139
2024-09-04,Rain,0.0,0,0,0,0,2
2024-09-05,UR,4528.7318466,167,85,3,82,1142
2024-09-05,Rain,0.0,0,0,0,0,2
2024-09-06,UR,7722.727029450001,184,82,3,79,1145
2024-09-06,Rain,0.0,0,0,0,0,2
2024-09-07,UR,7101.904453200001,190,80,2,78,1147
2024-09-07,Rain,0.0,0,0,0,0,2
2024-09-08,UR,6039.368431200002,129,59,2,57,1149
2024-09-08,Rain,0.0,0,0,0,0,2
2024-09-09,UR,7505.560406519999,157,66,3,63,1152
2024-09-09,Rain,0.0,0,0,0,0,2
2024-09-10,UR,10111.1400897,190,86,2,84,1154
2024-09-10,Rain,0.0,0,0,0,0,2
2024-09-11,UR,7273.310250639999,165,82,1,81,1155
2024-09-11,Rain,0.0,0,0,0,0,2
2024-09-12,UR,7243.5010664799975,168,78,4,74,1159
2024-09-12,Rain,0.0,0,0,0,0,2
2024-09-13,UR,7259.524987790002,168,86,3,83,1162
2024-09-13,Rain,16820.82,1,1,0,1,2
2024-09-14,UR,6587.918407469997,177,71,1,70,1163
2024-09-14,Rain,23247.1,1,1,0,1,2
2024-09-15,UR,5140.167880590002,168,66,2,64,1165
2024-09-15,Rain,0.0,0,0,0,0,2
2024-09-16,UR,4731.367671000002,178,84,3,81,1168
2024-09-16,Rain,9491.02,1,1,0,1,2
2024-09-17,UR,8378.210604340002,208,85,3,82,1171
2024-09-17,Rain,32141.96,1,1,0,1,2
2024-09-18,UR,10442.00931736,199,89,6,83,1177
2024-09-18,Rain,17183.72,1,1,0,1,2
2024-09-19,UR,7914.7859051199985,246,102,5,97,1182
2024-09-19,Rain,31145.49,1,1,0,1,2
2024-09-20,UR,9766.815453149997,237,98,4,94,1186
2024-09-20,Rain,0.0,0,0,0,0,2
2024-09-21,UR,15383.438269969993,207,85,5,80,1191
2024-09-21,Rain,24482.51,1,1,0,1,2
2024-09-22,UR,14657.600273500002,197,85,3,82,1194
2024-09-22,Rain,0.0,0,0,0,0,2
2024-09-23,UR,10649.715537580003,224,102,6,96,1200
2024-09-23,Rain,0.0,0,0,0,0,2
2024-09-24,UR,8995.054879999998,192,88,0,88,1200
2024-09-24,Rain,3201.59,1,1,0,1,2
2024-09-25,UR,13064.620601300005,227,92,1,91,1201
2024-09-25,Rain,23770.07,1,1,0,1,2
2024-09-26,UR,13549.638073620004,228,97,5,92,1206
2024-09-26,Rain,0.0,0,0,0,0,2
2024-09-27,UR,12470.453149420002,207,96,6,90,1212
2024-09-27,Rain,0.0,0,0,0,0,2
2024-09-28,UR,8767.726868000005,214,96,6,90,1218
2024-09-28,Rain,38153.94,1,1,0,1,2
2024-09-29,UR,7901.065718000002,163,70,1,69,1219
2024-09-29,Rain,0.0,0,0,0,0,2
2024-09-30,UR,8944.291988560002,209,94,5,89,1224
2024-09-30,Rain,32961.78,1,1,0,1,2
2024-10-01,UR,18286.049279249997,218,90,1,89,1225
2024-10-01,Rain,0.0,0,0,0,0,2
2024-10-02,UR,8353.02556132,180,87,5,82,1230
2024-10-02,Rain,0.0,0,0,0,0,2
2024-10-03,UR,6238.349386999998,165,74,2,72,1232
2024-10-03,Rain,0.0,0,0,0,0,2
2024-10-04,UR,17038.99756344,200,92,5,87,1237
2024-10-04,Rain,0.0,0,0,0,0,2
2024-10-05,UR,9962.502764019997,220,96,4,92,1241
2024-10-05,Rain,0.0,0,0,0,0,2
2024-10-06,UR,9322.242654040001,143,71,1,70,1242
2024-10-06,Rain,0.0,0,0,0,0,2
2024-10-07,UR,11561.553716800003,181,94,1,93,1243
2024-10-07,Rain,0.0,0,0,0,0,2
2024-10-08,UR,11731.478275300002,199,97,0,97,1243
2024-10-08,Rain,0.0,0,0,0,0,2
2024-10-09,UR,21289.197741359996,221,104,7,97,1250
2024-10-09,Rain,0.0,0,0,0,0,2
2024-10-10,UR,14650.414477900003,204,91,2,89,1252
2024-10-10,Rain,0.0,0,0,0,0,2
2024-10-11,UR,20621.405216800013,285,100,3,97,1255
2024-10-11,Rain,9881.32,1,1,0,1,2
2024-10-12,UR,7618.072823740002,204,91,3,88,1258
2024-10-12,Rain,23554.56,1,1,0,1,2
2024-10-13,UR,8437.485185880001,185,91,7,84,1265
2024-10-13,Rain,14897.71,1,1,0,1,2
2024-10-14,UR,18391.0861494,196,98,6,92,1271
2024-10-14,Rain,9815.08,1,1,0,1,2
2024-10-15,UR,10945.50804,242,107,5,102,1276
2024-10-15,Rain,7750.65,1,1,0,1,2
2024-10-16,UR,12131.034315890003,235,97,1,96,1277
2024-10-16,Rain,0.0,0,0,0,0,2
2024-10-17,UR,14953.320977089996,234,109,4,105,1281
2024-10-17,Rain,5490.64,1,1,0,1,2
2024-10-18,UR,16398.37256125,274,111,3,108,1284
2024-10-18,Rain,6918.28,1,1,0,1,2
2024-10-19,UR,9600.969817019999,251,105,1,104,1285
2024-10-19,Rain,0.0,0,0,0,0,2
2024-10-20,UR,7742.959389060001,190,93,3,90,1288
2024-10-20,Rain,0.0,0,0,0,0,2
2024-10-21,UR,9305.994576840001,206,93,6,87,1294
2024-10-21,Rain,0.0,0,0,0,0,2
2024-10-22,UR,12518.537892630004,257,108,2,106,1296
2024-10-22,Rain,0.0,0,0,0,0,2
2024-10-23,UR,10837.386919309998,218,101,2,99,1298
2024-10-23,Rain,0.0,0,0,0,0,2
2024-10-24,UR,10098.016568879997,223,97,3,94,1301
2024-10-24,Rain,0.0,0,0,0,0,2
2024-10-25,UR,15027.729779229998,269,107,2,105,1303
2024-10-25,Rain,13033.44,1,1,0,1,2
2024-10-26,UR,13239.824245389998,239,102,6,96,1309
2024-10-26,Rain,19256.83,1,1,0,1,2
2024-10-27,UR,14476.922487759999,228,90,5,85,1314
2024-10-27,Rain,0.0,0,0,0,0,2
2024-10-28,UR,9843.8961455,244,107,1,106,1315
2024-10-28,Rain,43841.18,1,1,0,1,2
2024-10-29,UR,13943.911846830008,241,110,4,106,1319
2024-10-29,Rain,0.0,0,0,0,0,2
2024-10-30,UR,13180.41767576,221,103,7,96,1326
2024-10-30,Rain,0.0,0,0,0,0,2
2024-10-31,UR,11158.569933879997,249,113,2,111,1328
2024-10-31,Rain,0.0,0,0,0,0,2
2024-11-01,UR,12602.312952540004,220,97,3,94,1331
2024-11-01,Rain,27588.42,1,1,0,1,2
2024-11-02,UR,17497.367582219995,249,96,4,92,1335
2024-11-02,Rain,50732.25,1,1,0,1,2
2024-11-03,UR,7892.928827619998,203,86,3,83,1338
2024-11-03,Rain,0.0,0,0,0,0,2
2024-11-04,UR,9983.262019860002,232,95,5,90,1343
2024-11-04,Rain,0.0,0,0,0,0,2
2024-11-05,UR,10325.082352000001,247,105,3,102,1346
2024-11-05,Rain,0.0,0,0,0,0,2
2024-11-06,UR,18197.18804516,288,118,2,116,1348
2024-11-06,Rain,0.0,0,0,0,0,2
2024-11-07,UR,16037.32703102,266,114,5,109,1353
2024-11-07,Rain,0.0,0,0,0,0,2
2024-11-08,UR,15049.623505250001,251,113,3,110,1356
2024-11-08,Rain,0.0,0,0,0,0,2
2024-11-09,UR,18700.165548769997,273,108,10,98,1366
2024-11-09,Rain,0.0,0,0,0,0,2
2024-11-10,UR,15173.506162100002,259,122,3,119,1369
2024-11-10,Rain,15528.23,1,1,0,1,2
2024-11-10,Kulipa,0.02,2,1,1,0,1
2024-11-11,UR,14458.371559140003,307,122,3,119,1372
2024-11-11,Rain,0.0,0,0,0,0,2
2024-11-11,Kulipa,0.01,1,1,1,0,2
2024-11-12,UR,13184.681687749997,247,111,8,103,1380
2024-11-12,Rain,24474.32,1,1,0,1,2
2024-11-12,Kulipa,175.54,31,6,4,2,6
2024-11-13,UR,21660.196090479993,302,129,9,120,1389
2024-11-13,Rain,31360.5,1,1,0,1,2
2024-11-13,Kulipa,61.05,9,7,2,5,8
2024-11-14,UR,13365.92013626,225,107,12,95,1401
2024-11-14,Rain,27791.14,1,1,0,1,2
2024-11-14,Kulipa,310.61,13,11,7,4,15
2024-11-15,UR,14754.010759089999,306,133,6,127,1407
2024-11-15,Rain,89204.7,1,1,0,1,2
2024-11-15,Kulipa,718.28,12,12,5,7,20
2024-11-16,UR,13502.833609040004,339,127,7,120,1414
2024-11-16,Rain,0.0,0,0,0,0,2
2024-11-16,Kulipa,887.1400000000001,13,12,2,10,22
2024-11-17,UR,10899.373000200001,249,104,4,100,1418
2024-11-17,Rain,33590.53,1,1,0,1,2
2024-11-17,Kulipa,237.61,11,10,4,6,26
2024-11-18,UR,13471.53080769,264,123,10,113,1428
2024-11-18,Rain,0.0,0,0,0,0,2
2024-11-18,Kulipa,610.52,13,10,2,8,28
2024-11-19,UR,21914.68984361999,311,133,10,123,1438
2024-11-19,Rain,0.0,0,0,0,0,2
2024-11-19,Kulipa,1328.8200000000002,18,12,3,9,31
2024-11-20,UR,20489.73681601001,260,112,3,109,1441
2024-11-20,Rain,0.0,0,0,0,0,2
2024-11-20,Kulipa,1074.73,14,11,5,6,36
2024-11-21,UR,14529.764704640002,298,125,4,121,1445
2024-11-21,Rain,0.0,0,0,0,0,2
2024-11-21,Kulipa,817.95,15,9,0,9,36
2024-11-22,UR,23289.648600730005,343,148,6,142,1451
2024-11-22,Rain,60228.27,1,1,0,1,2
2024-11-22,Kulipa,1166.3400000000001,11,8,0,8,36
2024-11-23,UR,11890.65103691,375,142,4,138,1455
2024-11-23,Rain,0.0,0,0,0,0,2
2024-11-23,Kulipa,908.7199999999999,7,5,0,5,36
2024-11-24,UR,15433.527632560003,307,118,3,115,1458
2024-11-24,Rain,0.0,0,0,0,0,2
2024-11-24,Kulipa,1172.99,7,7,1,6,37
2024-11-25,UR,11823.987594169997,279,121,5,116,1463
2024-11-25,Rain,21497.34,1,1,0,1,2
2024-11-25,Kulipa,761.5999999999999,15,14,2,12,39
2024-11-26,UR,28493.196082859995,352,147,9,138,1472
2024-11-26,Rain,29661.86,1,1,0,1,2
2024-11-26,Kulipa,2028.6200000000003,20,14,2,12,41
2024-11-27,UR,13418.56687012,287,142,8,134,1480
2024-11-27,Rain,39061.26,1,1,0,1,2
2024-11-27,Kulipa,3430.6600000000003,19,13,5,8,46
2024-11-28,UR,29361.618284019984,310,138,6,132,1486
2024-11-28,Rain,42196.65,1,1,0,1,2
2024-11-28,Kulipa,272.34000000000003,8,7,0,7,46
2024-11-29,UR,37215.83217894001,402,157,9,148,1495
2024-11-29,Rain,0.0,0,0,0,0,2
2024-11-29,Kulipa,75.77,8,6,1,5,47
2024-11-30,UR,21708.0184971,400,150,3,147,1498
2024-11-30,Rain,0.0,0,0,0,0,2
2024-11-30,Kulipa,687.0300000000001,10,9,3,6,50
2024-12-01,UR,21321.583035949996,289,127,8,119,1506
2024-12-01,Rain,48888.53,1,1,0,1,2
2024-12-01,Kulipa,639.6600000000001,10,7,3,4,53
2024-12-02,UR,28761.42799039,347,149,6,143,1512
2024-12-02,Rain,0.0,0,0,0,0,2
2024-12-02,Kulipa,897.4799999999999,9,8,2,6,55
2024-12-03,UR,25098.223735659987,324,136,6,130,1518
2024-12-03,Rain,64835.03,1,1,0,1,2
2024-12-03,Kulipa,621.51,13,10,2,8,57
2024-12-04,UR,12266.301080299998,298,153,10,143,1528
2024-12-04,Rain,0.0,0,0,0,0,2
2024-12-04,Kulipa,264.5,10,8,1,7,58
2024-12-05,UR,26554.264933240003,341,141,11,130,1539
2024-12-05,Rain,0.0,0,0,0,0,2
2024-12-05,Kulipa,954.04,10,9,0,9,58
2024-12-06,UR,22100.284220079993,390,162,7,155,1546
2024-12-06,Rain,0.0,0,0,0,0,2
2024-12-06,Kulipa,452.0000000000001,16,13,2,11,60
2024-12-07,UR,17739.372911459996,356,150,1,149,1547
2024-12-07,Rain,0.0,0,0,0,0,2
2024-12-07,Kulipa,965.8000000000002,16,13,1,12,61
2024-12-08,UR,10822.415493820003,228,120,6,114,1553
2024-12-08,Rain,0.0,0,0,0,0,2
2024-12-08,Kulipa,674.62,15,12,0,12,61
2024-12-09,UR,24111.41809718,315,154,12,142,1565
2024-12-09,Rain,0.0,0,0,0,0,2
2024-12-09,Kulipa,4421.200000000001,16,11,0,11,61
2024-12-10,UR,28155.066099360003,338,158,14,144,1579
2024-12-10,Rain,32698.58,1,1,0,1,2
2024-12-10,Kulipa,3337.3200000000006,23,18,2,16,63
2024-12-11,UR,30422.198615509995,383,170,7,163,1586
2024-12-11,Rain,0.0,0,0,0,0,2
2024-12-11,Kulipa,673.63,14,11,1,10,64
2024-12-12,UR,30925.56850075,389,166,8,158,1594
2024-12-12,Immersve,0.01,1,1,1,0,1
2024-12-12,Rain,24012.93,1,1,0,1,2
2024-12-12,Kulipa,1532.62,22,15,1,14,65
2024-12-13,UR,30713.62559919001,430,178,11,167,1605
2024-12-13,Immersve,0.0,0,0,0,0,1
2024-12-13,Rain,24430.06,1,1,0,1,2
2024-12-13,Kulipa,871.14,19,16,1,15,66
2024-12-14,UR,16675.98895028,423,160,9,151,1614
2024-12-14,Immersve,0.0,0,0,0,0,1
2024-12-14,Rain,67294.73,1,1,0,1,2
2024-12-14,Kulipa,3476.0399999999995,13,11,2,9,68
2024-12-15,UR,13468.53108768,330,141,6,135,1620
2024-12-15,Immersve,0.0,0,0,0,0,1
2024-12-15,Rain,0.0,0,0,0,0,2
2024-12-15,Kulipa,442.92999999999995,11,10,0,10,68
2024-12-16,UR,53803.10366577,380,163,14,149,1634
2024-12-16,Immersve,234.5,2,2,1,1,2
2024-12-16,Rain,0.0,0,0,0,0,2
2024-12-16,Kulipa,3612.17,21,14,1,13,69
2024-12-17,UR,23573.73095164,399,173,14,159,1648
2024-12-17,Immersve,260.1,2,1,0,1,2
2024-12-17,Rain,20728.63,1,1,0,1,2
2024-12-17,Kulipa,844.11,17,13,0,13,69
2024-12-18,Rain,88327.58,2,2,1,1,3
2024-12-18,UR,31010.56694963999,468,186,30,156,1678
2024-12-18,Immersve,587.1700000000001,4,2,0,2,2
2024-12-18,Kulipa,434.04,20,15,1,14,70
2024-12-19,Rain,1.86,1,1,0,1,3
2024-12-19,UR,29898.055678360004,492,218,55,163,1733
2024-12-19,Immersve,26.28,2,2,1,1,3
2024-12-19,Kulipa,785.4699999999998,18,13,0,13,70
2024-12-20,Rain,24685.25,1,1,0,1,3
2024-12-20,UR,39157.47017027,521,242,39,203,1772
2024-12-20,Immersve,366.15999999999997,3,3,1,2,4
2024-12-20,Kulipa,923.23,15,12,0,12,70
2024-12-21,Rain,2.35,1,1,0,1,3
2024-12-21,UR,24017.04666254999,567,241,34,207,1806
2024-12-21,Immersve,260.44,4,3,0,3,4
2024-12-21,Kulipa,583.88,13,10,0,10,70
2024-12-22,Rain,29919.719999999998,3,3,2,1,5
2024-12-22,UR,13219.962052100003,443,189,18,171,1824
2024-12-22,Immersve,1407.4900000000002,3,3,0,3,4
2024-12-22,Kulipa,1767.0700000000002,16,11,0,11,70
2024-12-23,Rain,23035.31,5,5,1,4,6
2024-12-23,UR,21949.594473899997,625,270,58,212,1882
2024-12-23,Immersve,607.31,2,2,0,2,4
2024-12-23,Kulipa,681.62,16,13,0,13,70
2024-12-24,Rain,5.3,1,1,0,1,6
2024-12-24,UR,20046.538796459994,556,265,53,212,1935
2024-12-24,Immersve,29.98,1,1,0,1,4
2024-12-24,Kulipa,2220.7200000000003,18,14,1,13,71
2024-12-25,Rain,49481.47,3,3,1,2,7
2024-12-25,UR,9091.13156175,452,212,32,180,1967
2024-12-25,Immersve,403.11,1,1,0,1,4
2024-12-25,Kulipa,1244.58,20,13,1,12,72
2024-12-26,Rain,24.23,3,3,0,3,7
2024-12-26,UR,20844.820203859992,678,305,89,216,2056
2024-12-26,Immersve,1157.09,1,1,0,1,4
2024-12-26,Kulipa,432.13,12,11,0,11,72
2024-12-27,Rain,54.050000000000004,3,3,0,3,7
2024-12-27,UR,26565.816340330013,790,400,114,286,2170
2024-12-27,Immersve,23.14,1,1,0,1,4
2024-12-27,Kulipa,3635.5699999999993,18,12,0,12,72
2024-12-28,Rain,181.3,4,4,2,2,9
2024-12-28,UR,18329.68754928001,928,410,119,291,2289
2024-12-28,Immersve,41.94,2,2,0,2,4
2024-12-28,Kulipa,1889.6100000000001,19,11,0,11,72
2024-12-29,Rain,563.6800000000001,7,7,3,4,12
2024-12-29,UR,24190.11142875001,797,376,85,291,2374
2024-12-29,Immersve,0.0,0,0,0,0,4
2024-12-29,Kulipa,673.24,15,10,1,9,73
2024-12-30,Rain,153.41,7,7,1,6,13
2024-12-30,UR,46706.88700046,949,431,95,336,2469
2024-12-30,Immersve,244.34,2,2,0,2,4
2024-12-30,Kulipa,722.25,14,10,0,10,73
2024-12-31,Rain,99.65,6,6,2,4,15
2024-12-31,UR,20178.71305647,940,423,90,333,2559
2024-12-31,Immersve,147.24,2,2,0,2,4
2024-12-31,Kulipa,1389.5299999999997,18,10,0,10,73
2025-01-01,Rain,278.25,10,10,4,6,19
2025-01-01,UR,10190.21140154,860,396,78,318,2637
2025-01-01,Immersve,291.01,1,1,0,1,4
2025-01-01,Kulipa,1534.3200000000002,14,13,0,13,73
2025-01-02,Rain,240.46999999999997,11,11,2,9,21
2025-01-02,UR,19211.993748480007,861,435,56,379,2693
2025-01-02,Immersve,0.0,0,0,0,0,4
2025-01-02,Kulipa,1019.1800000000001,12,11,0,11,73
2025-01-03,Rain,363.63,10,10,1,9,22
2025-01-03,UR,28704.744787499993,970,442,62,380,2755
2025-01-03,Immersve,74.29,1,1,0,1,4
2025-01-03,Kulipa,793.73,15,11,0,11,73
2025-01-04,Rain,28182.649999999998,10,10,2,8,24
2025-01-04,UR,22624.01953753001,969,455,59,396,2814
2025-01-04,Immersve,53.230000000000004,2,2,0,2,4
2025-01-04,Kulipa,1137.9199999999998,15,11,1,10,74
2025-01-05,Rain,95.74,10,10,2,8,26
2025-01-05,UR,26060.421649919997,948,415,44,371,2858
2025-01-05,Immersve,87.17,1,1,0,1,4
2025-01-05,Kulipa,2758.2900000000004,22,16,0,16,74
2025-01-06,Rain,29669.51,15,15,5,10,31
2025-01-06,UR,33471.69364551001,925,446,48,398,2906
2025-01-06,Immersve,0.0,0,0,0,0,4
2025-01-06,Kulipa,3801.84,16,12,1,11,75
2025-01-07,Rain,366.54,11,11,3,8,34
2025-01-07,UR,28365.130363110016,1046,514,78,436,2984
2025-01-07,Immersve,55.51,1,1,0,1,4
2025-01-07,Kulipa,747.0100000000001,13,10,1,9,76
2025-01-08,Rain,233.09999999999997,9,9,2,7,36
2025-01-08,UR,22767.29512066001,1124,514,76,438,3060
2025-01-08,Immersve,93.96,1,1,0,1,4
2025-01-08,Kulipa,920.92,21,15,1,14,77
2025-01-09,Rain,0.0,0,0,0,0,36
2025-01-09,UR,35613.58538687001,1045,500,85,415,3145
2025-01-09,Immersve,2924.3100000000004,3,2,0,2,4
2025-01-09,Kulipa,436.71999999999997,12,8,0,8,77
2025-01-10,Rain,0.0,0,0,0,0,36
2025-01-10,UR,23610.717751230004,1414,755,306,449,3451
2025-01-10,Immersve,0.0,0,0,0,0,4
2025-01-10,Kulipa,3427.859999999999,22,16,0,16,77
2025-01-11,Rain,0.0,0,0,0,0,36
2025-01-11,UR,37683.872662199996,1763,841,284,557,3735
2025-01-11,Immersve,450.32,3,3,0,3,4
2025-01-11,Kulipa,1073.5600000000002,15,12,0,12,77
2025-01-12,Rain,4.99,1,1,0,1,36
2025-01-12,UR,24265.960769340007,1693,817,174,643,3909
2025-01-12,Immersve,679.5500000000001,2,2,0,2,4
2025-01-12,Kulipa,943.4299999999998,18,15,0,15,77
2025-01-13,Rain,100.16000000000001,13,13,4,9,40
2025-01-13,UR,25366.930130160014,1632,826,168,658,4077
2025-01-13,Immersve,189.33,1,1,0,1,4
2025-01-13,Kulipa,1519.83,21,11,0,11,77
2025-01-14,Rain,748.6199999999999,11,11,2,9,42
2025-01-14,UR,18500.7497654,1602,806,125,681,4202
2025-01-14,Immersve,665.13,3,3,0,3,4
2025-01-14,Kulipa,824.26,14,12,0,12,77
2025-01-15,Rain,114.82,11,11,3,8,45
2025-01-15,Bridge,54.99,5,1,1,0,1
2025-01-15,UR,38296.34885724999,1591,823,134,689,4336
2025-01-15,Immersve,2870.68,1,1,0,1,4
2025-01-15,Kulipa,675.82,20,12,0,12,77
2025-01-16,Rain,1118.01,15,15,4,11,49
2025-01-16,Bridge,0.0,0,0,0,0,1
2025-01-16,UR,26501.796448030003,1731,857,140,717,4476
2025-01-16,Immersve,2708.92,2,2,0,2,4
2025-01-16,Kulipa,990.14,14,11,1,10,78
2025-01-17,Rain,765.47,11,11,1,10,50
2025-01-17,Bridge,0.0,0,0,0,0,1
2025-01-17,UR,26408.959828610015,1916,899,162,737,4638
2025-01-17,Immersve,373.62,3,3,0,3,4
2025-01-17,Kulipa,4410.290000000001,17,13,1,12,79
2025-01-18,Rain,258.55,15,15,7,8,57
2025-01-18,Bridge,0.0,0,0,0,0,1
2025-01-18,UR,28687.875851410005,1964,863,121,742,4759
2025-01-18,Immersve,430.01,3,3,1,2,5
2025-01-18,Kulipa,469.04,17,14,4,10,83
2025-01-19,Rain,393.11,17,17,7,10,64
2025-01-19,Bridge,0.0,0,0,0,0,1
2025-01-19,UR,25348.005677620004,1716,785,104,681,4863
2025-01-19,Immersve,184.48999999999998,4,4,0,4,5
2025-01-19,Kulipa,3322.3700000000003,20,15,2,13,85
2025-01-20,Rain,442.19,14,14,4,10,68
2025-01-20,Bridge,0.0,0,0,0,0,1
2025-01-20,UR,67748.50801877995,1778,831,87,744,4950
2025-01-20,Immersve,274.85,3,3,0,3,5
2025-01-20,Kulipa,1606.3899999999999,19,15,0,15,85
2025-01-21,Rain,714.31,17,17,2,15,70
2025-01-21,UR,35999.76653378001,1898,872,95,777,5045
2025-01-21,Bridge,0.0,0,0,0,0,1
2025-01-21,Immersve,454.77000000000004,2,2,0,2,5
2025-01-21,Kulipa,687.07,17,10,0,10,85
2025-01-22,Rain,671.5500000000002,14,14,3,11,73
2025-01-22,UR,35243.320701360004,1758,819,89,730,5134
2025-01-22,Bridge,0.0,0,0,0,0,1
2025-01-22,Immersve,413.24,5,5,1,4,6
2025-01-22,Kulipa,950.6999999999999,20,15,3,12,88
2025-01-23,Rain,156.79999999999998,12,12,1,11,74
2025-01-23,UR,38611.199191480024,1728,794,66,728,5200
2025-01-23,Bridge,9.030000000000001,3,1,0,1,1
2025-01-23,Immersve,886.61,4,4,0,4,6
2025-01-23,Kulipa,548.9599999999999,17,14,2,12,90
2025-01-24,Rain,279.72,15,15,6,9,80
2025-01-24,UR,31705.909370149988,1693,815,96,719,5296
2025-01-24,Bridge,10.0,3,1,0,1,1
2025-01-24,Immersve,297.40999999999997,3,3,0,3,6
2025-01-24,Kulipa,740.7499999999999,23,19,0,19,90
2025-01-25,Rain,544.8699999999999,16,16,1,15,81
2025-01-25,UR,26704.785263839964,1674,748,69,679,5365
2025-01-25,Bridge,0.0,0,0,0,0,1
2025-01-25,Immersve,339.01,4,4,0,4,6
2025-01-25,Kulipa,1464.98,20,16,1,15,91
2025-01-26,Rain,2879.14,16,16,2,14,83
2025-01-26,UR,19211.84786015999,1485,735,69,666,5434
2025-01-26,Bridge,0.0,0,0,0,0,1
2025-01-26,Immersve,4366.16,5,5,0,5,6
2025-01-26,Kulipa,1860.9500000000005,21,13,0,13,91
2025-01-27,Rain,504.3499999999999,17,17,3,14,86
2025-01-27,UR,27681.04929851,1394,653,64,589,5498
2025-01-27,Bridge,0.0,0,0,0,0,1
2025-01-27,Immersve,540.05,4,4,0,4,6
2025-01-27,Kulipa,1032.29,21,11,0,11,91
2025-01-28,Rain,1012.33,20,20,1,19,87
2025-01-28,UR,23130.752311950004,999,515,39,476,5537
2025-01-28,Bridge,0.0,0,0,0,0,1
2025-01-28,Immersve,2215.23,3,3,0,3,6
2025-01-28,Kulipa,529.11,14,13,0,13,91
2025-01-29,Rain,3411.2999999999993,18,18,3,15,90
2025-01-29,UR,21415.12200574,1079,541,51,490,5588
2025-01-29,Bridge,0.0,0,0,0,0,1
2025-01-29,Immersve,11408.58,2,2,0,2,6
2025-01-29,Kulipa,926.9899999999999,19,14,0,14,91
2025-01-30,Rain,204.1,16,16,2,14,92
2025-01-30,UR,25543.914738449996,1207,573,42,531,5630
2025-01-30,Bridge,0.0,0,0,0,0,1
2025-01-30,Immersve,2833.8699999999994,6,6,0,6,6
2025-01-30,Kulipa,355.00000000000006,14,9,0,9,91
2025-01-31,Rain,288.69,13,13,3,10,95
2025-01-31,UR,25547.77006164999,1074,566,44,522,5674
2025-01-31,Bridge,0.0,0,0,0,0,1
2025-01-31,Immersve,6157.49,5,5,0,5,6
2025-01-31,Kulipa,740.45,23,15,0,15,91
2025-02-01,Rain,356.35,12,12,3,9,98
2025-02-01,UR,32789.489058379986,1276,635,49,586,5723
2025-02-01,Bridge,0.0,0,0,0,0,1
2025-02-01,Immersve,52.77,1,1,0,1,6
2025-02-01,Kulipa,867.0600000000001,20,15,1,14,92
2025-02-02,Rain,338.73,15,15,1,14,99
2025-02-02,UR,23840.791633880006,1169,594,47,547,5770
2025-02-02,Bridge,0.0,0,0,0,0,1
2025-02-02,Immersve,836.8100000000001,3,3,1,2,7
2025-02-02,Kulipa,1537.74,25,18,1,17,93
2025-02-03,Rain,46895.83,14,14,2,12,101
2025-02-03,UR,31176.772080869992,1161,601,34,567,5804
2025-02-03,Bridge,0.0,0,0,0,0,1
2025-02-03,Immersve,5284.75,4,4,0,4,7
2025-02-03,Kulipa,2036.7700000000002,28,18,0,18,93
2025-02-04,Rain,468.15,15,15,0,15,101
2025-02-04,UR,25684.352043220013,1246,632,47,585,5851
2025-02-04,Bridge,0.0,0,0,0,0,1
2025-02-04,Immersve,4086.0299999999997,5,5,0,5,7
2025-02-04,Kulipa,1583.2299999999998,31,21,1,20,94
2025-02-05,Rain,633.1999999999999,15,15,3,12,104
2025-02-05,UR,21379.93432623,1343,677,62,615,5913
2025-02-05,Bridge,0.0,0,0,0,0,1
2025-02-05,Immersve,4528.27,3,3,0,3,7
2025-02-05,Kulipa,440.77,19,13,0,13,94
2025-02-06,Rain,707.5300000000001,13,13,1,12,105
2025-02-06,UR,22617.37508712001,1432,723,74,649,5987
2025-02-06,Bridge,0.0,0,0,0,0,1
2025-02-06,Immersve,2124.0,3,3,0,3,7
2025-02-06,Kulipa,1896.8200000000002,17,12,0,12,94
2025-02-07,Rain,682.44,10,10,1,9,106
2025-02-07,UR,30125.517521030022,1472,726,81,645,6068
2025-02-07,Bridge,29.83,1,1,1,0,2
2025-02-07,Immersve,23057.98,5,5,0,5,7
2025-02-07,Kulipa,928.66,20,16,0,16,94
2025-02-08,Rain,64204.32,12,12,2,10,108
2025-02-08,UR,24523.65367092,1515,730,57,673,6125
2025-02-08,Bridge,535.96,24,2,1,1,3
2025-02-08,Immersve,1984.98,3,3,0,3,7
2025-02-08,Kulipa,1140.3999999999999,20,15,1,14,95
2025-02-09,Rain,46543.420000000006,16,16,4,12,112
2025-02-09,UR,22453.782553299992,1411,688,71,617,6196
2025-02-09,Bridge,61.22,5,1,0,1,3
2025-02-09,Immersve,4513.68,3,3,0,3,7
2025-02-09,Kulipa,758.15,15,13,1,12,96
2025-02-10,Rain,2761.98,15,15,2,13,114
2025-02-10,UR,23355.05931458001,1397,721,57,664,6253
2025-02-10,Bridge,73.36,5,1,0,1,3
2025-02-10,Immersve,5069.719999999999,4,4,0,4,7
2025-02-10,Kulipa,2048.7,23,16,1,15,97
2025-02-11,Rain,2143.13,17,17,1,16,115
2025-02-11,UR,25777.14967195002,1357,699,46,653,6299
2025-02-11,Bridge,67.71000000000001,4,2,0,2,3
2025-02-11,Immersve,7981.639999999999,6,6,0,6,7
2025-02-11,Kulipa,2401.66,26,17,0,17,97
2025-02-12,Rain,423.21999999999997,13,13,1,12,116
2025-02-12,UR,30076.140823679983,1454,709,45,664,6344
2025-02-12,Bridge,10.53,1,1,0,1,3
2025-02-12,Immersve,14482.919999999998,5,5,0,5,7
2025-02-12,Kulipa,922.66,29,20,2,18,99
2025-02-13,Rain,38176.12,16,16,1,15,117
2025-02-13,UR,36631.56541459998,1448,719,61,658,6405
2025-02-13,Bridge,84.6,8,4,3,1,6
2025-02-13,Immersve,1077.3700000000001,8,5,0,5,7
2025-02-13,Kulipa,2896.6700000000005,18,13,1,12,100
2025-02-14,Rain,518.92,12,12,2,10,119
2025-02-14,UR,28153.149609009997,1562,750,48,702,6453
2025-02-14,Bridge,15.44,3,2,0,2,6
2025-02-14,Immersve,160.90999999999997,6,4,0,4,7
2025-02-14,Kulipa,2391.6099999999997,12,10,1,9,101
2025-02-15,Rain,48396.6,13,13,0,13,119
2025-02-15,UR,31067.262942289984,1535,706,64,642,6517
2025-02-15,Bridge,113.50999999999999,8,5,0,5,6
2025-02-15,Immersve,518.81,5,3,0,3,7
2025-02-15,Kulipa,486.52000000000015,13,13,0,13,101
2025-02-16,Rain,301.59999999999997,15,13,2,11,121
2025-02-16,UR,25064.046207499985,1583,725,62,663,6579
2025-02-16,Bridge,48.87,6,2,0,2,6
2025-02-16,Immersve,9043.26,5,3,0,3,7
2025-02-16,Kulipa,567.78,12,11,0,11,101
2025-02-17,Rain,26762.72,18,18,1,17,122
2025-02-17,UR,20981.27163325,1479,722,48,674,6627
2025-02-17,Bridge,274.18,12,3,0,3,6
2025-02-17,Immersve,14192.01,4,3,0,3,7
2025-02-17,Kulipa,1072.0700000000002,19,14,0,14,101
2025-02-18,Rain,600.04,9,9,0,9,122
2025-02-18,UR,35567.59632101999,1659,786,83,703,6710
2025-02-18,Bridge,143.32,11,2,0,2,6
2025-02-18,Immersve,452.78000000000003,3,2,0,2,7
2025-02-18,Kulipa,2122.45,20,15,0,15,101
2025-02-19,Rain,906.0999999999999,13,13,0,13,122
2025-02-19,UR,22534.249172200012,1634,770,73,697,6783
2025-02-19,Bridge,114.14,13,4,0,4,6
2025-02-19,Immersve,1286.44,5,4,0,4,7
2025-02-19,Kulipa,1423.7900000000004,24,15,0,15,101
2025-02-20,Rain,59602.869999999995,10,10,0,10,122
2025-02-20,UR,26916.221799010007,1582,747,70,677,6853
2025-02-20,Bridge,133.45000000000002,14,3,0,3,6
2025-02-20,Immersve,5763.91,7,4,0,4,7
2025-02-20,Kulipa,632.1000000000001,15,14,1,13,102
2025-02-21,Rain,252374.78999999975,1404,1404,198,1206,15753
2025-02-21,UR,25936.450891169996,1693,804,50,754,6903
2025-02-21,Bridge,19.5,5,3,0,3,6
2025-02-21,Immersve,7191.3499999999985,10,6,0,6,7
2025-02-21,Kulipa,1678.8400000000001,21,15,0,15,102
2025-02-22,Rain,250701.31999999998,1415,1412,165,1247,15918
2025-02-22,UR,22345.27509995999,1619,779,64,715,6967
2025-02-22,Bridge,118.69,4,3,1,2,7
2025-02-22,Immersve,955.0399999999998,9,5,0,5,7
2025-02-22,Kulipa,3809.31,20,16,1,15,103
2025-02-23,Rain,321602.5600000002,1371,1369,151,1218,16069
2025-02-23,UR,25815.39605343997,1670,765,55,710,7022
2025-02-23,Bridge,238.03,8,3,0,3,7
2025-02-23,Immersve,2820.84,7,5,0,5,7
2025-02-23,Kulipa,1581.84,26,16,0,16,103
2025-02-24,Rain,199446.25999999995,1301,1301,110,1191,16179
2025-02-24,UR,21017.157181939998,1563,730,43,687,7065
2025-02-24,Bridge,25.93,3,2,0,2,7
2025-02-24,Immersve,986.46,7,4,0,4,7
2025-02-24,Kulipa,1732.87,25,15,0,15,103
2025-02-25,Rain,247660.07000000015,1246,1246,120,1126,16299
2025-02-25,UR,28985.26497624001,1572,736,50,686,7115
2025-02-25,Bridge,33.230000000000004,11,3,0,3,7
2025-02-25,Immersve,829.92,7,5,0,5,7
2025-02-25,Kulipa,1505.43,17,12,0,12,103
2025-02-26,Rain,233201.94999999966,1443,1443,143,1300,16442
2025-02-26,UR,30619.38872386999,1578,758,64,694,7179
2025-02-26,Bridge,76.24,14,2,0,2,7
2025-02-26,Immersve,580.3699999999999,8,5,0,5,7
2025-02-26,Kulipa,894.77,13,10,1,9,104
2025-02-27,Rain,224163.13000000006,1336,1332,135,1197,16577
2025-02-27,UR,37595.79463825996,1695,788,43,745,7222
2025-02-27,Bridge,140.79,8,2,0,2,7
2025-02-27,Immersve,867.76,8,4,0,4,7
2025-02-27,Kulipa,605.25,17,13,0,13,104
2025-02-28,Rain,257580.90999999965,1388,1387,166,1221,16743
2025-02-28,UR,33689.45209119998,1764,813,80,733,7302
2025-02-28,Bridge,80.36,13,4,0,4,7
2025-02-28,Immersve,1205.38,8,4,0,4,7
2025-02-28,Kulipa,481.79,10,8,0,8,104
2025-03-01,Rain,309255.39999999944,1397,1396,122,1274,16865
2025-03-01,UR,35881.63574596999,1843,832,57,775,7359
2025-03-01,Bridge,153.79,14,3,0,3,7
2025-03-01,Immersve,296.5,6,4,0,4,7
2025-03-01,Kulipa,1535.21,12,12,0,12,104
2025-03-02,Rain,284003.97999999986,1542,1541,146,1395,17011
2025-03-02,UR,26376.435046599996,1568,708,40,668,7399
2025-03-02,Bridge,46.27,5,2,0,2,7
2025-03-02,Immersve,2190.49,11,6,0,6,7
2025-03-02,Kulipa,2553.76,18,12,0,12,104
2025-03-03,Rain,231978.61999999976,1389,1388,117,1271,17128
2025-03-03,UR,30167.643901929965,1625,734,46,688,7445
2025-03-03,Bridge,11.96,3,2,1,1,8
2025-03-03,Immersve,1122.08,6,4,0,4,7
2025-03-03,Kulipa,494.57,13,9,0,9,104
2025-03-04,Rain,206149.23000000004,1175,1175,81,1094,17209
2025-03-04,UR,36800.04962686,1573,725,46,679,7491
2025-03-04,Bridge,2003.8799999999999,13,3,0,3,8
2025-03-04,Immersve,2687.31,7,4,0,4,7
2025-03-04,Kulipa,1792.0900000000001,17,15,1,14,105
2025-03-05,Rain,368050.5831647318,1216,1214,117,1097,17326
2025-03-05,UR,32507.050486419976,1620,762,49,713,7540
2025-03-05,Bridge,82.27999999999999,6,2,0,2,8
2025-03-05,Immersve,1051.0099999999998,6,4,0,4,7
2025-03-05,Kulipa,638.85,13,11,0,11,105
2025-03-06,Rain,308805.5699999999,1260,1260,117,1143,17443
2025-03-06,UR,35400.40761481999,1562,739,53,686,7593
2025-03-06,Bridge,23.03,6,3,0,3,8
2025-03-06,Immersve,385.15000000000003,8,5,0,5,7
2025-03-06,Kulipa,662.4499999999999,16,12,0,12,105
2025-03-07,Rain,292355.29999999935,1377,1374,131,1243,17574
2025-03-07,UR,37482.11235769002,1707,773,61,712,7654
2025-03-07,Bridge,128.3,15,4,0,4,8
2025-03-07,Immersve,760.28,8,5,0,5,7
2025-03-07,Kulipa,1262.02,11,8,0,8,105
2025-03-08,Rain,2612467.4699999993,1520,1520,137,1383,17711
2025-03-08,UR,35330.16582733,1729,745,33,712,7687
2025-03-08,Bridge,90.37,15,4,0,4,8
2025-03-08,Immersve,521.3199999999999,5,4,0,4,7
2025-03-08,Kulipa,1086.44,15,13,2,11,107
2025-03-09,Rain,306271.01999999944,1364,1362,156,1206,17867
2025-03-09,UR,21637.500212659994,1397,663,38,625,7725
2025-03-09,Bridge,61.040000000000006,7,5,0,5,8
2025-03-09,Immersve,1193.04,10,5,0,5,7
2025-03-09,Kulipa,1413.2500000000002,15,12,0,12,107
2025-03-10,Rain,190354.04999999967,1314,1314,102,1212,17969
2025-03-10,UR,33904.50064697,1565,711,60,651,7785
2025-03-10,Bridge,25.52,2,2,0,2,8
2025-03-10,Immersve,723.47,6,5,0,5,7
2025-03-10,Kulipa,2252.4300000000007,18,11,0,11,107
2025-03-11,Rain,285433.9700000001,1243,1241,101,1140,18070
2025-03-11,UR,31882.844071159998,1614,733,60,673,7845
2025-03-11,Bridge,51.809999999999995,7,4,0,4,8
2025-03-11,Immersve,1364.6399999999996,10,5,0,5,7
2025-03-11,Kulipa,2807.3399999999992,15,11,2,9,109
2025-03-12,Rain,219046.93999999977,1478,1477,142,1335,18212
2025-03-12,UR,81617.30402382005,1634,738,59,679,7904
2025-03-12,Bridge,99.75,15,5,0,5,8
2025-03-12,Immersve,1983.0100000000002,9,6,0,6,7
2025-03-12,Kulipa,1763.0099999999998,15,10,0,10,109
2025-03-13,Rain,398565.09999999957,1422,1419,155,1264,18367
2025-03-13,UR,29532.100755219995,1573,744,51,693,7955
2025-03-13,Bridge,192.73,19,7,1,6,9
2025-03-13,Immersve,1302.52,8,5,0,5,7
2025-03-13,Kulipa,265.81,17,13,0,13,109
2025-03-14,Rain,322585.2199999995,1791,1407,133,1274,18500
2025-03-14,UR,33871.72896899,1641,792,62,730,8017
2025-03-14,Bridge,172.48999999999998,21,5,0,5,9
2025-03-14,Immersve,5558.0,6,5,0,5,7
2025-03-14,Kulipa,2065.6900000000005,28,19,0,19,109
2025-03-15,Rain,189845.8299999998,1361,1360,181,1179,18681
2025-03-15,UR,28276.616381849995,1599,758,57,701,8074
2025-03-15,Bridge,308.59999999999997,13,5,0,5,9
2025-03-15,Immersve,2141.8899999999994,10,5,0,5,7
2025-03-15,Kulipa,2773.3999999999996,29,21,0,21,109
2025-03-16,Rain,217622.68000000005,1358,1357,204,1153,18885
2025-03-16,UR,36682.40272272,1661,736,42,694,8116
2025-03-16,Bridge,214.12,20,6,0,6,9
2025-03-16,Immersve,64208.55,11,6,0,6,7
2025-03-16,Kulipa,4676.389999999999,37,24,0,24,109
2025-03-17,Rain,248259.88000000003,1329,1329,151,1178,19036
2025-03-17,UR,39558.41696876,1594,737,45,692,8161
2025-03-17,Bridge,101.94000000000001,9,4,0,4,9
2025-03-17,Immersve,1270.4099999999999,9,5,0,5,7
2025-03-17,Kulipa,1930.8600000000013,39,26,1,25,110
2025-03-18,Rain,164835.4499999999,1293,1292,123,1169,19159
2025-03-18,UR,47924.67883993999,1681,781,63,718,8224
2025-03-18,Bridge,577.9000000000001,16,5,0,5,9
2025-03-18,Immersve,1260.4199999999998,9,6,0,6,7
2025-03-18,Kulipa,4960.92,36,23,0,23,110
2025-03-19,Rain,320387.2599999999,1476,1475,119,1356,19278
2025-03-19,UR,41486.073867949985,1708,741,42,699,8266
2025-03-19,Bridge,85.39,3,2,0,2,9
2025-03-19,Immersve,1800.1799999999998,11,7,0,7,7
2025-03-19,Kulipa,2422.3200000000006,33,23,1,22,111
2025-03-20,Rain,324363.3299999996,1435,1435,133,1302,19411
2025-03-20,UR,21789.56506322998,1695,798,44,754,8310
2025-03-20,Bridge,17.24,5,2,0,2,9
2025-03-20,Immersve,1173.9700000000003,10,6,0,6,7
2025-03-20,Kulipa,1910.2999999999997,26,20,0,20,111
2025-03-21,Rain,356990.7799999996,1708,1500,165,1335,19576
2025-03-21,UR,39328.57441745,1883,830,57,773,8367
2025-03-21,Bridge,15.920000000000002,3,2,0,2,9
2025-03-21,Immersve,1263.31,11,6,0,6,7
2025-03-21,Kulipa,1995.2000000000003,31,21,3,18,114
2025-03-22,Rain,325179.28999999986,1465,1462,156,1306,19732
2025-03-22,UR,42899.92305631,1929,815,53,762,8420
2025-03-22,Bridge,61.529999999999994,6,2,0,2,9
2025-03-22,Immersve,4548.170000000001,10,5,0,5,7
2025-03-22,Kulipa,2515.4799999999996,40,25,0,25,114
2025-03-23,Rain,391119.3699999997,1681,1512,138,1374,19870
2025-03-23,UR,43346.37816211,1871,832,51,781,8471
2025-03-23,Bridge,92.16,6,2,0,2,9
2025-03-23,Immersve,2467.9399999999996,8,5,0,5,7
2025-03-23,Kulipa,4439.639999999999,47,29,0,29,114
2025-03-24,Rain,150324.20000000007,1317,1316,120,1196,19990
2025-03-24,UR,48517.65873075998,1999,843,47,796,8518
2025-03-24,Bridge,28.97,2,2,0,2,9
2025-03-24,Immersve,2425.3,9,6,0,6,7
2025-03-24,Kulipa,1943.3899999999996,42,28,0,28,114
2025-03-25,Rain,210124.08999999997,1556,1406,119,1287,20109
2025-03-25,UR,76444.55087270009,1993,880,71,809,8589
2025-03-25,Bridge,68.44999999999999,7,3,0,3,9
2025-03-25,Immersve,2710.1400000000003,8,5,0,5,7
2025-03-25,Kulipa,3827.1,31,23,2,21,116
2025-03-26,Rain,212902.4099999999,1630,1561,182,1379,20291
2025-03-26,UR,27895.261826040045,2050,938,70,868,8659
2025-03-26,Bridge,114.47,6,2,0,2,9
2025-03-26,Immersve,2886.3599999999997,7,5,0,5,7
2025-03-26,Kulipa,4437.96,38,26,6,20,122
2025-03-27,Rain,407898.08999999985,1577,1576,190,1386,20481
2025-03-27,UR,39389.07246106004,1987,891,66,825,8725
2025-03-27,Bridge,159.45999999999998,11,4,0,4,9
2025-03-27,Immersve,18149.75,9,5,0,5,7
2025-03-27,Kulipa,5366.110000000001,36,27,4,23,126
2025-03-28,Rain,199172.05999999947,1553,1548,141,1407,20622
2025-03-28,UR,35704.299214009996,2068,965,90,875,8815
2025-03-28,Bridge,84.32000000000001,7,4,0,4,9
2025-03-28,Immersve,1282.1599999999999,10,6,0,6,7
2025-03-28,Kulipa,5858.9400000000005,48,30,5,25,131
2025-03-29,Rain,335007.6399999999,1576,1568,168,1400,20790
2025-03-29,UR,49943.92707989999,1966,839,59,780,8874
2025-03-29,Bridge,84.53,7,4,0,4,9
2025-03-29,Immersve,1647.2200000000003,9,5,0,5,7
2025-03-29,Kulipa,9128.410000000002,65,43,3,40,134
2025-03-30,Rain,281447.5799999997,1553,1551,146,1405,20936
2025-03-30,UR,22685.553383520004,1857,788,52,736,8926
2025-03-30,Bridge,31.03,4,3,0,3,9
2025-03-30,Immersve,1598.6599999999999,8,5,0,5,7
2025-03-30,Kulipa,5182.38,62,37,8,29,142
2025-03-31,Rain,233532.90999999995,1433,1432,145,1287,21081
2025-03-31,UR,84852.62374750996,1959,859,62,797,8988
2025-03-31,Bridge,25.490000000000002,2,2,0,2,9
2025-03-31,Immersve,2818.31,8,5,0,5,7
2025-03-31,Kulipa,5217.560000000002,57,42,0,42,142
2025-04-01,Rain,226786.54999999973,1463,1462,174,1288,21255
2025-04-01,UR,33984.37270183001,2123,936,88,848,9076
2025-04-01,Bridge,120.19,8,3,0,3,9
2025-04-01,Immersve,1159.03,7,5,0,5,7
2025-04-01,Kulipa,5336.990000000002,52,37,0,37,142
2025-04-02,Rain,375066.31999999844,1696,1694,321,1373,21576
2025-04-02,UR,43366.612380120016,2214,964,68,896,9144
2025-04-02,Bridge,88.58000000000001,5,2,0,2,9
2025-04-02,Immersve,3562.79,8,5,0,5,7
2025-04-02,Kulipa,10239.689999999999,54,37,2,35,144
2025-04-03,Rain,435196.54999999993,1730,1726,284,1442,21860
2025-04-03,UR,38427.66789787002,2158,928,49,879,9193
2025-04-03,Bridge,45.71,7,5,0,5,9
2025-04-03,Immersve,5630.609999999999,8,5,0,5,7
2025-04-03,Kulipa,10190.61,54,34,5,29,149
2025-04-04,Rain,401775.139999999,1649,1648,194,1454,22054
2025-04-04,UR,39390.616006130025,2189,876,44,832,9237
2025-04-04,Bridge,106.03,3,3,0,3,9
2025-04-04,Immersve,4378.049999999999,9,5,0,5,7
2025-04-04,Kulipa,11100.159999999998,49,37,2,35,151
2025-04-05,Rain,371597.2299999997,1665,1661,184,1477,22238
2025-04-05,UR,34974.839020450025,2247,920,49,871,9286
2025-04-05,Bridge,189.47999999999996,12,5,1,4,10
2025-04-05,Immersve,1414.9500000000003,9,6,0,6,7
2025-04-05,Kulipa,11176.590000000004,81,55,11,44,162
2025-04-06,Rain,322742.77999999997,1705,1704,185,1519,22423
2025-04-06,UR,37128.238568619985,2100,869,46,823,9332
2025-04-06,Bridge,517.8300000000002,6,5,3,2,13
2025-04-06,Immersve,1967.0900000000001,9,6,0,6,7
2025-04-06,Kulipa,10039.85,90,52,6,46,168
2025-04-07,Rain,223059.52,1531,1530,150,1380,22573
2025-04-07,UR,32581.923528790016,2038,903,36,867,9368
2025-04-07,Bridge,104.58,12,7,1,6,14
2025-04-07,Immersve,21393.069999999996,9,5,0,5,7
2025-04-07,Kulipa,7739.999999999998,90,55,3,52,171
2025-04-08,Rain,2880720.8300000033,1680,1679,168,1511,22741
2025-04-08,UR,30231.696346930024,1924,884,46,838,9414
2025-04-08,Bridge,218.14000000000001,20,7,1,6,15
2025-04-08,Immersve,20857.8,7,4,0,4,7
2025-04-08,Kulipa,6477.29,74,47,3,44,174
2025-04-09,Rain,298602.8299999999,1649,1645,161,1484,22902
2025-04-09,UR,28490.49722740001,2087,875,48,827,9462
2025-04-09,Bridge,309.71000000000004,9,5,0,5,15
2025-04-09,Immersve,2544.84,8,5,0,5,7
2025-04-09,Kulipa,14731.740000000002,74,53,4,49,178
2025-04-10,Rain,296661.759999999,1940,1759,220,1539,23122
2025-04-10,UR,26027.179447849965,1987,885,45,840,9507
2025-04-10,Bridge,126.32,14,7,4,3,19
2025-04-10,Immersve,8486.73,7,4,0,4,7
2025-04-10,Kulipa,6693.530000000002,85,52,5,47,183
2025-04-11,Rain,278492.6599999998,1635,1633,196,1437,23318
2025-04-11,UR,34040.79916920004,2178,916,46,870,9553
2025-04-11,Bridge,288.99,8,7,2,5,21
2025-04-11,Immersve,1530.3000000000002,8,5,0,5,7
2025-04-11,Kulipa,9241.869999999997,79,49,3,46,186
2025-04-12,Rain,259205.46999999933,1762,1761,229,1532,23547
2025-04-12,UR,40780.713572059976,2115,849,44,805,9597
2025-04-12,Bridge,1588.72,8,4,0,4,21
2025-04-12,Immersve,2372.5200000000004,8,6,0,6,7
2025-04-12,Kulipa,5617.909999999999,82,55,4,51,190
2025-04-13,Rain,339545.1400000005,1748,1744,279,1465,23826
2025-04-13,UR,62327.42718377002,2081,869,50,819,9647
2025-04-13,Bridge,228.04,5,4,0,4,21
2025-04-13,Immersve,3118.8,9,5,0,5,7
2025-04-13,Kulipa,12577.590000000006,80,51,2,49,192
2025-04-14,Rain,211356.4400000003,1866,1674,278,1396,24104
2025-04-14,UR,37782.62356932006,2186,950,60,890,9707
2025-04-14,Bridge,518.0200000000001,11,6,0,6,21
2025-04-14,Immersve,1232.5400000000002,9,6,0,6,7
2025-04-14,Kulipa,8063.0599999999995,69,45,2,43,194
2025-04-15,Rain,304350.64000000013,1550,1548,191,1357,24295
2025-04-15,UR,36256.20123059003,2161,883,45,838,9752
2025-04-15,Bridge,255.77,14,7,2,5,23
2025-04-15,Immersve,2229.91,8,6,0,6,7
2025-04-15,Kulipa,10418.489999999996,84,56,0,56,194
2025-04-16,Rain,368965.48999999935,1826,1822,229,1593,24524
2025-04-16,UR,36099.11655377997,2162,918,44,874,9796
2025-04-16,Bridge,572.7800000000001,13,4,0,4,23
2025-04-16,Immersve,1506.6100000000001,8,6,2,4,9
2025-04-16,Kulipa,4172.930000000001,79,58,3,55,197
2025-04-17,Rain,519954.50999999937,2299,2252,234,2018,24758
2025-04-17,UR,37137.873805300005,2313,957,76,881,9872
2025-04-17,Bridge,565.1400000000002,14,5,0,5,23
2025-04-17,Immersve,3283.3700000000003,9,6,0,6,9
2025-04-17,Kulipa,6211.909999999998,80,51,3,48,200
2025-04-18,Rain,276273.63999999996,1812,1811,176,1635,24934
2025-04-18,UR,34102.79028836,2217,944,53,891,9925
2025-04-18,Bridge,615.1899999999999,6,3,0,3,23
2025-04-18,Immersve,3912.4900000000002,8,5,0,5,9
2025-04-18,Kulipa,8809.469999999998,93,67,9,58,209
2025-04-19,Rain,266334.4699999995,1863,1862,210,1652,25144
2025-04-19,UR,36266.230440659994,1909,866,38,828,9963
2025-04-19,Bridge,877.62,19,5,0,5,23
2025-04-19,Immersve,2720.06,8,5,0,5,9
2025-04-19,Kulipa,15640.009999999993,100,65,7,58,216
2025-04-20,Rain,166921.9900000001,1582,1580,148,1432,25292
2025-04-20,UR,40450.32397512007,2171,932,42,890,10005
2025-04-20,Bridge,1083.16,19,6,0,6,23
2025-04-20,Immersve,3916.03,9,5,0,5,9
2025-04-20,Kulipa,6702.500000000002,99,64,1,63,217
2025-04-21,Rain,363039.41,1750,1746,162,1584,25454
2025-04-21,UR,34782.112512160056,2167,930,61,869,10066
2025-04-21,Bridge,183.39000000000001,7,5,0,5,23
2025-04-21,Immersve,1202.27,6,4,0,4,9
2025-04-21,Kulipa,7379.289999999999,94,59,2,57,219
2025-04-22,Rain,345508.49999999994,1720,1713,156,1557,25610
2025-04-22,UR,40887.7550011,2203,931,62,869,10128
2025-04-22,Bridge,136.91,9,4,0,4,23
2025-04-22,Immersve,2294.19,6,4,0,4,9
2025-04-22,Kulipa,9272.359999999999,111,66,7,59,226
2025-04-23,Rain,264824.0799999999,431,430,10,420,25620
2025-04-23,UR,56993.71604187996,2334,991,59,932,10187
2025-04-23,Bridge,320.68,14,7,0,7,23
2025-04-23,Immersve,4677.1,8,5,0,5,9
2025-04-23,Kulipa,7053.029999999999,87,63,4,59,230
2025-04-24,Rain,674695.2699999997,2981,2974,404,2570,26024
2025-04-24,UR,44593.89730297992,2259,968,51,917,10238
2025-04-24,Bridge,651.2,25,5,0,5,23
2025-04-24,Immersve,3489.2799999999997,7,5,0,5,9
2025-04-24,Kulipa,6719.72,86,67,8,59,238
2025-04-25,Rain,401554.6100000001,2096,2091,217,1874,26241
2025-04-25,UR,51983.164497709986,2242,969,46,923,10284
2025-04-25,Bridge,230.94,14,4,1,3,24
2025-04-25,Immersve,2338.83,7,5,0,5,9
2025-04-25,Kulipa,9438.449999999995,113,75,5,70,243
2025-04-26,Rain,283097.43999999965,2090,2079,205,1874,26446
2025-04-26,UR,63326.26783848999,2541,1010,43,967,10327
2025-04-26,Bridge,423.09000000000003,14,5,0,5,24
2025-04-26,Immersve,1277.3899999999999,8,5,0,5,9
2025-04-26,Kulipa,10627.939999999999,113,69,3,66,246
2025-04-27,Rain,394276.25999999966,2057,2049,191,1858,26637
2025-04-27,UR,46627.60880406994,2268,972,49,923,10376
2025-04-27,Bridge,520.8899999999999,22,6,0,6,24
2025-04-27,Immersve,2125.91,7,4,0,4,9
2025-04-27,Kulipa,7432.809999999998,101,63,4,59,250
2025-04-28,Rain,342194.48999999964,1948,1946,162,1784,26799
2025-04-28,UR,35367.80024085999,2247,971,48,923,10424
2025-04-28,Bridge,90.94000000000001,13,4,0,4,24
2025-04-28,Immersve,1866.9,6,4,0,4,9
2025-04-28,Kulipa,13157.940000000006,114,73,2,71,252
2025-04-29,Rain,383801.1299999991,1889,1888,164,1724,26963
2025-04-29,UR,39259.84657271003,2279,975,42,933,10466
2025-04-29,Bridge,235.76,16,7,2,5,26
2025-04-29,Immersve,2385.81,5,4,0,4,9
2025-04-29,Kulipa,8776.77,98,71,3,68,255
2025-04-30,Rain,446863.1899999998,1989,1988,181,1807,27144
2025-04-30,UR,43132.78253988005,2863,1038,49,989,10515
2025-04-30,Bridge,346.9,24,12,3,9,29
2025-04-30,Immersve,5006.389999999999,6,4,0,4,9
2025-04-30,Kulipa,23474.149999999998,130,87,9,78,264
2025-05-01,Rain,411920.10999999853,2005,2004,180,1824,27324
2025-05-01,UR,44132.14983595011,3100,973,64,909,10579
2025-05-01,Bridge,2226.6,42,21,11,10,40
2025-05-01,Immersve,4869.15,10,6,0,6,9
2025-05-01,Kulipa,9673.129999999997,100,75,5,70,269
2025-05-01,Wirex,4.952719,2,1,1,0,1
2025-05-02,Rain,425948.5199999994,2094,2090,176,1914,27500
2025-05-02,UR,90025.28328204,3026,1003,66,937,10645
2025-05-02,Bridge,3671.64,49,22,8,14,48
2025-05-02,Immersve,1878.4499999999996,9,6,1,5,10
2025-05-02,Kulipa,11950.969999999994,90,90,4,86,273
2025-05-02,Wirex,0.0,0,0,0,0,1
2025-05-03,Rain,413721.7999999987,1892,1888,170,1718,27670
2025-05-03,UR,57155.70649226001,2652,1001,57,944,10702
2025-05-03,Bridge,1838.9700000000003,46,19,2,17,50
2025-05-03,Immersve,4072.7799999999997,9,6,0,6,10
2025-05-03,Kulipa,17574.029999999995,94,94,3,91,276
2025-05-03,Wirex,0.0,0,0,0,0,1
2025-05-04,Rain,438648.0599999992,1980,1975,150,1825,27820
2025-05-04,UR,51652.38806432002,2442,952,40,912,10742
2025-05-04,Bridge,1219.86,34,18,3,15,53
2025-05-04,Immersve,1895.19,11,6,0,6,10
2025-05-04,Kulipa,11429.149999999996,91,91,2,89,278
2025-05-04,Wirex,0.0,0,0,0,0,1
2025-05-05,Rain,431473.8899999998,1997,1934,157,1777,27977
2025-05-05,UR,61045.86861198011,2475,994,59,935,10801
2025-05-05,Bridge,1405.3,42,16,1,15,54
2025-05-05,Immersve,4021.71,10,6,0,6,10
2025-05-05,Kulipa,8570.39,81,81,1,80,279
2025-05-05,Wirex,0.0,0,0,0,0,1
2025-05-06,Rain,389593.7499999993,1850,1846,143,1703,28120
2025-05-06,UR,52015.427362520015,2481,1000,64,936,10865
2025-05-06,Bridge,1967.4499999999998,45,22,5,17,59
2025-05-06,Immersve,2839.1700000000005,12,6,0,6,10
2025-05-06,Kulipa,10977.839999999995,83,83,2,81,281
2025-05-06,Wirex,12.450206,3,1,0,1,1
2025-05-07,Rain,459614.50999999914,2099,2070,158,1912,28278
2025-05-07,UR,38990.52055285004,2540,981,64,917,10929
2025-05-07,Bridge,1042.8600000000001,30,17,2,15,61
2025-05-07,Immersve,2123.7999999999997,11,7,0,7,10
2025-05-07,Kulipa,16096.22,99,99,3,96,284
2025-05-07,Wirex,13.623646,4,2,1,1,2
2025-05-08,Rain,3145660.3200000045,1688,1669,104,1565,28382
2025-05-08,UR,43541.03619407996,2373,974,57,917,10986
2025-05-08,Bridge,2738.5999999999995,43,18,2,16,63
2025-05-08,Immersve,5518.9,9,6,0,6,10
2025-05-08,Kulipa,16356.86,88,88,11,77,295
2025-05-08,Wirex,0.0,0,0,0,0,2
2025-05-09,Rain,1503675.2100000014,2365,2355,247,2108,28629
2025-05-09,UR,46668.93388663002,2533,1026,55,971,11041
2025-05-09,Bridge,1361.9200000000005,37,13,0,13,63
2025-05-09,Immersve,3397.56,9,6,0,6,10
2025-05-09,Kulipa,14861.459999999997,74,74,2,72,297
2025-05-09,Wirex,1681.19640655956,2,2,0,2,2
2025-05-10,Rain,467168.68999999925,2110,2104,159,1945,28788
2025-05-10,UR,48208.21733747999,2726,1095,53,1042,11094
2025-05-10,Bridge,2038.1799999999998,53,17,2,15,65
2025-05-10,Immersve,2202.69,3,3,0,3,10
2025-05-10,Kulipa,20308.799999999992,106,106,4,102,301
2025-05-10,Wirex,0.0,0,0,0,0,2
2025-05-11,Rain,370781.34999999905,1477,1473,92,1381,28880
2025-05-11,UR,38458.946255329996,2634,1014,41,973,11135
2025-05-11,Bridge,2569.5700000000006,41,21,3,18,68
2025-05-11,Immersve,5170.39,11,7,0,7,10
2025-05-11,Kulipa,24018.569999999996,109,109,2,107,303
2025-05-11,Wirex,0.0,0,0,0,0,2
2025-05-12,Rain,536213.0299999996,2391,2390,223,2167,29103
2025-05-12,UR,75470.07003965985,2552,1070,62,1008,11197
2025-05-12,Bridge,2415.8,48,22,3,19,71
2025-05-12,Immersve,1849.23,10,6,0,6,10
2025-05-12,Kulipa,14986.439999999997,135,102,1,101,304
2025-05-12,Wirex,0.0,0,0,0,0,2
2025-05-13,Rain,410111.2999999988,1979,1976,166,1810,29269
2025-05-13,UR,55076.639460510094,2489,1074,68,1006,11265
2025-05-13,Bridge,2644.0099999999998,43,17,2,15,73
2025-05-13,Immersve,5937.670000000001,11,7,0,7,10
2025-05-13,Kulipa,8458.54,63,63,3,60,307
2025-05-13,Wirex,725.301889988832,1,1,0,1,2
2025-05-14,Rain,253377.65000000002,1170,1169,108,1061,29377
2025-05-14,UR,35228.21106697008,2564,1106,87,1019,11352
2025-05-14,Bridge,2268.42,38,19,0,19,73
2025-05-14,Immersve,2997.8100000000004,11,6,0,6,10
2025-05-14,Kulipa,15994.57,101,101,3,98,310
2025-05-14,Wirex,293.92508380342605,3,2,1,1,3
2025-05-15,Rain,642192.79,2790,2744,219,2525,29596
2025-05-15,UR,118560.1323728901,2606,1136,136,1000,11488
2025-05-15,Bridge,1942.6999999999998,35,18,3,15,76
2025-05-15,Immersve,2759.73,8,6,0,6,10
2025-05-15,Kulipa,20936.670000000002,90,90,4,86,314
2025-05-15,Wirex,16.771079999999998,2,1,0,1,3
2025-05-16,Rain,589019.2599999994,2345,2171,189,1982,29785
2025-05-16,UR,174179.75652505984,2774,1200,92,1108,11580
2025-05-16,Bridge,1729.1799999999998,43,19,3,16,79
2025-05-16,Immersve,2124.9300000000003,10,6,0,6,10
2025-05-16,Kulipa,14163.278941999995,148,105,2,103,316
2025-05-16,Wirex,11.174225,2,1,0,1,3
2025-05-17,Rain,393495.18999999994,2094,2056,137,1919,29922
2025-05-17,UR,44589.35721983986,2811,1155,85,1070,11665
2025-05-17,Bridge,1516.41,31,16,0,16,79
2025-05-17,Immersve,2479.0200000000004,9,6,0,6,10
2025-05-17,Kulipa,17999.655622,143,106,4,102,320
2025-05-17,Wirex,0.0,0,0,0,0,3
2025-05-18,Rain,361472.8199999996,2112,1999,150,1849,30072
2025-05-18,UR,46573.516802179816,2984,1180,97,1083,11762
2025-05-18,Bridge,1178.32,41,18,0,18,79
2025-05-18,Immersve,2740.5099999999998,10,6,0,6,10
2025-05-18,Kulipa,21566.49,80,80,1,79,321
2025-05-18,Wirex,0.0,0,0,0,0,3
2025-05-19,Rain,571174.8899999993,2188,2091,146,1945,30218
2025-05-19,UR,45251.26423840003,2848,1198,106,1092,11868
2025-05-19,Bridge,1642.8399999999997,38,19,2,17,81
2025-05-19,Immersve,3712.81,10,6,0,6,10
2025-05-19,Kulipa,10163.649999999998,84,84,1,83,322
2025-05-19,Wirex,21301.789768932187,2,2,1,1,4
2025-05-20,Rain,362575.9299999997,2067,1989,150,1839,30368
2025-05-20,UR,43385.90425927995,2872,1244,88,1156,11956
2025-05-20,Bridge,3124.9700000000003,51,21,3,18,84
2025-05-20,Immersve,4625.22,9,6,0,6,10
2025-05-20,Kulipa,14662.585436,100,100,1,99,323
2025-05-20,Wirex,5069.283156399,3,3,2,1,6
2025-05-21,Rain,563645.5899999987,2242,2160,140,2020,30508
2025-05-21,UR,44850.450237520025,2813,1202,78,1124,12034
2025-05-21,Bridge,2290.3199999999997,52,20,1,19,85
2025-05-21,Immersve,6314.490000000001,10,6,0,6,10
2025-05-21,Kulipa,11006.689999999999,85,85,4,81,327
2025-05-21,Wirex,5.64415,1,1,1,0,7
2025-05-22,Rain,158804.78999999998,1167,1135,53,1082,30561
2025-05-22,UR,52060.03908272993,2952,1208,83,1125,12117
2025-05-22,Bridge,4964.760000000002,56,29,2,27,87
2025-05-22,Immersve,3278.2799999999997,9,6,0,6,10
2025-05-22,Kulipa,12354.639999999996,93,93,4,89,331
2025-05-22,Wirex,2.493554,1,1,0,1,7
2025-05-23,Rain,565495.4899999998,2969,2848,277,2571,30838
2025-05-23,UR,61529.35541137004,3045,1287,94,1193,12211
2025-05-23,Bridge,2011.7699999999998,57,25,4,21,91
2025-05-23,Immersve,2074.41,12,6,0,6,10
2025-05-23,Kulipa,11549.92,73,73,1,72,332
2025-05-23,Wirex,529.384844505083,6,3,1,2,8
2025-05-24,Rain,358599.30999999936,2241,2230,162,2068,31000
2025-05-24,UR,50045.160443569956,3137,1231,77,1154,12288
2025-05-24,Bridge,3181.5299999999993,51,25,2,23,93
2025-05-24,Immersve,4957.0599999999995,10,6,0,6,10
2025-05-24,Kulipa,11709.69,97,97,2,95,334
2025-05-24,Wirex,0.311722,1,1,0,1,8
2025-05-25,Rain,538809.0299999999,2308,2288,179,2109,31179
2025-05-25,UR,41561.53400447,3090,1239,67,1172,12355
2025-05-25,Bridge,3403.47,61,20,0,20,93
2025-05-25,Immersve,2578.7200000000003,9,5,0,5,10
2025-05-25,Kulipa,10254.46,87,87,2,85,336
2025-05-25,Wirex,20.4353849622,1,1,0,1,8
2025-05-26,Rain,364143.2499999998,2123,2116,139,1977,31318
2025-05-26,UR,45601.49483900003,2793,1174,65,1109,12420
2025-05-26,Bridge,1060.25,31,15,2,13,95
2025-05-26,Immersve,4161.13,11,6,0,6,10
2025-05-26,Kulipa,8649.62,74,74,1,73,337
2025-05-26,Wirex,3239.672193510925,5,1,0,1,8
2025-05-27,Rain,1387703.1499999994,2117,2113,132,1981,31450
2025-05-27,UR,49210.55321698985,2854,1218,85,1133,12505
2025-05-27,Bridge,1256.2800000000002,29,18,1,17,96
2025-05-27,Immersve,4451.12,10,6,0,6,10
2025-05-27,Kulipa,9135.099999999999,89,89,4,85,341
2025-05-27,Wirex,57.065866,1,1,0,1,8
2025-05-28,Rain,387731.86000000057,2320,2307,148,2159,31598
2025-05-28,UR,65756.88667494003,2953,1264,102,1162,12607
2025-05-28,Bridge,977.6600000000001,32,17,0,17,96
2025-05-28,Immersve,3223.64,9,6,0,6,10
2025-05-28,Kulipa,7939.84,92,92,4,88,345
2025-05-28,Wirex,454.696677,2,2,0,2,8
2025-05-29,Rain,473094.1799999991,2455,2440,154,2286,31752
2025-05-29,UR,40012.43686500999,2977,1256,83,1173,12690
2025-05-29,Bridge,1278.3300000000002,44,23,2,21,98
2025-05-29,Immersve,6161.3600000000015,10,6,0,6,10
2025-05-29,Kulipa,11828.859999999995,89,89,1,88,346
2025-05-29,Wirex,0.0,0,0,0,0,8
2025-05-30,Rain,382540.6800000002,2389,2380,153,2227,31905
2025-05-30,UR,43630.733032420074,3029,1244,72,1172,12762
2025-05-30,Bridge,2758.97,45,23,1,22,99
2025-05-30,Immersve,9821.880000000001,12,6,0,6,10
2025-05-30,Kulipa,11469.199999999997,95,95,5,90,351
2025-05-30,Wirex,19278.787522236576,7,5,3,2,11
2025-05-31,Rain,443492.6699999992,2345,2336,147,2189,32052
2025-05-31,UR,87701.72599619995,3044,1273,93,1180,12855
2025-05-31,Bridge,2105.6899999999996,33,17,2,15,101
2025-05-31,Immersve,5100.64,11,6,0,6,10
2025-05-31,Kulipa,13425.320000000002,101,101,8,93,359
2025-05-31,Wirex,1710.4198922812998,2,2,0,2,11
2025-06-01,Rain,1393688.7799999977,2275,2265,158,2107,32210
2025-06-01,UR,47329.58611953007,3000,1229,77,1152,12932
2025-06-01,Bridge,1695.2299999999998,38,20,0,20,101
2025-06-01,Immersve,1651.92,11,7,0,7,10
2025-06-01,Kulipa,6937.750000000001,84,84,7,77,366
2025-06-01,Wirex,11961.745046276841,7,4,0,4,11
2025-06-02,Rain,469564.54000000004,2061,2052,137,1915,32347
2025-06-02,UR,58056.7764414701,3026,1271,84,1187,13016
2025-06-02,Bridge,2521.4200000000005,47,19,0,19,101
2025-06-02,Immersve,2648.8700000000003,11,7,0,7,10
2025-06-02,Kulipa,20755.120000000014,123,123,4,119,370
2025-06-02,Wirex,0.0,0,0,0,0,11
2025-06-03,Rain,629376.8699999992,2259,2252,163,2089,32510
2025-06-03,UR,51819.10129052007,3036,1292,78,1214,13094
2025-06-03,Bridge,2274.2500000000005,41,22,2,20,103
2025-06-03,Immersve,3319.35,8,6,0,6,10
2025-06-03,Kulipa,23390.209999999992,110,110,2,108,372
2025-06-03,Wirex,35207.4224355499,3,3,1,2,12
2025-06-04,Rain,372034.16999999894,2276,2272,183,2089,32693
2025-06-04,UR,47173.15958925996,3004,1264,92,1172,13186
2025-06-04,Bridge,6562.799999999999,42,17,0,17,103
2025-06-04,Immersve,5074.33,9,6,0,6,10
2025-06-04,Kulipa,13974.509291,110,110,4,106,376
2025-06-04,Wirex,433.29219916617603,5,3,1,2,13
2025-06-05,Rain,749505.8799999984,2419,2410,193,2217,32886
2025-06-05,UR,43851.256822920055,3185,1314,83,1231,13269
2025-06-05,Bridge,3646.6399999999994,43,24,1,23,104
2025-06-05,Immersve,3583.5,12,8,0,8,10
2025-06-05,Kulipa,12739.87,121,121,3,118,379
2025-06-05,Wirex,6900.3462502026305,5,4,1,3,14
2025-06-06,Rain,681487.2899999995,2496,2489,208,2281,33094
2025-06-06,UR,152000.75528599,3386,1354,92,1262,13361
2025-06-06,Bridge,1481.02,31,15,3,12,107
2025-06-06,Immersve,2786.0099999999998,12,8,0,8,10
2025-06-06,Kulipa,18530.7,119,119,6,113,385
2025-06-06,Wirex,1476.89811401682,6,4,1,3,15
2025-06-07,Rain,562819.2399999996,2403,2401,165,2236,33259
2025-06-07,UR,58460.62818560003,3376,1319,67,1252,13428
2025-06-07,Bridge,1751.03,37,20,4,16,111
2025-06-07,Immersve,4036.5200000000004,10,6,0,6,10
2025-06-07,Kulipa,13712.349999999999,111,111,4,107,389
2025-06-07,Wirex,268.626709970607,4,3,0,3,15
2025-06-08,Rain,3445736.7800000077,2613,2611,189,2422,33448
2025-06-08,UR,50919.93398187996,3229,1326,96,1230,13524
2025-06-08,Immersve,2594.5800000000004,11,8,1,7,11
2025-06-08,Bridge,3506.2500000000005,61,23,2,21,113
2025-06-08,Kulipa,21684.469999999998,133,133,5,128,394
2025-06-08,Wirex,656.158976652239,3,3,1,2,16
2025-06-09,Rain,940417.6799999975,2240,2238,126,2112,33574
2025-06-09,UR,45337.93482339007,3355,1360,83,1277,13607
2025-06-09,Immersve,4095.38,10,6,0,6,11
2025-06-09,Bridge,1719.0399999999995,37,20,1,19,114
2025-06-09,Kulipa,17358.540000000005,124,124,2,122,396
2025-06-09,Wirex,4335.571086251335,8,6,0,6,16
2025-06-10,Rain,495737.9899999997,2225,2221,150,2071,33724
2025-06-10,UR,77196.80529057996,3221,1408,94,1314,13701
2025-06-10,Immersve,3323.7899999999995,10,8,0,8,11
2025-06-10,Bridge,5278.090000000001,40,20,1,19,115
2025-06-10,Kulipa,21598.279999999995,116,116,5,111,401
2025-06-10,Wirex,24047.538895416958,6,4,1,3,17
2025-06-11,Rain,457317.40999999986,2528,2520,182,2338,33906
2025-06-11,UR,62221.883263380005,3358,1384,90,1294,13791
2025-06-11,Immersve,2723.46,12,7,0,7,11
2025-06-11,Bridge,2011.41,37,22,1,21,116
2025-06-11,Kulipa,17187.12999999999,125,125,6,119,407
2025-06-11,Wirex,2149.3502903153035,9,5,2,3,19
2025-06-12,Rain,431850.5399999996,2354,2348,150,2198,34056
2025-06-12,UR,60128.67333646989,3364,1411,83,1328,13874
2025-06-12,Immersve,2418.3300000000004,10,6,0,6,11
2025-06-12,Bridge,886.0183980000002,36,20,1,19,117
2025-06-12,Kulipa,14859.030708999999,123,123,9,114,416
2025-06-12,Wirex,774.4210460458801,14,7,2,5,21
2025-06-13,Rain,644265.2199999975,2632,2628,170,2458,34226
2025-06-13,UR,63792.33126194999,3400,1414,90,1324,13964
2025-06-13,Immersve,6420.889999999999,11,6,0,6,11
2025-06-13,Bridge,1500.07,38,21,2,19,119
2025-06-13,Kulipa,35441.26000000001,144,144,6,138,422
2025-06-13,Wirex,437.054057617926,4,3,0,3,21
2025-06-14,Rain,560253.0100000002,2530,2521,156,2365,34382
2025-06-14,UR,63457.46639902002,3425,1366,79,1287,14043
2025-06-14,Immersve,3881.95,11,8,0,8,11
2025-06-14,Bridge,2031.2099999999998,51,20,2,18,121
2025-06-14,Kulipa,18365.78,137,137,6,131,428
2025-06-14,Wirex,542.14869374195,4,3,0,3,21
2025-06-15,Rain,466892.3499999993,2509,2505,167,2338,34549
2025-06-15,UR,49536.06595491008,3274,1334,62,1272,14105
2025-06-15,Immersve,1828.69,9,7,0,7,11
2025-06-15,Bridge,4195.72,52,21,2,19,123
2025-06-15,Kulipa,16336.08,116,116,5,111,433
2025-06-15,Wirex,1823.18059739625,6,5,0,5,21
2025-06-16,Rain,467010.03000000055,2364,2355,126,2229,34675
2025-06-16,UR,76938.79345149006,3300,1364,90,1274,14195
2025-06-16,Immersve,2927.82,10,7,0,7,11
2025-06-16,Bridge,3566.07,50,20,1,19,124
2025-06-16,Kulipa,21506.109999999997,122,122,5,117,438
2025-06-16,Wirex,808.6290421682999,3,3,0,3,21
2025-06-17,Rain,504411.51000000036,2322,2320,134,2186,34809
2025-06-17,UR,57419.15791088999,3537,1485,180,1305,14375
2025-06-17,Immersve,3301.8700000000003,7,6,0,6,11
2025-06-17,Bridge,4048.069999999999,52,27,1,26,125
2025-06-17,Kulipa,19581.279328,144,144,5,139,443
2025-06-17,Wirex,547.95843781154,6,4,1,3,22
2025-06-18,Rain,686271.8600000001,2630,2623,167,2456,34976
2025-06-18,UR,64762.18877417011,3721,1557,156,1401,14531
2025-06-18,Immersve,3815.4900000000007,9,7,0,7,11
2025-06-18,Bridge,2465.47,72,30,1,29,126
2025-06-18,Kulipa,16585.689999999995,127,127,2,125,445
2025-06-18,Wirex,44505.330643604444,6,4,0,4,22
2025-06-19,Rain,568820.3699999992,2431,2427,177,2250,35153
2025-06-19,UR,83067.30937319997,3677,1554,136,1418,14667
2025-06-19,Immersve,3383.2999999999997,11,7,0,7,11
2025-06-19,Bridge,2519.1399999999985,56,23,1,22,127
2025-06-19,Kulipa,22964.109999999997,142,142,10,132,455
2025-06-19,Wirex,519.8978463313601,5,5,1,4,23
2025-06-20,Rain,667370.9399999988,2930,2921,254,2667,35407
2025-06-20,UR,55841.57505273005,3952,1623,115,1508,14782
2025-06-20,Immersve,10676.250000000002,11,7,0,7,11
2025-06-20,Bridge,4363.120000000001,61,25,3,22,130
2025-06-20,Kulipa,15411.810000000001,139,139,5,134,460
2025-06-20,Wirex,117381.42161133453,7,5,1,4,24
2025-06-21,Rain,708380.9899999992,2797,2781,250,2531,35657
2025-06-21,UR,67265.84445201998,4184,1650,108,1542,14890
2025-06-21,Immersve,2164.81,11,6,0,6,11
2025-06-21,Bridge,2900.26,56,22,3,19,133
2025-06-21,Kulipa,16629.35,136,136,6,130,466
2025-06-21,Wirex,1455.4958826889601,2,1,0,1,24
2025-06-22,Rain,611019.75,2631,2622,205,2417,35862
2025-06-22,UR,52889.38522882003,3982,1593,101,1492,14991
2025-06-22,Immersve,3544.25,6,4,0,4,11
2025-06-22,Bridge,1999.6100000000001,55,22,0,22,133
2025-06-22,Kulipa,29086.069999999996,140,140,5,135,471
2025-06-22,Wirex,1050.272662,8,2,1,1,25
2025-06-23,Rain,475547.10999999975,2629,2621,210,2411,36072
2025-06-23,UR,62096.318124769954,3828,1603,117,1486,15108
2025-06-23,Immersve,3962.620000000001,11,8,0,8,11
2025-06-23,Bridge,3327.519999999999,50,28,1,27,134
2025-06-23,Kulipa,17964.950000000004,126,126,6,120,477
2025-06-23,Wirex,58467.85473853777,9,5,2,3,27
2025-06-24,Rain,835096.1300000008,2588,2582,220,2362,36292
2025-06-24,UR,71341.28343540008,4040,1691,126,1565,15234
2025-06-24,Immersve,2678.5799999999995,8,7,0,7,11
2025-06-24,Bridge,5016.259999999998,59,24,1,23,135
2025-06-24,Kulipa,17033.000000000004,124,124,3,121,480
2025-06-24,Wirex,260.447503953945,9,3,0,3,27
2025-06-25,Rain,637985.2299999984,2817,2813,219,2594,36511
2025-06-25,UR,72549.28386854994,4166,1727,135,1592,15369
2025-06-25,Immersve,4052.41,10,7,0,7,11
2025-06-25,Bridge,2653.8,79,29,1,28,136
2025-06-25,Kulipa,11363.569999999994,117,117,2,115,482
2025-06-25,Wirex,86212.09058008148,12,6,0,6,27
2025-06-26,Rain,612464.3999999996,2777,2769,187,2582,36698
2025-06-26,UR,66191.88770489002,4246,1733,116,1617,15485
2025-06-26,Immersve,2608.4300000000003,10,5,0,5,11
2025-06-26,Bridge,2088.1299999999997,72,27,1,26,137
2025-06-26,Kulipa,27822.259999999995,132,132,9,123,491
2025-06-26,Wirex,3245.183965160774,29,8,3,5,30
2025-06-27,Rain,844073.8699999978,2916,2909,251,2658,36949
2025-06-27,UR,76492.58626693979,4496,1854,201,1653,15686
2025-06-27,Immersve,8224.869999999999,10,6,0,6,11
2025-06-27,Bridge,902.0299999999999,42,16,0,16,137
2025-06-27,Kulipa,12329.630000000005,103,103,2,101,493
2025-06-27,Wirex,135651.33277588605,20,7,0,7,30
2025-06-28,Rain,966938.7399999981,3026,3020,296,2724,37245
2025-06-28,UR,71317.70927529973,4865,1874,170,1704,15856
2025-06-28,Immersve,3859.87,10,5,0,5,11
2025-06-28,Bridge,1023.9000000000001,46,21,1,20,138
2025-06-28,Kulipa,15596.46000000001,143,143,3,140,496
2025-06-28,Wirex,875.3230431858441,19,4,1,3,31
2025-06-29,Rain,861178.2599999994,3050,3039,296,2743,37541
2025-06-29,UR,56985.60164146985,4689,1811,137,1674,15993
2025-06-29,Immersve,1486.9099999999999,8,5,0,5,11
2025-06-29,Bridge,1602.9700000000003,36,20,0,20,138
2025-06-29,Kulipa,18590.859999999997,118,118,6,112,502
2025-06-29,Wirex,241.17039999999997,7,2,0,2,31
2025-06-30,Rain,531741.3899999986,2886,2879,253,2626,37794
2025-06-30,UR,67471.7504070498,4796,1930,216,1714,16209
2025-06-30,Immersve,5450.879999999999,9,5,0,5,11
2025-06-30,Bridge,1052.0600000000002,53,25,0,25,138
2025-06-30,Kulipa,17650.78000000001,108,108,5,103,507
2025-06-30,Wirex,1203.9958241712948,9,5,2,3,33
2025-07-01,Rain,550025.4599999991,2828,2823,277,2546,38071
2025-07-01,UR,173138.65870298006,5001,2092,257,1835,16466
2025-07-01,Immersve,3093.08,10,7,0,7,11
2025-07-01,Bridge,4291.55,45,26,1,25,139
2025-07-01,Kulipa,34328.85000000002,219,167,5,162,512
2025-07-01,Wirex,8888.496028809204,24,11,3,8,36
2025-07-02,Rain,775900.7100000001,3259,3247,321,2926,38392
2025-07-02,UR,71522.35759146005,5187,2134,216,1918,16682
2025-07-02,Immersve,7617.589999999999,11,8,0,8,11
2025-07-02,Bridge,3045.99,54,30,2,28,141
2025-07-02,Kulipa,27098.82,131,131,8,123,520
2025-07-02,Wirex,29566.560007900778,21,8,1,7,37
2025-07-03,Rain,1650704.7099999993,3274,3266,296,2970,38688
2025-07-03,UR,103909.2469779698,5183,2144,199,1945,16881
2025-07-03,Immersve,9884.65,11,7,0,7,11
2025-07-03,Bridge,1650.0799999999997,59,29,3,26,144
2025-07-03,Kulipa,30493.78999999999,143,143,11,132,531
2025-07-03,Wirex,90710.80237156297,34,10,2,8,39
2025-07-04,Rain,911426.6900000013,3323,3314,332,2982,39020
2025-07-04,UR,73876.86531759994,5514,2243,208,2035,17089
2025-07-04,Immersve,4647.02,11,7,0,7,11
2025-07-04,Bridge,2245.337133,65,24,0,24,144
2025-07-04,Kulipa,28513.350555000008,153,153,8,145,539
2025-07-04,Wirex,85784.4875852235,14,5,3,2,42
2025-07-05,Rain,862112.1699999982,3364,3358,301,3057,39321
2025-07-05,UR,83154.99291112984,6003,2300,185,2115,17274
2025-07-05,Immersve,3011.18,10,7,0,7,11
2025-07-05,Bridge,2452.1600000000003,70,27,0,27,144
2025-07-05,Kulipa,29074.169999999995,146,146,4,142,543
2025-07-05,Wirex,19194.457097177783,19,10,1,9,43
2025-07-06,Rain,639230.8699999982,3316,3309,335,2974,39656
2025-07-06,UR,71733.73989064999,5587,2198,132,2066,17406
2025-07-06,Immersve,4535.26,8,5,0,5,11
2025-07-06,Bridge,2536.02,56,25,0,25,144
2025-07-06,Kulipa,25443.790000000008,142,142,4,138,547
2025-07-06,Wirex,1379.0152661051281,12,5,1,4,44
2025-07-07,Rain,662818.7999999985,3012,3003,264,2739,39920
2025-07-07,UR,76803.13662846996,5395,2213,160,2053,17566
2025-07-07,Immersve,6237.91,9,6,0,6,11
2025-07-07,Bridge,1041.6499999999994,54,23,1,22,145
2025-07-07,Kulipa,27212.280000000002,156,156,5,151,552
2025-07-07,Wirex,21404.56594723347,13,7,4,3,48
2025-07-08,Rain,3357822.6700000092,3342,3333,316,3017,40236
2025-07-08,UR,69177.37415730997,5229,2199,150,2049,17716
2025-07-08,Immersve,4200.3,12,8,0,8,11
2025-07-08,Bridge,4199.32,69,30,3,27,148
2025-07-08,Kulipa,23544.93,141,141,1,140,553
2025-07-08,Wirex,1755.8432048366637,16,5,2,3,50
2025-07-09,Rain,682100.8399999989,3467,3456,295,3161,40531
2025-07-09,UR,67409.5613875098,5255,2132,113,2019,17829
2025-07-09,Immersve,11280.76,9,6,0,6,11
2025-07-09,Bridge,2994.7000000000007,63,29,3,26,151
2025-07-09,Kulipa,45175.67000000003,193,193,8,185,561
2025-07-09,Wirex,4746.347139883812,11,7,1,6,51
2025-07-10,Rain,753641.2399999999,3171,3157,273,2884,40804
2025-07-10,UR,77567.54008805001,5339,2279,138,2141,17967
2025-07-10,Immersve,13690.82,7,5,0,5,11
2025-07-10,Bridge,2159.78,55,28,3,25,154
2025-07-10,Kulipa,33392.62944499999,177,177,6,171,567
2025-07-10,Wirex,39485.457112000004,19,10,3,7,54
2025-07-11,Rain,96.21,2,2,0,2,40804
2025-07-11,UR,78474.62373776006,5710,2336,160,2176,18127
2025-07-11,Immersve,6185.509999999999,11,7,0,7,11
2025-07-11,Bridge,3132.05,66,29,1,28,155
2025-07-11,Kulipa,18111.769999999997,172,172,2,170,569
2025-07-11,Wirex,8171.050111740707,19,11,2,9,56
2025-07-12,Rain,0.0,0,0,0,0,40804
2025-07-12,UR,92491.50565116992,5997,2343,138,2205,18265
2025-07-12,Immersve,4405.99,6,4,0,4,11
2025-07-12,Bridge,3686.1800000000007,52,26,2,24,157
2025-07-12,Kulipa,22050.03000000001,131,131,3,128,572
2025-07-12,Wirex,1684.751045158706,15,6,1,5,57
2025-07-13,Rain,1935361.999999996,5947,5893,809,5084,41613
2025-07-13,UR,80920.84176754983,5754,2252,133,2119,18398
2025-07-13,Immersve,17634.97,13,6,0,6,11
2025-07-13,Bridge,3527.82,49,21,0,21,157
2025-07-13,Kulipa,28079.070000000007,178,178,5,173,577
2025-07-13,Wirex,1051.836177950699,20,8,0,8,57
2025-07-14,Rain,504776.1699999988,2880,2876,233,2643,41846
2025-07-14,UR,88737.19509214016,5449,2305,153,2152,18551
2025-07-14,Immersve,7807.37,6,4,0,4,11
2025-07-14,Bridge,3272.5199999999995,75,33,2,31,159
2025-07-14,Kulipa,23262.98,139,139,3,136,580
2025-07-14,Wirex,140473.48772970855,14,4,0,4,57
2025-07-15,Rain,489266.9799999996,2915,2911,231,2680,42077
2025-07-15,UR,98128.66539074018,5509,2301,123,2178,18674
2025-07-15,Immersve,4702.0,8,5,0,5,11
2025-07-15,Bridge,4439.08,55,29,1,28,160
2025-07-15,Kulipa,32423.908133,180,180,12,168,592
2025-07-15,Wirex,1111.465724295691,10,4,1,3,58
2025-07-16,Rain,467557.5299999985,3228,3222,277,2945,42354
2025-07-16,UR,89820.58048218003,5455,2274,127,2147,18801
2025-07-16,Immersve,5215.14,9,6,0,6,11
2025-07-16,Bridge,3801.3299999999995,72,35,3,32,163
2025-07-16,Kulipa,22393.96,165,165,13,152,605
2025-07-16,Wirex,31249.700121294667,14,8,2,6,60
2025-07-17,Rain,412986.77999999904,3270,3263,319,2944,42673
2025-07-17,UR,89871.34329333983,5641,2304,117,2187,18918
2025-07-17,Immersve,8347.65,10,7,0,7,11
2025-07-17,Bridge,3826.669999999998,76,33,5,28,168
2025-07-17,Kulipa,20477.210000000014,163,163,10,153,615
2025-07-17,Wirex,3394.7453551113294,35,10,2,8,62
2025-07-18,Rain,4325302.090000031,4515,4503,476,4027,43149
2025-07-18,UR,84352.38390744987,5792,2352,127,2225,19045
2025-07-18,Immersve,6617.9,9,5,0,5,11
2025-07-18,Bridge,3086.0199999999986,56,27,1,26,169
2025-07-18,Kulipa,32403.810000000005,174,174,9,165,624
2025-07-18,Wirex,9093.255047783785,28,12,1,11,63
2025-07-19,Rain,1451406.2999999986,3688,3680,269,3411,43418
2025-07-19,UR,85754.35239976004,6266,2433,135,2298,19180
2025-07-19,Immersve,1813.24,6,5,0,5,11
2025-07-19,Bridge,3511.01,72,30,5,25,174
2025-07-19,Kulipa,31253.518228,188,188,10,178,634
2025-07-19,Wirex,1593.476710948806,31,6,0,6,63
2025-07-20,Rain,1442928.3499999973,3615,3608,282,3326,43700
2025-07-20,UR,79257.43763297974,5618,2171,121,2050,19301
2025-07-20,Immersve,1943.65,3,2,0,2,11
2025-07-20,Bridge,2682.6100000000006,55,25,1,24,175
2025-07-20,Kulipa,32193.819999999992,200,200,10,190,644
2025-07-20,Wirex,3937.672396564584,27,11,0,11,63
2025-07-21,Rain,1075751.0100000023,3583,3573,253,3320,43953
2025-07-21,UR,218732.87919829,5613,2341,143,2198,19444
2025-07-21,Immersve,1658.68,2,1,0,1,11
2025-07-21,Bridge,2597.8299999999986,71,34,3,31,178
2025-07-21,Kulipa,23466.55,180,180,3,177,647
2025-07-21,Wirex,39651.959866291814,24,12,2,10,65
2025-07-22,Rain,1566028.9300000041,3373,3360,257,3103,44210
2025-07-22,UR,87576.28156227994,5594,2343,152,2191,19596
2025-07-22,Immersve,793.6700000000001,2,1,0,1,11
2025-07-22,Bridge,4701.800000000001,80,37,1,36,179
2025-07-22,Kulipa,30922.110361999996,200,200,4,196,651
2025-07-22,Wirex,1304.582458881785,27,9,3,6,68
2025-07-23,Rain,1398127.4099999943,3757,3742,238,3504,44448
2025-07-23,UR,85677.9780058298,5551,2349,154,2195,19750
2025-07-23,Immersve,1667.8999999999999,4,3,0,3,11
2025-07-23,Bridge,2085.0179179999996,62,29,1,28,180
2025-07-23,Kulipa,31001.84786700001,206,206,12,194,663
2025-07-23,Wirex,103682.75900064425,29,8,3,5,71
2025-07-24,Rain,1380093.759999998,3826,3811,305,3506,44753
2025-07-24,UR,88281.9865571899,5727,2395,138,2257,19888
2025-07-24,Immersve,1675.42,2,1,0,1,11
2025-07-24,Bridge,1812.67,67,31,2,29,182
2025-07-24,Kulipa,30539.002132999987,219,219,18,201,681
2025-07-24,Wirex,4036.8759119999995,23,9,2,7,73
2025-07-25,Rain,1067300.1799999962,3663,3657,234,3423,44987
2025-07-25,UR,85160.14379360987,5762,2437,164,2273,20052
2025-07-25,Immersve,1645.0100000000002,2,1,0,1,11
2025-07-25,Bridge,3246.4199999999996,82,36,3,33,185
2025-07-25,Kulipa,59422.96000000002,253,253,15,238,696
2025-07-25,Wirex,39176.888403447425,40,13,2,11,75
2025-07-26,Rain,1032314.0599999995,3741,3732,258,3474,45245
2025-07-26,UR,77866.27475963978,6354,2472,164,2308,20216
2025-07-26,Immersve,30098.129999999997,9,6,0,6,11
2025-07-26,Bridge,4143.669999999999,84,37,0,37,185
2025-07-26,Kulipa,32072.439999999988,187,187,11,176,707
2025-07-26,Wirex,3731.0196873367217,39,10,1,9,76
2025-07-27,Rain,970447.7699999975,3707,3696,246,3450,45491
2025-07-27,UR,77625.6835894899,5748,2365,136,2229,20352
2025-07-27,Immersve,1412.17,2,1,0,1,11
2025-07-27,Bridge,3522.6499999999996,80,29,3,26,188
2025-07-27,Kulipa,50373.10226500003,197,197,6,191,713
2025-07-27,Wirex,5475.886801000001,42,5,0,5,76
2025-07-28,Rain,1036520.3699999993,3475,3463,217,3246,45708
2025-07-28,UR,88032.08067511988,5720,2448,188,2260,20540
2025-07-28,Immersve,1383.89,4,3,0,3,11
2025-07-28,Bridge,3272.1599999999994,73,34,0,34,188
2025-07-28,Kulipa,30347.767735000005,216,216,6,210,719
2025-07-28,Wirex,65894.68702065464,57,11,2,9,78
2025-07-29,Rain,1158216.2499999984,3457,3450,229,3221,45937
2025-07-29,UR,99455.74449233006,5644,2415,142,2273,20682
2025-07-29,Immersve,6713.299999999999,2,1,0,1,11
2025-07-29,Bridge,2836.82,61,30,4,26,192
2025-07-29,Kulipa,44234.05999999996,247,247,18,229,737
2025-07-29,Wirex,50506.28718168376,45,23,6,17,84
2025-07-30,Rain,95101.95000000001,578,578,53,525,45990
2025-07-30,UR,102381.29086596008,5785,2491,159,2332,20841
2025-07-30,Immersve,4136.26,2,1,0,1,11
2025-07-30,Bridge,4268.22,68,37,0,37,192
2025-07-30,Kulipa,22392.84000000001,188,188,15,173,752
2025-07-30,Wirex,61732.388045140986,35,18,2,16,86
2025-07-31,Rain,2369293.0200000117,5743,5725,734,4991,46724
2025-07-31,UR,84697.75206589,5949,2505,153,2352,20994
2025-07-31,Immersve,3151.45,2,1,0,1,11
2025-07-31,Bridge,3616.8599999999997,83,34,1,33,193
2025-07-31,Kulipa,51037.31999999999,200,200,16,184,768
2025-07-31,Wirex,10425.70593185826,26,16,4,12,90
2025-08-01,Rain,1249661.630000005,3713,3699,397,3302,47121
2025-08-01,UR,93370.40343533999,6333,2604,168,2436,21162
2025-08-01,Immersve,1314.16,3,2,0,2,11
2025-08-01,Bridge,4171.549999999999,62,29,1,28,194
2025-08-01,Kulipa,43807.319999999985,257,257,21,236,789
2025-08-01,Wirex,49306.61839465177,38,15,1,14,91
2025-08-02,Rain,1183316.0299999977,4156,4068,338,3730,47459
2025-08-02,UR,91737.34435005972,6204,2521,140,2381,21302
2025-08-02,Immersve,1635.37,2,1,0,1,11
2025-08-02,Bridge,4035.7100000000005,78,38,1,37,195
2025-08-02,Kulipa,34855.36,208,208,9,199,798
2025-08-02,Wirex,2696.28389390083,102,12,2,10,93
2025-08-03,Rain,1434906.5800000047,4003,3987,232,3755,47691
2025-08-03,UR,84804.52451803979,6008,2462,129,2333,21431
2025-08-03,Immersve,1622.2800000000002,2,1,0,1,11
2025-08-03,Bridge,4232.980000000001,75,35,3,32,198
2025-08-03,Kulipa,54764.140000000036,246,246,6,240,804
2025-08-03,Wirex,3527.3448670760026,56,9,0,9,93
2025-08-04,Rain,1247876.7200000007,3569,3556,250,3306,47941
2025-08-04,UR,86516.99769082997,5810,2549,128,2421,21559
2025-08-04,Immersve,5704.83,2,1,0,1,11
2025-08-04,Bridge,2473.879981,60,28,1,27,199
2025-08-04,Kulipa,113071.18,339,339,10,329,814
2025-08-04,Wirex,67530.89128049051,158,16,0,16,93
2025-08-05,Rain,1322324.470000002,3510,3491,233,3258,48174
2025-08-05,UR,81042.08648942978,5835,2483,190,2293,21749
2025-08-05,Immersve,1340.4099999999999,2,1,0,1,11
2025-08-05,Bridge,1635.4399999999996,45,20,0,20,199
2025-08-05,Kulipa,60014.199999999975,298,298,9,289,823
2025-08-05,Wirex,71965.3514604889,41,20,2,18,95
2025-08-06,Rain,1462590.6799999962,4040,4017,303,3714,48477
2025-08-06,UR,87982.10514264001,5944,2526,181,2345,21930
2025-08-06,Immersve,5406.43,2,1,0,1,11
2025-08-06,Bridge,5830.239999999999,74,35,3,32,202
2025-08-06,Kulipa,36162.200000000004,217,217,11,206,834
2025-08-06,Wirex,3619.4381425757056,29,16,2,14,97
2025-08-07,Rain,1419484.9799999981,3838,3807,238,3569,48715
2025-08-07,UR,101739.47017126007,6441,2696,201,2495,22131
2025-08-07,Immersve,1916.93,3,2,0,2,11
2025-08-07,Bridge,3645.7000000000003,72,29,1,28,203
2025-08-07,Kulipa,40650.859999999986,278,278,12,266,846
2025-08-07,Wirex,6578.465475736517,44,16,2,14,99
2025-08-08,Rain,4062421.070000013,3930,3905,242,3663,48957
2025-08-08,UR,91648.29823619,6400,2728,212,2516,22343
2025-08-08,Immersve,6246.9,3,2,0,2,11
2025-08-08,Bridge,4645.499999999999,99,35,1,34,204
2025-08-08,Kulipa,41193.644048000024,262,262,18,244,864
2025-08-08,Wirex,7830.845523149351,36,12,0,12,99
2025-08-09,Rain,1211670.9699999983,3052,3037,183,2854,49140
2025-08-09,UR,91994.78714735003,6750,2717,194,2523,22537
2025-08-09,Immersve,7720.36,2,1,0,1,11
2025-08-09,Bridge,7971.020000000001,86,40,1,39,205
2025-08-09,Kulipa,75927.311103,369,369,33,336,897
2025-08-09,Wirex,5581.949831639452,26,13,0,13,99
2025-08-10,Rain,1553914.309999993,4417,4181,306,3875,49446
2025-08-10,UR,85055.59557019996,6440,2686,187,2499,22724
2025-08-10,Immersve,3399.01,2,1,0,1,11
2025-08-10,Bridge,3878.3900000000003,83,32,1,31,206
2025-08-10,Kulipa,38322.709916,296,296,22,274,919
2025-08-10,Wirex,1387.4905462072986,178,8,1,7,100
2025-08-11,Rain,1241915.8899999976,3663,3643,242,3401,49688
2025-08-11,UR,104005.00633612,6572,2842,238,2604,22962
2025-08-11,Immersve,3320.6800000000003,3,2,0,2,11
2025-08-11,Bridge,6880.169999999998,83,38,1,37,207
2025-08-11,Kulipa,48486.64958500003,304,304,20,284,939
2025-08-11,Wirex,51584.99999954233,579,14,2,12,102
2025-08-12,Rain,2566350.0,3667,3651,224,3427,49912
2025-08-12,UR,91650.26212713025,6451,2787,192,2595,23154
2025-08-12,Immersve,4374.06,2,1,0,1,11
2025-08-12,Bridge,3734.020000000001,86,44,3,41,210
2025-08-12,Kulipa,40330.73999999996,240,240,12,228,951
2025-08-12,Wirex,60953.86908606999,1257,15,1,14,103
2025-08-13,Rain,1221794.0899999985,3964,3951,273,3678,50185
2025-08-13,UR,79048.9788401996,6664,2806,195,2611,23349
2025-08-13,Immersve,8246.81,2,1,0,1,11
2025-08-13,Bridge,4549.000000000001,73,34,1,33,211
2025-08-13,Kulipa,0.0,0,0,0,0,951
2025-08-13,Wirex,49029.27733191324,2605,14,3,11,106
2025-08-14,Rain,1988246.9699999937,3933,3897,261,3636,50446
2025-08-14,UR,94314.8518821398,6628,2811,149,2662,23498
2025-08-14,Immersve,94514.93000000001,16,6,0,6,11
2025-08-14,Bridge,4136.21,66,29,2,27,213
2025-08-14,Kulipa,80252.27331399999,615,412,40,372,991
2025-08-14,Wirex,5926.94512592314,2212,13,1,12,107
2025-08-15,Rain,1351267.739999998,4007,3995,263,3732,50709
2025-08-15,UR,88737.30467788008,6829,2843,165,2678,23663
2025-08-15,Immersve,9168.34,8,6,0,6,11
2025-08-15,Bridge,4259.63,75,40,4,36,217
2025-08-15,Kulipa,32839.14999999998,269,269,21,248,1012
2025-08-15,Wirex,32675.516089969286,220,14,1,13,108
2025-08-16,Rain,1430407.299999996,3911,3898,250,3648,50959
2025-08-16,UR,101149.61413429987,7039,2872,168,2704,23831
2025-08-16,Immersve,7859.23,8,5,0,5,11
2025-08-16,Bridge,4984.360000000003,95,44,1,43,218
2025-08-16,Kulipa,57405.580488,360,360,31,329,1043
2025-08-16,Wirex,2894.6816727742766,2062,7,2,5,110
2025-08-17,Rain,1200918.559999998,3903,3897,255,3642,51214
2025-08-17,UR,79315.68204456003,6936,2912,177,2735,24008
2025-08-17,Immersve,6507.64,9,6,0,6,11
2025-08-17,Bridge,3441.859999999999,73,32,1,31,219
2025-08-17,Kulipa,32292.53000000003,335,335,24,311,1067
2025-08-17,Wirex,28046.429390987993,2461,13,1,12,111
2025-08-18,Rain,1225833.9599999993,3668,3661,245,3416,51459
2025-08-18,UR,125653.43853052957,6542,2878,184,2694,24192
2025-08-18,Immersve,13706.380000000001,7,5,0,5,11
2025-08-18,Bridge,2458.6400000000003,70,30,7,23,226
2025-08-18,Kulipa,38403.04,355,355,26,329,1093
2025-08-18,Wirex,3826.99530974115,2141,11,1,10,112
2025-08-19,Rain,1459843.3799999962,3602,3594,226,3368,51685
2025-08-19,UR,116853.33489231016,6880,2880,209,2671,24401
2025-08-19,Immersve,11264.89,11,6,0,6,11
2025-08-19,Bridge,2924.3999999999996,72,45,13,32,239
2025-08-19,Kulipa,57004.81251599998,381,381,19,362,1112
2025-08-19,Wirex,64971.39678273924,1143,13,1,12,113
2025-08-20,Rain,1418753.1499999915,4375,4337,463,3874,52148
2025-08-20,UR,91004.59119741007,6892,2851,164,2687,24565
2025-08-20,Immersve,6726.9400000000005,10,6,0,6,11
2025-08-20,Bridge,1480.75,55,33,4,29,243
2025-08-20,Kulipa,52400.598315,377,377,20,357,1132
2025-08-20,Wirex,80201.02927012791,29,14,1,13,114
2025-08-21,Rain,1445743.620000003,4360,4242,400,3842,52548
2025-08-21,UR,87148.02409494983,6830,2923,176,2747,24741
2025-08-21,Immersve,22356.370000000003,12,8,0,8,11
2025-08-21,Bridge,1768.3799999999999,35,20,1,19,244
2025-08-21,Kulipa,70826.76999999996,403,403,28,375,1160
2025-08-21,Wirex,83264.69205041887,24,9,0,9,114
2025-08-22,Rain,1521597.220000003,4485,4473,489,3984,53037
2025-08-22,UR,100927.91145686997,6876,2942,166,2776,24907
2025-08-22,Immersve,14740.209999999997,14,8,0,8,11
2025-08-22,Bridge,2222.41,66,33,4,29,248
2025-08-22,Kulipa,41560.56208300006,350,350,13,337,1173
2025-08-22,Wirex,6386.761647,24,8,2,6,116
2025-08-23,Rain,1393388.569999999,4295,4267,451,3816,53488
2025-08-23,UR,100281.34540159995,7408,2992,186,2806,25093
2025-08-23,Immersve,21324.36,8,6,0,6,11
2025-08-23,Bridge,2754.8399999999997,76,37,3,34,251
2025-08-23,Kulipa,34432.178199,334,334,9,325,1182
2025-08-23,Wirex,1344.9842100897997,17,6,0,6,116
2025-08-24,Rain,1354366.6299999997,4141,4133,472,3661,53960
2025-08-24,UR,83005.66966188,7333,2977,178,2799,25271
2025-08-24,Immersve,9821.91,9,6,0,6,11
2025-08-24,Bridge,3138.92,79,29,0,29,251
2025-08-24,Kulipa,38882.997917,346,346,11,335,1193
2025-08-24,Wirex,4371.936807838,34,10,0,10,116
2025-08-25,Rain,1341714.6200000015,3939,3921,515,3406,54475
2025-08-25,UR,100510.08522064987,6773,2992,194,2798,25465
2025-08-25,Immersve,16228.29,9,6,0,6,11
2025-08-25,Bridge,4798.939999999998,86,33,0,33,251
2025-08-25,Kulipa,38264.64000000002,332,332,13,319,1206
2025-08-25,Wirex,45053.24789393436,32,13,1,12,117
2025-08-26,Rain,1386178.1899999955,4045,4031,442,3589,54917
2025-08-26,UR,92659.12079750994,6964,3073,198,2875,25663
2025-08-26,Immersve,14977.76,11,7,0,7,11
2025-08-26,Bridge,6108.2099999999955,85,38,0,38,251
2025-08-26,Kulipa,36581.18999999999,295,295,6,289,1212
2025-08-26,Wirex,8550.74865558459,26,12,1,11,118
2025-08-27,Rain,1680613.669999997,4493,4482,464,4018,55381
2025-08-27,UR,118891.48815543979,6717,2984,189,2795,25852
2025-08-27,Immersve,8683.04,8,5,0,5,11
2025-08-27,Bridge,1686.8100000000002,94,38,4,34,255
2025-08-27,Kulipa,37370.34999999997,350,350,10,340,1222
2025-08-27,Wirex,21428.564709413928,38,13,1,12,119
2025-08-28,Rain,1464754.6699999976,4353,4320,564,3756,55945
2025-08-28,UR,107923.3816254799,7136,3120,197,2923,26049
2025-08-28,Immersve,21771.87,8,5,0,5,11
2025-08-28,Bridge,2527.6799999999994,71,34,2,32,257
2025-08-28,Kulipa,43401.22,342,342,10,332,1232
2025-08-28,Wirex,16080.23103091016,26,11,1,10,120
2025-08-29,Rain,1560711.4000000043,4374,4361,466,3895,56411
2025-08-29,UR,94297.33791556014,7317,3106,176,2930,26225
2025-08-29,Immersve,18028.61,8,5,0,5,11
2025-08-29,Bridge,2116.82,97,34,2,32,259
2025-08-29,Kulipa,46718.79000000002,367,367,14,353,1246
2025-08-29,Wirex,1781.1995998823304,23,11,0,11,120
2025-08-30,Rain,1547325.419999996,4408,4398,454,3944,56865
2025-08-30,UR,86971.47361046966,7346,3050,191,2859,26416
2025-08-30,Immersve,5043.58,8,5,0,5,11
2025-08-30,Bridge,5592.489999999999,100,40,2,38,261
2025-08-30,Kulipa,0.0,0,0,0,0,1246
2025-08-30,Wirex,1012.3020060779039,20,8,0,8,120
2025-08-31,Rain,1792821.949999999,5216,4653,435,4218,57300
2025-08-31,UR,104602.13296126973,7354,3087,184,2903,26600
2025-08-31,Immersve,11773.4,8,5,0,5,11
2025-08-31,Bridge,1741.6545649999998,61,31,0,31,261
2025-08-31,Kulipa,0.0,0,0,0,0,1246
2025-08-31,Wirex,3820.015398691461,32,11,2,9,122
2025-09-01,Rain,1617775.2999999993,4020,4005,334,3671,57634
2025-09-01,UR,111192.2066585996,7118,3148,195,2953,26795
2025-09-01,Immersve,20074.67,9,5,0,5,11
2025-09-01,Bridge,4629.02,63,34,3,31,264
2025-09-01,Kulipa,0.0,0,0,0,0,1246
2025-09-01,Wirex,35551.145403438546,34,18,2,16,124
2025-09-02,Rain,1609223.5799999991,3937,3914,277,3637,57911
2025-09-02,UR,103225.27205419968,7190,3149,203,2946,26998
2025-09-02,Immersve,13886.720000000001,8,5,0,5,11
2025-09-02,Bridge,2931.53,69,35,2,33,266
2025-09-02,Kulipa,0.0,0,0,0,0,1246
2025-09-02,Wirex,45291.33037812435,17,9,0,9,124
2025-09-03,Rain,2033579.034635,5054,4717,351,4366,58262
2025-09-03,UR,97841.89731279932,7057,3116,174,2942,27172
2025-09-03,Immersve,15553.159999999998,10,6,0,6,11
2025-09-03,Bridge,4819.0,99,49,3,46,269
2025-09-03,Kulipa,245024.48040099978,695,695,40,655,1286
2025-09-03,Wirex,149346.14727379868,25,11,1,10,125
2025-09-04,Rain,2142637.32,4558,4542,386,4156,58648
2025-09-04,UR,88287.25499125963,7380,3221,205,3016,27377
2025-09-04,Immersve,8927.62,11,6,0,6,11
2025-09-04,Bridge,2718.57,76,38,0,38,269
2025-09-04,Kulipa,53499.91505600001,354,354,11,343,1297
2025-09-04,Wirex,6891.6895511548855,18,13,1,12,126
2025-09-05,Rain,1792680.049999999,4520,4496,362,4134,59010
2025-09-05,UR,109922.89555139953,7501,3217,169,3048,27546
2025-09-05,Immersve,11436.98,8,6,0,6,11
2025-09-05,Bridge,4755.4000000000015,97,36,1,35,270
2025-09-05,Kulipa,176699.6975200001,540,540,23,517,1320
2025-09-05,Wirex,1299.937964938884,14,7,0,7,126
2025-09-06,Rain,1717920.190000002,4464,4437,330,4107,59340
2025-09-06,UR,112560.99391427982,7873,3179,164,3015,27710
2025-09-06,Immersve,15947.77,12,6,0,6,11
2025-09-06,Bridge,4065.8300000000013,229,34,0,34,270
2025-09-06,Kulipa,109824.46000000002,545,545,31,514,1351
2025-09-06,Wirex,5549.877266467175,8,8,1,7,127
2025-09-07,Rain,1802676.3700000015,4467,4443,305,4138,59645
2025-09-07,UR,100210.54059255993,7799,3166,169,2997,27879
2025-09-07,Immersve,27668.350000000002,9,5,0,5,11
2025-09-07,Bridge,3110.6199999999994,73,38,0,38,270
2025-09-07,Kulipa,41673.459999999985,400,400,23,377,1374
2025-09-07,Wirex,10243.5122844158,12,8,0,8,127
2025-09-08,Rain,4657103.250000034,4654,4635,413,4222,60058
2025-09-08,UR,118322.51923355972,7340,3153,162,2991,28041
2025-09-08,Immersve,7920.120000000001,10,6,0,6,11
2025-09-08,Bridge,2272.91,68,38,2,36,272
2025-09-08,Kulipa,69633.25999999997,443,443,17,426,1391
2025-09-08,Wirex,2497.4776983970323,13,6,0,6,127
2025-09-09,Rain,1625091.0300000005,4250,4218,248,3970,60306
2025-09-09,UR,87096.7144876898,7154,3134,160,2974,28201
2025-09-09,Immersve,28017.82,9,5,0,5,11
2025-09-09,Bridge,3340.7700000000004,85,41,4,37,276
2025-09-09,Kulipa,43407.59494399998,434,433,13,420,1404
2025-09-09,Wirex,92725.2345166442,13,8,1,7,128
2025-09-10,Rain,2126349.5399999977,4697,4673,341,4332,60647
2025-09-10,UR,117138.23235413955,7284,3191,167,3024,28368
2025-09-10,Immersve,7177.68,10,6,0,6,11
2025-09-10,Bridge,4767.635435,86,38,0,38,276
2025-09-10,Kulipa,116979.38,508,508,26,482,1430
2025-09-10,Wirex,45029.53865485099,19,11,0,11,128
2025-09-11,Rain,2014908.009999996,4546,4517,353,4164,61000
2025-09-11,UR,89342.03804431975,7473,3309,197,3112,28565
2025-09-11,Immersve,7556.3099999999995,11,6,0,6,11
2025-09-11,Bridge,2388.3499999999995,76,38,1,37,277
2025-09-11,Kulipa,52047.04999999999,377,377,14,363,1444
2025-09-11,Wirex,24201.50721351225,16,7,0,7,128
2025-09-12,Rain,2294699.8700000024,4497,4474,312,4162,61312
2025-09-12,UR,111869.71226170995,7854,3302,166,3136,28731
2025-09-12,Immersve,7962.290000000001,8,6,0,6,11
2025-09-12,Bridge,1905.42,56,31,2,29,279
2025-09-12,Kulipa,58915.808169,457,456,21,435,1465
2025-09-12,Wirex,96356.22607901516,17,10,0,10,128
2025-09-13,Rain,1735874.3499999973,4605,4590,364,4226,61676
2025-09-13,UR,107783.45524764969,8324,3457,225,3232,28956
2025-09-13,Immersve,13173.49,10,5,0,5,11
2025-09-13,Bridge,6515.78,90,37,1,36,280
2025-09-13,Kulipa,68256.291347,501,501,24,477,1489
2025-09-13,Wirex,1411.7683574332361,24,8,2,6,130
2025-09-14,Rain,1784408.1000000006,4584,4563,383,4180,62059
2025-09-14,UR,95783.42447468979,8368,3386,207,3179,29163
2025-09-14,Immersve,12193.35,9,6,0,6,11
2025-09-14,Bridge,2870.8,75,37,2,35,282
2025-09-14,Kulipa,50731.65000000004,440,440,15,425,1504
2025-09-14,Wirex,12862.683868056798,45,13,1,12,131
2025-09-15,Rain,1636902.1199999999,4321,4291,374,3917,62433
2025-09-15,UR,107299.65525616963,7783,3349,198,3151,29361
2025-09-15,Immersve,15166.310000000001,11,6,0,6,11
2025-09-15,Bridge,2818.729999999999,77,35,1,34,283
2025-09-15,Kulipa,47993.04999999999,446,446,8,438,1512
2025-09-15,Wirex,17759.36981707566,35,12,0,12,131
2025-09-16,Rain,1588603.8199999991,4422,4385,428,3957,62861
2025-09-16,UR,123624.65846525968,7902,3335,180,3155,29541
2025-09-16,Immersve,29392.85,12,6,0,6,11
2025-09-16,Bridge,5892.209999999999,78,37,3,34,286
2025-09-16,Kulipa,49739.789999999986,458,458,18,440,1530
2025-09-16,Wirex,34144.349529,43,13,3,10,134
2025-09-17,Rain,1623536.8899999987,4960,4925,496,4429,63357
2025-09-17,UR,129387.31275084006,7780,3264,169,3095,29710
2025-09-17,Immersve,26031.22,9,7,0,7,11
2025-09-17,Bridge,2660.629999999999,84,32,1,31,287
2025-09-17,Kulipa,62602.89999999994,448,448,26,422,1556
2025-09-17,Wirex,123766.31128896735,26,12,1,11,135
2025-09-18,Rain,1702120.1799999985,4668,4637,364,4273,63721
2025-09-18,UR,138716.3560660295,8258,3409,182,3227,29892
2025-09-18,Immersve,26476.92,10,6,0,6,11
2025-09-18,Bridge,6138.040000000001,85,43,3,40,290
2025-09-18,Kulipa,49425.75305500001,461,460,44,416,1600
2025-09-18,Wirex,206829.17321480432,28,17,1,16,136
2025-09-19,Rain,1795559.1600000001,4835,4803,380,4423,64101
2025-09-19,UR,125284.2109474598,7843,3367,156,3211,30048
2025-09-19,Immersve,16503.760000000002,10,6,0,6,11
2025-09-19,Bridge,3196.45,90,40,1,39,291
2025-09-19,Kulipa,78580.88115000007,519,519,59,460,1659
2025-09-19,Wirex,283620.7276058543,26,12,1,11,137
2025-09-20,Rain,1595634.329999997,4727,4700,352,4348,64453
2025-09-20,UR,119393.58016476952,8407,3422,164,3258,30212
2025-09-20,Immersve,25317.46,9,6,0,6,11
2025-09-20,Bridge,6025.680000000002,121,37,2,35,293
2025-09-20,Kulipa,80029.22369200007,517,517,47,470,1706
2025-09-20,Wirex,40062.73645983864,27,15,0,15,137
2025-09-21,Rain,1656338.2799999993,4677,4648,406,4242,64859
2025-09-21,UR,113345.57841663959,8370,3392,197,3195,30409
2025-09-21,Immersve,8860.08,11,7,0,7,11
2025-09-21,Bridge,3460.7999999999997,87,32,0,32,293
2025-09-21,Kulipa,68499.03000000003,534,534,35,499,1741
2025-09-21,Wirex,6255.8128829156,8,6,0,6,137
2025-09-22,Rain,1716270.960000002,4628,4595,304,4291,65163
2025-09-22,UR,201952.5833653897,7969,3347,180,3167,30589
2025-09-22,Immersve,13266.289999999999,10,6,0,6,11
2025-09-22,Bridge,6335.090000000002,83,36,0,36,293
2025-09-22,Kulipa,111577.26694500002,591,591,30,561,1771
2025-09-22,Wirex,24292.31644924184,28,11,2,9,139
2025-09-23,Rain,1403147.660000002,4437,4416,296,4120,65459
2025-09-23,UR,146369.5654902792,7932,3319,175,3144,30764
2025-09-23,Immersve,18119.08,11,7,0,7,11
2025-09-23,Bridge,3230.0800000000004,87,38,1,37,294
2025-09-23,Kulipa,94278.82000000017,638,638,41,597,1812
2025-09-23,Wirex,46479.55289082549,21,10,1,9,140
2025-09-24,Rain,1559992.830000002,5041,5000,355,4645,65814
2025-09-24,UR,121885.30022162957,7822,3250,187,3063,30951
2025-09-24,Immersve,10761.67,12,7,0,7,11
2025-09-24,Bridge,2097.229999999999,74,37,1,36,295
2025-09-24,Kulipa,69582.58000000005,549,549,29,520,1841
2025-09-24,Wirex,179652.48923066855,26,13,0,13,140
2025-09-25,Rain,1523985.8500000031,4897,4861,373,4488,66187
2025-09-25,UR,105675.81804026967,7885,3304,150,3154,31101
2025-09-25,Immersve,8945.12,11,7,0,7,11
2025-09-25,Bridge,2811.3299999999995,74,38,2,36,297
2025-09-25,Kulipa,60964.270000000004,523,523,22,501,1863
2025-09-25,Wirex,130328.39286372213,35,17,2,15,142
2025-09-26,Rain,1518835.31,4936,4906,393,4513,66580
2025-09-26,UR,136910.12955292984,8679,3518,194,3324,31295
2025-09-26,Immersve,11488.08,13,7,0,7,11
2025-09-26,Bridge,2206.28,75,36,2,34,299
2025-09-26,Kulipa,66095.90493199992,544,544,18,526,1881
2025-09-26,Wirex,165782.15538959278,31,15,0,15,142
2025-09-27,Rain,1750075.739999999,4951,4917,391,4526,66971
2025-09-27,UR,141739.71318418032,9341,3544,205,3339,31500
2025-09-27,Immersve,8432.06,13,7,0,7,11
2025-09-27,Bridge,5858.0099999999975,119,44,3,41,302
2025-09-27,Kulipa,66107.12999999998,521,521,23,498,1904
2025-09-27,Wirex,2281.79831666265,25,9,1,8,143
2025-09-28,Rain,1681155.1399999997,4793,4766,430,4336,67401
2025-09-28,UR,114800.93147885008,8678,3492,186,3306,31686
2025-09-28,Immersve,8206.58,13,7,0,7,11
2025-09-28,Bridge,4559.4000000000015,114,42,0,42,302
2025-09-28,Kulipa,53226.33000000006,506,506,20,486,1924
2025-09-28,Wirex,17320.340547722797,25,12,0,12,143
2025-09-29,Rain,1454493.0400000024,4667,4626,365,4261,67766
2025-09-29,UR,114858.79006138968,8812,3453,181,3272,31867
2025-09-29,Immersve,18086.949999999997,13,7,0,7,11
2025-09-29,Bridge,2739.0700000000006,77,37,3,34,305
2025-09-29,Kulipa,63292.44595199996,531,531,20,511,1944
2025-09-29,Wirex,241627.42048130103,35,17,0,17,143
2025-09-30,Rain,1643873.8299999943,4857,4804,439,4365,68205
2025-09-30,UR,122410.4415619591,9075,3574,177,3397,32044
2025-09-30,Immersve,28743.85,12,7,0,7,11
2025-09-30,Bridge,4791.12,102,37,2,35,307
2025-09-30,Kulipa,74913.19140999996,635,635,33,602,1977
2025-09-30,Wirex,359739.36241152487,35,20,2,18,145
2025-10-01,Rain,1903562.210000005,5155,5034,564,4470,68769
2025-10-01,UR,126378.47953998955,8862,3535,171,3364,32215
2025-10-01,Immersve,22113.18,11,7,0,7,11
2025-10-01,Bridge,7845.1299999999965,91,39,0,39,307
2025-10-01,Kulipa,78339.95000000001,567,567,26,541,2003
2025-10-01,Wirex,151016.4397603796,52,22,0,22,145
2025-10-02,Rain,1839388.0299999975,5153,5123,573,4550,69342
2025-10-02,UR,132920.25863327956,8680,3362,166,3196,32381
2025-10-02,Immersve,19901.549999999996,11,6,0,6,11
2025-10-02,Bridge,2714.9900000000002,110,44,3,41,310
2025-10-02,Kulipa,115904.20999999999,675,675,12,663,2015
2025-10-02,Wirex,169841.6803967246,30,17,2,15,147
2025-10-03,Rain,1659149.010000002,2517,2408,422,1986,69764
2025-10-03,UR,124162.54456009924,8830,3307,137,3170,32518
2025-10-03,Immersve,19248.54,10,6,0,6,11
2025-10-03,Bridge,4867.219999999999,109,42,4,38,314
2025-10-03,Kulipa,112305.49999999977,689,689,21,668,2036
2025-10-03,Wirex,214452.04839288795,37,15,0,15,147
2025-10-04,Rain,1840118.6799999909,7991,7438,787,6651,70551
2025-10-04,UR,144597.83199319872,8863,3321,166,3155,32684
2025-10-04,Immersve,9766.9,11,6,0,6,11
2025-10-04,Bridge,6170.59,115,43,4,39,318
2025-10-04,Kulipa,81524.39920699998,606,606,27,579,2063
2025-10-04,Wirex,1888.8264651498166,26,13,1,12,148
2025-10-05,Rain,2552510.380000002,6063,5951,640,5311,71191
2025-10-05,UR,122554.07975534872,8608,3220,144,3076,32828
2025-10-05,Immersve,8641.74,10,7,0,7,11
2025-10-05,Bridge,4112.24,111,38,2,36,320
2025-10-05,Kulipa,89528.67999999996,621,621,15,606,2078
2025-10-05,Wirex,8758.282683976247,32,16,0,16,148
2025-10-06,Rain,1525860.8200000012,5104,5045,427,4618,71618
2025-10-06,UR,110562.59938943927,8131,3229,178,3051,33006
2025-10-06,Immersve,21468.489999999998,12,8,0,8,11
2025-10-06,Bridge,8596.21,131,54,4,50,324
2025-10-06,Kulipa,77090.07999999994,591,591,13,578,2091
2025-10-06,Wirex,247512.74823765238,29,19,5,14,153
2025-10-07,Rain,1779314.1100000036,5224,5131,483,4648,72101
2025-10-07,UR,128849.56819299975,8347,3393,196,3197,33202
2025-10-07,Immersve,27455.85,9,6,0,6,11
2025-10-07,Bridge,6622.99,120,50,4,46,328
2025-10-07,Kulipa,97745.52999999997,700,700,25,675,2116
2025-10-07,Wirex,375897.08614066965,36,16,2,14,155
2025-10-08,Rain,5439033.320000032,5916,5852,517,5335,72618
2025-10-08,UR,155253.53996318002,8841,3466,187,3279,33389
2025-10-08,Immersve,24835.870000000003,10,7,0,7,11
2025-10-08,Bridge,4603.77,121,52,5,47,333
2025-10-08,Kulipa,90974.43000000005,642,642,12,630,2128
2025-10-08,Wirex,165432.4789343334,33,18,0,18,155
2025-10-09,Rain,2336108.669999994,5738,5681,614,5067,73232
2025-10-09,UR,134667.36612884916,8680,3546,187,3359,33576
2025-10-09,Immersve,24545.170000000002,11,6,0,6,11
2025-10-09,Bridge,7043.640000000001,100,41,3,38,336
2025-10-09,Kulipa,63977.699999999975,617,617,18,599,2146
2025-10-09,Wirex,190294.88019013143,29,15,2,13,157
2025-10-10,Rain,1896682.4443860033,5931,5856,619,5237,73851
2025-10-10,UR,132109.24685073982,8971,3601,178,3423,33754
2025-10-10,Immersve,11248.32,11,8,0,8,11
2025-10-10,Bridge,5773.480000000001,118,41,1,40,337
2025-10-10,Kulipa,78202.41159399996,597,597,12,585,2158
2025-10-10,Wirex,214701.70408609643,44,23,0,23,157
2025-10-11,Rain,1866220.8900000008,5928,5807,538,5269,74389
2025-10-11,UR,121807.76230034884,8862,3523,197,3326,33951
2025-10-11,Immersve,11695.55,10,6,0,6,11
2025-10-11,Bridge,3788.5400000000004,99,41,2,39,339
2025-10-11,Kulipa,90878.11999999995,616,616,23,593,2181
2025-10-11,Wirex,9549.552264561597,25,13,2,11,159
2025-10-12,Rain,1637577.9854420007,5823,5739,686,5053,75075
2025-10-12,UR,111171.63421740917,8998,3652,323,3329,34274
2025-10-12,Immersve,12008.97,9,6,0,6,11
2025-10-12,Bridge,4671.079999999999,125,48,4,44,343
2025-10-12,Kulipa,74055.92079299998,619,619,27,592,2208
2025-10-12,Wirex,669.8247307888,16,11,1,10,160
2025-10-13,Rain,1614475.7999999984,5689,5646,753,4893,75828
2025-10-13,UR,120752.8526753094,8492,3689,311,3378,34585
2025-10-13,Immersve,12586.39,10,6,0,6,11
2025-10-13,Bridge,4444.510000000001,110,47,3,44,346
2025-10-13,Kulipa,92901.54000000001,714,714,18,696,2226
2025-10-13,Wirex,148589.90311761262,39,21,0,21,160
2025-10-14,Rain,1692217.8999999997,5626,5547,501,5046,76329
2025-10-14,UR,113467.03253322962,8751,3806,366,3440,34951
2025-10-14,Immersve,7053.650000000001,8,6,0,6,11
2025-10-14,Bridge,3670.719999999999,90,45,2,43,348
2025-10-14,Kulipa,329947.5484060001,955,955,51,904,2277
2025-10-14,Wirex,718986.0422804105,35,18,0,18,160
2025-10-15,Rain,1733597.4200000043,3362,3335,290,3045,76619
2025-10-15,UR,142978.21780267975,9010,3924,333,3591,35284
2025-10-15,Immersve,9282.43,10,6,0,6,11
2025-10-15,Bridge,4200.509999999999,112,53,4,49,352
2025-10-15,Kulipa,194991.22999999992,785,785,30,755,2307
2025-10-15,Wirex,397099.6247370823,58,22,2,20,162
2025-10-16,Rain,1470481.359999997,2041,2031,162,1869,76781
2025-10-16,UR,105627.17437705956,8889,3880,318,3562,35602
2025-10-16,Immersve,11330.77,9,6,0,6,11
2025-10-16,Bridge,3644.1300000000015,128,58,8,50,360
2025-10-16,Kulipa,98695.32999999999,739,739,23,716,2330
2025-10-16,Wirex,228723.0411177944,35,18,2,16,164
2025-10-17,Rain,1885063.8600000024,2091,2044,251,1793,77032
2025-10-17,UR,100983.57149995977,9019,3878,316,3562,35918
2025-10-17,Immersve,14617.89,9,6,0,6,11
2025-10-17,Bridge,4888.510000000001,103,51,4,47,364
2025-10-17,Kulipa,76414.42088199999,694,694,31,663,2361
2025-10-17,Wirex,156871.74763642857,43,15,1,14,165
2025-10-18,Rain,2254654.490000004,3911,3838,594,3244,77626
2025-10-18,UR,124075.35710475946,10053,4072,413,3659,36331
2025-10-18,Immersve,9551.25,7,5,0,5,11
2025-10-18,Bridge,6167.339999999999,103,49,4,45,368
2025-10-18,Kulipa,42769.76000000001,403,403,22,381,2383
2025-10-18,Wirex,5680.4332181789,31,15,0,15,165
2025-10-19,Rain,1446534.4399999978,3705,3670,527,3143,78153
2025-10-19,UR,100461.07456324948,9454,3941,321,3620,36652
2025-10-19,Immersve,8503.07,11,7,0,7,11
2025-10-19,Bridge,5963.59,117,50,2,48,370
2025-10-19,Kulipa,129281.4,764,764,58,706,2441
2025-10-19,Wirex,1641.8940491890994,30,17,1,16,166
2025-10-20,Rain,1374190.6959870008,4426,3467,406,3061,78559
2025-10-20,UR,115026.37282633953,9353,3957,351,3606,37003
2025-10-20,Immersve,8063.15,11,7,0,7,11
2025-10-20,Bridge,3335.5699999999997,109,49,0,49,370
2025-10-20,Kulipa,78286.79999999997,695,695,24,671,2465
2025-10-20,Wirex,186502.97195642587,43,22,2,20,168
2025-10-21,Rain,633135.7600000002,2922,2892,416,2476,78975
2025-10-21,UR,122258.82245959957,9338,4052,357,3695,37360
2025-10-21,Immersve,13098.43,12,7,0,7,11
2025-10-21,Bridge,6007.889999999999,103,49,4,45,374
2025-10-21,Kulipa,88468.55999999994,716,716,38,678,2503
2025-10-21,Wirex,311486.9731767981,42,22,1,21,169
2025-10-22,Rain,3656356.140000037,10254,9489,1447,8042,80422
2025-10-22,UR,122525.67296335987,9368,4184,349,3835,37709
2025-10-22,Immersve,15612.509999999998,6,4,0,4,11
2025-10-22,Bridge,4986.07,117,51,6,45,380
2025-10-22,Kulipa,90762.35000000003,697,697,32,665,2535
2025-10-22,Wirex,228010.95870701538,69,30,1,29,170
2025-10-23,Rain,2386495.920000008,7733,7112,1115,5997,81537
2025-10-23,UR,121203.57970327936,9232,4093,270,3823,37979
2025-10-23,Immersve,8862.880000000001,11,7,0,7,11
2025-10-23,Bridge,3727.5299999999997,113,52,5,47,385
2025-10-23,Kulipa,98063.17999999993,707,707,40,667,2575
2025-10-23,Wirex,122452.66809706797,52,18,2,16,172
2025-10-24,Rain,4135500.800000052,10410,10111,873,9238,82410
2025-10-24,UR,134146.15992265992,10032,4192,244,3948,38223
2025-10-24,Immersve,12955.630000000001,9,6,0,6,11
2025-10-24,Bridge,4290.6900000000005,137,54,4,50,389
2025-10-24,Kulipa,86690.07999999996,689,689,32,657,2607
2025-10-24,Wirex,146877.83646655144,46,19,0,19,172
2025-10-25,Rain,2580866.6900000065,6952,6869,630,6239,83040
2025-10-25,UR,129769.77864058025,10650,4136,275,3861,38498
2025-10-25,Immersve,14512.109999999999,12,7,0,7,11
2025-10-25,Bridge,5412.030000000002,142,60,4,56,393
2025-10-25,Kulipa,154219.7299999999,794,794,45,749,2652
2025-10-25,Wirex,14134.67814098905,39,19,0,19,172
2025-10-26,Rain,2293669.3600000013,7199,7104,784,6320,83824
2025-10-26,UR,118510.71371200953,10599,4253,283,3970,38781
2025-10-26,Immersve,9400.880000000001,12,7,0,7,11
2025-10-26,Bridge,1676.4799999999998,43,28,0,28,393
2025-10-26,Kulipa,111675.21999999996,733,733,38,695,2690
2025-10-26,Wirex,2805.324700860937,32,14,0,14,172
2025-10-27,Rain,161389.4700000003,1147,1130,168,962,83992
2025-10-27,UR,130619.18067886916,9844,4325,271,4054,39052
2025-10-27,Immersve,11348.81,9,7,0,7,11
2025-10-27,Bridge,2824.6000000000004,109,47,1,46,394
2025-10-27,Kulipa,98854.23000000014,814,814,21,793,2711
2025-10-27,Wirex,181478.9073306429,54,21,0,21,172
2025-10-28,Rain,4727527.7200000305,9934,9750,1219,8531,85211
2025-10-28,UR,114334.33726645904,9841,4373,418,3955,39470
2025-10-28,Immersve,8564.779999999999,12,8,0,8,11
2025-10-28,Bridge,3739.5,88,46,1,45,395
2025-10-28,Kulipa,110826.68999999992,797,797,33,764,2744
2025-10-28,Wirex,302773.1771287989,52,25,2,23,174
2025-10-29,Rain,2709219.650000012,8853,8670,877,7793,86088
2025-10-29,UR,134064.9879723685,11052,5020,873,4147,40343
2025-10-29,Immersve,21551.12,12,7,0,7,11
2025-10-29,Bridge,4831.879999999999,93,44,2,42,397
2025-10-29,Kulipa,108605.88999999994,778,778,33,745,2777
2025-10-29,Wirex,259332.69992093783,51,21,1,20,175
2025-10-30,Rain,718139.0999999993,2751,2691,229,2462,86317
2025-10-30,UR,136044.10080124895,11435,5214,823,4391,41166
2025-10-30,Immersve,12375.25,12,8,0,8,11
2025-10-30,Bridge,2895.19,91,47,1,46,398
2025-10-30,Kulipa,108635.98911800004,774,774,29,745,2806
2025-10-30,Wirex,154319.0834661532,29,16,0,16,175
2025-10-31,Rain,4745368.440000023,9827,9602,1079,8523,87396
2025-10-31,UR,154207.5195536191,11966,5324,683,4641,41849
2025-10-31,Immersve,4890.11,10,7,0,7,11
2025-10-31,Bridge,7139.010000000003,133,42,2,40,400
2025-10-31,Kulipa,147467.11000000025,886,886,38,848,2844
2025-10-31,Wirex,138355.58740169925,43,24,1,23,176
2025-11-01,Rain,3530848.3400000148,9689,9320,1072,8248,88468
2025-11-01,UR,170032.52023629064,13263,5427,597,4830,42446
2025-11-01,Immersve,16800.649999999998,11,7,0,7,11
2025-11-01,Bridge,6686.500000000001,117,51,3,48,403
2025-11-01,Kulipa,126121.30000000012,803,803,45,758,2889
2025-11-01,Wirex,16621.044351694785,54,24,1,23,177
2025-11-02,Rain,2537026.960000007,7581,7459,722,6737,89190
2025-11-02,UR,143112.93565349924,12316,5139,485,4654,42931
2025-11-02,Immersve,15183.259999999998,9,7,0,7,11
2025-11-02,Bridge,5023.409999999999,125,46,3,43,406
2025-11-02,Kulipa,83994.31000000003,641,641,17,624,2906
2025-11-02,Wirex,7136.887456105747,36,23,0,23,177
2025-11-03,Rain,2208367.4800000037,5725,5652,672,4980,89862
2025-11-03,UR,128345.66847766904,10980,4999,464,4535,43395
2025-11-03,Immersve,14033.56,9,6,0,6,11
2025-11-03,Bridge,8254.290000000003,99,47,2,45,408
2025-11-03,Kulipa,158779.4742570001,973,973,30,943,2936
2025-11-03,Wirex,277014.7945336298,44,25,1,24,178
2025-11-04,Rain,2077189.0871439981,6677,6360,637,5723,90499
2025-11-04,UR,135261.8037280789,10860,4991,472,4519,43867
2025-11-04,Immersve,22021.37,11,7,0,7,11
2025-11-04,Bridge,3143.180000000001,98,53,5,48,413
2025-11-04,Kulipa,171280.11000000004,919,919,37,882,2973
2025-11-04,Wirex,465118.892653114,58,27,3,24,181
2025-11-05,Rain,2146455.000000009,8139,7934,775,7159,91274
2025-11-05,UR,134028.77843750946,11428,5218,482,4736,44349
2025-11-05,Immersve,8464.09,11,7,0,7,11
2025-11-05,Bridge,3350.5800000000013,103,45,2,43,415
2025-11-05,Kulipa,147341.68116300003,870,870,36,834,3009
2025-11-05,Wirex,234908.33985281037,50,24,3,21,184
2025-11-06,Rain,5565418.538080033,10960,9702,875,8827,92149
2025-11-06,UR,137285.4256751489,12045,5406,549,4857,44898
2025-11-06,Immersve,19754.350000000002,11,7,0,7,11
2025-11-06,Bridge,4104.460000000001,108,50,2,48,417
2025-11-06,Kulipa,138399.70999999988,913,913,35,878,3044
2025-11-06,Wirex,288876.1047518797,74,28,4,24,188
2025-11-07,Rain,2740457.2532790257,8392,8226,649,7577,92798
2025-11-07,UR,149726.07884692936,12235,5475,472,5003,45370
2025-11-07,Immersve,16986.91,12,8,0,8,11
2025-11-07,Bridge,2764.7100029999992,102,54,4,50,421
2025-11-07,Kulipa,120238.63964499997,920,920,45,875,3089
2025-11-07,Wirex,147277.52493133987,84,25,0,25,188
2025-11-08,Rain,5623595.600000045,8889,8667,556,8111,93354
2025-11-08,UR,159123.1208522587,13528,5498,449,5049,45819
2025-11-08,Immersve,9402.82,10,6,0,6,11
2025-11-08,Bridge,6480.070002,130,50,3,47,424
2025-11-08,Kulipa,103867.23000000014,789,789,34,755,3123
2025-11-08,Wirex,557.0754539627846,57,21,0,21,188
2025-11-09,Rain,3015783.0800000136,8504,8323,574,7749,93928
2025-11-09,UR,138137.20680887817,12787,5418,441,4977,46260
2025-11-09,Immersve,14797.1,10,7,0,7,11
2025-11-09,Bridge,4070.5,103,52,4,48,428
2025-11-09,Kulipa,147808.38000000018,931,931,51,880,3174
2025-11-09,Wirex,3380.9629624152876,36,20,0,20,188
2025-11-10,Rain,2357871.4700000044,7377,7244,465,6779,94393
2025-11-10,UR,152360.97159007896,12460,5444,423,5021,46683
2025-11-10,Immersve,8569.77,10,7,0,7,11
2025-11-10,Bridge,4201.61,91,47,2,45,430
2025-11-10,Kulipa,141417.1500000001,1003,1003,37,966,3211
2025-11-10,Wirex,486717.4373478209,66,29,2,27,190
2025-11-11,Rain,19897.270000000066,564,547,85,462,94478
2025-11-11,UR,150609.21523131916,12530,5494,458,5036,47141
2025-11-11,Immersve,11555.970000000001,13,8,0,8,11
2025-11-11,Bridge,3611.680006000001,104,59,3,56,433
2025-11-11,Kulipa,165565.5335700002,1005,1005,46,959,3257
2025-11-11,Wirex,333699.2466672745,53,24,0,24,190
2025-11-12,Rain,2336211.219659997,8531,8423,681,7742,95159
2025-11-12,UR,141326.05126568864,12560,5609,455,5154,47596
2025-11-12,Immersve,9418.16,10,6,0,6,11
2025-11-12,Bridge,5788.100004000003,114,54,1,53,434
2025-11-12,Kulipa,148351.83643000008,1068,1068,57,1011,3314
2025-11-12,Wirex,264432.3937374349,52,24,0,24,190
2025-11-13,Rain,3018854.453405006,8405,8301,565,7736,95724
2025-11-13,UR,133266.30692294933,12725,5632,518,5114,48114
2025-11-13,Immersve,16886.69,16,7,0,7,11
2025-11-13,Bridge,3840.8500010000007,104,49,2,47,436
2025-11-13,Kulipa,156996.43000000002,1012,1012,48,964,3362
2025-11-13,Wirex,123013.40440767491,47,25,2,23,192
2025-11-14,Rain,185266.27999999974,2233,2185,102,2083,95826
2025-11-14,UR,153188.89783197892,13183,5672,380,5292,48494
2025-11-14,Immersve,10881.6,14,6,0,6,11
2025-11-14,Bridge,3032.880000999999,113,53,2,51,438
2025-11-14,Kulipa,197028.80999999988,1155,1155,41,1114,3403
2025-11-14,Wirex,134798.33852701145,51,23,1,22,193
2025-11-15,Rain,7179435.442732125,15646,15269,1221,14048,97047
2025-11-15,UR,170134.46011163783,14236,5711,439,5272,48933
2025-11-15,Immersve,16379.85,18,9,0,9,11
2025-11-15,Bridge,9136.199999999995,142,62,2,60,440
2025-11-15,Kulipa,209944.81999999995,1045,1045,55,990,3458
2025-11-15,Wirex,86.592722354293,28,16,1,15,194
2025-11-16,Rain,3067584.878917001,8563,8437,527,7910,97574
2025-11-16,UR,137920.16922431812,12937,5651,594,5057,49527
2025-11-16,Immersve,9989.47,18,7,0,7,11
2025-11-16,Bridge,5652.709999999998,104,49,1,48,441
2025-11-16,Kulipa,130443.72574300002,1025,1025,45,980,3503
2025-11-16,Wirex,9291.63375511952,28,19,0,19,194
2025-11-17,Rain,2320990.583603001,7647,7540,470,7070,98044
2025-11-17,UR,137408.20249091863,11930,5568,549,5019,50076
2025-11-17,Immersve,9362.08,17,8,1,7,12
2025-11-17,Bridge,7844.440000000002,120,59,7,52,448
2025-11-17,Kulipa,136896.68000000008,1104,1104,44,1060,3547
2025-11-17,Wirex,176392.9475299245,50,22,3,19,197
2025-11-18,Rain,2125851.8686419977,8469,8344,578,7766,98622
2025-11-18,UR,128392.68037359872,11954,5495,480,5015,50556
2025-11-18,Immersve,6991.6,18,7,0,7,12
2025-11-18,Bridge,6442.079999999999,148,62,5,57,453
2025-11-18,Kulipa,146695.25036000015,1154,1154,50,1104,3597
2025-11-18,Wirex,358039.0210323373,38,20,0,20,197
2025-11-19,Rain,1610181.7399960037,5423,5347,410,4937,99032
2025-11-19,UR,138309.19122254848,12079,5436,392,5044,50948
2025-11-19,Immersve,7589.800000000001,19,8,0,8,12
2025-11-19,Bridge,5898.980001000001,134,63,5,58,458
2025-11-19,Kulipa,130377.05964000005,1030,1030,53,977,3650
2025-11-19,Wirex,155374.65874120072,47,28,1,27,198
2025-11-20,Rain,3254010.087509028,11081,10763,1016,9747,100048
2025-11-20,UR,155180.9242966482,13782,6187,561,5626,51509
2025-11-20,Immersve,14810.730000000001,15,6,0,6,12
2025-11-20,Bridge,7073.619999999999,162,64,6,58,464
2025-11-20,Kulipa,149917.41596500008,1105,1105,40,1065,3690
2025-11-20,Wirex,448750.4371373989,64,29,1,28,199
2025-11-21,Rain,2443681.858336999,8315,8211,575,7636,100623
2025-11-21,UR,171644.06604890857,14134,6295,469,5826,51978
2025-11-21,Immersve,15476.16,19,8,0,8,12
2025-11-21,Bridge,4662.610001000002,142,61,7,54,471
2025-11-21,Kulipa,168268.38999999993,1201,1201,60,1141,3750
2025-11-21,Wirex,316067.482481297,68,24,3,21,202
2025-11-22,Rain,1393798.060000001,4947,4780,402,4378,101025
2025-11-22,UR,159338.38268719715,15000,6419,468,5951,52446
2025-11-22,Immersve,10689.290000000003,20,7,0,7,12
2025-11-22,Bridge,6727.469999999999,148,70,9,61,480
2025-11-22,Kulipa,140040.36000000013,949,949,52,897,3802
2025-11-22,Wirex,1015.2357101115787,38,17,1,16,203
2025-11-23,Rain,4885885.796608021,12191,11978,877,11101,101902
2025-11-23,UR,144774.167218747,15059,6269,368,5901,52814
2025-11-23,Immersve,16279.87,18,8,0,8,12
2025-11-23,Bridge,3459.9199999999996,113,52,2,50,482
2025-11-23,Kulipa,154884.45999999996,1217,1217,55,1162,3857
2025-11-23,Wirex,1159.2205586145815,38,18,0,18,203
2025-11-24,Rain,1430611.4600000007,6719,6640,386,6254,102288
2025-11-24,UR,162526.3055629472,14051,6292,415,5877,53229
2025-11-24,Immersve,27753.67,18,8,0,8,12
2025-11-24,Bridge,5746.860000000001,149,66,8,58,490
2025-11-24,Kulipa,122859.44999999997,1128,1128,36,1092,3893
2025-11-24,Wirex,216991.49663051945,43,25,4,21,207
2025-11-25,Rain,3165321.990001031,7426,7321,473,6848,102761
2025-11-25,UR,167230.06643101916,14860,6570,549,6021,53778
2025-11-25,Immersve,17430.94,23,9,0,9,12
2025-11-25,Bridge,8455.449999999997,148,75,9,66,499
2025-11-25,Kulipa,156387.04287199996,1057,1056,33,1023,3926
2025-11-25,Wirex,394902.64417921787,62,32,0,32,207
2025-11-26,Rain,2964709.9500000062,9630,9495,548,8947,103309
2025-11-26,UR,172404.9115563401,14868,6786,590,6196,54368
2025-11-26,Immersve,14331.89,25,8,0,8,12
2025-11-26,Bridge,5019.700000999999,146,67,6,61,505
2025-11-26,Kulipa,163645.86213100026,1277,1277,45,1232,3971
2025-11-26,Wirex,161140.29232818796,74,28,5,23,212
2025-11-27,Rain,3265805.970867007,10520,10383,690,9693,103999
2025-11-27,UR,187771.57442103012,15681,7022,650,6372,55018
2025-11-27,Immersve,29355.079999999998,23,8,0,8,12
2025-11-27,Bridge,6152.590000999995,157,74,10,64,515
2025-11-27,Kulipa,178914.75000000003,1138,1138,32,1106,4003
2025-11-27,Wirex,187791.15704010753,76,29,0,29,212
2025-11-28,Rain,3059759.1915250057,10117,9989,621,9368,104620
2025-11-28,UR,210197.51646037033,16448,7005,559,6446,55577
2025-11-28,Immersve,26963.200000000004,17,7,0,7,12
2025-11-28,Bridge,8489.599999999997,156,68,10,58,525
2025-11-28,Kulipa,171331.04999999987,1265,1265,48,1217,4051
2025-11-28,Wirex,189476.3853758782,69,29,3,26,215
2025-11-29,Rain,2557947.051187999,9624,9503,608,8895,105228
2025-11-29,UR,207983.79821459207,17060,6978,557,6421,56134
2025-11-29,Immersve,14061.26,26,8,0,8,12
2025-11-29,Bridge,9993.119999999997,164,74,7,67,532
2025-11-29,Kulipa,429743.4535610003,1603,1603,97,1506,4148
2025-11-29,Wirex,1485.193702807001,48,19,1,18,216
2025-11-30,Rain,2853271.450000001,10249,10135,677,9458,105905
2025-11-30,UR,226636.4571571417,17258,7008,580,6428,56714
2025-11-30,Immersve,12971.61,25,7,0,7,12
2025-11-30,Bridge,5229.449999999998,144,61,6,55,538
2025-11-30,Kulipa,626892.3064389998,1817,1817,84,1733,4232
2025-11-30,Wirex,8859.596936917784,49,21,0,21,216
2025-12-01,Rain,2687278.7700009956,9004,8909,602,8307,106507
2025-12-01,UR,233972.76812024956,16812,7427,654,6773,57368
2025-12-01,Immersve,15093.720000000001,22,7,0,7,12
2025-12-01,Bridge,11048.290000000008,168,67,6,61,544
2025-12-01,Kulipa,279082.54999999993,1488,1488,35,1453,4267
2025-12-01,Wirex,265449.9223926172,84,40,3,37,219
2025-12-02,Rain,102111.57999999993,1436,1429,99,1330,106606
2025-12-02,UR,183785.19338677987,16911,7500,791,6709,58159
2025-12-02,Immersve,22489.37,27,8,0,8,12
2025-12-02,Bridge,6184.750000000001,144,77,15,62,559
2025-12-02,Kulipa,253105.704979,1371,1371,39,1332,4306
2025-12-02,Wirex,527644.6970168311,61,35,1,34,220
2025-12-03,Rain,3846682.84908403,11524,11353,859,10494,107465
2025-12-03,UR,204226.54371194865,17575,7852,939,6913,59098
2025-12-03,Immersve,23595.83,22,7,0,7,12
2025-12-03,Bridge,14884.17,177,82,8,74,567
2025-12-03,Kulipa,357455.0999999999,2138,1700,68,1632,4374
2025-12-03,Wirex,226727.73335473312,46,23,0,23,220
2025-12-04,Rain,6433942.970767092,14759,14514,1172,13342,108637
2025-12-04,UR,218145.13587445905,18606,8209,905,7304,60003
2025-12-04,Immersve,42641.880000000005,20,7,0,7,12
2025-12-04,Bridge,8770.969999999996,152,73,8,65,575
2025-12-04,Kulipa,150969.24000000002,1150,1150,31,1119,4405
2025-12-04,Wirex,200719.6105010432,81,28,0,28,220
2025-12-05,Rain,1546515.716945004,7659,7598,468,7130,109105
2025-12-05,UR,209330.56575355923,19599,8508,943,7565,60946
2025-12-05,Immersve,30438.4,19,7,0,7,12
2025-12-05,Bridge,6929.880000000003,137,75,11,64,586
2025-12-05,Kulipa,226599.8700809998,1452,1452,47,1405,4452
2025-12-05,Wirex,296732.04902876227,67,31,3,28,223
2025-12-06,Rain,3156020.4572260194,10869,10736,1117,9619,110222
2025-12-06,UR,224175.2347186068,20960,8715,844,7871,61790
2025-12-06,Immersve,44783.740000000005,19,6,0,6,12
2025-12-06,Bridge,5360.700000000001,170,80,9,71,595
2025-12-06,Kulipa,202211.55737699944,1410,1410,58,1352,4510
2025-12-06,Wirex,8729.173383451058,68,25,1,24,224
2025-12-07,Rain,3232480.209608999,11590,11439,1466,9973,111688
2025-12-07,UR,207064.4130573074,19706,8364,647,7717,62437
2025-12-07,Immersve,42492.86,17,7,0,7,12
2025-12-07,Bridge,8305.879999999992,181,78,7,71,602
2025-12-07,Kulipa,221991.97999999986,1542,1542,58,1484,4568
2025-12-07,Wirex,5457.067886933909,48,20,0,20,224
2025-12-08,Rain,3633576.080000039,11171,11050,1572,9478,113260
2025-12-08,UR,198390.5186485083,19201,8577,737,7840,63174
2025-12-08,Immersve,38787.31,23,8,0,8,12
2025-12-08,Bridge,6749.299999999998,158,75,12,63,614
2025-12-08,Kulipa,221894.04999999993,1482,1482,37,1445,4605
2025-12-08,Wirex,215277.71812355623,71,33,4,29,228
2025-12-09,Rain,2955367.120000004,10165,10050,1035,9015,114295
2025-12-09,UR,211808.05900207863,19629,8878,775,8103,63949
2025-12-09,Immersve,53159.34000000001,26,8,0,8,12
2025-12-09,Bridge,10353.130000000001,164,80,11,69,625
2025-12-09,Kulipa,222102.44207899956,1500,1500,57,1443,4662
2025-12-09,Wirex,441449.69476174813,48,21,0,21,228
2025-12-10,Rain,3026362.320000018,11168,11034,862,10172,115157
2025-12-10,UR,221769.98105008036,20133,8867,675,8192,64624
2025-12-10,Immersve,63502.909999999996,21,8,1,7,13
2025-12-10,Bridge,11405.479999999996,194,86,8,78,633
2025-12-10,Kulipa,225289.7926759997,1471,1471,61,1410,4723
2025-12-10,Wirex,308626.70329222333,78,39,5,34,233
2025-12-11,Rain,2548972.7200000137,10969,10816,738,10078,115895
2025-12-11,UR,218843.3961082892,19873,8936,701,8235,65325
2025-12-11,Immersve,66482.72,21,8,1,7,14
2025-12-11,Bridge,12484.249999999993,217,107,19,88,652
2025-12-11,Kulipa,189917.99549400018,1504,1504,57,1447,4780
2025-12-11,Wirex,168540.1097925916,51,26,0,26,233
2025-12-12,Rain,2642311.920000011,10613,10501,724,9777,116619
2025-12-12,UR,228202.0506560079,21309,9146,650,8496,65975
2025-12-12,Immersve,66683.33,23,7,0,7,14
2025-12-12,Bridge,15520.059999999998,272,124,14,110,666
2025-12-12,Kulipa,184066.16271099998,1435,1435,58,1377,4838
2025-12-12,Wirex,197499.16597795943,104,34,1,33,234
2025-12-13,Rain,2439294.9700000095,5539,5493,354,5139,116973
2025-12-13,UR,226932.33404185955,21418,9075,616,8459,66591
2025-12-13,Immersve,78031.9,21,9,0,9,14
2025-12-13,Bridge,15331.16,247,97,14,83,680
2025-12-13,Kulipa,240654.3142349998,1682,1682,109,1573,4947
2025-12-13,Wirex,6205.787603401734,58,25,0,25,234
2025-12-14,Rain,945154.7900000019,6678,6594,425,6169,117398
2025-12-14,UR,215457.2839055183,21721,9047,555,8492,67146
2025-12-14,Immersve,103353.04000000001,27,8,0,8,14
2025-12-14,Bridge,12998.089999999997,213,100,7,93,687
2025-12-14,Kulipa,234383.5115420001,1764,1764,93,1671,5040
2025-12-14,Wirex,1934.0611254439073,35,21,2,19,236
2025-12-15,Rain,3343172.7400000333,6534,6464,423,6041,117821
2025-12-15,UR,219801.5140297697,20083,9009,549,8460,67695
2025-12-15,Immersve,56402.759999999995,24,8,0,8,14
2025-12-15,Bridge,7971.409999999998,163,75,9,66,696
2025-12-15,Kulipa,32706.53767800001,184,184,4,180,5044
2025-12-15,Wirex,199676.3870277619,57,31,2,29,238
2025-12-16,Rain,6798582.992167036,13853,13658,907,12751,118728
2025-12-16,UR,199332.48541750122,20272,8940,536,8404,68231
2025-12-16,Immersve,62479.83,22,7,0,7,14
2025-12-16,Bridge,11435.780000000002,219,96,19,77,715
2025-12-16,Kulipa,490009.3485509998,2492,2492,182,2310,5226
2025-12-16,Wirex,456732.113518952,57,30,3,27,241
2025-12-17,Rain,274232.68790999963,3676,3640,104,3536,118832
2025-12-17,UR,201333.78163657128,20672,9072,576,8496,68807
2025-12-17,Immersve,66507.09,20,8,0,8,14
2025-12-17,Bridge,9957.709999999995,211,100,6,94,721
2025-12-17,Kulipa,150764.53156800024,1542,1542,58,1484,5284
2025-12-17,Wirex,186497.82053694193,70,31,0,31,241
2025-12-18,Rain,4703689.825058038,14855,14639,982,13657,119814
2025-12-18,UR,203512.8828047412,21069,9220,572,8648,69379
2025-12-18,Immersve,67532.09,25,9,0,9,14
2025-12-18,Bridge,6346.229999999998,192,97,8,89,729
2025-12-18,Kulipa,396280.00600800087,2883,2111,128,1983,5412
2025-12-18,Wirex,203234.72708601868,52,28,2,26,243
2025-12-19,Rain,2530735.4000000055,10397,10273,552,9721,120366
2025-12-19,UR,227196.5089347313,22088,9409,582,8827,69961
2025-12-19,Immersve,65566.30999999998,26,9,0,9,14
2025-12-19,Bridge,11722.019999999995,181,98,12,86,741
2025-12-19,Kulipa,259026.06144899977,2372,1947,74,1873,5486
2025-12-19,Wirex,246852.97496072488,59,29,0,29,243
2025-12-20,Rain,2346938.4600000097,9857,9755,435,9320,120801
2025-12-20,UR,235103.71664753108,22615,9288,557,8731,70518
2025-12-20,Immersve,165182.06000000003,25,10,0,10,14
2025-12-20,Bridge,14812.64,229,103,3,100,744
2025-12-20,Kulipa,196242.17821900002,1566,1566,80,1486,5566
2025-12-20,Wirex,5670.884597021203,57,23,2,21,245
2025-12-21,Rain,2827016.7600000156,9963,9871,478,9393,121279
2025-12-21,UR,219904.97344387136,21677,9049,472,8577,70990
2025-12-21,Immersve,89794.90000000001,24,9,0,9,14
2025-12-21,Bridge,10127.709999999995,202,90,8,82,752
2025-12-21,Kulipa,231724.23741800015,2021,2021,76,1945,5642
2025-12-21,Wirex,2238.8068835760996,24,18,1,17,246
2025-12-22,Rain,1985243.000000017,9386,9305,731,8574,122010
2025-12-22,UR,231346.60283107054,20614,9068,454,8614,71444
2025-12-22,Immersve,74351.98999999999,23,9,0,9,14
2025-12-22,Bridge,17579.050001000003,257,109,12,97,764
2025-12-22,Kulipa,240577.66843199945,2004,2004,64,1940,5706
2025-12-22,Wirex,216926.58700426825,63,34,2,32,248
2025-12-23,Rain,2320446.878596015,9797,9687,633,9054,122643
2025-12-23,UR,209589.05810748966,20964,9284,503,8781,71947
2025-12-23,Immersve,87209.14000000001,20,8,0,8,14
2025-12-23,Bridge,18839.720000999994,279,115,12,103,776
2025-12-23,Kulipa,232102.67078499988,1918,1918,47,1871,5753
2025-12-23,Wirex,465642.1589520181,48,26,3,23,251
2025-12-24,Rain,3196852.182737007,11943,11823,1010,10813,123653
2025-12-24,UR,247740.90688213042,21318,9306,472,8834,72419
2025-12-24,Immersve,132637.34000000003,28,9,0,9,14
2025-12-24,Bridge,13151.970003999997,217,97,14,83,790
2025-12-24,Kulipa,229455.10406899994,1962,1962,70,1892,5823
2025-12-24,Wirex,171847.46729457786,53,29,2,27,253
2025-12-25,Rain,2349643.170000011,9875,9796,681,9115,124334
2025-12-25,UR,212652.4038309407,21921,9384,469,8915,72888
2025-12-25,Immersve,87321.13,18,7,0,7,14
2025-12-25,Bridge,5653.349999999998,169,81,7,74,797
2025-12-25,Kulipa,228552.5275320001,2026,2026,99,1927,5922
2025-12-25,Wirex,2534.5718566874916,31,20,1,19,254
2025-12-26,Rain,3468968.4900020217,12120,12010,979,11031,125313
2025-12-26,UR,246891.0469681603,22479,9392,482,8910,73370
2025-12-26,Immersve,86412.45999999998,23,9,0,9,14
2025-12-26,Bridge,9612.219999999998,193,94,8,86,805
2025-12-26,Kulipa,179937.823703,1922,1922,91,1831,6013
2025-12-26,Wirex,3211.755649719502,32,24,1,23,255
2025-12-27,Rain,2068721.5700000122,9880,9799,742,9057,126055
2025-12-27,UR,262309.0045407985,23394,9633,517,9116,73887
2025-12-27,Immersve,54073.60999999999,23,10,0,10,14
2025-12-27,Bridge,9027.200000000003,222,104,4,100,809
2025-12-27,Kulipa,183718.26039800007,1935,1935,102,1833,6115
2025-12-27,Wirex,1264.4981524409122,38,21,2,19,257
2025-12-28,Rain,2570229.7200000235,11290,11190,802,10388,126857
2025-12-28,UR,252298.61249577824,23577,9575,520,9055,74407
2025-12-28,Immersve,54922.49,22,9,0,9,14
2025-12-28,Bridge,9311.999999999993,229,109,11,98,820
2025-12-28,Kulipa,201531.95072899992,2031,2031,188,1843,6303
2025-12-28,Wirex,4914.25381297226,38,18,0,18,257
2025-12-29,Rain,1839147.497154005,8608,8539,515,8024,127372
2025-12-29,UR,262292.52188917994,22835,9688,541,9147,74948
2025-12-29,Immersve,56892.560000000005,19,8,0,8,14
2025-12-29,Bridge,8507.029999999997,246,91,6,85,826
2025-12-29,Kulipa,203429.08896599963,2271,2271,219,2052,6522
2025-12-29,Wirex,536326.0773152162,75,34,2,32,259
2025-12-30,Rain,614540.0399999986,4116,4094,235,3859,127607
2025-12-30,UR,255988.41929675997,23266,9854,559,9295,75507
2025-12-30,Immersve,70857.89000000001,21,6,0,6,14
2025-12-30,Bridge,10722.280000000004,280,121,20,101,846
2025-12-30,Kulipa,189620.50529899943,2234,2234,143,2091,6665
2025-12-30,Wirex,368118.9051518446,52,28,0,28,259
2025-12-31,Rain,1031532.2700000049,4194,4163,258,3905,127865
2025-12-31,UR,292491.7475351986,25158,10104,487,9617,75994
2025-12-31,Immersve,69033.81,20,6,0,6,14
2025-12-31,Bridge,10760.820000999995,221,96,10,86,856
2025-12-31,Kulipa,289750.3900000002,2396,2396,165,2231,6830
2025-12-31,Wirex,181459.28422408266,53,24,4,20,263
2026-01-01,Rain,5013115.910000025,15026,14823,1112,13711,128977
2026-01-01,UR,299691.57674327004,24262,9866,438,9428,76432
2026-01-01,Immersve,56760.66999999999,20,7,0,7,14
2026-01-01,Bridge,8277.729999999998,161,88,5,83,861
2026-01-01,Kulipa,294096.20000000054,2321,2321,182,2139,7012
2026-01-01,Wirex,23019.13389688025,62,27,2,25,265
2026-01-02,Rain,6799408.588462116,14797,14605,1001,13604,129978
2026-01-02,UR,299131.6253478482,24654,9870,451,9419,76883
2026-01-02,Immersve,39558.83,22,7,0,7,14
2026-01-02,Bridge,10889.110000999995,244,107,12,95,873
2026-01-02,Kulipa,264356.9799999998,2384,2384,160,2224,7172
2026-01-02,Wirex,367004.1674307937,72,25,3,22,268
2026-01-03,Rain,3036414.6624480234,10304,10203,520,9683,130498
2026-01-03,UR,288196.7215425607,24392,9885,451,9434,77334
2026-01-03,Immersve,74257.03000000001,14,5,0,5,14
2026-01-03,Bridge,12113.340000000002,235,104,12,92,885
2026-01-03,Kulipa,258899.26908299926,2410,2410,172,2238,7344
2026-01-03,Wirex,7334.522157327997,32,20,2,18,270
2026-01-04,Rain,2548053.6127020065,7557,7493,390,7103,130888
2026-01-04,UR,268480.88021110976,23731,10070,515,9555,77849
2026-01-04,Immersve,53853.93,21,7,0,7,14
2026-01-04,Bridge,10012.239999999994,207,98,7,91,892
2026-01-04,Kulipa,252165.49999999956,2562,2562,159,2403,7503
2026-01-04,Wirex,3518.6781382918084,43,25,1,24,271
2026-01-05,Rain,4158620.287493043,12133,12011,708,11303,131596
2026-01-05,UR,282497.26957803674,23958,10223,541,9682,78390
2026-01-05,Immersve,60532.70999999999,21,6,0,6,14
2026-01-05,Bridge,10849.769999999995,248,117,9,108,901
2026-01-05,Kulipa,244562.05999999918,2643,2643,168,2475,7671
2026-01-05,Wirex,235942.17068861588,59,31,2,29,273
2026-01-06,Rain,3928913.185803015,12061,11546,584,10962,132180
2026-01-06,UR,278747.2903056658,23538,10179,506,9673,78896
2026-01-06,Immersve,64779.0,21,7,0,7,14
2026-01-06,Bridge,17355.11999999999,318,128,8,120,909
2026-01-06,Kulipa,248904.8983269995,2647,2647,152,2495,7823
2026-01-06,Wirex,593704.3597853853,63,35,6,29,279
2026-01-07,Rain,3482529.840000001,11916,11790,650,11140,132830
2026-01-07,UR,284292.25143590884,24463,10460,509,9951,79405
2026-01-07,Immersve,131575.66,21,9,0,9,14
2026-01-07,Bridge,12943.57,273,117,8,109,917
2026-01-07,Kulipa,339628.47602899914,2938,2938,205,2733,8028
2026-01-07,Wirex,277266.9990074412,73,32,4,28,283
2026-01-08,Rain,3187848.0800000094,3492,3467,100,3367,132930
2026-01-08,UR,294786.0364815175,24381,10304,468,9836,79873
2026-01-08,Immersve,61217.76000000001,22,8,0,8,14
2026-01-08,Bridge,8570.639999999998,223,109,4,105,921
2026-01-08,Kulipa,257340.56898199941,2989,2989,219,2770,8247
2026-01-08,Wirex,191455.85838495375,73,35,5,30,288
2026-01-09,Rain,2745996.6800000058,6846,6792,418,6374,133348
2026-01-09,UR,269639.5349554165,24975,10491,485,10006,80358
2026-01-09,Immersve,92737.43,19,6,0,6,14
2026-01-09,Bridge,14430.389999999994,230,121,12,109,933
2026-01-09,Kulipa,252751.01499499966,2974,2974,159,2815,8406
2026-01-09,Wirex,218475.11411588453,60,31,6,25,294
2026-01-10,Rain,2542148.659999998,8080,8015,487,7528,133835
2026-01-10,UR,292931.0829457878,26069,10443,467,9976,80825
2026-01-10,Immersve,69868.69000000002,28,9,0,9,14
2026-01-10,Bridge,12736.489999999996,243,114,11,103,944
2026-01-10,Kulipa,224975.51201299933,2938,2938,114,2824,8520
2026-01-10,Wirex,4113.970137432919,58,30,3,27,297
2026-01-11,Rain,4133763.63272802,14041,13894,872,13022,134707
2026-01-11,UR,245614.78275881754,25067,10126,441,9685,81266
2026-01-11,Immersve,53399.86,21,8,0,8,14
2026-01-11,Bridge,10869.839999999997,260,131,20,111,964
2026-01-11,Kulipa,223624.01674799898,2877,2877,97,2780,8617
2026-01-11,Wirex,6347.426485385955,63,27,1,26,298
2026-01-12,Rain,2814292.110000013,9615,9524,744,8780,135451
2026-01-12,UR,269172.5842641471,23910,10256,477,9779,81743
2026-01-12,Immersve,57038.66999999999,21,7,0,7,14
2026-01-12,Bridge,13420.259999999998,257,131,25,106,989
2026-01-12,Kulipa,221819.80079299954,2928,2928,111,2817,8728
2026-01-12,Wirex,262886.6646039199,74,37,3,34,301
2026-01-13,Rain,4558569.494121015,11998,11894,1056,10838,136507
2026-01-13,UR,258519.7966832763,24304,10302,441,9861,82184
2026-01-13,Immersve,72907.75,24,9,0,9,14
2026-01-13,Bridge,13853.04,268,121,8,113,997
2026-01-13,Kulipa,272454.5199999998,2926,2926,102,2824,8830
2026-01-13,Wirex,445703.5072088701,92,42,1,41,302
2026-01-14,Rain,2869532.360500016,13943,13801,1234,12567,137741
2026-01-14,UR,270568.1499215758,25065,10461,456,10005,82640
2026-01-14,Immersve,121342.06,13,4,0,4,14
2026-01-14,Bridge,11915.220000000001,273,128,13,115,1010
2026-01-14,Kulipa,223399.23936100004,2694,2694,85,2609,8915
2026-01-14,Wirex,200992.0662019148,85,41,2,39,304
2026-01-15,Rain,3920531.3121300265,14911,14792,2165,12627,139906
2026-01-15,UR,284008.613131627,25068,10345,358,9987,82998
2026-01-15,Immersve,64004.53999999999,14,4,0,4,14
2026-01-15,Bridge,18558.47,256,112,8,104,1018
2026-01-15,Kulipa,0.0,0,0,0,0,8915
2026-01-15,Wirex,260843.49762862854,80,38,1,37,305
2026-01-16,Rain,3998769.353042013,14153,14021,1628,12393,141534
2026-01-16,UR,298614.58631910913,26106,10652,591,10061,83589
2026-01-16,Immersve,61423.310000000005,12,3,0,3,14
2026-01-16,Bridge,18154.879999999997,290,150,22,128,1040
2026-01-16,Kulipa,579695.276638002,3867,3867,245,3622,9160
2026-01-16,Wirex,160663.3926185136,77,35,4,31,309
2026-01-17,Rain,3610929.430000029,13115,12993,1092,11901,142626
2026-01-17,UR,304269.4445771626,27511,10729,524,10205,84113
2026-01-17,Immersve,58325.14,13,5,0,5,14
2026-01-17,Bridge,9751.80999999999,270,121,8,113,1048
2026-01-17,Kulipa,283025.63999999943,3796,3147,102,3045,9262
2026-01-17,Wirex,7554.0916461997385,67,34,1,33,310
2026-01-18,Rain,2603726.0699999994,11926,11828,886,10942,143512
2026-01-18,UR,259555.1115918599,25734,10418,517,9901,84630
2026-01-18,Immersve,89774.58,12,4,0,4,14
2026-01-18,Bridge,13706.15,243,116,13,103,1061
2026-01-18,Kulipa,225393.9502829993,2598,2598,69,2529,9331
2026-01-18,Wirex,4142.352322049491,48,26,1,25,311
2026-01-19,Rain,3730594.6800000356,10146,10063,566,9497,144078
2026-01-19,UR,271687.11000615,23532,10179,544,9635,85174
2026-01-19,Immersve,61394.530000000006,11,3,0,3,14
2026-01-19,Bridge,13831.539999999999,215,103,10,93,1071
2026-01-19,Kulipa,217549.42971699918,2971,2971,94,2877,9425
2026-01-19,Wirex,260464.2103645833,100,41,4,37,315
2026-01-20,Rain,2671709.2932680114,9102,9033,488,8545,144566
2026-01-20,UR,262110.4524675877,23416,10073,498,9575,85672
2026-01-20,Immersve,74785.23000000001,17,4,0,4,14
2026-01-20,Bridge,14809.739999999996,316,130,11,119,1082
2026-01-20,Kulipa,218109.43384099923,2858,2858,93,2765,9518
2026-01-20,Wirex,539575.234856012,92,46,4,42,319
2026-01-21,Rain,4025445.9900000324,14455,14282,938,13344,145504
2026-01-21,UR,262706.01205804886,23004,10222,530,9692,86202
2026-01-21,Immersve,80290.81,14,4,0,4,14
2026-01-21,Bridge,9671.770000000004,265,134,11,123,1093
2026-01-21,Kulipa,212415.21999999933,1827,1827,66,1761,9584
2026-01-21,Wirex,231097.1371757177,73,42,2,40,321
2026-01-22,Rain,5268632.410000029,10271,10172,693,9479,146197
2026-01-22,UR,259522.9657210178,23696,10309,528,9781,86730
2026-01-22,Immersve,128161.85,24,8,0,8,14
2026-01-22,Bridge,13010.029999999997,258,116,8,108,1101
2026-01-22,Kulipa,180674.1426729998,1788,1788,67,1721,9651
2026-01-22,Wirex,235764.32765554427,150,70,28,42,349
2026-01-23,Rain,4198333.870000031,13930,13804,1024,12780,147221
2026-01-23,UR,280953.7977497808,24627,10484,446,10038,87176
2026-01-23,Immersve,83302.41,19,5,0,5,14
2026-01-23,Bridge,13679.889999999994,302,147,13,134,1114
2026-01-23,Kulipa,234762.85625099982,1914,1914,69,1845,9720
2026-01-23,Wirex,189022.63306599745,233,93,46,47,395
2026-01-24,Rain,4190423.8400000404,11283,11193,602,10591,147823
2026-01-24,UR,292011.2472836465,25794,10583,317,10266,87493
2026-01-24,Immersve,77449.48,22,8,0,8,14
2026-01-24,Bridge,14779.999999999996,292,125,4,121,1118
2026-01-24,Kulipa,303615.02999999933,1949,1949,87,1862,9807
2026-01-24,Wirex,27708.251320375235,557,182,100,82,495
2026-01-25,Rain,3770754.4848160134,11283,11196,642,10554,148465
2026-01-25,UR,281064.8041513077,25316,10313,308,10005,87801
2026-01-25,Immersve,80673.27,19,7,0,7,14
2026-01-25,Bridge,11398.429999999998,216,104,4,100,1122
2026-01-25,Kulipa,488454.3351799997,2933,2933,162,2771,9969
2026-01-25,Wirex,23717.548580561055,539,217,99,118,594
2026-01-26,Rain,2503891.939492017,10409,10320,647,9673,149112
2026-01-26,UR,319764.8867911167,23957,10155,259,9896,88060
2026-01-26,Immersve,72986.04,20,7,0,7,14
2026-01-26,Bridge,14328.250000000004,221,119,10,109,1132
2026-01-26,Kulipa,205822.16053400055,1913,1913,79,1834,10048
2026-01-26,Wirex,376694.0082568461,664,234,65,169,659
2026-01-27,Rain,3562240.1523150136,7985,7926,512,7414,149624
2026-01-27,UR,295557.2690945801,23296,10220,305,9915,88365
2026-01-27,Immersve,60718.03,18,5,0,5,14
2026-01-27,Bridge,11337.929999999997,219,108,12,96,1144
2026-01-27,Kulipa,314472.68756000017,2929,2842,82,2760,10130
2026-01-27,Wirex,723699.0047363666,791,278,80,198,739
2026-01-28,Rain,1415593.2000000072,8533,8482,1343,7139,150967
2026-01-28,UR,275663.76542073005,24187,10217,292,9925,88657
2026-01-28,Immersve,97377.61,23,7,0,7,14
2026-01-28,Bridge,12947.619999999995,229,116,6,110,1150
2026-01-28,Kulipa,497765.51583800034,2836,2836,91,2745,10221
2026-01-28,Wirex,332502.54174383054,796,295,70,225,809
2026-01-29,Rain,4763492.420000051,14422,14301,1181,13120,152148
2026-01-29,UR,330534.0752704821,24182,10184,286,9898,88943
2026-01-29,Immersve,72207.34,14,6,0,6,14
2026-01-29,Bridge,14774.940000000002,239,120,10,110,1160
2026-01-29,Kulipa,115191.57000000004,1410,1410,41,1369,10262
2026-01-29,Wirex,367299.5805021744,904,320,67,253,876
2026-01-30,Rain,4564922.685604024,13859,13745,1092,12653,153240
2026-01-30,UR,292390.526718841,23593,9923,249,9674,89192
2026-01-30,Immersve,73436.05,19,6,0,6,14
2026-01-30,Bridge,12256.440000000004,272,132,9,123,1169
2026-01-30,Kulipa,243100.7174230003,1678,1678,53,1625,10315
2026-01-30,Wirex,313986.1751796366,1163,393,99,294,975
2026-01-31,Rain,5135980.04100004,14036,13671,1402,12269,154642
2026-01-31,UR,284482.9529557581,24192,9886,288,9598,89480
2026-01-31,Immersve,77889.47,20,6,0,6,14
2026-01-31,Bridge,14604.979999999992,277,116,8,108,1177
2026-01-31,Kulipa,345539.61999999953,1960,1960,76,1884,10391
2026-01-31,Wirex,119946.42590495214,1335,389,64,325,1039
2026-02-01,Rain,2366057.504959995,11962,11871,1093,10778,155735
2026-02-01,UR,294896.0965067786,25179,10296,234,10062,89714
2026-02-01,Immersve,80615.47,17,5,0,5,14
2026-02-01,Bridge,14492.53999999999,243,111,8,103,1185
2026-02-01,Kulipa,271554.15319000004,1958,1958,51,1907,10442
2026-02-01,Wirex,156282.92906613115,1160,407,78,329,1117
2026-02-02,Rain,4097778.0800000494,11478,11390,822,10568,156557
2026-02-02,UR,285099.44505407807,23787,9981,225,9756,89939
2026-02-02,Immersve,82176.26000000001,17,5,0,5,14
2026-02-02,Bridge,18028.730000000003,235,114,4,110,1189
2026-02-02,Kulipa,212697.69681000008,1961,1961,38,1923,10480
2026-02-02,Wirex,538263.4749035191,1368,438,63,375,1180
2026-02-03,Rain,4899631.550000061,14245,14140,1054,13086,157611
2026-02-03,UR,277639.78602012846,23522,9718,207,9511,90146
2026-02-03,Immersve,109056.78,16,5,0,5,14
2026-02-03,Bridge,12110.699999999997,288,130,15,115,1204
2026-02-03,Kulipa,269973.2200000002,1945,1945,55,1890,10535
2026-02-03,Wirex,943591.055118816,2347,930,509,421,1689
2026-02-04,Rain,4911686.293839009,12702,12578,773,11805,158384
2026-02-04,UR,298774.61925708136,23225,9641,204,9437,90350
2026-02-04,Immersve,73467.76000000001,23,7,0,7,14
2026-02-04,Bridge,16882.93,278,129,6,123,1210
2026-02-04,Kulipa,339535.9814490001,1956,1956,44,1912,10579
2026-02-04,Wirex,1148002.107786341,11069,4232,3471,761,5160
2026-02-05,Rain,5746261.101488053,14607,14480,975,13505,159359
2026-02-05,UR,300043.15035796864,22271,9274,202,9072,90552
2026-02-05,Immersve,76842.48999999999,19,6,0,6,14
2026-02-05,Bridge,11744.009999999995,261,125,7,118,1217
2026-02-05,Kulipa,247468.71000000037,1952,1952,42,1910,10621
2026-02-05,Wirex,1616345.1870524941,20602,7416,4327,3089,9487
2026-02-06,Rain,4383883.680000066,13200,13099,818,12281,160177
2026-02-06,UR,294334.6526115585,21759,9209,193,9016,90745
2026-02-06,Immersve,76746.87,21,6,0,6,14
2026-02-06,Bridge,18787.74999999999,292,138,8,130,1225
2026-02-06,Kulipa,218625.58603100007,1919,1919,52,1867,10673
2026-02-06,Wirex,2152848.1174207823,27652,9425,3480,5945,12967
2026-02-07,Rain,3708080.1000000276,11804,11702,592,11110,160769
2026-02-07,UR,309370.19920425944,22802,9170,190,8980,90935
2026-02-07,Immersve,108030.63,20,7,0,7,14
2026-02-07,Bridge,15959.149999999996,341,131,3,128,1228
2026-02-07,Kulipa,172042.25490100012,1570,1570,50,1520,10723
2026-02-07,Wirex,1433169.430929054,31514,10247,2511,7736,15478
2026-02-08,Rain,6138516.340000019,7904,7839,412,7427,161181
2026-02-08,UR,281632.1380441589,22247,9014,184,8830,91119
2026-02-08,Immersve,95664.21,18,6,0,6,14
2026-02-08,Bridge,12869.649999999998,310,125,7,118,1235
2026-02-08,Kulipa,249254.623969,1827,1827,47,1780,10770
2026-02-08,Wirex,1262834.3166385125,28597,9925,1734,8191,17212
2026-02-09,Rain,4950635.612511079,13909,13801,857,12944,162038
2026-02-09,UR,273457.6188678588,21374,8885,208,8677,91327
2026-02-09,Immersve,82278.36000000002,21,6,0,6,14
2026-02-09,Bridge,10921.43,248,117,9,108,1244
2026-02-09,Kulipa,204221.67879300023,1842,1842,30,1812,10800
2026-02-09,Wirex,2771705.4082482033,32491,11128,1709,9419,18921
2026-02-10,Rain,3852244.1790220365,11699,11514,545,10969,162583
2026-02-10,UR,294151.799340661,21345,8845,177,8668,91504
2026-02-10,Immersve,133676.68,21,7,0,7,14
2026-02-10,Bridge,16647.149999999998,274,130,7,123,1251
2026-02-10,Kulipa,301169.39999999973,1959,1959,40,1919,10840
2026-02-10,Wirex,4229637.881519555,33758,11585,1553,10032,20474
2026-02-11,Rain,3625849.9800000284,12259,12171,618,11553,163201
2026-02-11,UR,265785.5367544372,20375,8638,155,8483,91659
2026-02-11,Immersve,97147.67000000003,20,5,0,5,14
2026-02-11,Bridge,18379.62,282,132,11,121,1262
2026-02-11,Kulipa,205022.25999999986,1801,1801,33,1768,10873
2026-02-11,Wirex,3552057.3732573977,35249,11999,1467,10532,21941
2026-02-12,Rain,2144414.970000009,8484,8414,314,8100,163515
2026-02-12,UR,295963.8354815631,20372,8501,180,8321,91839
2026-02-12,Immersve,108349.41,21,6,0,6,14
2026-02-12,Bridge,17097.09999999999,296,143,7,136,1269
2026-02-12,Kulipa,190713.10917100037,1835,1835,46,1789,10919
2026-02-12,Wirex,3482318.433164689,36299,12320,1268,11052,23209
2026-02-13,Rain,5747000.634945064,15769,15584,850,14734,164365
2026-02-13,UR,315437.5543378176,20131,8388,189,8199,92028
2026-02-13,Immersve,95191.67000000001,23,6,0,6,14
2026-02-13,Bridge,17544.829999999998,266,115,5,110,1274
2026-02-13,Kulipa,814957.4757060012,3636,2960,166,2794,11085
2026-02-13,Wirex,3055842.2455969676,39145,12638,1047,11591,24256
2026-02-14,Rain,2070550.4279020056,7579,7528,341,7187,164706
2026-02-14,UR,288344.75644845125,19603,7981,162,7819,92190
2026-02-14,Immersve,124034.80999999998,19,6,0,6,14
2026-02-14,Bridge,12491.229999999996,319,134,11,123,1285
2026-02-14,Kulipa,206431.55000000042,1882,1882,38,1844,11123
2026-02-14,Wirex,2017836.4246782055,42925,12789,959,11830,25215
2026-02-15,Rain,6223494.000000098,12772,12633,589,12044,165295
2026-02-15,UR,254828.5428991521,17315,7137,136,7001,92326
2026-02-15,Immersve,144600.71000000002,18,7,0,7,14
2026-02-15,Bridge,15565.499999999996,320,130,5,125,1290
2026-02-15,Kulipa,230109.52049500003,2067,2067,40,2027,11163
2026-02-15,Wirex,1409441.5650038566,32970,11293,701,10592,25916
2026-02-16,Rain,3585523.2300000144,10995,10915,498,10417,165793
2026-02-16,UR,228454.27717373954,12310,5660,111,5549,92437
2026-02-16,Immersve,130246.66000000002,14,4,0,4,14
2026-02-16,Bridge,7582.519999999999,233,107,4,103,1294
2026-02-16,Kulipa,204429.61209799984,1922,1922,46,1876,11209
2026-02-16,Wirex,2723066.7453942243,36165,12311,806,11505,26722
2026-02-17,Rain,3610865.5300000226,10675,10582,474,10108,166267
2026-02-17,UR,192302.43190537993,11409,5323,101,5222,92538
2026-02-17,Immersve,123178.82,13,4,0,4,14
2026-02-17,Bridge,15016.900000000003,236,122,9,113,1303
2026-02-17,Kulipa,277267.73214999953,2277,2277,46,2231,11255
2026-02-17,Wirex,5336348.178682503,36306,12451,705,11746,27427
2026-02-18,Rain,3379663.5332790357,11418,11317,501,10816,166768
2026-02-18,UR,197390.2291407599,12979,6022,125,5897,92663
2026-02-18,Immersve,125254.58,21,6,0,6,14
2026-02-18,Bridge,15017.610000000011,313,158,33,125,1336
2026-02-18,Kulipa,155439.35725500016,1783,1783,38,1745,11293
2026-02-18,Wirex,3041788.9934651395,36769,12696,724,11972,28151
2026-02-19,Rain,1924218.5900000087,9058,9000,365,8635,167133
2026-02-19,UR,202507.49159052887,13788,6202,99,6103,92762
2026-02-19,Immersve,133970.89,14,4,0,4,14
2026-02-19,Bridge,14639.840000000011,340,160,34,126,1370
2026-02-19,Kulipa,203245.45923999985,1800,1800,27,1773,11320
2026-02-19,Wirex,2944223.0686850287,37507,12733,650,12083,28801
2026-02-20,Rain,3444944.130000034,11315,11217,497,10720,167630
2026-02-20,UR,211005.43047203997,15700,6646,125,6521,92887
2026-02-20,Immersve,114456.32000000004,19,6,0,6,14
2026-02-20,Bridge,15908.570000000007,422,173,38,135,1408
2026-02-20,Kulipa,227755.32598999987,2036,2036,40,1996,11360
2026-02-20,Wirex,2894161.689486502,38515,12769,576,12193,29377
2026-02-21,Rain,5081169.183641021,12855,12766,712,12054,168342
2026-02-21,UR,226824.38556319964,16636,7030,142,6888,93029
2026-02-21,Immersve,125090.50999999998,19,6,0,6,14
2026-02-21,Bridge,16667.049999999992,386,156,21,135,1429
2026-02-21,Kulipa,215630.7900000001,2017,2017,37,1980,11397
2026-02-21,Wirex,1746472.738231611,40843,12744,532,12212,29909
2026-02-22,Rain,2968500.700000019,9686,9626,526,9100,168868
2026-02-22,UR,223304.62025988026,16710,7099,145,6954,93174
2026-02-22,Immersve,144611.5,19,6,0,6,14
2026-02-22,Bridge,14735.71,371,146,17,129,1446
2026-02-22,Kulipa,207695.89350200017,1891,1891,32,1859,11429
2026-02-22,Wirex,1328038.1557419947,33362,11474,420,11054,30329
2026-02-23,Rain,2492901.630000002,11352,11276,525,10751,169393
2026-02-23,UR,268027.66230373946,17090,7440,157,7283,93331
2026-02-23,Immersve,143169.07,15,4,0,4,14
2026-02-23,Bridge,17895.140000000003,345,171,24,147,1470
2026-02-23,Kulipa,272334.46877899993,2986,2461,43,2418,11472
2026-02-23,Wirex,3251976.884628156,36508,12414,493,11921,30822
2026-02-24,Rain,2089176.9000000001,8387,8325,342,7983,169735
2026-02-24,UR,244511.34982995153,18029,7918,150,7768,93481
2026-02-24,Immersve,119660.87999999996,19,6,0,6,14
2026-02-24,Bridge,11722.319999999992,422,153,20,133,1490
2026-02-24,Kulipa,194604.18387599953,1769,1769,30,1739,11502
2026-02-24,Wirex,4787834.889337094,36549,12532,456,12076,31278
2026-02-25,Rain,4443968.418750035,13420,13327,653,12674,170388
2026-02-25,UR,221190.03277802758,18982,8134,206,7928,93687
2026-02-25,Immersve,131334.82,19,7,0,7,14
2026-02-25,Bridge,15277.040000000005,444,170,33,137,1523
2026-02-25,Kulipa,243453.07343399985,2250,2250,44,2206,11546
2026-02-25,Wirex,2989459.842212074,37709,12666,460,12206,31738
2026-02-26,Rain,4728855.780000007,11662,11574,825,10749,171213
2026-02-26,UR,260856.3192760012,18346,8132,214,7918,93901
2026-02-26,Immersve,122119.24000000002,19,5,0,5,14
2026-02-26,Bridge,20629.51000000002,520,191,46,145,1569
2026-02-26,Kulipa,214880.51999999955,1951,1951,36,1915,11582
2026-02-26,Wirex,3414756.052575971,39771,13042,519,12523,32257
2026-02-27,Rain,5093344.700000062,10746,10680,635,10045,171848
2026-02-27,UR,252951.73464458153,19116,8382,210,8172,94111
2026-02-27,Immersve,139157.43000000002,19,7,0,7,14
2026-02-27,Bridge,14305.859999999997,394,207,50,157,1619
2026-02-27,Kulipa,266580.866394,2139,2139,43,2096,11625
2026-02-27,Wirex,3671461.9382439153,41650,13255,444,12811,32701
2026-02-28,Rain,3978167.5547950594,13529,13434,969,12465,172817
2026-02-28,UR,232921.98749581084,19289,8637,193,8444,94304
2026-02-28,Immersve,150741.30000000002,24,6,0,6,14
2026-02-28,Bridge,15618.369999999988,495,212,48,164,1667
2026-02-28,Kulipa,198151.30000000042,1656,1656,27,1629,11652
2026-02-28,Wirex,1930719.8414913712,44068,13329,450,12879,33151
2026-03-01,Rain,2094790.7667800032,11356,11275,769,10506,173586
2026-03-01,UR,271926.1958835317,20047,8704,231,8473,94535
2026-03-01,Immersve,175049.92999999996,20,6,0,6,14
2026-03-01,Bridge,22318.509999999995,516,224,41,183,1708
2026-03-01,Kulipa,316841.84235600004,2420,2419,36,2383,11688
2026-03-01,Wirex,1673413.4847750294,37038,12262,340,11922,33491
2026-03-02,Rain,4877044.4600000605,11531,11457,849,10608,174435
2026-03-02,UR,285973.0837759997,19526,8680,218,8462,94753
2026-03-02,Immersve,163045.25999999998,22,8,0,8,14
2026-03-02,Bridge,19918.780000000002,510,226,47,179,1755
2026-03-02,Kulipa,355493.187644001,2407,2378,35,2343,11723
2026-03-02,Wirex,4140059.1208722685,39874,13122,382,12740,33873
2026-03-03,Rain,5094944.450000026,12719,12621,942,11679,175377
2026-03-03,UR,255245.2173684118,18700,8317,221,8096,94974
2026-03-03,Immersve,185996.52999999997,31,7,0,7,14
2026-03-03,Bridge,17724.41000000001,525,228,31,197,1786
2026-03-03,Kulipa,316563.05000000045,1987,1987,20,1967,11743
2026-03-03,Wirex,6354510.954532411,40214,13285,400,12885,34273
2026-03-04,Rain,4646606.690000054,12952,12863,1004,11859,176381
2026-03-04,UR,283226.4903625704,19476,8562,230,8332,95204
2026-03-04,Immersve,157063.54,32,7,0,7,14
2026-03-04,Bridge,17063.190000000002,528,258,39,219,1825
2026-03-04,Kulipa,235771.08244499977,2004,2004,26,1978,11769
2026-03-04,Wirex,4132193.6387193804,40618,13491,415,13076,34688
2026-03-05,Rain,5956359.492020027,14290,14186,1163,13023,177544
2026-03-05,UR,280131.56226814067,20195,8733,263,8470,95467
2026-03-05,Immersve,182151.18999999997,30,9,1,8,15
2026-03-05,Bridge,15971.619999999999,482,220,27,193,1852
2026-03-05,Kulipa,380877.3275530002,2359,2359,22,2337,11791
2026-03-05,Wirex,3888718.7220031433,41493,13606,430,13176,35118
2026-03-06,Rain,2593686.8900000122,9808,9759,581,9178,178125
2026-03-06,UR,291241.45167183364,21380,9005,263,8742,95730
2026-03-06,Immersve,183623.43,32,7,0,7,15
2026-03-06,Bridge,13966.749999999995,475,207,26,181,1878
2026-03-06,Kulipa,251003.4222070005,2196,2196,35,2161,11826
2026-03-06,Wirex,3593557.554018242,44006,13801,389,13412,35507
2026-03-07,Rain,4327585.656169063,15155,15058,1277,13781,179402
2026-03-07,UR,277236.5652311711,22265,8878,242,8636,95972
2026-03-07,Immersve,169811.92999999996,30,8,0,8,15
2026-03-07,Bridge,23295.269999999993,548,241,36,205,1914
2026-03-07,Kulipa,261774.2094619998,2102,2102,32,2070,11858
2026-03-07,Wirex,2360277.702046272,48600,14130,350,13780,35857
2026-03-08,Rain,3195858.318999018,12212,12144,1188,10956,180590
2026-03-08,UR,254090.058351151,21478,8775,234,8541,96206
2026-03-08,Immersve,190498.74999999997,33,8,0,8,15
2026-03-08,Bridge,18788.0,443,209,32,177,1946
2026-03-08,Kulipa,221386.45000000024,1980,1980,28,1952,11886
2026-03-08,Wirex,1873291.016908025,42547,13145,351,12794,36208
2026-03-09,Rain,6914796.055000034,14612,14522,1472,13050,182062
2026-03-09,UR,306965.90695936035,20718,8831,246,8585,96452
2026-03-09,Immersve,189713.86,32,8,0,8,15
2026-03-09,Bridge,18374.520000000004,477,228,33,195,1979
2026-03-09,Kulipa,233909.71000000046,2104,2104,31,2073,11917
2026-03-09,Wirex,3730703.837927458,41401,13535,332,13203,36540
2026-03-10,Rain,3687696.9800030245,13887,13577,1027,12550,183089
2026-03-10,UR,294934.561754731,20900,8835,259,8576,96711
2026-03-10,Immersve,162062.14999999997,31,7,0,7,15
2026-03-10,Bridge,20575.8,467,224,23,201,2002
2026-03-10,Kulipa,276085.9800000002,2201,2201,34,2167,11951
2026-03-10,Wirex,5735128.266810724,41478,13693,373,13320,36913
2026-03-11,Rain,4357392.78000003,13768,13702,1044,12658,184133
2026-03-11,UR,272484.84943170054,21078,9038,274,8764,96985
2026-03-11,Immersve,183834.28,27,5,0,5,15
2026-03-11,Bridge,20571.020000000004,539,241,42,199,2044
2026-03-11,Kulipa,363013.70326200005,3020,2420,44,2376,11995
2026-03-11,Wirex,3346503.12317993,41230,13606,296,13310,37209
2026-03-12,Rain,4109105.880000024,14520,14433,1242,13191,185375
2026-03-12,UR,282406.14032322133,21203,8981,246,8735,97231
2026-03-12,Immersve,220025.16,30,6,0,6,15
2026-03-12,Bridge,28443.46,654,296,68,228,2112
2026-03-12,Kulipa,207334.2988189998,2023,2023,27,1996,12022
2026-03-12,Wirex,3464529.9423917974,41991,13637,292,13345,37501
2026-03-13,Rain,3791968.450000013,11839,11770,687,11083,186062
2026-03-13,UR,283467.849212121,21974,9064,215,8849,97446
2026-03-13,Immersve,210544.45999999996,33,7,0,7,15
2026-03-13,Bridge,23774.029999999973,659,308,54,254,2166
2026-03-13,Kulipa,253396.04982000036,2133,2133,35,2098,12057
2026-03-13,Wirex,3445750.3537203325,42705,13754,271,13483,37772
2026-03-14,Rain,4134247.190000071,13661,13581,941,12640,187003
2026-03-14,UR,296780.1914461611,23016,8974,230,8744,97676
2026-03-14,Immersve,199766.75999999995,27,5,0,5,15
2026-03-14,Bridge,22767.9,572,259,47,212,2213
2026-03-14,Kulipa,253998.27566699998,1960,1960,24,1936,12081
2026-03-14,Wirex,1941403.8179516522,45025,13630,242,13388,38014
2026-03-15,Rain,3998623.0800000103,13448,13378,981,12397,187984
2026-03-15,UR,235292.49369048083,21555,8676,218,8458,97894
2026-03-15,Immersve,261821.74,28,6,0,6,15
2026-03-15,Bridge,16891.729999999996,618,282,45,237,2258
2026-03-15,Kulipa,188160.02896099997,2069,2069,20,2049,12101
2026-03-15,Wirex,1415558.386974693,37359,12416,168,12248,38182
2026-03-16,Rain,3362562.840000015,12988,12931,852,12079,188836
2026-03-16,UR,246522.21364795027,20299,8733,257,8476,98151
2026-03-16,Immersve,218391.84999999998,31,7,0,7,15
2026-03-16,Bridge,22848.300000000003,627,317,62,255,2320
2026-03-16,Kulipa,242758.66680300015,2173,2173,26,2147,12127
2026-03-16,Wirex,4280326.617906361,40863,13455,257,13198,38439
2026-03-17,Rain,2987977.8750410224,11673,11580,588,10992,189424
2026-03-17,UR,251253.0810268101,19805,8683,206,8477,98357
2026-03-17,Immersve,221131.21999999994,31,7,0,7,15
2026-03-17,Bridge,23417.120000000003,646,312,68,244,2388
2026-03-17,Kulipa,227507.16999999998,1917,1917,17,1900,12144
2026-03-17,Wirex,5307768.800674758,41080,13572,249,13323,38688
2026-03-18,Rain,5549950.760000049,13391,13317,766,12551,190190
2026-03-18,UR,233884.51951846248,20783,9025,241,8784,98598
2026-03-18,Immersve,217181.66999999998,33,8,0,8,15
2026-03-18,Bridge,23939.129999999997,648,318,85,233,2473
2026-03-18,Kulipa,309226.9644629993,2383,2383,29,2354,12173
2026-03-18,Wirex,3236771.895236005,41270,13465,225,13240,38913
2026-03-19,Rain,5408134.520000039,15264,15160,1094,14066,191284
2026-03-19,UR,256553.2727710821,21056,9054,238,8816,98836
2026-03-19,Immersve,196093.71999999997,32,6,0,6,15
2026-03-19,Bridge,24728.840000000004,726,358,91,267,2564
2026-03-19,Kulipa,276580.33800700016,1997,1997,27,1970,12200
2026-03-19,Wirex,3192421.6066069603,40766,13578,241,13337,39154
2026-03-20,Rain,3850905.720000013,12441,12364,512,11852,191796
2026-03-20,UR,281358.8329276118,22136,9088,251,8837,99087
2026-03-20,Immersve,170068.47,36,9,0,9,15
2026-03-20,Bridge,27220.189999999995,837,396,97,299,2661
2026-03-20,Kulipa,217952.87021400008,2003,2003,16,1987,12216
2026-03-20,Wirex,3269857.7187104262,43251,13829,270,13559,39424
2026-03-21,Rain,760760.6846739985,5846,5827,306,5521,192102
2026-03-21,UR,259660.92797731858,22842,8972,214,8758,99301
2026-03-21,Immersve,188275.1,35,6,0,6,15
2026-03-21,Bridge,32927.59000000001,881,403,91,312,2752
2026-03-21,Kulipa,186476.1093350001,1951,1951,19,1932,12235
2026-03-21,Wirex,1907243.3531999718,45860,13733,244,13489,39668
2026-03-22,Rain,1689427.8900000006,7484,7463,333,7130,192435
2026-03-22,UR,235894.13930104897,21959,8786,199,8587,99500
2026-03-22,Immersve,186251.42,31,6,0,6,15
2026-03-22,Bridge,26565.420000000006,739,371,68,303,2820
2026-03-22,Kulipa,208404.32568500025,1876,1876,14,1862,12249
2026-03-22,Wirex,1487423.0544722355,37742,12466,195,12271,39863
2026-03-23,Rain,3017957.3600000096,11667,11606,569,11037,193004
2026-03-23,UR,233345.514064038,19757,8716,197,8519,99697
2026-03-23,Immersve,218788.95000000004,26,7,0,7,15
2026-03-23,Bridge,30182.730000000003,775,380,82,298,2902
2026-03-23,Kulipa,223125.4543490005,2065,2065,24,2041,12273
2026-03-23,Wirex,3683855.673507429,41459,13588,230,13358,40093
2026-03-24,Rain,3437304.645747019,13290,13228,670,12558,193674
2026-03-24,UR,237025.76496936008,20579,8841,227,8614,99924
2026-03-24,Immersve,222845.15,32,6,0,6,15
2026-03-24,Bridge,32503.820000000014,942,451,121,330,3023
2026-03-24,Kulipa,252377.50703299974,2082,2082,18,2064,12291
2026-03-24,Wirex,5193272.506226049,41631,13523,248,13275,40341
2026-03-25,Rain,4896896.5000000065,13901,13803,798,13005,194472
2026-03-25,UR,246303.1400842104,21042,8954,260,8694,100184
2026-03-25,Immersve,225018.91999999998,31,6,0,6,15
2026-03-25,Bridge,23049.689999999995,847,412,84,328,3107
2026-03-25,Wirex,3280939.5126500763,41573,13563,271,13292,40612
2026-03-25,Kulipa,246416.43234800053,2033,2033,17,2016,12308
2026-03-26,Rain,4185382.270000057,14276,14184,712,13472,195184
2026-03-26,UR,233606.91128618922,20277,8865,224,8641,100408
2026-03-26,Immersve,642489.8400000001,29,5,0,5,15
2026-03-26,Bridge,30162.409999999996,865,432,90,342,3197
2026-03-26,Wirex,3224667.419125785,42866,13827,233,13594,40845
2026-03-26,Kulipa,231636.30463700037,2070,2070,16,2054,12324
2026-03-27,Rain,4700667.54000002,14185,14088,693,13395,195877
2026-03-27,UR,223960.7982418775,21165,9068,263,8805,100671
2026-03-27,Immersve,197018.44999999998,32,6,0,6,15
2026-03-27,Bridge,42025.25,919,439,93,346,3290
2026-03-27,Wirex,3334536.909903192,44238,13922,273,13649,41118
2026-03-27,Kulipa,224379.81020499978,2079,2079,15,2064,12339
2026-03-28,Rain,4182764.190000047,14110,14029,640,13389,196517
2026-03-28,UR,233756.65253856016,22772,8875,214,8661,100885
2026-03-28,Immersve,175303.21000000002,32,5,0,5,15
2026-03-28,Bridge,30635.960000000003,900,417,68,349,3358
2026-03-28,Wirex,1912674.8865165683,46345,13838,221,13617,41339
2026-03-28,Kulipa,216573.3826499998,1479,1479,17,1462,12356
2026-03-29,Rain,4371803.840000066,13390,13322,688,12634,197205
2026-03-29,UR,216661.0775960501,21563,8774,219,8555,101104
2026-03-29,Immersve,196430.25999999998,30,7,0,7,15
2026-03-29,Bridge,27146.239999999994,828,399,76,323,3434
2026-03-29,Wirex,1414825.357336185,38186,12389,159,12230,41498
2026-03-29,Kulipa,233971.72999999966,2198,2198,20,2178,12376
2026-03-30,Rain,3581162.929999999,10290,10240,446,9794,197651
2026-03-30,UR,210844.20498106052,19564,8617,275,8342,101379
2026-03-30,Immersve,219348.28999999998,30,7,0,7,15
2026-03-30,Bridge,29498.900000000005,871,399,59,340,3493
2026-03-30,Wirex,3647830.2626175005,40576,13370,220,13150,41718
2026-03-30,Kulipa,192157.286688,2158,2103,10,2093,12386
2026-03-31,Rain,3424588.6904000295,12859,12788,618,12170,198269
2026-03-31,UR,240189.64952530834,20229,8758,265,8493,101644
2026-03-31,Immersve,229871.11,30,7,0,7,15
2026-03-31,Bridge,30530.879999999976,880,417,75,342,3568
2026-03-31,Wirex,5893647.804394938,42534,13775,261,13514,41979
2026-03-31,Kulipa,226713.8266590004,1833,1833,13,1820,12399
2026-04-01,Rain,4134372.2185200504,13826,13746,629,13117,198898
2026-04-01,UR,297465.7010080914,22572,9812,277,9535,101921
2026-04-01,Immersve,50759.979999999996,10,5,0,5,15
2026-04-01,Bridge,37141.01000000001,950,463,90,373,3658
2026-04-01,Wirex,4874643.193050435,44638,14131,244,13887,42223
2026-04-01,Kulipa,202273.34389399987,1836,1836,11,1825,12410
2026-04-02,Rain,4119139.7900000205,13588,13496,680,12816,199578
2026-04-02,UR,293870.42357051955,21161,8940,243,8697,102164
2026-04-02,Immersve,4676.249999999999,10,5,0,5,15
2026-04-02,Bridge,25843.1,834,403,68,335,3726
2026-04-02,Wirex,4428154.002813898,44822,14006,222,13784,42445
2026-04-02,Kulipa,438043.0646259998,2598,2381,31,2350,12441
2026-04-03,Rain,4905643.756170046,13737,13663,665,12998,200243
2026-04-03,UR,260740.38420511162,22389,8807,236,8571,102400
2026-04-03,Immersve,5391.89,7,3,0,3,15
2026-04-03,Bridge,36628.17,897,448,89,359,3815
2026-04-03,Wirex,2621630.432543795,44741,13730,232,13498,42677
2026-04-03,Kulipa,277850.4756999997,1762,1762,13,1749,12454
2026-04-04,Rain,4599485.80000006,14505,14408,716,13692,200959
2026-04-04,UR,253693.718522401,22908,8672,193,8479,102593
2026-04-04,Immersve,14080.71,15,3,0,3,15
2026-04-04,Bridge,34583.61999999999,873,406,63,343,3878
2026-04-04,Wirex,2038763.44982821,47250,14039,201,13838,42878
2026-04-04,Kulipa,227963.07308299982,1914,1914,24,1890,12478
2026-04-05,Rain,4403507.260000022,14075,13990,707,13283,201666
2026-04-05,UR,218551.78083530106,20953,8314,205,8109,102798
2026-04-05,Immersve,21852.980000000003,13,5,0,5,15
2026-04-05,Bridge,27459.430000000004,821,403,80,323,3958
2026-04-05,Wirex,1518099.7537764702,38870,12538,136,12402,43014
2026-04-05,Kulipa,225403.67093299972,1923,1923,13,1910,12491
2026-04-06,Rain,3322112.5115970336,12220,12162,570,11592,202236
2026-04-06,UR,222694.37214601098,21041,8510,195,8315,102993
2026-04-06,Immersve,108544.09,16,5,0,5,15
2026-04-06,Bridge,27069.23999999999,833,415,78,337,4036
2026-04-06,Wirex,2558745.328436322,38352,12902,184,12718,43198
2026-04-06,Kulipa,198352.36149999965,1853,1853,11,1842,12502
2026-04-07,Rain,3591526.7600000054,12776,12675,602,12073,202838
2026-04-07,UR,250777.080563961,20930,8773,226,8547,103219
2026-04-07,Immersve,187739.47000000003,14,5,0,5,15
2026-04-07,Bridge,32013.660000000025,938,453,102,351,4138
2026-04-07,Wirex,7755212.109437978,44255,14061,205,13856,43403
2026-04-07,Kulipa,223212.76695699993,2008,2008,17,1991,12519
2026-04-08,Rain,6597542.251491014,10873,10814,471,10343,203309
2026-04-08,UR,252293.1954086994,20190,8630,248,8382,103467
2026-04-08,Immersve,201687.75999999998,20,6,0,6,15
2026-04-08,Bridge,31515.230000000003,1031,497,87,410,4225
2026-04-08,Wirex,3626159.636847632,43333,13969,205,13764,43608
2026-04-08,Kulipa,302943.46411499986,1978,1978,13,1965,12532
2026-04-09,Rain,4065086.6100000413,12906,12835,613,12222,203922
2026-04-09,UR,266992.72051307024,20605,8767,236,8531,103703
2026-04-09,Immersve,214870.08000000002,16,6,0,6,15
2026-04-09,Bridge,33027.05000000001,749,421,68,353,4293
2026-04-09,Wirex,3668572.322693872,43891,13982,185,13797,43793
2026-04-09,Kulipa,266868.92366599996,2003,2003,17,1986,12549
2026-04-10,Rain,4277748.711255042,14232,14121,706,13415,204628
2026-04-10,UR,277665.78017823945,22171,9035,242,8793,103945
2026-04-10,Immersve,218349.72000000003,21,6,0,6,15
2026-04-10,Bridge,29068.800000000003,872,452,82,370,4375
2026-04-10,Wirex,3720948.326102353,46952,14279,239,14040,44032
2026-04-10,Kulipa,243669.46230000022,1789,1789,10,1779,12559
2026-04-11,Rain,6184729.880000098,15136,15059,857,14202,205485
2026-04-11,UR,254818.62234489864,22046,8786,189,8597,104134
2026-04-11,Immersve,223368.36,19,5,0,5,15
2026-04-11,Bridge,31506.750000000022,962,428,62,366,4437
2026-04-11,Wirex,2234268.3784879805,48692,14099,206,13893,44238
2026-04-11,Kulipa,264846.2197850004,2011,2011,19,1992,12578
2026-04-12,Rain,3535895.603212018,13899,13811,631,13180,206116
2026-04-12,UR,224564.6326390482,21455,8631,189,8442,104323
2026-04-12,Immersve,219782.84000000003,20,5,0,5,15
2026-04-12,Bridge,40573.02000000002,921,443,79,364,4516
2026-04-12,Wirex,1270286.167021673,32255,11377,125,11252,44363
2026-04-12,Kulipa,184382.60058699976,1850,1850,14,1836,12592
2026-04-13,Rain,5169767.790000068,14216,14134,947,13187,207063
2026-04-13,UR,225366.53841334966,19976,8738,207,8531,104530
2026-04-13,Immersve,236345.38,19,5,0,5,15
2026-04-13,Bridge,35568.08000000002,955,477,86,391,4602
2026-04-13,Wirex,4076484.4870837172,40463,13260,175,13085,44538
2026-04-13,Kulipa,194417.45144999985,1939,1939,14,1925,12606
2026-04-14,Rain,5564380.745424999,13263,13162,866,12296,207929
2026-04-14,UR,250774.9594711489,20437,8907,250,8657,104780
2026-04-14,Immersve,201440.46,17,6,0,6,15
2026-04-14,Bridge,35856.04000000001,1105,515,82,433,4684
2026-04-14,Wirex,5558435.013248268,42886,13920,203,13717,44741
2026-04-14,Kulipa,217529.86191800013,1990,1990,12,1978,12618
2026-04-15,Rain,4136514.670000025,13752,13675,1020,12655,208949
2026-04-15,UR,283331.47715368005,20861,8933,209,8724,104989
2026-04-15,Immersve,196260.02000000002,18,5,0,5,15
2026-04-15,Bridge,36475.19,1066,515,73,442,4757
2026-04-15,Wirex,4053141.5678034676,44347,14181,182,13999,44923
2026-04-15,Kulipa,193294.78275100025,1943,1943,12,1931,12630
2026-04-16,Rain,4268191.732504035,13361,13274,647,12627,209596
2026-04-16,UR,252224.50536631895,20657,9010,228,8782,105217
2026-04-16,Immersve,225492.76,21,6,0,6,15
2026-04-16,Bridge,31278.760000000002,964,468,71,397,4828
2026-04-16,Wirex,3651841.4262647857,44420,14071,223,13848,45146
2026-04-16,Kulipa,252163.31052999958,1973,1973,5,1968,12635
2026-04-17,Rain,4112638.410000044,13224,13136,587,12549,210183
2026-04-17,UR,243197.50576702802,21446,8977,193,8784,105410
2026-04-17,Immersve,232198.62,21,7,0,7,15
2026-04-17,Bridge,33123.26999999999,1038,504,75,429,4903
2026-04-17,Wirex,3689512.6096620187,48339,14675,207,14468,45353
2026-04-17,Kulipa,223077.21150000033,1786,1786,15,1771,12650
2026-04-18,Rain,3799718.770000037,12763,12677,676,12001,210859
2026-04-18,UR,373145.6491504784,22496,9061,214,8847,105624
2026-04-18,Immersve,220509.55000000002,21,6,0,6,15
2026-04-18,Bridge,41480.58000000006,1175,510,81,429,4984
2026-04-18,Wirex,2063277.9100674838,49819,14435,177,14258,45530
2026-04-18,Kulipa,198949.44170599978,1852,1852,10,1842,12660
2026-04-19,Rain,3855423.730000026,13212,13131,582,12549,211441
2026-04-19,UR,238007.6295007174,21865,8819,204,8615,105828
2026-04-19,Immersve,225231.02000000002,24,6,0,6,15
2026-04-19,Bridge,32877.32999999999,1051,492,60,432,5044
2026-04-19,Wirex,2567987.6563198,40665,13045,159,12886,45689
2026-04-19,Kulipa,259590.9877999995,2033,2033,16,2017,12676
2026-04-20,Rain,3307077.205781026,11486,11422,514,10908,211955
2026-04-20,UR,245921.69498652994,20680,8805,177,8628,106005
2026-04-20,Immersve,240993.71999999997,21,6,0,6,15
2026-04-20,Bridge,35026.10000000001,985,484,75,409,5119
2026-04-20,Wirex,3966516.069046702,43651,14247,397,13850,46086
2026-04-20,Kulipa,231907.690054,1966,1966,5,1961,12681
2026-04-21,Rain,3744520.03299002,12371,12288,492,11796,212447
2026-04-21,UR,260692.5771868287,20075,8617,218,8399,106223
2026-04-21,Immersve,281085.82,21,6,0,6,15
2026-04-21,Bridge,37137.67000000002,1066,545,83,462,5202
2026-04-21,Wirex,5530976.627588809,45310,14794,744,14050,46830
2026-04-21,Kulipa,244153.0570139999,1995,1995,7,1988,12688
2026-04-22,Rain,4301622.407139042,14079,13967,562,13405,213009
2026-04-22,UR,259308.804346609,20492,8876,223,8653,106446
2026-04-22,Immersve,256970.78,19,6,0,6,15
2026-04-22,Bridge,40863.74999999999,1096,529,73,456,5275
2026-04-22,Wirex,4246799.170967101,47353,15358,753,14605,47583
2026-04-22,Kulipa,214703.69931000023,1901,1901,8,1893,12696
2026-04-23,Rain,4023697.8395810397,12925,12858,514,12344,213523
2026-04-23,UR,228947.22045715892,20558,8918,198,8720,106644
2026-04-23,Immersve,271821.91,21,8,1,7,16
2026-04-23,Bridge,39714.43,1170,550,70,480,5345
2026-04-23,Wirex,4162599.830637221,48316,15558,704,14854,48287
2026-04-23,Kulipa,236570.20628599942,1919,1919,8,1911,12704
2026-04-24,Rain,4365528.034000019,12696,12626,507,12119,214030
2026-04-24,UR,244772.15190813885,21689,9115,230,8885,106874
2026-04-24,Immersve,272474.62000000005,25,8,0,8,16
2026-04-24,Bridge,43619.910000000076,1133,541,55,486,5400
2026-04-24,Wirex,4101552.543505548,52128,16054,575,15479,48862
2026-04-24,Kulipa,225515.91890000002,1982,1982,17,1965,12721
2026-04-25,Rain,4226130.124326048,13195,13121,573,12548,214603
2026-04-25,UR,244114.65028888333,23141,9085,201,8884,107075
2026-04-25,Immersve,297359.01,26,8,0,8,16
2026-04-25,Bridge,35782.93000000002,1119,482,40,442,5440
2026-04-25,Wirex,2398227.2548151966,54501,15992,487,15505,49349
2026-04-25,Kulipa,208480.62289999987,1924,1924,15,1909,12736
2026-04-26,Rain,3673580.2700000773,12866,12789,485,12304,215088
2026-04-26,UR,228833.51201910284,21562,8861,193,8668,107268
2026-04-26,Immersve,272683.24999999994,20,5,0,5,16
2026-04-26,Bridge,32965.390000000014,1026,474,50,424,5490
2026-04-26,Wirex,1890150.3039017937,45100,14590,395,14195,49744
2026-04-26,Kulipa,190373.1199380002,1859,1859,12,1847,12748
2026-04-27,Rain,3435300.370000033,11442,11391,447,10944,215535
2026-04-27,UR,223584.8183499216,20740,8878,213,8665,107481
2026-04-27,Immersve,257914.19999999995,21,7,0,7,16
2026-04-27,Bridge,35702.120000000024,1037,511,53,458,5543
2026-04-27,Wirex,4105248.1251945645,48284,15761,404,15357,50148
2026-04-27,Kulipa,202106.28369599982,1925,1925,13,1912,12761
2026-04-28,Rain,3896591.3900000574,12948,12862,501,12361,216036
2026-04-28,UR,223479.63322304998,20135,8810,231,8579,107712
2026-04-28,Immersve,271411.62,23,7,0,7,16
2026-04-28,Bridge,33863.57000000002,1008,500,44,456,5587
2026-04-28,Wirex,6012081.040151841,49050,15930,475,15455,50623
2026-04-28,Kulipa,271846.72641199955,2024,2024,26,1998,12787
2026-04-29,Rain,3798361.640970036,13358,13281,627,12654,216663
2026-04-29,UR,236876.4706139199,20324,8793,260,8533,107972
2026-04-29,Immersve,274646.09,22,7,0,7,16
2026-04-29,Bridge,37514.99000000002,977,482,54,428,5641
2026-04-29,Wirex,4228048.489099789,49520,16027,451,15576,51074
2026-04-29,Kulipa,257810.45766899947,2025,2025,12,2013,12799
2026-04-30,Rain,3901516.7204770045,13515,13450,593,12857,217256
2026-04-30,UR,260178.69307217927,21994,9092,231,8861,108203
2026-04-30,Immersve,284600.55999999994,18,5,0,5,16
2026-04-30,Bridge,35199.490000000005,1038,510,59,451,5700
2026-04-30,Wirex,4325882.538005948,51729,16345,417,15928,51491
2026-04-30,Kulipa,243977.96090000003,1957,1957,22,1935,12821
2026-05-01,Rain,3926724.440000021,12969,12878,607,12271,217863
2026-05-01,UR,308527.3422278905,23154,9692,240,9452,108443
2026-05-01,Immersve,294694.58999999997,21,8,0,8,16
2026-05-01,Bridge,45589.67000000005,1040,471,71,400,5771
2026-05-01,Wirex,3788564.7427387442,49216,15652,476,15176,51967
2026-05-01,Kulipa,251180.23408399997,1746,1746,10,1736,12831
2026-05-02,Rain,4184679.9607670372,13488,13403,587,12816,218450
2026-05-02,UR,294300.6029636223,21552,8733,271,8462,108714
2026-05-02,Immersve,273445.88,24,8,0,8,16
2026-05-02,Bridge,39969.93000000002,1025,474,54,420,5825
2026-05-02,Wirex,2598573.958017084,56183,16244,395,15849,52362
2026-05-02,Kulipa,340811.8806999997,2142,2142,10,2132,12841
2026-05-03,Rain,4530998.0914140735,12724,12641,566,12075,219016
2026-05-03,UR,262131.19902695145,21308,8628,211,8417,108925
2026-05-03,Immersve,346762.80999999994,24,7,0,7,16
2026-05-03,Bridge,47577.79000000002,1081,494,65,429,5890
2026-05-03,Wirex,1856180.6319709178,46877,14972,310,14662,52672
2026-05-03,Kulipa,188624.35925700035,1788,1788,10,1778,12851
2026-05-04,Rain,3885017.1563560492,12160,12076,556,11520,219572
2026-05-04,UR,267996.36091626185,21388,8705,229,8476,109154
2026-05-04,Immersve,317549.15,25,8,0,8,16
2026-05-04,Bridge,43021.21000000001,1114,526,69,457,5959
2026-05-04,Wirex,5435959.734693049,51114,16297,336,15961,53008
2026-05-04,Kulipa,160312.27181300026,1646,1646,6,1640,12857
2026-05-05,Rain,3500439.5910490146,11356,11283,417,10866,219989
2026-05-05,UR,279921.30466192274,21287,8808,271,8537,109425
2026-05-05,Immersve,331082.61,20,6,0,6,16
2026-05-05,Bridge,44099.36000000005,1195,579,99,480,6058
2026-05-05,Wirex,6170656.611112554,51889,16366,357,16009,53365
2026-05-05,Kulipa,232311.7893219997,2002,2002,17,1985,12874
2026-05-06,Rain,4373248.95000005,10865,10791,537,10254,220526
2026-05-06,UR,262001.9941984596,21258,9135,305,8830,109730
2026-05-06,Immersve,394921.99,23,8,0,8,16
2026-05-06,Bridge,50095.729999999996,1165,566,74,492,6132
2026-05-06,Wirex,4408568.554163947,52222,16490,405,16085,53770
2026-05-06,Kulipa,172624.5353499999,1660,1660,9,1651,12883
2026-05-07,Rain,5028603.930000062,15322,15215,846,14369,221372
2026-05-07,UR,266492.23044766026,21232,9125,315,8810,110045
2026-05-07,Immersve,335170.57999999996,24,7,0,7,16
2026-05-07,Bridge,51261.11000000005,1151,551,78,473,6210
2026-05-07,Wirex,4473104.114496126,52550,16507,376,16131,54146
2026-05-07,Kulipa,202230.4217000002,1913,1913,16,1897,12899
2026-05-08,Rain,4887575.230000047,9973,9884,455,9429,221827
2026-05-08,UR,270846.3401857559,20710,9054,319,8735,110364
2026-05-08,Immersve,337019.8,21,6,0,6,16
2026-05-08,Bridge,55324.81000000005,1226,591,92,499,6302
2026-05-08,Wirex,4846977.497589367,54087,16776,333,16443,54479
2026-05-08,Kulipa,193363.11255100023,1782,1782,13,1769,12912
2026-05-09,Rain,6095797.560000071,14117,13975,693,13282,222520
2026-05-09,UR,262400.57177559077,21829,9370,358,9012,110722
2026-05-09,Immersve,370408.80999999994,24,8,0,8,16
2026-05-09,Bridge,58772.58999999999,1313,587,91,496,6393
2026-05-09,Wirex,2525580.2724133222,56576,16545,319,16226,54798
2026-05-09,Kulipa,172945.72484299992,1671,1671,12,1659,12924
2026-05-10,Rain,3569304.9200000213,11774,11682,490,11192,223010
2026-05-10,UR,274530.4576656412,23295,9720,493,9227,111215
2026-05-10,Immersve,360198.54,23,8,0,8,16
2026-05-10,Bridge,55818.690000000046,1313,578,74,504,6467
2026-05-10,Wirex,2072820.1785890623,47734,15305,248,15057,55046
2026-05-10,Kulipa,140264.1485370001,1608,1608,15,1593,12939
2026-05-11,Rain,3936307.580000008,10843,10720,436,10284,223446
2026-05-11,UR,261741.8995196796,21519,9556,440,9116,111655
2026-05-11,Immersve,379730.56000000006,23,6,0,6,16
2026-05-11,Bridge,52973.09000000001,1343,630,94,536,6561
2026-05-11,Wirex,4900072.622127096,51175,16387,334,16053,55380
2026-05-11,Kulipa,160173.81575300024,1782,1782,27,1755,12966
2026-05-12,Rain,5178835.328204045,13811,13724,1028,12696,224474
2026-05-12,UR,278567.88901336986,21494,9419,408,9011,112063
2026-05-12,Immersve,378059.6,22,7,0,7,16
2026-05-12,Bridge,45425.81000000008,1189,607,99,508,6660
2026-05-12,Wirex,6486184.32895294,49954,16405,329,16076,55709
2026-05-12,Kulipa,186817.02019999945,1570,1570,20,1550,12986
2026-05-13,Rain,6127483.992520025,13726,13625,920,12705,225394
2026-05-13,UR,255086.02395899975,21413,9255,320,8935,112383
2026-05-13,Immersve,355385.63,23,6,0,6,16
2026-05-13,Bridge,55818.15999999996,1321,629,79,550,6739
2026-05-13,Wirex,4468779.029506716,50979,16434,337,16097,56046
2026-05-13,Kulipa,192967.2840999997,1808,1808,34,1774,13020
2026-05-14,Rain,4308055.7486080155,13126,13012,818,12194,226212
2026-05-14,UR,258841.02126174868,21046,9102,339,8763,112722
2026-05-14,Immersve,395345.72,27,9,0,9,16
2026-05-14,Bridge,46623.40000000002,1258,598,73,525,6812
2026-05-14,Wirex,4688952.404415812,50832,16273,354,15919,56400
2026-05-14,Kulipa,167945.38000000047,1691,1691,13,1678,13033
2026-05-15,Rain,4121426.7287340267,12073,11977,619,11358,226831
2026-05-15,UR,277531.94360953977,22295,9324,381,8943,113103
2026-05-15,Immersve,340309.34,21,7,0,7,16
2026-05-15,Bridge,47614.12000000001,1267,590,73,517,6885
2026-05-15,Wirex,4497642.393569001,55225,17156,383,16773,56783
2026-05-15,Kulipa,181815.99630600007,1682,1682,18,1664,13051
2026-05-16,Rain,4742747.155000014,11505,11400,595,10805,227426
2026-05-16,UR,263786.2127038991,23071,9309,317,8992,113420
2026-05-16,Immersve,381322.82999999996,18,6,0,6,16
2026-05-16,Bridge,48855.000000000065,1285,567,63,504,6948
2026-05-16,Wirex,2575857.7468488305,57583,16889,298,16591,57081
2026-05-16,Kulipa,181791.32012099994,1574,1574,15,1559,13066
2026-05-17,Rain,4318976.945274005,11482,11350,570,10780,227996
2026-05-17,UR,231983.6634324396,21546,8998,321,8677,113741
2026-05-17,Immersve,352502.97000000003,17,7,0,7,16
2026-05-17,Bridge,44503.92999999998,1206,579,71,508,7019
2026-05-17,Wirex,1982617.8274103538,47178,15190,265,14925,57346
2026-05-17,Kulipa,168928.88045100018,1523,1523,8,1515,13074
2026-05-18,Rain,3714240.0075150253,9868,9774,491,9283,228487
2026-05-18,UR,280156.17745519,20503,9080,330,8750,114071
2026-05-18,Immersve,424988.29999999993,23,9,0,9,16
2026-05-18,Bridge,48254.96,1204,589,73,516,7092
2026-05-18,Wirex,4553017.78672285,51300,16601,341,16260,57687
2026-05-18,Kulipa,206764.91629999963,1689,1689,15,1674,13089
2026-05-19,Rain,4321133.9403200485,11541,11385,510,10875,228997
2026-05-19,UR,257910.4507887102,20395,9070,334,8736,114405
2026-05-19,Immersve,372929.56,27,9,0,9,16
2026-05-19,Bridge,47769.990000000114,1307,585,81,504,7173
2026-05-19,Wirex,6184539.91612454,52621,16853,363,16490,58050
2026-05-19,Kulipa,179413.45725600005,1479,1479,6,1473,13095
2026-05-20,Rain,4228544.036494031,11462,11350,561,10789,229558
2026-05-20,UR,267593.77535595134,20866,9064,298,8766,114703
2026-05-20,Immersve,365517.1099999999,22,8,0,8,16
2026-05-20,Bridge,48776.16999999999,1321,643,84,559,7257
2026-05-20,Wirex,4255501.694011125,53649,17036,361,16675,58411
2026-05-20,Kulipa,172496.7873060001,1561,1561,21,1540,13116
2026-05-21,Rain,4858167.707390029,10998,10903,526,10377,230084
2026-05-21,UR,237869.3932560395,20759,9052,311,8741,115014
2026-05-21,Immersve,389291.75999999995,17,6,0,6,16
2026-05-21,Bridge,50070.92000000002,1313,613,86,527,7343
2026-05-21,Wirex,4261726.838970987,53951,17051,376,16675,58787
2026-05-21,Kulipa,194880.743491,1702,1702,13,1689,13129
2026-05-22,Rain,4639016.409552028,10904,10788,589,10199,230673
2026-05-22,UR,260824.985047979,21525,9167,348,8819,115362
2026-05-22,Immersve,383906.33999999997,21,7,0,7,16
2026-05-22,Bridge,55523.35999999998,1281,610,68,542,7411
2026-05-22,Wirex,4503009.774895709,58020,17634,522,17112,59309
2026-05-22,Kulipa,162482.02770000015,1597,1597,16,1581,13145
2026-05-23,Rain,4245444.0708040185,10693,10599,437,10162,231110
2026-05-23,UR,259404.88764681917,22386,9210,294,8916,115656
2026-05-23,Immersve,379865.78,18,6,0,6,16
2026-05-23,Bridge,51614.90000000001,1413,608,54,554,7465
2026-05-23,Wirex,2534610.5274107424,61563,17222,318,16904,59627
2026-05-23,Kulipa,133445.03353700004,1510,1510,9,1501,13154
2026-05-24,Rain,4585123.811699009,10836,10734,628,10106,231738
2026-05-24,UR,240847.18132879894,21718,8981,281,8700,115937
2026-05-24,Immersve,367672.88999999996,18,5,0,5,16
2026-05-24,Bridge,51523.250000000044,1319,626,112,514,7577
2026-05-24,Wirex,1991327.6130201227,49652,15765,379,15386,60006
2026-05-24,Kulipa,125166.16473000014,1412,1412,6,1406,13160
2026-05-25,Rain,4171344.170000019,9392,9330,543,8787,232281
2026-05-25,UR,251595.85046828966,20915,9148,314,8834,116251
2026-05-25,Immersve,363327.7499999999,22,6,0,6,16
2026-05-25,Bridge,52896.069999999956,1350,612,81,531,7658
2026-05-25,Wirex,7602194.429351694,53912,17056,583,16473,60589
2026-05-25,Kulipa,151525.95239999995,1524,1524,5,1519,13165
2026-05-26,Rain,4033749.6522860164,10252,10142,498,9644,232779
2026-05-26,UR,263445.9511859205,21104,9361,332,9029,116583
2026-05-26,Immersve,421313.29,26,8,0,8,16
2026-05-26,Bridge,55307.32000000004,1427,669,82,587,7740
2026-05-26,Wirex,8774590.251475161,56376,17620,572,17048,61161
2026-05-26,Kulipa,195131.44290399994,1580,1580,10,1570,13175
2026-05-27,Rain,4497423.658813021,11143,11024,574,10450,233353
2026-05-27,UR,269448.49541843054,21894,9695,367,9328,116950
2026-05-27,Immersve,444296.17,22,7,0,7,16
2026-05-27,Bridge,45653.46000000005,1423,636,73,563,7813
2026-05-27,Wirex,4037502.4921837687,55392,17541,578,16963,61739
2026-05-27,Kulipa,188055.9179479999,1523,1523,14,1509,13189
2026-05-28,Rain,4402905.562548016,10545,10443,603,9840,233956
2026-05-28,UR,262534.9378531023,21649,9418,322,9096,117272
2026-05-28,Immersve,435108.62,25,7,0,7,16
2026-05-28,Bridge,52326.58000000003,1385,655,78,577,7891
2026-05-28,Wirex,4614777.121698383,56529,17797,668,17129,62407
2026-05-28,Kulipa,139521.3884399999,1522,1522,12,1510,13201
2026-05-29,Rain,4452221.200501005,10421,10328,503,9825,234459
2026-05-29,UR,275957.96966642037,22561,9622,372,9250,117644
2026-05-29,Immersve,399087.06999999995,21,8,0,8,16
2026-05-29,Bridge,53171.92999999999,1397,664,92,572,7983
2026-05-29,Wirex,4988425.406101813,58398,17863,797,17066,63204
2026-05-29,Kulipa,173269.88738300002,1512,1512,9,1503,13210
2026-05-30,Rain,4626591.377712013,11542,11445,571,10874,235030
2026-05-30,UR,246524.48334887106,23437,9556,368,9188,118012
2026-05-30,Immersve,392274.42000000004,26,7,0,7,16
2026-05-30,Bridge,57422.3700000001,1514,654,79,575,8062
2026-05-30,Wirex,2499527.789914297,57956,17158,457,16701,63661
2026-05-30,Kulipa,129772.09880000002,1445,1445,8,1437,13218
2026-05-31,Rain,5433436.109815022,10812,10711,625,10086,235655
2026-05-31,UR,239151.3822403707,22125,9095,317,8778,118329
2026-05-31,Immersve,322295.25000000006,28,8,0,8,16
2026-05-31,Bridge,52631.57,1411,628,80,548,8142
2026-05-31,Wirex,2051680.5502680046,49215,16059,720,15339,64381
2026-05-31,Kulipa,127108.86498899994,1365,1365,6,1359,13224
2026-06-01,Rain,4372204.545625005,9235,9162,510,8652,236165
2026-06-01,UR,313525.7186926695,23538,10471,344,10127,118673
2026-06-01,Immersve,367791.63,22,7,0,7,16
2026-06-01,Bridge,60950.30000000002,1399,679,97,582,8239
2026-06-01,Wirex,5596020.588038387,58594,18813,1236,17577,65617
2026-06-01,Kulipa,131023.14956900013,1308,1308,8,1300,13232
2026-06-02,Rain,5099643.372574022,10058,9948,484,9464,236649
2026-06-02,UR,304126.64272669004,22439,9866,352,9514,119025
2026-06-02,Immersve,463467.60000000003,23,6,0,6,16
2026-06-02,Bridge,47152.190000000046,1364,638,69,569,8308
2026-06-02,Wirex,7205406.14909429,50609,16499,1060,15439,66677
2026-06-02,Kulipa,192398.2903020002,1662,1662,13,1649,13245
2026-06-03,Rain,4297636.845055006,10088,9976,552,9424,237201
2026-06-03,UR,257027.26596048166,21885,9676,376,9300,119401
2026-06-03,Immersve,428365.26000000007,22,7,0,7,16
2026-06-03,Bridge,40589.40000000001,1361,653,71,582,8379
2026-06-03,Wirex,4795452.102098873,51932,16527,889,15638,67566
2026-06-03,Kulipa,165113.86395900013,1553,1553,14,1539,13259
2026-06-04,Rain,6442298.587710003,9364,9248,771,8477,237972
2026-06-04,UR,267972.8081727526,23387,10730,1270,9460,120671
2026-06-04,Immersve,423929.94,26,9,0,9,16
2026-06-04,Bridge,52544.390000000014,1456,671,73,598,8452
2026-06-04,Wirex,4232386.5937443115,49757,15903,386,15517,67952
2026-06-04,Kulipa,182613.13594900016,1606,1606,14,1592,13273
2026-06-05,Rain,5329879.570000039,11889,11733,732,11001,238704
2026-06-05,UR,306368.6780762925,24739,11038,973,10065,121644
2026-06-05,Immersve,403584.7400000001,27,8,0,8,16
2026-06-05,Bridge,58336.02999999994,1439,670,74,596,8526
2026-06-05,Wirex,4716125.50904208,53909,16286,325,15961,68277
2026-06-05,Kulipa,172623.02890000027,1433,1433,8,1425,13281
2026-06-06,Rain,5100092.093464029,10232,10133,732,9401,239436
2026-06-06,UR,278171.4298529306,25364,11203,1157,10046,122801
2026-06-06,Immersve,406832.85000000003,23,8,0,8,16
2026-06-06,Bridge,54925.830000000016,1322,615,52,563,8578
2026-06-06,Wirex,2346783.4642476374,54865,15520,194,15326,68471
2026-06-06,Kulipa,0.0,0,0,0,0,13281
2026-06-07,Rain,4709741.725341021,10927,10828,719,10109,240155
2026-06-07,UR,266235.5262740806,24210,10696,574,10122,123375
2026-06-07,Immersve,329109.25,19,6,0,6,16
2026-06-07,Bridge,59910.56,1441,627,53,574,8631
2026-06-07,Wirex,1829206.5946981297,45410,14286,165,14121,68636
2026-06-07,Kulipa,0.0,0,0,0,0,13281
2026-06-08,Rain,8533207.351589028,9951,9881,814,9067,240969
2026-06-08,UR,276341.97996673186,22694,10574,413,10161,123788
2026-06-08,Immersve,381602.05,26,7,0,7,16
2026-06-08,Bridge,45915.140000000065,1327,648,66,582,8697
2026-06-08,Wirex,4920428.024431148,49787,15534,207,15327,68843
2026-06-08,Kulipa,424035.4214000003,3719,2281,21,2260,13302
2026-06-09,Rain,4258980.890925041,9617,9490,892,8598,241861
2026-06-09,UR,266602.3882068004,23135,10706,403,10303,124191
2026-06-09,Immersve,412352.37,20,5,0,5,16
2026-06-09,Bridge,47906.950000000055,1378,632,63,569,8760
2026-06-09,Wirex,6606990.318899044,51176,15624,245,15379,69088
2026-06-09,Kulipa,172325.09730000017,1779,1530,7,1523,13309
2026-06-10,Rain,3660131.78004204,10439,10275,821,9454,242682
2026-06-10,UR,264897.2146448314,23345,10914,381,10533,124572
2026-06-10,Immersve,450775.06999999995,24,8,0,8,16
2026-06-10,Bridge,44775.16000000006,1388,680,68,612,8828
2026-06-10,Wirex,4401648.959003498,51192,15720,238,15482,69326
2026-06-10,Kulipa,139185.57310000024,1350,1350,12,1338,13321
2026-06-11,Rain,4489149.469892047,10919,10799,828,9971,243510
2026-06-11,UR,270276.00784872053,22617,10698,322,10376,124894
2026-06-11,Immersve,466971.41000000003,23,7,0,7,16
2026-06-11,Bridge,58471.63000000006,1460,671,66,605,8894
2026-06-11,Wirex,4809512.063758148,51567,15750,219,15531,69545
2026-06-11,Kulipa,110399.72940000003,1069,1069,8,1061,13329
