date,project,volumes,txs,users,new_users,returning_users,cumulative_users
2023-03-13,Holyheld,0.100969,1,1,1,0,1
2023-03-14,Holyheld,0.13919,15,5,5,0,6
2023-03-15,Holyheld,0.500153,1,1,0,1,6
2023-03-16,Holyheld,0.0,0,0,0,0,6
2023-03-17,Holyheld,0.0,0,0,0,0,6
2023-03-18,Holyheld,0.0,0,0,0,0,6
2023-03-19,Holyheld,0.0,0,0,0,0,6
2023-03-20,Holyheld,0.0,0,0,0,0,6
2023-03-21,Holyheld,0.0,0,0,0,0,6
2023-03-22,Holyheld,0.0,0,0,0,0,6
2023-03-23,Holyheld,177.23,1,1,1,0,7
2023-03-24,Holyheld,0.0,0,0,0,0,7
2023-03-25,Holyheld,0.0,0,0,0,0,7
2023-03-26,Holyheld,0.0,0,0,0,0,7
2023-03-27,Holyheld,0.0,0,0,0,0,7
2023-03-28,Holyheld,0.0,0,0,0,0,7
2023-03-29,Holyheld,0.0,0,0,0,0,7
2023-03-30,Holyheld,25.849856,7,2,0,2,7
2023-03-31,Holyheld,30.497519,2,2,0,2,7
2023-04-01,Holyheld,682.361072,2,2,0,2,7
2023-04-02,Holyheld,330.165614,6,3,0,3,7
2023-04-03,Holyheld,2871.993574,12,3,0,3,7
2023-04-04,Holyheld,880.836525,9,3,0,3,7
2023-04-05,Holyheld,70.391717,2,2,0,2,7
2023-04-06,Holyheld,7485.207252,36,4,0,4,7
2023-04-07,Holyheld,9672.338363999997,45,3,0,3,7
2023-04-08,Holyheld,21935.930321,24,3,0,3,7
2023-04-09,Holyheld,3980.026054,11,3,0,3,7
2023-04-10,Holyheld,1861.384094,14,3,0,3,7
2023-04-11,Holyheld,7290.335535,19,3,0,3,7
2023-04-12,Holyheld,13524.901535000003,26,3,0,3,7
2023-04-13,Holyheld,8719.974055999997,20,3,0,3,7
2023-04-14,Holyheld,16541.999599000002,24,3,0,3,7
2023-04-15,Holyheld,4623.0889050000005,16,3,0,3,7
2023-04-16,Holyheld,3910.3068230000003,17,2,0,2,7
2023-04-17,Holyheld,156891.170624,25,4,1,3,8
2023-04-18,Holyheld,7405.6161839999995,17,3,0,3,8
2023-04-19,Holyheld,5759.433855,23,3,0,3,8
2023-04-20,Holyheld,25842.765133999997,26,3,0,3,8
2023-04-21,Holyheld,5029.055089999999,23,4,0,4,8
2023-04-22,Holyheld,9043.642009,15,3,0,3,8
2023-04-23,Holyheld,200.87902000000003,9,2,0,2,8
2023-04-24,Holyheld,8672.188384000001,19,3,0,3,8
2023-04-25,Holyheld,6345.627506999999,15,3,0,3,8
2023-04-26,Holyheld,3370.737924,17,3,0,3,8
2023-04-27,Holyheld,127588.73207899998,23,5,1,4,9
2023-04-28,Holyheld,9186.898099,24,3,0,3,9
2023-04-29,Holyheld,10958.349107,21,3,0,3,9
2023-04-30,Holyheld,8311.744051,16,3,0,3,9
2023-05-01,Holyheld,7523.543739999999,19,3,1,2,10
2023-05-02,Holyheld,16670.045342,27,3,0,3,10
2023-05-03,Holyheld,21744.155563,20,4,0,4,10
2023-05-04,Holyheld,111447.878789,26,4,0,4,10
2023-05-05,Holyheld,11010.764995,17,3,0,3,10
2023-05-06,Holyheld,14040.149734,9,3,0,3,10
2023-05-07,Holyheld,6138.161029999998,15,3,0,3,10
2023-05-08,Holyheld,12512.392212,15,3,0,3,10
2023-05-09,Holyheld,9222.031815999999,22,5,0,5,10
2023-05-10,Holyheld,18771.468972,16,3,0,3,10
2023-05-11,Holyheld,92495.714313,22,6,0,6,10
2023-05-12,Holyheld,12524.822918000002,23,5,0,5,10
2023-05-13,Holyheld,6282.929229000001,11,3,0,3,10
2023-05-14,Holyheld,4876.144735000001,7,3,0,3,10
2023-05-15,Holyheld,53902.052827999985,25,3,0,3,10
2023-05-16,Holyheld,106077.055173,12,4,0,4,10
2023-05-17,Holyheld,11699.037599,13,3,0,3,10
2023-05-18,Holyheld,13113.021202999998,18,4,0,4,10
2023-05-19,Holyheld,19427.089657999997,18,4,0,4,10
2023-05-20,Holyheld,6378.599476,13,3,0,3,10
2023-05-21,Holyheld,6698.699521999999,13,3,0,3,10
2023-05-22,Holyheld,21216.570365,15,4,0,4,10
2023-05-23,Holyheld,2804.8790489999997,7,3,0,3,10
2023-05-24,Holyheld,11526.439642000001,16,4,0,4,10
2023-05-25,Holyheld,102923.744666,18,4,0,4,10
2023-05-26,Holyheld,17439.248138999996,19,4,0,4,10
2023-05-27,Holyheld,11233.449894999998,15,3,0,3,10
2023-05-28,Holyheld,2803.928979,6,3,0,3,10
2023-05-29,Holyheld,6875.164751,12,3,0,3,10
2023-05-30,Holyheld,7127.532128999999,22,4,0,4,10
2023-05-31,Holyheld,40325.902364999994,24,5,0,5,10
2023-06-01,Holyheld,18046.933536999997,18,3,0,3,10
2023-06-02,Holyheld,94858.458021,20,5,0,5,10
2023-06-03,Holyheld,12143.285681999996,22,4,0,4,10
2023-06-04,Holyheld,7783.109244,17,4,0,4,10
2023-06-05,Holyheld,25951.543252000003,12,2,0,2,10
2023-06-06,Holyheld,12321.455754,22,4,0,4,10
2023-06-07,Holyheld,17851.757478999996,25,5,0,5,10
2023-06-08,Holyheld,105619.811558,20,6,1,5,11
2023-06-09,Holyheld,9537.495098,17,4,0,4,11
2023-06-10,Holyheld,7747.533748000001,14,4,0,4,11
2023-06-11,Holyheld,6122.634443000001,15,3,0,3,11
2023-06-12,Holyheld,17087.513894,16,5,0,5,11
2023-06-13,Holyheld,30367.974673999997,18,4,0,4,11
2023-06-14,Holyheld,9356.217854999999,18,5,0,5,11
2023-06-15,Holyheld,98220.750384,27,7,1,6,12
2023-06-16,Holyheld,4085.328119,13,4,0,4,12
2023-06-17,Holyheld,6303.783681000001,14,3,0,3,12
2023-06-18,Holyheld,6514.123584,13,3,0,3,12
2023-06-19,Holyheld,11823.547311,17,2,0,2,12
2023-06-20,Holyheld,11250.337985,18,5,1,4,13
2023-06-21,Holyheld,10746.814393,17,4,0,4,13
2023-06-22,Holyheld,70675.891568,30,5,2,3,15
2023-06-23,Holyheld,74384.25945999997,45,8,2,6,17
2023-06-24,Holyheld,74186.173995,19,5,0,5,17
2023-06-25,Holyheld,8210.028724,16,3,0,3,17
2023-06-26,Holyheld,118062.737429,25,6,0,6,17
2023-06-27,Holyheld,9076.29419,17,3,0,3,17
2023-06-28,Holyheld,3403.654832,14,4,0,4,17
2023-06-29,Holyheld,27780.374533000002,24,5,0,5,17
2023-06-30,Holyheld,183680.95187300004,23,7,1,6,18
2023-07-01,Holyheld,14657.549599,17,3,0,3,18
2023-07-02,Holyheld,11418.650142999999,24,3,0,3,18
2023-07-03,Holyheld,18618.674535000002,26,4,0,4,18
2023-07-04,Holyheld,21527.612433,30,5,0,5,18
2023-07-05,Holyheld,10700.448230999998,21,3,0,3,18
2023-07-06,Holyheld,26730.552013999997,41,4,0,4,18
2023-07-07,Holyheld,155181.70375,31,6,0,6,18
2023-07-08,Holyheld,10244.956037,20,4,0,4,18
2023-07-09,Holyheld,10171.029073000002,12,3,0,3,18
2023-07-10,Holyheld,41671.493642,33,5,0,5,18
2023-07-11,Holyheld,177094.33734800003,21,8,2,6,20
2023-07-12,Holyheld,25915.689726999994,25,4,0,4,20
2023-07-13,Holyheld,45387.806220000006,36,4,0,4,20
2023-07-14,Holyheld,80089.879041,29,7,1,6,21
2023-07-15,Holyheld,29473.629915,25,4,0,4,21
2023-07-16,Holyheld,23700.567356,25,4,0,4,21
2023-07-17,Holyheld,234499.497219,23,9,1,8,22
2023-07-18,Holyheld,15205.457167,55,5,0,5,22
2023-07-19,Holyheld,36623.273718000004,50,4,0,4,22
2023-07-20,Holyheld,22911.625513999992,27,5,0,5,22
2023-07-21,Holyheld,18225.698458000003,29,5,0,5,22
2023-07-22,Holyheld,16530.607253000002,27,4,0,4,22
2023-07-23,Holyheld,39269.542012000005,21,5,1,4,23
2023-07-24,Holyheld,136117.403081,37,9,3,6,26
2023-07-25,Holyheld,168963.58036700002,46,7,1,6,27
2023-07-26,Holyheld,24721.21682200001,50,5,0,5,27
2023-07-27,Holyheld,47068.960424,47,5,1,4,28
2023-07-28,Holyheld,254500.99743799993,81,10,2,8,30
2023-07-29,Holyheld,19488.102113,27,4,0,4,30
2023-07-30,Holyheld,8285.620308999998,18,4,0,4,30
2023-07-31,Holyheld,50979.09834799999,55,4,0,4,30
2023-08-01,Holyheld,20963.279420000003,23,3,0,3,30
2023-08-02,Holyheld,128229.77917000002,33,9,2,7,32
2023-08-03,Holyheld,31318.198798000005,40,6,0,6,32
2023-08-04,Holyheld,46769.926230000005,33,8,1,7,33
2023-08-05,Holyheld,8775.034701,20,5,0,5,33
2023-08-06,Holyheld,10113.809964,18,4,0,4,33
2023-08-07,Holyheld,70113.9804,34,8,0,8,33
2023-08-08,Holyheld,21130.833454,22,5,0,5,33
2023-08-09,Holyheld,73410.28131600001,51,10,1,9,34
2023-08-10,Holyheld,28798.091886000002,34,4,0,4,34
2023-08-11,Holyheld,52719.620147,30,8,1,7,35
2023-08-12,Holyheld,11498.662206999998,20,3,0,3,35
2023-08-13,Holyheld,178935.43760799998,30,7,1,6,36
2023-08-14,Holyheld,46671.567115,34,4,0,4,36
2023-08-15,Holyheld,289340.02733699995,57,13,5,8,41
2023-08-16,Holyheld,20993.216814000003,30,6,0,6,41
2023-08-17,Holyheld,13922.217173000001,30,6,0,6,41
2023-08-18,Holyheld,56542.71395318172,37,5,0,5,41
2023-08-19,Holyheld,13747.049126,18,3,0,3,41
2023-08-20,Holyheld,15108.989210000002,22,3,0,3,41
2023-08-21,Holyheld,118071.75647383614,38,12,2,10,43
2023-08-22,Holyheld,14551.927570103278,32,5,0,5,43
2023-08-23,Holyheld,11143.360058999999,15,3,0,3,43
2023-08-24,Holyheld,26047.513323,32,5,0,5,43
2023-08-25,Holyheld,81482.971588,29,9,1,8,44
2023-08-26,Holyheld,22191.325253,26,5,0,5,44
2023-08-27,Holyheld,13938.158822,22,3,0,3,44
2023-08-28,Holyheld,22961.584746000008,28,9,1,8,45
2023-08-29,Holyheld,18604.648886000003,27,5,0,5,45
2023-08-30,Holyheld,67409.48540200002,54,9,3,6,48
2023-08-31,Holyheld,13412.536751000003,25,5,0,5,48
2023-09-01,Holyheld,18784.843166,19,4,0,4,48
2023-09-02,Holyheld,17264.343528999998,33,3,0,3,48
2023-09-03,Holyheld,82574.011461,38,9,2,7,50
2023-09-04,Holyheld,20912.450241,36,6,0,6,50
2023-09-05,Holyheld,289755.8465430001,46,12,3,9,53
2023-09-06,Holyheld,40154.202014,26,4,0,4,53
2023-09-07,Holyheld,47905.584535000016,34,10,2,8,55
2023-09-08,Holyheld,14962.344352574317,32,6,0,6,55
2023-09-09,Holyheld,10572.737514999997,28,4,0,4,55
2023-09-10,Holyheld,29203.631313,20,5,0,5,55
2023-09-11,Holyheld,75108.584721,32,10,1,9,56
2023-09-12,Holyheld,20397.952247999998,31,4,1,3,57
2023-09-13,Holyheld,19407.963827,23,5,0,5,57
2023-09-14,Holyheld,74835.856765,34,8,0,8,57
2023-09-15,Holyheld,14178.143296958331,24,6,0,6,57
2023-09-16,Holyheld,15346.247255999999,21,5,0,5,57
2023-09-17,Holyheld,11669.463141999999,22,5,0,5,57
2023-09-18,Holyheld,36539.836828,36,3,0,3,57
2023-09-19,Holyheld,88438.80522000002,41,9,1,8,58
2023-09-20,Holyheld,15140.330159999998,31,5,0,5,58
2023-09-21,Holyheld,72800.38053600001,31,10,1,9,59
2023-09-22,Holyheld,23480.559236,27,5,0,5,59
2023-09-23,Holyheld,6592.44319,17,4,0,4,59
2023-09-24,Holyheld,7420.081857000001,14,3,0,3,59
2023-09-25,Holyheld,58926.727599,23,7,0,7,59
2023-09-26,Holyheld,7968.275246999999,25,6,1,5,60
2023-09-27,Holyheld,20539.383751,26,5,1,4,61
2023-09-28,Holyheld,106848.65116100002,48,13,3,10,64
2023-09-29,Holyheld,32624.92842100001,26,6,0,6,64
2023-09-30,Holyheld,71028.986649,27,13,2,11,66
2023-10-01,Holyheld,37895.221559000005,27,6,0,6,66
2023-10-02,Holyheld,116441.33676899999,61,16,4,12,70
2023-10-03,Holyheld,22847.212954999995,33,7,0,7,70
2023-10-04,Holyheld,81733.20070999995,45,6,0,6,70
2023-10-05,Holyheld,53050.541005,70,15,2,13,72
2023-10-06,Holyheld,24834.34112099999,76,7,0,7,72
2023-10-07,Holyheld,27013.733647,29,4,0,4,72
2023-10-08,Holyheld,8033.222641999998,26,5,0,5,72
2023-10-09,Holyheld,54789.93435700001,29,9,2,7,74
2023-10-10,Holyheld,5809.362934999999,23,4,0,4,74
2023-10-11,Holyheld,9107.520736999999,18,4,0,4,74
2023-10-12,Holyheld,12434.038460000002,28,5,0,5,74
2023-10-13,Holyheld,60449.32886,38,11,2,9,76
2023-10-14,Holyheld,14901.206588000003,21,3,0,3,76
2023-10-15,Holyheld,8278.620517999998,22,3,0,3,76
2023-10-16,Holyheld,44545.063850000006,33,11,1,10,77
2023-10-17,Holyheld,36119.33768899999,33,7,0,7,77
2023-10-18,Holyheld,29491.730393000005,32,12,0,12,77
2023-10-19,Holyheld,35110.697928,26,5,0,5,77
2023-10-20,Holyheld,28660.295878999987,29,10,0,10,77
2023-10-21,Holyheld,18855.681018000003,44,6,0,6,77
2023-10-22,Holyheld,25807.233444999994,26,4,0,4,77
2023-10-23,Holyheld,57016.178004,51,12,0,12,77
2023-10-24,Holyheld,51926.132149,46,9,0,9,77
2023-10-25,Holyheld,34256.020081,55,6,0,6,77
2023-10-26,Holyheld,56578.30312899999,46,10,0,10,77
2023-10-27,Holyheld,29505.81193631999,65,7,0,7,77
2023-10-28,Holyheld,17125.531521000004,33,6,0,6,77
2023-10-29,Holyheld,7458.305918999999,31,6,0,6,77
2023-10-30,Holyheld,67904.65963099999,36,12,1,11,78
2023-10-31,Holyheld,85513.94870100002,45,9,1,8,79
2023-11-01,Holyheld,51724.122575999994,40,8,0,8,79
2023-11-02,Holyheld,30673.430292,48,5,0,5,79
2023-11-03,Holyheld,116811.12592700002,55,10,0,10,79
2023-11-04,Holyheld,14940.235187000006,46,7,0,7,79
2023-11-05,Holyheld,20115.065252999997,32,6,0,6,79
2023-11-06,Holyheld,94787.181251,51,13,1,12,80
2023-11-07,Holyheld,25296.165818011996,42,6,0,6,80
2023-11-08,Holyheld,79464.16695700001,40,8,0,8,80
2023-11-09,Holyheld,16572.177254000002,37,7,0,7,80
2023-11-10,Holyheld,32026.528919000004,44,4,0,4,80
2023-11-11,Holyheld,16657.037836000003,41,5,0,5,80
2023-11-12,Holyheld,10164.169336,19,4,0,4,80
2023-11-13,Holyheld,155593.15563699996,41,11,1,10,81
2023-11-14,Holyheld,13175.275180999999,39,4,0,4,81
2023-11-15,Holyheld,34510.79829599999,33,4,0,4,81
2023-11-16,Holyheld,87983.06038800003,62,12,1,11,82
2023-11-17,Holyheld,22754.549069,39,5,0,5,82
2023-11-17,SafePal,6.9134884,1,1,1,0,1
2023-11-18,Holyheld,30436.156906999993,53,7,0,7,82
2023-11-18,SafePal,0.0,0,0,0,0,1
2023-11-19,Holyheld,6885.419593999998,30,6,0,6,82
2023-11-19,SafePal,0.0,0,0,0,0,1
2023-11-20,Holyheld,197097.89502900004,62,11,0,11,82
2023-11-20,SafePal,0.0,0,0,0,0,1
2023-11-21,Cypher,985.821099261426,9,1,1,0,1
2023-11-21,Holyheld,19830.11901399999,47,5,0,5,82
2023-11-21,SafePal,83.3110564,3,1,0,1,1
2023-11-22,Cypher,0.0,1,1,1,0,2
2023-11-22,Holyheld,23069.380689999998,36,6,0,6,82
2023-11-22,SafePal,0.0,0,0,0,0,1
2023-11-23,Cypher,0.0,0,0,0,0,2
2023-11-23,Holyheld,105362.96510099998,80,11,1,10,83
2023-11-23,SafePal,0.0,0,0,0,0,1
2023-11-24,Cypher,0.0,0,0,0,0,2
2023-11-24,Holyheld,101732.80132500001,76,27,15,12,98
2023-11-24,SafePal,0.0,0,0,0,0,1
2023-11-25,Cypher,0.0,0,0,0,0,2
2023-11-25,Holyheld,25783.542272000006,61,21,14,7,112
2023-11-25,SafePal,2.8132016699999998,1,1,0,1,1
2023-11-26,Cypher,0.0,0,0,0,0,2
2023-11-26,Holyheld,43795.41747099999,46,20,11,9,123
2023-11-26,SafePal,0.0,0,0,0,0,1
2023-11-27,Cypher,0.0,0,0,0,0,2
2023-11-27,Holyheld,124061.94406899999,69,31,17,14,140
2023-11-27,SafePal,0.0,0,0,0,0,1
2023-11-28,Cypher,0.0,0,0,0,0,2
2023-11-28,Holyheld,35224.2555381401,49,10,2,8,142
2023-11-28,SafePal,0.0,0,0,0,0,1
2023-11-29,Cypher,0.0,0,0,0,0,2
2023-11-29,Holyheld,72658.96793999999,59,11,1,10,143
2023-11-29,SafePal,0.0,0,0,0,0,1
2023-11-30,Cypher,0.0,0,0,0,0,2
2023-11-30,Holyheld,53767.929069000005,33,5,0,5,143
2023-11-30,SafePal,6.189285239999999,1,1,0,1,1
2023-12-01,Cypher,0.0,0,0,0,0,2
2023-12-01,Holyheld,29526.410297485872,49,9,0,9,143
2023-12-01,SafePal,3.0610735,1,1,0,1,1
2023-12-02,Cypher,0.0,0,0,0,0,2
2023-12-02,Holyheld,29861.479670000004,29,5,0,5,143
2023-12-02,SafePal,0.0,0,0,0,0,1
2023-12-03,Cypher,0.0,0,0,0,0,2
2023-12-03,Holyheld,37139.76002439999,39,5,0,5,143
2023-12-03,SafePal,0.0,0,0,0,0,1
2023-12-04,Cypher,0.0,0,0,0,0,2
2023-12-04,Holyheld,115049.01587399998,43,9,0,9,143
2023-12-04,SafePal,0.0,0,0,0,0,1
2023-12-05,Cypher,0.0,0,0,0,0,2
2023-12-05,Holyheld,23348.592944,39,4,0,4,143
2023-12-05,SafePal,0.0,0,0,0,0,1
2023-12-06,Cypher,0.0,0,0,0,0,2
2023-12-06,Holyheld,80321.53562400001,54,10,2,8,145
2023-12-06,SafePal,0.0,0,0,0,0,1
2023-12-07,Cypher,0.0,0,0,0,0,2
2023-12-07,Holyheld,88628.80452800001,60,7,0,7,145
2023-12-07,RedotPay,400004.4187351549,397,397,397,0,397
2023-12-07,SafePal,0.0,0,0,0,0,1
2023-12-08,Cypher,0.0,0,0,0,0,2
2023-12-08,Holyheld,55268.36516299997,60,12,1,11,146
2023-12-08,RedotPay,400014.72335327405,483,483,423,60,820
2023-12-08,SafePal,0.0,0,0,0,0,1
2023-12-09,Cypher,0.0,0,0,0,0,2
2023-12-09,Holyheld,38450.618933000005,37,5,0,5,146
2023-12-09,RedotPay,0.0,0,0,0,0,820
2023-12-09,SafePal,0.0,0,0,0,0,1
2023-12-10,Cypher,0.0,0,0,0,0,2
2023-12-10,Holyheld,24641.462900000002,49,7,0,7,146
2023-12-10,RedotPay,0.02,1,1,1,0,821
2023-12-10,SafePal,0.0,0,0,0,0,1
2023-12-11,Cypher,0.0,0,0,0,0,2
2023-12-11,Holyheld,88521.30185599998,48,9,0,9,146
2023-12-11,RedotPay,400004.66191374743,2739,2739,2459,280,3280
2023-12-11,SafePal,0.0,0,0,0,0,1
2023-12-12,Cypher,0.0,0,0,0,0,2
2023-12-12,Holyheld,120702.04165999999,49,10,0,10,146
2023-12-12,RedotPay,22143.310187106497,17,17,17,0,3297
2023-12-12,SafePal,0.0,0,0,0,0,1
2023-12-13,Cypher,0.0,0,0,0,0,2
2023-12-13,Holyheld,15459.440689000001,34,4,0,4,146
2023-12-13,RedotPay,400004.4937810561,296,296,189,107,3486
2023-12-13,SafePal,0.0,0,0,0,0,1
2023-12-14,Cypher,0.0,0,0,0,0,2
2023-12-14,Holyheld,17304.100467999997,42,24,15,9,161
2023-12-14,RedotPay,0.0,0,0,0,0,3486
2023-12-14,SafePal,0.0,0,0,0,0,1
2023-12-15,Cypher,0.0,0,0,0,0,2
2023-12-15,Holyheld,84246.72839799999,46,18,7,11,168
2023-12-15,RedotPay,560014.8497869081,2429,2429,1687,742,5173
2023-12-15,SafePal,0.0,0,0,0,0,1
2023-12-16,Cypher,0.0,0,0,0,0,2
2023-12-16,Holyheld,17856.842696000007,40,11,1,10,169
2023-12-16,RedotPay,0.0,0,0,0,0,5173
2023-12-16,SafePal,0.0,0,0,0,0,1
2023-12-17,Cypher,0.0,0,0,0,0,2
2023-12-17,Holyheld,49811.000511,46,19,8,11,177
2023-12-17,RedotPay,140008.11541609262,72,71,60,11,5233
2023-12-17,SafePal,0.0,0,0,0,0,1
2023-12-18,Cypher,0.0,0,0,0,0,2
2023-12-18,Holyheld,104854.63285399995,48,18,3,15,180
2023-12-18,RedotPay,532611.8468358757,668,668,273,395,5506
2023-12-18,SafePal,0.0,0,0,0,0,1
2023-12-19,Cypher,0.0,0,0,0,0,2
2023-12-19,Holyheld,43197.265574000005,50,19,6,13,186
2023-12-19,RedotPay,300000.30999999994,90,89,34,55,5540
2023-12-19,SafePal,0.0,0,0,0,0,1
2023-12-20,Cypher,0.0,0,0,0,0,2
2023-12-20,Holyheld,105511.34458799996,68,21,7,14,193
2023-12-20,RedotPay,300004.4456036864,442,442,170,272,5710
2023-12-20,SafePal,0.0,0,0,0,0,1
2023-12-21,Cypher,992.3485597033217,12,11,11,0,13
2023-12-21,Holyheld,55424.051304,63,23,7,16,200
2023-12-21,RedotPay,230004.4140644136,110,108,53,55,5763
2023-12-21,SafePal,0.0,0,0,0,0,1
2023-12-22,Cypher,2914.4296818273933,21,20,18,2,31
2023-12-22,Holyheld,76378.11799999999,74,32,11,21,211
2023-12-22,RedotPay,676004.4608810166,1832,1830,1014,816,6777
2023-12-22,SafePal,0.0,0,0,0,0,1
2023-12-23,Cypher,7079.626084022914,26,23,20,3,51
2023-12-23,Holyheld,64558.414551000016,61,24,9,15,220
2023-12-23,RedotPay,92504.0,69,69,28,41,6805
2023-12-23,SafePal,0.0,0,0,0,0,1
2023-12-24,Cypher,11615.8071881599,17,14,12,2,63
2023-12-24,Holyheld,7922.8614099999995,30,14,2,12,222
2023-12-24,RedotPay,250004.5452785332,89,89,19,70,6824
2023-12-24,SafePal,0.0,0,0,0,0,1
2023-12-25,Cypher,6327.236356887454,21,17,12,5,75
2023-12-25,Holyheld,92663.64209970355,45,19,5,14,227
2023-12-25,RedotPay,20000.012251,6,6,3,3,6827
2023-12-25,SafePal,0.0,0,0,0,0,1
2023-12-26,Cypher,9982.51651654687,48,32,22,10,97
2023-12-26,Holyheld,21981.229986999995,39,18,2,16,229
2023-12-26,RedotPay,420004.5864162439,696,687,256,431,7083
2023-12-26,SafePal,0.0,0,0,0,0,1
2023-12-27,Cypher,14845.268962459926,44,34,23,11,120
2023-12-27,Holyheld,65444.133479,55,23,5,18,234
2023-12-27,RedotPay,430004.41945701285,365,364,194,170,7277
2023-12-27,SafePal,0.0,0,0,0,0,1
2023-12-28,Cypher,75359.12994128917,57,37,29,8,149
2023-12-28,Holyheld,149947.11275500004,71,31,13,18,247
2023-12-28,RedotPay,535011.3349462964,364,352,200,152,7477
2023-12-28,SafePal,0.0,0,0,0,0,1
2023-12-29,Cypher,26356.213639556307,28,25,14,11,163
2023-12-29,Holyheld,91741.67621008785,68,28,7,21,254
2023-12-29,RedotPay,700008.9736331283,1411,1405,861,544,8338
2023-12-29,SafePal,0.0,0,0,0,0,1
2023-12-30,Cypher,22448.046297383196,34,30,20,10,183
2023-12-30,Holyheld,45456.59831999999,57,19,4,15,258
2023-12-30,RedotPay,149999.99999999997,77,77,52,25,8390
2023-12-30,SafePal,0.0,0,0,0,0,1
2023-12-31,Cypher,40376.87127459953,40,26,12,14,195
2023-12-31,Holyheld,101943.62771899994,53,18,2,16,260
2023-12-31,RedotPay,420004.5584159688,360,360,90,270,8480
2023-12-31,SafePal,0.0,0,0,0,0,1
2024-01-01,Cypher,11264.690568432152,35,27,13,14,208
2024-01-01,Holyheld,10393.356735,32,13,3,10,263
2024-01-01,RedotPay,0.0,0,0,0,0,8480
2024-01-01,SafePal,0.0,0,0,0,0,1
2024-01-02,Cypher,31567.53304209839,37,28,18,10,226
2024-01-02,Holyheld,34380.22586056001,51,17,5,12,268
2024-01-02,RedotPay,430005.25462452177,771,770,260,510,8740
2024-01-02,SafePal,0.0,0,0,0,0,1
2024-01-03,Cypher,8359.266411360319,27,24,10,14,236
2024-01-03,Holyheld,159142.85203600003,73,29,8,21,276
2024-01-03,RedotPay,400000.00419999927,1558,1557,830,727,9570
2024-01-03,SafePal,0.0,0,0,0,0,1
2024-01-04,Cypher,16288.350161961558,34,27,13,14,249
2024-01-04,Holyheld,41455.374637999994,46,19,5,14,281
2024-01-04,RedotPay,472502.28467276826,333,327,93,234,9663
2024-01-04,SafePal,0.0,0,0,0,0,1
2024-01-05,Cypher,75618.64077507447,76,44,23,21,272
2024-01-05,Holyheld,91520.205339,65,22,2,20,283
2024-01-05,RedotPay,780005.0716250241,1907,1903,986,917,10649
2024-01-05,SafePal,0.0,0,0,0,0,1
2024-01-06,Cypher,32560.690092907153,37,28,12,16,284
2024-01-06,Holyheld,20657.989976999997,39,11,2,9,285
2024-01-06,RedotPay,110000.0,12,12,6,6,10655
2024-01-06,SafePal,0.0,0,0,0,0,1
2024-01-07,Cypher,13028.09295394413,20,18,9,9,293
2024-01-07,Holyheld,26261.268540999998,46,15,0,15,285
2024-01-07,RedotPay,528586.9417770208,1727,1726,916,810,11571
2024-01-07,SafePal,0.0,0,0,0,0,1
2024-01-08,Cypher,82193.32325349076,63,45,23,22,316
2024-01-08,Gnosis,1.33531755,1,1,1,0,1
2024-01-08,Holyheld,77013.80651118002,67,32,8,24,293
2024-01-08,RedotPay,400000.0021999989,2647,2647,1691,956,13262
2024-01-08,SafePal,0.0,0,0,0,0,1
2024-01-09,Cypher,48515.888595517,52,42,25,17,341
2024-01-09,Gnosis,16.4370123,8,1,1,0,2
2024-01-09,Holyheld,55656.553838,57,30,6,24,299
2024-01-09,RedotPay,130004.37575027533,29,28,4,24,13266
2024-01-09,SafePal,0.0,0,0,0,0,1
2024-01-10,Cypher,23030.084093580044,41,32,12,20,353
2024-01-10,Gnosis,17.834936000000003,5,1,0,1,2
2024-01-10,Holyheld,44232.224163999985,52,11,3,8,302
2024-01-10,RedotPay,638827.0891476865,588,571,167,404,13433
2024-01-10,SafePal,0.0,0,0,0,0,1
2024-01-11,Cypher,42939.24582334339,56,40,9,31,362
2024-01-11,Gnosis,25.476675289999996,19,2,1,1,3
2024-01-11,Holyheld,291839.2254819999,79,33,5,28,307
2024-01-11,RedotPay,553817.4800978139,1267,1263,481,782,13914
2024-01-11,SafePal,0.0,0,0,0,0,1
2024-01-12,Cypher,50121.69145152899,61,49,21,28,383
2024-01-12,Gnosis,58.44174029,9,5,4,1,7
2024-01-12,Holyheld,91758.32575999996,74,33,8,25,315
2024-01-12,RedotPay,721191.5323824957,1030,1027,307,720,14221
2024-01-12,SafePal,0.0,0,0,0,0,1
2024-01-13,Cypher,37997.627130828405,52,40,16,24,399
2024-01-13,Gnosis,186.102936,8,4,1,3,8
2024-01-13,Holyheld,28278.247989,48,19,1,18,316
2024-01-13,RedotPay,20006.463474245185,8,8,4,4,14225
2024-01-13,SafePal,0.0,0,0,0,0,1
2024-01-14,Cypher,5921.663962682507,30,27,13,14,412
2024-01-14,Gnosis,51.31152,3,2,0,2,8
2024-01-14,Holyheld,7971.148561000002,35,11,2,9,318
2024-01-14,RedotPay,300014.6220483693,312,312,70,242,14295
2024-01-14,SafePal,0.0,0,0,0,0,1
2024-01-15,Cypher,36910.16112203277,31,24,11,13,423
2024-01-15,Gnosis,109.46513575000002,2,2,0,2,8
2024-01-15,Holyheld,93754.122642,64,26,3,23,321
2024-01-15,RedotPay,540004.7719129329,276,276,60,216,14355
2024-01-15,SafePal,0.0,0,0,0,0,1
2024-01-16,Cypher,64085.734727676805,66,51,22,29,445
2024-01-16,Gnosis,139.001119,2,2,0,2,8
2024-01-16,Holyheld,29258.619859019993,64,24,4,20,325
2024-01-16,RedotPay,470004.61767223006,6228,6227,4080,2147,18435
2024-01-16,SafePal,0.0,0,0,0,0,1
2024-01-17,Cypher,60432.40441105827,89,56,34,22,479
2024-01-17,Gnosis,40.093699799999996,4,2,0,2,8
2024-01-17,Holyheld,26626.68980397782,51,15,4,11,329
2024-01-17,RedotPay,455531.82598810014,2713,2709,1698,1011,20133
2024-01-17,SafePal,0.0,0,0,0,0,1
2024-01-18,Cypher,72766.1085595253,55,45,21,24,500
2024-01-18,Gnosis,184.53792444,6,3,1,2,9
2024-01-18,Holyheld,111058.15800699998,77,29,5,24,334
2024-01-18,RedotPay,340004.61168959807,300,300,48,252,20181
2024-01-18,SafePal,0.0,0,0,0,0,1
2024-01-19,Cypher,45273.408838111165,44,38,17,21,517
2024-01-19,Gnosis,71.03168905000001,5,3,0,3,9
2024-01-19,Holyheld,85325.64318399999,63,21,2,19,336
2024-01-19,RedotPay,300000.06005,202,177,32,145,20213
2024-01-19,SafePal,0.0,0,0,0,0,1
2024-01-20,Cypher,82165.72817247853,53,47,11,36,528
2024-01-20,Gnosis,362.56471796999995,7,2,0,2,9
2024-01-20,Holyheld,25867.189254,51,19,2,17,338
2024-01-20,RedotPay,300000.0599999991,842,811,177,634,20390
2024-01-20,SafePal,0.0,0,0,0,0,1
2024-01-21,Cypher,13293.731985159053,40,33,14,19,542
2024-01-21,Gnosis,111.12806523,4,3,0,3,9
2024-01-21,Holyheld,32558.518869939995,38,12,1,11,339
2024-01-21,RedotPay,424759.79787826847,272,272,51,221,20441
2024-01-21,SafePal,0.0,0,0,0,0,1
2024-01-22,Cypher,21734.180615196976,39,32,7,25,549
2024-01-22,Gnosis,51.868084960000004,2,2,2,0,11
2024-01-22,Holyheld,34032.181052,43,23,3,20,342
2024-01-22,RedotPay,400009.24954233784,96,94,11,83,20452
2024-01-22,SafePal,0.0,0,0,0,0,1
2024-01-23,Cypher,88001.7455338403,46,37,12,25,561
2024-01-23,Gnosis,0.0,0,0,0,0,11
2024-01-23,Holyheld,130286.66952599998,66,32,5,27,347
2024-01-23,RedotPay,998941.4840906346,2528,2511,799,1712,21251
2024-01-23,SafePal,0.0,0,0,0,0,1
2024-01-24,Cypher,61387.242396012094,42,36,16,20,577
2024-01-24,Gnosis,116.33435130000001,10,6,1,5,12
2024-01-24,Holyheld,47355.11798499999,47,18,3,15,350
2024-01-24,RedotPay,314923.19391000003,149,148,23,125,21274
2024-01-24,SafePal,0.0,0,0,0,0,1
2024-01-25,Cypher,52823.02911425535,44,31,8,23,585
2024-01-25,Gnosis,58.47740443000001,20,3,0,3,12
2024-01-25,Holyheld,78666.42318300002,57,26,2,24,352
2024-01-25,RedotPay,480011.405010448,153,151,19,132,21293
2024-01-25,SafePal,0.0,0,0,0,0,1
2024-01-26,Cypher,37634.17627407041,58,46,17,29,602
2024-01-26,Gnosis,62.918104799999995,3,3,0,3,12
2024-01-26,Holyheld,56785.94820499999,58,22,1,21,353
2024-01-26,RedotPay,722428.5712365009,416,412,74,338,21367
2024-01-26,SafePal,0.0,0,0,0,0,1
2024-01-27,Cypher,37691.32316160432,54,49,17,32,619
2024-01-27,Gnosis,234.81733754,11,5,1,4,13
2024-01-27,Holyheld,19191.907441591433,42,20,6,14,359
2024-01-27,RedotPay,340794.9834435944,348,345,67,278,21434
2024-01-27,SafePal,0.0,0,0,0,0,1
2024-01-28,Cypher,25776.67272343118,49,41,15,26,634
2024-01-28,Gnosis,7.604506,1,1,0,1,13
2024-01-28,Holyheld,117934.51778738,47,30,4,26,363
2024-01-28,RedotPay,450000.00199999905,1163,1162,276,886,21710
2024-01-28,SafePal,0.0,0,0,0,0,1
2024-01-29,Cypher,20197.693935231804,38,33,11,22,645
2024-01-29,Gnosis,159.96716149999997,6,3,0,3,13
2024-01-29,Holyheld,44936.94896499999,52,22,2,20,365
2024-01-29,RedotPay,910009.5927949183,353,326,62,264,21772
2024-01-29,SafePal,4.0984196399999995,2,1,1,0,2
2024-01-30,Cypher,119767.62954367323,67,45,13,32,658
2024-01-30,Gnosis,399.22658365000007,12,8,4,4,17
2024-01-30,Holyheld,42222.5859241,65,28,5,23,370
2024-01-30,RedotPay,400004.76367334154,975,975,216,759,21988
2024-01-30,SafePal,4.0954220999999995,1,1,0,1,2
2024-01-31,Cypher,128246.83014736779,78,60,28,32,686
2024-01-31,Gnosis,258.78329565,15,5,0,5,17
2024-01-31,Holyheld,130733.28393199998,58,33,8,25,378
2024-01-31,RedotPay,610009.555955489,1303,1298,366,932,22354
2024-01-31,SafePal,0.0,0,0,0,0,2
2024-02-01,Cypher,39689.140502545124,68,49,14,35,700
2024-02-01,Gnosis,322.38639301,18,10,3,7,20
2024-02-01,Holyheld,51762.462616,65,24,5,19,383
2024-02-01,RedotPay,582819.1794155706,1134,1132,324,808,22678
2024-02-01,SafePal,16.6388684,2,1,0,1,2
2024-02-02,Cypher,146201.93269903032,78,57,19,38,719
2024-02-02,Gnosis,159.77726534,13,9,1,8,21
2024-02-02,Holyheld,103002.195954,69,24,5,19,388
2024-02-02,RedotPay,1320023.096053467,3863,3851,1710,2141,24388
2024-02-02,SafePal,7.514196579999999,1,1,0,1,2
2024-02-03,Cypher,34603.09064881779,35,28,10,18,729
2024-02-03,Gnosis,490.2417729499999,22,11,6,5,27
2024-02-03,Holyheld,25735.661027000002,44,25,5,20,393
2024-02-03,RedotPay,530004.9505150674,315,315,57,258,24445
2024-02-03,SafePal,0.0,0,0,0,0,2
2024-02-04,Cypher,30556.516879357576,51,43,14,29,743
2024-02-04,Gnosis,365.53381006,11,9,3,6,30
2024-02-04,Holyheld,28674.811154,51,22,4,18,397
2024-02-04,RedotPay,500005.0045646648,44,44,6,38,24451
2024-02-04,SafePal,0.0,0,0,0,0,2
2024-02-05,Cypher,94791.75174449632,65,50,19,31,762
2024-02-05,Gnosis,193.00064399999997,10,8,4,4,34
2024-02-05,Holyheld,32964.403513,50,18,2,16,399
2024-02-05,RedotPay,660005.0427239923,307,306,29,277,24480
2024-02-05,SafePal,0.0,0,0,0,0,2
2024-02-06,Cypher,81111.23975012358,60,49,9,40,771
2024-02-06,Gnosis,494.21601999999996,25,16,5,11,39
2024-02-06,Holyheld,112500.64068100003,73,28,3,25,402
2024-02-06,RedotPay,633411.4969413617,1018,1016,236,780,24716
2024-02-06,SafePal,0.0,0,0,0,0,2
2024-02-07,Cypher,20242.84277869431,58,50,16,34,787
2024-02-07,Gnosis,258.60813104000005,15,10,2,8,41
2024-02-07,Holyheld,27731.582366,52,19,3,16,405
2024-02-07,RedotPay,460005.26477745484,1298,1295,334,961,25050
2024-02-07,SafePal,0.0,0,0,0,0,2
2024-02-08,Cypher,40836.002385625114,78,59,25,34,812
2024-02-08,Gnosis,352.97609848999997,14,9,1,8,42
2024-02-08,Holyheld,183461.19227320005,80,27,4,23,409
2024-02-08,RedotPay,994330.1110312886,4891,4777,2267,2510,27317
2024-02-08,SafePal,0.0,0,0,0,0,2
2024-02-09,Cypher,59220.374967190306,43,36,14,22,826
2024-02-09,Gnosis,360.16331262,30,16,3,13,45
2024-02-09,Holyheld,31946.470229,53,19,0,19,409
2024-02-09,RedotPay,620010.429559572,263,261,52,209,27369
2024-02-09,SafePal,0.0,0,0,0,0,2
2024-02-10,Cypher,15031.96534572702,54,41,14,27,840
2024-02-10,Gnosis,257.49523134,22,14,3,11,48
2024-02-10,Holyheld,48607.398244,62,24,3,21,412
2024-02-10,RedotPay,550005.2735726167,267,265,61,204,27430
2024-02-10,SafePal,0.0,0,0,0,0,2
2024-02-11,Cypher,67657.42881661774,142,71,30,41,870
2024-02-11,Gnosis,483.03976059,13,7,0,7,48
2024-02-11,Holyheld,94263.546091,56,23,3,20,415
2024-02-11,RedotPay,900005.2941644446,5542,5535,2975,2560,30405
2024-02-11,SafePal,0.0,0,0,0,0,2
2024-02-12,Cypher,51809.15981679319,87,66,15,51,885
2024-02-12,Gnosis,424.53042841999996,16,12,5,7,53
2024-02-12,Holyheld,252278.04824599993,70,27,5,22,420
2024-02-12,RedotPay,800010.587463596,241,229,24,205,30429
2024-02-12,SafePal,0.0,0,0,0,0,2
2024-02-13,Cypher,53859.82601005653,71,60,11,49,896
2024-02-13,Gnosis,738.15894542,32,18,6,12,59
2024-02-13,Holyheld,50553.32994013999,61,31,2,29,422
2024-02-13,RedotPay,419736.4142566171,297,294,42,252,30471
2024-02-13,SafePal,0.0,0,0,0,0,2
2024-02-14,Cypher,39348.644466624915,112,99,37,62,933
2024-02-14,Gnosis,810.1967318500002,30,21,7,14,66
2024-02-14,Holyheld,62299.289287000014,40,18,3,15,425
2024-02-14,RedotPay,470005.44386996544,318,314,87,227,30558
2024-02-14,SafePal,0.0,0,0,0,0,2
2024-02-15,Cypher,50292.96531499125,76,61,17,44,950
2024-02-15,Gnosis,634.7325126699997,54,25,14,11,80
2024-02-15,Holyheld,120135.64791837997,71,28,2,26,427
2024-02-15,RedotPay,600005.5426099114,132,132,16,116,30574
2024-02-15,SafePal,0.0,0,0,0,0,2
2024-02-16,Cypher,102050.68157086581,75,62,21,41,971
2024-02-16,Gnosis,6609.4581441300015,70,38,19,19,99
2024-02-16,Holyheld,37232.16282,55,25,4,21,431
2024-02-16,RedotPay,760011.1807294775,443,436,77,359,30651
2024-02-16,SafePal,0.0,0,0,0,0,2
2024-02-17,Cypher,48412.55104935155,111,91,45,46,1016
2024-02-17,Gnosis,1737.8575997900002,88,42,10,32,109
2024-02-17,Holyheld,16035.933902000002,50,18,1,17,432
2024-02-17,RedotPay,835611.2659670496,1002,978,164,814,30815
2024-02-17,SafePal,0.0,0,0,0,0,2
2024-02-18,Cypher,38322.297998924594,77,65,20,45,1036
2024-02-18,Gnosis,1316.0654722900003,35,18,2,16,111
2024-02-18,Holyheld,35034.753174,58,27,5,22,437
2024-02-18,RedotPay,280005.7367471798,1292,1292,303,989,31118
2024-02-18,SafePal,0.0,0,0,0,0,2
2024-02-19,Cypher,42112.05489410034,73,51,21,30,1057
2024-02-19,Gnosis,5249.463678319999,32,25,4,21,115
2024-02-19,Holyheld,118230.271909,59,29,4,25,441
2024-02-19,RedotPay,600005.7676727034,633,633,122,511,31240
2024-02-19,SafePal,0.0,0,0,0,0,2
2024-02-20,Cypher,52755.06013693447,80,67,15,52,1072
2024-02-20,Gnosis,3948.8881722400006,65,38,9,29,124
2024-02-20,Holyheld,46632.90790000001,56,23,5,18,446
2024-02-20,RedotPay,550005.8638540978,4026,4023,1456,2567,32696
2024-02-20,SafePal,0.0,0,0,0,0,2
2024-02-21,Cypher,43585.37704626927,66,60,17,43,1089
2024-02-21,Gnosis,2096.9111981200003,89,55,21,34,145
2024-02-21,Holyheld,41416.6152578,59,30,4,26,450
2024-02-21,RedotPay,580005.9151414384,149,148,22,126,32718
2024-02-21,SafePal,0.0,0,0,0,0,2
2024-02-22,Cypher,130657.08040237834,63,54,10,44,1099
2024-02-22,Gnosis,3550.445402140001,77,44,11,33,156
2024-02-22,Holyheld,130831.06034899999,82,29,4,25,454
2024-02-22,RedotPay,700023.8102229129,2314,2310,710,1600,33428
2024-02-22,SafePal,0.0,0,0,0,0,2
2024-02-23,Cypher,58691.212241610156,59,55,9,46,1108
2024-02-23,Gnosis,3948.5430177499993,80,48,13,35,169
2024-02-23,Holyheld,43525.46725400001,59,21,2,19,456
2024-02-23,RedotPay,666024.0336797327,250,248,39,209,33467
2024-02-23,SafePal,0.0,0,0,0,0,2
2024-02-24,Cypher,44134.683371976884,74,58,15,43,1123
2024-02-24,Gnosis,3650.021093249999,115,65,23,42,192
2024-02-24,Holyheld,31420.482420999997,60,20,2,18,458
2024-02-24,RedotPay,819267.5484014001,818,814,140,674,33607
2024-02-24,SafePal,0.0,0,0,0,0,2
2024-02-25,Cypher,65428.34034890697,74,59,19,40,1142
2024-02-25,Gnosis,2130.6534522800002,60,36,6,30,198
2024-02-25,Holyheld,25758.774759000004,46,23,4,19,462
2024-02-25,RedotPay,860011.6839053277,504,498,118,380,33725
2024-02-25,SafePal,0.0,0,0,0,0,2
2024-02-26,Cypher,89834.50185436213,83,64,21,43,1163
2024-02-26,Gnosis,2149.54040754,66,47,12,35,210
2024-02-26,Holyheld,142616.89879399998,55,25,2,23,464
2024-02-26,RedotPay,450005.87541962217,640,640,98,542,33823
2024-02-26,SafePal,0.0,0,0,0,0,2
2024-02-27,Cypher,34864.89060883633,71,60,17,43,1180
2024-02-27,Gnosis,2468.4047343499988,133,76,29,47,239
2024-02-27,Holyheld,43001.553378000004,74,24,2,22,466
2024-02-27,RedotPay,600011.9883667524,8564,8561,5204,3357,39027
2024-02-27,SafePal,0.0,0,0,0,0,2
2024-02-28,Cypher,30950.25819181433,69,59,16,43,1196
2024-02-28,Gnosis,4124.137282159998,174,110,58,52,297
2024-02-28,Holyheld,30003.521096499993,55,23,1,22,467
2024-02-28,RedotPay,650006.0585161678,184,181,10,171,39037
2024-02-28,SafePal,0.0,0,0,0,0,2
2024-02-29,Cypher,109236.18592844754,82,68,15,53,1211
2024-02-29,Gnosis,5348.720924100001,180,108,44,64,341
2024-02-29,Holyheld,189033.532178,82,27,2,25,469
2024-02-29,RedotPay,980107.5595869191,1095,1070,237,833,39274
2024-02-29,SafePal,0.0,0,0,0,0,2
2024-03-01,Cypher,83245.54184441721,91,74,13,61,1224
2024-03-01,Gnosis,6142.43369768,200,112,37,75,378
2024-03-01,Holyheld,105959.96181352997,89,34,5,29,474
2024-03-01,RedotPay,854006.0320918629,665,660,114,546,39388
2024-03-01,SafePal,0.0,0,0,0,0,2
2024-03-02,Cypher,69882.56569095457,82,72,16,56,1240
2024-03-02,Gnosis,10983.596431069998,253,130,42,88,420
2024-03-02,Holyheld,60257.58941800001,63,24,4,20,478
2024-03-02,RedotPay,1168546.1118756114,9239,9236,5656,3580,45044
2024-03-02,SafePal,0.0,0,0,0,0,2
2024-03-03,Cypher,34070.49994373499,76,61,9,52,1249
2024-03-03,Gnosis,4194.916571869998,150,83,14,69,434
2024-03-03,Holyheld,27062.414622,47,18,4,14,482
2024-03-03,RedotPay,780018.0076860698,184,178,29,149,45073
2024-03-03,SafePal,0.0,0,0,0,0,2
2024-03-04,Cypher,77701.7838379605,84,64,15,49,1264
2024-03-04,Gnosis,4796.832598860001,167,122,33,89,467
2024-03-04,Holyheld,155875.80546100004,71,32,3,29,485
2024-03-04,RedotPay,700005.9562619365,415,395,50,345,45123
2024-03-04,SafePal,0.0,0,0,0,0,2
2024-03-05,Cypher,116490.27888246637,85,69,20,49,1284
2024-03-05,Gnosis,4337.494510909998,144,91,24,67,491
2024-03-05,Holyheld,234642.89425100005,77,31,2,29,487
2024-03-05,RedotPay,1168351.087033358,310,305,63,242,45186
2024-03-05,SafePal,0.0,0,0,0,0,2
2024-03-06,Cypher,61116.84358276065,83,68,19,49,1303
2024-03-06,Gnosis,9521.396694959996,198,118,20,98,511
2024-03-06,Holyheld,40956.87717400001,62,21,4,17,491
2024-03-06,RedotPay,1115380.2311899369,901,889,148,741,45334
2024-03-06,SafePal,0.0,0,0,0,0,2
2024-03-07,Cypher,70305.93219022488,80,67,15,52,1318
2024-03-07,Gnosis,4960.250541710001,184,105,18,87,529
2024-03-07,Holyheld,29087.747349000005,62,18,1,17,492
2024-03-07,RedotPay,880011.6567140929,875,852,110,742,45444
2024-03-07,SafePal,4.32709753,2,2,2,0,4
2024-03-08,Cypher,78584.7023557473,103,93,21,72,1339
2024-03-08,Gnosis,10309.26698010001,210,121,25,96,554
2024-03-08,Holyheld,132914.82822460003,73,31,3,28,495
2024-03-08,RedotPay,810005.8707000071,1425,1404,307,1097,45751
2024-03-08,SafePal,235.9524006,9,7,6,1,10
2024-03-09,Cypher,35868.90926774935,90,70,12,58,1351
2024-03-09,Gnosis,16329.826520430006,263,133,24,109,578
2024-03-09,Holyheld,57749.492673,77,29,1,28,496
2024-03-09,RedotPay,839211.4192382887,134,132,22,110,45773
2024-03-09,SafePal,34.75658776,6,5,4,1,14
2024-03-10,Cypher,33682.386826069785,69,59,12,47,1363
2024-03-10,Gnosis,6042.7762335,162,101,7,94,585
2024-03-10,Holyheld,38629.26514603999,62,19,1,18,497
2024-03-10,RedotPay,900031.036568171,918,887,136,751,45909
2024-03-10,SafePal,302.75220415000007,21,11,7,4,21
2024-03-11,Cypher,35774.134691845604,80,72,16,56,1379
2024-03-11,Gnosis,6385.02419836,191,113,15,98,600
2024-03-11,Holyheld,232956.21565578997,78,31,3,28,500
2024-03-11,RedotPay,780011.3007033457,2587,2535,591,1944,46500
2024-03-11,SafePal,1041.93963543,27,20,13,7,34
2024-03-12,Cypher,57069.46768163498,91,72,15,57,1394
2024-03-12,Gnosis,7380.819259109998,224,134,24,110,624
2024-03-12,Holyheld,112448.38160951983,75,33,8,25,508
2024-03-12,RedotPay,1000011.2197483113,1752,1744,457,1287,46957
2024-03-12,SafePal,429.51989174999994,23,14,5,9,39
2024-03-13,Cypher,72434.78796849019,104,79,17,62,1411
2024-03-13,Gnosis,13794.204544020004,243,150,18,132,642
2024-03-13,Holyheld,151884.6860544499,64,29,1,28,509
2024-03-13,RedotPay,740011.1735724787,851,817,142,675,47099
2024-03-13,SafePal,135.43483515000003,15,9,2,7,41
2024-03-14,Cypher,36355.95755052172,81,62,8,54,1419
2024-03-14,Gnosis,13470.154383379995,313,162,27,135,669
2024-03-14,Holyheld,84634.4134005,80,30,6,24,515
2024-03-14,RedotPay,860031.1089771308,662,642,136,506,47235
2024-03-14,SafePal,592.3531153399998,25,14,6,8,47
2024-03-15,Cypher,125120.96346998648,91,78,18,60,1437
2024-03-15,Gnosis,26926.852967299987,327,164,25,139,694
2024-03-15,Holyheld,127434.20741373883,68,28,5,23,520
2024-03-15,RedotPay,1450016.1078233086,639,623,147,476,47382
2024-03-15,SafePal,967.7683191,13,11,6,5,53
2024-03-16,Cypher,54313.89760681362,79,67,9,58,1446
2024-03-16,Gnosis,16223.00588332001,389,183,25,158,719
2024-03-16,Holyheld,53644.360489,70,22,4,18,524
2024-03-16,RedotPay,980010.7210192189,399,396,101,295,47483
2024-03-16,SafePal,369.2893948000001,30,13,4,9,57
2024-03-17,Cypher,54150.332178936435,77,60,12,48,1458
2024-03-17,Gnosis,9991.210458319993,282,140,12,128,731
2024-03-17,Holyheld,28376.292851040005,58,21,4,17,528
2024-03-17,RedotPay,920015.9640488008,764,732,122,610,47605
2024-03-17,SafePal,411.3803270000001,23,12,7,5,64
2024-03-18,Cypher,169534.70454605605,83,66,18,48,1476
2024-03-18,Gnosis,14894.602078160011,268,158,12,146,743
2024-03-18,Holyheld,161547.6208492001,113,41,6,35,534
2024-03-18,RedotPay,870005.3112934788,2129,2101,467,1634,48072
2024-03-18,SafePal,750.9139819999999,40,24,5,19,69
2024-03-19,Cypher,71634.81625591614,70,59,15,44,1491
2024-03-19,Gnosis,18824.114119199985,279,158,17,141,760
2024-03-19,Holyheld,59039.75429099998,75,25,4,21,538
2024-03-19,RedotPay,1019873.4154579657,1642,1619,326,1293,48398
2024-03-19,SafePal,303.4654415100001,29,14,2,12,71
2024-03-20,Cypher,46995.52645176761,77,65,19,46,1510
2024-03-20,Gnosis,16903.049804899998,331,182,21,161,781
2024-03-20,Holyheld,170225.39284818742,90,26,6,20,544
2024-03-20,RedotPay,1060004.9463837177,2727,2706,774,1932,49172
2024-03-20,SafePal,706.3254893000001,37,18,4,14,75
2024-03-21,Cypher,129360.84813926248,80,60,11,49,1521
2024-03-21,Gnosis,20967.368813029992,315,172,30,142,811
2024-03-21,Holyheld,64789.17237372615,88,25,5,20,549
2024-03-21,RedotPay,1285155.7288852057,823,798,192,606,49364
2024-03-21,SafePal,1095.0575696399999,37,14,2,12,77
2024-03-22,Cypher,68346.04072012182,85,66,11,55,1532
2024-03-22,Gnosis,20269.298797700005,381,203,25,178,836
2024-03-22,Holyheld,200223.79636400004,104,34,0,34,549
2024-03-22,RedotPay,1360010.1607159926,18719,18688,12250,6438,61614
2024-03-22,SafePal,998.8352675999998,41,22,3,19,80
2024-03-23,Cypher,58057.41715282265,76,62,12,50,1544
2024-03-23,Gnosis,18779.5367405,411,197,16,181,852
2024-03-23,Holyheld,36194.93151700002,74,26,2,24,551
2024-03-23,RedotPay,1000021.6372674647,502,495,195,300,61809
2024-03-23,SafePal,1375.7095116000003,50,18,2,16,82
2024-03-24,Cypher,49278.08342196028,117,90,31,59,1575
2024-03-24,Gnosis,21784.189887550012,335,161,17,144,869
2024-03-24,Holyheld,66190.44209500003,84,27,3,24,554
2024-03-24,RedotPay,1150015.2609782636,574,563,150,413,61959
2024-03-24,SafePal,764.9056074000002,24,18,5,13,87
2024-03-25,Cypher,59359.49647648321,99,80,15,65,1590
2024-03-25,Gnosis,23571.201115050008,388,184,18,166,887
2024-03-25,Holyheld,213269.37987038578,102,39,4,35,558
2024-03-25,RedotPay,850005.0779651116,1155,1130,176,954,62135
2024-03-25,SafePal,8654.696776879997,60,26,3,23,90
2024-03-26,Cypher,135816.80615165996,100,81,21,60,1611
2024-03-26,Gnosis,14865.123108209995,368,185,18,167,905
2024-03-26,Holyheld,45227.001389450015,91,26,3,23,561
2024-03-26,RedotPay,1150005.1388690914,747,722,149,573,62284
2024-03-26,SafePal,5444.956564949997,43,28,5,23,95
2024-03-27,Cypher,44955.663313630364,64,51,9,42,1620
2024-03-27,Gnosis,23347.06004029001,412,217,26,191,931
2024-03-27,Holyheld,71130.51243249999,103,31,5,26,566
2024-03-27,RedotPay,1250061.2130178171,1265,1233,195,1038,62479
2024-03-27,SafePal,8603.583135000004,55,27,7,20,102
2024-03-28,Cypher,97728.60010347613,100,77,22,55,1642
2024-03-28,Gnosis,22223.8767174,449,220,21,199,952
2024-03-28,Holyheld,256084.66732,101,33,3,30,569
2024-03-28,RedotPay,1000005.1401038239,1074,1052,179,873,62658
2024-03-28,SafePal,4310.810618400001,67,23,2,21,104
2024-03-29,Cypher,88065.27538569797,101,75,12,63,1654
2024-03-29,Gnosis,20004.406158049977,433,228,20,208,972
2024-03-29,Holyheld,109453.76817061445,117,42,7,35,576
2024-03-29,RedotPay,1100015.3344627186,1644,1619,303,1316,62961
2024-03-29,SafePal,1197.4720274500005,42,20,4,16,108
2024-03-30,Cypher,58876.080047179305,101,86,17,69,1671
2024-03-30,Gnosis,32608.124378649998,538,228,19,209,991
2024-03-30,Holyheld,20617.581697306723,96,25,4,21,580
2024-03-30,RedotPay,930010.2730822333,2685,2611,549,2062,63510
2024-03-30,SafePal,2269.9974183,51,23,5,18,113
2024-03-31,Cypher,46020.23751124841,97,79,14,65,1685
2024-03-31,Gnosis,22728.959925200004,244,136,8,128,999
2024-03-31,Holyheld,12563.885269,40,18,3,15,583
2024-03-31,RedotPay,950015.6627269733,555,551,147,404,63657
2024-03-31,SafePal,861.8587800999999,28,20,1,19,114
2024-04-01,Cypher,197049.69998387687,107,88,19,69,1704
2024-04-01,Gnosis,24792.150059350002,358,170,7,163,1006
2024-04-01,Holyheld,32940.15006715049,95,27,5,22,588
2024-04-01,RedotPay,950005.1533538336,400,381,34,347,63691
2024-04-01,SafePal,2362.1724964399996,53,20,1,19,115
2024-04-02,Cypher,111804.35724133464,79,65,11,54,1715
2024-04-02,Gnosis,37127.34076427997,425,203,11,192,1017
2024-04-02,Holyheld,210832.99959780287,115,36,2,34,590
2024-04-02,RedotPay,880004.9786040656,505,500,132,368,63823
2024-04-02,SafePal,1438.99564284,50,27,5,22,120
2024-04-03,Cypher,175458.8406277132,96,80,10,70,1725
2024-04-03,Gnosis,29069.17230061999,406,211,15,196,1032
2024-04-03,Holyheld,73934.6020881777,95,32,5,27,595
2024-04-03,RedotPay,1000004.9384694379,667,650,66,584,63889
2024-04-03,SafePal,2600.1062791600007,45,22,3,19,123
2024-04-04,Cypher,80548.88706563463,110,90,18,72,1743
2024-04-04,Gnosis,35771.31451058996,411,210,14,196,1046
2024-04-04,Holyheld,102455.85610099998,95,36,6,30,601
2024-04-04,MetaMask,33.50136,3,2,2,0,2
2024-04-04,RedotPay,1050010.032506392,2538,2475,485,1990,64374
2024-04-04,SafePal,1750.9757684100002,53,29,3,26,126
2024-04-05,Cypher,81000.72483140297,86,73,17,56,1760
2024-04-05,Gnosis,19934.853802809997,467,225,9,216,1055
2024-04-05,Holyheld,268173.9937400769,77,38,3,35,604
2024-04-05,MetaMask,66.411326,2,2,2,0,4
2024-04-05,RedotPay,500001.21500000125,778,778,99,679,64473
2024-04-05,SafePal,3319.3605932699998,63,32,3,29,129
2024-04-06,Cypher,80520.53073537434,114,97,17,80,1777
2024-04-06,Gnosis,30732.8049104,548,241,17,224,1072
2024-04-06,Holyheld,66782.76495602417,76,28,1,27,605
2024-04-06,MetaMask,2084.205702,2,2,2,0,6
2024-04-06,RedotPay,900018.7005174201,152,151,12,139,64485
2024-04-06,SafePal,2233.4082529499997,77,32,7,25,136
2024-04-07,Cypher,41612.50617553866,78,65,9,56,1786
2024-04-07,Gnosis,18057.0945961,335,167,5,162,1077
2024-04-07,Holyheld,85049.35869337211,73,31,6,25,611
2024-04-07,MetaMask,569.69728,2,2,1,1,7
2024-04-07,RedotPay,1260015.0220064213,1192,1177,157,1020,64642
2024-04-07,SafePal,5422.617428619999,44,25,4,21,140
2024-04-08,Cypher,56338.63172281127,110,99,12,87,1798
2024-04-08,Gnosis,28652.031485810017,427,200,11,189,1088
2024-04-08,Holyheld,296560.09567536006,96,26,3,23,614
2024-04-08,MetaMask,340.601559,3,3,1,2,8
2024-04-08,RedotPay,1195019.2961913724,526,516,69,447,64711
2024-04-08,SafePal,7923.3324977799975,85,31,4,27,144
2024-04-09,Cypher,132748.9146587359,95,79,10,69,1808
2024-04-09,Gnosis,17285.48989765999,410,220,24,196,1112
2024-04-09,Holyheld,54017.44381320218,102,37,4,33,618
2024-04-09,MetaMask,625.846143,13,6,3,3,11
2024-04-09,RedotPay,808098.8750842395,161,161,21,140,64732
2024-04-09,SafePal,1467.1180140499996,62,29,8,21,152
2024-04-10,Cypher,83341.40014920532,71,61,5,56,1813
2024-04-10,Gnosis,21339.159094220002,466,240,28,212,1140
2024-04-10,Holyheld,40727.2495549,108,32,4,28,622
2024-04-10,MetaMask,54.831900000000005,3,3,0,3,11
2024-04-10,RedotPay,785117.9734266332,403,399,46,353,64778
2024-04-10,SafePal,1687.3644709999994,63,31,3,28,155
2024-04-11,Cypher,145528.830213232,92,73,10,63,1823
2024-04-11,Gnosis,23752.634289639995,521,293,59,234,1199
2024-04-11,Holyheld,130519.863301,105,33,4,29,626
2024-04-11,MetaMask,227.95705600000002,4,3,2,1,13
2024-04-11,RedotPay,1200017.2147319969,577,556,105,451,64883
2024-04-11,SafePal,1284.4577446199994,63,27,3,24,158
2024-04-12,Cypher,168954.19231400327,99,87,8,79,1831
2024-04-12,Gnosis,32986.04902389999,587,261,26,235,1225
2024-04-12,Holyheld,232143.31700901466,91,41,5,36,631
2024-04-12,MetaMask,62.681298999999996,5,5,3,2,16
2024-04-12,RedotPay,800022.0072936795,417,411,41,370,64924
2024-04-12,SafePal,4790.5122342,69,28,1,27,159
2024-04-13,Cypher,68496.48884027824,89,69,13,56,1844
2024-04-13,Gnosis,28680.25901456001,609,286,37,249,1262
2024-04-13,Holyheld,45779.43292190404,77,26,4,22,635
2024-04-13,MetaMask,174.278046,10,5,3,2,19
2024-04-13,RedotPay,1198079.587521028,1408,1400,314,1086,65238
2024-04-13,SafePal,2576.7332426800003,67,29,4,25,163
2024-04-14,Cypher,58706.898534295666,63,58,10,48,1854
2024-04-14,Gnosis,19902.283738759972,450,231,20,211,1282
2024-04-14,Holyheld,27125.03440142667,57,27,3,24,638
2024-04-14,MetaMask,102.52470699999999,7,6,0,6,19
2024-04-14,RedotPay,500007.0837017287,342,341,56,285,65294
2024-04-14,SafePal,894.6229553200001,50,32,4,28,167
2024-04-15,Cypher,45331.21530415895,86,66,13,53,1867
2024-04-15,Gnosis,19756.024520400006,405,219,20,199,1302
2024-04-15,Holyheld,66144.61288327083,73,27,4,23,642
2024-04-15,MetaMask,453.776308,3,3,0,3,19
2024-04-15,RedotPay,1270016.6959785158,932,908,164,744,65458
2024-04-15,SafePal,2090.1673123399996,41,25,1,24,168
2024-04-16,Cypher,66373.22142511245,85,73,6,67,1873
2024-04-16,Gnosis,21531.6746205,481,244,9,235,1311
2024-04-16,Holyheld,206103.35541971962,100,43,4,39,646
2024-04-16,MetaMask,154.793862,9,5,2,3,21
2024-04-16,RedotPay,600002.41,202,202,22,180,65480
2024-04-16,SafePal,2078.50641812,73,34,4,30,172
2024-04-17,Cypher,74531.87414526966,95,79,10,69,1883
2024-04-17,Gnosis,25454.947323860008,454,227,4,223,1315
2024-04-17,Holyheld,72904.41352920735,103,38,6,32,652
2024-04-17,MetaMask,42.09358,6,5,0,5,21
2024-04-17,RedotPay,1200013.0038399599,3046,2992,671,2321,66151
2024-04-17,SafePal,1957.1376332099994,58,34,3,31,175
2024-04-18,Cypher,83604.96347395539,87,69,9,60,1892
2024-04-18,Gnosis,31618.160547360014,520,249,9,240,1324
2024-04-18,Holyheld,171793.35988900016,138,35,5,30,657
2024-04-18,MetaMask,197.09555699999999,5,5,1,4,22
2024-04-18,RedotPay,750008.2503969324,1131,1128,238,890,66389
2024-04-18,SafePal,1382.2297635599994,62,26,0,26,175
2024-04-19,Cypher,96604.69144418476,79,66,11,55,1903
2024-04-19,Gnosis,31613.37840320999,526,264,18,246,1342
2024-04-19,Holyheld,27831.120261999982,116,24,3,21,660
2024-04-19,MetaMask,62.422273000000004,2,2,0,2,22
2024-04-19,RedotPay,711273.3052608786,187,181,40,141,66429
2024-04-19,SafePal,1515.1798434999998,58,25,3,22,178
2024-04-20,Cypher,45506.467726859344,85,74,5,69,1908
2024-04-20,Gnosis,33764.91476549998,595,261,12,249,1354
2024-04-20,Holyheld,40955.69876499996,106,27,7,20,667
2024-04-20,MetaMask,29.129701,2,2,0,2,22
2024-04-20,RedotPay,1330014.17630075,1166,1132,137,995,66566
2024-04-20,SafePal,1705.6694624999996,59,29,2,27,180
2024-04-21,Cypher,71210.18838053863,107,87,19,68,1927
2024-04-21,Gnosis,32984.154718,411,205,6,199,1360
2024-04-21,Holyheld,44130.13668378398,85,29,2,27,669
2024-04-21,MetaMask,102.91342700000001,7,3,1,2,23
2024-04-21,RedotPay,1053276.458206684,490,477,188,289,66754
2024-04-21,SafePal,945.9023624999999,48,28,2,26,182
2024-04-22,Cypher,115423.44915575585,94,77,12,65,1939
2024-04-22,Gnosis,37733.36811808,436,217,11,206,1371
2024-04-22,Holyheld,228022.31291893634,99,38,3,35,672
2024-04-22,MetaMask,219.568452,5,5,1,4,24
2024-04-22,RedotPay,1980023.1456759963,1927,1882,669,1213,67423
2024-04-22,SafePal,2601.2439569999997,73,29,2,27,184
2024-04-23,Cypher,48500.381610993,90,63,8,55,1947
2024-04-23,Gnosis,35154.26584246001,477,249,8,241,1379
2024-04-23,Holyheld,74931.39819099994,90,32,5,27,677
2024-04-23,MetaMask,152.348617,9,6,3,3,27
2024-04-23,RedotPay,340007.21024168766,238,236,13,223,67436
2024-04-23,SafePal,2329.1698839999995,51,30,1,29,185
2024-04-24,Cypher,57042.44656565563,98,83,10,73,1957
2024-04-24,Gnosis,28031.07481209,426,231,7,224,1386
2024-04-24,Holyheld,164232.16831,82,35,7,28,684
2024-04-24,MetaMask,157.31623399999998,5,3,0,3,27
2024-04-24,RedotPay,940014.5670012061,310,286,22,264,67458
2024-04-24,SafePal,1109.35208925,52,32,3,29,188
2024-04-25,Cypher,47273.38128483867,71,58,11,47,1968
2024-04-25,Gnosis,28684.206298669997,478,257,13,244,1399
2024-04-25,Holyheld,46927.920031,85,27,2,25,686
2024-04-25,MetaMask,66.532973,5,4,0,4,27
2024-04-25,RedotPay,974455.746075812,485,461,50,411,67508
2024-04-25,SafePal,1446.7510563000003,62,29,5,24,193
2024-04-26,Cypher,71413.26083998787,92,78,10,68,1978
2024-04-26,Gnosis,26078.87980145001,515,255,10,245,1409
2024-04-26,Holyheld,85087.2181055,102,31,2,29,688
2024-04-26,MetaMask,615.5389060000001,11,6,0,6,27
2024-04-26,RedotPay,762840.7509299185,583,581,61,520,67569
2024-04-26,SafePal,1261.1225439999998,64,27,4,23,197
2024-04-27,Cypher,34635.5221464873,77,67,6,61,1984
2024-04-27,Gnosis,26044.883103340017,605,257,7,250,1416
2024-04-27,Holyheld,48504.19437799999,86,33,4,29,692
2024-04-27,MetaMask,110.927356,4,3,0,3,27
2024-04-27,RedotPay,800011.7290999116,165,155,11,144,67580
2024-04-27,SafePal,1896.8299925,64,35,2,33,199
2024-04-28,Cypher,75111.56631501741,96,82,14,68,1998
2024-04-28,Gnosis,23392.894777,432,201,5,196,1421
2024-04-28,Holyheld,33828.123006967944,60,22,3,19,695
2024-04-28,MetaMask,94.73556800000001,3,3,0,3,27
2024-04-28,RedotPay,1240026.2165467388,1048,1022,100,922,67680
2024-04-28,SafePal,4974.4928969999955,51,26,7,19,206
2024-04-29,Cypher,43753.98614224083,96,79,13,66,2011
2024-04-29,Gnosis,27684.74733408001,494,245,10,235,1431
2024-04-29,Holyheld,310737.52870112786,89,35,2,33,697
2024-04-29,MetaMask,11.191389,1,1,0,1,27
2024-04-29,RedotPay,1000009.2245784166,340,325,37,288,67717
2024-04-29,SafePal,1933.25020864,79,38,2,36,208
2024-04-30,Cypher,90838.40732876462,84,66,12,54,2023
2024-04-30,Gnosis,30635.16838200003,550,264,21,243,1452
2024-04-30,Holyheld,79988.29839440639,74,27,1,26,698
2024-04-30,MetaMask,23.142739,4,2,0,2,27
2024-04-30,RedotPay,1214236.765318296,435,420,82,338,67799
2024-04-30,SafePal,774.6690645,58,30,1,29,209
2024-05-01,Cypher,91628.9615985952,78,71,8,63,2031
2024-05-01,Gnosis,25829.129612480025,468,228,8,220,1460
2024-05-01,Holyheld,80643.87829632,82,35,4,31,702
2024-05-01,MetaMask,964.374342,8,5,1,4,28
2024-05-01,RedotPay,1000014.6071502563,246,235,34,201,67833
2024-05-01,SafePal,1872.3236832,64,29,1,28,210
2024-05-02,Cypher,143939.13917815188,86,71,8,63,2039
2024-05-02,Gnosis,34199.23909234,530,267,12,255,1472
2024-05-02,Holyheld,51515.1595035133,103,32,4,28,706
2024-05-02,MetaMask,1276.0485809999998,9,3,0,3,28
2024-05-02,RedotPay,900014.5417977686,364,352,30,322,67863
2024-05-02,SafePal,1364.8993087600002,72,36,0,36,210
2024-05-03,Cypher,62297.034111987596,88,74,8,66,2047
2024-05-03,Gnosis,24607.253968770023,546,252,6,246,1478
2024-05-03,Holyheld,277559.890698,115,41,4,37,710
2024-05-03,MetaMask,155.425797,8,5,0,5,28
2024-05-03,RedotPay,1180007.7086205534,525,515,47,468,67910
2024-05-03,SafePal,3514.2065584999996,84,38,3,35,213
2024-05-04,Cypher,165977.73778701405,112,86,13,73,2060
2024-05-04,Gnosis,28835.24263798001,645,267,11,256,1489
2024-05-04,Holyheld,51912.14930268119,75,37,2,35,712
2024-05-04,MetaMask,48.328853,5,2,0,2,28
2024-05-04,RedotPay,1250011.6272889762,1161,1118,152,966,68062
2024-05-04,SafePal,3070.5110697599994,83,36,2,34,215
2024-05-05,Cypher,70477.10828839842,93,77,7,70,2067
2024-05-05,Gnosis,27245.98989407998,465,210,5,205,1494
2024-05-05,Holyheld,35722.574436999996,82,26,4,22,716
2024-05-05,MetaMask,193.42482,7,5,1,4,29
2024-05-05,RedotPay,1170016.2682329675,1199,1169,184,985,68246
2024-05-05,SafePal,1071.2863151999998,58,28,2,26,217
2024-05-06,Cypher,28480.600275389592,68,55,5,50,2072
2024-05-06,Gnosis,29162.430713100017,542,250,7,243,1501
2024-05-06,Holyheld,284685.717806603,139,43,10,33,726
2024-05-06,MetaMask,574.738979,6,5,0,5,29
2024-05-06,RedotPay,1142562.3379747479,957,942,152,790,68398
2024-05-06,SafePal,1997.2539264000004,59,32,3,29,220
2024-05-07,Cypher,34096.701507835176,74,68,8,60,2080
2024-05-07,Gnosis,24729.588806500018,563,252,13,239,1514
2024-05-07,Holyheld,79899.17617880277,91,33,7,26,733
2024-05-07,MetaMask,57.07301,3,3,0,3,29
2024-05-07,RedotPay,1260012.0730095208,1259,1221,226,995,68624
2024-05-07,SafePal,4588.383787,69,34,2,32,222
2024-05-08,Cypher,50040.8398443489,70,62,9,53,2089
2024-05-08,Gnosis,36556.870626149976,551,248,12,236,1526
2024-05-08,Holyheld,235321.14236746985,103,35,3,32,736
2024-05-08,MetaMask,217.55578999999994,6,5,1,4,30
2024-05-08,RedotPay,1200020.9672050981,870,859,145,714,68769
2024-05-08,SafePal,2168.23266515,49,24,1,23,223
2024-05-09,Cypher,109965.97868864679,83,73,14,59,2103
2024-05-09,Gnosis,20792.12594154001,448,230,8,222,1534
2024-05-09,Holyheld,99613.79981030001,81,38,2,36,738
2024-05-09,MetaMask,1118.085086,6,5,0,5,30
2024-05-09,RedotPay,2950017.205959418,2758,2709,731,1978,69500
2024-05-09,SafePal,1407.6976409499994,67,33,2,31,225
2024-05-10,Cypher,142881.26125070718,99,83,15,68,2118
2024-05-10,Gnosis,33394.236856539996,579,272,9,263,1543
2024-05-10,Holyheld,177392.80865295068,100,46,6,40,744
2024-05-10,MetaMask,322.29381100000006,11,5,0,5,30
2024-05-10,RedotPay,2230016.981260711,3154,3112,1194,1918,70694
2024-05-10,SafePal,3752.9870122499988,76,39,2,37,227
2024-05-11,Cypher,39325.32535887855,57,53,6,47,2124
2024-05-11,Gnosis,50307.570964049955,643,272,10,262,1553
2024-05-11,Holyheld,63548.55623632431,71,26,5,21,749
2024-05-11,MetaMask,1021.751983,19,5,1,4,31
2024-05-11,RedotPay,1367574.120528581,843,836,312,524,71006
2024-05-11,SafePal,1407.50256537,83,38,6,32,233
2024-05-12,Cypher,43533.44741014088,80,66,10,56,2134
2024-05-12,Gnosis,19624.91080591,464,217,2,215,1555
2024-05-12,Holyheld,33205.740847,68,32,3,29,752
2024-05-12,MetaMask,300.397683,10,4,0,4,31
2024-05-12,RedotPay,940014.8072186079,1072,1067,403,664,71409
2024-05-12,SafePal,2045.76743092,62,28,1,27,234
2024-05-13,Cypher,127842.0998555128,74,61,9,52,2143
2024-05-13,Gnosis,20349.86550985001,451,215,7,208,1562
2024-05-13,Holyheld,267353.70186308713,115,46,3,43,755
2024-05-13,MetaMask,159.20710300000002,12,5,0,5,31
2024-05-13,RedotPay,2000021.0816947534,2037,2010,728,1282,72137
2024-05-13,SafePal,1868.37445015,74,30,3,27,237
2024-05-14,Cypher,78841.871436029,84,72,8,64,2151
2024-05-14,Gnosis,26780.71752095002,510,252,7,245,1569
2024-05-14,Holyheld,206916.2425898532,108,48,5,43,760
2024-05-14,MetaMask,148.47018699999998,9,4,0,4,31
2024-05-14,RedotPay,1437395.565953829,1112,1094,558,536,72695
2024-05-14,SafePal,3857.420302999999,76,40,7,33,244
2024-05-15,Cypher,149849.08576331227,78,60,4,56,2155
2024-05-15,Gnosis,24168.035998900003,482,247,8,239,1577
2024-05-15,Holyheld,54283.7177607309,98,39,0,39,760
2024-05-15,MetaMask,161.177822,6,4,0,4,31
2024-05-15,RedotPay,940009.3365980389,702,677,63,614,72758
2024-05-15,SafePal,1865.4950750999994,72,36,3,33,247
2024-05-16,Cypher,67590.19401328888,85,74,11,63,2166
2024-05-16,Gnosis,29727.871208200006,527,256,9,247,1586
2024-05-16,Holyheld,105110.013164,97,36,7,29,767
2024-05-16,MetaMask,162.651432,5,3,0,3,31
2024-05-16,RedotPay,890009.5651482601,770,769,83,686,72841
2024-05-16,SafePal,2240.92042515,79,38,4,34,251
2024-05-17,Cypher,55739.868733680094,96,78,13,65,2179
2024-05-17,Gnosis,31243.52156091002,589,267,6,261,1592
2024-05-17,Holyheld,231395.70459701252,91,35,1,34,768
2024-05-17,MetaMask,280.95191700000004,11,4,0,4,31
2024-05-17,RedotPay,1173536.9279640012,695,689,86,603,72927
2024-05-17,SafePal,2820.1097525199984,80,43,1,42,252
2024-05-18,Cypher,30480.498432238004,68,63,11,52,2190
2024-05-18,Gnosis,43695.42747936003,620,277,5,272,1597
2024-05-18,Holyheld,47127.422514291065,74,26,2,24,770
2024-05-18,MetaMask,4.717032,1,1,0,1,31
2024-05-18,RedotPay,90007.20264295833,7,7,0,7,72927
2024-05-18,SafePal,3372.2578948200003,88,44,0,44,252
2024-05-19,Cypher,29938.958199222172,98,71,8,63,2198
2024-05-19,Gnosis,24392.377055820027,422,206,4,202,1601
2024-05-19,Holyheld,38664.37686211262,76,32,4,28,774
2024-05-19,MetaMask,117.34178600000001,8,3,1,2,32
2024-05-19,RedotPay,710008.2106694798,92,92,7,85,72934
2024-05-19,SafePal,1414.72050708,60,31,1,30,253
2024-05-20,Cypher,60380.503800257386,99,78,8,70,2206
2024-05-20,Gnosis,28466.36031947999,479,253,3,250,1604
2024-05-20,Holyheld,157966.33554174998,89,41,6,35,780
2024-05-20,MetaMask,86.26095200000002,8,5,0,5,32
2024-05-20,RedotPay,1995667.0316755238,1330,1325,298,1027,73232
2024-05-20,SafePal,3458.382343349999,80,38,0,38,253
2024-05-21,Cypher,56429.580608031414,76,64,6,58,2212
2024-05-21,Gnosis,33174.969367260026,564,274,11,263,1615
2024-05-21,Holyheld,92579.09674497203,107,30,3,27,783
2024-05-21,MetaMask,174.43320400000002,9,6,0,6,32
2024-05-21,RedotPay,1644523.7650915298,877,874,247,627,73479
2024-05-21,SafePal,5697.981104910001,87,46,4,42,257
2024-05-22,Cypher,108037.47449956415,82,71,9,62,2221
2024-05-22,Gnosis,32741.87709323996,624,296,11,285,1626
2024-05-22,Holyheld,286021.0455320671,116,50,8,42,791
2024-05-22,MetaMask,120.180201,6,4,0,4,32
2024-05-22,RedotPay,1580014.3199957756,604,594,100,494,73579
2024-05-22,SafePal,2773.59351195,71,47,1,46,258
2024-05-23,Cypher,123884.30627831217,91,80,8,72,2229
2024-05-23,Gnosis,26537.01415198001,579,286,26,260,1652
2024-05-23,Holyheld,58403.526104220015,87,30,7,23,798
2024-05-23,MetaMask,5183.974453,15,8,1,7,33
2024-05-23,RedotPay,2120023.3329276517,1957,1910,681,1229,74260
2024-05-23,SafePal,2360.905845479999,84,42,4,38,262
2024-05-24,Cypher,80728.57699218969,87,76,5,71,2234
2024-05-24,Gnosis,34622.792970890005,759,328,27,301,1679
2024-05-24,Holyheld,415961.1269842151,134,51,6,45,804
2024-05-24,MetaMask,880.743434,15,8,2,6,35
2024-05-24,RedotPay,1435259.9413882457,678,661,103,558,74363
2024-05-24,SafePal,4379.377730339998,87,44,2,42,264
2024-05-25,Cypher,59678.087272034754,98,78,13,65,2247
2024-05-25,Gnosis,37263.761885500084,742,324,21,303,1700
2024-05-25,Holyheld,79901.14243699997,90,31,4,27,808
2024-05-25,MetaMask,299.61826,12,6,0,6,35
2024-05-25,RedotPay,510006.85179354507,196,194,33,161,74396
2024-05-25,SafePal,5089.086761499998,93,45,3,42,267
2024-05-26,Cypher,64108.09914562,82,69,10,59,2257
2024-05-26,Gnosis,28143.70778999999,555,271,10,261,1710
2024-05-26,Holyheld,55510.64343473904,99,37,6,31,814
2024-05-26,MetaMask,74.48013499999999,3,3,0,3,35
2024-05-26,RedotPay,660002.0120000001,207,206,30,176,74426
2024-05-26,SafePal,2948.600603,62,32,1,31,268
2024-05-27,Cypher,34848.83394491003,78,67,10,57,2267
2024-05-27,Gnosis,27107.5211701,572,273,10,263,1720
2024-05-27,Holyheld,199964.2706109999,113,37,4,33,818
2024-05-27,MetaMask,135.141201,5,5,1,4,36
2024-05-27,RedotPay,5377334.672200087,6741,6562,3139,3423,77565
2024-05-27,SafePal,4125.250610000002,88,42,6,36,274
2024-05-28,Cypher,72498.12952059614,80,68,3,65,2270
2024-05-28,Gnosis,40516.26150100004,616,293,19,274,1739
2024-05-28,Holyheld,67488.48754643773,89,29,4,25,822
2024-05-28,MetaMask,1480.041718,2,2,0,2,36
2024-05-28,RedotPay,1642814.8402605006,3642,3523,1038,2485,78603
2024-05-28,SafePal,1917.68145378,78,39,4,35,278
2024-05-29,Cypher,123741.4521242274,79,64,6,58,2276
2024-05-29,Gnosis,43414.63239106994,723,320,21,299,1760
2024-05-29,Holyheld,238800.50231382865,91,35,3,32,825
2024-05-29,MetaMask,120.86111599999998,11,7,2,5,38
2024-05-29,RedotPay,1300019.2849691305,1725,1680,372,1308,78975
2024-05-29,SafePal,2199.089877530001,89,48,5,43,283
2024-05-30,Cypher,85934.70518080344,90,73,9,64,2285
2024-05-30,Gnosis,43601.36739964995,670,314,16,298,1776
2024-05-30,Holyheld,50915.735660001046,79,34,2,32,827
2024-05-30,MetaMask,63.111415,4,3,0,3,38
2024-05-30,RedotPay,3010614.3834365117,21004,20790,9885,10905,88860
2024-05-30,SafePal,5728.092384000001,82,44,5,39,288
2024-05-31,Cypher,55053.97606398238,121,95,16,79,2301
2024-05-31,Gnosis,58005.06838417998,759,329,11,318,1787
2024-05-31,Holyheld,186962.99232285,116,45,6,39,833
2024-05-31,MetaMask,652.646841,6,5,2,3,40
2024-05-31,RedotPay,1355374.6070416467,1367,1360,256,1104,89116
2024-05-31,SafePal,2079.4465860299997,69,45,4,41,292
2024-06-01,Cypher,152453.31560049846,112,92,9,83,2310
2024-06-01,Gnosis,62234.112896500024,860,329,9,320,1796
2024-06-01,Holyheld,21551.045801000004,58,22,1,21,834
2024-06-01,MetaMask,701.395741,11,8,1,7,41
2024-06-01,RedotPay,1033790.3754297203,201,199,26,173,89142
2024-06-01,SafePal,5966.880272499999,105,47,3,44,295
2024-06-02,Cypher,69733.2780893648,90,78,8,70,2318
2024-06-02,Gnosis,34947.26292000002,597,268,5,263,1801
2024-06-02,Holyheld,46544.04674649999,75,26,0,26,834
2024-06-02,MetaMask,0.0,0,0,0,0,41
2024-06-02,RedotPay,464912.3253375124,32,30,7,23,89149
2024-06-02,SafePal,5093.696096,78,44,1,43,296
2024-06-03,Cypher,46449.77980614498,105,91,13,78,2331
2024-06-03,Gnosis,35156.96596224998,670,330,18,312,1819
2024-06-03,Holyheld,223821.71560860003,112,49,8,41,842
2024-06-03,MetaMask,0.0,0,0,0,0,41
2024-06-03,RedotPay,3870903.997034812,2466,2411,360,2051,89509
2024-06-03,SafePal,2613.3373840000004,85,43,2,41,298
2024-06-04,Cypher,87779.58272727879,114,91,13,78,2344
2024-06-04,Gnosis,34033.19513994997,687,321,16,305,1835
2024-06-04,Holyheld,215889.62591601862,119,47,4,43,846
2024-06-04,MetaMask,2595.7208120000005,8,4,0,4,41
2024-06-04,RedotPay,2251373.860096817,3651,3609,674,2935,90183
2024-06-04,SafePal,4441.83576825,107,52,6,46,304
2024-06-05,Cypher,82021.72900261612,103,90,9,81,2353
2024-06-05,Gnosis,37695.08161749004,719,341,21,320,1856
2024-06-05,Holyheld,81747.5958741,91,23,3,20,849
2024-06-05,MetaMask,124.379902,6,5,0,5,41
2024-06-05,RedotPay,1933741.9508167019,2287,2232,400,1832,90583
2024-06-05,SafePal,4448.9939267,101,52,5,47,309
2024-06-06,Cypher,101797.88190979896,132,99,16,83,2369
2024-06-06,Gnosis,48493.351407719994,729,336,18,318,1874
2024-06-06,Holyheld,210206.05036697412,102,32,3,29,852
2024-06-06,MetaMask,187.35561799999996,8,5,0,5,41
2024-06-06,RedotPay,2100009.797767695,4589,4468,1009,3459,91592
2024-06-06,SafePal,9119.142083120003,120,59,16,43,325
2024-06-07,Cypher,35039.37826741158,86,79,7,72,2376
2024-06-07,Gnosis,41476.57029923996,745,355,13,342,1887
2024-06-07,Holyheld,109616.37489749774,101,41,8,33,860
2024-06-07,KAST,12.66930373958333,1,1,1,0,1
2024-06-07,MetaMask,1542.5288939999998,8,8,1,7,42
2024-06-07,RedotPay,1010004.8967906046,698,694,76,618,91668
2024-06-07,SafePal,8718.3861912,142,60,16,44,341
2024-06-08,Cypher,201344.83482271284,99,88,12,76,2388
2024-06-08,Gnosis,43914.262637999935,821,335,16,319,1903
2024-06-08,Holyheld,46582.55483399999,94,25,2,23,862
2024-06-08,KAST,0.0,0,0,0,0,1
2024-06-08,MetaMask,629.4723740000001,11,5,1,4,43
2024-06-08,RedotPay,200004.8361297083,9,8,4,4,91672
2024-06-08,SafePal,4665.8075243700005,113,52,6,46,347
2024-06-09,Cypher,20963.79060334113,85,74,4,70,2392
2024-06-09,Gnosis,25694.85799857995,607,287,5,282,1908
2024-06-09,Holyheld,29661.81682714946,69,29,2,27,864
2024-06-09,KAST,0.0,0,0,0,0,1
2024-06-09,MetaMask,86.477853,9,2,0,2,43
2024-06-09,RedotPay,0.0,0,0,0,0,91672
2024-06-09,SafePal,7417.510760020001,89,53,10,43,357
2024-06-10,Cypher,69625.10650397417,85,74,14,60,2406
2024-06-10,Gnosis,35002.02704277001,608,321,13,308,1921
2024-06-10,Holyheld,181027.7383078793,96,37,2,35,866
2024-06-10,KAST,0.0,0,0,0,0,1
2024-06-10,MetaMask,126.364376,3,3,0,3,43
2024-06-10,RedotPay,450014.8560064745,55,54,3,51,91675
2024-06-10,SafePal,4748.51214162,122,53,6,47,363
2024-06-11,Cypher,43224.414858455675,81,68,9,59,2415
2024-06-11,Gnosis,41250.01762689999,729,368,14,354,1935
2024-06-11,Holyheld,56990.023901473556,89,33,5,28,871
2024-06-11,KAST,0.0,0,0,0,0,1
2024-06-11,MetaMask,59.699664000000006,3,2,0,2,43
2024-06-11,RedotPay,4300009.987425886,2299,2292,250,2042,91925
2024-06-11,SafePal,3205.0755603,112,60,8,52,371
2024-06-12,Cypher,114291.52945852712,89,72,5,67,2420
2024-06-12,Gnosis,37470.32799403999,719,360,20,340,1955
2024-06-12,Holyheld,206037.2171468315,112,40,6,34,877
2024-06-12,KAST,0.0,0,0,0,0,1
2024-06-12,MetaMask,48.318627,2,1,0,1,43
2024-06-12,RedotPay,2200005.0067364764,11423,11302,4022,7280,95947
2024-06-12,SafePal,5881.348252559998,112,64,8,56,379
2024-06-13,Cypher,81588.71072323987,95,87,10,77,2430
2024-06-13,Gnosis,42615.09131098004,754,347,19,328,1974
2024-06-13,Holyheld,80692.24483643686,87,25,5,20,882
2024-06-13,KAST,0.0,0,0,0,0,1
2024-06-13,MetaMask,28.598357,2,2,1,1,44
2024-06-13,RedotPay,1700009.82866375,592,580,70,510,96017
2024-06-13,SafePal,2636.2325139199997,114,52,5,47,384
2024-06-14,Cypher,44203.72820494771,95,84,8,76,2438
2024-06-14,Gnosis,43336.19676278994,820,361,11,350,1985
2024-06-14,Holyheld,294625.55296177865,141,53,6,47,888
2024-06-14,KAST,0.0,0,0,0,0,1
2024-06-14,MetaMask,60.285785000000004,3,3,1,2,45
2024-06-14,RedotPay,2854381.764699715,2961,2915,557,2358,96574
2024-06-14,SafePal,5756.362981380002,135,58,6,52,390
2024-06-15,Cypher,123434.2996081796,97,81,7,74,2445
2024-06-15,Gnosis,47348.445969579996,915,376,17,359,2002
2024-06-15,Holyheld,36248.959299384886,105,26,1,25,889
2024-06-15,KAST,0.0,0,0,0,0,1
2024-06-15,MetaMask,133.365927,3,3,0,3,45
2024-06-15,RedotPay,100000.0,3,3,0,3,96574
2024-06-15,SafePal,4935.102697719997,140,57,7,50,397
2024-06-16,Cypher,101338.62871132637,70,60,5,55,2450
2024-06-16,Gnosis,34856.20875416998,671,304,5,299,2007
2024-06-16,Holyheld,44488.003742959016,78,33,3,30,892
2024-06-16,KAST,0.0,0,0,0,0,1
2024-06-16,MetaMask,65.063643,4,3,0,3,45
2024-06-16,RedotPay,1800014.7279307186,880,868,148,720,96722
2024-06-16,SafePal,3245.4626325000004,94,48,4,44,401
2024-06-17,Cypher,100230.68757696127,98,82,15,67,2465
2024-06-17,Gnosis,46726.16749830001,672,329,8,321,2015
2024-06-17,Holyheld,216288.51647533957,112,39,3,36,895
2024-06-17,KAST,0.0,0,0,0,0,1
2024-06-17,MetaMask,111.819584,2,2,1,1,46
2024-06-17,RedotPay,2071041.5855406306,2729,2679,492,2187,97214
2024-06-17,SafePal,5954.996845150002,129,60,10,50,411
2024-06-18,Cypher,41971.65101338141,78,65,14,51,2479
2024-06-18,Gnosis,53644.870942630005,749,368,15,353,2030
2024-06-18,Holyheld,67221.90117409766,107,39,1,38,896
2024-06-18,KAST,0.0,0,0,0,0,1
2024-06-18,MetaMask,205.125844,2,2,0,2,46
2024-06-18,RedotPay,2450025.214599173,11657,11643,4919,6724,102133
2024-06-18,SafePal,6899.4491712300005,150,65,9,56,420
2024-06-19,Cypher,41839.53970941767,79,70,15,55,2494
2024-06-19,Gnosis,44368.66739965006,861,386,30,356,2060
2024-06-19,Holyheld,181089.39296946875,118,40,2,38,898
2024-06-19,KAST,0.0,0,0,0,0,1
2024-06-19,MetaMask,948.758124,5,3,1,2,47
2024-06-19,RedotPay,2050019.7472355682,1032,1019,137,882,102270
2024-06-19,SafePal,3193.575385,154,70,9,61,429
2024-06-20,Cypher,145035.03596077775,122,98,7,91,2501
2024-06-20,Gnosis,40400.510759969984,806,375,19,356,2079
2024-06-20,Holyheld,50843.17687217001,96,26,3,23,901
2024-06-20,KAST,0.0,0,0,0,0,1
2024-06-20,MetaMask,0.0,0,0,0,0,47
2024-06-20,RedotPay,1395499.3813276452,564,560,50,510,102320
2024-06-20,SafePal,4910.686110899998,116,64,3,61,432
2024-06-21,Cypher,84933.08162237355,90,76,9,67,2510
2024-06-21,Gnosis,50447.61931798001,910,408,19,389,2098
2024-06-21,Holyheld,185686.60340535993,130,47,3,44,904
2024-06-21,KAST,0.0,0,0,0,0,1
2024-06-21,MetaMask,1036.378068,2,2,0,2,47
2024-06-21,RedotPay,3005223.042529969,3402,3356,552,2804,102872
2024-06-21,SafePal,6895.458927599998,169,68,4,64,436
2024-06-22,Cypher,63370.64118485547,97,79,10,69,2520
2024-06-22,Gnosis,46897.178578809915,959,404,14,390,2112
2024-06-22,Holyheld,74991.28445899997,99,38,3,35,907
2024-06-22,KAST,0.0,0,0,0,0,1
2024-06-22,MetaMask,265.65868200000006,11,5,1,4,48
2024-06-22,RedotPay,1052526.9544747253,226,223,17,206,102889
2024-06-22,SafePal,4094.9183879999996,147,71,5,66,441
2024-06-23,Cypher,74711.91166989022,101,78,2,76,2522
2024-06-23,Gnosis,38857.65790249996,699,325,6,319,2118
2024-06-23,Holyheld,43372.42963077961,85,34,1,33,908
2024-06-23,KAST,0.0,0,0,0,0,1
2024-06-23,MetaMask,788.911996,4,2,0,2,48
2024-06-23,RedotPay,204733.89829667303,50,50,14,36,102903
2024-06-23,SafePal,2441.760685000003,109,56,5,51,446
2024-06-24,Cypher,97966.4340081143,97,73,7,66,2529
2024-06-24,Gnosis,36700.89088577994,734,353,13,340,2131
2024-06-24,Holyheld,349886.2685957476,99,40,6,34,914
2024-06-24,KAST,0.0,0,0,0,0,1
2024-06-24,MetaMask,253.473548,2,2,0,2,48
2024-06-24,RedotPay,2950231.194780137,3106,3095,480,2615,103383
2024-06-24,SafePal,1908.3601797599997,98,57,7,50,453
2024-06-25,Cypher,136003.20215862335,110,88,10,78,2539
2024-06-25,Gnosis,44256.40256040007,782,371,11,360,2142
2024-06-25,Holyheld,148614.58444881858,97,38,5,33,919
2024-06-25,KAST,0.0,0,0,0,0,1
2024-06-25,MetaMask,0.0,0,0,0,0,48
2024-06-25,RedotPay,1400005.1950955212,870,852,61,791,103444
2024-06-25,SafePal,2977.388542939998,135,67,6,61,459
2024-06-26,Cypher,89056.23914725012,91,74,13,61,2552
2024-06-26,Gnosis,54415.76450536004,735,342,17,325,2159
2024-06-26,Holyheld,84469.78423800004,121,41,6,35,925
2024-06-26,KAST,0.0,0,0,0,0,1
2024-06-26,MetaMask,27.770343,2,1,0,1,48
2024-06-26,RedotPay,2317691.80677568,1598,1562,190,1372,103634
2024-06-26,SafePal,3184.5275538300007,158,68,6,62,465
2024-06-27,Cypher,64904.49385806954,114,100,13,87,2565
2024-06-27,Gnosis,36068.32751282997,741,360,21,339,2180
2024-06-27,Holyheld,56329.36703669929,96,41,4,37,929
2024-06-27,KAST,0.0,0,0,0,0,1
2024-06-27,MetaMask,548.399685,12,3,0,3,48
2024-06-27,RedotPay,2734166.9928819747,4590,4473,705,3768,104339
2024-06-27,SafePal,3845.1322862999964,125,58,5,53,470
2024-06-28,Cypher,86116.47817400174,119,100,11,89,2576
2024-06-28,Gnosis,41197.97079791998,849,398,25,373,2205
2024-06-28,Holyheld,317954.31395800004,136,51,9,42,938
2024-06-28,KAST,0.0,0,0,0,0,1
2024-06-28,MetaMask,263.954341,5,3,0,3,48
2024-06-28,RedotPay,2468521.879078843,4897,4839,957,3882,105296
2024-06-28,SafePal,7396.8207876000015,142,58,3,55,473
2024-06-29,Cypher,47388.82272922553,81,64,6,58,2582
2024-06-29,Gnosis,52956.35176089006,882,379,17,362,2222
2024-06-29,Holyheld,51234.63889970047,90,36,1,35,939
2024-06-29,KAST,0.0,0,0,0,0,1
2024-06-29,MetaMask,192.78911399999998,7,6,1,5,49
2024-06-29,RedotPay,700000.0000000008,1118,1118,116,1002,105412
2024-06-29,SafePal,3768.5685617999993,161,71,5,66,478
2024-06-30,Cypher,82125.56070562646,124,99,12,87,2594
2024-06-30,Gnosis,34739.23798580999,665,318,7,311,2229
2024-06-30,Holyheld,53801.33194030934,85,31,4,27,943
2024-06-30,KAST,0.0,0,0,0,0,1
2024-06-30,MetaMask,460.07847999999996,13,5,0,5,49
2024-06-30,RedotPay,1233954.9837806243,1138,1072,85,987,105497
2024-06-30,SafePal,3314.53720179,116,45,6,39,484
2024-07-01,Cypher,115670.12293847596,112,82,9,73,2603
2024-07-01,Gnosis,62051.079207200026,766,385,15,370,2244
2024-07-01,Holyheld,331553.85743799986,140,47,2,45,945
2024-07-01,KAST,54991.30815691667,19,19,19,0,20
2024-07-01,MetaMask,1669.8745700000002,6,4,1,3,50
2024-07-01,RedotPay,3304245.0939413705,3598,3569,648,2921,106145
2024-07-01,SafePal,10095.550825800003,137,52,2,50,486
2024-07-02,Cypher,96168.73638149438,122,89,15,74,2618
2024-07-02,Gnosis,66703.82575840002,822,393,16,377,2260
2024-07-02,Holyheld,60093.732971040234,111,45,4,41,949
2024-07-02,KAST,0.0,0,0,0,0,20
2024-07-02,MetaMask,136.340114,3,3,1,2,51
2024-07-02,RedotPay,2550010.95166309,7148,6954,1760,5194,107905
2024-07-02,SafePal,13438.579818299999,143,63,5,58,491
2024-07-03,Cypher,72837.45834089132,114,90,19,71,2637
2024-07-03,Gnosis,44447.65347549006,781,382,18,364,2278
2024-07-03,Holyheld,298602.92190773354,119,45,4,41,953
2024-07-03,KAST,9791.575581,9,9,9,0,29
2024-07-03,MetaMask,232.787306,6,3,0,3,51
2024-07-03,RedotPay,3350196.8397343266,13248,13153,5919,7234,113824
2024-07-03,SafePal,8285.049987200002,103,56,4,52,495
2024-07-04,Cypher,162886.8795998502,98,83,7,76,2644
2024-07-04,Gnosis,54338.53883310997,728,373,23,350,2301
2024-07-04,Holyheld,107542.67063655559,100,49,6,43,959
2024-07-04,KAST,0.0,0,0,0,0,29
2024-07-04,MetaMask,73.507356,5,5,1,4,52
2024-07-04,RedotPay,1900010.913609373,1893,1857,206,1651,114030
2024-07-04,SafePal,13195.321099649997,91,50,2,48,497
2024-07-05,Cypher,82596.98147440079,106,82,9,73,2653
2024-07-05,Gnosis,51449.57360185002,875,400,12,388,2313
2024-07-05,Holyheld,222052.42279805272,114,52,7,45,966
2024-07-05,KAST,0.0,0,0,0,0,29
2024-07-05,MetaMask,188.794426,8,3,0,3,52
2024-07-05,RedotPay,1918374.1053657464,1833,1807,466,1341,114496
2024-07-05,SafePal,9679.205314309995,95,55,3,52,500
2024-07-06,Cypher,45664.646710926456,80,69,6,63,2659
2024-07-06,Gnosis,53960.59699798004,946,397,12,385,2325
2024-07-06,Holyheld,44524.748161159645,97,40,5,35,971
2024-07-06,KAST,0.0,0,0,0,0,29
2024-07-06,MetaMask,213.389458,13,3,0,3,52
2024-07-06,RedotPay,1200010.8843402776,264,261,16,245,114512
2024-07-06,SafePal,4964.302269160001,140,67,3,64,503
2024-07-07,Cypher,30405.646215998022,89,75,4,71,2663
2024-07-07,Gnosis,45685.10403250004,820,353,11,342,2336
2024-07-07,Holyheld,44157.42054499999,76,23,0,23,971
2024-07-07,KAST,0.0,0,0,0,0,29
2024-07-07,MetaMask,360.428051,8,4,0,4,52
2024-07-07,RedotPay,1500005.510313423,832,806,54,752,114566
2024-07-07,SafePal,2707.7075684999995,79,39,5,34,508
2024-07-08,Cypher,55760.218487476646,83,70,7,63,2670
2024-07-08,Gnosis,35942.14825606996,782,369,15,354,2351
2024-07-08,Holyheld,249111.28046211487,110,47,4,43,975
2024-07-08,KAST,0.024001,1,1,1,0,30
2024-07-08,MetaMask,221.50508100000002,6,1,0,1,52
2024-07-08,RedotPay,2689327.839384142,2013,1973,237,1736,114803
2024-07-08,SafePal,3345.691856500001,85,44,1,43,509
2024-07-09,Cypher,59165.95556896019,77,68,10,58,2680
2024-07-09,Gnosis,63251.857629160055,869,396,17,379,2368
2024-07-09,Holyheld,129271.72637989181,97,32,6,26,981
2024-07-09,KAST,0.0,0,0,0,0,30
2024-07-09,MetaMask,165.21331400000003,6,4,0,4,52
2024-07-09,RedotPay,2950016.4374173996,8343,8200,1427,6773,116230
2024-07-09,SafePal,5576.868229100001,107,52,5,47,514
2024-07-10,Cypher,89855.54128707721,92,72,7,65,2687
2024-07-10,Gnosis,36722.056529539994,843,394,14,380,2382
2024-07-10,Holyheld,292173.31602600374,137,54,8,46,989
2024-07-10,KAST,0.0,0,0,0,0,30
2024-07-10,MetaMask,58.830618,7,3,0,3,52
2024-07-10,RedotPay,2240029.8741242937,3457,3415,548,2867,116778
2024-07-10,SafePal,4087.326614999998,112,55,6,49,520
2024-07-11,Cypher,132816.86335837207,92,78,5,73,2692
2024-07-11,Gnosis,41063.93310601997,934,404,16,388,2398
2024-07-11,Holyheld,58953.92954468077,111,39,5,34,994
2024-07-11,KAST,0.0,0,0,0,0,30
2024-07-11,MetaMask,2151.0579570000004,15,2,0,2,52
2024-07-11,RedotPay,2493675.537946574,3307,3268,483,2785,117261
2024-07-11,SafePal,4377.270346459999,107,53,5,48,525
2024-07-12,Cypher,54832.7766112173,89,70,15,55,2707
2024-07-12,Gnosis,49511.697375809934,924,416,13,403,2411
2024-07-12,Holyheld,225560.3144872623,136,50,7,43,1001
2024-07-12,KAST,0.0,0,0,0,0,30
2024-07-12,MetaMask,184.32473099999999,10,4,0,4,52
2024-07-12,RedotPay,1000005.7201973544,201,201,6,195,117267
2024-07-12,SafePal,4683.220458930001,123,56,3,53,528
2024-07-13,Cypher,35283.04975031055,96,81,11,70,2718
2024-07-13,Gnosis,47460.26145288995,949,400,16,384,2427
2024-07-13,Holyheld,44581.931731611854,103,35,0,35,1001
2024-07-13,KAST,0.0,0,0,0,0,30
2024-07-13,MetaMask,468.2702300000001,13,4,0,4,52
2024-07-13,RedotPay,1000005.8785103748,118,117,5,112,117272
2024-07-13,SafePal,3319.819276499998,128,57,5,52,533
2024-07-14,Cypher,54414.1736469719,76,65,7,58,2725
2024-07-14,Gnosis,32801.425943859984,717,338,13,325,2440
2024-07-14,Holyheld,51558.00069640773,88,32,3,29,1004
2024-07-14,KAST,0.0,0,0,0,0,30
2024-07-14,MetaMask,868.2616049999999,8,3,0,3,52
2024-07-14,RedotPay,3344001.034429347,1767,1714,208,1506,117480
2024-07-14,SafePal,3150.455044999999,96,50,3,47,536
2024-07-15,Cypher,82271.29307733342,88,79,10,69,2735
2024-07-15,Gnosis,65403.352157589914,881,413,20,393,2460
2024-07-15,Holyheld,397853.7203515031,117,47,4,43,1008
2024-07-15,KAST,0.0,0,0,0,0,30
2024-07-15,MetaMask,180.66575,8,5,0,5,52
2024-07-15,RedotPay,2206918.0871561402,5566,5368,700,4668,118180
2024-07-15,SafePal,6624.345813490001,104,47,2,45,538
2024-07-16,Cypher,151765.33829990236,104,81,14,67,2749
2024-07-16,Gnosis,56804.15729671996,787,416,15,401,2475
2024-07-16,Holyheld,120770.44487227961,116,44,1,43,1009
2024-07-16,KAST,25565.816379999997,13,13,10,3,40
2024-07-16,MetaMask,131.647084,2,2,0,2,52
2024-07-16,RedotPay,2623168.87032865,1788,1772,247,1525,118427
2024-07-16,SafePal,3558.925988799999,115,46,1,45,539
2024-07-17,Cypher,53363.68458038707,113,100,13,87,2762
2024-07-17,Gnosis,63905.49921715011,792,406,12,394,2487
2024-07-17,Holyheld,238146.44968855262,107,35,4,31,1013
2024-07-17,KAST,0.0,0,0,0,0,40
2024-07-17,MetaMask,154.720509,5,3,1,2,53
2024-07-17,RedotPay,2434576.545606882,3276,3234,506,2728,118933
2024-07-17,SafePal,5073.9417069,94,51,1,50,540
2024-07-18,Cypher,60310.25370346294,77,60,5,55,2767
2024-07-18,Gnosis,22591.641751129984,295,190,10,180,2497
2024-07-18,Holyheld,94535.52910617364,121,38,4,34,1017
2024-07-18,KAST,41462.50712240972,28,28,19,9,59
2024-07-18,MetaMask,133.438695,6,4,0,4,53
2024-07-18,RedotPay,3002897.0077795787,5037,5014,1051,3963,119984
2024-07-18,SafePal,7233.300634499992,116,44,1,43,541
2024-07-19,Cypher,84173.15270030587,96,77,4,73,2771
2024-07-19,Gnosis,57608.66712707994,884,413,16,397,2513
2024-07-19,Holyheld,166201.06801948673,126,48,3,45,1020
2024-07-19,KAST,40.895203,14,7,7,0,66
2024-07-19,MetaMask,153.421194,7,6,1,5,54
2024-07-19,RedotPay,2203474.2261848403,2980,2957,405,2552,120389
2024-07-19,SafePal,4886.36336175,115,52,3,49,544
2024-07-20,Cypher,56147.4656896743,93,74,6,68,2777
2024-07-20,Gnosis,49458.04110109995,872,382,10,372,2523
2024-07-20,Holyheld,60288.772965449985,113,32,2,30,1022
2024-07-20,KAST,50.0,1,1,1,0,67
2024-07-20,MetaMask,3267.2837249999993,16,7,0,7,54
2024-07-20,RedotPay,1955060.9328476686,324,320,21,299,120410
2024-07-20,SafePal,4911.684808589999,120,47,0,47,544
2024-07-21,Cypher,59378.14508005942,79,68,6,62,2783
2024-07-21,Gnosis,54850.29239033998,741,365,7,358,2530
2024-07-21,Holyheld,29668.331342104164,94,34,3,31,1025
2024-07-21,KAST,0.0,0,0,0,0,67
2024-07-21,MetaMask,147.373006,7,3,0,3,54
2024-07-21,RedotPay,2900022.8364566895,2627,2525,275,2250,120685
2024-07-21,SafePal,3971.9993520000007,119,53,2,51,546
2024-07-22,Cypher,99484.10143581088,111,85,5,80,2788
2024-07-22,Gnosis,51209.24879811997,842,416,19,397,2549
2024-07-22,Holyheld,222588.29421411085,126,49,2,47,1027
2024-07-22,KAST,0.0,0,0,0,0,67
2024-07-22,MetaMask,177.744004,9,5,1,4,55
2024-07-22,RedotPay,1954909.4599686442,5490,5428,933,4495,121618
2024-07-22,SafePal,2978.881983000001,110,52,1,51,547
2024-07-23,Cypher,103198.03047245885,109,80,9,71,2797
2024-07-23,Gnosis,55022.29963377999,874,412,9,403,2558
2024-07-23,Holyheld,93524.54062695532,115,46,3,43,1030
2024-07-23,KAST,62.32999999999999,11,4,3,1,70
2024-07-23,MetaMask,175.60775,4,3,0,3,55
2024-07-23,RedotPay,2785584.5908824177,8574,8241,1889,6352,123507
2024-07-23,SafePal,1886.05448714,97,50,5,45,552
2024-07-24,Cypher,91742.62162667862,94,82,8,74,2805
2024-07-24,Gnosis,54163.33087783005,928,440,17,423,2575
2024-07-24,Holyheld,294944.50677639997,127,46,6,40,1036
2024-07-24,KAST,104.76,10,5,2,3,72
2024-07-24,MetaMask,64.688567,6,2,0,2,55
2024-07-24,RedotPay,2400017.1362827015,8083,7990,2592,5398,126099
2024-07-24,SafePal,3221.105195200001,116,46,2,44,554
2024-07-25,Cypher,81635.18832177311,93,76,12,64,2817
2024-07-25,Gnosis,63718.16031776005,858,433,10,423,2585
2024-07-25,Holyheld,66408.92961233952,105,41,2,39,1038
2024-07-25,KAST,201.66000000000003,10,3,0,3,72
2024-07-25,MetaMask,12.819474,4,2,0,2,55
2024-07-25,RedotPay,4363557.412753674,2569,2370,317,2053,126416
2024-07-25,SafePal,7949.722699200001,143,67,3,64,557
2024-07-26,Cypher,51306.08729365685,100,82,7,75,2824
2024-07-26,Gnosis,58425.95965285986,926,416,6,410,2591
2024-07-26,Holyheld,210150.82857083922,118,49,2,47,1040
2024-07-26,KAST,71252.8127335278,45,39,19,20,91
2024-07-26,MetaMask,1109.920716320556,18,7,2,5,57
2024-07-26,RedotPay,1042497.93653532,6354,6348,1772,4576,128188
2024-07-26,SafePal,5134.1195394700035,138,58,2,56,559
2024-07-27,Cypher,58953.999046594996,107,88,10,78,2834
2024-07-27,Gnosis,55547.73320069997,902,402,14,388,2605
2024-07-27,Holyheld,49249.2012883687,92,30,3,27,1043
2024-07-27,KAST,122.7719,2,2,2,0,93
2024-07-27,MetaMask,449.8725509482639,18,5,0,5,57
2024-07-27,RedotPay,600005.7725945417,165,165,5,160,128193
2024-07-27,SafePal,5368.682350350001,177,55,2,53,561
2024-07-28,Cypher,55929.35171671636,78,62,6,56,2840
2024-07-28,Gnosis,31646.646875500006,698,331,2,329,2607
2024-07-28,Holyheld,33486.107512,73,38,4,34,1047
2024-07-28,KAST,1649.8,2,2,0,2,93
2024-07-28,MetaMask,204.45025500000003,13,3,0,3,57
2024-07-28,RedotPay,800000.0554000004,575,525,23,502,128216
2024-07-28,SafePal,1726.4485575,95,44,1,43,562
2024-07-29,Cypher,225859.93308513143,129,108,12,96,2852
2024-07-29,Gnosis,48182.712810179946,789,378,7,371,2614
2024-07-29,Holyheld,180683.2512778696,120,47,0,47,1047
2024-07-29,KAST,309.0,3,3,2,1,95
2024-07-29,MetaMask,330.5786300106596,10,5,0,5,57
2024-07-29,RedotPay,4800035.053045932,4183,4043,462,3581,128678
2024-07-29,SafePal,2897.615597659998,127,59,3,56,565
2024-07-30,Cypher,68414.4796261019,97,77,5,72,2857
2024-07-30,Gnosis,51456.219349459985,836,392,5,387,2619
2024-07-30,Holyheld,56827.24544220109,101,39,4,35,1051
2024-07-30,KAST,49.39,8,4,1,3,96
2024-07-30,MetaMask,426.455747928125,16,7,0,7,57
2024-07-30,RedotPay,2519466.4195277942,4627,4569,710,3859,129388
2024-07-30,SafePal,2642.8642721599995,119,43,2,41,567
2024-07-31,Cypher,96209.04940831568,116,78,7,71,2864
2024-07-31,Exa,0.16,2,1,1,0,1
2024-07-31,Gnosis,54497.48007238003,824,383,7,376,2626
2024-07-31,Holyheld,311147.2092601063,141,59,5,54,1056
2024-07-31,KAST,10219.476863,11,7,4,3,100
2024-07-31,MetaMask,122.56514455277781,11,7,0,7,57
2024-07-31,RedotPay,3398875.5648990977,5220,5114,1199,3915,130587
2024-07-31,SafePal,4768.247328119999,135,56,2,54,569
2024-08-01,Cypher,189148.36281326663,149,90,10,80,2874
2024-08-01,Exa,0.24,3,1,0,1,1
2024-08-01,Gnosis,56101.685603579965,901,391,7,384,2633
2024-08-01,Holyheld,93434.94631406457,104,36,5,31,1061
2024-08-01,KAST,99.8,1,1,1,0,101
2024-08-01,MetaMask,1308.649683351667,9,4,0,4,57
2024-08-01,RedotPay,2956455.1149925445,4941,4676,467,4209,131054
2024-08-01,SafePal,15410.02348349999,119,51,2,49,571
2024-08-02,Cypher,129309.8139876275,128,84,15,69,2889
2024-08-02,Exa,0.0,0,0,0,0,1
2024-08-02,Gnosis,63856.281706140086,908,399,13,386,2646
2024-08-02,Holyheld,290295.806408649,110,54,6,48,1067
2024-08-02,KAST,237129.495994,21,21,11,10,112
2024-08-02,MetaMask,557.0187322510417,15,7,1,6,58
2024-08-02,RedotPay,3355279.8672031644,5282,5192,1465,3727,132519
2024-08-02,SafePal,11744.610862500002,128,50,3,47,574
2024-08-03,Cypher,42100.90405572849,123,80,10,70,2899
2024-08-03,Exa,0.0,0,0,0,0,1
2024-08-03,Gnosis,62762.14602600004,936,402,8,394,2654
2024-08-03,Holyheld,41895.92561536206,82,30,3,27,1070
2024-08-03,KAST,1213.51,3,3,0,3,112
2024-08-03,MetaMask,274.57086946083336,5,3,0,3,58
2024-08-03,RedotPay,2109226.5469186082,3326,3306,462,2844,132981
2024-08-03,SafePal,7126.172275000002,111,49,0,49,574
2024-08-04,Cypher,61194.04252349199,122,70,9,61,2908
2024-08-04,Exa,0.0,0,0,0,0,1
2024-08-04,Gnosis,36013.137245580016,703,333,3,330,2657
2024-08-04,Holyheld,43039.762958299354,65,29,1,28,1071
2024-08-04,KAST,780.54,4,3,3,0,115
2024-08-04,MetaMask,172.07486278020843,5,3,0,3,58
2024-08-04,RedotPay,2000011.1771275993,1202,1158,59,1099,133040
2024-08-04,SafePal,2379.0306657000006,88,36,0,36,574
2024-08-05,Cypher,92329.51563227767,110,66,4,62,2912
2024-08-05,Exa,0.0,0,0,0,0,1
2024-08-05,Gnosis,52865.344826350076,782,356,7,349,2664
2024-08-05,Holyheld,312984.9291868845,108,53,2,51,1073
2024-08-05,KAST,99243.65031402776,37,32,14,18,129
2024-08-05,MetaMask,471.64810797722214,15,8,0,8,58
2024-08-05,RedotPay,2600104.6178399036,4774,4688,656,4032,133696
2024-08-05,SafePal,1877.3427519599988,84,44,1,43,575
2024-08-06,Cypher,55543.91917467402,142,86,12,74,2924
2024-08-06,Exa,0.0,0,0,0,0,1
2024-08-06,Gnosis,66985.14930880007,737,375,1,374,2665
2024-08-06,Holyheld,172066.936097368,101,47,5,42,1078
2024-08-06,KAST,225092.479424,23,18,12,6,141
2024-08-06,MetaMask,2786.6237085059365,23,7,0,7,58
2024-08-06,RedotPay,2600015.634317088,7382,7302,1842,5460,135538
2024-08-06,SafePal,4634.028134400001,89,47,0,47,575
2024-08-07,Cypher,165074.05837651546,107,71,7,64,2931
2024-08-07,Exa,0.0,0,0,0,0,1
2024-08-07,Gnosis,62944.02083259007,775,371,4,367,2669
2024-08-07,Holyheld,411507.48052700015,118,51,6,45,1084
2024-08-07,KAST,231672.227879,9,6,1,5,142
2024-08-07,MetaMask,1280.371765,21,6,0,6,58
2024-08-07,RedotPay,2800015.8622844527,4243,4180,793,3387,136331
2024-08-07,SafePal,5012.7461142,94,39,2,37,577
2024-08-08,Cypher,104469.64760505591,126,92,12,80,2943
2024-08-08,Exa,0.0,0,0,0,0,1
2024-08-08,Gnosis,61829.099580010006,753,358,7,351,2676
2024-08-08,Holyheld,140678.33343199998,88,29,2,27,1086
2024-08-08,Karta,210100.0,1,1,1,0,1
2024-08-08,KAST,409.8,2,2,1,1,143
2024-08-08,MetaMask,281.8032349999999,15,6,0,6,58
2024-08-08,RedotPay,2550016.0291842227,2854,2815,285,2530,136616
2024-08-08,SafePal,5554.508731940002,94,47,2,45,579
2024-08-09,Cypher,37259.64975671664,102,80,13,67,2956
2024-08-09,Exa,0.0,0,0,0,0,1
2024-08-09,Gnosis,43789.920524669986,840,374,11,363,2687
2024-08-09,Holyheld,344812.1660104244,100,36,1,35,1087
2024-08-09,Karta,0.0,0,0,0,0,1
2024-08-09,KAST,304.62,5,3,0,3,143
2024-08-09,MetaMask,2115.4978417632287,23,12,2,10,60
2024-08-09,RedotPay,3031709.2058066563,1420,1409,179,1230,136795
2024-08-09,SafePal,3163.0251050000006,87,47,1,46,580
2024-08-10,Cypher,48257.21510080151,117,91,11,80,2967
2024-08-10,Exa,0.0,0,0,0,0,1
2024-08-10,Gnosis,46031.38758483002,835,369,4,365,2691
2024-08-10,Holyheld,44851.31570295339,83,41,4,37,1091
2024-08-10,Karta,0.0,0,0,0,0,1
2024-08-10,KAST,79199.776346,14,14,7,7,150
2024-08-10,MetaMask,1145.3709658074993,45,12,4,8,64
2024-08-10,RedotPay,2400016.370104945,413,405,61,344,136856
2024-08-10,SafePal,3611.49667593,91,42,2,40,582
2024-08-11,Cypher,45932.83578614457,96,70,9,61,2976
2024-08-11,Exa,0.0,0,0,0,0,1
2024-08-11,Gnosis,38377.01874915008,672,327,3,324,2694
2024-08-11,Holyheld,67571.49485635797,79,28,3,25,1094
2024-08-11,Karta,0.0,0,0,0,0,1
2024-08-11,KAST,577.52,2,2,1,1,151
2024-08-11,MetaMask,1019.8494833234729,52,12,0,12,64
2024-08-11,RedotPay,2231681.6510115694,665,659,131,528,136987
2024-08-11,SafePal,1448.4481624999996,65,33,2,31,584
2024-08-12,Cypher,45872.80964734823,95,69,3,66,2979
2024-08-12,Exa,0.0,0,0,0,0,1
2024-08-12,Gnosis,60452.48090032006,818,386,10,376,2704
2024-08-12,Holyheld,374179.685142,119,54,3,51,1097
2024-08-12,Karta,0.0,0,0,0,0,1
2024-08-12,KAST,3089.9,3,3,2,1,153
2024-08-12,MetaMask,468.523070160833,28,12,1,11,65
2024-08-12,RedotPay,2800002.9826598293,2571,2457,233,2224,137220
2024-08-12,SafePal,2874.3434632000008,88,39,3,36,587
2024-08-13,Cypher,82747.35461460099,102,82,12,70,2991
2024-08-13,Exa,0.0,0,0,0,0,1
2024-08-13,Gnosis,53374.26955491996,790,376,9,367,2713
2024-08-13,Holyheld,77791.030059,107,45,8,37,1105
2024-08-13,Karta,0.0,0,0,0,0,1
2024-08-13,KAST,66.294063,2,2,1,1,154
2024-08-13,MetaMask,513.130396876944,25,13,0,13,65
2024-08-13,RedotPay,2120005.4026290774,1907,1866,270,1596,137490
2024-08-13,SafePal,2929.8983685300004,94,44,1,43,588
2024-08-14,Cypher,80135.16792895777,99,74,9,65,3000
2024-08-14,Exa,0.0,0,0,0,0,1
2024-08-14,Gnosis,54055.34284173005,817,392,13,379,2726
2024-08-14,Holyheld,356825.5040230001,132,51,4,47,1109
2024-08-14,Karta,0.0,0,0,0,0,1
2024-08-14,KAST,19999.9,1,1,0,1,154
2024-08-14,MetaMask,358.4161631557987,14,9,2,7,67
2024-08-14,RedotPay,2800016.496395784,2217,2184,307,1877,137797
2024-08-14,SafePal,3395.4438439999994,97,47,1,46,589
2024-08-15,Cypher,105706.8392715419,99,71,5,66,3005
2024-08-15,Exa,0.0,0,0,0,0,1
2024-08-15,Gnosis,45293.30300199997,706,333,4,329,2730
2024-08-15,Holyheld,55358.055752517655,91,31,4,27,1113
2024-08-15,Karta,0.0,0,0,0,0,1
2024-08-15,KAST,1440.28,4,3,2,1,156
2024-08-15,MetaMask,499.0756103305555,20,12,2,10,69
2024-08-15,RedotPay,3985317.962378262,14614,14288,3039,11249,140836
2024-08-15,SafePal,3061.7748270000006,88,40,2,38,591
2024-08-16,Cypher,61719.39400098943,114,75,7,68,3012
2024-08-16,Exa,0.0,0,0,0,0,1
2024-08-16,Gnosis,49702.91276946995,792,364,9,355,2739
2024-08-16,Holyheld,228710.5370966474,122,47,3,44,1116
2024-08-16,Karta,0.0,0,0,0,0,1
2024-08-16,KAST,142972.44146899998,26,25,6,19,162
2024-08-16,MetaMask,1554.4041834765628,47,30,21,9,90
2024-08-16,RedotPay,2104037.138389183,3740,3712,706,3006,141542
2024-08-16,SafePal,1984.84313454,83,42,0,42,591
2024-08-17,Cypher,82902.95001039977,129,97,10,87,3022
2024-08-17,Exa,0.0,0,0,0,0,1
2024-08-17,Gnosis,48048.979258260006,852,394,5,389,2744
2024-08-17,Holyheld,37665.571480000006,80,33,3,30,1119
2024-08-17,Karta,0.0,0,0,0,0,1
2024-08-17,KAST,999.9,1,1,1,0,163
2024-08-17,MetaMask,1565.5327756372224,65,36,19,17,109
2024-08-17,RedotPay,1098223.016110789,414,410,54,356,141596
2024-08-17,SafePal,1387.2000935,76,32,2,30,593
2024-08-18,Cypher,43181.21048801667,98,71,12,59,3034
2024-08-18,Exa,0.0,0,0,0,0,1
2024-08-18,Gnosis,37973.43286095997,619,303,8,295,2752
2024-08-18,Holyheld,47634.552775000004,86,31,2,29,1121
2024-08-18,Karta,0.0,0,0,0,0,1
2024-08-18,KAST,0.0,0,0,0,0,163
2024-08-18,MetaMask,1317.870284886875,64,32,15,17,124
2024-08-18,RedotPay,3552855.6331401737,1804,1741,256,1485,141852
2024-08-18,SafePal,1915.7854475000006,79,34,1,33,594
2024-08-19,Cypher,54065.94360676699,103,76,9,67,3043
2024-08-19,Exa,0.0,0,0,0,0,1
2024-08-19,Gnosis,55658.94693303997,760,376,14,362,2766
2024-08-19,Holyheld,424489.94383789063,127,50,2,48,1123
2024-08-19,Karta,0.0,0,0,0,0,1
2024-08-19,KAST,41.2,3,3,2,1,165
2024-08-19,MetaMask,2520.2354234738896,71,38,21,17,145
2024-08-19,RedotPay,2252268.0083010565,2581,2536,331,2205,142183
2024-08-19,SafePal,2849.8817390800004,96,46,1,45,595
2024-08-20,Cypher,59976.36157744556,116,83,10,73,3053
2024-08-20,Exa,0.0,0,0,0,0,1
2024-08-20,Gnosis,62192.40043745999,730,356,3,353,2769
2024-08-20,Holyheld,355256.57915253314,142,49,6,43,1129
2024-08-20,Karta,0.0,0,0,0,0,1
2024-08-20,KAST,334.4390405277781,12,11,9,2,174
2024-08-20,MetaMask,2907.0979240458346,61,35,15,20,160
2024-08-20,RedotPay,2232659.413379522,5447,5268,712,4556,142895
2024-08-20,SafePal,4060.68111422,109,47,2,45,597
2024-08-21,Cypher,244013.33302327478,105,78,14,64,3067
2024-08-21,Exa,0.0,0,0,0,0,1
2024-08-21,Gnosis,57943.74836382,787,363,8,355,2777
2024-08-21,Holyheld,92060.66485240142,84,27,3,24,1132
2024-08-21,Karta,0.0,0,0,0,0,1
2024-08-21,KAST,74.331599,4,4,3,1,177
2024-08-21,MetaMask,2186.989221982049,79,46,18,28,178
2024-08-21,RedotPay,2824174.140291707,1803,1782,160,1622,143055
2024-08-21,SafePal,2142.280764,95,41,0,41,597
2024-08-22,Cypher,95234.48832800702,120,81,12,69,3079
2024-08-22,Exa,0.0,0,0,0,0,1
2024-08-22,Gnosis,49790.55177465997,819,373,7,366,2784
2024-08-22,Holyheld,267184.40635079937,105,49,4,45,1136
2024-08-22,Karta,0.0,0,0,0,0,1
2024-08-22,KAST,213364.4640538221,153,149,121,28,298
2024-08-22,MetaMask,963.3465602256944,81,43,13,30,191
2024-08-22,RedotPay,3193283.8695614235,12627,12226,2554,9672,145609
2024-08-22,SafePal,1757.8318130999996,96,46,4,42,601
2024-08-23,Cypher,29880.349188336637,89,70,5,65,3084
2024-08-23,Exa,0.0,0,0,0,0,1
2024-08-23,Gnosis,58404.69982242002,899,381,9,372,2793
2024-08-23,Holyheld,348400.9328519218,107,47,4,43,1140
2024-08-23,Karta,0.0,0,0,0,0,1
2024-08-23,KAST,181.79120200000003,3,3,0,3,298
2024-08-23,MetaMask,1852.0042176137501,78,44,6,38,197
2024-08-23,RedotPay,3014871.324775826,1392,1372,144,1228,145753
2024-08-23,SafePal,2624.55222765,94,54,3,51,604
2024-08-24,Cypher,30142.303122721063,85,74,5,69,3089
2024-08-24,Exa,0.0,0,0,0,0,1
2024-08-24,Gnosis,68620.85557855987,964,420,13,407,2806
2024-08-24,Holyheld,29694.201552999984,87,33,0,33,1140
2024-08-24,Karta,0.0,0,0,0,0,1
2024-08-24,KAST,7.78,1,1,1,0,299
2024-08-24,MetaMask,1375.2962771911116,55,36,6,30,203
2024-08-24,RedotPay,2979955.141065011,1027,979,97,882,145850
2024-08-24,SafePal,5126.141720999996,117,56,3,53,607
2024-08-25,Cypher,46980.057789184364,90,72,3,69,3092
2024-08-25,Exa,0.0,0,0,0,0,1
2024-08-25,Gnosis,43122.78736561011,702,325,1,324,2807
2024-08-25,Holyheld,59653.15907692141,86,31,6,25,1146
2024-08-25,Karta,0.0,0,0,0,0,1
2024-08-25,KAST,552.0,5,3,1,2,300
2024-08-25,MetaMask,2542.164509843889,55,27,3,24,206
2024-08-25,RedotPay,1650013.6792688072,1348,1340,319,1021,146169
2024-08-25,SafePal,1744.2372106700002,62,37,1,36,608
2024-08-26,Cypher,88988.5515034297,120,84,3,81,3095
2024-08-26,Exa,0.0,0,0,0,0,1
2024-08-26,Gnosis,40529.177664879986,818,390,11,379,2818
2024-08-26,Holyheld,83708.31063591699,98,40,4,36,1150
2024-08-26,Karta,0.0,0,0,0,0,1
2024-08-26,KAST,254.052638,7,6,3,3,303
2024-08-26,MetaMask,1532.166479484167,46,26,3,23,209
2024-08-26,RedotPay,3234569.739301864,5245,5086,682,4404,146851
2024-08-26,SafePal,2319.8571555000003,79,44,2,42,610
2024-08-27,Cypher,67286.62718673494,121,86,11,75,3106
2024-08-27,Exa,0.0,0,0,0,0,1
2024-08-27,Gnosis,54955.366177300006,846,393,18,375,2836
2024-08-27,Holyheld,270472.7265179996,110,42,2,40,1152
2024-08-27,Karta,0.0,0,0,0,0,1
2024-08-27,KAST,93.82618399999998,11,6,4,2,307
2024-08-27,MetaMask,1100.7383979510414,54,28,3,25,212
2024-08-27,RedotPay,2800832.376849124,5533,5517,1038,4479,147889
2024-08-27,SafePal,3012.389026950001,98,42,2,40,612
2024-08-28,Cypher,38947.98342756711,105,72,3,69,3109
2024-08-28,Exa,0.0,0,0,0,0,1
2024-08-28,Gnosis,61017.973218240026,833,389,7,382,2843
2024-08-28,Holyheld,77581.23395491335,96,35,2,33,1154
2024-08-28,Karta,132400.0,1,1,0,1,1
2024-08-28,KAST,499.886083,15,12,3,9,310
2024-08-28,MetaMask,1992.9259819999997,67,28,8,20,220
2024-08-28,RedotPay,3560040.2012026473,2753,2724,461,2263,148350
2024-08-28,SafePal,3383.3649852200006,110,49,5,44,617
2024-08-29,Cypher,81088.21367684692,104,79,5,74,3114
2024-08-29,Exa,0.0,0,0,0,0,1
2024-08-29,Gnosis,53408.38414310003,901,400,14,386,2857
2024-08-29,Holyheld,54607.540358265716,95,28,2,26,1156
2024-08-29,Karta,0.0,0,0,0,0,1
2024-08-29,KAST,202.115746,7,6,1,5,311
2024-08-29,MetaMask,7217.8277534595845,76,43,14,29,234
2024-08-29,RedotPay,2850020.266180931,3673,3491,405,3086,148755
2024-08-29,SafePal,4784.625201,89,50,1,49,618
2024-08-30,Cypher,115069.24765411399,123,76,7,69,3121
2024-08-30,Exa,0.0,0,0,0,0,1
2024-08-30,Gnosis,54892.37304749993,849,393,10,383,2867
2024-08-30,Holyheld,251816.10310944237,106,45,2,43,1158
2024-08-30,Karta,0.0,0,0,0,0,1
2024-08-30,KAST,2061.357125,13,7,3,4,314
2024-08-30,MetaMask,3590.265310291669,81,43,15,28,249
2024-08-30,RedotPay,2550285.1020838004,1707,1678,223,1455,148978
2024-08-30,SafePal,2139.1655723999997,120,51,1,50,619
2024-08-31,Cypher,72387.88016450252,102,79,3,76,3124
2024-08-31,Exa,34.35,1,1,1,0,2
2024-08-31,Gnosis,46639.841714659975,962,405,11,394,2878
2024-08-31,Holyheld,46581.514454523174,96,41,3,38,1161
2024-08-31,Karta,0.0,0,0,0,0,1
2024-08-31,KAST,10585.865113999998,8,7,2,5,316
2024-08-31,MetaMask,1673.8915983450001,88,48,14,34,263
2024-08-31,RedotPay,2700013.423029221,1247,1211,98,1113,149076
2024-08-31,SafePal,3872.9259942900017,125,54,2,52,621
2024-09-01,Cypher,106672.55419953099,123,78,6,72,3130
2024-09-01,Exa,0.0,0,0,0,0,2
2024-09-01,Gnosis,55396.365738730055,775,362,2,360,2880
2024-09-01,Holyheld,44178.219205901085,80,31,1,30,1162
2024-09-01,Karta,40000.0,1,1,0,1,1
2024-09-01,KAST,2786.8396000000002,6,4,2,2,318
2024-09-01,MetaMask,1390.7188688767362,76,39,9,30,272
2024-09-01,RedotPay,2000013.3050036083,2274,2196,177,2019,149253
2024-09-01,SafePal,2438.619039999999,106,39,0,39,621
2024-09-02,Cypher,65251.56153543879,204,141,26,115,3156
2024-09-02,Exa,0.0,0,0,0,0,2
2024-09-02,Gnosis,62891.697468330014,820,403,10,393,2890
2024-09-02,Holyheld,203039.50758781133,125,49,1,48,1163
2024-09-02,Karta,0.0,0,0,0,0,1
2024-09-02,KAST,2086.7599999999998,10,7,2,5,320
2024-09-02,MetaMask,2266.1591257242712,79,42,10,32,282
2024-09-02,RedotPay,2449908.085280741,7220,7198,1392,5806,150645
2024-09-02,SafePal,1986.98750784,88,49,3,46,624
2024-09-03,Cypher,141111.40918027773,207,149,26,123,3182
2024-09-03,Exa,0.26,1,1,1,0,3
2024-09-03,Gnosis,44074.03732185002,844,430,11,419,2901
2024-09-03,Holyheld,124222.56917421907,113,37,3,34,1166
2024-09-03,Karta,0.0,0,0,0,0,1
2024-09-03,KAST,15605.095002,13,8,2,6,322
2024-09-03,MetaMask,10912.314055999997,66,35,9,26,291
2024-09-03,RedotPay,3260025.751981981,2944,2920,278,2642,150923
2024-09-03,SafePal,7655.2181070000015,97,43,3,40,627
2024-09-04,Cypher,47963.342432335296,128,102,11,91,3193
2024-09-04,Exa,2.6100000000000003,2,2,1,1,4
2024-09-04,Gnosis,70591.66531199001,957,457,11,446,2912
2024-09-04,Holyheld,245262.56175756064,112,40,2,38,1168
2024-09-04,Karta,0.0,0,0,0,0,1
2024-09-04,KAST,10430.686995,10,8,1,7,323
2024-09-04,MetaMask,5309.711201351664,81,41,11,30,302
2024-09-04,RedotPay,3498345.300101259,6753,6536,1147,5389,152070
2024-09-04,SafePal,3041.14928568,87,44,1,43,628
2024-09-05,Cypher,65252.05731511606,146,107,13,94,3206
2024-09-05,Exa,0.0,0,0,0,0,4
2024-09-05,Gnosis,59849.82645583995,1033,490,12,478,2924
2024-09-05,Holyheld,43685.28832449656,101,35,3,32,1171
2024-09-05,Karta,0.0,0,0,0,0,1
2024-09-05,KAST,622612.2619733968,98,90,33,57,356
2024-09-05,MetaMask,2337.153638649549,73,48,17,31,319
2024-09-05,RedotPay,3200025.439248565,7910,7839,1954,5885,154024
2024-09-05,SafePal,1346.4183681,75,43,1,42,629
2024-09-06,Cypher,125424.52168655148,180,118,16,102,3222
2024-09-06,Exa,0.0,0,0,0,0,4
2024-09-06,Gnosis,65342.51252398994,1072,494,12,482,2936
2024-09-06,Holyheld,164766.95845711476,131,39,2,37,1173
2024-09-06,Karta,0.0,0,0,0,0,1
2024-09-06,KAST,6511.176022,5,4,2,2,358
2024-09-06,MetaMask,3677.283971331944,131,60,23,37,342
2024-09-06,RedotPay,3046497.0110834534,1619,1583,189,1394,154213
2024-09-06,SafePal,4272.0816189,104,47,1,46,630
2024-09-07,Cypher,42553.13936550281,153,109,8,101,3230
2024-09-07,Exa,0.0,0,0,0,0,4
2024-09-07,Gnosis,60820.96194522009,1241,501,13,488,2949
2024-09-07,Holyheld,30888.957950077594,95,36,3,33,1176
2024-09-07,Karta,0.0,0,0,0,0,1
2024-09-07,KAST,5926.791898999999,7,7,2,5,360
2024-09-07,MetaMask,15135.622743666321,154,63,20,43,362
2024-09-07,RedotPay,745485.6437995991,95,95,4,91,154217
2024-09-07,SafePal,4708.205436240001,111,48,1,47,631
2024-09-08,Cypher,63857.48192210701,117,80,2,78,3232
2024-09-08,Exa,0.0,0,0,0,0,4
2024-09-08,Gnosis,56175.56253696996,905,421,11,410,2960
2024-09-08,Holyheld,81464.59601500146,103,35,3,32,1179
2024-09-08,Karta,0.0,0,0,0,0,1
2024-09-08,KAST,5269.4191,12,7,2,5,362
2024-09-08,MetaMask,2238.179403865208,104,59,14,45,376
2024-09-08,RedotPay,4445743.997393477,7166,7064,3314,3750,157531
2024-09-08,SafePal,2470.8654676800015,73,36,0,36,631
2024-09-09,Cypher,52696.2656449496,145,94,7,87,3239
2024-09-09,Exa,0.0,0,0,0,0,4
2024-09-09,Gnosis,72720.08624976006,1053,466,12,454,2972
2024-09-09,Holyheld,215024.39313623245,112,41,2,39,1181
2024-09-09,Karta,0.0,0,0,0,0,1
2024-09-09,KAST,7457.227946999999,16,9,3,6,365
2024-09-09,MetaMask,11623.884126131801,118,62,14,48,390
2024-09-09,RedotPay,1950006.4891835137,7807,7715,1229,6486,158760
2024-09-09,SafePal,3101.4543832799986,92,38,1,37,632
2024-09-10,Cypher,131584.24346346722,153,95,8,87,3247
2024-09-10,Exa,0.0,0,0,0,0,4
2024-09-10,Gnosis,85215.25771200008,1038,509,14,495,2986
2024-09-10,Holyheld,68435.69176584935,101,35,1,34,1182
2024-09-10,Karta,0.0,0,0,0,0,1
2024-09-10,KAST,110138.73431300001,94,85,76,9,441
2024-09-10,MetaMask,4239.975501470278,101,57,8,49,398
2024-09-10,RedotPay,2350019.4540028875,1180,1173,117,1056,158877
2024-09-10,SafePal,4672.7802368,106,47,1,46,633
2024-09-11,Cypher,135183.35607950686,107,73,4,69,3251
2024-09-11,Exa,16.46,2,1,0,1,4
2024-09-11,Gnosis,67727.2426002301,1200,562,21,541,3007
2024-09-11,Holyheld,207751.22602074337,118,46,3,43,1185
2024-09-11,Karta,0.0,0,0,0,0,1
2024-09-11,KAST,595.836895,12,10,2,8,443
2024-09-11,MetaMask,5283.887810947083,143,67,16,51,414
2024-09-11,RedotPay,3600025.869581629,8814,8672,1987,6685,160864
2024-09-11,SafePal,6190.560174199999,102,50,1,49,634
2024-09-12,Cypher,100601.90544933468,147,105,15,90,3266
2024-09-12,Exa,28.679999999999996,6,4,2,2,6
2024-09-12,Gnosis,99056.96909989999,1215,573,14,559,3021
2024-09-12,Holyheld,87433.01597351546,103,35,3,32,1188
2024-09-12,Karta,0.0,0,0,0,0,1
2024-09-12,KAST,5034.376024999999,13,11,5,6,448
2024-09-12,MetaMask,3531.004904393055,145,68,14,54,428
2024-09-12,RedotPay,3591286.2518793833,13750,13567,5499,8068,166363
2024-09-12,SafePal,2895.6811290399996,72,34,0,34,634
2024-09-13,Cypher,87809.45834357334,153,103,9,94,3275
2024-09-13,Exa,6.7,1,1,1,0,7
2024-09-13,Gnosis,99953.11681765995,1379,603,17,586,3038
2024-09-13,Holyheld,235321.99953961882,154,51,4,47,1192
2024-09-13,Karta,16820.82,1,1,0,1,1
2024-09-13,KAST,5256.64,10,8,4,4,452
2024-09-13,MetaMask,5532.4211530269085,132,76,14,62,442
2024-09-13,RedotPay,2719054.2682651235,875,856,151,705,166514
2024-09-13,SafePal,4146.6927349200005,84,41,1,40,635
2024-09-14,Cypher,82862.91666233902,148,99,9,90,3284
2024-09-14,Exa,43.96,3,2,1,1,8
2024-09-14,Gnosis,72835.18814430009,1445,593,10,583,3048
2024-09-14,Holyheld,60834.84087748926,108,33,1,32,1193
2024-09-14,Karta,23247.1,1,1,0,1,1
2024-09-14,KAST,15841.487401999999,15,11,2,9,454
2024-09-14,MetaMask,5638.658731420832,145,73,18,55,460
2024-09-14,RedotPay,2398427.5592361605,1136,1110,143,967,166657
2024-09-14,SafePal,2931.698668349999,84,37,1,36,636
2024-09-15,Cypher,59927.50846525104,114,80,12,68,3296
2024-09-15,Exa,11.18,2,2,0,2,8
2024-09-15,Gnosis,74655.35138081998,1083,495,8,487,3056
2024-09-15,Holyheld,42150.16650544365,76,32,0,32,1193
2024-09-15,Karta,0.0,0,0,0,0,1
2024-09-15,KAST,382386.51381200005,60,59,27,32,481
2024-09-15,MetaMask,11063.100551999994,116,63,14,49,474
2024-09-15,RedotPay,2350012.5037208246,2164,2077,123,1954,166780
2024-09-15,SafePal,2720.867030100001,99,36,0,36,636
2024-09-16,Cypher,90739.06329593314,111,77,9,68,3305
2024-09-16,Exa,8.87,1,1,0,1,8
2024-09-16,Gnosis,71945.57316293994,1084,548,3,545,3059
2024-09-16,Holyheld,271765.149675346,114,40,2,38,1195
2024-09-16,Karta,9491.02,1,1,0,1,1
2024-09-16,KAST,42010.44299100001,38,34,28,6,509
2024-09-16,MetaMask,4613.51575714868,133,75,12,63,486
2024-09-16,RedotPay,2895892.4399096165,1887,1876,156,1720,166936
2024-09-16,SafePal,2197.5234845400005,87,43,1,42,637
2024-09-17,Cypher,62550.60507134911,131,91,4,87,3309
2024-09-17,Exa,8.879999999999999,4,2,0,2,8
2024-09-17,Gnosis,92329.18084826003,1234,590,14,576,3073
2024-09-17,Holyheld,61003.76060728561,101,35,4,31,1199
2024-09-17,Karta,32141.96,1,1,0,1,1
2024-09-17,KAST,72014.540408,135,132,121,11,630
2024-09-17,MetaMask,4299.3960328050025,134,72,13,59,499
2024-09-17,RedotPay,3042967.1923556095,2023,2005,189,1816,167125
2024-09-17,SafePal,5165.400286250001,105,44,1,43,638
2024-09-18,Cypher,37916.03719479824,109,80,11,69,3320
2024-09-18,Exa,10.409999999999998,4,2,0,2,8
2024-09-18,Gnosis,101986.44954076037,1301,614,20,594,3093
2024-09-18,Holyheld,62103.17057119754,111,37,3,34,1202
2024-09-18,Karta,17183.72,1,1,0,1,1
2024-09-18,KAST,7002.992033,17,11,5,6,635
2024-09-18,MetaMask,5379.956236897429,145,75,11,64,510
2024-09-18,RedotPay,5919686.596805377,8066,7779,1111,6668,168236
2024-09-18,SafePal,3272.63932152,81,44,4,40,642
2024-09-19,Cypher,55156.60910534594,152,110,14,96,3334
2024-09-19,Exa,21.75,2,2,0,2,8
2024-09-19,Gnosis,90457.30017732007,1323,606,17,589,3110
2024-09-19,Holyheld,100815.78774152038,108,32,3,29,1205
2024-09-19,Karta,31145.49,1,1,0,1,1
2024-09-19,KAST,2705.7497977916687,46,15,5,10,640
2024-09-19,MetaMask,5692.6186112400355,130,72,13,59,523
2024-09-19,RedotPay,2550019.126737642,3592,3487,404,3083,168640
2024-09-19,SafePal,3350.724448580001,122,52,3,49,645
2024-09-20,Cypher,80362.59345681974,185,120,12,108,3346
2024-09-20,Exa,2.08,1,1,0,1,8
2024-09-20,Gnosis,94849.10132992016,1395,640,16,624,3126
2024-09-20,Holyheld,266617.7707726398,138,46,3,43,1208
2024-09-20,Karta,0.0,0,0,0,0,1
2024-09-20,KAST,19231.446498000005,15,12,5,7,645
2024-09-20,MetaMask,9556.345847285414,171,79,16,63,539
2024-09-20,RedotPay,2926606.3859473276,5317,5289,913,4376,169553
2024-09-20,SafePal,3944.950761290001,105,51,1,50,646
2024-09-21,Cypher,48523.83994844286,143,108,10,98,3356
2024-09-21,Exa,15.030000000000001,3,2,0,2,8
2024-09-21,Gnosis,86700.28753497987,1580,639,14,625,3140
2024-09-21,Holyheld,57272.28138956248,111,35,3,32,1211
2024-09-21,Karta,24482.51,1,1,0,1,1
2024-09-21,KAST,21536.666977,10,7,4,3,649
2024-09-21,MetaMask,5295.317105524377,163,70,9,61,548
2024-09-21,RedotPay,1077999.0621227224,193,191,21,170,169574
2024-09-21,SafePal,5519.306299239998,104,49,3,46,649
2024-09-22,Cypher,61628.04189906496,140,94,8,86,3364
2024-09-22,Exa,0.0,0,0,0,0,8
2024-09-22,Gnosis,82737.41366850011,1171,529,15,514,3155
2024-09-22,Holyheld,70838.96180095292,91,38,4,34,1215
2024-09-22,Karta,0.0,0,0,0,0,1
2024-09-22,KAST,7733.0210560000005,11,8,2,6,651
2024-09-22,MetaMask,5079.079684162083,126,70,8,62,556
2024-09-22,RedotPay,3951716.715100645,8128,7954,1351,6603,170925
2024-09-22,SafePal,9121.316457000003,94,49,2,47,651
2024-09-23,Cypher,53099.804378457855,143,86,10,76,3374
2024-09-23,Exa,0.09,1,1,0,1,8
2024-09-23,Gnosis,90791.06243260016,1262,595,19,576,3174
2024-09-23,Holyheld,262083.176901409,148,57,3,54,1218
2024-09-23,Karta,0.0,0,0,0,0,1
2024-09-23,KAST,1901.734808,13,11,6,5,657
2024-09-23,MetaMask,3723.1867897235747,156,82,20,62,576
2024-09-23,RedotPay,3456095.468587926,1403,1374,185,1189,171110
2024-09-23,SafePal,2258.6097711800003,96,51,3,48,654
2024-09-24,Cypher,84982.3007862505,158,105,11,94,3385
2024-09-24,Exa,0.0,0,0,0,0,8
2024-09-24,Gnosis,97135.98347528977,1271,645,15,630,3189
2024-09-24,Holyheld,100175.73967162642,131,45,6,39,1224
2024-09-24,Karta,3201.59,1,1,0,1,1
2024-09-24,KAST,660499.5011210819,377,374,311,63,968
2024-09-24,MetaMask,5426.133412898473,108,66,11,55,587
2024-09-24,RedotPay,4003080.649475045,3250,3188,499,2689,171609
2024-09-24,SafePal,2854.86262648,105,45,0,45,654
2024-09-25,Cypher,45511.85339066776,123,86,7,79,3392
2024-09-25,Exa,1.26,1,1,0,1,8
2024-09-25,Gnosis,103803.34191447978,1258,602,12,590,3201
2024-09-25,Holyheld,191124.83014862405,139,42,5,37,1229
2024-09-25,Karta,23770.07,1,1,0,1,1
2024-09-25,KAST,237111.78569299993,110,106,56,50,1024
2024-09-25,MetaMask,1752.9868036333335,151,85,12,73,599
2024-09-25,RedotPay,4079231.4180048066,6249,6193,862,5331,172471
2024-09-25,SafePal,3956.0314677999995,125,55,1,54,655
2024-09-26,BFinance,0.79,1,1,1,0,1
2024-09-26,Cypher,217610.48579602616,176,115,15,100,3407
2024-09-26,Exa,0.09,1,1,0,1,8
2024-09-26,Gnosis,106435.5276702597,1288,602,15,587,3216
2024-09-26,Holyheld,80160.39301486585,133,48,4,44,1233
2024-09-26,Karta,0.0,0,0,0,0,1
2024-09-26,KAST,56207.03546000001,78,48,24,24,1048
2024-09-26,MetaMask,4864.787278136733,169,94,20,74,619
2024-09-26,RedotPay,3859539.982800921,7017,6544,596,5948,173067
2024-09-26,SafePal,5058.926759250001,118,58,4,54,659
2024-09-27,Cypher,78958.53011132988,210,147,30,117,3437
2024-09-27,Exa,0.09,1,1,0,1,8
2024-09-27,Gnosis,130378.70906671025,1606,686,28,658,3244
2024-09-27,Holyheld,230676.45765596835,157,61,7,54,1240
2024-09-27,Karta,0.0,0,0,0,0,1
2024-09-27,KAST,19074.523179,38,34,13,21,1061
2024-09-27,MetaMask,6071.670243372429,200,90,9,81,628
2024-09-27,RedotPay,3404673.5794420345,6885,6134,607,5527,173674
2024-09-27,SafePal,4263.801692570002,107,55,3,52,662
2024-09-28,Cypher,55329.249960872585,147,99,11,88,3448
2024-09-28,Exa,68.83999999999999,6,4,1,3,9
2024-09-28,Gnosis,93839.75707449992,1607,668,15,653,3259
2024-09-28,Holyheld,72593.10784219683,137,43,4,39,1244
2024-09-28,Karta,38153.94,1,1,0,1,1
2024-09-28,KAST,14022.890538,21,15,3,12,1064
2024-09-28,MetaMask,8094.007985151734,188,85,5,80,633
2024-09-28,RedotPay,2450009.817472547,9490,7717,1691,6026,175365
2024-09-28,SafePal,3350.813224500001,95,53,4,49,666
2024-09-29,Cypher,81282.95626625518,120,89,9,80,3457
2024-09-29,Exa,18.08,2,2,0,2,9
2024-09-29,Gnosis,78279.42413849987,1241,578,13,565,3272
2024-09-29,Holyheld,49649.220017248685,108,37,4,33,1248
2024-09-29,Karta,0.0,0,0,0,0,1
2024-09-29,KAST,1747.0301,17,10,3,7,1067
2024-09-29,MetaMask,3494.6649390208336,140,73,7,66,640
2024-09-29,RedotPay,3563942.7519110013,6510,4622,400,4222,175765
2024-09-29,SafePal,2609.405455500001,79,38,0,38,666
2024-09-30,Cypher,104435.91581301621,137,100,14,86,3471
2024-09-30,Exa,1.14,1,1,0,1,9
2024-09-30,Gnosis,99171.03657554004,1258,617,5,612,3277
2024-09-30,Holyheld,279056.18985649646,148,59,2,57,1250
2024-09-30,Karta,32961.78,1,1,0,1,1
2024-09-30,KAST,53905.33042,101,99,71,28,1138
2024-09-30,MetaMask,10982.626422086254,172,95,15,80,655
2024-09-30,RedotPay,2954845.1409182358,2402,1859,195,1664,175960
2024-09-30,SafePal,3582.6245155399993,115,53,3,50,669
2024-10-01,Cypher,146941.79829737535,142,93,5,88,3476
2024-10-01,Exa,13.25,1,1,0,1,9
2024-10-01,Gnosis,107901.62603741,1394,634,14,620,3291
2024-10-01,Holyheld,80469.62275101965,132,44,1,43,1251
2024-10-01,Karta,0.0,0,0,0,0,1
2024-10-01,KAST,520692.737387,245,233,59,174,1197
2024-10-01,MetaMask,10783.895277289925,164,94,12,82,667
2024-10-01,RedotPay,2328713.5736675095,3557,3545,306,3239,176266
2024-10-01,SafePal,8514.26546064,110,52,0,52,669
2024-10-02,Cypher,58599.83166804549,124,87,6,81,3482
2024-10-02,Exa,0.0,0,0,0,0,9
2024-10-02,Gnosis,90729.20720832013,1364,613,14,599,3305
2024-10-02,Holyheld,413796.5537219772,131,45,2,43,1253
2024-10-02,Karta,0.0,0,0,0,0,1
2024-10-02,KAST,23154.543078999995,21,17,5,12,1202
2024-10-02,MetaMask,8649.751959956247,194,101,25,76,692
2024-10-02,RedotPay,4600049.058541148,3476,3341,318,3023,176584
2024-10-02,SafePal,4093.4518794399996,91,46,4,42,673
2024-10-03,Cypher,150310.30773083802,142,98,20,78,3502
2024-10-03,Exa,0.0,0,0,0,0,9
2024-10-03,Gnosis,83552.1322281598,1358,648,19,629,3324
2024-10-03,Holyheld,336545.4443936551,116,38,3,35,1256
2024-10-03,Karta,0.0,0,0,0,0,1
2024-10-03,KAST,2639.8616069999994,17,14,2,12,1204
2024-10-03,MetaMask,4683.599309624445,184,94,24,70,716
2024-10-03,RedotPay,4815231.876410383,7987,7419,1168,6251,177752
2024-10-03,SafePal,2695.3680929999987,84,41,1,40,674
2024-10-04,Cypher,127807.49730037402,144,105,16,89,3518
2024-10-04,Exa,0.0,0,0,0,0,9
2024-10-04,Gnosis,124998.71448767005,1573,693,19,674,3343
2024-10-04,Holyheld,202703.20415122467,147,50,4,46,1260
2024-10-04,Karta,0.0,0,0,0,0,1
2024-10-04,KAST,375045.8352313116,254,199,45,154,1249
2024-10-04,MetaMask,9294.767542579686,200,97,15,82,731
2024-10-04,RedotPay,800009.9519189677,407,407,45,362,177797
2024-10-04,SafePal,3477.041731560002,122,55,3,52,677
2024-10-05,Cypher,42177.816889365706,125,92,11,81,3529
2024-10-05,Exa,0.0,0,0,0,0,9
2024-10-05,Gnosis,105965.64919750023,1746,684,9,675,3352
2024-10-05,Holyheld,47928.80251463518,109,35,3,32,1263
2024-10-05,Karta,0.0,0,0,0,0,1
2024-10-05,KAST,11453.153044,19,14,7,7,1256
2024-10-05,MetaMask,8170.64533153698,193,94,17,77,748
2024-10-05,RedotPay,3800025.9181505847,1122,1088,99,989,177896
2024-10-05,SafePal,5057.925753999997,124,51,2,49,679
2024-10-06,Cypher,133592.84354164405,140,95,15,80,3544
2024-10-06,Exa,0.0,0,0,0,0,9
2024-10-06,Gnosis,88762.16220499991,1261,575,16,559,3368
2024-10-06,Holyheld,48555.07900574356,111,36,2,34,1265
2024-10-06,Karta,0.0,0,0,0,0,1
2024-10-06,KAST,203.84435,7,6,2,4,1258
2024-10-06,MetaMask,4043.3777364791667,153,84,14,70,762
2024-10-06,RedotPay,2277518.4516351344,4152,3902,176,3726,178072
2024-10-06,SafePal,2165.353886000001,74,40,0,40,679
2024-10-07,Cypher,92169.06413403581,139,92,15,77,3559
2024-10-07,Exa,0.0,0,0,0,0,9
2024-10-07,Gnosis,105873.37778446003,1381,650,21,629,3389
2024-10-07,Holyheld,232488.70402103884,146,41,2,39,1267
2024-10-07,Karta,0.0,0,0,0,0,1
2024-10-07,KAST,81035.755423,115,106,81,25,1339
2024-10-07,MetaMask,6234.60681453764,173,95,9,86,771
2024-10-07,RedotPay,2400022.2002228135,6593,6583,910,5673,178982
2024-10-07,SafePal,3073.9458749999994,104,51,1,50,680
2024-10-08,Cypher,98287.0604067101,130,90,17,73,3576
2024-10-08,Exa,83.74,2,2,0,2,9
2024-10-08,Gnosis,100623.50154100014,1545,690,17,673,3406
2024-10-08,Holyheld,72559.9390552375,109,35,0,35,1267
2024-10-08,Karta,0.0,0,0,0,0,1
2024-10-08,KAST,45371.705701,93,88,47,41,1386
2024-10-08,MetaMask,4592.410970958126,135,90,7,83,778
2024-10-08,RedotPay,4250054.3128779875,2651,2592,168,2424,179150
2024-10-08,SafePal,3674.3602545,100,53,0,53,680
2024-10-09,Cypher,122833.12080483823,142,94,15,79,3591
2024-10-09,Exa,0.0,0,0,0,0,9
2024-10-09,Gnosis,103428.60568786995,1503,703,10,693,3416
2024-10-09,Holyheld,171122.7525318777,116,46,3,43,1270
2024-10-09,Karta,0.0,0,0,0,0,1
2024-10-09,KAST,2220.1131330000003,19,17,6,11,1392
2024-10-09,MetaMask,7102.924867480556,155,87,12,75,790
2024-10-09,RedotPay,3620548.893745301,15767,15406,4697,10709,183847
2024-10-09,SafePal,5336.4368948599995,111,51,5,46,685
2024-10-10,Cypher,119214.61302353538,156,104,10,94,3601
2024-10-10,Exa,2.6399999999999997,3,3,1,2,10
2024-10-10,Gnosis,88958.55484781001,1496,668,11,657,3427
2024-10-10,Holyheld,49974.61372576594,114,32,0,32,1270
2024-10-10,Karta,0.0,0,0,0,0,1
2024-10-10,KAST,61070.20188999998,73,68,34,34,1426
2024-10-10,MetaMask,4993.323641626388,170,87,11,76,801
2024-10-10,RedotPay,2250020.257908872,897,893,134,759,183981
2024-10-10,SafePal,3474.236474599999,108,46,0,46,685
2024-10-11,Cypher,146648.87546648053,147,98,11,87,3612
2024-10-11,Exa,38.55,5,3,1,2,11
2024-10-11,Gnosis,106594.12517603999,1675,742,18,724,3445
2024-10-11,Holyheld,248260.8453487526,133,45,3,42,1273
2024-10-11,Karta,9881.32,1,1,0,1,1
2024-10-11,KAST,508061.56622000004,137,125,40,85,1466
2024-10-11,MetaMask,9224.525575025002,217,108,19,89,820
2024-10-11,RedotPay,648481.7827728286,21,19,0,19,183981
2024-10-11,SafePal,8671.755234400001,151,54,1,53,686
2024-10-12,Cypher,121921.032784545,144,100,4,96,3616
2024-10-12,Exa,4.22,1,1,0,1,11
2024-10-12,Gnosis,116423.83159414999,1897,770,13,757,3458
2024-10-12,Holyheld,52520.458222935566,105,27,1,26,1274
2024-10-12,Karta,23554.56,1,1,0,1,1
2024-10-12,KAST,1261.8481439999998,19,16,6,10,1472
2024-10-12,MetaMask,10019.249850811639,218,110,22,88,842
2024-10-12,RedotPay,3099167.7722877227,1737,1694,93,1601,184074
2024-10-12,SafePal,3997.813546970001,103,47,0,47,686
2024-10-13,Cypher,143190.06814824112,103,76,7,69,3623
2024-10-13,Exa,10.28,2,2,0,2,11
2024-10-13,Gnosis,81632.34586257998,1264,594,10,584,3468
2024-10-13,Holyheld,103416.3727096831,103,33,3,30,1277
2024-10-13,Karta,14897.71,1,1,0,1,1
2024-10-13,KAST,1491.0779569999997,16,14,4,10,1476
2024-10-13,MetaMask,7810.186376334025,158,80,8,72,850
2024-10-13,RedotPay,2726400.3899805597,1639,1594,107,1487,184181
2024-10-13,SafePal,2410.2309206100003,72,36,1,35,687
2024-10-14,Cypher,68401.87790492235,123,89,2,87,3625
2024-10-14,Exa,1.05,2,2,1,1,12
2024-10-14,Gnosis,101689.39549520986,1488,696,17,679,3485
2024-10-14,Holyheld,302386.12374534586,153,52,5,47,1282
2024-10-14,Karta,9815.08,1,1,0,1,1
2024-10-14,KAST,38168.41063500001,107,102,66,36,1542
2024-10-14,MetaMask,4889.108941937503,161,83,12,71,862
2024-10-14,RedotPay,4431240.061288389,3226,3195,297,2898,184478
2024-10-14,SafePal,7367.468242449999,92,49,3,46,690
2024-10-15,Cypher,68095.18074942725,162,110,19,91,3644
2024-10-15,Exa,15.39,1,1,0,1,12
2024-10-15,Gnosis,94515.56353008008,1481,709,14,695,3499
2024-10-15,Holyheld,125867.2978501399,148,43,4,39,1286
2024-10-15,Karta,7750.65,1,1,0,1,1
2024-10-15,KAST,38066.78548900001,45,40,7,33,1549
2024-10-15,MetaMask,10082.075253172783,195,108,11,97,873
2024-10-15,RedotPay,5800636.557480834,12079,11703,2081,9622,186559
2024-10-15,SafePal,4216.303560000001,108,53,1,52,691
2024-10-16,Cypher,106983.86417549333,143,98,14,84,3658
2024-10-16,Exa,43.839999999999996,6,5,1,4,13
2024-10-16,Gnosis,116979.59913757996,1537,723,25,698,3524
2024-10-16,Holyheld,297926.0792382474,139,48,2,46,1288
2024-10-16,Karta,0.0,0,0,0,0,1
2024-10-16,KAST,597213.5074979998,195,183,72,111,1621
2024-10-16,MetaMask,7169.458513492633,185,104,8,96,881
2024-10-16,RedotPay,3983299.145411603,7120,6773,724,6049,187283
2024-10-16,SafePal,4934.529026000002,104,51,0,51,691
2024-10-17,Cypher,90815.45761282004,173,131,18,113,3676
2024-10-17,Exa,38.05,4,3,1,2,14
2024-10-17,Gnosis,102119.07911091986,1519,709,12,697,3536
2024-10-17,Holyheld,123740.26861948884,112,39,7,32,1295
2024-10-17,Karta,5490.64,1,1,0,1,1
2024-10-17,KAST,9041.44001,20,15,6,9,1627
2024-10-17,MetaMask,9635.556072235864,197,99,10,89,891
2024-10-17,RedotPay,3300029.0342826205,4505,4475,922,3553,188205
2024-10-17,SafePal,7233.526931259998,121,65,2,63,693
2024-10-18,Cypher,104103.10596553836,156,111,14,97,3690
2024-10-18,Exa,45.870000000000005,10,4,0,4,14
2024-10-18,Gnosis,105619.8370779,1775,773,23,750,3559
2024-10-18,Holyheld,359889.25124859565,133,46,1,45,1296
2024-10-18,Karta,6918.28,1,1,0,1,1
2024-10-18,KAST,4848.190889,36,25,6,19,1633
2024-10-18,MetaMask,10513.327359813613,254,104,12,92,903
2024-10-18,RedotPay,4030056.0697188787,6188,6161,1019,5142,189224
2024-10-18,SafePal,5094.224243039998,145,63,3,60,696
2024-10-19,Cypher,102006.54393534843,142,99,14,85,3704
2024-10-19,Exa,50.37,3,2,1,1,15
2024-10-19,Gnosis,104579.32130655996,2021,804,21,783,3580
2024-10-19,Holyheld,73336.77775228927,121,43,3,40,1299
2024-10-19,Karta,0.0,0,0,0,0,1
2024-10-19,KAST,2812.0556529999994,18,15,1,14,1634
2024-10-19,MetaMask,6324.26720691875,251,114,20,94,923
2024-10-19,RedotPay,2700020.105438454,897,889,70,819,189294
2024-10-19,SafePal,5499.494576320001,136,60,0,60,696
2024-10-20,Cypher,69321.11034121258,146,103,18,85,3722
2024-10-20,Exa,0.0,0,0,0,0,15
2024-10-20,Gnosis,86830.86993859983,1483,683,12,671,3592
2024-10-20,Holyheld,60724.6710460134,87,28,5,23,1304
2024-10-20,Karta,0.0,0,0,0,0,1
2024-10-20,KAST,20492.05357300001,30,24,10,14,1644
2024-10-20,MetaMask,7628.753415475975,195,76,11,65,934
2024-10-20,RedotPay,1150004.930260749,3461,3368,305,3063,189599
2024-10-20,SafePal,3461.1580168000005,98,49,0,49,696
2024-10-21,Cypher,190754.5815936936,173,112,18,94,3740
2024-10-21,Exa,62.169999999999995,9,6,5,1,20
2024-10-21,Gnosis,105641.67006163012,1556,734,11,723,3603
2024-10-21,Holyheld,351901.0347288253,155,49,6,43,1310
2024-10-21,Karta,0.0,0,0,0,0,1
2024-10-21,KAST,16865.403617999997,61,54,38,16,1682
2024-10-21,MetaMask,12639.492515767713,225,106,11,95,945
2024-10-21,RedotPay,5700258.215443544,4716,4494,454,4040,190053
2024-10-21,SafePal,3012.828406019999,92,46,4,42,700
2024-10-22,Cypher,89120.17370466529,174,121,17,104,3757
2024-10-22,Exa,302.5299999999999,15,7,2,5,22
2024-10-22,Gnosis,130850.3034420001,1679,768,31,737,3634
2024-10-22,Holyheld,108440.73676352919,114,42,6,36,1316
2024-10-22,Karta,0.0,0,0,0,0,1
2024-10-22,KAST,89477.46779599995,189,181,129,52,1811
2024-10-22,MetaMask,12526.086322294996,247,108,16,92,961
2024-10-22,RedotPay,5129620.57439126,5888,5660,854,4806,190907
2024-10-22,SafePal,9104.705380800002,135,56,0,56,700
2024-10-23,Cypher,104219.83692058336,150,103,16,87,3773
2024-10-23,Exa,15.919999999999998,5,4,1,3,23
2024-10-23,Gnosis,114902.27388564002,1718,792,23,769,3657
2024-10-23,Holyheld,241237.43597250723,124,40,4,36,1320
2024-10-23,Karta,0.0,0,0,0,0,1
2024-10-23,KAST,42034.256261,76,67,41,26,1852
2024-10-23,MetaMask,10349.451774476669,246,110,18,92,979
2024-10-23,RedotPay,3330832.297566016,6148,5922,882,5040,191789
2024-10-23,SafePal,6122.853342810001,104,50,2,48,702
2024-10-24,Cypher,75701.00214521553,175,119,16,103,3789
2024-10-24,Exa,68.14999999999999,5,4,1,3,24
2024-10-24,Gnosis,98275.46617608983,1824,821,22,799,3679
2024-10-24,Holyheld,264517.5711413857,143,48,4,44,1324
2024-10-24,Karta,0.0,0,0,0,0,1
2024-10-24,KAST,903646.8827035,165,160,61,99,1913
2024-10-24,MetaMask,13053.19302602001,230,109,12,97,991
2024-10-24,RedotPay,2725365.866285892,2697,2638,237,2401,192026
2024-10-24,SafePal,3263.5177807499995,100,45,2,43,704
2024-10-25,Cypher,93048.84100549233,137,103,14,89,3803
2024-10-25,Exa,5.640000000000001,2,2,0,2,24
2024-10-25,Gnosis,143607.2131833603,1998,880,32,848,3711
2024-10-25,Holyheld,317492.0879326136,165,44,4,40,1328
2024-10-25,Karta,13033.44,1,1,0,1,1
2024-10-25,KAST,2936.498533,18,17,10,7,1923
2024-10-25,MetaMask,12411.815066878544,271,112,18,94,1009
2024-10-25,RedotPay,3975336.7233067066,7338,7085,1246,5839,193272
2024-10-25,SafePal,4804.588257279999,127,51,0,51,704
2024-10-26,Cypher,62114.77512565476,141,98,14,84,3817
2024-10-26,Exa,140.37,8,6,5,1,29
2024-10-26,Gnosis,112771.31359456033,2130,858,28,830,3739
2024-10-26,Holyheld,79179.3315741493,118,35,0,35,1328
2024-10-26,Karta,19256.83,1,1,0,1,1
2024-10-26,KAST,4099.281489,25,18,7,11,1930
2024-10-26,MetaMask,10222.108975621559,265,129,16,113,1025
2024-10-26,RedotPay,3350026.177216418,6093,6080,1089,4991,194361
2024-10-26,SafePal,5147.289910139998,111,50,1,49,705
2024-10-27,Cypher,71168.16702700977,127,94,8,86,3825
2024-10-27,Exa,1031.57,17,3,1,2,30
2024-10-27,Gnosis,107762.89448063997,1509,726,11,715,3750
2024-10-27,Holyheld,48283.20323528828,100,33,4,29,1332
2024-10-27,Karta,0.0,0,0,0,0,1
2024-10-27,KAST,6020.052974,23,16,6,10,1936
2024-10-27,MetaMask,10075.222735236657,267,114,17,97,1042
2024-10-27,RedotPay,3300036.827464617,1568,1557,108,1449,194469
2024-10-27,SafePal,4273.8337788300005,102,47,3,44,708
2024-10-28,Cypher,53713.48506543537,170,128,27,101,3852
2024-10-28,Exa,578.57,19,5,0,5,30
2024-10-28,Gnosis,121622.1750647497,1658,786,16,770,3766
2024-10-28,Holyheld,92005.41470564385,138,39,4,35,1336
2024-10-28,Karta,43841.18,1,1,0,1,1
2024-10-28,KAST,8209.211892999998,32,25,7,18,1943
2024-10-28,MetaMask,16901.67325996306,217,109,6,103,1048
2024-10-28,RedotPay,2850548.3945581815,2962,2951,241,2710,194710
2024-10-28,SafePal,3956.74351515,110,52,1,51,709
2024-10-29,Cypher,97980.16504835388,165,114,18,96,3870
2024-10-29,Exa,168.26000000000002,5,4,1,3,31
2024-10-29,Gnosis,110226.48316652996,1718,821,35,786,3801
2024-10-29,Holyheld,362591.9753104094,138,48,6,42,1342
2024-10-29,Karta,0.0,0,0,0,0,1
2024-10-29,KAST,4239.006381,34,27,5,22,1948
2024-10-29,MetaMask,19780.633731543156,238,113,17,96,1065
2024-10-29,RedotPay,4363700.93029731,6790,6660,693,5967,195403
2024-10-29,SafePal,5377.442997350003,109,61,2,59,711
2024-10-30,Cypher,135816.2518925174,147,111,14,97,3884
2024-10-30,Exa,110.21000000000001,4,3,0,3,31
2024-10-30,Gnosis,118624.91360023974,1844,834,23,811,3824
2024-10-30,Holyheld,174396.00346542234,143,46,4,42,1346
2024-10-30,Karta,0.0,0,0,0,0,1
2024-10-30,KAST,5473.4597669999985,31,29,10,19,1958
2024-10-30,MetaMask,9098.794320827916,241,114,7,107,1072
2024-10-30,RedotPay,3606603.305147699,8453,8429,2038,6391,197441
2024-10-30,SafePal,7251.733484599997,115,53,4,49,715
2024-10-31,Cypher,191926.9695786201,160,107,11,96,3895
2024-10-31,Exa,352.20000000000005,10,5,2,3,33
2024-10-31,Gnosis,150932.71213968,1882,839,31,808,3855
2024-10-31,Holyheld,75664.83121033196,145,53,3,50,1349
2024-10-31,Karta,0.0,0,0,0,0,1
2024-10-31,KAST,2618.7559739999997,35,28,12,16,1970
2024-10-31,MetaMask,22326.01762651261,309,123,6,117,1078
2024-10-31,RedotPay,3660037.644472684,2274,2243,196,2047,197637
2024-10-31,SafePal,5815.94538264,121,59,2,57,717
2024-11-01,Cypher,85711.07957637466,155,113,15,98,3910
2024-11-01,Exa,84.78,9,3,0,3,33
2024-11-01,Gnosis,151242.60236248997,1883,798,12,786,3867
2024-11-01,Holyheld,237901.1371041197,126,48,5,43,1354
2024-11-01,Karta,27588.42,1,1,0,1,1
2024-11-01,KAST,115925.5565959999,249,236,210,26,2180
2024-11-01,MetaMask,15957.742475327885,254,131,12,119,1090
2024-11-01,RedotPay,3875530.4650663915,6711,6377,746,5631,198383
2024-11-01,SafePal,4872.358299600003,91,42,2,40,719
2024-11-02,Cypher,86239.5189097309,121,85,8,77,3918
2024-11-02,Exa,138.17000000000002,9,5,0,5,33
2024-11-02,Gnosis,171913.01494938025,2177,875,13,862,3880
2024-11-02,Holyheld,45466.87286701804,108,39,4,35,1358
2024-11-02,Karta,50732.25,1,1,0,1,1
2024-11-02,KAST,15720.846155000003,52,37,10,27,2190
2024-11-02,MetaMask,13029.305855480003,353,144,12,132,1102
2024-11-02,RedotPay,4200067.086363959,7807,7498,1409,6089,199792
2024-11-02,SafePal,9051.267472499998,128,48,2,46,721
2024-11-03,Cypher,39647.89440778163,110,82,14,68,3932
2024-11-03,Exa,135.32000000000002,5,4,0,4,33
2024-11-03,Gnosis,110192.46175327986,1559,720,11,709,3891
2024-11-03,Holyheld,41399.0254978787,94,28,0,28,1358
2024-11-03,Karta,0.0,0,0,0,0,1
2024-11-03,KAST,6834.911766999999,40,33,15,18,2205
2024-11-03,MetaMask,7627.790642452565,268,118,12,106,1114
2024-11-03,RedotPay,3396533.260840366,4639,4405,531,3874,200323
2024-11-03,SafePal,4370.142170789998,97,40,1,39,722
2024-11-04,Cypher,183322.11791050955,150,103,12,91,3944
2024-11-04,Exa,81.61999999999999,5,4,0,4,33
2024-11-04,Gnosis,138038.39026138012,1664,804,15,789,3906
2024-11-04,Holyheld,154891.27488059946,151,51,4,47,1362
2024-11-04,Karta,0.0,0,0,0,0,1
2024-11-04,KAST,82283.85100999993,108,99,73,26,2278
2024-11-04,MetaMask,10362.399846937145,258,115,12,103,1126
2024-11-04,RedotPay,2500016.7259100517,1091,1075,95,980,200418
2024-11-04,SafePal,5482.84623934,116,45,1,44,723
2024-11-05,Cypher,75885.0099296289,128,91,11,80,3955
2024-11-05,Exa,840.9199999999998,25,6,1,5,34
2024-11-05,Gnosis,126574.79428890992,1752,803,14,789,3920
2024-11-05,Holyheld,400498.5855911423,167,52,5,47,1367
2024-11-05,Karta,0.0,0,0,0,0,1
2024-11-05,KAST,11470.98915,73,64,33,31,2311
2024-11-05,MetaMask,6225.296853216947,216,111,10,101,1136
2024-11-05,RedotPay,4449298.813000802,4567,4383,556,3827,200974
2024-11-05,SafePal,3860.7100529899994,105,47,0,47,723
2024-11-06,Cypher,86624.49456394279,156,103,13,90,3968
2024-11-06,Exa,334.46000000000004,9,5,0,5,34
2024-11-06,Gnosis,121558.09876692001,1807,843,19,824,3939
2024-11-06,Holyheld,70908.12729355658,102,44,4,40,1371
2024-11-06,Karta,0.0,0,0,0,0,1
2024-11-06,KAST,41907.007534000004,94,82,60,22,2371
2024-11-06,MetaMask,10670.496280807292,227,111,7,104,1143
2024-11-06,RedotPay,4600043.062387483,3935,3793,351,3442,201325
2024-11-06,SafePal,10281.51048846,136,56,0,56,723
2024-11-07,Cypher,69644.23931140674,156,103,15,88,3983
2024-11-07,Exa,392.75999999999993,8,5,1,4,35
2024-11-07,Gnosis,119893.14338878027,1815,813,19,794,3958
2024-11-07,Holyheld,294381.1826300424,152,52,7,45,1378
2024-11-07,Karta,0.0,0,0,0,0,1
2024-11-07,KAST,21012.024241,87,71,34,37,2405
2024-11-07,MetaMask,10553.516710645972,208,113,20,93,1163
2024-11-07,RedotPay,3950030.112251953,8216,7878,1106,6772,202431
2024-11-07,SafePal,5875.308121479997,139,58,4,54,727
2024-11-08,Cypher,138168.72984717588,168,119,18,101,4001
2024-11-08,Exa,472.2,21,5,2,3,37
2024-11-08,Gnosis,133711.44941719982,2041,884,21,863,3979
2024-11-08,Holyheld,231199.0022176307,159,54,1,53,1379
2024-11-08,Karta,0.0,0,0,0,0,1
2024-11-08,KAST,1258961.1025978446,521,408,174,234,2579
2024-11-08,MetaMask,13417.781741586523,226,121,12,109,1175
2024-11-08,RedotPay,4030033.05121958,2125,2054,186,1868,202617
2024-11-08,SafePal,6877.6284612,97,50,0,50,727
2024-11-09,Cypher,114715.70612966544,191,95,16,79,4017
2024-11-09,Exa,203.59999999999997,19,6,2,4,39
2024-11-09,Gnosis,150948.27559376988,2375,938,19,919,3998
2024-11-09,Holyheld,108283.3246422114,143,44,2,42,1381
2024-11-09,Karta,0.0,0,0,0,0,1
2024-11-09,KAST,17543.55178400001,114,83,42,41,2621
2024-11-09,MetaMask,13051.886970778123,204,101,6,95,1181
2024-11-09,RedotPay,4200030.560306602,5381,5203,540,4663,203157
2024-11-09,SafePal,8256.312184499999,126,56,8,48,735
2024-11-10,Cypher,113421.80929551696,217,142,15,127,4032
2024-11-10,Exa,0.0,0,0,0,0,39
2024-11-10,Gnosis,98642.66677785009,1942,773,10,763,4008
2024-11-10,Holyheld,83215.10325374527,124,49,4,45,1385
2024-11-10,Karta,15528.23,1,1,0,1,1
2024-11-10,KAST,5802.158106000003,104,74,35,39,2656
2024-11-10,MetaMask,16360.20323393823,210,96,9,87,1190
2024-11-10,Ready,0.02,2,1,1,0,1
2024-11-10,RedotPay,3295384.553647124,2523,2468,272,2196,203429
2024-11-10,SafePal,7835.695114,125,68,1,67,736
2024-11-11,Cypher,62593.63741877543,188,117,11,106,4043
2024-11-11,Exa,302.0799999999999,22,8,3,5,42
2024-11-11,Gnosis,142488.45357509993,2033,836,23,813,4031
2024-11-11,Holyheld,335466.7467500037,136,49,6,43,1391
2024-11-11,Karta,0.0,0,0,0,0,1
2024-11-11,KAST,76316.49707299998,108,83,43,40,2699
2024-11-11,MetaMask,16997.373407736104,247,112,17,95,1207
2024-11-11,Ready,0.01,1,1,1,0,2
2024-11-11,RedotPay,3346742.582912353,13734,13714,4052,9662,207481
2024-11-11,SafePal,6625.597188150003,165,66,1,65,737
2024-11-12,Cypher,74681.12804055325,170,110,11,99,4054
2024-11-12,Exa,1735.5700020000002,85,21,8,13,50
2024-11-12,Gnosis,120164.29273427003,1671,786,14,772,4045
2024-11-12,Holyheld,136218.87833080898,116,37,3,34,1394
2024-11-12,Karta,24474.32,1,1,0,1,1
2024-11-12,KAST,2304406.770090496,1131,1079,400,679,3099
2024-11-12,MetaMask,16374.341452539184,282,133,18,115,1225
2024-11-12,Ready,175.54,31,6,4,2,6
2024-11-12,RedotPay,3382280.289661553,932,916,76,840,207557
2024-11-12,SafePal,5397.547909049998,118,56,2,54,739
2024-11-13,Cypher,180731.00635064585,195,121,13,108,4067
2024-11-13,Exa,329.0400000000001,26,13,6,7,56
2024-11-13,Gnosis,131204.01072029982,1973,901,15,886,4060
2024-11-13,Holyheld,47233.34082501051,105,29,5,24,1399
2024-11-13,Karta,31360.5,1,1,0,1,1
2024-11-13,KAST,11262.415810000002,122,93,52,41,3151
2024-11-13,MetaMask,13760.438844911107,272,120,15,105,1240
2024-11-13,Ready,61.05,9,7,2,5,8
2024-11-13,RedotPay,4950064.26620884,4105,4067,406,3661,207963
2024-11-13,SafePal,10211.328534719998,154,63,3,60,742
2024-11-14,Cypher,142510.7029148453,139,93,11,82,4078
2024-11-14,Exa,368.59999999999997,20,8,1,7,57
2024-11-14,Gnosis,135349.5288460501,1821,837,19,818,4079
2024-11-14,Holyheld,224431.05983081853,124,43,3,40,1402
2024-11-14,Karta,27791.14,1,1,0,1,1
2024-11-14,KAST,5326.994890000004,111,85,41,44,3192
2024-11-14,MetaMask,22652.905127977778,308,137,17,120,1257
2024-11-14,Ready,310.61,13,11,7,4,15
2024-11-14,RedotPay,4676809.006003933,4527,4500,559,3941,208522
2024-11-14,SafePal,6439.6307707,120,58,4,54,746
2024-11-15,Cypher,152153.6479893118,166,103,13,90,4091
2024-11-15,Exa,611.47,31,16,7,9,64
2024-11-15,Gnosis,158394.22214376976,2337,934,18,916,4097
2024-11-15,Holyheld,289255.38398655114,158,65,5,60,1407
2024-11-15,Karta,89204.7,1,1,0,1,1
2024-11-15,KAST,19886.14394100001,140,115,46,69,3238
2024-11-15,MetaMask,24868.75585550499,307,123,10,113,1267
2024-11-15,Ready,718.28,12,12,5,7,20
2024-11-15,RedotPay,4688575.781947674,2242,2221,175,2046,208697
2024-11-15,SafePal,7894.123138440002,155,68,1,67,747
2024-11-16,Cypher,228092.77263519674,174,126,19,107,4110
2024-11-16,Exa,367.74,21,11,3,8,67
2024-11-16,Gnosis,147231.11314100027,2453,982,26,956,4123
2024-11-16,Holyheld,61380.999356858396,146,42,5,37,1412
2024-11-16,Karta,0.0,0,0,0,0,1
2024-11-16,KAST,780287.5623693804,784,746,198,548,3436
2024-11-16,MetaMask,17076.61637988835,377,144,13,131,1280
2024-11-16,Ready,887.1400000000001,13,12,2,10,22
2024-11-16,RedotPay,3280022.6268676436,1551,1531,193,1338,208890
2024-11-16,SafePal,5730.930884000001,191,71,3,68,750
2024-11-17,Cypher,136087.7625596048,174,117,20,97,4130
2024-11-17,Exa,2339.2700000000004,30,12,1,11,68
2024-11-17,Gnosis,128833.92923374,1935,802,9,793,4132
2024-11-17,Holyheld,74972.94457012347,100,39,2,37,1414
2024-11-17,Karta,33590.53,1,1,0,1,1
2024-11-17,KAST,12939.897273000004,124,98,40,58,3476
2024-11-17,MetaMask,9506.199524893327,262,114,9,105,1289
2024-11-17,Ready,237.61,11,10,4,6,26
2024-11-17,RedotPay,3724267.2200706895,10276,9746,1363,8383,210253
2024-11-17,SafePal,5209.6789370000015,136,58,3,55,753
2024-11-18,Cypher,158922.1695535958,158,100,16,84,4146
2024-11-18,Exa,1260.0900000000001,36,13,2,11,70
2024-11-18,Gnosis,158497.0539864601,2029,883,14,869,4146
2024-11-18,Holyheld,391259.40415483003,149,46,4,42,1418
2024-11-18,Karta,0.0,0,0,0,0,1
2024-11-18,KAST,18643.721602999987,136,109,53,56,3529
2024-11-18,MetaMask,14354.483956065971,280,143,11,132,1300
2024-11-18,Ready,610.52,13,10,2,8,28
2024-11-18,RedotPay,3600045.2452768413,9060,9037,1907,7130,212160
2024-11-18,SafePal,7972.38565104,139,72,7,65,760
2024-11-19,Cypher,110901.6111037156,150,103,10,93,4156
2024-11-19,Exa,1876.47,33,17,5,12,75
2024-11-19,Gnosis,125463.21316292013,2046,914,15,899,4161
2024-11-19,Holyheld,177178.97122378706,135,38,3,35,1421
2024-11-19,Karta,0.0,0,0,0,0,1
2024-11-19,KAST,227132.4760344719,329,305,78,227,3607
2024-11-19,MetaMask,24609.06493113072,281,143,13,130,1313
2024-11-19,Ready,1328.8200000000002,18,12,3,9,31
2024-11-19,RedotPay,4990240.211641483,2862,2806,294,2512,212454
2024-11-19,SafePal,13597.774253799995,168,76,4,72,764
2024-11-20,Cypher,75926.3833693682,145,97,12,85,4168
2024-11-20,Exa,1926.0999999999997,36,11,2,9,77
2024-11-20,Gnosis,165043.87700332026,1913,889,8,881,4169
2024-11-20,Holyheld,226708.79572526447,159,56,4,52,1425
2024-11-20,Karta,0.0,0,0,0,0,1
2024-11-20,KAST,37803.140105999955,172,143,62,81,3669
2024-11-20,MetaMask,17828.065062339065,301,153,21,132,1334
2024-11-20,Ready,1074.73,14,11,5,6,36
2024-11-20,RedotPay,5250044.651390047,6347,6142,1081,5061,213535
2024-11-20,SafePal,11295.701903000006,130,60,1,59,765
2024-11-21,Cypher,72789.59492382933,157,114,9,105,4177
2024-11-21,Exa,1280.88,43,21,7,14,84
2024-11-21,Gnosis,147541.30355380048,1990,899,21,878,4190
2024-11-21,Holyheld,171717.10439666588,162,47,3,44,1428
2024-11-21,Karta,0.0,0,0,0,0,1
2024-11-21,KAST,651425.4711818255,745,697,177,520,3846
2024-11-21,MetaMask,22229.284586738133,325,149,16,133,1350
2024-11-21,Ready,817.95,15,9,0,9,36
2024-11-21,RedotPay,4857996.9537670715,6576,6548,973,5575,214508
2024-11-21,SafePal,6795.987710800002,169,70,3,67,768
2024-11-22,BFinance,1.0,1,1,1,0,2
2024-11-22,Cypher,95225.73177974629,158,113,19,94,4196
2024-11-22,Exa,351.4500000000001,28,15,4,11,88
2024-11-22,Gnosis,175308.87636644024,2324,970,20,950,4210
2024-11-22,Holyheld,339276.883012789,177,62,3,59,1431
2024-11-22,Karta,60228.27,1,1,0,1,1
2024-11-22,KAST,14647.169541000005,215,157,69,88,3915
2024-11-22,MetaMask,22784.77401348052,322,152,14,138,1364
2024-11-22,Ready,1166.3400000000001,11,8,0,8,36
2024-11-22,RedotPay,4950055.0038840715,3029,2989,317,2672,214825
2024-11-22,SafePal,7484.213022599999,172,80,3,77,771
2024-11-23,Cypher,126251.18164095137,186,122,21,101,4217
2024-11-23,Exa,1293.0500000000002,37,16,3,13,91
2024-11-23,Gnosis,169733.15347983042,2605,1010,17,993,4227
2024-11-23,Holyheld,94051.16350318573,135,47,2,45,1433
2024-11-23,Karta,0.0,0,0,0,0,1
2024-11-23,KAST,34625.43550899992,186,157,68,89,3983
2024-11-23,MetaMask,20707.683163755573,353,150,14,136,1378
2024-11-23,Ready,908.7199999999999,7,5,0,5,36
2024-11-23,RedotPay,3400030.535979182,1093,1081,90,991,214915
2024-11-23,SafePal,8087.083011309997,201,82,2,80,773
2024-11-24,Cypher,83820.4210286092,162,119,12,107,4229
2024-11-24,Exa,402.19999999999993,20,8,1,7,92
2024-11-24,Gnosis,118460.4499550001,1934,850,17,833,4244
2024-11-24,Holyheld,24932.715422418572,168,42,6,36,1439
2024-11-24,Karta,0.0,0,0,0,0,1
2024-11-24,KAST,23200.177758999962,189,150,65,85,4048
2024-11-24,MetaMask,9869.903808295168,227,122,10,112,1388
2024-11-24,Ready,1172.99,7,7,1,6,37
2024-11-24,RedotPay,3550022.5439512674,6245,6160,665,5495,215580
2024-11-24,SafePal,9610.323714000004,156,65,1,64,774
2024-11-25,Cypher,195872.134127493,207,152,33,119,4262
2024-11-25,Exa,985.1499999999999,27,13,1,12,93
2024-11-25,Gnosis,155633.22157637967,2205,931,18,913,4262
2024-11-25,Holyheld,319735.4187231035,190,72,3,69,1442
2024-11-25,Karta,21497.34,1,1,0,1,1
2024-11-25,KAST,16579.658891000003,226,179,95,84,4143
2024-11-25,MetaMask,20009.136203908758,310,140,23,117,1411
2024-11-25,Ready,761.5999999999999,15,14,2,12,39
2024-11-25,RedotPay,4087181.32806168,3894,3719,388,3331,215968
2024-11-25,SafePal,7933.656252599996,146,59,4,55,778
2024-11-26,Cypher,119452.78995552473,182,112,15,97,4277
2024-11-26,Exa,972.9699999999999,19,6,1,5,94
2024-11-26,Gnosis,141996.0720897601,2148,941,13,928,4275
2024-11-26,Holyheld,512195.3785713855,155,61,9,52,1451
2024-11-26,Karta,29661.86,1,1,0,1,1
2024-11-26,KAST,1421663.6878851282,1378,1341,597,744,4740
2024-11-26,MetaMask,17585.99273674042,336,169,23,146,1434
2024-11-26,Ready,2028.6200000000003,20,14,2,12,41
2024-11-26,RedotPay,5335328.855485859,5667,5603,680,4923,216648
2024-11-26,SafePal,9495.22402836,151,68,2,66,780
2024-11-27,Cypher,164493.21786534143,216,150,23,127,4300
2024-11-27,EtherFi,5.890000000000001,5,3,3,0,3
2024-11-27,Exa,2789.9,31,15,8,7,102
2024-11-27,Gnosis,154588.01091349983,2125,953,21,932,4296
2024-11-27,Holyheld,556006.1513195882,160,57,3,54,1454
2024-11-27,Karta,39061.26,1,1,0,1,1
2024-11-27,KAST,367114.90991952794,407,363,169,194,4909
2024-11-27,MetaMask,35001.08882879717,327,157,18,139,1452
2024-11-27,Ready,3430.6600000000003,19,13,5,8,46
2024-11-27,RedotPay,4839340.241380336,19447,19396,8169,11227,224817
2024-11-27,SafePal,5135.879251810002,145,68,5,63,785
2024-11-28,Cypher,126945.49392201996,190,129,19,110,4319
2024-11-28,EtherFi,84.62,4,3,2,1,5
2024-11-28,Exa,1178.3100000000002,33,19,6,13,108
2024-11-28,Gnosis,187901.53814404047,2326,969,19,950,4315
2024-11-28,Holyheld,149623.53098237966,185,55,7,48,1461
2024-11-28,Karta,42196.65,1,1,0,1,1
2024-11-28,KAST,28407.75440499991,305,244,123,121,5032
2024-11-28,MetaMask,14767.695840422926,342,165,17,148,1469
2024-11-28,Ready,272.34000000000003,8,7,0,7,46
2024-11-28,RedotPay,6950086.827927684,11015,10934,3482,7452,228299
2024-11-28,SafePal,13840.596828099997,139,71,2,69,787
2024-11-29,Cypher,160526.8758030821,255,165,25,140,4344
2024-11-29,EtherFi,427.45,10,4,3,1,8
2024-11-29,Exa,489.76,32,18,4,14,112
2024-11-29,Gnosis,265779.13153624954,2791,1101,23,1078,4338
2024-11-29,Holyheld,229648.64687944896,199,79,8,71,1469
2024-11-29,Karta,0.0,0,0,0,0,1
2024-11-29,KAST,32622.70907199998,291,252,107,145,5139
2024-11-29,MetaMask,29606.28703086939,425,203,24,179,1493
2024-11-29,Ready,75.77,8,6,1,5,47
2024-11-29,RedotPay,6629293.425248023,5513,5387,973,4414,229272
2024-11-29,SafePal,13146.951556750004,183,77,4,73,791
2024-11-30,Cypher,131781.92965251487,259,163,11,152,4355
2024-11-30,EtherFi,812.319999,16,7,2,5,10
2024-11-30,Exa,3655.030000000001,29,16,3,13,115
2024-11-30,Gnosis,219447.55412357973,2819,1088,29,1059,4367
2024-11-30,Holyheld,148604.2688677097,170,50,9,41,1478
2024-11-30,Karta,0.0,0,0,0,0,1
2024-11-30,KAST,42761.796715999924,320,247,107,140,5246
2024-11-30,MetaMask,26209.180889498653,413,175,28,147,1521
2024-11-30,Ready,687.0300000000001,10,9,3,6,50
2024-11-30,RedotPay,5230042.156780763,3740,3716,318,3398,229590
2024-11-30,SafePal,13763.213239420002,208,80,2,78,793
2024-12-01,Cypher,92677.0707463414,167,104,14,90,4369
2024-12-01,EtherFi,260.309999,8,5,0,5,10
2024-12-01,Exa,985.4700000000001,28,16,5,11,120
2024-12-01,Gnosis,200496.01417999994,2140,922,16,906,4383
2024-12-01,Holyheld,96077.50766721508,184,59,8,51,1486
2024-12-01,Karta,48888.53,1,1,0,1,1
2024-12-01,KAST,1479296.5110436964,923,789,178,611,5424
2024-12-01,MetaMask,29962.692700245003,419,181,20,161,1541
2024-12-01,Ready,639.6600000000001,10,7,3,4,53
2024-12-01,RedotPay,3350032.847402216,2562,2515,166,2349,229756
2024-12-01,SafePal,12569.291063999997,139,70,6,64,799
2024-12-02,Cypher,238616.96829059126,195,141,22,119,4391
2024-12-02,EtherFi,1061.23,11,6,1,5,11
2024-12-02,Exa,1283.9599999999998,40,19,4,15,124
2024-12-02,Gnosis,209688.66631185022,2262,1009,13,996,4396
2024-12-02,Holyheld,767514.6239759026,190,68,3,65,1489
2024-12-02,Karta,0.0,0,0,0,0,1
2024-12-02,KAST,223891.2985609999,639,560,216,344,5640
2024-12-02,MetaMask,15104.963343841531,356,180,17,163,1558
2024-12-02,Ready,897.4799999999999,9,8,2,6,55
2024-12-02,RedotPay,5182278.097949786,3109,2995,376,2619,230132
2024-12-02,SafePal,10354.787196539994,179,81,0,81,799
2024-12-03,Cypher,181562.29392483612,203,151,34,117,4425
2024-12-03,EtherFi,1284.42,13,8,1,7,12
2024-12-03,Exa,1537.6200000000003,45,26,10,16,134
2024-12-03,Gnosis,151218.18023398975,2145,977,17,960,4413
2024-12-03,Holyheld,375199.4554999162,152,56,6,50,1495
2024-12-03,Karta,64835.03,1,1,0,1,1
2024-12-03,KAST,34492.94639999992,365,274,123,151,5763
2024-12-03,MetaMask,15227.293868218048,371,186,24,162,1582
2024-12-03,Ready,621.51,13,10,2,8,57
2024-12-03,RedotPay,5580490.347965276,4595,4549,507,4042,230639
2024-12-03,SafePal,9746.54271504,171,71,2,69,801
2024-12-04,Cypher,119808.58927940145,213,143,18,125,4443
2024-12-04,EtherFi,565.3199970000001,46,9,2,7,14
2024-12-04,Exa,299.63000000000005,12,9,3,6,137
2024-12-04,Gnosis,176656.27261886958,2279,1000,21,979,4434
2024-12-04,Holyheld,270322.9403747802,157,57,3,54,1498
2024-12-04,Karta,0.0,0,0,0,0,1
2024-12-04,KAST,316329.6670336911,469,385,173,212,5936
2024-12-04,MetaMask,17601.987439902197,378,211,32,179,1614
2024-12-04,Ready,264.5,10,8,1,7,58
2024-12-04,RedotPay,6179483.356334239,6024,5965,740,5225,231379
2024-12-04,SafePal,6890.353994499999,162,89,5,84,806
2024-12-05,Cypher,281139.3425458903,240,145,20,125,4463
2024-12-05,EtherFi,1773.31,22,9,0,9,14
2024-12-05,Exa,1464.42,43,22,5,17,142
2024-12-05,Gnosis,166957.70453147986,2357,1008,25,983,4459
2024-12-05,Holyheld,239562.63793013184,154,56,3,53,1501
2024-12-05,Karta,0.0,0,0,0,0,1
2024-12-05,KAST,716219.6087480001,637,568,168,400,6104
2024-12-05,MetaMask,21525.789356832418,405,207,27,180,1641
2024-12-05,Ready,954.04,10,9,0,9,58
2024-12-05,RedotPay,4354948.413813097,7237,7210,895,6315,232274
2024-12-05,SafePal,5710.620533200001,155,77,6,71,812
2024-12-06,Cypher,131413.9245418249,251,154,27,127,4490
2024-12-06,EtherFi,336.99000000000007,16,5,0,5,14
2024-12-06,Exa,1916.81,45,21,11,10,153
2024-12-06,Gnosis,178555.3509980497,2516,1060,22,1038,4481
2024-12-06,Holyheld,206170.176201659,171,57,6,51,1507
2024-12-06,Karta,0.0,0,0,0,0,1
2024-12-06,KAST,41838.07138999992,405,318,114,204,6218
2024-12-06,MetaMask,29920.835942138903,474,216,23,193,1664
2024-12-06,Ready,452.0000000000001,16,13,2,11,60
2024-12-06,RedotPay,6150071.467671898,8361,8269,1498,6771,233772
2024-12-06,SafePal,11063.898624059993,188,86,3,83,815
2024-12-07,Cypher,84641.66268434297,192,125,10,115,4500
2024-12-07,EtherFi,1614.25,16,8,1,7,15
2024-12-07,Exa,1867.55,47,23,3,20,156
2024-12-07,Gnosis,189119.46386962035,2806,1102,16,1086,4497
2024-12-07,Holyheld,152118.5772753242,138,49,7,42,1514
2024-12-07,Karta,0.0,0,0,0,0,1
2024-12-07,KAST,61043.185730999896,401,320,139,181,6357
2024-12-07,MetaMask,23066.585394720405,443,218,35,183,1699
2024-12-07,Ready,965.8000000000002,16,13,1,12,61
2024-12-07,RedotPay,2950040.9809110854,1468,1449,95,1354,233867
2024-12-07,SafePal,8808.074326919994,190,87,1,86,816
2024-12-08,Cypher,66810.69768375912,154,112,13,99,4513
2024-12-08,EtherFi,1444.2699990000003,12,6,0,6,15
2024-12-08,Exa,717.32,24,15,0,15,156
2024-12-08,Gnosis,152761.7462196002,2069,930,7,923,4504
2024-12-08,Holyheld,66222.95543382135,111,40,2,38,1516
2024-12-08,Karta,0.0,0,0,0,0,1
2024-12-08,KAST,45832.223750999874,364,294,128,166,6485
2024-12-08,MetaMask,21073.7645293336,355,183,24,159,1723
2024-12-08,Ready,674.62,15,12,0,12,61
2024-12-08,RedotPay,5300070.414123872,5236,5172,554,4618,234421
2024-12-08,SafePal,6731.664367500002,111,63,4,59,820
2024-12-09,Cypher,121246.81717681713,315,228,108,120,4621
2024-12-09,EtherFi,649.53,14,8,0,8,15
2024-12-09,Exa,5655.770000000002,34,20,1,19,157
2024-12-09,Gnosis,203529.01548880033,2199,995,10,985,4514
2024-12-09,Holyheld,419021.321630376,152,55,8,47,1524
2024-12-09,Karta,0.0,0,0,0,0,1
2024-12-09,KAST,1306938.6515466894,920,746,211,535,6696
2024-12-09,MetaMask,17675.673290564704,435,202,25,177,1748
2024-12-09,Ready,4421.200000000001,16,11,0,11,61
2024-12-09,RedotPay,3809323.492184805,1455,1434,143,1291,234564
2024-12-09,SafePal,11924.809695040003,161,87,5,82,825
2024-12-10,BFinance,2.32,19,1,1,0,4
2024-12-10,Cypher,303351.2914347472,328,253,132,121,4753
2024-12-10,EtherFi,1131.82,23,9,0,9,15
2024-12-10,Exa,1828.3700000000008,30,19,2,17,159
2024-12-10,Gnosis,180546.3018770501,2216,1006,9,997,4523
2024-12-10,Holyheld,263328.11850071885,135,48,3,45,1527
2024-12-10,Karta,32698.58,1,1,0,1,1
2024-12-10,KAST,1682715.462736612,1277,1207,674,533,7370
2024-12-10,MetaMask,23253.88591101021,455,211,21,190,1769
2024-12-10,Ready,3337.3200000000006,23,18,2,16,63
2024-12-10,RedotPay,5630058.891952756,4864,4831,417,4414,234981
2024-12-10,SafePal,17688.635361400007,160,87,7,80,832
2024-12-11,BFinance,17.88,3,3,2,1,6
2024-12-11,Cypher,188175.37710058744,334,238,98,140,4851
2024-12-11,EtherFi,1081.909999,22,12,1,11,16
2024-12-11,Exa,1416.4399999999998,30,18,2,16,161
2024-12-11,Gnosis,169216.8550469698,2238,1006,7,999,4530
2024-12-11,Holyheld,335875.5942902866,147,46,5,41,1532
2024-12-11,Karta,0.0,0,0,0,0,1
2024-12-11,KAST,142324.88517199992,406,324,108,216,7478
2024-12-11,MetaMask,18331.462622786727,399,218,32,186,1801
2024-12-11,Ready,673.63,14,11,1,10,64
2024-12-11,RedotPay,6149096.517786769,6248,6185,752,5433,235733
2024-12-11,SafePal,13430.961698599998,189,91,3,88,835
2024-12-12,BFinance,30.0,3,1,0,1,6
2024-12-12,Cypher,221086.57025323735,291,215,68,147,4919
2024-12-12,EtherFi,815.97,16,8,0,8,16
2024-12-12,Exa,2099.4500000000003,36,17,4,13,165
2024-12-12,Gnosis,178992.86349104968,2275,1009,13,996,4543
2024-12-12,Holyheld,280127.1007558276,179,55,6,49,1538
2024-12-12,Karta,24012.93,1,1,0,1,1
2024-12-12,KAST,1220327.2774233387,1044,793,235,558,7713
2024-12-12,MetaMask,23723.63029472645,475,250,46,204,1847
2024-12-12,Ready,1532.62,22,15,1,14,65
2024-12-12,RedotPay,3900056.4943152037,3477,3459,292,3167,236025
2024-12-12,SafePal,9574.132329599994,189,87,3,84,838
2024-12-13,BFinance,4137.79,61,21,21,0,27
2024-12-13,Cypher,157166.16783792147,263,187,54,133,4973
2024-12-13,EtherFi,22149.589999999993,21,10,0,10,16
2024-12-13,Exa,1956.0799999999992,59,31,9,22,174
2024-12-13,Gnosis,187621.95166486935,2534,1080,16,1064,4559
2024-12-13,Holyheld,289117.18655179744,194,62,6,56,1544
2024-12-13,Karta,24430.06,1,1,0,1,1
2024-12-13,KAST,489921.84552900033,635,548,120,428,7833
2024-12-13,MetaMask,16981.538550221678,545,268,58,210,1905
2024-12-13,Ready,871.14,19,16,1,15,66
2024-12-13,RedotPay,5590975.044309092,5551,5491,640,4851,236665
2024-12-13,SafePal,10124.173319100004,214,92,5,87,843
2024-12-14,BFinance,1359.38,76,39,33,6,60
2024-12-14,Cypher,350894.9624871215,261,192,39,153,5012
2024-12-14,EtherFi,2222.8500000000004,23,9,0,9,16
2024-12-14,Exa,2497.179999999999,66,32,5,27,179
2024-12-14,Gnosis,209636.92013408022,2789,1104,11,1093,4570
2024-12-14,Holyheld,116319.93310639414,159,54,4,50,1548
2024-12-14,Karta,67294.73,1,1,0,1,1
2024-12-14,KAST,62028.076880999906,420,339,114,225,7947
2024-12-14,MetaMask,23601.804909474828,529,258,48,210,1953
2024-12-14,Ready,3476.0399999999995,13,11,2,9,68
2024-12-14,RedotPay,3100027.532503129,1520,1501,81,1420,236746
2024-12-14,SafePal,11430.782072099995,243,91,4,87,847
2024-12-15,BFinance,4385.64,67,35,20,15,80
2024-12-15,Cypher,93601.38373212982,181,127,25,102,5037
2024-12-15,EtherFi,5478.769999,33,14,4,10,20
2024-12-15,Exa,2182.4299999999985,81,26,4,22,183
2024-12-15,Gnosis,147644.14223345983,2060,922,6,916,4576
2024-12-15,Holyheld,60376.977473466344,131,49,4,45,1552
2024-12-15,Karta,0.0,0,0,0,0,1
2024-12-15,KAST,215039.48989799988,428,362,96,266,8043
2024-12-15,MetaMask,18626.59577521876,486,224,37,187,1990
2024-12-15,Ready,442.92999999999995,11,10,0,10,68
2024-12-15,RedotPay,3180029.6335476795,29853,29247,13381,15866,250127
2024-12-15,SafePal,8148.316242000001,183,81,5,76,852
2024-12-16,BFinance,2660.9,82,41,29,12,109
2024-12-16,Cypher,175569.96781890022,236,159,34,125,5071
2024-12-16,EtherFi,800.8600000000001,31,11,0,11,20
2024-12-16,Exa,3140.610000000001,59,22,2,20,185
2024-12-16,Gnosis,188030.8552583299,2214,1006,13,993,4589
2024-12-16,Holyheld,400926.51240288955,160,51,4,47,1556
2024-12-16,Karta,0.0,0,0,0,0,1
2024-12-16,KAST,1056383.744473002,1360,1207,503,704,8546
2024-12-16,MetaMask,17041.583215159993,549,267,45,222,2035
2024-12-16,Ready,3612.17,21,14,1,13,69
2024-12-16,RedotPay,6878005.453696196,6352,6303,1633,4670,251760
2024-12-16,SafePal,10626.370666120012,176,85,5,80,857
2024-12-17,BFinance,1420.85,120,40,19,21,128
2024-12-17,Cypher,221197.48463790084,201,149,32,117,5103
2024-12-17,EtherFi,2246.26,26,11,1,10,21
2024-12-17,Exa,2839.4700000000003,57,26,3,23,188
2024-12-17,Gnosis,168417.54114624023,2292,1023,14,1009,4603
2024-12-17,Holyheld,232730.93410791765,165,62,2,60,1558
2024-12-17,Karta,20728.63,1,1,0,1,1
2024-12-17,KAST,572258.7921394448,780,695,382,313,8928
2024-12-17,MetaMask,28198.602462079056,567,285,38,247,2073
2024-12-17,Ready,844.11,17,13,0,13,69
2024-12-17,RedotPay,4849104.687280549,1722,1697,180,1517,251940
2024-12-17,SafePal,8388.877963599996,198,92,10,82,867
2024-12-18,Avici,30.28,1,1,1,0,1
2024-12-18,BFinance,1683.67,80,39,17,22,145
2024-12-18,Cypher,107927.31423181474,230,170,46,124,5149
2024-12-18,EtherFi,1131.779999,42,13,1,12,22
2024-12-18,Exa,4196.03,47,30,4,26,192
2024-12-18,Gnosis,185363.65104812031,2365,1037,10,1027,4613
2024-12-18,Holyheld,240305.23229909703,151,50,3,47,1561
2024-12-18,Karta,88297.3,1,1,0,1,1
2024-12-18,KAST,753942.7819632693,870,735,158,577,9086
2024-12-18,MetaMask,30877.576653883323,554,291,49,242,2122
2024-12-18,Ready,434.04,20,15,1,14,70
2024-12-18,RedotPay,5500065.757691009,4005,3959,364,3595,252304
2024-12-18,SafePal,7153.547477760002,224,91,3,88,870
2024-12-19,Avici,1.86,1,1,0,1,1
2024-12-19,BFinance,2445.45,108,37,20,17,165
2024-12-19,Cypher,110653.20368615033,228,154,33,121,5182
2024-12-19,EtherFi,7196.79,23,10,0,10,22
2024-12-19,Exa,1403.3699999999994,47,22,2,20,194
2024-12-19,Gnosis,182159.5300563109,2492,1051,13,1038,4626
2024-12-19,Holyheld,236842.54523490547,169,42,6,36,1567
2024-12-19,Karta,0.0,0,0,0,0,1
2024-12-19,KAST,405432.926895,739,645,222,423,9308
2024-12-19,MetaMask,34475.6908118993,554,256,33,223,2155
2024-12-19,Ready,785.4699999999998,18,13,0,13,70
2024-12-19,RedotPay,4886060.696236535,4426,4367,425,3942,252729
2024-12-19,SafePal,8442.270601639999,222,109,21,88,891
2024-12-20,Avici,0.0,0,0,0,0,1
2024-12-20,BFinance,3039.65,102,45,21,24,186
2024-12-20,Cypher,83072.55433002581,222,169,39,130,5221
2024-12-20,EtherFi,8476.59600000001,97,14,1,13,23
2024-12-20,Exa,5580.779999999999,62,37,4,33,198
2024-12-20,Gnosis,191875.38677274948,2613,1087,16,1071,4642
2024-12-20,Holyheld,275719.84515509225,155,55,3,52,1570
2024-12-20,Karta,24685.25,1,1,0,1,1
2024-12-20,KAST,415820.7183292493,700,601,133,468,9441
2024-12-20,MetaMask,28903.492800684766,577,266,29,237,2184
2024-12-20,Ready,923.23,15,12,0,12,70
2024-12-20,RedotPay,5151162.923660707,3025,2993,423,2570,253152
2024-12-20,SafePal,8877.700369469998,250,128,19,109,910
2024-12-21,Avici,2.35,1,1,0,1,1
2024-12-21,BFinance,1887.06,137,49,20,29,206
2024-12-21,Cypher,86986.15990168093,214,157,29,128,5250
2024-12-21,EtherFi,4101.979998999999,54,13,1,12,24
2024-12-21,Exa,3252.8199999999993,68,26,3,23,201
2024-12-21,Gnosis,164991.16212400032,2809,1052,10,1042,4652
2024-12-21,Holyheld,91228.93346144038,156,52,6,46,1576
2024-12-21,Karta,0.0,0,0,0,0,1
2024-12-21,KAST,76275.9109559999,421,318,61,257,9502
2024-12-21,MetaMask,21762.06051023702,508,245,33,212,2217
2024-12-21,Ready,583.88,13,10,0,10,70
2024-12-21,RedotPay,4439955.307658387,2216,2190,152,2038,253304
2024-12-21,SafePal,12237.22835319999,307,139,27,112,937
2024-12-22,Avici,17.51,2,2,2,0,3
2024-12-22,BFinance,1254.85,58,28,7,21,213
2024-12-22,Cypher,109232.21678374124,202,147,25,122,5275
2024-12-22,EtherFi,3387.6600000000008,47,16,0,16,24
2024-12-22,Exa,4115.619999999999,73,35,5,30,206
2024-12-22,Gnosis,173745.0798852301,2072,912,7,905,4659
2024-12-22,Holyheld,98816.9374745462,134,35,6,29,1582
2024-12-22,Karta,29902.21,1,1,0,1,1
2024-12-22,KAST,1012780.4884619997,967,886,276,610,9778
2024-12-22,MetaMask,17825.11477802319,439,224,25,199,2242
2024-12-22,Ready,1767.0700000000002,16,11,0,11,70
2024-12-22,RedotPay,3500039.2002888774,1419,1396,81,1315,253385
2024-12-22,SafePal,8959.122459600003,263,108,12,96,949
2024-12-23,Avici,13.22,4,4,1,3,4
2024-12-23,BFinance,2330.56,120,43,12,31,225
2024-12-23,Cypher,166383.95181066936,245,161,33,128,5308
2024-12-23,EtherFi,14686.58,31,12,0,12,24
2024-12-23,Exa,3006.65,80,32,7,25,213
2024-12-23,Gnosis,195431.45571522036,2733,1089,13,1076,4672
2024-12-23,Holyheld,416064.6110449118,202,74,4,70,1586
2024-12-23,Karta,23022.09,1,1,0,1,1
2024-12-23,KAST,398080.02288500004,819,701,158,543,9936
2024-12-23,MetaMask,26518.84556247002,551,274,40,234,2282
2024-12-23,Ready,681.62,16,13,0,13,70
2024-12-23,RedotPay,6451592.745789427,8364,8234,1260,6974,254645
2024-12-23,SafePal,9758.843956539993,320,145,28,117,977
2024-12-24,Avici,5.3,1,1,0,1,4
2024-12-24,BFinance,3140.68,122,54,19,35,244
2024-12-24,Cypher,163069.51010436186,267,188,39,149,5347
2024-12-24,EtherFi,8519.68,24,13,2,11,26
2024-12-24,Exa,2140.069999999999,62,37,7,30,220
2024-12-24,Gnosis,136310.45972618007,2020,847,10,837,4682
2024-12-24,Holyheld,279293.51023853547,138,42,3,39,1589
2024-12-24,Karta,0.0,0,0,0,0,1
2024-12-24,KAST,875000.7299182706,761,559,150,409,10086
2024-12-24,MetaMask,19212.187783816382,465,219,21,198,2303
2024-12-24,Ready,2220.7200000000003,18,14,1,13,71
2024-12-24,RedotPay,4950059.217465042,2647,2617,552,2065,255197
2024-12-24,SafePal,10544.025202019995,290,144,23,121,1000
2024-12-25,Avici,28.560000000000002,2,2,1,1,5
2024-12-25,BFinance,7055.9,157,68,29,39,273
2024-12-25,Cypher,107069.88792602699,245,173,39,134,5386
2024-12-25,EtherFi,395.0,5,4,0,4,26
2024-12-25,Exa,879.1899999999999,34,16,2,14,222
2024-12-25,Gnosis,78114.80518699999,1018,512,5,507,4687
2024-12-25,Holyheld,49149.807612745026,94,32,0,32,1589
2024-12-25,Karta,49452.91,1,1,0,1,1
2024-12-25,KAST,32253.804578166622,212,168,49,119,10135
2024-12-25,MetaMask,11496.025249162945,258,145,16,129,2319
2024-12-25,Ready,1244.58,20,13,1,12,72
2024-12-25,RedotPay,6044864.534710471,4328,4268,629,3639,255826
2024-12-25,SafePal,4384.67798979,221,110,16,94,1016
2024-12-26,Avici,24.23,3,3,0,3,5
2024-12-26,BFinance,3908.97,152,69,25,44,298
2024-12-26,Cypher,91031.89748705269,237,162,47,115,5433
2024-12-26,EtherFi,4405.419999,28,11,0,11,26
2024-12-26,Exa,3862.8099999999995,56,40,5,35,227
2024-12-26,Gnosis,152219.38820458003,1842,841,11,830,4698
2024-12-26,Holyheld,78710.59737412543,120,43,4,39,1593
2024-12-26,Karta,0.0,0,0,0,0,1
2024-12-26,KAST,439094.9680360002,478,395,75,320,10210
2024-12-26,MetaMask,13142.560360821257,332,178,21,157,2340
2024-12-26,Ready,432.13,12,11,0,11,72
2024-12-26,RedotPay,3600040.376255334,2925,2900,221,2679,256047
2024-12-26,SafePal,13945.758918859989,385,175,53,122,1069
2024-12-27,Avici,54.050000000000004,3,3,0,3,5
2024-12-27,BFinance,3945.73,217,79,32,47,330
2024-12-27,Cypher,260792.42677484496,319,213,44,169,5477
2024-12-27,EtherFi,4718.339998999999,28,12,1,11,27
2024-12-27,Exa,1906.4399999999998,65,38,12,26,239
2024-12-27,Gnosis,207631.95015724,2500,1044,27,1017,4725
2024-12-27,Holyheld,372202.41016631835,172,57,5,52,1598
2024-12-27,Karta,0.0,0,0,0,0,1
2024-12-27,KAST,276730.3384309999,688,623,118,505,10328
2024-12-27,MetaMask,17799.6831239475,502,233,22,211,2362
2024-12-27,Ready,3635.5699999999993,18,12,0,12,72
2024-12-27,RedotPay,4486246.357936309,4019,3985,351,3634,256398
2024-12-27,SafePal,9536.40996651,416,189,32,157,1101
2024-12-28,Avici,181.3,4,4,2,2,7
2024-12-28,BFinance,4176.74,199,76,21,55,351
2024-12-28,Cypher,103079.61648753352,213,155,40,115,5517
2024-12-28,EtherFi,2554.829998,39,15,3,12,30
2024-12-28,Exa,5557.2699999999995,104,50,9,41,248
2024-12-28,Gnosis,148189.17063834975,2486,1026,9,1017,4734
2024-12-28,Holyheld,65058.56357660202,131,42,3,39,1601
2024-12-28,Karta,0.0,0,0,0,0,1
2024-12-28,KAST,30304.186437999975,270,210,33,177,10361
2024-12-28,MetaMask,17211.270159355216,504,236,29,207,2391
2024-12-28,Ready,1889.6100000000001,19,11,0,11,72
2024-12-28,RedotPay,3050041.229614823,1132,1118,69,1049,256467
2024-12-28,SafePal,11140.802209470006,485,216,60,156,1161
2024-12-29,Avici,563.6800000000001,7,7,3,4,10
2024-12-29,BFinance,2938.45,179,82,29,53,380
2024-12-29,Cypher,92786.21664163632,203,135,34,101,5551
2024-12-29,EtherFi,607.6199999999999,14,8,2,6,32
2024-12-29,Exa,2336.5199999999986,68,37,8,29,256
2024-12-29,Gnosis,137098.00452612003,1976,888,6,882,4740
2024-12-29,Holyheld,82034.4755276744,136,47,5,42,1606
2024-12-29,Karta,0.0,0,0,0,0,1
2024-12-29,KAST,547550.2047239998,441,392,56,336,10417
2024-12-29,MetaMask,22250.158965284776,447,214,28,186,2419
2024-12-29,Ready,673.24,15,10,1,9,73
2024-12-29,RedotPay,3350041.298862141,987,967,70,897,256537
2024-12-29,SafePal,12856.799894920006,419,189,39,150,1200
2024-12-30,Avici,153.41,7,7,1,6,11
2024-12-30,BFinance,5748.31,206,86,29,57,409
2024-12-30,Cypher,136810.63107922595,252,175,36,139,5587
2024-12-30,EtherFi,3604.909999999999,26,12,3,9,35
2024-12-30,Exa,16364.409999999989,157,58,12,46,268
2024-12-30,Gnosis,221783.9874148901,2866,1099,13,1086,4753
2024-12-30,Holyheld,641333.8903580059,150,49,1,48,1607
2024-12-30,Karta,0.0,0,0,0,0,1
2024-12-30,KAST,792147.0468450002,1122,1033,288,745,10705
2024-12-30,MetaMask,25574.40756971571,605,232,19,213,2438
2024-12-30,Ready,722.25,14,10,0,10,73
2024-12-30,RedotPay,6169905.881449452,6346,6297,640,5657,257177
2024-12-30,SafePal,23229.169877970002,499,218,38,180,1238
2024-12-31,Avici,98.15,5,5,1,4,12
2024-12-31,BFinance,3572.97,220,84,22,62,431
2024-12-31,Cypher,208919.76823307047,224,175,23,152,5610
2024-12-31,EtherFi,17688.449999999993,51,18,5,13,40
2024-12-31,Exa,4844.649999999999,105,53,14,39,282
2024-12-31,Gnosis,178225.99463042026,2320,996,13,983,4766
2024-12-31,Holyheld,132178.58870359225,141,45,3,42,1610
2024-12-31,Karta,0.0,0,0,0,0,1
2024-12-31,KAST,1374727.5647724192,690,592,180,412,10885
2024-12-31,MetaMask,28245.2303964343,561,254,29,225,2467
2024-12-31,Ready,1389.5299999999997,18,10,0,10,73
2024-12-31,RedotPay,4350058.0498505365,3027,2917,216,2701,257393
2024-12-31,SafePal,10232.178486160003,464,212,40,172,1278
2025-01-01,Avici,278.25,10,10,4,6,16
2025-01-01,BFinance,5657.97,160,69,13,56,444
2025-01-01,Cypher,148710.45364419057,197,142,21,121,5631
2025-01-01,EtherFi,5699.249997999999,43,17,2,15,42
2025-01-01,Exa,3056.7799999999997,88,39,2,37,284
2025-01-01,Gnosis,111800.13009717994,1539,748,7,741,4773
2025-01-01,Holyheld,104389.62056019048,88,31,1,30,1611
2025-01-01,Karta,0.0,0,0,0,0,1
2025-01-01,KAST,193620.87609399986,441,370,54,316,10939
2025-01-01,MetaMask,14225.348556813831,341,167,13,154,2480
2025-01-01,Ready,1534.3200000000002,14,13,0,13,73
2025-01-01,RedotPay,4000040.578246356,8196,8170,1098,7072,258491
2025-01-01,SafePal,6031.669035479999,425,197,42,155,1320
2025-01-02,Avici,240.46999999999997,11,11,2,9,18
2025-01-02,BFinance,5136.55,213,73,21,52,465
2025-01-02,Cypher,138573.28906191947,237,180,27,153,5658
2025-01-02,EtherFi,10785.449998999995,65,21,3,18,45
2025-01-02,Exa,12598.330000000004,110,55,4,51,288
2025-01-02,Gnosis,181796.94478672004,2538,1054,24,1030,4797
2025-01-02,Holyheld,524390.6605640511,163,57,7,50,1618
2025-01-02,Karta,0.0,0,0,0,0,1
2025-01-02,KAST,613210.0054049997,1100,984,342,642,11281
2025-01-02,MetaMask,17778.526244739587,472,230,25,205,2505
2025-01-02,Ready,1019.1800000000001,12,11,0,11,73
2025-01-02,RedotPay,5500086.747109448,12801,12761,2887,9874,261378
2025-01-02,SafePal,8489.983148700003,440,214,28,186,1348
2025-01-03,Avici,363.63,10,10,1,9,19
2025-01-03,BFinance,4700.52,188,71,16,55,481
2025-01-03,Cypher,149070.1334820107,229,168,23,145,5681
2025-01-03,EtherFi,16157.020000000006,90,27,4,23,49
2025-01-03,Exa,5376.609999999999,115,59,11,48,299
2025-01-03,Gnosis,149064.08303060022,2487,1070,27,1043,4824
2025-01-03,Holyheld,278282.67288239737,177,46,2,44,1620
2025-01-03,Karta,0.0,0,0,0,0,1
2025-01-03,KAST,384108.71831699996,665,548,180,368,11461
2025-01-03,MetaMask,27042.30533473113,561,263,29,234,2534
2025-01-03,Ready,793.73,15,11,0,11,73
2025-01-03,RedotPay,6333147.30379667,8088,8017,1382,6635,262760
2025-01-03,SafePal,11358.552553219994,508,235,32,203,1380
2025-01-04,Avici,202.10000000000002,8,8,1,7,20
2025-01-04,BFinance,6274.08,307,72,16,56,497
2025-01-04,Cypher,113341.70526224106,244,176,39,137,5720
2025-01-04,EtherFi,6464.239999,59,23,4,19,53
2025-01-04,Exa,11309.56999999999,121,63,8,55,307
2025-01-04,Gnosis,169005.18897926007,2676,1109,21,1088,4845
2025-01-04,Holyheld,122895.36226410806,152,55,4,51,1624
2025-01-04,Karta,27976.43,1,1,0,1,1
2025-01-04,KAST,392477.36939700006,845,764,205,559,11666
2025-01-04,MetaMask,24046.468022423338,529,250,22,228,2556
2025-01-04,Ready,1137.9199999999998,15,11,1,10,74
2025-01-04,RedotPay,4640445.3888931,8853,8765,2720,6045,265480
2025-01-04,SafePal,9537.293325250008,477,220,28,192,1408
2025-01-05,Avici,95.74,10,10,2,8,22
2025-01-05,BFinance,12389.76,190,70,12,58,509
2025-01-05,Cypher,154866.59352352878,275,189,37,152,5757
2025-01-05,EtherFi,29665.549997000002,56,18,2,16,55
2025-01-05,Exa,11872.13,109,62,12,50,319
2025-01-05,Gnosis,124539.20011746003,1868,888,12,876,4857
2025-01-05,Holyheld,69520.971361716,118,33,2,31,1626
2025-01-05,Karta,0.0,0,0,0,0,1
2025-01-05,KAST,78701.20228854181,454,359,102,257,11768
2025-01-05,MetaMask,20484.38915914378,439,212,13,199,2569
2025-01-05,Ready,2758.2900000000004,22,16,0,16,74
2025-01-05,RedotPay,3995339.2731496007,2978,2950,346,2604,265826
2025-01-05,SafePal,9031.389529880002,505,218,20,198,1428
2025-01-06,Avici,212.26,14,14,5,9,27
2025-01-06,BFinance,3716.52,158,62,11,51,520
2025-01-06,Cypher,210955.41359383505,294,202,40,162,5797
2025-01-06,EtherFi,2439.390000000001,27,14,1,13,56
2025-01-06,Exa,7682.770000000001,119,64,11,53,330
2025-01-06,Gnosis,175333.61778832038,2089,977,17,960,4874
2025-01-06,Holyheld,370734.79433405725,137,45,6,39,1632
2025-01-06,Karta,29457.25,1,1,0,1,1
2025-01-06,KAST,329582.7918109997,837,740,148,592,11916
2025-01-06,MetaMask,22785.233544483537,474,245,24,221,2593
2025-01-06,Ready,3801.84,16,12,1,11,75
2025-01-06,RedotPay,5450082.148893757,4945,4891,547,4344,266373
2025-01-06,SafePal,11545.686547020005,471,227,25,202,1453
2025-01-07,Avici,366.54,11,11,3,8,30
2025-01-07,BFinance,4877.78,190,74,27,47,547
2025-01-07,Cypher,130813.81581424228,279,198,35,163,5832
2025-01-07,EtherFi,4359.040000000001,65,25,4,21,60
2025-01-07,Exa,10543.759999999993,130,63,8,55,338
2025-01-07,Gnosis,197051.85962392983,2239,1014,18,996,4892
2025-01-07,Holyheld,136454.20554601017,163,43,5,38,1637
2025-01-07,Karta,0.0,0,0,0,0,1
2025-01-07,KAST,525687.1264930003,1004,930,322,608,12238
2025-01-07,MetaMask,22484.971095616005,511,271,29,242,2622
2025-01-07,Ready,747.0100000000001,13,10,1,9,76
2025-01-07,RedotPay,6200077.66987985,3743,3587,461,3126,266834
2025-01-07,SafePal,18099.591187330014,575,276,42,234,1495
2025-01-08,Avici,228.10999999999996,8,8,2,6,32
2025-01-08,BFinance,11671.6,213,88,25,63,572
2025-01-08,Cypher,133043.72578868543,207,149,26,123,5858
2025-01-08,EtherFi,4768.039999,44,18,2,16,62
2025-01-08,Exa,9070.719999999998,129,59,12,47,350
2025-01-08,Gnosis,179728.42626126026,2351,1069,29,1040,4921
2025-01-08,Holyheld,230280.25173203315,131,50,3,47,1640
2025-01-08,Karta,0.0,0,0,0,0,1
2025-01-08,KAST,84540.91899899988,468,374,107,267,12345
2025-01-08,MetaMask,22331.873971973266,460,248,21,227,2643
2025-01-08,Ready,920.92,21,15,1,14,77
2025-01-08,RedotPay,3817477.4412807403,3584,3568,459,3109,267293
2025-01-08,SafePal,11460.727049160003,566,260,30,230,1525
2025-01-09,Avici,0.0,0,0,0,0,32
2025-01-09,BFinance,4459.96,163,82,19,63,591
2025-01-09,Cypher,184284.9032375957,233,162,19,143,5877
2025-01-09,EtherFi,9267.830000000004,107,26,1,25,63
2025-01-09,Exa,5752.050000000001,156,69,5,64,355
2025-01-09,Gnosis,162961.53241678013,2300,1090,35,1055,4956
2025-01-09,Holyheld,95687.46028993528,121,37,2,35,1642
2025-01-09,Karta,0.0,0,0,0,0,1
2025-01-09,KAST,555869.0866169448,740,643,122,521,12467
2025-01-09,MetaMask,25047.837999186166,515,244,19,225,2662
2025-01-09,Ready,436.71999999999997,12,8,0,8,77
2025-01-09,RedotPay,5850054.440416432,5612,5516,587,4929,267880
2025-01-09,SafePal,13413.544951540005,499,243,38,205,1563
2025-01-10,Avici,0.0,0,0,0,0,32
2025-01-10,BFinance,5627.18,240,98,24,74,615
2025-01-10,Cypher,234739.3588785281,233,160,21,139,5898
2025-01-10,EtherFi,6132.3299990000005,71,26,3,23,66
2025-01-10,Exa,6445.700000000001,156,73,7,66,362
2025-01-10,Gnosis,158644.88663966022,2629,1134,43,1091,4999
2025-01-10,Holyheld,254712.0229035915,150,51,6,45,1648
2025-01-10,Karta,0.0,0,0,0,0,1
2025-01-10,KAST,1609936.0596564235,1305,1167,414,753,12881
2025-01-10,MetaMask,33968.509913478505,569,274,27,247,2689
2025-01-10,Ready,3427.859999999999,22,16,0,16,77
2025-01-10,RedotPay,4182380.1579849003,6315,6278,953,5325,268833
2025-01-10,SafePal,13438.982201509996,863,473,242,231,1805
2025-01-11,Avici,0.0,0,0,0,0,32
2025-01-11,BFinance,8316.2,273,102,27,75,642
2025-01-11,Cypher,135287.67844222355,208,152,28,124,5926
2025-01-11,EtherFi,10643.979999,64,24,1,23,67
2025-01-11,Exa,5821.930000000003,152,64,7,57,369
2025-01-11,Gnosis,165264.01060227028,2694,1132,34,1098,5033
2025-01-11,Holyheld,85839.19140382535,136,46,5,41,1653
2025-01-11,Karta,0.0,0,0,0,0,1
2025-01-11,KAST,58844.234549999834,556,439,167,272,13048
2025-01-11,MetaMask,21056.252808218956,534,253,21,232,2710
2025-01-11,Ready,1073.5600000000002,15,12,0,12,77
2025-01-11,RedotPay,6230627.921198553,4953,4765,516,4249,269349
2025-01-11,SafePal,14339.221316250001,1172,575,243,332,2048
2025-01-12,Avici,0.0,0,0,0,0,32
2025-01-12,BFinance,5326.69,257,91,20,71,662
2025-01-12,Cypher,84368.44264153595,219,162,31,131,5957
2025-01-12,EtherFi,3935.409999000002,57,22,0,22,67
2025-01-12,Exa,5776.949999999998,148,68,6,62,375
2025-01-12,Gnosis,127415.2076559801,1976,899,16,883,5049
2025-01-12,Holyheld,92898.02098879745,117,42,4,38,1657
2025-01-12,Karta,0.0,0,0,0,0,1
2025-01-12,KAST,50184.93844499989,474,375,141,234,13189
2025-01-12,MetaMask,16469.521830483332,475,236,27,209,2737
2025-01-12,Ready,943.4299999999998,18,15,0,15,77
2025-01-12,RedotPay,3811913.413563873,6170,6066,951,5115,270300
2025-01-12,SafePal,12403.288968090008,1138,560,154,406,2202
2025-01-13,Avici,100.16000000000001,13,13,4,9,36
2025-01-13,BFinance,8476.15,269,96,16,80,678
2025-01-13,Cypher,106729.40254176155,211,151,31,120,5988
2025-01-13,EtherFi,13217.389998000002,51,25,2,23,69
2025-01-13,Exa,6493.989999999996,138,61,6,55,381
2025-01-13,Gnosis,169941.20530699036,2322,1054,23,1031,5072
2025-01-13,Holyheld,384107.2900206735,161,63,7,56,1664
2025-01-13,Karta,0.0,0,0,0,0,1
2025-01-13,KAST,87846.12606800009,482,382,127,255,13316
2025-01-13,MetaMask,19692.68518486917,457,236,22,214,2759
2025-01-13,Ready,1519.83,21,11,0,11,77
2025-01-13,RedotPay,3000022.2753837677,4953,4934,725,4209,271025
2025-01-13,SafePal,17564.652068880012,1118,567,153,414,2355
2025-01-14,Avici,748.6199999999999,11,11,2,9,38
2025-01-14,BFinance,5157.51,222,85,19,66,697
2025-01-14,Cypher,151441.16498502408,247,171,32,139,6020
2025-01-14,EtherFi,4395.080000000001,40,22,1,21,70
2025-01-14,Exa,5939.139999999999,136,71,6,65,387
2025-01-14,Gnosis,158754.03678572024,2284,1074,27,1047,5099
2025-01-14,Holyheld,236117.57866609778,157,47,3,44,1667
2025-01-14,Karta,0.0,0,0,0,0,1
2025-01-14,KAST,581538.9771099985,680,597,198,399,13514
2025-01-14,MetaMask,31841.72903724981,548,276,26,250,2785
2025-01-14,Ready,824.26,14,12,0,12,77
2025-01-14,RedotPay,5119589.144068369,5402,5344,985,4359,272010
2025-01-14,SafePal,10876.607477360001,1082,565,103,462,2458
2025-01-15,Avici,114.82,11,11,3,8,41
2025-01-15,BFinance,10357.93,249,103,23,80,720
2025-01-15,Cypher,182339.34459173854,262,192,29,163,6049
2025-01-15,EtherFi,9833.969998,46,28,5,23,75
2025-01-15,Exa,10244.320000000002,158,71,5,66,392
2025-01-15,Gnosis,124079.57467179997,2403,1086,31,1055,5130
2025-01-15,Holyheld,265575.9260375985,147,46,6,40,1673
2025-01-15,Karta,0.0,0,0,0,0,1
2025-01-15,KAST,549014.3886360007,1044,894,205,689,13719
2025-01-15,MetaMask,23368.590761077397,539,254,18,236,2803
2025-01-15,Ready,675.82,20,12,0,12,77
2025-01-15,RedotPay,4415839.434970564,2367,2342,202,2140,272212
2025-01-15,SafePal,13914.408126859995,1069,559,109,450,2567
2025-01-16,Avici,1118.01,15,15,4,11,45
2025-01-16,BFinance,9067.65,260,96,20,76,740
2025-01-16,Cypher,113323.04078030837,245,184,26,158,6075
2025-01-16,EtherFi,4991.780000000001,51,27,1,26,76
2025-01-16,Exa,14513.27,163,75,7,68,399
2025-01-16,Gnosis,162979.69953977977,2416,1145,37,1108,5167
2025-01-16,Holyheld,262980.65097836143,170,69,8,61,1681
2025-01-16,Karta,0.0,0,0,0,0,1
2025-01-16,KAST,598084.0534000003,1209,1079,254,825,13973
2025-01-16,MetaMask,32168.87241396621,571,279,15,264,2818
2025-01-16,Ready,990.14,14,11,1,10,78
2025-01-16,RedotPay,4376601.559188794,1421,1408,141,1267,272353
2025-01-16,SafePal,16597.78210239,1180,594,115,479,2682
2025-01-17,Avici,765.47,11,11,1,10,46
2025-01-17,BFinance,12506.59,267,106,23,83,763
2025-01-17,Cypher,126398.31883721988,242,171,26,145,6101
2025-01-17,EtherFi,10271.959996999998,54,27,2,25,78
2025-01-17,Exa,10946.809999999998,171,78,5,73,404
2025-01-17,Gnosis,239977.94647751004,2840,1219,23,1196,5190
2025-01-17,Holyheld,304629.05085744086,156,60,6,54,1687
2025-01-17,Karta,0.0,0,0,0,0,1
2025-01-17,KAST,822426.658287001,1201,1101,375,726,14348
2025-01-17,MetaMask,28322.803680402078,598,297,19,278,2837
2025-01-17,Ready,4410.290000000001,17,13,1,12,79
2025-01-17,RedotPay,5800059.696280733,6596,6544,811,5733,273164
2025-01-17,SafePal,16937.99536586001,1310,630,134,496,2816
2025-01-18,Avici,258.55,15,15,7,8,53
2025-01-18,BFinance,10997.82,258,100,15,85,778
2025-01-18,Cypher,354745.6193820572,246,177,29,148,6130
2025-01-18,EtherFi,6988.119998999999,71,26,2,24,80
2025-01-18,Exa,8817.289999999997,228,86,8,78,412
2025-01-18,Gnosis,180279.65790549948,2846,1220,29,1191,5219
2025-01-18,Holyheld,73237.23117885784,132,50,4,46,1691
2025-01-18,Karta,0.0,0,0,0,0,1
2025-01-18,KAST,61835.89254388875,528,434,110,324,14458
2025-01-18,MetaMask,28471.069147371556,610,309,25,284,2862
2025-01-18,Ready,469.04,17,14,4,10,83
2025-01-18,RedotPay,5050048.1965483455,7014,6946,882,6064,274046
2025-01-18,SafePal,17160.597333760015,1319,603,103,500,2919
2025-01-19,Avici,388.12,16,16,7,9,60
2025-01-19,BFinance,8342.57,247,105,22,83,800
2025-01-19,Cypher,171731.67410706115,203,141,15,126,6145
2025-01-19,EtherFi,3153.1499999999996,49,22,0,22,80
2025-01-19,Exa,17133.179999999993,236,92,17,75,429
2025-01-19,Gnosis,138524.73388399984,2090,990,19,971,5238
2025-01-19,Holyheld,65406.44940034701,100,38,4,34,1695
2025-01-19,Karta,0.0,0,0,0,0,1
2025-01-19,KAST,1416447.6589518394,988,871,266,605,14724
2025-01-19,MetaMask,24733.88438618231,472,250,5,245,2867
2025-01-19,Ready,3322.3700000000003,20,15,2,13,85
2025-01-19,RedotPay,3864200.8713542316,3211,3186,262,2924,274308
2025-01-19,SafePal,16490.423169410005,1179,556,77,479,2996
2025-01-20,Avici,442.19,14,14,4,10,64
2025-01-20,BFinance,6831.74,276,95,21,74,821
2025-01-20,Cypher,203553.29504915694,242,172,33,139,6178
2025-01-20,EtherFi,11406.349998000003,70,28,1,27,81
2025-01-20,Exa,10928.159999999996,222,83,9,74,438
2025-01-20,Gnosis,152208.40540264,2285,1084,24,1060,5262
2025-01-20,Holyheld,452927.36099544354,147,55,5,50,1700
2025-01-20,Karta,0.0,0,0,0,0,1
2025-01-20,KAST,864064.4957600005,1270,1187,237,950,14961
2025-01-20,MetaMask,20437.290685136897,526,286,25,261,2892
2025-01-20,Ready,1606.3899999999999,19,15,0,15,85
2025-01-20,RedotPay,4348879.463140908,10882,10838,2301,8537,276609
2025-01-20,SafePal,16790.590309860003,1214,568,65,503,3061
2025-01-21,Avici,614.31,16,16,2,14,66
2025-01-21,BFinance,12772.89,215,96,18,78,839
2025-01-21,Bitget Wallet,10.809999999999999,2,1,1,0,1
2025-01-21,Cypher,130925.86384215223,221,156,23,133,6201
2025-01-21,EtherFi,3799.1900000000005,60,29,0,29,81
2025-01-21,Exa,9271.389999999998,182,82,16,66,454
2025-01-21,Gnosis,184111.23028649998,2479,1157,32,1125,5294
2025-01-21,Holyheld,93705.71920094604,133,50,3,47,1703
2025-01-21,Karta,0.0,0,0,0,0,1
2025-01-21,KAST,627529.908412,963,876,201,675,15162
2025-01-21,MetaMask,22402.76022662491,589,291,28,263,2920
2025-01-21,Ready,687.07,17,10,0,10,85
2025-01-21,RedotPay,2850026.92725967,920,897,91,806,276700
2025-01-21,SafePal,24066.23944514001,1266,616,74,542,3135
2025-01-22,Avici,599.1100000000002,13,13,3,10,69
2025-01-22,BFinance,7075.6,228,112,25,87,864
2025-01-22,Bitget Wallet,0.0,0,0,0,0,1
2025-01-22,Cypher,258535.45688264963,306,215,46,169,6247
2025-01-22,EtherFi,4451.249999999998,57,28,2,26,83
2025-01-22,Exa,17028.120000000003,220,95,13,82,467
2025-01-22,Gnosis,155154.1897543,2511,1161,45,1116,5339
2025-01-22,Holyheld,329928.871035161,150,51,5,46,1708
2025-01-22,Karta,0.0,0,0,0,0,1
2025-01-22,KAST,474587.5775429995,948,866,428,438,15590
2025-01-22,MetaMask,20027.560996248314,556,308,25,283,2945
2025-01-22,Ready,950.6999999999999,20,15,3,12,88
2025-01-22,RedotPay,6251097.16162555,3879,3807,388,3419,277088
2025-01-22,SafePal,19560.208639650005,1246,576,72,504,3207
2025-01-23,Avici,156.79999999999998,12,12,1,11,70
2025-01-23,BFinance,10279.74,269,113,18,95,882
2025-01-23,Bitget Wallet,0.0,0,0,0,0,1
2025-01-23,Cypher,253417.69705801594,316,191,25,166,6272
2025-01-23,EtherFi,8670.510000000002,68,28,0,28,83
2025-01-23,Exa,17513.34999999999,225,105,13,92,480
2025-01-23,Gnosis,174110.9514886001,2638,1207,38,1169,5377
2025-01-23,Holyheld,88112.53730447157,150,46,4,42,1712
2025-01-23,Karta,0.0,0,0,0,0,1
2025-01-23,KAST,679944.8072769996,936,855,170,685,15760
2025-01-23,MetaMask,26367.892046880002,647,350,35,315,2980
2025-01-23,Ready,548.9599999999999,17,14,2,12,90
2025-01-23,RedotPay,5127186.29547126,4498,4447,458,3989,277546
2025-01-23,SafePal,22095.050702360022,1214,548,50,498,3257
2025-01-24,Avici,279.72,15,15,6,9,76
2025-01-24,BFinance,8916.21,314,129,27,102,909
2025-01-24,Bitget Wallet,5.79,1,1,1,0,2
2025-01-24,Cypher,205610.87706032995,377,227,35,192,6307
2025-01-24,EtherFi,5511.570000000002,57,24,2,22,85
2025-01-24,Exa,17446.280000000006,292,100,12,88,492
2025-01-24,Gnosis,204197.78262345996,2973,1276,38,1238,5415
2025-01-24,Holyheld,272301.8111207128,144,52,2,50,1714
2025-01-24,Karta,0.0,0,0,0,0,1
2025-01-24,KAST,1577007.0836218493,1468,1325,371,954,16131
2025-01-24,MetaMask,27768.91492670498,741,364,50,314,3030
2025-01-24,Ready,740.7499999999999,23,19,0,19,90
2025-01-24,RedotPay,5851041.559605777,6599,6563,911,5652,278457
2025-01-24,SafePal,22296.223117749993,1119,562,71,491,3328
2025-01-25,Avici,544.8699999999999,16,16,1,15,77
2025-01-25,BFinance,7674.77,340,126,21,105,930
2025-01-25,Bitget Wallet,73.44000000000001,9,2,1,1,3
2025-01-25,Cypher,114023.93721115998,296,188,38,150,6345
2025-01-25,EtherFi,6671.950000000002,80,29,0,29,85
2025-01-25,Exa,15297.929999999997,274,92,6,86,498
2025-01-25,Gnosis,197560.81850849988,3212,1322,36,1286,5451
2025-01-25,Holyheld,72070.4420414055,144,48,3,45,1717
2025-01-25,Karta,0.0,0,0,0,0,1
2025-01-25,KAST,66310.40825611076,507,405,105,300,16236
2025-01-25,MetaMask,36712.26263367255,827,397,39,358,3069
2025-01-25,Ready,1464.98,20,16,1,15,91
2025-01-25,RedotPay,3900048.6430307995,2856,2833,278,2555,278735
2025-01-25,SafePal,17567.935884059967,1111,521,51,470,3379
2025-01-26,Avici,2879.14,16,16,2,14,79
2025-01-26,BFinance,8508.17,233,107,15,92,945
2025-01-26,Bitget Wallet,19.779999999999998,3,2,0,2,3
2025-01-26,Cypher,171622.26480021814,254,171,39,132,6384
2025-01-26,EtherFi,4942.949999999999,72,26,0,26,85
2025-01-26,Exa,12070.130000000006,264,98,4,94,502
2025-01-26,Gnosis,156359.6997325003,2275,1053,22,1031,5473
2025-01-26,Holyheld,77789.0847477904,132,47,7,40,1724
2025-01-26,Karta,0.0,0,0,0,0,1
2025-01-26,KAST,1536114.8698290023,1094,1002,236,766,16472
2025-01-26,MetaMask,27954.203456200506,619,321,23,298,3092
2025-01-26,Ready,1860.9500000000005,21,13,0,13,91
2025-01-26,RedotPay,4799717.484880553,5812,5747,578,5169,279313
2025-01-26,SafePal,13303.01426358999,990,499,46,453,3425
2025-01-27,Avici,504.3499999999999,17,17,3,14,82
2025-01-27,BFinance,7155.96,261,106,26,80,971
2025-01-27,Bitget Wallet,0.0,0,0,0,0,3
2025-01-27,Cypher,240407.57620679695,263,175,28,147,6412
2025-01-27,EtherFi,74100.16999999998,68,29,0,29,85
2025-01-27,Exa,17764.329999999987,232,84,6,78,508
2025-01-27,Gnosis,190674.51952665002,2626,1177,32,1145,5505
2025-01-27,Holyheld,602422.7288419608,161,55,5,50,1729
2025-01-27,Karta,0.0,0,0,0,0,1
2025-01-27,KAST,1696627.2383429979,2051,1966,959,1007,17431
2025-01-27,MetaMask,31742.540051413776,685,335,24,311,3116
2025-01-27,Ready,1032.29,21,11,0,11,91
2025-01-27,RedotPay,4556232.980595811,3997,3831,380,3451,279693
2025-01-27,SafePal,17830.390912999996,931,445,43,402,3468
2025-01-28,Avici,1012.33,20,20,1,19,83
2025-01-28,BFinance,8962.37,297,122,26,96,997
2025-01-28,Bitget Wallet,5.45,1,1,0,1,3
2025-01-28,Cypher,100385.60242990623,249,157,34,123,6446
2025-01-28,EtherFi,2089.9100000000003,57,28,1,27,86
2025-01-28,Exa,15364.419999999998,200,98,10,88,518
2025-01-28,Gnosis,231795.33542480925,2736,1247,32,1215,5537
2025-01-28,Holyheld,554820.9709045762,150,49,6,43,1735
2025-01-28,Karta,0.0,0,0,0,0,1
2025-01-28,KAST,505148.91404199984,969,859,359,500,17790
2025-01-28,MetaMask,32732.267118489235,797,388,31,357,3147
2025-01-28,Ready,529.11,14,13,0,13,91
2025-01-28,RedotPay,4615156.3148826,1606,1558,123,1435,279816
2025-01-28,SafePal,12900.930649979999,646,334,29,305,3497
2025-01-29,Avici,3411.2999999999993,18,18,3,15,86
2025-01-29,BFinance,4858.88,220,94,12,82,1009
2025-01-29,Bitget Wallet,2.93,1,1,0,1,3
2025-01-29,Cypher,124771.8050076906,282,182,34,148,6480
2025-01-29,EtherFi,5124.97,68,26,0,26,86
2025-01-29,Exa,11634.999999999993,171,76,10,66,528
2025-01-29,Gnosis,188329.38887688008,2639,1207,34,1173,5571
2025-01-29,Holyheld,214945.32304835637,135,43,2,41,1737
2025-01-29,Karta,0.0,0,0,0,0,1
2025-01-29,KAST,696916.1747580004,892,817,192,625,17982
2025-01-29,MetaMask,33063.77930315291,677,360,27,333,3174
2025-01-29,Ready,926.9899999999999,19,14,0,14,91
2025-01-29,RedotPay,3350020.9479119987,3545,3536,240,3296,280056
2025-01-29,SafePal,12864.029193479997,695,370,33,337,3530
2025-01-30,Avici,204.1,16,16,2,14,88
2025-01-30,BFinance,9090.35,332,116,25,91,1034
2025-01-30,Bitget Wallet,0.0,0,0,0,0,3
2025-01-30,Cypher,157922.26945311096,345,233,40,193,6520
2025-01-30,EtherFi,7028.979999999998,66,24,0,24,86
2025-01-30,Exa,23823.799999999992,252,105,9,96,537
2025-01-30,Gnosis,236172.83773959999,2759,1242,43,1199,5614
2025-01-30,Holyheld,225188.6916975661,162,61,3,58,1740
2025-01-30,Karta,0.0,0,0,0,0,1
2025-01-30,KAST,108657.2570408354,1053,955,110,845,18092
2025-01-30,MetaMask,41209.26814721093,741,377,31,346,3205
2025-01-30,Ready,355.00000000000006,14,9,0,9,91
2025-01-30,RedotPay,6132909.996127947,15067,15026,3546,11480,283602
2025-01-30,SafePal,16007.958863219996,803,384,32,352,3562
2025-01-31,Avici,288.69,13,13,3,10,91
2025-01-31,BFinance,9500.2,247,99,14,85,1048
2025-01-31,Bitget Wallet,0.0,0,0,0,0,3
2025-01-31,Cypher,225797.66627792336,332,198,34,164,6554
2025-01-31,EtherFi,15164.72,61,28,0,28,86
2025-01-31,Exa,20546.019999999982,240,101,7,94,544
2025-01-31,Gnosis,252063.21561206086,3227,1380,50,1330,5664
2025-01-31,Holyheld,324375.77534955676,165,58,4,54,1744
2025-01-31,Karta,0.0,0,0,0,0,1
2025-01-31,KAST,1698158.308143,1165,1059,219,840,18311
2025-01-31,MetaMask,38001.452738547836,759,380,33,347,3238
2025-01-31,Ready,740.45,23,15,0,15,91
2025-01-31,RedotPay,6116051.080139332,1924,1803,182,1621,283784
2025-01-31,SafePal,14347.056750449992,712,384,33,351,3595
2025-02-01,Avici,148.6,11,11,2,9,93
2025-02-01,BFinance,6327.17,343,133,17,116,1065
2025-02-01,Bitget Wallet,4.640000000000001,2,1,0,1,3
2025-02-01,Cypher,146968.009930713,315,216,42,174,6596
2025-02-01,EtherFi,5269.02,56,26,1,25,87
2025-02-01,Exa,15089.080000000004,283,102,7,95,551
2025-02-01,Gnosis,223092.8104022494,3526,1379,29,1350,5693
2025-02-01,Holyheld,99488.4288557924,146,49,7,42,1751
2025-02-01,Karta,0.0,0,0,0,0,1
2025-02-01,KAST,66986.08829399991,548,413,93,320,18404
2025-02-01,MetaMask,33255.01938360221,810,367,36,331,3274
2025-02-01,Ready,867.0600000000001,20,15,1,14,92
2025-02-01,RedotPay,2600015.141427172,2250,2235,108,2127,283892
2025-02-01,SafePal,16599.555956359996,858,435,32,403,3627
2025-02-01,Tuyo,207.75,1,1,1,0,1
2025-02-02,Avici,193.28,14,14,1,13,94
2025-02-02,BFinance,9263.75,250,106,18,88,1083
2025-02-02,Bitget Wallet,39.5,2,1,0,1,3
2025-02-02,Cypher,254389.66888574892,257,180,38,142,6634
2025-02-02,EtherFi,1311.27,42,16,0,16,87
2025-02-02,Exa,16057.499999999996,199,87,7,80,558
2025-02-02,Gnosis,164364.93963420976,2456,1119,19,1100,5712
2025-02-02,Holyheld,132138.54349932176,113,41,2,39,1753
2025-02-02,Karta,0.0,0,0,0,0,1
2025-02-02,KAST,916326.2905500012,534,432,104,328,18508
2025-02-02,MetaMask,29817.18398551096,596,300,29,271,3303
2025-02-02,Ready,1537.74,25,18,1,17,93
2025-02-02,RedotPay,3950034.3338178094,3419,3403,324,3079,284216
2025-02-02,SafePal,12561.054738500006,768,399,33,366,3660
2025-02-02,Tuyo,145.45,1,1,0,1,1
2025-02-03,Avici,413.21000000000004,12,12,2,10,96
2025-02-03,BFinance,20607.26,279,121,18,103,1101
2025-02-03,Bitget Wallet,89.45,7,2,0,2,3
2025-02-03,Cypher,205826.7130438665,230,183,30,153,6664
2025-02-03,EtherFi,1703.3000000000002,39,22,0,22,87
2025-02-03,Exa,12091.179999999998,188,83,7,76,565
2025-02-03,Gnosis,214690.08815820052,2610,1235,28,1207,5740
2025-02-03,Holyheld,455105.756141611,154,61,3,58,1756
2025-02-03,Karta,46253.87,1,1,0,1,1
2025-02-03,KAST,1237678.9204680012,1074,967,165,802,18673
2025-02-03,MetaMask,29593.44383384821,634,331,15,316,3318
2025-02-03,Ready,2036.7700000000002,28,18,0,18,93
2025-02-03,RedotPay,3800037.292830157,3129,3117,256,2861,284472
2025-02-03,SafePal,16137.49410447999,750,400,25,375,3685
2025-02-03,Tuyo,228.75,1,1,0,1,1
2025-02-04,Avici,235.24,14,14,0,14,96
2025-02-04,BFinance,9808.75,291,133,24,109,1125
2025-02-04,Bitget Wallet,29.53,7,2,0,2,3
2025-02-04,Cypher,158096.1950719775,250,198,28,170,6692
2025-02-04,EtherFi,2743.98,55,25,0,25,87
2025-02-04,Exa,10022.579999999994,183,81,1,80,566
2025-02-04,Gnosis,193266.6240522398,2729,1268,26,1242,5766
2025-02-04,Holyheld,234334.1177506087,144,49,6,43,1762
2025-02-04,Karta,0.0,0,0,0,0,1
2025-02-04,KAST,899031.3841559994,1207,1106,308,798,18981
2025-02-04,MetaMask,23311.59423656198,660,339,20,319,3338
2025-02-04,Ready,1583.2299999999998,31,21,1,20,94
2025-02-04,RedotPay,5650027.77790134,13649,12888,2182,10706,286654
2025-02-04,SafePal,11340.05151998001,812,424,29,395,3714
2025-02-04,Tuyo,232.91,1,1,0,1,1
2025-02-05,Avici,424.3299999999999,14,14,3,11,99
2025-02-05,BFinance,9289.21,317,124,20,104,1145
2025-02-05,Bitget Wallet,26.6,3,1,0,1,3
2025-02-05,Cypher,247756.4800724215,272,195,40,155,6732
2025-02-05,EtherFi,4536.910000000001,49,23,2,21,89
2025-02-05,Exa,17241.669999999995,220,84,4,80,570
2025-02-05,Gnosis,198737.78219054991,2756,1302,29,1273,5795
2025-02-05,Holyheld,476678.1289414053,152,51,5,46,1767
2025-02-05,Karta,0.0,0,0,0,0,1
2025-02-05,KAST,1055426.4393510001,1013,916,295,621,19276
2025-02-05,MetaMask,24127.27445413487,723,339,28,311,3366
2025-02-05,Ready,440.77,19,13,0,13,94
2025-02-05,RedotPay,3213747.417928564,3905,3884,1062,2822,287716
2025-02-05,SafePal,12435.13164567,823,442,34,408,3748
2025-02-05,Tuyo,208.87,1,1,0,1,1
2025-02-06,Avici,704.71,12,12,1,11,100
2025-02-06,BFinance,12798.61,369,128,30,98,1175
2025-02-06,Bitget Wallet,115.97,14,7,5,2,8
2025-02-06,Cypher,128068.6990420042,230,173,32,141,6764
2025-02-06,EtherFi,3380.3100000000004,34,16,1,15,90
2025-02-06,Exa,13663.530000000002,217,90,8,82,578
2025-02-06,Gnosis,208878.82145845986,2880,1312,35,1277,5830
2025-02-06,Holyheld,648987.9181709775,132,53,3,50,1770
2025-02-06,Karta,0.0,0,0,0,0,1
2025-02-06,KAST,804939.7606779997,1027,907,207,700,19483
2025-02-06,MetaMask,29308.40870936908,805,368,16,352,3382
2025-02-06,Ready,1896.8200000000002,17,12,0,12,94
2025-02-06,RedotPay,5364674.586842261,5944,5875,628,5247,288344
2025-02-06,SafePal,14175.267924120013,944,480,42,438,3790
2025-02-06,Tuyo,2.82,1,1,0,1,1
2025-02-07,Avici,515.38,9,9,1,8,101
2025-02-07,BFinance,15200.58,275,128,31,97,1206
2025-02-07,Bitget Wallet,256.30772638,29,13,9,4,17
2025-02-07,Cypher,178205.57152979466,236,170,29,141,6793
2025-02-07,EtherFi,7933.569999999999,49,29,2,27,92
2025-02-07,Exa,12072.309999999994,206,93,4,89,582
2025-02-07,Gnosis,203713.03981194034,3117,1350,28,1322,5858
2025-02-07,Holyheld,221912.67827661225,159,60,1,59,1771
2025-02-07,Karta,0.0,0,0,0,0,1
2025-02-07,KAST,611826.8964397479,1142,1039,166,873,19649
2025-02-07,MetaMask,30890.626843233316,796,371,36,335,3418
2025-02-07,Ready,928.66,20,16,0,16,94
2025-02-07,RedotPay,4235213.495640258,2140,2120,285,1835,288629
2025-02-07,SafePal,15453.232934620017,954,475,45,430,3835
2025-02-07,Tuyo,167.06,1,1,0,1,1
2025-02-08,Avici,313.46,10,10,2,8,103
2025-02-08,BFinance,14212.29,335,131,21,110,1227
2025-02-08,Bitget Wallet,230.17361919999996,35,15,7,8,24
2025-02-08,Cypher,178315.4640910015,262,172,29,143,6822
2025-02-08,EtherFi,38042.749999999985,86,31,0,31,92
2025-02-08,Exa,17075.529999999988,224,98,7,91,589
2025-02-08,Gnosis,211899.28052878982,3336,1360,29,1331,5887
2025-02-08,Holyheld,53610.63741338477,127,54,3,51,1774
2025-02-08,Karta,63725.38,1,1,0,1,1
2025-02-08,KAST,57852.273454999835,450,375,76,299,19725
2025-02-08,MetaMask,26979.506854769184,808,358,16,342,3434
2025-02-08,Ready,1140.3999999999999,20,15,1,14,95
2025-02-08,RedotPay,3500038.565250356,2263,2255,108,2147,288737
2025-02-08,SafePal,15819.787863730002,972,462,32,430,3867
2025-02-08,Tuyo,165.48,1,1,0,1,1
2025-02-09,Avici,334.99999999999994,14,14,4,10,107
2025-02-09,BFinance,11154.23,301,120,16,104,1243
2025-02-09,Bitget Wallet,171.77342208000002,21,15,2,13,26
2025-02-09,Cypher,77696.99404999573,189,128,13,115,6835
2025-02-09,EtherFi,2997.14,64,23,0,23,92
2025-02-09,Exa,19143.939999999988,281,106,7,99,596
2025-02-09,Gnosis,133159.32201799998,2426,1134,16,1118,5903
2025-02-09,Holyheld,72450.77517188984,129,48,0,48,1774
2025-02-09,Karta,46185.37,1,1,0,1,1
2025-02-09,KAST,35461.23631500002,393,305,63,242,19788
2025-02-09,MetaMask,37342.488839809994,722,339,24,315,3458
2025-02-09,Ready,758.15,15,13,1,12,96
2025-02-09,RedotPay,2700019.733421728,3664,3652,232,3420,288969
2025-02-09,SafePal,15638.539872959998,877,430,47,383,3914
2025-02-09,Tuyo,23.05,1,1,0,1,1
2025-02-10,Avici,1786.41,14,14,2,12,109
2025-02-10,BFinance,10140.25,344,133,19,114,1262
2025-02-10,Bitget Wallet,110.31376384,14,11,5,6,31
2025-02-10,Cypher,213522.82122095628,278,189,19,170,6854
2025-02-10,EtherFi,5283.93,69,33,0,33,92
2025-02-10,Exa,10552.78000000001,182,87,6,81,602
2025-02-10,Gnosis,184453.4177439202,2738,1260,16,1244,5919
2025-02-10,Holyheld,322639.3115983728,131,60,3,57,1777
2025-02-10,Karta,0.0,0,0,0,0,1
2025-02-10,KAST,374522.8764989998,780,656,88,568,19876
2025-02-10,MetaMask,32417.50010485937,778,391,34,357,3492
2025-02-10,Ready,2048.7,23,16,1,15,97
2025-02-10,RedotPay,4051218.2740904335,3558,3543,290,3253,289259
2025-02-10,SafePal,11974.275330240001,910,444,27,417,3941
2025-02-10,Tuyo,975.57,1,1,0,1,1
2025-02-11,Avici,1824.6800000000003,16,16,1,15,110
2025-02-11,BFinance,10720.33,350,133,21,112,1283
2025-02-11,Bitget Wallet,1057.76915688,28,14,1,13,32
2025-02-11,Cypher,155289.608000631,228,166,32,134,6886
2025-02-11,EtherFi,6470.15,60,28,0,28,92
2025-02-11,Exa,17106.33,252,96,10,86,612
2025-02-11,Gnosis,193355.97441714705,2791,1267,24,1243,5943
2025-02-11,Holyheld,117024.57900897936,125,36,1,35,1778
2025-02-11,Karta,0.0,0,0,0,0,1
2025-02-11,KAST,1593074.9145131265,1199,1116,176,940,20052
2025-02-11,MetaMask,31188.892429684456,761,357,27,330,3519
2025-02-11,Ready,2401.66,26,17,0,17,97
2025-02-11,RedotPay,4666966.859118665,909,889,62,827,289321
2025-02-11,SafePal,14102.065461970013,878,452,29,423,3970
2025-02-11,Tuyo,318.45,1,1,0,1,1
2025-02-12,Avici,236.55999999999997,12,12,1,11,111
2025-02-12,BFinance,7858.65,271,120,18,102,1301
2025-02-12,Bitget Wallet,173.20439868,17,8,1,7,33
2025-02-12,Cypher,215388.31176449932,244,184,32,152,6918
2025-02-12,EtherFi,41698.65,58,30,1,29,93
2025-02-12,Exa,16631.949999999993,211,91,7,84,619
2025-02-12,Gnosis,199772.10342630945,2863,1280,30,1250,5973
2025-02-12,Holyheld,299807.5018214146,146,54,1,53,1779
2025-02-12,Karta,0.0,0,0,0,0,1
2025-02-12,KAST,570610.5104480007,647,558,144,414,20196
2025-02-12,MetaMask,30616.249931698923,1016,408,47,361,3566
2025-02-12,Ready,922.66,29,20,2,18,99
2025-02-12,RedotPay,5129051.627313338,2265,2237,134,2103,289455
2025-02-12,SafePal,14741.651366389986,974,464,28,436,3998
2025-02-12,Tuyo,186.66,1,1,0,1,1
2025-02-13,Avici,213.11,13,13,1,12,112
2025-02-13,BFinance,13406.26,344,138,17,121,1318
2025-02-13,Bitget Wallet,75.77303129999999,12,8,1,7,34
2025-02-13,Cypher,194986.8729663655,285,190,30,160,6948
2025-02-13,EtherFi,5335.68,74,28,0,28,93
2025-02-13,Exa,18735.22,221,85,7,78,626
2025-02-13,Gnosis,200529.92464574028,3035,1342,26,1316,5999
2025-02-13,Holyheld,332288.6685992171,129,51,6,45,1785
2025-02-13,Karta,37579.07,1,1,0,1,1
2025-02-13,KAST,541078.1093870003,801,714,93,621,20289
2025-02-13,MetaMask,34459.30191950294,875,403,31,372,3597
2025-02-13,Ready,2896.6700000000005,18,13,1,12,100
2025-02-13,RedotPay,4830467.7688736,10331,10199,1214,8985,290669
2025-02-13,SafePal,19283.373801279984,918,451,25,426,4023
2025-02-13,Tuyo,376.08,1,1,0,1,1
2025-02-14,Avici,280.82,11,11,2,9,114
2025-02-14,BFinance,10849.96,303,144,23,121,1341
2025-02-14,Bitget Wallet,259.2545318600001,27,9,1,8,35
2025-02-14,Cypher,235156.1668322974,356,211,16,195,6964
2025-02-14,EtherFi,3708.3500000000004,52,27,1,26,94
2025-02-14,Exa,15820.359999999988,247,107,4,103,630
2025-02-14,Gnosis,260110.1912973601,3575,1453,37,1416,6036
2025-02-14,Holyheld,195094.33834266395,185,74,4,70,1789
2025-02-14,Karta,0.0,0,0,0,0,1
2025-02-14,KAST,346040.41546099994,888,758,134,624,20423
2025-02-14,MetaMask,45190.33707739811,1070,466,40,426,3637
2025-02-14,Ready,2391.6099999999997,12,10,1,9,101
2025-02-14,RedotPay,6052818.426136954,7429,7369,1172,6197,291841
2025-02-14,SafePal,16381.261381949991,982,471,26,445,4049
2025-02-14,Tuyo,238.1,1,1,0,1,1
2025-02-15,Avici,82.86,11,11,0,11,114
2025-02-15,BFinance,8477.06,452,142,24,118,1365
2025-02-15,Bitget Wallet,122.98357179999999,17,9,1,8,36
2025-02-15,Cypher,168203.28358125014,277,176,34,142,6998
2025-02-15,EtherFi,5827.029999999996,77,30,0,30,94
2025-02-15,Exa,21961.779999999995,293,94,6,88,636
2025-02-15,Gnosis,200198.7831813896,3372,1428,24,1404,6060
2025-02-15,Holyheld,59728.30527601342,103,40,0,40,1789
2025-02-15,Karta,48294.2,1,1,0,1,1
2025-02-15,KAST,655139.1216919991,865,775,119,656,20542
2025-02-15,MetaMask,48466.44918304641,968,431,37,394,3674
2025-02-15,Ready,486.52000000000015,13,13,0,13,101
2025-02-15,RedotPay,5550048.170434326,11120,11032,2757,8275,294598
2025-02-15,SafePal,16800.03181430999,975,435,29,406,4078
2025-02-15,Tuyo,19.54,1,1,0,1,1
2025-02-16,Avici,290.4,14,12,2,10,116
2025-02-16,BFinance,7400.99,332,126,29,97,1394
2025-02-16,Bitget Wallet,66.82530778,12,8,2,6,38
2025-02-16,Cypher,93803.46034515431,235,152,28,124,7026
2025-02-16,EtherFi,5206.87,73,31,1,30,95
2025-02-16,Exa,15704.529999999997,210,84,4,80,640
2025-02-16,Gnosis,176188.86610750013,2567,1174,16,1158,6076
2025-02-16,Holyheld,61677.00520009789,100,41,3,38,1792
2025-02-16,Karta,0.0,0,0,0,0,1
2025-02-16,KAST,287306.46861200116,580,481,141,340,20683
2025-02-16,MetaMask,22362.68364942304,749,380,36,344,3710
2025-02-16,Ready,567.78,12,11,0,11,101
2025-02-16,RedotPay,5130965.940079182,2287,2265,211,2054,294809
2025-02-16,SafePal,18316.657822319983,1025,456,45,411,4123
2025-02-16,Tuyo,11.2,1,1,0,1,1
2025-02-17,Avici,761.0,16,16,1,15,117
2025-02-17,BFinance,5949.06,301,137,21,116,1415
2025-02-17,Bitget Wallet,81.1471669,23,6,0,6,38
2025-02-17,Cypher,504406.8406780982,335,197,30,167,7056
2025-02-17,EtherFi,4963.88,71,30,0,30,95
2025-02-17,Exa,17617.17,207,94,9,85,649
2025-02-17,Gnosis,246153.20556099032,2907,1334,25,1309,6101
2025-02-17,Holyheld,256545.03008735905,141,55,6,49,1798
2025-02-17,Karta,25684.63,1,1,0,1,1
2025-02-17,KAST,316690.05344899977,741,628,137,491,20820
2025-02-17,MetaMask,28755.630941667972,863,422,34,388,3744
2025-02-17,Ready,1072.0700000000002,19,14,0,14,101
2025-02-17,RedotPay,5050055.878051327,3582,3558,282,3276,295091
2025-02-17,SafePal,13441.694943249997,951,477,35,442,4158
2025-02-17,Tuyo,317.09,1,1,0,1,1
2025-02-18,Avici,466.17,8,8,0,8,117
2025-02-18,BFinance,8209.66,343,150,22,128,1437
2025-02-18,Bitget Wallet,89.42801599999999,15,8,2,6,40
2025-02-18,Cypher,149834.8772460955,273,177,28,149,7084
2025-02-18,EtherFi,6646.910000000001,81,32,0,32,95
2025-02-18,Exa,12345.659999999996,187,82,4,78,653
2025-02-18,Gnosis,217425.39365755994,2886,1333,35,1298,6136
2025-02-18,Holyheld,72082.04895211199,150,52,4,48,1802
2025-02-18,Karta,0.0,0,0,0,0,1
2025-02-18,KAST,1371831.171279001,890,808,142,666,20962
2025-02-18,MetaMask,52376.67865025346,893,451,34,417,3778
2025-02-18,Ready,2122.45,20,15,0,15,101
2025-02-18,RedotPay,6294171.506328532,13399,13291,3287,10004,298378
2025-02-18,SafePal,15141.549744949993,1044,494,57,437,4215
2025-02-18,Tuyo,133.87,1,1,0,1,1
2025-02-19,Avici,820.9499999999999,12,12,0,12,117
2025-02-19,BFinance,15759.66,290,122,12,110,1449
2025-02-19,Bitget Wallet,167.98541060000002,22,9,3,6,43
2025-02-19,Cypher,150092.79379532224,249,168,24,144,7108
2025-02-19,EtherFi,3107.3900000000003,66,29,1,28,96
2025-02-19,Exa,13384.130000000016,174,88,4,84,657
2025-02-19,Gnosis,178254.1138528799,3010,1357,40,1317,6176
2025-02-19,Holyheld,229688.8517452959,149,58,2,56,1804
2025-02-19,Karta,0.0,0,0,0,0,1
2025-02-19,KAST,837153.048470999,1143,1044,365,679,21327
2025-02-19,MetaMask,34943.98468294457,908,436,36,400,3814
2025-02-19,Ready,1423.7900000000004,24,15,0,15,101
2025-02-19,RedotPay,5705916.607577812,2739,2708,242,2466,298620
2025-02-19,SafePal,12261.496824900012,1060,481,35,446,4250
2025-02-19,Tuyo,85.15,1,1,0,1,1
2025-02-20,Avici,188.00000000000003,8,8,0,8,117
2025-02-20,BFinance,22256.36,373,163,34,129,1483
2025-02-20,Bitget Wallet,456.82175342,38,11,3,8,46
2025-02-20,Cypher,222280.25773551347,286,198,24,174,7132
2025-02-20,EtherFi,6876.330000000002,89,27,0,27,96
2025-02-20,Exa,10142.019999999999,181,77,2,75,659
2025-02-20,Gnosis,221542.7907598393,3100,1375,32,1343,6208
2025-02-20,Holyheld,90831.11640706005,163,60,5,55,1809
2025-02-20,Karta,59389.63,1,1,0,1,1
2025-02-20,KAST,816874.6434870008,1155,1016,417,599,21744
2025-02-20,MetaMask,33560.128699906665,869,415,25,390,3839
2025-02-20,Ready,632.1000000000001,15,14,1,13,102
2025-02-20,RedotPay,6100044.749871803,4742,4709,561,4148,299181
2025-02-20,SafePal,17602.781569720006,1077,495,46,449,4296
2025-02-20,Tuyo,25.24,1,1,0,1,1
2025-02-21,Avalanche Card,2314.3799999999997,9,9,9,0,9
2025-02-21,Avici,272.16,14,14,2,12,119
2025-02-21,BFinance,10145.3,310,131,19,112,1502
2025-02-21,Bitget Wallet,350.90605185999993,18,10,0,10,46
2025-02-21,Cypher,177171.71092926152,272,176,24,152,7156
2025-02-21,EtherFi,39481.599999999984,58,26,1,25,97
2025-02-21,Exa,16631.299999999996,246,96,6,90,665
2025-02-21,Gnosis,205136.79249650036,3339,1451,25,1426,6233
2025-02-21,Holyheld,329323.7023148472,160,70,2,68,1811
2025-02-21,Karta,57805.62,1,1,0,1,1
2025-02-21,KAST,957524.8740770008,975,838,176,662,21920
2025-02-21,Kolo,28.01,1,1,1,0,1
2025-02-21,MetaMask,49446.88738427924,930,416,27,389,3866
2025-02-21,Ready,1678.8400000000001,21,15,0,15,102
2025-02-21,RedotPay,7000069.1860364145,6403,6084,663,5421,299844
2025-02-21,SafePal,14523.508617769998,1136,523,32,491,4328
2025-02-21,Tuyo,0.0,0,0,0,0,1
2025-02-22,Avalanche Card,830.68,4,4,1,3,10
2025-02-22,Avici,264.29,16,16,1,15,120
2025-02-22,BFinance,19330.66,343,147,27,120,1529
2025-02-22,Bitget Wallet,49.179051279999996,7,6,0,6,46
2025-02-22,Cypher,163284.04711028386,291,192,36,156,7192
2025-02-22,EtherFi,4923.510000000001,105,35,1,34,98
2025-02-22,Exa,10423.74,219,81,4,77,669
2025-02-22,Gnosis,230172.7104549699,3683,1461,24,1437,6257
2025-02-22,Holyheld,54208.05025110848,117,44,3,41,1814
2025-02-22,Karta,73575.01,1,1,0,1,1
2025-02-22,KAST,1464338.289487431,931,790,140,650,22060
2025-02-22,Kolo,36.33,1,1,0,1,1
2025-02-22,MetaMask,36463.836470637594,894,424,27,397,3893
2025-02-22,Ready,3809.31,20,16,1,15,103
2025-02-22,RedotPay,8400153.468161136,6081,6023,1063,4960,300907
2025-02-22,SafePal,15707.75651447999,1088,509,50,459,4378
2025-02-22,Tuyo,12.18,1,1,0,1,1
2025-02-23,Avalanche Card,952.29,5,5,1,4,11
2025-02-23,Avici,526.02,14,14,1,13,121
2025-02-23,BFinance,14686.01,363,149,28,121,1557
2025-02-23,Bitget Wallet,317.1725733599999,42,17,0,17,46
2025-02-23,Cypher,129652.38683100021,251,159,19,140,7211
2025-02-23,EtherFi,11982.430000000004,71,23,0,23,98
2025-02-23,Exa,9572.65,182,86,6,80,675
2025-02-23,Gnosis,176656.2794445001,2684,1224,11,1213,6268
2025-02-23,Holyheld,109093.71634826392,121,42,1,41,1815
2025-02-23,Karta,0.0,0,0,0,0,1
2025-02-23,KAST,105949.66130799966,627,453,110,343,22170
2025-02-23,Kolo,98.48,1,1,0,1,1
2025-02-23,MetaMask,26367.28593685835,663,357,25,332,3918
2025-02-23,Ready,1581.84,26,16,0,16,103
2025-02-23,RedotPay,6150102.3735440625,6392,6333,917,5416,301824
2025-02-23,SafePal,15578.166440359977,1088,500,35,465,4413
2025-02-23,Tuyo,0.0,0,0,0,0,1
2025-02-24,Avalanche Card,361.01,6,6,2,4,13
2025-02-24,Avici,536.75,17,17,2,15,123
2025-02-24,BFinance,18376.52,331,142,27,115,1584
2025-02-24,Bitget Wallet,166.77491592,23,12,2,10,48
2025-02-24,Cypher,176203.68289070623,280,182,26,156,7237
2025-02-24,EtherFi,4524.509999999997,91,24,1,23,99
2025-02-24,Exa,10434.340000000004,200,85,6,79,681
2025-02-24,Gnosis,179612.72393549967,2955,1351,25,1326,6293
2025-02-24,Holyheld,262021.6076412374,142,47,1,46,1816
2025-02-24,Karta,34157.65,1,1,0,1,1
2025-02-24,KAST,826167.1184630009,1292,1180,259,921,22429
2025-02-24,Kolo,2945.69,1,1,0,1,1
2025-02-24,MetaMask,33041.27702694722,856,405,19,386,3937
2025-02-24,Ready,1732.87,25,15,0,15,103
2025-02-24,RedotPay,4847114.270718919,3863,3832,614,3218,302438
2025-02-24,SafePal,14981.673857349999,1050,477,25,452,4438
2025-02-24,Tuyo,747.13,1,1,0,1,1
2025-02-25,Avalanche Card,530.17,4,4,0,4,13
2025-02-25,Avici,599.4999999999999,12,12,2,10,125
2025-02-25,BFinance,24292.25,384,153,27,126,1611
2025-02-25,Bitget Wallet,127.7664529,18,11,0,11,48
2025-02-25,Cypher,148638.6710155864,255,166,21,145,7258
2025-02-25,EtherFi,2528.7900000000004,58,26,0,26,99
2025-02-25,Exa,19222.56,233,94,6,88,687
2025-02-25,Gnosis,195569.70744661006,2957,1370,31,1339,6324
2025-02-25,Holyheld,107510.3418984516,120,53,3,50,1819
2025-02-25,Karta,0.0,0,0,0,0,1
2025-02-25,KAST,127888.02741899977,462,361,78,283,22507
2025-02-25,Kolo,7775.42,1,1,0,1,1
2025-02-25,MetaMask,28216.358347412344,822,402,30,372,3967
2025-02-25,Ready,1505.43,17,12,0,12,103
2025-02-25,RedotPay,5350067.216224003,5649,5581,640,4941,303078
2025-02-25,SafePal,22613.923307320016,1036,475,35,440,4473
2025-02-25,Tuyo,414.26,1,1,0,1,1
2025-02-26,Avalanche Card,381.92,4,4,1,3,14
2025-02-26,Avici,475.61,14,14,1,13,126
2025-02-26,BFinance,10440.47,346,158,28,130,1639
2025-02-26,Bitget Wallet,272.55314135000003,18,11,3,8,51
2025-02-26,Cypher,189254.4769986673,269,182,20,162,7278
2025-02-26,EtherFi,10966.94,62,26,0,26,99
2025-02-26,Exa,20625.69999999999,238,104,7,97,694
2025-02-26,Gnosis,208788.91756409963,3038,1396,19,1377,6343
2025-02-26,Holyheld,170189.49398598415,124,48,3,45,1822
2025-02-26,Karta,45018.92,1,1,0,1,1
2025-02-26,KAST,818057.307428001,964,884,150,734,22657
2025-02-26,Kolo,725.57,1,1,0,1,1
2025-02-26,MetaMask,40331.75205800935,876,402,34,368,4001
2025-02-26,Ready,894.77,13,10,1,9,104
2025-02-26,RedotPay,5122988.218354279,7945,7901,1162,6739,304240
2025-02-26,SafePal,17275.82406470999,1068,508,43,465,4516
2025-02-26,Tuyo,786.29,1,1,0,1,1
2025-02-27,Avalanche Card,1959.95,3,3,1,2,15
2025-02-27,Avici,2462.7200000000003,11,11,1,10,127
2025-02-27,BFinance,33487.34,400,164,22,142,1661
2025-02-27,Bitget Wallet,228.3032384,28,17,0,17,51
2025-02-27,Cypher,175608.86447266748,274,176,20,156,7298
2025-02-27,EtherFi,13096.169999999996,74,25,1,24,100
2025-02-27,Exa,9096.32,238,107,8,99,702
2025-02-27,Gnosis,191459.7193922997,3096,1382,22,1360,6365
2025-02-27,Holyheld,86927.14273117574,146,43,4,39,1826
2025-02-27,Karta,128603.53,1,1,0,1,1
2025-02-27,KAST,881254.64852477,883,752,134,618,22791
2025-02-27,Kolo,400.66,1,1,0,1,1
2025-02-27,MetaMask,43102.878451197226,979,449,39,410,4040
2025-02-27,Ready,605.25,17,13,0,13,104
2025-02-27,RedotPay,7498364.331358749,10987,10675,1831,8844,306071
2025-02-27,SafePal,27878.791114589963,1121,514,30,484,4546
2025-02-27,Tuyo,0.0,0,0,0,0,1
2025-02-28,Avalanche Card,74.03,1,1,0,1,15
2025-02-28,Avici,760.35,14,14,2,12,129
2025-02-28,BFinance,32572.98,368,171,23,148,1684
2025-02-28,Bitget Wallet,269.29352554,23,11,2,9,53
2025-02-28,Cypher,194690.24837191618,283,184,22,162,7320
2025-02-28,EtherFi,5151.06,75,31,0,31,100
2025-02-28,Exa,17745.199999999997,298,109,4,105,706
2025-02-28,Gnosis,243549.58295928032,3450,1497,33,1464,6398
2025-02-28,Holyheld,428464.10103509034,170,62,4,58,1830
2025-02-28,Karta,0.0,0,0,0,0,1
2025-02-28,KAST,1320088.3994181128,1119,987,202,785,22993
2025-02-28,Kolo,1734.38,1,1,0,1,1
2025-02-28,MetaMask,55708.01810143869,1230,532,92,440,4132
2025-02-28,Ready,481.79,10,8,0,8,104
2025-02-28,RedotPay,6539853.3532463005,5493,5339,776,4563,306847
2025-02-28,SafePal,15928.525834759983,1150,524,44,480,4590
2025-02-28,Tuyo,0.0,0,0,0,0,1
2025-03-01,Avalanche Card,144.35999999999999,4,4,2,2,17
2025-03-01,Avici,384.19000000000005,15,15,0,15,129
2025-03-01,BFinance,11876.2,402,176,21,155,1705
2025-03-01,Bitget Wallet,126.97213369999999,32,18,2,16,55
2025-03-01,Cypher,300801.7469180402,332,210,25,185,7345
2025-03-01,EtherFi,9211.739999999998,73,29,0,29,100
2025-03-01,Exa,18667.01000000001,343,128,5,123,711
2025-03-01,Gnosis,244527.7444083107,3834,1485,21,1464,6419
2025-03-01,Holyheld,64244.46297331781,118,50,1,49,1831
2025-03-01,Karta,0.0,0,0,0,0,1
2025-03-01,KAST,93811.8524619998,513,394,73,321,23066
2025-03-01,Kolo,267.57,1,1,0,1,1
2025-03-01,MetaMask,40675.7824695748,1141,509,50,459,4182
2025-03-01,Ready,1535.21,12,12,0,12,104
2025-03-01,RedotPay,5633138.352071808,2628,2583,273,2310,307120
2025-03-01,SafePal,17515.52158509999,1216,537,33,504,4623
2025-03-01,Tuyo,0.0,0,0,0,0,1
2025-03-02,Avalanche Card,2490.4,9,9,5,4,22
2025-03-02,Avici,763.9899999999999,17,17,1,16,130
2025-03-02,BFinance,14437.75,388,169,25,144,1730
2025-03-02,Bitget Wallet,445.5126382900001,28,15,0,15,55
2025-03-02,Cypher,159392.36731011316,279,198,28,170,7373
2025-03-02,EtherFi,3793.439999999999,59,24,1,23,101
2025-03-02,Exa,20565.61,309,104,5,99,716
2025-03-02,Gnosis,164941.43157654002,2760,1218,12,1206,6431
2025-03-02,Holyheld,79317.12161009003,121,45,2,43,1833
2025-03-02,Karta,0.0,0,0,0,0,1
2025-03-02,KAST,236988.04508099984,501,419,84,335,23150
2025-03-02,Kolo,1516.68,1,1,0,1,1
2025-03-02,MetaMask,40541.0021565775,1003,447,45,402,4227
2025-03-02,Ready,2553.76,18,12,0,12,104
2025-03-02,RedotPay,4507839.196264666,5494,5203,442,4761,307562
2025-03-02,SafePal,11792.14616489999,986,436,27,409,4650
2025-03-02,Tuyo,0.0,0,0,0,0,1
2025-03-03,Avalanche Card,466.84000000000003,10,10,4,6,26
2025-03-03,Avici,783.4699999999999,20,20,2,18,132
2025-03-03,BFinance,22877.85,290,151,24,127,1754
2025-03-03,Bitget Wallet,227.22152710000006,17,11,1,10,56
2025-03-03,Cypher,256520.4871814906,336,213,18,195,7391
2025-03-03,EtherFi,9910.039999999997,60,28,0,28,101
2025-03-03,Exa,17690.46999999999,282,108,5,103,721
2025-03-03,Gnosis,174359.58464740997,2911,1325,20,1305,6451
2025-03-03,Holyheld,416191.3256106658,149,67,8,59,1841
2025-03-03,Karta,0.0,0,0,0,0,1
2025-03-03,KAST,996121.254428003,1223,1116,160,956,23310
2025-03-03,Kolo,1313.57,1,1,0,1,1
2025-03-03,MetaMask,44727.97955799073,1048,513,64,449,4291
2025-03-03,Ready,494.57,13,9,0,9,104
2025-03-03,RedotPay,5259721.583908484,3308,3269,539,2730,308101
2025-03-03,SafePal,21932.890434889952,1048,467,33,434,4683
2025-03-03,Tuyo,0.0,0,0,0,0,1
2025-03-04,Avalanche Card,280.26000000000005,6,6,1,5,27
2025-03-04,Avici,1802.2699999999998,14,14,3,11,135
2025-03-04,BFinance,12451.6,324,150,27,123,1781
2025-03-04,Bitget Wallet,296.1863528399999,21,14,0,14,56
2025-03-04,Cypher,225925.25997913702,252,167,23,144,7414
2025-03-04,EtherFi,9797.679999999998,68,32,0,32,101
2025-03-04,Exa,13834.600000000008,278,103,5,98,726
2025-03-04,Gnosis,182662.32144885,2893,1310,31,1279,6482
2025-03-04,Holyheld,206444.83817715792,145,52,3,49,1844
2025-03-04,Karta,0.0,0,0,0,0,1
2025-03-04,KAST,1001834.5734233625,901,764,135,629,23445
2025-03-04,Kolo,4062.72,1,1,0,1,1
2025-03-04,MetaMask,37370.03404274516,989,497,52,445,4343
2025-03-04,Ready,1792.0900000000001,17,15,1,14,105
2025-03-04,RedotPay,6350009.308411624,5381,5293,1149,4144,309250
2025-03-04,SafePal,21446.93882851,1024,464,33,431,4716
2025-03-04,Tuyo,693.29,1,1,0,1,1
2025-03-05,Avalanche Card,1268.0400000000002,8,8,2,6,29
2025-03-05,Avici,1085.34,23,23,3,20,138
2025-03-05,BFinance,24924.91,372,156,29,127,1810
2025-03-05,Bitget Wallet,147.06793595000002,16,10,0,10,56
2025-03-05,Cypher,209263.83641688994,270,183,25,158,7439
2025-03-05,EtherFi,15458.68,55,24,0,24,101
2025-03-05,Exa,18628.30000000002,251,103,7,96,733
2025-03-05,Gnosis,214734.53553109005,3061,1376,24,1352,6506
2025-03-05,Holyheld,165996.16223672076,138,53,6,47,1850
2025-03-05,Karta,0.0,0,0,0,0,1
2025-03-05,KAST,542001.7432639993,991,887,159,728,23604
2025-03-05,Kolo,1449.65,1,1,0,1,1
2025-03-05,MetaMask,68981.84576017648,1136,542,67,475,4410
2025-03-05,Ready,638.85,13,11,0,11,105
2025-03-05,RedotPay,5049999.999999991,5174,5107,489,4618,309739
2025-03-05,SafePal,15952.362956759993,1021,488,35,453,4751
2025-03-05,Tuyo,1432.6,1,1,0,1,1
2025-03-06,Avalanche Card,2993.7000000000003,11,11,5,6,34
2025-03-06,Avici,769.7800000000001,15,15,1,14,139
2025-03-06,BFinance,16731.98,323,146,28,118,1838
2025-03-06,Bitget Wallet,401.92950410000003,22,15,1,14,57
2025-03-06,Cypher,199036.52467419035,258,182,27,155,7466
2025-03-06,EtherFi,5485.7699999999995,73,26,0,26,101
2025-03-06,Exa,15064.769999999993,189,90,7,83,740
2025-03-06,Gnosis,205529.39488751994,3150,1425,20,1405,6526
2025-03-06,Holyheld,486935.00467274664,161,61,4,57,1854
2025-03-06,Karta,0.0,0,0,0,0,1
2025-03-06,KAST,760910.961384786,947,829,198,631,23802
2025-03-06,Kolo,4605.3,1,1,0,1,1
2025-03-06,MetaMask,62152.228019365495,1304,612,82,530,4492
2025-03-06,Ready,662.4499999999999,16,12,0,12,105
2025-03-06,RedotPay,4390000.099775037,2275,2252,211,2041,309950
2025-03-06,SafePal,20408.176510959987,972,475,34,441,4785
2025-03-06,Tuyo,233.52,1,1,0,1,1
2025-03-07,Avalanche Card,381.98,8,8,1,7,35
2025-03-07,Avici,664.4399999999999,10,10,1,9,140
2025-03-07,BFinance,22426.15,319,129,19,110,1857
2025-03-07,Bitget Wallet,1615.7557969199997,33,12,2,10,59
2025-03-07,Cypher,120238.03283093173,278,185,28,157,7494
2025-03-07,EtherFi,19525.75,64,24,0,24,101
2025-03-07,Exa,18715.93000000001,235,95,10,85,750
2025-03-07,Gnosis,254064.42426980034,3419,1457,27,1430,6553
2025-03-07,Holyheld,358967.7202163116,152,69,3,66,1857
2025-03-07,Karta,0.0,0,0,0,0,1
2025-03-07,KAST,813178.886879001,888,785,145,640,23947
2025-03-07,Kolo,2008.11,1,1,0,1,1
2025-03-07,MetaMask,66983.42454881537,1275,603,62,541,4554
2025-03-07,Ready,1262.02,11,8,0,8,105
2025-03-07,RedotPay,5480541.789068898,7869,7820,844,6976,310794
2025-03-07,SafePal,24872.100984150027,1133,504,41,463,4826
2025-03-07,Tuyo,62.44,1,1,0,1,1
2025-03-08,Avalanche Card,398.96000000000004,9,9,0,9,35
2025-03-08,Avici,6757.39,12,12,0,12,140
2025-03-08,BFinance,9526.73,382,155,16,139,1873
2025-03-08,Bitget Wallet,265.0298049,19,10,0,10,59
2025-03-08,Cypher,116375.13230162882,280,189,29,160,7523
2025-03-08,EtherFi,7421.979999999996,74,27,0,27,101
2025-03-08,Exa,13676.640000000012,258,98,3,95,753
2025-03-08,Gnosis,184173.67494355037,3651,1453,23,1430,6576
2025-03-08,Holyheld,58700.191440528455,112,42,3,39,1860
2025-03-08,Karta,0.0,0,0,0,0,1
2025-03-08,KAST,82807.11014499968,580,430,88,342,24035
2025-03-08,Kolo,1733.27,1,1,0,1,1
2025-03-08,MetaMask,60035.69231834431,1251,573,47,526,4601
2025-03-08,Ready,1086.44,15,13,2,11,107
2025-03-08,RedotPay,4050000.6514872024,1559,1538,84,1454,310878
2025-03-08,SafePal,25039.929581279997,1083,483,26,457,4852
2025-03-08,Tuyo,67.42,1,1,0,1,1
2025-03-09,Avalanche Card,82.61999999999999,7,7,0,7,35
2025-03-09,Avici,769.1700000000001,21,21,2,19,142
2025-03-09,BFinance,7874.96,323,146,23,123,1896
2025-03-09,Bitget Wallet,222.11812674000004,26,14,1,13,60
2025-03-09,Cypher,104058.31680423193,319,205,55,150,7578
2025-03-09,EtherFi,3417.36,60,30,1,29,102
2025-03-09,Exa,17455.440000000006,268,100,5,95,758
2025-03-09,Gnosis,161238.7000230403,2662,1246,19,1227,6595
2025-03-09,Holyheld,77068.83786589625,91,43,3,40,1863
2025-03-09,Karta,0.0,0,0,0,0,1
2025-03-09,KAST,302947.2322720007,648,497,91,406,24126
2025-03-09,Kolo,900.93,1,1,0,1,1
2025-03-09,MetaMask,38396.29876118852,948,466,29,437,4630
2025-03-09,Ready,1413.2500000000002,15,12,0,12,107
2025-03-09,RedotPay,5250007.385465959,4961,4909,550,4359,311428
2025-03-09,SafePal,14767.370701479995,901,425,28,397,4880
2025-03-09,Tuyo,100.0,1,1,0,1,1
2025-03-10,Avalanche Card,319.71999999999997,11,11,4,7,39
2025-03-10,Avici,258.0,17,17,2,15,144
2025-03-10,BFinance,18021.74,450,169,25,144,1921
2025-03-10,Bitget Wallet,475.1862369,18,11,0,11,60
2025-03-10,Cypher,125757.78816516399,243,171,41,130,7619
2025-03-10,EtherFi,19445.88,71,30,0,30,102
2025-03-10,Exa,12744.090000000002,210,86,2,84,760
2025-03-10,Gnosis,216105.40516506997,2902,1358,22,1336,6617
2025-03-10,Holyheld,341630.7508426096,130,59,2,57,1865
2025-03-10,Karta,0.0,0,0,0,0,1
2025-03-10,KAST,801638.9498910017,1133,993,138,855,24264
2025-03-10,Kolo,8614.43,1,1,0,1,1
2025-03-10,MetaMask,50430.0038403175,1091,541,51,490,4681
2025-03-10,Ready,2252.4300000000007,18,11,0,11,107
2025-03-10,RedotPay,4650000.1677321885,5053,5018,565,4453,311993
2025-03-10,SafePal,18972.686401720006,1072,468,37,431,4917
2025-03-10,Tuyo,551.71,1,1,0,1,1
2025-03-11,Avalanche Card,289.83000000000004,5,5,0,5,39
2025-03-11,Avici,251.94000000000003,15,15,1,14,145
2025-03-11,BFinance,10703.95,420,165,16,149,1937
2025-03-11,Bitget Wallet,126.84802111999998,17,8,1,7,61
2025-03-11,Cypher,116124.15760236744,227,156,20,136,7639
2025-03-11,EtherFi,1670.0899999999997,55,26,0,26,102
2025-03-11,Exa,7266.13,180,87,4,83,764
2025-03-11,Gnosis,209911.46599355037,2958,1373,19,1354,6636
2025-03-11,Holyheld,227785.4595845339,130,49,2,47,1867
2025-03-11,Karta,0.0,0,0,0,0,1
2025-03-11,KAST,1791596.2686970017,1059,944,250,694,24514
2025-03-11,Kolo,1816.13,1,1,0,1,1
2025-03-11,MetaMask,47335.35621705639,1059,506,33,473,4714
2025-03-11,Ready,2807.3399999999992,15,11,2,9,109
2025-03-11,RedotPay,5236851.432871903,6451,6158,536,5622,312529
2025-03-11,SafePal,18180.762481459995,1072,491,51,440,4968
2025-03-11,Tuyo,1193.52,1,1,0,1,1
2025-03-12,Avalanche Card,288.81999999999994,7,7,0,7,39
2025-03-12,Avici,2894.3600000000006,17,17,1,16,146
2025-03-12,BFinance,10190.38,414,162,26,136,1963
2025-03-12,Bitget Wallet,5516.1661785999995,16,12,2,10,63
2025-03-12,Cypher,253825.17273666852,254,175,24,151,7663
2025-03-12,EtherFi,9008.149999999998,52,24,1,23,103
2025-03-12,Exa,8919.38,178,93,6,87,770
2025-03-12,Gnosis,176422.8665166497,3068,1414,24,1390,6660
2025-03-12,Holyheld,54969.19331281294,106,42,2,40,1869
2025-03-12,Karta,81223.56,1,1,0,1,1
2025-03-12,KAST,365549.6711850005,719,622,131,491,24645
2025-03-12,Kolo,811.29,1,1,0,1,1
2025-03-12,MetaMask,39788.75762504461,1132,557,38,519,4752
2025-03-12,Ready,1763.0099999999998,15,10,0,10,109
2025-03-12,RedotPay,7500001.874586087,10677,10552,1753,8799,314282
2025-03-12,SafePal,17414.137281740033,1114,502,39,463,5007
2025-03-12,Tuyo,191.65,1,1,0,1,1
2025-03-13,Avalanche Card,489.65,10,10,1,9,40
2025-03-13,Avici,212.0,12,12,0,12,146
2025-03-13,BFinance,11381.69,337,163,19,144,1982
2025-03-13,Bitget Wallet,899.4160194900002,28,16,0,16,63
2025-03-13,Cypher,129386.56212860547,225,165,20,145,7683
2025-03-13,EtherFi,4496.4400000000005,49,25,2,23,105
2025-03-13,Exa,13443.959999999997,185,98,4,94,774
2025-03-13,Gnosis,185659.4199776004,3048,1425,21,1404,6681
2025-03-13,Holyheld,306231.1968535766,120,63,5,58,1874
2025-03-13,Karta,0.0,0,0,0,0,1
2025-03-13,KAST,111008.38250999956,516,370,62,308,24707
2025-03-13,Kolo,1403.15,1,1,0,1,1
2025-03-13,MetaMask,71896.29200017301,1157,553,40,513,4792
2025-03-13,Ready,265.81,17,13,0,13,109
2025-03-13,RedotPay,5753885.679976483,3844,3790,447,3343,314729
2025-03-13,SafePal,16304.332710729996,1023,491,34,457,5041
2025-03-13,Tuyo,158.26,1,1,0,1,1
2025-03-14,Avalanche Card,401.2899999999999,16,11,1,10,41
2025-03-14,Avici,671.1699999999998,23,18,0,18,146
2025-03-14,BFinance,7081.72,360,169,12,157,1994
2025-03-14,Bitget Wallet,224.16541516000004,28,14,0,14,63
2025-03-14,Cypher,220258.91399893883,255,178,21,157,7704
2025-03-14,EtherFi,3090.2200000000003,50,27,0,27,105
2025-03-14,Exa,10235.42,173,101,14,87,788
2025-03-14,Gnosis,195252.6966783294,3518,1518,27,1491,6708
2025-03-14,Holyheld,227223.89125833203,144,61,2,59,1876
2025-03-14,Karta,0.0,0,0,0,0,1
2025-03-14,KAST,1013297.9342760008,1147,1002,156,846,24863
2025-03-14,Kolo,2127.74,2,1,0,1,1
2025-03-14,MetaMask,45024.957173202936,1274,579,47,532,4839
2025-03-14,Ready,2065.6900000000005,28,19,0,19,109
2025-03-14,RedotPay,5150473.467825393,5397,5331,865,4466,315594
2025-03-14,SafePal,23959.880596109993,1070,525,45,480,5086
2025-03-14,Tuyo,39.7,1,1,0,1,1
2025-03-15,Avalanche Card,409.14,10,10,1,9,42
2025-03-15,Avici,283.34,11,11,2,9,148
2025-03-15,BFinance,5905.13,381,172,22,150,2016
2025-03-15,Bitget Wallet,1017.45901126,30,12,3,9,66
2025-03-15,Cypher,111236.34167367243,253,177,18,159,7722
2025-03-15,EtherFi,11110.379999999997,79,31,1,30,106
2025-03-15,Exa,9400.129999999996,195,91,8,83,796
2025-03-15,Gnosis,239979.60833936048,3893,1623,49,1574,6757
2025-03-15,Holyheld,67213.0931883732,123,52,2,50,1878
2025-03-15,Karta,66692.62,1,1,0,1,1
2025-03-15,KAST,73747.30971599976,481,363,50,313,24913
2025-03-15,Kolo,1684.46,1,1,0,1,1
2025-03-15,MetaMask,47506.62958581249,1274,577,30,547,4869
2025-03-15,Ready,2773.3999999999996,29,21,0,21,109
2025-03-15,RedotPay,5902294.3653834695,5409,5101,662,4439,316256
2025-03-15,SafePal,18130.388091649995,1064,512,41,471,5127
2025-03-15,Tuyo,288.8,1,1,0,1,1
2025-03-16,Avalanche Card,131.85,6,6,3,3,45
2025-03-16,Avici,152.02999999999997,12,12,2,10,150
2025-03-16,BFinance,6494.04,350,146,19,127,2035
2025-03-16,Bitget Wallet,352.47005453999986,32,13,0,13,66
2025-03-16,Cypher,130314.88860609873,212,147,27,120,7749
2025-03-16,EtherFi,3873.839999999999,51,22,0,22,106
2025-03-16,Exa,6630.8200000000015,102,62,8,54,804
2025-03-16,Gnosis,167259.76145865032,2884,1320,17,1303,6774
2025-03-16,Holyheld,76918.9882074855,110,42,2,40,1880
2025-03-16,Karta,47126.23,1,1,0,1,1
2025-03-16,KAST,346332.2409430001,620,490,73,417,24986
2025-03-16,Kolo,1172.76,1,1,0,1,1
2025-03-16,MetaMask,36378.06892692239,968,494,25,469,4894
2025-03-16,Ready,4676.389999999999,37,24,0,24,109
2025-03-16,RedotPay,3700000.449305623,15052,15023,4140,10883,320396
2025-03-16,SafePal,20597.91698304,1072,483,33,450,5160
2025-03-16,Tuyo,331.54,1,1,0,1,1
2025-03-17,Avalanche Card,217.07,8,8,2,6,47
2025-03-17,Avici,544.7600000000001,17,17,0,17,150
2025-03-17,BFinance,15455.6,344,163,20,143,2055
2025-03-17,Bitget Wallet,147.32461820000003,28,15,0,15,66
2025-03-17,Cypher,225759.95756568236,265,182,18,164,7767
2025-03-17,EtherFi,11222.039999999999,59,25,0,25,106
2025-03-17,Exa,380.9500000000001,32,26,6,20,810
2025-03-17,Gnosis,197118.0134437797,3087,1420,22,1398,6796
2025-03-17,Holyheld,242703.77955199883,124,54,2,52,1882
2025-03-17,Karta,0.0,0,0,0,0,1
2025-03-17,KAST,2110160.6440800033,1384,1275,214,1061,25200
2025-03-17,Kolo,1756.17,1,1,0,1,1
2025-03-17,MetaMask,47115.36419044751,1191,524,32,492,4926
2025-03-17,Ready,1930.8600000000013,39,26,1,25,110
2025-03-17,RedotPay,4550000.921710558,2400,2361,323,2038,320719
2025-03-17,SafePal,18883.35888134,1100,497,32,465,5192
2025-03-17,Tuyo,140.07,1,1,0,1,1
2025-03-18,Avalanche Card,369.69000000000005,12,12,2,10,49
2025-03-18,Avici,647.13,16,16,2,14,152
2025-03-18,BFinance,17186.44,333,167,23,144,2078
2025-03-18,Bitget Wallet,616.6494656000001,31,13,0,13,66
2025-03-18,Cypher,166858.30522299802,240,172,16,156,7783
2025-03-18,EtherFi,18185.190000000006,50,26,0,26,106
2025-03-18,Exa,13832.300000000001,161,86,5,81,815
2025-03-18,Gnosis,186887.95818179988,3134,1454,27,1427,6823
2025-03-18,Holyheld,277047.5168645178,136,61,4,57,1886
2025-03-18,Karta,75146.48,1,1,0,1,1
2025-03-18,KAST,73058.68509299972,512,401,96,305,25296
2025-03-18,Kolo,2892.34,1,1,0,1,1
2025-03-18,MetaMask,40964.667431319096,1078,528,32,496,4958
2025-03-18,Ready,4960.92,36,23,0,23,110
2025-03-18,RedotPay,5745189.406732225,5701,5640,523,5117,321242
2025-03-18,SafePal,31299.28287314,1133,519,43,476,5235
2025-03-18,Solayer,5.0,1,1,1,0,1
2025-03-18,Tuyo,470.37,1,1,0,1,1
2025-03-19,Avalanche Card,382.79,7,7,0,7,49
2025-03-19,Avici,132.17000000000002,16,16,1,15,153
2025-03-19,BFinance,11566.33,426,165,23,142,2101
2025-03-19,Bitget Wallet,168.92015075,38,15,2,13,68
2025-03-19,Cypher,213257.19046168626,239,169,30,139,7813
2025-03-19,EtherFi,10989.099999999999,64,26,0,26,106
2025-03-19,Exa,16619.350000000006,228,107,13,94,828
2025-03-19,Gnosis,213435.64245567026,3249,1485,24,1461,6847
2025-03-19,Holyheld,264947.3202506854,149,67,3,64,1889
2025-03-19,Karta,0.0,0,0,0,0,1
2025-03-19,KAST,908863.3253280019,1136,1004,176,828,25472
2025-03-19,Kolo,19074.97,1,1,0,1,1
2025-03-19,MetaMask,52357.65940714955,1095,528,28,500,4986
2025-03-19,Ready,2422.3200000000006,33,23,1,22,111
2025-03-19,RedotPay,5700001.176873742,3292,3230,381,2849,321623
2025-03-19,SafePal,22527.017370249996,1114,494,27,467,5262
2025-03-19,Solayer,5.0,3,1,0,1,1
2025-03-19,Tuyo,220.67,1,1,0,1,1
2025-03-20,Avalanche Card,362.07,9,9,2,7,51
2025-03-20,Avici,437.90000000000003,15,15,2,13,155
2025-03-20,BFinance,11724.87,402,164,19,145,2120
2025-03-20,Bitget Wallet,764.2907646200001,29,18,4,14,72
2025-03-20,Cypher,155831.82354682096,259,181,23,158,7836
2025-03-20,EtherFi,1825.4500000000005,53,24,0,24,106
2025-03-20,Exa,11134.170000000006,187,100,16,84,844
2025-03-20,Gnosis,213814.41815971013,3240,1432,14,1418,6861
2025-03-20,Holyheld,158822.28750156122,132,57,0,57,1889
2025-03-20,Karta,0.0,0,0,0,0,1
2025-03-20,KAST,872480.3770640001,906,770,112,658,25584
2025-03-20,Kolo,1750.48,1,1,0,1,1
2025-03-20,MetaMask,54435.56733942183,1267,590,44,546,5030
2025-03-20,Ready,1910.2999999999997,26,20,0,20,111
2025-03-20,RedotPay,4950010.750031549,6756,6713,657,6056,322280
2025-03-20,SafePal,13231.652755669984,1131,525,28,497,5290
2025-03-20,Solayer,0.0,0,0,0,0,1
2025-03-20,Tuyo,99.16,1,1,0,1,1
2025-03-21,Avalanche Card,824.5000000000001,21,21,12,9,63
2025-03-21,Avici,547.59,22,18,6,12,161
2025-03-21,BFinance,15830.31,470,184,26,158,2146
2025-03-21,Bitget Wallet,311.3568152,30,16,1,15,73
2025-03-21,Cypher,133867.50043001995,241,170,25,145,7861
2025-03-21,EtherFi,16537.42,62,28,0,28,106
2025-03-21,Exa,16086.220000000007,260,112,14,98,858
2025-03-21,Gnosis,213385.39922187984,3689,1563,27,1536,6888
2025-03-21,Holyheld,122750.34156329378,124,47,0,47,1889
2025-03-21,Karta,0.0,0,0,0,0,1
2025-03-21,KAST,745840.4420500014,954,821,125,696,25709
2025-03-21,Kolo,12635.54,2,1,0,1,1
2025-03-21,MetaMask,47313.25970901334,1350,598,37,561,5067
2025-03-21,Ready,1995.2000000000003,31,21,3,18,114
2025-03-21,RedotPay,5645778.781420867,3042,3014,269,2745,322549
2025-03-21,SafePal,20253.066161019997,1281,554,34,520,5324
2025-03-21,Solayer,0.0,0,0,0,0,1
2025-03-21,Tuyo,25.18,1,1,0,1,1
2025-03-22,Avalanche Card,943.44,18,18,7,11,70
2025-03-22,Avici,203.70999999999998,8,8,2,6,163
2025-03-22,BFinance,14873.54,469,161,18,143,2164
2025-03-22,Bitget Wallet,192.5380122,15,10,0,10,73
2025-03-22,Cypher,174131.02072260168,278,190,26,164,7887
2025-03-22,EtherFi,11703.150000000001,101,27,0,27,106
2025-03-22,Exa,15107.929999999995,251,106,7,99,865
2025-03-22,Gnosis,235030.53131159977,4031,1571,20,1551,6908
2025-03-22,Holyheld,73650.91704756231,107,45,2,43,1891
2025-03-22,Karta,0.0,0,0,0,0,1
2025-03-22,KAST,116372.99343499976,540,426,60,366,25769
2025-03-22,Kolo,0.0,0,0,0,0,1
2025-03-22,MetaMask,69046.15249813444,1404,606,28,578,5095
2025-03-22,Ready,2515.4799999999996,40,25,0,25,114
2025-03-22,RedotPay,4949540.963366608,5116,5092,629,4463,323178
2025-03-22,SafePal,27476.890070179998,1269,541,40,501,5364
2025-03-22,Solayer,0.0,0,0,0,0,1
2025-03-22,Tuyo,217.46,1,1,0,1,1
2025-03-23,Avalanche Card,2517.26,27,27,10,17,80
2025-03-23,Avici,548.7800000000001,23,17,1,16,164
2025-03-23,BFinance,10069.51,423,153,9,144,2173
2025-03-23,Bitget Wallet,1573.1513716500008,50,20,0,20,73
2025-03-23,Cypher,276271.83509561076,255,177,12,165,7899
2025-03-23,EtherFi,3886.979999999998,55,27,0,27,106
2025-03-23,Exa,13676.920000000013,246,114,6,108,871
2025-03-23,Gnosis,181283.52014422012,2841,1311,18,1293,6926
2025-03-23,Holyheld,50190.77924801117,111,47,1,46,1892
2025-03-23,Karta,54680.13,1,1,0,1,1
2025-03-23,KAST,416229.76956800057,745,626,68,558,25837
2025-03-23,Kolo,0.0,0,0,0,0,1
2025-03-23,MetaMask,41346.93950372695,998,503,31,472,5126
2025-03-23,Ready,4439.639999999999,47,29,0,29,114
2025-03-23,RedotPay,4750000.7245312445,4648,4622,492,4130,323670
2025-03-23,SafePal,14848.208132049978,1237,555,34,521,5398
2025-03-23,Solayer,0.0,0,0,0,0,1
2025-03-23,Tuyo,215.88,1,1,0,1,1
2025-03-24,Avalanche Card,360.54,13,13,3,10,83
2025-03-24,Avici,255.23000000000002,13,13,3,10,167
2025-03-24,BFinance,11368.97,467,173,21,152,2194
2025-03-24,Bitget Wallet,272.23234534999995,37,14,0,14,73
2025-03-24,Cypher,155129.50830005272,280,195,20,175,7919
2025-03-24,EtherFi,11598.519999999997,61,27,1,26,107
2025-03-24,Exa,18310.510000000024,289,118,12,106,883
2025-03-24,Gnosis,269606.3422282201,3337,1486,18,1468,6944
2025-03-24,Holyheld,360055.4159686824,156,62,6,56,1898
2025-03-24,Karta,0.0,0,0,0,0,1
2025-03-24,KAST,755072.0099989065,1002,904,195,709,26032
2025-03-24,Kolo,0.0,0,0,0,0,1
2025-03-24,MetaMask,63820.54389890497,1221,591,32,559,5158
2025-03-24,Ready,1943.3899999999996,42,28,0,28,114
2025-03-24,RedotPay,3950000.4181311987,3256,3230,264,2966,323934
2025-03-24,SafePal,26411.368670329968,1361,571,37,534,5435
2025-03-24,Solayer,0.0,0,0,0,0,1
2025-03-24,Tuyo,270.0,1,1,0,1,1
2025-03-25,Avalanche Card,704.07,21,21,7,14,90
2025-03-25,Avici,529.8599999999999,19,18,1,17,168
2025-03-25,BFinance,14986.16,535,184,25,159,2219
2025-03-25,Bitget Wallet,455.3760829599999,45,18,0,18,73
2025-03-25,Cypher,212202.22237460408,294,196,18,178,7937
2025-03-25,EtherFi,16405.899999999998,80,35,0,35,107
2025-03-25,Exa,18238.47000000001,244,100,7,93,890
2025-03-25,Gnosis,260198.5365673404,3208,1492,28,1464,6972
2025-03-25,Holyheld,194869.02988788442,110,53,3,50,1901
2025-03-25,Karta,24187.38,1,1,0,1,1
2025-03-25,KAST,1403298.832770001,913,817,115,702,26147
2025-03-25,Kolo,1479.71,1,1,0,1,1
2025-03-25,MetaMask,79301.63030476561,1302,597,31,566,5189
2025-03-25,Ready,3827.1,31,23,2,21,116
2025-03-25,RedotPay,7471774.811529001,5308,5243,446,4797,324380
2025-03-25,SafePal,23406.07897472998,1283,584,51,533,5486
2025-03-25,Solayer,0.0,0,0,0,0,1
2025-03-25,Tuyo,319.13,1,1,0,1,1
2025-03-26,Avalanche Card,512.92,13,13,3,10,93
2025-03-26,Avici,780.12,15,14,0,14,168
2025-03-26,BFinance,15323.13,536,197,32,165,2251
2025-03-26,Bitget Wallet,1100.5876881000002,35,19,0,19,73
2025-03-26,Cypher,257780.26440622582,271,190,16,174,7953
2025-03-26,EtherFi,12734.700000000003,69,33,1,32,108
2025-03-26,Exa,15945.049999999997,219,103,7,96,897
2025-03-26,Gnosis,218090.33124541966,3240,1468,23,1445,6995
2025-03-26,Holyheld,286083.0794631645,128,63,4,59,1905
2025-03-26,Karta,47156.85,1,1,0,1,1
2025-03-26,KAST,511082.1202669998,819,673,90,583,26237
2025-03-26,Kolo,27926.06,2,1,0,1,1
2025-03-26,MetaMask,44496.28916473251,1186,549,33,516,5222
2025-03-26,Ready,4437.96,38,26,6,20,122
2025-03-26,RedotPay,6906330.060190477,10053,9976,1484,8492,325864
2025-03-26,SafePal,16039.650094580036,1379,634,54,580,5540
2025-03-26,Solayer,0.0,0,0,0,0,1
2025-03-26,Tuyo,354.29,1,1,0,1,1
2025-03-27,Avalanche Card,1807.5700000000002,17,17,9,8,102
2025-03-27,Avici,214.31000000000003,11,11,1,10,169
2025-03-27,BFinance,9041.89,469,205,24,181,2275
2025-03-27,Bitget Wallet,522.6417647999999,39,20,0,20,73
2025-03-27,Cypher,151645.48423532565,292,201,29,172,7982
2025-03-27,EtherFi,7471.179999999999,80,35,0,35,108
2025-03-27,Exa,12244.480000000009,238,107,9,98,906
2025-03-27,Gnosis,171708.6588843598,3049,1403,37,1366,7032
2025-03-27,Holyheld,93050.75557308625,140,58,1,57,1906
2025-03-27,Karta,0.0,0,0,0,0,1
2025-03-27,KAST,797711.0427620014,870,753,132,621,26369
2025-03-27,Kolo,0.0,0,0,0,0,1
2025-03-27,MetaMask,64672.08233766749,1359,635,39,596,5261
2025-03-27,Ready,5366.110000000001,36,27,4,23,126
2025-03-27,RedotPay,5200001.060153226,3781,3749,486,3263,326350
2025-03-27,SafePal,15762.354121940003,1319,615,50,565,5590
2025-03-27,Solayer,0.0,0,0,0,0,1
2025-03-27,Tuyo,50.86,1,1,0,1,1
2025-03-28,Avalanche Card,2368.61,22,22,9,13,111
2025-03-28,Avici,215.51,12,12,1,11,170
2025-03-28,BFinance,11629.77,580,214,19,195,2294
2025-03-28,Bitget Wallet,1533.7727819400004,41,17,0,17,73
2025-03-28,Cypher,280506.90178699396,236,163,17,146,7999
2025-03-28,EtherFi,8590.279999999999,84,36,0,36,108
2025-03-28,Exa,18455.880000000026,251,108,6,102,912
2025-03-28,Gnosis,195574.84367374098,3334,1446,38,1408,7070
2025-03-28,Holyheld,323935.98187651695,147,64,4,60,1910
2025-03-28,Karta,76409.69,1,1,0,1,1
2025-03-28,KAST,567769.9979159998,649,535,64,471,26433
2025-03-28,Kolo,0.0,0,0,0,0,1
2025-03-28,MetaMask,61401.40641086136,1432,625,44,581,5305
2025-03-28,Ready,5858.9400000000005,48,30,5,25,131
2025-03-28,RedotPay,6341850.693985392,8130,8090,1341,6749,327691
2025-03-28,SafePal,21191.384535509987,1338,643,69,574,5659
2025-03-28,Solayer,0.0,0,0,0,0,1
2025-03-28,Tuyo,222.8,1,1,0,1,1
2025-03-29,Avalanche Card,2357.3299999999995,24,24,8,16,119
2025-03-29,Avici,433.39000000000004,28,28,8,20,178
2025-03-29,BFinance,11661.54,568,213,45,168,2339
2025-03-29,Bitget Wallet,732.4381327000002,47,20,0,20,73
2025-03-29,Cypher,214272.1091829575,267,184,12,172,8011
2025-03-29,EtherFi,10004.939999999995,89,31,0,31,108
2025-03-29,Exa,12387.380000000006,261,118,12,106,924
2025-03-29,Gnosis,191358.0114150005,3608,1431,29,1402,7099
2025-03-29,Holyheld,64572.543710188875,105,46,2,44,1912
2025-03-29,Karta,0.0,0,0,0,0,1
2025-03-29,KAST,70005.74110199985,495,368,63,305,26496
2025-03-29,Kolo,482.66,1,1,0,1,1
2025-03-29,MetaMask,121217.0910329151,1603,602,25,577,5330
2025-03-29,Ready,9128.410000000002,65,43,3,40,134
2025-03-29,RedotPay,5043094.9908096,3260,3240,426,2814,328117
2025-03-29,SafePal,13940.105601999998,1318,563,46,517,5705
2025-03-29,Solayer,0.0,0,0,0,0,1
2025-03-29,Tuyo,311.69,1,1,0,1,1
2025-03-30,Avalanche Card,817.8599999999999,21,21,4,17,123
2025-03-30,Avici,1050.68,20,20,1,19,179
2025-03-30,BFinance,10381.53,408,175,26,149,2365
2025-03-30,Bitget Wallet,553.02770423,32,17,0,17,73
2025-03-30,Cypher,156493.7067837987,209,134,14,120,8025
2025-03-30,EtherFi,4892.75,59,26,2,24,110
2025-03-30,Exa,12433.859999999991,248,100,7,93,931
2025-03-30,Gnosis,137421.12142199973,2518,1154,24,1130,7123
2025-03-30,Holyheld,54620.308609705135,97,46,4,42,1916
2025-03-30,Karta,71328.22,1,1,0,1,1
2025-03-30,KAST,697723.6998789996,475,387,68,319,26564
2025-03-30,Kolo,4206.23,1,1,0,1,1
2025-03-30,MetaMask,49261.460018938385,1141,486,18,468,5348
2025-03-30,Ready,5182.38,62,37,8,29,142
2025-03-30,RedotPay,4191435.3064293023,4420,4400,804,3596,328921
2025-03-30,SafePal,11431.717675800002,1264,539,38,501,5743
2025-03-30,Solayer,0.0,0,0,0,0,1
2025-03-30,Tuyo,94.14,1,1,0,1,1
2025-03-31,Avalanche Card,2198.53,23,23,7,16,130
2025-03-31,Avici,1329.0700000000002,20,20,3,17,182
2025-03-31,BFinance,16922.73,542,206,36,170,2401
2025-03-31,Bitget Wallet,1220.1042244999994,44,19,0,19,73
2025-03-31,Cypher,318695.18117712333,252,186,16,170,8041
2025-03-31,EtherFi,5512.389999999999,68,29,0,29,110
2025-03-31,Exa,14164.970000000005,233,105,5,100,936
2025-03-31,Gnosis,180310.4377314604,2942,1356,21,1335,7144
2025-03-31,Holyheld,367377.8531850961,149,64,6,58,1922
2025-03-31,Karta,0.0,0,0,0,0,1
2025-03-31,KAST,103361.83972099981,380,301,41,260,26605
2025-03-31,Kolo,4027.51,1,1,0,1,1
2025-03-31,MetaMask,61975.52546056772,1089,527,21,506,5369
2025-03-31,Ready,5217.560000000002,57,42,0,42,142
2025-03-31,RedotPay,5431810.911992816,3306,3243,739,2504,329660
2025-03-31,SafePal,11637.599882049972,1299,582,41,541,5784
2025-03-31,Solayer,0.0,0,0,0,0,1
2025-03-31,Tuyo,84.4,1,1,0,1,1
2025-04-01,Avalanche Card,1144.6,19,19,6,13,136
2025-04-01,Avici,1266.83,18,18,0,18,182
2025-04-01,BFinance,15295.64,562,226,21,205,2422
2025-04-01,Bitget Wallet,364.40201490000004,41,22,1,21,74
2025-04-01,Cypher,203896.70189169553,242,176,26,150,8067
2025-04-01,EtherFi,20937.62000000001,86,34,0,34,110
2025-04-01,Exa,15240.759999999998,235,109,6,103,942
2025-04-01,Gnosis,194202.9299821001,3134,1414,26,1388,7170
2025-04-01,Holyheld,298532.9346754105,124,51,6,45,1928
2025-04-01,Karta,0.0,0,0,0,0,1
2025-04-01,KAST,887961.5413750019,849,751,122,629,26727
2025-04-01,Kolo,3031.87,1,1,0,1,1
2025-04-01,MetaMask,58828.06893639853,1250,570,40,530,5409
2025-04-01,Ready,5336.990000000002,52,37,0,37,142
2025-04-01,RedotPay,6688458.014017408,2595,2560,424,2136,330084
2025-04-01,SafePal,21362.81941428001,1417,636,64,572,5848
2025-04-01,Solayer,0.0,0,0,0,0,1
2025-04-01,Tuyo,0.0,0,0,0,0,1
2025-04-02,Avalanche Card,666.69,26,26,8,18,144
2025-04-02,Avici,1873.3999999999994,19,19,3,16,185
2025-04-02,BFinance,15065.22,477,193,17,176,2439
2025-04-02,Bitget Wallet,533.39235618,49,16,0,16,74
2025-04-02,Cypher,210196.94995979502,240,167,20,147,8087
2025-04-02,EtherFi,9404.56,67,32,0,32,110
2025-04-02,Exa,11163.399999999998,242,113,6,107,948
2025-04-02,Gnosis,213034.04113525,3032,1365,38,1327,7208
2025-04-02,Holyheld,72694.12821709321,124,49,3,46,1931
2025-04-02,Karta,0.0,0,0,0,0,1
2025-04-02,KAST,896459.4986648762,1109,1008,106,902,26833
2025-04-02,Kolo,2656.43,1,1,0,1,1
2025-04-02,MetaMask,51677.66145126889,1169,546,30,516,5439
2025-04-02,Ready,10239.689999999999,54,37,2,35,144
2025-04-02,RedotPay,4850000.72170078,3590,3574,356,3218,330440
2025-04-02,SafePal,17373.638759240002,1538,663,51,612,5899
2025-04-02,Solayer,49.000001,1,1,1,0,2
2025-04-02,Tuyo,0.0,0,0,0,0,1
2025-04-03,Avalanche Card,3333.9300000000007,28,28,9,19,153
2025-04-03,Avici,2663.5899999999997,19,19,3,16,188
2025-04-03,BFinance,9299.93,457,183,18,165,2457
2025-04-03,Bitget Wallet,626.07918595,40,14,0,14,74
2025-04-03,Cypher,251484.17703365072,281,202,23,179,8110
2025-04-03,EtherFi,4083.2599999999993,45,25,0,25,110
2025-04-03,Exa,15446.909999999989,284,102,3,99,951
2025-04-03,Gnosis,208314.4670431499,3083,1385,18,1367,7226
2025-04-03,Holyheld,182143.36367638726,136,62,3,59,1934
2025-04-03,Karta,0.0,0,0,0,0,1
2025-04-03,KAST,1713160.6949475782,1134,1022,127,895,26960
2025-04-03,Kolo,3107.14,1,1,0,1,1
2025-04-03,MetaMask,62806.32591881138,1249,537,16,521,5455
2025-04-03,Ready,10190.61,54,34,5,29,149
2025-04-03,RedotPay,7788405.269822723,7546,7444,1146,6298,331586
2025-04-03,SafePal,23777.234507710044,1495,639,36,603,5935
2025-04-03,Solayer,0.0,0,0,0,0,2
2025-04-03,Tuyo,0.0,0,0,0,0,1
2025-04-04,Avalanche Card,4390.66,31,31,10,21,163
2025-04-04,Avici,3398.0599999999995,25,25,0,25,188
2025-04-04,BFinance,10400.76,522,212,29,183,2486
2025-04-04,Bitget Wallet,582.0906784000001,49,18,0,18,74
2025-04-04,Cypher,201733.803296089,289,196,11,185,8121
2025-04-04,EtherFi,2947.71,56,31,0,31,110
2025-04-04,Exa,15516.939999999997,323,129,5,124,956
2025-04-04,Gnosis,196427.01847304977,3405,1483,32,1451,7258
2025-04-04,Holyheld,233489.6429703363,135,63,4,59,1938
2025-04-04,Karta,0.0,0,0,0,0,1
2025-04-04,KAST,1038165.5242830015,981,841,116,725,27076
2025-04-04,Kolo,1297.63,1,1,0,1,1
2025-04-04,MetaMask,52731.44353812273,1386,583,25,558,5480
2025-04-04,Ready,11100.159999999998,49,37,2,35,151
2025-04-04,RedotPay,5180511.426184,5733,5695,625,5070,332211
2025-04-04,SafePal,30361.795872590028,1577,605,27,578,5962
2025-04-04,Solayer,10.0,1,1,1,0,3
2025-04-04,Tuyo,0.0,0,0,0,0,1
2025-04-05,Avalanche Card,781.8600000000001,24,24,12,12,175
2025-04-05,Avici,2299.039999999999,18,18,0,18,188
2025-04-05,BFinance,17554.82,506,208,27,181,2513
2025-04-05,Bitget Wallet,1987.4295700000002,58,19,0,19,74
2025-04-05,Cypher,137028.37915261104,224,158,11,147,8132
2025-04-05,EtherFi,7589.76,56,30,0,30,110
2025-04-05,Exa,10236.709999999985,362,120,6,114,962
2025-04-05,Gnosis,187499.94134258092,3685,1493,27,1466,7285
2025-04-05,Holyheld,54951.357281053664,99,42,3,39,1941
2025-04-05,Karta,0.0,0,0,0,0,1
2025-04-05,KAST,94817.38217299973,479,368,40,328,27116
2025-04-05,Kolo,1794.76,1,1,0,1,1
2025-04-05,MetaMask,66785.23144361093,1601,570,30,540,5510
2025-04-05,Ready,11176.590000000004,81,55,11,44,162
2025-04-05,RedotPay,4340190.177182452,4355,4327,436,3891,332647
2025-04-05,SafePal,22054.17504660001,1544,623,34,589,5996
2025-04-05,Solayer,0.0,0,0,0,0,3
2025-04-05,Tuyo,1480.55,1,1,0,1,1
2025-04-06,Avalanche Card,990.1600000000001,27,27,10,17,185
2025-04-06,Avici,2132.51,17,17,1,16,189
2025-04-06,BFinance,13413.56,506,192,21,171,2534
2025-04-06,Bitget Wallet,622.285692,47,16,0,16,74
2025-04-06,Cypher,188198.19928477833,208,152,17,135,8149
2025-04-06,EtherFi,2885.1999999999994,51,25,0,25,110
2025-04-06,Exa,10876.24,254,109,4,105,966
2025-04-06,Gnosis,161131.0849192809,2623,1197,17,1180,7302
2025-04-06,Holyheld,49489.749406186995,81,44,2,42,1943
2025-04-06,Karta,0.0,0,0,0,0,1
2025-04-06,KAST,93428.08654699988,453,348,37,311,27153
2025-04-06,Kolo,5805.63,1,1,0,1,1
2025-04-06,MetaMask,12136.583297781981,323,184,8,176,5518
2025-04-06,Ready,10039.85,90,52,6,46,168
2025-04-06,RedotPay,5050000.904337229,3846,3802,690,3112,333337
2025-04-06,SafePal,23263.79923992999,1490,601,36,565,6032
2025-04-06,Solayer,0.0,0,0,0,0,3
2025-04-06,Tuyo,316.37,1,1,0,1,1
2025-04-07,Avalanche Card,1556.2500000000002,25,25,9,16,194
2025-04-07,Avici,1149.84,20,20,1,19,190
2025-04-07,BFinance,10924.13,530,207,34,173,2568
2025-04-07,Bitget Wallet,1145.1429635199997,44,18,0,18,74
2025-04-07,Cypher,124718.60081221054,192,147,13,134,8162
2025-04-07,EtherFi,21568.569999999996,57,27,1,26,111
2025-04-07,Exa,18506.189999999995,253,108,6,102,972
2025-04-07,Gnosis,209331.0896299796,2968,1332,23,1309,7325
2025-04-07,Holyheld,305422.81532766245,115,57,2,55,1945
2025-04-07,Karta,42590.3,1,1,0,1,1
2025-04-07,KAST,1388922.5347060016,857,752,100,652,27253
2025-04-07,Kolo,4307.71,1,1,0,1,1
2025-04-07,MetaMask,46871.89426118869,766,368,13,355,5531
2025-04-07,Ready,7739.999999999998,90,55,3,52,171
2025-04-07,RedotPay,5104048.135211683,3478,3444,259,3185,333596
2025-04-07,SafePal,20998.760801410004,1447,631,26,605,6058
2025-04-07,Solayer,3.0,2,1,0,1,3
2025-04-07,Tuyo,381.22,1,1,0,1,1
2025-04-08,Avalanche Card,667.1,30,30,10,20,204
2025-04-08,Avici,868.1600000000001,29,29,3,26,193
2025-04-08,BFinance,14542.19,497,216,26,190,2594
2025-04-08,Bitget Wallet,768.2647251200001,26,12,0,12,74
2025-04-08,Cypher,143678.28394727557,239,177,18,159,8180
2025-04-08,EtherFi,7337.909999999999,71,27,1,26,112
2025-04-08,Exa,10494.190000000002,228,103,4,99,976
2025-04-08,Gnosis,184999.41007526015,3124,1408,29,1379,7354
2025-04-08,Holyheld,306200.81022275274,116,58,2,56,1947
2025-04-08,Karta,0.0,0,0,0,0,1
2025-04-08,KAST,1545421.9556299958,906,795,128,667,27381
2025-04-08,Kolo,3850.15,1,1,0,1,1
2025-04-08,MetaMask,103801.42260965549,1129,503,18,485,5549
2025-04-08,Ready,6477.29,74,47,3,44,174
2025-04-08,RedotPay,6331151.946830735,12003,11941,2008,9933,335604
2025-04-08,SafePal,17517.20786070003,1387,625,28,597,6086
2025-04-08,Solayer,89.082441,1,1,1,0,4
2025-04-08,Tuyo,358.56,1,1,0,1,1
2025-04-09,Avalanche Card,1599.8400000000001,28,28,4,24,208
2025-04-09,Avici,3447.9,17,17,1,16,194
2025-04-09,BFinance,13838.05,454,198,22,176,2616
2025-04-09,Bitget Wallet,657.1664340000002,40,17,1,16,75
2025-04-09,Cypher,276118.59752383427,228,161,11,150,8191
2025-04-09,EtherFi,10008.2,64,28,2,26,114
2025-04-09,Exa,9665.709999999992,215,105,6,99,982
2025-04-09,Gnosis,189476.22584847064,3082,1412,26,1386,7380
2025-04-09,Holyheld,72480.9718057153,117,50,5,45,1952
2025-04-09,Karta,0.0,0,0,0,0,1
2025-04-09,KAST,831407.3109080006,1179,1093,196,897,27577
2025-04-09,Kolo,6650.4,1,1,0,1,1
2025-04-09,MetaMask,76808.5625300925,1094,487,12,475,5561
2025-04-09,Ready,14731.740000000002,74,53,4,49,178
2025-04-09,RedotPay,5051566.93026403,2615,2574,212,2362,335816
2025-04-09,SafePal,18915.144094000014,1501,621,36,585,6122
2025-04-09,Solayer,2.720842,1,1,0,1,4
2025-04-09,Tuyo,134.2,1,1,0,1,1
2025-04-10,Avalanche Card,1523.49,25,25,6,19,214
2025-04-10,Avici,1458.5000000000002,20,19,0,19,194
2025-04-10,BFinance,13554.54,605,228,32,196,2648
2025-04-10,Bitget Wallet,308.1605068,42,17,0,17,75
2025-04-10,Cypher,356575.0606662347,322,211,20,191,8211
2025-04-10,EtherFi,15994.800000000003,85,33,3,30,117
2025-04-10,Exa,16479.090000000004,252,117,5,112,987
2025-04-10,Gnosis,202401.71208084986,3322,1463,28,1435,7408
2025-04-10,Holyheld,317915.1174803983,133,54,3,51,1955
2025-04-10,Karta,71265.75,1,1,0,1,1
2025-04-10,KAST,661965.8536198891,930,826,276,550,27853
2025-04-10,Kolo,1739.26,1,1,0,1,1
2025-04-10,MetaMask,59485.844698411245,1218,532,27,505,5588
2025-04-10,Ready,6693.530000000002,85,52,5,47,183
2025-04-10,RedotPay,7030477.060777998,3533,3482,399,3083,336215
2025-04-10,SafePal,19525.51270864996,1421,620,32,588,6154
2025-04-10,Solayer,10000.0,1,1,1,0,5
2025-04-10,Tuyo,336.38,1,1,0,1,1
2025-04-11,Avalanche Card,2729.38,17,17,2,15,216
2025-04-11,Avici,3460.94,20,20,0,20,194
2025-04-11,BFinance,15546.02,605,234,31,203,2679
2025-04-11,Bitget Wallet,755.0835825500001,40,18,0,18,75
2025-04-11,Cypher,233756.06409003882,298,198,23,175,8234
2025-04-11,EtherFi,5223.800000000003,76,29,0,29,117
2025-04-11,Exa,11959.890000000005,242,107,8,99,995
2025-04-11,Gnosis,216131.57849070922,3602,1548,40,1508,7448
2025-04-11,Holyheld,290047.85770625045,140,58,2,56,1957
2025-04-11,Karta,0.0,0,0,0,0,1
2025-04-11,KAST,621496.0452040005,1039,952,291,661,28144
2025-04-11,Kolo,6337.32,1,1,0,1,1
2025-04-11,MetaMask,66532.68988798249,1295,532,27,505,5615
2025-04-11,Ready,9241.869999999997,79,49,3,46,186
2025-04-11,RedotPay,7250000.9881167775,8836,8728,1052,7676,337267
2025-04-11,SafePal,18283.37714271003,1460,630,32,598,6186
2025-04-11,Solayer,0.0,0,0,0,0,5
2025-04-11,Tuyo,453.23,1,1,0,1,1
2025-04-12,Avalanche Card,412.94000000000005,28,28,10,18,226
2025-04-12,Avici,6414.529999999999,29,29,4,25,198
2025-04-12,BFinance,10898.97,527,206,26,180,2705
2025-04-12,Bitget Wallet,315.8136802,51,16,0,16,75
2025-04-12,Cypher,262414.0333996147,312,188,15,173,8249
2025-04-12,EtherFi,8581.65,94,36,0,36,117
2025-04-12,Exa,13879.189999999999,313,119,6,113,1001
2025-04-12,Gnosis,221922.90863315016,3954,1562,26,1536,7474
2025-04-12,Holyheld,69077.85644757227,109,52,4,48,1961
2025-04-12,Karta,60698.91,1,1,0,1,1
2025-04-12,KAST,234456.07704466098,769,660,131,529,28275
2025-04-12,Kolo,6581.68,1,1,0,1,1
2025-04-12,MetaMask,76784.23086748272,1339,565,16,549,5631
2025-04-12,Ready,5617.909999999999,82,55,4,51,190
2025-04-12,RedotPay,7010839.326760173,8370,8141,1162,6979,338429
2025-04-12,SafePal,27161.13551995998,1465,581,30,551,6216
2025-04-12,Solayer,0.0,0,0,0,0,5
2025-04-12,Tuyo,357.3,1,1,0,1,1
2025-04-13,Avalanche Card,36390.479999999996,29,29,8,21,234
2025-04-13,Avici,1302.32,18,18,2,16,200
2025-04-13,BFinance,19825.94,554,220,30,190,2735
2025-04-13,Bitget Wallet,179.16179531000003,21,15,0,15,75
2025-04-13,Cypher,162706.87485223103,242,173,14,159,8263
2025-04-13,EtherFi,5840.110000000001,61,24,0,24,117
2025-04-13,Exa,9682.109999999999,250,110,3,107,1004
2025-04-13,Gnosis,176811.15010600013,2921,1322,18,1304,7492
2025-04-13,Holyheld,67271.81182270618,102,48,1,47,1962
2025-04-13,Karta,0.0,0,0,0,0,1
2025-04-13,KAST,747831.499965,874,775,95,680,28370
2025-04-13,Kolo,2101.51,1,1,0,1,1
2025-04-13,MetaMask,62777.40656324031,1052,472,16,456,5647
2025-04-13,Ready,12577.590000000006,80,51,2,49,192
2025-04-13,RedotPay,5211070.356549225,2208,2173,260,1913,338689
2025-04-13,SafePal,35897.08252339001,1432,600,39,561,6255
2025-04-13,Solayer,0.0,0,0,0,0,5
2025-04-13,Tuyo,262.9,1,1,0,1,1
2025-04-14,Avalanche Card,1227.6700000000003,27,25,8,17,242
2025-04-14,Avici,2037.8100000000002,25,20,1,19,201
2025-04-14,BFinance,15381.68,592,220,21,199,2756
2025-04-14,Bitget Wallet,4197.9622534400005,35,18,2,16,77
2025-04-14,Cypher,218885.58124875044,251,167,13,154,8276
2025-04-14,EtherFi,11016.94,75,34,0,34,117
2025-04-14,Exa,15785.12999999999,281,120,7,113,1011
2025-04-14,Gnosis,216113.52625394028,3332,1476,27,1449,7519
2025-04-14,Holyheld,402552.59121902107,135,55,2,53,1964
2025-04-14,Karta,0.0,0,0,0,0,1
2025-04-14,KAST,203432.42177100043,491,380,39,341,28409
2025-04-14,Kolo,19761.79,1,1,0,1,1
2025-04-14,MetaMask,84364.51633871965,1166,520,19,501,5666
2025-04-14,Ready,8063.0599999999995,69,45,2,43,194
2025-04-14,RedotPay,5900001.743247623,15197,15131,3573,11558,342262
2025-04-14,SafePal,24818.636256520058,1559,652,37,615,6292
2025-04-14,Solayer,0.0,0,0,0,0,5
2025-04-14,Tuyo,324.74,1,1,0,1,1
2025-04-15,Avalanche Card,3222.49,23,23,3,20,245
2025-04-15,Avici,6745.23,24,24,4,20,205
2025-04-15,BFinance,12020.17,569,223,30,193,2786
2025-04-15,Bitget Wallet,291.99166769999994,41,21,2,19,79
2025-04-15,Cypher,154258.97889389744,249,177,11,166,8287
2025-04-15,EtherFi,9230.519999999999,82,34,0,34,117
2025-04-15,Exa,17967.66,300,119,7,112,1018
2025-04-15,Gnosis,220672.5250080001,3456,1518,39,1479,7558
2025-04-15,Holyheld,490931.5157494448,145,61,3,58,1967
2025-04-15,Karta,0.0,0,0,0,0,1
2025-04-15,KAST,3933655.591317504,1408,1267,224,1043,28633
2025-04-15,Kolo,7635.2,1,1,0,1,1
2025-04-15,MetaMask,83635.40537062382,1154,525,16,509,5682
2025-04-15,Ready,10418.489999999996,84,56,0,56,194
2025-04-15,RedotPay,6412704.203609839,3244,3153,376,2777,342638
2025-04-15,SafePal,25186.64070436004,1486,603,32,571,6324
2025-04-15,Solayer,4275.935753000001,59,54,54,0,59
2025-04-15,Tuyo,136.66,1,1,0,1,1
2025-04-16,Avalanche Card,15876.96,33,33,5,28,250
2025-04-16,Avici,883.4400000000002,22,22,3,19,208
2025-04-16,BFinance,14987.6,548,230,34,196,2820
2025-04-16,Bitget Wallet,229.12763331000005,47,20,0,20,79
2025-04-16,Cypher,308030.6465096877,284,193,16,177,8303
2025-04-16,EtherFi,11230.06,70,33,1,32,118
2025-04-16,Exa,18857.190000000002,263,114,8,106,1026
2025-04-16,Gnosis,254072.19813932056,3539,1497,19,1478,7577
2025-04-16,Holyheld,85471.48117847671,117,60,2,58,1969
2025-04-16,Karta,0.0,0,0,0,0,1
2025-04-16,KAST,901521.5684340005,991,879,141,738,28774
2025-04-16,Kolo,3313.77,1,1,0,1,1
2025-04-16,MetaMask,59960.27345087101,1215,522,19,503,5701
2025-04-16,Ready,4172.930000000001,79,58,3,55,197
2025-04-16,RedotPay,12910977.054019317,24891,24583,7840,16743,350478
2025-04-16,SafePal,24103.146047709983,1528,622,30,592,6354
2025-04-16,Solayer,11897.445044000002,180,155,144,11,203
2025-04-16,Tuyo,394.89,1,1,0,1,1
2025-04-17,Avalanche Card,1220.2100000000003,28,28,5,23,255
2025-04-17,Avici,2578.88,22,22,0,22,208
2025-04-17,BFinance,7654.36,455,212,21,191,2841
2025-04-17,Bitget Wallet,579.70718309,42,19,1,18,80
2025-04-17,Cypher,159625.59766177004,251,183,23,160,8326
2025-04-17,EtherFi,10664.81,122,51,18,33,136
2025-04-17,Exa,19794.09,310,132,4,128,1030
2025-04-17,Gnosis,272683.31026388967,3868,1649,26,1623,7603
2025-04-17,Holyheld,284520.1655049506,140,63,5,58,1974
2025-04-17,Karta,0.0,0,0,0,0,1
2025-04-17,KAST,554218.321568001,876,741,72,669,28846
2025-04-17,Kolo,2730.27,1,1,0,1,1
2025-04-17,MetaMask,51762.16249948728,1180,512,20,492,5721
2025-04-17,Ready,6211.909999999998,80,51,3,48,200
2025-04-17,RedotPay,5330170.339163343,6743,6678,946,5732,351424
2025-04-17,SafePal,24135.86336965001,1579,642,37,605,6391
2025-04-17,Solayer,12959.666208000008,168,150,115,35,318
2025-04-17,Tuyo,0.0,0,0,0,0,1
2025-04-18,Avalanche Card,19625.8,17,16,2,14,257
2025-04-18,Avici,406.7,15,15,1,14,209
2025-04-18,BFinance,8534.21,391,187,14,173,2855
2025-04-18,Bitget Wallet,903.08165311,47,17,0,17,80
2025-04-18,Cypher,181455.58321726232,276,201,19,182,8345
2025-04-18,EtherFi,7779.690000000008,206,51,16,35,152
2025-04-18,Exa,16889.359999999997,313,123,4,119,1034
2025-04-18,Gnosis,201376.5085931401,3616,1492,31,1461,7634
2025-04-18,Holyheld,110129.7967954529,139,55,3,52,1977
2025-04-18,Karta,83002.32,1,1,0,1,1
2025-04-18,KAST,112723.68473300016,461,384,34,350,28880
2025-04-18,Kolo,6261.48,1,1,0,1,1
2025-04-18,MetaMask,63767.73245887962,1162,518,23,495,5744
2025-04-18,Ready,8809.469999999998,93,67,9,58,209
2025-04-18,RedotPay,6588277.725862375,2905,2858,185,2673,351609
2025-04-18,SafePal,23707.23857442999,1536,630,29,601,6420
2025-04-18,Solayer,5603.637138,119,99,82,17,400
2025-04-18,Tuyo,6588.37,1,1,0,1,1
2025-04-19,Avalanche Card,1923.6600000000003,25,25,6,19,263
2025-04-19,Avici,6664.68,17,17,1,16,210
2025-04-19,BFinance,9141.04,487,188,21,167,2876
2025-04-19,Bitget Wallet,327.9862900000001,30,13,0,13,80
2025-04-19,Cypher,188466.37323081703,297,200,23,177,8368
2025-04-19,EtherFi,10720.36,160,55,11,44,163
2025-04-19,Exa,20072.31000000002,364,130,7,123,1041
2025-04-19,Gnosis,234884.72502385,4330,1698,30,1668,7664
2025-04-19,Holyheld,51422.801458689435,102,48,1,47,1978
2025-04-19,Karta,80644.61,1,1,0,1,1
2025-04-19,KAST,78091.02941799996,429,331,18,313,28898
2025-04-19,Kolo,4231.58,1,1,0,1,1
2025-04-19,MetaMask,54966.4340337038,1317,568,31,537,5775
2025-04-19,Ready,15640.009999999993,100,65,7,58,216
2025-04-19,RedotPay,4600000.753992402,3494,3472,290,3182,351899
2025-04-19,SafePal,22123.79659450001,1257,574,27,547,6447
2025-04-19,Solayer,8938.737853999999,98,82,45,37,445
2025-04-19,Tuyo,300.58,1,1,0,1,1
2025-04-20,Avalanche Card,995.1200000000001,23,22,3,19,266
2025-04-20,Avici,708.8100000000001,18,18,4,14,214
2025-04-20,BFinance,7406.47,451,181,19,162,2895
2025-04-20,Bitget Wallet,231.20366176000005,35,16,0,16,80
2025-04-20,Cypher,94808.31362641262,232,163,24,139,8392
2025-04-20,EtherFi,9309.009999999997,113,40,9,31,172
2025-04-20,Exa,10460.970000000003,205,102,2,100,1043
2025-04-20,Gnosis,134773.33945338012,2552,1163,10,1153,7674
2025-04-20,Holyheld,60990.76617500622,78,37,3,34,1981
2025-04-20,Karta,55907.52,1,1,0,1,1
2025-04-20,KAST,563491.1252699998,739,624,48,576,28946
2025-04-20,Kolo,6829.05,1,1,0,1,1
2025-04-20,MetaMask,40578.65427533721,917,442,24,418,5799
2025-04-20,Ready,6702.500000000002,99,64,1,63,217
2025-04-20,RedotPay,5250000.714655542,3169,3133,292,2841,352191
2025-04-20,SafePal,21645.608253130067,1475,630,25,605,6472
2025-04-20,Solayer,9905.266374000003,97,84,62,22,507
2025-04-20,Tuyo,3705.75,1,1,0,1,1
2025-04-21,Avalanche Card,110004.79000000002,93,92,17,75,283
2025-04-21,Avici,1479.68,17,17,2,15,216
2025-04-21,BFinance,6719.89,468,192,18,174,2913
2025-04-21,Bitget Wallet,162.6122866,29,15,1,14,81
2025-04-21,Cypher,253840.45988866236,290,191,34,157,8426
2025-04-21,EtherFi,9938.149999999996,95,45,13,32,185
2025-04-21,Exa,12371.539999999997,254,115,9,106,1052
2025-04-21,Gnosis,171403.26671515976,2868,1336,9,1327,7683
2025-04-21,Holyheld,131729.7875133858,106,43,4,39,1985
2025-04-21,Karta,56921.36,1,1,0,1,1
2025-04-21,KAST,131325.6563820001,496,393,38,355,28984
2025-04-21,Kolo,1407.14,1,1,0,1,1
2025-04-21,MetaMask,56031.99242345899,1004,473,24,449,5823
2025-04-21,Ready,7379.289999999999,94,59,2,57,219
2025-04-21,RedotPay,7300011.436005782,14498,14445,2511,11934,354702
2025-04-21,SafePal,23955.244726680055,1473,630,44,586,6516
2025-04-21,Solayer,14593.457115,132,115,71,44,578
2025-04-21,Tuyo,9955.92,1,1,0,1,1
2025-04-22,Avalanche Card,5757.01,37,37,7,30,290
2025-04-22,Avici,502.31,17,16,0,16,216
2025-04-22,BFinance,11963.24,413,196,25,171,2938
2025-04-22,Bitget Wallet,275.8607596599999,39,16,1,15,82
2025-04-22,Cypher,175353.55912946464,328,227,39,188,8465
2025-04-22,EtherFi,22197.620000000003,132,52,9,43,194
2025-04-22,Exa,10284.41,259,111,5,106,1057
2025-04-22,Gnosis,238317.867785961,3895,1633,29,1604,7712
2025-04-22,Holyheld,329465.174268697,134,57,5,52,1990
2025-04-22,Karta,0.0,0,0,0,0,1
2025-04-22,KAST,765192.9373090009,769,639,74,565,29058
2025-04-22,Kolo,2691.02,1,1,0,1,1
2025-04-22,MetaMask,57022.66410055325,1283,554,36,518,5859
2025-04-22,Ready,9272.359999999999,111,66,7,59,226
2025-04-22,RedotPay,6500001.3150451165,4915,4864,1179,3685,355881
2025-04-22,SafePal,21465.96435341999,1483,623,35,588,6551
2025-04-22,Solayer,8119.885440999998,133,113,72,41,650
2025-04-22,Tuyo,189.7,1,1,0,1,1
2025-04-23,Avalanche Card,267.21,4,4,0,4,290
2025-04-23,Avici,9.14,2,2,0,2,216
2025-04-23,BFinance,9087.99,397,184,19,165,2957
2025-04-23,Bitget Wallet,392.82934288,37,16,0,16,82
2025-04-23,Cypher,273755.0538808248,346,233,32,201,8497
2025-04-23,EtherFi,8003.479999999997,118,52,11,41,205
2025-04-23,Exa,22982.01999999999,278,121,7,114,1064
2025-04-23,Gnosis,272599.3135100503,4034,1685,30,1655,7742
2025-04-23,Holyheld,150229.73091024222,144,62,5,57,1995
2025-04-23,Karta,0.0,0,0,0,0,1
2025-04-23,KAST,2290373.5179835535,1257,1129,154,975,29212
2025-04-23,Kolo,3079.54,1,1,0,1,1
2025-04-23,MetaMask,86890.94361061495,1370,580,28,552,5887
2025-04-23,Ready,7053.029999999999,87,63,4,59,230
2025-04-23,RedotPay,6150001.836790068,4687,4648,420,4228,356301
2025-04-23,SafePal,26193.699942359966,1557,670,35,635,6586
2025-04-23,Solayer,13850.336671000003,115,92,52,40,702
2025-04-23,Tuyo,0.0,0,0,0,0,1
2025-04-24,Avalanche Card,8122.1900000000005,79,79,23,56,313
2025-04-24,Avici,5282.78,25,25,4,21,220
2025-04-24,BFinance,9798.34,526,219,20,199,2977
2025-04-24,Bitget Wallet,408.41377793000004,34,21,0,21,82
2025-04-24,Cypher,195301.85359730653,302,202,19,183,8516
2025-04-24,EtherFi,58235.04000000006,131,50,14,36,219
2025-04-24,Exa,13435.95,255,120,9,111,1073
2025-04-24,Gnosis,254473.1508559799,3855,1663,15,1648,7757
2025-04-24,Holyheld,372653.76300162094,138,66,6,60,2001
2025-04-24,Karta,0.0,0,0,0,0,1
2025-04-24,KAST,1197519.1046350002,732,606,78,528,29290
2025-04-24,Kolo,4461.34,1,1,0,1,1
2025-04-24,MetaMask,64348.74742129436,1239,552,29,523,5916
2025-04-24,Ready,6719.72,86,67,8,59,238
2025-04-24,RedotPay,5376639.99695656,4643,4610,356,4254,356657
2025-04-24,SafePal,29854.571546359923,1535,645,37,608,6623
2025-04-24,Solayer,6684.209173999998,113,97,53,44,755
2025-04-24,Tuyo,465.29,1,1,0,1,1
2025-04-25,Avalanche Card,12671.299999999997,63,63,13,50,326
2025-04-25,Avici,7225.539999999999,24,24,5,19,225
2025-04-25,BFinance,14921.42,665,236,30,206,3007
2025-04-25,Bitget Wallet,534.8030963200001,41,21,0,21,82
2025-04-25,Cypher,267196.65079722134,329,238,24,214,8540
2025-04-25,EtherFi,105247.09010099995,253,84,33,51,252
2025-04-25,Exa,26414.539999999983,358,134,6,128,1079
2025-04-25,Gnosis,237414.3161019697,4071,1733,24,1709,7781
2025-04-25,Holyheld,299618.54499357956,146,66,6,60,2007
2025-04-25,Karta,0.0,0,0,0,0,1
2025-04-25,KAST,213235.78142000028,599,470,26,444,29316
2025-04-25,Kolo,4839.84,1,1,0,1,1
2025-04-25,MetaMask,89151.88461129816,1268,560,20,540,5936
2025-04-25,Ready,9438.449999999995,113,75,5,70,243
2025-04-25,RedotPay,8191052.489246417,4200,4106,980,3126,357637
2025-04-25,SafePal,20494.816752949988,1514,639,25,614,6648
2025-04-25,Solayer,11862.430413999997,173,146,94,52,849
2025-04-25,Tuyo,210.62,1,1,0,1,1
2025-04-26,Avalanche Card,7811.680000000002,72,72,18,54,344
2025-04-26,Avici,3545.9299999999994,31,30,4,26,229
2025-04-26,BFinance,10245.3,487,193,29,164,3036
2025-04-26,Bitget Wallet,466.77341420000005,42,20,0,20,82
2025-04-26,Cypher,242883.54332083667,354,233,18,215,8558
2025-04-26,EtherFi,20552.06000000001,222,90,22,68,274
2025-04-26,Exa,22778.649999999998,381,130,2,128,1081
2025-04-26,Gnosis,259888.56425876025,4645,1764,21,1743,7802
2025-04-26,Holyheld,84841.93138654763,121,53,0,53,2007
2025-04-26,Karta,77637.8,1,1,0,1,1
2025-04-26,KAST,114709.09246999989,504,364,42,322,29358
2025-04-26,Kolo,3657.47,1,1,0,1,1
2025-04-26,MetaMask,81597.10345906502,1432,577,22,555,5958
2025-04-26,Ready,10627.939999999999,113,69,3,66,246
2025-04-26,RedotPay,4950001.115284595,1771,1706,154,1552,357791
2025-04-26,SafePal,23679.92623357997,1648,670,27,643,6675
2025-04-26,Solayer,47577.123782,195,164,100,64,949
2025-04-26,Tuyo,0.0,0,0,0,0,1
2025-04-27,Avalanche Card,62448.67999999998,62,60,17,43,361
2025-04-27,Avici,1656.74,23,23,2,21,231
2025-04-27,BFinance,14659.68,601,223,26,197,3062
2025-04-27,Bitget Wallet,1451.2785704000003,47,16,0,16,82
2025-04-27,Cypher,201023.4711449977,283,196,24,172,8582
2025-04-27,EtherFi,92945.26000000002,207,88,22,66,296
2025-04-27,Exa,12578.689999999999,268,115,7,108,1088
2025-04-27,Gnosis,203699.62367407072,3358,1467,12,1455,7814
2025-04-27,Holyheld,126489.63465925757,115,48,7,41,2014
2025-04-27,Karta,0.0,0,0,0,0,1
2025-04-27,KAST,451053.1932510005,831,728,50,678,29408
2025-04-27,Kolo,2039.11,1,1,0,1,1
2025-04-27,MetaMask,52405.973442567265,1144,544,31,513,5989
2025-04-27,Ready,7432.809999999998,101,63,4,59,250
2025-04-27,RedotPay,6750874.101131034,3879,3831,376,3455,358167
2025-04-27,SafePal,21631.770671099937,1534,652,36,616,6711
2025-04-27,Solayer,26467.504618999996,196,169,95,74,1044
2025-04-27,Tuyo,0.0,0,0,0,0,1
2025-04-28,Avalanche Card,15366.569999999998,72,72,12,60,373
2025-04-28,Avici,2889.17,31,31,4,27,235
2025-04-28,BFinance,10393.76,495,227,27,200,3089
2025-04-28,Bitget Wallet,1899.2207472799998,39,14,0,14,82
2025-04-28,Cypher,290020.38997890265,344,239,23,216,8605
2025-04-28,EtherFi,49910.429999999986,233,105,17,88,313
2025-04-28,Exa,17847.290000000005,246,120,9,111,1097
2025-04-28,Gnosis,263150.6571036899,3720,1636,25,1611,7839
2025-04-28,Holyheld,294463.06756980304,142,64,3,61,2017
2025-04-28,Karta,43882.06,1,1,0,1,1
2025-04-28,KAST,905299.5474660012,609,515,56,459,29464
2025-04-28,Kolo,1917.74,1,1,0,1,1
2025-04-28,MetaMask,71896.46088281517,1137,505,27,478,6016
2025-04-28,Ready,13157.940000000006,114,73,2,71,252
2025-04-28,RedotPay,8367177.2418303555,11955,11893,2035,9858,360202
2025-04-28,SafePal,18440.672774739996,1529,653,32,621,6743
2025-04-28,Solayer,15699.532649000002,165,138,69,69,1113
2025-04-28,Tuyo,1029.93,1,1,0,1,1
2025-04-29,Avalanche Card,15372.250000000002,70,70,10,60,383
2025-04-29,Avici,4298.279999999999,31,31,4,27,239
2025-04-29,BFinance,11570.46,516,221,32,189,3121
2025-04-29,Bitget Wallet,571.2310879999999,30,12,0,12,82
2025-04-29,Cypher,161702.65429767352,311,211,31,180,8636
2025-04-29,EtherFi,51012.71000000003,288,104,29,75,342
2025-04-29,Exa,20151.220000000005,261,119,4,115,1101
2025-04-29,Gnosis,278068.5495069603,4130,1767,43,1724,7882
2025-04-29,Holyheld,85186.49905938804,136,56,5,51,2022
2025-04-29,Karta,0.0,0,0,0,0,1
2025-04-29,KAST,1338769.7212150008,1199,1092,131,961,29595
2025-04-29,Kolo,3730.81,1,1,0,1,1
2025-04-29,MetaMask,58045.30550359857,1193,542,31,511,6047
2025-04-29,Ready,8776.77,98,71,3,68,255
2025-04-29,RedotPay,6467691.2574941395,6543,6501,730,5771,360932
2025-04-29,SafePal,24406.395221700044,1477,662,30,632,6773
2025-04-29,Solayer,17267.19071299999,212,187,101,86,1214
2025-04-29,Tuyo,580.27,1,1,0,1,1
2025-04-30,Avalanche Card,39630.299999999996,69,69,13,56,396
2025-04-30,Avici,2991.1400000000003,25,25,3,22,242
2025-04-30,BFinance,20295.56,553,247,30,217,3151
2025-04-30,Bitget Wallet,403.7977595999999,53,14,0,14,82
2025-04-30,Cypher,313760.7811507793,306,210,22,188,8658
2025-04-30,EtherFi,52233.32000000004,363,134,36,98,378
2025-04-30,Exa,21318.27000000001,368,141,7,134,1108
2025-04-30,Gnosis,321428.1588982093,5084,2071,53,2018,7935
2025-04-30,Holyheld,298948.99008934153,147,62,3,59,2025
2025-04-30,Karta,0.0,0,0,0,0,1
2025-04-30,KAST,2612342.316283,1335,1190,161,1029,29756
2025-04-30,Kolo,2344.68,1,1,0,1,1
2025-04-30,MetaMask,71745.55674375806,1318,580,37,543,6084
2025-04-30,Ready,23474.149999999998,130,87,9,78,264
2025-04-30,RedotPay,7864946.666676226,5899,5849,721,5128,361653
2025-04-30,SafePal,23705.513679920048,1693,693,30,663,6803
2025-04-30,Solayer,29754.515607000016,205,185,88,97,1302
2025-04-30,Tuyo,115.76,1,1,0,1,1
2025-05-01,Avalanche Card,24201.330000000013,71,71,5,66,401
2025-05-01,Avici,3452.48,33,33,5,28,247
2025-05-01,BFinance,16184.38,528,240,27,213,3178
2025-05-01,Bitget Wallet,838.78360475,67,18,0,18,82
2025-05-01,Cypher,222478.85990850828,359,252,20,232,8678
2025-05-01,EtherFi,42933.83,388,126,13,113,391
2025-05-01,Exa,17001.4,347,134,4,130,1112
2025-05-01,Gnosis,262460.08235059964,4108,1706,20,1686,7955
2025-05-01,Holyheld,222072.3797512054,149,76,3,73,2028
2025-05-01,Karta,0.0,0,0,0,0,1
2025-05-01,KAST,2063640.8039109982,1632,1483,328,1155,30084
2025-05-01,Kolo,4297.03,1,1,0,1,1
2025-05-01,MetaMask,68284.69234199055,1156,522,27,495,6111
2025-05-01,Ready,9673.129999999997,100,75,5,70,269
2025-05-01,RedotPay,11285352.160626454,10441,9484,974,8510,362627
2025-05-01,SafePal,27749.772383780044,1657,646,37,609,6840
2025-05-01,Solayer,24741.41085300001,255,209,74,135,1376
2025-05-01,Tuyo,414.34,1,1,0,1,1
2025-05-02,Avalanche Card,6927.889999999999,57,57,7,50,408
2025-05-02,Avici,3628.26,24,24,2,22,249
2025-05-02,BFinance,16034.71,722,265,29,236,3207
2025-05-02,Bitget Wallet,6369.509611000002,37,17,0,17,82
2025-05-02,Cypher,234857.59032292015,368,254,18,236,8696
2025-05-02,EtherFi,34466.78999999999,389,146,23,123,414
2025-05-02,Exa,22707.610000000015,379,139,9,130,1121
2025-05-02,Gnosis,303870.6337499702,5345,2008,24,1984,7979
2025-05-02,Holyheld,370624.11060037574,167,71,4,67,2032
2025-05-02,Karta,0.0,0,0,0,0,1
2025-05-02,KAST,1271993.7166089981,1398,1280,524,756,30608
2025-05-02,Kolo,5186.06,1,1,0,1,1
2025-05-02,MetaMask,88564.29052218415,1413,601,30,571,6141
2025-05-02,Ready,11950.969999999994,90,90,4,86,273
2025-05-02,RedotPay,806270.7500661262,204,203,18,185,362645
2025-05-02,SafePal,38657.50392973001,1730,644,42,602,6882
2025-05-02,Solayer,34993.814295000004,342,263,137,126,1513
2025-05-02,Tuyo,503.21,1,1,0,1,1
2025-05-03,Avalanche Card,4549.96,64,63,8,55,416
2025-05-03,Avici,4758.150000000001,35,35,0,35,249
2025-05-03,BFinance,16610.77,541,218,15,203,3222
2025-05-03,Bitget Wallet,587.6050101000001,37,11,1,10,83
2025-05-03,Cypher,197614.27487383728,297,213,16,197,8712
2025-05-03,EtherFi,32824.38999999999,371,143,21,122,435
2025-05-03,Exa,26103.080000000038,434,149,7,142,1128
2025-05-03,Gnosis,273820.4839186198,5212,1906,21,1885,8000
2025-05-03,Holyheld,84966.15427029588,123,68,4,64,2036
2025-05-03,Karta,0.0,0,0,0,0,1
2025-05-03,KAST,1011779.9302077782,1214,1080,390,690,30998
2025-05-03,Kolo,5241.46,1,1,0,1,1
2025-05-03,MetaMask,71858.70128379326,1337,600,31,569,6172
2025-05-03,Ready,17574.029999999995,94,94,3,91,276
2025-05-03,RedotPay,7333424.003383182,6036,5983,552,5431,363197
2025-05-03,SafePal,39333.68632463001,1762,672,41,631,6923
2025-05-03,Solayer,25133.855523000017,252,216,82,134,1595
2025-05-03,Tuyo,265.89,1,1,0,1,1
2025-05-04,Avalanche Card,11643.630000000001,64,64,5,59,421
2025-05-04,Avici,4016.6099999999997,32,32,2,30,251
2025-05-04,BFinance,28675.86,597,236,26,210,3248
2025-05-04,Bitget Wallet,362.81921764999987,30,13,0,13,83
2025-05-04,Cypher,220537.67187968438,327,212,22,190,8734
2025-05-04,EtherFi,69379.35999999997,336,131,9,122,444
2025-05-04,Exa,18111.75999999999,389,132,4,128,1132
2025-05-04,Gnosis,217920.7554973,3870,1601,20,1581,8020
2025-05-04,Holyheld,35027.59189064052,159,39,0,39,2036
2025-05-04,Karta,0.0,0,0,0,0,1
2025-05-04,KAST,482975.6637059992,593,482,68,414,31066
2025-05-04,Kolo,2298.52,1,1,0,1,1
2025-05-04,MetaMask,55941.23182954041,1051,473,27,446,6199
2025-05-04,Ready,11429.149999999996,91,91,2,89,278
2025-05-04,RedotPay,7083454.677114541,10604,10428,2163,8265,365360
2025-05-04,SafePal,36400.24208464003,1581,627,27,600,6950
2025-05-04,Solayer,27607.901601999998,343,273,129,144,1724
2025-05-04,Tuyo,440.99,1,1,0,1,1
2025-05-05,Avalanche Card,27640.690000000013,68,67,5,62,426
2025-05-05,Avici,1164.59,33,33,4,29,255
2025-05-05,BFinance,14327.1,675,234,28,206,3276
2025-05-05,Bitget Wallet,9878.74627257,29,14,2,12,85
2025-05-05,Cypher,258603.16638154374,336,217,32,185,8766
2025-05-05,EtherFi,84559.7600000001,347,142,10,132,454
2025-05-05,Exa,15814.329999999993,305,114,6,108,1138
2025-05-05,Gnosis,333525.80356826907,4286,1802,25,1777,8045
2025-05-05,Holyheld,257131.70043441348,203,71,7,64,2043
2025-05-05,Karta,0.0,0,0,0,0,1
2025-05-05,KAST,633672.4128339997,1008,867,78,789,31144
2025-05-05,Kolo,3558.4,1,1,0,1,1
2025-05-05,MetaMask,67292.83564083048,1284,586,31,555,6230
2025-05-05,Ready,8570.39,81,81,1,80,279
2025-05-05,RedotPay,6250001.100783186,5703,5664,655,5009,366015
2025-05-05,SafePal,26112.90926678006,1668,648,31,617,6981
2025-05-05,Solayer,37840.77578399999,383,293,125,168,1849
2025-05-05,Tuyo,2232.23,1,1,0,1,1
2025-05-06,Avalanche Card,27472.070000000003,67,67,8,59,434
2025-05-06,Avici,5856.209999999998,26,26,4,22,259
2025-05-06,BFinance,14020.7,688,241,29,212,3305
2025-05-06,Bitget Wallet,9933.82280752,21,11,0,11,85
2025-05-06,Cypher,309134.2697887535,318,217,19,198,8785
2025-05-06,EtherFi,23857.42999999998,337,151,19,132,473
2025-05-06,Exa,25234.74000000002,313,133,7,126,1145
2025-05-06,Gnosis,287836.42744090076,4444,1836,38,1798,8083
2025-05-06,Holyheld,313964.58776501147,143,68,2,66,2045
2025-05-06,Karta,0.0,0,0,0,0,1
2025-05-06,KAST,2188219.4563580006,1191,1066,181,885,31325
2025-05-06,Kolo,3428.64,1,1,0,1,1
2025-05-06,MetaMask,73048.7881842573,1298,561,35,526,6265
2025-05-06,Ready,10977.839999999995,83,83,2,81,281
2025-05-06,RedotPay,7818791.046875489,11281,11194,1822,9372,367837
2025-05-06,SafePal,28668.98834132003,1645,648,38,610,7019
2025-05-06,Solayer,70451.27003899997,407,333,158,175,2007
2025-05-06,Tuyo,321.74,1,1,0,1,1
2025-05-07,Avalanche Card,8103.680000000001,70,70,7,63,441
2025-05-07,Avici,3165.5,28,28,0,28,259
2025-05-07,BFinance,11751.77,558,241,17,224,3322
2025-05-07,Bitget Wallet,311.3240132000001,32,17,1,16,86
2025-05-07,Cypher,153163.758778794,270,187,17,170,8802
2025-05-07,EtherFi,70594.64999999997,340,157,12,145,485
2025-05-07,Exa,16712.939999999995,310,126,9,117,1154
2025-05-07,Gnosis,272802.1480151014,4556,1870,19,1851,8102
2025-05-07,Holyheld,105018.48270398231,122,51,3,48,2048
2025-05-07,Karta,0.0,0,0,0,0,1
2025-05-07,KAST,618877.7412950003,884,742,101,641,31426
2025-05-07,Kolo,1128.41,1,1,0,1,1
2025-05-07,MetaMask,72084.80219794429,1324,555,33,522,6298
2025-05-07,Ready,16096.22,99,99,3,96,284
2025-05-07,RedotPay,7350001.795126444,6165,6121,1383,4738,369220
2025-05-07,SafePal,24862.806955540014,1728,641,45,596,7064
2025-05-07,Solayer,44066.279256999995,441,355,152,203,2159
2025-05-07,Tuyo,357.05,1,1,0,1,1
2025-05-08,Avalanche Card,3780.189999999999,41,41,5,36,446
2025-05-08,Avici,1536.15,18,16,0,16,259
2025-05-08,BFinance,11726.1,596,248,18,230,3340
2025-05-08,Bitget Wallet,304.18002244,31,12,0,12,86
2025-05-08,Cypher,259247.7752817457,391,249,29,220,8831
2025-05-08,EtherFi,52577.749999999985,355,147,14,133,499
2025-05-08,Exa,26159.069999999996,296,127,8,119,1162
2025-05-08,Gnosis,248815.58282299887,4297,1825,26,1799,8128
2025-05-08,Holyheld,265312.3206992761,152,74,5,69,2053
2025-05-08,Karta,0.0,0,0,0,0,1
2025-05-08,KAST,938774.2705899993,1041,889,122,767,31548
2025-05-08,Kolo,3370.59,1,1,0,1,1
2025-05-08,MetaMask,94156.70965565172,1326,594,26,568,6324
2025-05-08,Ready,16356.86,88,88,11,77,295
2025-05-08,RedotPay,7195490.091792748,6923,6882,767,6115,369987
2025-05-08,SafePal,21398.738520599964,1615,648,40,608,7104
2025-05-08,Solayer,44203.58640299999,382,300,111,189,2270
2025-05-08,Tuyo,441.21,1,1,0,1,1
2025-05-09,Avalanche Card,9285.339999999998,73,73,8,65,454
2025-05-09,Avici,4768.37,32,32,4,28,263
2025-05-09,BFinance,13811.94,543,237,22,215,3362
2025-05-09,Bitget Wallet,920.4452039999998,48,15,1,14,87
2025-05-09,Cypher,643435.2721707016,373,244,17,227,8848
2025-05-09,EtherFi,52060.74999999994,440,174,17,157,516
2025-05-09,Exa,16314.989999999998,246,107,2,105,1164
2025-05-09,Gnosis,253376.31474765055,4475,1974,22,1952,8150
2025-05-09,Holyheld,382014.6763501129,179,75,4,71,2057
2025-05-09,Karta,0.0,0,0,0,0,1
2025-05-09,KAST,2002721.5915949997,1269,1095,141,954,31689
2025-05-09,Kolo,1536.12,1,1,0,1,1
2025-05-09,MetaMask,91977.12918494242,1591,646,34,612,6358
2025-05-09,Ready,14861.459999999997,74,74,2,72,297
2025-05-09,RedotPay,9398660.617657868,14672,14446,3116,11330,373103
2025-05-09,SafePal,29555.581834289995,1719,674,37,637,7141
2025-05-09,Solayer,63461.46625099997,463,367,134,233,2404
2025-05-09,Tuyo,880.24,1,1,0,1,1
2025-05-10,Avalanche Card,18211.079999999994,75,75,7,68,461
2025-05-10,Avici,4949.709999999999,32,32,2,30,265
2025-05-10,BFinance,16561.29,531,229,25,204,3387
2025-05-10,Bitget Wallet,606.9844314500001,60,21,2,19,89
2025-05-10,Cypher,274800.49213576375,400,251,21,230,8869
2025-05-10,EtherFi,43650.31999999998,439,161,9,152,525
2025-05-10,Exa,14449.650000000003,244,83,2,81,1166
2025-05-10,Gnosis,287502.84487880016,5434,1990,20,1970,8170
2025-05-10,Holyheld,76944.72469800085,115,59,1,58,2058
2025-05-10,Karta,0.0,0,0,0,0,1
2025-05-10,KAST,101272.4063309999,584,429,56,373,31745
2025-05-10,Kolo,3125.3,1,1,0,1,1
2025-05-10,MetaMask,79863.3662045053,1716,661,28,633,6386
2025-05-10,Ready,20308.799999999992,106,106,4,102,301
2025-05-10,RedotPay,6950001.355464318,4354,4313,472,3841,373575
2025-05-10,SafePal,29254.422678409985,1750,731,36,695,7177
2025-05-10,Solayer,41203.68433299999,420,327,100,227,2504
2025-05-10,Tuyo,273.0,1,1,0,1,1
2025-05-11,Avalanche Card,35807.61999999999,37,37,0,37,461
2025-05-11,Avici,1625.06,19,19,0,19,265
2025-05-11,BFinance,15753.9,490,218,17,201,3404
2025-05-11,Bitget Wallet,680.09991709,56,19,0,19,89
2025-05-11,Cypher,99910.5947517418,269,175,24,151,8893
2025-05-11,EtherFi,33783.99999999996,416,149,9,140,534
2025-05-11,Exa,13222.599999999995,214,82,1,81,1167
2025-05-11,Gnosis,231764.2230839204,4073,1725,18,1707,8188
2025-05-11,Holyheld,61970.37858429891,107,40,1,39,2059
2025-05-11,Karta,0.0,0,0,0,0,1
2025-05-11,KAST,672018.4226429999,805,677,66,611,31811
2025-05-11,Kolo,1708.93,1,1,0,1,1
2025-05-11,MetaMask,76640.20708554598,1391,599,24,575,6410
2025-05-11,Ready,24018.569999999996,109,109,2,107,303
2025-05-11,RedotPay,6400001.670250733,7397,7365,1191,6174,374766
2025-05-11,SafePal,22159.63338450999,1716,670,31,639,7208
2025-05-11,Solayer,57204.07389199998,488,367,121,246,2625
2025-05-11,Tuyo,371.86,1,1,0,1,1
2025-05-12,Avalanche Card,100970.83000000002,77,77,9,68,470
2025-05-12,Avici,3183.4600000000005,38,38,2,36,267
2025-05-12,BFinance,27564.51,607,270,23,247,3427
2025-05-12,Bitget Wallet,346.7340057400001,39,11,1,10,90
2025-05-12,Cypher,278832.5487933598,377,246,26,220,8919
2025-05-12,EtherFi,59239.13,432,148,10,138,544
2025-05-12,Exa,16045.059999999981,236,103,3,100,1170
2025-05-12,Gnosis,316491.70583650045,3982,1873,8,1865,8196
2025-05-12,Holyheld,435758.1473902307,144,68,5,63,2064
2025-05-12,Karta,0.0,0,0,0,0,1
2025-05-12,KAST,1185292.058094999,1374,1204,127,1077,31938
2025-05-12,Kolo,2714.28,1,1,0,1,1
2025-05-12,MetaMask,63645.40935889162,1471,624,28,596,6438
2025-05-12,Ready,14986.439999999997,135,102,1,101,304
2025-05-12,RedotPay,6075731.967960897,9336,9311,1296,8015,376062
2025-05-12,SafePal,47726.20110670989,1753,734,46,688,7254
2025-05-12,Solayer,74264.47579399994,422,343,106,237,2731
2025-05-12,Tuyo,303.52,1,1,0,1,1
2025-05-13,Avalanche Card,16213.309999999994,91,91,10,81,480
2025-05-13,Avici,3411.3499999999985,42,42,2,40,269
2025-05-13,BFinance,19627.91,723,288,46,242,3473
2025-05-13,Bitget Wallet,753.8764711599998,43,18,0,18,90
2025-05-13,Cypher,565806.8645859058,328,243,21,222,8940
2025-05-13,EtherFi,46406.250000000015,450,168,15,153,559
2025-05-13,Exa,19243.199999999986,255,103,4,99,1174
2025-05-13,Gnosis,296763.57539296924,4305,1863,14,1849,8210
2025-05-13,Holyheld,336769.9469429227,149,61,6,55,2070
2025-05-13,Karta,0.0,0,0,0,0,1
2025-05-13,KAST,1512782.419587999,1560,1409,361,1048,32299
2025-05-13,Kolo,2750.9,1,1,0,1,1
2025-05-13,MetaMask,87874.85602944871,1444,636,27,609,6465
2025-05-13,Ready,8458.54,63,63,3,60,307
2025-05-13,RedotPay,7543699.328141916,4679,4650,638,4012,376700
2025-05-13,SafePal,30321.148447040105,1624,703,44,659,7298
2025-05-13,Solayer,54276.69230599997,446,341,130,211,2861
2025-05-13,Tuyo,1894.63,1,1,0,1,1
2025-05-14,Avalanche Card,48663.08,36,36,7,29,487
2025-05-14,Avici,670.46,13,13,2,11,271
2025-05-14,BFinance,16054.06,651,278,52,226,3525
2025-05-14,Bitget Wallet,682.3188868,54,21,2,19,92
2025-05-14,Cypher,214228.14493643914,291,209,20,189,8960
2025-05-14,EtherFi,66912.72,491,189,11,178,570
2025-05-14,Exa,24260.700000000015,261,127,7,120,1181
2025-05-14,Gnosis,317269.59943733894,4522,1911,25,1886,8235
2025-05-14,Holyheld,114129.55208207207,137,54,2,52,2072
2025-05-14,Karta,0.0,0,0,0,0,1
2025-05-14,KAST,2399053.048573433,992,842,103,739,32402
2025-05-14,Kolo,0.0,0,0,0,0,1
2025-05-14,MetaMask,84872.75550575163,1409,624,25,599,6490
2025-05-14,Ready,15994.57,101,101,3,98,310
2025-05-14,RedotPay,8231231.121871538,9127,9071,857,8214,377557
2025-05-14,SafePal,23621.37163320008,1718,747,63,684,7361
2025-05-14,Solayer,89177.951183,401,319,105,214,2966
2025-05-14,Tuyo,795.09,1,1,0,1,1
2025-05-15,Avalanche Card,53347.640000000014,110,110,10,100,497
2025-05-15,Avici,6019.150000000001,38,38,8,30,279
2025-05-15,BFinance,17100.4,739,321,50,271,3575
2025-05-15,Bitget Wallet,433.17222124999995,53,22,2,20,94
2025-05-15,Cypher,879679.0726162961,313,213,23,190,8983
2025-05-15,EtherFi,72466.58,483,183,14,169,584
2025-05-15,Exa,16904.91,289,131,9,122,1190
2025-05-15,Gnosis,236050.2480609902,4583,1905,20,1885,8255
2025-05-15,Holyheld,237085.14152036115,147,61,7,54,2079
2025-05-15,Karta,0.0,0,0,0,0,1
2025-05-15,KAST,1010610.8730949995,1103,983,190,793,32592
2025-05-15,Kolo,4679.65,1,1,0,1,1
2025-05-15,MetaMask,75762.96056284502,1488,642,27,615,6517
2025-05-15,Ready,20936.670000000002,90,90,4,86,314
2025-05-15,RedotPay,4350000.658467993,584,562,36,526,377593
2025-05-15,SafePal,22050.241850630086,1797,781,105,676,7466
2025-05-15,Solayer,47186.53103599997,334,270,81,189,3047
2025-05-15,Tuyo,206.53,1,1,0,1,1
2025-05-16,Avalanche Card,124328.02,234,86,10,76,507
2025-05-16,Avici,4025.5700000000006,30,30,0,30,279
2025-05-16,BFinance,19730.8,655,253,43,210,3618
2025-05-16,Bitget Wallet,553.1258130799998,52,22,2,20,96
2025-05-16,Cypher,236842.13713011885,370,260,55,205,9038
2025-05-16,EtherFi,140156.44000000006,593,196,17,179,601
2025-05-16,Exa,15630.740000000003,251,96,2,94,1192
2025-05-16,Gnosis,276957.2398716785,4878,2044,18,2026,8273
2025-05-16,Holyheld,189671.5755213556,160,64,2,62,2081
2025-05-16,Karta,61674.94,1,1,0,1,1
2025-05-16,KAST,805515.6483050002,1066,921,141,780,32733
2025-05-16,Kolo,2588.79,1,1,0,1,1
2025-05-16,MetaMask,96958.35946464165,1636,701,36,665,6553
2025-05-16,Ready,14163.278941999995,148,105,2,103,316
2025-05-16,RedotPay,9576019.76627025,19124,19034,2959,16075,380552
2025-05-16,SafePal,54182.38734938996,1920,817,70,747,7536
2025-05-16,Solayer,46030.14509500003,323,263,58,205,3105
2025-05-16,Tuyo,204.33,1,1,0,1,1
2025-05-17,Avalanche Card,24862.32000000001,71,44,0,44,507
2025-05-17,Avici,4216.17,32,32,0,32,279
2025-05-17,BFinance,13923.76,583,239,37,202,3655
2025-05-17,Bitget Wallet,845.87261869,67,20,0,20,96
2025-05-17,Cypher,406192.1862580118,371,273,42,231,9080
2025-05-17,EtherFi,47216.19999999999,575,221,29,192,630
2025-05-17,Exa,20507.01000000001,278,113,6,107,1198
2025-05-17,Gnosis,290613.6192311304,5399,2063,23,2040,8296
2025-05-17,Holyheld,71331.62914114026,129,57,5,52,2086
2025-05-17,Karta,99563.59,1,1,0,1,1
2025-05-17,KAST,81007.57718299997,494,369,45,324,32778
2025-05-17,Kolo,8283.59,1,1,0,1,1
2025-05-17,MetaMask,80130.82104058331,1682,682,31,651,6584
2025-05-17,Ready,17999.655622,143,106,4,102,320
2025-05-17,RedotPay,7250001.304977931,2353,2317,137,2180,380689
2025-05-17,SafePal,26656.12057390986,1928,795,68,727,7604
2025-05-17,Solayer,32706.61146099999,269,217,42,175,3147
2025-05-17,Tuyo,1869.47,1,1,0,1,1
2025-05-18,Avalanche Card,53009.840000000004,139,47,5,42,512
2025-05-18,Avici,4716.81,30,30,2,28,281
2025-05-18,BFinance,12640.24,532,228,32,196,3687
2025-05-18,Bitget Wallet,1319.1234594500002,69,22,0,22,96
2025-05-18,Cypher,694879.2322622684,355,253,44,209,9124
2025-05-18,EtherFi,66282.1200000001,620,227,34,193,664
2025-05-18,Exa,16388.479999999996,278,109,4,105,1202
2025-05-18,Gnosis,218590.4779259802,3879,1707,16,1691,8312
2025-05-18,Holyheld,45031.37611830681,82,42,2,40,2088
2025-05-18,Karta,78854.18,1,1,0,1,1
2025-05-18,KAST,997223.6212584017,783,656,60,596,32838
2025-05-18,Kolo,19110.53,1,1,0,1,1
2025-05-18,MetaMask,88122.22702837104,1347,578,23,555,6607
2025-05-18,Ready,21566.49,80,80,1,79,321
2025-05-18,RedotPay,5773999.994260164,6735,6702,503,6199,381192
2025-05-18,SafePal,27749.580074349855,2090,825,84,741,7688
2025-05-18,Solayer,34877.42532399999,310,260,39,221,3186
2025-05-18,Tuyo,503.75,1,1,0,1,1
2025-05-19,Avalanche Card,51390.06999999999,130,59,10,49,522
2025-05-19,Avici,2238.08,39,39,2,37,283
2025-05-19,BFinance,19948.07,643,284,32,252,3719
2025-05-19,Bitget Wallet,601.7036897999998,45,16,0,16,96
2025-05-19,Cypher,152455.9299065856,298,213,25,188,9149
2025-05-19,EtherFi,109533.67000000003,671,238,20,218,684
2025-05-19,Exa,23327.930000000004,263,107,5,102,1207
2025-05-19,Gnosis,282421.93978811934,4507,1931,32,1899,8344
2025-05-19,Holyheld,480148.27356302156,165,65,4,61,2092
2025-05-19,Karta,0.0,0,0,0,0,1
2025-05-19,KAST,3507601.253995995,1584,1455,175,1280,33013
2025-05-19,Kolo,4031.59,1,1,0,1,1
2025-05-19,MetaMask,88473.13971683319,1400,631,32,599,6639
2025-05-19,Ready,10163.649999999998,84,84,1,83,322
2025-05-19,RedotPay,6066744.7816309305,4275,4248,268,3980,381460
2025-05-19,SafePal,28369.412170140036,1974,841,81,760,7769
2025-05-19,Solayer,34931.099169000016,288,233,41,192,3227
2025-05-19,Tuyo,51.59,1,1,0,1,1
2025-05-20,Avalanche Card,20164.649999999998,123,48,9,39,531
2025-05-20,Avici,3026.8800000000006,33,33,4,29,287
2025-05-20,BFinance,15192.15,572,230,49,181,3768
2025-05-20,Bitget Wallet,832.4666252000001,55,24,2,22,98
2025-05-20,Cypher,321914.91259177675,332,228,28,200,9177
2025-05-20,EtherFi,153791.31000000003,768,254,29,225,713
2025-05-20,Exa,21924.599999999988,242,108,4,104,1211
2025-05-20,Gnosis,309608.56895244995,4678,2009,46,1963,8390
2025-05-20,Holyheld,203167.87699779554,138,60,4,56,2096
2025-05-20,Karta,0.0,0,0,0,0,1
2025-05-20,KAST,717785.9467329998,944,837,96,741,33109
2025-05-20,Kolo,3812.95,1,1,0,1,1
2025-05-20,MetaMask,107422.98623467298,1622,662,37,625,6676
2025-05-20,Ready,14662.585436,100,100,1,99,323
2025-05-20,RedotPay,10933841.740005735,9890,9680,1893,7787,383353
2025-05-20,SafePal,29213.780223099955,1996,865,77,788,7846
2025-05-20,Solayer,43240.268663999974,278,234,55,179,3282
2025-05-20,Tuyo,297.5,1,1,0,1,1
2025-05-21,Avalanche Card,44351.72,73,33,3,30,534
2025-05-21,Avici,4677.620000000001,38,38,2,36,289
2025-05-21,BFinance,16173.32,642,264,39,225,3807
2025-05-21,Bitget Wallet,661.2420577599999,60,25,4,21,102
2025-05-21,Cypher,336735.9469844542,341,239,29,210,9206
2025-05-21,EtherFi,142546.91999999998,741,278,24,254,737
2025-05-21,Exa,15131.63,216,109,6,103,1217
2025-05-21,Gnosis,269812.5985945196,4836,2027,33,1994,8423
2025-05-21,Holyheld,230100.89343827564,152,78,3,75,2099
2025-05-21,Karta,0.0,0,0,0,0,1
2025-05-21,KAST,1315381.9107009983,1145,988,95,893,33204
2025-05-21,Kolo,5586.23,1,1,0,1,1
2025-05-21,MetaMask,124527.94497899181,1656,678,36,642,6712
2025-05-21,Ready,11006.689999999999,85,85,4,81,327
2025-05-21,RedotPay,7050001.411757774,8224,8182,1509,6673,384862
2025-05-21,SafePal,29080.294456400014,1949,842,65,777,7911
2025-05-21,Solayer,31688.786671000013,307,249,46,203,3328
2025-05-21,Tuyo,750.01,1,1,0,1,1
2025-05-22,Avalanche Card,9872.219999999998,48,20,2,18,536
2025-05-22,Avici,318.34,16,16,1,15,290
2025-05-22,BFinance,15451.72,648,270,52,218,3859
2025-05-22,Bitget Wallet,469.78493742,45,23,0,23,102
2025-05-22,Cypher,216605.86869786272,360,255,27,228,9233
2025-05-22,EtherFi,151689.43999999997,717,294,33,261,770
2025-05-22,Exa,14927.859999999986,238,109,5,104,1222
2025-05-22,Gnosis,312129.13464134093,4768,1971,37,1934,8460
2025-05-22,Holyheld,258894.47043051387,159,74,3,71,2102
2025-05-22,Karta,0.0,0,0,0,0,1
2025-05-22,KAST,1528846.612797999,1268,1114,321,793,33525
2025-05-22,Kolo,5857.14,1,1,0,1,1
2025-05-22,MetaMask,131292.44472114922,1613,684,37,647,6749
2025-05-22,Ready,12354.639999999996,93,93,4,89,331
2025-05-22,RedotPay,7881929.327697454,7385,7315,513,6802,385375
2025-05-22,SafePal,27013.546342059963,2098,848,68,780,7979
2025-05-22,Solayer,34685.52096100002,294,255,65,190,3393
2025-05-22,Tuyo,4585.8,1,1,0,1,1
2025-05-23,Avalanche Card,28655.259999999995,187,77,8,69,544
2025-05-23,Avici,6188.259999999999,42,42,2,40,292
2025-05-23,BFinance,14233.48,738,277,57,220,3916
2025-05-23,Bitget Wallet,453.7573495099999,56,28,2,26,104
2025-05-23,Cypher,283322.6512639702,406,276,35,241,9268
2025-05-23,EtherFi,79391.98,816,317,29,288,799
2025-05-23,Exa,18527.23999999999,291,124,5,119,1227
2025-05-23,Gnosis,350417.88656272047,5490,2172,32,2140,8492
2025-05-23,Holyheld,189995.00807316802,152,78,6,72,2108
2025-05-23,Karta,0.0,0,0,0,0,1
2025-05-23,KAST,423150.9313670001,872,741,64,677,33589
2025-05-23,Kolo,7598.61,1,1,0,1,1
2025-05-23,MetaMask,96360.537866003,1637,711,33,678,6782
2025-05-23,Ready,11549.92,73,73,1,72,332
2025-05-23,RedotPay,9021563.981235707,7080,6974,373,6601,385748
2025-05-23,SafePal,45017.948555680035,2126,911,74,837,8053
2025-05-23,Solayer,120915.53276100002,314,259,40,219,3433
2025-05-23,Tuyo,332.13,1,1,0,1,1
2025-05-24,Avalanche Card,54851.1,69,65,7,58,551
2025-05-24,Avici,1323.1599999999999,36,36,4,32,296
2025-05-24,BFinance,27757.63,685,275,36,239,3952
2025-05-24,Bitget Wallet,411.9975801600001,62,20,0,20,104
2025-05-24,Cypher,219227.81333381834,370,255,40,215,9308
2025-05-24,EtherFi,78187.5399999999,906,322,33,289,832
2025-05-24,Exa,18432.759999999987,368,127,4,123,1231
2025-05-24,Gnosis,313483.47400079906,5786,2150,20,2130,8512
2025-05-24,Holyheld,69522.13693150961,121,57,5,52,2113
2025-05-24,Karta,0.0,0,0,0,0,1
2025-05-24,KAST,1727483.7187280015,825,670,110,560,33699
2025-05-24,Kolo,4953.46,1,1,0,1,1
2025-05-24,MetaMask,105476.39161929433,1703,708,25,683,6807
2025-05-24,Ready,11709.69,97,97,2,95,334
2025-05-24,RedotPay,6850000.861086278,4957,4924,467,4457,386215
2025-05-24,SafePal,25018.559609429954,2112,865,70,795,8123
2025-05-24,Solayer,33933.16969999999,324,252,34,218,3467
2025-05-24,Tuyo,263.74,1,1,0,1,1
2025-05-25,Avalanche Card,106184.56000000003,100,84,14,70,565
2025-05-25,Avici,1736.6699999999998,29,29,4,25,300
2025-05-25,BFinance,15176.6,562,239,25,214,3977
2025-05-25,Bitget Wallet,706.32801984,48,21,0,21,104
2025-05-25,Cypher,166588.52212031808,339,244,28,216,9336
2025-05-25,EtherFi,56546.469999999965,780,294,12,282,844
2025-05-25,Exa,15340.539999999997,352,118,1,117,1232
2025-05-25,Gnosis,267229.82300159946,4096,1752,21,1731,8533
2025-05-25,Holyheld,84524.19623452151,111,47,4,43,2117
2025-05-25,Karta,0.0,0,0,0,0,1
2025-05-25,KAST,347552.7628019998,661,549,42,507,33741
2025-05-25,Kolo,2502.71,1,1,0,1,1
2025-05-25,MetaMask,74243.64575199613,1418,621,29,592,6836
2025-05-25,Ready,10254.46,87,87,2,85,336
2025-05-25,RedotPay,5901228.572706039,4981,4930,143,4787,386358
2025-05-25,SafePal,28100.77121219999,2225,869,53,816,8176
2025-05-25,Solayer,25009.33518200001,341,271,58,213,3525
2025-05-25,Tuyo,498.15,1,1,0,1,1
2025-05-26,Avalanche Card,29652.52000000001,92,88,9,79,574
2025-05-26,Avici,2929.9100000000008,35,35,4,31,304
2025-05-26,BFinance,27693.82,551,224,18,206,3995
2025-05-26,Bitget Wallet,491.09171711999994,40,17,1,16,105
2025-05-26,Cypher,387773.86823346524,312,224,27,197,9363
2025-05-26,EtherFi,102030.18000000002,808,287,16,271,860
2025-05-26,Exa,17196.710000000003,302,111,3,108,1235
2025-05-26,Gnosis,276036.6830628485,4691,1988,26,1962,8559
2025-05-26,Holyheld,481158.2251501243,171,87,7,80,2124
2025-05-26,Karta,0.0,0,0,0,0,1
2025-05-26,KAST,1751434.381764998,1654,1453,160,1293,33901
2025-05-26,Kolo,4047.18,1,1,0,1,1
2025-05-26,MetaMask,78440.28281877065,1507,666,36,630,6872
2025-05-26,Ready,8649.62,74,74,1,73,337
2025-05-26,RedotPay,6842067.540167043,7643,7593,824,6769,387182
2025-05-26,SafePal,26519.096658230013,1943,828,51,777,8227
2025-05-26,Solayer,40241.76864599998,260,222,28,194,3553
2025-05-26,Tuyo,195.77,1,1,0,1,1
2025-05-27,Avalanche Card,10826.380000000003,85,82,7,75,581
2025-05-27,Avici,3935.2700000000004,39,39,6,33,310
2025-05-27,BFinance,29751.15,550,231,24,207,4019
2025-05-27,Bitget Wallet,538.77040732,40,19,1,18,106
2025-05-27,Cypher,492724.14456716715,370,244,22,222,9385
2025-05-27,EtherFi,75515.91,892,300,28,272,888
2025-05-27,Exa,23175.78999999999,287,121,4,117,1239
2025-05-27,Gnosis,291705.1558171786,4879,2009,26,1983,8585
2025-05-27,Holyheld,221356.03297539274,141,69,7,62,2131
2025-05-27,Karta,0.0,0,0,0,0,1
2025-05-27,KAST,1570218.6133070008,1390,1267,301,966,34202
2025-05-27,Kolo,5211.72,1,1,0,1,1
2025-05-27,MetaMask,75351.37554859645,1580,654,28,626,6900
2025-05-27,Ready,9135.099999999999,89,89,4,85,341
2025-05-27,RedotPay,8007918.786424646,7837,7718,1726,5992,388908
2025-05-27,SafePal,25406.147236649886,2010,867,67,800,8294
2025-05-27,Solayer,42150.730389,299,237,35,202,3588
2025-05-27,Tuyo,655.75,1,1,0,1,1
2025-05-28,Avalanche Card,11658.019999999999,93,87,14,73,595
2025-05-28,Avici,3737.54,39,39,3,36,313
2025-05-28,BFinance,23881.99,660,281,45,236,4064
2025-05-28,Bitget Wallet,342.5488934200001,45,16,0,16,106
2025-05-28,Cypher,245775.8257813233,330,236,30,206,9415
2025-05-28,EtherFi,99322.39999999998,918,344,20,324,908
2025-05-28,Exa,15306.35,269,126,5,121,1244
2025-05-28,Gnosis,314839.28528335964,5081,2120,29,2091,8614
2025-05-28,Holyheld,228212.21341353335,152,67,2,65,2133
2025-05-28,Karta,0.0,0,0,0,0,1
2025-05-28,KAST,951423.7963730006,1008,900,146,754,34348
2025-05-28,Kolo,6858.63,1,1,0,1,1
2025-05-28,MetaMask,125124.7677461204,1622,713,33,680,6933
2025-05-28,Ready,7939.84,92,92,4,88,345
2025-05-28,RedotPay,8200160.133145733,29863,29772,8091,21681,396999
2025-05-28,SafePal,29171.06190502001,2073,909,84,825,8378
2025-05-28,Solayer,40422.94739100001,304,242,46,196,3634
2025-05-28,Tuyo,499.83,1,1,0,1,1
2025-05-29,Avalanche Card,29476.53,106,99,9,90,604
2025-05-29,Avici,1577.62,39,39,2,37,315
2025-05-29,BFinance,22298.24,799,307,66,241,4130
2025-05-29,Bitget Wallet,487.9455186200001,43,21,1,20,107
2025-05-29,Cypher,295936.00017813814,361,238,23,215,9438
2025-05-29,EtherFi,112690.7999999998,997,347,18,329,926
2025-05-29,Exa,19001.03999999999,254,110,4,106,1248
2025-05-29,Gnosis,291726.0504945996,4823,1957,35,1922,8649
2025-05-29,Holyheld,205461.29169511178,138,61,4,57,2137
2025-05-29,Karta,0.0,0,0,0,0,1
2025-05-29,KAST,2373108.1707319967,1413,1286,195,1091,34543
2025-05-29,Kolo,9330.11,1,1,0,1,1
2025-05-29,MetaMask,120320.86861181333,1524,679,41,638,6974
2025-05-29,Ready,11828.859999999995,89,89,1,88,346
2025-05-29,RedotPay,7414534.450197874,7236,7185,1526,5659,398525
2025-05-29,SafePal,28001.88891192,2158,901,78,823,8456
2025-05-29,Solayer,105551.24995999996,283,243,36,207,3670
2025-05-29,Tuyo,746.27,1,1,0,1,1
2025-05-30,Avalanche Card,18936.300000000003,102,99,10,89,614
2025-05-30,Avici,5139.010000000003,34,34,3,31,318
2025-05-30,BFinance,24025.09,722,293,51,242,4181
2025-05-30,Bitget Wallet,545.0009972899999,39,21,0,21,107
2025-05-30,Cypher,263423.0148888077,361,259,31,228,9469
2025-05-30,EtherFi,113422.40000000014,1002,356,23,333,949
2025-05-30,Exa,22331.21,324,125,9,116,1257
2025-05-30,Gnosis,347474.34625840123,5871,2206,25,2181,8674
2025-05-30,Holyheld,182535.62368098466,134,56,3,53,2140
2025-05-30,Karta,0.0,0,0,0,0,1
2025-05-30,KAST,891675.1801989983,700,563,58,505,34601
2025-05-30,Kolo,5805.82,1,1,0,1,1
2025-05-30,MetaMask,119275.91367986723,1814,743,37,706,7011
2025-05-30,Ready,11469.199999999997,95,95,5,90,351
2025-05-30,RedotPay,6374711.379200395,3098,3049,166,2883,398691
2025-05-30,SafePal,29058.188784670056,2153,879,56,823,8512
2025-05-30,Solayer,42170.08203999999,258,217,28,189,3698
2025-05-30,Tuyo,201.95,1,1,0,1,1
2025-05-31,Avalanche Card,54552.92000000003,103,99,8,91,622
2025-05-31,Avici,1209.04,28,28,4,24,322
2025-05-31,BFinance,44404.23,681,262,54,208,4235
2025-05-31,Bitget Wallet,2017.93138024,45,20,0,20,107
2025-05-31,Cypher,284671.6672941701,339,248,25,223,9494
2025-05-31,EtherFi,159208.7300000001,1092,400,30,370,979
2025-05-31,Exa,15851.719999999998,329,127,5,122,1262
2025-05-31,Gnosis,324642.3352851198,6014,2174,28,2146,8702
2025-05-31,Holyheld,74701.2026663254,130,62,1,61,2141
2025-05-31,Karta,0.0,0,0,0,0,1
2025-05-31,KAST,351652.435186,598,453,51,402,34652
2025-05-31,Kolo,2192.1,1,1,0,1,1
2025-05-31,MetaMask,87315.77015014685,1778,717,33,684,7044
2025-05-31,Ready,13425.320000000002,101,101,8,93,359
2025-05-31,RedotPay,6951050.192032114,4248,4197,444,3753,399135
2025-05-31,SafePal,28976.239829979957,2185,916,77,839,8589
2025-05-31,Solayer,41731.38062600001,235,209,45,164,3743
2025-05-31,Tuyo,391.28,1,1,0,1,1
2025-06-01,Avalanche Card,5014.800000000001,60,55,16,39,638
2025-06-01,Avici,4921.62,23,23,0,23,322
2025-06-01,BFinance,17177.88,762,333,56,277,4291
2025-06-01,Bitget Wallet,252.42131128000003,37,15,1,14,108
2025-06-01,Cypher,258599.30811648854,366,253,16,237,9510
2025-06-01,EtherFi,183514.04999999978,1024,394,42,352,1021
2025-06-01,Exa,15155.79,298,112,4,108,1266
2025-06-01,Gnosis,270080.8029125293,4705,1918,14,1904,8716
2025-06-01,Holyheld,56919.257869154615,93,41,5,36,2146
2025-06-01,Karta,520777.06000000006,1,1,0,1,1
2025-06-01,KAST,592584.8275760012,2164,1967,589,1378,35241
2025-06-01,Kolo,5335.6,1,1,0,1,1
2025-06-01,MetaMask,86798.02051955638,1495,591,25,566,7069
2025-06-01,Ready,6937.750000000001,84,84,7,77,366
2025-06-01,RedotPay,7437031.798699091,6656,6613,1447,5166,400582
2025-06-01,SafePal,33481.01103173006,2143,882,64,818,8653
2025-06-01,Solayer,33216.75751800001,224,192,18,174,3761
2025-06-01,Tuyo,1207.7,1,1,0,1,1
2025-06-02,Avalanche Card,4772.7,34,32,8,24,646
2025-06-02,Avici,2035.2600000000002,40,40,5,35,327
2025-06-02,BFinance,32044.27,834,320,50,270,4341
2025-06-02,Bitget Wallet,479.2360358899999,46,20,0,20,108
2025-06-02,Cypher,285951.858193872,352,248,27,221,9537
2025-06-02,EtherFi,200365.51999999984,1038,411,43,368,1064
2025-06-02,Exa,27381.680000000022,324,122,7,115,1273
2025-06-02,Gnosis,342128.4373133494,4972,2066,20,2046,8736
2025-06-02,Holyheld,437006.7051111669,175,86,8,78,2154
2025-06-02,Karta,0.0,0,0,0,0,1
2025-06-02,KAST,2219240.519759,991,846,147,699,35388
2025-06-02,Kolo,10514.63,1,1,0,1,1
2025-06-02,MetaMask,100668.21016602054,1613,675,20,655,7089
2025-06-02,Ready,20755.120000000014,123,123,4,119,370
2025-06-02,RedotPay,8552036.275720954,3531,3487,1183,2304,401765
2025-06-02,SafePal,29065.255920410058,2157,917,63,854,8716
2025-06-02,Solayer,96806.10743199995,227,192,19,173,3780
2025-06-02,Tuyo,4687.1,1,1,0,1,1
2025-06-03,Avalanche Card,6578.849999999999,43,41,11,30,657
2025-06-03,Avici,5000.09,50,50,10,40,337
2025-06-03,BFinance,37201.76,802,320,63,257,4404
2025-06-03,Bitget Wallet,553.1736719200001,43,15,0,15,108
2025-06-03,Cypher,270599.1547099161,400,282,33,249,9570
2025-06-03,EtherFi,98786.13999999978,1014,417,43,374,1107
2025-06-03,Exa,26150.85000000001,301,116,5,111,1278
2025-06-03,Gnosis,337954.5894230089,5077,2061,41,2020,8777
2025-06-03,Holyheld,365141.34844274324,152,85,6,79,2160
2025-06-03,Karta,0.0,0,0,0,0,1
2025-06-03,KAST,466675.2347970002,1360,1202,394,808,35782
2025-06-03,Kolo,10527.6,1,1,0,1,1
2025-06-03,MetaMask,166665.3285043745,1662,679,48,631,7137
2025-06-03,Ready,23390.209999999992,110,110,2,108,372
2025-06-03,RedotPay,8642509.479158536,9624,9533,510,9023,402275
2025-06-03,SafePal,39928.415732660076,2223,937,66,871,8782
2025-06-03,Solayer,106832.81121000004,281,227,28,199,3808
2025-06-03,Tuyo,3045.47,1,1,0,1,1
2025-06-04,Avalanche Card,4230.139999999999,26,26,6,20,663
2025-06-04,Avici,1247.6100000000004,37,37,2,35,339
2025-06-04,BFinance,45003.25,775,328,55,273,4459
2025-06-04,Bitget Wallet,912.7566636399999,43,22,2,20,110
2025-06-04,Cypher,402882.6529011293,367,241,33,208,9603
2025-06-04,EtherFi,191599.61999999985,1167,453,45,408,1152
2025-06-04,Exa,15747.17999999999,311,132,6,126,1284
2025-06-04,Gnosis,304548.1473067004,5169,2154,57,2097,8834
2025-06-04,Holyheld,215005.58067215912,149,74,5,69,2165
2025-06-04,Karta,0.0,0,0,0,0,1
2025-06-04,KAST,1768107.7328499984,919,780,132,648,35914
2025-06-04,Kolo,0.0,0,0,0,0,1
2025-06-04,MetaMask,88733.36426915308,1602,694,31,663,7168
2025-06-04,Ready,13974.509291,110,110,4,106,376
2025-06-04,RedotPay,12510695.657136727,8325,8131,2966,5165,405241
2025-06-04,SafePal,29871.371542709974,2155,908,74,834,8856
2025-06-04,Solayer,129804.29999999999,234,203,20,183,3828
2025-06-04,Tuyo,0.0,0,0,0,0,1
2025-06-05,Avalanche Card,12212.019999999999,73,71,14,57,677
2025-06-05,Avici,1493.9399999999998,57,57,5,52,344
2025-06-05,BFinance,25599.38,821,326,41,285,4500
2025-06-05,Bitget Wallet,482.27737190999994,50,19,0,19,110
2025-06-05,Cypher,499090.63850571495,383,272,34,238,9637
2025-06-05,EtherFi,126407.96000000011,1172,468,65,403,1217
2025-06-05,Exa,14569.970000000008,293,121,3,118,1287
2025-06-05,Gnosis,335684.31187851867,5271,2183,50,2133,8884
2025-06-05,Holyheld,281879.3202206513,134,63,4,59,2169
2025-06-05,Karta,0.0,0,0,0,0,1
2025-06-05,KAST,3717001.813461998,1951,1839,750,1089,36664
2025-06-05,Kolo,17000.86,1,1,0,1,1
2025-06-05,MetaMask,100564.18981656153,1622,697,37,660,7205
2025-06-05,Ready,12739.87,121,121,3,118,379
2025-06-05,RedotPay,7734322.447850918,6595,6535,436,6099,405677
2025-06-05,SafePal,29144.596340980053,2222,936,65,871,8921
2025-06-05,Solayer,155521.04198799998,249,198,18,180,3846
2025-06-05,Tuyo,2148.56,1,1,0,1,1
2025-06-06,Avalanche Card,99270.77999999994,193,190,19,171,696
2025-06-06,Avici,2237.43,43,43,3,40,347
2025-06-06,BFinance,47963.59,785,321,51,270,4551
2025-06-06,Bitget Wallet,305.32687798999996,55,21,3,18,113
2025-06-06,Cypher,368101.75849275984,382,272,34,238,9671
2025-06-06,EtherFi,118157.51000000001,1305,500,60,440,1277
2025-06-06,Exa,25531.320000000025,338,133,5,128,1292
2025-06-06,Gnosis,347418.0911800302,5831,2249,63,2186,8947
2025-06-06,Holyheld,206307.2369063761,132,64,4,60,2173
2025-06-06,Karta,0.0,0,0,0,0,1
2025-06-06,KAST,572933.9585439984,466,371,44,327,36708
2025-06-06,Kolo,6487.41,1,1,0,1,1
2025-06-06,MetaMask,83409.7612959148,1579,671,21,650,7226
2025-06-06,Ready,18530.7,119,119,6,113,385
2025-06-06,RedotPay,6949316.812589559,5245,5132,978,4154,406655
2025-06-06,SafePal,28620.216338619975,2365,966,74,892,8995
2025-06-06,Solayer,47638.68999999998,223,195,13,182,3859
2025-06-06,Tuyo,576.92,1,1,0,1,1
2025-06-07,Avalanche Card,38550.14000000001,125,125,12,113,708
2025-06-07,Avici,4080.3500000000004,38,38,3,35,350
2025-06-07,BFinance,28240.92,666,279,38,241,4589
2025-06-07,Bitget Wallet,605.9905966799998,66,25,0,25,113
2025-06-07,Cypher,243834.12892431012,334,245,26,219,9697
2025-06-07,EtherFi,128150.28000000007,1478,546,60,486,1337
2025-06-07,Exa,36371.83,419,138,4,134,1296
2025-06-07,Gnosis,317032.95756428136,6177,2245,56,2189,9003
2025-06-07,Holyheld,77302.32819486939,114,56,1,55,2174
2025-06-07,Karta,103159.03,1,1,0,1,1
2025-06-07,KAST,401916.78065499966,488,375,44,331,36752
2025-06-07,Kolo,24668.64,1,1,0,1,1
2025-06-07,MetaMask,74803.23896913996,1708,716,35,681,7261
2025-06-07,Ready,13712.349999999999,111,111,4,107,389
2025-06-07,RedotPay,8089660.888047122,5453,5375,1830,3545,408485
2025-06-07,SafePal,34611.74424947002,2311,936,56,880,9051
2025-06-07,Solayer,39363.710000000014,240,202,15,187,3874
2025-06-07,Tuyo,3070.44,1,1,0,1,1
2025-06-08,Avalanche Card,18715.739999999998,98,98,9,89,717
2025-06-08,Avici,2381.99,42,42,6,36,356
2025-06-08,BFinance,20542.4,697,323,51,272,4640
2025-06-08,Bitget Wallet,405.28018678,66,22,1,21,114
2025-06-08,Bitget Wallet,0.07,1,1,1,0,1
2025-06-08,Cypher,355604.07614902465,337,252,32,220,9729
2025-06-08,EtherFi,115913.03999999989,1300,526,62,464,1399
2025-06-08,Exa,28130.520000000015,336,122,3,119,1299
2025-06-08,Gnosis,225836.60008999013,4442,1857,41,1816,9044
2025-06-08,Holyheld,73437.79078888279,102,51,6,45,2180
2025-06-08,Karta,0.0,0,0,0,0,1
2025-06-08,KAST,1050429.799275999,586,477,52,425,36804
2025-06-08,Kolo,21451.09,1,1,0,1,1
2025-06-08,MetaMask,79248.25778929755,1402,593,30,563,7291
2025-06-08,Ready,21684.469999999998,133,133,5,128,394
2025-06-08,RedotPay,5502031.359885617,10115,10062,881,9181,409366
2025-06-08,SafePal,28888.481334179964,2288,951,78,873,9129
2025-06-08,Solayer,27296.37,239,208,13,195,3887
2025-06-08,Tuyo,4036.52,1,1,0,1,1
2025-06-09,Avalanche Card,23210.269999999997,102,102,9,93,726
2025-06-09,Avici,1474.6800000000003,43,43,3,40,359
2025-06-09,BFinance,61844.53,766,312,37,275,4677
2025-06-09,Bitget Wallet,396.95915424,55,21,0,21,114
2025-06-09,Bitget Wallet,0.0,0,0,0,0,1
2025-06-09,Cypher,267076.1535672675,370,246,22,224,9751
2025-06-09,EtherFi,195107.6999999999,1306,516,49,467,1448
2025-06-09,Exa,30142.199999999993,292,133,4,129,1303
2025-06-09,Gnosis,288995.3812043001,4800,2050,47,2003,9091
2025-06-09,Holyheld,269408.6505351029,152,69,2,67,2182
2025-06-09,Karta,0.0,0,0,0,0,1
2025-06-09,KAST,685320.0443610005,860,733,50,683,36854
2025-06-09,Kolo,9659.52,1,1,0,1,1
2025-06-09,MetaMask,66149.42134816748,1347,609,22,587,7313
2025-06-09,Ready,17358.540000000005,124,124,2,122,396
2025-06-09,RedotPay,5500001.82986482,11755,11710,1652,10058,411018
2025-06-09,SafePal,30230.127604660054,2405,979,68,911,9197
2025-06-09,Solayer,59198.81000000001,300,255,72,183,3959
2025-06-09,Tuyo,2755.74,1,1,0,1,1
2025-06-10,Avalanche Card,12981.840000000004,120,120,18,102,744
2025-06-10,Avici,5307.619999999998,51,51,5,46,364
2025-06-10,BFinance,28750.4,770,341,40,301,4717
2025-06-10,Bitget Wallet,717.1634273600002,60,24,1,23,115
2025-06-10,Bitget Wallet,17.72,1,1,0,1,1
2025-06-10,Cypher,353839.61608155235,422,292,39,253,9790
2025-06-10,EtherFi,263431.4899999996,1482,611,54,557,1502
2025-06-10,Exa,24399.19000000001,293,130,2,128,1305
2025-06-10,Gnosis,334818.00085783115,5297,2186,55,2131,9146
2025-06-10,Holyheld,279141.3652071772,148,73,6,67,2188
2025-06-10,Karta,0.0,0,0,0,0,1
2025-06-10,KAST,2370424.700716001,993,814,112,702,36966
2025-06-10,Kolo,8843.79,1,1,0,1,1
2025-06-10,MetaMask,86911.59197837177,1562,685,30,655,7343
2025-06-10,Ready,21598.279999999995,116,116,5,111,401
2025-06-10,RedotPay,8175254.363448669,4946,4823,1630,3193,412648
2025-06-10,SafePal,39237.91641627995,2279,1010,73,937,9270
2025-06-10,Solayer,68109.66284899999,362,316,106,210,4065
2025-06-10,Tuyo,1473.76,1,1,0,1,1
2025-06-11,Avalanche Card,11649.519999999993,123,122,8,114,752
2025-06-11,Avici,10012.5,43,43,3,40,367
2025-06-11,BFinance,65451.94,914,377,50,327,4767
2025-06-11,Bitget Wallet,449.52455671999996,60,22,1,21,116
2025-06-11,Bitget Wallet,0.03,1,1,0,1,1
2025-06-11,Cypher,377592.8397928952,372,263,39,224,9829
2025-06-11,EtherFi,215553.05000000002,1499,629,57,572,1559
2025-06-11,Exa,23490.350000000006,313,126,5,121,1310
2025-06-11,Gnosis,296753.0107285205,5433,2202,48,2154,9194
2025-06-11,Holyheld,266491.71883647493,170,66,3,63,2191
2025-06-11,Karta,116563.48,1,1,0,1,1
2025-06-11,KAST,2312568.7797559993,901,671,105,566,37071
2025-06-11,Kolo,31723.4,1,1,0,1,1
2025-06-11,MetaMask,90556.82314958864,1590,682,40,642,7383
2025-06-11,Ready,17187.12999999999,125,125,6,119,407
2025-06-11,RedotPay,9050002.625749892,5533,5390,576,4814,413224
2025-06-11,SafePal,38623.20274267996,2404,991,76,915,9346
2025-06-11,Solayer,58617.68000000001,379,320,114,206,4179
2025-06-11,Tuyo,1371.54,1,1,0,1,1
2025-06-12,Avalanche Card,18563.56,126,126,6,120,758
2025-06-12,Avici,5969.579999999997,49,49,2,47,369
2025-06-12,BFinance,28017.46,737,341,54,287,4821
2025-06-12,Bitget Wallet,884.5673705700001,81,24,0,24,116
2025-06-12,Bitget Wallet,1.88,1,1,0,1,1
2025-06-12,Cypher,339444.68754442397,376,261,31,230,9860
2025-06-12,EtherFi,201483.79000000004,1616,639,57,582,1616
2025-06-12,Exa,24863.560000000012,297,130,2,128,1312
2025-06-12,Gnosis,300940.65003281034,5328,2247,47,2200,9241
2025-06-12,Holyheld,187948.94661395118,114,50,0,50,2191
2025-06-12,Karta,98586.07,1,1,0,1,1
2025-06-12,KAST,540754.243041,919,655,63,592,37134
2025-06-12,Kolo,9731.87,1,1,0,1,1
2025-06-12,MetaMask,94745.86435040446,1702,702,33,669,7416
2025-06-12,Ready,14859.030708999999,123,123,9,114,416
2025-06-12,RedotPay,8026909.602021875,6935,6849,652,6197,413876
2025-06-12,SafePal,33679.98836315989,2385,1000,68,932,9414
2025-06-12,Solayer,32980.81999999999,267,225,59,166,4238
2025-06-12,Tuyo,1524.4,1,1,0,1,1
2025-06-13,Avalanche Card,27501.100000000013,132,132,15,117,773
2025-06-13,Avici,5693.979999999998,44,44,6,38,375
2025-06-13,BFinance,37372.47,860,342,46,296,4867
2025-06-13,Bitget Wallet,632.4298558900001,76,25,0,25,116
2025-06-13,Bitget Wallet,18.2,1,1,0,1,1
2025-06-13,Cypher,484654.1406017137,396,262,21,241,9881
2025-06-13,EtherFi,177177.6900000001,1831,671,55,616,1671
2025-06-13,Exa,31511.679999999997,383,137,6,131,1318
2025-06-13,Gnosis,370375.8868279354,5805,2281,37,2244,9278
2025-06-13,Holyheld,155078.7670193243,129,61,2,59,2193
2025-06-13,Karta,0.0,0,0,0,0,1
2025-06-13,KAST,2250135.0852120006,1122,960,137,823,37271
2025-06-13,Kolo,12350.8,1,1,0,1,1
2025-06-13,MetaMask,99717.08408051562,1821,743,36,707,7452
2025-06-13,Ready,35441.26000000001,144,144,6,138,422
2025-06-13,RedotPay,10794391.41844573,7501,6876,750,6126,414626
2025-06-13,SafePal,46136.58711684999,2437,1001,70,931,9484
2025-06-13,Solayer,42067.69999999999,284,233,50,183,4288
2025-06-13,Tuyo,1302.07,1,1,0,1,1
2025-06-14,Avalanche Card,17521.989999999994,153,152,16,136,789
2025-06-14,Avici,5412.53,48,48,2,46,377
2025-06-14,BFinance,34349.32,913,348,52,296,4919
2025-06-14,Bitget Wallet,364.8231264000001,55,22,2,20,118
2025-06-14,Bitget Wallet,214.52,1,1,0,1,1
2025-06-14,Cypher,317700.2989016467,341,252,31,221,9912
2025-06-14,EtherFi,139361.96000000022,1864,689,63,626,1734
2025-06-14,Exa,30707.89000000001,444,145,8,137,1326
2025-06-14,Gnosis,316507.15337408916,6210,2293,48,2245,9326
2025-06-14,Holyheld,61366.07983493112,110,57,3,54,2196
2025-06-14,Karta,79479.14,1,1,0,1,1
2025-06-14,KAST,195552.3382760005,528,387,44,343,37315
2025-06-14,Kolo,11858.99,1,1,0,1,1
2025-06-14,MetaMask,84535.02868265557,1647,672,25,647,7477
2025-06-14,Ready,18365.78,137,137,6,131,428
2025-06-14,RedotPay,2753720.553805348,4473,4437,508,3929,415134
2025-06-14,SafePal,33822.570714960035,2454,958,64,894,9548
2025-06-14,Solayer,41222.28000000002,280,241,37,204,4325
2025-06-14,Tuyo,1488.87,1,1,0,1,1
2025-06-15,Avalanche Card,39747.75000000001,152,152,13,139,802
2025-06-15,Avici,3573.1899999999987,52,52,2,50,379
2025-06-15,BFinance,25814.42,715,310,41,269,4960
2025-06-15,Bitget Wallet,764.0591548499999,87,24,0,24,118
2025-06-15,Bitget Wallet,8.9,1,1,0,1,1
2025-06-15,Cypher,203214.04753717655,282,198,20,178,9932
2025-06-15,EtherFi,146000.28000000014,1891,726,68,658,1802
2025-06-15,Exa,23517.10000000003,463,142,4,138,1330
2025-06-15,Gnosis,245824.90044063894,4713,1916,30,1886,9356
2025-06-15,Holyheld,80920.58678770704,104,51,3,48,2199
2025-06-15,Karta,58026.77,1,1,0,1,1
2025-06-15,KAST,930204.0198059998,547,404,48,356,37363
2025-06-15,Kolo,9988.25,1,1,0,1,1
2025-06-15,MetaMask,75173.92834841348,1427,648,35,613,7512
2025-06-15,Ready,16336.08,116,116,5,111,433
2025-06-15,RedotPay,6740000.123091573,15613,15569,3726,11843,418860
2025-06-15,SafePal,35138.21382448007,2397,964,49,915,9597
2025-06-15,Solayer,78719.16,224,195,40,155,4365
2025-06-15,Tuyo,1090.17,1,1,0,1,1
2025-06-16,Avalanche Card,20809.399999999998,130,130,6,124,808
2025-06-16,Avici,2807.6199999999994,47,47,3,44,382
2025-06-16,BFinance,47264.09,826,363,43,320,5003
2025-06-16,Bitget Wallet,526.43422465,47,21,0,21,118
2025-06-16,Bitget Wallet,47.12,1,1,0,1,1
2025-06-16,Cypher,320701.85011937446,342,260,29,231,9961
2025-06-16,EtherFi,242896.06999999922,1796,739,62,677,1864
2025-06-16,Exa,25981.38000000001,426,152,7,145,1337
2025-06-16,Gnosis,323996.4688478491,5248,2169,29,2140,9385
2025-06-16,Holyheld,403984.11318002635,184,89,8,81,2207
2025-06-16,Karta,74377.09,1,1,0,1,1
2025-06-16,KAST,806484.6097649998,754,607,64,543,37427
2025-06-16,Kolo,6037.87,1,1,0,1,1
2025-06-16,MetaMask,97831.10722332825,1472,682,25,657,7537
2025-06-16,Ready,21506.109999999997,122,122,5,117,438
2025-06-16,RedotPay,6497957.587333763,3874,3365,587,2778,419447
2025-06-16,SafePal,32878.370679200045,2386,990,80,910,9677
2025-06-16,Solayer,56537.60000000001,265,219,28,191,4393
2025-06-16,Tuyo,751.91,1,1,0,1,1
2025-06-17,Avalanche Card,22109.989999999994,127,127,7,120,815
2025-06-17,Avici,5108.31,60,60,9,51,391
2025-06-17,BFinance,37294.36,839,334,39,295,5042
2025-06-17,Bitget Wallet,464.8185569599999,52,22,1,21,119
2025-06-17,Bitget Wallet,0.0,0,0,0,0,1
2025-06-17,Cypher,265523.6589678587,367,259,25,234,9986
2025-06-17,EtherFi,307868.64999999997,1923,767,70,697,1934
2025-06-17,Exa,30538.31999999999,441,143,6,137,1343
2025-06-17,Gnosis,332856.97143764934,5353,2223,47,2176,9432
2025-06-17,Holyheld,231740.5965805093,145,71,7,64,2214
2025-06-17,Karta,0.0,0,0,0,0,1
2025-06-17,KAST,1828965.1816850018,1046,920,208,712,37635
2025-06-17,Kolo,10862.77,1,1,0,1,1
2025-06-17,MetaMask,103429.62297320344,1471,686,38,648,7575
2025-06-17,Ready,19581.279328,144,144,5,139,443
2025-06-17,RedotPay,8478896.267721921,9727,9568,1106,8462,420553
2025-06-17,SafePal,44358.56690761998,2613,1058,121,937,9798
2025-06-17,Solayer,31748.73999999999,247,221,34,187,4427
2025-06-17,Tuyo,1223.29,1,1,0,1,1
2025-06-18,Avalanche Card,28984.890000000007,131,131,11,120,826
2025-06-18,Avici,2395.9700000000003,53,53,6,47,397
2025-06-18,BFinance,31654.18,786,342,36,306,5078
2025-06-18,Bitget Wallet,587.52233624,66,27,2,25,121
2025-06-18,Bitget Wallet,22.03,1,1,0,1,1
2025-06-18,Cypher,183803.71110338368,323,225,22,203,10008
2025-06-18,EtherFi,180266.92000000013,2091,811,72,739,2006
2025-06-18,Exa,33087.510000000024,474,162,5,157,1348
2025-06-18,Gnosis,381309.86358687904,5616,2300,78,2222,9510
2025-06-18,Holyheld,164978.78064050144,127,65,5,60,2219
2025-06-18,Karta,0.0,0,0,0,0,1
2025-06-18,KAST,2783274.212671997,1504,1390,185,1205,37820
2025-06-18,Kolo,18231.5,1,1,0,1,1
2025-06-18,MetaMask,98029.72555363378,1696,711,44,667,7619
2025-06-18,Ready,16585.689999999995,127,127,2,125,445
2025-06-18,RedotPay,5852816.37595201,3838,3827,782,3045,421335
2025-06-18,SafePal,42140.765435440095,2642,1085,98,987,9896
2025-06-18,Solayer,49200.18000000003,260,229,34,195,4461
2025-06-18,Tuyo,1066.65,1,1,0,1,1
2025-06-19,Avalanche Card,21130.519999999993,145,145,12,133,838
2025-06-19,Avici,2308.56,42,42,4,38,401
2025-06-19,BFinance,36738.87,844,359,47,312,5125
2025-06-19,Bitget Wallet,417.83868251999996,72,28,5,23,126
2025-06-19,Bitget Wallet,0.07,1,1,0,1,1
2025-06-19,Cypher,471094.09836157126,384,259,27,232,10035
2025-06-19,EtherFi,156504.41,2176,810,48,762,2054
2025-06-19,Exa,37293.72,480,169,7,162,1355
2025-06-19,Gnosis,324401.56650304364,5399,2245,72,2173,9582
2025-06-19,Holyheld,104876.42102558553,105,48,2,46,2221
2025-06-19,Karta,119319.42,1,1,0,1,1
2025-06-19,KAST,569039.1077639981,535,406,37,369,37857
2025-06-19,Kolo,16882.14,1,1,0,1,1
2025-06-19,MetaMask,92558.97115663727,1650,689,33,656,7652
2025-06-19,Ready,22964.109999999997,142,142,10,132,455
2025-06-19,RedotPay,9630000.762177456,10780,10232,1581,8651,422916
2025-06-19,SafePal,56879.00888172,2556,1060,73,987,9969
2025-06-19,Solayer,74848.33001599995,317,267,62,205,4523
2025-06-19,Tuyo,188.81,1,1,0,1,1
2025-06-20,Avalanche Card,14898.690000000004,150,150,18,132,856
2025-06-20,Avici,7309.800000000001,53,53,5,48,406
2025-06-20,BFinance,30745.88,888,361,38,323,5163
2025-06-20,Bitget Wallet,962.7572799799999,82,29,7,22,133
2025-06-20,Bitget Wallet,58.69,2,1,0,1,1
2025-06-20,Cypher,213758.8792946292,376,265,33,232,10068
2025-06-20,EtherFi,246282.78999999943,2179,803,43,760,2097
2025-06-20,Exa,40358.56999999999,508,166,6,160,1361
2025-06-20,Gnosis,370981.73666104005,6236,2385,106,2279,9688
2025-06-20,Holyheld,392743.3868659016,136,61,2,59,2223
2025-06-20,Karta,0.0,0,0,0,0,1
2025-06-20,KAST,908042.339318,555,434,50,384,37907
2025-06-20,Kolo,16446.72,1,1,0,1,1
2025-06-20,MetaMask,82896.02080836876,1579,710,34,676,7686
2025-06-20,Ready,15411.810000000001,139,139,5,134,460
2025-06-20,RedotPay,5736706.427774565,2424,2363,203,2160,423119
2025-06-20,SafePal,39273.10831263004,2696,1103,65,1038,10034
2025-06-20,Solayer,61805.20999999999,251,207,21,186,4544
2025-06-20,Tuyo,7794.96,1,1,0,1,1
2025-06-21,Avalanche Card,16251.869999999995,145,143,9,134,865
2025-06-21,Avici,2496.2299999999996,41,41,5,36,411
2025-06-21,BFinance,27858.27,826,356,38,318,5201
2025-06-21,Bitget Wallet,1287.5365204599993,110,36,5,31,138
2025-06-21,Bitget Wallet,5.45,1,1,0,1,1
2025-06-21,Cypher,407030.8899296181,320,216,20,196,10088
2025-06-21,EtherFi,205346.09999999957,2298,820,53,767,2150
2025-06-21,Exa,28070.800000000017,474,152,4,148,1365
2025-06-21,Gnosis,301598.26808778965,6356,2341,89,2252,9777
2025-06-21,Holyheld,81764.7942335243,110,54,3,51,2226
2025-06-21,Karta,123502.27,1,1,0,1,1
2025-06-21,KAST,114019.59092299987,473,341,40,301,37947
2025-06-21,Kolo,8861.05,1,1,0,1,1
2025-06-21,MetaMask,72987.69213805726,1764,693,23,670,7709
2025-06-21,Ready,16629.35,136,136,6,130,466
2025-06-21,RedotPay,6849430.836977364,3764,3727,385,3342,423504
2025-06-21,SafePal,48118.280983770004,2897,1146,78,1068,10112
2025-06-21,Solayer,36360.619999999995,211,177,16,161,4560
2025-06-21,Tuyo,1210.49,1,1,0,1,1
2025-06-22,Avalanche Card,28435.73,136,134,12,122,877
2025-06-22,Avici,3774.880000000001,46,46,4,42,415
2025-06-22,BFinance,27468.05,788,315,41,274,5242
2025-06-22,Bitget Wallet,851.1844151899996,89,28,2,26,140
2025-06-22,Bitget Wallet,0.0,0,0,0,0,1
2025-06-22,Cypher,155376.03325273757,283,184,11,173,10099
2025-06-22,EtherFi,195230.7699999996,2137,820,54,766,2204
2025-06-22,Exa,19489.810000000005,289,122,4,118,1369
2025-06-22,Gnosis,239071.46447996952,4565,1963,36,1927,9813
2025-06-22,Holyheld,40299.75331885349,76,43,2,41,2228
2025-06-22,Karta,219664.49,1,1,0,1,1
2025-06-22,KAST,1494156.9078999965,570,457,60,397,38007
2025-06-22,Kolo,15339.62,1,1,0,1,1
2025-06-22,MetaMask,67427.1634149714,1414,593,15,578,7724
2025-06-22,Ready,29086.069999999996,140,140,5,135,471
2025-06-22,RedotPay,5570000.000490003,8077,8012,689,7323,424193
2025-06-22,SafePal,31465.69683660001,2785,1097,72,1025,10184
2025-06-22,Solayer,32276.39999999999,228,181,19,162,4579
2025-06-22,Tuyo,962.34,1,1,0,1,1
2025-06-23,Avalanche Card,45719.57000000003,161,157,13,144,890
2025-06-23,Avici,3641.400000000001,51,51,3,48,418
2025-06-23,BFinance,36775.18,857,344,48,296,5290
2025-06-23,Bitget Wallet,508.01073318,82,32,9,23,149
2025-06-23,Bitget Wallet,1.97,1,1,0,1,1
2025-06-23,Cypher,230711.90851776904,362,247,32,215,10131
2025-06-23,EtherFi,222890.62999999986,2227,822,52,770,2256
2025-06-23,Exa,20499.560000000023,428,161,6,155,1375
2025-06-23,Gnosis,319481.0229682615,5047,2138,56,2082,9869
2025-06-23,Holyheld,245817.31951001132,135,65,8,57,2236
2025-06-23,Karta,83537.72,1,1,0,1,1
2025-06-23,KAST,1991211.5308725985,729,608,76,532,38083
2025-06-23,Kolo,8156.55,1,1,0,1,1
2025-06-23,MetaMask,62493.142006942966,1492,671,29,642,7753
2025-06-23,Ready,17964.950000000004,126,126,6,120,477
2025-06-23,RedotPay,5055811.871627999,6684,6643,651,5992,424844
2025-06-23,SafePal,38691.91020423995,2668,1089,72,1017,10256
2025-06-23,Solayer,120533.99999999999,276,224,21,203,4600
2025-06-23,Tuyo,1307.88,1,1,0,1,1
2025-06-24,Avalanche Card,13832.04,155,155,14,141,904
2025-06-24,Avici,3211.9399999999996,51,51,5,46,423
2025-06-24,BFinance,27718.87,1027,403,52,351,5342
2025-06-24,Bitget Wallet,816.3785410399995,117,49,11,38,160
2025-06-24,Bitget Wallet,7.73,1,1,0,1,1
2025-06-24,Cypher,353553.87285144796,377,277,34,243,10165
2025-06-24,EtherFi,249421.71000000002,2192,832,50,782,2306
2025-06-24,Exa,35248.04000000001,391,142,10,132,1385
2025-06-24,Gnosis,310458.21863741166,5546,2321,134,2187,10003
2025-06-24,Holyheld,410221.7180061673,129,59,3,56,2239
2025-06-24,Karta,0.0,0,0,0,0,1
2025-06-24,KAST,727367.9328069992,620,490,60,430,38143
2025-06-24,Kolo,8342.39,1,1,0,1,1
2025-06-24,MetaMask,106670.26826636601,1548,697,27,670,7780
2025-06-24,Ready,17033.000000000004,124,124,3,121,480
2025-06-24,RedotPay,9902247.176842537,10283,10023,1211,8812,426055
2025-06-24,SafePal,45634.846414560074,2818,1174,87,1087,10343
2025-06-24,Solayer,57162.4,255,206,15,191,4615
2025-06-24,Tuyo,629.5,1,1,0,1,1
2025-06-25,Avalanche Card,22683.739999999998,147,146,4,142,908
2025-06-25,Avici,1200.7399999999998,44,44,5,39,428
2025-06-25,BFinance,30790.64,710,301,26,275,5368
2025-06-25,Bitget Wallet,1046.5443684600004,130,62,20,42,180
2025-06-25,Bitget Wallet,77.69,1,1,0,1,1
2025-06-25,Cypher,325383.47793615167,421,276,28,248,10193
2025-06-25,EtherFi,233590.83999999985,2250,881,59,822,2365
2025-06-25,Exa,44171.550000000025,420,150,5,145,1390
2025-06-25,Gnosis,325739.02470306016,5578,2402,189,2213,10192
2025-06-25,Holyheld,294330.3622905249,139,72,3,69,2242
2025-06-25,Karta,149742.86,1,1,0,1,1
2025-06-25,KAST,1382156.5508430006,950,830,115,715,38258
2025-06-25,Kolo,26009.19,1,1,0,1,1
2025-06-25,MetaMask,89363.08214668962,1764,717,24,693,7804
2025-06-25,Ready,11363.569999999994,117,117,2,115,482
2025-06-25,RedotPay,8511079.10280711,23337,22914,6023,16891,432078
2025-06-25,SafePal,52161.741009459925,2880,1166,83,1083,10426
2025-06-25,Solayer,60342.73,288,240,23,217,4638
2025-06-25,Tuyo,1023.11,1,1,0,1,1
2025-06-26,Avalanche Card,15282.97,156,156,13,143,921
2025-06-26,Avici,2247.78,39,39,2,37,430
2025-06-26,BFinance,23571.67,608,242,36,206,5404
2025-06-26,Bitget Wallet,1498.06129345,185,78,22,56,202
2025-06-26,Bitget Wallet,53.13,2,1,0,1,1
2025-06-26,Cypher,426475.8318005567,443,291,29,262,10222
2025-06-26,EtherFi,328025.56000000006,2524,941,79,862,2444
2025-06-26,Exa,60236.50999999999,485,164,12,152,1402
2025-06-26,Gnosis,328947.2939885893,6079,2620,331,2289,10523
2025-06-26,Holyheld,460643.3588835997,184,83,5,78,2247
2025-06-26,Karta,152160.05,1,1,0,1,1
2025-06-26,KAST,1762702.1925199986,1245,1057,226,831,38484
2025-06-26,Kolo,7289.38,1,1,0,1,1
2025-06-26,MetaMask,83052.3387698559,1574,697,29,668,7833
2025-06-26,Ready,27822.259999999995,132,132,9,123,491
2025-06-26,RedotPay,7983899.6530329995,4794,4748,492,4256,432570
2025-06-26,SafePal,38775.32645650001,2933,1152,65,1087,10491
2025-06-26,Solayer,38055.67,258,226,19,207,4657
2025-06-26,Tuyo,743.18,1,1,0,1,1
2025-06-27,Avalanche Card,14987.090000000006,191,190,44,146,965
2025-06-27,Avici,2336.800000000001,41,41,2,39,432
2025-06-27,BFinance,37092.52,560,244,15,229,5419
2025-06-27,Bitget Wallet,2299.4294191199992,290,150,90,60,292
2025-06-27,Bitget Wallet,134.36,1,1,0,1,1
2025-06-27,Cypher,400783.17718132853,440,305,32,273,10254
2025-06-27,EtherFi,297815.58999999997,2594,983,80,903,2524
2025-06-27,Exa,64197.49000000001,348,128,7,121,1409
2025-06-27,Gnosis,372523.3763656399,6912,2914,526,2388,11049
2025-06-27,Holyheld,233351.3959211084,146,70,1,69,2248
2025-06-27,Karta,0.0,0,0,0,0,1
2025-06-27,KAST,1321360.0779629988,916,765,232,533,38716
2025-06-27,Kolo,28656.91,1,1,0,1,1
2025-06-27,MetaMask,106791.3262841997,1899,749,37,712,7870
2025-06-27,Ready,12329.630000000005,103,103,2,101,493
2025-06-27,RedotPay,8769945.688465454,6234,6061,527,5534,433097
2025-06-27,SafePal,51816.24302463981,2995,1198,78,1120,10569
2025-06-27,Solayer,44025.35755400002,262,210,24,186,4681
2025-06-27,Tuyo,853.01,1,1,0,1,1
2025-06-28,Avalanche Card,29790.860000000008,207,207,43,164,1008
2025-06-28,Avici,1867.3400000000001,45,45,5,40,437
2025-06-28,BFinance,19095.05,584,222,21,201,5440
2025-06-28,Bitget Wallet,4927.628908460001,465,185,78,107,370
2025-06-28,Bitget Wallet,276.33000000000004,2,1,0,1,1
2025-06-28,Cypher,294940.51890392427,410,260,32,228,10286
2025-06-28,EtherFi,257106.60999999897,2892,1030,77,953,2601
2025-06-28,Exa,48629.77000000003,525,153,9,144,1418
2025-06-28,Gnosis,340025.02751361945,7430,2862,414,2448,11463
2025-06-28,Holyheld,66214.81566881343,107,53,2,51,2250
2025-06-28,Karta,0.0,0,0,0,0,1
2025-06-28,KAST,517468.1106669987,575,443,86,357,38802
2025-06-28,Kolo,14059.3,1,1,0,1,1
2025-06-28,MetaMask,85414.06594550412,1791,746,44,702,7914
2025-06-28,Ready,15596.46000000001,143,143,3,140,496
2025-06-28,RedotPay,6888832.038886003,8051,8010,805,7205,433902
2025-06-28,SafePal,44595.73159316974,3122,1177,71,1106,10640
2025-06-28,Solayer,19787.429999999997,98,80,4,76,4685
2025-06-28,Tuyo,369.71,1,1,0,1,1
2025-06-29,Avalanche Card,120133.27000000003,219,219,53,166,1061
2025-06-29,Avici,1602.5299999999997,45,45,5,40,442
2025-06-29,BFinance,10436.21,440,191,7,184,5447
2025-06-29,Bitget Wallet,3247.2175352800004,438,187,56,131,426
2025-06-29,Bitget Wallet,298.66999999999996,2,1,0,1,1
2025-06-29,Cypher,242744.73557530233,414,281,43,238,10329
2025-06-29,EtherFi,204657.70999999967,2582,975,56,919,2657
2025-06-29,Exa,27303.02999999998,384,139,8,131,1426
2025-06-29,Gnosis,293025.4046589184,5719,2370,197,2173,11660
2025-06-29,Holyheld,66712.39358792943,110,54,1,53,2251
2025-06-29,Karta,0.0,0,0,0,0,1
2025-06-29,KAST,1338392.7603450008,872,745,127,618,38929
2025-06-29,Kolo,13059.08,1,1,0,1,1
2025-06-29,MetaMask,67893.51408328548,1566,683,44,639,7958
2025-06-29,Ready,18590.859999999997,118,118,6,112,502
2025-06-29,RedotPay,6919462.202757712,9520,9390,1248,8142,435150
2025-06-29,SafePal,34793.49490821989,2942,1110,57,1053,10697
2025-06-29,Solayer,63196.020000000004,289,242,28,214,4713
2025-06-29,Tuyo,1145.51,1,1,0,1,1
2025-06-30,Avalanche Card,65899.16000000006,231,231,52,179,1113
2025-06-30,Avici,3331.4799999999996,43,43,2,41,444
2025-06-30,BFinance,11801.13,357,176,10,166,5457
2025-06-30,Bitget Wallet,3674.60587928,585,276,129,147,555
2025-06-30,Bitget Wallet,2327.7599999999998,2,1,0,1,1
2025-06-30,Cypher,386132.32669953664,455,314,41,273,10370
2025-06-30,EtherFi,324534.4099979994,2755,1059,63,996,2720
2025-06-30,Exa,23227.75000000002,367,153,7,146,1433
2025-06-30,Gnosis,353032.55446684855,7382,3639,1276,2363,12936
2025-06-30,Holyheld,216478.33822409564,158,67,3,64,2254
2025-06-30,Karta,121983.52,1,1,0,1,1
2025-06-30,KAST,4532454.351508003,1124,949,150,799,39079
2025-06-30,Kolo,43568.08,1,1,0,1,1
2025-06-30,MetaMask,120304.8685696047,1689,730,28,702,7986
2025-06-30,Ready,17650.78000000001,108,108,5,103,507
2025-06-30,RedotPay,9148099.655862916,12632,12464,2510,9954,437660
2025-06-30,SafePal,37526.38006213984,2943,1141,71,1070,10768
2025-06-30,Solayer,51758.45999999999,272,244,15,229,4728
2025-06-30,Tuyo,2172.15,1,1,0,1,1
2025-07-01,Avalanche Card,15211.819999999992,258,258,64,194,1177
2025-07-01,Avici,2147.77,54,54,6,48,450
2025-07-01,BFinance,9850.42,461,212,8,204,5465
2025-07-01,Bitget Wallet,4388.467976050004,831,402,174,228,729
2025-07-01,Bitget Wallet,690.1700000000001,2,1,0,1,1
2025-07-01,Cypher,517032.29880014213,452,299,31,268,10401
2025-07-01,EtherFi,402928.2700000007,2668,1044,54,990,2774
2025-07-01,Exa,33178.179999999986,452,182,9,173,1442
2025-07-01,Gnosis,394940.45184542955,6695,2922,418,2504,13354
2025-07-01,Holyheld,423664.70483200054,146,72,3,69,2257
2025-07-01,Karta,0.0,0,0,0,0,1
2025-07-01,KAST,1555354.5428879969,1003,838,93,745,39172
2025-07-01,Kolo,43190.09,1,1,0,1,1
2025-07-01,MetaMask,93172.0984840262,1680,744,43,701,8029
2025-07-01,Ready,34328.85000000002,219,167,5,162,512
2025-07-01,RedotPay,11426942.785833085,6755,6674,593,6081,438253
2025-07-01,SafePal,37300.07168134017,2880,1158,62,1096,10830
2025-07-01,Solayer,71722.63,355,285,21,264,4749
2025-07-01,Tuyo,1139.6,1,1,0,1,1
2025-07-02,Avalanche Card,46543.090000000004,247,247,45,202,1222
2025-07-02,Avici,1869.8500000000004,41,41,2,39,452
2025-07-02,BFinance,10471.74,298,190,8,182,5473
2025-07-02,Bitget Wallet,5702.837173169994,955,420,127,293,856
2025-07-02,Bitget Wallet,2613.45,2,1,0,1,1
2025-07-02,Cypher,470024.19168205705,501,324,33,291,10434
2025-07-02,EtherFi,358070.7200000003,2851,1100,72,1028,2846
2025-07-02,Exa,42453.879999999976,405,159,9,150,1451
2025-07-02,Gnosis,332561.10274984,6161,2552,182,2370,13536
2025-07-02,Holyheld,341198.47673397104,150,76,4,72,2261
2025-07-02,Karta,0.0,0,0,0,0,1
2025-07-02,KAST,4625804.95551901,1650,1498,335,1163,39507
2025-07-02,Kolo,23461.89,1,1,0,1,1
2025-07-02,MetaMask,88054.23716519594,1732,719,32,687,8061
2025-07-02,Ready,27098.82,131,131,8,123,520
2025-07-02,RedotPay,11926326.2222534,12736,12568,1754,10814,440007
2025-07-02,SafePal,42509.61593881003,3051,1202,65,1137,10895
2025-07-02,Solayer,66036.02999999997,269,224,13,211,4762
2025-07-02,Tuyo,904.78,1,1,0,1,1
2025-07-03,Avalanche Card,113655.05000000006,245,245,44,201,1266
2025-07-03,Avici,2134.49,53,53,2,51,454
2025-07-03,BFinance,30032.72,495,211,13,198,5486
2025-07-03,Bitget Wallet,5699.617423709997,948,441,111,330,967
2025-07-03,Bitget Wallet,1799.46,2,1,0,1,1
2025-07-03,Cypher,535865.0235858836,499,311,37,274,10471
2025-07-03,EtherFi,368513.56999999913,2853,1132,54,1078,2900
2025-07-03,Exa,36880.87000000003,597,167,11,156,1462
2025-07-03,Gnosis,382097.82742999983,6344,2608,157,2451,13693
2025-07-03,Holyheld,464557.7523213398,164,86,5,81,2266
2025-07-03,Karta,0.0,0,0,0,0,1
2025-07-03,KAST,1028149.3052869979,735,575,83,492,39590
2025-07-03,Kolo,21677.52,1,1,0,1,1
2025-07-03,MetaMask,99224.17197424136,1741,734,32,702,8093
2025-07-03,Ready,30493.78999999999,143,143,11,132,531
2025-07-03,RedotPay,9053842.963493327,11560,11416,1666,9750,441673
2025-07-03,SafePal,43154.43209144,2949,1175,70,1105,10965
2025-07-03,Solayer,80471.01000000001,249,220,19,201,4781
2025-07-03,Tuyo,1211.52,1,1,0,1,1
2025-07-04,Avalanche Card,82626.65000000001,246,246,45,201,1311
2025-07-04,Avici,2476.8400000000015,43,43,3,40,457
2025-07-04,BFinance,11866.65,484,203,16,187,5502
2025-07-04,Bitget Wallet,6057.0798249,1061,492,112,380,1079
2025-07-04,Bitget Wallet,1456.45,2,1,0,1,1
2025-07-04,Cypher,312273.9788483092,452,294,25,269,10496
2025-07-04,EtherFi,358726.9600000001,3036,1147,66,1081,2966
2025-07-04,Exa,39170.25000000005,669,178,9,169,1471
2025-07-04,Gnosis,361559.5932891586,7013,2679,158,2521,13851
2025-07-04,Holyheld,262898.5448120505,141,70,3,67,2269
2025-07-04,Karta,0.0,0,0,0,0,1
2025-07-04,KAST,948720.8193489984,750,625,99,526,39689
2025-07-04,Kolo,12069.93,1,1,0,1,1
2025-07-04,MetaMask,72319.88590311854,1829,746,24,722,8117
2025-07-04,Ready,28513.350555000008,153,153,8,145,539
2025-07-04,RedotPay,10311068.409098769,12856,12666,2238,10428,443911
2025-07-04,SafePal,45564.25330959992,3193,1253,79,1174,11044
2025-07-04,Solayer,52892.26999999999,250,208,16,192,4797
2025-07-04,Tuyo,357.41,1,1,0,1,1
2025-07-05,Avalanche Card,76218.9,253,253,33,220,1344
2025-07-05,Avici,3194.4399999999996,49,49,2,47,459
2025-07-05,BFinance,21584.26,504,212,29,183,5531
2025-07-05,Bitget Wallet,7950.606883949989,1190,507,84,423,1163
2025-07-05,Bitget Wallet,629.58,2,1,0,1,1
2025-07-05,Cypher,139457.1724713927,384,251,35,216,10531
2025-07-05,EtherFi,349918.5900000005,3248,1147,56,1091,3022
2025-07-05,Exa,24687.540000000005,600,170,5,165,1476
2025-07-05,Gnosis,436958.82040042133,6693,2497,80,2417,13931
2025-07-05,Holyheld,70904.70833225401,112,52,5,47,2274
2025-07-05,Karta,0.0,0,0,0,0,1
2025-07-05,KAST,97103.4618190003,525,381,53,328,39742
2025-07-05,Kolo,26353.4,3,3,2,1,3
2025-07-05,MetaMask,87024.71352225676,1978,771,31,740,8148
2025-07-05,Ready,29074.169999999995,146,146,4,142,543
2025-07-05,RedotPay,7588136.413858985,9291,9204,1875,7329,445786
2025-07-05,SafePal,45209.22866386984,3398,1261,76,1185,11120
2025-07-05,Solayer,48735.39000000009,397,340,138,202,4935
2025-07-05,Tuyo,531.79,1,1,0,1,1
2025-07-06,Avalanche Card,37948.93000000001,265,264,50,214,1394
2025-07-06,Avici,943.1900000000002,42,42,2,40,461
2025-07-06,BFinance,18494.43,451,193,18,175,5549
2025-07-06,Bitget Wallet,7005.120053829994,1073,464,49,415,1212
2025-07-06,Bitget Wallet,731.83,2,1,0,1,1
2025-07-06,Cypher,344631.86838925147,422,277,27,250,10558
2025-07-06,EtherFi,189902.8100000003,2911,1088,47,1041,3069
2025-07-06,Exa,21147.330000000005,504,167,8,159,1484
2025-07-06,Gnosis,302526.85600080073,5281,2174,64,2110,13995
2025-07-06,Holyheld,240828.00694437884,108,53,4,49,2278
2025-07-06,Karta,160160.64,1,1,0,1,1
2025-07-06,KAST,102979.0252820001,486,346,32,314,39774
2025-07-06,Kolo,31301.29,1,1,0,1,3
2025-07-06,MetaMask,67331.8927579892,1289,560,21,539,8169
2025-07-06,Ready,25443.790000000008,142,142,4,138,547
2025-07-06,RedotPay,6727717.395278113,6504,6437,538,5899,446324
2025-07-06,SafePal,42302.40334312006,3198,1211,62,1149,11182
2025-07-06,Solayer,45584.91000000001,262,229,43,186,4978
2025-07-06,Tuyo,785.54,1,1,0,1,1
2025-07-07,Avalanche Card,32586.18999999998,256,255,54,201,1448
2025-07-07,Avici,1270.0600000000002,45,45,2,43,463
2025-07-07,BFinance,25892.94,546,231,25,206,5574
2025-07-07,Bitget Wallet,6903.312580299989,1064,477,76,401,1288
2025-07-07,Bitget Wallet,2723.3199999999997,2,1,0,1,1
2025-07-07,Cypher,374486.04417602625,439,289,40,249,10598
2025-07-07,EtherFi,356249.849999999,2769,1102,61,1041,3130
2025-07-07,Exa,28667.46,690,170,13,157,1497
2025-07-07,Gnosis,373939.73847854877,5693,2365,73,2292,14068
2025-07-07,Holyheld,830111.4279617991,160,69,1,68,2279
2025-07-07,Karta,0.0,0,0,0,0,1
2025-07-07,KAST,2681195.863332997,1173,988,162,826,39936
2025-07-07,Kolo,1618.1,1,1,0,1,3
2025-07-07,MetaMask,79602.13553129342,1685,735,36,699,8205
2025-07-07,Ready,27212.280000000002,156,156,5,151,552
2025-07-07,RedotPay,6951308.592527101,10469,10413,1550,8863,447874
2025-07-07,SafePal,45281.483188889906,3087,1227,61,1166,11243
2025-07-07,Solayer,67502.67590999999,303,240,39,201,5017
2025-07-07,Tuyo,726.67,1,1,0,1,1
2025-07-08,Avalanche Card,30729.26,294,293,66,227,1514
2025-07-08,Avici,1559.3299999999997,43,43,3,40,466
2025-07-08,BFinance,21340.1,539,222,17,205,5591
2025-07-08,Bitget Wallet,6876.127792550005,1083,487,69,418,1357
2025-07-08,Bitget Wallet,709.64,2,1,0,1,1
2025-07-08,Cypher,213570.48126525586,432,269,33,236,10631
2025-07-08,EtherFi,394861.73999999923,2868,1153,50,1103,3180
2025-07-08,Exa,27243.020000000008,923,212,8,204,1505
2025-07-08,Gnosis,374714.1813664105,5853,2406,81,2325,14149
2025-07-08,Holyheld,432105.7523110412,126,61,4,57,2283
2025-07-08,Karta,68874.31,1,1,0,1,1
2025-07-08,KAST,4158973.3543992653,1868,1656,360,1296,40296
2025-07-08,Kolo,43703.09,1,1,0,1,3
2025-07-08,MetaMask,91355.6943850828,1636,718,38,680,8243
2025-07-08,Ready,23544.93,141,141,1,140,553
2025-07-08,RedotPay,10015773.75135081,10914,10751,1547,9204,449421
2025-07-08,SafePal,45452.46025219996,2904,1203,68,1135,11311
2025-07-08,Solayer,43498.29000000001,250,217,33,184,5050
2025-07-08,Tuyo,2361.34,1,1,0,1,1
2025-07-09,Avalanche Card,33909.48999999996,312,311,43,268,1557
2025-07-09,Avici,4847.990000000001,46,46,5,41,471
2025-07-09,BFinance,17254.68,572,218,20,198,5611
2025-07-09,Bitget Wallet,6692.582408110009,1104,491,54,437,1411
2025-07-09,Bitget Wallet,3551.8700000000003,2,1,0,1,1
2025-07-09,Cypher,332899.9476091453,413,279,32,247,10663
2025-07-09,EtherFi,278545.25,2937,1153,39,1114,3219
2025-07-09,Exa,31968.739999999972,756,192,11,181,1516
2025-07-09,Gnosis,387773.3276530006,5889,2424,60,2364,14209
2025-07-09,Holyheld,141103.92351650223,132,52,1,51,2284
2025-07-09,Karta,172883.51,1,1,0,1,1
2025-07-09,KAST,1274582.880295184,1361,1089,252,837,40548
2025-07-09,Kolo,10598.38,1,1,0,1,3
2025-07-09,MetaMask,93858.03441528835,1668,732,39,693,8282
2025-07-09,Ready,45175.67000000003,193,193,8,185,561
2025-07-09,RedotPay,10335487.774469055,11966,11744,1723,10021,451144
2025-07-09,SafePal,43307.020395729785,2946,1151,44,1107,11355
2025-07-09,Solayer,85882.21,290,243,26,217,5076
2025-07-09,Tuyo,1020.33,1,1,0,1,1
2025-07-10,Avalanche Card,31377.34000000001,283,281,47,234,1604
2025-07-10,Avici,1933.8199999999997,40,40,3,37,474
2025-07-10,BFinance,21192.6,607,246,24,222,5635
2025-07-10,Bitget Wallet,8886.619702470016,1042,470,42,428,1453
2025-07-10,Bitget Wallet,9267.92,2,1,0,1,1
2025-07-10,Cypher,311432.02635485,459,286,38,248,10701
2025-07-10,EtherFi,372078.06999999966,3091,1193,60,1133,3279
2025-07-10,Exa,35525.12,785,207,7,200,1523
2025-07-10,Gnosis,383554.6216101771,6045,2452,70,2382,14279
2025-07-10,Holyheld,428185.6489088988,140,67,3,64,2287
2025-07-10,Karta,120679.54,1,1,0,1,1
2025-07-10,KAST,996669.8297501805,1491,1160,280,880,40828
2025-07-10,Kolo,41361.62,1,1,0,1,3
2025-07-10,MetaMask,89051.34811347743,1793,734,29,705,8311
2025-07-10,Ready,33392.62944499999,177,177,6,171,567
2025-07-10,RedotPay,8364434.127089931,10081,9864,1196,8668,452340
2025-07-10,SafePal,44114.33309617997,3099,1295,87,1208,11442
2025-07-10,Solayer,75650.20999999999,263,214,20,194,5096
2025-07-10,Tria,297.48,3,2,2,0,2
2025-07-10,Tuyo,7361.76,1,1,0,1,1
2025-07-11,Avalanche Card,0.0,0,0,0,0,1604
2025-07-11,Avici,0.0,0,0,0,0,474
2025-07-11,BFinance,12781.56,575,248,20,228,5655
2025-07-11,Bitget Wallet,7825.402391010003,1095,498,50,448,1503
2025-07-11,Bitget Wallet,1288.46,2,1,0,1,1
2025-07-11,Cypher,378417.8208472902,517,341,39,302,10740
2025-07-11,EtherFi,307285.090000001,3349,1278,50,1228,3329
2025-07-11,Exa,45273.96999999996,843,225,14,211,1537
2025-07-11,Gnosis,386325.09526637866,6579,2607,73,2534,14352
2025-07-11,Holyheld,136370.5985206216,142,72,4,68,2291
2025-07-11,Karta,0.0,0,0,0,0,1
2025-07-11,KAST,1459053.9604947523,1770,1404,295,1109,41123
2025-07-11,Kolo,0.0,0,0,0,0,3
2025-07-11,MetaMask,111016.88437054034,1945,783,53,730,8364
2025-07-11,Ready,18111.769999999997,172,172,2,170,569
2025-07-11,RedotPay,9410509.358399894,8138,8011,977,7034,453317
2025-07-11,SafePal,41293.70173335,3380,1334,88,1246,11530
2025-07-11,Solayer,59011.94999999998,263,239,22,217,5118
2025-07-11,Tria,0.0,0,0,0,0,2
2025-07-11,Tuyo,0.0,0,0,0,0,1
2025-07-12,Avalanche Card,0.0,0,0,0,0,1604
2025-07-12,Avici,0.0,0,0,0,0,474
2025-07-12,BFinance,20044.04,569,202,6,196,5661
2025-07-12,Bitget Wallet,9996.709110879981,1214,510,41,469,1544
2025-07-12,Bitget Wallet,2268.21,2,1,0,1,1
2025-07-12,Cypher,337023.78138005466,474,312,33,279,10773
2025-07-12,EtherFi,220853.98000000088,3661,1305,45,1260,3374
2025-07-12,Exa,29938.830000000024,794,213,14,199,1551
2025-07-12,Gnosis,350692.59173289035,6986,2531,74,2457,14426
2025-07-12,Holyheld,65535.53339856515,108,56,4,52,2295
2025-07-12,Karta,0.0,0,0,0,0,1
2025-07-12,KAST,854300.2878535715,1389,1102,205,897,41328
2025-07-12,Kolo,0.0,0,0,0,0,3
2025-07-12,MetaMask,116931.45063830123,1921,764,42,722,8406
2025-07-12,Ready,22050.03000000001,131,131,3,128,572
2025-07-12,RedotPay,9214842.094339853,9164,9051,940,8111,454257
2025-07-12,SafePal,60159.71957832994,3515,1342,80,1262,11610
2025-07-12,Solayer,39014.179999999986,239,202,16,186,5134
2025-07-12,Tria,0.0,0,0,0,0,2
2025-07-12,Tuyo,0.0,0,0,0,0,1
2025-07-13,Avalanche Card,432627.76,597,592,145,447,1749
2025-07-13,Avici,5036.0999999999985,50,49,7,42,481
2025-07-13,BFinance,19882.02,473,206,15,191,5676
2025-07-13,Bitget Wallet,9468.575046129983,1176,484,41,443,1585
2025-07-13,Bitget Wallet,1083.97,2,1,0,1,1
2025-07-13,Cypher,261739.40384666767,363,238,34,204,10807
2025-07-13,EtherFi,300897.5900000004,3374,1243,49,1194,3423
2025-07-13,Exa,25361.56000000004,789,224,13,211,1564
2025-07-13,Gnosis,280567.9597080095,5351,2172,45,2127,14471
2025-07-13,Holyheld,127968.96404332823,111,38,1,37,2296
2025-07-13,Karta,318455.17,1,1,0,1,1
2025-07-13,KAST,2742216.750488037,1547,1271,247,1024,41575
2025-07-13,Kolo,0.0,0,0,0,0,3
2025-07-13,MetaMask,71427.6226016837,1673,692,35,657,8441
2025-07-13,Ready,28079.070000000007,178,178,5,173,577
2025-07-13,RedotPay,6018237.5043509025,8682,8583,1013,7570,455270
2025-07-13,SafePal,47109.557181069875,3338,1292,82,1210,11692
2025-07-13,Solayer,33194.59000000002,208,176,15,161,5149
2025-07-13,Tria,362.32,2,2,0,2,2
2025-07-13,Tuyo,8525.81,1,1,0,1,1
2025-07-14,Avalanche Card,77065.05999999997,332,331,36,295,1785
2025-07-14,Avici,4032.5,30,30,4,26,485
2025-07-14,BFinance,17738.02,571,237,19,218,5695
2025-07-14,Bitget Wallet,8313.457671109996,1041,491,40,451,1625
2025-07-14,Bitget Wallet,4144.88,2,1,0,1,1
2025-07-14,Cypher,449294.9275023285,428,294,15,279,10822
2025-07-14,EtherFi,372053.8900000013,3267,1250,60,1190,3483
2025-07-14,Exa,35501.70000000002,872,223,1,222,1565
2025-07-14,Gnosis,372391.24721801124,5735,2349,34,2315,14505
2025-07-14,Holyheld,214004.85729085203,169,65,4,61,2300
2025-07-14,Karta,0.0,0,0,0,0,1
2025-07-14,KAST,1455778.8151124239,1620,1274,234,1040,41809
2025-07-14,Kolo,0.0,0,0,0,0,3
2025-07-14,MetaMask,110727.34658230378,1842,760,35,725,8476
2025-07-14,Ready,23262.98,139,139,3,136,580
2025-07-14,RedotPay,8466763.899128167,10876,10763,1390,9373,456660
2025-07-14,SafePal,57902.0706509501,3160,1315,95,1220,11787
2025-07-14,Solayer,86783.91999999994,246,202,17,185,5166
2025-07-14,Tria,188.59,1,1,0,1,2
2025-07-14,Tuyo,969.61,1,1,0,1,1
2025-07-15,Avalanche Card,91238.54000000002,306,305,26,279,1811
2025-07-15,Avici,2177.43,35,35,2,33,487
2025-07-15,BFinance,17858.22,597,236,25,211,5720
2025-07-15,Bitget Wallet,8057.734380939995,1015,452,29,423,1654
2025-07-15,Bitget Wallet,961.79,2,1,0,1,1
2025-07-15,Cypher,349760.08646776085,474,305,44,261,10866
2025-07-15,EtherFi,295251.7799999994,3475,1301,57,1244,3540
2025-07-15,Exa,31873.920000000013,781,220,12,208,1577
2025-07-15,Gnosis,360702.56786299124,6036,2459,66,2393,14571
2025-07-15,Holyheld,383245.72715620085,157,70,3,67,2303
2025-07-15,Karta,90733.86,1,1,0,1,1
2025-07-15,KAST,817233.4221403608,1424,1135,247,888,42056
2025-07-15,Kolo,0.0,0,0,0,0,3
2025-07-15,MetaMask,99378.44287962349,1809,799,49,750,8525
2025-07-15,Ready,32423.908133,180,180,12,168,592
2025-07-15,RedotPay,8978196.885502318,9811,9702,1183,8519,457843
2025-07-15,SafePal,55343.56481166018,3193,1328,74,1254,11861
2025-07-15,Solayer,70010.62,296,231,18,213,5184
2025-07-15,Tria,1000.0,1,1,0,1,2
2025-07-15,Tuyo,1011.68,1,1,0,1,1
2025-07-16,Avalanche Card,51928.38000000001,331,330,40,290,1851
2025-07-16,Avici,390.51,22,22,2,20,489
2025-07-16,BFinance,22335.93,915,298,70,228,5790
2025-07-16,Bitget Wallet,8014.039176709996,1079,459,41,418,1695
2025-07-16,Bitget Wallet,1088.88,2,1,0,1,1
2025-07-16,Cypher,261916.3625346875,483,328,36,292,10902
2025-07-16,EtherFi,341951.2600000002,3498,1334,56,1278,3596
2025-07-16,Exa,43505.27999999996,696,194,7,187,1584
2025-07-16,Gnosis,377442.66472000093,6085,2457,54,2403,14625
2025-07-16,Holyheld,237193.7730979281,142,65,7,58,2310
2025-07-16,Karta,159215.65,1,1,0,1,1
2025-07-16,KAST,1436859.203743018,1765,1430,291,1139,42347
2025-07-16,Kolo,0.0,0,0,0,0,3
2025-07-16,MetaMask,112224.56840740262,1881,831,45,786,8570
2025-07-16,Ready,22393.96,165,165,13,152,605
2025-07-16,RedotPay,10453388.026971802,8723,8588,1022,7566,458865
2025-07-16,SafePal,58938.55984232002,3120,1299,63,1236,11924
2025-07-16,Solayer,57521.4,264,226,14,212,5198
2025-07-16,Tria,45.82,2,2,0,2,2
2025-07-16,Tuyo,605.34,1,1,0,1,1
2025-07-17,Avalanche Card,39596.25,335,334,47,287,1898
2025-07-17,Avici,3310.81,24,24,4,20,493
2025-07-17,BFinance,41115.99,1060,327,60,267,5850
2025-07-17,Bitget Wallet,8486.43967647999,1131,479,38,441,1733
2025-07-17,Bitget Wallet,937.1400000000001,2,1,0,1,1
2025-07-17,Cypher,440542.45295019844,530,350,35,315,10937
2025-07-17,EtherFi,446157.86999999936,3490,1339,64,1275,3660
2025-07-17,Exa,40681.09999999995,790,215,10,205,1594
2025-07-17,Gnosis,400075.0432650791,6227,2537,51,2486,14676
2025-07-17,Holyheld,256238.31831052783,136,65,7,58,2317
2025-07-17,Karta,174056.4,1,1,0,1,1
2025-07-17,KAST,3466330.1225116597,1969,1662,341,1321,42688
2025-07-17,Kolo,0.0,0,0,0,0,3
2025-07-17,MetaMask,105042.55053855752,2065,849,38,811,8608
2025-07-17,Ready,20477.210000000014,163,163,10,153,615
2025-07-17,RedotPay,9617616.099291205,11770,11569,1410,10159,460275
2025-07-17,SafePal,58071.58786933983,3270,1331,64,1267,11988
2025-07-17,Solayer,47400.19999999998,287,226,20,206,5218
2025-07-17,Tria,29.65,1,1,0,1,2
2025-07-17,Tuyo,2221.11,1,1,0,1,1
2025-07-18,Avalanche Card,34257.95999999999,377,376,59,317,1957
2025-07-18,Avici,14081.500000000004,85,85,9,76,502
2025-07-18,BFinance,37310.43,1076,339,72,267,5922
2025-07-18,Bitget Wallet,9446.279602150007,1167,499,36,463,1769
2025-07-18,Bitget Wallet,1829.0,2,1,0,1,1
2025-07-18,Cypher,601203.0717307809,600,376,34,342,10971
2025-07-18,EtherFi,329616.5699999998,3625,1358,51,1307,3711
2025-07-18,Exa,42434.849999999926,764,227,6,221,1600
2025-07-18,Gnosis,388889.0719242815,6881,2643,49,2594,14725
2025-07-18,Holyheld,323407.0197736842,155,76,7,69,2324
2025-07-18,Karta,0.0,0,0,0,0,1
2025-07-18,KAST,1026054.9692445643,1656,1349,297,1052,42985
2025-07-18,Kolo,230154.73,1,1,0,1,3
2025-07-18,MetaMask,163021.55235852336,2130,875,40,835,8648
2025-07-18,Ready,32403.810000000005,174,174,9,165,624
2025-07-18,RedotPay,10578815.062210057,11985,11777,1651,10126,461926
2025-07-18,SafePal,56281.73081400985,3357,1349,69,1280,12057
2025-07-18,Solayer,51325.96570499999,271,230,16,214,5234
2025-07-18,Tria,24.55,1,1,0,1,2
2025-07-18,Tuyo,505.75,1,1,0,1,1
2025-07-19,Avalanche Card,70274.59000000001,359,358,50,308,2007
2025-07-19,Avici,3896.92,55,55,1,54,503
2025-07-19,BFinance,45602.41,999,284,26,258,5948
2025-07-19,Bitget Wallet,9460.165442940004,1203,510,20,490,1789
2025-07-19,Bitget Wallet,995.59,2,1,0,1,1
2025-07-19,Cypher,214694.9343946508,402,249,23,226,10994
2025-07-19,EtherFi,299934.3499999994,3775,1384,59,1325,3770
2025-07-19,Exa,46625.030000000035,836,232,10,222,1610
2025-07-19,Gnosis,361038.95782079076,6947,2605,71,2534,14796
2025-07-19,Holyheld,70575.78781860706,118,68,6,62,2330
2025-07-19,Karta,0.0,0,0,0,0,1
2025-07-19,KAST,876988.7006441143,1488,1217,244,973,43229
2025-07-19,Kolo,36886.89,1,1,0,1,3
2025-07-19,MetaMask,123448.64755953809,2284,894,46,848,8694
2025-07-19,Ready,31253.518228,188,188,10,178,634
2025-07-19,RedotPay,9357318.682913542,8041,7923,882,7041,462808
2025-07-19,SafePal,49213.20881700007,3696,1401,90,1311,12147
2025-07-19,Solayer,43060.959999999985,263,220,12,208,5246
2025-07-19,Tria,40.449999999999996,2,2,0,2,2
2025-07-19,Tuyo,957.03,1,1,0,1,1
2025-07-20,Avalanche Card,68548.25999999998,368,367,40,327,2047
2025-07-20,Avici,4346.880000000002,51,51,3,48,506
2025-07-20,BFinance,22670.88,700,234,19,215,5967
2025-07-20,Bitget Wallet,7848.346095680007,1069,453,23,430,1812
2025-07-20,Bitget Wallet,1935.4,2,1,0,1,1
2025-07-20,Cypher,270149.8216944321,390,260,22,238,11016
2025-07-20,EtherFi,273153.3200000003,3445,1336,65,1271,3835
2025-07-20,Exa,57448.06999999992,946,245,7,238,1617
2025-07-20,Gnosis,301401.9736593908,5472,2228,50,2178,14846
2025-07-20,Holyheld,82172.48996434339,109,47,2,45,2332
2025-07-20,Karta,0.0,0,0,0,0,1
2025-07-20,KAST,646824.9571448968,1511,1195,248,947,43477
2025-07-20,Kolo,25915.35,1,1,0,1,3
2025-07-20,MetaMask,125394.1804889495,1832,786,28,758,8722
2025-07-20,Ready,32193.819999999992,200,200,10,190,644
2025-07-20,RedotPay,7535744.485153067,25912,25504,8505,16999,471313
2025-07-20,SafePal,54833.56873809975,3364,1252,79,1173,12226
2025-07-20,Solayer,38008.53999999999,245,217,23,194,5269
2025-07-20,Tria,120.47,2,2,0,2,2
2025-07-20,Tuyo,734.13,1,1,0,1,1
2025-07-21,Avalanche Card,29008.150000000005,373,370,53,317,2100
2025-07-21,Avici,1837.4900000000002,51,51,2,49,508
2025-07-21,BFinance,33875.83,864,308,48,260,6015
2025-07-21,Bitget Wallet,8070.769584850001,1073,448,31,417,1843
2025-07-21,Bitget Wallet,1658.68,2,1,0,1,1
2025-07-21,Cypher,445590.1400375984,438,287,31,256,11047
2025-07-21,EtherFi,397841.37999999966,3690,1457,89,1368,3924
2025-07-21,Exa,51393.76999999996,1030,255,13,242,1630
2025-07-21,Gnosis,347699.4318871908,6036,2431,69,2362,14915
2025-07-21,Holyheld,402966.0371962175,156,73,7,66,2339
2025-07-21,Karta,128820.88,1,1,0,1,1
2025-07-21,KAST,1055994.8633313125,1623,1311,271,1040,43748
2025-07-21,Kolo,24090.58,1,1,0,1,3
2025-07-21,MetaMask,135666.61124764621,1937,850,53,797,8775
2025-07-21,Ready,23466.55,180,180,3,177,647
2025-07-21,RedotPay,8019948.718596408,6384,6240,770,5470,472083
2025-07-21,SafePal,68578.89633878999,3310,1391,92,1299,12318
2025-07-21,Solayer,53512.82000000001,287,236,19,217,5288
2025-07-21,Tria,1022.93,2,2,0,2,2
2025-07-21,Tuyo,927.67,1,1,0,1,1
2025-07-22,Avalanche Card,62098.020000000004,364,362,49,313,2149
2025-07-22,Avici,4399.05,51,51,4,47,512
2025-07-22,BFinance,35197.82,1013,337,58,279,6073
2025-07-22,Bitget Wallet,7720.255082050006,1052,446,36,410,1879
2025-07-22,Bitget Wallet,793.6700000000001,2,1,0,1,1
2025-07-22,Cypher,435235.9513249099,425,290,41,249,11088
2025-07-22,EtherFi,323953.3899999997,3917,1480,75,1405,3999
2025-07-22,Exa,58404.919999999955,1037,249,13,236,1643
2025-07-22,Gnosis,363227.7325533994,6070,2474,83,2391,14998
2025-07-22,Holyheld,258129.53741718284,131,68,3,65,2342
2025-07-22,Karta,0.0,0,0,0,0,1
2025-07-22,KAST,2257458.255262266,1680,1367,267,1100,44015
2025-07-22,Kolo,22838.96,1,1,0,1,3
2025-07-22,MetaMask,137248.46604610258,1918,844,56,788,8831
2025-07-22,Ready,30922.110361999996,200,200,4,196,651
2025-07-22,RedotPay,9349492.901995841,9179,8908,912,7996,472995
2025-07-22,SafePal,53896.20530403991,3292,1380,94,1286,12412
2025-07-22,Solayer,96779.25000000004,259,223,15,208,5303
2025-07-22,Tria,12.09,1,1,0,1,2
2025-07-22,Tuyo,1522.09,1,1,0,1,1
2025-07-23,Avalanche Card,41691.15999999998,412,410,39,371,2188
2025-07-23,Avici,2604.8900000000003,52,52,2,50,514
2025-07-23,BFinance,51813.02,1164,330,67,263,6140
2025-07-23,Bitget Wallet,14912.824879140013,1092,490,44,446,1923
2025-07-23,Bitget Wallet,1659.79,2,1,0,1,1
2025-07-23,Cypher,585871.2080198026,447,291,32,259,11120
2025-07-23,EtherFi,461106.95000000065,3908,1472,62,1410,4061
2025-07-23,Exa,66303.51000000002,1019,251,9,242,1652
2025-07-23,Gnosis,364432.3407736006,5989,2486,77,2409,15075
2025-07-23,Holyheld,723988.2731251001,158,66,3,63,2345
2025-07-23,Karta,133524.61,1,1,0,1,1
2025-07-23,KAST,4429892.482087214,1950,1665,301,1364,44316
2025-07-23,Kolo,21887.36,1,1,0,1,3
2025-07-23,MetaMask,107953.08956207757,2068,881,50,831,8881
2025-07-23,Ready,31001.84786700001,206,206,12,194,663
2025-07-23,RedotPay,9407146.913374035,9337,9206,984,8222,473979
2025-07-23,SafePal,48073.145571109766,3222,1347,93,1254,12505
2025-07-23,Solayer,42112.25000000001,268,218,20,198,5323
2025-07-23,Tria,77.05,1,1,0,1,2
2025-07-23,Tuyo,7580.11,1,1,0,1,1
2025-07-24,Avalanche Card,71313.06999999999,366,364,38,326,2226
2025-07-24,Avici,8267.449999999999,50,50,2,48,516
2025-07-24,BFinance,50799.48,986,329,43,286,6183
2025-07-24,Bitget Wallet,10091.828775939995,1181,511,51,460,1974
2025-07-24,Bitget Wallet,1675.42,2,1,0,1,1
2025-07-24,Cypher,354769.39852597576,437,294,47,247,11167
2025-07-24,EtherFi,438495.38000000047,3935,1532,86,1446,4147
2025-07-24,Exa,53415.47000000003,1005,252,9,243,1661
2025-07-24,Gnosis,340929.91711612046,6172,2496,51,2445,15126
2025-07-24,Holyheld,198639.30920048116,121,51,2,49,2347
2025-07-24,Karta,0.0,0,0,0,0,1
2025-07-24,KAST,1409295.7865947264,1658,1360,253,1107,44569
2025-07-24,Kolo,66328.43,1,1,0,1,3
2025-07-24,MetaMask,102300.75234076768,1795,836,42,794,8923
2025-07-24,Ready,30539.002132999987,219,219,18,201,681
2025-07-24,RedotPay,10183359.854364874,10348,10157,1039,9118,475018
2025-07-24,SafePal,54745.818020359904,3242,1358,78,1280,12583
2025-07-24,Solayer,63719.88999999999,232,199,9,190,5332
2025-07-24,Tria,158.66,2,2,1,1,3
2025-07-24,Tuyo,1636.3,1,1,0,1,1
2025-07-25,Avalanche Card,83403.82999999991,368,368,27,341,2253
2025-07-25,Avici,4803.9800000000005,52,52,3,49,519
2025-07-25,BFinance,45670.89,983,340,39,301,6222
2025-07-25,Bitget Wallet,10228.094238819998,1242,523,49,474,2023
2025-07-25,Bitget Wallet,1645.0100000000002,2,1,0,1,1
2025-07-25,Cypher,391017.88170833,391,276,26,250,11193
2025-07-25,EtherFi,354549.96,4166,1552,80,1472,4227
2025-07-25,Exa,62010.65999999999,1095,267,8,259,1669
2025-07-25,Gnosis,354138.27655471774,6674,2580,47,2533,15173
2025-07-25,Holyheld,574988.2015867418,158,65,5,60,2352
2025-07-25,Karta,133071.62,1,1,0,1,1
2025-07-25,KAST,1719570.7306391997,1899,1576,308,1268,44877
2025-07-25,Kolo,24804.24,1,1,0,1,3
2025-07-25,MetaMask,137884.134299096,2134,890,59,831,8982
2025-07-25,Ready,59422.96000000002,253,253,15,238,696
2025-07-25,RedotPay,11356193.43277216,8168,7841,861,6980,475879
2025-07-25,SafePal,54482.860707899876,3306,1394,96,1298,12679
2025-07-25,Solayer,64277.74000000001,235,198,14,184,5346
2025-07-25,Tria,14.03,1,1,0,1,3
2025-07-25,Tuyo,1237.7,1,1,0,1,1
2025-07-26,Avalanche Card,45516.37999999996,368,366,33,333,2286
2025-07-26,Avici,3051.2799999999997,46,46,3,43,522
2025-07-26,BFinance,34423.3,898,308,25,283,6247
2025-07-26,Bitget Wallet,12262.749758009992,1352,559,63,496,2086
2025-07-26,Bitget Wallet,2129.56,2,1,0,1,1
2025-07-26,Cypher,216904.29210469758,391,276,23,253,11216
2025-07-26,EtherFi,266797.7400000006,4274,1589,76,1513,4303
2025-07-26,Exa,47395.63000000008,980,267,12,255,1681
2025-07-26,Gnosis,347601.30528084957,7246,2595,53,2542,15226
2025-07-26,Holyheld,46844.20158577681,100,46,3,43,2355
2025-07-26,Karta,123113.73,1,1,0,1,1
2025-07-26,KAST,1745904.8204037691,1935,1539,304,1235,45181
2025-07-26,Kolo,29752.84,1,1,0,1,3
2025-07-26,MetaMask,112851.24843406069,2272,903,43,860,9025
2025-07-26,Ready,32072.439999999988,187,187,11,176,707
2025-07-26,RedotPay,9299740.17956406,9207,9002,993,8009,476872
2025-07-26,SafePal,47566.099844819786,3692,1400,91,1309,12770
2025-07-26,Solayer,44806.4,240,197,25,172,5371
2025-07-26,Tria,1535.92,2,2,0,2,3
2025-07-26,Tuyo,1498.17,1,1,0,1,1
2025-07-27,Avalanche Card,26691.869999999995,317,315,29,286,2315
2025-07-27,Avici,4961.689999999998,45,45,0,45,522
2025-07-27,BFinance,30614.01,827,304,33,271,6280
2025-07-27,Bitget Wallet,13161.343843730012,1227,530,41,489,2127
2025-07-27,Bitget Wallet,1412.17,2,1,0,1,1
2025-07-27,Cypher,250704.49433378797,384,270,38,232,11254
2025-07-27,EtherFi,309480.93000000087,4082,1528,66,1462,4369
2025-07-27,Exa,39400.42000000002,1034,275,13,262,1694
2025-07-27,Gnosis,270237.59136325924,5370,2229,33,2196,15259
2025-07-27,Holyheld,65019.95828452702,127,58,5,53,2360
2025-07-27,Karta,143519.38,1,1,0,1,1
2025-07-27,KAST,1554750.3531751984,1679,1385,249,1136,45430
2025-07-27,Kolo,23469.69,1,1,0,1,3
2025-07-27,MetaMask,105626.7962281846,1739,797,40,757,9065
2025-07-27,Ready,50373.10226500003,197,197,6,191,713
2025-07-27,RedotPay,7553105.770756486,14048,13929,1912,12017,478784
2025-07-27,SafePal,45744.825579119904,3250,1326,82,1244,12852
2025-07-27,Solayer,56271.95999999997,232,200,12,188,5383
2025-07-27,Tria,38.45,2,2,0,2,3
2025-07-27,Tuyo,2024.45,1,1,0,1,1
2025-07-28,Avalanche Card,40042.19000000001,322,321,12,309,2327
2025-07-28,Avici,1744.89,44,44,1,43,523
2025-07-28,BFinance,41895.27,1136,353,32,321,6312
2025-07-28,Bitget Wallet,12322.279476270003,1238,574,79,495,2206
2025-07-28,Bitget Wallet,1341.5,2,1,0,1,1
2025-07-28,Cypher,559744.6075002647,412,278,27,251,11281
2025-07-28,EtherFi,443172.07000000123,4144,1557,70,1487,4439
2025-07-28,Exa,60986.93999999993,2576,395,11,384,1705
2025-07-28,Gnosis,366712.4075519313,6025,2450,39,2411,15298
2025-07-28,Holyheld,249821.34686391192,155,69,6,63,2366
2025-07-28,Karta,85862.55,1,1,0,1,1
2025-07-28,KAST,2235900.3753856816,2049,1642,325,1317,45755
2025-07-28,Kolo,15004.35,1,1,0,1,3
2025-07-28,MetaMask,113550.97026383193,2104,885,43,842,9108
2025-07-28,Ready,30347.767735000005,216,216,6,210,719
2025-07-28,RedotPay,8791385.788800484,9649,9441,1175,8266,479959
2025-07-28,SafePal,48788.2191327099,3306,1386,88,1298,12940
2025-07-28,Solayer,70053.89,257,219,12,207,5395
2025-07-28,Tria,0.0,0,0,0,0,3
2025-07-28,Tuyo,2168.94,1,1,0,1,1
2025-07-29,Avalanche Card,23232.760000000002,381,380,22,358,2349
2025-07-29,Avici,3421.989999999999,54,54,4,50,527
2025-07-29,BFinance,34093.01,961,295,34,261,6346
2025-07-29,Bitget Wallet,13093.454765089991,1302,558,51,507,2257
2025-07-29,Bitget Wallet,6713.299999999999,2,1,0,1,1
2025-07-29,Cypher,521919.7706959237,453,313,40,273,11321
2025-07-29,EtherFi,375536.8400000001,4226,1561,65,1496,4504
2025-07-29,Exa,66769.44999999895,11537,671,7,664,1712
2025-07-29,Gnosis,372224.0909390586,6083,2425,51,2374,15349
2025-07-29,Holyheld,231175.1504983771,130,67,1,66,2367
2025-07-29,Karta,102983.16,1,1,0,1,1
2025-07-29,KAST,1554625.1527251955,1883,1502,258,1244,46013
2025-07-29,Kolo,23938.53,1,1,0,1,3
2025-07-29,MetaMask,144570.0031239937,2342,912,66,846,9174
2025-07-29,Ready,44234.05999999996,247,247,18,229,737
2025-07-29,RedotPay,9733696.649882575,13549,13403,1790,11613,481749
2025-07-29,SafePal,59131.18974520008,3246,1373,75,1298,13015
2025-07-29,Solayer,93732.04999999999,292,239,15,224,5410
2025-07-29,Tria,3128.23,2,2,1,1,4
2025-07-29,Tuyo,1553.28,1,1,0,1,1
2025-07-30,Avalanche Card,10347.760000000002,54,54,1,53,2350
2025-07-30,Avici,552.91,7,7,1,6,528
2025-07-30,BFinance,34774.49,933,298,37,261,6383
2025-07-30,Bitget Wallet,9001.992340279998,1295,574,56,518,2313
2025-07-30,Bitget Wallet,4136.26,2,1,0,1,1
2025-07-30,Cypher,357555.1478586428,434,296,35,261,11356
2025-07-30,EtherFi,342185.86000000103,4419,1597,52,1545,4556
2025-07-30,Exa,53708.86000000001,1119,266,10,256,1722
2025-07-30,Gnosis,372958.0531811587,6025,2400,56,2344,15405
2025-07-30,Holyheld,400144.7652967979,183,88,2,86,2369
2025-07-30,Karta,0.0,0,0,0,0,1
2025-07-30,KAST,1456103.6866133276,1790,1462,325,1137,46338
2025-07-30,Kolo,0.0,0,0,0,0,3
2025-07-30,MetaMask,141147.35369424854,2159,955,61,894,9235
2025-07-30,Ready,22392.84000000001,188,188,15,173,752
2025-07-30,RedotPay,10252648.380640443,8238,8103,790,7313,482539
2025-07-30,SafePal,62120.722009960075,3238,1412,93,1319,13108
2025-07-30,Solayer,52635.99,242,210,12,198,5422
2025-07-30,Tria,0.0,0,0,0,0,4
2025-07-30,Tuyo,2157.61,1,1,0,1,1
2025-07-31,Avalanche Card,137472.02,502,501,41,460,2391
2025-07-31,Avici,5900.9800000000005,62,62,6,56,534
2025-07-31,BFinance,46189.86,1166,315,20,295,6403
2025-07-31,Bitget Wallet,13639.797669990025,1392,594,60,534,2373
2025-07-31,Bitget Wallet,3151.45,2,1,0,1,1
2025-07-31,Cypher,379050.92345092125,417,300,29,271,11385
2025-07-31,EtherFi,492055.6900000007,4593,1666,59,1607,4615
2025-07-31,Exa,47675.62,1095,266,7,259,1729
2025-07-31,Gnosis,370645.5156259621,6348,2404,46,2358,15451
2025-07-31,Holyheld,229040.60947087928,161,74,2,72,2371
2025-07-31,Karta,227002.48,1,1,0,1,1
2025-07-31,KAST,2349445.026842989,1925,1561,295,1266,46633
2025-07-31,Kolo,32645.98,1,1,0,1,3
2025-07-31,MetaMask,116715.08156251546,2146,966,67,899,9302
2025-07-31,Ready,51037.31999999999,200,200,16,184,768
2025-07-31,RedotPay,9279450.645163106,12559,12217,1541,10676,484080
2025-07-31,SafePal,46530.13213965,3301,1408,80,1328,13188
2025-07-31,Solayer,50239.58,242,208,15,193,5437
2025-07-31,Tria,184.16,1,1,0,1,4
2025-07-31,Tuyo,5851.47,1,1,0,1,1
2025-08-01,Avalanche Card,50633.620000000024,335,334,14,320,2405
2025-08-01,Avici,5924.43,47,47,2,45,536
2025-08-01,BFinance,42524.24,1496,363,34,329,6437
2025-08-01,Bitget Wallet,15146.92494912998,1545,634,72,562,2445
2025-08-01,Bitget Wallet,1304.44,2,1,0,1,1
2025-08-01,Cypher,674745.2275236286,447,304,38,266,11423
2025-08-01,EtherFi,580087.1100000007,4424,1652,57,1595,4672
2025-08-01,Exa,69731.89,735,246,10,236,1739
2025-08-01,Gnosis,380624.33976904926,7011,2582,75,2507,15526
2025-08-01,Holyheld,564794.1195147288,153,75,4,71,2375
2025-08-01,Karta,111398.11,1,1,0,1,1
2025-08-01,KAST,1824568.367951357,2081,1635,339,1296,46972
2025-08-01,Kolo,26850.25,1,1,0,1,3
2025-08-01,MetaMask,140954.91615594793,2270,951,60,891,9362
2025-08-01,Ready,43807.319999999985,257,257,21,236,789
2025-08-01,RedotPay,11488319.613714142,8241,7996,833,7163,484913
2025-08-01,SafePal,51194.06257949996,3547,1447,81,1366,13269
2025-08-01,Solayer,52245.25999999999,228,198,15,183,5452
2025-08-01,Tria,129.07,2,2,0,2,4
2025-08-01,Tuyo,5275.23,1,1,0,1,1
2025-08-02,Avalanche Card,33552.37999999999,339,338,23,315,2428
2025-08-02,Avici,2309.61,54,53,2,51,538
2025-08-02,BFinance,33535.7,901,291,14,277,6451
2025-08-02,Bitget Wallet,11816.698822360013,1483,612,55,557,2500
2025-08-02,Bitget Wallet,1635.37,2,1,0,1,1
2025-08-02,Cypher,427585.4937745603,458,318,34,284,11457
2025-08-02,EtherFi,275588.5500000005,4504,1618,52,1566,4724
2025-08-02,Exa,52656.65000000009,1573,307,5,302,1744
2025-08-02,Gnosis,380046.38152523973,7052,2521,54,2467,15580
2025-08-02,Holyheld,82601.18394037653,128,61,4,57,2379
2025-08-02,Karta,130266.85,1,1,0,1,1
2025-08-02,KAST,1501684.1651895891,1792,1434,250,1184,47222
2025-08-02,Kolo,31381.12,1,1,0,1,3
2025-08-02,MetaMask,144406.74418975625,2237,922,53,869,9415
2025-08-02,Ready,34855.36,208,208,9,199,798
2025-08-02,RedotPay,11141956.492330898,6038,5942,556,5386,485469
2025-08-02,SafePal,46382.86732931975,3461,1399,80,1319,13349
2025-08-02,Solayer,51426.63999999999,238,209,5,204,5457
2025-08-02,Tria,1154.25,3,3,0,3,4
2025-08-02,Tuyo,7956.84,1,1,0,1,1
2025-08-03,Avalanche Card,209517.45000000013,355,354,14,340,2442
2025-08-03,Avici,2866.0899999999997,61,61,1,60,539
2025-08-03,BFinance,30024.55,804,306,15,291,6466
2025-08-03,Bitget Wallet,10629.574102380011,1460,617,46,571,2546
2025-08-03,Bitget Wallet,1622.2800000000002,2,1,0,1,1
2025-08-03,Cypher,255599.5618006972,384,262,37,225,11494
2025-08-03,EtherFi,245963.53999999867,4052,1478,43,1435,4767
2025-08-03,Exa,39772.460000000036,996,257,7,250,1751
2025-08-03,Gnosis,273559.22536879877,5545,2169,32,2137,15612
2025-08-03,Holyheld,75613.53484149724,101,54,3,51,2382
2025-08-03,Karta,129948.74,1,1,0,1,1
2025-08-03,KAST,1598681.3766979324,1589,1293,216,1077,47438
2025-08-03,Kolo,30540.31,1,1,0,1,3
2025-08-03,MetaMask,55183.970309903045,1295,657,24,633,9439
2025-08-03,Ready,54764.140000000036,246,246,6,240,804
2025-08-03,RedotPay,8002314.523518627,9853,9802,947,8855,486416
2025-08-03,SafePal,53180.99942373979,3354,1367,71,1296,13420
2025-08-03,Solayer,32494.99,207,174,10,164,5467
2025-08-03,Tria,2023.12,3,3,0,3,4
2025-08-03,Tuyo,12028.07,1,1,0,1,1
2025-08-04,Avalanche Card,86909.52000000005,326,325,16,309,2458
2025-08-04,Avici,2261.84,51,51,4,47,543
2025-08-04,BFinance,46335.12,906,299,11,288,6477
2025-08-04,Bitget Wallet,10752.049183610014,1326,607,41,566,2587
2025-08-04,Bitget Wallet,5704.83,2,1,0,1,1
2025-08-04,Cypher,435802.17068796634,423,299,45,254,11539
2025-08-04,EtherFi,289010.8699999989,4482,1539,40,1499,4807
2025-08-04,Exa,53186.49999999995,1066,261,6,255,1757
2025-08-04,Gnosis,386534.52373208123,6165,2412,57,2355,15669
2025-08-04,Holyheld,538910.9500591696,179,96,8,88,2390
2025-08-04,Karta,0.0,0,0,0,0,1
2025-08-04,KAST,1860395.7098949256,1976,1560,280,1280,47718
2025-08-04,Kolo,18895.05,1,1,0,1,3
2025-08-04,MetaMask,117184.01788137919,1952,851,45,806,9484
2025-08-04,Ready,113071.18,339,339,10,329,814
2025-08-04,RedotPay,9219123.277938494,11213,11008,1277,9731,487693
2025-08-04,SafePal,48606.27963393994,3268,1435,73,1362,13493
2025-08-04,Solayer,74874.87999999999,240,202,15,187,5482
2025-08-04,Tria,284.65,3,3,0,3,4
2025-08-04,Tuyo,5031.86,1,1,0,1,1
2025-08-05,Avalanche Card,27089.969999999972,337,337,23,314,2481
2025-08-05,Avici,3633.4500000000003,49,49,1,48,544
2025-08-05,BFinance,55841.56,939,321,27,294,6504
2025-08-05,Bitget Wallet,12467.318700070005,1466,644,91,553,2678
2025-08-05,Bitget Wallet,1340.4099999999999,2,1,0,1,1
2025-08-05,Cypher,280369.0842834314,460,306,38,268,11577
2025-08-05,EtherFi,445822.52999999386,4951,1561,38,1523,4845
2025-08-05,Exa,41707.11999999995,961,254,11,243,1768
2025-08-05,Gnosis,371848.68186535884,6176,2465,56,2409,15725
2025-08-05,Holyheld,292583.7229500607,144,73,5,68,2395
2025-08-05,Karta,0.0,0,0,0,0,1
2025-08-05,KAST,1827041.8158945285,1986,1562,256,1306,47974
2025-08-05,Kolo,29309.06,1,1,0,1,3
2025-08-05,MetaMask,126035.46861450712,1974,852,59,793,9543
2025-08-05,Ready,60014.199999999975,298,298,9,289,823
2025-08-05,RedotPay,11465335.101068655,7208,6938,798,6140,488491
2025-08-05,SafePal,49102.599724609776,3145,1360,87,1273,13580
2025-08-05,Solayer,88568.17999999998,272,221,8,213,5490
2025-08-05,Tria,255.21,2,2,0,2,4
2025-08-05,Tuyo,1147.11,1,1,0,1,1
2025-08-06,Avalanche Card,80321.83,336,335,18,317,2499
2025-08-06,Avici,1675.5,50,50,4,46,548
2025-08-06,BFinance,29292.07,981,330,40,290,6544
2025-08-06,Bitget Wallet,10987.79494600001,1475,640,84,556,2762
2025-08-06,Bitget Wallet,5406.43,2,1,0,1,1
2025-08-06,Cypher,311065.84497646266,491,283,31,252,11608
2025-08-06,EtherFi,427518.25999999535,5432,1646,69,1577,4914
2025-08-06,Exa,30088.360000000004,847,236,4,232,1772
2025-08-06,Gnosis,376047.6784715623,6396,2542,82,2460,15807
2025-08-06,Holyheld,202073.97031459532,145,71,2,69,2397
2025-08-06,Karta,0.0,0,0,0,0,1
2025-08-06,KAST,1745775.5706082708,1915,1500,250,1250,48224
2025-08-06,Kolo,19203.14,1,1,0,1,3
2025-08-06,MetaMask,131282.03326229146,2060,875,45,830,9588
2025-08-06,Ready,36162.200000000004,217,217,11,206,834
2025-08-06,RedotPay,11507758.3817746,11492,11317,1290,10027,489781
2025-08-06,SafePal,51642.57179703997,3263,1398,83,1315,13663
2025-08-06,Solayer,58512.51000000003,240,206,13,193,5503
2025-08-06,Tria,65.43,2,2,0,2,4
2025-08-06,Tuyo,2404.36,1,1,0,1,1
2025-08-07,Avalanche Card,45678.70999999999,322,321,13,308,2512
2025-08-07,Avici,1586.6000000000001,55,55,8,47,556
2025-08-07,BFinance,34994.09,996,336,27,309,6571
2025-08-07,Bitget Wallet,13684.994000370009,1660,712,97,615,2859
2025-08-07,Bitget Wallet,1915.78,2,1,0,1,1
2025-08-07,Cypher,514819.3577289042,614,332,37,295,11645
2025-08-07,EtherFi,566377.4399999927,5427,1746,67,1679,4981
2025-08-07,Exa,36421.49999999999,891,259,6,253,1778
2025-08-07,Gnosis,358482.1205553714,6394,2557,97,2460,15904
2025-08-07,Holyheld,309383.5070692363,162,72,3,69,2400
2025-08-07,Karta,0.0,0,0,0,0,1
2025-08-07,KAST,1685265.4222243992,2174,1702,306,1396,48530
2025-08-07,Kolo,18213.8,1,1,0,1,3
2025-08-07,MetaMask,114474.96586311655,2143,954,63,891,9651
2025-08-07,Ready,40650.859999999986,278,278,12,266,846
2025-08-07,RedotPay,12080134.193403702,10780,10536,1038,9498,490819
2025-08-07,SafePal,57804.51098797006,3553,1481,88,1393,13751
2025-08-07,Solayer,55229.20999999999,250,210,11,199,5514
2025-08-07,Tria,162.79,2,2,0,2,4
2025-08-07,Tuyo,1793.08,1,1,0,1,1
2025-08-08,Avalanche Card,64684.46999999998,322,319,20,299,2532
2025-08-08,Avici,2243.7700000000004,54,54,3,51,559
2025-08-08,BFinance,35398.5,938,334,31,303,6602
2025-08-08,Bitget Wallet,13710.724554569979,1658,727,103,624,2962
2025-08-08,Bitget Wallet,2403.21,2,1,0,1,1
2025-08-08,Cypher,349184.6339736159,667,346,31,315,11676
2025-08-08,EtherFi,416865.29999999155,6427,1786,85,1701,5066
2025-08-08,Exa,34550.81999999998,952,234,3,231,1781
2025-08-08,Gnosis,379464.3731817206,6877,2616,75,2541,15979
2025-08-08,Holyheld,471204.42297449557,157,81,2,79,2402
2025-08-08,Karta,157562.03,1,1,0,1,1
2025-08-08,KAST,1846117.9013419875,2281,1805,339,1466,48869
2025-08-08,Kolo,31331.43,1,1,0,1,3
2025-08-08,MetaMask,160359.8920002882,2367,999,54,945,9705
2025-08-08,Ready,41193.644048000024,262,262,18,244,864
2025-08-08,RedotPay,11210908.436412627,11004,10830,1318,9512,492137
2025-08-08,SafePal,54578.39536390997,3628,1523,101,1422,13852
2025-08-08,Solayer,52416.159999999996,292,248,11,237,5525
2025-08-08,Tria,113.44,2,2,0,2,4
2025-08-08,Tuyo,1109.27,1,1,0,1,1
2025-08-09,Avalanche Card,29025.469999999994,303,302,8,294,2540
2025-08-09,Avici,1721.2500000000002,48,48,2,46,561
2025-08-09,BFinance,37688.88,890,318,19,299,6621
2025-08-09,Bitget Wallet,13660.866232550012,1846,767,102,665,3064
2025-08-09,Bitget Wallet,7720.36,2,1,0,1,1
2025-08-09,Cypher,336922.8540233689,657,319,32,287,11708
2025-08-09,EtherFi,328911.72999999917,5208,1794,55,1739,5121
2025-08-09,Exa,35131.20999999997,1017,223,8,215,1789
2025-08-09,Gnosis,377086.5537645994,7386,2601,80,2521,16059
2025-08-09,Holyheld,104696.75885170825,166,74,0,74,2402
2025-08-09,Karta,137318.16,1,1,0,1,1
2025-08-09,KAST,1663771.4070778075,2269,1850,348,1502,49217
2025-08-09,Kolo,68357.18,1,1,0,1,3
2025-08-09,MetaMask,167037.9943573627,2576,975,56,919,9761
2025-08-09,Ready,75927.311103,369,369,33,336,897
2025-08-09,RedotPay,11161426.585007073,7890,7552,681,6871,492818
2025-08-09,SafePal,57247.66748435,3601,1444,76,1368,13928
2025-08-09,Solayer,38940.96999999998,224,192,8,184,5533
2025-08-09,Tria,39.97,2,2,1,1,5
2025-08-09,Tuyo,0.0,0,0,0,0,1
2025-08-10,Avalanche Card,47261.73999999999,320,318,15,303,2555
2025-08-10,Avici,6269.4000000000015,61,58,3,55,564
2025-08-10,BFinance,24720.49,790,312,22,290,6643
2025-08-10,Bitget Wallet,16148.094731260022,1759,771,96,675,3160
2025-08-10,Bitget Wallet,3399.01,2,1,0,1,1
2025-08-10,Cypher,397661.82151147607,578,286,31,255,11739
2025-08-10,EtherFi,315365.6299999959,5451,1736,70,1666,5191
2025-08-10,Exa,18231.70000000006,893,214,7,207,1796
2025-08-10,Gnosis,343444.8972240002,5911,2317,52,2265,16111
2025-08-10,Holyheld,98593.20437103791,123,56,3,53,2405
2025-08-10,Karta,0.0,0,0,0,0,1
2025-08-10,KAST,1680420.31253428,1999,1564,283,1281,49500
2025-08-10,Kolo,29928.52,1,1,0,1,3
2025-08-10,MetaMask,98690.09993564001,2061,906,41,865,9802
2025-08-10,Ready,38322.709916,296,296,22,274,919
2025-08-10,RedotPay,8922783.160243433,21343,21197,6861,14336,499679
2025-08-10,SafePal,49406.89726681991,3413,1408,73,1335,14001
2025-08-10,Solayer,43247.01999999998,248,225,14,211,5547
2025-08-10,Tria,61.74,2,2,0,2,5
2025-08-10,Tuyo,10465.27,1,1,0,1,1
2025-08-11,Avalanche Card,32334.03,311,310,13,297,2568
2025-08-11,Avici,6764.67,51,51,7,44,571
2025-08-11,BFinance,33836.38,931,315,28,287,6671
2025-08-11,Bitget Wallet,16228.870961330002,1927,825,139,686,3299
2025-08-11,Bitget Wallet,3317.17,2,1,0,1,1
2025-08-11,Cypher,782522.8419531207,639,352,37,315,11776
2025-08-11,EtherFi,522685.23999999225,5753,1792,76,1716,5267
2025-08-11,Exa,29280.21999999997,896,243,6,237,1802
2025-08-11,Gnosis,371358.1884719081,6421,2524,54,2470,16165
2025-08-11,Holyheld,85458.18138878015,115,46,5,41,2410
2025-08-11,Karta,0.0,0,0,0,0,1
2025-08-11,KAST,2029975.7044455183,2062,1674,297,1377,49797
2025-08-11,Kolo,30331.43,3,3,0,3,3
2025-08-11,MetaMask,137181.52563529878,2298,1026,47,979,9849
2025-08-11,Ready,48486.64958500003,304,304,20,284,939
2025-08-11,RedotPay,11046829.319553053,11777,11463,2603,8860,502282
2025-08-11,SafePal,49501.942917179986,3449,1506,88,1418,14089
2025-08-11,Solayer,82067.69000000003,281,225,14,211,5561
2025-08-11,Tria,41.66,1,1,0,1,5
2025-08-11,Tuyo,4214.66,1,1,0,1,1
2025-08-12,Avalanche Card,37390.569999999985,349,348,12,336,2580
2025-08-12,Avici,7437.659999999997,60,60,3,57,574
2025-08-12,BFinance,40582.61,930,304,23,281,6694
2025-08-12,Bitget Wallet,14746.144503200027,1985,890,101,789,3400
2025-08-12,Bitget Wallet,4374.06,2,1,0,1,1
2025-08-12,Cypher,353983.8942553809,487,291,29,262,11805
2025-08-12,EtherFi,400515.26999999385,6017,1858,64,1794,5331
2025-08-12,Exa,43032.869999999966,890,230,9,221,1811
2025-08-12,Gnosis,372670.90989299945,6275,2467,57,2410,16222
2025-08-12,Holyheld,339755.96794034954,134,57,5,52,2415
2025-08-12,Karta,95815.29,1,1,0,1,1
2025-08-12,KAST,2043671.7318571203,2194,1765,294,1471,50091
2025-08-12,Kolo,20391.61,1,1,0,1,3
2025-08-12,MetaMask,143006.86745074473,2205,988,49,939,9898
2025-08-12,Ready,40330.73999999996,240,240,12,228,951
2025-08-12,RedotPay,13340468.714055194,9134,8958,860,8098,503142
2025-08-12,SafePal,48228.34159175024,3296,1394,75,1319,14164
2025-08-12,Solayer,61455.36000000001,236,195,11,184,5572
2025-08-12,Tria,54.26,1,1,0,1,5
2025-08-12,Tuyo,3404.49,1,1,0,1,1
2025-08-13,Avalanche Card,47161.25999999998,340,339,17,322,2597
2025-08-13,Avici,3583.8599999999997,48,48,4,44,578
2025-08-13,BFinance,36070.79,819,311,12,299,6706
2025-08-13,Bitget Wallet,15320.313258919985,1985,852,84,768,3484
2025-08-13,Bitget Wallet,8246.81,2,1,0,1,1
2025-08-13,Cypher,378758.03620987886,527,333,39,294,11844
2025-08-13,EtherFi,472318.0699999969,5566,1882,99,1783,5430
2025-08-13,Exa,36756.79000000004,849,231,8,223,1819
2025-08-13,Gnosis,374692.48668918223,6669,2511,44,2467,16266
2025-08-13,Holyheld,272474.2143538122,168,82,3,79,2418
2025-08-13,Karta,123229.93,1,1,0,1,1
2025-08-13,KAST,1929091.3218865148,2424,1937,392,1545,50483
2025-08-13,Kolo,25447.52,1,1,0,1,3
2025-08-13,MetaMask,143113.51448630757,2328,1038,42,996,9940
2025-08-13,Ready,0.0,0,0,0,0,951
2025-08-13,RedotPay,10905968.309439844,12250,12130,1366,10764,504508
2025-08-13,SafePal,47093.54557327961,3450,1454,95,1359,14259
2025-08-13,Solayer,47720.339999999946,237,206,9,197,5581
2025-08-13,Tria,73.58,3,3,0,3,5
2025-08-13,Tuyo,15127.46,1,1,0,1,1
2025-08-14,Avalanche Card,117180.59999999999,315,312,14,298,2611
2025-08-14,Avici,8183.079999999999,55,55,8,47,586
2025-08-14,BFinance,23176.86,877,337,21,316,6727
2025-08-14,Bitget Wallet,16610.408057660006,1982,848,69,779,3553
2025-08-14,Bitget Wallet,9915.03,2,1,0,1,1
2025-08-14,Cypher,341585.2903335696,502,317,30,287,11874
2025-08-14,EtherFi,520279.17000000295,5129,1929,100,1829,5530
2025-08-14,Exa,38632.159999999974,885,234,6,228,1825
2025-08-14,Gnosis,374825.27092267177,6702,2544,65,2479,16331
2025-08-14,Holyheld,575862.846217065,160,70,4,66,2422
2025-08-14,Karta,12785.3,1,1,0,1,1
2025-08-14,KAST,1785469.5643383707,2196,1775,356,1419,50839
2025-08-14,Kolo,36177.08,1,1,0,1,3
2025-08-14,MetaMask,142697.37886306268,2507,1082,53,1029,9993
2025-08-14,Ready,80252.27331399999,615,412,40,372,991
2025-08-14,RedotPay,13292755.725472284,10038,9838,1370,8468,505878
2025-08-14,SafePal,57591.8777508498,3438,1453,68,1385,14327
2025-08-14,Solayer,59297.07000000001,264,228,17,211,5598
2025-08-14,Tria,1434.94,4,3,0,3,5
2025-08-14,Tuyo,4441.86,1,1,0,1,1
2025-08-15,Avalanche Card,78667.47999999997,316,315,8,307,2619
2025-08-15,Avici,5712.21,63,63,8,55,594
2025-08-15,BFinance,36460.38,952,339,22,317,6749
2025-08-15,Bitget Wallet,16028.249144150017,1995,853,76,777,3629
2025-08-15,Bitget Wallet,5469.030000000001,2,1,0,1,1
2025-08-15,Cypher,729259.1928439373,620,335,26,309,11900
2025-08-15,EtherFi,454326.66999999946,5519,1971,83,1888,5613
2025-08-15,Exa,27520.220000000023,921,220,5,215,1830
2025-08-15,Gnosis,340104.2313864997,6459,2506,52,2454,16383
2025-08-15,Holyheld,224804.35561042032,149,71,3,68,2425
2025-08-15,Karta,81902.65,1,1,0,1,1
2025-08-15,KAST,1707199.031766185,2056,1653,287,1366,51126
2025-08-15,Kolo,28916.24,1,1,0,1,3
2025-08-15,MetaMask,140792.93766970094,2465,1041,58,983,10051
2025-08-15,Ready,32839.14999999998,269,269,21,248,1012
2025-08-15,RedotPay,12824217.654212758,17375,16742,2697,14045,508575
2025-08-15,SafePal,54398.49400055004,3587,1459,77,1382,14404
2025-08-15,Solayer,43688.800000000025,233,195,14,181,5612
2025-08-15,Tria,94.1,5,5,3,2,8
2025-08-15,Tuyo,6492.51,1,1,0,1,1
2025-08-16,Avalanche Card,61402.3,328,327,12,315,2631
2025-08-16,Avici,4958.470000000002,69,69,9,60,603
2025-08-16,BFinance,31714.35,1023,317,25,292,6774
2025-08-16,Bitget Wallet,17457.44929871,2040,863,78,785,3707
2025-08-16,Bitget Wallet,3709.96,2,1,0,1,1
2025-08-16,Cypher,486281.7642163634,739,338,28,310,11928
2025-08-16,EtherFi,384451.23000000103,5811,2033,99,1934,5712
2025-08-16,Exa,22763.000000000007,799,220,5,215,1835
2025-08-16,Gnosis,351506.72455872956,7235,2667,54,2613,16437
2025-08-16,Holyheld,45809.79293121875,118,50,2,48,2427
2025-08-16,Karta,81315.03,1,1,0,1,1
2025-08-16,KAST,1585748.6767985118,1898,1509,219,1290,51345
2025-08-16,Kolo,35968.19,1,1,0,1,3
2025-08-16,MetaMask,158589.7809517657,2614,1110,53,1057,10104
2025-08-16,Ready,57405.580488,360,360,31,329,1043
2025-08-16,RedotPay,9636824.482028581,10723,10608,1448,9160,510023
2025-08-16,SafePal,62809.29852058986,3768,1503,73,1430,14477
2025-08-16,Solayer,104317.56000000001,271,202,16,186,5628
2025-08-16,Tria,750.2900000000001,7,7,3,4,11
2025-08-16,Tuyo,2697.9,1,1,0,1,1
2025-08-17,Avalanche Card,34831.67999999999,318,317,18,299,2649
2025-08-17,Avici,3389.51,61,61,2,59,605
2025-08-17,BFinance,45231.36,928,326,18,308,6792
2025-08-17,Bitget Wallet,18926.521065079975,2156,912,92,820,3799
2025-08-17,Bitget Wallet,4004.2200000000003,2,1,0,1,1
2025-08-17,Cypher,180877.9345691,688,288,25,263,11953
2025-08-17,EtherFi,406285.47999999986,5415,1985,100,1885,5812
2025-08-17,Exa,34223.370000000024,840,211,10,201,1845
2025-08-17,Gnosis,291362.22509196965,5747,2293,44,2249,16481
2025-08-17,Holyheld,64996.952778834886,257,67,4,63,2431
2025-08-17,Karta,96914.14,1,1,0,1,1
2025-08-17,KAST,1641991.0730013347,2472,1774,360,1414,51705
2025-08-17,Kolo,25261.03,1,1,0,1,3
2025-08-17,MetaMask,129359.9891861275,2335,998,40,958,10144
2025-08-17,Ready,32292.53000000003,335,335,24,311,1067
2025-08-17,RedotPay,5912766.50919837,7588,7552,589,6963,510612
2025-08-17,SafePal,43006.89793190008,3485,1476,74,1402,14551
2025-08-17,Solayer,34136.39000000002,226,189,11,178,5639
2025-08-17,Tria,1484.57,5,5,0,5,11
2025-08-17,Tuyo,1400.89,1,1,0,1,1
2025-08-18,Avalanche Card,43634.40999999999,304,304,10,294,2659
2025-08-18,Avici,1997.9,54,54,2,52,607
2025-08-18,BFinance,36215.19,991,344,12,332,6804
2025-08-18,Bitget Wallet,16736.60103074996,1972,897,83,814,3882
2025-08-18,Bitget Wallet,6938.85,2,1,0,1,1
2025-08-18,Cypher,332184.79805547703,540,310,43,267,11996
2025-08-18,EtherFi,515510.31999999966,5119,1920,93,1827,5905
2025-08-18,Exa,32341.63999999999,892,228,3,225,1848
2025-08-18,Gnosis,326838.7412987392,6263,2534,48,2486,16529
2025-08-18,Holyheld,362395.9893865474,146,69,4,65,2435
2025-08-18,Karta,100563.05,1,1,0,1,1
2025-08-18,KAST,2014577.1481968998,2034,1567,255,1312,51960
2025-08-18,Kolo,30203.13,1,1,0,1,3
2025-08-18,MetaMask,172965.5166993185,2493,1053,41,1012,10185
2025-08-18,Ready,38403.04,355,355,26,329,1093
2025-08-18,RedotPay,10856953.195950134,11749,11475,1463,10012,512075
2025-08-18,SafePal,80053.93681043964,3356,1457,88,1369,14639
2025-08-18,Solayer,66475.39000000004,293,238,18,220,5657
2025-08-18,Tria,785.0400000000001,6,6,0,6,11
2025-08-18,Tuyo,3440.35,1,1,0,1,1
2025-08-19,Avalanche Card,21226.980000000007,306,306,14,292,2673
2025-08-19,Avici,4937.349999999999,71,71,8,63,615
2025-08-19,BFinance,41332.46,931,336,21,315,6825
2025-08-19,Bitget Wallet,19336.862194530007,2073,889,97,792,3979
2025-08-19,Bitget Wallet,4770.2699999999995,2,1,0,1,1
2025-08-19,Cypher,212572.88445798497,479,296,25,271,12021
2025-08-19,EtherFi,360712.0199999997,5320,2015,86,1929,5991
2025-08-19,Exa,40526.149999999914,880,208,4,204,1852
2025-08-19,Gnosis,355899.29664635943,6176,2541,58,2483,16587
2025-08-19,Holyheld,317501.4932045886,146,64,5,59,2440
2025-08-19,Karta,93740.78,1,1,0,1,1
2025-08-19,KAST,1662332.7692869147,1999,1564,270,1294,52230
2025-08-19,Kolo,44142.43,1,1,0,1,3
2025-08-19,MetaMask,217420.9707952221,2618,1065,41,1024,10226
2025-08-19,Ready,57004.81251599998,381,381,19,362,1112
2025-08-19,RedotPay,9283765.00707793,15330,15065,3049,12016,515124
2025-08-19,SafePal,70518.3563083902,3488,1458,92,1366,14731
2025-08-19,Solayer,75224.63,250,200,24,176,5681
2025-08-19,Tria,5723.82,10,10,3,7,14
2025-08-19,Tuyo,2994.14,1,1,0,1,1
2025-08-20,Avalanche Card,27189.650000000012,334,333,18,315,2691
2025-08-20,Avici,3448.01,56,56,5,51,620
2025-08-20,BFinance,39890.57,832,345,32,313,6857
2025-08-20,Bitget Wallet,20039.581254719993,2086,879,76,803,4055
2025-08-20,Bitget Wallet,4266.08,2,1,0,1,1
2025-08-20,Cypher,296252.85688134725,518,281,22,259,12043
2025-08-20,EtherFi,431094.26999999984,5391,2038,103,1935,6094
2025-08-20,Exa,40144.197609999996,824,211,6,205,1858
2025-08-20,Gnosis,365904.19122126035,6259,2495,46,2449,16633
2025-08-20,Holyheld,396861.58572123986,153,62,1,61,2441
2025-08-20,Karta,142195.67,1,1,0,1,1
2025-08-20,KAST,1528257.5021746082,1961,1550,250,1300,52480
2025-08-20,Kolo,60336.11,1,1,0,1,3
2025-08-20,MetaMask,157919.0825009209,2388,1006,50,956,10276
2025-08-20,Ready,52400.598315,377,377,20,357,1132
2025-08-20,RedotPay,10058004.260158684,9652,9313,1480,7833,516604
2025-08-20,SafePal,50588.13684984009,3474,1457,71,1386,14802
2025-08-20,Solayer,46194.53000000003,248,198,13,185,5694
2025-08-20,Tria,758.11,7,7,1,6,15
2025-08-20,Tuyo,4780.43,1,1,0,1,1
2025-08-21,Avalanche Card,50453.77,301,300,11,289,2702
2025-08-21,Avici,2589.6599999999985,62,60,4,56,624
2025-08-21,BFinance,38803.5,988,352,21,331,6878
2025-08-21,Bitget Wallet,14468.63791269998,2137,945,94,851,4149
2025-08-21,Bitget Wallet,3380.92,2,1,0,1,1
2025-08-21,Cypher,200591.57340383055,599,295,25,270,12068
2025-08-21,EtherFi,401966.1199999994,5679,2153,111,2042,6205
2025-08-21,Exa,40141.07000000002,822,210,4,206,1862
2025-08-21,Gnosis,339810.4068865588,6426,2490,52,2438,16685
2025-08-21,Holyheld,451380.4178202532,153,70,3,67,2444
2025-08-21,Karta,121922.96,1,1,0,1,1
2025-08-21,KAST,2049914.9301310454,2053,1657,266,1391,52746
2025-08-21,Kolo,27788.89,1,1,0,1,3
2025-08-21,MetaMask,194885.82182703444,2539,1055,52,1003,10328
2025-08-21,Ready,70826.76999999996,403,403,28,375,1160
2025-08-21,RedotPay,9863571.76809243,8520,8180,717,7463,517321
2025-08-21,SafePal,48444.971297739845,3404,1454,70,1384,14872
2025-08-21,Solayer,35032.67999999999,225,195,9,186,5703
2025-08-21,Tria,4738.380000000001,8,8,2,6,17
2025-08-21,Tuyo,8731.71,1,1,0,1,1
2025-08-22,Avalanche Card,36567.03999999999,302,301,12,289,2714
2025-08-22,Avici,4093.01,62,62,2,60,626
2025-08-22,BFinance,49483.24,871,348,32,316,6910
2025-08-22,Bitget Wallet,30393.43480088004,2173,932,74,858,4223
2025-08-22,Bitget Wallet,5067.969999999999,2,1,0,1,1
2025-08-22,Cypher,704136.3212652679,714,348,31,317,12099
2025-08-22,EtherFi,488847.70999999874,6145,2272,137,2135,6342
2025-08-22,Exa,36962.51000000002,942,228,7,221,1869
2025-08-22,Gnosis,347130.73539382924,6919,2671,67,2604,16752
2025-08-22,Holyheld,419895.7380290487,175,85,5,80,2449
2025-08-22,Karta,177709.03,1,1,0,1,1
2025-08-22,KAST,2247438.8594438997,2322,1901,276,1625,53022
2025-08-22,Kolo,36852.94,1,1,0,1,3
2025-08-22,MetaMask,174803.73418648032,2771,1149,55,1094,10383
2025-08-22,Ready,41560.56208300006,350,350,13,337,1173
2025-08-22,RedotPay,10443758.035891863,8685,8536,1061,7475,518382
2025-08-22,SafePal,42816.86440912993,3490,1473,72,1401,14944
2025-08-22,Solayer,82461.17999999996,271,214,9,205,5712
2025-08-22,Tria,1452.71,9,9,2,7,19
2025-08-22,Tuyo,4280.63,1,1,0,1,1
2025-08-23,Avalanche Card,39886.43000000001,307,306,21,285,2735
2025-08-23,Avici,3426.6599999999994,62,61,2,59,628
2025-08-23,BFinance,45214.32,813,328,21,307,6931
2025-08-23,Bitget Wallet,17923.65440128003,2317,948,81,867,4304
2025-08-23,Bitget Wallet,5948.19,1,1,0,1,1
2025-08-23,Cypher,400640.34469384135,559,332,29,303,12128
2025-08-23,EtherFi,429797.7900000004,6572,2254,108,2146,6450
2025-08-23,Exa,45320.53999999987,986,243,9,234,1878
2025-08-23,Gnosis,340319.21365097887,7147,2655,63,2592,16815
2025-08-23,Holyheld,71028.76037380318,111,52,2,50,2451
2025-08-23,Karta,169062.39,1,1,0,1,1
2025-08-23,KAST,1632775.5779315184,2193,1787,283,1504,53305
2025-08-23,Kolo,25721.9,1,1,0,1,3
2025-08-23,MetaMask,211253.9138514218,3020,1198,57,1141,10440
2025-08-23,Ready,34432.178199,334,334,9,325,1182
2025-08-23,RedotPay,8438064.91347647,10349,10270,983,9287,519365
2025-08-23,SafePal,60112.08875037992,3722,1500,87,1413,15031
2025-08-23,Solayer,33174.72000000001,223,183,6,177,5718
2025-08-23,Tria,947.7299999999999,7,7,0,7,19
2025-08-23,Tuyo,10134.35,1,1,0,1,1
2025-08-24,Avalanche Card,53229.82999999997,310,309,20,289,2755
2025-08-24,Avici,4108.92,61,61,2,59,630
2025-08-24,BFinance,31016.72,720,302,20,282,6951
2025-08-24,Bitget Wallet,18972.459074040013,2337,998,83,915,4387
2025-08-24,Bitget Wallet,6418.63,2,1,0,1,1
2025-08-24,Cypher,256080.08619304845,474,302,46,256,12174
2025-08-24,EtherFi,370779.0400000013,6194,2285,118,2167,6568
2025-08-24,Exa,23666.110000000022,867,224,4,220,1882
2025-08-24,Gnosis,278023.0089340007,5660,2326,40,2286,16855
2025-08-24,Holyheld,62221.65267452225,116,42,4,38,2455
2025-08-24,Karta,168230.57,1,1,0,1,1
2025-08-24,KAST,1661830.806790594,1905,1540,257,1283,53562
2025-08-24,Kolo,34001.22,1,1,0,1,3
2025-08-24,MetaMask,118348.14299472717,2461,1071,63,1008,10503
2025-08-24,Ready,38882.997917,346,346,11,335,1193
2025-08-24,RedotPay,9561162.922032135,8849,8733,807,7926,520172
2025-08-24,SafePal,45371.84079695998,3710,1470,78,1392,15109
2025-08-24,Solayer,93560.55000000003,307,242,19,223,5737
2025-08-24,Tria,581.54,9,9,3,6,22
2025-08-24,Tuyo,3950.8,1,1,0,1,1
2025-08-25,Avalanche Card,50115.03,319,318,25,293,2780
2025-08-25,Avici,2807.8099999999986,66,66,7,59,637
2025-08-25,BFinance,30221.5,758,347,21,326,6972
2025-08-25,Bitget Wallet,24217.329114650023,2116,963,94,869,4481
2025-08-25,Bitget Wallet,11916.33,2,1,0,1,1
2025-08-25,Cypher,407143.5049748606,481,290,21,269,12195
2025-08-25,EtherFi,436800.22000000114,6172,2324,125,2199,6693
2025-08-25,Exa,47326.93999999996,868,233,6,227,1888
2025-08-25,Gnosis,383221.86853211164,6021,2479,41,2438,16896
2025-08-25,Holyheld,533899.1584264952,155,76,3,73,2458
2025-08-25,Karta,0.0,0,0,0,0,1
2025-08-25,KAST,1687207.3612294418,2007,1605,235,1370,53797
2025-08-25,Kolo,25582.29,1,1,0,1,3
2025-08-25,MetaMask,145938.97082994485,2485,1137,51,1086,10554
2025-08-25,Ready,38264.64000000002,332,332,13,319,1206
2025-08-25,RedotPay,8148383.397999504,4741,4570,470,4100,520642
2025-08-25,SafePal,53928.46638778988,3375,1496,82,1414,15191
2025-08-25,Solayer,55059.83999999999,356,294,62,232,5799
2025-08-25,Tria,352.90000000000003,7,7,2,5,24
2025-08-25,Tuyo,2452.09,1,1,0,1,1
2025-08-26,Avalanche Card,25007.269999999986,360,359,18,341,2798
2025-08-26,Avici,3868.299999999999,74,74,9,65,646
2025-08-26,BFinance,35777.99,874,332,42,290,7014
2025-08-26,Bitget Wallet,18524.983419809996,2193,1001,87,914,4568
2025-08-26,Bitget Wallet,11944.36,2,1,0,1,1
2025-08-26,Cypher,387458.07567568327,533,302,33,269,12228
2025-08-26,EtherFi,534312.6699999995,6216,2328,116,2212,6809
2025-08-26,Exa,42082.39,766,214,2,212,1890
2025-08-26,Gnosis,365150.0630806185,6199,2499,61,2438,16957
2025-08-26,Holyheld,201137.2935288017,137,60,3,57,2461
2025-08-26,Karta,0.0,0,0,0,0,1
2025-08-26,KAST,1716566.689277349,1923,1553,251,1302,54048
2025-08-26,Kolo,23127.46,1,1,0,1,3
2025-08-26,MetaMask,124195.3092073188,2312,1011,43,968,10597
2025-08-26,Ready,36581.18999999999,295,295,6,289,1212
2025-08-26,RedotPay,11723662.720353294,23563,22540,3045,19495,523687
2025-08-26,SafePal,50230.841001739966,3521,1536,92,1444,15283
2025-08-26,Solayer,114169.20999999999,220,183,10,173,5809
2025-08-26,Tria,1740.2,12,12,2,10,26
2025-08-26,Tuyo,3905.55,1,1,0,1,1
2025-08-27,Avalanche Card,62375.89999999998,302,301,17,284,2815
2025-08-27,Avici,4263.419999999999,64,64,5,59,651
2025-08-27,BFinance,52800.55,974,349,38,311,7052
2025-08-27,Bitget Wallet,17946.08223917001,2099,979,77,902,4645
2025-08-27,Bitget Wallet,4130.67,2,1,0,1,1
2025-08-27,Cypher,324831.31780571654,580,307,33,274,12261
2025-08-27,EtherFi,475846.589999998,6554,2468,123,2345,6932
2025-08-27,Exa,38471.10000000001,774,233,4,229,1894
2025-08-27,Gnosis,372538.69153000886,6290,2573,50,2523,17007
2025-08-27,Holyheld,252736.45030976142,139,61,5,56,2466
2025-08-27,Karta,217059.92,1,1,0,1,1
2025-08-27,KAST,1517319.615368957,2102,1691,267,1424,54315
2025-08-27,Kolo,29141.56,1,1,0,1,3
2025-08-27,MetaMask,173984.1444337527,2667,1123,51,1072,10648
2025-08-27,Ready,37370.34999999997,350,350,10,340,1222
2025-08-27,RedotPay,10604822.534170182,7564,7297,754,6543,524441
2025-08-27,SafePal,69471.16974794987,3415,1476,95,1381,15378
2025-08-27,Solayer,64363.97000000001,291,240,26,214,5835
2025-08-27,Tria,7361.1900000000005,12,12,2,10,28
2025-08-27,Tuyo,2813.75,1,1,0,1,1
2025-08-28,Avalanche Card,0.0,1,1,0,1,2815
2025-08-28,Avici,4339.799999999999,63,62,3,59,654
2025-08-28,BFinance,42588.64,976,382,26,356,7078
2025-08-28,Bitget Wallet,26933.624135939954,2265,1036,89,947,4734
2025-08-28,Bitget Wallet,3317.75,2,1,0,1,1
2025-08-28,Cypher,364030.58827521367,707,342,29,313,12290
2025-08-28,EtherFi,619347.3299999998,6722,2544,139,2405,7071
2025-08-28,Exa,40778.53999999995,786,228,2,226,1896
2025-08-28,Gnosis,360852.36215728003,6379,2544,54,2490,17061
2025-08-28,Holyheld,187972.12040314672,201,80,3,77,2469
2025-08-28,Karta,119113.45,1,1,0,1,1
2025-08-28,KAST,2200167.395817634,2110,1699,263,1436,54578
2025-08-28,Kolo,46971.36,1,1,0,1,3
2025-08-28,MetaMask,192488.58545030947,2674,1129,34,1095,10682
2025-08-28,Ready,43401.22,342,342,10,332,1232
2025-08-28,RedotPay,10384949.942291819,13812,13415,1340,12075,525781
2025-08-28,SafePal,53123.566538590014,3576,1553,92,1461,15470
2025-08-28,Solayer,49179.07000000001,241,202,26,176,5861
2025-08-28,Tria,1397.3599999999997,20,20,6,14,34
2025-08-28,Tuyo,6582.92,1,1,0,1,1
2025-08-29,Avalanche Card,54567.020000000004,315,315,11,304,2826
2025-08-29,Avici,3671.54,64,64,3,61,657
2025-08-29,BFinance,39995.76,935,342,24,318,7102
2025-08-29,Bitget Wallet,17985.42085704008,2346,1052,82,970,4816
2025-08-29,Bitget Wallet,12633.39,2,1,0,1,1
2025-08-29,Cypher,644686.5004277324,740,319,36,283,12326
2025-08-29,EtherFi,523303.18999999977,7209,2606,138,2468,7209
2025-08-29,Exa,42012.02999999996,781,210,7,203,1903
2025-08-29,Gnosis,371474.27512346033,6825,2663,43,2620,17104
2025-08-29,Holyheld,194318.98423069503,169,70,3,67,2472
2025-08-29,Karta,180182.14,1,1,0,1,1
2025-08-29,KAST,3110321.867187904,2075,1706,264,1442,54842
2025-08-29,Kolo,22437.9,1,1,0,1,3
2025-08-29,MetaMask,124202.65920932895,2388,1092,42,1050,10724
2025-08-29,Ready,46718.79000000002,367,367,14,353,1246
2025-08-29,RedotPay,11075315.828952815,15365,14837,2402,12435,528183
2025-08-29,SafePal,43607.199891680015,3580,1515,81,1434,15551
2025-08-29,Solayer,74625.71999999997,281,212,30,182,5891
2025-08-29,Tria,816.85,14,14,2,12,36
2025-08-29,Tuyo,2502.94,1,1,0,1,1
2025-08-30,Avalanche Card,15970.789999999997,140,140,14,126,2840
2025-08-30,Avici,2861.4400000000005,62,62,4,58,661
2025-08-30,BFinance,34040.27,828,296,14,282,7116
2025-08-30,Bitget Wallet,18240.852275519937,2375,1016,79,937,4895
2025-08-30,Bitget Wallet,2870.39,2,1,0,1,1
2025-08-30,Cypher,236397.81875984443,767,340,54,286,12380
2025-08-30,EtherFi,486755.2500000007,7553,2639,133,2506,7342
2025-08-30,Exa,27756.66999999999,578,179,2,177,1905
2025-08-30,Gnosis,347011.2468919303,7171,2646,53,2593,17157
2025-08-30,Holyheld,65083.32019603864,110,56,2,54,2474
2025-08-30,Karta,189425.84,1,1,0,1,1
2025-08-30,KAST,1380248.6372241823,1967,1575,249,1326,55091
2025-08-30,Kolo,41058.07,1,1,0,1,3
2025-08-30,MetaMask,113947.39109528357,2539,1111,46,1065,10770
2025-08-30,Ready,0.0,0,0,0,0,1246
2025-08-30,RedotPay,8742712.966130394,9866,9668,1414,8254,529597
2025-08-30,SafePal,47803.780435059736,3710,1526,98,1428,15649
2025-08-30,Solayer,57476.87000000004,245,209,11,198,5902
2025-08-30,Tria,13151.66,13,13,2,11,38
2025-08-30,Tuyo,2419.77,1,1,0,1,1
2025-08-31,Avalanche Card,211328.12999999995,1193,651,25,626,2865
2025-08-31,Avici,5190.48,64,64,5,59,666
2025-08-31,BFinance,57294.39,812,270,19,251,7135
2025-08-31,Bitget Wallet,21349.519883529945,2397,1042,84,958,4979
2025-08-31,Bitget Wallet,7640.86,2,1,0,1,1
2025-08-31,Cypher,332590.4505033978,755,341,58,283,12438
2025-08-31,EtherFi,521048.7699999999,6759,2490,104,2386,7446
2025-08-31,Exa,23732.09,464,169,3,166,1908
2025-08-31,Gnosis,301280.8910580689,5456,2299,49,2250,17206
2025-08-31,Holyheld,72286.00516579779,131,62,5,57,2479
2025-08-31,Karta,0.0,0,0,0,0,1
2025-08-31,KAST,1903104.1717253341,1950,1565,251,1314,55342
2025-08-31,Kolo,29550.43,1,1,0,1,3
2025-08-31,MetaMask,110951.70932244601,2218,1018,31,987,10801
2025-08-31,Ready,0.0,0,0,0,0,1246
2025-08-31,RedotPay,7017300.337005445,14060,13922,2977,10945,532574
2025-08-31,SafePal,48603.992923829814,3652,1535,93,1442,15742
2025-08-31,Solayer,55375.55999999999,236,204,9,195,5911
2025-08-31,Tria,2717.16,16,16,0,16,38
2025-08-31,Tuyo,9427.25,1,1,0,1,1
2025-09-01,Avalanche Card,77095.34000000004,298,290,11,279,2876
2025-09-01,Avici,7287.27,68,68,2,66,668
2025-09-01,BFinance,60591.2,1101,451,53,398,7188
2025-09-01,Bitget Wallet,21654.686659889925,2228,1029,76,953,5055
2025-09-01,Bitget Wallet,13378.539999999999,2,1,0,1,1
2025-09-01,Cypher,563428.5945793927,779,315,39,276,12477
2025-09-01,EtherFi,786694.3100000012,6963,2587,131,2456,7577
2025-09-01,Exa,43434.860000000044,608,211,7,204,1915
2025-09-01,Gnosis,405464.13141000026,6189,2569,51,2518,17257
2025-09-01,Holyheld,300818.63528927974,160,75,3,72,2482
2025-09-01,Karta,0.0,0,0,0,0,1
2025-09-01,KAST,2184763.679916418,2184,1755,280,1475,55622
2025-09-01,Kolo,26521.01,1,1,0,1,3
2025-09-01,MetaMask,183340.65555327185,2492,1117,55,1062,10856
2025-09-01,Ready,0.0,0,0,0,0,1246
2025-09-01,RedotPay,10117287.95625926,10148,9933,1963,7970,534537
2025-09-01,SafePal,61984.95498807972,3577,1576,108,1468,15850
2025-09-01,Solayer,59382.580000000016,245,206,20,186,5931
2025-09-01,Tria,693.2900000000002,11,11,2,9,40
2025-09-01,Tuyo,9459.53,1,1,0,1,1
2025-09-02,Avalanche Card,28795.11000000001,326,317,15,302,2891
2025-09-02,Avici,4012.799999999999,68,68,2,66,670
2025-09-02,BFinance,46407.81,952,365,39,326,7227
2025-09-02,Bitget Wallet,18839.128692189937,2228,1035,90,945,5145
2025-09-02,Bitget Wallet,9204.1,2,1,0,1,1
2025-09-02,Cypher,391249.37909090775,847,348,64,284,12541
2025-09-02,EtherFi,665997.3400000005,7767,2996,554,2442,8131
2025-09-02,Exa,40765.00000000004,500,206,6,200,1921
2025-09-02,Gnosis,405293.8357422991,6289,2599,61,2538,17318
2025-09-02,Holyheld,447420.2014064872,149,67,3,64,2485
2025-09-02,Karta,0.0,0,0,0,0,1
2025-09-02,KAST,1995234.8094922523,2136,1700,268,1432,55890
2025-09-02,Kolo,25076.29,1,1,0,1,3
2025-09-02,MetaMask,191084.50174108308,2533,1102,54,1048,10910
2025-09-02,Ready,0.0,0,0,0,0,1246
2025-09-02,RedotPay,10741812.94033546,12244,12067,1023,11044,535560
2025-09-02,SafePal,51682.33758564976,3605,1558,92,1466,15942
2025-09-02,Solayer,157244.94999999998,278,224,7,217,5938
2025-09-02,Tria,1707.5800000000002,16,16,3,13,43
2025-09-02,Tuyo,3905.21,1,1,0,1,1
2025-09-03,Avalanche Card,64183.38999999998,531,361,21,340,2912
2025-09-03,Avici,9328.869999999999,70,69,5,64,675
2025-09-03,BFinance,31326.5,1034,360,38,322,7265
2025-09-03,Bitget Wallet,18136.247174479926,2295,1049,63,986,5208
2025-09-03,Bitget Wallet,5960.58,2,1,0,1,1
2025-09-03,Cypher,397729.2917018598,869,333,44,289,12585
2025-09-03,EtherFi,627975.5499999998,8934,3745,1078,2667,9209
2025-09-03,Exa,56403.56999999998,586,199,7,192,1928
2025-09-03,Gnosis,354187.11807249096,6206,2571,66,2505,17384
2025-09-03,Holyheld,254608.448358241,149,71,3,68,2488
2025-09-03,Karta,0.0,0,0,0,0,1
2025-09-03,KAST,2184084.5065000923,2193,1744,297,1447,56187
2025-09-03,Kolo,71095.29,1,1,0,1,3
2025-09-03,MetaMask,176344.4529035033,2703,1156,58,1098,10968
2025-09-03,Phantom Cash,2.0,1,1,1,0,1
2025-09-03,Ready,245024.48040099978,695,695,40,655,1286
2025-09-03,RedotPay,12084091.995522857,9889,9634,1102,8532,536662
2025-09-03,SafePal,54074.391084009505,3453,1540,90,1450,16032
2025-09-03,Solayer,38666.440000000024,221,184,9,175,5947
2025-09-03,Tria,2513.61,31,22,5,17,48
2025-09-03,Tuyo,9874.15,1,1,0,1,1
2025-09-04,Avalanche Card,70673.14000000001,307,297,20,277,2932
2025-09-04,Avici,8138.409999999999,62,62,1,61,676
2025-09-04,BFinance,41460.46,1207,398,69,329,7334
2025-09-04,Bitget Wallet,18768.644827529966,2435,1093,98,995,5306
2025-09-04,Bitget Wallet,5885.42,2,1,0,1,1
2025-09-04,Cypher,307111.6076970453,819,344,47,297,12632
2025-09-04,EtherFi,897052.5399999912,10608,4595,1620,2975,10829
2025-09-04,Exa,45386.56999999998,526,192,5,187,1933
2025-09-04,Gnosis,380220.04287029844,6481,2606,58,2548,17442
2025-09-04,Holyheld,221154.93879434105,175,78,5,73,2493
2025-09-04,Karta,249559.7,1,1,0,1,1
2025-09-04,KAST,2116871.5047412035,2076,1662,272,1390,56459
2025-09-04,Kolo,35338.62,1,1,0,1,3
2025-09-04,MetaMask,140828.92365717443,2649,1187,46,1141,11014
2025-09-04,Phantom Cash,0.0,0,0,0,0,1
2025-09-04,Ready,53499.91505600001,354,354,11,343,1297
2025-09-04,RedotPay,10623283.773831869,14835,14524,1057,13467,537719
2025-09-04,SafePal,49671.17089523967,3685,1586,95,1491,16127
2025-09-04,Solayer,63603.91000000001,262,217,10,207,5957
2025-09-04,Tria,3329.06,18,18,3,15,51
2025-09-04,Tuyo,3056.24,1,1,0,1,1
2025-09-05,Avalanche Card,84367.4,306,297,15,282,2947
2025-09-05,Avici,6294.5199999999995,72,72,4,68,680
2025-09-05,BFinance,39890.11,1406,449,102,347,7436
2025-09-05,Bitget Wallet,17957.01202680997,2434,1085,62,1023,5368
2025-09-05,Bitget Wallet,5318.42,1,1,0,1,1
2025-09-05,Cypher,415620.85842336196,746,359,47,312,12679
2025-09-05,EtherFi,758916.7699999956,11613,4812,1645,3167,12474
2025-09-05,Exa,33727.439999999966,548,206,9,197,1942
2025-09-05,Gnosis,366419.46440507914,6644,2600,42,2558,17484
2025-09-05,Holyheld,608610.8882187338,174,87,1,86,2494
2025-09-05,Karta,166242.7,1,1,0,1,1
2025-09-05,KAST,2289883.0074700136,2419,1884,293,1591,56752
2025-09-05,Kolo,24577.0,1,1,0,1,3
2025-09-05,MetaMask,149488.2375922292,2860,1152,44,1108,11058
2025-09-05,Phantom Cash,0.0,0,0,0,0,1
2025-09-05,Ready,176699.6975200001,540,540,23,517,1320
2025-09-05,RedotPay,8926328.478930362,8420,8285,917,7368,538636
2025-09-05,SafePal,63204.99398250963,3749,1606,95,1511,16222
2025-09-05,Solayer,52734.14999999999,273,231,13,218,5970
2025-09-05,Tria,4594.49,21,21,5,16,56
2025-09-05,Tuyo,3829.87,1,1,0,1,1
2025-09-06,Avalanche Card,39070.81000000001,342,329,19,310,2966
2025-09-06,Avici,7241.969999999999,72,72,8,64,688
2025-09-06,BFinance,36023.48,1134,373,62,311,7498
2025-09-06,Bitget Wallet,19241.841766799964,2676,1115,52,1063,5420
2025-09-06,Bitget Wallet,4004.1499999999996,3,1,0,1,1
2025-09-06,Cypher,318042.9786149436,577,314,47,267,12726
2025-09-06,EtherFi,674696.9900000005,11796,4757,1378,3379,13852
2025-09-06,Exa,29907.679999999968,509,187,1,186,1943
2025-09-06,Gnosis,335944.6340380196,7224,2633,41,2592,17525
2025-09-06,Holyheld,214047.50697138466,124,59,2,57,2496
2025-09-06,Karta,195395.65,1,1,0,1,1
2025-09-06,KAST,1631757.609005436,2171,1701,267,1434,57019
2025-09-06,Kolo,32009.95,1,1,0,1,3
2025-09-06,MetaMask,153606.39547826143,2795,1167,45,1122,11103
2025-09-06,Phantom Cash,0.0,0,0,0,0,1
2025-09-06,Ready,109824.46000000002,545,545,31,514,1351
2025-09-06,RedotPay,8832821.694176447,9299,9172,474,8698,539110
2025-09-06,SafePal,57446.69196329988,3817,1556,95,1461,16317
2025-09-06,Solayer,63347.40000000002,239,202,8,194,5978
2025-09-06,Tria,2109.2599999999993,23,22,4,18,60
2025-09-06,Tuyo,16934.25,1,1,0,1,1
2025-09-07,Avalanche Card,27601.399999999976,331,319,20,299,2986
2025-09-07,Avici,5540.56,73,73,3,70,691
2025-09-07,BFinance,39609.3,1154,349,29,320,7527
2025-09-07,Bitget Wallet,23363.48871636002,2644,1096,61,1035,5481
2025-09-07,Bitget Wallet,3083.06,2,1,0,1,1
2025-09-07,Cypher,387683.34122648725,619,312,70,242,12796
2025-09-07,EtherFi,710408.8500000022,11225,4821,1498,3323,15350
2025-09-07,Exa,35276.82000000003,543,186,5,181,1948
2025-09-07,Gnosis,291494.63725050044,5718,2268,21,2247,17546
2025-09-07,Holyheld,54732.32895416667,110,57,3,54,2499
2025-09-07,Karta,0.0,0,0,0,0,1
2025-09-07,KAST,1318357.2793215467,1981,1494,236,1258,57255
2025-09-07,Kolo,29447.82,1,1,0,1,3
2025-09-07,MetaMask,126368.43603970527,2418,1068,44,1024,11147
2025-09-07,Phantom Cash,0.0,0,0,0,0,1
2025-09-07,Ready,41673.459999999985,400,400,23,377,1374
2025-09-07,RedotPay,8726641.644956924,16677,16536,3013,13523,542123
2025-09-07,SafePal,53211.04196705989,3782,1533,94,1439,16411
2025-09-07,Solayer,42294.36,228,189,4,185,5982
2025-09-07,Tria,3617.1999999999994,24,23,3,20,63
2025-09-07,Tuyo,1809.31,1,1,0,1,1
2025-09-08,Avalanche Card,45376.51000000004,313,304,6,298,2992
2025-09-08,Avici,13074.069999999998,73,73,4,69,695
2025-09-08,BFinance,36177.87,994,377,34,343,7561
2025-09-08,Bitget Wallet,27078.930140969955,2455,1084,65,1019,5546
2025-09-08,Bitget Wallet,3163.3,2,1,0,1,1
2025-09-08,Cypher,352955.682895433,817,378,78,300,12874
2025-09-08,EtherFi,698141.2100000057,10779,5020,1614,3406,16964
2025-09-08,Exa,45775.64000000006,563,186,3,183,1951
2025-09-08,Gnosis,375664.1562138401,6156,2525,37,2488,17583
2025-09-08,Holyheld,384561.7722280527,180,86,3,83,2502
2025-09-08,Karta,0.0,0,0,0,0,1
2025-09-08,KAST,2001234.9388813917,2304,1820,316,1504,57571
2025-09-08,Kolo,40128.06,1,1,0,1,3
2025-09-08,MetaMask,158374.73106742068,2567,1118,54,1064,11201
2025-09-08,Phantom Cash,0.0,0,0,0,0,1
2025-09-08,Ready,69633.25999999997,443,443,17,426,1391
2025-09-08,RedotPay,8945704.295117838,8528,8273,1094,7179,543217
2025-09-08,SafePal,57234.139861509844,3570,1522,86,1436,16497
2025-09-08,Solayer,64574.80999999999,263,215,7,208,5989
2025-09-08,Tria,718.8700000000001,12,12,1,11,64
2025-09-08,Tuyo,17599.3,1,1,0,1,1
2025-09-09,Avalanche Card,36829.270000000004,330,316,15,301,3007
2025-09-09,Avici,5854.13,67,67,4,63,699
2025-09-09,BFinance,39654.07,974,385,36,349,7597
2025-09-09,Bitget Wallet,19195.030632759943,2397,1078,57,1021,5603
2025-09-09,Bitget Wallet,15047.18,2,1,0,1,1
2025-09-09,Cypher,535440.1430176735,746,351,48,303,12922
2025-09-09,EtherFi,709534.4899999929,12490,5591,2099,3492,19063
2025-09-09,Exa,41543.54000000003,505,173,3,170,1954
2025-09-09,Gnosis,360917.17821179994,6024,2486,62,2424,17645
2025-09-09,Holyheld,737243.6361379368,166,72,3,69,2505
2025-09-09,Karta,139257.8,1,1,0,1,1
2025-09-09,KAST,1956300.624336973,2372,1846,302,1544,57873
2025-09-09,Kolo,29950.75,1,1,0,1,3
2025-09-09,MetaMask,154935.35819261515,2556,1142,45,1097,11246
2025-09-09,Phantom Cash,0.0,0,0,0,0,1
2025-09-09,Ready,43407.59494399998,434,433,13,420,1404
2025-09-09,RedotPay,9586727.0792403,17717,17236,2681,14555,545898
2025-09-09,SafePal,42421.44943382984,3491,1527,91,1436,16588
2025-09-09,Solayer,41350.35,277,230,9,221,5998
2025-09-09,Tria,3066.06,27,27,4,23,68
2025-09-09,Tuyo,4844.01,1,1,0,1,1
2025-09-10,Avalanche Card,101123.00999999998,340,333,12,321,3019
2025-09-10,Avici,7529.449999999999,74,74,2,72,701
2025-09-10,BFinance,39361.93,1005,362,31,331,7628
2025-09-10,Bitget Wallet,19600.200924099972,2512,1121,76,1045,5679
2025-09-10,Bitget Wallet,2517.6499999999996,2,1,0,1,1
2025-09-10,Cypher,256580.1525001833,673,368,83,285,13005
2025-09-10,EtherFi,777092.3099999933,13230,5859,2092,3767,21155
2025-09-10,Exa,61553.910000000054,563,195,8,187,1962
2025-09-10,Gnosis,355928.5140545309,6274,2581,69,2512,17714
2025-09-10,Holyheld,410149.4044359886,181,72,2,70,2507
2025-09-10,Karta,0.0,0,0,0,0,1
2025-09-10,KAST,2378325.7826165943,2347,1825,292,1533,58165
2025-09-10,Kolo,44086.65,1,1,0,1,3
2025-09-10,MetaMask,138255.25239666094,1872,911,39,872,11285
2025-09-10,Phantom Cash,0.0,0,0,0,0,1
2025-09-10,Ready,116979.38,508,508,26,482,1430
2025-09-10,RedotPay,11855357.205449063,9562,9334,327,9007,546225
2025-09-10,SafePal,62108.61836809962,3510,1551,79,1472,16667
2025-09-10,Solayer,57796.04999999996,289,231,12,219,6010
2025-09-10,Tria,4773.349999999999,23,23,3,20,71
2025-09-10,Tuyo,3111.67,1,1,0,1,1
2025-09-11,Avalanche Card,97657.77000000005,312,304,9,295,3028
2025-09-11,Avici,6036.32,69,69,3,66,704
2025-09-11,BFinance,54090.53,1113,430,54,376,7682
2025-09-11,Bitget Wallet,23986.477332219965,2626,1143,69,1074,5748
2025-09-11,Bitget Wallet,5012.27,2,1,0,1,1
2025-09-11,Cypher,327078.57873710623,833,398,55,343,13060
2025-09-11,EtherFi,981594.0799999865,13752,5855,1972,3883,23127
2025-09-11,Exa,41896.46000000004,540,173,1,172,1963
2025-09-11,Gnosis,344310.04504074005,6579,2655,75,2580,17789
2025-09-11,Holyheld,355848.16925132304,176,77,4,73,2511
2025-09-11,Karta,87910.19,1,1,0,1,1
2025-09-11,KAST,2614081.3236991917,2408,1841,258,1583,58423
2025-09-11,Kolo,26497.57,1,1,1,0,4
2025-09-11,MetaMask,106354.11299819348,1748,883,48,835,11333
2025-09-11,Phantom Cash,0.0,0,0,0,0,1
2025-09-11,Ready,52047.04999999999,377,377,14,363,1444
2025-09-11,RedotPay,9831951.654769888,11732,11154,1053,10101,547278
2025-09-11,SafePal,48413.161364239786,3627,1637,109,1528,16776
2025-09-11,Solayer,63736.64,287,247,19,228,6029
2025-09-11,Tria,2700.97,26,25,6,19,77
2025-09-11,Tuyo,13422.95,1,1,0,1,1
2025-09-12,Avalanche Card,42114.19,295,286,10,276,3038
2025-09-12,Avici,6333.699999999996,57,57,0,57,704
2025-09-12,BFinance,54865.26,1666,493,98,395,7780
2025-09-12,Bitget Wallet,27320.636944509977,2630,1129,61,1068,5809
2025-09-12,Bitget Wallet,25.05,10,0,1,0,1
2025-09-12,Bitget Wallet,3813.76,2,1,0,1,1
2025-09-12,Cypher,588475.9281279997,732,360,42,318,13102
2025-09-12,EtherFi,965036.0099999948,13166,5374,1396,3978,24523
2025-09-12,Exa,28438.53999999998,495,163,3,160,1966
2025-09-12,Gnosis,406984.75358424766,7022,2739,82,2657,17871
2025-09-12,Holyheld,251087.88287503525,195,79,1,78,2512
2025-09-12,Karta,140727.51,1,1,0,1,1
2025-09-12,KAST,2750536.8426395454,2668,2103,387,1716,58810
2025-09-12,Kolo,41067.29,1,1,0,1,4
2025-09-12,MetaMask,186906.66333876853,2557,1136,66,1070,11399
2025-09-12,Phantom Cash,0.0,0,0,0,0,1
2025-09-12,Ready,58915.808169,457,456,21,435,1465
2025-09-12,RedotPay,8584469.947662106,10539,10229,460,9769,547738
2025-09-12,SafePal,64151.29641733998,3973,1645,96,1549,16872
2025-09-12,Solayer,85882.36999999998,291,234,11,223,6040
2025-09-12,Tria,3700.66,33,33,6,27,83
2025-09-12,Tuyo,11575.29,1,1,0,1,1
2025-09-13,Avalanche Card,62225.59999999998,330,325,14,311,3052
2025-09-13,Avici,5885.7599999999975,68,68,2,66,706
2025-09-13,BFinance,49701.82,1437,435,62,373,7842
2025-09-13,Bitget Wallet,23922.03211438001,2841,1204,85,1119,5894
2025-09-13,Bitget Wallet,0.04,2,0,0,0,1
2025-09-13,Bitget Wallet,10274.89,2,1,0,1,1
2025-09-13,Cypher,363764.7220942242,672,362,45,317,13147
2025-09-13,EtherFi,771261.4999999992,12257,4583,597,3986,25120
2025-09-13,Exa,35464.79000000004,452,170,3,167,1969
2025-09-13,Gnosis,354582.5488200722,7990,2857,90,2767,17961
2025-09-13,Holyheld,86542.58084518476,161,62,2,60,2514
2025-09-13,Karta,143609.06,1,1,0,1,1
2025-09-13,KAST,2178642.2872313727,2412,1893,314,1579,59124
2025-09-13,Kolo,40116.34,1,1,0,1,4
2025-09-13,MetaMask,153422.48382704338,2722,1156,47,1109,11446
2025-09-13,Phantom Cash,0.0,0,0,0,0,1
2025-09-13,Ready,68256.291347,501,501,24,477,1489
2025-09-13,RedotPay,10111901.688600793,7460,7275,277,6998,548015
2025-09-13,SafePal,57666.913515399654,4044,1711,118,1593,16990
2025-09-13,Solayer,66867.85,272,233,26,207,6066
2025-09-13,Tria,4132.8099999999995,32,32,6,26,89
2025-09-13,Tuyo,4958.2,1,1,0,1,1
2025-09-14,Avalanche Card,33173.69999999999,323,314,10,304,3062
2025-09-14,Avici,5847.4000000000015,64,64,3,61,709
2025-09-14,BFinance,29972.67,1185,441,70,371,7912
2025-09-14,Bitget Wallet,26962.637386990034,2910,1187,75,1112,5969
2025-09-14,Bitget Wallet,0.0,0,0,0,0,1
2025-09-14,Bitget Wallet,5989.26,2,1,0,1,1
2025-09-14,Cypher,469535.70146136073,626,318,48,270,13195
2025-09-14,EtherFi,666052.4700000004,10011,3961,226,3735,25346
2025-09-14,Exa,27580.27999999999,494,175,3,172,1972
2025-09-14,Gnosis,315728.9937419988,6033,2424,53,2371,18014
2025-09-14,Holyheld,57912.91684697894,100,41,6,35,2520
2025-09-14,Karta,180366.75,1,1,0,1,1
2025-09-14,KAST,1711555.279299803,2175,1694,276,1418,59400
2025-09-14,Kolo,24809.53,1,1,0,1,4
2025-09-14,MetaMask,101588.2651701747,2245,1006,34,972,11480
2025-09-14,Phantom Cash,0.0,0,0,0,0,1
2025-09-14,Ready,50731.65000000004,440,440,15,425,1504
2025-09-14,RedotPay,7876041.6899530385,9845,9606,585,9021,548600
2025-09-14,SafePal,49487.526148719815,4065,1673,116,1557,17106
2025-09-14,Solayer,49217.950000000004,257,216,10,206,6076
2025-09-14,Tria,6562.53,37,37,7,30,96
2025-09-14,Tuyo,9946.84,1,1,0,1,1
2025-09-15,Avalanche Card,38830.09000000001,302,293,18,275,3080
2025-09-15,Avici,8781.589999999998,75,75,6,69,715
2025-09-15,BFinance,45830.73,1514,536,103,433,8015
2025-09-15,Bitget Wallet,19624.870999710027,2588,1154,60,1094,6029
2025-09-15,Bitget Wallet,1.3668,14,0,0,0,1
2025-09-15,Bitget Wallet,12522.630000000001,2,1,0,1,1
2025-09-15,Cypher,488216.0619721975,621,360,48,312,13243
2025-09-15,EtherFi,748831.7899999957,9669,3806,207,3599,25553
2025-09-15,Exa,46643.83999999999,470,169,3,166,1975
2025-09-15,Gnosis,414104.6354555996,6352,2637,75,2562,18089
2025-09-15,Holyheld,355632.56944735633,152,70,3,67,2523
2025-09-15,Karta,0.0,0,0,0,0,1
2025-09-15,KAST,3097328.031472234,2378,1821,297,1524,59697
2025-09-15,Kolo,27809.82,1,1,0,1,4
2025-09-15,MetaMask,151951.48173331664,2566,1136,47,1089,11527
2025-09-15,Phantom Cash,0.0,0,0,0,0,1
2025-09-15,Ready,47993.04999999999,446,446,8,438,1512
2025-09-15,RedotPay,8982389.81368603,10305,10105,712,9393,549312
2025-09-15,SafePal,62529.88047448955,3891,1657,111,1546,17217
2025-09-15,Solayer,52753.750000000015,284,237,17,220,6093
2025-09-15,Tria,4687.56,30,30,6,24,102
2025-09-15,Tuyo,5510.98,1,1,0,1,1
2025-09-16,Avalanche Card,38255.63999999995,357,346,12,334,3092
2025-09-16,Avici,6468.950000000001,75,75,5,70,720
2025-09-16,BFinance,50802.1,1524,550,94,456,8109
2025-09-16,Bitget Wallet,23160.03876328994,2610,1134,59,1075,6088
2025-09-16,Bitget Wallet,0.01,1,0,0,0,1
2025-09-16,Bitget Wallet,13777.349999999999,2,1,0,1,1
2025-09-16,Cypher,330255.20557045646,626,346,47,299,13290
2025-09-16,EtherFi,735780.2200000018,9981,3884,237,3647,25790
2025-09-16,Exa,34200.26,467,179,2,177,1977
2025-09-16,Gnosis,407914.0688809785,6345,2630,104,2526,18193
2025-09-16,Holyheld,163540.39751762143,148,69,1,68,2524
2025-09-16,Karta,0.0,0,0,0,0,1
2025-09-16,KAST,2004454.1002059514,2350,1806,322,1484,60019
2025-09-16,Kolo,55840.79,1,1,0,1,4
2025-09-16,MetaMask,137352.39879621548,2531,1083,56,1027,11583
2025-09-16,Phantom Cash,0.0,0,0,0,0,1
2025-09-16,Ready,49739.789999999986,458,458,18,440,1530
2025-09-16,RedotPay,9374777.09862309,8900,8756,348,8408,549660
2025-09-16,SafePal,69530.04594256982,3919,1672,104,1568,17321
2025-09-16,Solayer,54229.53000000001,282,240,16,224,6109
2025-09-16,Tria,7719.349999999999,58,57,19,38,121
2025-09-16,Tuyo,8323.59,1,1,0,1,1
2025-09-17,Avalanche Card,62509.19000000001,348,337,18,319,3110
2025-09-17,Avici,6842.110000000001,71,71,5,66,725
2025-09-17,BFinance,42770.63,1601,577,95,482,8204
2025-09-17,Bitget Wallet,23436.28147640991,2527,1133,48,1085,6136
2025-09-17,Bitget Wallet,0.03,3,0,0,0,1
2025-09-17,Bitget Wallet,4127.12,2,1,0,1,1
2025-09-17,Cypher,386494.9152085887,573,311,44,267,13334
2025-09-17,EtherFi,925299.0300000091,10043,3891,194,3697,25984
2025-09-17,Exa,30696.889999999967,406,167,6,161,1983
2025-09-17,Gnosis,390343.34781683335,6337,2718,103,2615,18296
2025-09-17,Holyheld,88874.9349074913,132,67,8,59,2532
2025-09-17,Karta,157615.67,1,1,0,1,1
2025-09-17,KAST,2093250.513743635,2423,1870,304,1566,60323
2025-09-17,Kolo,59288.62,1,1,0,1,4
2025-09-17,MetaMask,158684.23191012692,2435,1120,41,1079,11624
2025-09-17,Phantom Cash,0.0,0,0,0,0,1
2025-09-17,Ready,62602.89999999994,448,448,26,422,1556
2025-09-17,RedotPay,9463912.768801184,8692,8273,251,8022,549911
2025-09-17,SafePal,72138.26111685016,3950,1611,106,1505,17427
2025-09-17,Solayer,66599.87,260,215,20,195,6129
2025-09-17,Tria,6847.09,55,55,13,42,134
2025-09-17,Tuyo,3004.37,1,1,0,1,1
2025-09-18,Avalanche Card,72966.29000000004,342,333,14,319,3124
2025-09-18,Avici,9850.979999999994,79,79,10,69,735
2025-09-18,BFinance,50839.71,1475,549,102,447,8306
2025-09-18,Bitget Wallet,21942.957428079837,2556,1130,67,1063,6203
2025-09-18,Bitget Wallet,0.0,0,0,0,0,1
2025-09-18,Bitget Wallet,5082.469999999999,2,1,0,1,1
2025-09-18,Cypher,316588.49122773635,642,362,46,316,13380
2025-09-18,EtherFi,789575.0699999973,10174,3878,194,3684,26178
2025-09-18,Exa,33662.420000000006,475,172,4,168,1987
2025-09-18,Gnosis,384160.8594402008,6842,2724,93,2631,18389
2025-09-18,Holyheld,841340.8506773333,169,78,3,75,2535
2025-09-18,Karta,224427.1,1,1,0,1,1
2025-09-18,KAST,2160365.0123316376,2659,2070,363,1707,60686
2025-09-18,Kolo,28014.07,1,1,0,1,4
2025-09-18,MetaMask,154685.29032292258,2711,1165,45,1120,11669
2025-09-18,Phantom Cash,0.0,0,0,0,0,1
2025-09-18,Ready,49425.75305500001,461,460,44,416,1600
2025-09-18,RedotPay,12848830.38774481,10661,10422,1248,9174,551159
2025-09-18,SafePal,83556.51855703973,4346,1711,100,1611,17527
2025-09-18,Solayer,84708.02999999998,266,234,31,203,6160
2025-09-18,Tria,3845.8399999999997,48,46,10,36,144
2025-09-18,Tuyo,9973.49,1,1,0,1,1
2025-09-19,Avalanche Card,74663.18,331,323,13,310,3137
2025-09-19,Avici,10426.479999999998,70,70,3,67,738
2025-09-19,BFinance,75415.84,1581,549,102,447,8408
2025-09-19,Bitget Wallet,27100.40887957986,2669,1171,59,1112,6262
2025-09-19,Bitget Wallet,0.0,0,0,0,0,1
2025-09-19,Bitget Wallet,8334.36,2,1,0,1,1
2025-09-19,Cypher,268321.16904893774,623,357,42,315,13422
2025-09-19,EtherFi,898695.2400000006,10506,4093,179,3914,26357
2025-09-19,Exa,36481.13999999995,460,166,5,161,1992
2025-09-19,Gnosis,443188.98319882934,7717,2922,99,2823,18488
2025-09-19,Holyheld,218335.41022786847,169,78,5,73,2540
2025-09-19,Karta,213327.84,1,1,0,1,1
2025-09-19,KAST,2304170.8973025316,2547,2024,328,1696,61014
2025-09-19,Kolo,52602.37,1,1,0,1,4
2025-09-19,MetaMask,225358.31665166892,3182,1297,82,1215,11751
2025-09-19,Phantom Cash,0.0,0,0,0,0,1
2025-09-19,Ready,78580.88115000007,519,519,59,460,1659
2025-09-19,RedotPay,9699290.62644156,18064,17566,996,16570,552155
2025-09-19,SafePal,64524.49466357991,3830,1661,82,1579,17609
2025-09-19,Solayer,71140.49999999999,327,269,64,205,6224
2025-09-19,Tria,6394.03,60,60,13,47,157
2025-09-19,Tuyo,10467.83,1,1,0,1,1
2025-09-20,Avalanche Card,43268.10000000001,347,337,18,319,3155
2025-09-20,Avici,11802.59,81,81,9,72,747
2025-09-20,BFinance,54365.17,1440,492,69,423,8477
2025-09-20,Bitget Wallet,25316.5437586499,2803,1185,59,1126,6321
2025-09-20,Bitget Wallet,0.16000000000000003,7,0,0,0,1
2025-09-20,Bitget Wallet,11673.21,2,1,0,1,1
2025-09-20,Cypher,364334.08424290124,629,356,38,318,13460
2025-09-20,EtherFi,654628.0699999998,11115,4091,190,3901,26547
2025-09-20,Exa,29089.180000000004,483,167,4,163,1996
2025-09-20,Gnosis,402952.3418605605,7978,2888,117,2771,18605
2025-09-20,Holyheld,54919.05651821387,127,58,2,56,2542
2025-09-20,Karta,210124.39,1,1,0,1,1
2025-09-20,KAST,2197675.185014373,2515,1978,328,1650,61342
2025-09-20,Kolo,34499.36,1,1,0,1,4
2025-09-20,MetaMask,196103.3881377972,3319,1325,67,1258,11818
2025-09-20,Phantom Cash,0.0,0,0,0,0,1
2025-09-20,Ready,80029.22369200007,517,517,47,470,1706
2025-09-20,RedotPay,8727192.776183628,7293,7080,555,6525,552710
2025-09-20,SafePal,64490.709274529676,4242,1702,90,1612,17699
2025-09-20,Solayer,58933.54999999998,292,247,10,237,6234
2025-09-20,Tria,4845.64,50,50,4,46,161
2025-09-20,Tuyo,4225.39,1,1,0,1,1
2025-09-21,Avalanche Card,62949.28000000001,329,321,11,310,3166
2025-09-21,Avici,9284.769999999999,68,68,4,64,751
2025-09-21,BFinance,41598.49,1362,515,87,428,8564
2025-09-21,Bitget Wallet,25645.19769279995,2939,1212,80,1132,6401
2025-09-21,Bitget Wallet,0.0,0,0,0,0,1
2025-09-21,Bitget Wallet,3755.2200000000003,2,1,0,1,1
2025-09-21,Cypher,399940.58499182755,567,305,33,272,13493
2025-09-21,EtherFi,696874.4700000026,10170,3899,173,3726,26720
2025-09-21,Exa,23598.480000000003,420,148,5,143,2001
2025-09-21,Gnosis,287984.06455000053,5913,2445,75,2370,18680
2025-09-21,Holyheld,51669.866329110984,87,43,3,40,2545
2025-09-21,Karta,228448.8,1,1,0,1,1
2025-09-21,KAST,1784415.6582437754,2204,1712,298,1414,61640
2025-09-21,Kolo,48398.29,1,1,0,1,4
2025-09-21,MetaMask,167061.74844923223,2608,1175,67,1108,11885
2025-09-21,Phantom Cash,0.0,0,0,0,0,1
2025-09-21,Ready,68499.03000000003,534,534,35,499,1741
2025-09-21,RedotPay,9855395.823105915,10109,9650,509,9141,553219
2025-09-21,SafePal,59782.66224945969,4092,1640,106,1534,17805
2025-09-21,Solayer,80063.98000000003,259,216,15,201,6249
2025-09-21,Tria,4546.9400000000005,63,63,11,52,172
2025-09-21,Tuyo,6245.76,1,1,0,1,1
2025-09-22,Avalanche Card,34385.110000000015,362,352,15,337,3181
2025-09-22,Avici,7053.8,72,72,5,67,756
2025-09-22,BFinance,45793.59,1784,594,109,485,8673
2025-09-22,Bitget Wallet,25433.84377687992,2714,1166,68,1098,6469
2025-09-22,Bitget Wallet,100.02,4,0,0,0,1
2025-09-22,Bitget Wallet,4087.72,2,1,0,1,1
2025-09-22,Cypher,423940.4404053164,516,330,24,306,13517
2025-09-22,EtherFi,772221.3100000039,9991,3769,167,3602,26887
2025-09-22,Exa,19058.02000000001,369,141,7,134,2008
2025-09-22,Gnosis,344092.23058256006,6196,2614,70,2544,18750
2025-09-22,Holyheld,296098.838552595,135,71,0,71,2545
2025-09-22,Karta,0.0,0,0,0,0,1
2025-09-22,KAST,2788993.097307046,2363,1840,346,1494,61986
2025-09-22,Kolo,28231.54,1,1,0,1,4
2025-09-22,MetaMask,191416.05489287927,2848,1208,42,1166,11927
2025-09-22,Phantom Cash,0.0,0,0,0,0,1
2025-09-22,Ready,111577.26694500002,591,591,30,561,1771
2025-09-22,RedotPay,11381949.789741598,11657,11388,5053,6335,558272
2025-09-22,SafePal,67427.27775511934,3970,1651,100,1551,17905
2025-09-22,Solayer,43819.59640000001,291,236,21,215,6270
2025-09-22,Tria,14182.690000000002,38,38,4,34,176
2025-09-22,Tuyo,3128.18,1,1,0,1,1
2025-09-23,Avalanche Card,32302.48,324,318,10,308,3191
2025-09-23,Avici,6558.740000000001,83,83,5,78,761
2025-09-23,BFinance,65460.06,1653,560,101,459,8774
2025-09-23,Bitget Wallet,21447.674103399946,2580,1130,68,1062,6537
2025-09-23,Bitget Wallet,478.56,1,0,0,0,1
2025-09-23,Bitget Wallet,10231.36,2,1,0,1,1
2025-09-23,Cypher,323254.1592788822,583,362,45,317,13562
2025-09-23,EtherFi,709125.3700000027,10016,3863,139,3724,27026
2025-09-23,Exa,25192.10999999999,405,161,4,157,2012
2025-09-23,Gnosis,349809.1376145188,6465,2662,94,2568,18844
2025-09-23,Holyheld,377058.6170579404,133,63,3,60,2548
2025-09-23,Karta,173265.41,1,1,0,1,1
2025-09-23,KAST,2129873.0463295532,2411,1896,379,1517,62365
2025-09-23,Kolo,58818.4,1,1,0,1,4
2025-09-23,MetaMask,174410.0038428531,2741,1245,65,1180,11992
2025-09-23,Phantom Cash,0.0,0,0,0,0,1
2025-09-23,Ready,94278.82000000017,638,638,41,597,1812
2025-09-23,RedotPay,14486063.747390952,19592,19109,5954,13155,564226
2025-09-23,SafePal,63375.77803555952,4087,1672,95,1577,18000
2025-09-23,Solayer,87142.52823299998,313,258,23,235,6293
2025-09-23,Tria,13235.360000000004,91,91,21,70,197
2025-09-23,Tuyo,5091.59,1,1,0,1,1
2025-09-24,Avalanche Card,91603.33999999995,379,371,15,356,3206
2025-09-24,Avici,13802.619999999994,75,75,6,69,767
2025-09-24,BFinance,69243.58,1751,600,89,511,8863
2025-09-24,Bitget Wallet,21337.816181349874,2484,1107,74,1033,6611
2025-09-24,Bitget Wallet,0.02,2,0,0,0,1
2025-09-24,Bitget Wallet,6974.34,2,1,0,1,1
2025-09-24,Cypher,335017.40561995486,527,322,21,301,13583
2025-09-24,EtherFi,705091.8700000014,10337,3872,202,3670,27228
2025-09-24,Exa,23311.91,428,172,5,167,2017
2025-09-24,Gnosis,360446.0267262801,6412,2685,92,2593,18936
2025-09-24,Holyheld,329676.41227047023,139,73,5,68,2553
2025-09-24,Karta,196813.51,1,1,0,1,1
2025-09-24,KAST,2547036.482752684,2511,1979,381,1598,62746
2025-09-24,Kolo,55691.14,1,1,0,1,4
2025-09-24,MetaMask,169864.2858861956,2895,1294,63,1231,12055
2025-09-24,Phantom Cash,0.0,0,0,0,0,1
2025-09-24,Ready,69582.58000000005,549,549,29,520,1841
2025-09-24,RedotPay,9158034.578646205,14851,14339,1604,12735,565830
2025-09-24,SafePal,70618.33942421972,4097,1629,93,1536,18093
2025-09-24,Solayer,80648.97,317,261,15,246,6308
2025-09-24,Tria,8163.989999999998,71,68,11,57,208
2025-09-24,Tuyo,9681.22,1,1,0,1,1
2025-09-25,Avalanche Card,64155.32999999993,346,336,11,325,3217
2025-09-25,Avici,7239.869999999998,69,69,7,62,774
2025-09-25,BFinance,67446.46,1987,677,96,581,8959
2025-09-25,Bitget Wallet,21626.324177620038,2592,1142,41,1101,6652
2025-09-25,Bitget Wallet,0.01,1,0,0,0,1
2025-09-25,Bitget Wallet,4154.17,2,1,0,1,1
2025-09-25,Cypher,563819.3380091605,553,346,47,299,13630
2025-09-25,EtherFi,917940.240000001,10466,3969,230,3739,27458
2025-09-25,Exa,26441.59000000001,477,175,2,173,2019
2025-09-25,Gnosis,448487.6298764199,6751,2764,85,2679,19021
2025-09-25,Holyheld,136052.06792669804,119,54,2,52,2555
2025-09-25,Karta,172472.45,1,1,0,1,1
2025-09-25,KAST,2530977.906884275,2493,1900,312,1588,63058
2025-09-25,Kolo,68872.75,1,1,0,1,4
2025-09-25,MetaMask,195539.05029609698,2875,1248,64,1184,12119
2025-09-25,Phantom Cash,0.0,0,0,0,0,1
2025-09-25,Ready,60964.270000000004,523,523,22,501,1863
2025-09-25,RedotPay,9285511.750475489,10064,9676,1254,8422,567084
2025-09-25,SafePal,62001.15684858966,4042,1651,93,1558,18186
2025-09-25,Solayer,67333.76,252,220,13,207,6321
2025-09-25,Tria,6343.369999999998,69,69,10,59,218
2025-09-25,Tuyo,6860.54,1,1,0,1,1
2025-09-26,Avalanche Card,39581.45,370,360,10,350,3227
2025-09-26,Avici,7688.910000000001,62,62,2,60,776
2025-09-26,BFinance,62586.78,1937,584,91,493,9050
2025-09-26,Bitget Wallet,26615.64169475995,2940,1210,75,1135,6727
2025-09-26,Bitget Wallet,136.0075,3,0,0,0,1
2025-09-26,Bitget Wallet,4919.39,2,1,0,1,1
2025-09-26,Cypher,329753.99003263656,550,328,43,285,13673
2025-09-26,EtherFi,861042.1600000024,12002,4228,215,4013,27673
2025-09-26,Exa,25905.00000000001,492,159,3,156,2022
2025-09-26,Gnosis,384622.80240121967,7206,2817,82,2735,19103
2025-09-26,Holyheld,311447.3241916943,139,73,5,68,2560
2025-09-26,Karta,170943.75,1,1,0,1,1
2025-09-26,KAST,2204060.7630719356,2516,1937,337,1600,63395
2025-09-26,Kolo,47450.08,1,1,0,1,4
2025-09-26,MetaMask,178978.67762166497,3020,1298,58,1240,12177
2025-09-26,Phantom Cash,0.0,0,0,0,0,1
2025-09-26,Ready,66095.90493199992,544,544,18,526,1881
2025-09-26,RedotPay,10499761.1344258,13789,13407,3419,9988,570503
2025-09-26,SafePal,84225.56871341994,4394,1762,103,1659,18289
2025-09-26,Solayer,57825.839999999975,294,245,22,223,6343
2025-09-26,Tria,6576.13,69,69,9,60,227
2025-09-26,Tuyo,16136.16,1,1,0,1,1
2025-09-27,Avalanche Card,57239.34999999994,351,342,10,332,3237
2025-09-27,Avici,7563.209999999998,74,74,4,70,780
2025-09-27,BFinance,63365.68,1716,544,86,458,9136
2025-09-27,Bitget Wallet,34435.393138989915,2969,1224,79,1145,6806
2025-09-27,Bitget Wallet,158.47,2,0,0,0,1
2025-09-27,Bitget Wallet,4230.78,2,1,0,1,1
2025-09-27,Cypher,274055.9284389334,538,321,29,292,13702
2025-09-27,EtherFi,1147303.4699999953,12969,4377,192,4185,27865
2025-09-27,Exa,24804.53,475,175,2,173,2024
2025-09-27,Gnosis,395156.3113089482,7987,2911,89,2822,19192
2025-09-27,Holyheld,138180.01351702533,145,79,9,70,2569
2025-09-27,Karta,0.0,0,0,0,0,1
2025-09-27,KAST,2021435.1636291945,2541,1927,335,1592,63730
2025-09-27,Kolo,36473.06,1,1,0,1,4
2025-09-27,MetaMask,184051.41217407933,3170,1320,70,1250,12247
2025-09-27,Phantom Cash,0.0,0,0,0,0,1
2025-09-27,Ready,66107.12999999998,521,521,23,498,1904
2025-09-27,RedotPay,10025778.17310538,14221,13730,1749,11981,572252
2025-09-27,SafePal,80524.98787299039,4842,1780,108,1672,18397
2025-09-27,Solayer,48355.200000000004,228,195,10,185,6353
2025-09-27,Tria,7948.61,77,76,13,63,240
2025-09-27,Tuyo,8373.46,1,1,0,1,1
2025-09-28,Avalanche Card,33923.07999999998,319,308,12,296,3249
2025-09-28,Avici,10677.340000000002,78,78,8,70,788
2025-09-28,BFinance,51699.98,1743,597,94,503,9230
2025-09-28,Bitget Wallet,29083.398841229915,2881,1235,55,1180,6861
2025-09-28,Bitget Wallet,14.28,3,0,0,0,1
2025-09-28,Bitget Wallet,2824.87,2,1,0,1,1
2025-09-28,Cypher,321822.9751794322,484,303,18,285,13720
2025-09-28,EtherFi,789082.2599999967,12107,4229,175,4054,28040
2025-09-28,Exa,20655.59000000001,398,161,2,159,2026
2025-09-28,Gnosis,299236.9532958166,5915,2452,75,2377,19267
2025-09-28,Holyheld,48677.75392325931,93,49,2,47,2571
2025-09-28,Karta,0.0,0,0,0,0,1
2025-09-28,KAST,1532734.9763882332,2352,1728,302,1426,64032
2025-09-28,Kolo,35343.53,1,1,0,1,4
2025-09-28,MetaMask,149751.087979711,2668,1200,61,1139,12308
2025-09-28,Phantom Cash,0.0,0,0,0,0,1
2025-09-28,Ready,53226.33000000006,506,506,20,486,1924
2025-09-28,RedotPay,10138100.703045761,9455,9151,2842,6309,575094
2025-09-28,SafePal,67932.57726107017,4553,1756,118,1638,18515
2025-09-28,Solayer,56697.129999999976,276,223,14,209,6367
2025-09-28,Tria,4261.9,79,79,14,65,254
2025-09-28,Tuyo,6110.79,1,1,0,1,1
2025-09-29,Avalanche Card,31580.380000000005,350,340,10,330,3259
2025-09-29,Avici,8529.96,79,79,7,72,795
2025-09-29,BFinance,62887.2,2073,669,119,550,9349
2025-09-29,Bitget Wallet,25193.392475949975,2861,1215,71,1144,6932
2025-09-29,Bitget Wallet,5.039999999999999,5,0,0,0,1
2025-09-29,Bitget Wallet,8593.97,2,1,0,1,1
2025-09-29,Cypher,379648.6952846488,609,335,20,315,13740
2025-09-29,EtherFi,962596.1599999942,12120,4331,240,4091,28280
2025-09-29,Exa,17815.179999999993,392,156,8,148,2034
2025-09-29,Gnosis,417889.5666350865,6623,2676,78,2598,19345
2025-09-29,Holyheld,381655.67176900705,160,88,2,86,2573
2025-09-29,Karta,0.0,0,0,0,0,1
2025-09-29,KAST,2573194.5699342247,2822,2079,385,1694,64417
2025-09-29,Kolo,36960.99,1,1,0,1,4
2025-09-29,MetaMask,158306.08414287196,2721,1255,46,1209,12354
2025-09-29,Phantom Cash,0.0,0,0,0,0,1
2025-09-29,Ready,63292.44595199996,531,531,20,511,1944
2025-09-29,RedotPay,9329429.568003614,16364,15879,1224,14655,576318
2025-09-29,SafePal,67073.7733911997,4667,1733,99,1634,18614
2025-09-29,Solayer,42597.91999999999,243,210,12,198,6379
2025-09-29,Solflare,33.730000000000004,2,1,1,0,1
2025-09-29,Tria,4626.46,45,45,3,42,257
2025-09-29,Tuyo,3759.14,1,1,0,1,1
2025-09-30,Avalanche Card,48983.92999999999,361,353,12,341,3271
2025-09-30,Avici,9067.43,82,81,10,71,805
2025-09-30,BFinance,60676.42,2251,651,107,544,9456
2025-09-30,Bitget Wallet,28656.42094126985,2957,1229,60,1169,6992
2025-09-30,Bitget Wallet,59.0,1,0,0,0,1
2025-09-30,Bitget Wallet,16145.039999999999,2,1,0,1,1
2025-09-30,Cypher,519185.9425623336,543,325,30,295,13770
2025-09-30,EtherFi,1053927.569999992,13394,4902,656,4246,28936
2025-09-30,Exa,25750.670000000006,426,161,6,155,2040
2025-09-30,Gnosis,431604.99594170024,6754,2759,121,2638,19466
2025-09-30,Holyheld,191595.06374467546,163,90,6,84,2579
2025-09-30,Karta,0.0,0,0,0,0,1
2025-09-30,KAST,2682849.5301057743,2889,2159,386,1773,64803
2025-09-30,Kolo,44410.29,1,1,0,1,4
2025-09-30,MetaMask,160588.6688384474,2854,1262,59,1203,12413
2025-09-30,Phantom Cash,10.0,1,1,1,0,2
2025-09-30,Ready,74913.19140999996,635,635,33,602,1977
2025-09-30,RedotPay,14493785.830166018,10967,10380,974,9406,577292
2025-09-30,SafePal,69755.1192773993,4775,1801,97,1704,18711
2025-09-30,Solayer,60747.38875699999,318,272,46,226,6425
2025-09-30,Solflare,20.0,1,1,0,1,1
2025-09-30,Tria,7353.990000000002,103,102,12,90,269
2025-09-30,Tuyo,6009.59,1,1,0,1,1
2025-10-01,Avalanche Card,54452.59000000001,332,325,10,315,3281
2025-10-01,Avici,9340.24,88,85,5,80,810
2025-10-01,BFinance,107980.39,2311,786,92,694,9548
2025-10-01,Bitget Wallet,27822.829720189835,2881,1184,50,1134,7042
2025-10-01,Bitget Wallet,600.0,3,0,0,0,1
2025-10-01,Bitget Wallet,13420.199999999999,2,1,0,1,1
2025-10-01,Cypher,399604.6810674765,579,349,30,319,13800
2025-10-01,EtherFi,1149275.1899999862,13291,4708,296,4412,29232
2025-10-01,Exa,51985.98000000004,459,197,7,190,2047
2025-10-01,Gnosis,460232.39690349327,6974,2798,110,2688,19576
2025-10-01,Holyheld,460744.61380027473,168,93,1,92,2580
2025-10-01,Karta,0.0,0,0,0,0,1
2025-10-01,KAST,4503507.814975994,3122,2342,450,1892,65253
2025-10-01,Kolo,59358.14,1,1,0,1,4
2025-10-01,MetaMask,194819.00084827497,2890,1282,55,1227,12468
2025-10-01,Phantom Cash,0.0,0,0,0,0,2
2025-10-01,Ready,78339.95000000001,567,567,26,541,2003
2025-10-01,RedotPay,9782535.492023626,10401,10089,1026,9063,578318
2025-10-01,SafePal,65850.70629563974,4535,1790,108,1682,18819
2025-10-01,Solayer,62004.49999999997,293,238,14,224,6439
2025-10-01,Solflare,108.42,6,1,0,1,1
2025-10-01,Tria,7784.549999999998,80,80,9,71,278
2025-10-01,Tuyo,7600.76,1,1,0,1,1
2025-10-02,Avalanche Card,55619.06000000003,355,347,7,340,3288
2025-10-02,Avici,6086.2699999999995,77,77,5,72,815
2025-10-02,BFinance,70347.69,2330,700,111,589,9659
2025-10-02,Bitget Wallet,36422.23044970986,2991,1174,58,1116,7100
2025-10-02,Bitget Wallet,10.0,1,0,0,0,1
2025-10-02,Bitget Wallet,8021.26,2,1,0,1,1
2025-10-02,Cypher,604421.440881355,698,407,59,348,13859
2025-10-02,EtherFi,1321985.8900000055,12958,4648,224,4424,29456
2025-10-02,Exa,27555.579999999987,468,179,2,177,2049
2025-10-02,Gnosis,407260.13268890145,7038,2807,105,2702,19681
2025-10-02,Holyheld,301713.09510650195,192,99,5,94,2585
2025-10-02,Karta,0.0,0,0,0,0,1
2025-10-02,KAST,3136868.305224883,3285,2386,459,1927,65712
2025-10-02,Kolo,75017.89,1,1,0,1,4
2025-10-02,MetaMask,194878.773672511,2910,1309,53,1256,12521
2025-10-02,Phantom Cash,0.0,0,0,0,0,2
2025-10-02,Ready,115904.20999999999,675,675,12,663,2015
2025-10-02,RedotPay,14530466.398743998,20798,20104,2776,17328,581094
2025-10-02,SafePal,61488.779222549696,4297,1635,91,1544,18910
2025-10-02,Solayer,107447.68000000002,292,239,18,221,6457
2025-10-02,Solflare,0.0,0,0,0,0,1
2025-10-02,Tria,3991.7199999999993,49,48,8,40,286
2025-10-02,Tuyo,14542.87,1,1,0,1,1
2025-10-03,Avalanche Card,65191.189999999995,431,346,18,328,3306
2025-10-03,Avici,3280.999999999999,43,43,1,42,816
2025-10-03,BFinance,105905.08,2179,674,95,579,9754
2025-10-03,Bitget Wallet,28697.474479519882,2859,1119,39,1080,7139
2025-10-03,Bitget Wallet,0.0,0,0,0,0,1
2025-10-03,Bitget Wallet,6845.33,2,1,0,1,1
2025-10-03,Cypher,405059.4402998936,645,361,27,334,13886
2025-10-03,EtherFi,1145765.3779389923,14169,4755,239,4516,29695
2025-10-03,Exa,45763.52999999998,518,179,7,172,2056
2025-10-03,Gnosis,423366.0235434418,7550,2890,143,2747,19824
2025-10-03,Holyheld,547762.094647872,183,98,5,93,2590
2025-10-03,Karta,0.0,0,0,0,0,1
2025-10-03,KAST,2813220.663317727,3252,2413,479,1934,66191
2025-10-03,Kolo,0.0,0,0,0,0,4
2025-10-03,MetaMask,204596.35428661047,3249,1365,65,1300,12586
2025-10-03,Phantom Cash,12.41,1,1,0,1,2
2025-10-03,Ready,112305.49999999977,689,689,21,668,2036
2025-10-03,RedotPay,9094074.179871613,8897,8728,1094,7634,582188
2025-10-03,SafePal,68430.06860173943,4671,1689,87,1602,18997
2025-10-03,Solayer,76803.70000000003,326,280,34,246,6491
2025-10-03,Solflare,2.0300000000000002,2,1,0,1,1
2025-10-03,Tria,2948.7,9,9,0,9,286
2025-10-03,Tuyo,0.0,0,0,0,0,1
2025-10-04,Avalanche Card,71228.70999999995,349,338,13,325,3319
2025-10-04,Avici,12154.510000000002,110,102,8,94,824
2025-10-04,BFinance,68948.35,1982,626,68,558,9822
2025-10-04,Bitget Wallet,40905.048935959756,2878,1143,49,1094,7188
2025-10-04,Bitget Wallet,0.0,0,0,0,0,1
2025-10-04,Bitget Wallet,7156.23,2,1,0,1,1
2025-10-04,Cypher,475332.1396563021,586,368,34,334,13920
2025-10-04,EtherFi,1031316.7266499769,14208,4663,216,4447,29911
2025-10-04,Exa,17494.529999999995,297,126,0,126,2056
2025-10-04,Gnosis,418884.33311562036,7890,2887,108,2779,19932
2025-10-04,Holyheld,78630.60629051577,118,60,2,58,2592
2025-10-04,Karta,190565.86,1,1,0,1,1
2025-10-04,KAST,2751029.45772661,3092,2309,497,1812,66688
2025-10-04,Kolo,122794.67,1,1,0,1,4
2025-10-04,MetaMask,198072.24469939643,3549,1379,60,1319,12646
2025-10-04,Phantom Cash,0.0,0,0,0,0,2
2025-10-04,Ready,81524.39920699998,606,606,27,579,2063
2025-10-04,RedotPay,10645617.100302115,10238,9951,679,9272,582867
2025-10-04,SafePal,79188.56971454904,4657,1696,104,1592,19101
2025-10-04,Solayer,74446.60999999999,320,270,29,241,6520
2025-10-04,Solflare,11.41,3,1,0,1,1
2025-10-04,Tria,15046.179999999998,142,142,26,116,312
2025-10-04,Tuyo,17779.13,2,1,0,1,1
2025-10-05,Avalanche Card,69722.24999999999,354,344,14,330,3333
2025-10-05,Avici,16437.88,102,102,11,91,835
2025-10-05,BFinance,70036.15,1771,585,65,520,9887
2025-10-05,Bitget Wallet,30520.14866432995,2835,1119,42,1077,7230
2025-10-05,Bitget Wallet,0.0,0,0,0,0,1
2025-10-05,Bitget Wallet,5365.85,1,1,0,1,1
2025-10-05,Cypher,691587.0714355975,795,537,91,446,14011
2025-10-05,EtherFi,737129.569999985,12921,4370,170,4200,30081
2025-10-05,Exa,22771.550000000003,351,142,3,139,2059
2025-10-05,Gnosis,330153.5950940011,5992,2432,49,2383,19981
2025-10-05,Holyheld,62726.49199590878,111,45,3,42,2595
2025-10-05,Karta,28971.17,1,1,0,1,1
2025-10-05,KAST,2237559.533664811,2676,2025,438,1587,67126
2025-10-05,Kolo,196476.37,1,1,0,1,4
2025-10-05,MetaMask,156389.03537074523,2810,1198,66,1132,12712
2025-10-05,Phantom Cash,0.0,0,0,0,0,2
2025-10-05,Ready,89528.67999999996,621,621,15,606,2078
2025-10-05,RedotPay,6991911.765913888,11103,10943,1537,9406,584404
2025-10-05,SafePal,63482.9296626288,4457,1616,89,1527,19190
2025-10-05,Solayer,45478.01729600001,265,209,22,187,6542
2025-10-05,Solflare,21.1,2,1,0,1,1
2025-10-05,Tria,33479.56,126,125,13,112,325
2025-10-05,Tuyo,6474.97,1,1,0,1,1
2025-10-06,Avalanche Card,39005.880000000005,324,315,6,309,3339
2025-10-06,Avici,6756.1,79,79,6,73,841
2025-10-06,BFinance,77059.6,2174,640,81,559,9968
2025-10-06,Bitget Wallet,24283.647337659848,2707,1092,45,1047,7275
2025-10-06,Bitget Wallet,22.8,1,0,0,0,1
2025-10-06,Bitget Wallet,13242.07,2,1,0,1,1
2025-10-06,Cypher,709780.2937125224,769,541,89,452,14100
2025-10-06,EtherFi,1042790.5115619857,12872,4506,233,4273,30314
2025-10-06,Exa,40580.73000000003,630,205,5,200,2064
2025-10-06,Gnosis,385884.8393264824,6747,2719,120,2599,20101
2025-10-06,Holyheld,328682.0163525028,161,84,8,76,2603
2025-10-06,Karta,200898.54,1,1,0,1,1
2025-10-06,KAST,2667438.5121308654,2467,1959,395,1564,67521
2025-10-06,Kolo,67412.51,1,1,0,1,4
2025-10-06,MetaMask,200903.08729242635,3125,1368,74,1294,12786
2025-10-06,Phantom Cash,52.4,3,1,0,1,2
2025-10-06,Ready,77090.07999999994,591,591,13,578,2091
2025-10-06,RedotPay,8764274.681056518,13598,13291,2254,11037,586658
2025-10-06,SafePal,61934.187179769455,4196,1639,123,1516,19313
2025-10-06,Solayer,70620.53000000003,277,246,30,216,6572
2025-10-06,Solflare,55.4,3,1,0,1,1
2025-10-06,Tria,7992.439999999998,70,69,12,57,337
2025-10-06,Tuyo,8055.45,1,1,0,1,1
2025-10-07,Avalanche Card,41597.33000000001,347,339,6,333,3345
2025-10-07,Avici,7052.610000000001,89,89,9,80,850
2025-10-07,BFinance,88705.21,2562,682,96,586,10064
2025-10-07,Bitget Wallet,27650.786174759844,2803,1164,59,1105,7334
2025-10-07,Bitget Wallet,0.0,0,0,0,0,1
2025-10-07,Bitget Wallet,15339.82,2,1,0,1,1
2025-10-07,Cypher,509561.4055812129,592,399,71,328,14171
2025-10-07,EtherFi,915188.3012989995,12249,4547,221,4326,30535
2025-10-07,Exa,28022.65000000002,450,167,3,164,2067
2025-10-07,Gnosis,394809.13965810207,7015,2866,134,2732,20235
2025-10-07,Holyheld,151596.47074586194,153,85,9,76,2612
2025-10-07,Karta,0.0,0,0,0,0,1
2025-10-07,KAST,3230544.7242576717,3760,2748,664,2084,68185
2025-10-07,Kolo,40324.04,1,1,0,1,4
2025-10-07,MetaMask,207679.35949807105,3073,1353,68,1285,12854
2025-10-07,Phantom Cash,0.0,0,0,0,0,2
2025-10-07,Ready,97745.52999999997,700,700,25,675,2116
2025-10-07,RedotPay,13034210.222685141,9030,8793,1823,6970,588481
2025-10-07,SafePal,65619.07226365994,4267,1705,121,1584,19434
2025-10-07,Solayer,64333.82999999998,267,218,18,200,6590
2025-10-07,Solflare,148.32999999999998,8,1,0,1,1
2025-10-07,Tria,8118.559999999996,85,85,13,72,350
2025-10-07,Tuyo,7483.21,1,1,0,1,1
2025-10-08,Avalanche Card,108753.77000000009,358,348,10,338,3355
2025-10-08,Avici,9445.239999999998,87,87,7,80,857
2025-10-08,BFinance,84923.26,2397,671,106,565,10170
2025-10-08,Bitget Wallet,29308.797147859827,2843,1175,62,1113,7396
2025-10-08,Bitget Wallet,100.0,1,0,0,0,1
2025-10-08,Bitget Wallet,17191.010000000002,2,1,0,1,1
2025-10-08,Cypher,308568.6713391922,600,399,67,332,14238
2025-10-08,EtherFi,1038523.5621820005,13043,4673,229,4444,30764
2025-10-08,Exa,27558.790000000015,437,174,5,169,2072
2025-10-08,Gnosis,421975.49593992106,7404,2930,186,2744,20421
2025-10-08,Holyheld,455084.3466255432,156,74,4,70,2616
2025-10-08,Karta,211906.01,1,1,0,1,1
2025-10-08,KAST,3543734.8964487063,3232,2328,522,1806,68707
2025-10-08,Kolo,90038.38,1,1,0,1,4
2025-10-08,MetaMask,216758.6338177468,3226,1408,72,1336,12926
2025-10-08,Phantom Cash,6.17,1,1,0,1,2
2025-10-08,Ready,90974.43000000005,642,642,12,630,2128
2025-10-08,RedotPay,9171276.936730182,17644,17388,1209,16179,589690
2025-10-08,SafePal,93730.71368183022,4660,1766,107,1659,19541
2025-10-08,Solayer,111999.94000000002,260,216,16,200,6606
2025-10-08,Solflare,164.1469,10,1,0,1,1
2025-10-08,Tria,1334.77,13,13,1,12,351
2025-10-08,Tuyo,13022.36,1,1,0,1,1
2025-10-09,Avalanche Card,54530.39999999998,337,328,16,312,3371
2025-10-09,Avici,9401.4,83,83,4,79,861
2025-10-09,BFinance,83836.69,2281,673,116,557,10286
2025-10-09,Bitget Wallet,35605.00323232985,2702,1174,56,1118,7452
2025-10-09,Bitget Wallet,242.0,2,0,0,0,1
2025-10-09,Bitget Wallet,15279.62,2,1,0,1,1
2025-10-09,Cypher,388413.0649800321,714,509,114,395,14352
2025-10-09,EtherFi,1098935.0767499772,13583,4765,234,4531,30998
2025-10-09,Exa,33915.170000000035,431,171,2,169,2074
2025-10-09,Gnosis,443080.9359325529,7367,2957,175,2782,20596
2025-10-09,Holyheld,117609.60230025853,133,72,1,71,2617
2025-10-09,Karta,160333.21,1,1,0,1,1
2025-10-09,KAST,3391485.166629502,3341,2370,516,1854,69223
2025-10-09,Kolo,87491.44,1,1,0,1,4
2025-10-09,MetaMask,184099.89739859916,3150,1410,75,1335,13001
2025-10-09,Phantom Cash,0.0,0,0,0,0,2
2025-10-09,Ready,63977.699999999975,617,617,18,599,2146
2025-10-09,RedotPay,11139772.11534024,30892,30402,808,29594,590498
2025-10-09,SafePal,73938.48973921932,4670,1836,117,1719,19658
2025-10-09,Solayer,75540.29000000002,260,225,25,200,6631
2025-10-09,Solflare,127.9569,7,1,0,1,1
2025-10-09,Tria,937.84,22,22,8,14,359
2025-10-09,Tuyo,6264.91,1,1,0,1,1
2025-10-10,Avalanche Card,58103.86000000001,325,316,9,307,3380
2025-10-10,Avici,6402.64,101,101,8,93,869
2025-10-10,BFinance,67846.99,2277,686,102,584,10388
2025-10-10,Bitget Wallet,28676.918775270013,2650,1182,65,1117,7517
2025-10-10,Bitget Wallet,15.295,3,0,0,0,1
2025-10-10,Bitget Wallet,3849.57,1,1,0,1,1
2025-10-10,Cypher,427600.95758323796,582,410,59,351,14411
2025-10-10,EtherFi,1149278.220623992,14271,4782,170,4612,31168
2025-10-10,Exa,36943.92,517,178,3,175,2077
2025-10-10,Gnosis,414878.7076765307,7833,3045,141,2904,20737
2025-10-10,Holyheld,159681.5266077291,146,82,6,76,2623
2025-10-10,Karta,128795.5,1,1,0,1,1
2025-10-10,KAST,3043597.738191735,3262,2374,487,1887,69710
2025-10-10,Kolo,52932.85,1,1,0,1,4
2025-10-10,MetaMask,194713.3908301122,3175,1392,76,1316,13077
2025-10-10,Phantom Cash,2.4,1,1,0,1,2
2025-10-10,Ready,78202.41159399996,597,597,12,585,2158
2025-10-10,RedotPay,10492290.110028109,8383,8264,758,7506,591256
2025-10-10,SafePal,77815.19880898981,4920,1857,96,1761,19754
2025-10-10,Solayer,143152.11886299998,277,230,17,213,6648
2025-10-10,Solflare,303.15489999999994,11,1,0,1,1
2025-10-10,Tria,1273.28,33,33,15,18,374
2025-10-10,Tuyo,16667.37,1,1,0,1,1
2025-10-11,Avalanche Card,65419.819999999985,343,335,10,325,3390
2025-10-11,Avici,9915.670000000004,81,81,2,79,871
2025-10-11,BFinance,78291.59,2101,641,91,550,10479
2025-10-11,Bitget Wallet,20630.232965109873,2752,1194,72,1122,7589
2025-10-11,Bitget Wallet,0.21010000000000006,12,0,0,0,1
2025-10-11,Bitget Wallet,8212.43,2,1,0,1,1
2025-10-11,Cypher,293477.90607008024,514,354,54,300,14465
2025-10-11,EtherFi,834622.3531019855,14396,4575,131,4444,31299
2025-10-11,Exa,25589.30000000002,505,171,2,169,2079
2025-10-11,Gnosis,384768.69137089746,7865,2981,165,2816,20902
2025-10-11,Holyheld,78775.70415397131,116,67,3,64,2626
2025-10-11,Karta,209972.41,1,1,0,1,1
2025-10-11,KAST,2648115.273381853,2569,1899,315,1584,70025
2025-10-11,Kolo,74696.56,1,1,0,1,4
2025-10-11,MetaMask,208032.73861204635,3125,1309,52,1257,13129
2025-10-11,Phantom Cash,102.88000000000001,5,2,1,1,3
2025-10-11,Ready,90878.11999999995,616,616,23,593,2181
2025-10-11,RedotPay,9334304.947006892,10631,10409,503,9906,591759
2025-10-11,SafePal,76804.65011780905,4798,1802,108,1694,19862
2025-10-11,Solayer,53320.04469900003,231,191,12,179,6660
2025-10-11,Solflare,415.6251000000001,17,1,0,1,1
2025-10-11,Tria,4104.370000000001,57,57,29,28,403
2025-10-11,Tuyo,8171.31,1,1,0,1,1
2025-10-12,Avalanche Card,32137.160000000007,331,324,11,313,3401
2025-10-12,Avici,9202.11,83,83,8,75,879
2025-10-12,BFinance,53640.77,1797,599,87,512,10566
2025-10-12,Bitget Wallet,29998.76832282979,2965,1235,73,1162,7662
2025-10-12,Bitget Wallet,2000.0,1,0,0,0,1
2025-10-12,Bitget Wallet,8784.81,2,1,0,1,1
2025-10-12,Cypher,351333.8197511381,491,308,48,260,14513
2025-10-12,EtherFi,873719.1899999847,13083,4369,98,4271,31397
2025-10-12,Exa,31035.700000000008,442,153,2,151,2081
2025-10-12,Gnosis,333983.60135966947,5867,2525,124,2401,21026
2025-10-12,Holyheld,78203.6002451762,98,52,1,51,2627
2025-10-12,Karta,212026.23,1,1,0,1,1
2025-10-12,KAST,1697379.9297361688,2318,1774,280,1494,70305
2025-10-12,Kolo,151951.4,1,1,0,1,4
2025-10-12,MetaMask,172022.62995915578,2550,1119,44,1075,13173
2025-10-12,Phantom Cash,17.23,2,1,0,1,3
2025-10-12,Ready,74055.92079299998,619,619,27,592,2208
2025-10-12,RedotPay,8744840.053340785,57002,56311,4786,51525,596545
2025-10-12,SafePal,64336.88557967939,4608,1852,233,1619,20095
2025-10-12,Solayer,50180.025024999995,252,215,16,199,6676
2025-10-12,Solflare,189.1427,13,1,0,1,1
2025-10-12,Tria,4076.210000000001,62,62,23,39,426
2025-10-12,Tuyo,11831.34,1,1,0,1,1
2025-10-13,Avalanche Card,23431.209999999985,313,304,6,298,3407
2025-10-13,Avici,4551.989999999998,87,87,9,78,888
2025-10-13,BFinance,74761.33,2553,780,117,663,10683
2025-10-13,Bitget Wallet,19315.048857179947,2749,1207,72,1135,7734
2025-10-13,Bitget Wallet,31.4,2,0,0,0,1
2025-10-13,Bitget Wallet,7972.87,2,1,0,1,1
2025-10-13,Cypher,478592.6445982103,579,370,53,317,14566
2025-10-13,EtherFi,1285234.5284049953,12324,4432,146,4286,31543
2025-10-13,Exa,28760.57000000001,423,172,4,168,2085
2025-10-13,Gnosis,376414.7270854587,6854,2754,138,2616,21164
2025-10-13,Holyheld,157486.2013511223,152,69,1,68,2628
2025-10-13,Karta,162270.05,1,1,0,1,1
2025-10-13,KAST,3084078.994457853,3020,2349,455,1894,70760
2025-10-13,Kolo,49743.4,1,1,0,1,4
2025-10-13,MetaMask,203015.96580689313,2984,1289,56,1233,13229
2025-10-13,Phantom Cash,0.0,0,0,0,0,3
2025-10-13,Ready,92901.54000000001,714,714,18,696,2226
2025-10-13,RedotPay,7805404.696502645,8395,8247,275,7972,596820
2025-10-13,SafePal,69120.70245824948,4446,1946,226,1720,20321
2025-10-13,Solayer,80608.17348000003,230,205,17,188,6693
2025-10-13,Solflare,237.48130000000003,11,1,0,1,1
2025-10-13,Tria,2128.3,46,46,19,27,445
2025-10-13,Tuyo,11171.93,1,1,0,1,1
2025-10-14,Avalanche Card,25622.970000000023,332,322,10,312,3417
2025-10-14,Avici,9851.999999999993,98,98,7,91,895
2025-10-14,BFinance,65794.45,2436,745,111,634,10794
2025-10-14,Bitget Wallet,26932.72391349,2871,1248,93,1155,7827
2025-10-14,Bitget Wallet,10.1,3,0,0,0,1
2025-10-14,Bitget Wallet,3549.0,2,1,0,1,1
2025-10-14,Cypher,317896.9647673082,589,390,60,330,14626
2025-10-14,EtherFi,929620.8167679941,12503,4414,143,4271,31686
2025-10-14,Exa,19226.039999999994,369,150,5,145,2090
2025-10-14,Gnosis,354001.5104888801,7092,2935,191,2744,21355
2025-10-14,Holyheld,147817.52890033854,126,73,3,70,2631
2025-10-14,Karta,155344.79,1,1,0,1,1
2025-10-14,KAST,2680441.2671644106,2721,2090,394,1696,71154
2025-10-14,Kolo,37510.96,1,1,0,1,4
2025-10-14,MetaMask,171692.7752044043,3033,1308,52,1256,13281
2025-10-14,Phantom Cash,4.1,1,1,0,1,3
2025-10-14,Ready,329947.5484060001,955,955,51,904,2277
2025-10-14,RedotPay,11288181.250897149,14165,13965,2640,11325,599460
2025-10-14,SafePal,61795.53612854966,4581,2029,258,1771,20579
2025-10-14,Solayer,41147.9,236,187,12,175,6705
2025-10-14,Solflare,678.821,25,1,0,1,1
2025-10-14,Tria,20554.230000000007,112,111,34,77,479
2025-10-14,Tuyo,10217.29,1,1,0,1,1
2025-10-15,Avalanche Card,32357.79000000001,328,319,7,312,3424
2025-10-15,Avici,7284.520000000001,58,58,7,51,902
2025-10-15,BFinance,74923.8,2559,782,154,628,10948
2025-10-15,Bitget Wallet,26020.023494199904,2969,1284,88,1196,7915
2025-10-15,Bitget Wallet,6745.169999999998,117,0,0,0,1
2025-10-15,Bitget Wallet,5285.41,2,1,0,1,1
2025-10-15,Cypher,586409.9325980213,552,353,29,324,14655
2025-10-15,EtherFi,1186238.1772000042,12771,4570,138,4432,31824
2025-10-15,Exa,25769.540000000008,387,166,5,161,2095
2025-10-15,Gnosis,375559.62740165816,7125,2902,161,2741,21516
2025-10-15,Holyheld,103288.717050178,121,66,3,63,2634
2025-10-15,Karta,0.0,0,0,0,0,1
2025-10-15,KAST,3606076.781428912,2864,2189,411,1778,71565
2025-10-15,Kolo,66432.5,1,1,0,1,4
2025-10-15,MetaMask,181743.57256258526,3086,1352,59,1293,13340
2025-10-15,Phantom Cash,16.59,2,1,0,1,3
2025-10-15,Ready,194991.22999999992,785,785,30,755,2307
2025-10-15,RedotPay,8717634.096770825,11973,11627,842,10785,600302
2025-10-15,SafePal,78800.7593503099,4705,2083,229,1854,20808
2025-10-15,Solayer,69037.435285,242,201,19,182,6724
2025-10-15,Solflare,509.15669999999994,24,1,0,1,1
2025-10-15,Tria,7046.789999999999,81,80,26,54,505
2025-10-15,Tuyo,0.0,0,0,0,0,1
2025-10-16,Avalanche Card,71809.9899999999,345,338,10,328,3434
2025-10-16,Avici,5564.75,46,46,8,38,910
2025-10-16,BFinance,60371.37,2628,808,138,670,11086
2025-10-16,Bitget Wallet,21225.22677156996,2888,1297,107,1190,8022
2025-10-16,Bitget Wallet,10378.390000000005,173,0,0,0,1
2025-10-16,Bitget Wallet,5823.88,2,1,0,1,1
2025-10-16,Cypher,602141.0450542954,585,380,43,337,14698
2025-10-16,EtherFi,1039363.9872979933,12661,4542,165,4377,31989
2025-10-16,Exa,33522.06999999999,446,165,3,162,2098
2025-10-16,Gnosis,373872.0121636184,7142,2968,184,2784,21700
2025-10-16,Holyheld,130454.9817606126,146,66,3,63,2637
2025-10-16,Karta,0.0,0,0,0,0,1
2025-10-16,KAST,2877795.712819077,2747,2095,377,1718,71942
2025-10-16,Kolo,56087.42,1,1,0,1,4
2025-10-16,MetaMask,180329.93352247885,3213,1399,41,1358,13381
2025-10-16,Phantom Cash,103.13,3,3,3,0,6
2025-10-16,Ready,98695.32999999999,739,739,23,716,2330
2025-10-16,RedotPay,10258593.014743824,6864,6747,333,6414,600635
2025-10-16,SafePal,63149.51339244958,4660,2029,187,1842,20995
2025-10-16,Solayer,53478.97858300003,248,216,28,188,6752
2025-10-16,Solflare,866.1386,28,1,0,1,1
2025-10-16,Tria,7078.400000000002,60,60,25,35,530
2025-10-16,Tuyo,0.0,0,0,0,0,1
2025-10-17,Avalanche Card,94277.69,305,293,9,284,3443
2025-10-17,Avici,3613.62,40,40,4,36,914
2025-10-17,BFinance,70870.34,1987,702,103,599,11189
2025-10-17,Bitget Wallet,24411.35233255993,3043,1305,130,1175,8152
2025-10-17,Bitget Wallet,6634.823999999999,125,0,0,0,1
2025-10-17,Bitget Wallet,11516.69,2,1,0,1,1
2025-10-17,Cypher,483775.87493270455,513,338,42,296,14740
2025-10-17,EtherFi,1340194.6031629855,13793,4714,220,4494,32209
2025-10-17,Exa,28493.73,475,164,3,161,2101
2025-10-17,Gnosis,389118.31388486986,7578,2934,80,2854,21780
2025-10-17,Holyheld,124418.34391183977,146,75,3,72,2640
2025-10-17,Karta,0.0,0,0,0,0,1
2025-10-17,KAST,2694136.2779890886,2718,2133,357,1776,72299
2025-10-17,Kolo,66267.24,1,1,0,1,4
2025-10-17,MetaMask,182642.68327793904,3424,1440,46,1394,13427
2025-10-17,Phantom Cash,348.58,8,5,3,2,9
2025-10-17,Ready,76414.42088199999,694,694,31,663,2361
2025-10-17,RedotPay,9456399.887517717,9751,9560,947,8613,601582
2025-10-17,SafePal,57942.530482799855,4676,2044,165,1879,21160
2025-10-17,Solayer,75088.55520899995,283,215,26,189,6778
2025-10-17,Solflare,793.6478999999999,38,1,0,1,1
2025-10-17,Tria,20856.32999999999,157,143,57,86,587
2025-10-17,Tuyo,0.0,0,0,0,0,1
2025-10-18,Avalanche Card,139220.28000000014,343,334,9,325,3452
2025-10-18,Avici,3528.8699999999985,53,53,12,41,926
2025-10-18,BFinance,55042.98,2067,673,95,578,11284
2025-10-18,Bitget Wallet,24662.70828538985,3444,1464,222,1242,8374
2025-10-18,Bitget Wallet,9684.224999999999,90,0,0,0,1
2025-10-18,Bitget Wallet,4740.46,2,1,0,1,1
2025-10-18,Cypher,267809.52116026764,503,322,29,293,14769
2025-10-18,EtherFi,824165.9307570008,14243,4861,210,4651,32419
2025-10-18,Exa,23549.43999999999,457,153,4,149,2105
2025-10-18,Gnosis,382270.6530989959,8125,2948,72,2876,21852
2025-10-18,Holyheld,118702.06536296514,120,69,4,65,2644
2025-10-18,Karta,0.0,0,0,0,0,1
2025-10-18,KAST,2014291.7794618688,2602,2004,352,1652,72651
2025-10-18,Kolo,67104.63,1,1,0,1,4
2025-10-18,MetaMask,177489.7363024767,3478,1411,43,1368,13470
2025-10-18,Phantom Cash,163.66,5,4,1,3,10
2025-10-18,Ready,42769.76000000001,403,403,22,381,2383
2025-10-18,RedotPay,9018390.18294463,10612,10380,352,10028,601934
2025-10-18,SafePal,73247.35842820963,5296,2066,177,1889,21337
2025-10-18,Solayer,63546.80489900002,249,204,16,188,6794
2025-10-18,Solflare,469.55910000000006,24,1,0,1,1
2025-10-18,Tria,50318.73999999999,264,262,134,128,721
2025-10-18,Tuyo,0.0,0,0,0,0,1
2025-10-19,Avalanche Card,121254.68000000005,304,297,13,284,3465
2025-10-19,Avici,3311.8100000000004,52,52,9,43,935
2025-10-19,BFinance,60013.89,1894,634,95,539,11379
2025-10-19,Bitget Wallet,28155.31410223989,3299,1474,185,1289,8559
2025-10-19,Bitget Wallet,3227.5299999999997,66,0,0,0,1
2025-10-19,Bitget Wallet,4998.16,2,1,0,1,1
2025-10-19,Cypher,314134.1194077412,492,313,45,268,14814
2025-10-19,EtherFi,790395.4281579985,12591,4538,173,4365,32592
2025-10-19,Exa,28122.630000000016,445,155,4,151,2109
2025-10-19,Gnosis,327950.62179900025,6212,2439,50,2389,21902
2025-10-19,Holyheld,103205.0016418579,104,58,2,56,2646
2025-10-19,Karta,0.0,0,0,0,0,1
2025-10-19,KAST,2002001.7743257512,2460,1797,299,1498,72950
2025-10-19,Kolo,76334.31,1,1,0,1,4
2025-10-19,MetaMask,180443.6413774698,2792,1233,41,1192,13511
2025-10-19,Phantom Cash,42.27,3,3,0,3,10
2025-10-19,Ready,129281.4,764,764,58,706,2441
2025-10-19,RedotPay,7311776.071744834,11660,11486,563,10923,602497
2025-10-19,SafePal,52771.63528456967,4783,1944,121,1823,21458
2025-10-19,Solayer,50877.10708499999,277,223,21,202,6815
2025-10-19,Solflare,4347.2266,70,1,0,1,1
2025-10-19,Tria,35810.36000000001,239,237,85,152,806
2025-10-19,Tuyo,0.0,0,0,0,0,1
2025-10-20,Avalanche Card,37639.400000000016,421,301,10,291,3475
2025-10-20,Avici,2295.9199999999996,93,66,13,53,948
2025-10-20,BFinance,100760.98,2203,721,134,587,11513
2025-10-20,Bitget Wallet,27581.483957499982,3159,1426,167,1259,8726
2025-10-20,Bitget Wallet,5026.242500000001,94,0,0,0,1
2025-10-20,Bitget Wallet,5541.66,2,1,0,1,1
2025-10-20,Cypher,192596.7914973748,373,267,17,250,14831
2025-10-20,EtherFi,1028101.6553100024,11764,4494,166,4328,32758
2025-10-20,Exa,32113.710000000017,375,158,5,153,2114
2025-10-20,Gnosis,422125.70323558204,6719,2728,60,2668,21962
2025-10-20,Holyheld,349643.3108744946,126,70,6,64,2652
2025-10-20,Karta,0.0,0,0,0,0,1
2025-10-20,KAST,3232026.998751742,2928,2171,324,1847,73274
2025-10-20,Kolo,132912.82,1,1,0,1,4
2025-10-20,MetaMask,178093.9402008133,2653,1225,41,1184,13552
2025-10-20,Phantom Cash,42.06,2,2,0,2,10
2025-10-20,Ready,78286.79999999997,695,695,24,671,2465
2025-10-20,RedotPay,10305993.150488812,10334,9989,1012,8977,603509
2025-10-20,SafePal,61499.803023349516,4838,1977,172,1805,21630
2025-10-20,Solayer,67059.39498099999,305,252,33,219,6848
2025-10-20,Solflare,1223.5948,44,1,0,1,1
2025-10-20,Tria,38229.43000000001,106,89,23,66,829
2025-10-20,Tuyo,0.0,0,0,0,0,1
2025-10-21,Avalanche Card,69.19999999999999,32,21,0,21,3475
2025-10-21,Avici,20896.62000000001,42,42,13,29,961
2025-10-21,BFinance,74547.15,2815,951,127,824,11640
2025-10-21,Bitget Wallet,26596.975237669936,3354,1485,181,1304,8907
2025-10-21,Bitget Wallet,6043.629999999998,110,0,0,0,1
2025-10-21,Bitget Wallet,10175.800000000001,2,1,0,1,1
2025-10-21,Cypher,341076.70614044176,524,334,32,302,14863
2025-10-21,EtherFi,933070.5925590008,12136,4631,220,4411,32978
2025-10-21,Exa,30151.559999999983,412,168,3,165,2117
2025-10-21,Gnosis,376514.2675956607,6692,2743,83,2660,22045
2025-10-21,Holyheld,126730.09758837652,147,79,1,78,2653
2025-10-21,Karta,0.0,0,0,0,0,1
2025-10-21,KAST,2780847.0950831,2642,2056,320,1736,73594
2025-10-21,Kolo,244.02,1,1,0,1,4
2025-10-21,MetaMask,231475.6810597843,3149,1308,46,1262,13598
2025-10-21,Phantom Cash,222.58,2,2,1,1,11
2025-10-21,Ready,88468.55999999994,716,716,38,678,2503
2025-10-21,RedotPay,8664929.681397831,8960,8683,442,8241,603951
2025-10-21,SafePal,75969.89964811964,4719,2021,162,1859,21792
2025-10-21,Solayer,87502.34433900002,280,227,26,201,6874
2025-10-21,Solflare,5184.3704,94,1,0,1,1
2025-10-21,Tria,6427.740000000002,79,71,18,53,847
2025-10-21,Tuyo,0.0,0,0,0,0,1
2025-10-22,Avalanche Card,57950.49999999997,295,280,7,273,3482
2025-10-22,Avici,42216.55,136,132,34,98,995
2025-10-22,BFinance,91156.52,2511,774,106,668,11746
2025-10-22,Bitget Wallet,27077.36668228003,3466,1564,196,1368,9103
2025-10-22,Bitget Wallet,5826.98,123,0,0,0,1
2025-10-22,Bitget Wallet,8856.71,1,1,0,1,1
2025-10-22,Cypher,316397.1594353526,554,381,53,328,14916
2025-10-22,EtherFi,1235830.9456629965,12445,4677,224,4453,33202
2025-10-22,Exa,27532.91000000001,459,181,15,166,2132
2025-10-22,Gnosis,372582.20488199877,6783,2859,120,2739,22165
2025-10-22,Holyheld,182292.9174231638,135,75,2,73,2655
2025-10-22,Karta,1387386.52,1,1,0,1,1
2025-10-22,KAST,2735271.067190251,2506,1938,334,1604,73928
2025-10-22,Kolo,97630.74,1,1,0,1,4
2025-10-22,MetaMask,210001.7966149704,2549,1208,41,1167,13639
2025-10-22,Phantom Cash,247.35999999999999,9,7,5,2,16
2025-10-22,Ready,90762.35000000003,697,697,32,665,2535
2025-10-22,RedotPay,11752859.016403744,15967,15521,1416,14105,605367
2025-10-22,SafePal,71268.63354446978,4616,2078,136,1942,21928
2025-10-22,Solayer,50261.002516999986,230,194,13,181,6887
2025-10-22,Solflare,3780.9350000000004,46,1,0,1,1
2025-10-22,Tria,224317.36999999988,999,772,388,384,1235
2025-10-22,Tuyo,83399.27,1,1,0,1,1
2025-10-23,Avalanche Card,78966.01999999999,309,301,13,288,3495
2025-10-23,Avici,28047.269999999997,128,126,24,102,1019
2025-10-23,BFinance,149863.54,2863,868,153,715,11899
2025-10-23,Bitget Wallet,29189.052989899923,3504,1535,135,1400,9238
2025-10-23,Bitget Wallet,8670.419999999998,93,0,0,0,1
2025-10-23,Bitget Wallet,5078.03,2,1,0,1,1
2025-10-23,Cypher,336964.1826173424,540,371,40,331,14956
2025-10-23,EtherFi,1323704.5983729968,13347,4809,218,4591,33420
2025-10-23,Exa,27376.06999999997,477,198,22,176,2154
2025-10-23,Gnosis,389304.24338258157,7195,2917,130,2787,22295
2025-10-23,Holyheld,83955.3972149448,116,69,4,65,2659
2025-10-23,Karta,0.0,0,0,0,0,1
2025-10-23,KAST,2918329.2607830935,3027,2260,376,1884,74304
2025-10-23,Kolo,148708.66,1,1,0,1,4
2025-10-23,MetaMask,184053.90646964769,2892,1261,46,1215,13685
2025-10-23,Phantom Cash,326.72,13,9,4,5,20
2025-10-23,Ready,98063.17999999993,707,707,40,667,2575
2025-10-23,RedotPay,8349536.806023938,9396,9029,606,8423,605973
2025-10-23,SafePal,72843.14179624943,4496,2012,118,1894,22046
2025-10-23,Solayer,43736.67763799999,300,243,23,220,6910
2025-10-23,Solflare,1364.4014999999997,39,1,0,1,1
2025-10-23,Tria,238747.50999999995,1274,919,329,590,1564
2025-10-23,Tuyo,10771.12,1,1,0,1,1
2025-10-24,Avalanche Card,74070.11,475,465,18,447,3513
2025-10-24,Avici,25313.670000000006,190,190,33,157,1052
2025-10-24,BFinance,95682.2,2614,844,133,711,12032
2025-10-24,Bitget Wallet,30402.6128687401,3655,1575,113,1462,9351
2025-10-24,Bitget Wallet,4406.7390000000005,99,0,0,0,1
2025-10-24,Bitget Wallet,9215.57,2,1,0,1,1
2025-10-24,Cypher,450424.3317753906,592,376,30,346,14986
2025-10-24,EtherFi,1368514.8730549943,14831,5112,259,4853,33679
2025-10-24,Exa,35243.98999999998,568,215,20,195,2174
2025-10-24,Gnosis,372279.27392405894,7533,3028,113,2915,22408
2025-10-24,Holyheld,122485.12214587045,126,71,4,67,2663
2025-10-24,Karta,438651.85,1,1,0,1,1
2025-10-24,KAST,2682128.301777172,2860,2278,348,1930,74652
2025-10-24,Kolo,115245.84,1,1,0,1,4
2025-10-24,MetaMask,226647.73721863737,3416,1394,30,1364,13715
2025-10-24,Phantom Cash,286.77,21,8,2,6,22
2025-10-24,Ready,86690.07999999996,689,689,32,657,2607
2025-10-24,RedotPay,8680869.441020915,10222,10065,578,9487,606551
2025-10-24,SafePal,79191.87958883983,5049,2072,118,1954,22164
2025-10-24,Solayer,73587.290028,281,238,17,221,6927
2025-10-24,Solflare,2113.8408000000004,63,1,0,1,1
2025-10-24,Tria,444307.9800000002,1323,1202,205,997,1769
2025-10-24,Tuyo,14051.74,1,1,0,1,1
2025-10-25,Avalanche Card,66538.96999999997,335,326,18,308,3531
2025-10-25,Avici,11373.959999999997,99,98,10,88,1062
2025-10-25,BFinance,83607.09,2282,706,119,587,12151
2025-10-25,Bitget Wallet,28675.307675079945,3795,1510,111,1399,9462
2025-10-25,Bitget Wallet,2035.395,45,0,0,0,1
2025-10-25,Bitget Wallet,10830.8,2,1,0,1,1
2025-10-25,Cypher,388661.71229116624,550,367,41,326,15027
2025-10-25,EtherFi,1119362.6320440166,15405,5063,210,4853,33889
2025-10-25,Exa,20204.3,554,179,7,172,2181
2025-10-25,Gnosis,380122.2134479482,8026,2961,70,2891,22478
2025-10-25,Holyheld,81923.85780716207,137,67,3,64,2666
2025-10-25,Karta,0.0,0,0,0,0,1
2025-10-25,KAST,2313049.2949940288,2813,2115,319,1796,74971
2025-10-25,Kolo,89643.8,1,1,0,1,4
2025-10-25,MetaMask,193057.31862750923,3582,1427,58,1369,13773
2025-10-25,Phantom Cash,436.28,30,11,2,9,24
2025-10-25,Ready,154219.7299999999,794,794,45,749,2652
2025-10-25,RedotPay,9629865.062056795,10071,9913,1040,8873,607591
2025-10-25,SafePal,77840.1066703303,5488,2087,150,1937,22314
2025-10-25,Solayer,49069.087555,261,208,14,194,6941
2025-10-25,Solflare,735.7389000000002,49,1,0,1,1
2025-10-25,Tria,197236.0699999999,877,871,113,758,1882
2025-10-25,Tuyo,20446.97,1,1,0,1,1
2025-10-26,Avalanche Card,47086.60000000001,319,310,10,300,3541
2025-10-26,Avici,25756.300000000003,104,104,14,90,1076
2025-10-26,BFinance,76646.45,2263,714,116,598,12267
2025-10-26,Bitget Wallet,26879.02662816998,3738,1572,132,1440,9594
2025-10-26,Bitget Wallet,2729.9400000000005,48,0,0,0,1
2025-10-26,Bitget Wallet,6718.120000000001,2,1,0,1,1
2025-10-26,Cypher,354559.30057743867,539,340,30,310,15057
2025-10-26,EtherFi,923379.0071980035,13949,4861,219,4642,34108
2025-10-26,Exa,26001.17999999996,499,189,21,168,2202
2025-10-26,Gnosis,305235.1022410601,5912,2490,60,2430,22538
2025-10-26,Holyheld,70700.77468994613,110,52,4,48,2670
2025-10-26,Karta,202949.7,1,1,0,1,1
2025-10-26,KAST,2669573.0473163677,2736,2009,306,1703,75277
2025-10-26,Kolo,124779.16,3,3,0,3,4
2025-10-26,MetaMask,151626.20400234027,2881,1225,34,1191,13807
2025-10-26,Phantom Cash,131.85999999999999,8,7,0,7,24
2025-10-26,Ready,111675.21999999996,733,733,38,695,2690
2025-10-26,RedotPay,6946455.296426737,8262,8078,823,7255,608414
2025-10-26,SafePal,70871.01408776954,5486,2147,143,2004,22457
2025-10-26,Solayer,49594.755918000024,232,186,4,182,6945
2025-10-26,Solflare,2941.9553999999985,60,1,0,1,1
2025-10-26,Tria,220761.45000000024,931,924,103,821,1985
2025-10-26,Tuyo,7653.82,1,1,0,1,1
2025-10-27,Avalanche Card,7304.57,80,78,3,75,3544
2025-10-27,Avici,961.3499999999999,20,20,2,18,1078
2025-10-27,BFinance,149455.83,2721,844,145,699,12412
2025-10-27,Bitget Wallet,35282.11204976964,3733,1681,134,1547,9728
2025-10-27,Bitget Wallet,2338.2324,45,0,0,0,1
2025-10-27,Bitget Wallet,4585.6,1,1,0,1,1
2025-10-27,Cypher,590948.4111484971,717,356,34,322,15091
2025-10-27,EtherFi,1219924.4784600069,13185,4857,196,4661,34304
2025-10-27,Exa,25367.110000000015,453,208,13,195,2215
2025-10-27,Gnosis,399012.1896030394,7357,3243,516,2727,23054
2025-10-27,Holyheld,392146.14155638526,165,77,8,69,2678
2025-10-27,Karta,0.0,0,0,0,0,1
2025-10-27,KAST,3355921.6735874824,2877,2250,335,1915,75612
2025-10-27,Kolo,0.0,0,0,0,0,4
2025-10-27,MetaMask,182093.77364563246,3208,1406,50,1356,13857
2025-10-27,Phantom Cash,361.84000000000003,12,7,0,7,24
2025-10-27,Ready,98854.23000000014,814,814,21,793,2711
2025-10-27,RedotPay,13068114.27577505,15701,15190,1388,13802,609802
2025-10-27,SafePal,72952.87346787956,4867,2101,125,1976,22582
2025-10-27,Solayer,69800.627848,263,212,11,201,6956
2025-10-27,Solflare,1406.1502000000005,37,1,0,1,1
2025-10-27,Tria,19298.320000000003,181,180,16,164,2001
2025-10-27,Tuyo,0.0,0,0,0,0,1
2025-10-28,Avalanche Card,99744.15999999997,464,453,35,418,3579
2025-10-28,Avici,18524.180000000008,171,171,34,137,1112
2025-10-28,BFinance,99670.32,2684,851,154,697,12566
2025-10-28,Bitget Wallet,31256.492294429616,3878,1747,271,1476,9999
2025-10-28,Bitget Wallet,6443.775000000002,56,0,0,0,1
2025-10-28,Bitget Wallet,4450.37,2,1,0,1,1
2025-10-28,Cypher,501636.96240443236,558,332,38,294,15129
2025-10-28,EtherFi,1122658.6686850092,13611,5043,234,4809,34538
2025-10-28,Exa,25138.409999999953,430,184,8,176,2223
2025-10-28,Gnosis,429872.34505590994,6725,3056,265,2791,23319
2025-10-28,Holyheld,121260.48025964534,142,75,2,73,2680
2025-10-28,Karta,0.0,0,0,0,0,1
2025-10-28,KAST,3454978.7710478767,2927,2224,343,1881,75955
2025-10-28,Kolo,105811.41,1,1,0,1,4
2025-10-28,MetaMask,188224.0133141991,3328,1393,59,1334,13916
2025-10-28,Phantom Cash,566.9300000000001,7,4,0,4,24
2025-10-28,Ready,110826.68999999992,797,797,33,764,2744
2025-10-28,RedotPay,9406810.579527961,11944,11750,3315,8435,613117
2025-10-28,SafePal,61888.80513925945,4750,2089,131,1958,22713
2025-10-28,Solayer,199747.4609010001,252,209,7,202,6963
2025-10-28,Solflare,1738.3846000000003,52,1,0,1,1
2025-10-28,Tria,543215.7899999996,1278,1265,178,1087,2179
2025-10-28,Tuyo,13113.17,1,1,0,1,1
2025-10-29,Avalanche Card,45929.470000000016,364,355,17,338,3596
2025-10-29,Avici,27230.680000000004,153,153,25,128,1137
2025-10-29,BFinance,88607.64,2721,829,137,692,12703
2025-10-29,Bitget Wallet,41387.99042541935,5010,2333,726,1607,10725
2025-10-29,Bitget Wallet,16042.176700000002,134,0,0,0,1
2025-10-29,Bitget Wallet,15441.009999999998,2,1,0,1,1
2025-10-29,Cypher,397770.8843246845,466,322,30,292,15159
2025-10-29,EtherFi,1076784.8873849942,13624,5114,235,4879,34773
2025-10-29,Exa,46607.070000000014,452,187,15,172,2238
2025-10-29,Gnosis,360536.51073127653,6978,2887,115,2772,23434
2025-10-29,Holyheld,135333.66243782546,119,67,3,64,2683
2025-10-29,Karta,272742.97,1,1,0,1,1
2025-10-29,KAST,3027946.475632585,2859,2154,347,1807,76302
2025-10-29,Kolo,167729.58,1,1,0,1,4
2025-10-29,MetaMask,224930.2662117633,3341,1429,54,1375,13970
2025-10-29,Phantom Cash,147.76999999999998,5,4,1,3,25
2025-10-29,Ready,108605.88999999994,778,778,33,745,2777
2025-10-29,RedotPay,13539560.181301327,11626,11422,2056,9366,615173
2025-10-29,SafePal,64378.649651799176,4820,2133,129,2004,22842
2025-10-29,Solayer,136370.27875800003,247,209,10,199,6973
2025-10-29,Solflare,3463.4090000000015,46,1,0,1,1
2025-10-29,Tria,237339.23999999993,1167,1150,126,1024,2305
2025-10-29,Tuyo,7804.41,1,1,0,1,1
2025-10-30,Avalanche Card,43028.87999999998,138,134,7,127,3603
2025-10-30,Avici,8314.429999999998,58,58,10,48,1147
2025-10-30,BFinance,99424.55,2445,761,120,641,12823
2025-10-30,Bitget Wallet,36710.198372249404,5306,2524,665,1859,11390
2025-10-30,Bitget Wallet,11419.457699999995,132,0,0,0,1
2025-10-30,Bitget Wallet,8250.7,2,1,0,1,1
2025-10-30,Cypher,448533.90367094526,523,348,31,317,15190
2025-10-30,EtherFi,1156138.6894860037,15775,5785,885,4900,35658
2025-10-30,Exa,49372.42999999998,582,205,7,198,2245
2025-10-30,Gnosis,393614.03029049933,7082,2927,96,2831,23530
2025-10-30,Holyheld,165678.19210110194,149,80,4,76,2687
2025-10-30,Karta,0.0,0,0,0,0,1
2025-10-30,KAST,3162660.733730105,2887,2214,402,1812,76704
2025-10-30,Kolo,87675.87,1,1,0,1,4
2025-10-30,MetaMask,215626.9384452341,3355,1425,46,1379,14016
2025-10-30,Phantom Cash,23.12,1,1,0,1,25
2025-10-30,Ready,108635.98911800004,774,774,29,745,2806
2025-10-30,RedotPay,9977447.658528723,10492,9987,529,9458,615702
2025-10-30,SafePal,76532.22165499962,4839,2153,145,2008,22987
2025-10-30,Solayer,52508.920000000006,230,187,8,179,6981
2025-10-30,Solflare,815.9992,33,1,0,1,1
2025-10-30,Tria,129442.24999999999,362,358,31,327,2336
2025-10-30,Tuyo,0.0,0,0,0,0,1
2025-10-31,Avalanche Card,61590.03999999997,429,419,24,395,3627
2025-10-31,Avici,61527.66000000002,222,222,39,183,1186
2025-10-31,BFinance,130560.5,2216,711,102,609,12925
2025-10-31,Bitget Wallet,40333.12714095932,5570,2582,530,2052,11920
2025-10-31,Bitget Wallet,9869.0085,93,0,0,0,1
2025-10-31,Bitget Wallet,4483.9,2,1,0,1,1
2025-10-31,Cypher,329224.1222127924,576,375,41,334,15231
2025-10-31,EtherFi,1250606.44792802,16428,5587,315,5272,35973
2025-10-31,Exa,21469.29,472,183,13,170,2258
2025-10-31,Gnosis,452004.8916960816,7688,2990,87,2903,23617
2025-10-31,Holyheld,220337.96026594887,179,88,3,85,2690
2025-10-31,Karta,0.0,0,0,0,0,1
2025-10-31,KAST,3780573.0825168304,3129,2411,360,2051,77064
2025-10-31,Kolo,61340.31,1,1,0,1,4
2025-10-31,MetaMask,198316.5431840581,3169,1343,49,1294,14065
2025-10-31,Phantom Cash,104.32,3,3,1,2,26
2025-10-31,Ready,147467.11000000025,886,886,38,848,2844
2025-10-31,RedotPay,10059030.69336151,12317,12060,1687,10373,617389
2025-10-31,SafePal,84847.31368269984,5098,2199,134,2065,23121
2025-10-31,Solayer,50935.07495099998,249,215,7,208,6988
2025-10-31,Solflare,761.1531999999996,31,1,0,1,1
2025-10-31,Tria,145648.02,597,593,81,512,2417
2025-10-31,Tuyo,21530.06,1,1,0,1,1
2025-11-01,Avalanche Card,49788.57999999993,353,337,20,317,3647
2025-11-01,Avici,30925.15,151,151,21,130,1207
2025-11-01,BFinance,96857.52,2425,886,96,790,13021
2025-11-01,Bitget Wallet,44510.697863409296,5856,2577,453,2124,12373
2025-11-01,Bitget Wallet,12458.91,108,0,0,0,1
2025-11-01,Bitget Wallet,6513.97,2,1,0,1,1
2025-11-01,Cypher,390898.01205075363,538,348,29,319,15260
2025-11-01,EtherFi,1348673.8813690033,16928,5649,268,5381,36241
2025-11-01,Exa,29054.319999999985,568,212,12,200,2270
2025-11-01,Gnosis,446399.1351632413,7983,2967,84,2883,23701
2025-11-01,Holyheld,78350.64673835636,114,63,1,62,2691
2025-11-01,Karta,238361.52,1,1,0,1,1
2025-11-01,KAST,2635575.3558160225,2933,2248,314,1934,77378
2025-11-01,Kolo,73805.37,1,1,0,1,4
2025-11-01,MetaMask,224858.38711360938,3474,1382,59,1323,14124
2025-11-01,Phantom Cash,29.27,4,3,1,2,27
2025-11-01,Ready,126121.30000000012,803,803,45,758,2889
2025-11-01,RedotPay,10960428.5966737,12089,11475,632,10843,618021
2025-11-01,SafePal,93167.16790829146,5770,2251,126,2125,23247
2025-11-01,Solayer,64385.72086700001,258,204,10,194,6998
2025-11-01,Solflare,1460.2327,44,1,0,1,1
2025-11-01,Tria,964717.9099999986,1843,1633,254,1379,2671
2025-11-01,Tuyo,10078.1,1,1,0,1,1
2025-11-02,Avalanche Card,31145.96999999999,311,304,23,281,3670
2025-11-02,Avici,27649.949999999997,167,166,17,149,1224
2025-11-02,BFinance,77815.56,2139,720,93,627,13114
2025-11-02,Bitget Wallet,41596.794949489435,5633,2525,368,2157,12741
2025-11-02,Bitget Wallet,6977.802499999998,83,0,0,0,1
2025-11-02,Bitget Wallet,11949.83,1,1,0,1,1
2025-11-02,Cypher,277076.78817203245,478,328,21,307,15281
2025-11-02,EtherFi,948971.3259699986,14712,5363,213,5150,36454
2025-11-02,Exa,38645.689999999995,439,178,8,170,2278
2025-11-02,Gnosis,367727.53479450144,6318,2593,83,2510,23784
2025-11-02,Holyheld,61314.24769260094,107,59,4,55,2695
2025-11-02,Karta,0.0,0,0,0,0,1
2025-11-02,KAST,2299971.3295646217,2744,2088,288,1800,77666
2025-11-02,Kolo,90935.06,1,1,0,1,4
2025-11-02,MetaMask,184614.1871322509,2986,1280,43,1237,14167
2025-11-02,Phantom Cash,2.1,1,1,0,1,27
2025-11-02,Ready,83994.31000000003,641,641,17,624,2906
2025-11-02,RedotPay,6776387.058349912,11673,11505,1303,10202,619324
2025-11-02,SafePal,73592.24059735987,5194,2060,104,1956,23351
2025-11-02,Solayer,35762.47879900001,218,184,6,178,7004
2025-11-02,Solflare,1049.1873,36,1,0,1,1
2025-11-02,Tria,316039.41,893,878,118,760,2789
2025-11-02,Tuyo,29592.45,1,1,0,1,1
2025-11-03,Avalanche Card,37944.289999999964,215,213,13,200,3683
2025-11-03,Avici,18199.45,117,116,19,97,1243
2025-11-03,BFinance,82038.24,2199,784,103,681,13217
2025-11-03,Bitget Wallet,39303.083573369506,5058,2404,342,2062,13083
2025-11-03,Bitget Wallet,13104.331800000004,78,0,0,0,1
2025-11-03,Bitget Wallet,10597.56,1,1,0,1,1
2025-11-03,Cypher,589624.7904537247,496,336,28,308,15309
2025-11-03,EtherFi,1454883.3939099957,14342,5308,231,5077,36685
2025-11-03,Exa,39949.819999999934,453,172,12,160,2290
2025-11-03,Gnosis,397532.14792401996,7086,2845,75,2770,23859
2025-11-03,Holyheld,403448.1511651114,153,78,4,74,2699
2025-11-03,Karta,0.0,0,0,0,0,1
2025-11-03,KAST,3387031.970915743,2835,2208,314,1894,77980
2025-11-03,Kolo,0.0,0,0,0,0,4
2025-11-03,MetaMask,223142.0578581965,3152,1375,42,1333,14209
2025-11-03,Phantom Cash,58.67999999999999,3,2,1,1,28
2025-11-03,Ready,158779.4742570001,973,973,30,943,2936
2025-11-03,RedotPay,10821154.275119098,9553,9400,1124,8276,620448
2025-11-03,SafePal,65027.587818999535,4615,2064,112,1952,23463
2025-11-03,Solayer,74665.94741200002,228,188,6,182,7010
2025-11-03,Solflare,854.3589999999999,40,1,0,1,1
2025-11-03,Tria,307606.26000000036,999,996,143,853,2932
2025-11-03,Tuyo,0.0,0,0,0,0,1
2025-11-04,Avalanche Card,22611.059999999998,238,229,13,216,3696
2025-11-04,Avici,27451.199999999997,148,148,15,133,1258
2025-11-04,BFinance,84647.54,2302,798,112,686,13329
2025-11-04,Bitget Wallet,51808.26194464942,5013,2419,324,2095,13407
2025-11-04,Bitget Wallet,8729.975,60,0,0,0,1
2025-11-04,Bitget Wallet,11245.34,2,1,0,1,1
2025-11-04,Cypher,299000.6946926246,505,327,24,303,15333
2025-11-04,EtherFi,1163682.6632680004,13926,5278,214,5064,36899
2025-11-04,Exa,25698.77999999999,429,162,9,153,2299
2025-11-04,Gnosis,393169.5498895959,6433,2729,82,2647,23941
2025-11-04,Holyheld,147535.51283940458,131,66,0,66,2699
2025-11-04,Karta,0.0,0,0,0,0,1
2025-11-04,KAST,2556589.374355582,2705,2032,286,1746,78266
2025-11-04,Kolo,183010.25,1,1,0,1,4
2025-11-04,MetaMask,201370.0044037692,2981,1337,31,1306,14240
2025-11-04,Phantom Cash,22.57,5,3,0,3,28
2025-11-04,Ready,171280.11000000004,919,919,37,882,2973
2025-11-04,RedotPay,9670415.812981972,12041,11676,1247,10429,621695
2025-11-04,SafePal,58403.016038839465,4530,2031,134,1897,23597
2025-11-04,Solayer,68405.30628700001,221,187,15,172,7025
2025-11-04,Solflare,949.5414,40,1,0,1,1
2025-11-04,Tria,987741.6861010003,1351,1210,171,1039,3103
2025-11-04,Tuyo,59389.02,1,1,0,1,1
2025-11-05,Avalanche Card,91583.80000000003,347,326,22,304,3718
2025-11-05,Avici,41463.88,161,161,17,144,1275
2025-11-05,BFinance,98727.28,2652,828,133,695,13462
2025-11-05,Bitget Wallet,40566.006936159836,5338,2493,318,2175,13725
2025-11-05,Bitget Wallet,11019.465,81,0,0,0,1
2025-11-05,Bitget Wallet,6105.759999999999,2,1,0,1,1
2025-11-05,Cypher,487318.33760843344,490,320,31,289,15364
2025-11-05,EtherFi,1154731.3850260028,13975,5248,191,5057,37090
2025-11-05,Exa,29612.41,516,190,7,183,2306
2025-11-05,Gnosis,403127.93506703817,6982,2854,112,2742,24053
2025-11-05,Holyheld,241962.6764387405,143,76,5,71,2704
2025-11-05,Karta,0.0,0,0,0,0,1
2025-11-05,KAST,2431315.9534728928,2642,2050,273,1777,78539
2025-11-05,Kolo,107001.93,1,1,0,1,4
2025-11-05,MetaMask,184212.3087181817,2951,1290,44,1246,14284
2025-11-05,Phantom Cash,16.75,3,3,0,3,28
2025-11-05,Ready,147341.68116300003,870,870,36,834,3009
2025-11-05,RedotPay,16623330.257397328,13474,12936,1427,11509,623122
2025-11-05,SafePal,70502.27831049962,4769,2171,143,2028,23740
2025-11-05,Solayer,99450.25693499995,264,218,21,197,7046
2025-11-05,Solflare,1604.5834,10,1,0,1,1
2025-11-05,Tria,367769.1299999995,1358,1313,164,1149,3267
2025-11-05,Tuyo,15739.11,1,1,0,1,1
2025-11-06,Avalanche Card,56404.38000000003,438,357,25,332,3743
2025-11-06,Avici,38412.09000000002,230,206,26,180,1301
2025-11-06,BFinance,91050.36,2571,849,123,726,13585
2025-11-06,Bitget Wallet,41187.7161928496,5558,2673,374,2299,14099
2025-11-06,Bitget Wallet,9607.5675,83,0,0,0,1
2025-11-06,Bitget Wallet,16471.61,2,1,0,1,1
2025-11-06,Cypher,447883.5121621363,611,389,35,354,15399
2025-11-06,EtherFi,1131986.6025390108,14914,5430,179,5251,37269
2025-11-06,Exa,20834.229999999996,459,169,6,163,2312
2025-11-06,Gnosis,371998.9759330983,6989,2841,60,2781,24113
2025-11-06,Holyheld,258332.50535978997,175,84,4,80,2708
2025-11-06,Karta,0.0,0,0,0,0,1
2025-11-06,KAST,2534608.6077910196,3050,2389,386,2003,78925
2025-11-06,Kolo,122242.57,2,2,0,2,4
2025-11-06,MetaMask,164462.4595347546,2998,1320,43,1277,14327
2025-11-06,Phantom Cash,114.33999999999999,5,4,0,4,28
2025-11-06,Ready,138399.70999999988,913,913,35,878,3044
2025-11-06,RedotPay,14695067.44052942,10900,10628,1539,9089,624661
2025-11-06,SafePal,68582.1126240993,5136,2173,159,2014,23899
2025-11-06,Solayer,64474.46268600001,245,199,14,185,7060
2025-11-06,Solflare,1154.0381,20,1,0,1,1
2025-11-06,Tria,486451.2799999994,2065,1711,226,1485,3493
2025-11-06,Tuyo,40848.49,1,1,0,1,1
2025-11-07,Avalanche Card,61279.44000000001,338,317,22,295,3765
2025-11-07,Avici,23498.83,193,193,27,166,1328
2025-11-07,BFinance,83771.49,2354,832,108,724,13693
2025-11-07,Bitget Wallet,48207.380289619236,5859,2723,337,2386,14436
2025-11-07,Bitget Wallet,9909.379999999996,63,0,0,0,1
2025-11-07,Bitget Wallet,14295.86,2,1,0,1,1
2025-11-07,Cypher,407863.03448967135,523,341,25,316,15424
2025-11-07,EtherFi,1258773.2398120163,15960,5593,172,5421,37441
2025-11-07,Exa,35817.490000000005,514,185,11,174,2323
2025-11-07,Gnosis,399902.73016726883,7353,2947,75,2872,24188
2025-11-07,Holyheld,139374.91525633482,142,85,6,79,2714
2025-11-07,Karta,0.0,0,0,0,0,1
2025-11-07,KAST,3269006.9784512073,2987,2320,367,1953,79292
2025-11-07,Kolo,79025.06,1,1,0,1,4
2025-11-07,MetaMask,205711.40843460907,3181,1398,48,1350,14375
2025-11-07,Phantom Cash,135.64,3,3,1,2,29
2025-11-07,Ready,120238.63964499997,920,920,45,875,3089
2025-11-07,RedotPay,8364546.655892331,7925,7767,1399,6368,626060
2025-11-07,SafePal,76736.20308942016,5054,2180,119,2061,24018
2025-11-07,Solayer,56264.06033899998,249,213,12,201,7072
2025-11-07,Solflare,768.8425000000002,23,1,0,1,1
2025-11-07,Tria,322430.64000000036,1495,1468,121,1347,3614
2025-11-07,Tuyo,0.0,0,0,0,0,1
2025-11-08,Avalanche Card,45995.069999999985,324,318,33,285,3798
2025-11-08,Avici,35943.57000000001,215,214,32,182,1360
2025-11-08,BFinance,80834.56,2386,782,80,702,13773
2025-11-08,Bitget Wallet,51243.07481931895,6289,2787,319,2468,14755
2025-11-08,Bitget Wallet,6581.922499999998,92,0,0,0,1
2025-11-08,Bitget Wallet,7335.0199999999995,2,1,0,1,1
2025-11-08,Cypher,443114.979054899,502,326,26,300,15450
2025-11-08,EtherFi,1035048.226615005,16930,5539,162,5377,37603
2025-11-08,Exa,22875.139999999985,471,175,8,167,2331
2025-11-08,Gnosis,395022.1290812004,8098,2989,87,2902,24275
2025-11-08,Holyheld,122094.30890074087,137,75,4,71,2718
2025-11-08,Karta,269447.83,1,1,0,1,1
2025-11-08,KAST,3404247.619385565,2977,2270,274,1996,79566
2025-11-08,Kolo,129303.78,1,1,0,1,4
2025-11-08,MetaMask,186423.5091944598,3481,1400,41,1359,14416
2025-11-08,Phantom Cash,108.35000000000001,3,2,0,2,29
2025-11-08,Ready,103867.23000000014,789,789,34,755,3123
2025-11-08,RedotPay,8983957.501624802,8561,8419,242,8177,626302
2025-11-08,SafePal,80549.41735827984,5802,2157,117,2040,24135
2025-11-08,Solayer,103642.87672900004,241,202,9,193,7081
2025-11-08,Solflare,0.0,0,0,0,0,1
2025-11-08,Tria,273819.22999999986,1553,1534,101,1433,3715
2025-11-08,Tuyo,38809.88,1,1,0,1,1
2025-11-09,Avalanche Card,56407.68000000002,328,322,20,302,3818
2025-11-09,Avici,32642.960000000006,216,215,23,192,1383
2025-11-09,BFinance,90267.19,2132,723,89,634,13862
2025-11-09,Bitget Wallet,47791.512257979186,6153,2753,307,2446,15062
2025-11-09,Bitget Wallet,8201.162499999999,77,0,0,0,1
2025-11-09,Bitget Wallet,12961.62,2,1,0,1,1
2025-11-09,Cypher,349425.5475241924,525,342,41,301,15491
2025-11-09,EtherFi,1120030.3012929999,14738,5257,142,5115,37745
2025-11-09,Exa,22963.95,489,185,8,177,2339
2025-11-09,Gnosis,260675.04670075994,5848,2468,41,2427,24316
2025-11-09,Holyheld,114090.05179179621,100,56,6,50,2724
2025-11-09,Karta,178743.3,1,1,0,1,1
2025-11-09,KAST,2286750.1785910977,2691,2041,273,1768,79839
2025-11-09,Kolo,133461.19,2,2,0,2,4
2025-11-09,MetaMask,139959.76059531196,2662,1175,26,1149,14442
2025-11-09,Phantom Cash,121.91,2,2,0,2,29
2025-11-09,Ready,147808.38000000018,931,931,51,880,3174
2025-11-09,RedotPay,6812335.655844146,11054,10875,829,10046,627131
2025-11-09,SafePal,65019.818885119064,5335,2149,127,2022,24262
2025-11-09,Solayer,35783.93343699999,221,180,9,171,7090
2025-11-09,Solflare,3040.2825999999995,27,1,0,1,1
2025-11-09,Tria,500713.3900000002,1473,1459,116,1343,3831
2025-11-09,Tuyo,35592.16,1,1,0,1,1
2025-11-10,Avalanche Card,61220.87999999999,305,300,25,275,3843
2025-11-10,Avici,32548.669999999984,214,213,29,184,1412
2025-11-10,BFinance,92851.23,2627,827,122,705,13984
2025-11-10,Bitget Wallet,59404.84597022943,6040,2715,299,2416,15361
2025-11-10,Bitget Wallet,7318.442499999999,84,0,0,0,1
2025-11-10,Bitget Wallet,5918.62,2,1,0,1,1
2025-11-10,Cypher,333062.4339693162,617,417,47,370,15538
2025-11-10,EtherFi,1309815.1602220025,14349,5347,187,5160,37932
2025-11-10,Exa,35523.789999999804,620,210,32,178,2371
2025-11-10,Gnosis,341694.01020939887,6836,2750,64,2686,24380
2025-11-10,Holyheld,425147.55860295123,147,75,2,73,2726
2025-11-10,Karta,162323.58,1,1,0,1,1
2025-11-10,KAST,3219031.4044056945,3098,2397,396,2001,80235
2025-11-10,Kolo,94598.72,1,1,0,1,4
2025-11-10,MetaMask,166445.18540100835,2917,1325,39,1286,14481
2025-11-10,Phantom Cash,168.86999999999998,8,2,0,2,29
2025-11-10,Ready,141417.1500000001,1003,1003,37,966,3211
2025-11-10,RedotPay,9098273.438017106,8223,8069,647,7422,627778
2025-11-10,SafePal,62441.3727069996,5019,2156,111,2045,24373
2025-11-10,Solayer,67004.141514,227,192,9,183,7099
2025-11-10,Solflare,1177.8416000000002,23,1,0,1,1
2025-11-10,Tria,329512.6199999993,975,958,76,882,3907
2025-11-10,Tuyo,22478.12,1,1,0,1,1
2025-11-11,Avalanche Card,293.53,22,22,0,22,3843
2025-11-11,Avici,141.56,5,5,0,5,1412
2025-11-11,BFinance,96509.77,2604,890,106,784,14090
2025-11-11,Bitget Wallet,55513.74064797922,6267,2833,343,2490,15704
2025-11-11,Bitget Wallet,13891.394999999999,93,0,0,0,1
2025-11-11,Bitget Wallet,8188.93,2,1,0,1,1
2025-11-11,Cypher,322596.3514853618,609,394,53,341,15591
2025-11-11,EtherFi,1357142.3967650053,14731,5522,218,5304,38150
2025-11-11,Exa,21560.640000000007,600,201,21,180,2392
2025-11-11,Gnosis,333089.7565544997,6374,2767,50,2717,24430
2025-11-11,Holyheld,266098.7365173782,111,67,2,65,2728
2025-11-11,Karta,18846.01,1,1,0,1,1
2025-11-11,KAST,2803273.6272433028,3122,2417,392,2025,80627
2025-11-11,Kolo,738.23,1,1,0,1,4
2025-11-11,MetaMask,178507.884958497,2855,1302,48,1254,14529
2025-11-11,Phantom Cash,42.89,2,2,0,2,29
2025-11-11,Ready,165565.5335700002,1005,1005,46,959,3257
2025-11-11,RedotPay,12965498.31307534,12300,11937,869,11068,628647
2025-11-11,SafePal,74074.25855940994,4963,2105,104,2001,24477
2025-11-11,Solayer,79646.57884000002,223,176,3,173,7102
2025-11-11,Solflare,13301.6341,256,1,0,1,1
2025-11-11,Tria,3245.6,9,9,0,9,3907
2025-11-11,Tuyo,2032.47,1,1,0,1,1
2025-11-12,Avalanche Card,55404.47000000004,392,385,52,333,3895
2025-11-12,Avici,69619.43000000002,239,238,41,197,1453
2025-11-12,BFinance,96904.2,2553,850,104,746,14194
2025-11-12,Bitget Wallet,49039.53805306908,6261,2871,322,2549,16026
2025-11-12,Bitget Wallet,16345.612599999999,92,0,0,0,1
2025-11-12,Bitget Wallet,6506.27,2,1,0,1,1
2025-11-12,Cypher,403318.7556810664,554,362,40,322,15631
2025-11-12,EtherFi,1310458.2035990022,14669,5376,173,5203,38323
2025-11-12,Exa,36428.37999999988,637,199,7,192,2399
2025-11-12,Gnosis,379425.08623981336,7080,2775,52,2723,24482
2025-11-12,Holyheld,531193.9945305871,119,79,2,77,2730
2025-11-12,Karta,230873.3,1,1,0,1,1
2025-11-12,KAST,2487992.099122019,2923,2276,341,1935,80968
2025-11-12,Kolo,78740.42,1,1,0,1,4
2025-11-12,MetaMask,151138.1942889882,2951,1341,39,1302,14568
2025-11-12,Phantom Cash,168.16,3,3,0,3,29
2025-11-12,Ready,148351.83643000008,1068,1068,57,1011,3314
2025-11-12,RedotPay,15581532.52911327,12499,12232,2048,10184,630695
2025-11-12,SafePal,67968.98870785955,4996,2172,122,2050,24599
2025-11-12,Solayer,54934.185985,241,193,14,179,7116
2025-11-12,Solflare,1609.6083000000003,45,1,0,1,1
2025-11-12,Tria,195324.97966000013,1670,1650,146,1504,4053
2025-11-12,Tuyo,23361.47,1,1,0,1,1
2025-11-13,Avalanche Card,46202.50000000002,357,352,43,309,3938
2025-11-13,Avici,68531.38000000003,263,261,64,197,1517
2025-11-13,BFinance,107164.1,2623,888,122,766,14316
2025-11-13,Bitget Wallet,45322.94291033951,6283,2881,368,2513,16394
2025-11-13,Bitget Wallet,8244.674700000001,90,0,0,0,1
2025-11-13,Bitget Wallet,11647.349999999999,4,1,0,1,1
2025-11-13,Cypher,479693.48534732073,597,384,39,345,15670
2025-11-13,EtherFi,1317068.4806560108,14804,5476,173,5303,38496
2025-11-13,Exa,17721.03000000004,561,203,9,194,2408
2025-11-13,Gnosis,339034.4804889519,6668,2782,46,2736,24528
2025-11-13,Holyheld,221929.61087207415,116,65,2,63,2732
2025-11-13,Karta,268742.15,1,1,0,1,1
2025-11-13,KAST,2836156.59509687,3013,2333,323,2010,81291
2025-11-13,Kolo,74924.51000000001,2,2,0,2,4
2025-11-13,MetaMask,171693.82590325052,2832,1296,54,1242,14622
2025-11-13,Phantom Cash,87.0,2,2,0,2,29
2025-11-13,Ready,156996.43000000002,1012,1012,48,964,3362
2025-11-13,RedotPay,13614712.843951305,19329,18435,3195,15240,633890
2025-11-13,SafePal,68184.63308506986,5171,2189,137,2052,24736
2025-11-13,Solayer,65545.859838,213,182,16,166,7132
2025-11-13,Solflare,1655.895,37,1,0,1,1
2025-11-13,Tria,721127.940000001,1644,1629,100,1529,4153
2025-11-13,Tuyo,32262.94,1,1,0,1,1
2025-11-14,Avalanche Card,5987.24,82,81,4,77,3942
2025-11-14,Avici,6899.069999999999,36,36,2,34,1519
2025-11-14,BFinance,114171.74,2541,834,129,705,14445
2025-11-14,Bitget Wallet,48379.605553339396,6593,2885,250,2635,16644
2025-11-14,Bitget Wallet,11140.087499999994,78,0,0,0,1
2025-11-14,Bitget Wallet,6315.57,3,1,0,1,1
2025-11-14,Cypher,343340.28296408296,511,317,32,285,15702
2025-11-14,EtherFi,1113452.2592300132,16157,5556,204,5352,38700
2025-11-14,Exa,19809.829999999994,549,199,8,191,2416
2025-11-14,Gnosis,375335.51933281706,8271,2909,51,2858,24579
2025-11-14,Holyheld,122370.09469334049,156,77,5,72,2737
2025-11-14,Karta,0.0,0,0,0,0,1
2025-11-14,KAST,3849807.908129501,3028,2331,344,1987,81635
2025-11-14,Kolo,6302.03,1,1,0,1,4
2025-11-14,MetaMask,194103.24462064216,3219,1372,41,1331,14663
2025-11-14,Phantom Cash,46.42,3,2,1,1,30
2025-11-14,Ready,197028.80999999988,1155,1155,41,1114,3403
2025-11-14,RedotPay,9150859.502673237,16049,15590,3140,12450,637030
2025-11-14,SafePal,79687.37907283953,5275,2228,114,2114,24850
2025-11-14,Solayer,67414.57989000002,232,184,6,178,7138
2025-11-14,Solflare,3846.3637000000003,71,1,0,1,1
2025-11-14,Tria,65623.2100000001,1029,1009,10,999,4163
2025-11-14,Tuyo,2222.29,1,1,0,1,1
2025-11-15,Avalanche Card,174605.17999999993,695,685,102,583,4044
2025-11-15,Avici,123236.00000000001,538,530,146,384,1665
2025-11-15,BFinance,67178.68,2140,731,63,668,14508
2025-11-15,Bitget Wallet,48165.04250866861,6705,2943,308,2635,16952
2025-11-15,Bitget Wallet,19707.415000000005,101,0,0,0,1
2025-11-15,Bitget Wallet,13603.390000000001,4,1,0,1,1
2025-11-15,Cypher,393962.618076463,577,354,29,325,15731
2025-11-15,EtherFi,1020940.4274730202,17654,5635,181,5454,38881
2025-11-15,Exa,22238.03999999993,593,200,6,194,2422
2025-11-15,Gnosis,358461.8711010005,8740,2909,46,2863,24625
2025-11-15,Holyheld,162968.16188820708,132,66,3,63,2740
2025-11-15,Karta,707951.29,1,1,0,1,1
2025-11-15,KAST,2615918.8796251593,2941,2249,298,1951,81933
2025-11-15,Kolo,252793.96,1,1,0,1,4
2025-11-15,MetaMask,175477.24169930344,3469,1360,41,1319,14704
2025-11-15,Phantom Cash,26.81,4,3,0,3,30
2025-11-15,Ready,209944.81999999995,1045,1045,55,990,3458
2025-11-15,RedotPay,8445477.781095121,8591,8382,1187,7195,638217
2025-11-15,SafePal,93311.65701584936,6052,2196,125,2071,24975
2025-11-15,Solayer,40526.45938199998,212,176,2,174,7140
2025-11-15,Solflare,2459.6721999999995,51,1,0,1,1
2025-11-15,Tria,866128.2327320005,2567,2474,194,2280,4357
2025-11-15,Tuyo,114729.02,1,1,0,1,1
2025-11-16,Avalanche Card,49165.57999999998,398,394,29,365,4073
2025-11-16,Avici,53123.18000000002,322,320,61,259,1726
2025-11-16,BFinance,66811.38,2122,748,97,651,14605
2025-11-16,Bitget Wallet,54097.33626389875,6571,3037,480,2557,17432
2025-11-16,Bitget Wallet,11422.689999999993,92,0,0,0,1
2025-11-16,Bitget Wallet,7238.959999999999,5,1,0,1,1
2025-11-16,Cypher,262911.2016706372,461,294,24,270,15755
2025-11-16,EtherFi,975671.3351680081,15358,5447,214,5233,39095
2025-11-16,Exa,16847.930000000015,526,183,6,177,2428
2025-11-16,Gnosis,261879.6072170203,6078,2537,37,2500,24662
2025-11-16,Holyheld,51206.371664651095,121,54,1,53,2741
2025-11-16,Karta,0.0,0,0,0,0,1
2025-11-16,KAST,1839646.8663070404,2666,1985,278,1707,82211
2025-11-16,Kolo,63504.78,1,1,0,1,4
2025-11-16,MetaMask,133168.49554592403,2669,1202,32,1170,14736
2025-11-16,Phantom Cash,99.96,1,1,0,1,30
2025-11-16,Ready,130443.72574300002,1025,1025,45,980,3503
2025-11-16,RedotPay,7367363.066089126,11419,11210,1330,9880,639547
2025-11-16,SafePal,57959.51981781947,4978,2050,99,1951,25074
2025-11-16,Solayer,64075.603548999985,221,194,8,186,7148
2025-11-16,Solflare,1438.1965000000002,40,1,0,1,1
2025-11-16,Tria,509279.0889170003,1600,1562,72,1490,4429
2025-11-16,Tuyo,35452.22,1,1,0,1,1
2025-11-17,Avalanche Card,28932.220000000023,342,336,35,301,4108
2025-11-17,Avici,61865.94000000004,327,326,47,279,1773
2025-11-17,BFinance,100742.02,2678,905,120,785,14725
2025-11-17,Bitget Wallet,43629.98801342912,6010,2975,422,2553,17854
2025-11-17,Bitget Wallet,7863.67,79,0,0,0,1
2025-11-17,Bitget Wallet,5826.36,5,1,0,1,1
2025-11-17,Cypher,377543.3618283925,489,332,34,298,15789
2025-11-17,EtherFi,1224649.5449470046,14770,5404,205,5199,39300
2025-11-17,Exa,29789.09999999993,580,202,7,195,2435
2025-11-17,Gnosis,338110.5924467782,6872,2751,50,2701,24712
2025-11-17,Holyheld,211400.85554034146,133,70,0,70,2741
2025-11-17,Karta,200951.86,1,1,0,1,1
2025-11-17,KAST,2985738.577921025,2985,2211,306,1905,82517
2025-11-17,Kolo,81298.84,1,1,0,1,4
2025-11-17,MetaMask,186005.24226915868,2994,1299,58,1241,14794
2025-11-17,Phantom Cash,412.30999999999995,6,3,0,3,30
2025-11-17,Ready,136896.68000000008,1104,1104,44,1060,3547
2025-11-17,RedotPay,11424485.117327213,11900,11394,1042,10352,640589
2025-11-17,SafePal,62469.4629533396,4779,2081,122,1959,25196
2025-11-17,Solayer,76500.11694200001,231,199,14,185,7162
2025-11-17,Solflare,766.3737,37,1,0,1,1
2025-11-17,Tria,370113.7636030001,1050,1037,46,991,4475
2025-11-17,Tuyo,35289.54,1,1,0,1,1
2025-11-18,Avalanche Card,41830.95000000001,366,366,24,342,4132
2025-11-18,Avici,47584.18000000001,328,326,38,288,1811
2025-11-18,BFinance,84563.26,2249,833,117,716,14842
2025-11-18,Bitget Wallet,49600.31724102925,6044,2879,360,2519,18214
2025-11-18,Bitget Wallet,6919.790000000002,75,0,0,0,1
2025-11-18,Bitget Wallet,4608.160000000001,5,1,0,1,1
2025-11-18,Cypher,302813.09552142443,468,327,28,299,15817
2025-11-18,EtherFi,1308924.4829410028,14740,5358,185,5173,39485
2025-11-18,Exa,23643.689999999988,537,189,10,179,2445
2025-11-18,Gnosis,291685.45725892804,7384,2729,68,2661,24780
2025-11-18,Holyheld,57115.98651722349,113,61,1,60,2742
2025-11-18,Karta,274245.27,1,1,0,1,1
2025-11-18,KAST,2412289.1830811184,2173,1789,264,1525,82781
2025-11-18,Kolo,55274.74,1,1,0,1,4
2025-11-18,MetaMask,169792.8130791283,2689,1313,45,1268,14839
2025-11-18,Phantom Cash,126.66000000000001,8,4,0,4,30
2025-11-18,Ready,146695.25036000015,1154,1154,50,1104,3597
2025-11-18,RedotPay,14280258.7358583,24313,23919,4527,19392,645116
2025-11-18,SafePal,60270.574293099475,4749,2114,106,2008,25302
2025-11-18,Solayer,64423.94113400002,216,178,10,168,7172
2025-11-18,Solflare,2096.6373,56,1,0,1,1
2025-11-18,Tria,223555.8099999997,1820,1782,79,1703,4554
2025-11-18,Tuyo,43918.47,1,1,0,1,1
2025-11-19,Avalanche Card,43018.880000000034,304,304,31,273,4163
2025-11-19,Avici,27799.219999999994,239,238,33,205,1844
2025-11-19,BFinance,88549.46,2812,932,158,774,15000
2025-11-19,Bitget Wallet,44427.52106380911,6217,2887,288,2599,18502
2025-11-19,Bitget Wallet,9546.719999999998,83,0,0,0,1
2025-11-19,Bitget Wallet,5486.410000000001,4,1,0,1,1
2025-11-19,Cypher,505807.9780102388,557,353,44,309,15861
2025-11-19,EtherFi,1054993.9156719975,14634,5413,179,5234,39664
2025-11-19,Exa,15255.06000000003,471,199,17,182,2462
2025-11-19,Gnosis,303325.93420158146,7309,2727,40,2687,24820
2025-11-19,Holyheld,236555.83471259882,134,77,2,75,2744
2025-11-19,Karta,182661.18,1,1,0,1,1
2025-11-19,KAST,3199563.5634884634,3466,2610,353,2257,83134
2025-11-19,Kolo,30860.83,1,1,0,1,4
2025-11-19,MetaMask,112726.3497756165,2544,1193,37,1156,14876
2025-11-19,Phantom Cash,151.52,11,7,3,4,33
2025-11-19,Ready,130377.05964000005,1030,1030,53,977,3650
2025-11-19,RedotPay,10329604.398621803,12424,12092,2503,9589,647619
2025-11-19,SafePal,71176.83569434941,4649,2033,94,1939,25396
2025-11-19,Solayer,57678.833851999996,238,202,8,194,7180
2025-11-19,Solflare,1771.2257,45,1,0,1,1
2025-11-19,Tria,199986.0299960002,1464,1434,53,1381,4607
2025-11-19,Tuyo,16486.42,1,1,0,1,1
2025-11-20,Avalanche Card,92775.45000000003,422,422,48,374,4211
2025-11-20,Avici,204843.43999999997,401,395,61,334,1905
2025-11-20,BFinance,88851.94,2728,925,130,795,15130
2025-11-20,Bitget Wallet,61433.90583886849,7547,3532,434,3098,18936
2025-11-20,Bitget Wallet,24737.884999999995,135,0,0,0,1
2025-11-20,Bitget Wallet,8604.78,5,1,0,1,1
2025-11-20,Cypher,346122.6506133488,515,351,41,310,15902
2025-11-20,EtherFi,1348384.4064579909,15155,5575,160,5415,39824
2025-11-20,Exa,26105.769999999975,606,228,16,212,2478
2025-11-20,Gnosis,358448.1779387603,9050,2812,60,2752,24880
2025-11-20,Holyheld,343924.92555230635,117,74,2,72,2746
2025-11-20,Karta,459756.38,1,1,0,1,1
2025-11-20,KAST,3007855.0408993866,3131,2331,307,2024,83441
2025-11-20,Kolo,111904.97,1,1,0,1,4
2025-11-20,MetaMask,169072.02822110459,3064,1367,45,1322,14921
2025-11-20,Phantom Cash,238.58,9,7,0,7,33
2025-11-20,Ready,149917.41596500008,1105,1105,40,1065,3690
2025-11-20,RedotPay,9513656.596661298,8270,8153,382,7771,648001
2025-11-20,SafePal,74864.95856736971,4965,2102,111,1991,25507
2025-11-20,Solayer,87571.66094300004,263,225,6,219,7186
2025-11-20,Solflare,1650.2337000000002,50,1,0,1,1
2025-11-20,Tria,467004.5375090003,1765,1687,77,1610,4684
2025-11-20,Tuyo,24322.54,1,1,0,1,1
2025-11-21,Avalanche Card,78273.64000000006,356,356,24,332,4235
2025-11-21,Avici,32046.6,293,291,25,266,1930
2025-11-21,BFinance,109725.53,2742,896,128,768,15258
2025-11-21,Bitget Wallet,67580.46151861886,8036,3612,340,3272,19276
2025-11-21,Bitget Wallet,17206.969999999998,123,0,0,0,1
2025-11-21,Bitget Wallet,12699.85,5,1,0,1,1
2025-11-21,Cypher,483629.36852884025,509,338,18,320,15920
2025-11-21,EtherFi,1292971.306414005,15870,5714,192,5522,40016
2025-11-21,Exa,30337.469999999954,591,238,6,232,2484
2025-11-21,Gnosis,385036.4819825492,8577,2927,77,2850,24957
2025-11-21,Holyheld,222732.08893837064,145,83,0,83,2746
2025-11-21,Karta,231308.05,1,1,0,1,1
2025-11-21,KAST,2712188.9875735687,2605,2194,269,1925,83710
2025-11-21,Kolo,90140.72,1,1,0,1,4
2025-11-21,MetaMask,169509.87914946207,3171,1356,53,1303,14974
2025-11-21,Phantom Cash,58.26,5,4,1,3,34
2025-11-21,Ready,168268.38999999993,1201,1201,60,1141,3750
2025-11-21,RedotPay,12477005.933117272,15338,14804,2050,12754,650051
2025-11-21,SafePal,80494.30375555973,4901,2143,115,2028,25622
2025-11-21,Solayer,60622.089653999996,215,184,6,178,7192
2025-11-21,Solflare,1410.0844000000006,56,1,0,1,1
2025-11-21,Tria,436977.3700000002,1573,1550,71,1479,4755
2025-11-21,Tuyo,73459.56,1,1,0,1,1
2025-11-22,Avalanche Card,23418.94000000002,199,199,21,178,4256
2025-11-22,Avici,24175.380000000016,220,211,33,178,1963
2025-11-22,BFinance,101074.76,2599,814,103,711,15361
2025-11-22,Bitget Wallet,65371.04459053796,8752,3724,351,3373,19627
2025-11-22,Bitget Wallet,12260.939999999997,101,0,0,0,1
2025-11-22,Bitget Wallet,6147.620000000001,4,1,0,1,1
2025-11-22,Cypher,275221.1436942649,472,321,27,294,15947
2025-11-22,EtherFi,1159445.9965190059,16829,5775,151,5624,40167
2025-11-22,Exa,31637.10999999996,605,215,6,209,2490
2025-11-22,Gnosis,379783.0237432236,7730,2894,37,2857,24994
2025-11-22,Holyheld,84694.12520599004,124,65,1,64,2747
2025-11-22,Karta,126576.97,1,1,0,1,1
2025-11-22,KAST,2601820.264605235,2622,2037,239,1798,83949
2025-11-22,Kolo,86624.36,1,1,0,1,4
2025-11-22,MetaMask,189706.00910229827,3547,1434,96,1338,15070
2025-11-22,Phantom Cash,167.12,6,6,1,5,35
2025-11-22,Ready,140040.36000000013,949,949,52,897,3802
2025-11-22,RedotPay,6970563.104368619,7900,7791,749,7042,650800
2025-11-22,SafePal,69738.89502186923,4945,2156,104,2052,25726
2025-11-22,Solayer,73736.40944200002,216,179,6,173,7198
2025-11-22,Solflare,3266.0499000000004,48,1,0,1,1
2025-11-22,Tria,780435.7299999997,1466,1433,55,1378,4810
2025-11-22,Tuyo,15421.1,1,1,0,1,1
2025-11-23,Avalanche Card,120807.66000000003,482,482,52,430,4308
2025-11-23,Avici,105037.50999999997,486,475,59,416,2022
2025-11-23,BFinance,76123.3,2480,857,127,730,15488
2025-11-23,Bitget Wallet,64461.87235086813,8811,3687,275,3412,19902
2025-11-23,Bitget Wallet,14311.49,95,0,0,0,1
2025-11-23,Bitget Wallet,11419.7,4,1,0,1,1
2025-11-23,Cypher,245150.117866777,433,299,23,276,15970
2025-11-23,EtherFi,975314.9260310013,15120,5411,139,5272,40306
2025-11-23,Exa,30206.75999999998,583,197,2,195,2492
2025-11-23,Gnosis,295040.09580772545,6694,2450,65,2385,25059
2025-11-23,Holyheld,65512.25210519368,113,68,1,67,2748
2025-11-23,Karta,551448.66,1,1,0,1,1
2025-11-23,KAST,2203177.6731244004,1940,1576,169,1407,84118
2025-11-23,Kolo,157223.7,1,1,0,1,4
2025-11-23,MetaMask,136751.1592731653,2829,1272,90,1182,15160
2025-11-23,Phantom Cash,137.88,7,5,0,5,35
2025-11-23,Ready,154884.45999999996,1217,1217,55,1162,3857
2025-11-23,RedotPay,13589381.192375975,12021,11869,1952,9917,652752
2025-11-23,SafePal,62012.70336335887,5008,2052,84,1968,25810
2025-11-23,Solayer,45078.21287999999,218,182,7,175,7205
2025-11-23,Solflare,3420.4981,84,1,0,1,1
2025-11-23,Tria,1141492.1023730002,1798,1755,93,1662,4903
2025-11-23,Tuyo,60097.33,1,1,0,1,1
2025-11-24,Avalanche Card,21517.650000000012,278,278,19,259,4327
2025-11-24,Avici,30731.310000000023,289,283,37,246,2059
2025-11-24,BFinance,128970.4,2987,978,163,815,15651
2025-11-24,Bitget Wallet,65606.34576737802,8104,3694,284,3410,20186
2025-11-24,Bitget Wallet,14002.71,97,0,0,0,1
2025-11-24,Bitget Wallet,24742.559999999998,5,1,0,1,1
2025-11-24,Cypher,601035.4404059603,583,376,22,354,15992
2025-11-24,EtherFi,1437047.6541290071,15403,5511,172,5339,40478
2025-11-24,Exa,29851.05999999998,592,199,4,195,2496
2025-11-24,Gnosis,357700.6512506376,7129,2715,44,2671,25103
2025-11-24,Holyheld,277418.6303914799,128,68,6,62,2754
2025-11-24,Karta,167477.71,1,1,0,1,1
2025-11-24,KAST,3770255.806699186,3151,2460,279,2181,84397
2025-11-24,Kolo,63034.13,1,1,0,1,4
2025-11-24,MetaMask,184753.68912246588,2868,1305,38,1267,15198
2025-11-24,Phantom Cash,36.43,2,2,0,2,35
2025-11-24,Ready,122859.44999999997,1128,1128,36,1092,3893
2025-11-24,RedotPay,8581515.052545724,10509,10402,1701,8701,654453
2025-11-24,SafePal,67601.88708425923,4756,2065,115,1950,25925
2025-11-24,Solayer,56151.25070799999,240,200,14,186,7219
2025-11-24,Solflare,2034.411699999999,67,1,0,1,1
2025-11-24,Tria,537470.0299999999,1008,990,36,954,4939
2025-11-24,Tuyo,22206.73,1,1,0,1,1
2025-11-25,Avalanche Card,51430.549999999996,360,360,24,336,4351
2025-11-25,Avici,71326.27,355,342,42,300,2101
2025-11-25,BFinance,86760.14,3121,948,142,806,15793
2025-11-25,Bitget Wallet,71905.26244185939,8722,3919,390,3529,20576
2025-11-25,Bitget Wallet,10537.177500000002,93,0,0,0,1
2025-11-25,Bitget Wallet,12171.64,4,1,0,1,1
2025-11-25,Cypher,321336.72380741965,536,346,28,318,16020
2025-11-25,EtherFi,1271823.3749410002,15856,5559,119,5440,40597
2025-11-25,Exa,26900.19999999995,636,210,6,204,2502
2025-11-25,Gnosis,350425.75467957783,6568,2764,88,2676,25191
2025-11-25,Holyheld,110933.17810195804,126,75,2,73,2756
2025-11-25,Karta,217262.91,1,1,0,1,1
2025-11-25,KAST,3355702.433597284,3343,2662,401,2261,84798
2025-11-25,Kolo,60821.18,1,1,0,1,4
2025-11-25,MetaMask,218522.6433915871,2949,1364,59,1305,15257
2025-11-25,Phantom Cash,47.93,2,2,0,2,35
2025-11-25,Ready,156387.04287199996,1057,1056,33,1023,3926
2025-11-25,RedotPay,12463869.716259152,15582,15033,1748,13285,656201
2025-11-25,SafePal,77056.86713231976,4835,2110,141,1969,26066
2025-11-25,Solayer,55798.01539799998,204,172,5,167,7224
2025-11-25,Solflare,4241.816999999999,116,1,0,1,1
2025-11-25,Tria,444675.05000099994,1885,1855,66,1789,5005
2025-11-25,Tuyo,38648.76,1,1,0,1,1
2025-11-26,Avalanche Card,51034.27999999998,391,391,36,355,4387
2025-11-26,Avici,82807.18999999997,465,450,59,391,2160
2025-11-26,BFinance,92298.67,2977,955,147,808,15940
2025-11-26,Bitget Wallet,71861.6942625401,8733,4016,403,3613,20979
2025-11-26,Bitget Wallet,12698.759999999998,101,0,0,0,1
2025-11-26,Bitget Wallet,9056.449999999999,5,1,0,1,1
2025-11-26,Cypher,326491.5775111028,587,397,50,347,16070
2025-11-26,EtherFi,1346091.8121810087,16486,5664,174,5490,40771
2025-11-26,Exa,33351.25999999987,590,213,8,205,2510
2025-11-26,Gnosis,376504.59585885296,7232,2826,95,2731,25286
2025-11-26,Holyheld,161465.33952217418,135,69,5,64,2761
2025-11-26,Karta,358641.65,1,1,0,1,1
2025-11-26,KAST,3442789.798700164,3239,2474,337,2137,85135
2025-11-26,Kolo,106819.57,1,1,0,1,4
2025-11-26,MetaMask,156200.25272927684,3019,1361,47,1314,15304
2025-11-26,Phantom Cash,27.35,3,2,0,2,35
2025-11-26,Ready,163645.86213100026,1277,1277,45,1232,3971
2025-11-26,RedotPay,11755818.385936273,18895,18420,4199,14221,660400
2025-11-26,SafePal,77067.82722817,4887,2217,171,2046,26237
2025-11-26,Solayer,53422.54579199999,237,189,5,184,7229
2025-11-26,Solflare,7648.627100000001,116,1,0,1,1
2025-11-26,Tria,250440.0000000003,1859,1825,59,1766,5064
2025-11-26,Tuyo,57044.18,1,1,0,1,1
2025-11-27,Avalanche Card,55521.85000000001,404,404,45,359,4432
2025-11-27,Avici,83748.73999999998,485,469,62,407,2222
2025-11-27,BFinance,89151.09,3274,984,196,788,16136
2025-11-27,Bitget Wallet,73037.41004837984,9033,4191,454,3737,21433
2025-11-27,Bitget Wallet,8167.514099999998,104,0,0,0,1
2025-11-27,Bitget Wallet,11574.369999999999,6,1,0,1,1
2025-11-27,Cypher,417317.8272538671,554,369,50,319,16120
2025-11-27,EtherFi,1291873.4196269964,17448,5776,174,5602,40945
2025-11-27,Exa,24752.370000000003,553,209,6,203,2516
2025-11-27,Gnosis,404809.5781156216,6980,2862,66,2796,25352
2025-11-27,Holyheld,397424.2394593171,154,86,3,83,2764
2025-11-27,Karta,361010.66,1,1,0,1,1
2025-11-27,KAST,3468752.867574867,3229,2490,320,2170,85455
2025-11-27,Kolo,110279.29,1,1,0,1,4
2025-11-27,MetaMask,207695.7290175214,2907,1317,37,1280,15341
2025-11-27,Phantom Cash,88.5,2,2,0,2,35
2025-11-27,Ready,178914.75000000003,1138,1138,32,1106,4003
2025-11-27,RedotPay,9808007.048054844,10444,10090,1499,8591,661899
2025-11-27,SafePal,86508.1689813903,5431,2296,184,2112,26421
2025-11-27,Solayer,91709.20151999999,247,211,8,203,7237
2025-11-27,Solflare,3251.003,129,1,0,1,1
2025-11-27,Tria,773480.3300000003,1821,1790,66,1724,5130
2025-11-27,Tuyo,43224.76,1,1,0,1,1
2025-11-28,Avalanche Card,96116.03999999998,400,400,40,360,4472
2025-11-28,Avici,116347.81000000003,520,512,73,439,2295
2025-11-28,BFinance,133655.78,4089,1138,300,838,16436
2025-11-28,Bitget Wallet,78627.98027544998,9304,4180,388,3792,21821
2025-11-28,Bitget Wallet,19515.887500000008,103,0,0,0,1
2025-11-28,Bitget Wallet,16960.31,3,1,0,1,1
2025-11-28,Cypher,408475.6163587517,628,421,40,381,16160
2025-11-28,EtherFi,1495369.111841953,21055,6126,186,5940,41131
2025-11-28,Exa,36798.34999999991,576,219,7,212,2523
2025-11-28,Gnosis,497319.4993391324,7937,2986,44,2942,25396
2025-11-28,Holyheld,365352.7356378899,192,116,3,113,2767
2025-11-28,Karta,397931.47,1,1,0,1,1
2025-11-28,KAST,4133281.158607035,3582,2735,353,2382,85808
2025-11-28,Kolo,135439.0,1,1,0,1,4
2025-11-28,MetaMask,255291.91279543214,3655,1533,60,1473,15401
2025-11-28,Phantom Cash,26.91,4,4,0,4,35
2025-11-28,Ready,171331.04999999987,1265,1265,48,1217,4051
2025-11-28,RedotPay,10242277.315883467,11549,11297,446,10851,662345
2025-11-28,SafePal,85916.76569991036,5820,2279,143,2136,26564
2025-11-28,Solayer,83809.188026,283,222,11,211,7248
2025-11-28,Solflare,9115.158,148,1,0,1,1
2025-11-28,Tria,435649.61152499984,1740,1714,53,1661,5183
2025-11-28,Tuyo,78328.43,1,1,0,1,1
2025-11-29,Avalanche Card,92064.20999999996,421,420,45,375,4517
2025-11-29,Avici,91729.03000000001,483,475,59,416,2354
2025-11-29,BFinance,98767.92,3803,1102,287,815,16723
2025-11-29,Bitget Wallet,83158.81317424026,9742,4195,368,3827,22189
2025-11-29,Bitget Wallet,30566.985999999994,115,0,0,0,1
2025-11-29,Bitget Wallet,9426.4,5,1,0,1,1
2025-11-29,Cypher,424438.5826931015,602,381,42,339,16202
2025-11-29,EtherFi,1378891.3310229362,20792,6028,160,5868,41291
2025-11-29,Exa,31786.229999999934,586,201,1,200,2524
2025-11-29,Gnosis,412918.80382958986,7860,2866,30,2836,25426
2025-11-29,Holyheld,101137.7968290906,263,80,9,71,2776
2025-11-29,Karta,391769.73,1,1,0,1,1
2025-11-29,KAST,3212523.7024009093,3302,2429,339,2090,86147
2025-11-29,Kolo,68560.3,1,1,0,1,4
2025-11-29,MetaMask,204806.1963608066,3395,1410,42,1368,15443
2025-11-29,Phantom Cash,85.26,4,4,0,4,35
2025-11-29,Ready,429743.4535610003,1603,1603,97,1506,4148
2025-11-29,RedotPay,7465027.7588895,13196,12922,930,11992,663275
2025-11-29,SafePal,91018.93267961177,6000,2220,154,2066,26718
2025-11-29,Solayer,45912.054226999986,224,188,7,181,7255
2025-11-29,Solflare,5739.522600000001,177,1,0,1,1
2025-11-29,Tria,337167.481188,1823,1793,64,1729,5247
2025-11-29,Tuyo,126530.32,1,1,0,1,1
2025-11-30,Avalanche Card,99717.7,433,433,40,393,4557
2025-11-30,Avici,173183.68000000002,512,500,54,446,2408
2025-11-30,BFinance,120367.16,3877,1100,279,821,17002
2025-11-30,Bitget Wallet,93802.67294734028,9970,4267,408,3859,22597
2025-11-30,Bitget Wallet,13735.264999999996,104,0,0,0,1
2025-11-30,Bitget Wallet,7742.969999999999,5,1,0,1,1
2025-11-30,Cypher,381810.1918539072,564,356,40,316,16242
2025-11-30,EtherFi,1235722.3132259557,19436,5700,121,5579,41412
2025-11-30,Exa,31442.549999999927,571,196,5,191,2529
2025-11-30,Gnosis,331802.8916606897,6272,2586,26,2560,25452
2025-11-30,Holyheld,54450.97619387006,124,60,2,58,2778
2025-11-30,Karta,518937.46,1,1,0,1,1
2025-11-30,KAST,3052054.8729245136,2952,2190,268,1922,86415
2025-11-30,Kolo,148381.27,1,1,0,1,4
2025-11-30,MetaMask,211670.78230181203,2895,1290,36,1254,15479
2025-11-30,Phantom Cash,73.52,8,6,0,6,35
2025-11-30,Ready,626892.3064389998,1817,1817,84,1733,4232
2025-11-30,RedotPay,8018859.220675197,10001,9683,580,9103,663855
2025-11-30,SafePal,91020.08696447134,5881,2184,144,2040,26862
2025-11-30,Solayer,44497.63373600002,193,160,4,156,7259
2025-11-30,Solflare,11220.339799999998,290,1,0,1,1
2025-11-30,Tria,419215.27999999997,1792,1763,62,1701,5309
2025-11-30,Tuyo,468660.62,1,1,0,1,1
2025-12-01,Avalanche Card,63601.739999999954,417,417,25,392,4582
2025-12-01,Avici,95631.68000000008,489,481,38,443,2446
2025-12-01,BFinance,144576.32,4971,1428,356,1072,17358
2025-12-01,Bitget Wallet,87776.22111939972,9574,4382,438,3944,23035
2025-12-01,Bitget Wallet,17749.639999999996,84,0,0,0,1
2025-12-01,Bitget Wallet,9168.19,4,1,0,1,1
2025-12-01,Cypher,455865.708058705,565,361,20,341,16262
2025-12-01,EtherFi,2217608.6946809646,19510,5791,108,5683,41520
2025-12-01,Exa,27254.439999999944,557,219,5,214,2534
2025-12-01,Gnosis,376136.3918651831,6480,2809,80,2729,25532
2025-12-01,Holyheld,355789.49639899225,210,92,4,88,2782
2025-12-01,Karta,254120.7,1,1,0,1,1
2025-12-01,KAST,4009408.553858826,3420,2560,352,2208,86767
2025-12-01,Kolo,122340.58,1,1,0,1,4
2025-12-01,MetaMask,266537.39298295364,2704,1346,34,1312,15513
2025-12-01,Phantom Cash,7.52,2,2,1,1,36
2025-12-01,Ready,279082.54999999993,1488,1488,35,1453,4267
2025-12-01,RedotPay,16364816.841402287,10969,10579,915,9664,664770
2025-12-01,SafePal,116723.84923524979,5862,2464,188,2276,27050
2025-12-01,Solayer,56620.02790900002,238,208,5,203,7264
2025-12-01,Solflare,11325.774699999994,223,1,0,1,1
2025-12-01,Tria,473827.8499999998,1192,1170,39,1131,5348
2025-12-01,Tuyo,159910.9,1,1,0,1,1
2025-12-02,Avalanche Card,2682.7100000000005,27,27,1,26,4583
2025-12-02,Avici,1798.49,44,44,2,42,2448
2025-12-02,BFinance,131680.9,4954,1374,379,995,17737
2025-12-02,Bitget Wallet,75651.87983308981,9823,4575,573,4002,23608
2025-12-02,Bitget Wallet,34459.31999999999,97,0,0,0,1
2025-12-02,Bitget Wallet,14713.1,5,1,0,1,1
2025-12-02,Cypher,439492.8182837062,574,342,33,309,16295
2025-12-02,EtherFi,1724433.8525530044,18929,5644,153,5491,41673
2025-12-02,Exa,25454.789999999946,544,196,6,190,2540
2025-12-02,Gnosis,328836.4514247,6056,2727,83,2644,25615
2025-12-02,Holyheld,473763.99170758366,166,98,8,90,2790
2025-12-02,Karta,10672.33,1,1,0,1,1
2025-12-02,KAST,4419031.3399407705,3619,2724,466,2258,87233
2025-12-02,Kolo,2231.07,1,1,0,1,4
2025-12-02,MetaMask,191678.2486465789,2828,1260,34,1226,15547
2025-12-02,Phantom Cash,159.5,4,4,1,3,37
2025-12-02,Ready,253105.704979,1371,1371,39,1332,4306
2025-12-02,RedotPay,12313406.324559795,13509,12890,1647,11243,666417
2025-12-02,SafePal,83801.56351318008,5758,2374,177,2197,27227
2025-12-02,Solayer,48583.75691499999,208,174,7,167,7271
2025-12-02,Solflare,12289.416200000007,219,1,0,1,1
2025-12-02,Tria,49921.43999999998,597,595,10,585,5358
2025-12-02,Tuyo,8534.02,1,1,0,1,1
2025-12-03,Avalanche Card,69816.88,486,485,48,437,4631
2025-12-03,Avici,160177.11,560,545,58,487,2506
2025-12-03,BFinance,128106.81,4860,1376,341,1035,18078
2025-12-03,Bitget Wallet,99569.13797413869,10906,4923,727,4196,24335
2025-12-03,Bitget Wallet,14249.5175,110,0,0,0,1
2025-12-03,Bitget Wallet,6104.4,5,1,0,1,1
2025-12-03,Cypher,404257.2977867112,540,316,30,286,16325
2025-12-03,EtherFi,1827715.53666807,19086,5838,208,5630,41881
2025-12-03,Exa,24170.49999999999,457,178,6,172,2546
2025-12-03,Gnosis,324843.69289523124,6218,2656,48,2608,25663
2025-12-03,Holyheld,351553.2897146634,146,75,3,72,2793
2025-12-03,Karta,0.0,0,0,0,0,1
2025-12-03,KAST,3768194.1452008495,3560,2744,451,2293,87684
2025-12-03,Kolo,101560.41,1,1,0,1,4
2025-12-03,MetaMask,158036.21291529725,2941,1289,45,1244,15592
2025-12-03,Phantom Cash,126.27000000000001,4,4,0,4,37
2025-12-03,Ready,357455.0999999999,2138,1700,68,1632,4374
2025-12-03,RedotPay,12723391.368978446,13402,13033,2248,10785,668665
2025-12-03,SafePal,74537.85310806999,5420,2385,186,2199,27413
2025-12-03,Solayer,53983.12660800001,239,203,13,190,7284
2025-12-03,Solflare,24524.669800000018,325,1,0,1,1
2025-12-03,Tria,490260.56908400054,2465,2411,110,2301,5468
2025-12-03,Tuyo,119400.55,1,1,0,1,1
2025-12-04,Avalanche Card,139521.56000000003,585,584,54,530,4685
2025-12-04,Avici,213537.1200000001,654,639,59,580,2565
2025-12-04,BFinance,119465.3,4706,1334,343,991,18421
2025-12-04,Bitget Wallet,101177.89676164926,11555,5205,707,4498,25042
2025-12-04,Bitget Wallet,17311.39350000001,111,0,0,0,1
2025-12-04,Bitget Wallet,23193.05,3,1,0,1,1
2025-12-04,Cypher,373414.59593714745,610,359,35,324,16360
2025-12-04,EtherFi,1621164.0195690787,18891,5827,186,5641,42067
2025-12-04,Exa,17045.15000000003,408,172,7,165,2553
2025-12-04,Gnosis,296875.7257584908,6457,2724,45,2679,25708
2025-12-04,Holyheld,439926.7957243117,141,67,5,62,2798
2025-12-04,Karta,0.0,0,0,0,0,1
2025-12-04,KAST,4231934.607887425,3296,2520,321,2199,88005
2025-12-04,Kolo,205554.41,1,1,0,1,4
2025-12-04,MetaMask,160562.21892524813,2799,1267,37,1230,15629
2025-12-04,Phantom Cash,185.09,5,5,1,4,38
2025-12-04,Ready,150969.24000000002,1150,1150,31,1119,4405
2025-12-04,RedotPay,10786717.66445086,9079,8737,722,8015,669387
2025-12-04,SafePal,93058.34437105982,5808,2468,174,2294,27587
2025-12-04,Solayer,63984.477597000005,232,176,7,169,7291
2025-12-04,Solflare,5946.1836,145,1,0,1,1
2025-12-04,Tria,452456.56076700013,2064,2008,93,1915,5561
2025-12-04,Tuyo,252331.9,1,1,0,1,1
2025-12-05,Avalanche Card,51935.40999999998,313,313,18,295,4703
2025-12-05,Avici,62169.77,318,314,23,291,2588
2025-12-05,BFinance,145089.15,5170,1357,339,1018,18760
2025-12-05,Bitget Wallet,98772.7515505491,12442,5475,741,4734,25783
2025-12-05,Bitget Wallet,16103.132500000003,117,0,0,0,1
2025-12-05,Bitget Wallet,8934.26,3,1,0,1,1
2025-12-05,Cypher,363026.0295331524,626,355,31,324,16391
2025-12-05,EtherFi,1578598.113949028,20198,6039,170,5869,42237
2025-12-05,Exa,26041.929999999982,485,183,3,180,2556
2025-12-05,Gnosis,352081.82334513153,6875,2792,52,2740,25760
2025-12-05,Holyheld,347542.7047587395,146,80,4,76,2802
2025-12-05,Karta,250957.8,1,1,0,1,1
2025-12-05,KAST,3929504.503230249,3306,2536,345,2191,88350
2025-12-05,Kolo,107539.02,1,1,0,1,4
2025-12-05,MetaMask,165359.02995348512,3169,1333,44,1289,15673
2025-12-05,Phantom Cash,0.0,0,0,0,0,38
2025-12-05,Ready,226599.8700809998,1452,1452,47,1405,4452
2025-12-05,RedotPay,9639399.345339736,11770,11454,876,10578,670263
2025-12-05,SafePal,78667.58582050019,5775,2484,174,2310,27761
2025-12-05,Solayer,64164.13780299999,225,193,9,184,7300
2025-12-05,Solflare,9714.8882,276,1,0,1,1
2025-12-05,Tria,359583.74694499956,1674,1655,42,1613,5603
2025-12-05,Tuyo,103704.21,1,1,0,1,1
2025-12-06,Avalanche Card,84223.84999999987,428,427,34,393,4737
2025-12-06,Avici,68257.79000000005,520,510,49,461,2637
2025-12-06,BFinance,136334.66,5532,1403,384,1019,19144
2025-12-06,Bitget Wallet,111761.59388515737,13538,5625,647,4978,26430
2025-12-06,Bitget Wallet,40504.2,107,0,0,0,1
2025-12-06,Bitget Wallet,26810.93,5,1,0,1,1
2025-12-06,Cypher,318972.45610792266,593,319,26,293,16417
2025-12-06,EtherFi,1541181.4293880167,19005,6030,179,5851,42416
2025-12-06,Exa,18166.84,429,156,2,154,2558
2025-12-06,Gnosis,307356.19817986025,7335,2786,30,2756,25790
2025-12-06,Holyheld,90687.0248833183,122,72,2,70,2804
2025-12-06,Karta,415152.49,1,1,0,1,1
2025-12-06,KAST,2568698.614145452,3008,2332,328,2004,88678
2025-12-06,Kolo,92689.89,1,1,0,1,4
2025-12-06,MetaMask,186645.8194716153,3240,1334,21,1313,15694
2025-12-06,Phantom Cash,151.91,6,5,0,5,38
2025-12-06,Ready,202211.55737699944,1410,1410,58,1352,4510
2025-12-06,RedotPay,10072817.426204043,15416,14437,1394,13043,671657
2025-12-06,SafePal,85083.04747165942,5974,2507,172,2335,27933
2025-12-06,Solayer,94238.98757900001,206,157,3,154,7303
2025-12-06,Solflare,21726.18409999999,302,1,0,1,1
2025-12-06,Tria,590301.9600000002,1821,1786,51,1735,5654
2025-12-06,Tuyo,118929.35,1,1,0,1,1
2025-12-07,Avalanche Card,80598.31999999998,424,424,38,386,4775
2025-12-07,Avici,112602.92000000006,570,556,46,510,2683
2025-12-07,BFinance,132426.72,5270,1463,397,1066,19541
2025-12-07,Bitget Wallet,104610.28271501783,12907,5469,495,4974,26925
2025-12-07,Bitget Wallet,33661.740999999995,109,0,0,0,1
2025-12-07,Bitget Wallet,8772.48,3,1,0,1,1
2025-12-07,Cypher,313882.0703318382,459,312,26,286,16443
2025-12-07,EtherFi,1276356.5707300247,18347,5720,125,5595,42541
2025-12-07,Exa,29780.939999999962,427,158,1,157,2559
2025-12-07,Gnosis,258073.00531469093,5559,2384,25,2359,25815
2025-12-07,Holyheld,55742.45276594591,88,53,2,51,2806
2025-12-07,Karta,583865.25,1,1,0,1,1
2025-12-07,KAST,2853838.631076644,2844,2164,278,1886,88956
2025-12-07,Kolo,127838.5,1,1,0,1,4
2025-12-07,MetaMask,147868.02115825645,2629,1177,29,1148,15723
2025-12-07,Phantom Cash,89.63,5,5,0,5,38
2025-12-07,Ready,221991.97999999986,1542,1542,58,1484,4568
2025-12-07,RedotPay,5626160.213170027,9304,9070,308,8762,671965
2025-12-07,SafePal,70602.91699417954,5496,2363,133,2230,28066
2025-12-07,Solayer,29410.825385999997,199,162,6,156,7309
2025-12-07,Solflare,27638.31719999999,392,1,0,1,1
2025-12-07,Tria,708210.3696089995,1767,1731,43,1688,5697
2025-12-07,Tuyo,128223.88,1,1,0,1,1
2025-12-08,Avalanche Card,51869.33999999993,437,437,40,397,4815
2025-12-08,Avici,112176.26999999997,565,555,47,508,2730
2025-12-08,BFinance,173323.26,6412,1590,460,1130,20001
2025-12-08,Bitget Wallet,100839.55584574837,12477,5526,534,4992,27459
2025-12-08,Bitget Wallet,13276.710000000001,105,0,0,0,1
2025-12-08,Bitget Wallet,6696.0199999999995,5,1,0,1,1
2025-12-08,Cypher,314981.90444052,453,321,30,291,16473
2025-12-08,EtherFi,1571175.9804980408,18498,5765,153,5612,42694
2025-12-08,Exa,25755.51000000001,419,169,7,162,2566
2025-12-08,Gnosis,305283.24095008045,5808,2561,38,2523,25853
2025-12-08,Holyheld,313803.6729406609,127,71,3,68,2809
2025-12-08,Karta,449313.24,1,1,0,1,1
2025-12-08,KAST,3902467.7580702687,3244,2429,364,2065,89320
2025-12-08,Kolo,140590.2,2,2,0,2,4
2025-12-08,MetaMask,155677.70031709113,2736,1264,44,1220,15767
2025-12-08,Phantom Cash,60.41,3,3,1,2,39
2025-12-08,Ready,221894.04999999993,1482,1482,37,1445,4605
2025-12-08,RedotPay,11297366.948180381,14529,14300,1396,12904,673361
2025-12-08,SafePal,65999.03912242995,5409,2483,175,2308,28241
2025-12-08,Solayer,123033.92466800004,171,145,2,143,7311
2025-12-08,Solflare,14786.246299999993,272,1,0,1,1
2025-12-08,Tria,263930.77,1128,1109,28,1081,5725
2025-12-08,Tuyo,116153.31,1,1,0,1,1
2025-12-09,Avalanche Card,31739.63000000001,370,370,22,348,4837
2025-12-09,Avici,83332.11999999992,481,475,30,445,2760
2025-12-09,BFinance,179287.2,6318,1777,588,1189,20589
2025-12-09,Bitget Wallet,106587.37268131878,12680,5685,556,5129,28015
2025-12-09,Bitget Wallet,28446.745,98,0,0,0,1
2025-12-09,Bitget Wallet,33678.630000000005,5,1,0,1,1
2025-12-09,Cypher,351511.42772713915,490,330,33,297,16506
2025-12-09,EtherFi,1791485.8964959858,18582,5997,172,5825,42866
2025-12-09,Exa,16318.460000000017,459,160,3,157,2569
2025-12-09,Gnosis,320211.28765906044,6084,2677,25,2652,25878
2025-12-09,Holyheld,137961.20554689498,116,67,3,64,2812
2025-12-09,Karta,0.0,0,0,0,0,1
2025-12-09,KAST,3692420.9736482613,3390,2622,340,2282,89660
2025-12-09,Kolo,95708.33,1,1,0,1,4
2025-12-09,MetaMask,146465.2872015144,2605,1243,29,1214,15796
2025-12-09,Phantom Cash,1506.58,5,3,1,2,40
2025-12-09,Ready,222102.44207899956,1500,1500,57,1443,4662
2025-12-09,RedotPay,12874737.63564596,12144,11732,1720,10012,675081
2025-12-09,SafePal,77204.63363206986,5674,2607,200,2407,28441
2025-12-09,Solayer,49189.48948,254,209,11,198,7322
2025-12-09,Solflare,21979.873000000003,468,1,0,1,1
2025-12-09,Tria,374730.12000000034,2078,2037,63,1974,5788
2025-12-09,Tuyo,98438.07,1,1,0,1,1
2025-12-10,Avalanche Card,77782.40000000004,418,417,25,392,4862
2025-12-10,Avici,96815.43000000002,604,598,42,556,2802
2025-12-10,BFinance,149094.1,7038,2152,814,1338,21403
2025-12-10,Bitget Wallet,110125.74953039014,13029,5737,504,5233,28519
2025-12-10,Bitget Wallet,21729.9475,107,0,0,0,1
2025-12-10,Bitget Wallet,41789.64,3,1,0,1,1
2025-12-10,Cypher,373131.78979940084,487,339,27,312,16533
2025-12-10,EtherFi,2267451.2464130013,19459,5990,184,5806,43050
2025-12-10,Exa,22875.78999999996,481,185,7,178,2576
2025-12-10,Gnosis,354412.8262301793,6284,2678,36,2642,25914
2025-12-10,Holyheld,92695.99580293307,120,64,4,60,2816
2025-12-10,Karta,339781.84,1,1,0,1,1
2025-12-10,KAST,4383776.818102234,3279,2545,322,2223,89982
2025-12-10,Kolo,69216.43,1,1,0,1,4
2025-12-10,MetaMask,138958.24949484007,2855,1323,45,1278,15841
2025-12-10,Phantom Cash,731.8000000000002,10,7,1,6,41
2025-12-10,Ready,225289.7926759997,1471,1471,61,1410,4723
2025-12-10,RedotPay,14266703.446558898,15314,14770,1643,13127,676724
2025-12-10,SafePal,88196.0274172902,5849,2559,148,2411,28589
2025-12-10,Solayer,41962.11944699997,197,165,6,159,7328
2025-12-10,Solflare,15274.354099999993,345,1,0,1,1
2025-12-10,Tria,393835.25999999966,1877,1843,38,1805,5826
2025-12-10,Tuyo,79746.51,1,1,0,1,1
2025-12-11,Avalanche Card,64879.560000000005,432,432,29,403,4891
2025-12-11,Avici,106996.06999999986,566,557,31,526,2833
2025-12-11,BFinance,135970.6,6371,1993,694,1299,22097
2025-12-11,Bitget Wallet,111073.25151519917,12908,5767,521,5246,29040
2025-12-11,Bitget Wallet,10766.66,111,0,0,0,1
2025-12-11,Bitget Wallet,31534.99,5,1,0,1,1
2025-12-11,Cypher,413926.9116058665,534,365,36,329,16569
2025-12-11,EtherFi,2537945.265041998,19643,5980,112,5868,43162
2025-12-11,Exa,25363.85999999995,492,178,5,173,2581
2025-12-11,Gnosis,313446.8926216502,6280,2640,41,2599,25955
2025-12-11,Holyheld,328421.6830671089,110,70,4,66,2820
2025-12-11,Karta,355038.7,1,1,0,1,1
2025-12-11,KAST,3369211.9176500943,3027,2388,325,2063,90307
2025-12-11,Kolo,93990.47,1,1,0,1,4
2025-12-11,MetaMask,163807.92269761523,2977,1314,34,1280,15875
2025-12-11,Phantom Cash,451.82000000000005,18,13,8,5,49
2025-12-11,Ready,189917.99549400018,1504,1504,57,1447,4780
2025-12-11,RedotPay,10225976.049160287,13567,13113,2241,10872,678965
2025-12-11,SafePal,77617.79859958003,5689,2605,155,2450,28744
2025-12-11,Solayer,36775.54951400002,203,160,7,153,7335
2025-12-11,Solflare,14290.92259999999,352,1,0,1,1
2025-12-11,Tria,326580.5899999997,1857,1825,37,1788,5863
2025-12-11,Tuyo,57537.17,1,1,0,1,1
2025-12-12,Avalanche Card,55099.3,450,449,34,415,4925
2025-12-12,Avici,103242.86999999994,565,555,37,518,2870
2025-12-12,BFinance,167690.81,6081,1840,539,1301,22636
2025-12-12,Bitget Wallet,117767.17886872838,13679,5930,502,5428,29542
2025-12-12,Bitget Wallet,18712.782499999998,107,0,0,0,1
2025-12-12,Bitget Wallet,16150.69,5,1,0,1,1
2025-12-12,Cypher,317338.71649937495,484,348,33,315,16602
2025-12-12,EtherFi,2018696.40628401,20306,6122,125,5997,43287
2025-12-12,Exa,31482.539999999935,461,164,8,156,2589
2025-12-12,Gnosis,344745.8590225512,6676,2757,38,2719,25993
2025-12-12,Holyheld,122413.69844476,114,66,2,64,2822
2025-12-12,Karta,430358.34,1,1,0,1,1
2025-12-12,KAST,3221406.977164021,3178,2477,303,2174,90610
2025-12-12,Kolo,125563.1,1,1,0,1,4
2025-12-12,MetaMask,174322.96617270153,3214,1385,43,1342,15918
2025-12-12,Phantom Cash,2456.7099999999996,29,19,8,11,57
2025-12-12,Ready,184066.16271099998,1435,1435,58,1377,4838
2025-12-12,RedotPay,9677930.959675895,11187,11011,1290,9721,680255
2025-12-12,SafePal,84391.04556577952,6272,2657,135,2522,28879
2025-12-12,Solayer,37157.151959999996,216,183,4,179,7339
2025-12-12,Solflare,12688.247799999992,249,1,0,1,1
2025-12-12,Tria,382192.0600000012,1820,1798,43,1755,5906
2025-12-12,Tuyo,62045.53,1,1,0,1,1
2025-12-13,Avalanche Card,53930.55999999998,238,238,19,219,4944
2025-12-13,Avici,41387.930000000015,304,302,23,279,2893
2025-12-13,BFinance,130085.04,5720,1748,513,1235,23149
2025-12-13,Bitget Wallet,127397.39559000978,13931,5956,475,5481,30017
2025-12-13,Bitget Wallet,19852.135,86,0,0,0,1
2025-12-13,Bitget Wallet,13977.77,3,1,0,1,1
2025-12-13,Cypher,329938.88316352054,447,300,18,282,16620
2025-12-13,EtherFi,1570761.8768529976,19261,6047,138,5909,43425
2025-12-13,Exa,17521.09000000002,521,183,9,174,2598
2025-12-13,Gnosis,360905.9842008611,7450,2837,33,2804,26026
2025-12-13,Holyheld,153675.1773946593,122,78,2,76,2824
2025-12-13,Karta,0.0,0,0,0,0,1
2025-12-13,KAST,2688783.8295700136,2916,2278,261,2017,90871
2025-12-13,Kolo,0.0,0,0,0,0,4
2025-12-13,MetaMask,162576.9764557651,3462,1388,29,1359,15947
2025-12-13,Phantom Cash,2976.0499999999997,43,19,7,12,64
2025-12-13,Ready,240654.3142349998,1682,1682,109,1573,4947
2025-12-13,RedotPay,9658563.743456867,7135,7015,404,6611,680659
2025-12-13,SafePal,76308.0480795398,6101,2557,126,2431,29005
2025-12-13,Solayer,46991.790216999994,218,175,7,168,7346
2025-12-13,Solflare,12610.585299999997,334,1,0,1,1
2025-12-13,Tria,101864.29000000004,952,947,34,913,5940
2025-12-13,Tuyo,0.0,0,0,0,0,1
2025-12-14,Avalanche Card,41817.64,274,274,28,246,4972
2025-12-14,Avici,110288.72999999995,380,372,25,347,2918
2025-12-14,BFinance,171338.59,5742,1824,589,1235,23738
2025-12-14,Bitget Wallet,121318.65056339855,14351,6004,432,5572,30449
2025-12-14,Bitget Wallet,15129.049999999997,86,0,0,0,1
2025-12-14,Bitget Wallet,9829.86,5,1,0,1,1
2025-12-14,Cypher,260592.11280445405,427,305,33,272,16653
2025-12-14,EtherFi,1404635.1235780113,18330,5740,141,5599,43566
2025-12-14,Exa,23550.639999999923,472,160,2,158,2600
2025-12-14,Gnosis,289712.81340027944,5609,2401,34,2367,26060
2025-12-14,Holyheld,42969.37446013186,82,47,1,46,2825
2025-12-14,Karta,0.0,0,0,0,0,1
2025-12-14,KAST,2309738.37641471,2914,2190,287,1903,91158
2025-12-14,Kolo,0.0,0,0,0,0,4
2025-12-14,MetaMask,160265.661084915,2698,1191,19,1172,15966
2025-12-14,Phantom Cash,762.12,24,14,1,13,65
2025-12-14,Ready,234383.5115420001,1764,1764,93,1671,5040
2025-12-14,RedotPay,7076034.231885837,11080,10772,419,10353,681078
2025-12-14,SafePal,68253.39571077975,6057,2476,103,2373,29108
2025-12-14,Solayer,59340.28835900001,217,176,2,174,7348
2025-12-14,Solflare,11770.807099999995,322,1,0,1,1
2025-12-14,Tria,222664.15,1111,1087,35,1052,5975
2025-12-14,Tuyo,0.0,0,0,0,0,1
2025-12-15,Avalanche Card,75654.13999999993,295,295,17,278,4989
2025-12-15,Avici,91042.51000000005,320,315,23,292,2941
2025-12-15,BFinance,159699.63,7035,2200,743,1457,24481
2025-12-15,Bitget Wallet,111696.54464024982,13211,5958,430,5528,30879
2025-12-15,Bitget Wallet,23752.2625,85,0,0,0,1
2025-12-15,Bitget Wallet,12823.37,4,1,0,1,1
2025-12-15,Cypher,392514.8046576149,468,322,23,299,16676
2025-12-15,EtherFi,1984842.6591310068,19713,5882,168,5714,43734
2025-12-15,Exa,28341.39999999999,490,168,4,164,2604
2025-12-15,Gnosis,340844.7486110384,6292,2689,32,2657,26092
2025-12-15,Holyheld,416596.3434445837,150,71,6,65,2831
2025-12-15,Karta,0.0,0,0,0,0,1
2025-12-15,KAST,3568636.194871389,3157,2454,301,2153,91459
2025-12-15,Kolo,286600.64,4,4,0,4,4
2025-12-15,MetaMask,150562.48905011118,2792,1266,36,1230,16002
2025-12-15,Phantom Cash,1636.8500000000001,28,11,3,8,68
2025-12-15,Ready,32706.53767800001,184,184,4,180,5044
2025-12-15,RedotPay,12369560.29934135,15202,14950,1772,13178,682850
2025-12-15,SafePal,90539.30197266985,5647,2505,102,2403,29210
2025-12-15,Solayer,58222.20629199999,213,182,5,177,7353
2025-12-15,Solflare,25565.061699999977,405,1,0,1,1
2025-12-15,Tria,186912.00999999998,867,858,29,829,6004
2025-12-15,Tuyo,161040.63,1,1,0,1,1
2025-12-16,Avalanche Card,47315.96999999996,547,547,51,496,5040
2025-12-16,Avici,180153.08000000002,723,711,50,661,2991
2025-12-16,BFinance,148756.11,6968,2200,638,1562,25119
2025-12-16,Bitget Wallet,107524.6247907611,13488,5924,403,5521,31282
2025-12-16,Bitget Wallet,22226.202499999996,82,0,0,0,1
2025-12-16,Bitget Wallet,16932.79,5,1,0,1,1
2025-12-16,Cypher,453596.9152607105,492,331,23,308,16699
2025-12-16,EtherFi,2237853.9511899482,20134,6025,169,5856,43903
2025-12-16,Exa,19575.340000000044,423,164,1,163,2605
2025-12-16,Gnosis,316171.9994306996,6073,2624,39,2585,26131
2025-12-16,Holyheld,194810.51242271232,120,63,5,58,2836
2025-12-16,Karta,699385.69,1,1,0,1,1
2025-12-16,KAST,2924638.4148502466,3220,2445,344,2101,91803
2025-12-16,Kolo,100030.92,1,1,0,1,4
2025-12-16,MetaMask,171362.4006311273,2950,1283,44,1239,16046
2025-12-16,Phantom Cash,2792.13,32,13,2,11,70
2025-12-16,Ready,490009.3485509998,2492,2492,182,2310,5226
2025-12-16,RedotPay,14896328.714320453,16133,15707,2038,13669,684888
2025-12-16,SafePal,69227.71502733012,5604,2473,116,2357,29326
2025-12-16,Solayer,55513.138502,210,180,5,175,7358
2025-12-16,Solflare,24309.555000000015,514,1,0,1,1
2025-12-16,Tria,629805.8098390012,2388,2339,94,2245,6098
2025-12-16,Tuyo,48333.76,1,1,0,1,1
2025-12-17,Avalanche Card,4677.960000000003,132,131,8,123,5048
2025-12-17,Avici,12944.849999999997,166,164,11,153,3002
2025-12-17,BFinance,136969.33,6393,2111,604,1507,25723
2025-12-17,Bitget Wallet,99739.0287002712,13646,5998,438,5560,31720
2025-12-17,Bitget Wallet,16602.52,89,0,0,0,1
2025-12-17,Bitget Wallet,17475.44,3,1,0,1,1
2025-12-17,Cypher,417944.6993622212,446,301,25,276,16724
2025-12-17,EtherFi,1963430.6380889928,21698,6181,182,5999,44085
2025-12-17,Exa,23835.00999999997,454,171,3,168,2608
2025-12-17,Gnosis,343906.9606656685,6432,2693,43,2650,26174
2025-12-17,Holyheld,86429.5769604032,140,75,1,74,2837
2025-12-17,Karta,38997.88,1,1,0,1,1
2025-12-17,KAST,3760768.538873752,3194,2451,338,2113,92141
2025-12-17,Kolo,5775.7,1,1,0,1,4
2025-12-17,MetaMask,150257.1051449867,2988,1311,45,1266,16091
2025-12-17,Phantom Cash,2294.2399999999993,24,13,1,12,71
2025-12-17,Ready,150764.53156800024,1542,1542,58,1484,5284
2025-12-17,RedotPay,9250264.290702755,9536,9135,1468,7667,686356
2025-12-17,SafePal,74127.67631137007,5740,2509,117,2392,29443
2025-12-17,Solayer,38436.14393799999,234,187,2,185,7360
2025-12-17,Solflare,8935.035399999995,300,1,0,1,1
2025-12-17,Tria,129198.08791000007,1568,1546,28,1518,6126
2025-12-17,Tuyo,6874.38,1,1,0,1,1
2025-12-18,Avalanche Card,123347.6500000001,639,639,54,585,5102
2025-12-18,Avici,156303.6099999998,795,763,58,705,3060
2025-12-18,BFinance,109689.14,5979,2023,544,1479,26267
2025-12-18,Bitget Wallet,116240.65887167118,14018,6133,434,5699,32154
2025-12-18,Bitget Wallet,24393.465000000004,100,0,0,0,1
2025-12-18,Bitget Wallet,9082.470000000001,5,1,0,1,1
2025-12-18,Cypher,363492.6014405202,446,316,29,287,16753
2025-12-18,EtherFi,2172962.751558004,22096,6157,201,5956,44286
2025-12-18,Exa,23359.129999999986,403,153,5,148,2613
2025-12-18,Gnosis,339453.63408003986,6518,2773,77,2696,26251
2025-12-18,Holyheld,278961.2818673909,126,68,4,64,2841
2025-12-18,Karta,741997.3,1,1,0,1,1
2025-12-18,KAST,3949764.728965691,3385,2559,298,2261,92439
2025-12-18,Kolo,223057.74,1,1,0,1,4
2025-12-18,MetaMask,159010.19566804802,2943,1300,48,1252,16139
2025-12-18,Phantom Cash,572.6299999999999,14,9,2,7,73
2025-12-18,Ready,396280.00600800087,2883,2111,128,1983,5412
2025-12-18,RedotPay,11468139.026010431,13186,12877,1955,10922,688311
2025-12-18,SafePal,64735.03427208002,5783,2528,118,2410,29561
2025-12-18,Solayer,55707.55931499998,233,191,1,190,7361
2025-12-18,Solflare,16240.48729999999,427,1,0,1,1
2025-12-18,Tria,367774.15999999974,2162,2123,75,2048,6201
2025-12-18,Tuyo,78563.6,1,1,0,1,1
2025-12-19,Avalanche Card,57996.70999999996,429,429,36,393,5138
2025-12-19,Avici,78139.89999999994,574,560,39,521,3099
2025-12-19,BFinance,148361.23,6212,2023,529,1494,26796
2025-12-19,Bitget Wallet,111483.71546512106,14200,6219,458,5761,32612
2025-12-19,Bitget Wallet,19611.585000000003,101,0,0,0,1
2025-12-19,Bitget Wallet,10667.46,4,1,0,1,1
2025-12-19,Cypher,311461.17908029986,459,325,25,300,16778
2025-12-19,EtherFi,2159170.085137027,22553,6291,147,6144,44433
2025-12-19,Exa,20727.070000000032,414,164,6,158,2619
2025-12-19,Gnosis,365223.95020270994,7137,2854,62,2792,26313
2025-12-19,Holyheld,147988.367018094,123,71,3,68,2844
2025-12-19,Karta,328358.0,1,1,0,1,1
2025-12-19,KAST,4543742.842191618,3491,2697,340,2357,92779
2025-12-19,Kolo,82501.3,1,1,0,1,4
2025-12-19,MetaMask,168682.77622622784,3216,1365,49,1316,16188
2025-12-19,Phantom Cash,1198.15,22,12,2,10,75
2025-12-19,Ready,259026.06144899977,2372,1947,74,1873,5486
2025-12-19,RedotPay,10252728.233608294,9443,9151,829,8322,689140
2025-12-19,SafePal,94271.37732659024,6575,2644,113,2531,29674
2025-12-19,Solayer,108850.626835,201,171,5,166,7366
2025-12-19,Solflare,24912.112999999994,336,1,0,1,1
2025-12-19,Tria,270958.3400000005,1910,1884,60,1824,6261
2025-12-19,Tuyo,65022.33,1,1,0,1,1
2025-12-20,Avalanche Card,35791.06999999998,449,449,32,417,5170
2025-12-20,Avici,73334.70000000003,557,541,28,513,3127
2025-12-20,BFinance,137404.23,5645,1952,503,1449,27299
2025-12-20,Bitget Wallet,121689.0626634907,14897,6175,419,5756,33031
2025-12-20,Bitget Wallet,15647.197500000002,92,0,0,0,1
2025-12-20,Bitget Wallet,15752.91,3,1,0,1,1
2025-12-20,Cypher,302584.89224109496,608,488,212,276,16990
2025-12-20,EtherFi,1597254.4498760325,21702,6235,144,6091,44577
2025-12-20,Exa,21523.31999999999,389,166,3,163,2622
2025-12-20,Gnosis,348144.40436666016,7755,2893,62,2831,26375
2025-12-20,Holyheld,68231.97269458839,135,71,13,58,2857
2025-12-20,Karta,312562.47,1,1,0,1,1
2025-12-20,KAST,3241623.411213936,3345,2550,300,2250,93079
2025-12-20,Kolo,141837.39,1,1,0,1,4
2025-12-20,MetaMask,192987.53728855,3286,1338,37,1301,16225
2025-12-20,Phantom Cash,2848.68,34,16,2,14,77
2025-12-20,Ready,196242.17821900002,1566,1566,80,1486,5566
2025-12-20,RedotPay,11314816.678843293,12285,11802,888,10914,690028
2025-12-20,SafePal,87634.27552871035,6336,2550,121,2429,29795
2025-12-20,Solayer,80670.97709999999,219,185,6,179,7372
2025-12-20,Solflare,3830.6084999999975,169,1,0,1,1
2025-12-20,Tria,206531.4499999998,1899,1873,34,1839,6295
2025-12-20,Tuyo,55933.97,1,1,0,1,1
2025-12-21,Avalanche Card,42188.00000000003,453,453,43,410,5213
2025-12-21,Avici,89294.45000000001,533,512,22,490,3149
2025-12-21,BFinance,109749.49,5268,1851,439,1412,27738
2025-12-21,Bitget Wallet,119277.83291255089,14225,6033,375,5658,33406
2025-12-21,Bitget Wallet,14567.385000000004,99,0,0,0,1
2025-12-21,Bitget Wallet,7008.27,5,1,0,1,1
2025-12-21,Cypher,239866.27796978503,576,448,208,240,17198
2025-12-21,EtherFi,1559499.1117370066,19999,5882,120,5762,44697
2025-12-21,Exa,31022.31999999994,458,173,2,171,2624
2025-12-21,Gnosis,296347.3906410003,5902,2433,35,2398,26410
2025-12-21,Holyheld,56247.157718193324,131,69,5,64,2862
2025-12-21,Karta,0.0,0,0,0,0,1
2025-12-21,KAST,3776129.535997153,3002,2257,281,1976,93360
2025-12-21,Kolo,109414.16,1,1,0,1,4
2025-12-21,MetaMask,138664.32495801736,2869,1191,36,1155,16261
2025-12-21,Phantom Cash,1011.4300000000002,32,14,0,14,77
2025-12-21,Ready,231724.23741800015,2021,2021,76,1945,5642
2025-12-21,RedotPay,8456712.311191969,7588,7305,454,6851,690482
2025-12-21,SafePal,75546.68752767045,6123,2481,80,2401,29875
2025-12-21,Solayer,70479.34146600001,211,175,6,169,7378
2025-12-21,Solflare,21565.515199999987,420,1,0,1,1
2025-12-21,Tria,319464.42999999993,1848,1825,28,1797,6323
2025-12-21,Tuyo,62088.83,1,1,0,1,1
2025-12-22,Avalanche Card,24460.890000000003,445,445,27,418,5240
2025-12-22,Avici,119057.09,552,534,29,505,3178
2025-12-22,BFinance,135155.54,5878,2147,550,1597,28288
2025-12-22,Bitget Wallet,113086.66075788037,13543,6023,336,5687,33742
2025-12-22,Bitget Wallet,17832.1834,73,0,0,0,1
2025-12-22,Bitget Wallet,24061.839999999997,4,1,0,1,1
2025-12-22,Cypher,455026.70363435417,500,352,25,327,17223
2025-12-22,EtherFi,1936086.3562280005,20584,6095,144,5951,44841
2025-12-22,Exa,28104.31999999998,412,182,4,178,2628
2025-12-22,Gnosis,359711.91880709917,7097,2829,60,2769,26470
2025-12-22,Holyheld,525268.0535260163,204,114,18,96,2880
2025-12-22,Karta,343038.95,1,1,0,1,1
2025-12-22,KAST,4640653.008852916,3680,2787,362,2425,93722
2025-12-22,Kolo,114646.56,3,3,0,3,4
2025-12-22,MetaMask,156140.13136053135,3095,1321,40,1281,16301
2025-12-22,Phantom Cash,1073.8799999999999,32,13,1,12,78
2025-12-22,Ready,240577.66843199945,2004,2004,64,1940,5706
2025-12-22,RedotPay,10706190.902906377,8610,8408,1033,7375,691515
2025-12-22,SafePal,75797.32761548019,5757,2472,105,2367,29980
2025-12-22,Solayer,81609.83800399995,223,183,4,179,7382
2025-12-22,Solflare,14822.398699999998,312,1,0,1,1
2025-12-22,Tria,120765.77999999998,1194,1177,37,1140,6360
2025-12-22,Tuyo,52862.89,1,1,0,1,1
2025-12-23,Avalanche Card,59676.849999999955,386,386,21,365,5261
2025-12-23,Avici,79437.53000000003,498,478,12,466,3190
2025-12-23,BFinance,166727.49,6220,2216,586,1630,28874
2025-12-23,Bitget Wallet,103883.87131672938,13979,6178,373,5805,34115
2025-12-23,Bitget Wallet,19815.483,91,0,0,0,1
2025-12-23,Bitget Wallet,10037.67,3,1,0,1,1
2025-12-23,Cypher,352546.81043433014,477,327,17,310,17240
2025-12-23,EtherFi,2316466.6106349863,22075,6187,147,6040,44988
2025-12-23,Exa,39704.87999999994,472,175,7,168,2635
2025-12-23,Gnosis,347815.12930176087,7183,2843,46,2797,26516
2025-12-23,Holyheld,178518.78053335985,168,96,9,87,2889
2025-12-23,Karta,257010.35,1,1,0,1,1
2025-12-23,KAST,3836735.6457339968,4053,2726,842,1884,94564
2025-12-23,Kolo,112093.77,1,1,0,1,4
2025-12-23,MetaMask,186083.10854794143,3356,1332,46,1286,16347
2025-12-23,Phantom Cash,2169.3900000000003,29,14,3,11,81
2025-12-23,Ready,232102.67078499988,1918,1918,47,1871,5753
2025-12-23,RedotPay,12540834.69785207,10163,9692,971,8721,692486
2025-12-23,SafePal,78808.46010412028,5694,2534,117,2417,30097
2025-12-23,Solayer,93096.64430400002,232,186,5,181,7387
2025-12-23,Solflare,20327.603199999987,343,1,0,1,1
2025-12-23,Tria,273753.2677999995,2164,2131,49,2082,6409
2025-12-23,Tuyo,31947.17,1,1,0,1,1
2025-12-24,Avalanche Card,64683.37999999996,502,502,60,442,5321
2025-12-24,Avici,127571.00999999995,591,566,34,532,3224
2025-12-24,BFinance,145928.15,6250,2209,569,1640,29443
2025-12-24,Bitget Wallet,115545.25022272022,14286,6223,351,5872,34466
2025-12-24,Bitget Wallet,14723.842499999997,88,0,0,0,1
2025-12-24,Bitget Wallet,16219.59,5,1,0,1,1
2025-12-24,Cypher,345365.2720615562,397,277,24,253,17264
2025-12-24,EtherFi,2154286.251772959,20052,6081,125,5956,45113
2025-12-24,Exa,31078.01999999999,480,185,12,173,2647
2025-12-24,Gnosis,299811.8811909598,5735,2422,40,2382,26556
2025-12-24,Holyheld,99975.49174282813,116,63,3,60,2892
2025-12-24,Karta,424723.09,1,1,0,1,1
2025-12-24,KAST,3857802.4115703637,4051,2650,833,1817,95397
2025-12-24,Kolo,184099.73,2,2,0,2,4
2025-12-24,MetaMask,142829.35461177843,2613,1136,29,1107,16376
2025-12-24,Phantom Cash,2058.6000000000004,25,12,2,10,83
2025-12-24,Ready,229455.10406899994,1962,1962,70,1892,5823
2025-12-24,RedotPay,11507869.001534434,16888,16282,2120,14162,694606
2025-12-24,SafePal,89882.1727310602,5727,2480,102,2378,30199
2025-12-24,Solayer,45330.17839099999,201,163,4,159,7391
2025-12-24,Solflare,19561.710700000003,396,1,0,1,1
2025-12-24,Tria,310119.87273699965,2094,2058,58,2000,6467
2025-12-24,Tuyo,74382.76,1,1,0,1,1
2025-12-25,Avalanche Card,60198.01999999994,398,398,43,355,5364
2025-12-25,Avici,78239.10999999986,499,481,23,458,3247
2025-12-25,BFinance,124066.54,5632,2059,512,1547,29955
2025-12-25,Bitget Wallet,124239.93739552035,14783,6312,334,5978,34800
2025-12-25,Bitget Wallet,33922.84,98,0,0,0,1
2025-12-25,Bitget Wallet,21227.27,4,1,0,1,1
2025-12-25,Cypher,235876.1190015886,373,259,26,233,17290
2025-12-25,EtherFi,1206889.9737790339,16898,5092,99,4993,45212
2025-12-25,Exa,14108.190000000039,364,155,1,154,2648
2025-12-25,Gnosis,157503.24498270967,2971,1519,28,1491,26584
2025-12-25,Holyheld,104171.1121083773,75,49,0,49,2892
2025-12-25,Karta,0.0,0,0,0,0,1
2025-12-25,KAST,2971849.39625106,3209,2070,568,1502,95965
2025-12-25,Kolo,118559.36,1,1,0,1,4
2025-12-25,MetaMask,106433.1457100451,1652,794,20,774,16396
2025-12-25,Phantom Cash,610.1299999999999,22,12,0,12,83
2025-12-25,Ready,228552.5275320001,2026,2026,99,1927,5922
2025-12-25,RedotPay,10835071.876488814,12753,11645,360,11285,694966
2025-12-25,SafePal,68205.09732592033,5875,2528,121,2407,30320
2025-12-25,Solayer,26422.096922999994,166,145,3,142,7394
2025-12-25,Solflare,20547.500000000007,469,1,0,1,1
2025-12-25,Tria,299508.23999999947,1899,1879,50,1829,6517
2025-12-25,Tuyo,44230.82,1,1,0,1,1
2025-12-26,Avalanche Card,68029.28999999996,554,554,42,512,5406
2025-12-26,Avici,110482.95999999995,557,540,22,518,3269
2025-12-26,BFinance,141361.29,5891,2138,590,1548,30545
2025-12-26,Bitget Wallet,131607.6323567302,14919,6339,356,5983,35156
2025-12-26,Bitget Wallet,19938.455,96,0,0,0,1
2025-12-26,Bitget Wallet,4522.509999999999,5,1,0,1,1
2025-12-26,Cypher,279675.7025375296,395,274,11,263,17301
2025-12-26,EtherFi,1548699.636308055,19962,5744,105,5639,45317
2025-12-26,Exa,34452.95999999995,552,197,8,189,2656
2025-12-26,Gnosis,253304.71497129937,5352,2301,42,2259,26626
2025-12-26,Holyheld,345780.08544983016,88,49,3,46,2895
2025-12-26,Karta,542915.18,1,1,0,1,1
2025-12-26,KAST,3177011.979152567,3584,2416,652,1764,96617
2025-12-26,Kolo,172521.5,2,2,0,2,4
2025-12-26,MetaMask,131603.44895938144,2413,1101,31,1070,16427
2025-12-26,Phantom Cash,1375.8400000000001,31,13,3,10,86
2025-12-26,Ready,179937.823703,1922,1922,91,1831,6013
2025-12-26,RedotPay,9492355.046495955,7119,6726,876,5850,695842
2025-12-26,SafePal,94414.66218104013,6277,2518,112,2406,30432
2025-12-26,Solayer,59278.182392999974,209,164,4,160,7398
2025-12-26,Solflare,19957.01040000001,297,1,0,1,1
2025-12-26,Tria,802329.7700019991,2122,2093,74,2019,6591
2025-12-26,Tuyo,71941.75,1,1,0,1,1
2025-12-27,Avalanche Card,27835.360000000004,438,438,38,400,5444
2025-12-27,Avici,48574.969999999994,465,455,17,438,3286
2025-12-27,BFinance,130549.58,5642,2038,510,1528,31055
2025-12-27,Bitget Wallet,147107.35800049905,15631,6480,369,6111,35525
2025-12-27,Bitget Wallet,21122.892499999998,101,0,0,0,1
2025-12-27,Bitget Wallet,5091.92,6,1,0,1,1
2025-12-27,Cypher,339853.94889169384,429,290,16,274,17317
2025-12-27,EtherFi,1724029.1313480658,20073,5984,125,5859,45442
2025-12-27,Exa,27937.869999999974,505,203,5,198,2661
2025-12-27,Gnosis,287079.59719629906,5796,2620,43,2577,26669
2025-12-27,Holyheld,97571.78560507817,92,53,2,51,2897
2025-12-27,Karta,0.0,0,0,0,0,1
2025-12-27,KAST,3188059.2533238987,3720,2382,617,1765,97234
2025-12-27,Kolo,73995.58,1,1,0,1,4
2025-12-27,MetaMask,179965.45637597,3090,1286,45,1241,16472
2025-12-27,Phantom Cash,1721.11,43,17,1,16,87
2025-12-27,Ready,183718.26039800007,1935,1935,102,1833,6115
2025-12-27,RedotPay,9724756.635212893,10624,9860,664,9196,696506
2025-12-27,SafePal,95930.16655951946,6407,2572,133,2439,30565
2025-12-27,Solayer,44006.80999999998,200,165,6,159,7404
2025-12-27,Solflare,13457.451000000003,339,1,0,1,1
2025-12-27,Tria,255580.68000000002,2045,2016,148,1868,6739
2025-12-27,Tuyo,33013.2,1,1,0,1,1
2025-12-28,Avalanche Card,47957.96999999995,494,494,36,458,5480
2025-12-28,Avici,76305.99999999997,517,503,23,480,3309
2025-12-28,BFinance,133380.41,5527,1940,473,1467,31528
2025-12-28,Bitget Wallet,127446.67083605829,15762,6530,404,6126,35929
2025-12-28,Bitget Wallet,17491.32,78,0,0,0,1
2025-12-28,Bitget Wallet,9134.96,5,1,0,1,1
2025-12-28,Cypher,221927.95558263097,401,256,24,232,17341
2025-12-28,EtherFi,1395403.9089370552,18503,5878,102,5776,45544
2025-12-28,Exa,34534.189999999995,544,220,5,215,2666
2025-12-28,Gnosis,302536.8853389993,5651,2446,53,2393,26722
2025-12-28,Holyheld,45665.92167076679,81,49,8,41,2905
2025-12-28,Karta,0.0,0,0,0,0,1
2025-12-28,KAST,2763178.198690135,3214,2172,517,1655,97751
2025-12-28,Kolo,146915.61,1,1,0,1,4
2025-12-28,MetaMask,151885.55553184953,2558,1135,36,1099,16508
2025-12-28,Phantom Cash,1208.1499999999999,26,17,2,15,89
2025-12-28,Ready,201531.95072899992,2031,2031,188,1843,6303
2025-12-28,RedotPay,8995851.995453756,8075,7823,892,6931,697398
2025-12-28,SafePal,103395.38116634992,6484,2508,101,2407,30666
2025-12-28,Solayer,49078.47,182,147,0,147,7404
2025-12-28,Solflare,15314.458799999999,488,1,0,1,1
2025-12-28,Tria,243544.5200000004,2215,2196,183,2013,6922
2025-12-28,Tuyo,42814.87,1,1,0,1,1
2025-12-29,Avalanche Card,25308.989999999994,343,343,22,321,5502
2025-12-29,Avici,87437.82999999997,495,483,20,463,3329
2025-12-29,BFinance,127378.21,6114,2125,579,1546,32107
2025-12-29,Bitget Wallet,129428.56671787972,15196,6493,406,6087,36335
2025-12-29,Bitget Wallet,13456.765599999997,94,0,0,0,1
2025-12-29,Bitget Wallet,8752.36,5,1,0,1,1
2025-12-29,Cypher,946693.3591074443,482,307,18,289,17359
2025-12-29,EtherFi,1588484.6166230615,20471,6039,144,5895,45688
2025-12-29,Exa,44201.13999999999,576,231,5,226,2671
2025-12-29,Gnosis,334184.5418788597,6257,2636,41,2595,26763
2025-12-29,Holyheld,248685.7826007344,164,87,8,79,2913
2025-12-29,Karta,257053.09,1,1,0,1,1
2025-12-29,KAST,4244599.090545477,3847,2648,624,2024,98375
2025-12-29,Kolo,126677.06,1,1,0,1,4
2025-12-29,MetaMask,154295.3631720691,2893,1273,37,1236,16545
2025-12-29,Phantom Cash,1017.1200000000002,31,13,1,12,90
2025-12-29,Ready,203429.08896599963,2271,2271,219,2052,6522
2025-12-29,RedotPay,11427755.646378478,21988,21176,3247,17929,700645
2025-12-29,SafePal,110149.43711282016,6330,2613,119,2494,30785
2025-12-29,Solayer,53648.91999999998,224,187,0,187,7404
2025-12-29,Solflare,7431.522300000004,485,1,0,1,1
2025-12-29,Tria,148478.46715399995,1400,1384,113,1271,7035
2025-12-29,Tuyo,35735.29,1,1,0,1,1
2025-12-30,Avalanche Card,4073.230000000002,185,185,21,164,5523
2025-12-30,Avici,9482.780000000002,151,151,9,142,3338
2025-12-30,BFinance,150648.41,5927,2114,497,1617,32604
2025-12-30,Bitget Wallet,128024.33708429932,15504,6662,427,6235,36762
2025-12-30,Bitget Wallet,19648.317499999997,89,0,0,0,1
2025-12-30,Bitget Wallet,17421.68,5,1,0,1,1
2025-12-30,Cypher,771276.8953322897,532,342,31,311,17390
2025-12-30,EtherFi,1698481.1300070535,20076,6200,139,6061,45827
2025-12-30,Exa,41719.09999999997,556,226,3,223,2674
2025-12-30,Gnosis,385091.42307986063,7451,2887,69,2818,26832
2025-12-30,Holyheld,305107.2815072544,205,110,15,95,2928
2025-12-30,Karta,0.0,0,0,0,0,1
2025-12-30,KAST,5018197.015115342,4525,2921,667,2254,99042
2025-12-30,Kolo,11223.33,1,1,0,1,4
2025-12-30,MetaMask,184445.41529039343,3199,1343,36,1307,16581
2025-12-30,Phantom Cash,1319.7500000000002,29,14,1,13,91
2025-12-30,Ready,189620.50529899943,2234,2234,143,2091,6665
2025-12-30,RedotPay,12253859.354753437,7795,7227,731,6496,701376
2025-12-30,SafePal,104282.43083616061,6387,2609,113,2496,30898
2025-12-30,Solayer,52413.99000000001,198,158,3,155,7407
2025-12-30,Solflare,13145.938299999998,487,1,0,1,1
2025-12-30,Tria,187617.82999999984,1737,1721,54,1667,7089
2025-12-30,Tuyo,4668.47,1,1,0,1,1
2025-12-31,Avalanche Card,11969.71000000001,267,267,24,243,5547
2025-12-31,Avici,46031.74999999999,246,238,6,232,3344
2025-12-31,BFinance,136303.58,5022,1733,371,1362,32975
2025-12-31,Bitget Wallet,155787.91755665877,17066,6918,369,6549,37131
2025-12-31,Bitget Wallet,35963.1433,116,0,0,0,1
2025-12-31,Bitget Wallet,12141.53,5,1,0,1,1
2025-12-31,Cypher,383462.5778602918,475,307,18,289,17408
2025-12-31,EtherFi,1617461.2845480244,19067,6094,122,5972,45949
2025-12-31,Exa,39413.89000000001,619,229,9,220,2683
2025-12-31,Gnosis,322781.3982681612,6666,2664,57,2607,26889
2025-12-31,Holyheld,506905.06962607015,132,76,8,68,2936
2025-12-31,Karta,116126.53,1,1,0,1,1
2025-12-31,KAST,4139645.096979803,4434,2882,601,2281,99643
2025-12-31,Kolo,19936.65,1,1,0,1,4
2025-12-31,MetaMask,154011.11433643269,2946,1250,43,1207,16624
2025-12-31,Phantom Cash,499.44000000000005,14,10,0,10,91
2025-12-31,Ready,289750.3900000002,2396,2396,165,2231,6830
2025-12-31,RedotPay,9843702.149489485,7457,7157,921,6236,702297
2025-12-31,SafePal,112248.3571825798,6727,2625,105,2520,31003
2025-12-31,Solayer,44429.62072400001,178,142,1,141,7408
2025-12-31,Solflare,0.0,0,0,0,0,1
2025-12-31,Tria,98261.4699999999,1018,1005,90,915,7179
2025-12-31,Tuyo,12161.13,1,1,0,1,1
2026-01-01,Avalanche Card,60418.330000000016,655,655,61,594,5608
2026-01-01,Avici,209046.55000000008,731,700,37,663,3381
2026-01-01,BFinance,108369.14,5502,2008,446,1562,33421
2026-01-01,Bitget Wallet,162803.3132988801,16298,6586,313,6273,37444
2026-01-01,Bitget Wallet,16567.5611,92,0,0,0,1
2026-01-01,Bitget Wallet,10098.83,6,1,0,1,1
2026-01-01,Cypher,383274.76164085,456,317,35,282,17443
2026-01-01,EtherFi,1717726.6686280137,16659,5551,70,5481,46019
2026-01-01,Exa,27810.299999999992,497,210,4,206,2687
2026-01-01,Gnosis,246051.5975113598,4400,2009,19,1990,26908
2026-01-01,Holyheld,69303.07628848476,79,46,45,1,2981
2026-01-01,Karta,784757.7,1,1,0,1,1
2026-01-01,KAST,2895322.896341866,3317,2302,499,1803,100142
2026-01-01,Kolo,285679.09,1,1,0,1,4
2026-01-01,MetaMask,120165.50378249213,2004,944,37,907,16661
2026-01-01,Phantom Cash,410.72,11,7,0,7,91
2026-01-01,Ready,294096.20000000054,2321,2321,182,2139,7012
2026-01-01,RedotPay,10963638.055352176,11043,10161,897,9264,703194
2026-01-01,SafePal,105405.8544352699,6545,2676,112,2564,31115
2026-01-01,Solayer,32251.40000000001,123,104,3,101,7411
2026-01-01,Solflare,40076.99090000003,1156,1,0,1,1
2026-01-01,Tria,706624.9000000003,3087,3011,281,2730,7460
2026-01-01,Tuyo,91242.38,1,1,0,1,1
2026-01-02,Avalanche Card,94473.54000000001,635,635,67,568,5675
2026-01-02,Avici,183707.95999999996,744,715,52,663,3433
2026-01-02,BFinance,122045.47,6327,2107,520,1587,33941
2026-01-02,Bitget Wallet,151394.34991630883,16463,6666,335,6331,37779
2026-01-02,Bitget Wallet,15506.882499999998,99,0,0,0,1
2026-01-02,Bitget Wallet,9048.48,5,1,0,1,1
2026-01-02,Cypher,445408.9345375801,515,358,29,329,17472
2026-01-02,EtherFi,1482494.8741950388,19579,6059,114,5945,46133
2026-01-02,Exa,28843.029999999984,711,233,4,229,2691
2026-01-02,Gnosis,339461.3534161009,6579,2672,30,2642,26938
2026-01-02,Holyheld,140653.56365000442,98,65,54,11,3035
2026-01-02,Karta,0.0,0,0,0,0,1
2026-01-02,KAST,3853574.0600371473,4279,2717,573,2144,100715
2026-01-02,Kolo,311653.58,4,4,0,4,4
2026-01-02,MetaMask,181913.62279809976,2829,1244,34,1210,16695
2026-01-02,Phantom Cash,998.0000000000001,31,13,1,12,92
2026-01-02,Ready,264356.9799999998,2384,2384,160,2224,7172
2026-01-02,RedotPay,9264056.864592563,9298,8709,1468,7241,704662
2026-01-02,SafePal,116661.9185802994,6691,2628,104,2524,31219
2026-01-02,Solayer,50696.97,194,161,3,158,7414
2026-01-02,Solflare,29549.781299999984,408,1,0,1,1
2026-01-02,Tria,401498.29846200015,2507,2464,188,2276,7648
2026-01-02,Tuyo,103006.44,1,1,0,1,1
2026-01-03,Avalanche Card,31422.48999999998,381,381,12,369,5687
2026-01-03,Avici,69249.13999999996,531,519,26,493,3459
2026-01-03,BFinance,121736.68,5571,2084,490,1594,34431
2026-01-03,Bitget Wallet,152403.34968409053,16294,6647,311,6336,38090
2026-01-03,Bitget Wallet,22410.060000000005,84,0,0,0,1
2026-01-03,Bitget Wallet,19196.34,5,1,0,1,1
2026-01-03,Cypher,711607.593171411,413,305,27,278,17499
2026-01-03,EtherFi,1172128.4569980297,19582,5988,106,5882,46239
2026-01-03,Exa,28745.119999999966,587,232,3,229,2694
2026-01-03,Gnosis,348741.3399699288,6898,2758,55,2703,26993
2026-01-03,Holyheld,78731.26861454434,101,61,37,24,3072
2026-01-03,Karta,0.0,0,0,0,0,1
2026-01-03,KAST,3287476.007095417,3835,2489,526,1963,101241
2026-01-03,Kolo,118894.05,1,1,0,1,4
2026-01-03,MetaMask,169540.73292900348,3088,1289,46,1243,16741
2026-01-03,Phantom Cash,1451.59,31,17,1,16,93
2026-01-03,Ready,258899.26908299926,2410,2410,172,2238,7344
2026-01-03,RedotPay,8782611.848936548,6980,6421,932,5489,705594
2026-01-03,SafePal,110517.03396282025,6652,2658,124,2534,31343
2026-01-03,Solayer,77472.98000000005,209,163,5,158,7419
2026-01-03,Solflare,18051.78550000002,491,1,0,1,1
2026-01-03,Tria,205824.50244800042,2134,2095,107,1988,7755
2026-01-03,Tuyo,35019.18,1,1,0,1,1
2026-01-04,Avalanche Card,29715.66000000003,347,347,19,328,5706
2026-01-04,Avici,75395.94,351,344,20,324,3479
2026-01-04,BFinance,113324.3,5873,2142,507,1635,34938
2026-01-04,Bitget Wallet,145442.4003367297,15952,6793,387,6406,38477
2026-01-04,Bitget Wallet,21857.8625,76,0,0,0,1
2026-01-04,Bitget Wallet,8818.26,5,1,0,1,1
2026-01-04,Cypher,298403.80670022505,390,286,28,258,17527
2026-01-04,EtherFi,1150005.550600037,19247,5861,105,5756,46344
2026-01-04,Exa,42179.57999999994,697,248,10,238,2704
2026-01-04,Gnosis,257742.63124515032,5541,2418,37,2381,27030
2026-01-04,Holyheld,49601.42209176422,65,43,23,20,3095
2026-01-04,Karta,0.0,0,0,0,0,1
2026-01-04,KAST,2784130.1999441166,3799,2478,500,1978,101741
2026-01-04,Kolo,52217.97,1,1,0,1,4
2026-01-04,MetaMask,148082.8968455401,2553,1143,41,1102,16782
2026-01-04,Phantom Cash,978.24,26,15,3,12,96
2026-01-04,Ready,252165.49999999956,2562,2562,159,2403,7503
2026-01-04,RedotPay,8848163.094329534,9672,8698,907,7791,706501
2026-01-04,SafePal,96258.91932972011,6406,2688,115,2573,31458
2026-01-04,Solayer,40090.48000000001,194,156,3,153,7422
2026-01-04,Solflare,26751.96179999999,518,1,0,1,1
2026-01-04,Tria,162891.1127020002,1880,1851,85,1766,7840
2026-01-04,Tuyo,29627.25,1,1,0,1,1
2026-01-05,Avalanche Card,40652.37000000001,539,539,47,492,5753
2026-01-05,Avici,92022.94999999997,658,635,29,606,3508
2026-01-05,BFinance,159395.73,6442,2323,498,1825,35436
2026-01-05,Bitget Wallet,149597.10353546747,16140,6866,390,6476,38867
2026-01-05,Bitget Wallet,21406.812499999993,76,0,0,0,1
2026-01-05,Bitget Wallet,8966.7,6,1,0,1,1
2026-01-05,Cypher,304462.88711811026,472,357,35,322,17562
2026-01-05,EtherFi,1843901.4677690812,21286,6220,126,6094,46470
2026-01-05,Exa,28966.119999999966,625,241,11,230,2715
2026-01-05,Gnosis,367751.0736195979,6498,2752,44,2708,27074
2026-01-05,Holyheld,196998.96208151622,107,66,32,34,3127
2026-01-05,Karta,533656.89,1,1,0,1,1
2026-01-05,KAST,3962258.1107423496,4402,2838,541,2297,102282
2026-01-05,Kolo,277170.46,2,2,0,2,4
2026-01-05,MetaMask,182167.31571070023,3021,1321,45,1276,16827
2026-01-05,Phantom Cash,812.1200000000001,22,15,1,14,97
2026-01-05,Ready,244562.05999999918,2643,2643,168,2475,7671
2026-01-05,RedotPay,14366165.54203229,9744,8526,770,7756,707271
2026-01-05,SafePal,107774.11895066923,6416,2774,131,2643,31589
2026-01-05,Solayer,56576.57000000001,184,150,3,147,7425
2026-01-05,Solflare,19434.178499999987,579,1,0,1,1
2026-01-05,Tria,200638.52749300003,1577,1553,102,1451,7942
2026-01-05,Tuyo,60745.49,1,1,0,1,1
2026-01-06,Avalanche Card,57557.54,540,540,39,501,5792
2026-01-06,Avici,86720.90999999993,677,591,26,565,3534
2026-01-06,BFinance,163315.44,6214,2272,510,1762,35946
2026-01-06,Bitget Wallet,139710.73691428677,15798,6864,377,6487,39244
2026-01-06,Bitget Wallet,20739.875,94,0,0,0,1
2026-01-06,Bitget Wallet,11629.869999999999,6,1,0,1,1
2026-01-06,Cypher,336526.2958583804,450,332,29,303,17591
2026-01-06,EtherFi,1621566.1323570693,20039,6041,128,5913,46598
2026-01-06,Exa,38017.39999999997,683,238,5,233,2720
2026-01-06,Gnosis,362176.06898490037,5788,2604,55,2549,27129
2026-01-06,Holyheld,223841.94900018687,104,57,22,35,3149
2026-01-06,Karta,0.0,0,0,0,0,1
2026-01-06,KAST,3665065.227827131,4309,2828,574,2254,102856
2026-01-06,Kolo,141089.04,2,2,0,2,4
2026-01-06,MetaMask,154191.47844049986,2702,1238,42,1196,16869
2026-01-06,Plasma One,17.259999999999998,2,2,2,0,2
2026-01-06,Phantom Cash,840.7,25,17,1,16,98
2026-01-06,Ready,248904.8983269995,2647,2647,152,2495,7823
2026-01-06,RedotPay,10818323.380548859,9232,8552,1354,7198,708625
2026-01-06,SafePal,116739.83732276902,6385,2745,104,2641,31693
2026-01-06,Solayer,47881.74000000001,222,187,6,181,7431
2026-01-06,Solflare,32756.299299999922,1656,1,0,1,1
2026-01-06,Tria,349936.5100000004,2803,2473,107,2366,8049
2026-01-06,Tuyo,37636.3,1,1,0,1,1
2026-01-07,Avalanche Card,29282.040000000015,576,575,57,518,5849
2026-01-07,Avici,156909.49999999988,606,584,23,561,3557
2026-01-07,BFinance,158340.68,6256,2339,509,1830,36455
2026-01-07,Bitget Wallet,137085.92009561867,16556,7082,383,6699,39627
2026-01-07,Bitget Wallet,15010.1455,86,0,0,0,1
2026-01-07,Bitget Wallet,31234.71,6,1,0,1,1
2026-01-07,Cypher,395616.36970423436,496,357,46,311,17637
2026-01-07,EtherFi,2032710.2814780234,19116,6279,142,6137,46740
2026-01-07,Exa,49285.31999999992,655,223,6,217,2726
2026-01-07,Gnosis,293135.0373297095,5728,2624,39,2585,27168
2026-01-07,Holyheld,124848.44601879895,127,71,27,44,3176
2026-01-07,Karta,517826.75,1,1,0,1,1
2026-01-07,KAST,3079143.1084460383,3654,2475,503,1972,103359
2026-01-07,Kolo,172754.8,1,1,0,1,4
2026-01-07,MetaMask,171617.93109426365,2831,1266,43,1223,16912
2026-01-07,Plasma One,0.0,0,0,0,0,2
2026-01-07,Phantom Cash,3673.7300000000005,34,17,1,16,99
2026-01-07,Ready,339628.47602899914,2938,2938,205,2733,8028
2026-01-07,RedotPay,13832075.201641792,8931,7384,336,7048,708961
2026-01-07,SafePal,115391.1741313201,6390,2764,110,2654,31803
2026-01-07,Solayer,42312.600621,201,168,2,166,7433
2026-01-07,Solflare,31485.622099999975,2419,1,0,1,1
2026-01-07,Tria,282611.0499999996,2342,2304,109,2195,8158
2026-01-07,Tuyo,53148.89,1,1,0,1,1
2026-01-08,Avalanche Card,1954.9799999999982,129,129,9,120,5858
2026-01-08,Avici,6661.84,126,125,5,120,3562
2026-01-08,BFinance,173060.08,6526,2467,518,1949,36973
2026-01-08,Bitget Wallet,138675.0515232678,16423,6966,350,6616,39977
2026-01-08,Bitget Wallet,10122.409999999996,75,0,0,0,1
2026-01-08,Bitget Wallet,10337.22,5,1,0,1,1
2026-01-08,Cypher,395495.3017369099,482,331,26,305,17663
2026-01-08,EtherFi,1985532.2470220516,20962,6305,161,6144,46901
2026-01-08,Exa,29971.749999999993,685,231,2,229,2728
2026-01-08,Gnosis,349866.8136573474,6117,2660,53,2607,27221
2026-01-08,Holyheld,176825.95153601054,114,57,15,42,3191
2026-01-08,Karta,43693.36,1,1,0,1,1
2026-01-08,KAST,3477115.5438857167,4001,2488,568,1920,103927
2026-01-08,Kolo,5828.26,1,1,0,1,4
2026-01-08,MetaMask,131650.29677147977,2754,1289,51,1238,16963
2026-01-08,Plasma One,0.0,0,0,0,0,2
2026-01-08,Phantom Cash,549.87,35,17,0,17,99
2026-01-08,Ready,257340.56898199941,2989,2989,219,2770,8247
2026-01-08,RedotPay,11214719.423144871,11439,10249,463,9786,709424
2026-01-08,SafePal,122709.8259023396,6591,2746,101,2645,31904
2026-01-08,Solayer,62243.463646000004,201,170,3,167,7436
2026-01-08,Solflare,20343.93999999995,1226,1,0,1,1
2026-01-08,Tria,100842.47000000002,1405,1391,40,1351,8198
2026-01-08,Tuyo,6346.19,1,1,0,1,1
2026-01-09,Avalanche Card,23855.78000000002,334,334,29,305,5887
2026-01-09,Avici,37575.56,341,332,17,315,3579
2026-01-09,BFinance,165562.23,6268,2420,534,1886,37507
2026-01-09,Bitget Wallet,139314.94215098716,16722,7113,380,6733,40357
2026-01-09,Bitget Wallet,12106.175,73,0,0,0,1
2026-01-09,Bitget Wallet,23075.21,5,1,0,1,1
2026-01-09,Cypher,310187.6243540026,456,318,25,293,17688
2026-01-09,EtherFi,1655715.8158320594,22158,6617,218,6399,47119
2026-01-09,Exa,31722.43999999993,703,234,6,228,2734
2026-01-09,Gnosis,287617.1113819093,6293,2773,126,2647,27347
2026-01-09,Holyheld,292081.5956594744,153,75,19,56,3210
2026-01-09,Hyperbeat,13.57,1,1,1,0,1
2026-01-09,Karta,0.0,0,0,0,0,1
2026-01-09,KAST,4993161.196251849,4100,2641,584,2057,104511
2026-01-09,Kolo,0.0,0,0,0,0,4
2026-01-09,MetaMask,163225.23780352465,3055,1342,42,1300,17005
2026-01-09,Plasma One,0.0,0,0,0,0,2
2026-01-09,Phantom Cash,1283.1999999999996,35,18,3,15,102
2026-01-09,Ready,252751.01499499966,2974,2974,159,2815,8406
2026-01-09,RedotPay,14541331.455799457,8345,7297,358,6939,709782
2026-01-09,SafePal,106401.8483399693,6868,2789,96,2693,32000
2026-01-09,Solayer,68734.55510599997,185,157,6,151,7442
2026-01-09,Solflare,22446.899399999984,1138,1,0,1,1
2026-01-09,Tria,445225.2399999997,1441,1422,69,1353,8267
2026-01-09,Tuyo,59219.8,1,1,0,1,1
2026-01-10,Avalanche Card,33735.530000000006,405,405,31,374,5918
2026-01-10,Avici,89143.70000000001,410,404,26,378,3605
2026-01-10,BFinance,114432.23,6064,2292,458,1834,37965
2026-01-10,Bitget Wallet,154872.27875621896,17492,7039,347,6692,40704
2026-01-10,Bitget Wallet,22243.137499999993,85,0,0,0,1
2026-01-10,Bitget Wallet,14315.439999999999,5,1,0,1,1
2026-01-10,Cypher,277131.6765568214,432,308,28,280,17716
2026-01-10,EtherFi,1538071.8021030952,24718,6601,168,6433,47287
2026-01-10,Exa,32936.769999999975,624,244,1,243,2735
2026-01-10,Gnosis,344089.0423195695,7066,2791,60,2731,27407
2026-01-10,Holyheld,167336.35159534364,114,78,17,61,3227
2026-01-10,Hyperbeat,15.600000000000001,5,2,2,0,3
2026-01-10,Karta,785398.21,1,1,0,1,1
2026-01-10,KAST,4460955.538265273,3681,2440,454,1986,104965
2026-01-10,Kolo,174522.13,1,1,0,1,4
2026-01-10,MetaMask,160048.2882979898,3016,1338,44,1294,17049
2026-01-10,Plasma One,0.0,0,0,0,0,2
2026-01-10,Phantom Cash,2460.65,25,13,1,12,103
2026-01-10,Ready,224975.51201299933,2938,2938,114,2824,8520
2026-01-10,RedotPay,10646576.714867488,11871,10774,1056,9718,710838
2026-01-10,SafePal,112009.64926025883,7034,2793,95,2698,32095
2026-01-10,Solayer,55350.876995999985,218,189,4,185,7446
2026-01-10,Solflare,21749.14799999995,1263,1,0,1,1
2026-01-10,Tria,293450.4999999998,1358,1331,91,1240,8358
2026-01-10,Tuyo,6148.68,1,1,0,1,1
2026-01-11,Avalanche Card,98630.99999999993,587,587,63,524,5981
2026-01-11,Avici,132115.52999999997,668,650,45,605,3650
2026-01-11,BFinance,115501.69,5842,2253,458,1795,38423
2026-01-11,Bitget Wallet,134631.36585624766,17088,6895,332,6563,41036
2026-01-11,Bitget Wallet,14022.5575,113,0,0,0,1
2026-01-11,Bitget Wallet,8684.009999999998,5,1,0,1,1
2026-01-11,Cypher,298032.49685500906,365,277,31,246,17747
2026-01-11,EtherFi,1438844.492637113,23091,6285,174,6111,47461
2026-01-11,Exa,38023.89000000002,752,259,2,257,2737
2026-01-11,Gnosis,277834.7276668495,5527,2396,41,2355,27448
2026-01-11,Holyheld,60313.18312323116,76,46,2,44,3229
2026-01-11,Hyperbeat,318.33,11,3,2,1,5
2026-01-11,Karta,787261.16,1,1,0,1,1
2026-01-11,KAST,2526561.7457407657,3378,2293,432,1861,105397
2026-01-11,Kolo,235571.02,1,1,0,1,4
2026-01-11,MetaMask,142047.0543935288,2617,1155,36,1119,17085
2026-01-11,Plasma One,0.0,0,0,0,0,2
2026-01-11,Phantom Cash,2367.63,49,21,1,20,104
2026-01-11,Ready,223624.01674799898,2877,2877,97,2780,8617
2026-01-11,RedotPay,8329060.142595561,11125,10211,1435,8776,712273
2026-01-11,SafePal,89944.34290913986,6594,2681,100,2581,32195
2026-01-11,Solayer,59949.63857300001,219,179,4,175,7450
2026-01-11,Solflare,33022.84989999987,1309,1,0,1,1
2026-01-11,Tria,538635.2127280011,2494,2469,140,2329,8498
2026-01-11,Tuyo,109277.34,1,1,0,1,1
2026-01-12,Avalanche Card,36812.34000000001,481,481,61,420,6042
2026-01-12,Avici,81953.50999999998,470,458,53,405,3703
2026-01-12,BFinance,155419.53,7793,2802,672,2130,39095
2026-01-12,Bitget Wallet,138052.85057360717,16220,6941,336,6605,41372
2026-01-12,Bitget Wallet,23693.639999999996,87,0,0,0,1
2026-01-12,Bitget Wallet,8778.67,5,1,0,1,1
2026-01-12,Cypher,345218.1878017277,445,316,21,295,17768
2026-01-12,EtherFi,1876085.108366093,23389,6497,183,6314,47644
2026-01-12,Exa,40269.54999999994,616,223,5,218,2742
2026-01-12,Gnosis,289127.95882422914,5841,2626,41,2585,27489
2026-01-12,Holyheld,198445.28493601133,116,62,12,50,3241
2026-01-12,Hyperbeat,63.629999999999995,7,3,0,3,5
2026-01-12,Karta,0.0,0,0,0,0,1
2026-01-12,KAST,5368370.410445386,3926,2634,482,2152,105879
2026-01-12,Kolo,0.0,0,0,0,0,4
2026-01-12,MetaMask,162729.9230588635,3003,1236,36,1200,17121
2026-01-12,Plasma One,0.0,0,0,0,0,2
2026-01-12,Phantom Cash,2875.500000000001,34,18,1,17,105
2026-01-12,Ready,221819.80079299954,2928,2928,111,2817,8728
2026-01-12,RedotPay,12843436.3598559,12764,11470,1366,10104,713639
2026-01-12,SafePal,107229.5473716699,6295,2724,122,2602,32317
2026-01-12,Solayer,91438.317487,228,195,3,192,7453
2026-01-12,Solflare,15789.979400000033,1554,1,0,1,1
2026-01-12,Tria,342412.9100000001,1925,1902,101,1801,8599
2026-01-12,Tuyo,54964.91,1,1,0,1,1
2026-01-13,Avalanche Card,44152.949999999975,651,651,115,536,6157
2026-01-13,Avici,110728.42999999996,567,558,88,470,3791
2026-01-13,BFinance,180188.13,7541,2783,672,2111,39767
2026-01-13,Bitget Wallet,132967.16715843693,16307,6979,325,6654,41697
2026-01-13,Bitget Wallet,20164.33470000001,80,0,0,0,1
2026-01-13,Bitget Wallet,26250.1,5,1,0,1,1
2026-01-13,Cypher,482810.79195259005,467,339,45,294,17813
2026-01-13,EtherFi,2082806.3425160898,24312,6936,310,6626,47954
2026-01-13,Exa,34524.449999999946,598,227,3,224,2745
2026-01-13,Gnosis,305456.7717411989,6100,2709,57,2652,27546
2026-01-13,Holyheld,231931.28147792123,111,57,9,48,3250
2026-01-13,Hyperbeat,78.88999999999997,7,2,0,2,5
2026-01-13,Karta,0.0,0,0,0,0,1
2026-01-13,KAST,3900728.4023785763,3503,2651,512,2139,106391
2026-01-13,Kolo,379316.89,2,2,0,2,4
2026-01-13,MetaMask,169536.7891739224,3264,1292,43,1249,17164
2026-01-13,Plasma One,0.0,0,0,0,0,2
2026-01-13,Phantom Cash,1816.02,47,21,2,19,107
2026-01-13,Ready,272454.5199999998,2926,2926,102,2824,8830
2026-01-13,RedotPay,16101724.982669275,13885,12527,1894,10633,715533
2026-01-13,SafePal,93018.19048596932,6616,2715,100,2615,32417
2026-01-13,Solayer,50404.43412099999,211,175,8,167,7461
2026-01-13,Solflare,21711.343499999934,1799,1,0,1,1
2026-01-13,Tria,471749.65999999904,2592,2556,180,2376,8779
2026-01-13,Tuyo,0.0,0,0,0,0,1
2026-01-14,Avalanche Card,78787.66999999991,796,796,141,655,6298
2026-01-14,Avici,110043.59999999996,697,677,98,579,3889
2026-01-14,BFinance,146968.39,7492,2826,658,2168,40425
2026-01-14,Bitget Wallet,134782.9419428969,16678,7088,333,6755,42030
2026-01-14,Bitget Wallet,29606.955000000016,115,0,0,0,1
2026-01-14,Bitget Wallet,34539.97,6,1,0,1,1
2026-01-14,Cypher,444647.89713525114,469,348,37,311,17850
2026-01-14,EtherFi,2153397.7927711196,24201,6798,273,6525,48227
2026-01-14,Exa,40612.58999999999,613,254,5,249,2750
2026-01-14,Gnosis,292554.7813187978,6156,2729,52,2677,27598
2026-01-14,Holyheld,150136.21895337387,120,61,4,57,3254
2026-01-14,Hyperbeat,464.9099999999999,13,4,1,3,6
2026-01-14,Karta,1649553.62,1,1,0,1,1
2026-01-14,KAST,5008602.001058724,4338,2749,519,2230,106910
2026-01-14,Kolo,96663.46,1,1,1,0,5
2026-01-14,MetaMask,171527.02493208193,2904,1306,48,1258,17212
2026-01-14,Plasma One,89685.57999999994,146,43,42,1,44
2026-01-14,Phantom Cash,1514.7599999999998,46,22,2,20,109
2026-01-14,Ready,223399.23936100004,2694,2694,85,2609,8915
2026-01-14,RedotPay,4061746.2661984665,2817,2501,293,2208,715826
2026-01-14,SafePal,108170.41733512885,7028,2787,110,2677,32527
2026-01-14,Solayer,46826.13446799999,207,178,2,176,7463
2026-01-14,Solflare,17246.2578,1937,1,0,1,1
2026-01-14,Tria,369654.2104999999,2970,2924,181,2743,8960
2026-01-14,Tuyo,94969.08,1,1,0,1,1
2026-01-15,Avalanche Card,57401.54999999989,747,747,90,657,6388
2026-01-15,Avici,124870.34000000005,659,649,87,562,3976
2026-01-15,BFinance,179030.31,7311,2848,637,2211,41062
2026-01-15,Bitget Wallet,142540.12873410815,16459,6928,243,6685,42273
2026-01-15,Bitget Wallet,15297.255000000001,115,0,0,0,1
2026-01-15,Bitget Wallet,10985.32,5,1,0,1,1
2026-01-15,Cypher,406975.589391601,485,356,35,321,17885
2026-01-15,EtherFi,1762094.684943025,24516,6939,249,6690,48476
2026-01-15,Exa,46905.98999999997,683,260,3,257,2753
2026-01-15,Gnosis,279838.1623890594,6082,2721,52,2669,27650
2026-01-15,Holyheld,188922.68708924914,108,61,9,52,3263
2026-01-15,Hyperbeat,62.31,6,3,0,3,6
2026-01-15,Karta,0.0,0,0,0,0,1
2026-01-15,KAST,4046650.5382796074,5072,3114,639,2475,107549
2026-01-15,Kolo,239178.80000000002,2,2,0,2,5
2026-01-15,MetaMask,187732.30520235182,3163,1371,43,1328,17255
2026-01-15,Plasma One,9441.7,16,16,1,15,45
2026-01-15,Phantom Cash,2919.0800000000004,36,13,0,13,109
2026-01-15,Ready,0.0,0,0,0,0,8915
2026-01-15,RedotPay,16855079.891198494,11858,11187,1915,9272,717741
2026-01-15,SafePal,111392.56088045883,7263,2836,104,2732,32631
2026-01-15,Solayer,69852.42298000002,209,172,4,168,7467
2026-01-15,Solflare,0.0,0,0,0,0,1
2026-01-15,Tria,486323.7121300004,2505,2475,95,2380,9055
2026-01-15,Tuyo,67647.56,1,1,0,1,1
2026-01-16,Avalanche Card,130879.36999999959,830,830,76,754,6464
2026-01-16,Avici,112796.56000000013,670,663,91,572,4067
2026-01-16,BFinance,143325.11,7180,2745,601,2144,41663
2026-01-16,Bitget Wallet,146115.34700739876,17171,7190,439,6751,42712
2026-01-16,Bitget Wallet,18039.467500000002,115,0,0,0,1
2026-01-16,Bitget Wallet,8373.44,5,1,0,1,1
2026-01-16,Cypher,334658.17784799,472,331,46,285,17931
2026-01-16,EtherFi,1800022.1865099573,29952,7027,213,6814,48689
2026-01-16,Exa,33429.86999999993,716,252,5,247,2758
2026-01-16,Gnosis,300125.05621224875,6666,2887,53,2834,27703
2026-01-16,Holyheld,196519.19780708538,195,93,24,69,3287
2026-01-16,Hyperbeat,2083.48,10,3,0,3,6
2026-01-16,Karta,563479.81,1,1,0,1,1
2026-01-16,KAST,4898610.143775233,4718,2919,531,2388,108080
2026-01-16,Kolo,123941.14,1,1,0,1,5
2026-01-16,MetaMask,177186.3804479719,3464,1444,44,1400,17299
2026-01-16,Plasma One,414.64,10,10,1,9,46
2026-01-16,Phantom Cash,2029.2700000000004,29,17,2,15,111
2026-01-16,Ready,579695.276638002,3867,3867,245,3622,9160
2026-01-16,RedotPay,15062380.488817506,20375,18329,3201,15128,720942
2026-01-16,SafePal,121867.31348848039,7565,2859,131,2728,32762
2026-01-16,Solayer,49406.912074,240,195,5,190,7472
2026-01-16,Solflare,0.0,0,0,0,0,1
2026-01-16,Tria,598159.2185910003,2621,2574,112,2462,9167
2026-01-16,Tuyo,50663.36,1,1,0,1,1
2026-01-17,Avalanche Card,66740.97999999994,716,716,65,651,6529
2026-01-17,Avici,95056.06999999993,644,638,62,576,4129
2026-01-17,BFinance,126596.66,6749,2479,528,1951,42191
2026-01-17,Bitget Wallet,154162.7740080917,18185,7347,389,6958,43101
2026-01-17,Bitget Wallet,29942.7075,105,0,0,0,1
2026-01-17,Bitget Wallet,12576.15,4,1,0,1,1
2026-01-17,Cypher,302196.41202678886,473,333,33,300,17964
2026-01-17,EtherFi,1679613.5454803358,54582,7221,227,6994,48916
2026-01-17,Exa,36827.44999999999,638,242,7,235,2765
2026-01-17,Gnosis,316538.8753450691,7156,2774,41,2733,27744
2026-01-17,Holyheld,38752.92843071507,102,46,1,45,3288
2026-01-17,Hyperbeat,370.2900000000001,14,3,0,3,6
2026-01-17,Karta,646852.29,1,1,0,1,1
2026-01-17,KAST,4254036.875014208,4404,2707,517,2190,108597
2026-01-17,Kolo,167661.62,1,1,0,1,5
2026-01-17,MetaMask,165876.35327031088,3445,1395,45,1350,17344
2026-01-17,Plasma One,2830.59,15,15,0,15,46
2026-01-17,Phantom Cash,1096.8600000000004,26,14,0,14,111
2026-01-17,Ready,283025.63999999943,3796,3147,102,3045,9262
2026-01-17,RedotPay,9554720.744112292,8798,7666,388,7278,721330
2026-01-17,SafePal,123522.99610086092,7785,2779,110,2669,32872
2026-01-17,Solayer,61088.417346000024,241,194,4,190,7476
2026-01-17,Solflare,91663.37339999975,4279,1,0,1,1
2026-01-17,Tria,332516.7100000004,2243,2216,70,2146,9237
2026-01-17,Tuyo,39681.62,1,1,0,1,1
2026-01-18,Avalanche Card,61702.57999999986,861,861,88,773,6617
2026-01-18,Avici,65923.89000000003,534,527,48,479,4177
2026-01-18,BFinance,129091.43,6566,2496,512,1984,42703
2026-01-18,Bitget Wallet,137936.74889553952,17090,7096,370,6726,43471
2026-01-18,Bitget Wallet,40463.450000000004,111,0,0,0,1
2026-01-18,Bitget Wallet,9878.460000000001,5,1,0,1,1
2026-01-18,Cypher,356950.3367808134,414,289,41,248,18005
2026-01-18,EtherFi,1455066.8403183417,50080,6831,190,6641,49106
2026-01-18,Exa,31418.619999999988,641,251,6,245,2771
2026-01-18,Gnosis,256625.54247449912,5291,2357,32,2325,27776
2026-01-18,Holyheld,121298.99491375207,109,53,10,43,3298
2026-01-18,Hyperbeat,448.96999999999997,16,3,0,3,6
2026-01-18,Karta,0.0,0,0,0,0,1
2026-01-18,KAST,3698026.06608588,3982,2419,466,1953,109063
2026-01-18,Kolo,86504.84,1,1,0,1,5
2026-01-18,MetaMask,173112.75100964148,2767,1243,34,1209,17378
2026-01-18,Plasma One,393.01,7,7,0,7,46
2026-01-18,Phantom Cash,2455.4100000000003,21,12,1,11,112
2026-01-18,Ready,225393.9502829993,2598,2598,69,2529,9331
2026-01-18,RedotPay,7827792.796523206,7445,6524,286,6238,721616
2026-01-18,SafePal,89223.32675854031,7191,2692,107,2585,32979
2026-01-18,Solayer,49157.85475099994,227,185,5,180,7481
2026-01-18,Solflare,19973.70210000007,2373,1,0,1,1
2026-01-18,Tria,451975.2199999996,2686,2641,114,2527,9351
2026-01-18,Tuyo,27529.08,1,1,0,1,1
2026-01-19,Avalanche Card,28803.14000000006,713,713,42,671,6659
2026-01-19,Avici,81282.01999999992,583,573,54,519,4231
2026-01-19,BFinance,153364.0,7853,2923,665,2258,43368
2026-01-19,Bitget Wallet,131434.37124426954,15552,6863,382,6481,43853
2026-01-19,Bitget Wallet,24902.682499999995,118,0,0,0,1
2026-01-19,Bitget Wallet,10815.0,5,1,0,1,1
2026-01-19,Cypher,340600.28877015045,435,324,37,287,18042
2026-01-19,EtherFi,1753663.758714227,36576,6841,217,6624,49323
2026-01-19,Exa,51154.46999999995,612,244,7,237,2778
2026-01-19,Gnosis,306343.5099032604,5933,2645,37,2608,27813
2026-01-19,Holyheld,62821.81676520324,95,58,4,54,3302
2026-01-19,Hyperbeat,236.60999999999999,14,3,0,3,6
2026-01-19,Karta,539659.58,1,1,0,1,1
2026-01-19,KAST,4321828.322400333,4350,2784,485,2299,109548
2026-01-19,Kolo,175622.02,1,1,0,1,5
2026-01-19,MetaMask,148003.96785217084,2945,1341,37,1304,17415
2026-01-19,Plasma One,2298.71,20,20,0,20,46
2026-01-19,Phantom Cash,1990.3999999999999,26,12,0,12,112
2026-01-19,Ready,217549.42971699918,2971,2971,94,2877,9425
2026-01-19,RedotPay,12356158.435301857,11480,10397,756,9641,722372
2026-01-19,SafePal,110726.94106391039,6647,2745,118,2627,33097
2026-01-19,Solayer,79066.83053399994,198,167,7,160,7488
2026-01-19,Solflare,21235.539200000043,2426,1,0,1,1
2026-01-19,Tria,324184.41000000044,1754,1726,85,1641,9436
2026-01-19,Tuyo,47063.62,1,1,0,1,1
2026-01-20,Avalanche Card,56866.70999999986,578,578,58,520,6717
2026-01-20,Avici,110758.04000000002,522,511,54,457,4285
2026-01-20,BFinance,160053.56,7377,2761,587,2174,43955
2026-01-20,Bitget Wallet,127459.9237274084,15445,6802,347,6455,44200
2026-01-20,Bitget Wallet,22466.605499999998,126,0,0,0,1
2026-01-20,Bitget Wallet,9042.380000000001,6,1,0,1,1
2026-01-20,Cypher,453713.3065923641,621,345,61,284,18103
2026-01-20,EtherFi,1999966.3772673144,49598,7001,224,6777,49547
2026-01-20,Exa,28480.1,502,223,3,220,2781
2026-01-20,Gnosis,296369.18728361034,5895,2628,41,2587,27854
2026-01-20,Holyheld,36541.94378877134,85,48,6,42,3308
2026-01-20,Hyperbeat,35.879999999999995,8,2,0,2,6
2026-01-20,Karta,0.0,0,0,0,0,1
2026-01-20,KAST,4368856.567787093,4408,2751,487,2264,110035
2026-01-20,Kolo,0.0,0,0,0,0,5
2026-01-20,MetaMask,159996.80733239386,3016,1375,40,1335,17455
2026-01-20,Plasma One,2970.4000000000005,20,20,0,20,46
2026-01-20,Phantom Cash,602.36,23,11,1,10,113
2026-01-20,Ready,218109.43384099923,2858,2858,93,2765,9518
2026-01-20,RedotPay,17145074.65015591,28906,27395,11362,16033,733734
2026-01-20,SafePal,102742.26722426922,6655,2665,113,2552,33210
2026-01-20,Solayer,59577.850889999965,189,162,3,159,7491
2026-01-20,Solflare,21961.442400000054,2362,1,0,1,1
2026-01-20,Tria,205382.20326799984,2156,2127,84,2043,9520
2026-01-20,Tuyo,57611.37,1,1,0,1,1
2026-01-21,Avalanche Card,121187.5699999997,871,871,79,792,6796
2026-01-21,Avici,152348.48999999996,752,742,89,653,4374
2026-01-21,BFinance,154503.79,7846,2892,598,2294,44553
2026-01-21,Bitget Wallet,133852.63793897905,15428,6895,388,6507,44588
2026-01-21,Bitget Wallet,18336.009999999995,120,0,0,0,1
2026-01-21,Bitget Wallet,12439.05,5,1,0,1,1
2026-01-21,Cypher,343581.801617732,455,335,34,301,18137
2026-01-21,EtherFi,1964143.522031148,23359,7023,213,6810,49760
2026-01-21,Exa,31732.21000000002,472,201,6,195,2787
2026-01-21,Gnosis,272152.6717783785,5886,2611,52,2559,27906
2026-01-21,Holyheld,176901.01099497822,102,64,12,52,3320
2026-01-21,Hyperbeat,21.610000000000003,6,2,0,2,6
2026-01-21,Karta,0.0,0,0,0,0,1
2026-01-21,KAST,4245810.895207984,4658,2910,509,2401,110544
2026-01-21,Kolo,327696.5,1,1,0,1,5
2026-01-21,MetaMask,158160.1861019766,2973,1330,45,1285,17500
2026-01-21,Plasma One,2045.91,21,21,0,21,46
2026-01-21,Phantom Cash,1068.33,36,16,2,14,115
2026-01-21,Ready,212415.21999999933,1827,1827,66,1761,9584
2026-01-21,RedotPay,11596159.775481476,13336,11993,2160,9833,735894
2026-01-21,SafePal,89919.53791580982,6228,2714,104,2610,33314
2026-01-21,Solayer,51833.52515899999,251,189,5,184,7496
2026-01-21,Solflare,14407.592000000017,799,1,0,1,1
2026-01-21,Tria,454977.3900000006,3052,2983,138,2845,9658
2026-01-21,Tuyo,58091.32,1,1,0,1,1
2026-01-22,Avalanche Card,38643.32000000001,556,555,38,517,6834
2026-01-22,Avici,117507.13000000003,518,510,33,477,4407
2026-01-22,BFinance,140744.12,7659,2887,566,2321,45119
2026-01-22,Bitget Wallet,134636.04604495838,15988,6992,386,6606,44974
2026-01-22,Bitget Wallet,33011.51749999999,125,0,0,0,1
2026-01-22,Bitget Wallet,10143.570000000002,6,1,0,1,1
2026-01-22,Cypher,329452.06594580045,424,297,34,263,18171
2026-01-22,EtherFi,1933711.0827851696,25955,7107,204,6903,49964
2026-01-22,Exa,43831.23000000001,575,224,10,214,2797
2026-01-22,Gnosis,320581.93659248075,6327,2723,44,2679,27950
2026-01-22,Holyheld,301427.14246705105,132,76,12,64,3332
2026-01-22,Hyperbeat,44.71,5,2,0,2,6
2026-01-22,Karta,0.0,0,0,0,0,1
2026-01-22,KAST,4688570.706094284,4641,2916,567,2349,111111
2026-01-22,Kolo,130522.05,1,1,0,1,5
2026-01-22,MetaMask,129396.39934245266,2524,1115,44,1071,17544
2026-01-22,Plasma One,1435.14,20,20,0,20,46
2026-01-22,Phantom Cash,2222.8099999999995,36,18,2,16,117
2026-01-22,Ready,180674.1426729998,1788,1788,67,1721,9651
2026-01-22,RedotPay,10203553.261853738,11154,9936,988,8948,736882
2026-01-22,SafePal,105103.81248521945,6414,2718,105,2613,33419
2026-01-22,Solayer,45250.99504699999,227,180,1,179,7497
2026-01-22,Solflare,18739.81340000002,823,1,0,1,1
2026-01-22,Tria,310753.47999999986,2470,2434,85,2349,9743
2026-01-22,Tuyo,68511.14,1,1,0,1,1
2026-01-23,Avalanche Card,62251.43999999998,475,475,32,443,6866
2026-01-23,Avici,196247.42,728,715,68,647,4475
2026-01-23,BFinance,171883.48,8086,2985,580,2405,45699
2026-01-23,Bitget Wallet,132819.8813363606,16258,7056,328,6728,45302
2026-01-23,Bitget Wallet,30144.955000000005,122,0,0,0,1
2026-01-23,Bitget Wallet,12662.289999999999,6,1,0,1,1
2026-01-23,Cypher,375018.67071723077,574,328,56,272,18227
2026-01-23,EtherFi,2145011.6218078327,30424,7399,187,7212,50151
2026-01-23,Exa,31295.99,509,233,16,217,2813
2026-01-23,Gnosis,329211.67433809966,6450,2714,31,2683,27981
2026-01-23,Holyheld,68387.2605377578,139,84,29,55,3361
2026-01-23,Hyperbeat,50.58000000000001,7,3,0,3,6
2026-01-23,Karta,838540.57,1,1,0,1,1
2026-01-23,KAST,5170198.125012892,4767,3001,569,2432,111680
2026-01-23,Kolo,251875.91,2,2,0,2,5
2026-01-23,MetaMask,170178.93135816537,3042,1319,44,1275,17588
2026-01-23,Plasma One,0.0,0,0,0,0,46
2026-01-23,Phantom Cash,1519.6800000000003,30,21,1,20,118
2026-01-23,Ready,234762.85625099982,1914,1914,69,1845,9720
2026-01-23,RedotPay,11803772.752548696,10317,9231,633,8598,737515
2026-01-23,SafePal,108950.72051540011,6867,2775,79,2696,33498
2026-01-23,Solayer,37032.909533000005,221,182,4,178,7501
2026-01-23,Solflare,19775.476800000048,849,1,0,1,1
2026-01-23,Tria,338896.97,2666,2637,86,2551,9829
2026-01-23,Tuyo,75647.54,1,1,0,1,1
2026-01-24,Avalanche Card,47870.84000000002,422,422,20,402,6886
2026-01-24,Avici,106119.37000000001,604,602,36,566,4511
2026-01-24,BFinance,135993.18,6817,2668,479,2189,46178
2026-01-24,Bitget Wallet,145251.31766733777,17107,7126,212,6914,45514
2026-01-24,Bitget Wallet,23715.427500000005,123,0,0,0,1
2026-01-24,Bitget Wallet,14410.78,5,1,0,1,1
2026-01-24,Cypher,307715.9312116802,515,333,31,302,18258
2026-01-24,EtherFi,1534565.0934119858,28615,7424,202,7222,50353
2026-01-24,Exa,35218.61999999984,936,259,9,250,2822
2026-01-24,Gnosis,335366.19654983847,7179,2795,51,2744,28032
2026-01-24,Holyheld,57289.420640881646,124,56,6,50,3367
2026-01-24,Hyperbeat,76.92000000000002,7,1,0,1,6
2026-01-24,Karta,0.0,0,0,0,0,1
2026-01-24,KAST,4237755.499880389,4563,2817,532,2285,112212
2026-01-24,Kolo,131601.63,1,1,0,1,5
2026-01-24,MetaMask,196859.03556619625,3251,1377,40,1337,17628
2026-01-24,Plasma One,1893.1500000000003,8,8,0,8,46
2026-01-24,Phantom Cash,1576.9,35,18,0,18,118
2026-01-24,Ready,303615.02999999933,1949,1949,87,1862,9807
2026-01-24,RedotPay,8785208.26619675,10059,9039,772,8267,738287
2026-01-24,SafePal,112662.98742653873,7129,2850,86,2764,33584
2026-01-24,Solayer,51309.558050999985,225,186,3,183,7504
2026-01-24,Solflare,31432.757800000007,895,1,0,1,1
2026-01-24,Tria,362813.40999999916,2578,2546,73,2473,9902
2026-01-24,Tuyo,54701.06,1,1,0,1,1
2026-01-25,Avalanche Card,61460.88999999997,431,431,27,404,6913
2026-01-25,Avici,99388.53,633,629,41,588,4552
2026-01-25,BFinance,136706.78,6857,2632,553,2079,46731
2026-01-25,Bitget Wallet,153126.85719962802,16938,6969,208,6761,45722
2026-01-25,Bitget Wallet,18475.025000000005,118,0,0,0,1
2026-01-25,Bitget Wallet,15868.64,5,1,0,1,1
2026-01-25,Cypher,287994.1312173924,420,290,24,266,18282
2026-01-25,EtherFi,1252239.4280760572,25654,7050,171,6879,50524
2026-01-25,Exa,34711.01999999976,1025,256,10,246,2832
2026-01-25,Gnosis,293173.27061499987,5454,2367,40,2327,28072
2026-01-25,Holyheld,103998.08595019391,159,60,20,40,3387
2026-01-25,Hyperbeat,617.3300000000002,17,3,0,3,6
2026-01-25,Karta,0.0,0,0,0,0,1
2026-01-25,KAST,3092606.6380494377,4517,2694,468,2226,112680
2026-01-25,Kolo,146158.06,1,1,0,1,5
2026-01-25,MetaMask,155370.120269435,2639,1173,27,1146,17655
2026-01-25,Plasma One,2335.3599999999997,6,6,0,6,46
2026-01-25,Phantom Cash,902.13,20,13,0,13,118
2026-01-25,Ready,488454.3351799997,2933,2933,162,2771,9969
2026-01-25,RedotPay,8629699.143087802,9451,8459,523,7936,738810
2026-01-25,SafePal,99739.77296408959,6891,2732,79,2653,33663
2026-01-25,Solayer,29808.260514999987,175,136,1,135,7505
2026-01-25,Solflare,16941.72409999999,1239,1,0,1,1
2026-01-25,Tria,329779.35481599934,2583,2549,89,2460,9991
2026-01-25,Tuyo,38258.13,1,1,0,1,1
2026-01-26,Avalanche Card,21500.330000000078,793,793,147,646,7060
2026-01-26,Avici,79424.70000000006,609,597,36,561,4588
2026-01-26,BFinance,162117.54,7668,2974,567,2407,47298
2026-01-26,Bitget Wallet,173882.48840295686,15528,6745,156,6589,45878
2026-01-26,Bitget Wallet,15830.539999999999,82,0,0,0,1
2026-01-26,Bitget Wallet,9565.08,5,1,0,1,1
2026-01-26,Cypher,447443.29559380986,488,341,44,297,18326
2026-01-26,EtherFi,1841872.3230730125,28081,7171,184,6987,50708
2026-01-26,Exa,40814.42999999962,1084,278,13,265,2845
2026-01-26,Gnosis,291283.153556139,5862,2552,41,2511,28113
2026-01-26,Holyheld,76049.71559159868,156,71,24,47,3411
2026-01-26,Hyperbeat,133.82999999999998,9,3,0,3,6
2026-01-26,Karta,460112.78,1,1,0,1,1
2026-01-26,KAST,5075823.016682599,7794,5900,1680,4220,114360
2026-01-26,Kolo,166661.42,1,1,0,1,5
2026-01-26,MetaMask,176186.94843328782,2874,1302,41,1261,17696
2026-01-26,Plasma One,1295.4600000000003,17,17,0,17,46
2026-01-26,Phantom Cash,472.39,14,10,0,10,118
2026-01-26,Ready,205822.16053400055,1913,1913,79,1834,10048
2026-01-26,RedotPay,11453122.476601878,8900,7967,905,7062,739715
2026-01-26,SafePal,117072.2340086598,7084,2791,80,2711,33743
2026-01-26,Solayer,78259.73561099995,225,190,2,188,7507
2026-01-26,Solflare,18586.670099999985,1667,1,0,1,1
2026-01-26,Tria,386161.5700000003,1874,1845,116,1729,10107
2026-01-26,Tuyo,27285.92,1,1,0,1,1
2026-01-27,Avalanche Card,18520.689999999988,287,287,38,249,7098
2026-01-27,Avici,91971.30999999992,518,514,34,480,4622
2026-01-27,BFinance,183483.79,8604,3090,637,2453,47935
2026-01-27,Bitget Wallet,152739.81685624973,15501,6800,223,6577,46101
2026-01-27,Bitget Wallet,47664.45499999999,110,0,0,0,1
2026-01-27,Bitget Wallet,9610.41,6,1,0,1,1
2026-01-27,Cypher,300744.022913934,443,288,24,264,18350
2026-01-27,EtherFi,1912036.0772500332,25627,7356,279,7077,50987
2026-01-27,Exa,39070.5300000001,660,246,7,239,2852
2026-01-27,Gnosis,316842.37552079064,5982,2648,50,2598,28163
2026-01-27,Holyheld,181309.46382779602,174,102,33,69,3444
2026-01-27,Hyperbeat,52586.78999999999,15,4,0,4,6
2026-01-27,Karta,0.0,0,0,0,0,1
2026-01-27,KAST,5174854.464757604,8796,6820,2537,4283,116897
2026-01-27,Kolo,121377.53,1,1,0,1,5
2026-01-27,MetaMask,177944.9096917482,2801,1265,37,1228,17733
2026-01-27,Plasma One,5085.35,23,23,1,22,47
2026-01-27,Phantom Cash,1078.16,17,11,1,10,119
2026-01-27,Ready,314472.68756000017,2929,2842,82,2760,10130
2026-01-27,RedotPay,14546733.824180001,13724,12382,979,11403,740694
2026-01-27,SafePal,109915.7098823903,6363,2808,65,2743,33808
2026-01-27,Solayer,53026.979687999985,206,174,2,172,7509
2026-01-27,Solflare,23643.777199999942,1863,1,0,1,1
2026-01-27,Tria,245250.59999999983,833,819,65,754,10172
2026-01-27,Tuyo,34589.86,1,1,0,1,1
2026-01-28,Avalanche Card,28300.990000000216,1666,1666,964,702,8062
2026-01-28,Avici,23869.079999999994,334,330,16,314,4638
2026-01-28,BFinance,168786.09,7882,2974,596,2378,48531
2026-01-28,Bitget Wallet,138302.8324675204,15906,6739,201,6538,46302
2026-01-28,Bitget Wallet,27086.312500000004,119,0,0,0,1
2026-01-28,Bitget Wallet,15657.710000000001,5,1,0,1,1
2026-01-28,Cypher,591866.2948133895,422,290,21,269,18371
2026-01-28,EtherFi,1896064.3642940253,25104,7346,207,7139,51194
2026-01-28,Exa,33092.299999999996,582,239,4,235,2856
2026-01-28,Gnosis,318818.9877086999,5999,2612,43,2569,28206
2026-01-28,Holyheld,152084.68737657872,162,95,38,57,3482
2026-01-28,Hyperbeat,375.57,15,4,1,3,7
2026-01-28,Karta,208302.71,1,1,0,1,1
2026-01-28,KAST,5868263.655470405,7795,5787,2038,3749,118935
2026-01-28,Kolo,26617.53,1,1,0,1,5
2026-01-28,MetaMask,183445.91226825098,2949,1276,43,1233,17776
2026-01-28,Plasma One,21.32,2,2,0,2,47
2026-01-28,Phantom Cash,2286.7899999999995,31,19,0,19,119
2026-01-28,Ready,497765.51583800034,2836,2836,91,2745,10221
2026-01-28,RedotPay,13524660.240682961,13037,11342,1056,10286,741750
2026-01-28,SafePal,104737.37460510965,6816,2831,72,2759,33880
2026-01-28,Solayer,105678.04749900001,230,172,5,167,7514
2026-01-28,Solflare,28990.9815000001,1507,1,0,1,1
2026-01-28,Tria,226688.80999999985,2554,2527,134,2393,10306
2026-01-28,Tuyo,12811.49,1,1,0,1,1
2026-01-29,Avalanche Card,60651.01999999966,1872,1872,469,1403,8531
2026-01-29,Avici,124620.67000000009,711,705,50,655,4688
2026-01-29,BFinance,166571.06,7720,2869,538,2331,49069
2026-01-29,Bitget Wallet,173736.84880155118,15660,6757,189,6568,46491
2026-01-29,Bitget Wallet,15637.007600000008,114,0,0,0,1
2026-01-29,Bitget Wallet,11127.09,5,1,0,1,1
2026-01-29,Cypher,386595.9743792433,468,339,34,305,18405
2026-01-29,EtherFi,1939257.9858460778,25298,7311,204,7107,51398
2026-01-29,Exa,38870.21000000003,783,251,6,245,2862
2026-01-29,Gnosis,318513.6749423192,6156,2693,47,2646,28253
2026-01-29,Holyheld,88696.02043583307,123,69,16,53,3498
2026-01-29,Hyperbeat,538.04,19,3,0,3,7
2026-01-29,Karta,808076.13,1,1,0,1,1
2026-01-29,KAST,5830345.864016189,5670,3672,1154,2518,120089
2026-01-29,Kolo,210943.52,1,1,0,1,5
2026-01-29,MetaMask,168710.40777502197,2848,1298,46,1252,17822
2026-01-29,Plasma One,3970.0,15,15,0,15,47
2026-01-29,Phantom Cash,1528.79,23,17,1,16,120
2026-01-29,Ready,115191.57000000004,1410,1410,41,1369,10262
2026-01-29,RedotPay,13100850.115186961,12490,10971,1008,9963,742758
2026-01-29,SafePal,114674.40460893078,7064,2808,74,2734,33954
2026-01-29,Solayer,127122.77080899995,234,192,5,187,7519
2026-01-29,Solflare,20689.675500000023,927,1,0,1,1
2026-01-29,Tria,515768.46000000054,2892,2859,165,2694,10471
2026-01-29,Tuyo,66091.83,1,1,0,1,1
2026-01-30,Avalanche Card,83069.89000000013,1176,1176,267,909,8798
2026-01-30,Avici,130183.40999999989,661,653,42,611,4730
2026-01-30,BFinance,163366.5,8044,2799,596,2203,49665
2026-01-30,Bitget Wallet,150016.76981860012,15543,6596,161,6435,46652
2026-01-30,Bitget Wallet,11144.157500000001,100,0,0,0,1
2026-01-30,Bitget Wallet,10092.74,5,1,0,1,1
2026-01-30,Cypher,306697.05094722594,473,317,25,292,18430
2026-01-30,EtherFi,2100665.238183266,30216,7528,193,7335,51591
2026-01-30,Exa,39544.77000000011,856,260,6,254,2868
2026-01-30,Gnosis,351679.34843503183,6826,2786,52,2734,28305
2026-01-30,Holyheld,231498.06615943948,127,89,21,68,3519
2026-01-30,Hyperbeat,1132.2599999999998,10,4,2,2,9
2026-01-30,Karta,0.0,0,0,0,0,1
2026-01-30,KAST,6105397.4964154465,6096,4035,1382,2653,121471
2026-01-30,Kolo,352313.31,1,1,0,1,5
2026-01-30,MetaMask,183675.37532483056,3113,1328,40,1288,17862
2026-01-30,Plasma One,1172.93,13,13,0,13,47
2026-01-30,Phantom Cash,1134.23,29,19,1,18,121
2026-01-30,Ready,243100.7174230003,1678,1678,53,1625,10315
2026-01-30,RedotPay,10194736.40702472,9121,8224,718,7506,743476
2026-01-30,SafePal,119224.75037740087,6665,2727,69,2658,34023
2026-01-30,Solayer,107420.862101,212,173,3,170,7522
2026-01-30,Solflare,24690.42270000008,924,1,0,1,1
2026-01-30,Tria,473223.2556039988,2991,2948,261,2687,10732
2026-01-30,Tuyo,152135.2,1,1,0,1,1
2026-01-31,Avalanche Card,75848.17,2107,2075,591,1484,9389
2026-01-31,Avici,106120.4699999999,692,667,36,631,4766
2026-01-31,BFinance,129955.65,8983,2903,764,2139,50429
2026-01-31,Bitget Wallet,157046.46412246805,16156,6633,182,6451,46834
2026-01-31,Bitget Wallet,36848.55999999999,141,0,0,0,1
2026-01-31,Bitget Wallet,12065.259999999998,5,1,0,1,1
2026-01-31,Cypher,383566.5907146237,501,354,49,305,18479
2026-01-31,EtherFi,1571887.9192770435,23972,7492,199,7293,51790
2026-01-31,Exa,35851.68000000004,592,248,4,244,2872
2026-01-31,Gnosis,326234.29675926804,7213,2817,46,2771,28351
2026-01-31,Holyheld,36705.464920324725,131,61,12,49,3531
2026-01-31,Hyperbeat,1496.1200000000006,32,13,10,3,19
2026-01-31,Karta,0.0,0,0,0,0,1
2026-01-31,KAST,4435507.392034778,5537,3662,1117,2545,122588
2026-01-31,Kolo,179267.58,1,1,0,1,5
2026-01-31,MetaMask,169929.5150723405,3276,1322,35,1287,17897
2026-01-31,Plasma One,549.73,8,8,0,8,47
2026-01-31,Phantom Cash,1120.9,35,17,0,17,121
2026-01-31,Ready,345539.61999999953,1960,1960,76,1884,10391
2026-01-31,RedotPay,12233008.355994819,14149,12746,937,11809,744413
2026-01-31,SafePal,96370.91679404,6577,2690,83,2607,34106
2026-01-31,Solayer,36418.12860400002,207,176,5,171,7527
2026-01-31,Solflare,32898.74730000006,928,1,0,1,1
2026-01-31,Tria,479962.5509999988,3380,3257,384,2873,11116
2026-01-31,Tuyo,46752.96,1,1,0,1,1
2026-02-01,Avalanche Card,39492.919999999845,2186,2185,480,1705,9869
2026-02-01,Avici,66044.85999999999,587,578,31,547,4797
2026-02-01,BFinance,189051.55,10257,3382,886,2496,51315
2026-02-01,Bitget Wallet,159758.48111955868,16592,6755,156,6599,46990
2026-02-01,Bitget Wallet,31892.535000000003,120,0,0,0,1
2026-02-01,Bitget Wallet,14777.97,5,1,0,1,1
2026-02-01,Cypher,307707.5801016017,406,299,29,270,18508
2026-02-01,EtherFi,2130023.78274905,23307,7429,168,7261,51958
2026-02-01,Exa,44353.08000000004,718,262,6,256,2878
2026-02-01,Gnosis,278651.6695297492,5573,2501,37,2464,28388
2026-02-01,Holyheld,45524.41639651274,146,61,18,43,3549
2026-02-01,Hyperbeat,3082.860000000001,21,7,1,6,20
2026-02-01,Karta,332838.45,1,1,0,1,1
2026-02-01,KAST,4147365.9801429547,5813,3858,1223,2635,123811
2026-02-01,Kolo,181654.93,1,1,0,1,5
2026-02-01,MetaMask,163251.38284906687,2674,1231,35,1196,17932
2026-02-01,Plasma One,3966.419999999999,26,13,0,13,47
2026-02-01,Phantom Cash,1234.1199999999997,27,11,0,11,121
2026-02-01,Ready,271554.15319000004,1958,1958,51,1907,10442
2026-02-01,RedotPay,13645022.70955665,13253,12124,1486,10638,745899
2026-02-01,SafePal,110271.19078622988,7061,2908,62,2846,34168
2026-02-01,Solayer,69995.39428899997,226,172,5,167,7532
2026-02-01,Solflare,33068.682200000054,944,1,0,1,1
2026-02-01,Tria,634605.169999998,3080,3030,275,2755,11391
2026-02-01,Tuyo,29281.53,1,1,0,1,1
2026-02-02,Avalanche Card,34411.999999999905,1592,1592,278,1314,10147
2026-02-02,Avici,118091.26000000005,626,623,42,581,4839
2026-02-02,BFinance,180101.51,10033,3423,871,2552,52186
2026-02-02,Bitget Wallet,150737.95771372784,15968,6641,142,6499,47132
2026-02-02,Bitget Wallet,21134.609999999997,121,0,0,0,1
2026-02-02,Bitget Wallet,17655.32,5,1,0,1,1
2026-02-02,Cypher,303822.4838682851,464,339,43,296,18551
2026-02-02,EtherFi,1919589.5502470832,24006,7479,213,7266,52171
2026-02-02,Exa,41466.67000000001,546,231,5,226,2883
2026-02-02,Gnosis,330027.8337567499,5866,2581,44,2537,28432
2026-02-02,Holyheld,321086.5090245596,141,85,18,67,3567
2026-02-02,Hyperbeat,1517.23,19,9,2,7,22
2026-02-02,Karta,0.0,0,0,0,0,1
2026-02-02,KAST,5591732.753447072,6025,3893,1090,2803,124901
2026-02-02,Kolo,186824.67,1,1,0,1,5
2026-02-02,MetaMask,180885.5090321256,2956,1273,31,1242,17963
2026-02-02,Plasma One,2594.68,16,16,0,16,47
2026-02-02,Phantom Cash,2943.53,40,20,1,19,122
2026-02-02,Ready,212697.69681000008,1961,1961,38,1923,10480
2026-02-02,RedotPay,15742702.445623377,13429,12294,2581,9713,748480
2026-02-02,SafePal,107659.10517535017,6428,2747,56,2691,34224
2026-02-02,Solayer,59163.89553399996,192,159,2,157,7534
2026-02-02,Solflare,30859.263100000077,950,1,0,1,1
2026-02-02,Tria,322780.69000000035,2117,2077,149,1928,11540
2026-02-02,Tuyo,53485.9,1,1,0,1,1
2026-02-03,Avalanche Card,39787.519999999495,2154,2154,431,1723,10578
2026-02-03,Avici,155562.50000000003,725,717,51,666,4890
2026-02-03,BFinance,175628.3,10106,3344,816,2528,53002
2026-02-03,Bitget Wallet,139146.9312793491,15591,6446,139,6307,47271
2026-02-03,Bitget Wallet,41159.395,145,0,0,0,1
2026-02-03,Bitget Wallet,29690.79,3,1,0,1,1
2026-02-03,Cypher,405961.0548987743,490,347,58,289,18609
2026-02-03,EtherFi,1876797.4235620876,23364,7533,217,7316,52388
2026-02-03,Exa,38144.880000000005,579,232,7,225,2890
2026-02-03,Gnosis,325728.8122064403,5628,2561,48,2513,28480
2026-02-03,Holyheld,232540.2225104324,130,76,15,61,3582
2026-02-03,Hyperbeat,589.91,28,12,4,8,26
2026-02-03,Karta,578411.58,1,1,0,1,1
2026-02-03,KAST,5282797.5529460525,6217,3936,1154,2782,126055
2026-02-03,Kolo,194460.74,1,1,0,1,5
2026-02-03,MetaMask,187726.66380967025,3017,1290,40,1250,18003
2026-02-03,Plasma One,7195.429999999999,18,18,0,18,47
2026-02-03,Phantom Cash,1630.4700000000005,36,16,0,16,122
2026-02-03,Ready,269973.2200000002,1945,1945,55,1890,10535
2026-02-03,RedotPay,14585550.57267978,11275,9882,1164,8718,749644
2026-02-03,SafePal,109886.22475731936,6599,2727,62,2665,34286
2026-02-03,Solayer,56268.989360000014,233,187,5,182,7539
2026-02-03,Solflare,38364.398300000044,859,1,0,1,1
2026-02-03,Tria,444660.1399999994,3473,3436,170,3266,11710
2026-02-03,Tuyo,45208.77,1,1,0,1,1
2026-02-04,Avalanche Card,57962.13000000014,1582,1582,265,1317,10843
2026-02-04,Avici,138775.97,659,650,40,610,4930
2026-02-04,BFinance,247080.78,10537,3646,845,2801,53847
2026-02-04,Bitget Wallet,140155.2909583307,15258,6420,125,6295,47396
2026-02-04,Bitget Wallet,34623.6949,95,0,0,0,1
2026-02-04,Bitget Wallet,15237.6,5,1,0,1,1
2026-02-04,Cypher,444104.31702546554,740,437,167,270,18776
2026-02-04,EtherFi,1745435.0538850678,24290,7541,221,7320,52609
2026-02-04,Exa,34922.30000000003,582,234,8,226,2898
2026-02-04,Gnosis,314695.59046389034,5734,2539,47,2492,28527
2026-02-04,Holyheld,468963.1035438787,193,95,35,60,3617
2026-02-04,Hyperbeat,534.0500000000001,11,6,1,5,27
2026-02-04,Karta,0.0,0,0,0,0,1
2026-02-04,KAST,5613825.776325872,6102,4002,1236,2766,127291
2026-02-04,Kolo,231628.4,1,1,0,1,5
2026-02-04,MetaMask,158031.23686400204,2892,1291,45,1246,18048
2026-02-04,Plasma One,1226.58,9,9,0,9,47
2026-02-04,Phantom Cash,2468.33,32,18,0,18,122
2026-02-04,Ready,339535.9814490001,1956,1956,44,1912,10579
2026-02-04,RedotPay,12847707.281032598,11993,10665,1086,9579,750730
2026-02-04,SafePal,122919.46103078059,6563,2650,64,2586,34350
2026-02-04,Solayer,41816.05325999997,204,178,6,172,7545
2026-02-04,Solflare,28303.955800000054,705,1,0,1,1
2026-02-04,Tria,460095.8599999996,3050,3006,116,2890,11826
2026-02-04,Tuyo,43334.14,1,1,0,1,1
2026-02-05,Avalanche Card,88213.46999999956,1730,1730,250,1480,11093
2026-02-05,Avici,105478.96000000011,693,686,33,653,4963
2026-02-05,BFinance,193403.77,10027,3495,724,2771,54571
2026-02-05,Bitget Wallet,150249.9919704992,14549,6105,125,5980,47521
2026-02-05,Bitget Wallet,34321.632500000014,121,0,0,0,1
2026-02-05,Bitget Wallet,12878.73,5,1,0,1,1
2026-02-05,Cypher,275700.8059240578,677,437,146,291,18922
2026-02-05,EtherFi,1826166.922315068,23864,7602,254,7348,52863
2026-02-05,Exa,40596.520000000026,556,218,3,215,2901
2026-02-05,Gnosis,311915.8200090892,5898,2551,46,2505,28573
2026-02-05,Holyheld,197039.01382388955,176,84,22,62,3639
2026-02-05,Hyperbeat,279.38000000000005,23,9,3,6,30
2026-02-05,Karta,0.0,0,0,0,0,1
2026-02-05,KAST,9669178.308632808,10534,8230,3058,5172,130349
2026-02-05,Kolo,203322.97,1,1,0,1,5
2026-02-05,MetaMask,188479.7440658661,2873,1266,19,1247,18067
2026-02-05,Plasma One,6313.5,12,12,0,12,47
2026-02-05,Phantom Cash,1184.29,27,16,1,15,123
2026-02-05,Ready,247468.71000000037,1952,1952,42,1910,10621
2026-02-05,RedotPay,14527591.876051897,13940,12294,1034,11260,751764
2026-02-05,SafePal,118592.73099279946,6396,2634,58,2576,34408
2026-02-05,Solayer,89339.50887100001,180,146,4,142,7549
2026-02-05,Solflare,23594.240499999898,773,1,0,1,1
2026-02-05,Tria,367711.3099999999,3037,2989,118,2871,11944
2026-02-05,Tuyo,61313.96,1,1,0,1,1
2026-02-06,Avalanche Card,53106.92999999963,1722,1722,273,1449,11366
2026-02-06,Avici,125878.78000000007,629,622,34,588,4997
2026-02-06,BFinance,192378.22,9412,3338,649,2689,55220
2026-02-06,Bitget Wallet,140487.48253295862,14130,6031,119,5912,47640
2026-02-06,Bitget Wallet,15515.7325,113,0,0,0,1
2026-02-06,Bitget Wallet,22349.460000000003,5,1,0,1,1
2026-02-06,Cypher,301273.96272504015,721,466,145,321,19067
2026-02-06,EtherFi,1847143.498426029,24655,7821,215,7606,53078
2026-02-06,Exa,51294.95999999998,578,235,3,232,2904
2026-02-06,Gnosis,317055.2700140797,6321,2680,50,2630,28623
2026-02-06,Holyheld,147587.84178746067,146,82,22,60,3661
2026-02-06,Hyperbeat,3564.8600000000006,29,11,3,8,33
2026-02-06,Karta,0.0,0,0,0,0,1
2026-02-06,KAST,5473931.2140677925,6252,4171,1058,3113,131407
2026-02-06,Kolo,217260.66,1,1,0,1,5
2026-02-06,MetaMask,204848.3751254758,3004,1247,35,1212,18102
2026-02-06,Plasma One,1255.6,11,11,0,11,47
2026-02-06,Phantom Cash,2007.7299999999998,29,17,0,17,123
2026-02-06,Ready,218625.58603100007,1919,1919,52,1867,10673
2026-02-06,RedotPay,13379590.148799941,13694,12024,827,11197,752591
2026-02-06,SafePal,121802.73644281994,6285,2601,54,2547,34462
2026-02-06,Solayer,37646.799518000014,198,165,4,161,7553
2026-02-06,Solflare,32797.83819999999,483,1,0,1,1
2026-02-06,Tria,400351.7500000001,2931,2887,104,2783,12048
2026-02-06,Tuyo,43046.72,1,1,0,1,1
2026-02-07,Avalanche Card,58841.09000000001,664,664,71,593,11437
2026-02-07,Avici,345042.4100000002,615,607,33,574,5030
2026-02-07,BFinance,199305.21,8495,3079,575,2504,55795
2026-02-07,Bitget Wallet,148369.02124167973,14949,6053,113,5940,47753
2026-02-07,Bitget Wallet,27400.960000000006,108,0,0,0,1
2026-02-07,Bitget Wallet,13810.16,5,1,0,1,1
2026-02-07,Cypher,445488.0990975936,622,392,107,285,19174
2026-02-07,EtherFi,1857999.32036497,27575,7796,181,7615,53259
2026-02-07,Exa,36487.66000000003,557,212,6,206,2910
2026-02-07,Gnosis,290753.9825306393,6913,2700,34,2666,28657
2026-02-07,Holyheld,55075.87035214754,106,68,12,56,3673
2026-02-07,Hyperbeat,735.8000000000001,31,12,1,11,34
2026-02-07,Karta,629109.04,1,1,0,1,1
2026-02-07,KAST,4938016.515185937,6010,3911,938,2973,132345
2026-02-07,Kolo,197337.09,1,1,0,1,5
2026-02-07,MetaMask,156359.95951144584,3157,1289,38,1251,18140
2026-02-07,Plasma One,6106.68,13,13,0,13,47
2026-02-07,Phantom Cash,1008.9100000000001,26,13,0,13,123
2026-02-07,Ready,172042.25490100012,1570,1570,50,1520,10723
2026-02-07,RedotPay,9250308.8118178,9310,8304,822,7482,753413
2026-02-07,SafePal,124753.81446857964,6530,2592,63,2529,34525
2026-02-07,Solayer,24400.718987999993,195,165,6,159,7559
2026-02-07,Solflare,13394.081399999992,326,1,0,1,1
2026-02-07,Tria,442748.1199999998,2833,2796,95,2701,12143
2026-02-07,Tuyo,41130.95,1,1,0,1,1
2026-02-08,Avalanche Card,28901.810000000023,602,602,73,529,11510
2026-02-08,Avici,68067.15999999999,366,361,22,339,5052
2026-02-08,BFinance,185725.52,8518,3060,562,2498,56357
2026-02-08,Bitget Wallet,141427.2693412595,14598,5969,108,5861,47861
2026-02-08,Bitget Wallet,30909.745,113,0,0,0,1
2026-02-08,Bitget Wallet,19755.42,5,1,0,1,1
2026-02-08,Cypher,211492.06867038528,552,360,95,265,19269
2026-02-08,EtherFi,1578322.0317080219,23257,7541,190,7351,53449
2026-02-08,Exa,54126.190000000046,657,223,2,221,2912
2026-02-08,Gnosis,243464.29529739934,5211,2296,26,2270,28683
2026-02-08,Holyheld,25778.98573840588,75,48,12,36,3685
2026-02-08,Hyperbeat,1033.62,27,11,2,9,36
2026-02-08,Karta,0.0,0,0,0,0,1
2026-02-08,KAST,4829979.268287007,7478,5504,1439,4065,133784
2026-02-08,Kolo,73138.69,1,1,0,1,5
2026-02-08,MetaMask,145775.21510409913,2650,1153,23,1130,18163
2026-02-08,Plasma One,0.0,0,0,0,0,47
2026-02-08,Phantom Cash,1247.4700000000003,47,19,0,19,123
2026-02-08,Ready,249254.623969,1827,1827,47,1780,10770
2026-02-08,RedotPay,8668907.932454241,10415,9258,617,8641,754030
2026-02-08,SafePal,113789.10495664945,6382,2537,68,2469,34593
2026-02-08,Solayer,37930.00892200002,225,181,5,176,7564
2026-02-08,Solflare,25206.691099999985,585,1,0,1,1
2026-02-08,Tria,242004.32000000007,2477,2448,67,2381,12210
2026-02-08,Tuyo,15978.67,1,1,0,1,1
2026-02-09,Avalanche Card,57445.0400000002,1474,1474,204,1270,11714
2026-02-09,Avici,150258.00999999995,707,704,53,651,5105
2026-02-09,BFinance,209577.07,10493,3599,753,2846,57110
2026-02-09,Bitget Wallet,143465.20975758912,14016,5822,129,5693,47990
2026-02-09,Bitget Wallet,34564.77999999999,108,0,0,0,1
2026-02-09,Bitget Wallet,17393.48,4,1,0,1,1
2026-02-09,Cypher,227972.68813388294,670,400,99,301,19368
2026-02-09,EtherFi,1980734.9515130322,24015,7750,258,7492,53707
2026-02-09,Exa,33267.73,531,200,0,200,2912
2026-02-09,Gnosis,314762.73785345023,5698,2530,43,2487,28726
2026-02-09,Holyheld,388637.9863968618,173,93,30,63,3715
2026-02-09,Hyperbeat,743.5199999999999,14,8,1,7,37
2026-02-09,Karta,0.0,0,0,0,0,1
2026-02-09,KAST,7820292.129958616,7397,5155,1177,3978,134961
2026-02-09,Kolo,346412.58,1,1,0,1,5
2026-02-09,MetaMask,165201.82365512094,2848,1262,41,1221,18204
2026-02-09,Plasma One,3393.3300000000004,20,20,0,20,47
2026-02-09,Phantom Cash,790.75,19,10,0,10,123
2026-02-09,Ready,204221.67879300023,1842,1842,30,1812,10800
2026-02-09,RedotPay,14206257.099492278,11483,10307,959,9348,754989
2026-02-09,SafePal,108041.1698349797,6123,2508,61,2447,34654
2026-02-09,Solayer,40874.059887999996,221,177,3,174,7567
2026-02-09,Solflare,33595.71750000002,480,1,0,1,1
2026-02-09,Tria,373637.5702259996,2256,2210,65,2145,12275
2026-02-09,Tuyo,51094.05,1,1,0,1,1
2026-02-10,Avalanche Card,26670.91000000005,854,854,101,753,11815
2026-02-10,Avici,93357.78000000006,594,585,26,559,5131
2026-02-10,BFinance,238674.67,10784,3661,709,2952,57819
2026-02-10,Bitget Wallet,151934.2247186711,13871,5790,114,5676,48104
2026-02-10,Bitget Wallet,16025.307700000005,146,0,0,0,1
2026-02-10,Bitget Wallet,20058.489999999998,6,1,0,1,1
2026-02-10,Cypher,326441.40766480076,698,441,128,313,19496
2026-02-10,EtherFi,2501573.8372700065,25199,8012,300,7712,54007
2026-02-10,Exa,44703.19000000003,540,205,9,196,2921
2026-02-10,Gnosis,282460.8449406702,5922,2620,46,2574,28772
2026-02-10,Holyheld,298161.8999109454,143,78,20,58,3735
2026-02-10,Hyperbeat,1108.6399999999999,20,9,2,7,39
2026-02-10,Karta,0.0,0,0,0,0,1
2026-02-10,KAST,5189446.022197521,7087,4888,1164,3724,136125
2026-02-10,Kolo,190230.18,1,1,0,1,5
2026-02-10,MetaMask,177306.6485257873,2946,1294,45,1249,18249
2026-02-10,Plasma One,1526.4599999999998,11,11,0,11,47
2026-02-10,Phantom Cash,2030.71,28,18,2,16,125
2026-02-10,Ready,301169.39999999973,1959,1959,40,1919,10840
2026-02-10,RedotPay,12116440.91198036,12561,11110,991,10119,755980
2026-02-10,SafePal,117715.82721865986,6278,2525,51,2474,34705
2026-02-10,Solayer,119060.72904499999,472,263,18,245,7585
2026-02-10,Solflare,24794.994300000024,477,1,0,1,1
2026-02-10,Tria,394522.17902200087,3182,3122,101,3021,12376
2026-02-10,Tuyo,41613.91,1,1,0,1,1
2026-02-11,Avalanche Card,47868.73000000006,783,783,93,690,11908
2026-02-11,Avici,113801.52999999998,631,627,29,598,5160
2026-02-11,BFinance,201878.06,10264,3678,606,3072,58425
2026-02-11,Bitget Wallet,143697.29852145785,13211,5625,94,5531,48198
2026-02-11,Bitget Wallet,23392.8344,186,0,0,0,1
2026-02-11,Bitget Wallet,20831.350000000002,6,1,0,1,1
2026-02-11,Cypher,226120.09540264614,583,371,95,276,19591
2026-02-11,EtherFi,2142901.942314001,25379,7946,277,7669,54284
2026-02-11,Exa,40750.45000000004,521,202,0,202,2921
2026-02-11,Gnosis,281140.89479750086,6036,2628,50,2578,28822
2026-02-11,Holyheld,63604.870508805776,106,54,10,44,3745
2026-02-11,Hyperbeat,588.8099999999998,29,12,2,10,41
2026-02-11,Karta,665572.53,1,1,0,1,1
2026-02-11,KAST,5083625.555830266,6389,4410,1244,3166,137369
2026-02-11,Kolo,232134.36,1,1,0,1,5
2026-02-11,MetaMask,194582.84783314163,2931,1256,34,1222,18283
2026-02-11,Plasma One,600.0500000000001,10,10,0,10,47
2026-02-11,Phantom Cash,498.47,27,14,1,13,126
2026-02-11,Ready,205022.25999999986,1801,1801,33,1768,10873
2026-02-11,RedotPay,14528705.906060787,13526,12075,1310,10765,757290
2026-02-11,SafePal,98644.21237413933,5990,2493,51,2442,34756
2026-02-11,Solayer,38349.27632399999,205,172,2,170,7587
2026-02-11,Solflare,20247.652499999997,344,1,0,1,1
2026-02-11,Tria,344559.2800000003,2908,2868,70,2798,12446
2026-02-11,Tuyo,42288.37,1,1,0,1,1
2026-02-12,Avalanche Card,51500.82000000006,483,483,43,440,11951
2026-02-12,Avici,70437.19999999998,436,435,19,416,5179
2026-02-12,BFinance,193763.98,10214,3605,632,2973,59057
2026-02-12,Bitget Wallet,137015.96771392244,13286,5507,111,5396,48309
2026-02-12,Bitget Wallet,24873.302499999998,157,0,0,0,1
2026-02-12,Bitget Wallet,29636.61,6,1,0,1,1
2026-02-12,Cypher,232066.22870856035,643,389,79,310,19670
2026-02-12,EtherFi,1881613.1163450256,25387,8126,296,7830,54580
2026-02-12,Exa,64655.03000000003,573,222,5,217,2926
2026-02-12,Gnosis,295071.33292634966,6272,2635,53,2582,28875
2026-02-12,Holyheld,528274.6356782649,160,93,23,70,3768
2026-02-12,Hyperbeat,3232.8900000000012,39,16,2,14,43
2026-02-12,Karta,0.0,0,0,0,0,1
2026-02-12,KAST,4821814.14639992,6681,4397,1082,3315,138451
2026-02-12,Kolo,172193.68,1,1,0,1,5
2026-02-12,MetaMask,163391.84906041287,3050,1293,40,1253,18323
2026-02-12,Plasma One,2345.93,7,7,0,7,47
2026-02-12,Phantom Cash,1268.2899999999997,31,17,1,16,127
2026-02-12,Ready,190713.10917100037,1835,1835,46,1789,10919
2026-02-12,RedotPay,10624765.83086351,10744,9651,1190,8461,758480
2026-02-12,SafePal,119944.86463838065,5876,2485,56,2429,34812
2026-02-12,Solayer,38085.79693899999,233,178,4,174,7591
2026-02-12,Solflare,23106.2322,482,1,0,1,1
2026-02-12,Tria,424672.7500000009,2459,2422,44,2378,12490
2026-02-12,Tuyo,43665.03,1,1,0,1,1
2026-02-13,Avalanche Card,46605.0100000001,1257,1256,124,1132,12075
2026-02-13,Avici,111993.63000000003,771,757,36,721,5215
2026-02-13,BFinance,221198.53,10546,3658,686,2972,59743
2026-02-13,Bitget Wallet,169995.06155842805,13012,5479,125,5354,48434
2026-02-13,Bitget Wallet,26771.853499999983,180,0,0,0,1
2026-02-13,Bitget Wallet,17310.04,6,1,0,1,1
2026-02-13,Cypher,271977.6032161666,928,527,185,342,19855
2026-02-13,EtherFi,2122128.6630480173,26509,8434,304,8130,54884
2026-02-13,Exa,42455.69999999995,526,201,3,198,2929
2026-02-13,Gnosis,310869.24620577955,6805,2755,41,2714,28916
2026-02-13,Holyheld,48991.24910468093,142,88,19,69,3787
2026-02-13,Hyperbeat,1645.6799999999998,37,14,3,11,46
2026-02-13,Karta,949072.6,1,1,0,1,1
2026-02-13,KAST,5072152.750682844,6770,4363,884,3479,139335
2026-02-13,Kolo,292777.24,1,1,0,1,5
2026-02-13,MetaMask,192023.25859377274,3417,1374,44,1330,18367
2026-02-13,Plasma One,3900.3900000000003,11,11,0,11,47
2026-02-13,Phantom Cash,628.8199999999999,28,14,0,14,127
2026-02-13,Ready,814957.4757060012,3636,2960,166,2794,11085
2026-02-13,RedotPay,14183309.891137226,17739,15987,3962,12025,762442
2026-02-13,SafePal,125314.02018837954,5993,2426,48,2378,34860
2026-02-13,Solayer,51447.187075999995,256,193,2,191,7593
2026-02-13,Solflare,45562.83889999998,619,1,0,1,1
2026-02-13,Tria,580605.8536640004,4013,3907,101,3806,12591
2026-02-13,Tuyo,0.0,0,0,0,0,1
2026-02-14,Avalanche Card,20939.88000000001,337,337,25,312,12100
2026-02-14,Avici,85662.84891099998,515,509,16,493,5231
2026-02-14,BFinance,181720.77,9344,3287,547,2740,60290
2026-02-14,Bitget Wallet,142201.54906925035,12672,5203,100,5103,48534
2026-02-14,Bitget Wallet,41176.2375,158,0,0,0,1
2026-02-14,Bitget Wallet,25140.98,5,1,0,1,1
2026-02-14,Cypher,328643.6945021911,876,501,110,391,19965
2026-02-14,EtherFi,1796403.588865022,27756,8476,325,8151,55209
2026-02-14,Exa,44828.839999999975,574,208,7,201,2936
2026-02-14,Gnosis,352195.3834515101,7702,2870,51,2819,28967
2026-02-14,Holyheld,39505.250665149855,105,61,7,54,3794
2026-02-14,Hyperbeat,1251.9900000000002,40,16,3,13,49
2026-02-14,Karta,0.0,0,0,0,0,1
2026-02-14,KAST,4374537.530766132,6577,4183,843,3340,140178
2026-02-14,Kolo,213550.47,1,1,0,1,5
2026-02-14,MetaMask,187212.50018238794,3637,1389,35,1354,18402
2026-02-14,Plasma One,685.34,7,7,0,7,47
2026-02-14,Phantom Cash,865.82,27,15,2,13,129
2026-02-14,Ready,206431.55000000042,1882,1882,38,1844,11123
2026-02-14,RedotPay,9668125.041557895,13969,12628,2870,9758,765312
2026-02-14,SafePal,111427.49672987088,5794,2285,47,2238,34907
2026-02-14,Solayer,35739.511104,250,186,3,183,7596
2026-02-14,Solflare,34458.75970000002,391,1,0,1,1
2026-02-14,Tria,169105.31000000006,862,842,29,813,12620
2026-02-14,Tuyo,117019.98,1,1,0,1,1
2026-02-15,Avalanche Card,50322.50000000006,823,822,84,738,12184
2026-02-15,Avici,139164.56000000014,653,645,40,605,5271
2026-02-15,BFinance,176030.05,9523,3345,642,2703,60932
2026-02-15,Bitget Wallet,128991.90388757101,11034,4654,86,4568,48620
2026-02-15,Bitget Wallet,19983.81,132,0,0,0,1
2026-02-15,Bitget Wallet,28780.17,5,1,0,1,1
2026-02-15,Cypher,230491.11349595463,746,433,104,329,20069
2026-02-15,EtherFi,1620296.180163013,23785,7821,231,7590,55440
2026-02-15,Exa,47775.779999999984,560,215,1,214,2937
2026-02-15,Gnosis,269857.3187059991,5941,2365,27,2338,28994
2026-02-15,Holyheld,34361.115577881144,90,57,8,49,3802
2026-02-15,Hyperbeat,436.87000000000006,17,7,2,5,51
2026-02-15,Karta,0.0,0,0,0,0,1
2026-02-15,KAST,3540093.2400405277,6029,3806,760,3046,140938
2026-02-15,Kolo,303669.49,1,1,0,1,5
2026-02-15,MetaMask,140301.2047120133,2742,1168,29,1139,18431
2026-02-15,Plasma One,474.46999999999997,5,5,0,5,47
2026-02-15,Phantom Cash,3537.55,39,19,0,19,129
2026-02-15,Ready,230109.52049500003,2067,2067,40,2027,11163
2026-02-15,RedotPay,9067816.788471235,12406,11125,2173,8952,767485
2026-02-15,SafePal,103473.84990789111,5300,2071,44,2027,34951
2026-02-15,Solayer,36813.910590000014,202,146,3,143,7599
2026-02-15,Solflare,38278.70360000005,373,1,0,1,1
2026-02-15,Tria,548738.6100000012,3476,3400,78,3322,12698
2026-02-15,Tuyo,85176.67,1,1,0,1,1
2026-02-16,Avalanche Card,27275.970000000045,641,641,53,588,12237
2026-02-16,Avici,115726.85000000002,694,687,30,657,5301
2026-02-16,BFinance,241325.47,10602,3751,620,3131,61552
2026-02-16,Bitget Wallet,105136.36808659942,7506,3592,60,3532,48680
2026-02-16,Bitget Wallet,37268.51,114,0,0,0,1
2026-02-16,Bitget Wallet,21700.44,6,1,0,1,1
2026-02-16,Cypher,367025.5528341291,783,456,103,353,20172
2026-02-16,EtherFi,1659049.767688021,22136,7664,240,7424,55680
2026-02-16,Exa,40611.240000000005,467,190,3,187,2940
2026-02-16,Gnosis,317961.2739333094,6372,2656,45,2611,29039
2026-02-16,Holyheld,187709.0539744661,131,85,15,70,3817
2026-02-16,Hyperbeat,510.77999999999986,29,13,2,11,53
2026-02-16,Karta,604725.25,1,1,0,1,1
2026-02-16,KAST,4926153.516081854,6391,4126,843,3283,141781
2026-02-16,Kolo,337340.07,1,1,0,1,5
2026-02-16,MetaMask,154940.11175991961,2951,1270,32,1238,18463
2026-02-16,Plasma One,2554.1499999999996,9,9,0,9,47
2026-02-16,Phantom Cash,1184.0900000000001,27,13,0,13,129
2026-02-16,Ready,204429.61209799984,1922,1922,46,1876,11209
2026-02-16,RedotPay,11664763.904647868,13967,12678,2596,10082,770081
2026-02-16,SafePal,99672.10091962013,3954,1710,34,1676,34985
2026-02-16,Solayer,60823.68990300001,212,176,5,171,7604
2026-02-16,Solflare,30958.853600000013,331,1,0,1,1
2026-02-16,Tria,333868.1699999995,2029,1987,31,1956,12729
2026-02-16,Tuyo,62418.29,1,1,0,1,1
2026-02-17,Avalanche Card,34240.000000000044,561,561,42,519,12279
2026-02-17,Avici,104141.14000000001,601,595,22,573,5323
2026-02-17,BFinance,192752.8,9859,3616,576,3040,62128
2026-02-17,Bitget Wallet,89015.64510607977,6925,3278,59,3219,48739
2026-02-17,Bitget Wallet,11322.4288,108,0,0,0,1
2026-02-17,Bitget Wallet,34714.159999999996,5,1,0,1,1
2026-02-17,Cypher,252478.2291259713,771,436,67,369,20239
2026-02-17,EtherFi,1548779.2266220138,21850,7566,244,7322,55924
2026-02-17,Exa,55796.240000000034,485,200,4,196,2944
2026-02-17,Gnosis,315094.1530686998,6300,2567,43,2524,29082
2026-02-17,Holyheld,134935.53687387047,108,67,12,55,3829
2026-02-17,Hyperbeat,571.6100000000001,28,14,4,10,57
2026-02-17,Karta,0.0,0,0,0,0,1
2026-02-17,KAST,4131813.2467931183,6550,4221,823,3398,142604
2026-02-17,Kolo,248968.36,1,1,0,1,5
2026-02-17,MetaMask,147491.71406056528,2923,1268,36,1232,18499
2026-02-17,Plasma One,1467.49,11,11,0,11,47
2026-02-17,Phantom Cash,2967.2000000000003,30,16,2,14,131
2026-02-17,Ready,277267.73214999953,2277,2277,46,2231,11255
2026-02-17,RedotPay,11441220.948159378,13465,12218,2525,9693,772606
2026-02-17,SafePal,84484.63140619016,3639,1651,30,1621,35015
2026-02-17,Solayer,54709.952171000004,201,174,2,172,7606
2026-02-17,Solflare,24591.40970000004,415,1,0,1,1
2026-02-17,Tria,315119.5600000003,2956,2898,90,2808,12819
2026-02-17,Tuyo,40359.46,1,1,0,1,1
2026-02-18,Avalanche Card,60187.940000000046,620,620,70,550,12349
2026-02-18,Avici,147031.48999999993,686,675,27,648,5350
2026-02-18,BFinance,207199.76,9768,3542,564,2978,62692
2026-02-18,Bitget Wallet,84562.85762234997,7993,3785,62,3723,48801
2026-02-18,Bitget Wallet,18728.24,101,0,0,0,1
2026-02-18,Bitget Wallet,11004.279999999999,6,1,0,1,1
2026-02-18,Cypher,312318.53371116373,756,446,91,355,20330
2026-02-18,EtherFi,1556186.1795810128,23096,7752,287,7465,56211
2026-02-18,Exa,25794.84,445,180,4,176,2948
2026-02-18,Gnosis,257355.41516279985,6096,2578,33,2545,29115
2026-02-18,Holyheld,120686.80335061636,104,63,8,55,3837
2026-02-18,Hyperbeat,5855.99,37,13,0,13,57
2026-02-18,Karta,727546.5,1,1,0,1,1
2026-02-18,KAST,4322564.3796504745,6331,4209,852,3357,143456
2026-02-18,Kolo,277343.38,1,1,0,1,5
2026-02-18,MetaMask,162488.5377905908,2894,1245,26,1219,18525
2026-02-18,Plasma One,201006.29,11,10,1,9,48
2026-02-18,Phantom Cash,1994.2600000000002,72,39,24,15,155
2026-02-18,Ready,155439.35725500016,1783,1783,38,1745,11293
2026-02-18,RedotPay,13595383.917271608,15518,14001,2456,11545,775062
2026-02-18,SafePal,85261.51843095997,4159,1840,53,1787,35068
2026-02-18,Solayer,65980.53756299999,211,166,3,163,7609
2026-02-18,Solflare,23254.72570000001,360,1,0,1,1
2026-02-18,Tria,377320.37999899953,2925,2876,61,2815,12880
2026-02-18,Tuyo,47686.74,1,1,0,1,1
2026-02-19,Avalanche Card,38999.88000000001,491,491,51,440,12400
2026-02-19,Avici,92196.10000000011,508,506,14,492,5364
2026-02-19,BFinance,207622.47,9580,3580,518,3062,63210
2026-02-19,Bitget Wallet,95815.36741058891,8666,3930,50,3880,48851
2026-02-19,Bitget Wallet,26236.487100000002,116,0,0,0,1
2026-02-19,Bitget Wallet,16483.61,5,1,0,1,1
2026-02-19,Cypher,339709.732532608,537,358,48,310,20378
2026-02-19,EtherFi,1816167.8546090203,23472,8004,295,7709,56506
2026-02-19,Exa,35538.73999999999,468,194,5,189,2953
2026-02-19,Gnosis,302568.10081346036,6212,2667,44,2623,29159
2026-02-19,Holyheld,173969.23780530633,128,86,21,65,3858
2026-02-19,Hyperbeat,552.0200000000001,27,13,3,10,60
2026-02-19,Karta,0.0,0,0,0,0,1
2026-02-19,KAST,6550690.117791593,7063,4760,894,3866,144350
2026-02-19,Kolo,149812.13,1,1,0,1,5
2026-02-19,MetaMask,148313.8031551229,3012,1254,24,1230,18549
2026-02-19,Plasma One,1198.2399999999998,8,8,0,8,48
2026-02-19,Phantom Cash,1538.1599999999999,71,40,19,21,174
2026-02-19,Ready,203245.45923999985,1800,1800,27,1773,11320
2026-02-19,RedotPay,12352216.93016967,13131,11774,2125,9649,777187
2026-02-19,SafePal,83589.67098878998,4241,1882,42,1840,35110
2026-02-19,Solayer,32453.45215500001,230,187,8,179,7617
2026-02-19,Solflare,29920.905000000028,334,1,0,1,1
2026-02-19,Tria,245711.8299999997,2494,2453,37,2416,12917
2026-02-19,Tuyo,25149.98,1,1,0,1,1
2026-02-20,Avalanche Card,42289.57000000008,634,634,51,583,12451
2026-02-20,Avici,104183.57999999997,629,620,28,592,5392
2026-02-20,BFinance,223778.91,9699,3795,616,3179,63826
2026-02-20,Bitget Wallet,98045.49747948031,9714,4227,79,4148,48930
2026-02-20,Bitget Wallet,24179.739999999994,126,0,0,0,1
2026-02-20,Bitget Wallet,22143.15,5,1,0,1,1
2026-02-20,Cypher,283083.1349264967,489,337,33,304,20411
2026-02-20,EtherFi,2050568.011251019,25068,8336,320,8016,56826
2026-02-20,Exa,30362.900000000023,472,186,7,179,2960
2026-02-20,Gnosis,326724.5292838496,6566,2758,37,2721,29196
2026-02-20,Holyheld,38647.926892640586,100,69,9,60,3867
2026-02-20,Hyperbeat,3064.47,42,14,2,12,62
2026-02-20,Karta,1264150.97,1,1,0,1,1
2026-02-20,KAST,6795538.391305772,7015,4389,821,3568,145171
2026-02-20,Kolo,191465.44,1,1,0,1,5
2026-02-20,MetaMask,142442.4558304339,3036,1282,46,1236,18595
2026-02-20,Plasma One,799.8299999999999,5,5,0,5,48
2026-02-20,Phantom Cash,3230.3899999999994,101,48,21,27,195
2026-02-20,Ready,227755.32598999987,2036,2036,40,1996,11360
2026-02-20,RedotPay,11990745.47006064,13101,11641,2055,9586,779242
2026-02-20,SafePal,91090.70476890965,4876,1968,31,1937,35141
2026-02-20,Solayer,43041.894578999985,227,187,2,185,7619
2026-02-20,Solflare,27473.105600000043,469,1,0,1,1
2026-02-20,Tria,360792.87,2619,2570,49,2521,12966
2026-02-20,Tuyo,53441.52,1,1,0,1,1
2026-02-21,Avalanche Card,32409.76000000014,834,834,107,727,12558
2026-02-21,Avici,95809.82999999999,670,664,26,638,5418
2026-02-21,BFinance,211748.41,9159,3168,450,2718,64276
2026-02-21,Bitget Wallet,104428.03651499972,10484,4518,88,4430,49018
2026-02-21,Bitget Wallet,33523.8425,106,0,0,0,1
2026-02-21,Bitget Wallet,18907.9,6,1,0,1,1
2026-02-21,Cypher,215527.46199959907,397,292,33,259,20444
2026-02-21,EtherFi,1698737.7252040242,25785,8373,245,8128,57071
2026-02-21,Exa,44319.82000000001,448,183,1,182,2961
2026-02-21,Gnosis,323974.5387370599,7162,2754,33,2721,29229
2026-02-21,Holyheld,43829.04480297667,94,62,11,51,3878
2026-02-21,Hyperbeat,1460.1299999999997,41,20,8,12,70
2026-02-21,Karta,0.0,0,0,0,0,1
2026-02-21,KAST,3669403.0972998007,6336,4057,694,3363,145865
2026-02-21,Kolo,238250.32,1,1,0,1,5
2026-02-21,MetaMask,139402.56056579202,3096,1260,35,1225,18630
2026-02-21,Plasma One,177.1,3,3,0,3,48
2026-02-21,Phantom Cash,5380.3899999999985,101,50,17,33,212
2026-02-21,Ready,215630.7900000001,2017,2017,37,1980,11397
2026-02-21,RedotPay,8999903.38525441,11284,10005,1344,8661,780586
2026-02-21,SafePal,101910.76188021996,5093,2045,40,2005,35181
2026-02-21,Solayer,37316.988173,175,147,3,144,7622
2026-02-21,Solflare,32799.492000000035,517,1,0,1,1
2026-02-21,Tria,327823.0199999994,2788,2750,60,2690,13026
2026-02-21,Tuyo,38057.62,1,1,0,1,1
2026-02-22,Avalanche Card,42998.37000000032,856,856,119,737,12677
2026-02-22,Avici,77530.09000000001,552,544,22,522,5440
2026-02-22,BFinance,143433.2,8467,3111,413,2698,64689
2026-02-22,Bitget Wallet,120180.23902856003,10551,4574,94,4480,49112
2026-02-22,Bitget Wallet,14670.092500000008,121,0,0,0,1
2026-02-22,Bitget Wallet,14542.21,6,1,0,1,1
2026-02-22,Cypher,171556.5616221606,303,225,19,206,20463
2026-02-22,EtherFi,1637398.934432037,23877,8046,245,7801,57316
2026-02-22,Exa,38514.85,478,181,2,179,2963
2026-02-22,Gnosis,223681.81932192016,5313,2288,25,2263,29254
2026-02-22,Holyheld,57054.551797347296,96,64,23,41,3901
2026-02-22,Hyperbeat,851.6200000000003,34,18,4,14,74
2026-02-22,Karta,0.0,0,0,0,0,1
2026-02-22,KAST,2874776.9349091793,5792,3681,631,3050,146496
2026-02-22,Kolo,251293.36,1,1,0,1,5
2026-02-22,MetaMask,114694.42968996718,2552,1115,30,1085,18660
2026-02-22,Plasma One,538.27,3,3,0,3,48
2026-02-22,Phantom Cash,3243.1400000000003,102,45,14,31,226
2026-02-22,Ready,207695.89350200017,1891,1891,32,1859,11429
2026-02-22,RedotPay,8048867.393910174,11167,10098,1483,8615,782069
2026-02-22,SafePal,78013.0111390002,5038,2078,37,2041,35218
2026-02-22,Solayer,37961.628056,202,159,3,156,7625
2026-02-22,Solflare,22293.921600000012,438,1,0,1,1
2026-02-22,Tria,205235.59000000008,1551,1522,30,1492,13056
2026-02-22,Tuyo,22229.75,1,1,0,1,1
2026-02-23,Avalanche Card,58575.88000000015,1083,1083,103,980,12780
2026-02-23,Avici,79640.47000000004,623,619,27,592,5467
2026-02-23,BFinance,155017.72,9715,3482,547,2935,65236
2026-02-23,Bitget Wallet,133126.0430491797,10792,4751,91,4660,49203
2026-02-23,Bitget Wallet,22646.9425,113,0,0,0,1
2026-02-23,Bitget Wallet,12857.8,5,1,0,1,1
2026-02-23,Cypher,393308.5140152601,409,299,27,272,20490
2026-02-23,EtherFi,2141672.675330035,34984,10204,258,9946,57574
2026-02-23,Exa,26640.46,404,170,2,168,2965
2026-02-23,Gnosis,261809.9310370297,5697,2516,28,2488,29282
2026-02-23,Holyheld,172959.1259329799,133,80,16,64,3917
2026-02-23,Hyperbeat,2863.7099999999996,34,16,3,13,77
2026-02-23,Karta,638113.79,1,1,0,1,1
2026-02-23,KAST,4291106.264731903,6601,4376,810,3566,147306
2026-02-23,Kolo,207895.16,1,1,0,1,5
2026-02-23,MetaMask,136489.96875409543,2747,1226,30,1196,18690
2026-02-23,Plasma One,692.94,12,11,11,0,59
2026-02-23,Phantom Cash,3808.63,105,56,18,38,244
2026-02-23,Ready,272334.46877899993,2986,2461,43,2418,11472
2026-02-23,RedotPay,13602871.757026074,14144,12611,2161,10450,784230
2026-02-23,SafePal,110442.73729109974,5268,2210,54,2156,35272
2026-02-23,Solayer,39487.224794,192,155,3,152,7628
2026-02-23,Solflare,45012.10840000004,566,1,0,1,1
2026-02-23,Tria,326880.14999999927,2776,2730,47,2683,13103
2026-02-23,Tuyo,54662.84,1,1,0,1,1
2026-02-24,Avalanche Card,25460.600000000144,922,922,69,853,12849
2026-02-24,Avici,39523.240000000005,381,375,12,363,5479
2026-02-24,BFinance,214019.27,10185,3606,552,3054,65788
2026-02-24,Bitget Wallet,116976.62921316101,11541,5043,82,4961,49285
2026-02-24,Bitget Wallet,35048.409,113,0,0,0,1
2026-02-24,Bitget Wallet,15926.62,5,1,0,1,1
2026-02-24,Cypher,342639.2893784292,478,338,70,268,20560
2026-02-24,EtherFi,1858115.5470640655,24248,8381,265,8116,57839
2026-02-24,Exa,38170.27999999999,421,170,5,165,2970
2026-02-24,Gnosis,258372.73380060156,5809,2618,36,2582,29318
2026-02-24,Holyheld,307621.65622511716,118,75,21,54,3938
2026-02-24,Hyperbeat,1367.6799999999996,40,20,2,18,79
2026-02-24,Karta,0.0,0,0,0,0,1
2026-02-24,KAST,4543371.760205128,7099,4508,910,3598,148216
2026-02-24,Kolo,66793.46,1,1,0,1,5
2026-02-24,MetaMask,136369.95408932277,2742,1241,27,1214,18717
2026-02-24,Plasma One,399.88000000000005,6,6,2,4,61
2026-02-24,Phantom Cash,3358.2300000000005,117,58,13,45,257
2026-02-24,Ready,194604.18387599953,1769,1769,30,1739,11502
2026-02-24,RedotPay,11991275.388829757,13753,11990,1744,10246,785974
2026-02-24,SafePal,100146.23696884052,5309,2350,52,2298,35324
2026-02-24,Solayer,40042.04688099997,202,164,7,157,7635
2026-02-24,Solflare,16994.301300000003,312,1,0,1,1
2026-02-24,Tria,334162.03999999975,2749,2712,45,2667,13148
2026-02-24,Tuyo,14721.76,1,1,0,1,1
2026-02-25,Avalanche Card,68589.18000000011,900,900,89,811,12938
2026-02-25,Avici,199651.47,666,659,28,631,5507
2026-02-25,BFinance,185584.27,10137,3603,558,3045,66346
2026-02-25,Bitget Wallet,107764.01172702789,12178,5228,133,5095,49418
2026-02-25,Bitget Wallet,25668.002500000002,120,0,0,0,1
2026-02-25,Bitget Wallet,14993.82,6,1,0,1,1
2026-02-25,Cypher,389857.2093869899,484,345,27,318,20587
2026-02-25,EtherFi,2026029.6159720428,24200,8450,236,8214,58075
2026-02-25,Exa,19320.60000000002,417,156,2,154,2972
2026-02-25,Gnosis,286135.92368790053,5707,2537,52,2485,29370
2026-02-25,Holyheld,247202.15783373627,107,70,8,62,3946
2026-02-25,Hyperbeat,872.03,47,21,4,17,83
2026-02-25,Karta,0.0,0,0,0,0,1
2026-02-25,KAST,5812965.441169667,7439,4675,915,3760,149131
2026-02-25,Kolo,349608.49,1,1,0,1,5
2026-02-25,MetaMask,142253.39688100107,2966,1270,32,1238,18749
2026-02-25,Plasma One,2606.19,15,15,6,9,67
2026-02-25,Phantom Cash,3836.1499999999965,143,62,26,36,283
2026-02-25,Ready,243453.07343399985,2250,2250,44,2206,11546
2026-02-25,RedotPay,12273916.453898057,13992,11829,1628,10201,787602
2026-02-25,SafePal,87166.80229640967,5588,2399,51,2348,35375
2026-02-25,Solayer,48728.178923000014,218,169,3,166,7638
2026-02-25,Solflare,30254.44650000003,432,1,0,1,1
2026-02-25,Tria,572129.3800000008,2901,2860,47,2813,13195
2026-02-25,Tuyo,48673.58,1,1,0,1,1
2026-02-26,Avalanche Card,36075.67000000022,1120,1117,142,975,13080
2026-02-26,Avici,92487.22999999995,570,562,19,543,5526
2026-02-26,BFinance,208823.45,9776,3438,530,2908,66876
2026-02-26,Bitget Wallet,124839.25876729087,11678,5185,139,5046,49557
2026-02-26,Bitget Wallet,25323.525900000008,154,0,0,0,1
2026-02-26,Bitget Wallet,14691.99,5,1,0,1,1
2026-02-26,Cypher,248608.4195088507,466,316,18,298,20605
2026-02-26,EtherFi,1909562.9542010436,25146,8592,256,8336,58331
2026-02-26,Exa,45373.06999999994,365,150,9,141,2981
2026-02-26,Gnosis,309481.61740132933,6116,2666,39,2627,29409
2026-02-26,Holyheld,209489.57888566385,129,82,12,70,3958
2026-02-26,Hyperbeat,1995.0599999999997,57,29,5,24,88
2026-02-26,Karta,962598.12,1,1,0,1,1
2026-02-26,KAST,4932993.0385538535,7178,4497,797,3700,149928
2026-02-26,Kolo,180591.95,1,1,0,1,5
2026-02-26,MetaMask,174712.80700573904,2975,1266,33,1233,18782
2026-02-26,Plasma One,316.67999999999995,6,6,1,5,68
2026-02-26,Phantom Cash,7264.639999999997,199,81,36,45,319
2026-02-26,Ready,214880.51999999955,1951,1951,36,1915,11582
2026-02-26,RedotPay,14607863.16980821,15078,13273,1936,11337,789538
2026-02-26,SafePal,105182.16070717025,5487,2431,56,2375,35431
2026-02-26,Solayer,61977.686489,218,179,2,177,7640
2026-02-26,Solflare,26508.17480000003,371,1,0,1,1
2026-02-26,Tria,582868.6900000004,2660,2612,42,2570,13237
2026-02-26,Tuyo,40675.07,1,1,0,1,1
2026-02-27,Avalanche Card,68772.55000000012,781,781,76,705,13156
2026-02-27,Avici,140840.27000000008,560,556,24,532,5550
2026-02-27,BFinance,194789.89,9481,3620,496,3124,67372
2026-02-27,Bitget Wallet,120132.42791319078,12172,5336,134,5202,49691
2026-02-27,Bitget Wallet,18077.310200000007,134,0,0,0,1
2026-02-27,Bitget Wallet,13665.010000000002,5,1,0,1,1
2026-02-27,Cypher,307970.36811619235,468,329,41,288,20646
2026-02-27,EtherFi,2669463.291819977,26547,8790,258,8532,58589
2026-02-27,Exa,35276.009999999995,449,173,4,169,2985
2026-02-27,Gnosis,302052.8622847312,6685,2733,37,2696,29446
2026-02-27,Holyheld,148183.90851682826,134,86,14,72,3972
2026-02-27,Hyperbeat,3353.98,51,20,3,17,91
2026-02-27,Karta,0.0,0,0,0,0,1
2026-02-27,KAST,5364034.965025618,7580,4727,814,3913,150742
2026-02-27,Kolo,318314.36,1,1,0,1,5
2026-02-27,MetaMask,130486.37598783991,3272,1325,64,1261,18846
2026-02-27,Plasma One,3922.2999999999997,11,11,2,9,70
2026-02-27,Phantom Cash,5167.020000000002,172,92,41,51,360
2026-02-27,Ready,266580.866394,2139,2139,43,2096,11625
2026-02-27,RedotPay,12084969.637066994,10358,8853,843,8010,790381
2026-02-27,SafePal,99318.46965610067,5660,2484,63,2421,35494
2026-02-27,Solayer,34632.92190999999,201,173,1,172,7641
2026-02-27,Solflare,24008.597500000007,429,1,0,1,1
2026-02-27,Tria,307883.05,2117,2081,36,2045,13273
2026-02-27,Tuyo,64851.36,1,1,0,1,1
2026-02-28,Avalanche Card,80944.62,1075,1075,126,949,13282
2026-02-28,Avici,118135.82999999997,671,663,24,639,5574
2026-02-28,BFinance,184625.02,9698,3952,451,3501,67823
2026-02-28,Bitget Wallet,113324.29200076048,12084,5433,112,5321,49803
2026-02-28,Bitget Wallet,39604.677500000005,114,0,0,0,1
2026-02-28,Bitget Wallet,12584.099999999999,5,1,0,1,1
2026-02-28,Cypher,277986.854989515,398,282,21,261,20667
2026-02-28,EtherFi,1792798.235784023,27176,8930,204,8726,58793
2026-02-28,Exa,37675.79999999996,485,198,9,189,2994
2026-02-28,Gnosis,304063.3342732194,7488,2812,32,2780,29478
2026-02-28,Holyheld,47929.659898186976,86,55,8,47,3980
2026-02-28,Hyperbeat,1576.19,40,21,4,17,95
2026-02-28,Karta,696601.01,1,1,0,1,1
2026-02-28,KAST,4078340.364059503,6948,4461,723,3738,151465
2026-02-28,Kolo,213790.52,1,1,0,1,5
2026-02-28,MetaMask,201486.31121598848,3496,1390,60,1330,18906
2026-02-28,Plasma One,1834.45,14,14,3,11,73
2026-02-28,Phantom Cash,6648.299999999998,186,96,38,58,398
2026-02-28,Ready,198151.30000000042,1656,1656,27,1629,11652
2026-02-28,RedotPay,12825656.9094776,14357,12618,1466,11152,791847
2026-02-28,SafePal,85250.12059002038,5866,2632,64,2568,35558
2026-02-28,Solayer,49877.56862199998,193,173,4,169,7645
2026-02-28,Solflare,24203.07540000004,351,1,0,1,1
2026-02-28,Tria,629539.2000000004,2857,2813,55,2758,13328
2026-02-28,Tuyo,35942.03,1,1,0,1,1
2026-03-01,Avalanche Card,67386.00000000009,998,998,95,903,13377
2026-03-01,Avici,91855.96999999997,565,561,21,540,5595
2026-03-01,BFinance,208812.83,9769,3846,441,3405,68264
2026-03-01,Bitget Wallet,131831.0943989011,12769,5506,143,5363,49946
2026-03-01,Bitget Wallet,30754.6125,139,0,0,0,1
2026-03-01,Bitget Wallet,15405.5,5,1,0,1,1
2026-03-01,Cypher,338667.4145453667,443,321,37,284,20704
2026-03-01,EtherFi,2179761.8083769996,25025,8599,193,8406,58986
2026-03-01,Exa,35766.45,450,209,2,207,2996
2026-03-01,Gnosis,289434.8059025805,5788,2456,17,2439,29495
2026-03-01,Holyheld,61286.31021245885,88,62,9,53,3989
2026-03-01,Hyperbeat,3003.800000000001,65,28,3,25,98
2026-03-01,Karta,667581.5,1,1,0,1,1
2026-03-01,KAST,3964345.246733961,7098,4441,725,3716,152190
2026-03-01,Kolo,180305.35,1,1,0,1,5
2026-03-01,MetaMask,163009.02351651475,2928,1261,36,1225,18942
2026-03-01,Plasma One,453.76000000000005,11,11,7,4,80
2026-03-01,Phantom Cash,8504.229999999998,222,103,31,72,429
2026-03-01,Ready,316841.84235600004,2420,2419,36,2383,11688
2026-03-01,RedotPay,11526931.734351836,13847,11710,1231,10479,793078
2026-03-01,SafePal,119808.05612465064,6086,2642,65,2577,35623
2026-03-01,Solayer,48013.34125399998,241,202,6,196,7651
2026-03-01,Solflare,37837.21490000002,514,1,0,1,1
2026-03-01,Tria,613843.4600000009,2654,2612,46,2566,13374
2026-03-01,Tuyo,31223.18,1,1,0,1,1
2026-03-02,Avalanche Card,49215.35000000016,835,835,104,731,13481
2026-03-02,Avici,74217.56999999998,603,591,27,564,5622
2026-03-02,BFinance,232131.23,10948,4008,641,3367,68905
2026-03-02,Bitget Wallet,130226.66742463964,12451,5551,130,5421,50076
2026-03-02,Bitget Wallet,32877.825000000004,129,0,0,0,1
2026-03-02,Bitget Wallet,15784.91,6,1,0,1,1
2026-03-02,Cypher,395535.37124010833,484,358,46,312,20750
2026-03-02,EtherFi,1979322.6858519965,23088,8440,218,8222,59204
2026-03-02,Exa,19900.27000000001,350,169,1,168,2997
2026-03-02,Gnosis,339247.34867717914,5913,2561,27,2534,29522
2026-03-02,Holyheld,274766.178471897,177,95,15,80,4004
2026-03-02,Hyperbeat,1691.14,49,19,3,16,101
2026-03-02,Karta,0.0,0,0,0,0,1
2026-03-02,KAST,5953666.743071053,7893,5026,894,4132,153084
2026-03-02,Kolo,261053.99,1,1,0,1,5
2026-03-02,MetaMask,193310.3756717482,3113,1381,53,1328,18995
2026-03-02,Plasma One,4663.0,22,22,5,17,85
2026-03-02,Phantom Cash,9515.679999999995,231,119,41,78,470
2026-03-02,Ready,355493.187644001,2407,2378,35,2343,11723
2026-03-02,RedotPay,13308977.275951402,13009,10900,925,9975,794003
2026-03-02,SafePal,118305.85467469996,5791,2553,52,2501,35675
2026-03-02,Solayer,55803.83676799999,227,199,6,193,7657
2026-03-02,Solflare,31428.78690000003,457,1,0,1,1
2026-03-02,Tria,306745.6300000005,1634,1602,29,1573,13403
2026-03-02,Tuyo,47606.36,1,1,0,1,1
2026-03-03,Avalanche Card,68350.09000000017,1279,1279,108,1171,13589
2026-03-03,Avici,75787.37000000004,555,554,22,532,5644
2026-03-03,BFinance,222988.75,11154,3947,658,3289,69563
2026-03-03,Bitget Wallet,129426.69944809137,12060,5336,144,5192,50220
2026-03-03,Bitget Wallet,39351.1345,131,0,0,0,1
2026-03-03,Bitget Wallet,16663.12,7,1,0,1,1
2026-03-03,Cypher,303889.96153756673,526,355,45,310,20795
2026-03-03,EtherFi,2277289.234261008,24789,8553,213,8340,59417
2026-03-03,Exa,25890.320000000032,362,149,5,144,3002
2026-03-03,Gnosis,299302.9111300795,6004,2615,41,2574,29563
2026-03-03,Holyheld,352904.43477627705,161,99,23,76,4027
2026-03-03,Hyperbeat,1441.8900000000003,55,24,3,21,104
2026-03-03,Karta,0.0,0,0,0,0,1
2026-03-03,KAST,5445112.371467343,7129,4640,824,3816,153908
2026-03-03,Kolo,166421.66,1,1,0,1,5
2026-03-03,MetaMask,178506.12684404812,3160,1354,45,1309,19040
2026-03-03,Plasma One,1061.0,16,16,4,12,89
2026-03-03,Phantom Cash,6796.739999999999,224,111,26,85,496
2026-03-03,Ready,316563.05000000045,1987,1987,20,1967,11743
2026-03-03,RedotPay,13197591.192917904,14492,12363,1382,10981,795385
2026-03-03,SafePal,102308.56564940044,5387,2439,52,2387,35727
2026-03-03,Solayer,44092.68123600001,190,160,5,155,7662
2026-03-03,Solflare,31188.326099999995,478,1,0,1,1
2026-03-03,Tria,769100.7899999991,3218,3155,57,3098,13460
2026-03-03,Tuyo,36741.81,1,1,0,1,1
2026-03-04,Avalanche Card,66811.73000000014,1046,1046,89,957,13678
2026-03-04,Avici,91800.09000000004,641,637,13,624,5657
2026-03-04,BFinance,236226.83,10901,3902,652,3250,70215
2026-03-04,Bitget Wallet,151276.97139908062,12528,5498,139,5359,50359
2026-03-04,Bitget Wallet,32045.652499999997,136,0,0,0,1
2026-03-04,Bitget Wallet,22475.410000000003,8,1,0,1,1
2026-03-04,Cypher,314622.3310048307,437,290,31,259,20826
2026-03-04,EtherFi,1875407.173525028,24443,8769,251,8518,59668
2026-03-04,Exa,32990.58000000001,349,151,0,151,3002
2026-03-04,Gnosis,323272.20790634124,6003,2570,36,2534,29599
2026-03-04,Holyheld,171007.78244515797,290,82,14,68,4041
2026-03-04,Hyperbeat,10420.529999999997,70,27,6,21,110
2026-03-04,Karta,0.0,0,0,0,0,1
2026-03-04,KAST,5157755.698607114,7379,4625,908,3717,154816
2026-03-04,Kolo,221776.1,1,1,0,1,5
2026-03-04,MetaMask,164237.75158610713,3080,1355,61,1294,19101
2026-03-04,Plasma One,501480.91000000003,23,21,2,19,91
2026-03-04,Phantom Cash,8021.550000000002,231,124,28,96,524
2026-03-04,Ready,235771.08244499977,2004,2004,26,1978,11769
2026-03-04,RedotPay,19373732.681663863,28202,25384,3204,22180,798589
2026-03-04,SafePal,98762.44127634977,5615,2506,70,2436,35797
2026-03-04,Solayer,58654.060074999994,204,168,2,166,7664
2026-03-04,Solflare,17683.914600000015,391,1,0,1,1
2026-03-04,Tria,399452.41999999975,2885,2840,44,2796,13504
2026-03-04,Tuyo,37558.35,1,1,0,1,1
2026-03-05,Avalanche Card,74013.59999999979,1043,1043,84,959,13762
2026-03-05,Avici,121884.03999999989,665,660,26,634,5683
2026-03-05,BFinance,262375.11,10963,3899,636,3263,70851
2026-03-05,Bitget Wallet,133278.6102082005,12961,5638,163,5475,50522
2026-03-05,Bitget Wallet,32177.807500000006,145,0,0,0,1
2026-03-05,Bitget Wallet,26807.09,7,1,0,1,1
2026-03-05,Cypher,335271.7976405366,461,328,35,293,20861
2026-03-05,EtherFi,1722089.4309030278,24337,8724,240,8484,59908
2026-03-05,Exa,24113.07999999998,346,163,5,158,3007
2026-03-05,Gnosis,315605.50024334056,6145,2612,33,2579,29632
2026-03-05,Holyheld,177402.5664037569,113,78,16,62,4057
2026-03-05,Hyperbeat,7319.029999999999,59,27,4,23,114
2026-03-05,Karta,0.0,0,0,0,0,1
2026-03-05,KAST,5692954.595560675,7407,4771,980,3791,155796
2026-03-05,Kolo,295034.76,1,1,0,1,5
2026-03-05,MetaMask,190900.1530116884,3152,1339,59,1280,19160
2026-03-05,Plasma One,24996.649999999994,23,23,1,22,92
2026-03-05,Phantom Cash,5245.02,159,97,15,82,539
2026-03-05,Ready,380877.3275530002,2359,2359,22,2337,11791
2026-03-05,RedotPay,12603624.613242825,16592,14632,1909,12723,800498
2026-03-05,SafePal,120935.90575737017,5949,2520,76,2444,35873
2026-03-05,Solayer,77910.81506799998,230,182,1,181,7665
2026-03-05,Solflare,42796.199600000036,397,1,0,1,1
2026-03-05,Tria,1306369.9799999995,2889,2828,40,2788,13544
2026-03-05,Tuyo,70251.88,1,1,0,1,1
2026-03-06,Avalanche Card,57125.49000000009,826,826,61,765,13823
2026-03-06,Avici,62362.99999999999,445,440,14,426,5697
2026-03-06,BFinance,267750.16,10691,3762,603,3159,71454
2026-03-06,Bitget Wallet,146647.2590186923,13395,5794,166,5628,50688
2026-03-06,Bitget Wallet,29415.304900000003,139,0,0,0,1
2026-03-06,Bitget Wallet,26239.57,8,1,0,1,1
2026-03-06,Cypher,369889.9388109615,471,305,49,256,20910
2026-03-06,EtherFi,1894593.8333840456,25497,8979,254,8725,60162
2026-03-06,Exa,30820.510000000017,351,151,4,147,3011
2026-03-06,Gnosis,329977.1251356985,6777,2738,48,2690,29680
2026-03-06,Holyheld,125133.43419949993,91,59,6,53,4063
2026-03-06,Hyperbeat,7967.350000000003,84,29,5,24,119
2026-03-06,Karta,501474.8,1,1,0,1,1
2026-03-06,KAST,5519749.530129089,7802,5055,964,4091,156760
2026-03-06,Kolo,251570.96,1,1,0,1,5
2026-03-06,MetaMask,156100.81565023988,3281,1384,43,1341,19203
2026-03-06,Plasma One,62236.33,16,16,1,15,93
2026-03-06,Phantom Cash,5353.999999999996,168,87,16,71,555
2026-03-06,Ready,251003.4222070005,2196,2196,35,2161,11826
2026-03-06,RedotPay,13104027.585761294,13650,11822,1119,10703,801617
2026-03-06,SafePal,113577.09518482133,6511,2582,68,2514,35941
2026-03-06,Solayer,46500.10784999999,229,181,6,175,7671
2026-03-06,Solflare,31151.975800000022,382,1,0,1,1
2026-03-06,Tria,328186.7500000001,2311,2289,35,2254,13579
2026-03-06,Tuyo,55624.49,1,1,0,1,1
2026-03-07,Avalanche Card,57532.830000000205,1046,1046,84,962,13907
2026-03-07,Avici,126170.41999999994,715,709,25,684,5722
2026-03-07,BFinance,218095.15,9987,3620,507,3113,71961
2026-03-07,Bitget Wallet,130117.0502629398,13849,5741,160,5581,50848
2026-03-07,Bitget Wallet,26002.922500000004,139,0,0,0,1
2026-03-07,Bitget Wallet,23348.660000000003,7,1,0,1,1
2026-03-07,Cypher,320636.7465105581,413,297,40,257,20950
2026-03-07,EtherFi,1824958.0483780403,26752,9148,246,8902,60408
2026-03-07,Exa,38708.64,442,183,12,171,3023
2026-03-07,Gnosis,320800.8731579983,7466,2746,44,2702,29724
2026-03-07,Holyheld,41224.591861743575,86,53,8,45,4071
2026-03-07,Hyperbeat,5242.660000000002,82,32,5,27,124
2026-03-07,Karta,1151218.92,1,1,0,1,1
2026-03-07,KAST,3354586.5008937665,6810,4464,820,3644,157580
2026-03-07,Kolo,328306.12,1,1,0,1,5
2026-03-07,MetaMask,174341.538026405,3668,1373,49,1324,19252
2026-03-07,Plasma One,185409.57000000004,21,21,3,18,96
2026-03-07,Phantom Cash,9508.469999999996,190,101,23,78,578
2026-03-07,Ready,261774.2094619998,2102,2102,32,2070,11858
2026-03-07,RedotPay,9775846.753945949,12391,10856,970,9886,802587
2026-03-07,SafePal,117145.51606037132,6954,2543,59,2484,36000
2026-03-07,Solayer,41930.92904799999,212,170,3,167,7674
2026-03-07,Solflare,41505.28760000001,406,1,0,1,1
2026-03-07,Tria,400964.9761689999,2855,2806,42,2764,13621
2026-03-07,Tuyo,88520.76,1,1,0,1,1
2026-03-08,Avalanche Card,60766.920000000115,875,875,73,802,13980
2026-03-08,Avici,91751.65999999996,592,587,18,569,5740
2026-03-08,BFinance,178239.35,9054,3324,454,2870,72415
2026-03-08,Bitget Wallet,121607.04668241032,13607,5676,150,5526,50998
2026-03-08,Bitget Wallet,27641.855,142,0,0,0,1
2026-03-08,Bitget Wallet,19032.19,9,1,0,1,1
2026-03-08,Cypher,315149.03321704763,472,337,58,279,21008
2026-03-08,EtherFi,1576041.221335043,25859,8730,251,8479,60659
2026-03-08,Exa,27365.280000000006,382,149,4,145,3027
2026-03-08,Gnosis,237638.98382299015,5825,2349,36,2313,29760
2026-03-08,Holyheld,29868.68829933897,85,57,10,47,4081
2026-03-08,Hyperbeat,5379.849999999998,64,29,0,29,124
2026-03-08,Karta,631636.34,1,1,0,1,1
2026-03-08,KAST,3541854.735120505,6335,4237,787,3450,158367
2026-03-08,Kolo,216799.51,1,1,0,1,5
2026-03-08,MetaMask,164752.2003448106,2931,1213,27,1186,19279
2026-03-08,Plasma One,7904.1,25,25,6,19,102
2026-03-08,Phantom Cash,7032.529999999997,172,101,28,73,606
2026-03-08,Ready,221386.45000000024,1980,1980,28,1952,11886
2026-03-08,RedotPay,10358119.048252614,12368,10884,967,9917,803554
2026-03-08,SafePal,105109.87603394069,6488,2536,67,2469,36067
2026-03-08,Solayer,38025.691963000005,212,170,4,166,7678
2026-03-08,Solflare,35345.29579999999,395,1,0,1,1
2026-03-08,Tria,411380.74254899996,2743,2707,51,2656,13672
2026-03-08,Tuyo,40326.47,1,1,0,1,1
2026-03-09,Avalanche Card,67948.13000000003,917,917,89,828,14069
2026-03-09,Avici,149262.77000000005,688,685,24,661,5764
2026-03-09,BFinance,242282.22,10971,3825,608,3217,73023
2026-03-09,Bitget Wallet,128937.1993498808,13105,5725,172,5553,51170
2026-03-09,Bitget Wallet,37055.2405,110,0,0,0,1
2026-03-09,Bitget Wallet,38145.14,8,1,0,1,1
2026-03-09,Cypher,302498.335352072,474,328,60,268,21068
2026-03-09,EtherFi,2280733.5682750167,25095,8917,272,8645,60931
2026-03-09,Exa,27997.74000000001,398,168,3,165,3030
2026-03-09,Gnosis,301245.4144776206,6054,2603,44,2559,29804
2026-03-09,Holyheld,232648.4911974658,142,102,21,81,4102
2026-03-09,Hyperbeat,1838.5199999999995,65,26,2,24,126
2026-03-09,Karta,0.0,0,0,0,0,1
2026-03-09,KAST,5176794.841934812,7398,4884,993,3891,159360
2026-03-09,Kolo,322001.46,1,1,0,1,5
2026-03-09,MetaMask,167222.5477187695,2998,1301,34,1267,19313
2026-03-09,Plasma One,74234.23999999999,30,30,6,24,108
2026-03-09,Phantom Cash,4991.480000000001,196,105,23,82,629
2026-03-09,Ready,233909.71000000046,2104,2104,31,2073,11917
2026-03-09,RedotPay,10271966.742833853,11099,9663,875,8788,804429
2026-03-09,SafePal,143250.46365403951,6262,2509,49,2460,36116
2026-03-09,Solayer,60752.18999199996,233,180,8,172,7686
2026-03-09,Solflare,30880.94760000004,376,1,0,1,1
2026-03-09,Tria,385684.05999999924,2055,2021,30,1991,13702
2026-03-09,Tuyo,50181.16,1,1,0,1,1
2026-03-10,Avalanche Card,58661.69000000018,929,929,81,848,14150
2026-03-10,Avici,115892.44000000006,648,639,15,624,5779
2026-03-10,BFinance,239098.8,11577,4130,616,3514,73639
2026-03-10,Bitget Wallet,120899.81439575067,13241,5734,175,5559,51345
2026-03-10,Bitget Wallet,60713.37299999997,132,0,0,0,1
2026-03-10,Bitget Wallet,26740.079999999998,8,1,0,1,1
2026-03-10,Cypher,295209.4862428084,445,322,32,290,21100
2026-03-10,EtherFi,2063469.3580459785,24440,9024,265,8759,61196
2026-03-10,Exa,25593.549999999992,353,164,5,159,3035
2026-03-10,Gnosis,294832.3402809498,6350,2637,41,2596,29845
2026-03-10,Holyheld,148971.38657784645,119,80,13,67,4115
2026-03-10,Hyperbeat,5055.169999999999,88,31,5,26,131
2026-03-10,Karta,614848.9099999999,2,1,0,1,1
2026-03-10,KAST,5040431.518969245,7104,5063,983,4080,160343
2026-03-10,Kolo,271845.71,2,2,0,2,5
2026-03-10,MetaMask,183965.89012756845,3079,1382,46,1336,19359
2026-03-10,Plasma One,4305.38,27,27,3,24,111
2026-03-10,Phantom Cash,5443.51,170,87,17,70,646
2026-03-10,Ready,276085.9800000002,2201,2201,34,2167,11951
2026-03-10,RedotPay,19823970.523959547,15979,14075,1219,12856,805648
2026-03-10,SafePal,141288.1402270803,6319,2523,65,2458,36181
2026-03-10,Solayer,27267.818584000008,208,169,8,161,7694
2026-03-10,Solflare,65761.87559999996,464,1,0,1,1
2026-03-10,Tria,483461.27000000037,3313,3241,52,3189,13754
2026-03-10,Tuyo,54524.990000000005,2,1,0,1,1
2026-03-11,Avalanche Card,69498.31000000004,878,878,71,807,14221
2026-03-11,Avici,177754.17000000004,641,633,25,608,5804
2026-03-11,BFinance,261556.03,11080,4163,603,3560,74242
2026-03-11,Bitget Wallet,143610.6358939503,13314,5827,185,5642,51530
2026-03-11,Bitget Wallet,52260.47419999997,135,0,0,0,1
2026-03-11,Bitget Wallet,17192.51,9,1,0,1,1
2026-03-11,Cypher,422219.8944242586,448,296,32,264,21132
2026-03-11,EtherFi,2450764.45764304,25442,9173,238,8935,61434
2026-03-11,Exa,44203.02999999999,405,170,0,170,3035
2026-03-11,Gnosis,316401.06952085136,6282,2633,48,2585,29893
2026-03-11,Holyheld,135058.8340206538,122,74,15,59,4130
2026-03-11,Hyperbeat,4547.61,98,37,5,32,136
2026-03-11,Karta,619661.14,1,1,0,1,1
2026-03-11,KAST,4976593.571603405,7056,4632,879,3753,161222
2026-03-11,Kolo,287747.88,1,1,0,1,5
2026-03-11,MetaMask,174984.98257071845,3115,1347,59,1288,19418
2026-03-11,Plasma One,8138.479999999999,31,31,3,28,114
2026-03-11,Phantom Cash,9844.900000000003,241,114,38,76,684
2026-03-11,Ready,363013.70326200005,3020,2420,44,2376,11995
2026-03-11,RedotPay,16034941.395637417,13189,11404,972,10432,806620
2026-03-11,SafePal,99122.81743019029,6394,2624,66,2558,36247
2026-03-11,Solayer,54926.81228299999,205,159,1,158,7695
2026-03-11,Solflare,53972.36279999998,595,1,0,1,1
2026-03-11,Tria,593172.3600000003,2867,2838,53,2785,13807
2026-03-11,Tuyo,31179.06,1,1,0,1,1
2026-03-12,Avalanche Card,56965.52000000012,888,888,67,821,14288
2026-03-12,Avici,92284.44999999994,628,623,18,605,5822
2026-03-12,BFinance,227218.75,10879,4037,567,3469,74809
2026-03-12,Bitget Wallet,134391.57578836087,13591,5846,166,5680,51696
2026-03-12,Bitget Wallet,24426.76,148,0,0,0,1
2026-03-12,Bitget Wallet,37210.65,9,1,0,1,1
2026-03-12,Cypher,334065.56757037714,478,323,34,289,21166
2026-03-12,EtherFi,2347286.932287984,25214,9220,266,8954,61700
2026-03-12,Exa,35960.209999999985,441,170,4,166,3039
2026-03-12,Gnosis,340682.8432370392,6720,2713,59,2654,29952
2026-03-12,Holyheld,518885.89879601635,167,105,38,67,4168
2026-03-12,Hyperbeat,2551.5199999999986,84,33,4,29,140
2026-03-12,Karta,853179.68,1,1,0,1,1
2026-03-12,KAST,4948370.867738339,6598,4483,1136,3347,162358
2026-03-12,Kolo,198049.48,1,1,0,1,5
2026-03-12,MetaMask,183348.04508059623,3277,1414,54,1360,19472
2026-03-12,Plasma One,14622.750000000002,24,24,1,23,115
2026-03-12,Phantom Cash,8316.619999999994,310,157,57,100,741
2026-03-12,Ready,207334.2988189998,2023,2023,27,1996,12022
2026-03-12,RedotPay,11360524.15137389,12067,10412,772,9640,807392
2026-03-12,SafePal,109456.56783845046,6255,2548,60,2488,36307
2026-03-12,Solayer,64420.07914800001,247,201,4,197,7699
2026-03-12,Solflare,21061.27130000003,318,1,0,1,1
2026-03-12,Tria,507844.31999999925,2849,2805,36,2769,13843
2026-03-12,Tuyo,33985.55,1,1,0,1,1
2026-03-13,Avalanche Card,73760.69000000016,847,847,71,776,14359
2026-03-13,Avici,84703.96999999999,596,587,29,558,5851
2026-03-13,BFinance,214363.02,11178,4050,590,3460,75399
2026-03-13,Bitget Wallet,130306.66624398046,13643,5869,143,5726,51839
2026-03-13,Bitget Wallet,27077.43,165,0,0,0,1
2026-03-13,Bitget Wallet,23600.829999999994,9,1,0,1,1
2026-03-13,Cypher,295448.7881616823,469,322,41,281,21207
2026-03-13,EtherFi,2545547.5661729826,27345,9565,252,9313,61952
2026-03-13,Exa,32883.580000000016,410,183,7,176,3046
2026-03-13,Gnosis,323209.3773626304,7006,2826,37,2789,29989
2026-03-13,Holyheld,137587.2743331751,146,94,18,76,4186
2026-03-13,Hyperbeat,3170.020000000001,94,31,5,26,145
2026-03-13,Karta,0.0,0,0,0,0,1
2026-03-13,KAST,4909949.568945524,7205,4996,1237,3759,163595
2026-03-13,Kolo,170477.1,1,1,0,1,5
2026-03-13,MetaMask,178580.81672538875,3515,1440,46,1394,19518
2026-03-13,Plasma One,8832.859999999999,25,25,1,24,116
2026-03-13,Phantom Cash,7720.049999999995,318,154,44,110,785
2026-03-13,Ready,253396.04982000036,2133,2133,35,2098,12057
2026-03-13,RedotPay,14071657.049303195,13707,12121,1204,10917,808596
2026-03-13,SafePal,121947.31411382054,6902,2585,53,2532,36360
2026-03-13,Solayer,53643.339541,209,171,4,167,7703
2026-03-13,Solflare,32138.157600000017,353,1,0,1,1
2026-03-13,Tria,380897.29999999964,2713,2677,45,2632,13888
2026-03-13,Tuyo,46789.86,1,1,0,1,1
2026-03-14,Avalanche Card,43460.65999999998,853,853,68,785,14427
2026-03-14,Avici,116182.55,648,641,15,626,5866
2026-03-14,BFinance,172174.14,9648,3641,479,3162,75878
2026-03-14,Bitget Wallet,141434.90311517232,14791,5863,153,5710,51992
2026-03-14,Bitget Wallet,26346.3107,136,0,0,0,1
2026-03-14,Bitget Wallet,16399.36,8,1,0,1,1
2026-03-14,Cypher,162332.95783916063,425,311,44,267,21251
2026-03-14,EtherFi,1944758.4147339917,28105,9548,232,9316,62184
2026-03-14,Exa,23930.219999999987,437,179,7,172,3053
2026-03-14,Gnosis,330202.10767707805,7402,2767,47,2720,30036
2026-03-14,Holyheld,33520.62486204059,151,70,19,51,4205
2026-03-14,Hyperbeat,2590.7199999999984,101,39,8,31,153
2026-03-14,Karta,831779.06,1,1,0,1,1
2026-03-14,KAST,4183345.2298066705,7204,4807,1081,3726,164676
2026-03-14,Kolo,261912.96,1,1,0,1,5
2026-03-14,MetaMask,158287.20880513935,3525,1406,48,1358,19566
2026-03-14,Plasma One,9621.200000000003,27,27,1,26,117
2026-03-14,Phantom Cash,8278.199999999999,263,132,36,96,821
2026-03-14,Ready,253998.27566699998,1960,1960,24,1936,12081
2026-03-14,RedotPay,11015435.965286003,12204,10483,737,9746,809333
2026-03-14,SafePal,114945.67317468878,6838,2530,52,2478,36412
2026-03-14,Solayer,58379.48926599999,210,164,3,161,7706
2026-03-14,Solflare,22678.984100000023,366,1,0,1,1
2026-03-14,Tria,532947.0900000011,2854,2811,34,2777,13922
2026-03-14,Tuyo,38539.44,1,1,0,1,1
2026-03-15,Avalanche Card,45388.1900000001,868,868,71,797,14498
2026-03-15,Avici,117646.87000000005,592,587,14,573,5880
2026-03-15,BFinance,176060.39,9457,3516,473,3043,76351
2026-03-15,Bitget Wallet,115890.93019046113,13713,5628,138,5490,52130
2026-03-15,Bitget Wallet,21521.73050000001,153,0,0,0,1
2026-03-15,Bitget Wallet,61602.880000000005,9,1,0,1,1
2026-03-15,Cypher,231814.71857172472,394,276,39,237,21290
2026-03-15,EtherFi,1563436.1352759767,24659,9062,272,8790,62456
2026-03-15,Exa,16170.380000000005,392,166,6,160,3059
2026-03-15,Gnosis,248154.0195485008,5463,2375,22,2353,30058
2026-03-15,Holyheld,47215.75746691472,89,51,7,44,4212
2026-03-15,Hyperbeat,2348.52,75,27,2,25,155
2026-03-15,Karta,797055.91,1,1,0,1,1
2026-03-15,KAST,3345696.703737778,6524,4204,823,3381,165499
2026-03-15,Kolo,210687.68,1,1,0,1,5
2026-03-15,MetaMask,185628.52073933618,2968,1235,43,1192,19609
2026-03-15,Plasma One,3173.909999999999,16,16,1,15,118
2026-03-15,Phantom Cash,7932.189999999994,342,161,38,123,859
2026-03-15,Ready,188160.02896099997,2069,2069,20,2049,12101
2026-03-15,RedotPay,9088257.043024404,11655,10041,769,9272,810102
2026-03-15,SafePal,93064.23120046964,6355,2469,56,2413,36468
2026-03-15,Solayer,47125.55097999999,200,163,3,160,7709
2026-03-15,Solflare,23830.2637,338,1,0,1,1
2026-03-15,Tria,380607.7500000004,2745,2715,40,2675,13962
2026-03-15,Tuyo,38098.91,1,1,0,1,1
2026-03-16,Avalanche Card,33569.83000000008,895,895,60,835,14558
2026-03-16,Avici,96675.70000000001,638,631,31,600,5911
2026-03-16,BFinance,249181.72,11410,4282,626,3654,76977
2026-03-16,Bitget Wallet,125012.41349201028,13189,5711,183,5528,52313
2026-03-16,Bitget Wallet,37923.72749999999,156,0,0,0,1
2026-03-16,Bitget Wallet,30728.120000000003,8,1,0,1,1
2026-03-16,Cypher,455550.80641431356,457,320,28,292,21318
2026-03-16,EtherFi,1998419.5445889963,25096,9219,289,8930,62745
2026-03-16,Exa,26251.389999999985,366,163,7,156,3066
2026-03-16,Gnosis,303796.0229908802,6232,2673,35,2638,30093
2026-03-16,Holyheld,416471.4758121493,162,114,24,90,4236
2026-03-16,Hyperbeat,12746.86,70,36,6,30,161
2026-03-16,Karta,620625.12,1,1,0,1,1
2026-03-16,KAST,5889959.410134094,7504,4888,869,4019,166368
2026-03-16,Kolo,271417.9,1,1,0,1,5
2026-03-16,MetaMask,182438.87389783096,3290,1389,43,1346,19652
2026-03-16,Plasma One,8771.24,31,31,3,28,121
2026-03-16,Phantom Cash,7667.340000000004,326,187,52,135,911
2026-03-16,Ready,242758.66680300015,2173,2173,26,2147,12127
2026-03-16,RedotPay,12892939.241339553,12304,10620,837,9783,810939
2026-03-16,SafePal,97570.72064985993,5878,2476,53,2423,36521
2026-03-16,Solayer,42132.524003,222,188,3,185,7712
2026-03-16,Solflare,36727.34530000001,364,1,0,1,1
2026-03-16,Tria,268360.9599999998,2097,2066,33,2033,13995
2026-03-16,Tuyo,33387.99,1,1,0,1,1
2026-03-17,Avalanche Card,31402.9500000001,744,744,51,693,14609
2026-03-17,Avici,84946.09000000005,548,544,11,533,5922
2026-03-17,BFinance,245893.19,10886,4090,572,3518,77549
2026-03-17,Bitget Wallet,117975.36365295015,12792,5641,144,5497,52457
2026-03-17,Bitget Wallet,39477.738,142,0,0,0,1
2026-03-17,Bitget Wallet,35335.95999999999,9,1,0,1,1
2026-03-17,Cypher,288407.62982776284,484,318,34,284,21352
2026-03-17,EtherFi,2158550.4070330267,26851,9543,305,9238,63050
2026-03-17,Exa,38775.98999999999,420,186,10,176,3076
2026-03-17,Gnosis,305132.532209699,6705,2748,43,2705,30136
2026-03-17,Holyheld,138491.9675641751,106,75,13,62,4249
2026-03-17,Hyperbeat,4144.640000000001,86,33,9,24,170
2026-03-17,Karta,549100.24,1,1,0,1,1
2026-03-17,KAST,4461059.813428971,7332,4856,930,3926,167298
2026-03-17,Kolo,196282.64,1,1,0,1,5
2026-03-17,MetaMask,187609.97222370974,3187,1326,50,1276,19702
2026-03-17,Plasma One,4300.01,26,26,1,25,122
2026-03-17,Phantom Cash,11781.850000000004,355,188,57,131,968
2026-03-17,Ready,227507.16999999998,1917,1917,17,1900,12144
2026-03-17,RedotPay,13600133.430116758,15825,14168,2594,11574,813533
2026-03-17,SafePal,105841.12508957993,5745,2463,38,2425,36559
2026-03-17,Solayer,50326.58643099996,244,178,3,175,7715
2026-03-17,Solflare,21177.652199999993,298,1,0,1,1
2026-03-17,Tria,483266.26999999984,3275,3213,42,3171,14037
2026-03-17,Tuyo,23055.11,1,1,0,1,1
2026-03-18,Avalanche Card,76644.89999999986,758,758,47,711,14656
2026-03-18,Avici,61533.649999999965,605,601,21,580,5943
2026-03-18,BFinance,219878.91,10248,3929,494,3435,78043
2026-03-18,Bitget Wallet,120371.61249118194,13433,5860,174,5686,52631
2026-03-18,Bitget Wallet,21976.03750000001,151,0,0,0,1
2026-03-18,Bitget Wallet,23570.93,9,1,0,1,1
2026-03-18,Cypher,423127.5040352119,424,280,31,249,21383
2026-03-18,EtherFi,2457166.5475550024,26029,9502,277,9225,63327
2026-03-18,Exa,25707.90999999998,375,173,6,167,3082
2026-03-18,Gnosis,316155.5232834508,6448,2749,41,2708,30177
2026-03-18,Holyheld,155868.2803009667,118,73,11,62,4260
2026-03-18,Hyperbeat,4040.41,83,36,2,34,172
2026-03-18,Karta,0.0,0,0,0,0,1
2026-03-18,KAST,5099480.4602585165,7259,4674,753,3921,168051
2026-03-18,Kolo,255055.88,2,2,0,2,5
2026-03-18,MetaMask,182464.98126225453,3195,1372,61,1311,19763
2026-03-18,Plasma One,13644.780000000002,26,25,1,24,123
2026-03-18,Phantom Cash,14440.939999999999,416,209,76,133,1044
2026-03-18,Ready,309226.9644629993,2383,2383,29,2354,12173
2026-03-18,RedotPay,14933555.811387103,10600,9290,531,8759,814064
2026-03-18,SafePal,87382.42821554054,6034,2566,53,2513,36612
2026-03-18,Solayer,57893.950092000014,254,196,3,193,7718
2026-03-18,Solflare,29355.871900000013,399,1,0,1,1
2026-03-18,Tria,501618.8300000007,2896,2856,41,2815,14078
2026-03-18,Tuyo,38390.48,1,1,0,1,1
2026-03-19,Avalanche Card,73063.29999999994,919,919,69,850,14725
2026-03-19,Avici,110486.18,696,692,26,666,5969
2026-03-19,BFinance,228358.69,11197,4121,537,3584,78580
2026-03-19,Bitget Wallet,113526.93205394177,13547,5902,154,5748,52785
2026-03-19,Bitget Wallet,30528.920999999995,135,0,0,0,1
2026-03-19,Bitget Wallet,13821.02,8,1,0,1,1
2026-03-19,Cypher,321045.06099626847,425,299,24,275,21407
2026-03-19,EtherFi,1918464.3899530394,26503,9433,270,9163,63597
2026-03-19,Exa,26484.950000000004,389,164,3,161,3085
2026-03-19,Gnosis,284248.76423121936,6363,2661,39,2622,30216
2026-03-19,Holyheld,186009.79692016597,118,75,13,62,4273
2026-03-19,Hyperbeat,7239.2300000000005,82,42,2,40,174
2026-03-19,Karta,930080.17,1,1,0,1,1
2026-03-19,KAST,4572001.384529682,6698,4401,708,3693,168759
2026-03-19,Kolo,242237.73,1,1,0,1,5
2026-03-19,MetaMask,205122.9778882309,3311,1407,65,1342,19828
2026-03-19,Plasma One,22929.699999999997,28,28,0,28,123
2026-03-19,Phantom Cash,13221.369999999999,441,230,79,151,1123
2026-03-19,Ready,276580.33800700016,1997,1997,27,1970,12200
2026-03-19,RedotPay,14055879.417109592,12817,11381,971,10410,815035
2026-03-19,SafePal,122779.94451178037,6137,2557,58,2499,36670
2026-03-19,Solayer,115032.95673,233,181,4,177,7722
2026-03-19,Solflare,14187.109,236,1,0,1,1
2026-03-19,Tria,554504.0099999994,2948,2905,40,2865,14118
2026-03-19,Tuyo,52510.06,1,1,0,1,1
2026-03-20,Avalanche Card,39107.23000000009,775,775,43,732,14768
2026-03-20,Avici,80862.18999999999,616,614,30,584,5999
2026-03-20,BFinance,223016.6,10300,3883,410,3473,78990
2026-03-20,Bitget Wallet,124691.87655444087,13779,5863,166,5697,52951
2026-03-20,Bitget Wallet,39479.5,155,0,0,0,1
2026-03-20,Bitget Wallet,20481.859999999997,8,1,0,1,1
2026-03-20,Cypher,281441.6074615224,449,313,25,288,21432
2026-03-20,EtherFi,1921017.9708259916,27051,9743,247,9496,63844
2026-03-20,Exa,33091.39000000004,516,190,3,187,3088
2026-03-20,Gnosis,315416.9572294302,6991,2843,41,2802,30257
2026-03-20,Holyheld,59203.88522915507,114,70,10,60,4283
2026-03-20,Hyperbeat,5184.320000000003,100,42,5,37,179
2026-03-20,Karta,675703.78,1,1,0,1,1
2026-03-20,KAST,5283049.081292196,6778,4452,697,3755,169456
2026-03-20,Kolo,199524.75,1,1,0,1,5
2026-03-20,MetaMask,166054.05342511792,3451,1430,66,1364,19894
2026-03-20,Plasma One,2947.6699999999996,25,25,1,24,124
2026-03-20,Phantom Cash,17013.949999999997,499,258,84,174,1207
2026-03-20,Ready,217952.87021400008,2003,2003,16,1987,12216
2026-03-20,RedotPay,9753429.231583944,10438,9273,436,8837,815471
2026-03-20,SafePal,131742.08084138087,6915,2630,60,2570,36730
2026-03-20,Solayer,48949.317791,223,181,5,176,7727
2026-03-20,Solflare,19560.53700000001,361,1,0,1,1
2026-03-20,Tria,499097.7600000001,2888,2852,36,2816,14154
2026-03-20,Tuyo,38335.16,1,1,0,1,1
2026-03-21,Avalanche Card,16512.730000000014,420,420,27,393,14795
2026-03-21,Avici,26331.129999999976,210,207,7,200,6006
2026-03-21,BFinance,193930.67,8576,3810,160,3650,79150
2026-03-21,Bitget Wallet,128888.04080495895,14663,5853,145,5708,53096
2026-03-21,Bitget Wallet,16819.14250000001,129,0,0,0,1
2026-03-21,Bitget Wallet,18266.090000000004,9,1,0,1,1
2026-03-21,Cypher,235814.59923446443,423,308,26,282,21458
2026-03-21,EtherFi,1739599.850256011,27860,9718,254,9464,64098
2026-03-21,Exa,31582.729999999992,520,168,2,166,3090
2026-03-21,Gnosis,330061.34807721997,7502,2846,37,2809,30294
2026-03-21,Holyheld,56043.60168102045,122,78,14,64,4297
2026-03-21,Hyperbeat,12714.369999999995,101,40,1,39,180
2026-03-21,Karta,197886.37,1,1,0,1,1
2026-03-21,KAST,3603214.908530312,6591,4262,654,3608,170110
2026-03-21,Kolo,15037.07,1,1,0,1,5
2026-03-21,MetaMask,204192.1438119094,3588,1442,64,1378,19958
2026-03-21,Plasma One,2271.3500000000004,13,13,2,11,126
2026-03-21,Phantom Cash,21060.040000000015,559,266,85,181,1292
2026-03-21,Ready,186476.1093350001,1951,1951,19,1932,12235
2026-03-21,RedotPay,10185271.921846814,9447,8419,485,7934,815956
2026-03-21,SafePal,104289.66709667956,6757,2530,49,2481,36779
2026-03-21,Solayer,36504.751637999994,227,180,5,175,7732
2026-03-21,Solflare,33624.68160000001,381,1,0,1,1
2026-03-21,Tria,255308.26467399954,2054,2044,23,2021,14177
2026-03-21,Tuyo,6167.09,1,1,0,1,1
2026-03-22,Avalanche Card,22015.100000000002,367,367,19,348,14814
2026-03-22,Avici,38874.20000000001,433,429,13,416,6019
2026-03-22,BFinance,162476.18,7523,3170,114,3056,79264
2026-03-22,Bitget Wallet,125315.74608788906,14206,5768,146,5622,53242
2026-03-22,Bitget Wallet,33224.0975,134,0,0,0,1
2026-03-22,Bitget Wallet,14767.57,9,1,0,1,1
2026-03-22,Cypher,246252.01725361668,364,255,14,241,21472
2026-03-22,EtherFi,1670136.1561070236,25602,9295,287,9008,64385
2026-03-22,Exa,38054.36999999999,531,180,3,177,3093
2026-03-22,Gnosis,244068.689750191,5718,2446,32,2414,30326
2026-03-22,Holyheld,91083.5595077973,108,53,6,47,4303
2026-03-22,Hyperbeat,2589.8000000000006,81,40,8,32,188
2026-03-22,Karta,317248.81,1,1,0,1,1
2026-03-22,KAST,3253731.267943457,5993,3963,700,3263,170810
2026-03-22,Kolo,192502.52,1,1,0,1,5
2026-03-22,MetaMask,143855.66888367172,2805,1245,51,1194,20009
2026-03-22,Plasma One,1282.2599999999998,22,22,6,16,132
2026-03-22,Phantom Cash,18158.370000000014,497,256,65,191,1357
2026-03-22,Ready,208404.32568500025,1876,1876,14,1862,12249
2026-03-22,RedotPay,8036118.359988664,8921,8008,511,7497,816467
2026-03-22,SafePal,90017.75177643987,6412,2483,35,2448,36814
2026-03-22,Solayer,26472.613725999996,148,126,2,124,7734
2026-03-22,Solflare,22301.558900000004,311,1,0,1,1
2026-03-22,Tria,183867.04999999984,916,907,20,887,14197
2026-03-22,Tuyo,16382.16,1,1,0,1,1
2026-03-23,Avalanche Card,59225.57000000006,743,743,36,707,14850
2026-03-23,Avici,68223.14999999995,523,519,15,504,6034
2026-03-23,BFinance,222914.71,8836,3608,168,3440,79432
2026-03-23,Bitget Wallet,111520.89388605845,12874,5670,139,5531,53381
2026-03-23,Bitget Wallet,42686.59249999998,195,0,0,0,1
2026-03-23,Bitget Wallet,21089.13,7,1,0,1,1
2026-03-23,Cypher,355502.2793525431,481,338,38,300,21510
2026-03-23,EtherFi,2247919.6104540075,25269,9427,236,9191,64621
2026-03-23,Exa,43305.44000000006,489,187,4,183,3097
2026-03-23,Gnosis,291296.2922660194,6180,2668,29,2639,30355
2026-03-23,Holyheld,372911.1193859505,135,91,9,82,4312
2026-03-23,Hyperbeat,3759.95,99,45,3,42,191
2026-03-23,Karta,607032.13,1,1,0,1,1
2026-03-23,KAST,4252948.119171427,6941,4613,837,3776,171647
2026-03-23,Kolo,162223.91,1,1,0,1,5
2026-03-23,MetaMask,162146.92428225334,3156,1434,54,1380,20063
2026-03-23,Plasma One,1815.0900000000001,25,25,5,20,137
2026-03-23,Phantom Cash,19390.690000000006,534,264,72,192,1429
2026-03-23,Ready,223125.4543490005,2065,2065,24,2041,12273
2026-03-23,RedotPay,13999270.303139636,14976,13181,1322,11859,817789
2026-03-23,SafePal,94741.74262317958,5609,2459,46,2413,36860
2026-03-23,Solayer,58472.282148000006,232,202,5,197,7739
2026-03-23,Solflare,22907.5726,350,1,0,1,1
2026-03-23,Tria,464768.64000000013,2760,2736,47,2689,14244
2026-03-23,Tuyo,28206.5,1,1,0,1,1
2026-03-24,Avalanche Card,47588.880000000005,679,679,33,646,14883
2026-03-24,Avici,105090.85999999997,651,647,19,628,6053
2026-03-24,BFinance,208750.76,8540,3587,196,3391,79628
2026-03-24,Bitget Wallet,113144.79377297997,13306,5743,156,5587,53537
2026-03-24,Bitget Wallet,30966.439999999995,263,0,0,0,1
2026-03-24,Bitget Wallet,27267.12,10,1,0,1,1
2026-03-24,Cypher,455125.8685714053,485,351,37,314,21547
2026-03-24,EtherFi,1821336.1770310085,26226,9583,243,9340,64864
2026-03-24,Exa,37898.34999999999,538,201,10,191,3107
2026-03-24,Gnosis,321860.8836654401,6192,2671,33,2638,30388
2026-03-24,Holyheld,125750.02140540667,114,80,13,67,4325
2026-03-24,Hyperbeat,5510.719999999999,114,57,4,53,195
2026-03-24,Karta,701693.87,1,1,0,1,1
2026-03-24,KAST,5259479.776699576,6406,4173,678,3495,172325
2026-03-24,Kolo,263431.19,1,1,0,1,5
2026-03-24,MetaMask,168728.96393853016,3271,1379,65,1314,20128
2026-03-24,Plasma One,23666.570000000003,35,35,6,29,143
2026-03-24,Phantom Cash,20798.750000000022,639,301,76,225,1505
2026-03-24,Ready,252377.50703299974,2082,2082,18,2064,12291
2026-03-24,RedotPay,13643852.547493715,15913,14305,2087,12218,819876
2026-03-24,SafePal,100354.48138366012,5981,2507,50,2457,36910
2026-03-24,Solayer,95164.496054,228,180,3,177,7742
2026-03-24,Solflare,39681.5128,344,1,0,1,1
2026-03-24,Tria,372260.63999999955,2033,2007,32,1975,14276
2026-03-24,Tuyo,41911.43,1,1,0,1,1
2026-03-25,Avalanche Card,52051.92000000013,875,875,65,810,14948
2026-03-25,Avici,91040.81000000003,623,620,25,595,6078
2026-03-25,BFinance,188086.74,7828,3398,128,3270,79756
2026-03-25,Bitget Wallet,122119.66287292032,13699,5854,175,5679,53712
2026-03-25,Bitget Wallet,26027.5375,231,0,0,0,1
2026-03-25,Bitget Wallet,19664.82,9,1,0,1,1
2026-03-25,Cypher,302412.2545650346,403,306,28,278,21575
2026-03-25,EtherFi,2059510.7872809856,26372,9707,252,9455,65116
2026-03-25,Exa,33105.34,433,173,10,163,3117
2026-03-25,Gnosis,301115.50429468876,6438,2663,45,2618,30433
2026-03-25,Holyheld,273578.63523958385,139,82,12,70,4337
2026-03-25,Hyperbeat,8570.289999999999,136,55,7,48,202
2026-03-25,Karta,688087.79,1,1,0,1,1
2026-03-25,KAST,4490051.067417543,7466,4859,954,3905,173279
2026-03-25,Kolo,197858.44,1,1,0,1,5
2026-03-25,MetaMask,158866.6445064965,3417,1449,68,1381,20196
2026-03-25,Plasma One,8042.769999999999,31,30,4,26,147
2026-03-25,Phantom Cash,13480.289999999999,515,259,60,199,1565
2026-03-25,Ready,246416.43234800053,2033,2033,17,2016,12308
2026-03-25,RedotPay,12013290.508593773,15806,13901,2094,11807,821970
2026-03-25,SafePal,101534.6668107401,5985,2492,57,2435,36967
2026-03-25,Solayer,96752.75125499998,234,183,6,177,7748
2026-03-25,Solflare,28522.14490000001,336,1,0,1,1
2026-03-25,Tria,713201.2999999976,3378,3322,68,3254,14344
2026-03-25,Tuyo,36379.32,1,1,0,1,1
2026-03-26,Avalanche Card,40194.610000000066,803,803,46,757,14994
2026-03-26,Avici,136870.80999999997,697,693,28,665,6106
2026-03-26,BFinance,221910.51,8351,3554,146,3408,79902
2026-03-26,Bitget Wallet,121493.46743811922,13150,5782,148,5634,53860
2026-03-26,Bitget Wallet,37187.33299999999,199,0,0,0,1
2026-03-26,Bitget Wallet,17914.65,9,1,0,1,1
2026-03-26,Cypher,214268.08644459554,424,303,21,282,21596
2026-03-26,EtherFi,2067738.4210929887,26533,9701,241,9460,65357
2026-03-26,Exa,31868.540000000008,488,208,19,189,3136
2026-03-26,Gnosis,341352.19094696234,6439,2675,29,2646,30462
2026-03-26,Holyheld,66724.66937004523,116,73,11,62,4348
2026-03-26,Hyperbeat,7221.44,117,50,4,46,206
2026-03-26,Karta,929337.39,1,1,0,1,1
2026-03-26,KAST,4731754.485006845,6486,4145,649,3496,173928
2026-03-26,Kolo,287875.65,1,1,0,1,5
2026-03-26,MetaMask,159408.53184264497,3442,1416,55,1361,20251
2026-03-26,Plasma One,7302.78,36,36,0,36,147
2026-03-26,Phantom Cash,19062.3,570,293,74,219,1639
2026-03-26,Ready,231636.30463700037,2070,2070,16,2054,12324
2026-03-26,RedotPay,12577019.555458674,14322,12645,1275,11370,823245
2026-03-26,SafePal,81780.74415394996,5759,2487,51,2436,37018
2026-03-26,Solayer,66992.35186399997,213,175,3,172,7751
2026-03-26,Solflare,20952.526500000025,322,1,0,1,1
2026-03-26,Tria,611706.9599999995,2942,2892,51,2841,14395
2026-03-26,Tuyo,54429.19,1,1,0,1,1
2026-03-27,Avalanche Card,39677.80000000006,821,821,50,771,15044
2026-03-27,Avici,95152.95000000001,670,668,27,641,6133
2026-03-27,BFinance,190536.97,7880,3362,96,3266,79998
2026-03-27,Bitget Wallet,118730.22203468812,13887,5949,180,5769,54040
2026-03-27,Bitget Wallet,29541.532499999994,180,0,0,0,1
2026-03-27,Bitget Wallet,28783.38,9,1,0,1,1
2026-03-27,Cypher,345314.08850133285,432,297,35,262,21631
2026-03-27,EtherFi,1989411.6448130056,27787,9906,236,9670,65593
2026-03-27,Exa,36487.750000000015,545,212,13,199,3149
2026-03-27,Gnosis,330980.58775267936,6873,2745,23,2722,30485
2026-03-27,Holyheld,299358.9184271492,119,64,5,59,4353
2026-03-27,Hyperbeat,3812.350000000001,130,56,6,50,212
2026-03-27,Karta,880258.67,1,1,0,1,1
2026-03-27,KAST,5456654.636121455,6265,3917,552,3365,174480
2026-03-27,Kolo,243409.38,1,1,0,1,5
2026-03-27,MetaMask,165836.02484835015,3344,1410,49,1361,20300
2026-03-27,Plasma One,6964.13,46,46,7,39,154
2026-03-27,Phantom Cash,25490.400000000005,589,296,80,216,1719
2026-03-27,Ready,224379.81020499978,2079,2079,15,2064,12339
2026-03-27,RedotPay,12406921.114965145,13146,11601,1193,10408,824438
2026-03-27,SafePal,81478.74031248933,5937,2510,65,2445,37083
2026-03-27,Solayer,152024.729704,194,159,3,156,7754
2026-03-27,Solflare,25615.029700000025,320,1,0,1,1
2026-03-27,Tria,420198.44999999943,2895,2851,57,2794,14452
2026-03-27,Tuyo,100248.5,1,1,0,1,1
2026-03-28,Avalanche Card,42338.42000000008,948,948,46,902,15090
2026-03-28,Avici,112900.40000000007,654,649,16,633,6149
2026-03-28,BFinance,180162.13,6776,2840,41,2799,80039
2026-03-28,Bitget Wallet,112959.44134811993,14626,5809,158,5651,54198
2026-03-28,Bitget Wallet,42487.81499999997,169,0,0,0,1
2026-03-28,Bitget Wallet,16572.260000000002,8,1,0,1,1
2026-03-28,Cypher,249486.2375741042,449,320,26,294,21657
2026-03-28,EtherFi,1763550.4173049815,29088,9912,232,9680,65825
2026-03-28,Exa,30106.030000000006,554,198,13,185,3162
2026-03-28,Gnosis,301932.3938780008,7390,2761,38,2723,30523
2026-03-28,Holyheld,157183.8255184973,136,73,5,68,4358
2026-03-28,Hyperbeat,3793.609999999999,132,48,2,46,214
2026-03-28,Karta,973177.32,1,1,0,1,1
2026-03-28,KAST,3921386.667606995,5778,3642,573,3069,175053
2026-03-28,Kolo,243508.02,1,1,0,1,5
2026-03-28,MetaMask,179455.95007136598,3831,1376,61,1315,20361
2026-03-28,Plasma One,25165.339999999997,44,44,4,40,158
2026-03-28,Phantom Cash,20691.72000000001,564,276,50,226,1769
2026-03-28,Ready,216573.3826499998,1479,1479,17,1462,12356
2026-03-28,RedotPay,13145143.84087123,18625,17122,3715,13407,828153
2026-03-28,SafePal,96364.44212170017,6692,2483,39,2444,37122
2026-03-28,Solayer,36283.40103699999,214,166,2,164,7756
2026-03-28,Solflare,24689.714500000006,320,1,0,1,1
2026-03-28,Tria,636151.7300000016,3475,3434,57,3377,14509
2026-03-28,Tuyo,32286.47,1,1,0,1,1
2026-03-29,Avalanche Card,51468.08000000003,660,659,36,623,15126
2026-03-29,Avici,114397.29000000004,709,705,27,678,6176
2026-03-29,BFinance,146155.55,6088,2671,30,2641,80069
2026-03-29,Bitget Wallet,111422.27545646031,13909,5769,148,5621,54346
2026-03-29,Bitget Wallet,30941.47,172,0,0,0,1
2026-03-29,Bitget Wallet,13511.699999999999,9,1,0,1,1
2026-03-29,Cypher,310134.9168654903,384,264,32,232,21689
2026-03-29,EtherFi,1719750.8049489916,25149,9202,200,9002,66025
2026-03-29,Exa,35790.109999999986,568,205,6,199,3168
2026-03-29,Gnosis,248212.58475362917,5800,2381,37,2344,30560
2026-03-29,Holyheld,39759.05292355081,88,52,3,49,4361
2026-03-29,Hyperbeat,3072.6400000000003,101,50,6,44,220
2026-03-29,Karta,1118660.08,1,1,0,1,1
2026-03-29,KAST,2862450.414181506,5776,3770,645,3125,175698
2026-03-29,Kolo,356895.28,1,1,0,1,5
2026-03-29,MetaMask,147235.32875902762,3299,1247,44,1203,20405
2026-03-29,Plasma One,8296.91,45,45,7,38,165
2026-03-29,Phantom Cash,20610.730000000003,550,281,64,217,1833
2026-03-29,Ready,233971.72999999966,2198,2198,20,2178,12376
2026-03-29,RedotPay,9745117.473102402,11530,10408,1081,9327,829234
2026-03-29,SafePal,83137.81862233978,6257,2441,51,2390,37173
2026-03-29,Solayer,32870.55569100001,189,155,2,153,7758
2026-03-29,Solflare,33951.62539999999,400,1,0,1,1
2026-03-29,Tria,323271.26,1864,1827,28,1799,14537
2026-03-29,Tuyo,32242.42,1,1,0,1,1
2026-03-30,Avalanche Card,27523.37000000013,745,745,31,714,15157
2026-03-30,Avici,55284.1,529,527,18,509,6194
2026-03-30,BFinance,225929.79,7116,3058,47,3011,80116
2026-03-30,Bitget Wallet,95877.21148507058,12550,5586,193,5393,54539
2026-03-30,Bitget Wallet,40280.337499999994,197,0,0,0,1
2026-03-30,Bitget Wallet,33274.4,9,1,0,1,1
2026-03-30,Cypher,478087.0481689033,512,339,37,302,21726
2026-03-30,EtherFi,2431376.319967978,25448,9473,196,9277,66221
2026-03-30,Exa,43123.17000000004,515,202,8,194,3176
2026-03-30,Gnosis,324373.6771667694,6340,2667,22,2645,30582
2026-03-30,Holyheld,343195.9093879614,119,74,7,67,4368
2026-03-30,Hyperbeat,3935.290000000001,96,46,0,46,220
2026-03-30,Karta,662856.51,1,1,0,1,1
2026-03-30,KAST,4733546.952409042,6181,4045,590,3455,176288
2026-03-30,Kolo,138816.23,1,1,0,1,5
2026-03-30,MetaMask,156435.8353062646,3345,1349,53,1296,20458
2026-03-30,Plasma One,7279.53,41,41,1,40,166
2026-03-30,Phantom Cash,19743.480000000007,612,294,49,245,1882
2026-03-30,Ready,192157.286688,2158,2103,10,2093,12386
2026-03-30,RedotPay,13063524.870312065,13787,12286,1145,11141,830379
2026-03-30,SafePal,92597.45881746984,5724,2453,51,2402,37224
2026-03-30,Solayer,70338.69268000002,209,165,3,162,7761
2026-03-30,Solflare,29054.731600000036,396,1,0,1,1
2026-03-30,Tria,1252644.7599999998,2785,2764,41,2723,14578
2026-03-30,Tuyo,29768.76,1,1,0,1,1
2026-03-31,Avalanche Card,38539.86000000013,857,857,51,806,15208
2026-03-31,Avici,76302.91000000003,638,635,23,612,6217
2026-03-31,BFinance,203743.05,7590,3131,40,3091,80156
2026-03-31,Bitget Wallet,119096.40310917907,13062,5737,186,5551,54725
2026-03-31,Bitget Wallet,39021.8075,197,0,0,0,1
2026-03-31,Bitget Wallet,33063.33,9,1,0,1,1
2026-03-31,Cypher,527451.720339542,482,346,32,314,21758
2026-03-31,EtherFi,2106363.3575689523,26727,9559,216,9343,66437
2026-03-31,Exa,42516.779999999955,615,210,6,204,3182
2026-03-31,Gnosis,331714.130159348,6820,2664,45,2619,30627
2026-03-31,Holyheld,461920.6540779007,98,56,5,51,4373
2026-03-31,Hyperbeat,6000.950000000001,101,46,3,43,223
2026-03-31,Karta,672265.88,1,1,0,1,1
2026-03-31,KAST,4377923.720835398,6013,3901,595,3306,176883
2026-03-31,Kolo,251494.32,1,1,0,1,5
2026-03-31,MetaMask,164264.18059234662,3299,1369,35,1334,20493
2026-03-31,Plasma One,42995.329999999994,40,40,2,38,168
2026-03-31,Phantom Cash,22657.74999999998,593,300,62,238,1944
2026-03-31,Ready,226713.8266590004,1833,1833,13,1820,12399
2026-03-31,RedotPay,15386674.417233031,17647,16007,2105,13902,832484
2026-03-31,SafePal,84135.24191238929,5748,2428,55,2373,37279
2026-03-31,Solayer,30950.672732999996,250,189,5,184,7766
2026-03-31,Solflare,31436.578400000006,307,1,0,1,1
2026-03-31,Tria,261034.33999999988,2198,2173,37,2136,14615
2026-03-31,Tuyo,31714.79,1,1,0,1,1
2026-04-01,Avalanche Card,48332.98000000004,824,824,50,774,15258
2026-04-01,Avici,99649.03000000006,669,663,18,645,6235
2026-04-01,BFinance,239380.84,8577,3791,40,3750,80196
2026-04-01,Bitget Wallet,136992.44958337105,14215,6193,188,6005,54913
2026-04-01,Bitget Wallet,40218.158,320,0,0,0,1
2026-04-01,Bitget Wallet,4448.51,1,1,0,1,1
2026-04-01,Cypher,434938.1397830304,547,391,47,344,21805
2026-04-01,EtherFi,2868799.034017002,28649,10141,209,9932,66646
2026-04-01,Exa,41112.67000000001,637,234,11,223,3193
2026-04-01,Gnosis,365997.7648741417,7255,2877,43,2834,30670
2026-04-01,Holyheld,61072.58524812921,94,66,7,59,4380
2026-04-01,Hyperbeat,17729.65000000001,128,51,2,49,225
2026-04-01,Karta,913164.64,1,1,0,1,1
2026-04-01,KAST,6094255.574372055,6678,4196,536,3660,177419
2026-04-01,Kolo,348211.14,1,1,0,1,5
2026-04-01,MetaMask,181205.44624538117,3523,1448,51,1397,20544
2026-04-01,Plasma One,8478.499999999995,39,39,8,31,176
2026-04-01,Phantom Cash,24353.01000000002,645,328,76,252,2020
2026-04-01,Ready,202273.34389399987,1836,1836,11,1825,12410
2026-04-01,RedotPay,14429560.760933079,16362,14632,1869,12763,834353
2026-04-01,SafePal,114604.42653744023,6820,2921,60,2861,37339
2026-04-01,Solayer,54989.46900499997,237,172,5,167,7771
2026-04-01,Solflare,23822.494700000036,278,1,0,1,1
2026-04-01,Tria,479164.2710000005,3574,3524,56,3468,14671
2026-04-01,Tuyo,42482.49,1,1,0,1,1
2026-04-02,Avalanche Card,52839.37000000011,969,969,67,902,15325
2026-04-02,Avici,94083.10000000005,625,621,22,599,6257
2026-04-02,BFinance,213530.56,7752,3302,40,3262,80236
2026-04-02,Bitget Wallet,130681.04769804984,13690,5806,147,5659,55060
2026-04-02,Bitget Wallet,47858.391800000034,493,0,0,0,1
2026-04-02,Bitget Wallet,0.0,0,0,0,0,1
2026-04-02,Cypher,465650.6031581166,602,391,58,333,21863
2026-04-02,EtherFi,2474538.068858008,28059,9998,225,9773,66871
2026-04-02,Exa,45633.009999999966,593,230,13,217,3206
2026-04-02,Gnosis,368427.60388554033,7340,2862,45,2817,30715
2026-04-02,Holyheld,206606.52488564517,154,101,15,86,4395
2026-04-02,Hyperbeat,5260.009999999999,132,50,2,48,227
2026-04-02,Karta,1148819.78,1,1,0,1,1
2026-04-02,KAST,5861549.829972989,7227,4681,718,3963,178137
2026-04-02,Kolo,293626.81,1,1,0,1,5
2026-04-02,MetaMask,189470.74512317704,3356,1397,51,1346,20595
2026-04-02,Plasma One,9083.519999999999,45,45,1,44,177
2026-04-02,Phantom Cash,16385.629999999997,531,279,57,222,2077
2026-04-02,Ready,438043.0646259998,2598,2381,31,2350,12441
2026-04-02,RedotPay,14034217.175653987,15539,13869,1399,12470,835752
2026-04-02,SafePal,125445.36388696972,6073,2539,75,2464,37414
2026-04-02,Solayer,39916.66376700001,202,163,7,156,7778
2026-04-02,Solflare,41283.37390000002,524,1,0,1,1
2026-04-02,Tria,708843.1899999991,3573,3525,65,3460,14736
2026-04-02,Tuyo,35374.86,1,1,0,1,1
2026-04-03,Avalanche Card,74656.58000000003,843,843,39,804,15364
2026-04-03,Avici,104538.76999999992,661,655,17,638,6274
2026-04-03,BFinance,230757.63,7306,3138,33,3105,80269
2026-04-03,Bitget Wallet,131573.67478331074,13938,5705,148,5557,55208
2026-04-03,Bitget Wallet,39537.44460000001,277,0,0,0,1
2026-04-03,Bitget Wallet,0.0,0,0,0,0,1
2026-04-03,Cypher,288613.8378318669,465,346,57,289,21920
2026-04-03,EtherFi,2057177.85030701,27495,9607,220,9387,67091
2026-04-03,Exa,44919.199999999975,604,212,8,204,3214
2026-04-03,Gnosis,314761.9607648303,6986,2680,35,2645,30750
2026-04-03,Holyheld,492187.29471262527,108,73,13,60,4408
2026-04-03,Hyperbeat,4724.310000000001,117,51,1,50,228
2026-04-03,Karta,852195.42,1,1,0,1,1
2026-04-03,KAST,4448460.547075663,7698,4989,789,4200,178926
2026-04-03,Kolo,240821.96,1,1,0,1,5
2026-04-03,MetaMask,189645.95884378537,3615,1364,46,1318,20641
2026-04-03,Plasma One,10925.039999999997,49,49,5,44,182
2026-04-03,Phantom Cash,23274.440000000006,579,302,77,225,2154
2026-04-03,Ready,277850.4756999997,1762,1762,13,1749,12454
2026-04-03,RedotPay,12541455.054403946,13828,12524,1330,11194,837082
2026-04-03,SafePal,98078.53104369089,7037,2533,72,2461,37486
2026-04-03,Solayer,45782.66094499998,215,172,4,168,7782
2026-04-03,Solflare,27422.279900000016,321,1,0,1,1
2026-04-03,Tria,1085492.2001699987,3201,3168,40,3128,14776
2026-04-03,Tuyo,32829.07,1,1,0,1,1
2026-04-04,Avalanche Card,108180.38999999988,860,860,43,817,15407
2026-04-04,Avici,94151.51000000011,675,672,20,652,6294
2026-04-04,BFinance,168561.89,6507,2750,34,2716,80303
2026-04-04,Bitget Wallet,123454.96989742013,14391,5634,128,5506,55336
2026-04-04,Bitget Wallet,48571.9462,213,0,0,0,1
2026-04-04,Bitget Wallet,11620.66,6,1,0,1,1
2026-04-04,Cypher,164560.16956779116,437,298,31,267,21951
2026-04-04,EtherFi,1653375.053978006,28825,9709,207,9502,67298
2026-04-04,Exa,38333.909999999945,607,206,14,192,3228
2026-04-04,Gnosis,311889.5505662199,7583,2779,34,2745,30784
2026-04-04,Holyheld,47774.48524365103,73,50,2,48,4410
2026-04-04,Hyperbeat,3967.3099999999995,106,51,1,50,229
2026-04-04,Karta,1021298.57,1,1,0,1,1
2026-04-04,KAST,2994507.527063813,7049,4569,660,3909,179586
2026-04-04,Kolo,334736.37,1,1,0,1,5
2026-04-04,MetaMask,196889.85481691614,3642,1342,47,1295,20688
2026-04-04,Plasma One,13051.340000000006,56,56,11,45,193
2026-04-04,Phantom Cash,22704.10999999999,592,295,56,239,2210
2026-04-04,Ready,227963.07308299982,1914,1914,24,1890,12478
2026-04-04,RedotPay,10482489.802434934,12797,11398,1144,10254,838226
2026-04-04,SafePal,98764.6997010508,7048,2463,55,2408,37541
2026-04-04,Solayer,61147.81315099998,202,170,6,164,7788
2026-04-04,Solflare,31712.891000000018,346,1,0,1,1
2026-04-04,Tria,522797.83000000205,3151,3106,41,3065,14817
2026-04-04,Tuyo,42113.08,1,1,0,1,1
2026-04-05,Avalanche Card,75850.33999999985,857,857,56,801,15463
2026-04-05,Avici,92685.98000000004,653,647,19,628,6313
2026-04-05,BFinance,159054.45,6335,2759,32,2727,80335
2026-04-05,Bitget Wallet,115637.38256046028,13642,5460,136,5324,55472
2026-04-05,Bitget Wallet,26571.007499999996,189,0,0,0,1
2026-04-05,Bitget Wallet,20690.15,5,1,0,1,1
2026-04-05,Cypher,284479.7240971801,335,255,29,226,21980
2026-04-05,EtherFi,1332086.8427369916,25120,8957,167,8790,67465
2026-04-05,Exa,40226.29999999995,573,218,14,204,3242
2026-04-05,Gnosis,209375.2414055002,5167,2159,30,2129,30814
2026-04-05,Holyheld,67552.69778627738,89,56,9,47,4419
2026-04-05,Hyperbeat,2991.44,86,43,0,43,229
2026-04-05,Karta,1110006.01,1,1,0,1,1
2026-04-05,KAST,3468461.0074771224,5788,3792,475,3317,180061
2026-04-05,Kolo,282746.52,1,1,0,1,5
2026-04-05,MetaMask,139523.72210687477,2876,1178,32,1146,20720
2026-04-05,Plasma One,10735.690000000002,59,59,4,55,197
2026-04-05,Phantom Cash,19965.360000000008,564,283,71,212,2281
2026-04-05,Ready,225403.67093299972,1923,1923,13,1910,12491
2026-04-05,RedotPay,9881636.34951481,12616,11384,1356,10028,839582
2026-04-05,SafePal,79927.32892256076,5980,2315,51,2264,37592
2026-04-05,Solayer,22614.809579999994,190,151,3,148,7791
2026-04-05,Solflare,31488.897100000006,337,1,0,1,1
2026-04-05,Tria,623239.8200000001,3152,3113,40,3073,14857
2026-04-05,Tuyo,50275.92,1,1,0,1,1
2026-04-06,Avalanche Card,36224.790000000066,742,742,49,693,15512
2026-04-06,Avici,76219.37999999992,626,620,22,598,6335
2026-04-06,BFinance,217107.15,7332,3171,41,3130,80376
2026-04-06,Bitget Wallet,116630.81940999103,13555,5525,131,5394,55603
2026-04-06,Bitget Wallet,38248.3725,183,0,0,0,1
2026-04-06,Bitget Wallet,14322.830000000002,6,1,0,1,1
2026-04-06,Cypher,222000.26963951564,436,290,32,258,22012
2026-04-06,EtherFi,2051153.3587079805,26580,9533,219,9314,67684
2026-04-06,Exa,56672.340000000026,598,227,13,214,3255
2026-04-06,Gnosis,277033.21189819905,5352,2313,37,2276,30851
2026-04-06,Holyheld,139608.9662306731,91,61,5,56,4424
2026-04-06,Hyperbeat,3654.5399999999995,76,34,3,31,232
2026-04-06,Karta,852848.04,1,1,0,1,1
2026-04-06,KAST,4846521.551440025,6669,4388,586,3802,180647
2026-04-06,Kolo,279885.04,1,1,0,1,5
2026-04-06,MetaMask,171258.9296954923,3371,1289,38,1251,20758
2026-04-06,Plasma One,56553.59999999999,53,53,4,49,201
2026-04-06,Phantom Cash,17089.999999999993,545,293,66,227,2347
2026-04-06,Ready,198352.36149999965,1853,1853,11,1842,12502
2026-04-06,RedotPay,14243785.5214763,16560,14891,1823,13068,841405
2026-04-06,SafePal,80698.24751334997,6080,2408,49,2359,37641
2026-04-06,Solayer,56018.94810799998,210,172,3,169,7794
2026-04-06,Solflare,22671.847399999995,320,1,0,1,1
2026-04-06,Tria,323297.43999999936,2142,2119,28,2091,14885
2026-04-06,Tuyo,27761.31,1,1,0,1,1
2026-04-07,Avalanche Card,40533.620000000046,665,665,44,621,15556
2026-04-07,Avici,87913.49999999997,629,626,13,613,6348
2026-04-07,BFinance,186776.01,7078,3145,43,3102,80419
2026-04-07,Bitget Wallet,112517.94643154084,13342,5684,156,5528,55759
2026-04-07,Bitget Wallet,53104.159999999996,190,0,0,0,1
2026-04-07,Bitget Wallet,19021.550000000003,5,1,0,1,1
2026-04-07,Cypher,317818.9015652074,439,322,25,297,22037
2026-04-07,EtherFi,2120471.391771998,26522,9573,199,9374,67883
2026-04-07,Exa,55090.65000000002,587,212,13,199,3268
2026-04-07,Gnosis,302896.66755586053,6481,2645,31,2614,30882
2026-04-07,Holyheld,631213.5182176337,151,86,13,73,4437
2026-04-07,Hyperbeat,5205.760000000002,117,45,2,43,234
2026-04-07,Karta,677601.25,1,1,0,1,1
2026-04-07,KAST,5125794.616351925,7199,4798,735,4063,181382
2026-04-07,Kolo,209833.49,1,1,0,1,5
2026-04-07,MetaMask,160480.32587702284,3265,1356,57,1299,20815
2026-04-07,Plasma One,20165.84,59,59,2,57,203
2026-04-07,Phantom Cash,20879.21000000002,643,324,81,243,2428
2026-04-07,Ready,223212.76695699993,2008,2008,17,1991,12519
2026-04-07,RedotPay,13353351.258286469,15768,14058,1781,12277,843186
2026-04-07,SafePal,102415.83907118015,6183,2505,56,2449,37697
2026-04-07,Solayer,52200.09897499998,239,190,3,187,7797
2026-04-07,Solflare,39379.98190000001,327,1,0,1,1
2026-04-07,Tria,542318.7600000008,3479,3414,46,3368,14931
2026-04-07,Tuyo,32156.35,1,1,0,1,1
2026-04-08,Avalanche Card,35798.15000000005,488,488,29,459,15585
2026-04-08,Avici,151565.09,564,561,14,547,6362
2026-04-08,BFinance,207136.18,7028,3157,19,3138,80438
2026-04-08,Bitget Wallet,117947.05911423975,13108,5644,174,5470,55933
2026-04-08,Bitget Wallet,54898.10639999998,207,0,0,0,1
2026-04-08,Bitget Wallet,19229.54,6,1,0,1,1
2026-04-08,Cypher,322130.9728294625,442,315,36,279,22073
2026-04-08,EtherFi,1137601.5767490037,9733,4277,78,4199,67961
2026-04-08,Exa,38154.75000000002,586,218,14,204,3282
2026-04-08,Gnosis,328223.523575269,6768,2737,51,2686,30933
2026-04-08,Holyheld,75561.8552641295,91,56,4,52,4441
2026-04-08,Hyperbeat,4232.949999999999,99,48,6,42,240
2026-04-08,Karta,0.0,0,0,0,0,1
2026-04-08,KAST,4828595.209859009,7293,4794,669,4125,182051
2026-04-08,Kolo,234300.91,1,1,0,1,5
2026-04-08,MetaMask,170384.04946313883,3231,1348,56,1292,20871
2026-04-08,Plasma One,0.0,0,0,0,0,203
2026-04-08,Phantom Cash,21417.93000000001,686,367,69,298,2497
2026-04-08,Ready,302943.46411499986,1978,1978,13,1965,12532
2026-04-08,RedotPay,14971202.222053941,18242,16147,1693,14454,844879
2026-04-08,SafePal,104866.0143222497,5809,2426,60,2366,37757
2026-04-08,Solayer,47624.82514199998,205,176,4,172,7801
2026-04-08,Solflare,36393.3321,346,1,0,1,1
2026-04-08,Tria,297003.72149099986,2535,2506,23,2483,14954
2026-04-08,Tuyo,25427.03,1,1,0,1,1
2026-04-09,Avalanche Card,61275.90999999999,663,663,38,625,15623
2026-04-09,Avici,83347.69000000005,653,651,17,634,6379
2026-04-09,BFinance,185151.81,7333,3113,39,3073,80477
2026-04-09,Bitget Wallet,128119.90577853002,13298,5720,154,5566,56087
2026-04-09,Bitget Wallet,38910.45499999999,198,0,0,0,1
2026-04-09,Bitget Wallet,36515.350000000006,3,1,0,1,1
2026-04-09,Cypher,339319.47182190686,534,355,32,323,22105
2026-04-09,EtherFi,2789261.397414987,34482,10936,208,10728,68169
2026-04-09,Exa,50381.2599999999,601,218,15,203,3297
2026-04-09,Gnosis,308754.5661408991,6838,2722,42,2680,30975
2026-04-09,Holyheld,86563.50508890861,80,49,4,45,4445
2026-04-09,Hyperbeat,5025.0300000000025,119,51,5,46,245
2026-04-09,Karta,856633.06,1,1,0,1,1
2026-04-09,KAST,5427908.995949884,7349,4784,733,4051,182784
2026-04-09,Kolo,375982.92,1,1,0,1,5
2026-04-09,MetaMask,176603.42575113894,3294,1370,42,1328,20913
2026-04-09,Plasma One,17244.199999999997,66,66,3,63,206
2026-04-09,Phantom Cash,19810.760000000017,506,294,61,233,2558
2026-04-09,Ready,266868.92366599996,2003,2003,17,1986,12549
2026-04-09,RedotPay,14205912.695785152,15849,14063,1376,12687,846255
2026-04-09,SafePal,92962.07514233021,5930,2473,69,2404,37826
2026-04-09,Solayer,40086.351248000006,231,182,5,177,7806
2026-04-09,Solflare,33544.706499999986,363,1,0,1,1
2026-04-09,Tria,341301.8800000001,1689,1670,18,1652,14972
2026-04-09,Tuyo,36310.58,1,1,0,1,1
2026-04-10,Avalanche Card,89805.45999999989,943,943,57,886,15680
2026-04-10,Avici,85655.63999999993,675,668,19,649,6398
2026-04-10,BFinance,186694.55,6919,3010,25,2984,80502
2026-04-10,Bitget Wallet,139743.45658631934,14360,5951,180,5771,56267
2026-04-10,Bitget Wallet,50781.46349999998,247,0,0,0,1
2026-04-10,Bitget Wallet,20073.6,6,1,0,1,1
2026-04-10,Cypher,409861.9602592687,506,331,48,283,22153
2026-04-10,EtherFi,2488415.119382021,35587,11382,265,11117,68434
2026-04-10,Exa,58212.06000000002,607,222,16,206,3313
2026-04-10,Gnosis,328185.59708568046,7125,2809,26,2783,31001
2026-04-10,Holyheld,178368.47724181297,109,72,5,67,4450
2026-04-10,Hyperbeat,14759.689999999997,135,52,5,47,250
2026-04-10,Karta,1012923.84,1,1,0,1,1
2026-04-10,KAST,5227593.960653909,7288,4748,672,4076,183456
2026-04-10,Kolo,230925.06,1,1,0,1,5
2026-04-10,MetaMask,196496.72705480873,3480,1367,58,1309,20971
2026-04-10,Plasma One,11766.429999999998,47,47,4,43,210
2026-04-10,Phantom Cash,19282.560000000012,585,328,73,255,2631
2026-04-10,Ready,243669.46230000022,1789,1789,10,1779,12559
2026-04-10,RedotPay,12970177.738080446,16151,14155,1506,12649,847761
2026-04-10,SafePal,108567.41158028012,6414,2480,41,2439,37867
2026-04-10,Solayer,37437.575691,205,168,6,162,7812
2026-04-10,Solflare,35400.186400000006,368,1,0,1,1
2026-04-10,Tria,838818.4700000006,3747,3680,66,3614,15038
2026-04-10,Tuyo,43822.1,1,1,0,1,1
2026-04-11,Avalanche Card,125031.19999999997,913,913,68,845,15748
2026-04-11,Avici,116350.90000000002,739,731,24,707,6422
2026-04-11,BFinance,170623.01,6648,2997,22,2975,80524
2026-04-11,Bitget Wallet,127505.68466448922,14340,5755,128,5627,56395
2026-04-11,Bitget Wallet,48405.852500000015,220,0,0,0,1
2026-04-11,Bitget Wallet,19838.1,6,1,0,1,1
2026-04-11,Cypher,262701.2004649632,422,300,28,272,22181
2026-04-11,EtherFi,1858133.3290920092,29835,10140,209,9931,68643
2026-04-11,Exa,33782.400000000016,557,206,7,199,3320
2026-04-11,Gnosis,339827.3344616906,7610,2825,24,2801,31025
2026-04-11,Holyheld,39524.046326462565,97,60,10,50,4460
2026-04-11,Hyperbeat,8956.859999999995,189,61,5,56,255
2026-04-11,Karta,1300151.43,1,1,0,1,1
2026-04-11,KAST,3436248.0979707134,6103,3899,460,3439,183916
2026-04-11,Kolo,365334.85,1,1,0,1,5
2026-04-11,MetaMask,156027.4423095505,3394,1375,64,1311,21035
2026-04-11,Plasma One,22422.250000000004,63,63,5,58,215
2026-04-11,Phantom Cash,22364.48000000002,672,306,52,254,2683
2026-04-11,Ready,264846.2197850004,2011,2011,19,1992,12578
2026-04-11,RedotPay,11649131.158985611,16244,13894,1273,12621,849034
2026-04-11,SafePal,100573.2272262494,6376,2476,50,2426,37917
2026-04-11,Solayer,40329.10365600003,204,170,0,170,7812
2026-04-11,Solflare,10102.974600000001,124,1,0,1,1
2026-04-11,Tria,377051.76999999984,3113,3079,45,3034,15083
2026-04-11,Tuyo,37817.4,1,1,0,1,1
2026-04-12,Avalanche Card,62125.11000000007,742,742,36,706,15784
2026-04-12,Avici,131227.42999999996,669,661,20,641,6442
2026-04-12,BFinance,136834.93,5960,2736,26,2710,80550
2026-04-12,Bitget Wallet,122955.5321368185,14091,5688,120,5568,56515
2026-04-12,Bitget Wallet,43166.97550000001,212,0,0,0,1
2026-04-12,Bitget Wallet,22246.449999999997,5,1,0,1,1
2026-04-12,Cypher,165042.5212862796,398,271,21,250,22202
2026-04-12,EtherFi,1502115.8160949966,26052,9331,191,9140,68834
2026-04-12,Exa,32250.990000000038,554,210,5,205,3325
2026-04-12,Gnosis,258799.47909789917,5582,2351,20,2331,31045
2026-04-12,Holyheld,51209.31251438512,59,32,2,30,4462
2026-04-12,Hyperbeat,7253.77,128,57,4,53,259
2026-04-12,Karta,892039.42,1,1,0,1,1
2026-04-12,KAST,3285479.4729025145,5589,3504,390,3114,184306
2026-04-12,Kolo,382995.57,1,1,0,1,5
2026-04-12,MetaMask,147297.64465154993,2818,1154,47,1107,21082
2026-04-12,Plasma One,17323.770000000004,52,52,5,47,220
2026-04-12,Phantom Cash,29583.990000000016,632,315,73,242,2756
2026-04-12,Ready,184382.60058699976,1850,1850,14,1836,12592
2026-04-12,RedotPay,10730753.738080665,14503,12996,1207,11789,850241
2026-04-12,SafePal,73610.45494257963,6046,2390,58,2332,37975
2026-04-12,Solayer,33071.47855400001,175,136,0,136,7812
2026-04-12,Solflare,13698.774900000006,187,1,0,1,1
2026-04-12,Tria,449845.0499999998,3056,3005,38,2967,15121
2026-04-12,Tuyo,44357.99,1,1,0,1,1
2026-04-13,Avalanche Card,67578.20999999998,964,964,55,909,15839
2026-04-13,Avici,128912.07000000008,743,731,25,706,6467
2026-04-13,BFinance,204030.69,6905,3088,40,3048,80590
2026-04-13,Bitget Wallet,119291.76439072994,13112,5712,141,5571,56656
2026-04-13,Bitget Wallet,29671.1644,206,0,0,0,1
2026-04-13,Bitget Wallet,20025.190000000002,6,1,0,1,1
2026-04-13,Cypher,259940.9147460462,457,304,23,281,22225
2026-04-13,EtherFi,2094908.333943997,26622,9723,203,9520,69037
2026-04-13,Exa,37061.71999999996,447,195,6,189,3331
2026-04-13,Gnosis,308805.80016179144,6094,2611,40,2571,31085
2026-04-13,Holyheld,72432.64275920004,90,47,1,46,4463
2026-04-13,Hyperbeat,8647.949999999993,130,49,1,48,260
2026-04-13,Karta,1143644.1,1,1,0,1,1
2026-04-13,KAST,4542552.276238693,6337,4034,464,3570,184770
2026-04-13,Kolo,287050.27,1,1,0,1,5
2026-04-13,MetaMask,135255.48870262134,2816,1238,42,1196,21124
2026-04-13,Plasma One,10877.98,63,63,4,59,224
2026-04-13,Phantom Cash,24460.800000000017,648,344,72,272,2828
2026-04-13,Ready,194417.45144999985,1939,1939,14,1925,12606
2026-04-13,RedotPay,13402810.585245324,16046,14018,1217,12801,851458
2026-04-13,SafePal,75370.50436793973,5555,2444,53,2391,38028
2026-04-13,Solayer,74117.56034699998,205,168,6,162,7818
2026-04-13,Solflare,22294.34009999999,342,1,0,1,1
2026-04-13,Tria,431104.37,2303,2258,27,2231,15148
2026-04-13,Tuyo,53334.6,1,1,0,1,1
2026-04-14,Avalanche Card,31658.30000000008,816,816,71,745,15910
2026-04-14,Avici,141695.02000000008,636,630,15,615,6482
2026-04-14,BFinance,218611.76,7094,3193,37,3156,80627
2026-04-14,Bitget Wallet,115724.86905892934,13462,5799,168,5631,56824
2026-04-14,Bitget Wallet,62184.49089999998,212,0,0,0,1
2026-04-14,Bitget Wallet,15707.489999999998,5,1,0,1,1
2026-04-14,Cypher,411036.2603175542,540,344,37,307,22262
2026-04-14,EtherFi,2248729.5407860135,27176,9927,199,9728,69236
2026-04-14,Exa,38830.58,508,215,17,198,3348
2026-04-14,Gnosis,324066.4773267988,6303,2695,33,2662,31118
2026-04-14,Holyheld,87512.67997227008,82,52,5,47,4468
2026-04-14,Hyperbeat,8912.08,134,53,4,49,264
2026-04-14,Karta,789654.56,1,1,0,1,1
2026-04-14,KAST,5529887.05562737,6198,3876,447,3429,185217
2026-04-14,Kolo,198558.39,1,1,0,1,5
2026-04-14,MetaMask,147403.95864561925,3176,1332,68,1264,21192
2026-04-14,Plasma One,9276.519999999997,58,58,2,56,226
2026-04-14,Phantom Cash,25796.750000000007,774,366,65,301,2893
2026-04-14,Ready,217529.86191800013,1990,1990,12,1978,12618
2026-04-14,RedotPay,17267235.838928808,17386,15337,1454,13883,852912
2026-04-14,SafePal,98662.39112853962,5693,2537,68,2469,38096
2026-04-14,Solayer,47426.926211999984,238,188,16,172,7834
2026-04-14,Solflare,25893.647699999994,362,1,0,1,1
2026-04-14,Tria,489810.0984000018,3590,3531,42,3489,15190
2026-04-14,Tuyo,34868.43,1,1,0,1,1
2026-04-15,Avalanche Card,37039.80000000011,818,818,63,755,15973
2026-04-15,Avici,111072.45999999999,637,635,16,619,6498
2026-04-15,BFinance,194565.98,6654,3018,45,2973,80672
2026-04-15,Bitget Wallet,123448.71824797009,13667,5819,132,5687,56956
2026-04-15,Bitget Wallet,56115.07500000001,235,0,0,0,1
2026-04-15,Bitget Wallet,18475.53,6,1,0,1,1
2026-04-15,Cypher,231531.19989674282,442,302,35,267,22297
2026-04-15,EtherFi,2409354.4443699997,27537,9978,178,9800,69414
2026-04-15,Exa,39920.990000000005,472,201,14,187,3362
2026-04-15,Gnosis,303010.9866858381,6475,2673,39,2634,31157
2026-04-15,Holyheld,160257.69176989442,92,54,3,51,4471
2026-04-15,Hyperbeat,7237.430000000003,132,56,1,55,265
2026-04-15,Karta,873653.84,1,1,0,1,1
2026-04-15,KAST,5816794.068454956,6518,3986,467,3519,185684
2026-04-15,Kolo,243328.52,1,1,0,1,5
2026-04-15,MetaMask,170172.06121131234,3473,1380,59,1321,21251
2026-04-15,Plasma One,4696.970000000001,45,45,5,40,231
2026-04-15,Phantom Cash,22319.950000000008,736,373,65,308,2958
2026-04-15,Ready,193294.78275100025,1943,1943,12,1931,12630
2026-04-15,RedotPay,19031876.414750434,18517,16547,2710,13837,855622
2026-04-15,SafePal,116453.95858236004,5713,2518,55,2463,38151
2026-04-15,Solayer,57706.24090399998,228,184,7,177,7841
2026-04-15,Solflare,26353.169600000016,346,1,0,1,1
2026-04-15,Tria,443943.57999999996,3169,3125,44,3081,15234
2026-04-15,Tuyo,41772.48,1,1,0,1,1
2026-04-16,Avalanche Card,36936.440000000075,846,846,47,799,16020
2026-04-16,Avici,100613.09000000004,679,675,13,662,6511
2026-04-16,BFinance,195479.07,6849,3100,47,3053,80719
2026-04-16,Bitget Wallet,120648.98881851927,13391,5815,157,5658,57113
2026-04-16,Bitget Wallet,46492.5835,261,0,0,0,1
2026-04-16,Bitget Wallet,42855.8,5,1,0,1,1
2026-04-16,Cypher,238080.53598061635,464,326,27,299,22324
2026-04-16,EtherFi,2168489.4629890006,28459,10007,166,9841,69580
2026-04-16,Exa,34243.529999999984,490,211,11,200,3373
2026-04-16,Gnosis,357490.34689467045,6986,2811,41,2770,31198
2026-04-16,Holyheld,136129.9791775853,107,63,6,57,4477
2026-04-16,Hyperbeat,5847.929999999996,160,52,1,51,266
2026-04-16,Karta,1040887.16,1,1,0,1,1
2026-04-16,KAST,5432085.921473228,6617,4062,487,3575,186171
2026-04-16,Kolo,251612.32,1,1,0,1,5
2026-04-16,MetaMask,159704.83644582497,2614,1181,46,1135,21297
2026-04-16,Plasma One,10968.040000000003,74,74,19,55,250
2026-04-16,Phantom Cash,17555.570000000003,656,341,63,278,3021
2026-04-16,Ready,252163.31052999958,1973,1973,5,1968,12635
2026-04-16,RedotPay,15506287.74847644,20510,18170,2628,15542,858250
2026-04-16,SafePal,83266.18667726978,5798,2572,56,2516,38207
2026-04-16,Solayer,43783.589746,257,210,8,202,7849
2026-04-16,Solflare,36816.3084,361,1,0,1,1
2026-04-16,Tria,407371.20999999944,3146,3095,38,3057,15272
2026-04-16,Tuyo,32575.1,1,1,0,1,1
2026-04-17,Avalanche Card,61284.250000000095,801,801,59,742,16079
2026-04-17,Avici,92803.88000000012,692,686,17,669,6528
2026-04-17,BFinance,173638.94,6612,3079,39,3040,80758
2026-04-17,Bitget Wallet,128105.68813917812,13984,5838,126,5712,57239
2026-04-17,Bitget Wallet,64301.45799999997,247,0,0,0,1
2026-04-17,Bitget Wallet,31043.46,6,1,0,1,1
2026-04-17,Cypher,387910.2266797228,517,351,30,321,22354
2026-04-17,EtherFi,2342920.197688009,29496,10348,216,10132,69796
2026-04-17,Exa,27707.820000000007,534,211,7,204,3380
2026-04-17,Gnosis,351412.10307700105,7552,2934,56,2878,31254
2026-04-17,Holyheld,232274.03187214423,104,56,6,50,4483
2026-04-17,Hyperbeat,10088.500000000002,161,54,1,53,267
2026-04-17,Karta,959307.16,1,1,0,1,1
2026-04-17,KAST,4951754.578016199,6601,4126,462,3664,186633
2026-04-17,Kolo,255314.15,1,1,0,1,5
2026-04-17,MetaMask,176439.48630902864,3604,1400,62,1338,21359
2026-04-17,Plasma One,21756.739999999998,80,80,19,61,269
2026-04-17,Phantom Cash,21652.729999999992,732,363,61,302,3082
2026-04-17,Ready,223077.21150000033,1786,1786,15,1771,12650
2026-04-17,RedotPay,14690520.893201515,18487,16318,2129,14189,860379
2026-04-17,SafePal,79659.02439484985,6112,2562,51,2511,38258
2026-04-17,Solayer,59905.33117399998,219,182,6,176,7855
2026-04-17,Solflare,25350.462499999976,307,1,0,1,1
2026-04-17,Tria,488481.45999999956,3245,3199,25,3174,15297
2026-04-17,Tuyo,39708.23,1,1,0,1,1
2026-04-18,Avalanche Card,47717.63999999999,798,798,51,747,16130
2026-04-18,Avici,81142.37000000004,668,662,23,639,6551
2026-04-18,BFinance,157210.81,5752,2613,24,2589,80782
2026-04-18,Bitget Wallet,138814.09522889875,14873,5914,158,5756,57397
2026-04-18,Bitget Wallet,74491.07880000002,258,0,0,0,1
2026-04-18,Bitget Wallet,25074.85,6,1,0,1,1
2026-04-18,Cypher,273055.52823241026,441,302,28,274,22382
2026-04-18,EtherFi,2090132.4529930095,31120,10485,208,10277,70004
2026-04-18,Exa,23100.249999999993,467,187,7,180,3387
2026-04-18,Gnosis,347197.69710843865,7560,2839,43,2796,31297
2026-04-18,Holyheld,31804.73725714263,75,48,1,47,4484
2026-04-18,Hyperbeat,7512.149999999999,183,63,3,60,270
2026-04-18,Karta,752836.44,1,1,0,1,1
2026-04-18,KAST,3943020.5911731897,6006,3647,379,3268,187012
2026-04-18,Kolo,298596.08,1,1,0,1,5
2026-04-18,MetaMask,183952.6352167034,3895,1443,64,1379,21423
2026-04-18,Plasma One,24802.87,118,118,46,72,315
2026-04-18,Phantom Cash,30180.980000000065,833,377,69,308,3151
2026-04-18,Ready,198949.44170599978,1852,1852,10,1842,12660
2026-04-18,RedotPay,11157448.268105477,15493,13669,1252,12417,861631
2026-04-18,SafePal,89492.82838075994,6161,2563,45,2518,38303
2026-04-18,Solayer,31331.001989,214,162,12,150,7867
2026-04-18,Solflare,27756.401500000004,358,1,0,1,1
2026-04-18,Tria,426297.8500000005,3116,3067,48,3019,15345
2026-04-18,Tuyo,29671.45,1,1,0,1,1
2026-04-19,Avalanche Card,60767.46000000016,853,853,56,797,16186
2026-04-19,Avici,93050.99999999997,646,639,22,617,6573
2026-04-19,BFinance,148562.73,5857,2743,26,2717,80808
2026-04-19,Bitget Wallet,122864.43649747809,14335,5735,136,5599,57533
2026-04-19,Bitget Wallet,29817.045000000002,192,0,0,0,1
2026-04-19,Bitget Wallet,19215.42,6,1,0,1,1
2026-04-19,Cypher,278008.3722646545,378,259,21,238,22403
2026-04-19,EtherFi,1560033.0539170129,27550,9710,192,9518,70196
2026-04-19,Exa,33856.45000000003,483,190,8,182,3395
2026-04-19,Gnosis,285522.9480585401,6002,2438,31,2407,31328
2026-04-19,Holyheld,53213.22028640626,69,44,2,42,4486
2026-04-19,Hyperbeat,4012.12,111,43,1,42,271
2026-04-19,Karta,1206210.31,1,1,0,1,1
2026-04-19,KAST,3947650.2091450086,5284,3241,345,2896,187357
2026-04-19,Kolo,360514.7,1,1,0,1,5
2026-04-19,MetaMask,154142.17607225734,2962,1212,46,1166,21469
2026-04-19,Plasma One,52530.51999999999,159,159,60,99,375
2026-04-19,Phantom Cash,23791.539999999994,748,372,57,315,3208
2026-04-19,Ready,259590.9877999995,2033,2033,16,2017,12676
2026-04-19,RedotPay,11645785.826003028,15790,14158,1552,12606,863183
2026-04-19,SafePal,83691.3359010293,6084,2470,51,2419,38354
2026-04-19,Solayer,33041.755583,174,139,6,133,7873
2026-04-19,Solflare,31515.395999999997,384,1,0,1,1
2026-04-19,Tria,579732.3600000003,3116,3067,38,3029,15383
2026-04-19,Tuyo,42756.67,1,1,0,1,1
2026-04-20,Avalanche Card,26947.440000000068,781,781,38,743,16224
2026-04-20,Avici,68334.99000000003,629,629,14,615,6587
2026-04-20,BFinance,181342.98,6937,3075,29,3045,80837
2026-04-20,Bitget Wallet,137686.8518655699,13585,5729,121,5608,57654
2026-04-20,Bitget Wallet,58802.07799999999,207,0,0,0,1
2026-04-20,Bitget Wallet,18816.699999999997,6,1,0,1,1
2026-04-20,Cypher,248945.8939316158,367,270,21,249,22424
2026-04-20,EtherFi,2373248.790686009,27870,10045,207,9838,70403
2026-04-20,Exa,35706.61999999999,468,209,11,198,3406
2026-04-20,Gnosis,328353.5672865494,6542,2741,38,2703,31366
2026-04-20,Holyheld,94524.63296641596,78,48,3,45,4489
2026-04-20,Hyperbeat,5538.840000000002,99,46,5,41,276
2026-04-20,Karta,750421.78,1,1,0,1,1
2026-04-20,KAST,4910519.1249499,6049,3815,413,3402,187770
2026-04-20,Kolo,387201.07,1,1,0,1,5
2026-04-20,MetaMask,153146.16569925865,3350,1331,55,1276,21524
2026-04-20,Plasma One,23211.54000000001,165,165,48,117,423
2026-04-20,Phantom Cash,26467.400000000012,722,363,67,296,3275
2026-04-20,Ready,231907.690054,1966,1966,5,1961,12681
2026-04-20,RedotPay,15434385.958463758,18843,16905,1779,15126,864962
2026-04-20,SafePal,78695.39490901005,5732,2493,41,2452,38395
2026-04-20,Solayer,65803.759296,231,185,5,180,7878
2026-04-20,Solflare,30390.158600000017,376,1,0,1,1
2026-04-20,Tria,354362.37999999966,2147,2119,18,2101,15401
2026-04-20,Tuyo,30224.19,1,1,0,1,1
2026-04-21,Avalanche Card,45023.19000000007,798,798,43,755,16267
2026-04-21,Avici,73522.86999999997,673,668,21,647,6608
2026-04-21,BFinance,169201.58,6667,3006,21,2985,80858
2026-04-21,Bitget Wallet,144211.79022861883,13309,5644,141,5503,57795
2026-04-21,Bitget Wallet,52939.8573,210,0,0,0,1
2026-04-21,Bitget Wallet,27410.74,6,1,0,1,1
2026-04-21,Cypher,274324.12655691593,411,279,28,251,22452
2026-04-21,EtherFi,3038357.768693029,27457,10122,237,9885,70640
2026-04-21,Exa,21800.92999999999,444,199,7,192,3413
2026-04-21,Gnosis,312657.0660778807,6543,2764,42,2722,31408
2026-04-21,Holyheld,204665.4797951016,101,62,6,56,4495
2026-04-21,Hyperbeat,7586.74,132,62,5,57,281
2026-04-21,Karta,771972.27,1,1,0,1,1
2026-04-21,KAST,4777391.776465909,6135,3810,489,3321,188259
2026-04-21,Kolo,182801.12,1,1,0,1,5
2026-04-21,MetaMask,173790.86884366063,3544,1376,46,1330,21570
2026-04-21,Plasma One,39084.810000000005,162,162,45,117,468
2026-04-21,Phantom Cash,25804.37000000002,759,406,75,331,3350
2026-04-21,Ready,244153.0570139999,1995,1995,7,1988,12688
2026-04-21,RedotPay,13938945.17330834,17553,15597,1414,14183,866376
2026-04-21,SafePal,73099.5434600999,5509,2420,63,2357,38458
2026-04-21,Solayer,86813.46075400001,235,188,6,182,7884
2026-04-21,Solflare,28316.960400000018,368,1,0,1,1
2026-04-21,Tria,528837.9299999998,3626,3578,50,3528,15451
2026-04-21,Tuyo,32298.08,1,1,0,1,1
2026-04-22,Avalanche Card,93058.31999999992,859,858,37,821,16304
2026-04-22,Avici,97714.49999999977,701,690,15,675,6623
2026-04-22,BFinance,180235.21,6684,2967,28,2939,80886
2026-04-22,Bitget Wallet,136823.1526581891,13493,5773,140,5633,57935
2026-04-22,Bitget Wallet,77744.4225,235,0,0,0,1
2026-04-22,Bitget Wallet,25887.77,5,1,0,1,1
2026-04-22,Cypher,407794.6928546117,427,306,27,279,22479
2026-04-22,EtherFi,2222893.2285320023,28314,10154,153,10001,70793
2026-04-22,Exa,48813.87999999996,512,217,10,207,3423
2026-04-22,Gnosis,339658.77221319784,6605,2717,34,2683,31442
2026-04-22,Holyheld,81937.2442536776,82,50,1,49,4496
2026-04-22,Hyperbeat,11044.449999999999,135,60,2,58,283
2026-04-22,Karta,1120789.53,1,1,0,1,1
2026-04-22,KAST,4542831.4636865435,6068,3837,399,3438,188658
2026-04-22,Kolo,481598.95,1,1,0,1,5
2026-04-22,MetaMask,199336.19561491447,3299,1410,44,1366,21614
2026-04-22,Plasma One,45247.57,210,210,44,166,512
2026-04-22,Phantom Cash,29375.779999999995,806,389,68,321,3418
2026-04-22,Ready,214703.69931000023,1901,1901,8,1893,12696
2026-04-22,RedotPay,13957681.606815822,17203,15352,1379,13973,867755
2026-04-22,SafePal,86319.98981231985,5676,2506,64,2442,38522
2026-04-22,Solayer,45764.894757999995,185,153,5,148,7889
2026-04-22,Solflare,50805.01160000008,510,1,0,1,1
2026-04-22,Tria,466919.1441490007,3325,3256,37,3219,15488
2026-04-22,Tuyo,42497.58,1,1,0,1,1
2026-04-23,Avalanche Card,26647.330000000045,776,776,39,737,16343
2026-04-23,Avici,135712.34000000003,662,657,19,638,6642
2026-04-23,BFinance,163558.72,6169,2835,31,2804,80917
2026-04-23,Bitget Wallet,123876.74432934879,13661,5803,140,5663,58075
2026-04-23,Bitget Wallet,43257.5475,205,0,0,0,1
2026-04-23,Bitget Wallet,21594.96,5,1,0,1,1
2026-04-23,Cypher,212457.3283384997,407,299,18,281,22497
2026-04-23,EtherFi,2301590.8924090136,28746,10328,220,10108,71013
2026-04-23,Exa,36597.27999999997,468,201,8,193,3431
2026-04-23,Gnosis,331822.05041710066,6793,2770,31,2739,31473
2026-04-23,Holyheld,138647.59995355,82,52,5,47,4501
2026-04-23,Hyperbeat,5443.080000000003,149,62,1,61,284
2026-04-23,Karta,940279.23,1,1,0,1,1
2026-04-23,KAST,5791107.074891826,6148,3909,463,3446,189121
2026-04-23,Kolo,249018.57,1,1,0,1,5
2026-04-23,MetaMask,162207.69761771674,3470,1443,53,1390,21667
2026-04-23,Plasma One,27567.739999999994,233,233,39,194,551
2026-04-23,Phantom Cash,28521.700000000004,849,407,59,348,3477
2026-04-23,Ready,236570.20628599942,1919,1919,8,1911,12704
2026-04-23,RedotPay,14733362.05450534,18567,16550,1529,15021,869284
2026-04-23,SafePal,80594.32504188012,5635,2526,44,2482,38566
2026-04-23,Solayer,48063.810785999995,223,182,6,176,7895
2026-04-23,Solflare,32208.78760000001,374,1,0,1,1
2026-04-23,Tria,565551.629999999,3174,3134,40,3094,15528
2026-04-23,Tuyo,44006.82,1,1,0,1,1
2026-04-24,Avalanche Card,56757.63000000006,776,776,34,742,16377
2026-04-24,Avici,131565.88000000003,658,648,20,628,6662
2026-04-24,BFinance,158988.42,6158,2817,26,2791,80943
2026-04-24,Bitget Wallet,119349.03771405901,14272,5942,153,5789,58228
2026-04-24,Bitget Wallet,70887.37449999998,243,0,0,0,1
2026-04-24,Bitget Wallet,24984.829999999998,6,1,0,1,1
2026-04-24,Cypher,246985.53879881144,447,291,19,272,22516
2026-04-24,EtherFi,2535033.774166025,30248,10582,222,10360,71235
2026-04-24,Exa,27092.640000000018,460,189,4,185,3435
2026-04-24,Gnosis,349261.8031473801,7611,2957,38,2919,31511
2026-04-24,Holyheld,112459.90650435774,95,47,4,43,4505
2026-04-24,Hyperbeat,10673.849999999995,145,58,3,55,287
2026-04-24,Karta,916878.2,1,1,0,1,1
2026-04-24,KAST,5742647.625909674,6499,4192,502,3690,189623
2026-04-24,Kolo,268472.95,1,1,0,1,5
2026-04-24,MetaMask,199239.25540485542,3828,1493,65,1428,21732
2026-04-24,Plasma One,21223.890039999987,215,213,35,178,586
2026-04-24,Phantom Cash,32309.930000000073,841,402,47,355,3524
2026-04-24,Ready,225515.91890000002,1982,1982,17,1965,12721
2026-04-24,RedotPay,14109207.342388997,16168,14445,1349,13096,870633
2026-04-24,SafePal,83647.11220981987,6042,2573,58,2515,38624
2026-04-24,Solayer,40414.77691299999,250,195,10,185,7905
2026-04-24,Solflare,29132.966700000023,369,1,0,1,1
2026-04-24,Tria,816349.6899999996,3111,3076,47,3029,15575
2026-04-24,Tuyo,46689.06,1,1,0,1,1
2026-04-25,Avalanche Card,38056.800000000025,818,818,52,766,16429
2026-04-25,Avici,130067.17000000009,701,691,28,663,6690
2026-04-25,BFinance,145889.64,5567,2552,22,2530,80965
2026-04-25,Bitget Wallet,124580.36758254249,15136,5942,133,5809,58361
2026-04-25,Bitget Wallet,56956.105,225,0,0,0,1
2026-04-25,Bitget Wallet,19236.78,5,1,0,1,1
2026-04-25,Cypher,272959.6524084318,472,336,18,318,22534
2026-04-25,EtherFi,2179823.670849008,31067,10436,191,10245,71426
2026-04-25,Exa,45361.2,506,203,6,197,3441
2026-04-25,Gnosis,332549.0332479993,7864,2895,47,2848,31558
2026-04-25,Holyheld,68573.15766545536,104,62,5,57,4510
2026-04-25,Hyperbeat,6624.199999999997,151,62,1,61,288
2026-04-25,Karta,852477.27,1,1,0,1,1
2026-04-25,KAST,3365752.7250320315,7216,4707,672,4035,190295
2026-04-25,Kolo,282183.4,1,1,0,1,5
2026-04-25,MetaMask,209331.81301091673,4211,1451,70,1381,21802
2026-04-25,Plasma One,31593.589999999997,268,268,59,209,645
2026-04-25,Phantom Cash,26994.01000000003,788,351,35,316,3559
2026-04-25,Ready,208480.62289999987,1924,1924,15,1909,12736
2026-04-25,RedotPay,12044614.442287784,17375,15561,1638,13923,872271
2026-04-25,SafePal,90008.99986844079,6526,2524,54,2470,38678
2026-04-25,Solayer,40056.37427399999,179,144,3,141,7908
2026-04-25,Solflare,26111.086200000016,339,1,0,1,1
2026-04-25,Tria,503116.98000000045,3232,3184,43,3141,15618
2026-04-25,Tuyo,51232.92,1,1,0,1,1
2026-04-26,Avalanche Card,32942.20000000006,782,782,34,748,16463
2026-04-26,Avici,108666.22999999997,687,683,20,663,6710
2026-04-26,BFinance,129402.69,4957,2298,19,2279,80984
2026-04-26,Bitget Wallet,118482.91636004204,14278,5746,135,5611,58496
2026-04-26,Bitget Wallet,57242.13249999998,225,0,0,0,1
2026-04-26,Bitget Wallet,21255.230000000003,5,1,0,1,1
2026-04-26,Cypher,360670.7671070284,454,306,35,271,22569
2026-04-26,EtherFi,1799135.941417994,28663,9986,187,9799,71613
2026-04-26,Exa,35213.94,475,186,3,183,3444
2026-04-26,Gnosis,255087.7307229998,5969,2486,26,2460,31584
2026-04-26,Holyheld,19109.72374533616,73,44,6,38,4516
2026-04-26,Hyperbeat,6333.68,132,59,2,57,290
2026-04-26,Karta,993017.75,1,1,0,1,1
2026-04-26,KAST,3102775.8731238022,6667,4275,571,3704,190866
2026-04-26,Kolo,279278.58,1,1,0,1,5
2026-04-26,MetaMask,153327.21380768376,3554,1339,55,1284,21857
2026-04-26,Plasma One,57466.28999999997,270,261,36,225,681
2026-04-26,Phantom Cash,24000.57000000001,763,358,45,313,3604
2026-04-26,Ready,190373.1199380002,1859,1859,12,1847,12748
2026-04-26,RedotPay,9642913.17663473,14271,12666,1119,11547,873390
2026-04-26,SafePal,81054.68521052072,6050,2552,43,2509,38721
2026-04-26,Solayer,36676.55646299999,194,157,4,153,7912
2026-04-26,Solflare,26246.004400000045,333,1,0,1,1
2026-04-26,Tria,516378.22999999986,3122,3081,46,3035,15664
2026-04-26,Tuyo,35517.25,1,1,0,1,1
2026-04-27,Avalanche Card,39716.58000000001,776,775,28,747,16491
2026-04-27,Avici,84665.89999999997,656,653,22,631,6732
2026-04-27,BFinance,164995.52,6457,2922,25,2896,81009
2026-04-27,Bitget Wallet,114598.85925883091,13591,5760,139,5621,58635
2026-04-27,Bitget Wallet,56177.15489999998,186,0,0,0,1
2026-04-27,Bitget Wallet,16186.33,6,1,0,1,1
2026-04-27,Cypher,216592.1841500768,397,288,31,257,22600
2026-04-27,EtherFi,2293904.378492022,28140,10240,238,10002,71851
2026-04-27,Exa,41040.290000000045,453,199,3,196,3447
2026-04-27,Gnosis,342066.8280344015,6726,2789,39,2750,31623
2026-04-27,Holyheld,144043.93659661763,113,76,15,61,4531
2026-04-27,Hyperbeat,4563.119999999997,123,53,6,47,296
2026-04-27,Karta,869093.68,1,1,0,1,1
2026-04-27,KAST,5095159.093339549,7934,5113,677,4436,191543
2026-04-27,Kolo,237823.31,1,1,0,1,5
2026-04-27,MetaMask,220156.4138335249,3827,1466,53,1413,21910
2026-04-27,Plasma One,32597.020019999996,272,272,33,239,714
2026-04-27,Phantom Cash,23552.10000000003,744,378,42,336,3646
2026-04-27,Ready,202106.28369599982,1925,1925,13,1912,12761
2026-04-27,RedotPay,17682652.43407535,19259,16980,1719,15261,875109
2026-04-27,SafePal,80158.61832947069,5884,2530,56,2474,38777
2026-04-27,Solayer,134495.710644,202,164,5,159,7917
2026-04-27,Solflare,19317.52570000002,339,1,0,1,1
2026-04-27,Tria,318625.8399999995,2245,2215,34,2181,15698
2026-04-27,Tuyo,47657.37,1,1,0,1,1
2026-04-28,Avalanche Card,32866.40000000003,752,752,42,710,16533
2026-04-28,Avici,123829.47999999994,690,683,21,662,6753
2026-04-28,BFinance,176492.07,6411,2732,20,2712,81029
2026-04-28,Bitget Wallet,110194.54252303003,13346,5777,153,5624,58788
2026-04-28,Bitget Wallet,65933.4074,186,0,0,0,1
2026-04-28,Bitget Wallet,28245.23,5,1,0,1,1
2026-04-28,Cypher,322439.6084994961,432,307,28,279,22628
2026-04-28,EtherFi,2437703.9032300217,28470,10239,223,10016,72074
2026-04-28,Exa,25066.550000000003,411,192,10,182,3457
2026-04-28,Gnosis,305162.5107891306,6740,2774,41,2733,31664
2026-04-28,Holyheld,113039.39470272211,110,60,9,51,4540
2026-04-28,Hyperbeat,6148.110000000002,126,62,5,57,301
2026-04-28,Karta,876027.35,1,1,0,1,1
2026-04-28,KAST,5385139.948425223,6340,3953,489,3464,192032
2026-04-28,Kolo,214769.47,1,1,0,1,5
2026-04-28,MetaMask,212307.9557883767,3749,1458,63,1395,21973
2026-04-28,Plasma One,41977.68002000001,208,208,28,180,742
2026-04-28,Phantom Cash,24540.440000000028,751,366,36,330,3682
2026-04-28,Ready,271846.72641199955,2024,2024,26,1998,12787
2026-04-28,RedotPay,14258738.302048516,17009,15150,1481,13669,876590
2026-04-28,SafePal,77032.41953591997,5546,2470,51,2419,38828
2026-04-28,Solayer,130556.205632,216,182,6,176,7923
2026-04-28,Solflare,34107.31349999998,333,1,0,1,1
2026-04-28,Tria,618344.0699999987,3790,3733,63,3670,15761
2026-04-28,Tuyo,38328.17,1,1,0,1,1
2026-04-29,Avalanche Card,28655.410000000044,762,762,44,718,16577
2026-04-29,Avici,122717.67999999988,710,703,22,681,6775
2026-04-29,BFinance,151591.6,5877,2618,25,2593,81054
2026-04-29,Bitget Wallet,119490.24114359972,13364,5758,181,5577,58969
2026-04-29,Bitget Wallet,43577.270000000004,203,0,0,0,1
2026-04-29,Bitget Wallet,35123.39,5,1,0,1,1
2026-04-29,Cypher,509027.77731428674,473,335,30,305,22658
2026-04-29,EtherFi,2424958.4386080173,28402,10276,228,10048,72302
2026-04-29,Exa,50274.43999999997,544,218,12,206,3469
2026-04-29,Gnosis,369836.6033763495,7037,2820,46,2774,31710
2026-04-29,Holyheld,117255.55521210945,104,60,6,54,4546
2026-04-29,Hyperbeat,6349.32,159,57,6,51,307
2026-04-29,Karta,1043442.93,1,1,0,1,1
2026-04-29,KAST,5648742.409055273,6208,3880,502,3378,192534
2026-04-29,Kolo,278689.48,1,1,0,1,5
2026-04-29,MetaMask,206196.35950822907,3471,1430,50,1380,22023
2026-04-29,Plasma One,49662.77,303,303,38,265,780
2026-04-29,Phantom Cash,27359.46000000002,680,338,43,295,3725
2026-04-29,Ready,257810.45766899947,2025,2025,12,2013,12799
2026-04-29,RedotPay,15337388.465458253,20877,18187,2112,16075,878702
2026-04-29,SafePal,80653.38168545021,5675,2493,62,2431,38890
2026-04-29,Solayer,420997.0856060001,212,170,5,165,7928
2026-04-29,Solflare,24122.130900000015,366,1,0,1,1
2026-04-29,Tria,515674.9474889994,3360,3319,46,3273,15807
2026-04-29,Tuyo,30430.33,1,1,0,1,1
2026-04-30,Avalanche Card,35725.92000000004,832,832,58,774,16635
2026-04-30,Avici,123881.51999999987,691,685,24,661,6799
2026-04-30,BFinance,178937.04,6201,2820,17,2803,81071
2026-04-30,Bitget Wallet,133382.2598076792,14498,5900,155,5745,59124
2026-04-30,Bitget Wallet,68531.80000000002,205,0,0,0,1
2026-04-30,Bitget Wallet,18038.22,5,1,0,1,1
2026-04-30,Cypher,378567.32847893506,509,357,44,313,22702
2026-04-30,EtherFi,2820569.944218039,30579,10717,250,10467,72552
2026-04-30,Exa,43673.84000000008,574,227,4,223,3473
2026-04-30,Gnosis,406793.0145265596,7748,2994,49,2945,31759
2026-04-30,Holyheld,477702.72154314327,132,71,15,56,4561
2026-04-30,Hyperbeat,6971.08,157,62,6,56,313
2026-04-30,Karta,1109442.45,1,1,0,1,1
2026-04-30,KAST,6475634.163660427,6880,4266,524,3742,193058
2026-04-30,Kolo,281576.07,1,1,0,1,5
2026-04-30,MetaMask,223168.84545994163,3903,1448,44,1404,22067
2026-04-30,Plasma One,63277.01001999999,295,295,34,261,814
2026-04-30,Phantom Cash,22499.810000000012,716,367,47,320,3772
2026-04-30,Ready,243977.96090000003,1957,1957,22,1935,12821
2026-04-30,RedotPay,17485190.608196907,22102,19726,3155,16571,881857
2026-04-30,SafePal,83720.25589059007,6093,2596,63,2533,38953
2026-04-30,Solayer,85364.82356399996,227,181,8,173,7936
2026-04-30,Solflare,27821.04940000002,364,1,0,1,1
2026-04-30,Tria,520729.42000000086,3310,3279,52,3227,15859
2026-04-30,Tuyo,31870.72,1,1,0,1,1
2026-05-01,Avalanche Card,42101.56000000005,803,803,34,769,16669
2026-05-01,Avici,100892.21999999991,662,661,15,646,6814
2026-05-01,BFinance,178735.38,5945,2870,23,2847,81094
2026-05-01,Bitget Wallet,170750.03641276056,15045,6186,158,6028,59282
2026-05-01,Bitget Wallet,50746.92749999999,276,0,0,0,1
2026-05-01,Bitget Wallet,22620.159999999996,6,1,0,1,1
2026-05-01,Cypher,338371.1602323234,468,309,42,267,22744
2026-05-01,EtherFi,2898933.0903110444,32167,10913,187,10726,72739
2026-05-01,Exa,35517.199999999975,526,218,8,210,3481
2026-05-01,Gnosis,341167.7893296003,7006,2736,37,2699,31796
2026-05-01,Holyheld,102987.23088825232,116,56,1,55,4562
2026-05-01,Hyperbeat,9884.59000000001,130,62,2,60,315
2026-05-01,Karta,1050354.67,1,1,0,1,1
2026-05-01,KAST,6129560.16280296,7559,5121,669,4452,193727
2026-05-01,Kolo,381365.47,1,1,0,1,5
2026-05-01,MetaMask,195572.91550564978,3747,1328,40,1288,22107
2026-05-01,Plasma One,160105.6400000001,296,296,20,276,834
2026-05-01,Phantom Cash,33052.28000000006,758,352,65,287,3837
2026-05-01,Ready,251180.23408399997,1746,1746,10,1736,12831
2026-05-01,RedotPay,16731620.753084455,20770,18241,2051,16190,883908
2026-05-01,SafePal,101306.28192639994,6591,2846,61,2785,39014
2026-05-01,Solayer,65862.97671799999,205,160,4,156,7940
2026-05-01,Solflare,23312.166200000014,340,1,0,1,1
2026-05-01,Tria,529591.7199999995,3317,3259,54,3205,15913
2026-05-01,Tuyo,43956.33,1,1,0,1,1
2026-05-02,Avalanche Card,71799.96000000012,887,887,45,842,16714
2026-05-02,Avici,123499.59000000003,712,708,20,688,6834
2026-05-02,BFinance,156186.25,5011,2421,13,2408,81107
2026-05-02,Bitget Wallet,155740.98634843246,14048,5637,181,5456,59463
2026-05-02,Bitget Wallet,56262.505,227,0,0,0,1
2026-05-02,Bitget Wallet,21831.59,6,1,0,1,1
2026-05-02,Cypher,319750.26279476326,414,296,41,255,22785
2026-05-02,EtherFi,2499527.4116979875,33191,11120,212,10908,72951
2026-05-02,Exa,38194.99000000001,611,211,5,206,3486
2026-05-02,Gnosis,373717.0209103643,8316,2949,35,2914,31831
2026-05-02,Holyheld,49571.01083662524,106,62,9,53,4571
2026-05-02,Hyperbeat,17402.190000000002,202,66,1,65,316
2026-05-02,Karta,1154564.24,1,1,0,1,1
2026-05-02,KAST,4530145.661854143,7269,4868,714,4154,194441
2026-05-02,Kolo,342999.93,1,1,0,1,5
2026-05-02,MetaMask,212865.2595627342,3993,1469,48,1421,22155
2026-05-02,Plasma One,98387.24999999996,304,304,33,271,867
2026-05-02,Phantom Cash,25524.35000000002,697,335,47,288,3884
2026-05-02,Ready,340811.8806999997,2142,2142,10,2132,12841
2026-05-02,RedotPay,12258646.96935865,17452,15296,1497,13799,885405
2026-05-02,SafePal,106122.41321390987,6058,2514,65,2449,39079
2026-05-02,Solayer,48704.83666999999,235,191,6,185,7946
2026-05-02,Solflare,32722.670700000013,395,1,0,1,1
2026-05-02,Tria,611032.3400000001,3389,3342,55,3287,15968
2026-05-02,Tuyo,43271.17,1,1,0,1,1
2026-05-03,Avalanche Card,47644.100000000064,773,773,46,727,16760
2026-05-03,Avici,116575.09999999999,671,664,22,642,6856
2026-05-03,BFinance,208038.52,4971,2303,21,2282,81128
2026-05-03,Bitget Wallet,139484.39895000117,14066,5689,150,5539,59613
2026-05-03,Bitget Wallet,46841.89000000001,191,0,0,0,1
2026-05-03,Bitget Wallet,26975.230000000003,6,1,0,1,1
2026-05-03,Cypher,195648.0817362487,397,272,22,250,22807
2026-05-03,EtherFi,1980947.9161729869,29032,10200,182,10018,73133
2026-05-03,Exa,37319.72000000001,544,184,3,181,3489
2026-05-03,Gnosis,298000.45744231914,6224,2506,37,2469,31868
2026-05-03,Holyheld,55462.305332232645,114,71,13,58,4584
2026-05-03,Hyperbeat,23092.340000000004,165,62,3,59,319
2026-05-03,Karta,903599.57,1,1,0,1,1
2026-05-03,KAST,3728427.673963691,6568,4437,541,3896,194982
2026-05-03,Kolo,325586.33,1,1,0,1,5
2026-05-03,MetaMask,170967.66346790304,3245,1302,31,1271,22186
2026-05-03,Plasma One,41439.32999999998,279,279,19,260,886
2026-05-03,Phantom Cash,31160.420000000027,745,354,56,298,3940
2026-05-03,Ready,188624.35925700035,1788,1788,10,1778,12851
2026-05-03,RedotPay,12022577.156714022,15894,13950,1112,12838,886517
2026-05-03,SafePal,93894.71891770029,5783,2380,44,2336,39123
2026-05-03,Solayer,40003.58470300003,207,164,0,164,7946
2026-05-03,Solflare,25397.402600000027,368,1,0,1,1
2026-05-03,Tria,652943.2499999995,3237,3194,44,3150,16012
2026-05-03,Tuyo,35700.7,1,1,0,1,1
2026-05-04,Avalanche Card,29830.600000000024,755,755,42,713,16802
2026-05-04,Avici,92098.84,665,660,21,639,6877
2026-05-04,BFinance,202447.2,6245,2792,20,2772,81148
2026-05-04,Bitget Wallet,128999.71892898141,14051,5688,162,5526,59775
2026-05-04,Bitget Wallet,77001.16249999999,218,0,0,0,1
2026-05-04,Bitget Wallet,24363.760000000002,6,1,0,1,1
2026-05-04,Cypher,604183.4816218644,488,334,40,294,22847
2026-05-04,EtherFi,2914167.660670026,29551,10639,249,10390,73382
2026-05-04,Exa,47831.439999999995,539,200,3,197,3492
2026-05-04,Gnosis,388019.1075571913,6911,2796,31,2765,31899
2026-05-04,Holyheld,188964.5430621672,109,73,9,64,4593
2026-05-04,Hyperbeat,12951.669999999998,161,57,2,55,321
2026-05-04,Karta,956353.03,1,1,0,1,1
2026-05-04,KAST,5673034.659900445,8009,5494,747,4747,195729
2026-05-04,Kolo,291234.26,1,1,0,1,5
2026-05-04,MetaMask,166778.85652610468,3254,1330,43,1287,22229
2026-05-04,Plasma One,50786.12002,274,274,31,243,917
2026-05-04,Phantom Cash,31127.630000000005,804,392,65,327,4005
2026-05-04,Ready,160312.27181300026,1646,1646,6,1640,12857
2026-05-04,RedotPay,15340034.576847464,18418,15950,1382,14568,887899
2026-05-04,SafePal,110931.53899190041,5946,2462,51,2411,39174
2026-05-04,Solayer,128224.93995399994,217,191,4,187,7950
2026-05-04,Solflare,21885.050700000025,321,1,0,1,1
2026-05-04,Tria,359981.9558359998,2397,2360,33,2327,16045
2026-05-04,Tuyo,45615.5,1,1,0,1,1
2026-05-05,Avalanche Card,28337.520000000073,622,622,26,596,16828
2026-05-05,Avici,103604.48000000005,634,629,8,621,6885
2026-05-05,BFinance,203858.09,5687,2716,16,2700,81164
2026-05-05,Bitget Wallet,150779.68401844226,14047,5778,196,5582,59971
2026-05-05,Bitget Wallet,52487.364999999976,236,0,0,0,1
2026-05-05,Bitget Wallet,35519.54,5,1,0,1,1
2026-05-05,Cypher,384316.8389696857,503,349,39,310,22886
2026-05-05,EtherFi,2851398.4336500363,29120,10679,266,10413,73648
2026-05-05,Exa,43250.670000000006,546,206,8,198,3500
2026-05-05,Gnosis,342426.35974874906,6860,2781,34,2747,31933
2026-05-05,Holyheld,383547.40641824534,148,80,16,64,4609
2026-05-05,Hyperbeat,7495.459999999999,191,80,6,74,327
2026-05-05,Karta,856724.45,1,1,0,1,1
2026-05-05,KAST,6118784.697344794,7885,5344,666,4678,196395
2026-05-05,Kolo,207831.09,1,1,0,1,5
2026-05-05,MetaMask,172173.69519168176,3467,1349,40,1309,22269
2026-05-05,Plasma One,55332.68000000002,301,301,27,274,944
2026-05-05,Phantom Cash,33668.25000000005,920,444,87,357,4092
2026-05-05,Ready,232311.7893219997,2002,2002,17,1985,12874
2026-05-05,RedotPay,14974309.81130536,19948,17163,1417,15746,889316
2026-05-05,SafePal,97323.96117216045,5863,2453,54,2399,39228
2026-05-05,Solayer,52635.624155,229,188,7,181,7957
2026-05-05,Solflare,31952.729200000016,386,1,0,1,1
2026-05-05,Tria,748481.3990489973,3702,3648,54,3594,16099
2026-05-05,Tuyo,32484.15,1,1,0,1,1
2026-05-06,Avalanche Card,40798.24000000005,604,603,33,570,16861
2026-05-06,Avici,102976.66000000008,552,550,13,537,6898
2026-05-06,BFinance,196135.16,5812,2689,14,2674,81178
2026-05-06,Bitget Wallet,141187.24026701986,13991,5990,224,5766,60195
2026-05-06,Bitget Wallet,54010.009999999995,247,0,0,0,1
2026-05-06,Bitget Wallet,25796.170000000002,6,1,0,1,1
2026-05-06,Cypher,330068.5064103323,543,363,54,309,22940
2026-05-06,EtherFi,2623534.2365150447,30911,10923,301,10622,73949
2026-05-06,Exa,49364.00000000004,514,226,9,217,3509
2026-05-06,Gnosis,325500.58020147734,7046,2780,41,2739,31974
2026-05-06,Holyheld,49781.232965681185,112,64,7,57,4616
2026-05-06,Hyperbeat,7109.970000000002,154,67,1,66,328
2026-05-06,Karta,1007190.63,1,1,0,1,1
2026-05-06,KAST,6384918.570012585,6929,4396,542,3854,196937
2026-05-06,Kolo,159405.52,1,1,0,1,5
2026-05-06,MetaMask,211424.12388594617,3432,1370,59,1311,22328
2026-05-06,Plasma One,39607.69004,250,248,22,226,966
2026-05-06,Phantom Cash,35846.83000000001,852,428,66,362,4158
2026-05-06,Ready,172624.5353499999,1660,1660,9,1651,12883
2026-05-06,RedotPay,17100879.127760436,20013,17377,1580,15797,890896
2026-05-06,SafePal,95296.42715554975,5905,2561,68,2493,39296
2026-05-06,Solayer,59257.562588999994,223,186,3,183,7960
2026-05-06,Solflare,25070.31070000001,322,1,0,1,1
2026-05-06,Tria,509303.5500000008,3252,3199,47,3152,16146
2026-05-06,Tuyo,35033.4,1,1,0,1,1
2026-05-07,Avalanche Card,46301.01000000008,744,744,26,718,16887
2026-05-07,Avici,164734.09000000017,797,790,34,756,6932
2026-05-07,BFinance,154243.79,5693,2698,12,2686,81190
2026-05-07,Bitget Wallet,138939.88639826022,14081,6003,228,5775,60423
2026-05-07,Bitget Wallet,67231.55999999998,226,0,0,0,1
2026-05-07,Bitget Wallet,16652.16,6,1,0,1,1
2026-05-07,Cypher,357992.3906651227,447,322,38,284,22978
2026-05-07,EtherFi,2691569.3132549827,30334,10763,268,10495,74217
2026-05-07,Exa,51828.269999999975,542,230,9,221,3518
2026-05-07,Gnosis,353405.0880682293,7392,2916,59,2857,32033
2026-05-07,Holyheld,76409.15908953625,104,59,7,52,4623
2026-05-07,Hyperbeat,10765.540000000005,182,66,3,63,331
2026-05-07,Karta,1590936.9,1,1,0,1,1
2026-05-07,KAST,5784630.023406893,7428,5015,612,4403,197549
2026-05-07,Kolo,434302.55,1,1,0,1,5
2026-05-07,MetaMask,191686.5089488592,3434,1331,39,1292,22367
2026-05-07,Plasma One,150010.07000000015,398,398,47,351,1013
2026-05-07,Phantom Cash,40427.480000000054,835,403,64,339,4222
2026-05-07,Ready,202230.4217000002,1913,1913,16,1897,12899
2026-05-07,RedotPay,16062288.4149316,20284,17220,1324,15896,892220
2026-05-07,SafePal,98041.71219741,5701,2514,63,2451,39359
2026-05-07,Solayer,43998.74216300001,208,167,10,157,7970
2026-05-07,Solflare,34178.27040000001,356,1,0,1,1
2026-05-07,Tria,555114.5299999996,3439,3380,59,3321,16205
2026-05-07,Tuyo,71781.55,1,1,0,1,1
2026-05-08,Avalanche Card,21659.130000000045,465,465,23,442,16910
2026-05-08,Avici,51877.17,441,412,16,396,6948
2026-05-08,BFinance,150121.65,5212,2419,14,2405,81204
2026-05-08,Bitget Wallet,143318.67860645725,13454,5879,220,5659,60643
2026-05-08,Bitget Wallet,61073.29749999996,234,0,0,0,1
2026-05-08,Bitget Wallet,25339.17,6,1,0,1,1
2026-05-08,Cypher,304925.41813035007,453,315,50,265,23028
2026-05-08,EtherFi,2743998.6640820024,32292,11200,266,10934,74483
2026-05-08,Exa,44265.57000000001,508,217,8,209,3526
2026-05-08,Gnosis,339604.62793747894,7592,2982,37,2945,32070
2026-05-08,Holyheld,207268.35500390784,89,55,7,48,4630
2026-05-08,Hyperbeat,17620.710000000003,178,69,3,66,334
2026-05-08,Karta,667630.68,1,1,0,1,1
2026-05-08,KAST,8000235.970668583,8104,5332,757,4575,198306
2026-05-08,Kolo,253701.31,1,1,0,1,5
2026-05-08,MetaMask,185356.08219808503,3608,1426,44,1382,22411
2026-05-08,Plasma One,37280.1,184,184,17,167,1030
2026-05-08,Phantom Cash,41463.420000000064,889,442,82,360,4304
2026-05-08,Ready,193363.11255100023,1782,1782,13,1769,12912
2026-05-08,RedotPay,14560183.000014765,19765,17209,3078,14131,895298
2026-05-08,SafePal,100959.72774662865,5821,2563,75,2488,39434
2026-05-08,Solayer,30249.634941999997,189,164,4,160,7974
2026-05-08,Solflare,30739.994300000006,374,1,0,1,1
2026-05-08,Tria,444725.3399999998,2990,2920,54,2866,16259
2026-05-08,Tuyo,37619.6,1,1,0,1,1
2026-05-09,Avalanche Card,84739.75999999994,811,810,46,764,16956
2026-05-09,Avici,104924.25000000009,572,537,9,528,6957
2026-05-09,BFinance,115721.77,4879,2268,21,2247,81225
2026-05-09,Bitget Wallet,145095.45335107108,14309,6133,255,5878,60898
2026-05-09,Bitget Wallet,58602.78499999998,268,0,0,0,1
2026-05-09,Bitget Wallet,42744.12,6,1,0,1,1
2026-05-09,Cypher,265254.0447844895,396,273,11,262,23039
2026-05-09,EtherFi,2296177.9556579962,33733,11251,224,11027,74707
2026-05-09,Exa,31297.11000000001,525,206,9,197,3535
2026-05-09,Gnosis,359679.64303340024,8066,2961,40,2921,32110
2026-05-09,Holyheld,48490.973415167275,90,51,4,47,4634
2026-05-09,Hyperbeat,32882.320000000014,194,71,2,69,336
2026-05-09,Karta,1796665.96,1,1,0,1,1
2026-05-09,KAST,5626311.662034474,7371,4963,643,4320,198949
2026-05-09,Kolo,408067.94,1,1,0,1,5
2026-05-09,MetaMask,203704.62239932595,3772,1411,47,1364,22458
2026-05-09,Plasma One,104669.92999999995,433,433,62,371,1092
2026-05-09,Phantom Cash,44320.049999999996,961,451,80,371,4384
2026-05-09,Ready,172945.72484299992,1671,1671,12,1659,12924
2026-05-09,RedotPay,11640255.00048805,17011,14910,1248,13662,896546
2026-05-09,SafePal,84928.83361465967,6050,2610,75,2535,39509
2026-05-09,Solayer,73886.06751300003,218,171,2,169,7976
2026-05-09,Solflare,32547.781399999996,361,1,0,1,1
2026-05-09,Tria,523399.3600000002,3316,3214,42,3172,16301
2026-05-09,Tuyo,57519.59,1,1,0,1,1
2026-05-10,Avalanche Card,63303.390000000036,703,703,37,666,16993
2026-05-10,Avici,51305.56000000002,363,347,9,338,6966
2026-05-10,BFinance,131501.07,4632,2294,17,2277,81242
2026-05-10,Bitget Wallet,154554.17486452096,15535,6355,334,6021,61232
2026-05-10,Bitget Wallet,62681.47750000001,247,0,0,0,1
2026-05-10,Bitget Wallet,20985.63,6,1,0,1,1
2026-05-10,Cypher,169970.03148726214,386,262,31,231,23070
2026-05-10,EtherFi,1960767.6630599725,29119,10504,180,10324,74887
2026-05-10,Exa,35128.02999999997,513,199,9,190,3544
2026-05-10,Gnosis,274644.6697181911,6222,2546,49,2497,32159
2026-05-10,Holyheld,42293.29736667302,72,43,7,36,4641
2026-05-10,Hyperbeat,17231.999999999996,145,62,2,60,338
2026-05-10,Karta,1234242.55,1,1,0,1,1
2026-05-10,KAST,4060031.6989462487,6449,4164,559,3605,199508
2026-05-10,Kolo,373370.77,1,1,0,1,5
2026-05-10,MetaMask,144902.47737027408,2999,1215,41,1174,22499
2026-05-10,Plasma One,103148.22999999997,469,469,89,380,1181
2026-05-10,Phantom Cash,37462.82000000004,994,446,68,378,4452
2026-05-10,Ready,140264.1485370001,1608,1608,15,1593,12939
2026-05-10,RedotPay,11216739.068004435,15890,13867,804,13063,897350
2026-05-10,SafePal,93353.16809870026,6361,2781,136,2645,39645
2026-05-10,Solayer,50758.868027000004,222,177,10,167,7986
2026-05-10,Solflare,23003.91,329,1,0,1,1
2026-05-10,Tria,374871.32999999943,2956,2895,38,2857,16339
2026-05-10,Tuyo,56959.35,1,1,0,1,1
2026-05-11,Avalanche Card,49448.82,670,663,25,638,17018
2026-05-11,Avici,64057.929999999964,371,361,9,352,6975
2026-05-11,BFinance,150137.95,5152,2483,17,2466,81259
2026-05-11,Bitget Wallet,139778.08648023935,14288,6256,302,5954,61534
2026-05-11,Bitget Wallet,40985.950000000004,234,0,0,0,1
2026-05-11,Bitget Wallet,20160.530000000002,6,1,0,1,1
2026-05-11,Cypher,347341.81526633387,435,304,42,262,23112
2026-05-11,EtherFi,3036457.7544459836,30023,10901,217,10684,75104
2026-05-11,Exa,40898.43000000004,462,213,10,203,3554
2026-05-11,Gnosis,364948.8099759796,6764,2820,33,2787,32192
2026-05-11,Holyheld,248940.4967061186,93,54,6,48,4647
2026-05-11,Hyperbeat,8459.070000000002,126,55,1,54,339
2026-05-11,Karta,848296.4,2,1,0,1,1
2026-05-11,KAST,6750336.70134703,6940,4250,546,3704,200054
2026-05-11,Kolo,319624.27,1,1,0,1,5
2026-05-11,MetaMask,150688.64817357573,2823,1145,32,1113,22531
2026-05-11,Plasma One,82444.05999999991,441,441,60,381,1241
2026-05-11,Phantom Cash,36700.68000000001,994,463,85,378,4537
2026-05-11,Ready,160173.81575300024,1782,1782,27,1755,12966
2026-05-11,RedotPay,16436836.368075889,23026,20046,3980,16066,901330
2026-05-11,SafePal,92293.1238400502,5941,2703,113,2590,39758
2026-05-11,Solayer,67142.12583800002,271,208,3,205,7989
2026-05-11,Solflare,31772.4594,374,1,0,1,1
2026-05-11,Tria,881836.3099999996,2205,2146,22,2124,16361
2026-05-11,Tuyo,51555.08,1,1,0,1,1
2026-05-12,Avalanche Card,45898.77000000002,627,627,32,595,17050
2026-05-12,Avici,295786.5600000004,1024,1016,58,958,7033
2026-05-12,BFinance,186878.14,5639,2697,18,2679,81277
2026-05-12,Bitget Wallet,138713.8007975001,14233,6189,295,5894,61829
2026-05-12,Bitget Wallet,45683.789999999986,242,0,0,0,1
2026-05-12,Bitget Wallet,21855.440000000002,6,1,0,1,1
2026-05-12,Cypher,282638.2887967882,416,283,31,252,23143
2026-05-12,EtherFi,2740178.532053016,30487,10897,231,10666,75335
2026-05-12,Exa,24766.290000000023,490,215,6,209,3560
2026-05-12,Gnosis,334211.10774304013,6759,2825,33,2792,32225
2026-05-12,Holyheld,124044.2779659792,88,51,6,45,4653
2026-05-12,Hyperbeat,9003.93,155,61,1,60,340
2026-05-12,Karta,867378.29,1,1,0,1,1
2026-05-12,KAST,5575052.17353731,6608,4022,465,3557,200519
2026-05-12,Kolo,227935.69,1,1,0,1,5
2026-05-12,MetaMask,104939.21298276886,2326,970,38,932,22569
2026-05-12,Plasma One,86373.34001999997,377,377,42,335,1283
2026-05-12,Phantom Cash,33501.82000000007,911,477,88,389,4625
2026-05-12,Ready,186817.02019999945,1570,1570,20,1550,12986
2026-05-12,RedotPay,16774207.58404017,19014,16606,1878,14728,903208
2026-05-12,SafePal,88964.23031306977,5859,2613,88,2525,39846
2026-05-12,Solayer,36572.08376200001,182,163,4,159,7993
2026-05-12,Solflare,27535.863800000006,363,1,0,1,1
2026-05-12,Tria,1241184.0216770004,3908,3852,86,3766,16447
2026-05-12,Tuyo,66950.66,1,1,0,1,1
2026-05-13,Avalanche Card,40577.420000000006,680,680,36,644,17086
2026-05-13,Avici,111198.71,705,701,15,686,7048
2026-05-13,BFinance,181867.54,5359,2576,19,2556,81296
2026-05-13,Bitget Wallet,135967.16098267972,14173,6091,227,5864,62056
2026-05-13,Bitget Wallet,74703.44999999997,262,0,0,0,1
2026-05-13,Bitget Wallet,22751.06,6,1,0,1,1
2026-05-13,Cypher,217759.15826277356,411,271,29,242,23172
2026-05-13,EtherFi,3368357.639827999,30893,11006,239,10767,75574
2026-05-13,Exa,26767.870000000028,424,190,4,186,3564
2026-05-13,Gnosis,351239.85639228893,7110,2905,41,2864,32266
2026-05-13,Holyheld,309849.5523994583,114,72,11,61,4664
2026-05-13,Hyperbeat,12542.909999999994,159,57,1,56,341
2026-05-13,Karta,650930.72,1,1,0,1,1
2026-05-13,KAST,6319158.601308638,6407,4008,475,3533,200994
2026-05-13,Kolo,371190.3,1,1,0,1,5
2026-05-13,MetaMask,132265.88830411615,2419,1012,47,965,22616
2026-05-13,Plasma One,101146.94001999995,437,437,31,406,1314
2026-05-13,Phantom Cash,43580.11999999996,978,482,70,412,4695
2026-05-13,Ready,192967.2840999997,1808,1808,34,1774,13020
2026-05-13,RedotPay,14780120.84725155,18665,16153,1431,14722,904639
2026-05-13,SafePal,87394.82909171004,5900,2594,76,2518,39922
2026-05-13,Solayer,52084.95902300001,196,162,3,159,7996
2026-05-13,Solflare,36079.69080000001,378,1,0,1,1
2026-05-13,Tria,586738.1299999986,3352,3296,45,3251,16492
2026-05-13,Tuyo,87251.07,1,1,0,1,1
2026-05-14,Avalanche Card,77666.8999999999,688,688,44,644,17130
2026-05-14,Avici,139256.90000000005,690,686,20,666,7068
2026-05-14,BFinance,169818.46,5391,2530,13,2516,81309
2026-05-14,Bitget Wallet,124659.48529463886,14309,6054,253,5801,62309
2026-05-14,Bitget Wallet,71233.36000000002,233,0,0,0,1
2026-05-14,Bitget Wallet,24008.87,6,1,0,1,1
2026-05-14,Cypher,348677.37981253874,477,328,47,281,23219
2026-05-14,EtherFi,2522228.636647979,31102,10969,247,10722,75821
2026-05-14,Exa,38990.68,451,211,5,206,3569
2026-05-14,Gnosis,297932.99721347855,6447,2709,30,2679,32296
2026-05-14,Holyheld,234472.3928401507,126,80,23,57,4687
2026-05-14,Hyperbeat,10738.089999999995,164,63,3,60,344
2026-05-14,Karta,765476.29,1,1,0,1,1
2026-05-14,KAST,5854169.368127213,6450,4040,508,3532,201502
2026-05-14,Kolo,265183.44,1,1,0,1,5
2026-05-14,MetaMask,113408.61569670938,2500,1000,47,953,22663
2026-05-14,Plasma One,144387.85,500,500,39,461,1353
2026-05-14,Phantom Cash,30593.990000000034,928,463,67,396,4762
2026-05-14,Ready,167945.38000000047,1691,1691,13,1678,13033
2026-05-14,RedotPay,16095200.906454246,20494,17884,1873,16011,906512
2026-05-14,SafePal,109525.54211728984,5418,2482,68,2414,39990
2026-05-14,Solayer,33686.50630900001,216,178,11,167,8007
2026-05-14,Solflare,32953.68209999999,386,1,0,1,1
2026-05-14,Tria,548320.9918869998,3385,3327,49,3278,16541
2026-05-14,Tuyo,79608.99,1,1,0,1,1
2026-05-15,Avalanche Card,89095.09000000003,659,659,31,628,17161
2026-05-15,Avici,103907.66999999998,707,703,15,688,7083
2026-05-15,BFinance,168225.44,5453,2519,13,2506,81322
2026-05-15,Bitget Wallet,149639.75029806964,14785,6135,291,5844,62600
2026-05-15,Bitget Wallet,40752.34000000002,217,0,0,0,1
2026-05-15,Bitget Wallet,25278.570000000003,6,1,0,1,1
2026-05-15,Cypher,467953.5370254076,434,307,25,282,23244
2026-05-15,EtherFi,2869301.216418999,33233,11377,254,11123,76075
2026-05-15,Exa,48817.75000000001,471,197,3,194,3572
2026-05-15,Gnosis,342886.00250410027,7595,2954,36,2918,32332
2026-05-15,Holyheld,162738.53166671528,159,59,12,47,4699
2026-05-15,Hyperbeat,8234.290000000003,178,71,16,55,360
2026-05-15,Karta,1167479.77,1,1,0,1,1
2026-05-15,KAST,6923637.507823436,6931,4256,507,3749,202009
2026-05-15,Kolo,281823.36,1,1,0,1,5
2026-05-15,MetaMask,115929.02025604666,2735,1100,55,1045,22718
2026-05-15,Plasma One,99302.14002000006,417,417,36,381,1389
2026-05-15,Phantom Cash,34327.16,923,454,60,394,4822
2026-05-15,Ready,181815.99630600007,1682,1682,18,1664,13051
2026-05-15,RedotPay,16619148.821044749,19931,17048,1639,15409,908151
2026-05-15,SafePal,95731.10927523012,6113,2597,67,2530,40057
2026-05-15,Solayer,33576.34355600001,193,157,10,147,8017
2026-05-15,Solflare,32814.819199999976,360,1,0,1,1
2026-05-15,Tria,632300.2600000001,3451,3395,53,3342,16594
2026-05-15,Tuyo,85179.1,1,1,0,1,1
2026-05-16,Avalanche Card,57907.64,664,664,31,633,17192
2026-05-16,Avici,170326.84000000003,705,702,9,693,7092
2026-05-16,BFinance,123657.83,4383,2132,14,2117,81336
2026-05-16,Bitget Wallet,134008.83938384923,15296,6163,238,5925,62838
2026-05-16,Bitget Wallet,45580.38499999999,225,0,0,0,1
2026-05-16,Bitget Wallet,30786.33,6,1,0,1,1
2026-05-16,Cypher,210317.67691678685,395,270,15,255,23259
2026-05-16,EtherFi,2308594.565806987,34538,11444,219,11225,76294
2026-05-16,Exa,30649.750000000044,480,174,6,168,3578
2026-05-16,Gnosis,341854.50719650043,8123,2938,42,2896,32374
2026-05-16,Holyheld,22806.4163555721,89,53,14,39,4713
2026-05-16,Hyperbeat,15776.350000000008,180,66,3,63,363
2026-05-16,Karta,1210932.3,1,1,0,1,1
2026-05-16,KAST,4531238.525153334,6066,3717,417,3300,202426
2026-05-16,Kolo,369956.88,1,1,0,1,5
2026-05-16,MetaMask,128730.25358668377,2649,1066,41,1025,22759
2026-05-16,Plasma One,118373.30000000006,521,521,62,459,1451
2026-05-16,Phantom Cash,34359.62000000008,953,445,60,385,4882
2026-05-16,Ready,181791.32012099994,1574,1574,15,1559,13066
2026-05-16,RedotPay,12476510.76358126,16988,14604,1357,13247,909508
2026-05-16,SafePal,83754.3433385999,6266,2567,60,2507,40117
2026-05-16,Solayer,36136.631249000005,188,143,5,138,8022
2026-05-16,Solflare,29433.216899999985,369,1,0,1,1
2026-05-16,Tria,1186119.5199999996,3550,3469,48,3421,16642
2026-05-16,Tuyo,70238.4,1,1,0,1,1
2026-05-17,Avalanche Card,50914.23000000003,686,686,48,638,17240
2026-05-17,Avici,127165.09999999992,705,701,18,683,7110
2026-05-17,BFinance,128378.01,4318,2158,16,2142,81352
2026-05-17,Bitget Wallet,121586.92060574952,14308,5961,225,5736,63063
2026-05-17,Bitget Wallet,44315.15999999999,208,0,0,0,1
2026-05-17,Bitget Wallet,26788.069999999996,6,1,0,1,1
2026-05-17,Cypher,238122.28494367164,365,248,11,237,23270
2026-05-17,EtherFi,1814363.8102309878,30392,10607,162,10445,76456
2026-05-17,Exa,34914.77000000001,438,191,5,186,3583
2026-05-17,Gnosis,257563.7098359999,6130,2519,19,2500,32393
2026-05-17,Holyheld,81409.62712271736,112,58,13,45,4726
2026-05-17,Hyperbeat,4025.5800000000013,126,56,5,51,368
2026-05-17,Karta,1176344.11,1,1,0,1,1
2026-05-17,KAST,3349160.874393695,5365,3274,372,2902,202798
2026-05-17,Kolo,321060.01,1,1,0,1,5
2026-05-17,MetaMask,97981.2565902369,2020,924,21,903,22780
2026-05-17,Plasma One,86870.47999999998,586,586,89,497,1540
2026-05-17,Phantom Cash,30302.039999999983,899,437,58,379,4940
2026-05-17,Ready,168928.88045100018,1523,1523,8,1515,13074
2026-05-17,RedotPay,11163059.482054902,16523,14526,1611,12915,911119
2026-05-17,SafePal,79006.32706869007,5746,2445,74,2371,40191
2026-05-17,Solayer,25855.414625999987,185,146,2,144,8024
2026-05-17,Solflare,23935.91830000001,339,1,0,1,1
2026-05-17,Tria,824378.785567,3662,3560,44,3516,16686
2026-05-17,Tuyo,79890.33,1,1,0,1,1
2026-05-18,Avalanche Card,43727.640000000036,604,604,38,566,17278
2026-05-18,Avici,133240.46000000005,645,641,15,626,7125
2026-05-18,BFinance,156713.65,5169,2469,17,2452,81369
2026-05-18,Bitget Wallet,140756.5085065098,13630,6055,229,5826,63292
2026-05-18,Bitget Wallet,35801.09,220,0,0,0,1
2026-05-18,Bitget Wallet,23262.61,6,1,0,1,1
2026-05-18,Cypher,299373.11472005886,381,274,21,253,23291
2026-05-18,EtherFi,3718221.685888021,30981,11016,208,10808,76664
2026-05-18,Exa,31202.54000000001,393,173,6,167,3589
2026-05-18,Gnosis,319194.7380672001,6615,2768,33,2735,32426
2026-05-18,Holyheld,274022.8778703756,147,74,10,64,4736
2026-05-18,Hyperbeat,10073.499999999993,138,59,1,58,369
2026-05-18,Karta,804343.04,1,1,0,1,1
2026-05-18,KAST,6045493.530737811,6363,3907,475,3432,203273
2026-05-18,Kolo,297645.08,1,1,0,1,5
2026-05-18,MetaMask,125568.08206306396,2364,1048,35,1013,22815
2026-05-18,Plasma One,122908.16002000004,549,549,58,491,1598
2026-05-18,Phantom Cash,34024.5,906,462,64,398,5004
2026-05-18,Ready,206764.91629999963,1689,1689,15,1674,13089
2026-05-18,RedotPay,14811161.64562743,19446,16874,1665,15209,912784
2026-05-18,SafePal,98328.58104204011,5515,2464,76,2388,40267
2026-05-18,Solayer,34698.706337,196,169,2,167,8026
2026-05-18,Solflare,28428.71140000002,378,1,0,1,1
2026-05-18,Tria,471533.4200000003,2575,2514,41,2473,16727
2026-05-18,Tuyo,57368.09,1,1,0,1,1
2026-05-19,Avalanche Card,44073.10000000005,625,625,28,597,17306
2026-05-19,Avici,188086.33999999997,698,694,17,677,7142
2026-05-19,BFinance,155875.06,4549,2273,20,2253,81389
2026-05-19,Bitget Wallet,132212.5761853301,13467,5958,244,5714,63536
2026-05-19,Bitget Wallet,73277.15,217,0,0,0,1
2026-05-19,Bitget Wallet,20616.879999999997,6,1,0,1,1
2026-05-19,Cypher,274209.065999405,387,258,8,250,23299
2026-05-19,EtherFi,2892509.777639017,30982,10961,231,10730,76895
2026-05-19,Exa,38271.47999999996,454,181,8,173,3597
2026-05-19,Gnosis,302663.23746264033,6585,2747,32,2715,32458
2026-05-19,Holyheld,268115.3451635793,258,97,28,69,4764
2026-05-19,Hyperbeat,11912.719999999992,205,65,2,63,371
2026-05-19,Karta,1052834.44,1,1,0,1,1
2026-05-19,KAST,6936242.819775167,6425,3942,475,3467,203748
2026-05-19,Kolo,290805.24,1,1,0,1,5
2026-05-19,MetaMask,133777.1397046521,2376,1042,36,1006,22851
2026-05-19,Plasma One,77450.59002000008,462,462,44,418,1642
2026-05-19,Phantom Cash,35038.780000000115,1016,466,77,389,5081
2026-05-19,Ready,179413.45725600005,1479,1479,6,1473,13095
2026-05-19,RedotPay,16500353.72880236,22169,18720,2524,16196,915308
2026-05-19,SafePal,82513.35910116007,5474,2497,67,2430,40334
2026-05-19,Solayer,36130.808034,214,169,8,161,8034
2026-05-19,Solflare,23901.105600000006,355,1,0,1,1
2026-05-19,Tria,705685.2699999986,4271,4142,61,4081,16788
2026-05-19,Tuyo,64325.36,1,1,0,1,1
2026-05-20,Avalanche Card,79997.78999999989,667,667,34,633,17340
2026-05-20,Avici,176865.5200000002,723,720,18,702,7160
2026-05-20,BFinance,169760.34,5177,2515,21,2494,81410
2026-05-20,Bitget Wallet,135842.693708651,13962,6042,216,5826,63752
2026-05-20,Bitget Wallet,66284.13999999998,249,0,0,0,1
2026-05-20,Bitget Wallet,34029.03999999999,6,1,0,1,1
2026-05-20,Cypher,323624.8176475695,506,304,22,282,23321
2026-05-20,EtherFi,2783733.6142440243,31627,11123,202,10921,77097
2026-05-20,Exa,29735.520000000004,457,210,5,205,3602
2026-05-20,Gnosis,304220.70208860026,6907,2775,27,2748,32485
2026-05-20,Holyheld,197208.3591701092,152,75,18,57,4782
2026-05-20,Hyperbeat,7264.839999999999,192,66,4,62,375
2026-05-20,Karta,1347644.18,1,1,0,1,1
2026-05-20,KAST,7949738.864013172,6837,4149,503,3646,204251
2026-05-20,Kolo,258357.39,1,1,0,1,5
2026-05-20,MetaMask,134981.44080952136,2501,1047,46,1001,22897
2026-05-20,Plasma One,170596.58000000016,590,590,40,550,1682
2026-05-20,Phantom Cash,34973.96999999999,1031,505,74,431,5155
2026-05-20,Ready,172496.7873060001,1561,1561,21,1540,13116
2026-05-20,RedotPay,16032650.51620234,20630,17689,1654,16035,916962
2026-05-20,SafePal,82633.00151016033,5519,2455,61,2394,40395
2026-05-20,Solayer,34774.738086,205,165,7,158,8041
2026-05-20,Solflare,41895.30199999998,400,1,0,1,1
2026-05-20,Tria,649531.7971290002,3741,3655,55,3600,16843
2026-05-20,Tuyo,91318.81,1,1,0,1,1
2026-05-21,Avalanche Card,42412.690000000024,682,682,31,651,17371
2026-05-21,Avici,142493.1700000003,718,714,20,694,7180
2026-05-21,BFinance,173115.48,5128,2469,6,2463,81416
2026-05-21,Bitget Wallet,125808.50460157948,13790,5978,237,5741,63989
2026-05-21,Bitget Wallet,38655.042499999996,225,0,0,0,1
2026-05-21,Bitget Wallet,33822.67,6,1,0,1,1
2026-05-21,Cypher,375550.26842442394,524,323,35,288,23356
2026-05-21,EtherFi,2646658.9955890127,32017,11152,205,10947,77302
2026-05-21,Exa,53461.909999999974,437,186,6,180,3608
2026-05-21,Gnosis,289593.43933892046,7159,2811,31,2780,32516
2026-05-21,Holyheld,162217.994247881,99,63,15,48,4797
2026-05-21,Hyperbeat,24833.65000000001,204,86,6,80,381
2026-05-21,Karta,1163572.54,1,1,0,1,1
2026-05-21,KAST,5767705.134753254,7716,5043,781,4262,205032
2026-05-21,Kolo,456000.7,1,1,0,1,5
2026-05-21,MetaMask,150210.3781786638,2645,1108,34,1074,22931
2026-05-21,Plasma One,164081.40000000014,651,651,60,591,1742
2026-05-21,Phantom Cash,36623.03000000003,1002,469,77,392,5232
2026-05-21,Ready,194880.743491,1702,1702,13,1689,13129
2026-05-21,RedotPay,15293103.384620108,19957,16966,1961,15005,918923
2026-05-21,SafePal,82274.45578942,5569,2515,54,2461,40449
2026-05-21,Solayer,35573.86522100001,204,174,16,158,8057
2026-05-21,Solflare,37659.07430000001,386,1,0,1,1
2026-05-21,Tria,1159879.0153899982,3594,3518,48,3470,16891
2026-05-21,Tuyo,74537.51,1,1,0,1,1
2026-05-22,Avalanche Card,65073.55000000007,623,623,34,589,17405
2026-05-22,Avici,129219.30999999998,664,660,19,641,7199
2026-05-22,BFinance,149379.63,4689,2286,15,2271,81431
2026-05-22,Bitget Wallet,133760.11342033927,14153,6098,251,5847,64240
2026-05-22,Bitget Wallet,80653.34000000001,225,0,0,0,1
2026-05-22,Bitget Wallet,31196.43,6,1,0,1,1
2026-05-22,Cypher,243590.16197727114,432,294,34,260,23390
2026-05-22,EtherFi,2454646.240761013,30536,11019,224,10795,77526
2026-05-22,Exa,63411.22000000004,547,217,11,206,3619
2026-05-22,Gnosis,346569.2685989401,7882,2982,39,2943,32555
2026-05-22,Holyheld,50258.06462297188,120,72,9,63,4806
2026-05-22,Hyperbeat,15106.469999999987,222,80,2,78,383
2026-05-22,Karta,1218832.04,1,1,0,1,1
2026-05-22,KAST,5715471.89919606,7756,5086,687,4399,205719
2026-05-22,Kolo,308565.21,1,1,0,1,5
2026-05-22,MetaMask,124427.15192037489,2816,1127,36,1091,22967
2026-05-22,Plasma One,124110.36001,671,671,57,614,1799
2026-05-22,Phantom Cash,40429.459999999985,957,467,60,407,5292
2026-05-22,Ready,162482.02770000015,1597,1597,16,1581,13145
2026-05-22,RedotPay,15040141.352566771,23258,20156,3314,16842,922237
2026-05-22,SafePal,77560.96706943969,5944,2490,80,2410,40529
2026-05-22,Solayer,46466.29078099998,219,176,6,170,8063
2026-05-22,Solflare,26766.789100000035,379,1,0,1,1
2026-05-22,Tria,753482.4295520004,3592,3510,45,3465,16936
2026-05-22,Tuyo,84620.95,1,1,0,1,1
2026-05-23,Avalanche Card,62028.36000000001,629,629,26,603,17431
2026-05-23,Avici,523562.52999999974,672,667,13,654,7212
2026-05-23,BFinance,115061.09,4201,2088,12,2076,81443
2026-05-23,Bitget Wallet,135086.29067539913,14713,6069,219,5850,64459
2026-05-23,Bitget Wallet,827.94,12,0,0,0,1
2026-05-23,Bitget Wallet,38561.6,6,1,0,1,1
2026-05-23,Cypher,474011.59515058226,413,292,41,251,23431
2026-05-23,EtherFi,2258011.9368240363,34627,11382,209,11173,77735
2026-05-23,Exa,35897.370000000024,535,202,7,195,3626
2026-05-23,Gnosis,331059.7367444973,8255,2920,34,2886,32589
2026-05-23,Holyheld,25060.72688249586,88,47,11,36,4817
2026-05-23,Hyperbeat,10412.419999999993,237,89,1,88,384
2026-05-23,Karta,1131556.03,1,1,0,1,1
2026-05-23,KAST,4741785.600279633,7573,4912,688,4224,206407
2026-05-23,Kolo,400883.29,1,1,0,1,5
2026-05-23,MetaMask,126518.43753008603,2861,1119,31,1088,22998
2026-05-23,Plasma One,101553.92000000003,626,626,47,579,1846
2026-05-23,Phantom Cash,38792.87000000001,1065,459,45,414,5337
2026-05-23,Ready,133445.03353700004,1510,1510,9,1501,13154
2026-05-23,RedotPay,11064057.484661529,15870,13150,986,12164,923223
2026-05-23,SafePal,94202.00988183994,6222,2553,53,2500,40582
2026-05-23,Solayer,34531.30321499999,189,153,2,151,8065
2026-05-23,Solflare,23891.751999999997,352,1,0,1,1
2026-05-23,Tria,831858.8732839973,3617,3547,45,3502,16981
2026-05-23,Tuyo,70311.07,1,1,0,1,1
2026-05-24,Avalanche Card,61734.85,679,679,43,636,17474
2026-05-24,Avici,127995.87999999996,715,707,23,684,7235
2026-05-24,BFinance,151907.45,4070,1974,4,1970,81447
2026-05-24,Bitget Wallet,129507.50621116895,14473,5983,205,5778,64664
2026-05-24,Bitget Wallet,0.0,0,0,0,0,1
2026-05-24,Bitget Wallet,24363.94,6,1,0,1,1
2026-05-24,Cypher,213838.01362510878,428,273,37,236,23468
2026-05-24,EtherFi,1960517.0943479948,31150,10725,193,10532,77928
2026-05-24,Exa,41620.080000000016,486,196,7,189,3633
2026-05-24,Gnosis,260698.55810133953,6228,2510,20,2490,32609
2026-05-24,Holyheld,29970.71125726925,76,39,5,34,4822
2026-05-24,Hyperbeat,11724.669999999998,176,77,4,73,388
2026-05-24,Karta,1339405.9,1,1,0,1,1
2026-05-24,KAST,3309757.5824533897,6660,4415,631,3784,207038
2026-05-24,Kolo,342057.83,1,1,0,1,5
2026-05-24,MetaMask,116294.36817472654,2240,950,29,921,23027
2026-05-24,Plasma One,128981.56999999998,566,566,55,511,1901
2026-05-24,Phantom Cash,41482.70000000005,1056,499,99,400,5436
2026-05-24,Ready,125166.16473000014,1412,1412,6,1406,13160
2026-05-24,RedotPay,11277178.412485296,15348,12609,1025,11584,924248
2026-05-24,SafePal,83054.88259967999,5872,2447,59,2388,40641
2026-05-24,Solayer,39014.452938000024,193,157,7,150,8072
2026-05-24,Solflare,25879.687400000024,349,1,0,1,1
2026-05-24,Tria,847240.52,3548,3472,62,3410,17043
2026-05-24,Tuyo,86481.8,1,1,0,1,1
2026-05-25,Avalanche Card,54995.39,613,613,40,573,17514
2026-05-25,Avici,145288.06999999992,686,682,18,664,7253
2026-05-25,BFinance,163120.77,4934,2406,6,2400,81453
2026-05-25,Bitget Wallet,133854.8207901797,14006,6167,223,5944,64887
2026-05-25,Bitget Wallet,0.0,0,0,0,0,1
2026-05-25,Bitget Wallet,24310.7,6,1,0,1,1
2026-05-25,Cypher,336844.6040645228,424,269,18,251,23486
2026-05-25,EtherFi,2455552.472851028,30825,10956,193,10763,78121
2026-05-25,Exa,39337.15999999998,502,204,9,195,3642
2026-05-25,Gnosis,303715.7945427611,6304,2601,36,2565,32645
2026-05-25,Holyheld,230021.72365520603,103,53,4,49,4826
2026-05-25,Hyperbeat,16279.6,205,77,5,72,393
2026-05-25,Karta,1233676.18,1,1,0,1,1
2026-05-25,KAST,5574225.854085682,6445,4116,526,3590,207564
2026-05-25,Kolo,275643.68,1,1,0,1,5
2026-05-25,MetaMask,105579.66006233967,2413,1041,29,1012,23056
2026-05-25,Plasma One,101412.3400000002,743,743,79,664,1980
2026-05-25,Phantom Cash,40889.39999999996,1038,480,69,411,5505
2026-05-25,Ready,151525.95239999995,1524,1524,5,1519,13165
2026-05-25,RedotPay,15095940.768932944,19385,15821,1581,14240,925829
2026-05-25,SafePal,78719.60712495993,5580,2391,72,2319,40713
2026-05-25,Solayer,78627.43005199997,215,173,4,169,8076
2026-05-25,Solflare,23028.967999999964,380,1,0,1,1
2026-05-25,Tria,691753.9700000002,2514,2467,33,2434,17076
2026-05-25,Tuyo,79215.23,1,1,0,1,1
2026-05-26,Avalanche Card,38600.73,589,589,40,549,17554
2026-05-26,Avici,78864.77000000005,605,598,17,581,7270
2026-05-26,BFinance,152273.26,4993,2391,14,2378,81467
2026-05-26,Bitget Wallet,144206.89061022038,14260,6343,237,6106,65124
2026-05-26,Bitget Wallet,0.0,0,0,0,0,1
2026-05-26,Bitget Wallet,23215.24,6,1,0,1,1
2026-05-26,Cypher,279107.31618263747,375,246,16,230,23502
2026-05-26,EtherFi,2559701.6682350086,32310,11242,198,11044,78319
2026-05-26,Exa,69088.43000000004,519,197,11,186,3653
2026-05-26,Gnosis,379200.5707917241,7268,2907,41,2866,32686
2026-05-26,Holyheld,183749.86367991142,119,55,4,51,4830
2026-05-26,Hyperbeat,8213.939999999995,184,75,1,74,394
2026-05-26,Karta,906024.72,1,1,0,1,1
2026-05-26,KAST,8790068.556304125,6383,3944,483,3461,208047
2026-05-26,Kolo,201956.38,1,1,0,1,5
2026-05-26,MetaMask,129763.953284511,2554,1086,38,1048,23094
2026-05-26,Plasma One,108458.38999999991,675,675,65,610,2045
2026-05-26,Phantom Cash,40359.94000000005,1093,524,69,455,5574
2026-05-26,Ready,195131.44290399994,1580,1580,10,1570,13175
2026-05-26,RedotPay,14786915.246909374,20158,17363,2758,14605,928587
2026-05-26,SafePal,71502.40849577008,5508,2441,83,2358,40796
2026-05-26,Solayer,47907.01747299998,240,193,2,191,8078
2026-05-26,Solflare,41466.183400000016,389,1,0,1,1
2026-05-26,Tria,828649.5100000026,4035,3939,77,3862,17153
2026-05-26,Tuyo,55064.73,1,1,0,1,1
2026-05-27,Avalanche Card,38067.31999999995,621,621,34,587,17588
2026-05-27,Avici,116411.51999999997,741,735,13,722,7283
2026-05-27,BFinance,167208.59,4838,2306,5,2301,81472
2026-05-27,Bitget Wallet,129158.8193415405,14534,6457,247,6210,65371
2026-05-27,Bitget Wallet,0.0,0,0,0,0,1
2026-05-27,Bitget Wallet,47664.869999999995,6,1,0,1,1
2026-05-27,Cypher,296644.1118084828,385,266,13,253,23515
2026-05-27,EtherFi,2334298.08847501,32323,11334,191,11143,78510
2026-05-27,Exa,47903.68000000002,556,226,17,209,3670
2026-05-27,Gnosis,311151.1792786186,6974,2820,33,2787,32719
2026-05-27,Holyheld,61957.95084375032,77,37,1,36,4831
2026-05-27,Hyperbeat,9474.91,175,75,2,73,396
2026-05-27,Karta,1129630.05,1,1,0,1,1
2026-05-27,KAST,5561570.216288745,5614,3616,442,3174,208489
2026-05-27,Kolo,364487.32,1,1,0,1,5
2026-05-27,MetaMask,106874.81500314262,2459,1062,42,1020,23136
2026-05-27,Plasma One,140278.25999999992,633,633,48,585,2093
2026-05-27,Phantom Cash,36212.25000000005,1127,497,61,436,5635
2026-05-27,Ready,188055.9179479999,1523,1523,14,1509,13189
2026-05-27,RedotPay,13218847.453410655,15639,13629,1238,12391,929825
2026-05-27,SafePal,85473.15439302012,5873,2620,98,2522,40894
2026-05-27,Solayer,106636.69175899998,209,154,4,150,8082
2026-05-27,Solflare,34855.2187,379,1,0,1,1
2026-05-27,Tria,791280.269999999,3905,3813,51,3762,17204
2026-05-27,Tuyo,78886.43,1,1,0,1,1
2026-05-28,Avalanche Card,53352.32,536,536,32,504,17620
2026-05-28,Avici,95280.82000000004,668,661,18,643,7301
2026-05-28,BFinance,160950.95,4699,2262,7,2255,81479
2026-05-28,Bitget Wallet,145125.167660422,14384,6318,228,6090,65599
2026-05-28,Bitget Wallet,0.0,0,0,0,0,1
2026-05-28,Bitget Wallet,27648.79,6,1,0,1,1
2026-05-28,Cypher,331923.58704860817,357,257,20,237,23535
2026-05-28,EtherFi,2777151.565259046,32104,11295,210,11085,78720
2026-05-28,Exa,50091.18999999996,564,226,15,211,3685
2026-05-28,Gnosis,323355.0367838994,7069,2787,31,2756,32750
2026-05-28,Holyheld,177474.43726346572,113,61,4,57,4835
2026-05-28,Hyperbeat,7695.240000000001,198,74,1,73,397
2026-05-28,Karta,1183696.81,1,1,0,1,1
2026-05-28,KAST,5305273.459349672,5938,3686,402,3284,208891
2026-05-28,Kolo,329444.58,1,1,0,1,5
2026-05-28,MetaMask,101124.52558933011,2437,1064,43,1021,23179
2026-05-28,Plasma One,138848.51000000004,822,822,67,755,2160
2026-05-28,Phantom Cash,37929.630000000034,1082,518,67,451,5702
2026-05-28,Ready,139521.3884399999,1522,1522,12,1510,13201
2026-05-28,RedotPay,12566140.18385747,16881,14271,1596,12675,931421
2026-05-28,SafePal,84530.61250686027,5951,2513,74,2439,40968
2026-05-28,Solayer,41130.011486999974,224,168,6,162,8088
2026-05-28,Solflare,34775.02230000001,368,1,0,1,1
2026-05-28,Tria,795459.3225480008,3639,3564,46,3518,17250
2026-05-28,Tuyo,62002.16,1,1,0,1,1
2026-05-29,Avalanche Card,46562.83000000002,525,525,35,490,17655
2026-05-29,Avici,86285.90000000004,618,613,14,599,7315
2026-05-29,BFinance,149183.47,4586,2162,6,2155,81485
2026-05-29,Bitget Wallet,145962.1611560706,15249,6457,261,6196,65860
2026-05-29,Bitget Wallet,0.0,0,0,0,0,1
2026-05-29,Bitget Wallet,23946.089999999997,6,1,0,1,1
2026-05-29,Cypher,289520.6906652447,360,282,31,251,23566
2026-05-29,EtherFi,2565473.47423002,32949,11383,234,11149,78954
2026-05-29,Exa,52575.52000000002,566,224,10,214,3695
2026-05-29,Gnosis,383510.6408590879,7848,2949,47,2902,32797
2026-05-29,Holyheld,136676.16721392615,107,51,4,47,4839
2026-05-29,Hyperbeat,13197.660000000009,207,81,3,78,400
2026-05-29,Karta,1133342.21,1,1,0,1,1
2026-05-29,KAST,5635362.928813731,6292,3902,501,3401,209392
2026-05-29,Kolo,476976.4,1,1,0,1,5
2026-05-29,MetaMask,142887.13107173672,2616,1133,41,1092,23220
2026-05-29,Plasma One,162990.49000000017,879,879,99,780,2259
2026-05-29,Phantom Cash,41446.799999999996,1066,520,77,443,5779
2026-05-29,Ready,173269.88738300002,1512,1512,9,1503,13210
2026-05-29,RedotPay,14435146.35505559,19229,16042,1544,14498,932965
2026-05-29,SafePal,93440.38793824977,5965,2571,96,2475,41064
2026-05-29,Solayer,46783.58448699999,211,168,8,160,8096
2026-05-29,Solflare,37925.99610000002,372,1,0,1,1
2026-05-29,Tria,826569.250501002,3663,3588,49,3539,17299
2026-05-29,Tuyo,56779.58,1,1,0,1,1
2026-05-30,Avalanche Card,56706.75000000003,528,528,25,503,17680
2026-05-30,Avici,99656.93000000011,659,655,18,637,7333
2026-05-30,BFinance,105662.36,3892,1796,5,1791,81490
2026-05-30,Bitget Wallet,140722.59410595108,15682,6430,261,6169,66121
2026-05-30,Bitget Wallet,0.0,0,0,0,0,1
2026-05-30,Bitget Wallet,38821.159999999996,6,1,0,1,1
2026-05-30,Cypher,200638.85175730113,333,261,22,239,23588
2026-05-30,EtherFi,2804096.4259900167,33868,11370,209,11161,79163
2026-05-30,Exa,39031.11000000002,659,207,15,192,3710
2026-05-30,Gnosis,350630.5862722492,8026,2943,36,2907,32833
2026-05-30,Holyheld,37512.551216897,90,48,3,45,4842
2026-05-30,Hyperbeat,10542.520000000006,242,93,10,83,410
2026-05-30,Karta,1366689.05,1,1,0,1,1
2026-05-30,KAST,4067409.4242378506,6016,3659,377,3282,209769
2026-05-30,Kolo,826102.68,1,1,0,1,5
2026-05-30,MetaMask,126408.11533410837,2672,1064,39,1025,23259
2026-05-30,Plasma One,169425.11,965,965,153,812,2412
2026-05-30,Phantom Cash,40722.440000000104,1147,498,60,438,5839
2026-05-30,Ready,129772.09880000002,1445,1445,8,1437,13218
2026-05-30,RedotPay,17786426.87228599,16882,14156,1377,12779,934342
2026-05-30,SafePal,78470.31567374994,6285,2558,89,2469,41153
2026-05-30,Solayer,51130.28646000002,207,155,3,152,8099
2026-05-30,Solflare,31498.011800000004,372,1,0,1,1
2026-05-30,Tria,1028048.2683009984,3654,3583,45,3538,17344
2026-05-30,Tuyo,83227.4,1,1,0,1,1
2026-05-31,Avalanche Card,38713.910000000025,572,572,31,541,17711
2026-05-31,Avici,147798.4400000001,691,685,10,675,7343
2026-05-31,BFinance,106289.58,4081,1824,11,1813,81501
2026-05-31,Bitget Wallet,145104.16539159088,15094,6230,239,5991,66360
2026-05-31,Bitget Wallet,0.0,0,0,0,0,1
2026-05-31,Bitget Wallet,30177.64,6,1,0,1,1
2026-05-31,Cypher,209425.31382825854,315,250,25,225,23613
2026-05-31,EtherFi,2073835.029061998,30372,10615,201,10414,79364
2026-05-31,Exa,37411.64,657,227,13,214,3723
2026-05-31,Gnosis,290710.0302625607,6185,2424,29,2395,32862
2026-05-31,Holyheld,48993.614010143945,71,47,8,39,4850
2026-05-31,Hyperbeat,8403.669999999993,178,65,3,62,413
2026-05-31,Karta,1399933.45,1,1,0,1,1
2026-05-31,KAST,3942195.3575864634,5559,3384,403,2981,210172
2026-05-31,Kolo,371948.66,1,1,0,1,5
2026-05-31,MetaMask,98245.7009496217,2197,938,26,912,23285
2026-05-31,Plasma One,141997.8899999998,1115,1115,242,873,2654
2026-05-31,Phantom Cash,39422.11,1028,465,63,402,5902
2026-05-31,Ready,127108.86498899994,1365,1365,6,1359,13224
2026-05-31,RedotPay,11233023.662293322,16243,13809,1330,12479,935672
2026-05-31,SafePal,71839.76490221979,5687,2332,62,2270,41215
2026-05-31,Solayer,25707.557710000005,157,125,2,123,8101
2026-05-31,Solflare,23778.9607,345,1,0,1,1
2026-05-31,Tria,1321574.4000000034,3614,3538,47,3491,17391
2026-05-31,Tuyo,67744.05,1,1,0,1,1
2026-06-01,Avalanche Card,29338.780000000006,597,597,37,560,17748
2026-06-01,Avici,113314.24999999988,633,630,10,620,7353
2026-06-01,BFinance,175105.01,5243,2710,6,2704,81507
2026-06-01,Bitget Wallet,168303.12351204964,15705,6884,233,6651,66593
2026-06-01,Bitget Wallet,0.0,0,0,0,0,1
2026-06-01,Bitget Wallet,28670.190000000002,6,1,0,1,1
2026-06-01,Cypher,402771.6213498387,417,311,31,280,23644
2026-06-01,EtherFi,3935536.1056950395,33957,11895,271,11624,79635
2026-06-01,Exa,51283.33000000004,615,261,10,251,3733
2026-06-01,Gnosis,112783.5545800399,1794,1142,10,1132,32872
2026-06-01,Holyheld,216198.14808348456,129,61,8,53,4858
2026-06-01,Hyperbeat,16630.640000000003,221,85,2,83,415
2026-06-01,Karta,1181356.23,1,1,0,1,1
2026-06-01,KAST,8382148.707591651,7276,4422,527,3895,210699
2026-06-01,Kolo,364267.5,1,1,0,1,5
2026-06-01,MetaMask,158618.88464835656,2482,1103,26,1077,23311
2026-06-01,Plasma One,231763.95999999988,875,875,135,740,2789
2026-06-01,Phantom Cash,37670.13000000001,1043,516,85,431,5987
2026-06-01,Ready,131023.14956900013,1308,1308,8,1300,13232
2026-06-01,RedotPay,18189519.7187172,22833,18689,1448,17241,937120
2026-06-01,SafePal,93099.3724513399,6385,2931,82,2849,41297
2026-06-01,Solayer,54354.99814000001,205,167,1,166,8102
2026-06-01,Solflare,20266.887099999996,320,1,0,1,1
2026-06-01,Tria,730217.3299999989,2565,2517,30,2487,17421
2026-06-01,Tuyo,62470.81,1,1,0,1,1
2026-06-02,Avalanche Card,64215.04000000002,541,541,32,509,17780
2026-06-02,Avici,66180.05000000002,569,565,10,555,7363
2026-06-02,BFinance,166704.65,4845,2392,8,2384,81515
2026-06-02,Bitget Wallet,149351.71832888963,15219,6660,253,6407,66846
2026-06-02,Bitget Wallet,0.0,0,0,0,0,1
2026-06-02,Bitget Wallet,28214.010000000002,6,1,0,1,1
2026-06-02,Cypher,355656.8936530733,365,263,28,235,23672
2026-06-02,EtherFi,3225237.438680023,33301,11642,260,11382,79895
2026-06-02,Exa,44661.18000000005,543,245,15,230,3748
2026-06-02,Gnosis,0.0,0,0,0,0,32872
2026-06-02,Holyheld,105054.22739257095,118,59,2,57,4860
2026-06-02,Hyperbeat,24726.480000000007,178,73,4,69,419
2026-06-02,Karta,784355.5,1,1,0,1,1
2026-06-02,KAST,6463334.870398171,6961,4358,525,3833,211224
2026-06-02,Kolo,227368.31,1,1,0,1,5
2026-06-02,MetaMask,120842.490915953,2472,1034,26,1008,23337
2026-06-02,Plasma One,176922.8299999999,1253,1253,324,929,3113
2026-06-02,Phantom Cash,33896.830000000045,1040,472,58,414,6045
2026-06-02,Ready,192398.2903020002,1662,1662,13,1649,13245
2026-06-02,RedotPay,17695705.054567873,21836,18323,1923,16400,939043
2026-06-02,SafePal,122013.38425987045,5934,2615,85,2530,41382
2026-06-02,Solayer,58286.42657199999,223,171,7,164,8109
2026-06-02,Solflare,44345.363400000024,419,1,0,1,1
2026-06-02,Tria,1398345.052573995,4073,3979,53,3926,17474
2026-06-02,Tuyo,48882.74,1,1,0,1,1
2026-06-03,Avalanche Card,31267.150000000012,529,529,31,498,17811
2026-06-03,Avici,98702.97000000004,637,631,15,616,7378
2026-06-03,BFinance,179253.18,4847,2369,5,2364,81520
2026-06-03,Bitget Wallet,139895.51251281128,14904,6576,273,6303,67119
2026-06-03,Bitget Wallet,0.0,0,0,0,0,1
2026-06-03,Bitget Wallet,27035.9,5,1,0,1,1
2026-06-03,Cypher,262737.5605168129,377,290,34,256,23706
2026-06-03,EtherFi,2955198.812046997,32280,11603,231,11372,80126
2026-06-03,Exa,52888.26999999996,558,240,10,230,3758
2026-06-03,Gnosis,33.83692389,5,5,5,0,32877
2026-06-03,Holyheld,229353.3690646032,101,57,1,56,4861
2026-06-03,Hyperbeat,9648.01,199,76,1,75,420
2026-06-03,Karta,1104869.57,1,1,0,1,1
2026-06-03,KAST,5729424.814828822,6727,4173,556,3617,211780
2026-06-03,Kolo,296457.42,1,1,0,1,5
2026-06-03,MetaMask,141048.5145176268,2479,1104,39,1065,23376
2026-06-03,Plasma One,211486.74999999994,1483,1483,203,1280,3316
2026-06-03,Phantom Cash,30956.970000000027,1008,471,51,420,6096
2026-06-03,Ready,165113.86395900013,1553,1553,14,1539,13259
2026-06-03,RedotPay,18490632.112574995,21103,17615,1791,15824,940834
2026-06-03,SafePal,87870.04135970034,5695,2523,86,2437,41468
2026-06-03,Solayer,30931.478846000013,172,138,4,134,8113
2026-06-03,Solflare,33846.86430000002,380,1,0,1,1
2026-06-03,Tria,704115.5650549993,3646,3555,45,3510,17519
2026-06-03,Tuyo,51446.7,1,1,0,1,1
2026-06-04,Avalanche Card,52741.51999999999,544,544,64,480,17875
2026-06-04,Avici,161340.82000000004,737,729,23,706,7401
2026-06-04,BFinance,119599.64,4346,2122,9,2113,81529
2026-06-04,Bitget Wallet,147294.73066372206,16144,7448,1040,6408,68159
2026-06-04,Bitget Wallet,0.0,0,0,0,0,1
2026-06-04,Bitget Wallet,24810.0,6,1,0,1,1
2026-06-04,Cypher,199878.4203718442,329,254,25,229,23731
2026-06-04,EtherFi,2975817.022621007,32199,11339,213,11126,80339
2026-06-04,Exa,45687.640000000014,556,222,8,214,3766
2026-06-04,Gnosis,58.105797749999994,6,4,4,0,32881
2026-06-04,Holyheld,35954.91871639892,72,43,0,43,4861
2026-06-04,Hyperbeat,9218.909999999994,202,73,2,71,422
2026-06-04,Karta,1595257.52,1,1,0,1,1
2026-06-04,KAST,6126589.632238893,6731,4273,532,3741,212312
2026-06-04,Kolo,571406.04,2,2,0,2,5
2026-06-04,MetaMask,116934.84452552584,2412,1030,33,997,23409
2026-06-04,Plasma One,237889.2100000001,848,848,106,742,3422
2026-06-04,Phantom Cash,35103.74000000003,1037,476,49,427,6145
2026-06-04,Ready,182613.13594900016,1606,1606,14,1592,13273
2026-06-04,RedotPay,18493695.313143265,20199,16977,1699,15278,942533
2026-06-04,SafePal,90072.5212113105,5961,2705,202,2503,41670
2026-06-04,Solayer,25972.84321499998,188,152,4,148,8117
2026-06-04,Solflare,30155.1543,400,1,0,1,1
2026-06-04,Tria,466259.4599999994,1635,1549,53,1496,17572
2026-06-04,Tuyo,84015.91,1,1,0,1,1
2026-06-05,Avalanche Card,50442.94999999993,717,717,49,668,17924
2026-06-05,Avici,173020.60999999984,717,709,14,695,7415
2026-06-05,BFinance,147486.54,4190,2079,8,2071,81537
2026-06-05,Bitget Wallet,166484.185666432,17035,7647,761,6886,68920
2026-06-05,Bitget Wallet,0.0,0,0,0,0,1
2026-06-05,Bitget Wallet,15932.779999999999,6,1,0,1,1
2026-06-05,Cypher,349889.7049757502,333,249,23,226,23754
2026-06-05,EtherFi,3347610.4904850605,34667,11890,242,11648,80581
2026-06-05,Exa,52620.869999999995,598,215,7,208,3773
2026-06-05,Gnosis,0.0,0,0,0,0,32881
2026-06-05,Holyheld,52005.891110812154,81,50,2,48,4863
2026-06-05,Hyperbeat,9662.859999999995,225,81,1,80,423
2026-06-05,Karta,1316580.45,1,1,0,1,1
2026-06-05,KAST,5663296.081934357,7819,5374,809,4565,213121
2026-06-05,Kolo,306590.95,1,1,0,1,5
2026-06-05,MetaMask,141394.35453352844,2616,1067,32,1035,23441
2026-06-05,Plasma One,227793.06999999975,1564,1564,203,1361,3625
2026-06-05,Phantom Cash,41751.769999999946,1040,477,55,422,6200
2026-06-05,Ready,172623.02890000027,1433,1433,8,1425,13281
2026-06-05,RedotPay,16893901.22593664,19888,16852,1496,15356,944029
2026-06-05,SafePal,102455.41321484049,6320,2794,181,2613,41851
2026-06-05,Solayer,69456.96187900001,202,161,6,155,8123
2026-06-05,Solflare,28078.594400000013,338,1,0,1,1
2026-06-05,Tria,833517.6399999984,4443,4321,90,4231,17662
2026-06-05,Tuyo,0.0,0,0,0,0,1
2026-06-06,Avalanche Card,82497.50999999994,559,559,53,506,17977
2026-06-06,Avici,122046.63000000021,697,693,15,678,7430
2026-06-06,BFinance,122202.69,3326,1724,4,1720,81541
2026-06-06,Bitget Wallet,161231.71795367097,17606,8007,1018,6989,69938
2026-06-06,Bitget Wallet,0.0,0,0,0,0,1
2026-06-06,Bitget Wallet,37957.46000000001,6,1,0,1,1
2026-06-06,Cypher,337094.9078617101,315,232,24,208,23778
2026-06-06,EtherFi,2398464.53701902,35215,11734,240,11494,80821
2026-06-06,Exa,32568.670000000006,600,225,11,214,3784
2026-06-06,Gnosis,0.0,0,0,0,0,32881
2026-06-06,Holyheld,23183.20259847389,135,57,8,49,4871
2026-06-06,Hyperbeat,16273.579999999987,223,74,0,74,423
2026-06-06,Karta,1270331.24,1,1,0,1,1
2026-06-06,KAST,5958445.237336598,7269,4795,669,4126,213790
2026-06-06,Kolo,440834.33,1,1,0,1,5
2026-06-06,MetaMask,115494.00895227876,2711,1056,29,1027,23470
2026-06-06,Plasma One,226076.74999999948,1601,1601,205,1396,3830
2026-06-06,Phantom Cash,36516.540000000015,948,441,39,402,6239
2026-06-06,Ready,0.0,0,0,0,0,13281
2026-06-06,RedotPay,12954765.286675278,17889,15125,1436,13689,945465
2026-06-06,SafePal,88373.29020439959,6412,2635,119,2516,41970
2026-06-06,Solayer,64544.17373799995,178,145,8,137,8131
2026-06-06,Solflare,0.0,0,0,0,0,1
2026-06-06,Tria,403005.06999999995,3135,3059,56,3003,17718
2026-06-06,Tuyo,137282.58,1,1,0,1,1
2026-06-07,Avalanche Card,57106.44999999997,673,673,49,624,18026
2026-06-07,Avici,126148.83000000002,685,679,17,662,7447
2026-06-07,BFinance,80950.36,3238,1689,7,1682,81548
2026-06-07,Bitget Wallet,155611.0367554604,17047,7555,480,7075,70418
2026-06-07,Bitget Wallet,0.0,0,0,0,0,1
2026-06-07,Bitget Wallet,29630.480000000003,6,1,0,1,1
2026-06-07,Cypher,276721.8343009458,305,224,17,207,23795
2026-06-07,EtherFi,2023952.5530419855,31045,11015,171,10844,80992
2026-06-07,Exa,34795.31000000003,572,226,11,215,3795
2026-06-07,Gnosis,0.0,0,0,0,0,32881
2026-06-07,Holyheld,40617.4661459085,139,52,7,45,4878
2026-06-07,Hyperbeat,10346.58,161,68,2,66,425
2026-06-07,Karta,1388389.5,1,1,0,1,1
2026-06-07,KAST,3775357.6457547364,6002,3997,450,3547,214240
2026-06-07,Kolo,409726.35,1,1,0,1,5
2026-06-07,MetaMask,115073.56244492863,2105,908,22,886,23492
2026-06-07,Plasma One,210749.5699999999,1635,1635,200,1435,4030
2026-06-07,Phantom Cash,38344.47000000001,1021,446,43,403,6282
2026-06-07,Ready,0.0,0,0,0,0,13281
2026-06-07,RedotPay,11931625.94431054,16175,13590,960,12630,946425
2026-06-07,SafePal,92061.03026313022,5956,2601,82,2519,42052
2026-06-07,Solayer,23484.96575300001,182,149,5,144,8136
2026-06-07,Solflare,0.0,0,0,0,0,1
2026-06-07,Tria,578919.4981460003,3705,3627,71,3556,17789
2026-06-07,Tuyo,67688.13,1,1,0,1,1
2026-06-08,Avalanche Card,50969.910000000054,610,610,39,571,18065
2026-06-08,Avici,114474.21999999994,688,683,17,666,7464
2026-06-08,BFinance,148735.79,3818,1898,7,1891,81555
2026-06-08,Bitget Wallet,154454.8984952719,15909,7440,322,7118,70740
2026-06-08,Bitget Wallet,87916.79,351,0,0,0,1
2026-06-08,Bitget Wallet,34838.27,6,1,0,1,1
2026-06-08,Cypher,282265.9193218922,386,268,26,242,23821
2026-06-08,EtherFi,3166223.6394980107,31869,11437,230,11207,81222
2026-06-08,Exa,36817.72000000003,551,229,12,217,3807
2026-06-08,Gnosis,0.0,0,0,0,0,32881
2026-06-08,Holyheld,240673.21436356805,108,57,5,52,4883
2026-06-08,Hyperbeat,8576.560000000007,183,70,3,67,428
2026-06-08,Karta,1098904.17,1,1,0,1,1
2026-06-08,KAST,8984341.709502138,6685,4221,497,3724,214737
2026-06-08,Kolo,364794.99,1,1,0,1,5
2026-06-08,MetaMask,114721.49223733699,2358,1021,21,1000,23513
2026-06-08,Plasma One,252622.2,1619,1617,151,1466,4181
2026-06-08,Phantom Cash,34204.59000000007,975,471,51,420,6333
2026-06-08,Ready,424035.4214000003,3719,2281,21,2260,13302
2026-06-08,RedotPay,15405353.398105737,19186,16190,1349,14841,947774
2026-06-08,SafePal,91183.37327392993,5575,2569,71,2498,42123
2026-06-08,Solayer,44213.16778499998,199,163,3,160,8139
2026-06-08,Solflare,77777.14929999998,914,1,0,1,1
2026-06-08,Tria,360962.559934,2482,2431,51,2380,17840
2026-06-08,Tuyo,60311.24,1,1,0,1,1
2026-06-09,Avalanche Card,41193.26999999998,510,510,41,469,18106
2026-06-09,Avici,81112.13999999997,463,461,11,450,7475
2026-06-09,BFinance,99229.2,3371,1713,3,1710,81558
2026-06-09,Bitget Wallet,145371.46333266044,16280,7528,311,7217,71051
2026-06-09,Bitget Wallet,66515.02,375,0,0,0,1
2026-06-09,Bitget Wallet,36711.06,6,1,0,1,1
2026-06-09,Cypher,499580.07466254383,366,277,40,237,23861
2026-06-09,EtherFi,2990760.1784840305,32192,11539,237,11302,81459
2026-06-09,Exa,52787.639999999956,558,239,11,228,3818
2026-06-09,Gnosis,0.0,0,0,0,0,32881
2026-06-09,Holyheld,182340.07127005816,113,54,4,50,4887
2026-06-09,Hyperbeat,28000.830000000013,169,80,4,76,432
2026-06-09,Karta,810591.2,1,1,0,1,1
2026-06-09,KAST,7016727.516020183,7042,4554,528,4026,215265
2026-06-09,Kolo,104754.99,1,1,0,1,5
2026-06-09,MetaMask,106535.52681678509,2286,1008,36,972,23549
2026-06-09,Plasma One,114128.38999999993,1282,1281,109,1172,4290
2026-06-09,Phantom Cash,30863.730000000058,981,443,42,401,6375
2026-06-09,Ready,172325.09730000017,1779,1530,7,1523,13309
2026-06-09,RedotPay,19224132.447353855,23533,18628,2140,16488,949914
2026-06-09,SafePal,97703.13510934997,5611,2619,66,2553,42189
2026-06-09,Solayer,74637.84773499997,201,164,6,158,8145
2026-06-09,Solflare,38063.46310000002,434,1,0,1,1
2026-06-09,Tria,492097.22620900004,3847,3744,67,3677,17907
2026-06-09,Tuyo,56971.84,1,1,0,1,1
2026-06-10,Avalanche Card,33023.86000000003,474,474,20,454,18126
2026-06-10,Avici,140677.08000000007,661,658,15,643,7490
2026-06-10,BFinance,80632.03,2800,1499,5,1494,81563
2026-06-10,Bitget Wallet,151509.47454601125,16267,7606,299,7307,71350
2026-06-10,Bitget Wallet,0.0,0,0,0,0,1
2026-06-10,Bitget Wallet,25704.77,6,1,0,1,1
2026-06-10,Cypher,295227.9181589981,362,271,30,241,23891
2026-06-10,EtherFi,2846740.2763210395,32796,11658,262,11396,81721
2026-06-10,Exa,82740.85999999999,605,246,12,234,3830
2026-06-10,Gnosis,0.0,0,0,0,0,32881
2026-06-10,Holyheld,76285.97983502633,66,36,2,34,4889
2026-06-10,Hyperbeat,8890.270000000002,185,79,6,73,438
2026-06-10,Karta,1144775.42,1,1,0,1,1
2026-06-10,KAST,8782374.545384413,6922,4115,463,3652,215728
2026-06-10,Kolo,451512.62,1,1,0,1,5
2026-06-10,MetaMask,149391.0972971535,2351,1043,25,1018,23574
2026-06-10,Plasma One,203411.6200000002,1582,1579,120,1459,4410
2026-06-10,Phantom Cash,29275.950000000055,952,465,48,417,6423
2026-06-10,Ready,139185.57310000024,1350,1350,12,1338,13321
2026-06-10,RedotPay,16949921.045441154,23508,18095,1671,16424,951585
2026-06-10,SafePal,89782.66789305014,5808,2720,64,2656,42253
2026-06-10,Solayer,30688.075634000004,181,146,6,140,8151
2026-06-10,Solflare,31361.62210000001,387,1,0,1,1
2026-06-10,Tria,577364.1200000003,3606,3491,58,3433,17965
2026-06-10,Tuyo,67820.02,1,1,0,1,1
2026-06-11,Avalanche Card,54605.85000000003,621,621,34,587,18160
2026-06-11,Avici,104301.09000000004,644,641,10,631,7500
2026-06-11,BFinance,26115.46,2115,1257,14,1243,81577
2026-06-11,Bitget Wallet,160833.3297479904,16034,7586,248,7338,71598
2026-06-11,Bitget Wallet,0.0,0,0,0,0,1
2026-06-11,Bitget Wallet,20594.250000000004,6,1,0,1,1
2026-06-11,Cypher,365478.7251879955,369,253,20,233,23911
2026-06-11,EtherFi,2655845.1411760226,34016,11744,234,11510,81955
2026-06-11,Exa,50139.68999999999,590,257,14,243,3844
2026-06-11,Gnosis,0.0,0,0,0,0,32881
2026-06-11,Holyheld,108988.15733734515,87,54,6,48,4895
2026-06-11,Hyperbeat,21159.129999999986,234,75,9,66,447
2026-06-11,Karta,1186021.84,1,1,0,1,1
2026-06-11,KAST,7779613.609805006,7286,4260,450,3810,216178
2026-06-11,Kolo,274670.14,1,1,0,1,5
2026-06-11,MetaMask,123756.18823331136,2139,946,26,920,23600
2026-06-11,Plasma One,202512.94000000018,1441,1438,121,1317,4531
2026-06-11,Phantom Cash,33796.800000000054,1035,478,43,435,6466
2026-06-11,Ready,110399.72940000003,1069,1069,8,1061,13329
2026-06-11,RedotPay,17397480.58279058,23126,17174,1552,15622,953137
2026-06-11,SafePal,88307.36441579013,5460,2572,60,2512,42313
2026-06-11,Solayer,22766.731162000004,171,140,4,136,8155
2026-06-11,Solflare,27562.432899999996,335,1,0,1,1
2026-06-11,Tria,404803.10999999853,3452,3373,42,3331,18007
2026-06-11,Tuyo,45259.97,1,1,0,1,1
