date,symbol,fee_usd_totals,fee_usd_exch,rev_usd_totals,rev_usd_exch,delta_fee_usd_totals,delta_fee_usd_exch,delta_rev_usd_totals,delta_rev_usd_exch,rn_totals,rn_exch,cv_totals,cv_exch
2026-06-10,Total,395110.9472599975,,345768.7321609999,,-19196.74876098457,,-9286.095123635605,,1.0,,#545cf8,
2026-06-10,Pacifica,,321427.0600713633,,321427.0600713633,,-4358.09112566727,,-4358.09112566727,,1.0,,#545cf8
2026-06-10,GMTrade,,64819.896157195835,,16204.951058198261,,-12955.561366847047,,-3238.8877294980666,,2.0,,#f79009
2026-06-10,Phoenix,,4279.2017407267995,,4279.2017407267995,,-1807.3699237080018,,-1807.3699237080018,,3.0,,#904ea6
2026-06-10,Flash Trade,,4226.01,,3498.74,,-226.82999999999993,,-32.850000000000364,,4.0,,#63b512
2026-06-10,Bullet,,358.7792907116,,358.7792907116,,151.1036552378,,151.1036552378,,5.0,,#f0384a
2026-06-10,Drift,,,,,,,,,,,,
2026-06-10,Jupiter,,,,,,,,,,,,
2026-06-09,Total,414307.69602098205,,355054.8272846355,,-31383.95049080177,,-20294.064933931513,,1.0,,#545cf8,
2026-06-09,Pacifica,,325785.15119703056,,325785.15119703056,,-18727.22074793384,,-18727.22074793384,,1.0,,#545cf8
2026-06-09,GMTrade,,77775.45752404288,,19443.838787696328,,-14878.784700170028,,-3719.68914329978,,2.0,,#f79009
2026-06-09,Phoenix,,6086.571664434801,,6086.571664434801,,1811.9406923160022,,1811.9406923160022,,3.0,,#904ea6
2026-06-09,Flash Trade,,4452.84,,3531.59,,294.5799999999999,,225.3699999999999,,4.0,,#63b512
2026-06-09,Bullet,,207.6756354738,,207.6756354738,,115.53426498610001,,115.53426498610001,,5.0,,#f0384a
2026-06-09,Drift,,,,,,,,,,,,
2026-06-09,Jupiter,,,,,,,,,,,,
2026-06-08,Total,445691.6465117838,,375348.892218567,,240922.1347456524,,198154.43136149456,,1.0,,#545cf8,
2026-06-08,Pacifica,,344512.3719449644,,344512.3719449644,,193186.46366097702,,193186.46366097702,,1.0,,#545cf8
2026-06-08,GMTrade,,92654.24222421291,,23163.527930996108,,56664.95618924827,,14166.212805090428,,2.0,,#f79009
2026-06-08,Phoenix,,4274.630972118799,,4274.630972118799,,-9271.0046721424,,-9271.0046721424,,3.0,,#904ea6
2026-06-08,Flash Trade,,4158.26,,3306.2200000000003,,369.0400000000004,,100.07999999999993,,4.0,,#63b512
2026-06-08,Bullet,,92.1413704877,,92.1413704877,,-27.320432430500006,,-27.320432430500006,,5.0,,#f0384a
2026-06-08,Jupiter,,,,,,,,,,,,
2026-06-08,Drift,,,,,,,,,,,,
2026-06-07,Total,204769.5117661314,,177194.46085707247,,34765.705598294124,,16604.50311489278,,1.0,,#545cf8,
2026-06-07,Pacifica,,151325.90828398737,,151325.90828398737,,13790.638593667827,,13790.638593667827,,1.0,,#545cf8
2026-06-07,Phoenix,,13545.6356442612,,13545.6356442612,,-3757.841177536002,,-3757.841177536002,,3.0,,#904ea6
2026-06-07,GMTrade,,35989.28603496464,,8997.31512590568,,24058.443931054593,,6014.611447653242,,2.0,,#f79009
2026-06-07,Flash Trade,,3789.22,,3206.1400000000003,,658.7399999999998,,541.3700000000003,,4.0,,#63b512
2026-06-07,Bullet,,119.46180291820001,,119.46180291820001,,15.724251107699999,,15.724251107699999,,5.0,,#f0384a
2026-06-07,Jupiter,,,,,,,,,,,,
2026-06-07,Drift,,,,,,,,,,,,
2026-06-06,Total,170003.8061678373,,160589.9577421797,,-359995.56374386995,,-230670.23484230734,,1.0,,#545cf8,
2026-06-06,Pacifica,,137535.26969031955,,137535.26969031955,,-178772.4454930643,,-178772.4454930643,,1.0,,#545cf8
2026-06-06,Phoenix,,17303.4768217972,,17303.4768217972,,-3674.7334796979994,,-3674.7334796979994,,3.0,,#904ea6
2026-06-06,GMTrade,,11930.84210391005,,2982.703678252438,,-170855.25350564133,,-42713.764604078744,,2.0,,#f79009
2026-06-06,Flash Trade,,3130.48,,2664.77,,-6596.66,,-5412.82,,4.0,,#63b512
2026-06-06,Bullet,,103.73755181050001,,103.73755181050001,,-96.4712654663,,-96.4712654663,,5.0,,#f0384a
2026-06-06,Jupiter,,,,,,,,,,,,
2026-06-06,Drift,,,,,,,,,,,,
2026-06-05,Total,529999.3699117072,,391260.192584487,,-319266.5344706251,,-71435.66281736968,,1.0,,#545cf8,
2026-06-05,Pacifica,,316307.71518338384,,316307.71518338384,,2023.35853755899,,2023.35853755899,,1.0,,#545cf8
2026-06-05,GMTrade,,182786.09560955138,,45696.46828233118,,-55764.855659202556,,-13941.213485491251,,2.0,,#f79009
2026-06-05,Phoenix,,20978.2103014952,,20978.2103014952,,10312.337559466001,,10312.337559466001,,3.0,,#904ea6
2026-06-05,Flash Trade,,9727.14,,8077.59,,-1145.4700000000012,,-1147.58,,4.0,,#63b512
2026-06-05,Bullet,,200.2088172768,,200.2088172768,,-12.7856023887,,-12.7856023887,,5.0,,#f0384a
2026-06-05,Drift,,,,,,,,,,,,
2026-06-05,Jupiter,,,,,,,,,,,,
2026-06-04,Total,849265.9043823323,,462695.8554018567,,-73373.36029488931,,23937.902603611,,1.0,,#545cf8,
2026-06-04,Pacifica,,314284.35664582485,,314284.35664582485,,50201.697695888986,,50201.697695888986,,1.0,,#545cf8
2026-06-04,Jupiter,,274679.11930605886,,68669.77982651471,,-230078.65188960097,,-57519.66297240024,,,,
2026-06-04,GMTrade,,238550.95126875394,,59637.68176782243,,99740.11711818079,,24935.021099480437,,2.0,,#f79009
2026-06-04,Phoenix,,10665.8727420292,,10665.8727420292,,3504.0450019435993,,3504.0450019435993,,3.0,,#904ea6
2026-06-04,Flash Trade,,10872.61,,9225.17,,3176.170000000001,,2733.54,,4.0,,#63b512
2026-06-04,Bullet,,212.9944196655,,212.9944196655,,83.2617786982,,83.2617786982,,5.0,,#f0384a
2026-06-04,Drift,,,,,,,,,,,,
2026-06-03,Total,922639.2646772217,,438757.9527982457,,-309992.4470387518,,-115896.80650065537,,1.0,,#545cf8,
2026-06-03,Pacifica,,264082.65894993587,,264082.65894993587,,-45375.118677111575,,-45375.118677111575,,1.0,,#545cf8
2026-06-03,Jupiter,,504757.7711956598,,126189.44279891496,,-318648.4757416106,,-79662.11893540264,,,,
2026-06-03,GMTrade,,138810.83415057315,,34702.660668341996,,61403.234598299474,,15350.798330188081,,2.0,,#f79009
2026-06-03,Phoenix,,7161.8277400856,,7161.8277400856,,612.5563887036014,,612.5563887036014,,3.0,,#904ea6
2026-06-03,Flash Trade,,7696.44,,6491.63,,-7871.070000000001,,-6709.349999999999,,4.0,,#63b512
2026-06-03,Bullet,,129.7326409673,,129.7326409673,,-113.57360703281003,,-113.57360703281003,,5.0,,#f0384a
2026-06-03,Drift,,,,,,,,,,,,
2026-06-02,Total,1232631.7117159734,,554654.7592989011,,338809.84875407757,,76662.6879147581,,1.0,,#545cf8,
2026-06-02,Pacifica,,309457.77762704744,,309457.77762704744,,-22072.646183751232,,-22072.646183751232,,1.0,,#545cf8
2026-06-02,Jupiter,,823406.2469372704,,205851.5617343176,,530024.0925565925,,132506.02313914814,,,,
2026-06-02,GMTrade,,77407.59955227368,,19351.862338153915,,-182749.07327749598,,-45687.234699371285,,2.0,,#f79009
2026-06-02,Flash Trade,,15567.51,,13200.98,,11629.16,,9938.23,,4.0,,#63b512
2026-06-02,Phoenix,,6549.271351381999,,6549.271351381999,,1891.197979916,,1891.197979916,,3.0,,#904ea6
2026-06-02,Bullet,,243.30624800011003,,243.30624800011003,,87.11767881646003,,87.11767881646003,,5.0,,#f0384a
2026-06-02,Drift,,,,,,,,,,,,
2026-06-01,Total,893821.8629618959,,477992.07138414297,,423933.0324445369,,243770.4785761764,,1.0,,#545cf8,
2026-06-01,Pacifica,,331530.4238107987,,331530.4238107987,,179492.69681986765,,179492.69681986765,,1.0,,#545cf8
2026-06-01,Jupiter,,293382.15438067785,,73345.53859516946,,82566.28700791002,,20641.571751977506,,,,
2026-06-01,GMTrade,,260156.67282976967,,65039.0970375252,,156976.31413844388,,39244.02552601596,,2.0,,#f79009
2026-06-01,Phoenix,,4658.073371465999,,4658.073371465999,,2086.92356339,,2086.92356339,,3.0,,#904ea6
2026-06-01,Flash Trade,,3938.35,,3262.75,,2796.6499999999996,,2291.1,,4.0,,#63b512
2026-06-01,Bullet,,156.18856918365,,156.18856918365,,14.160914925299977,,14.160914925299977,,5.0,,#f0384a
2026-06-01,Drift,,,,,,,,,,,,
2026-05-31,Total,469888.83051735896,,234221.59280796658,,204788.9683737288,,57655.38645512404,,1.0,,#545cf8,
2026-05-31,Pacifica,,152037.72699093103,,152037.72699093103,,8773.189236186183,,8773.189236186183,,1.0,,#545cf8
2026-05-31,Jupiter,,210815.86737276783,,52703.966843191956,,131673.05948530167,,32918.26487132542,,,,
2026-05-31,GMTrade,,103180.35869132579,,25795.071511509243,,64611.25880911116,,16152.80150448263,,2.0,,#f79009
2026-05-31,Phoenix,,2571.1498080759993,,2571.1498080759993,,293.0181959371994,,293.0181959371994,,3.0,,#904ea6
2026-05-31,Flash Trade,,1141.7,,971.6500000000001,,-543.28,,-463.6099999999999,,4.0,,#63b512
2026-05-31,Bullet,,142.02765425835003,,142.02765425835003,,-18.27735280739995,,-18.27735280739995,,5.0,,#f0384a
2026-05-31,Drift,,,,,,,,,,,,
2026-05-30,Total,265099.86214363016,,176566.20635284254,,-378153.56571543706,,-192111.08020527856,,1.0,,#545cf8,
2026-05-30,Pacifica,,143264.53775474484,,143264.53775474484,,-127194.29954689599,,-127194.29954689599,,1.0,,#545cf8
2026-05-30,Jupiter,,79142.80788746614,,19785.701971866536,,-172699.46383250144,,-43174.86595812536,,,,
2026-05-30,GMTrade,,38569.09988221463,,9642.270007026613,,-74979.76357790874,,-18744.915942126252,,2.0,,#f79009
2026-05-30,Phoenix,,2278.1316121388,,2278.1316121388,,-1683.0667430956014,,-1683.0667430956014,,3.0,,#904ea6
2026-05-30,Flash Trade,,1684.98,,1435.26,,-1533.31,,-1250.2700000000002,,4.0,,#63b512
2026-05-30,Bullet,,160.30500706574998,,160.30500706574998,,-63.66201503535004,,-63.66201503535004,,5.0,,#f0384a
2026-05-30,Drift,,,,,,,,,,,,
2026-05-29,Total,643253.4278590672,,368677.2865581211,,-102549.24645935814,,-56942.48243654764,,1.0,,#545cf8,
2026-05-29,Pacifica,,270458.83730164083,,270458.83730164083,,-38772.39913977467,,-38772.39913977467,,1.0,,#545cf8
2026-05-29,Jupiter,,251842.27171996757,,62960.56792999189,,-56379.78123326428,,-14094.94530831607,,,,
2026-05-29,GMTrade,,113548.86346012338,,28387.185949152863,,-3901.7402168539847,,-975.4321189917573,,2.0,,#f79009
2026-05-29,Phoenix,,3961.1983552344013,,3961.1983552344013,,-873.8975176855988,,-873.8975176855988,,3.0,,#904ea6
2026-05-29,Flash Trade,,3218.29,,2685.53,,-2712.1899999999996,,-2316.57,,4.0,,#63b512
2026-05-29,Bullet,,223.9670221011,,223.9670221011,,90.76164822045004,,90.76164822045004,,5.0,,#f0384a
2026-05-29,Drift,,,,,,,,,,,,
2026-05-28,Total,745802.6743184254,,425619.76899466873,,-781.7952762454515,,-11977.23514713574,,1.0,,#545cf8,
2026-05-28,Pacifica,,309231.2364414155,,309231.2364414155,,-13522.539936001995,,-13522.539936001995,,1.0,,#545cf8
2026-05-28,Jupiter,,308222.05295323185,,77055.51323830796,,-19986.470761880337,,-4996.617690470084,,,,
2026-05-28,GMTrade,,117450.60367697736,,29362.61806814462,,35487.79109469552,,8871.938152394938,,2.0,,#f79009
2026-05-28,Flash Trade,,5930.48,,5002.1,,-2366.8900000000012,,-1936.33,,4.0,,#63b512
2026-05-28,Phoenix,,4835.09587292,,4835.09587292,,-389.8193491463999,,-389.8193491463999,,3.0,,#904ea6
2026-05-28,Bullet,,133.20537388064997,,133.20537388064997,,-3.866323912200045,,-3.866323912200045,,5.0,,#f0384a
2026-05-28,Drift,,,,,,,,,,,,
2026-05-27,Total,746584.4695946708,,437597.0041418045,,387417.96882141946,,245955.11699709616,,1.0,,#545cf8,
2026-05-27,Pacifica,,322753.7763774175,,322753.7763774175,,196646.79528423346,,196646.79528423346,,1.0,,#545cf8
2026-05-27,Jupiter,,328208.5237151122,,82052.13092877805,,157967.2455692085,,39491.81139230212,,,,
2026-05-27,GMTrade,,81962.81258228184,,20490.679915749683,,29938.750944968488,,7484.683297551615,,2.0,,#f79009
2026-05-27,Flash Trade,,8297.37,,6938.43,,3780.800000000001,,3247.4500000000003,,4.0,,#63b512
2026-05-27,Phoenix,,5224.9152220664,,5224.9152220664,,-884.4844875635999,,-884.4844875635999,,3.0,,#904ea6
2026-05-27,Bullet,,137.07169779285002,,137.07169779285002,,-31.138489427399975,,-31.138489427399975,,5.0,,#f0384a
2026-05-27,Drift,,,,,,,,,,,,
2026-05-26,Total,359166.50077325135,,191641.8871447083,,-73440.30128352961,,-37097.78733824944,,1.0,,#545cf8,
2026-05-26,Pacifica,,126106.98109318405,,126106.98109318405,,-29682.969939739603,,-29682.969939739603,,1.0,,#545cf8
2026-05-26,Jupiter,,170241.2781459037,,42560.31953647592,,-45226.83363791273,,-11306.708409478182,,,,
2026-05-26,GMTrade,,52024.06163731335,,13005.996618198067,,-4042.393993281563,,-1010.6052764359702,,2.0,,#f79009
2026-05-26,Phoenix,,6109.39970963,,6109.39970963,,2452.9355836703994,,2452.9355836703994,,3.0,,#904ea6
2026-05-26,Flash Trade,,4516.57,,3690.98,,3045.1499999999996,,2435.75,,4.0,,#63b512
2026-05-26,Bullet,,168.21018722025,,168.21018722025,,13.810703733899999,,13.810703733899999,,5.0,,#f0384a
2026-05-26,Drift,,,,,,,,,,,,
2026-05-25,Total,432606.80205678096,,228739.67448295775,,114210.58627194888,,55882.76636402539,,1.0,,#545cf8,
2026-05-25,Pacifica,,155789.95103292365,,155789.95103292365,,38051.56917777035,,38051.56917777035,,1.0,,#545cf8
2026-05-25,Jupiter,,215468.11178381642,,53867.027945954105,,58146.74303111946,,14536.685757779866,,,,
2026-05-25,GMTrade,,56066.455630594915,,14016.601894634037,,19864.164463937603,,4966.031829353753,,2.0,,#f79009
2026-05-25,Phoenix,,3656.4641259596006,,3656.4641259596006,,-624.5247861351995,,-624.5247861351995,,3.0,,#904ea6
2026-05-25,Flash Trade,,1471.42,,1255.23,,-1221.4,,-1041.0300000000002,,4.0,,#63b512
2026-05-25,Bullet,,154.39948348635,,154.39948348635,,-5.96561474340001,,-5.96561474340001,,5.0,,#f0384a
2026-05-25,Drift,,,,,,,,,,,,
2026-05-24,Total,318396.2157848321,,172856.90811893236,,-315578.4443865321,,-91724.83382344586,,1.0,,#545cf8,
2026-05-24,Pacifica,,117738.3818551533,,117738.3818551533,,-13908.124497476529,,-13908.124497476529,,1.0,,#545cf8
2026-05-24,Jupiter,,157321.36875269696,,39330.34218817424,,-300244.6875060302,,-75061.17187650755,,,,
2026-05-24,GMTrade,,36202.29116665731,,9050.570065280284,,2338.140786284057,,584.5357198476704,,2.0,,#f79009
2026-05-24,Phoenix,,4280.9889120948,,4280.9889120948,,-1300.5402408767995,,-1300.5402408767995,,3.0,,#904ea6
2026-05-24,Flash Trade,,2692.82,,2296.26,,-2446.72,,-2023.0199999999995,,4.0,,#63b512
2026-05-24,Bullet,,160.36509822975,,160.36509822975,,-16.51292843264997,,-16.51292843264997,,5.0,,#f0384a
2026-05-24,Drift,,,,,,,,,,,,
2026-05-23,Total,633974.6601713642,,264581.7419423782,,-35923.497476122924,,-62717.41139191366,,1.0,,#545cf8,
2026-05-23,Pacifica,,131646.50635262983,,131646.50635262983,,-71174.36984407858,,-71174.36984407858,,1.0,,#545cf8
2026-05-23,Jupiter,,457566.05625872716,,114391.51406468179,,153169.91360528523,,38292.47840132131,,,,
2026-05-23,GMTrade,,33864.150380373256,,8466.034345432614,,-117181.61733308743,,-29295.376044914272,,2.0,,#f79009
2026-05-23,Phoenix,,5581.5291529716,,5581.5291529716,,111.21575518119971,,111.21575518119971,,3.0,,#904ea6
2026-05-23,Flash Trade,,5139.54,,4319.28,,-888.1899999999996,,-690.9099999999999,,4.0,,#63b512
2026-05-23,Bullet,,176.87802666239998,,176.87802666239998,,39.550340576699995,,39.550340576699995,,5.0,,#f0384a
2026-05-23,Drift,,,,,,,,,,,,
2026-05-22,Total,669898.1576474871,,327299.1533342919,,707.3559317251202,,-43957.734835775045,,1.0,,#545cf8,
2026-05-22,Pacifica,,202820.8761967084,,202820.8761967084,,-56353.692096171784,,-56353.692096171784,,1.0,,#545cf8
2026-05-22,Jupiter,,304396.14265344193,,76099.03566336048,,-35549.83944550954,,-8887.459861377385,,,,
2026-05-22,GMTrade,,151045.7677134607,,37761.410390346886,,94800.97178604262,,23700.251434410322,,2.0,,#f79009
2026-05-22,Phoenix,,5470.3133977904,,5470.3133977904,,-3403.385228000401,,-3403.385228000401,,3.0,,#904ea6
2026-05-22,Flash Trade,,6027.73,,5010.19,,1203.25,,976.4999999999995,,4.0,,#63b512
2026-05-22,Bullet,,137.32768608569998,,137.32768608569998,,10.050915364199966,,10.050915364199966,,5.0,,#f0384a
2026-05-22,Drift,,,,,,,,,,,,
2026-05-21,Total,669190.801715762,,371256.88817006693,,-71067.80248947628,,-25077.272601310164,,1.0,,#545cf8,
2026-05-21,Pacifica,,259174.5682928802,,259174.5682928802,,-12760.932161122852,,-12760.932161122852,,1.0,,#545cf8
2026-05-21,Jupiter,,339945.98209895147,,84986.49552473787,,185190.18142859248,,46297.54535714812,,,,
2026-05-21,GMTrade,,56244.795927418076,,14061.158955936564,,-246318.11697720134,,-61579.51101759086,,2.0,,#f79009
2026-05-21,Phoenix,,8873.698625790801,,8873.698625790801,,3333.9182923336,,3333.9182923336,,3.0,,#904ea6
2026-05-21,Flash Trade,,4824.48,,4033.69,,-423.27000000000044,,-278.7099999999996,,4.0,,#63b512
2026-05-21,Bullet,,127.27677072150001,,127.27677072150001,,-89.58307207815,,-89.58307207815,,5.0,,#f0384a
2026-05-21,Drift,,,,,,,,,,,,
2026-05-20,Total,740258.6042052383,,396334.1607713771,,29373.239767189953,,17009.677677438187,,1.0,,#545cf8,
2026-05-20,Pacifica,,271935.50045400305,,271935.50045400305,,10768.730491384515,,10768.730491384515,,1.0,,#545cf8
2026-05-20,GMTrade,,302562.9129046194,,75640.66997352743,,102569.94319003922,,25642.466618361235,,2.0,,#f79009
2026-05-20,Jupiter,,154755.800670359,,38688.95016758975,,-86293.77930923487,,-21573.44482730872,,,,
2026-05-20,Phoenix,,5539.780333457201,,5539.780333457201,,1319.3732118152002,,1319.3732118152002,,3.0,,#904ea6
2026-05-20,Flash Trade,,5247.75,,4312.4,,871.96,,715.54,,4.0,,#63b512
2026-05-20,Bullet,,216.85984279965,,216.85984279965,,137.01218318595,,137.01218318595,,5.0,,#f0384a
2026-05-20,Drift,,,,,,,,,,,,
2026-05-19,Total,710885.3644380483,,379324.4830939389,,-160544.37750883342,,-92740.6457388968,,1.0,,#545cf8,
2026-05-19,Pacifica,,261166.76996261853,,261166.76996261853,,-58917.912524268264,,-58917.912524268264,,1.0,,#545cf8
2026-05-19,Jupiter,,241049.57997959387,,60262.39499489847,,5422.530333586474,,1355.6325833966184,,,,
2026-05-19,GMTrade,,199992.9697145802,,49998.203355166195,,-93447.7183768785,,-23361.898856751977,,2.0,,#f79009
2026-05-19,Phoenix,,4220.407121642001,,4220.407121642001,,-1924.0132084939978,,-1924.0132084939978,,3.0,,#904ea6
2026-05-19,Flash Trade,,4375.79,,3596.8599999999997,,-11530.099999999999,,-9745.29,,4.0,,#63b512
2026-05-19,Bullet,,79.8476596137,,79.8476596137,,-147.16373277915,,-147.16373277915,,5.0,,#f0384a
2026-05-19,Drift,,,,,,,,,,,,
2026-05-18,Total,871429.7419468818,,472065.1288328357,,319424.82650915475,,211735.93612295852,,1.0,,#545cf8,
2026-05-18,Pacifica,,320084.6824868868,,320084.6824868868,,166098.18909367616,,166098.18909367616,,1.0,,#545cf8
2026-05-18,GMTrade,,293440.6880914587,,73360.10221191817,,207003.84474431485,,51750.91130205025,,2.0,,#f79009
2026-05-18,Jupiter,,235627.0496460074,,58906.76241150185,,-65823.79074142434,,-16455.947685356085,,,,
2026-05-18,Flash Trade,,15905.89,,13342.15,,10698.0,,8894.199999999999,,4.0,,#63b512
2026-05-18,Phoenix,,6144.4203301359985,,6144.4203301359985,,1312.0567727567977,,1312.0567727567977,,3.0,,#904ea6
2026-05-18,Bullet,,227.01139239284998,,227.01139239284998,,136.52663983134997,,136.52663983134997,,5.0,,#f0384a
2026-05-18,Drift,,,,,,,,,,,,
2026-05-17,Total,552004.915437727,,260329.19270987718,,120388.83933406934,,43361.225223231944,,1.0,,#545cf8,
2026-05-17,Pacifica,,153986.49339321064,,153986.49339321064,,13485.068552720419,,13485.068552720419,,1.0,,#545cf8
2026-05-17,Jupiter,,301450.84038743173,,75362.71009685793,,64447.86172646267,,16111.965431615667,,,,
2026-05-17,GMTrade,,86436.84334714385,,21609.190909867924,,37757.9610710393,,9439.48325504898,,2.0,,#f79009
2026-05-17,Phoenix,,4832.363557379201,,4832.363557379201,,2114.2582572244005,,2114.2582572244005,,3.0,,#904ea6
2026-05-17,Flash Trade,,5207.89,,4447.950000000001,,2608.4600000000005,,2235.2200000000007,,4.0,,#63b512
2026-05-17,Bullet,,90.48475256150002,,90.48475256150002,,-24.770273377499976,,-24.770273377499976,,5.0,,#f0384a
2026-05-17,Drift,,,,,,,,,,,,
2026-05-16,Total,431616.07610365766,,216967.96748664524,,-500139.34397839353,,-190134.99011899045,,1.0,,#545cf8,
2026-05-16,Pacifica,,140501.42484049022,,140501.42484049022,,-83456.21194790758,,-83456.21194790758,,1.0,,#545cf8
2026-05-16,Jupiter,,237002.97866096906,,59250.744665242266,,-142134.54069753044,,-35533.63517438261,,,,
2026-05-16,GMTrade,,48678.882276104545,,12169.707654818945,,-270391.09481690486,,-67597.72648064957,,2.0,,#f79009
2026-05-16,Phoenix,,2718.1053001548003,,2718.1053001548003,,-416.0700296892005,,-416.0700296892005,,3.0,,#904ea6
2026-05-16,Flash Trade,,2599.43,,2212.73,,-3757.4,,-3147.32,,4.0,,#63b512
2026-05-16,Bullet,,115.25502593899999,,115.25502593899999,,15.973513638499966,,15.973513638499966,,5.0,,#f0384a
2026-05-16,Drift,,,,,,,,,,,,
2026-05-15,Total,931755.4200820512,,407102.9576056357,,200648.16886609234,,10618.266422821907,,1.0,,#545cf8,
2026-05-15,Pacifica,,223957.6367883978,,223957.6367883978,,-52019.11724026891,,-52019.11724026891,,1.0,,#545cf8
2026-05-15,Jupiter,,379137.5193584995,,94784.37983962487,,140979.84876073638,,35244.962190184095,,,,
2026-05-15,GMTrade,,319069.9770930094,,79767.43413546852,,111957.35786961933,,27989.311996901328,,2.0,,#f79009
2026-05-15,Flash Trade,,6356.83,,5360.05,,2158.0599999999995,,1831.0900000000001,,4.0,,#63b512
2026-05-15,Phoenix,,3134.1753298440008,,3134.1753298440008,,-2424.7535366236007,,-2424.7535366236007,,3.0,,#904ea6
2026-05-15,Bullet,,99.28151230050003,,99.28151230050003,,-3.2269873709999928,,-3.2269873709999928,,5.0,,#f0384a
2026-05-15,Drift,,,,,,,,,,,,
2026-05-14,Total,731107.2512159589,,396484.6911828138,,-83306.37225953245,,-15060.706665837963,,1.0,,#545cf8,
2026-05-14,Pacifica,,275976.7540286667,,275976.7540286667,,6745.321150080941,,6745.321150080941,,1.0,,#545cf8
2026-05-14,Jupiter,,238157.67059776312,,59539.41764944078,,-156859.45661260132,,-39214.86415315033,,,,
2026-05-14,GMTrade,,207112.61922339007,,51778.12213856719,,66219.83735511778,,16554.960489361118,,2.0,,#f79009
2026-05-14,Phoenix,,5558.928866467601,,5558.928866467601,,1964.6573481988012,,1964.6573481988012,,3.0,,#904ea6
2026-05-14,Flash Trade,,4198.77,,3528.96,,-1479.2399999999998,,-1213.29,,4.0,,#63b512
2026-05-14,Bullet,,102.50849967150002,,102.50849967150002,,,,,,5.0,,#f0384a
2026-05-14,Drift,,,,,,,,,,,,
2026-05-13,Total,814413.6234754913,,411545.39784865174,,239250.6679853811,,58632.63478087186,,1.0,,#545cf8,
2026-05-13,Pacifica,,269231.43287858577,,269231.43287858577,,-1303.400489606196,,-1303.400489606196,,1.0,,#545cf8
2026-05-13,Jupiter,,395017.12721036444,,98754.28180259111,,201926.42158129986,,50481.605395324965,,,,
2026-05-13,GMTrade,,140892.7818682723,,35223.16164920607,,39727.214819006665,,9931.797800472264,,2.0,,#f79009
2026-05-13,Flash Trade,,5678.01,,4742.25,,-1911.3899999999994,,-1289.1899999999996,,4.0,,#63b512
2026-05-13,Phoenix,,3594.2715182688003,,3594.2715182688003,,811.8220746808001,,811.8220746808001,,3.0,,#904ea6
2026-05-13,Drift,,,,,,,,,,,,
2026-05-12,Total,575162.9554901102,,352912.7630677799,,-165040.1870105781,,-41972.88174867659,,1.0,,#545cf8,
2026-05-12,Pacifica,,270534.83336819196,,270534.83336819196,,449.85604516480817,,449.85604516480817,,1.0,,#545cf8
2026-05-12,Jupiter,,193090.70562906459,,48272.676407266146,,-178340.64705345745,,-44585.16176336436,,,,
2026-05-12,GMTrade,,101165.56704926562,,25291.363848733807,,14010.072497148081,,3502.5424689565916,,2.0,,#f79009
2026-05-12,Flash Trade,,7589.4,,6031.44,,-1927.2700000000004,,-2107.92,,4.0,,#63b512
2026-05-12,Phoenix,,2782.449443588,,2782.449443588,,767.8015005664004,,767.8015005664004,,3.0,,#904ea6
2026-05-12,Drift,,,,,,,,,,,,
2026-05-11,Total,740203.1425006883,,394885.6448164565,,294766.7786624895,,171761.28186697516,,1.0,,#545cf8,
2026-05-11,Pacifica,,270084.97732302715,,270084.97732302715,,126105.85674177692,,126105.85674177692,,1.0,,#545cf8
2026-05-11,Jupiter,,371431.35268252203,,92857.83817063051,,133995.65883682293,,33498.91470920573,,,,
2026-05-11,GMTrade,,87155.49455211754,,21788.821379777215,,29036.27885890044,,7259.046191003297,,2.0,,#f79009
2026-05-11,Flash Trade,,9516.67,,8139.36,,5010.31,,4278.789999999999,,4.0,,#63b512
2026-05-11,Phoenix,,2014.6479430215998,,2014.6479430215998,,618.6742249891993,,618.6742249891993,,3.0,,#904ea6
2026-05-11,Drift,,,,,,,,,,,,
2026-05-10,Total,445436.3638381988,,223124.36294948132,,-18613.393300192256,,9017.674015876604,,1.0,,#545cf8,
2026-05-10,Pacifica,,143979.12058125023,,143979.12058125023,,16577.809918827945,,16577.809918827945,,1.0,,#545cf8
2026-05-10,Jupiter,,237435.6938456991,,59358.923461424776,,-40861.573169584415,,-10215.393292396104,,,,
2026-05-10,GMTrade,,58119.2156932171,,14529.775188773918,,3757.5470416106327,,939.4044804911427,,2.0,,#f79009
2026-05-10,Flash Trade,,4506.36,,3860.57,,1334.7499999999995,,1137.7800000000002,,4.0,,#63b512
2026-05-10,Phoenix,,1395.9737180324005,,1395.9737180324005,,578.0729089536003,,578.0729089536003,,3.0,,#904ea6
2026-05-10,Drift,,,,,,,,,,,,
2026-05-09,Total,464049.7571383911,,214106.68893360472,,-135230.85296939051,,-138543.7917971673,,1.0,,#545cf8,
2026-05-09,Pacifica,,127401.31066242229,,127401.31066242229,,-138437.54797544668,,-138437.54797544668,,1.0,,#545cf8
2026-05-09,Jupiter,,278297.2670152835,,69574.31675382088,,41359.4363186009,,10339.859079650225,,,,
2026-05-09,GMTrade,,54361.668651606466,,13590.370708282775,,-36354.15250698116,,-9088.514095807222,,2.0,,#f79009
2026-05-09,Flash Trade,,3171.61,,2722.79,,-1436.4199999999996,,-995.4200000000001,,4.0,,#63b512
2026-05-09,Phoenix,,817.9008090788002,,817.9008090788002,,-362.16880556359956,,-362.16880556359956,,3.0,,#904ea6
2026-05-09,Drift,,,,,,,,,,,,
2026-05-08,Total,599280.6101077816,,352650.480730772,,-93118.21527287702,,-10726.710725149489,,1.0,,#545cf8,
2026-05-08,Pacifica,,265838.85863786895,,265838.85863786895,,19073.344649536535,,19073.344649536535,,1.0,,#545cf8
2026-05-08,Jupiter,,236937.83069668262,,59234.457674170655,,-115508.14393286989,,-28877.035983217473,,,,
2026-05-08,GMTrade,,90715.82115858763,,22678.884804089997,,6463.410310326348,,1615.8269084014173,,2.0,,#f79009
2026-05-08,Flash Trade,,4608.03,,3718.21,,-2948.3,,-2340.3199999999997,,4.0,,#63b512
2026-05-08,Phoenix,,1180.0696146423998,,1180.0696146423998,,-198.52629987000023,,-198.52629987000023,,3.0,,#904ea6
2026-05-08,Drift,,,,,,,,,,,,
2026-05-07,Total,692398.8253806586,,363377.1914559215,,-149410.71360200294,,-84868.58143686125,,1.0,,#545cf8,
2026-05-07,Pacifica,,246765.51398833242,,246765.51398833242,,-63350.38053961011,,-63350.38053961011,,1.0,,#545cf8
2026-05-07,Jupiter,,352445.9746295525,,88111.49365738813,,-63299.81210438645,,-15824.953026096613,,,,
2026-05-07,GMTrade,,84252.41084826128,,21063.05789568858,,-23209.693958035597,,-5802.430871183751,,2.0,,#f79009
2026-05-07,Flash Trade,,7556.33,,6058.53,,272.3099999999995,,-67.68000000000029,,4.0,,#63b512
2026-05-07,Phoenix,,1378.5959145124,,1378.5959145124,,176.86300002919984,,176.86300002919984,,3.0,,#904ea6
2026-05-07,Drift,,,,,,,,,,,,
2026-05-06,Total,841809.5389826616,,448245.77289278276,,155455.185273375,,59962.13557973411,,1.0,,#545cf8,
2026-05-06,Pacifica,,310115.8945279425,,310115.8945279425,,27282.66248903057,,27282.66248903057,,1.0,,#545cf8
2026-05-06,Jupiter,,415745.78673393896,,103936.44668348474,,98156.97941552557,,24539.24485388139,,,,
2026-05-06,GMTrade,,107462.10480629688,,26865.48876687233,,28604.674576806487,,7151.169444809817,,2.0,,#f79009
2026-05-06,Flash Trade,,7284.02,,6126.21,,2798.1500000000005,,2376.34,,4.0,,#63b512
2026-05-06,Phoenix,,1201.7329144832001,,1201.7329144832001,,-1387.2812079875994,,-1387.2812079875994,,3.0,,#904ea6
2026-05-06,Drift,,,,,,,,,,,,
2026-05-05,Total,686354.3537092865,,388283.63731304865,,45344.13526086835,,16544.927660717804,,1.0,,#545cf8,
2026-05-05,Pacifica,,282833.23203891196,,282833.23203891196,,8686.33016019169,,8686.33016019169,,1.0,,#545cf8
2026-05-05,Jupiter,,317588.8073184134,,79397.20182960335,,40561.323725277034,,10140.330931319259,,,,
2026-05-05,GMTrade,,78857.43022949039,,19714.319322062514,,-1354.342152680023,,-338.57695887274895,,2.0,,#f79009
2026-05-05,Flash Trade,,4485.87,,3749.87,,-2992.04,,-2386.0199999999995,,4.0,,#63b512
2026-05-05,Phoenix,,2589.0141224707995,,2589.0141224707995,,442.86352807959975,,442.86352807959975,,3.0,,#904ea6
2026-05-05,Drift,,,,,,,,,,,,
2026-05-04,Total,641010.2184484182,,371738.70965233084,,222328.2540868356,,167905.89669781443,,1.0,,#545cf8,
2026-05-04,Pacifica,,274146.90187872027,,274146.90187872027,,144653.63970975688,,144653.63970975688,,1.0,,#545cf8
2026-05-04,Jupiter,,277027.48359313636,,69256.87089828409,,9003.077047129103,,2250.769261782276,,,,
2026-05-04,GMTrade,,80211.77238217041,,20052.896280935263,,62258.922710568106,,15564.693106893636,,2.0,,#f79009
2026-05-04,Flash Trade,,7477.91,,6135.889999999999,,4888.139999999999,,3912.3199999999997,,4.0,,#63b512
2026-05-04,Phoenix,,2146.1505943912,,2146.1505943912,,1524.4746193815997,,1524.4746193815997,,3.0,,#904ea6
2026-05-04,Drift,,,,,,,,,,,,
2026-05-03,Total,418681.9643615826,,203832.8129545164,,215492.30838229627,,70069.03661324244,,1.0,,#545cf8,
2026-05-03,Pacifica,,129493.26216896337,,129493.26216896337,,20604.915963947453,,20604.915963947453,,1.0,,#545cf8
2026-05-03,Jupiter,,268024.40654600726,,67006.10163650181,,181758.64990358608,,45439.66247589652,,,,
2026-05-03,GMTrade,,17952.84967160231,,4488.203174041629,,11964.42281326347,,2991.0984718992568,,2.0,,#f79009
2026-05-03,Flash Trade,,2589.77,,2223.5699999999997,,963.31,,832.3499999999997,,4.0,,#63b512
2026-05-03,Phoenix,,621.6759750096,,621.6759750096,,201.0097014992001,,201.0097014992001,,3.0,,#904ea6
2026-05-03,Drift,,,,,,,,,,,,
2026-05-02,Total,203189.65597928633,,133763.77634127397,,-368368.79315289157,,-194912.9956049621,,1.0,,#545cf8,
2026-05-02,Pacifica,,108888.34620501591,,108888.34620501591,,-133137.64025597955,,-133137.64025597955,,1.0,,#545cf8
2026-05-02,Jupiter,,86265.75664242118,,21566.439160605296,,-202802.4749381928,,-50700.6187345482,,,,
2026-05-02,GMTrade,,5988.426858338841,,1497.1047021423717,,-27177.918946905556,,-6794.467602620732,,2.0,,#f79009
2026-05-02,Flash Trade,,1626.46,,1391.22,,-4822.06,,-3851.5699999999997,,4.0,,#63b512
2026-05-02,Phoenix,,420.66627351039995,,420.66627351039995,,-428.6990118136,,-428.6990118136,,3.0,,#904ea6
2026-05-02,Drift,,,,,,,,,,,,
2026-05-01,Total,571558.4491321779,,328676.7719462361,,159974.76620659424,,54254.11762258812,,1.0,,#545cf8,
2026-05-01,Pacifica,,242025.98646099545,,242025.98646099545,,16881.798356239742,,16881.798356239742,,1.0,,#545cf8
2026-05-01,Jupiter,,289068.231580614,,72267.0578951535,,157835.9610808442,,39458.99027021105,,,,
2026-05-01,GMTrade,,33166.3458052444,,8291.572304763104,,-17776.18935886689,,-4444.047132239915,,2.0,,#f79009
2026-05-01,Flash Trade,,6448.52,,5242.79,,3168.5400000000004,,2492.7200000000003,,4.0,,#63b512
2026-05-01,Phoenix,,849.365285324,,849.365285324,,-135.34387162279995,,-135.34387162279995,,3.0,,#904ea6
2026-05-01,Drift,,,,,,,,,,,,
2026-04-30,Total,411583.6829255836,,274422.65432364796,,-287390.27363575326,,-83464.38137544406,,1.0,,#545cf8,
2026-04-30,Pacifica,,225144.1881047557,,225144.1881047557,,-13785.336164969456,,-13785.336164969456,,1.0,,#545cf8
2026-04-30,Jupiter,,131232.2704997698,,32808.06762494245,,-273942.9097295952,,-68485.7274323988,,,,
2026-04-30,GMTrade,,50942.53516411129,,12735.619437003019,,2314.504571534526,,578.6245346473843,,2.0,,#f79009
2026-04-30,Flash Trade,,3279.98,,2750.0699999999997,,-1686.9,,-1482.3100000000004,,4.0,,#63b512
2026-04-30,Phoenix,,984.7091569467999,,984.7091569467999,,-289.63231272320024,,-289.63231272320024,,3.0,,#904ea6
2026-04-30,Drift,,,,,,,,,,,,
2026-04-29,Total,698973.9565613369,,357887.035699092,,332348.5742486308,,140269.31546317262,,1.0,,#545cf8,
2026-04-29,Pacifica,,238929.52426972517,,238929.52426972517,,74081.30759990469,,74081.30759990469,,1.0,,#545cf8
2026-04-29,Jupiter,,405175.180229365,,101293.79505734125,,254489.3879571362,,63622.34698928405,,,,
2026-04-29,GMTrade,,48628.03059257676,,12156.994902355635,,1363.5298903811708,,340.88207277512265,,2.0,,#f79009
2026-04-29,Flash Trade,,4966.88,,4232.38,,1879.9,,1690.3300000000004,,4.0,,#63b512
2026-04-29,Phoenix,,1274.3414696700002,,1274.3414696700002,,534.4488012088001,,534.4488012088001,,3.0,,#904ea6
2026-04-29,Drift,,,,,,,,,,,,
2026-04-28,Total,366625.3823127061,,217617.7202359194,,-191096.71524578112,,-64308.14056291233,,1.0,,#545cf8,
2026-04-28,Pacifica,,164848.21666982048,,164848.21666982048,,-18509.29061849363,,-18509.29061849363,,1.0,,#545cf8
2026-04-28,Jupiter,,150685.7922722288,,37671.4480680572,,-170021.8875389251,,-42505.471884731276,,,,
2026-04-28,GMTrade,,47264.50070219559,,11816.112829580512,,1979.5613631172164,,494.89039179210704,,2.0,,#f79009
2026-04-28,Flash Trade,,3086.98,,2542.0499999999997,,-4150.549999999999,,-3393.7200000000007,,4.0,,#63b512
2026-04-28,Phoenix,,739.8926684612001,,739.8926684612001,,-394.5484514796002,,-394.5484514796002,,3.0,,#904ea6
2026-04-28,Drift,,,,,,,,,,,,
2026-04-27,Total,557722.0975584872,,281925.86079883174,,284632.1702894521,,129823.95394376366,,1.0,,#545cf8,
2026-04-27,Pacifica,,183357.5072883141,,183357.5072883141,,75468.89353725068,,75468.89353725068,,1.0,,#545cf8
2026-04-27,Jupiter,,320707.6798111539,,80176.91995278848,,162648.76844093562,,40662.192110233904,,,,
2026-04-27,GMTrade,,45284.93933907837,,11321.222437788405,,42852.692334572595,,10713.16231958591,,2.0,,#f79009
2026-04-27,Flash Trade,,7237.53,,5935.77,,3082.08,,2399.9700000000007,,4.0,,#63b512
2026-04-27,Phoenix,,1134.4411199408003,,1134.4411199408003,,579.7359766932003,,579.7359766932003,,3.0,,#904ea6
2026-04-27,Drift,,,,,,,,,,,,
2026-04-26,Total,273089.92726903514,,152101.90685506808,,-11151.644110810943,,21668.026860199083,,1.0,,#545cf8,
2026-04-26,Pacifica,,107888.61375106343,,107888.61375106343,,30813.067563701698,,30813.067563701698,,1.0,,#545cf8
2026-04-26,Jupiter,,158058.9113702183,,39514.727842554574,,-43618.80700387375,,-10904.701750968437,,,,
2026-04-26,Flash Trade,,4155.45,,3535.7999999999997,,2383.43,,2015.3899999999999,,4.0,,#63b512
2026-04-26,GMTrade,,2432.2470045057803,,608.0601182024939,,-631.4719373672983,,-157.8662192625593,,2.0,,#f79009
2026-04-26,Phoenix,,554.7051432476,,554.7051432476,,-97.86273327160006,,-97.86273327160006,,3.0,,#904ea6
2026-04-26,Drift,,,,,,,,,,,,
2026-04-25,Total,284241.5713798461,,130433.879994869,,-121247.57540958456,,-142586.5619011594,,1.0,,#545cf8,
2026-04-25,Pacifica,,77075.54618736173,,77075.54618736173,,-148587.04216089926,,-148587.04216089926,,1.0,,#545cf8
2026-04-25,Jupiter,,201677.71837409204,,50419.42959352301,,44511.95588596986,,11127.988971492465,,,,
2026-04-25,Flash Trade,,1772.02,,1520.4099999999999,,-1750.44,,-1434.21,,4.0,,#63b512
2026-04-25,GMTrade,,3063.7189418730786,,765.9263374650532,,-15638.33032278121,,-3909.5798998786163,,2.0,,#f79009
2026-04-25,Phoenix,,652.5678765192,,652.5678765192,,216.28118812600007,,216.28118812600007,,3.0,,#904ea6
2026-04-25,Drift,,,,,,,,,,,,
2026-04-24,Total,405489.14678943064,,273020.4418960284,,-202630.07858364587,,-65289.80996161024,,1.0,,#545cf8,
2026-04-24,Pacifica,,225662.588348261,,225662.588348261,,-18060.327247441164,,-18060.327247441164,,1.0,,#545cf8
2026-04-24,Jupiter,,157165.7624881222,,39291.44062203055,,-168641.21112553167,,-42160.30278138292,,,,
2026-04-24,GMTrade,,18702.049264654288,,4675.506237343669,,-13913.969335593825,,-3478.4890577069164,,2.0,,#f79009
2026-04-24,Flash Trade,,3522.46,,2954.62,,-1656.2399999999998,,-1232.3599999999997,,4.0,,#63b512
2026-04-24,Phoenix,,436.28668839319994,,436.28668839319994,,-358.33087507920004,,-358.33087507920004,,3.0,,#904ea6
2026-04-24,Drift,,,,,,,,,,,,
2026-04-23,Total,608119.2253730765,,338310.25185763865,,62957.87214503437,,39232.30595921492,,1.0,,#545cf8,
2026-04-23,Pacifica,,243722.91559570216,,243722.91559570216,,34690.71700221574,,34690.71700221574,,1.0,,#545cf8
2026-04-23,Jupiter,,325806.97361365386,,81451.74340341346,,31611.974502314057,,7902.993625578514,,,,
2026-04-23,GMTrade,,32616.018600248113,,8153.995295050586,,541.7811270145539,,135.44581793065117,,2.0,,#f79009
2026-04-23,Flash Trade,,5178.7,,4186.98,,-3473.7300000000005,,-3083.9800000000014,,4.0,,#63b512
2026-04-23,Phoenix,,794.6175634724,,794.6175634724,,-412.87048650999986,,-412.87048650999986,,3.0,,#904ea6
2026-04-23,Drift,,,,,,,,,,,,
2026-04-22,Total,545161.3532280421,,299077.9458984237,,-98759.20514202712,,-65520.11449938518,,1.0,,#545cf8,
2026-04-22,Pacifica,,209032.19859348642,,209032.19859348642,,-46079.60004718497,,-46079.60004718497,,1.0,,#545cf8
2026-04-22,Jupiter,,294194.9991113398,,73548.74977783495,,-17084.912090718863,,-4271.228022679716,,,,
2026-04-22,GMTrade,,32074.23747323356,,8018.549477119935,,-25056.820560240063,,-6264.203985637297,,2.0,,#f79009
2026-04-22,Flash Trade,,8652.43,,7270.960000000001,,-9907.009999999998,,-8274.22,,4.0,,#63b512
2026-04-22,Phoenix,,1207.4880499823998,,1207.4880499823998,,-630.8624438832005,,-630.8624438832005,,3.0,,#904ea6
2026-04-22,Drift,,,,,,,,,,,,
2026-04-21,Total,643920.5583700693,,364598.0603978089,,108397.1146915193,,20391.26763610245,,1.0,,#545cf8,
2026-04-21,Pacifica,,255111.7986406714,,255111.7986406714,,-15451.498347812943,,-15451.498347812943,,1.0,,#545cf8
2026-04-21,Jupiter,,311279.91120205866,,77819.97780051467,,94192.75801463166,,23548.189503657915,,,,
2026-04-21,Flash Trade,,18559.44,,15545.18,,7483.129999999999,,6205.48,,4.0,,#63b512
2026-04-21,GMTrade,,57131.05803347362,,14282.753462757231,,21444.83413503106,,5361.205590587888,,2.0,,#f79009
2026-04-21,Phoenix,,1838.3504938656004,,1838.3504938656004,,727.8908896696007,,727.8908896696007,,3.0,,#904ea6
2026-04-21,Drift,,,,,,,,,,,,
2026-04-20,Total,535523.44367855,,344206.79276170646,,8678.067235367373,,101039.21007579041,,1.0,,#545cf8,
2026-04-20,Pacifica,,270563.29698848433,,270563.29698848433,,128179.21554477877,,128179.21554477877,,1.0,,#545cf8
2026-04-20,Jupiter,,217087.153187427,,54271.78829685675,,-141869.24169504063,,-35467.31042376016,,,,
2026-04-20,Flash Trade,,11076.31,,9339.7,,5308.37,,4429.230000000001,,4.0,,#63b512
2026-04-20,GMTrade,,35686.223898442564,,8921.547872169343,,17548.86622418273,,4387.217793325368,,2.0,,#f79009
2026-04-20,Phoenix,,1110.4596041959996,,1110.4596041959996,,-489.14283855360054,,-489.14283855360054,,3.0,,#904ea6
2026-04-20,Drift,,,,,,,,,,,,
2026-04-19,Total,526845.3764431826,,243167.58268591604,,142362.32600130257,,57654.19740599478,,1.0,,#545cf8,
2026-04-19,Pacifica,,142384.08144370557,,142384.08144370557,,27886.679800611208,,27886.679800611208,,1.0,,#545cf8
2026-04-19,Jupiter,,358956.39488246763,,89739.09872061691,,106774.59586318213,,26693.64896579553,,,,
2026-04-19,Flash Trade,,5767.94,,4910.469999999999,,1425.0,,1202.9199999999992,,4.0,,#63b512
2026-04-19,GMTrade,,18137.357674259834,,4534.330078843976,,5873.462015888112,,1468.3603179668285,,2.0,,#f79009
2026-04-19,Phoenix,,1599.6024427496002,,1599.6024427496002,,402.58832162120007,,402.58832162120007,,3.0,,#904ea6
2026-04-19,Drift,,,,,,,,,,,,
2026-04-18,Total,384483.05044188,,185513.38527992126,,-407045.73802872933,,-202574.80187526517,,1.0,,#545cf8,
2026-04-18,Pacifica,,114497.40164309436,,114497.40164309436,,-128415.28199758196,,-128415.28199758196,,1.0,,#545cf8
2026-04-18,Jupiter,,252181.7990192855,,63045.44975482138,,-205686.43353894234,,-51421.608384735584,,,,
2026-04-18,Flash Trade,,4342.94,,3707.55,,-7005.740000000001,,-5857.86,,4.0,,#63b512
2026-04-18,GMTrade,,12263.895658371723,,3065.969760877147,,-65410.964642369465,,-16352.733643112058,,2.0,,#f79009
2026-04-18,Phoenix,,1197.0141211284001,,1197.0141211284001,,-527.3178498355999,,-527.3178498355999,,3.0,,#904ea6
2026-04-18,Drift,,,,,,,,,,,,
2026-04-17,Total,791528.7884706093,,388088.18715518643,,146389.74964878918,,20070.212410448585,,1.0,,#545cf8,
2026-04-17,Pacifica,,242912.68364067632,,242912.68364067632,,-25481.805910794414,,-25481.805910794414,,1.0,,#545cf8
2026-04-17,Jupiter,,457868.23255822784,,114467.05813955696,,145957.96835956932,,36489.49208989233,,,,
2026-04-17,GMTrade,,77674.86030074119,,19418.703403989206,,21707.28738015508,,5426.826411491511,,2.0,,#f79009
2026-04-17,Flash Trade,,11348.68,,9565.41,,3863.92,,3293.3199999999997,,4.0,,#63b512
2026-04-17,Phoenix,,1724.331970964,,1724.331970964,,342.37981985919964,,342.37981985919964,,3.0,,#904ea6
2026-04-17,Drift,,,,,,,,,,,,
2026-04-16,Total,645139.0388218202,,368017.97474473785,,-58884.36523976922,,475.5163710945053,,1.0,,#545cf8,
2026-04-16,Pacifica,,268394.48955147073,,268394.48955147073,,16949.46129211964,,16949.46129211964,,1.0,,#545cf8
2026-04-16,Jupiter,,311910.2641986585,,77977.56604966463,,-119131.377994126,,-29782.8444985315,,,,
2026-04-16,GMTrade,,55967.572920586106,,13991.876992497695,,40183.797166825934,,10045.945282095201,,2.0,,#f79009
2026-04-16,Flash Trade,,7484.76,,6272.09,,2579.99,,2729.1900000000005,,4.0,,#63b512
2026-04-16,Phoenix,,1381.9521511048004,,1381.9521511048004,,533.7642954112004,,533.7642954112004,,3.0,,#904ea6
2026-04-16,Drift,,,,,,,,,,,,
2026-04-15,Total,704023.4040615894,,367542.45837364334,,93493.98909819941,,42464.14971155586,,1.0,,#545cf8,
2026-04-15,Pacifica,,251445.0282593511,,251445.0282593511,,26899.35199761318,,26899.35199761318,,1.0,,#545cf8
2026-04-15,Jupiter,,431041.6421927845,,107760.41054819613,,104885.64547694771,,26221.41136923693,,,,
2026-04-15,GMTrade,,15783.77575376017,,3945.9317104024944,,-37542.762279102375,,-9385.687558035046,,2.0,,#f79009
2026-04-15,Flash Trade,,4904.77,,3542.8999999999996,,-521.4799999999996,,-1044.1599999999999,,4.0,,#63b512
2026-04-15,Phoenix,,848.1878556936,,848.1878556936,,-226.76609725920014,,-226.76609725920014,,3.0,,#904ea6
2026-04-15,Drift,,,,,,,,,,,,
2026-04-14,Total,610529.41496339,,325078.3086620875,,-167016.70768621168,,-75138.85398810654,,1.0,,#545cf8,
2026-04-14,Pacifica,,224545.6762617379,,224545.6762617379,,-42424.93286349889,,-42424.93286349889,,1.0,,#545cf8
2026-04-14,Jupiter,,326155.9967158368,,81538.9991789592,,-113793.4255504001,,-28448.356387600026,,,,
2026-04-14,GMTrade,,53326.53803286255,,13331.61926843754,,-8042.351848124206,,-2010.5773128192213,,2.0,,#f79009
2026-04-14,Flash Trade,,5426.25,,4587.0599999999995,,-2712.4799999999996,,-2211.470000000001,,4.0,,#63b512
2026-04-14,Phoenix,,1074.9539529528001,,1074.9539529528001,,-43.5174241883999,,-43.5174241883999,,3.0,,#904ea6
2026-04-14,Drift,,,,,,,,,,,,
2026-04-13,Total,777546.1226496017,,400217.162650194,,273958.49905905616,,164331.9905324589,,1.0,,#545cf8,
2026-04-13,Pacifica,,266970.6091252368,,266970.6091252368,,123590.4121699052,,123590.4121699052,,1.0,,#545cf8
2026-04-13,Jupiter,,439949.4222662369,,109987.35556655923,,119015.48374255438,,29753.870935638595,,,,
2026-04-13,GMTrade,,61368.88988098675,,15342.196581256761,,26024.971200371823,,6506.2254806902965,,2.0,,#f79009
2026-04-13,Flash Trade,,8138.73,,6798.530000000001,,4765.699999999999,,3919.5500000000006,,4.0,,#63b512
2026-04-13,Phoenix,,1118.4713771412,,1118.4713771412,,561.9319462248,,561.9319462248,,3.0,,#904ea6
2026-04-13,Drift,,,,,,,,,,,,
2026-04-12,Total,503587.6235905455,,235885.1721177351,,25584.173123534187,,19421.824464981473,,1.0,,#545cf8,
2026-04-12,Pacifica,,143380.1969553316,,143380.1969553316,,17668.555908012582,,17668.555908012582,,1.0,,#545cf8
2026-04-12,Jupiter,,320933.93852368253,,80233.48463092063,,-14510.569826137624,,-3627.642456534406,,,,
2026-04-12,GMTrade,,35343.91868061493,,8835.971100566465,,22780.224158806825,,5695.04813065088,,2.0,,#f79009
2026-04-12,Flash Trade,,3373.03,,2878.98,,-257.39999999999964,,-217.5,,4.0,,#63b512
2026-04-12,Phoenix,,556.5394309164001,,556.5394309164001,,-96.63711714759995,,-96.63711714759995,,3.0,,#904ea6
2026-04-12,Drift,,,,,,,,,,,,
2026-04-11,Total,478003.4504670113,,216463.34765275364,,72916.6862744246,,-9534.177195956494,,1.0,,#545cf8,
2026-04-11,Pacifica,,125711.64104731902,,125711.64104731902,,-32384.74262404762,,-32384.74262404762,,1.0,,#545cf8
2026-04-11,Jupiter,,335444.50834982016,,83861.12708745504,,152156.1347675801,,38039.03369189503,,,,
2026-04-11,GMTrade,,12563.694521808105,,3140.922969915585,,-41072.25941501709,,-10268.06180971312,,2.0,,#f79009
2026-04-11,Flash Trade,,3630.43,,3096.48,,-5269.799999999999,,-4407.76,,4.0,,#63b512
2026-04-11,Phoenix,,653.176548064,,653.176548064,,-512.6464540908001,,-512.6464540908001,,3.0,,#904ea6
2026-04-11,Drift,,,,,,,,,,,,
2026-04-10,Total,405086.7641925867,,225997.52484871013,,-307974.4818540996,,-137027.86532984106,,1.0,,#545cf8,
2026-04-10,Pacifica,,158096.38367136664,,158096.38367136664,,-79125.09960111728,,-79125.09960111728,,1.0,,#545cf8
2026-04-10,Jupiter,,183288.37358224005,,45822.09339556001,,-190206.48456780173,,-47551.62114195043,,,,
2026-04-10,GMTrade,,53635.9539368252,,13408.984779628705,,-37745.21255017973,,-9436.299451772522,,2.0,,#f79009
2026-04-10,Flash Trade,,8900.23,,7504.24,,-317.52000000000044,,-334.6800000000003,,4.0,,#63b512
2026-04-10,Phoenix,,1165.8230021548002,,1165.8230021548002,,-580.1651350007999,,-580.1651350007999,,3.0,,#904ea6
2026-04-10,Drift,,,,,,,,,,,,
2026-04-09,Total,713061.2460466863,,363025.3901785512,,59163.8165941115,,-4780.299558066996,,1.0,,#545cf8,
2026-04-09,Pacifica,,237221.48327248392,,237221.48327248392,,-28751.135911055084,,-28751.135911055084,,1.0,,#545cf8
2026-04-09,Jupiter,,373494.8581500418,,93373.71453751044,,118821.173459802,,29705.2933649505,,,,
2026-04-09,GMTrade,,91381.16648700493,,22845.284231401227,,-33983.298892871055,,-8495.824950198043,,2.0,,#f79009
2026-04-09,Flash Trade,,9217.75,,7838.92,,2250.74,,1935.0300000000007,,4.0,,#63b512
2026-04-09,Phoenix,,1745.9881371556,,1745.9881371556,,826.3379382356001,,826.3379382356001,,3.0,,#904ea6
2026-04-09,Drift,,,,,,,,,,,,
2026-04-08,Total,653897.4294525748,,367805.6897366182,,-238880.89169112837,,-35522.237325763155,,1.0,,#545cf8,
2026-04-08,Pacifica,,265972.619183539,,265972.619183539,,34674.676887321344,,34674.676887321344,,1.0,,#545cf8
2026-04-08,Jupiter,,254673.68469023978,,63668.421172559945,,-226526.07299184625,,-56631.51824796156,,,,
2026-04-08,GMTrade,,125364.46537987598,,31341.10918159927,,-43949.70746993429,,-10987.417848453697,,2.0,,#f79009
2026-04-08,Flash Trade,,6967.01,,5903.889999999999,,-2894.33,,-2392.5200000000004,,4.0,,#63b512
2026-04-08,Phoenix,,919.65019892,,919.65019892,,-185.45811666919974,,-185.45811666919974,,3.0,,#904ea6
2026-04-08,Drift,,,,,,,,,,,,
2026-04-07,Total,892778.3211437032,,403327.92706238135,,178281.58289260254,,37323.99880463316,,1.0,,#545cf8,
2026-04-07,Pacifica,,231297.94229621766,,231297.94229621766,,-12075.649548075307,,-12075.649548075307,,1.0,,#545cf8
2026-04-07,Jupiter,,481199.757682086,,120299.9394205215,,205689.76085152797,,51422.44021288199,,,,
2026-04-07,GMTrade,,169314.17284981027,,42328.52703005297,,-18449.851660191343,,-4612.455109514776,,2.0,,#f79009
2026-04-07,Flash Trade,,9861.34,,8296.41,,3025.6400000000003,,2497.9800000000005,,4.0,,#63b512
2026-04-07,Phoenix,,1105.1083155891997,,1105.1083155891997,,91.6832493411996,,91.6832493411996,,3.0,,#904ea6
2026-04-07,Drift,,,,,,,,,,,,
2026-04-06,Total,714496.7382511006,,366003.9282577482,,277714.02026625467,,164419.43517710175,,1.0,,#545cf8,
2026-04-06,Pacifica,,243373.59184429297,,243373.59184429297,,124360.70084899981,,124360.70084899981,,1.0,,#545cf8
2026-04-06,Jupiter,,275509.99683055806,,68877.49920763951,,-13940.754761413846,,-3485.1886903534614,,,,
2026-04-06,GMTrade,,187764.02451000162,,46940.98213956774,,164531.7179593943,,41132.91679918105,,2.0,,#f79009
2026-04-06,Flash Trade,,6835.7,,5798.429999999999,,2255.4299999999994,,1904.0799999999995,,4.0,,#63b512
2026-04-06,Phoenix,,1013.4250662480001,,1013.4250662480001,,506.9262192744001,,506.9262192744001,,3.0,,#904ea6
2026-04-06,Drift,,,,,,,,,,,,
2026-04-05,Total,436782.717984846,,201584.49308064644,,274563.284381952,,113706.64038032405,,1.0,,#545cf8,
2026-04-05,Pacifica,,119012.89099529316,,119012.89099529316,,58569.376838896686,,58569.376838896686,,1.0,,#545cf8
2026-04-05,Jupiter,,289450.7515919719,,72362.68789799298,,194136.5706779827,,48534.142669495675,,,,
2026-04-05,GMTrade,,23232.306550607325,,5808.065340386698,,19976.569187431436,,4994.133194290473,,2.0,,#f79009
2026-04-05,Flash Trade,,4580.27,,3894.35,,1795.5100000000002,,1523.73,,4.0,,#63b512
2026-04-05,Phoenix,,506.4988469736,,506.4988469736,,85.25767764120002,,85.25767764120002,,3.0,,#904ea6
2026-04-05,Drift,,,,,,,,,,,,
2026-04-04,Total,162219.43360289396,,87877.85270032239,,-344548.0448160872,,-138614.9247730191,,1.0,,#545cf8,
2026-04-04,Pacifica,,60443.51415639647,,60443.51415639647,,-69413.24483060231,,-69413.24483060231,,1.0,,#545cf8
2026-04-04,Jupiter,,95314.1809139892,,23828.5452284973,,-249104.05612866115,,-62276.01403216529,,,,
2026-04-04,Flash Trade,,2784.76,,2370.62,,-660.27,,-560.29,,4.0,,#63b512
2026-04-04,GMTrade,,3255.7373631758896,,813.9321460962252,,-25340.116459879293,,-6335.0185133070445,,2.0,,#f79009
2026-04-04,Phoenix,,421.2411693324,,421.2411693324,,-30.357396944400023,,-30.357396944400023,,3.0,,#904ea6
2026-04-04,Drift,,,,,,,,,,,,
2026-04-03,Total,506767.47841898113,,226492.77747334147,,-362347.7170720208,,-161243.2965050032,,1.0,,#545cf8,
2026-04-03,Pacifica,,129856.75898699879,,129856.75898699879,,-90574.08208020037,,-90574.08208020037,,1.0,,#545cf8
2026-04-03,Jupiter,,344418.23704265035,,86104.55926066259,,-212464.6177089786,,-53116.15442724465,,,,
2026-04-03,GMTrade,,28595.853823055182,,7148.95065940327,,-54636.4151628423,,-13659.087877558626,,2.0,,#f79009
2026-04-03,Flash Trade,,3445.03,,2930.91,,-4286.610000000001,,-3507.9799999999996,,4.0,,#63b512
2026-04-03,Phoenix,,451.5985662768,,451.5985662768,,-385.9921199996,,-385.9921199996,,3.0,,#904ea6
2026-04-03,Drift,,,,,,,,,,,,
2026-04-02,Total,869115.1954910019,,387736.0739783447,,-1290515.1722907303,,-339671.244341583,,1.0,,#545cf8,
2026-04-02,Pacifica,,220430.84106719916,,220430.84106719916,,-22038.311480382894,,-22038.311480382894,,1.0,,#545cf8
2026-04-02,Jupiter,,556882.8547516289,,139220.71368790723,,-1240584.7652443107,,-310146.1913110777,,,,
2026-04-02,GMTrade,,83232.26898589748,,20808.038536961896,,-27606.894494815657,,-6901.730478901241,,2.0,,#f79009
2026-04-02,Flash Trade,,7731.64,,6438.889999999999,,1117.7600000000002,,817.9499999999998,,4.0,,#63b512
2026-04-02,Phoenix,,837.5906862764,,837.5906862764,,-185.4586762212,,-185.4586762212,,3.0,,#904ea6
2026-04-02,Drift,,,,,,,,,,,,
2026-04-01,Total,2159630.367781732,,727407.3183199277,,1211031.1455715655,,297579.5023132253,,1.0,,#545cf8,
2026-04-01,Jupiter,,1797467.6199959395,,449366.9049989849,,1199876.201083277,,299969.0502708192,,,,
2026-04-01,Pacifica,,242469.15254758205,,242469.15254758205,,-5578.281424813176,,-5578.281424813176,,1.0,,#545cf8
2026-04-01,GMTrade,,110839.16348071313,,27709.769015863138,,18336.737709238296,,4584.18526335567,,2.0,,#f79009
2026-04-01,Flash Trade,,6613.88,,5620.94,,-1311.13,,-1103.0700000000006,,4.0,,#63b512
2026-04-01,Drift,,1217.5023950000004,,1217.5023950000004,,-345.0799920000002,,-345.0799920000002,,,,
2026-04-01,Phoenix,,1023.0493624976,,1023.0493624976,,52.698195863600176,,52.698195863600176,,3.0,,#904ea6
2026-03-31,Total,948599.2222101667,,429827.8160067024,,215078.07292928488,,77227.41522680648,,1.0,,#545cf8,
2026-03-31,Pacifica,,248047.43397239523,,248047.43397239523,,29827.733824852738,,29827.733824852738,,1.0,,#545cf8
2026-03-31,Jupiter,,597591.4189126627,,149397.85472816566,,161338.592352796,,40334.648088199,,,,
2026-03-31,GMTrade,,92502.42577147484,,23125.583752507468,,22182.600048687396,,5545.656610805963,,2.0,,#f79009
2026-03-31,Flash Trade,,7925.01,,6724.01,,874.4800000000005,,664.71,,4.0,,#63b512
2026-03-31,Drift,,1562.5823870000006,,1562.5823870000006,,402.56194800000026,,402.56194800000026,,,,
2026-03-31,Phoenix,,970.3511666339998,,970.3511666339998,,452.10475494879984,,452.10475494879984,,3.0,,#904ea6
2026-03-30,Total,733521.1492808819,,352600.4007798959,,194105.37445786304,,118623.0320985828,,1.0,,#545cf8,
2026-03-30,Pacifica,,218219.7001475425,,218219.7001475425,,93327.72845544753,,93327.72845544753,,1.0,,#545cf8
2026-03-30,Jupiter,,436252.82655986666,,109063.20663996667,,51947.01295737992,,12986.75323934498,,,,
2026-03-30,GMTrade,,70319.82572278744,,17579.927141701504,,48304.922187925105,,12076.209546679835,,2.0,,#f79009
2026-03-30,Flash Trade,,7050.53,,6059.3,,2326.6499999999996,,2033.2800000000002,,4.0,,#63b512
2026-03-30,Drift,,1160.0204390000004,,1160.0204390000004,,-1665.009961999997,,-1665.009961999997,,,,
2026-03-30,Phoenix,,518.2464116852,,518.2464116852,,-135.92918088960016,,-135.92918088960016,,3.0,,#904ea6
2026-03-29,Total,539415.7748230188,,233977.3686813131,,191107.81441066327,,59522.532091420144,,1.0,,#545cf8,
2026-03-29,Pacifica,,124891.97169209496,,124891.97169209496,,11547.127855251034,,11547.127855251034,,1.0,,#545cf8
2026-03-29,Jupiter,,384305.81360248674,,96076.45340062169,,159509.43435119445,,39877.35858779861,,,,
2026-03-29,GMTrade,,22014.903534862337,,5503.71759502167,,15459.36265976982,,3864.836103922501,,2.0,,#f79009
2026-03-29,Flash Trade,,4723.88,,4026.02,,2446.2400000000002,,2087.56,,4.0,,#63b512
2026-03-29,Drift,,2825.0304009999973,,2825.0304009999973,,2208.077935999995,,2208.077935999995,,,,
2026-03-29,Phoenix,,654.1755925748001,,654.1755925748001,,-62.42839155199988,,-62.42839155199988,,3.0,,#904ea6
2026-03-28,Total,348307.96041235555,,174454.83658989295,,-425352.28100532555,,-191740.34520245527,,1.0,,#545cf8,
2026-03-28,Pacifica,,113344.84383684392,,113344.84383684392,,-104877.14601099298,,-104877.14601099298,,1.0,,#545cf8
2026-03-28,Jupiter,,224796.3792512923,,56199.094812823074,,-285733.8964964957,,-71433.47412412392,,,,
2026-03-28,Flash Trade,,2277.64,,1938.46,,-3881.7999999999997,,-3298.91,,4.0,,#63b512
2026-03-28,GMTrade,,6555.540875092517,,1638.8814910991687,,-24971.500420956974,,-6242.8769904584,,2.0,,#f79009
2026-03-28,Phoenix,,716.6039841268,,716.6039841268,,-178.92048288,,-178.92048288,,3.0,,#904ea6
2026-03-28,Drift,,616.9524650000021,,616.9524650000021,,-5709.017593999977,,-5709.017593999977,,,,
2026-03-27,Total,773660.2414176811,,366195.1817923482,,178730.68680643174,,43314.121620969905,,1.0,,#545cf8,
2026-03-27,Pacifica,,218221.9898478369,,218221.9898478369,,-3000.288128718006,,-3000.288128718006,,1.0,,#545cf8
2026-03-27,Jupiter,,510530.27574778796,,127632.56893694699,,192932.7931513058,,48233.19828782645,,,,
2026-03-27,GMTrade,,31527.04129604949,,7881.758481557568,,-12382.479180208768,,-3095.619502191321,,2.0,,#f79009
2026-03-27,Drift,,6325.970058999979,,6325.970058999979,,1240.9200299999957,,1240.9200299999957,,,,
2026-03-27,Flash Trade,,6159.44,,5237.37,,113.56999999999971,,109.74000000000069,,4.0,,#63b512
2026-03-27,Phoenix,,895.5244670068,,895.5244670068,,-173.8290659472002,,-173.8290659472002,,3.0,,#904ea6
2026-03-26,Total,594929.5546112494,,322881.0601713783,,-26233.597217522794,,18857.743705310684,,1.0,,#545cf8,
2026-03-26,Pacifica,,221222.2779765549,,221222.2779765549,,28013.314729009348,,28013.314729009348,,1.0,,#545cf8
2026-03-26,Jupiter,,317597.48259648215,,79399.37064912054,,-45316.87238004152,,-11329.21809501038,,,,
2026-03-26,GMTrade,,43909.52047625826,,10977.37798374889,,-15393.167497995448,,-3848.290860193045,,2.0,,#f79009
2026-03-26,Flash Trade,,6045.87,,5127.629999999999,,2929.7999999999997,,2488.609999999999,,4.0,,#63b512
2026-03-26,Drift,,5085.050028999984,,5085.050028999984,,2860.117347999987,,2860.117347999987,,,,
2026-03-26,Phoenix,,1069.3535329540002,,1069.3535329540002,,673.2105835048003,,673.2105835048003,,3.0,,#904ea6
2026-03-25,Total,621163.1518287722,,304023.3164660676,,-2329.3684615833918,,-46980.3881194499,,1.0,,#545cf8,
2026-03-25,Pacifica,,193208.96324754556,,193208.96324754556,,-59830.34093878398,,-59830.34093878398,,1.0,,#545cf8
2026-03-25,Jupiter,,362914.35497652367,,90728.58874413092,,56224.57211560756,,14056.14302890189,,,,
2026-03-25,GMTrade,,59302.687974253706,,14825.668843941934,,4079.0547641085795,,1019.7641929477522,,2.0,,#f79009
2026-03-25,Flash Trade,,3116.07,,2639.02,,-3242.64,,-2665.94,,4.0,,#63b512
2026-03-25,Drift,,2224.9326809999966,,2224.9326809999966,,456.5759590000059,,456.5759590000059,,,,
2026-03-25,Phoenix,,396.1429494492,,396.1429494492,,-16.59036151560008,,-16.59036151560008,,3.0,,#904ea6
2026-03-24,Total,623492.5202903555,,351003.7045855175,,-456132.6384759586,,-136210.6363027565,,1.0,,#545cf8,
2026-03-24,Pacifica,,253039.30418632954,,253039.30418632954,,-28197.857529126864,,-28197.857529126864,,1.0,,#545cf8
2026-03-24,Jupiter,,306689.7828609161,,76672.44571522903,,-265884.98587812064,,-66471.24646953016,,,,
2026-03-24,GMTrade,,55223.633210145126,,13805.904650994182,,-160768.43844310066,,-40192.10567848902,,2.0,,#f79009
2026-03-24,Flash Trade,,6358.71,,5304.96,,33.26000000000022,,-34.8100000000004,,4.0,,#63b512
2026-03-24,Drift,,1768.3567219999907,,1768.3567219999907,,-980.2816630000054,,-980.2816630000054,,,,
2026-03-24,Phoenix,,412.73331096480007,,412.73331096480007,,-334.33496261039994,,-334.33496261039994,,3.0,,#904ea6
2026-03-23,Total,1079625.1587663142,,487214.340888274,,607586.8214160849,,250858.2486376765,,1.0,,#545cf8,
2026-03-23,Pacifica,,281237.1617154564,,281237.1617154564,,130430.48446922249,,130430.48446922249,,1.0,,#545cf8
2026-03-23,Jupiter,,572574.7687390368,,143143.6921847592,,263154.34823070513,,65788.58705767628,,,,
2026-03-23,GMTrade,,215992.0716532458,,53998.0103294832,,212444.17912416725,,53111.03751878771,,2.0,,#f79009
2026-03-23,Flash Trade,,6325.45,,5339.77,,-86.01000000000022,,-115.67999999999938,,4.0,,#63b512
2026-03-23,Drift,,2748.638384999996,,2748.638384999996,,1172.7950089999958,,1172.7950089999958,,,,
2026-03-23,Phoenix,,747.0682735752,,747.0682735752,,471.02458299000006,,471.02458299000006,,3.0,,#904ea6
2026-03-22,Total,472038.33735022927,,236356.09225059752,,138169.83195260458,,89440.08496193669,,1.0,,#545cf8,
2026-03-22,Pacifica,,150806.6772462339,,150806.6772462339,,71159.8714979669,,71159.8714979669,,1.0,,#545cf8
2026-03-22,Jupiter,,309420.4205083316,,77355.1051270829,,62457.963650894235,,15614.490912723559,,,,
2026-03-22,Flash Trade,,6411.46,,5455.45,,2826.4700000000003,,2405.08,,4.0,,#63b512
2026-03-22,Drift,,1575.8433760000003,,1575.8433760000003,,-247.65584899999976,,-247.65584899999976,,,,
2026-03-22,GMTrade,,3547.892529078559,,886.9728106954899,,1953.1787795358835,,488.2945270386254,,2.0,,#f79009
2026-03-22,Phoenix,,276.04369058519995,,276.04369058519995,,20.00387320760001,,20.00387320760001,,3.0,,#904ea6
2026-03-21,Total,333868.5053976247,,146916.00728866082,,-166476.9495227721,,-167522.95237615038,,1.0,,#545cf8,
2026-03-21,Pacifica,,79646.80574826701,,79646.80574826701,,-163705.11343394255,,-163705.11343394255,,1.0,,#545cf8
2026-03-21,Jupiter,,246962.45685743738,,61740.614214359346,,29878.744950405817,,7469.686237601454,,,,
2026-03-21,Flash Trade,,3584.99,,3050.37,,-5144.860000000001,,-4418.28,,4.0,,#63b512
2026-03-21,Drift,,1823.499225,,1823.499225,,156.63118600000212,,156.63118600000212,,,,
2026-03-21,GMTrade,,1594.7137495426757,,398.6782836568645,,-27515.297038706176,,-6878.821179280044,,2.0,,#f79009
2026-03-21,Phoenix,,256.03981737759995,,256.03981737759995,,-147.05518652920006,,-147.05518652920006,,3.0,,#904ea6
2026-03-20,Total,500345.4549203968,,314438.9596648112,,-266538.6080129179,,-71335.69173281605,,1.0,,#545cf8,
2026-03-20,Pacifica,,243351.91918220956,,243351.91918220956,,-5048.447449407395,,-5048.447449407395,,1.0,,#545cf8
2026-03-20,Jupiter,,217083.71190703157,,54270.92797675789,,-211876.75030440962,,-52969.187576102406,,,,
2026-03-20,Flash Trade,,8729.85,,7468.65,,-951.3899999999994,,-775.3000000000011,,4.0,,#63b512
2026-03-20,GMTrade,,29110.010788248852,,7277.4994629369085,,-48159.01717813092,,-12039.753626336316,,2.0,,#f79009
2026-03-20,Drift,,1666.868038999998,,1666.868038999998,,-577.8357280000021,,-577.8357280000021,,,,
2026-03-20,Phoenix,,403.0950039068,,403.0950039068,,74.83264703000003,,74.83264703000003,,3.0,,#904ea6
2026-03-19,Total,766884.0629333147,,385774.65139762725,,192572.8029233442,,83704.40699039365,,1.0,,#545cf8,
2026-03-19,Pacifica,,248400.36663161695,,248400.36663161695,,46967.56940133139,,46967.56940133139,,1.0,,#545cf8
2026-03-19,Jupiter,,428960.4622114412,,107240.1155528603,,111779.26119832858,,27944.815299582144,,,,
2026-03-19,GMTrade,,77269.02796637977,,19317.253089273225,,33020.706265587425,,8255.176231383364,,2.0,,#f79009
2026-03-19,Flash Trade,,9681.24,,8243.95,,1831.0299999999997,,1562.6100000000006,,4.0,,#63b512
2026-03-19,Drift,,2244.703767,,2244.703767,,-860.8869159999949,,-860.8869159999949,,,,
2026-03-19,Phoenix,,328.26235687679997,,328.26235687679997,,-164.87702590319998,,-164.87702590319998,,3.0,,#904ea6
2026-03-18,Total,574311.2600099705,,302070.2444072336,,-185012.44110079657,,-97246.9464930275,,1.0,,#545cf8,
2026-03-18,Pacifica,,201432.79723028556,,201432.79723028556,,-69475.42121100923,,-69475.42121100923,,1.0,,#545cf8
2026-03-18,Jupiter,,317181.2010131126,,79295.30025327815,,-117984.14653071709,,-29496.036632679272,,,,
2026-03-18,GMTrade,,44248.321700792345,,11062.07685788986,,770.6341236402004,,192.6588333713771,,2.0,,#f79009
2026-03-18,Flash Trade,,7850.21,,6681.34,,872.46,,727.8199999999997,,4.0,,#63b512
2026-03-18,Drift,,3105.590682999995,,3105.590682999995,,916.7238449999977,,916.7238449999977,,,,
2026-03-18,Phoenix,,493.13938277999995,,493.13938277999995,,-112.69132771040012,,-112.69132771040012,,3.0,,#904ea6
2026-03-17,Total,759323.7011107671,,399317.1909002611,,-86793.33776818868,,-57451.19685924298,,1.0,,#545cf8,
2026-03-17,Pacifica,,270908.2184412948,,270908.2184412948,,-35497.79065308522,,-35497.79065308522,,1.0,,#545cf8
2026-03-17,Jupiter,,435165.3475438297,,108791.33688595743,,-29912.547119778,,-7478.1367799445,,,,
2026-03-17,GMTrade,,43477.687577152145,,10869.418024518483,,-8750.787717977095,,-2187.6971488648924,,2.0,,#f79009
2026-03-17,Flash Trade,,6977.75,,5953.52,,-2273.3099999999995,,-1928.6699999999992,,4.0,,#63b512
2026-03-17,Drift,,2188.866837999997,,2188.866837999997,,-10586.260231,,-10586.260231,,,,
2026-03-17,Phoenix,,605.8307104904001,,605.8307104904001,,227.35795365160004,,227.35795365160004,,3.0,,#904ea6
2026-03-16,Total,846117.0388789558,,456768.3877595041,,332204.5210338307,,228480.632402511,,1.0,,#545cf8,
2026-03-16,Pacifica,,306406.00909438,,306406.00909438,,179474.84249411835,,179474.84249411835,,1.0,,#545cf8
2026-03-16,Jupiter,,465077.8946636077,,116269.47366590193,,87792.26231400343,,21948.065578500857,,,,
2026-03-16,GMTrade,,52228.47529512924,,13057.115173383376,,49690.37163676739,,12422.589740950223,,2.0,,#f79009
2026-03-16,Drift,,12775.127068999996,,12775.127068999996,,10967.794444999994,,10967.794444999994,,,,
2026-03-16,Flash Trade,,9251.06,,7882.19,,4079.16,,3467.249999999999,,4.0,,#63b512
2026-03-16,Phoenix,,378.4727568388,,378.4727568388,,200.09014394160002,,200.09014394160002,,3.0,,#904ea6
2026-03-15,Total,513912.51784512505,,228287.7553569931,,318174.42398589686,,124216.87418386458,,1.0,,#545cf8,
2026-03-15,Pacifica,,126931.16660026167,,126931.16660026167,,55917.77421635781,,55917.77421635781,,1.0,,#545cf8
2026-03-15,Jupiter,,377285.6323496043,,94321.40808740107,,269101.5404241551,,67275.38510603877,,,,
2026-03-15,Flash Trade,,5171.9,,4414.9400000000005,,3324.4399999999996,,2840.3400000000006,,4.0,,#63b512
2026-03-15,Drift,,1807.3326240000024,,1807.3326240000024,,918.2191860000006,,918.2191860000006,,,,
2026-03-15,GMTrade,,2538.103658361849,,634.525432433153,,-11136.937938346833,,-2784.2324222627813,,2.0,,#f79009
2026-03-15,Phoenix,,178.3826128972,,178.3826128972,,49.38809773080001,,49.38809773080001,,3.0,,#904ea6
2026-03-14,Total,195738.0938592282,,104070.88117312851,,-742488.6052308446,,-348691.8413940866,,1.0,,#545cf8,
2026-03-14,Pacifica,,71013.39238390386,,71013.39238390386,,-207370.04144039814,,-207370.04144039814,,1.0,,#545cf8
2026-03-14,Jupiter,,108184.09192544923,,27046.02298136231,,-501299.61293240613,,-125324.90323310153,,,,
2026-03-14,GMTrade,,13675.041596708681,,3418.7578546959344,,-22065.121854752273,,-5516.277717298943,,2.0,,#f79009
2026-03-14,Flash Trade,,1847.46,,1574.6,,-8526.830000000002,,-7253.619999999999,,4.0,,#63b512
2026-03-14,Drift,,889.1134380000018,,889.1134380000018,,-3005.7562960000146,,-3005.7562960000146,,,,
2026-03-14,Phoenix,,128.9945151664,,128.9945151664,,-221.24270728799996,,-221.24270728799996,,3.0,,#904ea6
2026-03-13,Total,938226.6990900728,,452762.7225672151,,420527.442108966,,111570.87962311087,,1.0,,#545cf8,
2026-03-13,Pacifica,,278383.433824302,,278383.433824302,,9750.884342439065,,9750.884342439065,,1.0,,#545cf8
2026-03-13,Jupiter,,609483.7048578553,,152370.92621446383,,419776.69863338734,,104944.17465834683,,,,
2026-03-13,GMTrade,,35740.163451460954,,8935.035571994877,,-7205.868984300934,,-1801.467495115452,,2.0,,#f79009
2026-03-13,Flash Trade,,10374.29,,8828.22,,-3090.5199999999986,,-2618.960000000001,,4.0,,#63b512
2026-03-13,Drift,,3894.8697340000163,,3894.8697340000163,,1385.0499520000217,,1385.0499520000217,,,,
2026-03-13,Phoenix,,350.23722245439996,,350.23722245439996,,-88.80183455960008,,-88.80183455960008,,3.0,,#904ea6
2026-03-12,Total,517699.25698110677,,341191.8429441042,,-147379.29473856854,,-22741.20850065135,,1.0,,#545cf8,
2026-03-12,Pacifica,,268632.5494818629,,268632.5494818629,,14491.075129278528,,14491.075129278528,,1.0,,#545cf8
2026-03-12,Jupiter,,189707.006224468,,47426.751556117,,-183151.3829933977,,-45787.84574834943,,,,
2026-03-12,Flash Trade,,13464.81,,11447.18,,4351.279999999999,,3697.1800000000003,,4.0,,#63b512
2026-03-12,GMTrade,,42946.03243576189,,10736.503067110329,,16095.133870398811,,4023.7828632675582,,2.0,,#f79009
2026-03-12,Drift,,2509.8197819999946,,2509.8197819999946,,768.8559569999857,,768.8559569999857,,,,
2026-03-12,Phoenix,,439.03905701400004,,439.03905701400004,,65.74329815200002,,65.74329815200002,,3.0,,#904ea6
2026-03-11,Total,665078.5517196753,,363933.0514447556,,66352.89783491474,,-1130.883904173039,,1.0,,#545cf8,
2026-03-11,Pacifica,,254141.4743525844,,254141.4743525844,,-17882.82023539924,,-17882.82023539924,,1.0,,#545cf8
2026-03-11,Jupiter,,372858.3892178657,,93214.59730446643,,90273.30782021466,,22568.326955053664,,,,
2026-03-11,Flash Trade,,9113.53,,7750.0,,-7188.99,,-6119.490000000002,,4.0,,#63b512
2026-03-11,GMTrade,,26850.898565363077,,6712.72020384277,,1131.0668270511087,,282.7659531245399,,2.0,,#f79009
2026-03-11,Drift,,1740.963825000009,,1740.963825000009,,56.007577000008496,,56.007577000008496,,,,
2026-03-11,Phoenix,,373.295758862,,373.295758862,,-35.67415395199993,,-35.67415395199993,,3.0,,#904ea6
2026-03-10,Total,598725.6538847606,,365063.9353489286,,-161399.4138155951,,-72116.28550218086,,1.0,,#545cf8,
2026-03-10,Pacifica,,272024.29458798363,,272024.29458798363,,-46330.42322742281,,-46330.42322742281,,1.0,,#545cf8
2026-03-10,Jupiter,,282585.08139765105,,70646.27034941276,,-119611.61170724483,,-29902.902926811206,,,,
2026-03-10,Flash Trade,,16302.52,,13869.490000000002,,4366.18,,3699.4600000000028,,4.0,,#63b512
2026-03-10,GMTrade,,25719.83173831197,,6429.9542507182305,,-321.52012095383907,,-80.38058797322356,,2.0,,#f79009
2026-03-10,Drift,,1684.9562480000004,,1684.9562480000004,,230.00539700000218,,230.00539700000218,,,,
2026-03-10,Phoenix,,408.96991281399994,,408.96991281399994,,267.9558430264,,267.9558430264,,3.0,,#904ea6
2026-03-09,Total,760125.0677003557,,437180.2208511095,,361812.6522860754,,205464.68368428334,,1.0,,#545cf8,
2026-03-09,Pacifica,,318354.71781540645,,318354.71781540645,,170126.98628774157,,170126.98628774157,,1.0,,#545cf8
2026-03-09,Jupiter,,402196.6931048959,,100549.17327622397,,192553.7553578806,,48138.43883947015,,,,
2026-03-09,Flash Trade,,11936.34,,10170.029999999999,,1730.9500000000007,,1407.6599999999999,,4.0,,#63b512
2026-03-09,GMTrade,,26041.351859265807,,6510.334838691454,,15479.146618421304,,3869.7845350396296,,2.0,,#f79009
2026-03-09,Drift,,1454.9508509999982,,1454.9508509999982,,-18072.090425000002,,-18072.090425000002,,,,
2026-03-09,Phoenix,,141.0140697876,,141.0140697876,,-6.095552967999993,,-6.095552967999993,,3.0,,#904ea6
2026-03-08,Total,398312.41541428026,,231715.53716682614,,-20809.38904926146,,46134.39197748751,,1.0,,#545cf8,
2026-03-08,Pacifica,,148227.73152766487,,148227.73152766487,,43782.66410558153,,43782.66410558153,,1.0,,#545cf8
2026-03-08,Jupiter,,209642.93774701527,,52410.73443675382,,-98256.74979679979,,-24564.187449199948,,,,
2026-03-08,Drift,,19527.041276,,19527.041276,,18298.797154999997,,18298.797154999997,,,,
2026-03-08,Flash Trade,,10205.39,,8762.369999999999,,8009.849999999999,,6888.869999999999,,4.0,,#63b512
2026-03-08,GMTrade,,10562.205240844503,,2640.5503036518244,,7503.734344046805,,1875.9330231959043,,2.0,,#f79009
2026-03-08,Phoenix,,147.1096227556,,147.1096227556,,-147.68485709,,-147.68485709,,3.0,,#904ea6
2026-03-07,Total,419121.8044635417,,185581.14518933863,,-200810.86436540494,,-166898.15226915563,,1.0,,#545cf8,
2026-03-07,Pacifica,,104445.06742208335,,104445.06742208335,,-148488.13392370174,,-148488.13392370174,,1.0,,#545cf8
2026-03-07,Jupiter,,307899.68754381506,,76974.92188595377,,-27019.435816412035,,-6754.858954103009,,,,
2026-03-07,Flash Trade,,2195.54,,1873.5,,-3039.34,,-2583.4300000000003,,4.0,,#63b512
2026-03-07,Drift,,1228.2441210000031,,1228.2441210000031,,-4497.50628999999,,-4497.50628999999,,,,
2026-03-07,GMTrade,,3058.470896797699,,764.61728045592,,-17589.630751334826,,-4397.40551739447,,2.0,,#f79009
2026-03-07,Phoenix,,294.7944798456,,294.7944798456,,-176.81758395640009,,-176.81758395640009,,3.0,,#904ea6
2026-03-06,Total,619932.6688289467,,352479.29745849426,,-51607.32469985541,,-12813.881480541313,,1.0,,#545cf8,
2026-03-06,Pacifica,,252933.20134578508,,252933.20134578508,,-4251.870537341485,,-4251.870537341485,,1.0,,#545cf8
2026-03-06,Jupiter,,334919.1233602271,,83729.78084005677,,-39628.22098153061,,-9907.055245382653,,,,
2026-03-06,Drift,,5725.750410999994,,5725.750410999994,,4111.4757049999935,,4111.4757049999935,,,,
2026-03-06,GMTrade,,20648.101648132524,,5162.02279785039,,-12175.061300774058,,-3043.7638176080127,,2.0,,#f79009
2026-03-06,Flash Trade,,5234.88,,4456.93,,402.3699999999999,,343.35000000000036,,4.0,,#63b512
2026-03-06,Phoenix,,471.6120638020001,,471.6120638020001,,-66.01758520919998,,-66.01758520919998,,3.0,,#904ea6
2026-03-05,Total,671539.9935288021,,365293.17893903557,,-128297.64285305631,,-32577.58675659739,,1.0,,#545cf8,
2026-03-05,Pacifica,,257185.07188312657,,257185.07188312657,,4608.835324259824,,4608.835324259824,,1.0,,#545cf8
2026-03-05,Jupiter,,374547.3443417577,,93636.83608543943,,-128934.2921234222,,-32233.57303085555,,,,
2026-03-05,GMTrade,,32823.16294890658,,8205.786615458403,,1876.1760371833261,,469.0430410755562,,2.0,,#f79009
2026-03-05,Flash Trade,,4832.51,,4113.58,,-2902.6099999999997,,-2476.1399999999994,,4.0,,#63b512
2026-03-05,Drift,,1614.2747060000006,,1614.2747060000006,,-2238.896200999999,,-2238.896200999999,,,,
2026-03-05,Phoenix,,537.6296490112001,,537.6296490112001,,-706.8558900772001,,-706.8558900772001,,3.0,,#904ea6
2026-03-04,Total,799837.6363818584,,397870.76569563296,,2415.991752388305,,32433.598415944667,,1.0,,#545cf8,
2026-03-04,Pacifica,,252576.23655886675,,252576.23655886675,,45314.88921673302,,45314.88921673302,,1.0,,#545cf8
2026-03-04,Jupiter,,503481.6364651799,,125870.40911629498,,-40212.280693404435,,-10053.070173351109,,,,
2026-03-04,GMTrade,,30946.986911723256,,7736.743574382846,,1562.6848363729114,,390.67097987594934,,2.0,,#f79009
2026-03-04,Flash Trade,,7735.12,,6589.719999999999,,-6807.71,,-5777.299999999999,,4.0,,#63b512
2026-03-04,Drift,,3853.1709069999997,,3853.1709069999997,,1943.0199350000003,,1943.0199350000003,,,,
2026-03-04,Phoenix,,1244.4855390884002,,1244.4855390884002,,615.3884576868002,,615.3884576868002,,3.0,,#904ea6
2026-03-03,Total,797421.6446294701,,365437.1672796883,,170599.36757741892,,39722.442600524926,,1.0,,#545cf8,
2026-03-03,Pacifica,,207261.34734213373,,207261.34734213373,,-4568.072954392148,,-4568.072954392148,,1.0,,#545cf8
2026-03-03,Jupiter,,543693.9171585843,,135923.4792896461,,162433.66396920825,,40608.41599230206,,,,
2026-03-03,Flash Trade,,14542.83,,12367.019999999999,,3546.709999999999,,3011.379999999999,,4.0,,#63b512
2026-03-03,GMTrade,,29384.302075350344,,7346.072594506897,,11355.1280224416,,2838.781022453785,,2.0,,#f79009
2026-03-03,Drift,,1910.1509719999995,,1910.1509719999995,,-2069.213964999997,,-2069.213964999997,,,,
2026-03-03,Phoenix,,629.0970814016,,629.0970814016,,-98.8474948388,,-98.8474948388,,3.0,,#904ea6
2026-03-02,Total,626822.2770520512,,325714.72467916337,,-90216.70204616117,,52766.65924881323,,1.0,,#545cf8,
2026-03-02,Pacifica,,211829.42029652587,,211829.42029652587,,91910.38953140704,,91910.38953140704,,1.0,,#545cf8
2026-03-02,Jupiter,,381260.2531893761,,95315.06329734402,,-192487.9993759042,,-48121.99984397605,,,,
2026-03-02,Flash Trade,,10996.12,,9355.64,,6906.220000000001,,5873.3099999999995,,4.0,,#63b512
2026-03-02,GMTrade,,18029.174052908744,,4507.291572053112,,466.3031854951878,,116.57494854150082,,2.0,,#f79009
2026-03-02,Drift,,3979.3649369999966,,3979.3649369999966,,2630.6819519999963,,2630.6819519999963,,,,
2026-03-02,Phoenix,,727.9445762404,,727.9445762404,,357.70266084080004,,357.70266084080004,,3.0,,#904ea6
2026-03-01,Total,717038.9790982123,,272948.06543035014,,90144.94123333122,,25154.53296561443,,1.0,,#545cf8,
2026-03-01,Jupiter,,573748.2525652803,,143437.06314132008,,124411.63921182335,,31102.909802955837,,,,
2026-03-01,Pacifica,,119919.03076511883,,119919.03076511883,,5520.578108830625,,5520.578108830625,,1.0,,#545cf8
2026-03-01,GMTrade,,17562.870867413556,,4390.716623511611,,-38012.98385907838,,-9503.242717927651,,2.0,,#f79009
2026-03-01,Flash Trade,,4089.9,,3482.3300000000004,,1283.4300000000003,,1092.0100000000002,,4.0,,#63b512
2026-03-01,Drift,,1348.6829850000004,,1348.6829850000004,,-2679.940815999995,,-2679.940815999995,,,,
2026-03-01,Phoenix,,370.2419153996,,370.2419153996,,-377.78141224440003,,-377.78141224440003,,3.0,,#904ea6
2026-02-28,Total,626894.0378648811,,247793.5324647357,,-31082.607760569546,,-57753.244450236176,,1.0,,#545cf8,
2026-02-28,Pacifica,,114398.45265628821,,114398.45265628821,,-66790.0473434938,,-66790.0473434938,,1.0,,#545cf8
2026-02-28,Jupiter,,449336.61335345695,,112334.15333836424,,21178.883057839004,,5294.720764459751,,,,
2026-02-28,GMTrade,,55575.85472649193,,13893.959341439262,,14992.432100077633,,3748.1077037902833,,2.0,,#f79009
2026-02-28,Drift,,4028.623800999995,,4028.623800999995,,2181.0777949999947,,2181.0777949999947,,,,
2026-02-28,Flash Trade,,2806.47,,2390.32,,-3047.65,,-2589.7999999999997,,4.0,,#63b512
2026-02-28,Phoenix,,748.023327644,,748.023327644,,402.6966300076,,402.6966300076,,3.0,,#904ea6
2026-02-27,Total,657976.6456254506,,305546.7769149719,,103869.48148146551,,12726.016023881617,,1.0,,#545cf8,
2026-02-27,Pacifica,,181188.499999782,,181188.499999782,,-15720.898573323444,,-15720.898573323444,,1.0,,#545cf8
2026-02-27,Jupiter,,428157.73029561795,,107039.43257390449,,124088.505510243,,31022.12637756075,,,,
2026-02-27,GMTrade,,40583.4226264143,,10145.851637648979,,-2038.5112346744718,,-509.62755957612353,,2.0,,#f79009
2026-02-27,Flash Trade,,5854.12,,4980.12,,-2633.2300000000005,,-2239.2,,4.0,,#63b512
2026-02-27,Drift,,1847.5460060000007,,1847.5460060000007,,37.13829700000315,,37.13829700000315,,,,
2026-02-27,Phoenix,,345.3266976364,,345.3266976364,,136.47748222040002,,136.47748222040002,,3.0,,#904ea6
2026-02-26,Total,554107.1641439851,,292820.76089109026,,-297735.2575898381,,-54663.736011653324,,1.0,,#545cf8,
2026-02-26,Pacifica,,196909.39857310546,,196909.39857310546,,31314.53225311113,,31314.53225311113,,1.0,,#545cf8
2026-02-26,Jupiter,,304069.22478537494,,76017.30619634374,,-327818.3308225635,,-81954.58270564087,,,,
2026-02-26,GMTrade,,42621.93386108877,,10655.479197225102,,4335.113758182219,,1083.777219444457,,2.0,,#f79009
2026-02-26,Flash Trade,,8487.35,,7219.32,,-3226.5699999999997,,-2767.459999999999,,4.0,,#63b512
2026-02-26,Drift,,1810.4077089999976,,1810.4077089999976,,-2260.5354679999964,,-2260.5354679999964,,,,
2026-02-26,Phoenix,,208.849215416,,208.849215416,,-79.46731056800002,,-79.46731056800002,,3.0,,#904ea6
2026-02-25,Total,851842.4217338233,,347484.4969027436,,389407.3263516801,,112744.37606804087,,1.0,,#545cf8,
2026-02-25,Pacifica,,165594.86631999433,,165594.86631999433,,16023.092788094917,,16023.092788094917,,1.0,,#545cf8
2026-02-25,Jupiter,,631887.5556079384,,157971.8889019846,,346928.2376943465,,86732.05942358663,,,,
2026-02-25,Flash Trade,,11713.92,,9986.779999999999,,5917.93,,5038.899999999999,,4.0,,#63b512
2026-02-25,GMTrade,,38286.82010290655,,9571.701977780645,,20783.654966014663,,5195.912953135347,,2.0,,#f79009
2026-02-25,Drift,,4070.9431769999937,,4070.9431769999937,,-295.85752100001537,,-295.85752100001537,,,,
2026-02-25,Phoenix,,288.316525984,,288.316525984,,50.268424224,,50.268424224,,3.0,,#904ea6
2026-02-24,Total,462435.09538214316,,234740.1208347027,,-269251.7590878013,,-109305.3549816458,,1.0,,#545cf8,
2026-02-24,Pacifica,,149571.7735318994,,149571.7735318994,,-31837.502883376786,,-31837.502883376786,,1.0,,#545cf8
2026-02-24,Jupiter,,284959.3179135919,,71239.82947839798,,-202556.7191700744,,-50639.1797925186,,,,
2026-02-24,Flash Trade,,5795.99,,4947.88,,-5144.75,,-4432.429999999999,,4.0,,#63b512
2026-02-24,GMTrade,,17503.16513689189,,4375.789024645298,,-9755.391005294077,,-2438.8462766944567,,2.0,,#f79009
2026-02-24,Drift,,4366.800698000009,,4366.800698000009,,-19906.688629999953,,-19906.688629999953,,,,
2026-02-24,Phoenix,,238.04810176,,238.04810176,,-50.70739905600004,,-50.70739905600004,,3.0,,#904ea6
2026-02-23,Total,731686.8544699445,,344045.4758163485,,520358.98357127584,,232627.36197611666,,1.0,,#545cf8,
2026-02-23,Pacifica,,181409.2764152762,,181409.2764152762,,106278.86227653227,,106278.86227653227,,1.0,,#545cf8
2026-02-23,Jupiter,,487516.0370836663,,121879.00927091658,,382250.92803213786,,95562.73200803447,,,,
2026-02-23,Drift,,24273.489327999963,,24273.489327999963,,23681.116126999965,,23681.116126999965,,,,
2026-02-23,Flash Trade,,10940.74,,9380.31,,8075.65,,6938.66,,4.0,,#63b512
2026-02-23,GMTrade,,27258.556142185967,,6814.635301339755,,-124.74729489434685,,-31.182865950067026,,2.0,,#f79009
2026-02-23,Phoenix,,288.75550081600005,,288.75550081600005,,197.17443050000006,,197.17443050000006,,3.0,,#904ea6
2026-02-22,Total,211327.87089866868,,111418.11384023186,,-164090.1561958166,,-28985.618740795515,,1.0,,#545cf8,
2026-02-22,Pacifica,,75130.41413874393,,75130.41413874393,,21295.669259042086,,21295.669259042086,,1.0,,#545cf8
2026-02-22,Jupiter,,105265.10905152846,,26316.277262882115,,-186601.11475833453,,-46650.27868958363,,,,
2026-02-22,GMTrade,,27383.303437080314,,6845.818167289822,,7625.739743059774,,1906.4311293300061,,2.0,,#f79009
2026-02-22,Flash Trade,,2865.09,,2441.65,,-5883.5599999999995,,-5010.549999999999,,4.0,,#63b512
2026-02-22,Drift,,592.373201,,592.373201,,-308.0897460000011,,-308.0897460000011,,,,
2026-02-22,Phoenix,,91.581070316,,91.581070316,,-218.80069358400002,,-218.80069358400002,,3.0,,#904ea6
2026-02-21,Total,375418.0270944853,,140403.73258102738,,-77189.16363432346,,-113574.41151517848,,1.0,,#545cf8,
2026-02-21,Jupiter,,291866.223809863,,72966.55595246574,,49714.876495256,,12428.719123814,,,,
2026-02-21,Pacifica,,53834.744879701844,,53834.744879701844,,-128841.66085059565,,-128841.66085059565,,1.0,,#545cf8
2026-02-21,Flash Trade,,8748.65,,7452.2,,5219.5599999999995,,4384.0,,4.0,,#63b512
2026-02-21,GMTrade,,19757.56369402054,,4939.387037959816,,-2315.2916357397517,,-578.8221451528007,,2.0,,#f79009
2026-02-21,Drift,,900.4629470000011,,900.4629470000011,,-1027.2345670000002,,-1027.2345670000002,,,,
2026-02-21,Phoenix,,310.3817639,,310.3817639,,60.58692375600003,,60.58692375600003,,3.0,,#904ea6
2026-02-20,Total,452607.19072880875,,253978.14409620586,,-90865.50390040828,,-21656.79305168221,,1.0,,#545cf8,
2026-02-20,Pacifica,,182676.4057302975,,182676.4057302975,,1129.0123402466998,,1129.0123402466998,,1.0,,#545cf8
2026-02-20,Jupiter,,242151.34731460697,,60537.83682865174,,-99739.16888707315,,-24934.792221768286,,,,
2026-02-20,GMTrade,,22072.855329760292,,5518.209183112616,,7466.099830070165,,1866.5240134913784,,2.0,,#f79009
2026-02-20,Flash Trade,,3529.09,,3068.2,,69.75,,73.65999999999985,,4.0,,#63b512
2026-02-20,Drift,,1927.6975140000013,,1927.6975140000013,,128.91546899999412,,128.91546899999412,,,,
2026-02-20,Phoenix,,249.79484014399998,,249.79484014399998,,79.88734734799999,,79.88734734799999,,3.0,,#904ea6
2026-02-19,Total,543472.694629217,,275634.93714788806,,118216.48784272559,,26183.172408646235,,1.0,,#545cf8,
2026-02-19,Pacifica,,181547.3933900508,,181547.3933900508,,-3875.829087958846,,-3875.829087958846,,1.0,,#545cf8
2026-02-19,Jupiter,,341890.5162016801,,85472.62905042003,,125955.34745967464,,31488.83686491866,,,,
2026-02-19,GMTrade,,14606.755499690127,,3651.685169621238,,-3082.314463730185,,-770.5793030535779,,2.0,,#f79009
2026-02-19,Flash Trade,,3459.34,,2994.54,,-821.46,,-700.0,,4.0,,#63b512
2026-02-19,Drift,,1798.7820450000072,,1798.7820450000072,,56.468753000004654,,56.468753000004654,,,,
2026-02-19,Phoenix,,169.90749279599999,,169.90749279599999,,-15.724818260000006,,-15.724818260000006,,3.0,,#904ea6
2026-02-18,Total,425256.20678649144,,249451.76473924183,,-134353.0377197835,,-26838.396184236073,,1.0,,#545cf8,
2026-02-18,Pacifica,,185423.22247800964,,185423.22247800964,,9002.878540510079,,9002.878540510079,,1.0,,#545cf8
2026-02-18,Jupiter,,215935.16874200548,,53983.79218550137,,-134882.50615367264,,-33720.62653841816,,,,
2026-02-18,GMTrade,,17689.069963420312,,4422.264472674816,,-8374.549795780946,,-2093.637875487987,,2.0,,#f79009
2026-02-18,Flash Trade,,4280.8,,3694.54,,-687.3299999999999,,-615.4799999999996,,4.0,,#63b512
2026-02-18,Drift,,1742.3132920000025,,1742.3132920000025,,540.6784650000038,,540.6784650000038,,,,
2026-02-18,Phoenix,,185.632311056,,185.632311056,,47.79122416000001,,47.79122416000001,,3.0,,#904ea6
2026-02-17,Total,559609.2445062749,,276290.1609234779,,155797.27322766348,,28990.005337284034,,1.0,,#545cf8,
2026-02-17,Pacifica,,176420.34393749957,,176420.34393749957,,-12170.769611646276,,-12170.769611646276,,1.0,,#545cf8
2026-02-17,Jupiter,,350817.6748956781,,87704.41872391953,,160904.9098953541,,40226.227473838524,,,,
2026-02-17,GMTrade,,26063.619759201258,,6515.902348162803,,8534.314301271672,,2133.578832407774,,2.0,,#f79009
2026-02-17,Flash Trade,,4968.13,,4310.0199999999995,,-1387.17,,-1115.0200000000004,,4.0,,#63b512
2026-02-17,Drift,,1201.6348269999987,,1201.6348269999987,,-39.14251800000193,,-39.14251800000193,,,,
2026-02-17,Phoenix,,137.84108689599998,,137.84108689599998,,-44.86883931600002,,-44.86883931600002,,3.0,,#904ea6
2026-02-16,Total,403811.97127861145,,247300.15558619387,,-134409.72750370146,,27146.714009031246,,1.0,,#545cf8,
2026-02-16,Pacifica,,188591.11354914584,,188591.11354914584,,88052.5605215095,,88052.5605215095,,1.0,,#545cf8
2026-02-16,Jupiter,,189912.76500032403,,47478.19125008101,,-212885.19635492694,,-53221.299088731736,,,,
2026-02-16,Flash Trade,,6355.3,,5425.04,,-8122.820000000001,,-6915.679999999999,,4.0,,#63b512
2026-02-16,GMTrade,,17529.305457929586,,4382.323515755029,,-913.8723957320326,,-228.46814919450208,,2.0,,#f79009
2026-02-16,Drift,,1240.7773450000007,,1240.7773450000007,,-599.535455000009,,-599.535455000009,,,,
2026-02-16,Phoenix,,182.709926212,,182.709926212,,59.136180448000005,,59.136180448000005,,3.0,,#904ea6
2026-02-15,Total,538221.6987823129,,220153.44157716262,,278826.9049278,,83448.1174466867,,1.0,,#545cf8,
2026-02-15,Jupiter,,402797.96135525097,,100699.49033881274,,247120.95326782475,,61780.23831695619,,,,
2026-02-15,Pacifica,,100538.55302763634,,100538.55302763634,,13621.196621743613,,13621.196621743613,,1.0,,#545cf8
2026-02-15,Flash Trade,,14478.12,,12340.72,,5525.52,,4660.789999999999,,4.0,,#63b512
2026-02-15,GMTrade,,18443.17785366162,,4610.791664949531,,12231.122324627664,,3057.779794382892,,2.0,,#f79009
2026-02-15,Drift,,1840.3128000000097,,1840.3128000000097,,288.73870600000805,,288.73870600000805,,,,
2026-02-15,Phoenix,,123.573745764,,123.573745764,,39.374007604,,39.374007604,,3.0,,#904ea6
2026-02-14,Total,259394.7938545129,,136705.32413047593,,-374304.4358862965,,-169427.06157577242,,1.0,,#545cf8,
2026-02-14,Pacifica,,86917.35640589273,,86917.35640589273,,-101843.61215873063,,-101843.61215873063,,1.0,,#545cf8
2026-02-14,Jupiter,,155677.00808742622,,38919.252021856555,,-259389.54701513823,,-64847.38675378456,,,,
2026-02-14,Flash Trade,,8952.6,,7679.93,,2052.9400000000005,,1640.0900000000001,,4.0,,#63b512
2026-02-14,GMTrade,,6212.055529033954,,1553.011870566639,,-14330.750325711564,,-3582.686276541206,,2.0,,#f79009
2026-02-14,Drift,,1551.5740940000017,,1551.5740940000017,,-632.4747100000038,,-632.4747100000038,,,,
2026-02-14,Phoenix,,84.19973816,,84.19973816,,-160.99167671599997,,-160.99167671599997,,3.0,,#904ea6
2026-02-13,Total,633699.2297408094,,306132.38570624834,,145757.51359911403,,29835.098966009333,,1.0,,#545cf8,
2026-02-13,Pacifica,,188760.96856462336,,188760.96856462336,,-4522.472334465099,,-4522.472334465099,,1.0,,#545cf8
2026-02-13,Jupiter,,415066.55510256445,,103766.63877564111,,160243.22587962385,,40060.80646990596,,,,
2026-02-13,Flash Trade,,6899.66,,6039.84,,-5530.360000000001,,-4603.810000000001,,4.0,,#63b512
2026-02-13,GMTrade,,20542.80585474552,,5135.698147107845,,-4444.605555268856,,-1111.1507786555576,,2.0,,#f79009
2026-02-13,Drift,,2184.0488040000055,,2184.0488040000055,,-3.467103999988467,,-3.467103999988467,,,,
2026-02-13,Phoenix,,245.19141487599998,,245.19141487599998,,15.192713223999988,,15.192713223999988,,3.0,,#904ea6
2026-02-12,Total,487941.7161416954,,276297.286740239,,19291.65254664491,,-50609.164458952495,,1.0,,#545cf8,
2026-02-12,Pacifica,,193283.44089908845,,193283.44089908845,,-75359.84790744662,,-75359.84790744662,,1.0,,#545cf8
2026-02-12,Jupiter,,254823.3292229406,,63705.83230573515,,88184.98996746133,,22046.24749186533,,,,
2026-02-12,Flash Trade,,12430.02,,10643.650000000001,,2044.7600000000002,,1729.3100000000013,,4.0,,#63b512
2026-02-12,GMTrade,,24987.411410014374,,6246.848925763403,,4595.498044934229,,1148.8735149327777,,2.0,,#f79009
2026-02-12,Drift,,2187.515907999994,,2187.515907999994,,-122.95722300000762,,-122.95722300000762,,,,
2026-02-12,Phoenix,,229.998701652,,229.998701652,,-50.790335304000024,,-50.790335304000024,,3.0,,#904ea6
2026-02-11,Total,468650.0635950505,,326906.4511991915,,-78767.36533435353,,-6315.742166648677,,1.0,,#545cf8,
2026-02-11,Pacifica,,268643.28880653507,,268643.28880653507,,14722.243540856027,,14722.243540856027,,1.0,,#545cf8
2026-02-11,Jupiter,,166638.33925547928,,41659.58481386982,,-106120.77526290098,,-26530.193815725244,,,,
2026-02-11,Flash Trade,,10385.26,,8914.34,,2992.5200000000004,,2565.3100000000004,,4.0,,#63b512
2026-02-11,GMTrade,,20391.913365080145,,5097.975410830625,,8948.998723355391,,2237.2504438845945,,2.0,,#f79009
2026-02-11,Drift,,2310.4731310000016,,2310.4731310000016,,611.9567250000025,,611.9567250000025,,,,
2026-02-11,Phoenix,,280.789036956,,280.789036956,,77.69093933600001,,77.69093933600001,,3.0,,#904ea6
2026-02-10,Total,547417.428929404,,333222.1933658402,,-276251.16157114867,,-67079.82243835455,,1.0,,#545cf8,
2026-02-10,Pacifica,,253921.04526567904,,253921.04526567904,,3681.635646147304,,3681.635646147304,,1.0,,#545cf8
2026-02-10,Jupiter,,272759.11451838026,,68189.77862959506,,-281640.86540035205,,-70410.21635008801,,,,
2026-02-10,Flash Trade,,7392.74,,6349.03,,-840.5599999999995,,-703.4100000000008,,4.0,,#63b512
2026-02-10,GMTrade,,11442.914641724754,,2860.7249669460307,,2928.616964508039,,732.1570470381121,,2.0,,#f79009
2026-02-10,Drift,,1698.516405999999,,1698.516405999999,,-323.6091480000057,,-323.6091480000057,,,,
2026-02-10,Phoenix,,203.09809762,,203.09809762,,-56.37963345199998,,-56.37963345199998,,3.0,,#904ea6
2026-02-09,Total,823668.5905005527,,400302.0158041947,,322272.1435327518,,84965.06055547216,,1.0,,#545cf8,
2026-02-09,Pacifica,,250239.40961953174,,250239.40961953174,,948.5353207176377,,948.5353207176377,,1.0,,#545cf8
2026-02-09,Jupiter,,554399.9799187323,,138599.99497968308,,319568.3043127498,,79892.07607818746,,,,
2026-02-09,Flash Trade,,8233.3,,7052.4400000000005,,4852.32,,4176.52,,4.0,,#63b512
2026-02-09,GMTrade,,8514.297677216715,,2128.5679199079186,,-4059.9307872595873,,-1014.9855299769756,,2.0,,#f79009
2026-02-09,Drift,,2022.1255540000047,,2022.1255540000047,,851.3091020000056,,851.3091020000056,,,,
2026-02-09,Phoenix,,259.477731072,,259.477731072,,111.60558454399998,,111.60558454399998,,3.0,,#904ea6
2026-02-08,Total,501396.44696780085,,315336.9552487226,,-898796.5938524636,,-224144.828733286,,1.0,,#545cf8,
2026-02-08,Pacifica,,249290.8742988141,,249290.8742988141,,5915.02092158256,,5915.02092158256,,1.0,,#545cf8
2026-02-08,Jupiter,,234831.67560598248,,58707.91890149562,,-891301.030070812,,-222825.257517703,,,,
2026-02-08,GMTrade,,12574.228464476302,,3143.5534498848942,,-7086.656291290081,,-1771.6637252214573,,2.0,,#f79009
2026-02-08,Flash Trade,,3380.98,,2875.92,,-5731.890000000001,,-4870.889999999999,,4.0,,#63b512
2026-02-08,Drift,,1170.8164519999991,,1170.8164519999991,,-577.0237440000001,,-577.0237440000001,,,,
2026-02-08,Phoenix,,147.872146528,,147.872146528,,-15.014667943999996,,-15.014667943999996,,3.0,,#904ea6
2026-02-07,Total,1400193.0408202645,,539481.7839820086,,-3180907.0505729383,,-838560.2711532939,,1.0,,#545cf8,
2026-02-07,Jupiter,,1126132.7056767945,,281533.17641919863,,-3123194.496145219,,-780798.6240363048,,,,
2026-02-07,Pacifica,,243375.85337723154,,243375.85337723154,,-21193.209413521487,,-21193.209413521487,,1.0,,#545cf8
2026-02-07,Flash Trade,,9112.87,,7746.8099999999995,,-15078.299999999997,,-12889.699999999999,,4.0,,#63b512
2026-02-07,GMTrade,,19660.884755766383,,4915.2171751063515,,2983.589939666668,,745.8972503964496,,2.0,,#f79009
2026-02-07,Drift,,1747.8401959999992,,1747.8401959999992,,-23973.163275,,-23973.163275,,,,
2026-02-07,Phoenix,,162.886814472,,162.886814472,,-451.47167886400007,,-451.47167886400007,,3.0,,#904ea6
2026-02-06,Total,4581100.091393203,,1378042.0551353025,,1640310.242387623,,366493.83763566846,,1.0,,#545cf8,
2026-02-06,Jupiter,,4249327.201822014,,1062331.8004555034,,1697675.759526263,,424418.93988156575,,,,
2026-02-06,Pacifica,,264569.062790753,,264569.062790753,,-23267.408795317286,,-23267.408795317286,,1.0,,#545cf8
2026-02-06,Drift,,25721.003471,,25721.003471,,-30815.748195999975,,-30815.748195999975,,,,
2026-02-06,Flash Trade,,24191.17,,20636.51,,-2934.7700000000004,,-2486.25,,4.0,,#63b512
2026-02-06,GMTrade,,16677.294816099715,,4169.319924709902,,1344.1426221973052,,336.0375149399297,,2.0,,#f79009
2026-02-06,Phoenix,,614.358493336,,614.358493336,,-1691.73276952,,-1691.73276952,,3.0,,#904ea6
2026-02-05,Total,2940789.8490055795,,1011548.217499634,,1259034.2860664695,,356365.5772433812,,1.0,,#545cf8,
2026-02-05,Jupiter,,2551651.4422957506,,637912.8605739377,,1201446.4680074812,,300361.6170018703,,,,
2026-02-05,Pacifica,,287836.4715860703,,287836.4715860703,,3120.7588910775376,,3120.7588910775376,,1.0,,#545cf8
2026-02-05,Drift,,56536.751666999975,,56536.751666999975,,38568.098171999955,,38568.098171999955,,,,
2026-02-05,Flash Trade,,27125.94,,23122.76,,14658.05,,12474.929999999998,,4.0,,#63b512
2026-02-05,GMTrade,,15333.15219390241,,3833.282409769972,,-799.0175570054125,,-199.75537448269097,,2.0,,#f79009
2026-02-05,Phoenix,,2306.091262856,,2306.091262856,,2039.928552916,,2039.928552916,,3.0,,#904ea6
2026-02-04,Total,1681755.56293911,,655182.6402562528,,809992.5995425385,,231415.65024262614,,1.0,,#545cf8,
2026-02-04,Jupiter,,1350204.9742882694,,337551.24357206735,,769528.7861785175,,192382.19654462938,,,,
2026-02-04,Pacifica,,284715.7126949928,,284715.7126949928,,40934.00808244033,,40934.00808244033,,1.0,,#545cf8
2026-02-04,Drift,,17968.653495000017,,17968.653495000017,,10526.456971000029,,10526.456971000029,,,,
2026-02-04,Flash Trade,,12467.89,,10647.83,,-15842.71,,-13705.409999999998,,4.0,,#63b512
2026-02-04,GMTrade,,16132.169750907822,,4033.037784252663,,4756.875839900722,,1189.2161738764016,,2.0,,#f79009
2026-02-04,Phoenix,,266.16270994,,266.16270994,,89.18247068,,89.18247068,,3.0,,#904ea6
2026-02-03,Total,871762.9633965715,,423766.9900136267,,-390036.9982567219,,-123182.5785930673,,1.0,,#545cf8,
2026-02-03,Pacifica,,243781.70461255245,,243781.70461255245,,-38925.09915485696,,-38925.09915485696,,1.0,,#545cf8
2026-02-03,Jupiter,,580676.1881097519,,145169.04702743798,,-349522.27732582274,,-87380.56933145568,,,,
2026-02-03,Flash Trade,,28310.6,,24353.239999999998,,7310.98,,6471.0899999999965,,4.0,,#63b512
2026-02-03,Drift,,7442.196523999989,,7442.196523999989,,-1569.253698000014,,-1569.253698000014,,,,
2026-02-03,GMTrade,,11375.2939110071,,2843.8216103762616,,-7403.468398622181,,-1850.8667293345343,,2.0,,#f79009
2026-02-03,Phoenix,,176.98023926000002,,176.98023926000002,,72.12032058000001,,72.12032058000001,,3.0,,#904ea6
2026-02-02,Total,1261799.9616532933,,546949.568606694,,281515.69505084783,,85746.88223529025,,1.0,,#545cf8,
2026-02-02,Pacifica,,282706.8037674094,,282706.8037674094,,14469.134549394075,,14469.134549394075,,1.0,,#545cf8
2026-02-02,Jupiter,,930198.4654355746,,232549.61635889366,,258794.57159060042,,64698.642897650105,,,,
2026-02-02,Flash Trade,,20999.62,,17882.15,,2436.739999999998,,2097.550000000001,,4.0,,#63b512
2026-02-02,Drift,,9011.450222000003,,9011.450222000003,,4051.2583630000045,,4051.2583630000045,,,,
2026-02-02,GMTrade,,18778.76230962928,,4694.688339710796,,1778.2600557333499,,444.5659331259658,,2.0,,#f79009
2026-02-02,Phoenix,,104.85991868,,104.85991868,,-14.269507879999992,,-14.269507879999992,,3.0,,#904ea6
2026-02-01,Total,980284.2666024455,,461202.68637140375,,-2264541.381396192,,-619060.9214986721,,1.0,,#545cf8,
2026-02-01,Pacifica,,268237.66921801533,,268237.66921801533,,25841.718516775,,25841.718516775,,1.0,,#545cf8
2026-02-01,Jupiter,,671403.8938449742,,167850.97346124356,,-2192087.7145617497,,-548021.9286404374,,,,
2026-02-01,Flash Trade,,18562.88,,15784.6,,-36152.22,,-30800.54,,4.0,,#63b512
2026-02-01,Drift,,4960.191858999999,,4960.191858999999,,-67152.72081600003,,-67152.72081600003,,,,
2026-02-01,GMTrade,,17000.50225389593,,4250.12240658483,,5249.339821302663,,1312.3337975100999,,2.0,,#f79009
2026-02-01,Phoenix,,119.12942656,,119.12942656,,-239.78435652000002,,-239.78435652000002,,3.0,,#904ea6
2026-01-31,Total,3244825.6479986375,,1080263.6078700759,,1842165.3338117043,,495926.6229607791,,1.0,,#545cf8,
2026-01-31,Jupiter,,2863491.608406724,,715872.902101681,,1793640.8123093452,,448410.2030773363,,,,
2026-01-31,Pacifica,,242395.95070124033,,242395.95070124033,,-25540.80543920712,,-25540.80543920712,,1.0,,#545cf8
2026-01-31,Drift,,72112.91267500003,,72112.91267500003,,53524.40948400003,,53524.40948400003,,,,
2026-01-31,Flash Trade,,54715.1,,46585.14,,23708.899999999998,,20153.690000000002,,4.0,,#63b512
2026-01-31,GMTrade,,11751.162432593268,,2937.78860907473,,-3396.1380621937315,,-849.0296811099956,,2.0,,#f79009
2026-01-31,Phoenix,,358.91378308000003,,358.91378308000003,,228.15551976000003,,228.15551976000003,,3.0,,#904ea6
2026-01-30,Total,1402660.3141869332,,584336.9849092967,,-163156.99302142626,,-12623.255074477172,,1.0,,#545cf8,
2026-01-30,Pacifica,,267936.75614044745,,267936.75614044745,,25917.907043613814,,25917.907043613814,,1.0,,#545cf8
2026-01-30,Jupiter,,1069850.7960973787,,267462.6990243447,,-205890.6259287151,,-51472.656482178776,,,,
2026-01-30,Flash Trade,,31006.2,,26431.449999999997,,12672.07,,10642.129999999997,,4.0,,#63b512
2026-01-30,Drift,,18588.503190999993,,18588.503190999993,,1623.892516999982,,1623.892516999982,,,,
2026-01-30,GMTrade,,15147.300494787,,3786.818290184726,,2472.38137563509,,618.0898760479486,,2.0,,#f79009
2026-01-30,Phoenix,,130.75826332,,130.75826332,,47.38197104000001,,47.38197104000001,,3.0,,#904ea6
2026-01-29,Total,1565817.3072083595,,596960.2399837739,,817175.8115466898,,215799.1717566158,,1.0,,#545cf8,
2026-01-29,Jupiter,,1275741.4220260938,,318935.35550652345,,799030.6177613342,,199757.65444033354,,,,
2026-01-29,Pacifica,,242018.84909683364,,242018.84909683364,,664.9507664286357,,664.9507664286357,,1.0,,#545cf8
2026-01-29,Drift,,16964.61067400001,,16964.61067400001,,14982.533636000011,,14982.533636000011,,,,
2026-01-29,Flash Trade,,18334.13,,15789.32,,-65.2599999999984,,-265.77000000000044,,4.0,,#63b512
2026-01-29,GMTrade,,12674.91911915191,,3168.7284141367772,,2537.555020646858,,634.3885515735724,,2.0,,#f79009
2026-01-29,Phoenix,,83.37629227999999,,83.37629227999999,,25.414362279999985,,25.414362279999985,,3.0,,#904ea6
2026-01-28,Total,748641.4956616696,,381161.0682271581,,38884.6496469276,,37067.21662726317,,1.0,,#545cf8,
2026-01-28,Pacifica,,241353.898330405,,241353.898330405,,31153.386856142286,,31153.386856142286,,1.0,,#545cf8
2026-01-28,Jupiter,,476710.8042647596,,119177.7010661899,,5000.523867898097,,1250.1309669745242,,,,
2026-01-28,Flash Trade,,18399.39,,16055.09,,6102.889999999999,,5514.810000000001,,4.0,,#63b512
2026-01-28,GMTrade,,10137.364098505052,,2534.339862563205,,-3361.386379872709,,-840.3464986136341,,2.0,,#f79009
2026-01-28,Drift,,1982.0770380000004,,1982.0770380000004,,-20.48965200000066,,-20.48965200000066,,,,
2026-01-28,Phoenix,,57.96193,,57.96193,,9.724954759999996,,9.724954759999996,,3.0,,#904ea6
2026-01-27,Total,709756.846014742,,344093.85159989493,,195648.70624749176,,54468.3132359329,,1.0,,#545cf8,
2026-01-27,Pacifica,,210200.51147426272,,210200.51147426272,,13058.073410345678,,13058.073410345678,,1.0,,#545cf8
2026-01-27,Jupiter,,471710.2803968615,,117927.57009921537,,180016.607886662,,45004.1519716655,,,,
2026-01-27,Flash Trade,,12296.5,,10540.279999999999,,-6866.93,,-5889.959999999999,,4.0,,#63b512
2026-01-27,GMTrade,,13498.75047837776,,3374.686361176839,,9526.54297896403,,2381.6358824017084,,2.0,,#f79009
2026-01-27,Drift,,2002.566690000001,,2002.566690000001,,-103.44415700000127,,-103.44415700000127,,,,
2026-01-27,Phoenix,,48.23697524000001,,48.23697524000001,,17.856128520000006,,17.856128520000006,,3.0,,#904ea6
2026-01-26,Total,514108.1397672503,,289625.538363962,,-791663.7970165538,,-213303.4335998228,,1.0,,#545cf8,
2026-01-26,Pacifica,,197142.43806391704,,197142.43806391704,,-2268.9889847866434,,-2268.9889847866434,,1.0,,#545cf8
2026-01-26,Jupiter,,291693.6725101995,,72923.41812754987,,-770584.3797110491,,-192646.0949277623,,,,
2026-01-26,Flash Trade,,19163.43,,16430.239999999998,,35.970000000001164,,87.0099999999984,,4.0,,#63b512
2026-01-26,Drift,,2106.0108470000023,,2106.0108470000023,,-18345.412904999994,,-18345.412904999994,,,,
2026-01-26,GMTrade,,3972.2074994137315,,993.0504787751306,,-494.71945047805957,,-123.68081703383973,,2.0,,#f79009
2026-01-26,Phoenix,,30.38084672,,30.38084672,,-6.26596524,,-6.26596524,,3.0,,#904ea6
2026-01-25,Total,1305771.936783804,,502928.97196378483,,1097126.347792925,,379147.36756796646,,1.0,,#545cf8,
2026-01-25,Jupiter,,1062278.0522212486,,265569.51305531216,,953926.455372429,,238481.61384310725,,,,
2026-01-25,Pacifica,,199411.42704870368,,199411.42704870368,,106648.69944518509,,106648.69944518509,,1.0,,#545cf8
2026-01-25,Drift,,20451.423751999995,,20451.423751999995,,20166.929242999995,,20166.929242999995,,,,
2026-01-25,Flash Trade,,19127.46,,16343.23,,16153.07,,13787.369999999999,,4.0,,#63b512
2026-01-25,GMTrade,,4466.926949891791,,1116.7312958089703,,224.58497015101239,,56.146274514105244,,2.0,,#f79009
2026-01-25,Phoenix,,36.64681196,,36.64681196,,6.608762159999998,,6.608762159999998,,3.0,,#904ea6
2026-01-24,Total,208645.58899087904,,123781.60439581837,,-550834.8450725304,,-268435.5124185057,,1.0,,#545cf8,
2026-01-24,Pacifica,,92762.7276035186,,92762.7276035186,,-154495.66780968296,,-154495.66780968296,,1.0,,#545cf8
2026-01-24,Jupiter,,108351.59684881965,,27087.899212204913,,-370335.775659073,,-92583.94391476826,,,,
2026-01-24,Flash Trade,,2974.39,,2555.8599999999997,,-6449.68,,-5603.650000000001,,4.0,,#63b512
2026-01-24,GMTrade,,4242.341979740779,,1060.585021294865,,-5068.6277580945225,,-1267.1568483745366,,2.0,,#f79009
2026-01-24,Drift,,284.4945090000001,,284.4945090000001,,-14436.985594999958,,-14436.985594999958,,,,
2026-01-24,Phoenix,,30.038049800000003,,30.038049800000003,,-48.108250680000005,,-48.108250680000005,,3.0,,#904ea6
2026-01-23,Total,759480.4340634095,,392217.11681432405,,260351.1415089012,,100267.60651030403,,1.0,,#545cf8,
2026-01-23,Pacifica,,247258.39541320154,,247258.39541320154,,32079.144765303645,,32079.144765303645,,1.0,,#545cf8
2026-01-23,Jupiter,,478687.37250789267,,119671.84312697317,,212493.0891633418,,53123.27229083545,,,,
2026-01-23,Drift,,14721.480103999958,,14721.480103999958,,12761.105722999957,,12761.105722999957,,,,
2026-01-23,Flash Trade,,9424.07,,8159.51,,2495.7599999999993,,2144.3600000000006,,4.0,,#63b512
2026-01-23,GMTrade,,9310.969737835301,,2327.7418696694017,,483.0908242158166,,120.77269812499844,,2.0,,#f79009
2026-01-23,Phoenix,,78.14630048000001,,78.14630048000001,,38.951033040000006,,38.951033040000006,,3.0,,#904ea6
2026-01-22,Total,499129.29255450825,,291949.51030402,,-462506.96547379374,,-162424.2689461839,,1.0,,#545cf8,
2026-01-22,Pacifica,,215179.2506478979,,215179.2506478979,,-55369.29702073842,,-55369.29702073842,,1.0,,#545cf8
2026-01-22,Jupiter,,266194.2833445509,,66548.57083613772,,-399440.2548803963,,-99860.06372009907,,,,
2026-01-22,Flash Trade,,6928.31,,6015.15,,-7051.339999999999,,-6091.199999999999,,4.0,,#63b512
2026-01-22,GMTrade,,8827.878913619485,,2206.9691715444033,,610.1792992210467,,152.54466653357304,,2.0,,#f79009
2026-01-22,Drift,,1960.3743810000012,,1960.3743810000012,,-1233.8813699999985,,-1233.8813699999985,,,,
2026-01-22,Phoenix,,39.19526744,,39.19526744,,-22.371501880000004,,-22.371501880000004,,3.0,,#904ea6
2026-01-21,Total,961636.258028302,,454373.7792502039,,-65868.80052169692,,-32823.96913558623,,1.0,,#545cf8,
2026-01-21,Pacifica,,270548.5476686363,,270548.5476686363,,1344.0147414265666,,1344.0147414265666,,1.0,,#545cf8
2026-01-21,Jupiter,,665634.5382249472,,166408.6345562368,,-46556.340835478855,,-11639.085208869714,,,,
2026-01-21,Flash Trade,,13979.65,,12106.349999999999,,-22708.379999999997,,-19915.11,,4.0,,#63b512
2026-01-21,Drift,,3194.2557509999997,,3194.2557509999997,,-4175.668367999996,,-4175.668367999996,,,,
2026-01-21,GMTrade,,8217.699614398438,,2054.42450501083,,6220.925572235211,,1555.2313317368805,,2.0,,#f79009
2026-01-21,Phoenix,,61.566769320000006,,61.566769320000006,,6.648368120000008,,6.648368120000008,,3.0,,#904ea6
2026-01-20,Total,1027505.0585499989,,487197.74838579015,,-165045.30428850988,,-44155.25439418503,,1.0,,#545cf8,
2026-01-20,Pacifica,,269204.53292720974,,269204.53292720974,,5725.815355081519,,5725.815355081519,,1.0,,#545cf8
2026-01-20,Jupiter,,712190.879060426,,178047.7197651065,,-160473.2797898947,,-40118.319947473676,,,,
2026-01-20,Flash Trade,,36688.03,,32021.46,,11562.8,,10512.55,,4.0,,#63b512
2026-01-20,Drift,,7369.924118999996,,7369.924118999996,,-19776.406904999967,,-19776.406904999967,,,,
2026-01-20,GMTrade,,1996.7740421632268,,499.19317327394964,,-2113.7863258966927,,-528.4462739928417,,2.0,,#f79009
2026-01-20,Phoenix,,54.9184012,,54.9184012,,29.5533772,,29.5533772,,3.0,,#904ea6
2026-01-19,Total,1192550.3628385088,,531353.0027799752,,720227.0736213075,,270997.7902306579,,1.0,,#545cf8,
2026-01-19,Pacifica,,263478.7175721282,,263478.7175721282,,87082.6984473156,,87082.6984473156,,1.0,,#545cf8
2026-01-19,Jupiter,,872664.1588503207,,218166.03971258018,,595028.864667253,,148757.21616681325,,,,
2026-01-19,Drift,,27146.331023999963,,27146.331023999963,,23477.304220999962,,23477.304220999962,,,,
2026-01-19,Flash Trade,,25125.23,,21508.91,,13149.22,,11302.31,,4.0,,#63b512
2026-01-19,GMTrade,,4110.56036805992,,1027.6394472667914,,1480.9664349389386,,370.24154472906696,,2.0,,#f79009
2026-01-19,Phoenix,,25.365024,,25.365024,,8.019850799999997,,8.019850799999997,,3.0,,#904ea6
2026-01-18,Total,472323.28921720135,,260355.21254931728,,-5461.389143049077,,50611.0328089305,,1.0,,#545cf8,
2026-01-18,Pacifica,,176396.01912481262,,176396.01912481262,,64171.69137774562,,64171.69137774562,,1.0,,#545cf8
2026-01-18,Jupiter,,277635.29418306774,,69408.82354576694,,-76171.49816273159,,-19042.874540682897,,,,
2026-01-18,Flash Trade,,11976.01,,10206.6,,3007.24,,2315.8100000000004,,4.0,,#63b512
2026-01-18,Drift,,3669.0268030000007,,3669.0268030000007,,3046.1393100000005,,3046.1393100000005,,,,
2026-01-18,GMTrade,,2629.593933120981,,657.3979025377245,,486.3615950168705,,121.58992494776135,,2.0,,#f79009
2026-01-18,Phoenix,,17.3451732,,17.3451732,,-1.3232630800000003,,-1.3232630800000003,,3.0,,#904ea6
2026-01-17,Total,477784.67836025043,,209744.17974038678,,-53891.55827580765,,-105782.40861718531,,1.0,,#545cf8,
2026-01-17,Pacifica,,112224.327747067,,112224.327747067,,-115793.68596347066,,-115793.68596347066,,1.0,,#545cf8
2026-01-17,Jupiter,,353806.79234579933,,88451.69808644983,,70099.32780067757,,17524.83195016939,,,,
2026-01-17,Flash Trade,,8968.77,,7890.79,,-5799.43,,-4915.910000000001,,4.0,,#63b512
2026-01-17,Drift,,622.887493,,622.887493,,-2651.2165749999995,,-2651.2165749999995,,,,
2026-01-17,GMTrade,,2143.2323381041106,,535.8079775899631,,266.50033954539686,,66.62584867598383,,2.0,,#f79009
2026-01-17,Phoenix,,18.66843628,,18.66843628,,-13.053877559999997,,-13.053877559999997,,3.0,,#904ea6
2026-01-16,Total,531676.2366360581,,315526.5883575721,,-419252.7858816802,,-129981.46014484006,,1.0,,#545cf8,
2026-01-16,Pacifica,,228018.01371053766,,228018.01371053766,,-31168.550384837406,,-31168.550384837406,,1.0,,#545cf8
2026-01-16,Jupiter,,283707.46454512177,,70926.86613628044,,-386686.12225367513,,-96671.53056341878,,,,
2026-01-16,Flash Trade,,14768.2,,12806.7,,-2871.5499999999993,,-2487.069999999998,,4.0,,#63b512
2026-01-16,Drift,,3274.1040679999996,,3274.1040679999996,,539.924450999999,,539.924450999999,,,,
2026-01-16,GMTrade,,1876.7319985587137,,469.1821289139793,,944.053342552365,,-183.69261086394346,,2.0,,#f79009
2026-01-16,Phoenix,,31.722313839999998,,31.722313839999998,,-10.541036719999994,,-10.541036719999994,,3.0,,#904ea6
2026-01-15,Total,950929.0225177383,,445508.04850241216,,191554.11760458036,,43799.84664205182,,1.0,,#545cf8,
2026-01-15,Pacifica,,259186.56409537507,,259186.56409537507,,-8155.446683752292,,-8155.446683752292,,1.0,,#545cf8
2026-01-15,Jupiter,,670393.5867987969,,167598.39669969922,,196247.4626228665,,49061.865655716625,,,,
2026-01-15,Flash Trade,,17639.75,,15293.769999999999,,3183.2000000000007,,2854.6799999999985,,4.0,,#63b512
2026-01-15,Drift,,2734.1796170000007,,2734.1796170000007,,-521.0104009999973,,-521.0104009999973,,,,
2026-01-15,GMTrade,,932.6786560063487,,652.8747397779227,,800.5149578261679,,560.3609624475334,,2.0,,#f79009
2026-01-15,Phoenix,,42.26335055999999,,42.26335055999999,,-0.602891360000001,,-0.602891360000001,,3.0,,#904ea6
2026-01-14,Total,759374.9049131579,,401708.20186036034,,-415541.5210764529,,-159661.16903265682,,1.0,,#545cf8,
2026-01-14,Pacifica,,267342.01077912736,,267342.01077912736,,-47923.401930129854,,-47923.401930129854,,1.0,,#545cf8
2026-01-14,Jupiter,,474146.1241759304,,118536.5310439826,,-340741.7120048809,,-85185.42800122022,,,,
2026-01-14,Flash Trade,,14456.55,,12439.09,,-1824.0200000000004,,-1555.710000000001,,4.0,,#63b512
2026-01-14,Drift,,3255.190017999998,,3255.190017999998,,-24867.282795000014,,-24867.282795000014,,,,
2026-01-14,GMTrade,,132.16369818018072,,92.51377733038935,,-185.86259448192905,,-130.10455434659525,,2.0,,#f79009
2026-01-14,Phoenix,,42.86624191999999,,42.86624191999999,,0.758248039999998,,0.758248039999998,,3.0,,#904ea6
2026-01-13,Total,1174916.4259896108,,561369.3708930172,,411546.65997602465,,157098.73060850456,,1.0,,#545cf8,
2026-01-13,Pacifica,,315265.4127092572,,315265.4127092572,,45807.46271773288,,45807.46271773288,,1.0,,#545cf8
2026-01-13,Jupiter,,814887.8361808113,,203721.95904520282,,338720.69974768773,,84680.17493692193,,,,
2026-01-13,Drift,,28122.47281300001,,28122.47281300001,,24267.170783000005,,24267.170783000005,,,,
2026-01-13,Flash Trade,,16280.57,,13994.800000000001,,2576.3600000000006,,2220.880000000001,,4.0,,#63b512
2026-01-13,GMTrade,,318.02629266210977,,222.6183316769846,,173.08189732377122,,121.15734056962496,,2.0,,#f79009
2026-01-13,Phoenix,,42.107993879999995,,42.107993879999995,,1.8848302799999885,,1.8848302799999885,,3.0,,#904ea6
2026-01-12,Total,763369.7660135862,,404270.6402845126,,79493.79889934836,,94857.92132902873,,1.0,,#545cf8,
2026-01-12,Pacifica,,269457.94999152434,,269457.94999152434,,95100.11404391227,,95100.11404391227,,1.0,,#545cf8
2026-01-12,Jupiter,,476167.13643312355,,119041.78410828089,,-21142.291314632457,,-5285.572828658114,,,,
2026-01-12,Flash Trade,,13704.21,,11773.92,,3457.9799999999996,,2957.129999999999,,4.0,,#63b512
2026-01-12,Drift,,3855.302030000006,,3855.302030000006,,2084.3201720000047,,2084.3201720000047,,,,
2026-01-12,GMTrade,,144.94439533833855,,101.46099110735965,,-27.511169051412082,,-19.25722534547215,,2.0,,#f79009
2026-01-12,Phoenix,,40.22316360000001,,40.22316360000001,,21.187167120000005,,21.187167120000005,,3.0,,#904ea6
2026-01-11,Total,683875.9671142378,,309412.71895548387,,415360.7072175849,,143255.3217934263,,1.0,,#545cf8,
2026-01-11,Pacifica,,174357.83594761207,,174357.83594761207,,47888.398272768885,,47888.398272768885,,1.0,,#545cf8
2026-01-11,Jupiter,,497309.427747756,,124327.356936939,,361891.527340203,,90472.88183505075,,,,
2026-01-11,Flash Trade,,10246.23,,8816.79,,5048.2,,4377.1,,4.0,,#63b512
2026-01-11,Drift,,1770.9818580000015,,1770.9818580000015,,483.99602700000173,,483.99602700000173,,,,
2026-01-11,GMTrade,,172.45556438975063,,120.7182164528318,,52.13271105302435,,36.49279204670239,,2.0,,#f79009
2026-01-11,Phoenix,,19.03599648,,19.03599648,,-3.5471334399999996,,-3.5471334399999996,,3.0,,#904ea6
2026-01-10,Total,268515.25989665295,,166157.39716205758,,-676797.2128108952,,-282563.53787680523,,1.0,,#545cf8,
2026-01-10,Pacifica,,126469.43767484318,,126469.43767484318,,-141273.68260115565,,-141273.68260115565,,1.0,,#545cf8
2026-01-10,Jupiter,,135417.900407553,,33854.47510188825,,-523689.6117434189,,-130922.40293585473,,,,
2026-01-10,Flash Trade,,5198.03,,4439.6900000000005,,-10202.7,,-8786.029999999999,,4.0,,#63b512
2026-01-10,Drift,,1286.9858309999997,,1286.9858309999997,,-1467.8877869999963,,-1467.8877869999963,,,,
2026-01-10,GMTrade,,120.32285333672628,,84.2254244061294,,-165.986568000541,,-116.19044147484726,,2.0,,#f79009
2026-01-10,Phoenix,,22.58312992,,22.58312992,,2.6558886800000003,,2.6558886800000003,,3.0,,#904ea6
2026-01-09,Total,945312.4727075481,,448720.9350388628,,130965.36086298432,,32450.198504849744,,1.0,,#545cf8,
2026-01-09,Pacifica,,267743.12027599884,,267743.12027599884,,-571.0547977679526,,-571.0547977679526,,1.0,,#545cf8
2026-01-09,Jupiter,,659107.5121509719,,164776.87803774298,,130803.80554895056,,32700.95138723764,,,,
2026-01-09,Flash Trade,,15400.73,,13225.72,,2670.029999999999,,2304.8099999999995,,4.0,,#63b512
2026-01-09,Drift,,2754.873617999996,,2754.873617999996,,-2089.6083600000175,,-2089.6083600000175,,,,
2026-01-09,GMTrade,,286.3094213372673,,200.41586588097667,,156.9655675617663,,109.87737114004133,,2.0,,#f79009
2026-01-09,Phoenix,,19.92724124,,19.92724124,,-4.777095760000002,,-4.777095760000002,,3.0,,#904ea6
2026-01-08,Total,814347.1118445637,,416270.73653401306,,-180075.17559934256,,-45529.94341500552,,1.0,,#545cf8,
2026-01-08,Pacifica,,268314.1750737668,,268314.1750737668,,-6142.229793048988,,-6142.229793048988,,1.0,,#545cf8
2026-01-08,Jupiter,,528303.7066020214,,132075.92665050534,,-180231.88118105708,,-45057.97029526427,,,,
2026-01-08,Flash Trade,,12730.7,,10920.91,,4413.120000000001,,3757.24,,4.0,,#63b512
2026-01-08,Drift,,4844.481978000013,,4844.481978000013,,1975.5672150000141,,1975.5672150000141,,,,
2026-01-08,GMTrade,,129.34385377550097,,90.53849474093533,,-90.67492367658443,,-63.4736251322868,,2.0,,#f79009
2026-01-08,Phoenix,,24.704337000000002,,24.704337000000002,,0.9230834400000063,,0.9230834400000063,,3.0,,#904ea6
2026-01-07,Total,994422.2874439063,,461800.6799490186,,-126466.47143294569,,-32623.630759939668,,1.0,,#545cf8,
2026-01-07,Pacifica,,274456.4048668158,,274456.4048668158,,10426.864133147465,,10426.864133147465,,1.0,,#545cf8
2026-01-07,Jupiter,,708535.5877830784,,177133.8969457696,,-123164.22542582895,,-30791.056356457237,,,,
2026-01-07,Flash Trade,,8317.58,,7163.67,,-10669.94,,-9202.72,,4.0,,#63b512
2026-01-07,Drift,,2868.9147629999993,,2868.9147629999993,,-3050.9915250000054,,-3050.9915250000054,,,,
2026-01-07,GMTrade,,220.0187774520854,,154.01211987322213,,-8.174824184179357,,-5.723220549852186,,2.0,,#f79009
2026-01-07,Phoenix,,23.781253559999996,,23.781253559999996,,-0.0037910800000027223,,-0.0037910800000027223,,3.0,,#904ea6
2026-01-06,Total,1120888.758876852,,494424.31070895825,,-20177.903261943487,,40863.13198417309,,1.0,,#545cf8,
2026-01-06,Pacifica,,264029.5407336683,,264029.5407336683,,56087.93618036009,,56087.93618036009,,1.0,,#545cf8
2026-01-06,Jupiter,,831699.8132089074,,207924.95330222684,,-82190.47687939415,,-20547.619219848537,,,,
2026-01-06,Flash Trade,,18987.52,,16366.39,,4883.530000000001,,4167.579999999998,,4.0,,#63b512
2026-01-06,Drift,,5919.906288000005,,5919.906288000005,,1424.3097180000068,,1424.3097180000068,,,,
2026-01-06,GMTrade,,228.19360163626476,,159.73534042307432,,-380.4257157897047,,-266.2981292185127,,2.0,,#f79009
2026-01-06,Phoenix,,23.78504464,,23.78504464,,-2.7765651199999972,,-2.7765651199999972,,3.0,,#904ea6
2026-01-05,Total,1141066.6621387955,,453561.17872478516,,655648.2949403522,,183383.6334788014,,1.0,,#545cf8,
2026-01-05,Jupiter,,913890.2900883015,,228472.57252207538,,628534.0116429513,,157133.50291073782,,,,
2026-01-05,Pacifica,,207941.60455330822,,207941.60455330822,,18057.02552278497,,18057.02552278497,,1.0,,#545cf8
2026-01-05,Flash Trade,,14103.99,,12198.810000000001,,6604.42,,5789.660000000002,,4.0,,#63b512
2026-01-05,Drift,,4495.596569999998,,4495.596569999998,,2284.974190999996,,2284.974190999996,,,,
2026-01-05,GMTrade,,608.6193174259695,,426.03346964158703,,164.64259021610195,,115.2498608786284,,2.0,,#f79009
2026-01-05,Phoenix,,26.561609759999996,,26.561609759999996,,3.220993399999994,,3.220993399999994,,3.0,,#904ea6
2026-01-04,Total,485418.36719844333,,270177.54524598375,,-129470.76166800357,,-15235.743379743479,,1.0,,#545cf8,
2026-01-04,Pacifica,,189884.57903052325,,189884.57903052325,,21299.2280277205,,21299.2280277205,,1.0,,#545cf8
2026-01-04,Jupiter,,285356.2784453502,,71339.06961133755,,-152518.4727235288,,-38129.6181808822,,,,
2026-01-04,Flash Trade,,7499.57,,6409.15,,1754.9099999999999,,1493.5,,4.0,,#63b512
2026-01-04,Drift,,2210.6223790000017,,2210.6223790000017,,353.18389800000386,,353.18389800000386,,,,
2026-01-04,GMTrade,,443.97672720986753,,310.78360876295864,,-358.57929107531055,,-251.005545461817,,2.0,,#f79009
2026-01-04,Phoenix,,23.340616360000002,,23.340616360000002,,-1.03157912,,-1.03157912,,3.0,,#904ea6
2026-01-03,Total,614889.1288664469,,285413.28862572723,,-19342.70869987004,,-40508.229687771585,,1.0,,#545cf8,
2026-01-03,Pacifica,,168585.35100280275,,168585.35100280275,,-39797.03298950699,,-39797.03298950699,,1.0,,#545cf8
2026-01-03,Jupiter,,437874.751168879,,109468.68779221975,,29793.15913242742,,7448.289783106855,,,,
2026-01-03,Flash Trade,,5744.66,,4915.65,,-8210.710000000001,,-7100.290000000001,,4.0,,#63b512
2026-01-03,Drift,,1857.4384809999979,,1857.4384809999979,,-893.2022160000047,,-893.2022160000047,,,,
2026-01-03,GMTrade,,802.5560182851781,,561.7891542247756,,-229.76104371037593,,-160.83268229142936,,2.0,,#f79009
2026-01-03,Phoenix,,24.372195480000002,,24.372195480000002,,-5.16158308,,-5.16158308,,3.0,,#904ea6
2026-01-02,Total,634231.837566317,,325921.5183134988,,178615.43367816228,,127535.28278958405,,1.0,,#545cf8,
2026-01-02,Pacifica,,208382.38399230974,,208382.38399230974,,99867.12881516856,,99867.12881516856,,1.0,,#545cf8
2026-01-02,Jupiter,,408081.59203645156,,102020.39800911289,,65983.38802864926,,16495.847007162316,,,,
2026-01-02,Flash Trade,,13955.37,,12015.94,,9680.07,,8350.52,,4.0,,#63b512
2026-01-02,Drift,,2750.6406970000025,,2750.6406970000025,,2209.4867510000026,,2209.4867510000026,,,,
2026-01-02,GMTrade,,1032.317061995554,,722.621836516205,,876.8659693443361,,613.8061022531812,,2.0,,#f79009
2026-01-02,Phoenix,,29.533778560000002,,29.533778560000002,,-1.5058859999999967,,-1.5058859999999967,,3.0,,#904ea6
2026-01-01,Total,455616.40388815466,,198386.23552391477,,7050.986827587651,,-44240.36175991033,,1.0,,#545cf8,
2026-01-01,Pacifica,,108515.25517714118,,108515.25517714118,,-59642.42081543522,,-59642.42081543522,,1.0,,#545cf8
2026-01-01,Jupiter,,342098.2040078023,,85524.55100195057,,68622.58697504515,,17155.64674376129,,,,
2026-01-01,Flash Trade,,4275.3,,3665.42,,-1020.3699999999999,,-891.96,,4.0,,#63b512
2026-01-01,Drift,,541.1539459999998,,541.1539459999998,,-739.6734379999974,,-739.6734379999974,,,,
2026-01-01,GMTrade,,155.4510926512179,,108.81573426302383,,-157.27037094225636,,-110.08872715639986,,2.0,,#f79009
2026-01-01,Phoenix,,31.03966456,,31.03966456,,-11.865523079999996,,-11.865523079999996,,3.0,,#904ea6
2025-12-31,Total,448565.417060567,,242626.5972838251,,-144622.41280728596,,-35981.28534088016,,1.0,,#545cf8,
2025-12-31,Pacifica,,168157.6759925764,,168157.6759925764,,991.7840943792544,,991.7840943792544,,1.0,,#545cf8
2025-12-31,Jupiter,,273475.61703275715,,68368.90425818929,,-144594.70164905657,,-36148.67541226414,,,,
2025-12-31,Flash Trade,,5295.67,,4557.38,,-640.4200000000001,,-527.8400000000001,,4.0,,#63b512
2025-12-31,Drift,,1280.8273839999972,,1280.8273839999972,,-101.11408800000345,,-101.11408800000345,,,,
2025-12-31,GMTrade,,312.72146359347425,,218.90446141942368,,-275.0719725286084,,-192.55074291524085,,2.0,,#f79009
2025-12-31,Phoenix,,42.905187639999994,,42.905187639999994,,-2.889192080000001,,-2.889192080000001,,3.0,,#904ea6
2025-12-30,Total,593187.829867853,,278607.88262470526,,-21178.735672292532,,-14255.777980188897,,1.0,,#545cf8,
2025-12-30,Pacifica,,167165.89189819715,,167165.89189819715,,-5043.939068862208,,-5043.939068862208,,1.0,,#545cf8
2025-12-30,Jupiter,,418070.3186818137,,104517.57967045343,,-7963.589971122041,,-1990.8974927805102,,,,
2025-12-30,Flash Trade,,5936.09,,5085.22,,-6776.139999999999,,-5778.64,,4.0,,#63b512
2025-12-30,Drift,,1381.9414720000007,,1381.9414720000007,,-1554.0877449999969,,-1554.0877449999969,,,,
2025-12-30,GMTrade,,587.7934361220827,,411.45520433466453,,157.45068485175187,,110.21589861380784,,2.0,,#f79009
2025-12-30,Phoenix,,45.794379719999995,,45.794379719999995,,1.5704278399999936,,1.5704278399999936,,3.0,,#904ea6
2025-12-29,Total,614366.5655401455,,292863.66060489416,,171009.06312143517,,110336.68655627535,,1.0,,#545cf8,
2025-12-29,Pacifica,,172209.83096705936,,172209.83096705936,,79516.18512659727,,79516.18512659727,,1.0,,#545cf8
2025-12-29,Jupiter,,426033.90865293576,,106508.47716323394,,78906.9982693512,,19726.7495673378,,,,
2025-12-29,Flash Trade,,12712.23,,10863.86,,10307.41,,8807.07,,4.0,,#63b512
2025-12-29,Drift,,2936.0292169999975,,2936.0292169999975,,2302.4205019999977,,2302.4205019999977,,,,
2025-12-29,GMTrade,,430.3427512703308,,301.2393057208567,,-27.37572507339314,,-19.163588219731764,,2.0,,#f79009
2025-12-29,Phoenix,,44.22395188,,44.22395188,,3.4249485600000042,,3.4249485600000042,,3.0,,#904ea6
2025-12-28,Total,443357.5024187103,,182526.9740486188,,200972.45067520379,,62938.843381209736,,1.0,,#545cf8,
2025-12-28,Pacifica,,92693.6458404621,,92693.6458404621,,16904.59723479148,,16904.59723479148,,1.0,,#545cf8
2025-12-28,Jupiter,,347126.91038358456,,86781.72759589614,,183831.70440777903,,45957.92610194476,,,,
2025-12-28,Flash Trade,,2404.82,,2056.79,,211.73000000000002,,172.99,,4.0,,#63b512
2025-12-28,Drift,,633.6087149999998,,633.6087149999998,,-381.12054700000067,,-381.12054700000067,,,,
2025-12-28,GMTrade,,457.7184763437239,,320.40289394058846,,403.6299246333275,,282.5409364735118,,2.0,,#f79009
2025-12-28,Phoenix,,40.79900332,,40.79900332,,1.9096549999999937,,1.9096549999999937,,3.0,,#904ea6
2025-12-27,Total,242385.05174350654,,119588.13066740907,,-467288.9519856003,,-179031.84253910973,,1.0,,#545cf8,
2025-12-27,Pacifica,,75789.04860567061,,75789.04860567061,,-78489.66355735382,,-78489.66355735382,,1.0,,#545cf8
2025-12-27,Jupiter,,163295.20597580553,,40823.80149395138,,-383412.8424856076,,-95853.2106214019,,,,
2025-12-27,Flash Trade,,2193.09,,1883.8,,-5058.58,,-4363.64,,4.0,,#63b512
2025-12-27,Drift,,1014.7292620000005,,1014.7292620000005,,-315.2931289999983,,-315.2931289999983,,,,
2025-12-27,Phoenix,,38.88934832,,38.88934832,,-4.1142286799999965,,-4.1142286799999965,,3.0,,#904ea6
2025-12-27,GMTrade,,54.08855171039644,,37.86195746707662,,-8.458584958845584,,-5.9210026740210395,,2.0,,#f79009
2025-12-26,Total,709674.0037291069,,298619.9732065188,,364099.02873263665,,95345.04353055512,,1.0,,#545cf8,
2025-12-26,Pacifica,,154278.71216302444,,154278.71216302444,,2959.5750466000172,,2959.5750466000172,,1.0,,#545cf8
2025-12-26,Jupiter,,546708.0484614131,,136677.01211535328,,357887.7922311083,,89471.94805777707,,,,
2025-12-26,Flash Trade,,7251.67,,6247.4400000000005,,2754.09,,2411.6400000000003,,4.0,,#63b512
2025-12-26,Drift,,1330.0223909999988,,1330.0223909999988,,509.688799999999,,509.688799999999,,,,
2025-12-26,GMTrade,,62.54713666924202,,43.78296014109766,,-14.363234831688601,,-10.054263581968243,,2.0,,#f79009
2025-12-26,Phoenix,,43.003577,,43.003577,,2.2458897600000043,,2.2458897600000043,,3.0,,#904ea6
2025-12-25,Total,345574.9749964702,,203274.92967596368,,-275675.2370795679,,-64910.11039393049,,1.0,,#545cf8,
2025-12-25,Pacifica,,151319.13711642442,,151319.13711642442,,6721.108083895961,,6721.108083895961,,1.0,,#545cf8
2025-12-25,Jupiter,,188820.25623030483,,47205.06405757621,,-280925.5479170652,,-70231.3869792663,,,,
2025-12-25,Flash Trade,,4497.58,,3835.8,,-149.25,,-153.6300000000001,,4.0,,#63b512
2025-12-25,Drift,,820.3335909999998,,820.3335909999998,,-1069.1691350000021,,-1069.1691350000021,,,,
2025-12-25,GMTrade,,76.91037150093062,,53.837223723065904,,-251.15212007868882,,-175.80637224013444,,2.0,,#f79009
2025-12-25,Phoenix,,40.757687239999996,,40.757687239999996,,-1.2259913200000057,,-1.2259913200000057,,3.0,,#904ea6
2025-12-24,Total,621250.2120760381,,268185.04006989417,,135893.2547278988,,8325.829152149323,,1.0,,#545cf8,
2025-12-24,Pacifica,,144598.02903252846,,144598.02903252846,,-31682.91626273282,,-31682.91626273282,,1.0,,#545cf8
2025-12-24,Jupiter,,469745.80414737004,,117436.45103684251,,170449.80262129928,,42612.45065532482,,,,
2025-12-24,Flash Trade,,4646.83,,3989.4300000000003,,-2334.8999999999996,,-1995.0099999999993,,4.0,,#63b512
2025-12-24,Drift,,1889.502726000002,,1889.502726000002,,-764.5359699999935,,-764.5359699999935,,,,
2025-12-24,GMTrade,,328.06249157961946,,229.64359596320034,,233.21164889230369,,163.2480391172928,,2.0,,#f79009
2025-12-24,Phoenix,,41.98367856,,41.98367856,,-7.407309560000002,,-7.407309560000002,,3.0,,#904ea6
2025-12-23,Total,485356.9573481393,,259859.21091774484,,-264002.19056268415,,-66214.19122273556,,1.0,,#545cf8,
2025-12-23,Pacifica,,176280.94529526128,,176280.94529526128,,2495.883213080524,,2495.883213080524,,1.0,,#545cf8
2025-12-23,Jupiter,,299296.00152607076,,74824.00038151769,,-262878.35780000186,,-65719.58945000047,,,,
2025-12-23,Flash Trade,,6981.73,,5984.44,,-3059.970000000001,,-2614.830000000001,,4.0,,#63b512
2025-12-23,Drift,,2654.0386959999955,,2654.0386959999955,,53.235568000002786,,53.235568000002786,,,,
2025-12-23,GMTrade,,94.85084268731576,,66.39555684590755,,-613.6362619228041,,-429.54527197557985,,2.0,,#f79009
2025-12-23,Phoenix,,49.39098812,,49.39098812,,0.6547181600000016,,0.6547181600000016,,3.0,,#904ea6
2025-12-22,Total,749359.1479108235,,326073.4021404804,,348827.3563574908,,109459.05838166375,,1.0,,#545cf8,
2025-12-22,Pacifica,,173785.06208218075,,173785.06208218075,,24901.02411460929,,24901.02411460929,,1.0,,#545cf8
2025-12-22,Jupiter,,562174.3593260726,,140543.58983151815,,318311.66528638126,,79577.91632159532,,,,
2025-12-22,Flash Trade,,10041.7,,8599.27,,4040.2400000000007,,3493.130000000001,,4.0,,#63b512
2025-12-22,Drift,,2600.8031279999927,,2600.8031279999927,,1275.3950199999963,,1275.3950199999963,,,,
2025-12-22,GMTrade,,708.4871046101199,,495.9408288214874,,291.4630804602933,,204.0240694191287,,2.0,,#f79009
2025-12-22,Phoenix,,48.73626996,,48.73626996,,7.56885604,,7.56885604,,3.0,,#904ea6
2025-12-21,Total,400531.79155333264,,216614.34375881666,,-11780.242400737363,,62822.144583293324,,1.0,,#545cf8,
2025-12-21,Pacifica,,148884.03796757146,,148884.03796757146,,82963.58349244157,,82963.58349244157,,1.0,,#545cf8
2025-12-21,Jupiter,,243862.69403969136,,60965.67350992284,,-100518.58903890918,,-25129.647259727295,,,,
2025-12-21,Flash Trade,,6001.46,,5106.139999999999,,4945.9,,4202.449999999999,,4.0,,#63b512
2025-12-21,Drift,,1325.4081079999964,,1325.4081079999964,,686.3252259999958,,686.3252259999958,,,,
2025-12-21,GMTrade,,417.0240241498266,,291.9167594023587,,143.68284945026932,,100.57805429904101,,2.0,,#f79009
2025-12-21,Phoenix,,41.16741392,,41.16741392,,-1.1449297199999933,,-1.1449297199999933,,3.0,,#904ea6
2025-12-20,Total,412312.03395407,,153792.19917552333,,-227118.89824228437,,-132153.06155715077,,1.0,,#545cf8,
2025-12-20,Jupiter,,344381.28307860054,,86095.32076965013,,-125326.56325477036,,-31331.64081369259,,,,
2025-12-20,Pacifica,,65920.4544751299,,65920.4544751299,,-92032.92883893498,,-92032.92883893498,,1.0,,#545cf8
2025-12-20,Flash Trade,,1055.56,,903.69,,-6525.26,,-5604.09,,4.0,,#63b512
2025-12-20,Drift,,639.0828820000006,,639.0828820000006,,-3066.9286089999655,,-3066.9286089999655,,,,
2025-12-20,GMTrade,,273.34117469955726,,191.3387051033177,,-165.81434625905786,,-116.07010220319461,,2.0,,#f79009
2025-12-20,Phoenix,,42.312343639999995,,42.312343639999995,,-1.4031933200000068,,-1.4031933200000068,,3.0,,#904ea6
2025-12-19,Total,639430.9321963544,,285945.2607326741,,-777772.920030615,,-221947.04265510075,,1.0,,#545cf8,
2025-12-19,Pacifica,,157953.38331406488,,157953.38331406488,,-19330.86994511349,,-19330.86994511349,,1.0,,#545cf8
2025-12-19,Jupiter,,469707.8463333709,,117426.96158334272,,-739416.1586117797,,-184854.03965294492,,,,
2025-12-19,Flash Trade,,7580.82,,6507.78,,-6598.880000000001,,-5627.830000000001,,4.0,,#63b512
2025-12-19,Drift,,3706.011490999966,,3706.011490999966,,-11448.335729000062,,-11448.335729000062,,,,
2025-12-19,GMTrade,,439.1555209586151,,307.4088073065123,,-975.6945940813998,,-682.9861774023007,,2.0,,#f79009
2025-12-19,Phoenix,,43.71553696,,43.71553696,,-2.9811506399999956,,-2.9811506399999956,,3.0,,#904ea6
2025-12-18,Total,1417203.8522269693,,507892.30338777485,,218521.9581416042,,42023.27469040803,,1.0,,#545cf8,
2025-12-18,Jupiter,,1209124.0049451506,,302281.00123628764,,236263.9949360909,,59065.99873402272,,,,
2025-12-18,Pacifica,,177284.25325917837,,177284.25325917837,,-19749.342379185022,,-19749.342379185022,,1.0,,#545cf8
2025-12-18,Drift,,15154.347220000029,,15154.347220000029,,7106.599587000029,,7106.599587000029,,,,
2025-12-18,Flash Trade,,14179.7,,12135.61,,-5667.759999999998,,-4798.329999999998,,4.0,,#63b512
2025-12-18,GMTrade,,1414.850115040015,,990.394984708813,,567.0575994979906,,396.9403503702848,,2.0,,#f79009
2025-12-18,Phoenix,,46.6966876,,46.6966876,,1.4083982000000006,,1.4083982000000006,,3.0,,#904ea6
2025-12-17,Total,1198681.894085365,,465869.0286973668,,322353.1228375967,,102517.22611009545,,1.0,,#545cf8,
2025-12-17,Jupiter,,972860.0100090597,,243215.00250226492,,291607.405446118,,72901.8513615295,,,,
2025-12-17,Pacifica,,197033.5956383634,,197033.5956383634,,17841.471814287623,,17841.471814287623,,1.0,,#545cf8
2025-12-17,Flash Trade,,19847.46,,16933.94,,8809.57,,7498.789999999999,,4.0,,#63b512
2025-12-17,Drift,,8047.747633,,8047.747633,,4694.570227000005,,4694.570227000005,,,,
2025-12-17,GMTrade,,847.7925155420244,,593.4546343385282,,-601.4576745690126,,-421.0203174816887,,2.0,,#f79009
2025-12-17,Phoenix,,45.2882894,,45.2882894,,1.5630247599999976,,1.5630247599999976,,3.0,,#904ea6
2025-12-16,Total,876328.7712477684,,363351.8025872714,,10731.232156666229,,-59206.05328146875,,1.0,,#545cf8,
2025-12-16,Pacifica,,179192.12382407577,,179192.12382407577,,-63424.32230868153,,-63424.32230868153,,1.0,,#545cf8
2025-12-16,Jupiter,,681252.6045629417,,170313.15114073543,,93589.42196830071,,23397.355492075178,,,,
2025-12-16,Flash Trade,,11037.89,,9435.15,,-2864.1400000000012,,-2447.370000000001,,4.0,,#63b512
2025-12-16,Drift,,3353.1774059999952,,3353.1774059999952,,-17110.876981000078,,-17110.876981000078,,,,
2025-12-16,GMTrade,,1449.250190111037,,1014.4749518202169,,539.9682190871848,,377.97925717770806,,2.0,,#f79009
2025-12-16,Phoenix,,43.72526464,,43.72526464,,1.181258960000001,,1.181258960000001,,3.0,,#904ea6
2025-12-15,Total,865597.5390911022,,422557.8558687401,,138267.41769370262,,77466.85086882766,,1.0,,#545cf8,
2025-12-15,Pacifica,,242616.4461327573,,242616.4461327573,,31358.37763759808,,31358.37763759808,,1.0,,#545cf8
2025-12-15,Jupiter,,587663.182594641,,146915.79564866025,,78970.82268802961,,19742.705672007403,,,,
2025-12-15,Drift,,20464.054387000073,,20464.054387000073,,17630.14383100009,,17630.14383100009,,,,
2025-12-15,Flash Trade,,13902.03,,11882.52,,9783.04,,8367.560000000001,,4.0,,#63b512
2025-12-15,GMTrade,,909.2819710238522,,636.4956946425089,,523.2271405148167,,366.2573316621026,,2.0,,#f79009
2025-12-15,Phoenix,,42.54400568,,42.54400568,,1.806396559999996,,1.806396559999996,,3.0,,#904ea6
2025-12-14,Total,727330.1213973996,,345091.00499991246,,493053.9022539515,,215364.597806963,,1.0,,#545cf8,
2025-12-14,Pacifica,,211258.0684951592,,211258.0684951592,,120014.7822913492,,120014.7822913492,,1.0,,#545cf8
2025-12-14,Jupiter,,508692.3599066114,,127173.08997665285,,370042.1901708779,,92510.54754271948,,,,
2025-12-14,Flash Trade,,4118.99,,3514.96,,605.04,,505.97000000000025,,4.0,,#63b512
2025-12-14,Drift,,2833.9105559999825,,2833.9105559999825,,2195.4101489999834,,2195.4101489999834,,,,
2025-12-14,GMTrade,,386.05483050903547,,270.23836298040624,,195.3148743644459,,136.72305553432767,,2.0,,#f79009
2025-12-14,Phoenix,,40.73760912,,40.73760912,,1.1647683600000036,,1.1647683600000036,,3.0,,#904ea6
2025-12-13,Total,234276.21914344808,,129726.40719294947,,-563275.8383076784,,-230891.61917034487,,1.0,,#545cf8,
2025-12-13,Pacifica,,91243.28620381001,,91243.28620381001,,-107055.68991205085,,-107055.68991205085,,1.0,,#545cf8
2025-12-13,Jupiter,,138650.16973573348,,34662.54243393337,,-440925.91559345747,,-110231.47889836437,,,,
2025-12-13,Flash Trade,,3513.95,,3008.99,,-7381.04,,-6442.459999999999,,4.0,,#63b512
2025-12-13,Drift,,638.5004069999991,,638.5004069999991,,-5406.608249999992,,-5406.608249999992,,,,
2025-12-13,GMTrade,,190.73995614458957,,133.51530744607857,,-2504.015829770029,,-1752.813387529663,,2.0,,#f79009
2025-12-13,Phoenix,,39.57284076,,39.57284076,,-2.5687224000000057,,-2.5687224000000057,,3.0,,#904ea6
2025-12-12,Total,797552.0574511264,,360618.02636329434,,74249.98376763472,,16875.33846437966,,1.0,,#545cf8,
2025-12-12,Pacifica,,198298.97611586086,,198298.97611586086,,-1884.2369053504372,,-1884.2369053504372,,1.0,,#545cf8
2025-12-12,Jupiter,,579576.085329191,,144894.02133229774,,76617.52922574867,,19154.382306437168,,,,
2025-12-12,Flash Trade,,10894.99,,9451.449999999999,,-1354.6200000000008,,-1025.6400000000012,,4.0,,#63b512
2025-12-12,Drift,,6045.108656999992,,6045.108656999992,,69.90103999999155,,69.90103999999155,,,,
2025-12-12,GMTrade,,2694.7557859146186,,1886.3286949757417,,801.5939442765473,,561.1155603329883,,2.0,,#f79009
2025-12-12,Phoenix,,42.141563160000004,,42.141563160000004,,-0.18353703999999027,,-0.18353703999999027,,3.0,,#904ea6
2025-12-11,Total,723302.0736834917,,343742.6878989147,,-260333.97114749474,,-90335.43937690224,,1.0,,#545cf8,
2025-12-11,Pacifica,,200183.2130212113,,200183.2130212113,,-36813.1357994946,,-36813.1357994946,,1.0,,#545cf8
2025-12-11,Jupiter,,502958.5561034423,,125739.63902586057,,-226965.9419527449,,-56741.48548818623,,,,
2025-12-11,Flash Trade,,12249.61,,10477.09,,-251.27999999999884,,-217.51000000000022,,4.0,,#63b512
2025-12-11,Drift,,5975.207617,,5975.207617,,2832.16227600001,,2832.16227600001,,,,
2025-12-11,GMTrade,,1893.1618416380713,,1325.2131346427534,,865.6501647847006,,605.9554708185378,,2.0,,#f79009
2025-12-11,Phoenix,,42.325100199999994,,42.325100199999994,,-1.4258360400000072,,-1.4258360400000072,,3.0,,#904ea6
2025-12-10,Total,983636.0448309864,,434078.1272758169,,295308.98240691086,,93920.91672753042,,1.0,,#545cf8,
2025-12-10,Pacifica,,236996.3488207059,,236996.3488207059,,24705.35679670656,,24705.35679670656,,1.0,,#545cf8
2025-12-10,Jupiter,,729924.4980561872,,182481.1245140468,,268184.8152796349,,67046.20381990873,,,,
2025-12-10,Flash Trade,,12500.89,,10694.6,,3416.629999999999,,2912.870000000001,,4.0,,#63b512
2025-12-10,Drift,,3143.04534099999,,3143.04534099999,,-150.58774500000436,,-150.58774500000436,,,,
2025-12-10,GMTrade,,1027.5116768533708,,719.2576638242156,,-847.6870841106206,,-593.3813037649052,,2.0,,#f79009
2025-12-10,Phoenix,,43.75093624,,43.75093624,,0.4551596800000084,,0.4551596800000084,,3.0,,#904ea6
2025-12-09,Total,688327.0624240756,,340157.2105482865,,-88702.27735583519,,-3262.518388047174,,1.0,,#545cf8,
2025-12-09,Pacifica,,212290.99202399934,,212290.99202399934,,23785.163694700546,,23785.163694700546,,1.0,,#545cf8
2025-12-09,Jupiter,,461739.6827765523,,115434.92069413807,,-114388.89398198889,,-28597.223495497223,,,,
2025-12-09,Flash Trade,,9084.26,,7781.73,,472.5400000000009,,410.71999999999935,,4.0,,#63b512
2025-12-09,Drift,,3293.6330859999944,,3293.6330859999944,,446.28886699999475,,446.28886699999475,,,,
2025-12-09,GMTrade,,1875.1987609639914,,1312.6389675891207,,966.9715272931485,,676.8800085895463,,2.0,,#f79009
2025-12-09,Phoenix,,43.29577655999999,,43.29577655999999,,15.65253715999999,,15.65253715999999,,3.0,,#904ea6
2025-12-08,Total,777029.3397799107,,343419.7289363337,,102471.47531594476,,-3379.3941237211693,,1.0,,#545cf8,
2025-12-08,Pacifica,,188505.8283292988,,188505.8283292988,,-28759.98003645477,,-28759.98003645477,,1.0,,#545cf8
2025-12-08,Jupiter,,576128.5767585412,,144032.1441896353,,141045.40344485553,,35261.35086121388,,,,
2025-12-08,Flash Trade,,8611.72,,7371.01,,2428.7199999999993,,2074.6099999999997,,4.0,,#63b512
2025-12-08,Drift,,2847.3442189999996,,2847.3442189999996,,-11293.180707000003,,-11293.180707000003,,,,
2025-12-08,GMTrade,,908.2272336708429,,635.7589589995745,,-957.6437279760062,,-670.350584000303,,2.0,,#f79009
2025-12-08,Phoenix,,27.643239400000002,,27.643239400000002,,8.156342520000003,,8.156342520000003,,3.0,,#904ea6
2025-12-07,Total,674557.864463966,,346799.12306005484,,186093.06447967124,,147919.12651044133,,1.0,,#545cf8,
2025-12-07,Pacifica,,217265.80836575356,,217265.80836575356,,120476.00114602782,,120476.00114602782,,1.0,,#545cf8
2025-12-07,Jupiter,,435083.17331368563,,108770.79332842141,,50194.2596215012,,12548.5649053753,,,,
2025-12-07,Drift,,14140.524926000002,,14140.524926000002,,13352.989508000002,,13352.989508000002,,,,
2025-12-07,Flash Trade,,6183.0,,5296.400000000001,,680.4399999999996,,568.7900000000009,,4.0,,#63b512
2025-12-07,GMTrade,,1865.870961646849,,1306.1095429998775,,1388.6443642223285,,972.0511111181987,,2.0,,#f79009
2025-12-07,Phoenix,,19.48689688,,19.48689688,,0.7298399199999999,,0.7298399199999999,,3.0,,#904ea6
2025-12-06,Total,488464.79998429475,,198879.9965496135,,-185385.61967379012,,-124068.79845344494,,1.0,,#545cf8,
2025-12-06,Pacifica,,96789.80721972574,,96789.80721972574,,-94012.5683687458,,-94012.5683687458,,1.0,,#545cf8
2025-12-06,Jupiter,,384888.91369218443,,96222.22842304611,,-80757.32336244703,,-20189.330840611758,,,,
2025-12-06,Flash Trade,,5502.56,,4727.61,,-4538.72,,-3865.21,,4.0,,#63b512
2025-12-06,Drift,,787.5354179999998,,787.5354179999998,,-5825.117737000001,,-5825.117737000001,,,,
2025-12-06,GMTrade,,477.2265974245207,,334.05843188167876,,-251.062413797325,,-175.74371528737913,,2.0,,#f79009
2025-12-06,Phoenix,,18.75705696,,18.75705696,,-0.8277918,,-0.8277918,,3.0,,#904ea6
2025-12-05,Total,673850.4196580849,,322948.79500305845,,-149643.9778379664,,-31168.954138590198,,1.0,,#545cf8,
2025-12-05,Pacifica,,190802.37558847154,,190802.37558847154,,13573.113727545337,,13573.113727545337,,1.0,,#545cf8
2025-12-05,Jupiter,,465646.23705463146,,116411.55926365787,,-158759.88531945262,,-39689.971329863154,,,,
2025-12-05,Flash Trade,,10041.28,,8592.82,,3742.6900000000005,,3192.8599999999997,,4.0,,#63b512
2025-12-05,Drift,,6612.653155000001,,6612.653155000001,,-8347.233241999977,,-8347.233241999977,,,,
2025-12-05,GMTrade,,728.2890112218457,,509.8021471690579,,150.2012536607582,,105.14096344759474,,2.0,,#f79009
2025-12-05,Phoenix,,19.58484876,,19.58484876,,-2.8642577200000012,,-2.8642577200000012,,3.0,,#904ea6
2025-12-04,Total,823494.3974960513,,354117.74914164864,,111214.57807146409,,8306.301265373826,,1.0,,#545cf8,
2025-12-04,Pacifica,,177229.2618609262,,177229.2618609262,,-30477.490846312634,,-30477.490846312634,,1.0,,#545cf8
2025-12-04,Jupiter,,624406.1223740841,,156101.53059352102,,138262.02002125682,,34565.505005314204,,,,
2025-12-04,Drift,,14959.886396999977,,14959.886396999977,,8738.153867999972,,8738.153867999972,,,,
2025-12-04,Flash Trade,,6298.59,,5399.96,,-5253.99,,-4482.45,,4.0,,#63b512
2025-12-04,GMTrade,,578.0877575610875,,404.66118372146315,,-55.66104935989995,,-38.96283950771044,,2.0,,#f79009
2025-12-04,Phoenix,,22.44910648,,22.44910648,,1.5460778800000021,,1.5460778800000021,,3.0,,#904ea6
2025-12-03,Total,712279.8194245872,,345811.4478762748,,-260375.9988105686,,-64915.25228153239,,1.0,,#545cf8,
2025-12-03,Pacifica,,207706.75270723883,,207706.75270723883,,-1226.959812925983,,-1226.959812925983,,1.0,,#545cf8
2025-12-03,Jupiter,,486144.10235282726,,121536.02558820682,,-260324.59897434857,,-65081.14974358714,,,,
2025-12-03,Flash Trade,,11552.58,,9882.41,,-1414.1000000000004,,-1223.0900000000001,,4.0,,#63b512
2025-12-03,Drift,,6221.7325290000035,,6221.7325290000035,,2677.9141730000038,,2677.9141730000038,,,,
2025-12-03,GMTrade,,633.7488069209875,,443.6240232291736,,-87.62398261416081,,-61.336684339234694,,2.0,,#f79009
2025-12-03,Phoenix,,20.9030286,,20.9030286,,-0.6302136800000007,,-0.6302136800000007,,3.0,,#904ea6
2025-12-02,Total,972655.8182351558,,410726.7001578072,,-15533.71581656998,,-336.080731699476,,1.0,,#545cf8,
2025-12-02,Pacifica,,208933.71252016482,,208933.71252016482,,16337.212408026244,,16337.212408026244,,1.0,,#545cf8
2025-12-02,Jupiter,,746468.7013271758,,186617.17533179396,,-19720.80816298956,,-4930.20204074739,,,,
2025-12-02,Flash Trade,,12966.68,,11105.5,,-2719.09,,-2342.25,,4.0,,#63b512
2025-12-02,Drift,,3543.8183559999998,,3543.8183559999998,,-9331.514365000003,,-9331.514365000003,,,,
2025-12-02,GMTrade,,721.3727895351483,,504.9607075684083,,-100.63045060656805,,-70.44148797838903,,2.0,,#f79009
2025-12-02,Phoenix,,21.53324228,,21.53324228,,1.1147540000000014,,1.1147540000000014,,3.0,,#904ea6
2025-12-01,Total,988189.5340517258,,411062.7808895067,,346423.00597670116,,136390.43815399765,,1.0,,#545cf8,
2025-12-01,Pacifica,,192596.50011213857,,192596.50011213857,,58188.447179046285,,58188.447179046285,,1.0,,#545cf8
2025-12-01,Jupiter,,766189.5094901654,,191547.37737254135,,277624.8179872222,,69406.20449680556,,,,
2025-12-01,Flash Trade,,15685.77,,13447.75,,11080.2,,9465.35,,4.0,,#63b512
2025-12-01,Drift,,12875.332721000002,,12875.332721000002,,-1135.7222480000346,,-1135.7222480000346,,,,
2025-12-01,GMTrade,,822.0032401417163,,575.4021955467973,,663.6809933525436,,464.576661065861,,2.0,,#f79009
2025-12-01,Phoenix,,20.41848828,,20.41848828,,1.5820650799999996,,1.5820650799999996,,3.0,,#904ea6
2025-11-30,Total,641766.5280750246,,274672.34273550904,,55714.08367874846,,15589.5386336206,,1.0,,#545cf8,
2025-11-30,Pacifica,,134408.0529330923,,134408.0529330923,,-12221.357552056987,,-12221.357552056987,,1.0,,#545cf8
2025-11-30,Jupiter,,488564.69150294317,,122141.17287573579,,53141.60592647712,,13285.40148161928,,,,
2025-11-30,Drift,,14011.054969000037,,14011.054969000037,,12832.487147000038,,12832.487147000038,,,,
2025-11-30,Flash Trade,,4605.57,,3982.4,,1863.1299999999997,,1624.23,,4.0,,#63b512
2025-11-30,GMTrade,,158.3222467891727,,110.82553448093633,,98.13809820841911,,68.69749793828473,,2.0,,#f79009
2025-11-30,Phoenix,,18.8364232,,18.8364232,,0.08005912000000137,,0.08005912000000137,,3.0,,#904ea6
2025-11-29,Total,586052.4443962761,,259082.80410188844,,-125726.52564204345,,-100302.95490037336,,1.0,,#545cf8,
2025-11-29,Pacifica,,146629.41048514927,,146629.41048514927,,-82763.52835128261,,-82763.52835128261,,1.0,,#545cf8
2025-11-29,Jupiter,,435423.08557646605,,108855.77139411651,,-32504.807978610625,,-8126.201994652656,,,,
2025-11-29,Flash Trade,,2742.44,,2358.17,,-7042.709999999999,,-6063.68,,4.0,,#63b512
2025-11-29,Drift,,1178.5678219999993,,1178.5678219999993,,-3195.1108590000013,,-3195.1108590000013,,,,
2025-11-29,GMTrade,,60.1841485807536,,42.1280365426516,,-219.7852003102797,,-153.85044259812662,,2.0,,#f79009
2025-11-29,Phoenix,,18.756364079999997,,18.756364079999997,,-0.5832528400000037,,-0.5832528400000037,,3.0,,#904ea6
2025-11-28,Total,711778.9700383196,,359385.7590022618,,1191.7271133534377,,122274.79344032545,,1.0,,#545cf8,
2025-11-28,Pacifica,,229392.9388364319,,229392.9388364319,,156088.69905780203,,156088.69905780203,,1.0,,#545cf8
2025-11-28,Jupiter,,467927.8935550767,,116981.97338876917,,-162430.10609278013,,-40607.52652319503,,,,
2025-11-28,Flash Trade,,9785.15,,8421.85,,4823.0199999999995,,4155.67,,4.0,,#63b512
2025-11-28,Drift,,4373.678681,,4373.678681,,2469.337879999999,,2469.337879999999,,,,
2025-11-28,GMTrade,,279.9693488910333,,195.97847914077823,,240.54404717160247,,168.3808045584783,,2.0,,#f79009
2025-11-28,Phoenix,,19.33961692,,19.33961692,,0.2322211600000017,,0.2322211600000017,,3.0,,#904ea6
2025-11-27,Total,710587.2429249662,,237110.96556193635,,-45969.605578758055,,-76505.00000740637,,1.0,,#545cf8,
2025-11-27,Jupiter,,630357.9996478568,,157589.4999119642,,41459.80451166234,,10364.951127915585,,,,
2025-11-27,Pacifica,,73304.23977862987,,73304.23977862987,,-81125.04993232746,,-81125.04993232746,,1.0,,#545cf8
2025-11-27,Flash Trade,,4962.13,,4266.18,,-3286.9100000000008,,-2776.8900000000003,,4.0,,#63b512
2025-11-27,Drift,,1904.340801000001,,1904.340801000001,,-2852.374075999999,,-2852.374075999999,,,,
2025-11-27,GMTrade,,39.42530171943082,,27.597674582299916,,-164.7963212529703,,-115.35736615448839,,2.0,,#f79009
2025-11-27,Phoenix,,19.10739576,,19.10739576,,-0.27976084000000156,,-0.27976084000000156,,3.0,,#904ea6
2025-11-26,Total,756556.8485037242,,313615.9655693427,,-208679.28266906028,,-94916.9727216065,,1.0,,#545cf8,
2025-11-26,Pacifica,,154429.28971095732,,154429.28971095732,,-60358.551320258965,,-60358.551320258965,,1.0,,#545cf8
2025-11-26,Jupiter,,588898.1951361945,,147224.54878404862,,-152087.78598026652,,-38021.94649506663,,,,
2025-11-26,Flash Trade,,8249.04,,7043.070000000001,,2870.430000000001,,2447.7300000000005,,4.0,,#63b512
2025-11-26,Drift,,4756.714877,,4756.714877,,1405.3796010000005,,1405.3796010000005,,,,
2025-11-26,GMTrade,,204.22162297240112,,142.9550407367883,,-397.23479261476,,-278.06433036086884,,2.0,,#f79009
2025-11-26,Phoenix,,19.3871566,,19.3871566,,-111.52017692000001,,-111.52017692000001,,3.0,,#904ea6
2025-11-25,Total,965236.1311727845,,408532.9382909492,,137893.3089449841,,-50749.09325491934,,1.0,,#545cf8,
2025-11-25,Pacifica,,214787.8410312163,,214787.8410312163,,-106326.41858482079,,-106326.41858482079,,1.0,,#545cf8
2025-11-25,Jupiter,,740985.981116461,,185246.49527911525,,252409.30652062042,,63102.326630155105,,,,
2025-11-25,Flash Trade,,5378.61,,4595.34,,-5569.94,,-4790.199999999999,,4.0,,#63b512
2025-11-25,Drift,,3351.335276,,3351.335276,,-2988.039287999999,,-2988.039287999999,,,,
2025-11-25,GMTrade,,601.4564155871611,,421.01937109765714,,383.87429110442656,,268.71198166629017,,2.0,,#f79009
2025-11-25,Phoenix,,130.90733352,,130.90733352,,-15.473993919999998,,-15.473993919999998,,3.0,,#904ea6
2025-11-24,Total,827342.8222278004,,459282.03154586855,,-173183.6942191989,,13732.510662463319,,1.0,,#545cf8,
2025-11-24,Pacifica,,321114.2596160371,,321114.2596160371,,67497.55521427828,,67497.55521427828,,1.0,,#545cf8
2025-11-24,Jupiter,,488576.67459584057,,122144.16864896014,,-250307.81249603088,,-62576.95312400772,,,,
2025-11-24,Flash Trade,,10948.55,,9385.539999999999,,5327.219999999999,,4541.889999999999,,4.0,,#63b512
2025-11-24,Drift,,6339.374563999999,,6339.374563999999,,4105.613627999999,,4105.613627999999,,,,
2025-11-24,GMTrade,,217.5821244827346,,152.307389431367,,97.74829515363174,,68.42380479273527,,2.0,,#f79009
2025-11-24,Phoenix,,146.38132744,,146.38132744,,95.9811394,,95.9811394,,3.0,,#904ea6
2025-11-23,Total,1000526.5164469993,,445549.52088340523,,539347.8992913826,,219456.75524419418,,1.0,,#545cf8,
2025-11-23,Pacifica,,253616.7044017588,,253616.7044017588,,114954.96239169911,,114954.96239169911,,1.0,,#545cf8
2025-11-23,Jupiter,,738884.4870918714,,184721.12177296786,,426916.16013933654,,106729.04003483414,,,,
2025-11-23,Flash Trade,,5621.33,,4843.65,,-1390.1800000000003,,-1155.3500000000004,,4.0,,#63b512
2025-11-23,Drift,,2233.7609359999997,,2233.7609359999997,,-938.3765200000012,,-938.3765200000012,,,,
2025-11-23,GMTrade,,119.83382932910285,,83.88358463863173,,-203.81816929303346,,-142.67211197899732,,2.0,,#f79009
2025-11-23,Phoenix,,50.40018804,,50.40018804,,9.151449640000003,,9.151449640000003,,3.0,,#904ea6
2025-11-22,Total,461178.6171556167,,226092.76563921105,,-2478617.1079330808,,-870389.8200792652,,1.0,,#545cf8,
2025-11-22,Pacifica,,138661.74201005968,,138661.74201005968,,-286386.68649802764,,-286386.68649802764,,1.0,,#545cf8
2025-11-22,Jupiter,,311968.3269525349,,77992.08173813373,,-2141274.8980491017,,-535318.7245122754,,,,
2025-11-22,Flash Trade,,7011.51,,5999.0,,-14681.24,,-12551.720000000001,,4.0,,#63b512
2025-11-22,Drift,,3172.137456000001,,3172.137456000001,,-35768.45030199998,,-35768.45030199998,,,,
2025-11-22,GMTrade,,323.6519986221363,,226.55569661762905,,-471.9827085912586,,-330.3883916020166,,2.0,,#f79009
2025-11-22,Phoenix,,41.2487384,,41.2487384,,-33.850375359999994,,-33.850375359999994,,3.0,,#904ea6
2025-11-21,Total,2939795.7250886974,,1096482.5857184762,,1538703.559182195,,568610.7466839638,,1.0,,#545cf8,
2025-11-21,Jupiter,,2453243.2250016364,,613310.8062504091,,1294317.4835746675,,323579.37089366687,,,,
2025-11-21,Pacifica,,425048.4285080873,,425048.4285080873,,215622.6274953449,,215622.6274953449,,1.0,,#545cf8
2025-11-21,Drift,,38940.58775799999,,38940.58775799999,,30109.883268999987,,30109.883268999987,,,,
2025-11-21,Flash Trade,,21692.75,,18550.72,,1536.6500000000015,,1330.9300000000003,,4.0,,#63b512
2025-11-21,GMTrade,,795.6347072133949,,556.9440882196457,,-2836.731456097744,,-1985.711273328024,,2.0,,#f79009
2025-11-21,Phoenix,,75.09911376,,75.09911376,,-46.353700720000006,,-46.353700720000006,,3.0,,#904ea6
2025-11-20,Total,1401092.1659065024,,527871.8390345124,,360245.21634413686,,98489.40415960015,,1.0,,#545cf8,
2025-11-20,Jupiter,,1158925.741426969,,289731.43535674224,,347532.68030645815,,86883.17007661454,,,,
2025-11-20,Pacifica,,209425.8010127424,,209425.8010127424,,7362.524998756242,,7362.524998756242,,1.0,,#545cf8
2025-11-20,Flash Trade,,20156.1,,17219.79,,10105.979999999998,,8608.18,,4.0,,#63b512
2025-11-20,Drift,,8830.704489,,8830.704489,,-3279.3059990000074,,-3279.3059990000074,,,,
2025-11-20,GMTrade,,3632.3661633111387,,2542.6553615476696,,-1304.9957946374634,,-913.4977493307224,,2.0,,#f79009
2025-11-20,Phoenix,,121.45281448,,121.45281448,,-171.66716744000004,,-171.66716744000004,,3.0,,#904ea6
2025-11-19,Total,1040846.9495623655,,429382.43487491226,,-99398.19749677379,,-10280.902825802448,,1.0,,#545cf8,
2025-11-19,Jupiter,,811393.0611205108,,202848.2652801277,,-120237.3500856125,,-30059.337521403126,,,,
2025-11-19,Pacifica,,202063.27601398615,,202063.27601398615,,14271.60876045184,,14271.60876045184,,1.0,,#545cf8
2025-11-19,Drift,,12110.010488000007,,12110.010488000007,,3789.974971000007,,3789.974971000007,,,,
2025-11-19,Flash Trade,,10050.12,,8611.61,,-1791.1799999999985,,-1569.2099999999991,,4.0,,#63b512
2025-11-19,GMTrade,,4937.361957948602,,3456.153110878392,,4275.628875466903,,2992.940982228837,,2.0,,#f79009
2025-11-19,Phoenix,,293.11998192000004,,293.11998192000004,,,,,,3.0,,#904ea6
2025-11-18,Total,1140245.1470591393,,439663.3377007147,,-943093.8307473138,,-248865.8492863496,,1.0,,#545cf8,
2025-11-18,Jupiter,,931630.4112061233,,232907.60280153083,,-925863.1569284404,,-231465.7892321101,,,,
2025-11-18,Pacifica,,187791.6672535343,,187791.6672535343,,-16276.364824230666,,-16276.364824230666,,1.0,,#545cf8
2025-11-18,Flash Trade,,11841.3,,10180.82,,1525.1499999999996,,1347.9599999999991,,4.0,,#63b512
2025-11-18,Drift,,8320.035517,,8320.035517,,-2453.444099999999,,-2453.444099999999,,,,
2025-11-18,GMTrade,,661.7330824816994,,463.2121286495547,,-26.014894642842023,,-18.211130008906707,,2.0,,#f79009
2025-11-17,Total,2083338.9778064531,,688529.1869870643,,1130607.9887607165,,246924.7719384312,,1.0,,#545cf8,
2025-11-17,Jupiter,,1857493.5681345637,,464373.39203364094,,1177673.975595185,,294418.49389879627,,,,
2025-11-17,Pacifica,,204068.03207776498,,204068.03207776498,,-53335.80140507367,,-53335.80140507367,,1.0,,#545cf8
2025-11-17,Drift,,10773.479616999999,,10773.479616999999,,2691.70564700001,,2691.70564700001,,,,
2025-11-17,Flash Trade,,10316.15,,8832.86,,4037.62,,3472.0300000000007,,4.0,,#63b512
2025-11-17,GMTrade,,687.7479771245414,,481.4232586584614,,-459.51107639476004,,-321.6562022913184,,2.0,,#f79009
2025-11-16,Total,952730.9890457366,,441604.4150486331,,183826.8248029626,,143051.15398983273,,1.0,,#545cf8,
2025-11-16,Pacifica,,257403.83348283864,,257403.83348283864,,121986.56855613831,,121986.56855613831,,1.0,,#545cf8
2025-11-16,Jupiter,,679819.5925393787,,169954.89813484467,,53772.278183111455,,13443.069545777864,,,,
2025-11-16,Drift,,8081.773969999989,,8081.773969999989,,6166.277568999991,,6166.277568999991,,,,
2025-11-16,Flash Trade,,6278.53,,5360.83,,1210.4299999999994,,971.3499999999995,,4.0,,#63b512
2025-11-16,GMTrade,,1147.2590535193015,,803.0794609497798,,691.2704947128393,,483.88831891654,,2.0,,#f79009
2025-11-15,Total,768904.164242774,,298553.2610588004,,-1387358.2371168907,,-568832.1214860801,,1.0,,#545cf8,
2025-11-15,Jupiter,,626047.3143562672,,156511.8285890668,,-1088666.226460698,,-272166.5566151745,,,,
2025-11-15,Pacifica,,135417.26492670033,,135417.26492670033,,-260692.65725278645,,-260692.65725278645,,1.0,,#545cf8
2025-11-15,Flash Trade,,5068.1,,4389.4800000000005,,-11527.56,,-9819.810000000001,,4.0,,#63b512
2025-11-15,Drift,,1915.496400999999,,1915.496400999999,,-25409.473032999984,,-25409.473032999984,,,,
2025-11-15,GMTrade,,455.98855880646215,,319.19114203323977,,-1062.3203704063944,,-743.6245851191715,,2.0,,#f79009
2025-11-14,Total,2156262.4013596647,,867385.3825448805,,108520.20839568507,,82622.42874509352,,1.0,,#545cf8,
2025-11-14,Jupiter,,1714713.5408169653,,428678.3852042413,,33520.02797377459,,8380.006993443647,,,,
2025-11-14,Pacifica,,396109.9221794868,,396109.9221794868,,57052.76617203414,,57052.76617203414,,1.0,,#545cf8
2025-11-14,Drift,,27324.969433999984,,27324.969433999984,,12572.70342499999,,12572.70342499999,,,,
2025-11-14,Flash Trade,,16595.66,,14209.29,,5531.65,,4726.810000000001,,4.0,,#63b512
2025-11-14,GMTrade,,1518.3089292128566,,1062.8157271524112,,-156.9391751234475,,-109.85784538418557,,2.0,,#f79009
2025-11-13,Total,2047742.1929639797,,784762.953799787,,1159787.840110546,,384494.24582558434,,1.0,,#545cf8,
2025-11-13,Jupiter,,1681193.5128431907,,420298.3782107977,,1034411.726353278,,258602.9315883195,,,,
2025-11-13,Pacifica,,339057.15600745264,,339057.15600745264,,126259.19455919869,,126259.19455919869,,1.0,,#545cf8
2025-11-13,Drift,,14752.266008999994,,14752.266008999994,,3610.95744799999,,3610.95744799999,,,,
2025-11-13,Flash Trade,,11064.01,,9482.48,,-5813.67,,-4902.580000000002,,4.0,,#63b512
2025-11-13,GMTrade,,1675.248104336304,,1172.6735725365968,,1319.6317500693926,,923.7422300660699,,2.0,,#f79009
2025-11-12,Total,887954.3528534336,,400268.70797420264,,-412997.8898381941,,-133284.92023930448,,1.0,,#545cf8,
2025-11-12,Pacifica,,212797.96144825395,,212797.96144825395,,-44993.96985574218,,-44993.96985574218,,1.0,,#545cf8
2025-11-12,Jupiter,,646781.7864899127,,161695.44662247816,,-374749.5010937529,,-93687.37527343823,,,,
2025-11-12,Flash Trade,,16877.68,,14385.060000000001,,10060.0,,8546.100000000002,,4.0,,#63b512
2025-11-12,Drift,,11141.308561000003,,11141.308561000003,,-2765.2730079999965,,-2765.2730079999965,,,,
2025-11-12,GMTrade,,355.61635426691146,,248.93134247052694,,-549.1458806991698,,-384.4021021240609,,2.0,,#f79009
2025-11-11,Total,1300952.2426916277,,533553.6282135071,,412309.33952997753,,94877.58867919113,,1.0,,#545cf8,
2025-11-11,Pacifica,,257791.93130399613,,257791.93130399613,,-17718.267323300708,,-17718.267323300708,,1.0,,#545cf8
2025-11-11,Jupiter,,1021531.2875836656,,255382.8218959164,,424136.0789826416,,106034.0197456604,,,,
2025-11-11,Drift,,13906.581569,,13906.581569,,10637.972522999999,,10637.972522999999,,,,
2025-11-11,Flash Trade,,6817.68,,5838.96,,-5251.549999999999,,-4429.71,,4.0,,#63b512
2025-11-11,GMTrade,,904.7622349660812,,633.3334445945878,,505.1053476366977,,353.5737338314301,,2.0,,#f79009
2025-11-10,Total,888642.9031616502,,438676.039534316,,-88319.93113049003,,58856.46318498999,,1.0,,#545cf8,
2025-11-10,Pacifica,,275510.19862729684,,275510.19862729684,,103588.28349775786,,103588.28349775786,,1.0,,#545cf8
2025-11-10,Jupiter,,597395.208601024,,149348.802150256,,-196893.12232935196,,-49223.28058233799,,,,
2025-11-10,Flash Trade,,12069.23,,10268.67,,5112.889999999999,,4341.410000000001,,4.0,,#63b512
2025-11-10,Drift,,3268.609046000001,,3268.609046000001,,798.7924750000025,,798.7924750000025,,,,
2025-11-10,GMTrade,,399.65688732938355,,279.7597107631577,,-926.774773895843,,-648.742205429881,,2.0,,#f79009
2025-11-09,Total,976962.8342921402,,379819.576349326,,414591.1008802351,,94603.24302251649,,1.0,,#545cf8,
2025-11-09,Jupiter,,794288.330930376,,198572.082732594,,426058.33281623875,,106514.58320405969,,,,
2025-11-09,Pacifica,,171921.91512953897,,171921.91512953897,,-13469.127800303628,,-13469.127800303628,,1.0,,#545cf8
2025-11-09,Flash Trade,,6956.34,,5927.259999999999,,644.3600000000006,,544.2299999999996,,4.0,,#63b512
2025-11-09,Drift,,2469.8165709999985,,2469.8165709999985,,210.9423739999993,,210.9423739999993,,,,
2025-11-09,GMTrade,,1326.4316612252267,,928.5019161930387,,1146.5934902999977,,802.6152447604312,,2.0,,#f79009
2025-11-08,Total,562371.7334119051,,285216.3333268095,,-790034.5673774246,,-268199.2771377946,,1.0,,#545cf8,
2025-11-08,Pacifica,,185391.0429298426,,185391.0429298426,,-76060.88169297282,,-76060.88169297282,,1.0,,#545cf8
2025-11-08,Jupiter,,368229.9981141372,,92057.4995285343,,-691830.857106836,,-172957.714276709,,,,
2025-11-08,Flash Trade,,6311.98,,5383.03,,-18989.45,,-16140.080000000002,,4.0,,#63b512
2025-11-08,Drift,,2258.874196999999,,2258.874196999999,,-2777.454010999999,,-2777.454010999999,,,,
2025-11-08,GMTrade,,179.838170925229,,125.8866714326075,,-375.92456661586806,,-263.1471571127069,,2.0,,#f79009
2025-11-07,Total,1352406.3007893297,,553415.6104646041,,428873.08098948374,,91313.59506977076,,1.0,,#545cf8,
2025-11-07,Jupiter,,1060060.8552209733,,265015.2138052433,,446264.0678341887,,111566.01695854717,,,,
2025-11-07,Pacifica,,261451.92462281542,,261451.92462281542,,-34625.114021128364,,-34625.114021128364,,1.0,,#545cf8
2025-11-07,Flash Trade,,25301.43,,21523.11,,18434.33,,15678.210000000001,,4.0,,#63b512
2025-11-07,Drift,,5036.328207999998,,5036.328207999998,,-1551.252924000004,,-1551.252924000004,,,,
2025-11-07,GMTrade,,555.7627375410971,,389.0338285453144,,351.0501004235396,,245.73505635189898,,2.0,,#f79009
2025-11-06,Total,923533.219799846,,462102.01539483335,,-372948.92357669654,,-75391.41380236269,,1.0,,#545cf8,
2025-11-06,Pacifica,,296077.0386439438,,296077.0386439438,,27438.850739785586,,27438.850739785586,,1.0,,#545cf8
2025-11-06,Jupiter,,613796.7873867846,,153449.19684669614,,-396787.88413459924,,-99196.97103364981,,,,
2025-11-06,Drift,,6587.581132000002,,6587.581132000002,,-4238.814803,,-4238.814803,,,,
2025-11-06,Flash Trade,,6867.1,,5844.9,,1109.38,,934.8399999999992,,4.0,,#63b512
2025-11-06,GMTrade,,204.71263711755745,,143.29877219341543,,-470.45537888287646,,-329.3187054984721,,2.0,,#f79009
2025-11-05,Total,1296482.1433765425,,537493.429197196,,-2494088.770380052,,-737801.1975025024,,1.0,,#545cf8,
2025-11-05,Pacifica,,268638.1879041582,,268638.1879041582,,-56202.76696873526,,-56202.76696873526,,1.0,,#545cf8
2025-11-05,Jupiter,,1010584.6715213838,,252646.16788034595,,-2337031.457583451,,-584257.8643958628,,,,
2025-11-05,Drift,,10826.395935000002,,10826.395935000002,,-77215.0775149999,,-77215.0775149999,,,,
2025-11-05,Flash Trade,,5757.72,,4910.06,,-23684.77,,-20157.2,,4.0,,#63b512
2025-11-05,GMTrade,,675.1680160004339,,472.61747769188753,,45.30168713460421,,31.711377095622595,,2.0,,#f79009
2025-11-04,Total,3790570.9137565945,,1275294.6266996984,,613464.5116391955,,239888.30338488112,,1.0,,#545cf8,
2025-11-04,Jupiter,,3347616.129104835,,836904.0322762087,,495247.1253765845,,123811.78134414612,,,,
2025-11-04,Pacifica,,324840.95487289346,,324840.95487289346,,79078.68456148141,,79078.68456148141,,1.0,,#545cf8
2025-11-04,Drift,,88041.4734499999,,88041.4734499999,,24851.93075799972,,24851.93075799972,,,,
2025-11-04,Flash Trade,,29442.49,,25067.260000000002,,14236.390000000001,,12110.640000000003,,4.0,,#63b512
2025-11-04,GMTrade,,629.8663288658297,,440.90610059626493,,50.38094312920157,,35.266721253871935,,2.0,,#f79009
2025-11-03,Total,3177106.402117399,,1035406.3233148173,,2719759.9023428406,,829099.1812281772,,1.0,,#545cf8,
2025-11-03,Jupiter,,2852369.0037282505,,713092.2509320626,,2518757.0297001908,,629689.2574250477,,,,
2025-11-03,Pacifica,,245762.27031141205,,245762.27031141205,,129597.53194169942,,129597.53194169942,,1.0,,#545cf8
2025-11-03,Drift,,63189.542692000185,,63189.542692000185,,60656.332059000175,,60656.332059000175,,,,
2025-11-03,Flash Trade,,15206.1,,12956.619999999999,,10715.18,,9132.38,,4.0,,#63b512
2025-11-03,GMTrade,,579.4853857366281,,405.639379342393,,33.828641950417705,,23.679802429749486,,2.0,,#f79009
2025-11-02,Total,457346.49977455835,,206307.14208664017,,-208844.19139905646,,-54730.70051358882,,1.0,,#545cf8,
2025-11-02,Pacifica,,116164.73836971264,,116164.73836971264,,-5091.945269789372,,-5091.945269789372,,1.0,,#545cf8
2025-11-02,Jupiter,,333611.9740280595,,83402.99350701488,,-205819.40229943488,,-51454.85057485872,,,,
2025-11-02,Flash Trade,,4490.92,,3824.24,,861.9000000000001,,738.75,,4.0,,#63b512
2025-11-02,Drift,,2533.2106330000065,,2533.2106330000065,,778.8870290000061,,778.8870290000061,,,,
2025-11-02,GMTrade,,545.6567437862104,,381.9595769126435,,426.3691411678715,,298.45830205926364,,2.0,,#f79009
2025-11-01,Total,666190.6911736148,,261037.842600229,,-263343.54598261847,,-180178.8616477834,,1.0,,#545cf8,
2025-11-01,Jupiter,,539431.3763274944,,134857.8440818736,,-110793.70135939459,,-27698.425339848647,,,,
2025-11-01,Pacifica,,121256.68363950201,,121256.68363950201,,-149691.99958167083,,-149691.99958167083,,1.0,,#545cf8
2025-11-01,Flash Trade,,3629.02,,3085.49,,-228.34000000000015,,-227.52000000000044,,4.0,,#63b512
2025-11-01,Drift,,1754.3236040000004,,1754.3236040000004,,-2400.877284000002,,-2400.877284000002,,,,
2025-11-01,GMTrade,,119.28760261833895,,83.50127485337985,,-228.6277575531658,,-160.0394422639423,,2.0,,#f79009
2025-10-31,Total,929534.2371562333,,441216.7042480124,,-1117696.8922613505,,-457745.29873741965,,1.0,,#545cf8,
2025-10-31,Pacifica,,270948.68322117283,,270948.68322117283,,-136145.0860203142,,-136145.0860203142,,1.0,,#545cf8
2025-10-31,Jupiter,,650225.077686889,,162556.26942172225,,-878963.459595923,,-219740.86489898074,,,,
2025-10-31,Drift,,4155.200888000002,,4155.200888000002,,-97597.40751700001,,-97597.40751700001,,,,
2025-10-31,Flash Trade,,3857.36,,3313.01,,-4635.3099999999995,,-4013.0,,4.0,,#63b512
2025-10-31,GMTrade,,347.91536017150474,,243.54071711732217,,-355.6291281131139,,-248.9403011247614,,2.0,,#f79009
2025-10-30,Total,2047231.1294175838,,898962.002985432,,418788.9044700831,,304715.566444827,,1.0,,#545cf8,
2025-10-30,Pacifica,,407093.769241487,,407093.769241487,,171806.5852941961,,171806.5852941961,,1.0,,#545cf8
2025-10-30,Jupiter,,1529188.537282812,,382297.134320703,,152199.4590095561,,38049.864752389025,,,,
2025-10-30,Drift,,101752.60840500002,,101752.60840500002,,95353.81097500001,,95353.81097500001,,,,
2025-10-30,Flash Trade,,8492.67,,7326.01,,-858.2299999999996,,-695.789999999999,,4.0,,#63b512
2025-10-30,GMTrade,,703.5444882846186,,492.48101824208356,,287.27919133078075,,201.09542324196724,,2.0,,#f79009
2025-10-29,Total,1628442.2249475007,,594246.436540605,,73581.50656823837,,19394.889934337,,1.0,,#545cf8,
2025-10-29,Jupiter,,1376989.0782732558,,344247.26956831396,,72023.91722206515,,18005.979305516288,,,,
2025-10-29,Pacifica,,235287.18394729093,,235287.18394729093,,1007.3760872306302,,1007.3760872306302,,1.0,,#545cf8
2025-10-29,Flash Trade,,9350.9,,8021.799999999999,,4073.129999999999,,3484.9399999999996,,4.0,,#63b512
2025-10-29,Drift,,6398.797430000004,,6398.797430000004,,-2124.5457659999865,,-2124.5457659999865,,,,
2025-10-29,GMTrade,,416.2652969538379,,291.3855950001163,,-1398.3709750574515,,-978.8596924099072,,2.0,,#f79009
2025-10-28,Total,1554860.7183792624,,574851.546606268,,509402.4106798456,,130038.95777061407,,1.0,,#545cf8,
2025-10-28,Jupiter,,1304965.1610511907,,326241.2902627977,,505672.7503314576,,126418.1875828644,,,,
2025-10-28,Pacifica,,234279.8078600603,,234279.8078600603,,3127.1437843382882,,3127.1437843382882,,1.0,,#545cf8
2025-10-28,Drift,,8523.34319599999,,8523.34319599999,,778.1694779999843,,778.1694779999843,,,,
2025-10-28,Flash Trade,,5277.77,,4536.86,,-1086.7199999999993,,-922.2900000000009,,4.0,,#63b512
2025-10-28,GMTrade,,1814.6362720112893,,1270.2452874100236,,911.0670860495809,,637.7469254113761,,2.0,,#f79009
2025-10-27,Total,1045458.3076994168,,444812.58883565397,,-111873.18739056657,,-3968.3933033898356,,1.0,,#545cf8,
2025-10-27,Pacifica,,231152.66407572202,,231152.66407572202,,31287.65968846387,,31287.65968846387,,1.0,,#545cf8
2025-10-27,Jupiter,,799292.4107197331,,199823.10267993328,,-144579.56958946947,,-36144.892397367366,,,,
2025-10-27,Drift,,7745.173718000006,,7745.173718000006,,-2178.317930999993,,-2178.317930999993,,,,
2025-10-27,Flash Trade,,6364.49,,5459.150000000001,,3432.5299999999997,,2952.0000000000005,,4.0,,#63b512
2025-10-27,GMTrade,,903.5691859617084,,632.4983619986475,,164.5104414390521,,115.15733651364019,,2.0,,#f79009
2025-10-26,Total,1157331.4950899833,,448780.9821390438,,708794.8736558417,,255491.76717621353,,1.0,,#545cf8,
2025-10-26,Jupiter,,943871.9803092026,,235967.99507730064,,604239.3560541299,,151059.83901353247,,,,
2025-10-26,Pacifica,,199865.00438725814,,199865.00438725814,,95205.79821207015,,95205.79821207015,,1.0,,#545cf8
2025-10-26,Drift,,9923.491649,,9923.491649,,8316.697862999998,,8316.697862999998,,,,
2025-10-26,Flash Trade,,2931.96,,2507.15,,1322.5900000000001,,1112.13,,4.0,,#63b512
2025-10-26,GMTrade,,739.0587445226563,,517.3410254850073,,-289.568473358323,,-202.69791238910364,,2.0,,#f79009
2025-10-25,Total,448536.62143414165,,193289.21496283027,,-664605.6831744635,,-233834.1901545525,,1.0,,#545cf8,
2025-10-25,Pacifica,,104659.206175188,,104659.206175188,,-87018.16356964131,,-87018.16356964131,,1.0,,#545cf8
2025-10-25,Jupiter,,339632.6242550727,,84908.15606376817,,-573875.6518090913,,-143468.91295227283,,,,
2025-10-25,Drift,,1606.7937860000015,,1606.7937860000015,,-1385.8121670000037,,-1385.8121670000037,,,,
2025-10-25,Flash Trade,,1609.37,,1395.02,,-2275.92,,-1926.2099999999996,,4.0,,#63b512
2025-10-25,GMTrade,,1028.6272178809793,,720.038937874111,,-50.135628730744884,,-35.09146563831496,,2.0,,#f79009
2025-10-24,Total,1113142.304608605,,427123.40511738276,,217594.95478124707,,62915.58263149561,,1.0,,#545cf8,
2025-10-24,Jupiter,,913508.276064164,,228377.069016041,,206426.5970090573,,51606.649252264324,,,,
2025-10-24,Pacifica,,191677.3697448293,,191677.3697448293,,13068.95809743894,,13068.95809743894,,1.0,,#545cf8
2025-10-24,Flash Trade,,3885.29,,3321.2299999999996,,-1702.4300000000003,,-1451.7400000000007,,4.0,,#63b512
2025-10-24,Drift,,2992.6059530000052,,2992.6059530000052,,-565.2068589999976,,-565.2068589999976,,,,
2025-10-24,GMTrade,,1078.7628466117242,,755.1304035124259,,367.0365337507718,,256.9221407923325,,2.0,,#f79009
2025-10-23,Total,895547.349827358,,364207.82248588715,,-864542.4851908693,,-267882.5636224001,,1.0,,#545cf8,
2025-10-23,Pacifica,,178608.41164739037,,178608.41164739037,,-63249.3008057898,,-63249.3008057898,,1.0,,#545cf8
2025-10-23,Jupiter,,707081.6790551067,,176770.41976377668,,-795787.4640545103,,-198946.8660136276,,,,
2025-10-23,Flash Trade,,5587.72,,4772.97,,535.25,,445.46000000000004,,4.0,,#63b512
2025-10-23,Drift,,3557.812812000003,,3557.812812000003,,-6343.92828100001,,-6343.92828100001,,,,
2025-10-23,GMTrade,,711.7263128609524,,498.2082627200934,,302.9579504308025,,212.0714780172873,,2.0,,#f79009
2025-10-22,Total,1760089.8350182273,,632090.3861082873,,377000.8033382429,,21546.066934800358,,1.0,,#545cf8,
2025-10-22,Jupiter,,1502869.143109617,,375717.28577740426,,474414.34377738973,,118603.58594434743,,,,
2025-10-22,Pacifica,,241857.71245318017,,241857.71245318017,,-95386.2901927192,,-95386.2901927192,,1.0,,#545cf8
2025-10-22,Drift,,9901.741093000013,,9901.741093000013,,593.7709580000137,,593.7709580000137,,,,
2025-10-22,Flash Trade,,5052.47,,4327.51,,-2735.08,,-2344.84,,4.0,,#63b512
2025-10-22,GMTrade,,408.76836243014986,,286.1367847028061,,114.05879557250137,,79.84022517218207,,2.0,,#f79009
2025-10-21,Total,1383089.0316799844,,610544.3191734869,,311377.71273067244,,212917.03334495367,,1.0,,#545cf8,
2025-10-21,Pacifica,,337244.00264589937,,337244.00264589937,,173259.13263914984,,173259.13263914984,,1.0,,#545cf8
2025-10-21,Jupiter,,1028454.7993322273,,257113.69983305683,,130470.12586472789,,32617.531466181972,,,,
2025-10-21,Drift,,9307.970135,,9307.970135,,3514.4511220000013,,3514.4511220000013,,,,
2025-10-21,Flash Trade,,7787.55,,6672.35,,4007.2200000000003,,3437.1700000000005,,4.0,,#63b512
2025-10-21,GMTrade,,294.7095668576485,,206.29655953062402,,126.7831047945555,,88.74811762173574,,2.0,,#f79009
2025-10-20,Total,1071711.318949312,,397627.28582853323,,490658.7369741261,,142582.73452210467,,1.0,,#545cf8,
2025-10-20,Jupiter,,897984.6734674994,,224496.16836687486,,464043.2728766926,,116010.81821917315,,,,
2025-10-20,Pacifica,,163984.87000674952,,163984.87000674952,,34139.0416562395,,34139.0416562395,,1.0,,#545cf8
2025-10-20,Drift,,5793.519012999998,,5793.519012999998,,-7945.180149000006,,-7945.180149000006,,,,
2025-10-20,Flash Trade,,3780.33,,3235.18,,598.31,,501.74999999999955,,4.0,,#63b512
2025-10-20,GMTrade,,167.926462063093,,117.54844190888828,,-176.70740980595056,,-123.69520430791859,,2.0,,#f79009
2025-10-19,Total,581052.5819751859,,255044.55130642856,,-352151.1160138325,,-148110.51832603832,,1.0,,#545cf8,
2025-10-19,Pacifica,,129845.82835051003,,129845.82835051003,,-83032.35714612443,,-83032.35714612443,,1.0,,#545cf8
2025-10-19,Jupiter,,433941.40059080685,,108485.35014770171,,-272189.4747174565,,-68047.36867936412,,,,
2025-10-19,Drift,,13738.699162000004,,13738.699162000004,,2372.418022000018,,2372.418022000018,,,,
2025-10-19,Flash Trade,,3182.02,,2733.4300000000003,,631.1700000000001,,549.8000000000002,,4.0,,#63b512
2025-10-19,GMTrade,,344.63387186904356,,241.24364621680687,,67.12782774844925,,46.98947745023003,,2.0,,#f79009
2025-10-18,Total,933203.6979890184,,403155.0696324669,,-605893.6358531232,,-165258.9997262822,,1.0,,#545cf8,
2025-10-18,Pacifica,,212878.18549663445,,212878.18549663445,,37403.123043897096,,37403.123043897096,,1.0,,#545cf8
2025-10-18,Jupiter,,706130.8753082633,,176532.71882706584,,-586443.4920470784,,-146610.8730117696,,,,
2025-10-18,Drift,,11366.281139999986,,11366.281139999986,,-51532.65698900001,,-51532.65698900001,,,,
2025-10-18,Flash Trade,,2550.85,,2183.63,,-5195.120000000001,,-4430.749999999999,,4.0,,#63b512
2025-10-18,GMTrade,,277.5060441205943,,194.25416876657684,,-125.48986094183476,,-87.84276940972202,,2.0,,#f79009
2025-10-17,Total,1539097.3338421416,,568414.0693587491,,-212296.02160960692,,-76834.25026800844,,1.0,,#545cf8,
2025-10-17,Jupiter,,1292574.3673553418,,323143.59183883545,,-179130.5611410439,,-44782.640285260975,,,,
2025-10-17,Pacifica,,175475.06245273736,,175475.06245273736,,-73781.03548108428,,-73781.03548108428,,1.0,,#545cf8
2025-10-17,Drift,,62898.938128999995,,62898.938128999995,,47412.90683100002,,47412.90683100002,,,,
2025-10-17,Flash Trade,,7745.97,,6614.379999999999,,-6210.2300000000005,,-5272.51,,4.0,,#63b512
2025-10-17,GMTrade,,402.9959050624291,,282.09693817629886,,-587.1018184787025,,-410.9713326631613,,2.0,,#f79009
2025-10-16,Total,1751393.3554517485,,645248.3196267575,,198381.75934165786,,35676.93226902839,,1.0,,#545cf8,
2025-10-16,Jupiter,,1471704.9284963857,,367926.2321240964,,215618.1001907473,,53904.525047686824,,,,
2025-10-16,Pacifica,,249256.09793382164,,249256.09793382164,,1572.6337190348422,,1572.6337190348422,,1.0,,#545cf8
2025-10-16,Drift,,15486.031297999974,,15486.031297999974,,-24944.390921000057,,-24944.390921000057,,,,
2025-10-16,Flash Trade,,13956.2,,11886.89,,5573.01,,4750.48,,4.0,,#63b512
2025-10-16,GMTrade,,990.0977235411316,,693.0682708394602,,562.4063528757443,,393.68442330674327,,2.0,,#f79009
2025-10-15,Total,1553011.5961100906,,609571.3873577291,,-62369.27817356889,,-20518.93614199676,,1.0,,#545cf8,
2025-10-15,Jupiter,,1256086.8283056384,,314021.7070764096,,-54704.61562410602,,-13676.153906026506,,,,
2025-10-15,Pacifica,,247683.4642147868,,247683.4642147868,,-20255.18879796451,,-20255.18879796451,,1.0,,#545cf8
2025-10-15,Drift,,40430.42221900003,,40430.42221900003,,17665.900656000013,,17665.900656000013,,,,
2025-10-15,Flash Trade,,8383.19,,7136.41,,-4428.74,,-3800.8500000000004,,4.0,,#63b512
2025-10-15,GMTrade,,427.69137066538724,,299.3838475327169,,-646.6344074983263,,-452.6440940056722,,2.0,,#f79009
2025-10-14,Total,1615380.8742836595,,630090.3234997259,,-268113.17485675006,,-35077.71034999541,,1.0,,#545cf8,
2025-10-14,Jupiter,,1310791.4439297444,,327697.8609824361,,-312490.2992677486,,-78122.57481693715,,,,
2025-10-14,Pacifica,,267938.6530127513,,267938.6530127513,,20092.537077648012,,20092.537077648012,,1.0,,#545cf8
2025-10-14,Drift,,22764.521563000017,,22764.521563000017,,16236.697728000016,,16236.697728000016,,,,
2025-10-14,Flash Trade,,12811.93,,10937.26,,7036.59,,6007.72,,4.0,,#63b512
2025-10-14,GMTrade,,1074.3257781637135,,752.0279415383891,,1011.2996053503899,,707.9096612936717,,2.0,,#f79009
2025-10-13,Total,1883494.0491404096,,665168.0338497213,,-918292.939744914,,-218495.43059386848,,1.0,,#545cf8,
2025-10-13,Jupiter,,1623281.743197493,,405820.43579937326,,-933277.8712700342,,-233319.46781750856,,,,
2025-10-13,Pacifica,,247846.1159351033,,247846.1159351033,,18132.751194086974,,18132.751194086974,,1.0,,#545cf8
2025-10-13,Drift,,6527.823835000001,,6527.823835000001,,-4200.790787999993,,-4200.790787999993,,,,
2025-10-13,Flash Trade,,5775.34,,4929.54,,1171.29,,974.9000000000001,,4.0,,#63b512
2025-10-13,GMTrade,,63.02617281332357,,44.118280244717376,,-118.31888096698123,,-82.82318244692456,,2.0,,#f79009
2025-10-12,Total,2801786.9888853235,,883663.4644435898,,-770675.3072114969,,-120402.13451027684,,1.0,,#545cf8,
2025-10-12,Jupiter,,2556559.6144675273,,639139.9036168818,,-865640.1286330405,,-216410.03215826012,,,,
2025-10-12,Pacifica,,229713.36474101632,,229713.36474101632,,145286.02103169326,,145286.02103169326,,1.0,,#545cf8
2025-10-12,Drift,,10728.614622999994,,10728.614622999994,,-45680.13752900003,,-45680.13752900003,,,,
2025-10-12,Flash Trade,,4604.05,,3954.64,,-2259.08,,-1930.6000000000008,,4.0,,#63b512
2025-10-12,GMTrade,,181.3450537803048,,126.94146269164195,,-2381.982081149165,,-1667.3858547099878,,2.0,,#f79009
2025-10-11,Total,3572462.2960968204,,1004065.5989538666,,-6818654.424847748,,-2219111.954854804,,1.0,,#545cf8,
2025-10-11,Jupiter,,3422199.7431005677,,855549.9357751419,,-6130217.690754817,,-1532554.4226887042,,,,
2025-10-11,Pacifica,,84427.34370932305,,84427.34370932305,,-233455.31441690098,,-233455.31441690098,,1.0,,#545cf8
2025-10-11,Drift,,56408.75215200002,,56408.75215200002,,-439930.65882800036,,-439930.65882800036,,,,
2025-10-11,Flash Trade,,6863.13,,5885.240000000001,,-16742.25,,-14355.599999999999,,4.0,,#63b512
2025-10-11,GMTrade,,2563.3271349294696,,1794.3273174016297,,1691.489151969331,,1184.0410788013257,,2.0,,#f79009
2025-10-10,Total,10391116.720944569,,3223177.5538086705,,8614245.727119744,,2503631.5413807984,,1.0,,#545cf8,
2025-10-10,Jupiter,,9552417.433855385,,2388104.358463846,,8144657.730903374,,2036164.4327258435,,,,
2025-10-10,Drift,,496339.4109800004,,496339.4109800004,,468791.8060990004,,468791.8060990004,,,,
2025-10-10,Pacifica,,317882.658126224,,317882.658126224,,-13461.831518638413,,-13461.831518638413,,1.0,,#545cf8
2025-10-10,Flash Trade,,23605.38,,20240.84,,13487.130000000001,,11597.51,,4.0,,#63b512
2025-10-10,GMTrade,,871.8379829601387,,610.2862386003039,,770.8916360074793,,539.62407459311,,2.0,,#f79009
2025-10-09,Total,1776870.9938248254,,719546.0124278723,,384102.8810087065,,193482.49951085483,,1.0,,#545cf8,
2025-10-09,Jupiter,,1407759.7029520103,,351939.9257380026,,254187.1015350034,,63546.77538375085,,,,
2025-10-09,Pacifica,,331344.4896448624,,331344.4896448624,,112615.87699611927,,112615.87699611927,,1.0,,#545cf8
2025-10-09,Drift,,27547.60488100001,,27547.60488100001,,17276.002087000023,,17276.002087000023,,,,
2025-10-09,Flash Trade,,10118.25,,8643.33,,63.649999999999636,,71.67000000000007,,4.0,,#63b512
2025-10-09,GMTrade,,100.94634695265937,,70.66216400719398,,-39.74960941604276,,-27.82495601538004,,2.0,,#f79009
2025-10-08,Total,1392768.1128161189,,526063.5129170174,,-792915.0472735611,,-285483.2536696334,,1.0,,#545cf8,
2025-10-08,Jupiter,,1153572.601417007,,288393.15035425173,,-675781.6883855348,,-168945.4220963837,,,,
2025-10-08,Pacifica,,218728.61264874315,,218728.61264874315,,-103745.26496539201,,-103745.26496539201,,1.0,,#545cf8
2025-10-08,Drift,,10271.602793999988,,10271.602793999988,,-9790.673255000009,,-9790.673255000009,,,,
2025-10-08,Flash Trade,,10054.6,,8571.66,,-2685.129999999999,,-2363.290000000001,,4.0,,#63b512
2025-10-08,GMTrade,,140.69595636870213,,98.48712002257402,,-912.2906676341945,,-638.6033528577062,,2.0,,#f79009
2025-10-07,Total,2185683.16008968,,811546.7665866509,,819620.2139282371,,210983.30133103486,,1.0,,#545cf8,
2025-10-07,Jupiter,,1829354.2898025417,,457338.57245063543,,810355.4270132814,,202588.85675332035,,,,
2025-10-07,Pacifica,,322473.87761413516,,322473.87761413516,,-11816.665280863643,,-11816.665280863643,,1.0,,#545cf8
2025-10-07,Drift,,20062.276048999996,,20062.276048999996,,15611.071781000006,,15611.071781000006,,,,
2025-10-07,Flash Trade,,12739.73,,10934.95,,4695.429999999999,,4057.5700000000006,,4.0,,#63b512
2025-10-07,GMTrade,,1052.9866240028966,,737.0904728802802,,774.950414819137,,542.468077578132,,2.0,,#f79009
2025-10-06,Total,1366062.946161443,,600563.465255616,,-293102.09255836834,,-95026.56033456395,,1.0,,#545cf8,
2025-10-06,Pacifica,,334290.5428949988,,334290.5428949988,,-26287.91964416625,,-26287.91964416625,,1.0,,#545cf8
2025-10-06,Jupiter,,1018998.8627892603,,254749.71569731508,,-263916.94455036067,,-65979.23613759017,,,,
2025-10-06,Flash Trade,,8044.3,,6877.38,,-156.40000000000055,,-144.77999999999975,,4.0,,#63b512
2025-10-06,Drift,,4451.2042679999895,,4451.2042679999895,,-2320.139454000019,,-2320.139454000019,,,,
2025-10-06,GMTrade,,278.03620918375964,,194.62239530214825,,-420.68890984145264,,-294.48509880748713,,2.0,,#f79009
2025-10-05,Total,1659165.0387198112,,695590.02559018,,780841.8210800437,,227180.83119165455,,1.0,,#545cf8,
2025-10-05,Pacifica,,360578.46253916505,,360578.46253916505,,37028.21452596778,,37028.21452596778,,1.0,,#545cf8
2025-10-05,Jupiter,,1282915.807339621,,320728.95183490525,,737456.7646172487,,184364.19115431217,,,,
2025-10-05,Flash Trade,,8200.7,,7022.16,,3280.720000000001,,2789.0699999999997,,4.0,,#63b512
2025-10-05,Drift,,6771.343722000009,,6771.343722000009,,2820.234082000014,,2820.234082000014,,,,
2025-10-05,GMTrade,,698.7251190252123,,489.1074941096354,,255.88785482723023,,179.12142937459987,,2.0,,#f79009
2025-10-04,Total,878323.2176397676,,468409.1943985254,,-1216640.175353466,,-414671.8064915603,,1.0,,#545cf8,
2025-10-04,Pacifica,,323550.24801319727,,323550.24801319727,,-130086.5427991033,,-130086.5427991033,,1.0,,#545cf8
2025-10-04,Jupiter,,545459.0427223723,,136364.76068059308,,-1065534.6311375536,,-266383.6577843884,,,,
2025-10-04,Flash Trade,,4919.98,,4233.09,,-18829.98,,-15990.23,,4.0,,#63b512
2025-10-04,Drift,,3951.1096399999947,,3951.1096399999947,,-2263.540220999999,,-2263.540220999999,,,,
2025-10-04,GMTrade,,442.83726419798205,,309.98606473503554,,74.5188041907885,,52.16431293142256,,2.0,,#f79009
2025-10-03,Total,2094963.3929932336,,883081.0008900857,,-368539.4238297837,,-116578.24769511935,,1.0,,#545cf8,
2025-10-03,Pacifica,,453636.7908123006,,453636.7908123006,,-39205.993467636814,,-39205.993467636814,,1.0,,#545cf8
2025-10-03,Jupiter,,1610993.673859926,,402748.4184649815,,-337407.12149738986,,-84351.78037434747,,,,
2025-10-03,Flash Trade,,23749.96,,20223.32,,8000.759999999998,,6756.669999999998,,4.0,,#63b512
2025-10-03,Drift,,6214.6498609999935,,6214.6498609999935,,572.6812659999905,,572.6812659999905,,,,
2025-10-03,GMTrade,,368.31846000719355,,257.821751803613,,-499.750130757029,,-349.82511913515043,,2.0,,#f79009
2025-10-02,Total,2463502.8168230173,,999659.2485852051,,800066.8179605338,,218348.96466188785,,1.0,,#545cf8,
2025-10-02,Pacifica,,492842.7842799374,,492842.7842799374,,24529.557857810578,,24529.557857810578,,1.0,,#545cf8
2025-10-02,Jupiter,,1948400.7953573158,,487100.19883932895,,774863.0444467394,,193715.76111168484,,,,
2025-10-02,Flash Trade,,15749.2,,13466.650000000001,,3336.540000000001,,2876.8600000000006,,4.0,,#63b512
2025-10-02,Drift,,5641.968595000003,,5641.968595000003,,-3031.956753999996,,-3031.956753999996,,,,
2025-10-02,GMTrade,,868.0685907642226,,607.6468709387634,,369.6324099839295,,258.7424463925258,,2.0,,#f79009
2025-10-01,Total,1663435.9988624835,,781310.2839233172,,289637.1020650682,,187012.53785708174,,1.0,,#545cf8,
2025-10-01,Pacifica,,468313.2264221268,,468313.2264221268,,169483.52876247774,,169483.52876247774,,1.0,,#545cf8
2025-10-01,Jupiter,,1173537.7509105764,,293384.4377276441,,136171.92163721286,,34042.980409303214,,,,
2025-10-01,Flash Trade,,12412.66,,10589.79,,4129.35,,3496.710000000001,,4.0,,#63b512
2025-10-01,Drift,,8673.925349,,8673.925349,,-19690.986696,,-19690.986696,,,,
2025-10-01,GMTrade,,498.43618078029306,,348.90442454623764,,-456.7116386222001,,-319.6946186992488,,2.0,,#f79009
2025-09-30,Total,1373798.8967974153,,594297.7460662355,,264969.85816499987,,121041.49575557234,,1.0,,#545cf8,
2025-09-30,Pacifica,,298829.6976596491,,298829.6976596491,,49377.81262166996,,49377.81262166996,,1.0,,#545cf8
2025-09-30,Jupiter,,1037365.8292733636,,259341.4573183409,,192150.0014837467,,48037.50037093667,,,,
2025-09-30,Drift,,28364.912044999997,,28364.912044999997,,23662.900873,,23662.900873,,,,
2025-09-30,Flash Trade,,8283.31,,7093.08,,753.9199999999992,,645.6300000000001,,4.0,,#63b512
2025-09-30,GMTrade,,955.1478194024932,,668.5990432454864,,-974.776813416932,,-682.3481100343436,,2.0,,#f79009
2025-09-29,Total,1108829.0386324155,,473256.25031066313,,80134.80388448865,,95046.79686692439,,1.0,,#545cf8,
2025-09-29,Pacifica,,249451.8850379791,,249451.8850379791,,97051.6426679189,,97051.6426679189,,1.0,,#545cf8
2025-09-29,Jupiter,,845215.8277896169,,211303.95694740422,,-21146.939175390988,,-5286.734793847747,,,,
2025-09-29,Flash Trade,,7529.39,,6447.45,,2662.13,,2231.6399999999994,,4.0,,#63b512
2025-09-29,Drift,,4702.011171999999,,4702.011171999999,,-157.76749499999642,,-157.76749499999642,,,,
2025-09-29,GMTrade,,1929.9246328194251,,1350.94715327983,,1725.7378869606587,,1208.0164878532985,,2.0,,#f79009
2025-09-28,Total,1028694.2347479268,,378209.45344373875,,487379.61817266885,,146819.86739900842,,1.0,,#545cf8,
2025-09-28,Jupiter,,866362.7669650079,,216590.69174125197,,453801.51551955444,,113450.37887988861,,,,
2025-09-28,Pacifica,,152400.2423700602,,152400.2423700602,,28122.839510885693,,28122.839510885693,,1.0,,#545cf8
2025-09-28,Drift,,4859.778666999995,,4859.778666999995,,3523.979441999999,,3523.979441999999,,,,
2025-09-28,Flash Trade,,4867.26,,4215.81,,2030.0700000000002,,1791.8200000000006,,4.0,,#63b512
2025-09-28,GMTrade,,204.1867458587664,,142.9306654265315,,-98.7862997712198,,-69.15043376592502,,2.0,,#f79009
2025-09-27,Total,541314.616575258,,231389.58604473033,,-1885976.701426291,,-508418.6907181857,,1.0,,#545cf8,
2025-09-27,Pacifica,,124277.40285917452,,124277.40285917452,,-40064.85301134731,,-40064.85301134731,,1.0,,#545cf8
2025-09-27,Jupiter,,412561.25144545344,,103140.31286136336,,-1835480.9953438055,,-458870.2488359514,,,,
2025-09-27,Flash Trade,,2837.19,,2423.99,,-6240.049999999999,,-5358.15,,4.0,,#63b512
2025-09-27,Drift,,1335.799224999996,,1335.799224999996,,-3972.9232050000055,,-3972.9232050000055,,,,
2025-09-27,GMTrade,,302.9730456299862,,212.08109919245652,,-217.87986613803577,,-152.51566588691549,,2.0,,#f79009
2025-09-26,Total,2427291.3180015488,,739808.276762916,,-2864563.9808235206,,-766153.7299115211,,1.0,,#545cf8,
2025-09-26,Jupiter,,2248042.246789259,,562010.5616973147,,-2795289.6338281697,,-698822.4084570424,,,,
2025-09-26,Pacifica,,164342.25587052183,,164342.25587052183,,-12737.599549199338,,-12737.599549199338,,1.0,,#545cf8
2025-09-26,Flash Trade,,9077.24,,7782.139999999999,,-8347.890000000001,,-7080.76,,4.0,,#63b512
2025-09-26,Drift,,5308.722430000002,,5308.722430000002,,-45935.87182700003,,-45935.87182700003,,,,
2025-09-26,GMTrade,,520.852911768022,,364.596765079372,,-2252.985619151584,,-1577.0900782792817,,2.0,,#f79009
2025-09-25,Total,5291855.298825069,,1505962.006674437,,3493949.6378465886,,930625.1275313762,,1.0,,#545cf8,
2025-09-25,Jupiter,,5043331.880617429,,1260832.9701543571,,3415019.5443653837,,853754.8860913459,,,,
2025-09-25,Pacifica,,177079.85541972116,,177079.85541972116,,40405.41371122195,,40405.41371122195,,1.0,,#545cf8
2025-09-25,Drift,,51244.59425700003,,51244.59425700003,,27323.943277000024,,27323.943277000024,,,,
2025-09-25,Flash Trade,,17425.13,,14862.9,,8619.230000000001,,7333.83,,4.0,,#63b512
2025-09-25,GMTrade,,2773.838530919606,,1941.6868433586537,,2581.5064929828854,,1807.0544518081392,,2.0,,#f79009
2025-09-24,Total,1797905.6609784807,,575336.8791430609,,605116.2816200627,,186718.53863952222,,1.0,,#545cf8,
2025-09-24,Jupiter,,1628312.336252045,,407078.0840630112,,558690.7922392124,,139672.6980598031,,,,
2025-09-24,Pacifica,,136674.44170849922,,136674.44170849922,,46205.56506356475,,46205.56506356475,,1.0,,#545cf8
2025-09-24,Drift,,23920.65098000001,,23920.65098000001,,4552.028336000025,,4552.028336000025,,,,
2025-09-24,Flash Trade,,8805.9,,7529.07,,-4452.300000000001,,-3795.8899999999994,,4.0,,#63b512
2025-09-24,GMTrade,,192.33203793672047,,134.63239155051463,,120.19598128559893,,84.1371801544108,,2.0,,#f79009
2025-09-23,Total,1192789.379358418,,388618.34050353867,,-2807114.284070748,,-943501.077576132,,1.0,,#545cf8,
2025-09-23,Jupiter,,1069621.5440128325,,267405.3860032081,,-2483063.4758229745,,-620765.8689557436,,,,
2025-09-23,Pacifica,,90468.87664493447,,90468.87664493447,,-13973.358960266341,,-13973.358960266341,,1.0,,#545cf8
2025-09-23,Drift,,19368.622643999985,,19368.622643999985,,-300891.94438899955,,-300891.94438899955,,,,
2025-09-23,Flash Trade,,13258.2,,11324.96,,-9029.82,,-7760.93,,4.0,,#63b512
2025-09-23,GMTrade,,72.13605665112154,,50.49521139610383,,-155.68489850721085,,-108.97527112255409,,2.0,,#f79009
2025-09-22,Total,3999903.6634291657,,1332119.4180796708,,3180721.9416623535,,1062651.4278559594,,1.0,,#545cf8,
2025-09-22,Jupiter,,3552685.019835807,,888171.2549589517,,2820559.742136542,,705139.9355341356,,,,
2025-09-22,Drift,,320260.56703299953,,320260.56703299953,,312711.4516769995,,312711.4516769995,,,,
2025-09-22,Pacifica,,104442.23560520081,,104442.23560520081,,29094.66666920086,,29094.66666920086,,1.0,,#545cf8
2025-09-22,Flash Trade,,22288.02,,19085.89,,18282.670000000002,,15653.99,,4.0,,#63b512
2025-09-22,GMTrade,,227.82095515833237,,159.47048251865792,,73.41117961107005,,51.38397562337029,,2.0,,#f79009
2025-09-21,Total,819181.721766812,,269467.9902237114,,243773.64670870756,,66256.52952342006,,1.0,,#545cf8,
2025-09-21,Jupiter,,732125.2776992648,,183031.3194248162,,236497.90977292345,,59124.47744323086,,,,
2025-09-21,Pacifica,,75347.56893599995,,75347.56893599995,,2493.1320798473316,,2493.1320798473316,,1.0,,#545cf8
2025-09-21,Drift,,7549.115355999998,,7549.115355999998,,3930.2183209999976,,3930.2183209999976,,,,
2025-09-21,Flash Trade,,4005.35,,3431.8999999999996,,762.7999999999997,,645.9899999999998,,4.0,,#63b512
2025-09-21,GMTrade,,154.4097755472623,,108.08650689528763,,89.58653493678665,,62.71167934189745,,2.0,,#f79009
2025-09-20,Total,575408.0750581045,,203211.46070029135,,-833390.3520412548,,-235190.54227511995,,1.0,,#545cf8,
2025-09-20,Jupiter,,495627.36792634137,,123906.84198158534,,-796450.7774640812,,-199112.6943660203,,,,
2025-09-20,Pacifica,,72854.43685615262,,72854.43685615262,,-20187.214530512516,,-20187.214530512516,,1.0,,#545cf8
2025-09-20,Drift,,3618.897035000001,,3618.897035000001,,-10762.891813000024,,-10762.891813000024,,,,
2025-09-20,Flash Trade,,3242.55,,2785.91,,-5620.009999999999,,-4869.120000000001,,4.0,,#63b512
2025-09-20,GMTrade,,64.82324061047566,,45.374827553390176,,-369.45823366094737,,-258.62156558710456,,2.0,,#f79009
2025-09-19,Total,1408798.4270993592,,438402.0029754113,,22562.49381523719,,-3477.3380808383226,,1.0,,#545cf8,
2025-09-19,Jupiter,,1292078.1453904225,,323019.53634760564,,35561.024730269564,,8890.256182567391,,,,
2025-09-19,Pacifica,,93041.65138666514,,93041.65138666514,,-14505.531736058168,,-14505.531736058168,,1.0,,#545cf8
2025-09-19,Drift,,14381.788848000024,,14381.788848000024,,5430.00800900001,,5430.00800900001,,,,
2025-09-19,Flash Trade,,8862.56,,7655.030000000001,,-3986.120000000001,,-3336.249999999998,,4.0,,#63b512
2025-09-19,GMTrade,,434.281474271423,,303.9963931404947,,63.11281202586855,,44.17946365242295,,2.0,,#f79009
2025-09-18,Total,1386235.933284122,,441879.3410562496,,-395495.96879146877,,-134009.56273964787,,1.0,,#545cf8,
2025-09-18,Jupiter,,1256517.120660153,,314129.28016503825,,-345304.25560310273,,-86326.06390077568,,,,
2025-09-18,Pacifica,,107547.1831227233,,107547.1831227233,,-17872.410082467948,,-17872.410082467948,,1.0,,#545cf8
2025-09-18,Flash Trade,,12848.68,,10991.279999999999,,-18715.9,,-16277.060000000001,,4.0,,#63b512
2025-09-18,Drift,,8951.780839000014,,8951.780839000014,,-13372.153793999998,,-13372.153793999998,,,,
2025-09-18,GMTrade,,371.16866224555446,,259.81692948807176,,-231.2493118982714,,-161.87496240431977,,2.0,,#f79009
2025-09-17,Total,1781731.9020755908,,575888.9037958975,,704184.7598842366,,222301.0057001863,,1.0,,#545cf8,
2025-09-17,Jupiter,,1601821.3762632557,,400455.34406581393,,640014.2386061501,,160003.55965153754,,,,
2025-09-17,Pacifica,,125419.59320519125,,125419.59320519125,,33158.130324030935,,33158.130324030935,,1.0,,#545cf8
2025-09-17,Flash Trade,,31564.58,,27268.34,,12245.490000000002,,10481.84,,4.0,,#63b512
2025-09-17,Drift,,22323.93463300001,,22323.93463300001,,18402.152268000023,,18402.152268000023,,,,
2025-09-17,GMTrade,,602.4179741438259,,421.69189189239154,,364.7486860553522,,255.32345661790941,,2.0,,#f79009
2025-09-16,Total,1077547.1421913542,,353587.8980957112,,-403980.6792662053,,-97615.48540161736,,1.0,,#545cf8,
2025-09-16,Jupiter,,961807.1376571056,,240451.7844142764,,-407511.6331070481,,-101877.90827676203,,,,
2025-09-16,Pacifica,,92261.46288116032,,92261.46288116032,,19898.688249249957,,19898.688249249957,,1.0,,#545cf8
2025-09-16,Flash Trade,,19319.09,,16786.5,,-3966.459999999999,,-3285.420000000002,,4.0,,#63b512
2025-09-16,Drift,,3921.7823649999896,,3921.7823649999896,,-12233.186279000023,,-12233.186279000023,,,,
2025-09-16,GMTrade,,237.66928808847365,,166.36843527448212,,-168.08812940707202,,-117.65909510524358,,2.0,,#f79009
2025-09-15,Total,1481527.8214575595,,451203.38349732856,,-180768.35520719877,,-29321.252073025098,,1.0,,#545cf8,
2025-09-15,Jupiter,,1369318.7707641537,,342329.6926910384,,-200276.00833054958,,-50069.002082637395,,,,
2025-09-15,Pacifica,,72362.77463191036,,72362.77463191036,,24811.43695938524,,24811.43695938524,,1.0,,#545cf8
2025-09-15,Flash Trade,,23285.55,,20071.920000000002,,-12258.219999999998,,-11095.359999999997,,4.0,,#63b512
2025-09-15,Drift,,16154.968644000013,,16154.968644000013,,7211.887793000029,,7211.887793000029,,,,
2025-09-15,GMTrade,,405.75741749554567,,284.0275303797257,,-257.4516290344117,,-180.21474277301274,,2.0,,#f79009
2025-09-14,Total,1662296.1766647582,,480524.63557035365,,443484.20712801814,,129514.3859319216,,1.0,,#545cf8,
2025-09-14,Jupiter,,1569594.7790947033,,392398.6947736758,,414929.03069564514,,103732.25767391128,,,,
2025-09-14,Pacifica,,47551.33767252512,,47551.33767252512,,3510.9908664577742,,3510.9908664577742,,1.0,,#545cf8
2025-09-14,Flash Trade,,35543.77,,31167.28,,24333.17,,21508.879999999997,,4.0,,#63b512
2025-09-14,Drift,,8943.080850999984,,8943.080850999984,,881.8258649999852,,881.8258649999852,,,,
2025-09-14,GMTrade,,663.2090465299574,,464.24227315273845,,-170.81029908463813,,-119.56847344746461,,2.0,,#f79009
2025-09-13,Total,1218811.96953674,,351010.24963843205,,-1079469.4213182915,,-303559.71238114056,,1.0,,#545cf8,
2025-09-13,Jupiter,,1154665.7483990581,,288666.43709976453,,-1031889.4068976019,,-257972.35172440048,,,,
2025-09-13,Pacifica,,44040.34680606735,,44040.34680606735,,-16936.45168907105,,-16936.45168907105,,1.0,,#545cf8
2025-09-13,Flash Trade,,11210.6,,9658.4,,-18483.6,,-16305.88,,4.0,,#63b512
2025-09-13,Drift,,8061.254985999999,,8061.254985999999,,-12776.841762000007,,-12776.841762000007,,,,
2025-09-13,GMTrade,,834.0193456145955,,583.8107466002031,,616.8790303814054,,431.81279433100474,,2.0,,#f79009
2025-09-12,Total,2298281.3908550316,,654569.9620195726,,809783.6733095543,,192957.09494789073,,1.0,,#545cf8,
2025-09-12,Jupiter,,2186555.15529666,,546638.788824165,,825168.217149694,,206292.0542874235,,,,
2025-09-12,Pacifica,,60976.7984951384,,60976.7984951384,,-3641.325911498592,,-3641.325911498592,,1.0,,#545cf8
2025-09-12,Flash Trade,,29694.2,,25964.28,,-18611.030000000002,,-16572.310000000005,,4.0,,#63b512
2025-09-12,Drift,,20838.096748000007,,20838.096748000007,,6904.0277450000085,,6904.0277450000085,,,,
2025-09-12,GMTrade,,217.14031523319014,,151.9979522691983,,-36.21567364099806,,-25.351173034205857,,2.0,,#f79009
2025-09-11,Total,1488497.7175454772,,461612.8670716819,,-333816.28228992317,,-98437.14018051373,,1.0,,#545cf8,
2025-09-11,Jupiter,,1361386.938146966,,340346.7345367415,,-316345.9792483491,,-79086.49481208727,,,,
2025-09-11,Pacifica,,64618.12440663699,,64618.12440663699,,-38772.671771086614,,-38772.671771086614,,1.0,,#545cf8
2025-09-11,Flash Trade,,48305.23,,42536.590000000004,,15558.880000000005,,13683.090000000004,,4.0,,#63b512
2025-09-11,Drift,,13934.069002999999,,13934.069002999999,,5728.314291000021,,5728.314291000021,,,,
2025-09-11,GMTrade,,253.3559888741882,,177.34912530340415,,15.17443851251079,,10.622111660095214,,2.0,,#f79009
2025-09-10,Total,1822313.9998354004,,560050.0072521956,,397616.7926797152,,143671.79294421955,,1.0,,#545cf8,
2025-09-10,Jupiter,,1677732.9173953151,,419433.2293488288,,337379.2156509941,,84344.80391274852,,,,
2025-09-10,Pacifica,,103390.7961777236,,103390.7961777236,,52738.94301585058,,52738.94301585058,,1.0,,#545cf8
2025-09-10,Flash Trade,,32746.35,,28853.5,,10092.379999999997,,9037.669999999998,,4.0,,#63b512
2025-09-10,Drift,,8205.754711999978,,8205.754711999978,,-2113.3392790000253,,-2113.3392790000253,,,,
2025-09-10,GMTrade,,238.1815503616774,,166.72701364330894,,-480.40670812938026,,-336.28470537947317,,2.0,,#f79009
2025-09-09,Total,1424697.2071556852,,416378.2143079761,,46287.01925174962,,22436.247049340513,,1.0,,#545cf8,
2025-09-09,Jupiter,,1340353.701744321,,335088.42543608026,,31320.679732932942,,7830.1699332332355,,,,
2025-09-09,Pacifica,,50651.85316187303,,50651.85316187303,,10511.460296953832,,10511.460296953832,,1.0,,#545cf8
2025-09-09,Flash Trade,,22653.97,,19815.83,,1036.9300000000003,,750.1700000000019,,4.0,,#63b512
2025-09-09,Drift,,10319.093991000003,,10319.093991000003,,3172.9411839999966,,3172.9411839999966,,,,
2025-09-09,GMTrade,,718.5882584910577,,503.0117190227821,,245.0080378629453,,171.50563515347653,,2.0,,#f79009
2025-09-08,Total,1378410.1879039356,,393941.96725863556,,750672.6998027689,,201866.70134897454,,1.0,,#545cf8,
2025-09-08,Jupiter,,1309033.022011388,,327258.255502847,,729601.3534623971,,182400.33836559928,,,,
2025-09-08,Pacifica,,40140.392864919195,,40140.392864919195,,1961.508779428419,,1961.508779428419,,1.0,,#545cf8
2025-09-08,Flash Trade,,21617.04,,19065.66,,13014.730000000001,,11507.45,,4.0,,#63b512
2025-09-08,Drift,,7146.152807000007,,7146.152807000007,,5769.429766000007,,5769.429766000007,,,,
2025-09-08,GMTrade,,473.5802206281124,,331.50608386930554,,325.67779494330296,,227.97443794680487,,2.0,,#f79009
2025-09-07,Total,627737.4881011667,,192075.26590966102,,20811.683896624716,,13620.553068219597,,1.0,,#545cf8,
2025-09-07,Jupiter,,579431.668548991,,144857.91713724774,,9095.651751478435,,2273.912937869609,,,,
2025-09-07,Pacifica,,38178.884085490776,,38178.884085490776,,8849.475894889467,,8849.475894889467,,1.0,,#545cf8
2025-09-07,Flash Trade,,8602.31,,7558.21,,3390.7,,3016.8500000000004,,4.0,,#63b512
2025-09-07,Drift,,1376.7230409999997,,1376.7230409999997,,-509.28372899999954,,-509.28372899999954,,,,
2025-09-07,GMTrade,,147.90242568480943,,103.53164592250066,,-14.860020743336804,,-10.402035539483094,,2.0,,#f79009
2025-09-06,Total,606925.804204542,,178454.71284144142,,-945611.5035210615,,-268770.32008235913,,1.0,,#545cf8,
2025-09-06,Jupiter,,570336.0167975125,,142584.00419937813,,-898339.7576803311,,-224584.93942008278,,,,
2025-09-06,Pacifica,,29329.40819060131,,29329.40819060131,,-6664.8843063971435,,-6664.8843063971435,,1.0,,#545cf8
2025-09-06,Flash Trade,,5211.61,,4541.36,,-20484.73,,-17424.079999999998,,4.0,,#63b512
2025-09-06,Drift,,1886.0067699999993,,1886.0067699999993,,-20036.41436700001,,-20036.41436700001,,,,
2025-09-06,GMTrade,,162.76244642814623,,113.93368146198375,,-85.71716733319906,,-60.0019888792074,,2.0,,#f79009
2025-09-05,Total,1552537.3077256035,,447225.0329238006,,1057088.1881233046,,282645.4003887888,,1.0,,#545cf8,
2025-09-05,Jupiter,,1468675.7744778437,,367168.9436194609,,1031274.765455689,,257818.69136392226,,,,
2025-09-05,Pacifica,,35994.29249699845,,35994.29249699845,,1480.6742268744565,,1480.6742268744565,,1.0,,#545cf8
2025-09-05,Flash Trade,,25696.34,,21965.44,,7019.330000000002,,6033.639999999999,,4.0,,#63b512
2025-09-05,Drift,,21922.42113700001,,21922.42113700001,,17310.006178000018,,17310.006178000018,,,,
2025-09-05,GMTrade,,248.4796137613453,,173.93567034119116,,3.412262741212629,,2.3886199920137017,,2.0,,#f79009
2025-09-04,Total,495449.11960229883,,164579.63253501183,,-520849.99252420524,,-147490.61970517712,,1.0,,#545cf8,
2025-09-04,Jupiter,,437401.00902215467,,109350.25225553867,,-497786.05835565546,,-124446.51458891387,,,,
2025-09-04,Pacifica,,34513.618270123996,,34513.618270123996,,-19596.090463415407,,-19596.090463415407,,1.0,,#545cf8
2025-09-04,Flash Trade,,18677.01,,15931.8,,323.8299999999981,,308.7699999999986,,4.0,,#63b512
2025-09-04,Drift,,4612.414958999992,,4612.414958999992,,-3675.3768570000047,,-3675.3768570000047,,,,
2025-09-04,GMTrade,,245.06735102013266,,171.54705034917745,,-116.29684813438547,,-81.40779584784764,,2.0,,#f79009
2025-09-03,Total,1016299.1121265041,,312070.25224018894,,-386542.6544474545,,-89412.54285513744,,1.0,,#545cf8,
2025-09-03,Jupiter,,935187.0673778101,,233796.76684445253,,-394531.6945848104,,-98632.9236462026,,,,
2025-09-03,Pacifica,,54109.7087335394,,54109.7087335394,,15381.623086245563,,15381.623086245563,,1.0,,#545cf8
2025-09-03,Flash Trade,,18353.18,,15623.03,,-8481.650000000001,,-7244.750000000002,,4.0,,#63b512
2025-09-03,Drift,,8287.791815999997,,8287.791815999997,,1070.5357519999825,,1070.5357519999825,,,,
2025-09-03,GMTrade,,361.36419915451813,,252.9548461970251,,18.531299110305156,,12.971952819649601,,2.0,,#f79009
2025-09-02,Total,1402841.7665739586,,401482.7950953264,,-228677.210914616,,-54705.53871024778,,1.0,,#545cf8,
2025-09-02,Jupiter,,1329718.7619626205,,332429.69049065514,,-234000.2527020513,,-58500.06317551283,,,,
2025-09-02,Pacifica,,38728.08564729384,,38728.08564729384,,10940.403899524019,,10940.403899524019,,1.0,,#545cf8
2025-09-02,Flash Trade,,26834.83,,22867.780000000002,,9022.010000000002,,7528.740000000002,,4.0,,#63b512
2025-09-02,Drift,,7217.256064000015,,7217.256064000015,,-14756.862947999973,,-14756.862947999973,,,,
2025-09-02,GMTrade,,342.832900044213,,239.9828933773755,,117.4908359112516,,82.24351374098205,,2.0,,#f79009
2025-09-01,Total,1631518.9774885746,,456188.33380557416,,1057917.5486350986,,285632.743353973,,1.0,,#545cf8,
2025-09-01,Jupiter,,1563719.0146646718,,390929.75366616796,,1027384.4275325289,,256846.10688313222,,,,
2025-09-01,Pacifica,,27787.68174776982,,27787.68174776982,,-1387.4737229828424,,-1387.4737229828424,,1.0,,#545cf8
2025-09-01,Drift,,21974.11901199999,,21974.11901199999,,19324.095843999996,,19324.095843999996,,,,
2025-09-01,Flash Trade,,17812.82,,15339.04,,12580.15,,10838.57,,4.0,,#63b512
2025-09-01,GMTrade,,225.34206413296138,,157.73937963639344,,16.34898155264125,,11.444349823684604,,2.0,,#f79009
2025-08-31,Total,573601.428853476,,170555.5904516011,,-134173.0472621034,,-31042.887462206534,,1.0,,#545cf8,
2025-08-31,Jupiter,,536334.587132143,,134083.64678303574,,-137514.61163715902,,-34378.652909289754,,,,
2025-08-31,Pacifica,,29175.155470752663,,29175.155470752663,,8924.01638212653,,8924.01638212653,,1.0,,#545cf8
2025-08-31,Flash Trade,,5232.67,,4500.47,,62.60999999999967,,85.11000000000058,,4.0,,#63b512
2025-08-31,Drift,,2650.023167999992,,2650.023167999992,,-5739.3915350000225,,-5739.3915350000225,,,,
2025-08-31,GMTrade,,208.99308258032013,,146.29502981270883,,94.32952792915083,,66.03059995671569,,2.0,,#f79009
2025-08-30,Total,707774.4761155794,,201598.47791380764,,-2215545.7927489565,,-624856.8883067189,,1.0,,#545cf8,
2025-08-30,Jupiter,,673849.198769302,,168462.2996923255,,-2112841.8834186606,,-528210.4708546652,,,,
2025-08-30,Pacifica,,20251.139088626132,,20251.139088626132,,-26940.202732888658,,-26940.202732888658,,1.0,,#545cf8
2025-08-30,Drift,,8389.414703000015,,8389.414703000015,,-35247.680415,,-35247.680415,,,,
2025-08-30,Flash Trade,,5170.06,,4415.36,,-40138.22,,-34194.07,,4.0,,#63b512
2025-08-30,GMTrade,,114.6635546511693,,80.26442985599314,,-377.8061824066139,,-264.46430416506416,,2.0,,#f79009
2025-08-29,Total,2923320.2688645357,,826455.3662205265,,956118.1911377173,,289278.3080560871,,1.0,,#545cf8,
2025-08-29,Jupiter,,2786691.0821879627,,696672.7705469907,,886466.4165172921,,221616.60412932304,,,,
2025-08-29,Pacifica,,47191.34182151479,,47191.34182151479,,23523.411401649595,,23523.411401649595,,1.0,,#545cf8
2025-08-29,Drift,,43637.09511800002,,43637.09511800002,,32715.944165000023,,32715.944165000023,,,,
2025-08-29,Flash Trade,,45308.28,,38609.43,,13222.149999999998,,11289.160000000003,,4.0,,#63b512
2025-08-29,GMTrade,,492.4697370577832,,344.7287340210573,,190.26905377536917,,133.18836011447306,,2.0,,#f79009
2025-08-28,Total,1967202.0777268184,,537177.0581644394,,-43963.943645875435,,-1981.4317882792093,,1.0,,#545cf8,
2025-08-28,Jupiter,,1900224.6656706706,,475056.16641766764,,-56552.836068319855,,-14138.209017079964,,,,
2025-08-28,Flash Trade,,32086.13,,27320.269999999997,,2999.5800000000017,,2577.979999999996,,4.0,,#63b512
2025-08-28,Pacifica,,23667.930419865195,,23667.930419865195,,10928.831685123889,,10928.831685123889,,1.0,,#545cf8
2025-08-28,Drift,,10921.150952999997,,10921.150952999997,,-1374.5697849999888,,-1374.5697849999888,,,,
2025-08-28,GMTrade,,302.20068328241405,,211.54037390658422,,35.050522320343816,,24.535328676927833,,2.0,,#f79009
2025-08-27,Total,2011166.0213726938,,539158.4899527186,,844424.1656993779,,215300.04101475741,,1.0,,#545cf8,
2025-08-27,Jupiter,,1956777.5017389904,,489194.3754347476,,839359.5393252191,,209839.88483130478,,,,
2025-08-27,Flash Trade,,29086.55,,24742.29,,-2639.790000000001,,-2239.290000000001,,4.0,,#63b512
2025-08-27,Pacifica,,12739.098734741307,,12739.098734741307,,2745.8835927790424,,2745.8835927790424,,1.0,,#545cf8
2025-08-27,Drift,,12295.720737999985,,12295.720737999985,,4941.965492999982,,4941.965492999982,,,,
2025-08-27,GMTrade,,267.15016096207023,,187.0050452296564,,16.567288379664916,,11.597097673575632,,2.0,,#f79009
2025-08-26,Total,1166741.855673316,,323858.4489379612,,49288.61615145765,,-19233.001845261024,,1.0,,#545cf8,
2025-08-26,Jupiter,,1117417.9624137713,,279354.4906034428,,93590.14499582164,,23397.53624895541,,,,
2025-08-26,Flash Trade,,31726.34,,26981.58,,-11517.240000000002,,-9864.940000000002,,4.0,,#63b512
2025-08-26,Pacifica,,9993.215141962264,,9993.215141962264,,-410.9789920960284,,-410.9789920960284,,1.0,,#545cf8
2025-08-26,Drift,,7353.755245000003,,7353.755245000003,,-32311.00787199997,,-32311.00787199997,,,,
2025-08-26,GMTrade,,250.58287258240532,,175.40794755608076,,-62.30198026812613,,-43.611230120432396,,2.0,,#f79009
2025-08-25,Total,1117453.2395218583,,343091.4507832222,,-1347505.7617191854,,-319284.6314733126,,1.0,,#545cf8,
2025-08-25,Jupiter,,1023827.8174179497,,255956.95435448742,,-1374397.8108412407,,-343599.4527103102,,,,
2025-08-25,Drift,,39664.76311699997,,39664.76311699997,,13228.737749999931,,13228.737749999931,,,,
2025-08-25,Flash Trade,,43243.58,,36846.520000000004,,19615.54,,16691.960000000003,,4.0,,#63b512
2025-08-25,Pacifica,,10404.194134058293,,10404.194134058293,,-4797.721516109015,,-4797.721516109015,,1.0,,#545cf8
2025-08-25,GMTrade,,312.88485285053144,,219.01917767651315,,-1154.507111835433,,-808.1549968934291,,2.0,,#f79009
2025-08-24,Total,2464959.0012410437,,662376.0822565348,,1433816.714207052,,385137.075281248,,1.0,,#545cf8,
2025-08-24,Jupiter,,2398225.6282591904,,599556.4070647976,,1394898.290515433,,348724.57262885827,,,,
2025-08-24,Drift,,26436.025367000042,,26436.025367000042,,19015.979822000038,,19015.979822000038,,,,
2025-08-24,Flash Trade,,23628.04,,20154.56,,14611.42,,12459.170000000002,,4.0,,#63b512
2025-08-24,Pacifica,,15201.915650167308,,15201.915650167308,,4112.120681290722,,4112.120681290722,,1.0,,#545cf8
2025-08-24,GMTrade,,1467.3919646859645,,1027.1741745699424,,1178.9031883281573,,825.2321490990163,,2.0,,#f79009
2025-08-23,Total,1031142.2870339917,,277239.0069752868,,-1560331.193362789,,-427304.55630686687,,1.0,,#545cf8,
2025-08-23,Jupiter,,1003327.3377437572,,250831.8344359393,,-1504396.9886580287,,-376099.24716450716,,,,
2025-08-23,Pacifica,,11089.794968876586,,11089.794968876586,,-12988.706618207782,,-12988.706618207782,,1.0,,#545cf8
2025-08-23,Flash Trade,,9016.62,,7695.389999999999,,-31502.019999999997,,-26849.03,,4.0,,#63b512
2025-08-23,Drift,,7420.045545000004,,7420.045545000004,,-11190.459860000014,,-11190.459860000014,,,,
2025-08-23,GMTrade,,288.4887763578073,,201.9420254709261,,-253.01822655255683,,-177.11266415186006,,2.0,,#f79009
2025-08-22,Total,2591473.4803967807,,704543.5632821537,,1655801.4052550239,,443988.0561792726,,1.0,,#545cf8,
2025-08-22,Jupiter,,2507724.326401786,,626931.0816004465,,1610814.1950166728,,402703.5487541682,,,,
2025-08-22,Flash Trade,,40518.64,,34544.42,,26251.86,,22379.109999999997,,4.0,,#63b512
2025-08-22,Pacifica,,24078.501587084367,,24078.501587084367,,12183.17847692082,,12183.17847692082,,1.0,,#545cf8
2025-08-22,Drift,,18610.505405000018,,18610.505405000018,,7118.996291000012,,7118.996291000012,,,,
2025-08-22,GMTrade,,541.5070029103641,,379.05468962278616,,-566.8245295698749,,-396.7773428164789,,2.0,,#f79009
2025-08-21,Total,935672.0751417568,,260555.5071028811,,-267274.31466137315,,-66097.55790928134,,1.0,,#545cf8,
2025-08-21,Jupiter,,896910.131385113,,224227.53284627825,,-268128.69096067117,,-67032.17274016779,,,,
2025-08-21,Flash Trade,,14266.78,,12165.310000000001,,-3902.8500000000004,,-3541.9799999999996,,4.0,,#63b512
2025-08-21,Pacifica,,11895.323110163547,,11895.323110163547,,-1878.7624022342916,,-1878.7624022342916,,1.0,,#545cf8
2025-08-21,Drift,,11491.509114000006,,11491.509114000006,,5700.550389000009,,5700.550389000009,,,,
2025-08-21,GMTrade,,1108.331532480239,,775.832032439265,,935.4383125323232,,654.8068441206758,,2.0,,#f79009
2025-08-20,Total,1202946.38980313,,326653.06501216243,,-359092.34382173326,,-103606.18779432535,,1.0,,#545cf8,
2025-08-20,Jupiter,,1165038.8223457842,,291259.70558644604,,-339109.0932885655,,-84777.27332214138,,,,
2025-08-20,Flash Trade,,18169.63,,15707.29,,-6934.529999999999,,-5767.040000000001,,4.0,,#63b512
2025-08-20,Pacifica,,13774.085512397838,,13774.085512397838,,-1261.550415500482,,-1261.550415500482,,1.0,,#545cf8
2025-08-20,Drift,,5790.958724999997,,5790.958724999997,,-11831.018218000008,,-11831.018218000008,,,,
2025-08-20,GMTrade,,172.89321994791592,,121.02518831858926,,43.84810033264981,,30.69416131656851,,2.0,,#f79009
2025-08-19,Total,1562038.7336248632,,430259.2528064878,,-85426.74992986163,,-40923.69347935298,,1.0,,#545cf8,
2025-08-19,Jupiter,,1504147.9156343497,,376036.9789085874,,-60474.03501911601,,-15118.508754779003,,,,
2025-08-19,Flash Trade,,25104.16,,21474.33,,6513.0999999999985,,5586.910000000002,,4.0,,#63b512
2025-08-19,Drift,,17621.976943000005,,17621.976943000005,,-35397.67667200009,,-35397.67667200009,,,,
2025-08-19,Pacifica,,15035.63592789832,,15035.63592789832,,4177.597323306216,,4177.597323306216,,1.0,,#545cf8
2025-08-19,GMTrade,,129.04511961526612,,90.33102700202075,,-245.73556205166693,,-172.01537588012167,,2.0,,#f79009
2025-08-18,Total,1647465.4835547248,,471182.94628584076,,618788.530364036,,183300.17396421166,,1.0,,#545cf8,
2025-08-18,Jupiter,,1564621.9506534657,,391155.4876633664,,578797.2839828198,,144699.32099570494,,,,
2025-08-18,Drift,,53019.65361500009,,53019.65361500009,,30694.14716400006,,30694.14716400006,,,,
2025-08-18,Flash Trade,,18591.06,,15887.42,,8653.580000000002,,7334.780000000001,,4.0,,#63b512
2025-08-18,Pacifica,,10858.038604592104,,10858.038604592104,,404.8746127156228,,404.8746127156228,,1.0,,#545cf8
2025-08-18,GMTrade,,374.78068166693305,,262.3464028821424,,238.6446045005296,,167.05119179101055,,2.0,,#f79009
2025-08-17,Total,1028676.9531906889,,287882.7723216291,,454646.68375707907,,124594.18247952021,,1.0,,#545cf8,
2025-08-17,Jupiter,,985824.6666706459,,246456.16666766148,,440015.8606272908,,110003.9651568227,,,,
2025-08-17,Drift,,22325.50645100003,,22325.50645100003,,20274.539067000034,,20274.539067000034,,,,
2025-08-17,Pacifica,,10453.163991876481,,10453.163991876481,,-6741.955478281892,,-6741.955478281892,,1.0,,#545cf8
2025-08-17,Flash Trade,,9937.48,,8552.64,,1310.92,,1206.5099999999993,,4.0,,#63b512
2025-08-17,GMTrade,,136.13607716640345,,95.29521109113185,,-212.68045892985648,,-148.87626602062164,,2.0,,#f79009
2025-08-16,Total,574030.2694336098,,163288.5898421089,,2862.6789021358127,,-44605.14467695562,,1.0,,#545cf8,
2025-08-16,Jupiter,,545808.8060433551,,136452.2015108388,,64735.396749147214,,16183.849187286803,,,,
2025-08-16,Pacifica,,17195.119470158374,,17195.119470158374,,6581.7476695931,,6581.7476695931,,1.0,,#545cf8
2025-08-16,Flash Trade,,8626.56,,7346.13,,-6982.49,,-5967.2699999999995,,4.0,,#63b512
2025-08-16,Drift,,2050.9673839999946,,2050.9673839999946,,-61243.629029,,-61243.629029,,,,
2025-08-16,GMTrade,,348.81653609625994,,244.1714771117535,,-228.34648760448442,,-159.84250483550463,,2.0,,#f79009
2025-08-15,Total,571167.590531474,,207893.7345190645,,-3020414.635159522,,-790038.6988469791,,1.0,,#545cf8,
2025-08-15,Jupiter,,481073.40929420793,,120268.35232355198,,-2969149.4508594,,-742287.36271485,,,,
2025-08-15,Drift,,63294.596413,,63294.596413,,-16528.6674709999,,-16528.6674709999,,,,
2025-08-15,Flash Trade,,15609.05,,13313.4,,-20344.219999999998,,-17334.510000000002,,4.0,,#63b512
2025-08-15,Pacifica,,10613.371800565274,,10613.371800565274,,-12711.836949216795,,-12711.836949216795,,1.0,,#545cf8
2025-08-15,GMTrade,,577.1630237007444,,404.0139819472581,,-1680.4598799049695,,-1176.3217119123458,,2.0,,#f79009
2025-08-14,Total,3591582.225690996,,997932.4333660436,,1280804.423617395,,382612.9506540147,,1.0,,#545cf8,
2025-08-14,Jupiter,,3450222.860153608,,862555.715038402,,1192864.5406840341,,298216.13517100853,,,,
2025-08-14,Drift,,79823.2638839999,,79823.2638839999,,67328.9072619999,,67328.9072619999,,,,
2025-08-14,Flash Trade,,35953.27,,30647.91,,21041.96,,17910.47,,4.0,,#63b512
2025-08-14,Pacifica,,23325.20874978207,,23325.20874978207,,-1802.9090894556502,,-1802.9090894556502,,1.0,,#545cf8
2025-08-14,GMTrade,,2257.622903605714,,1580.335693859604,,1371.924760816772,,960.3473104618964,,2.0,,#f79009
2025-08-13,Total,2310777.8020736007,,615319.4827120289,,536334.9382218549,,136100.6640680242,,1.0,,#545cf8,
2025-08-13,Jupiter,,2257358.319469574,,564339.5798673935,,535579.1281900108,,133894.7820475027,,,,
2025-08-13,Pacifica,,25128.11783923772,,25128.11783923772,,8178.340105414485,,8178.340105414485,,1.0,,#545cf8
2025-08-13,Flash Trade,,14911.31,,12737.439999999999,,-10480.460000000001,,-9141.16,,4.0,,#63b512
2025-08-13,Drift,,12494.356621999994,,12494.356621999994,,3427.1703579999958,,3427.1703579999958,,,,
2025-08-13,GMTrade,,885.6981427889418,,619.9883833977075,,-369.240431570503,,-258.46844289299634,,2.0,,#f79009
2025-08-12,Total,1774442.8638517458,,479218.8186440047,,-29806.531061694026,,-2186.3356611184427,,1.0,,#545cf8,
2025-08-12,Jupiter,,1721779.1912795631,,430444.7978198908,,-39660.26791425282,,-9915.066978563205,,,,
2025-08-12,Flash Trade,,25391.77,,21878.6,,14141.54,,12239.189999999999,,4.0,,#63b512
2025-08-12,Pacifica,,16949.777733823234,,16949.777733823234,,5351.057971440885,,5351.057971440885,,1.0,,#545cf8
2025-08-12,Drift,,9067.186263999998,,9067.186263999998,,-10381.046389000001,,-10381.046389000001,,,,
2025-08-12,GMTrade,,1254.9385743594448,,878.4568262907038,,742.1852701178511,,519.529735003892,,2.0,,#f79009
2025-08-11,Total,1804249.3949134399,,481405.15430512314,,696887.4502183397,,187236.61296286044,,1.0,,#545cf8,
2025-08-11,Jupiter,,1761439.459193816,,440359.864798454,,678774.004403563,,169693.50110089075,,,,
2025-08-11,Drift,,19448.232653,,19448.232653,,9237.764301000001,,9237.764301000001,,,,
2025-08-11,Pacifica,,11598.719762382349,,11598.719762382349,,4470.965165332141,,4470.965165332141,,1.0,,#545cf8
2025-08-11,Flash Trade,,11250.23,,9639.41,,4654.469999999999,,4009.209999999999,,4.0,,#63b512
2025-08-11,GMTrade,,512.7533042415937,,358.92709128681173,,-249.7536515554159,,-174.82760436245195,,2.0,,#f79009
2025-08-10,Total,1107361.9446951002,,294168.5413422627,,121650.38723483798,,29929.487065812747,,1.0,,#545cf8,
2025-08-10,Jupiter,,1082665.454790253,,270666.36369756324,,121770.5765523162,,30442.64413807905,,,,
2025-08-10,Drift,,10210.468351999998,,10210.468351999998,,95.09317199999896,,95.09317199999896,,,,
2025-08-10,Pacifica,,7127.754597050208,,7127.754597050208,,-2012.781382326225,,-2012.781382326225,,1.0,,#545cf8
2025-08-10,Flash Trade,,6595.76,,5630.200000000001,,1282.7399999999998,,1044.2000000000007,,4.0,,#63b512
2025-08-10,GMTrade,,762.5069557970096,,533.7546956492637,,514.7588928480277,,360.33113805994674,,2.0,,#f79009
2025-08-09,Total,985711.5574602622,,264239.05427644996,,-48579.28256281291,,-4865.476456522418,,1.0,,#545cf8,
2025-08-09,Jupiter,,960894.8782379368,,240223.7195594842,,-57876.74659396405,,-14469.186648491013,,,,
2025-08-09,Drift,,10115.37518,,10115.37518,,6631.982240999998,,6631.982240999998,,,,
2025-08-09,Pacifica,,9140.535979376433,,9140.535979376433,,3797.251161702833,,3797.251161702833,,1.0,,#545cf8
2025-08-09,Flash Trade,,5313.02,,4586.0,,-440.3199999999997,,-341.5099999999993,,4.0,,#63b512
2025-08-09,GMTrade,,247.74806294898195,,173.42355758931697,,-691.4493715517528,,-484.01321073421434,,2.0,,#f79009
2025-08-08,Total,1034290.8400230751,,269104.5307329724,,45960.99681317026,,7872.687462627568,,1.0,,#545cf8,
2025-08-08,Jupiter,,1018771.6248319008,,254692.9062079752,,50817.79660920391,,12704.449152300978,,,,
2025-08-08,Pacifica,,5343.2848176736,,5343.2848176736,,-3378.3933831920012,,-3378.3933831920012,,1.0,,#545cf8
2025-08-08,Flash Trade,,5753.34,,4927.509999999999,,-1818.04,,-1592.920000000001,,4.0,,#63b512
2025-08-08,Drift,,3483.392939000001,,3483.392939000001,,-327.3034059999991,,-327.3034059999991,,,,
2025-08-08,GMTrade,,939.1974345007347,,657.4367683235313,,666.9369931583851,,466.8550995185459,,2.0,,#f79009
2025-08-07,Total,988329.8432099049,,261231.8432703448,,434354.8791382719,,107026.49783419818,,1.0,,#545cf8,
2025-08-07,Jupiter,,967953.8282226969,,241988.45705567423,,437356.60981513397,,109339.15245378349,,,,
2025-08-07,Pacifica,,8721.678200865601,,8721.678200865601,,2780.898089987002,,2780.898089987002,,1.0,,#545cf8
2025-08-07,Flash Trade,,7571.38,,6520.43,,-4177.2699999999995,,-3472.7999999999993,,4.0,,#63b512
2025-08-07,Drift,,3810.6963450000003,,3810.6963450000003,,-1656.6700340000016,,-1656.6700340000016,,,,
2025-08-07,GMTrade,,272.2604413423497,,190.58166880498536,,51.31126715099194,,35.91732442769083,,2.0,,#f79009
2025-08-06,Total,553974.964071633,,154205.34543614663,,186347.66002578608,,36517.01654798376,,1.0,,#545cf8,
2025-08-06,Jupiter,,530597.2184075629,,132649.30460189073,,200868.20752762025,,50217.05188190506,,,,
2025-08-06,Flash Trade,,11748.65,,9993.23,,-5778.460000000001,,-4956.860000000001,,4.0,,#63b512
2025-08-06,Pacifica,,5940.780110878599,,5940.780110878599,,-1351.1940160664008,,-1351.1940160664008,,1.0,,#545cf8
2025-08-06,Drift,,5467.366379000002,,5467.366379000002,,-7394.519555999991,,-7394.519555999991,,,,
2025-08-06,GMTrade,,220.94917419135774,,154.66434437729453,,3.626070232178904,,2.538238145102099,,2.0,,#f79009
2025-08-05,Total,367627.30404584686,,117688.32888816287,,-567922.8469390029,,-130051.35135693238,,1.0,,#545cf8,
2025-08-05,Jupiter,,329729.0108799427,,82432.25271998567,,-584545.5108125019,,-146136.37770312547,,,,
2025-08-05,Flash Trade,,17527.11,,14950.09,,3539.4300000000003,,3031.9799999999996,,4.0,,#63b512
2025-08-05,Drift,,12861.885934999993,,12861.885934999993,,9505.33695699999,,9505.33695699999,,,,
2025-08-05,Pacifica,,7291.974126945,,7291.974126945,,3477.2718519525997,,3477.2718519525997,,1.0,,#545cf8
2025-08-05,GMTrade,,217.32310395917884,,152.12610623219243,,100.6250645463333,,70.43753724048959,,2.0,,#f79009
2025-08-04,Total,935550.1509848498,,247739.68024509525,,338945.08289954637,,86871.18813995502,,1.0,,#545cf8,
2025-08-04,Jupiter,,914274.5216924446,,228568.63042311114,,333969.02801063587,,83492.25700265897,,,,
2025-08-04,Flash Trade,,13987.68,,11918.11,,10434.9,,8844.77,,4.0,,#63b512
2025-08-04,Pacifica,,3814.7022749924,,3814.7022749924,,-308.8494155209992,,-308.8494155209992,,1.0,,#545cf8
2025-08-04,Drift,,3356.5489780000025,,3356.5489780000025,,-5173.3081779999975,,-5173.3081779999975,,,,
2025-08-04,GMTrade,,116.69803941284553,,81.68856899170284,,23.31248243151657,,16.31873081705686,,2.0,,#f79009
2025-08-03,Total,596605.0680853034,,160868.49210514023,,-558221.2986184586,,-151686.75614291034,,1.0,,#545cf8,
2025-08-03,Jupiter,,580305.4936818087,,145076.37342045218,,-540557.0896619486,,-135139.27241548715,,,,
2025-08-03,Drift,,8529.857156,,8529.857156,,-7961.666543000001,,-7961.666543000001,,,,
2025-08-03,Pacifica,,4123.551690513399,,4123.551690513399,,521.8250312437999,,521.8250312437999,,1.0,,#545cf8
2025-08-03,Flash Trade,,3552.78,,3073.3399999999997,,-10190.15,,-9083.69,,4.0,,#63b512
2025-08-03,GMTrade,,93.38555698132896,,65.36983817464598,,-34.21744475378118,,-23.952215666983847,,2.0,,#f79009
2025-08-02,Total,1154826.366703762,,312555.2482480506,,-1801901.2902128415,,-502592.7640392345,,1.0,,#545cf8,
2025-08-02,Jupiter,,1120862.5833437573,,280215.64583593933,,-1729972.3624784392,,-432493.0906196098,,,,
2025-08-02,Drift,,16491.523699,,16491.523699,,-58213.83524100005,,-58213.83524100005,,,,
2025-08-02,Flash Trade,,13742.93,,12157.03,,-8836.68,,-7117.109999999999,,4.0,,#63b512
2025-08-02,Pacifica,,3601.726659269599,,3601.726659269599,,-4512.800895642,,-4512.800895642,,1.0,,#545cf8
2025-08-02,GMTrade,,127.60300173511014,,89.32205384162982,,-365.61159776036885,,-255.9272829826752,,2.0,,#f79009
2025-08-01,Total,2956727.6569166034,,815148.0122872851,,1803654.4616741207,,502982.0850779107,,1.0,,#545cf8,
2025-08-01,Jupiter,,2850834.9458221965,,712708.7364555491,,1732237.6261452255,,433059.4065363064,,,,
2025-08-01,Drift,,74705.35894000005,,74705.35894000005,,58237.05983900007,,58237.05983900007,,,,
2025-08-01,Flash Trade,,22579.61,,19274.14,,12326.67,,10501.439999999999,,4.0,,#63b512
2025-08-01,Pacifica,,8114.5275549115995,,8114.5275549115995,,1956.6848569423992,,1956.6848569423992,,1.0,,#545cf8
2025-08-01,GMTrade,,493.214599495479,,345.24933682430503,,-1103.579167047008,,-772.5061543381593,,2.0,,#f79009
2025-07-31,Total,1153073.1952424827,,312165.9272093744,,-582494.8172301506,,-160267.28682063444,,1.0,,#545cf8,
2025-07-31,Jupiter,,1118597.319676971,,279649.32991924277,,-562874.8398265578,,-140718.70995663945,,,,
2025-07-31,Drift,,16468.299100999982,,16468.299100999982,,-18738.595812999993,,-18738.595812999993,,,,
2025-07-31,Flash Trade,,10252.94,,8772.7,,-2767.529999999999,,-2337.9699999999993,,4.0,,#63b512
2025-07-31,Pacifica,,6157.8426979692,,6157.8426979692,,692.283299912001,,692.283299912001,,1.0,,#545cf8
2025-07-31,GMTrade,,1596.793766542487,,1117.7554911624643,,1193.8651094952593,,835.7056490930141,,2.0,,#f79009
2025-07-30,Total,1735568.0124726333,,472433.2140300088,,814683.8777599987,,215804.18505826397,,1.0,,#545cf8,
2025-07-30,Jupiter,,1681472.1595035288,,420368.0398758822,,798153.3371069015,,199538.33427672536,,,,
2025-07-30,Drift,,35206.894913999975,,35206.894913999975,,15614.700310999975,,15614.700310999975,,,,
2025-07-30,Flash Trade,,13020.47,,11110.67,,327.35999999999876,,63.94999999999891,,4.0,,#63b512
2025-07-30,Pacifica,,5465.559398057199,,5465.559398057199,,584.2145278112002,,584.2145278112002,,1.0,,#545cf8
2025-07-30,GMTrade,,402.9286570472276,,282.04984206945016,,4.265814286047885,,2.9859427274479913,,2.0,,#f79009
2025-07-29,Total,920884.1347126346,,256629.02897174485,,-399636.81294983905,,-113046.45892561958,,1.0,,#545cf8,
2025-07-29,Jupiter,,883318.8223966274,,220829.70559915685,,-381466.4358923291,,-95366.60897308227,,,,
2025-07-29,Drift,,19592.194603,,19592.194603,,-17086.629247000008,,-17086.629247000008,,,,
2025-07-29,Flash Trade,,12693.11,,11046.720000000001,,-1612.25,,-1242.8599999999988,,4.0,,#63b512
2025-07-29,Pacifica,,4881.344870245999,,4881.344870245999,,932.2925373247986,,932.2925373247986,,1.0,,#545cf8
2025-07-29,GMTrade,,398.6628427611797,,279.0638993420022,,-403.7903478348562,,-282.65324286207965,,2.0,,#f79009
2025-07-28,Total,1320520.9476624737,,369675.4878973644,,637101.9911023128,,188854.1878613217,,1.0,,#545cf8,
2025-07-28,Jupiter,,1264785.2582889565,,316196.3145722391,,595580.3497123285,,148895.08742808213,,,,
2025-07-28,Drift,,36678.82385000001,,36678.82385000001,,30020.70464699994,,30020.70464699994,,,,
2025-07-28,Flash Trade,,14305.36,,12289.58,,9890.77,,8499.279999999999,,4.0,,#63b512
2025-07-28,Pacifica,,3949.0523329212006,,3949.0523329212006,,1039.9969369216005,,1039.9969369216005,,1.0,,#545cf8
2025-07-28,GMTrade,,802.4531905960359,,561.7171422040818,,570.169806062745,,399.1188493180315,,2.0,,#f79009
2025-07-27,Total,683418.9565601608,,180821.30003604272,,388982.1280354753,,98386.59019970645,,1.0,,#545cf8,
2025-07-27,Jupiter,,669204.908576628,,167301.227144157,,387951.91772692575,,96987.97943173144,,,,
2025-07-27,Drift,,6658.1192030000675,,6658.1192030000675,,2137.588475000043,,2137.588475000043,,,,
2025-07-27,Flash Trade,,4414.59,,3790.3,,-942.6199999999999,,-794.6599999999999,,4.0,,#63b512
2025-07-27,Pacifica,,2909.0553959996,,2909.0553959996,,570.0431332554003,,570.0431332554003,,1.0,,#545cf8
2025-07-27,GMTrade,,232.28338453329087,,162.59829288605036,,-734.8012997058311,,-514.3608402804479,,2.0,,#f79009
2025-07-26,Total,294436.8285246855,,82434.70983633627,,-1454679.0357494701,,-399066.84506458434,,1.0,,#545cf8,
2025-07-26,Jupiter,,281252.9908497022,,70313.24771242555,,-1406925.5189580095,,-351731.3797395024,,,,
2025-07-26,Flash Trade,,5357.21,,4584.96,,-4424.38,,-3811.29,,4.0,,#63b512
2025-07-26,Drift,,4520.530728000024,,4520.530728000024,,-42795.53735299994,,-42795.53735299994,,,,
2025-07-26,Pacifica,,2339.0122627441997,,2339.0122627441997,,-1183.7277118505995,,-1183.7277118505995,,1.0,,#545cf8
2025-07-26,GMTrade,,967.0846842391219,,676.9591331664982,,650.1282733900773,,455.08973976855395,,2.0,,#f79009
2025-07-25,Total,1749115.8642741556,,481501.5549009206,,407508.3451861602,,113572.18642160215,,1.0,,#545cf8,
2025-07-25,Jupiter,,1688178.5098077117,,422044.6274519279,,392807.9436697888,,98201.9859174472,,,,
2025-07-25,Drift,,47316.06808099997,,47316.06808099997,,15351.291611999979,,15351.291611999979,,,,
2025-07-25,Flash Trade,,9781.59,,8396.25,,2183.99,,1882.9700000000003,,4.0,,#63b512
2025-07-25,Pacifica,,3522.739974594799,,3522.739974594799,,401.17151961339914,,401.17151961339914,,1.0,,#545cf8
2025-07-25,GMTrade,,316.9564108490445,,221.8693933979442,,-3236.051615242228,,-2265.2326274584216,,2.0,,#f79009
2025-07-24,Total,1341607.5190879954,,367929.36847931845,,-939474.3490829691,,-256362.86298720934,,1.0,,#545cf8,
2025-07-24,Jupiter,,1295370.566137923,,323842.64153448073,,-904761.3949066438,,-226190.34872666094,,,,
2025-07-24,Drift,,31964.77646899999,,31964.77646899999,,-11890.984186999995,,-11890.984186999995,,,,
2025-07-24,Flash Trade,,7597.6,,6513.28,,-13682.85,,-11866.690000000002,,4.0,,#63b512
2025-07-24,Pacifica,,3121.5684549814,,3121.5684549814,,-58.18582249780002,,-58.18582249780002,,1.0,,#545cf8
2025-07-24,GMTrade,,3553.0080260912723,,2487.102020856366,,-9080.934166827134,,-6356.654251050539,,2.0,,#f79009
2025-07-23,Total,2281081.8681709645,,624292.2314665278,,223965.43171931943,,82714.58040386008,,1.0,,#545cf8,
2025-07-23,Jupiter,,2200131.9610445667,,550032.9902611417,,183231.8258833997,,45807.956470849924,,,,
2025-07-23,Drift,,43855.760655999984,,43855.760655999984,,24346.667403999898,,24346.667403999898,,,,
2025-07-23,Flash Trade,,21280.45,,18379.97,,5888.980000000001,,5187.800000000001,,4.0,,#63b512
2025-07-23,GMTrade,,12633.942192918406,,8843.756271906905,,10419.329785448563,,7293.527882538995,,2.0,,#f79009
2025-07-23,Pacifica,,3179.7542774792,,3179.7542774792,,78.62864647120023,,78.62864647120023,,1.0,,#545cf8
2025-07-22,Total,2057116.436451645,,541577.6510626677,,-10037.08859695075,,-5267.264262902783,,1.0,,#545cf8,
2025-07-22,Jupiter,,2016900.135161167,,504225.03379029175,,-4456.9667987632565,,-1114.2416996908141,,,,
2025-07-22,Drift,,19509.093252000086,,19509.093252000086,,-1350.933395999964,,-1350.933395999964,,,,
2025-07-22,Flash Trade,,15391.47,,13192.17,,-1944.9899999999998,,-1636.7799999999988,,4.0,,#63b512
2025-07-22,Pacifica,,3101.125631008,,3101.125631008,,1445.43154677,,1445.43154677,,1.0,,#545cf8
2025-07-22,GMTrade,,2214.6124074698437,,1550.2283893679094,,-3729.6299489576577,,-2610.7407139819325,,2.0,,#f79009
2025-07-21,Total,2067153.5250485959,,546844.9153255705,,1122418.6275946745,,295051.67569977907,,1.0,,#545cf8,
2025-07-21,Jupiter,,2021357.1019599303,,505339.27548998257,,1099089.6657735582,,274772.41644338955,,,,
2025-07-21,Drift,,20860.02664800005,,20860.02664800005,,9722.418322000052,,9722.418322000052,,,,
2025-07-21,Flash Trade,,17336.46,,14828.949999999999,,8978.699999999999,,7646.379999999998,,4.0,,#63b512
2025-07-21,GMTrade,,5944.242356427501,,4160.969103349842,,5724.610009646126,,4007.2274449192482,,2.0,,#f79009
2025-07-21,Pacifica,,1655.6940842379997,,1655.6940842379997,,-1096.7665105298004,,-1096.7665105298004,,1.0,,#545cf8
2025-07-20,Total,944734.8974539213,,251793.2396257914,,326999.47663795913,,89891.49974741021,,1.0,,#545cf8,
2025-07-20,Jupiter,,922267.4361863721,,230566.85904659302,,315399.4189687455,,78849.85474218638,,,,
2025-07-20,Drift,,11137.608325999998,,11137.608325999998,,7542.1113549999955,,7542.1113549999955,,,,
2025-07-20,Flash Trade,,8357.76,,7182.570000000001,,4413.98,,3791.5300000000007,,4.0,,#63b512
2025-07-20,Pacifica,,2752.4605947678,,2752.4605947678,,-142.57983773819979,,-142.57983773819979,,1.0,,#545cf8
2025-07-20,GMTrade,,219.632346781375,,153.7416584305936,,-213.45384804824246,,-149.41651203796073,,2.0,,#f79009
2025-07-19,Total,617735.4208159621,,161901.7398783812,,-1093660.7536589291,,-319464.3292508191,,1.0,,#545cf8,
2025-07-19,Jupiter,,606868.0172176266,,151717.00430440664,,-1029687.264251787,,-257421.81606294675,,,,
2025-07-19,Drift,,3595.496971000002,,3595.496971000002,,-49827.12723400009,,-49827.12723400009,,,,
2025-07-19,Flash Trade,,3943.78,,3391.04,,-12579.81,,-10804.27,,4.0,,#63b512
2025-07-19,Pacifica,,2895.040432506,,2895.040432506,,-1048.4250360703995,,-1048.4250360703995,,1.0,,#545cf8
2025-07-19,GMTrade,,433.08619482961745,,303.1581704685543,,-518.1271370716775,,-362.6909178018757,,2.0,,#f79009
2025-07-18,Total,1711396.1744748913,,481366.0691292003,,442566.45454005734,,142323.51356733125,,1.0,,#545cf8,
2025-07-18,Jupiter,,1636555.2814694135,,409138.8203673534,,400215.6941053618,,100053.92352634046,,,,
2025-07-18,Drift,,53422.62420500009,,53422.62420500009,,40077.76779700009,,40077.76779700009,,,,
2025-07-18,Flash Trade,,16523.59,,14195.310000000001,,616.0499999999993,,542.8000000000011,,4.0,,#63b512
2025-07-18,Pacifica,,3943.4654685763994,,3943.4654685763994,,1630.5411753429994,,1630.5411753429994,,1.0,,#545cf8
2025-07-18,GMTrade,,951.213331901295,,665.84908827043,,26.401462352285876,,18.48106864769329,,2.0,,#f79009
2025-07-17,Total,1268829.719934834,,339042.55556186906,,861843.0903815682,,220995.6980792551,,1.0,,#545cf8,
2025-07-17,Jupiter,,1236339.5873640517,,309084.89684101293,,853254.4504691896,,213313.6126172974,,,,
2025-07-17,Flash Trade,,15907.54,,13652.51,,5504.970000000001,,4719.610000000001,,4.0,,#63b512
2025-07-17,Drift,,13344.856407999998,,13344.856407999998,,5515.630288999985,,5515.630288999985,,,,
2025-07-17,Pacifica,,2312.9242932334,,2312.9242932334,,-2835.9414393336,,-2835.9414393336,,1.0,,#545cf8
2025-07-17,GMTrade,,924.8118695490091,,647.3680196227367,,403.9810627123949,,282.78661229132507,,2.0,,#f79009
2025-07-16,Total,406986.62955326575,,118046.85748261397,,-722443.7668885948,,-208136.5574424905,,1.0,,#545cf8,
2025-07-16,Jupiter,,383085.13689486217,,95771.28422371554,,-684997.7573489402,,-171249.43933723506,,,,
2025-07-16,Flash Trade,,10402.57,,8932.9,,-3513.710000000001,,-3011.9300000000003,,4.0,,#63b512
2025-07-16,Drift,,7829.226119000013,,7829.226119000013,,-32902.074874,,-32902.074874,,,,
2025-07-16,Pacifica,,5148.865732567,,5148.865732567,,-839.8538204382003,,-839.8538204382003,,1.0,,#545cf8
2025-07-16,GMTrade,,520.8308068366142,,364.58140733141164,,-190.3708452163038,,-133.25941081726808,,2.0,,#f79009
2025-07-15,Total,1129430.3964418606,,326183.4149251045,,-218721.56735862838,,-27869.59959655517,,1.0,,#545cf8,
2025-07-15,Jupiter,,1068082.8942438024,,267020.7235609506,,-255002.19056331832,,-63750.54764082958,,,,
2025-07-15,Drift,,40731.30099300001,,40731.30099300001,,31392.885864000018,,31392.885864000018,,,,
2025-07-15,Flash Trade,,13916.28,,11944.83,,2764.3100000000013,,2367.8099999999995,,4.0,,#63b512
2025-07-15,Pacifica,,5988.7195530052,,5988.7195530052,,2112.8420831771996,,2112.8420831771996,,1.0,,#545cf8
2025-07-15,GMTrade,,711.201652052918,,497.8408181486797,,10.585257512451562,,7.410097097205153,,2.0,,#f79009
2025-07-14,Total,1348151.963800489,,354053.01452165964,,805533.6032878471,,207182.1907872641,,1.0,,#545cf8,
2025-07-14,Jupiter,,1323085.0848071207,,330771.2712017802,,796354.8309726377,,199088.70774315944,,,,
2025-07-14,Flash Trade,,11151.97,,9577.02,,7982.439999999999,,6852.800000000001,,4.0,,#63b512
2025-07-14,Drift,,9338.415128999992,,9338.415128999992,,1184.7103399999905,,1184.7103399999905,,,,
2025-07-14,Pacifica,,3875.877469828001,,3875.877469828001,,159.45657084933418,,159.45657084933418,,1.0,,#545cf8
2025-07-14,GMTrade,,700.6163945404664,,490.43072105147456,,-147.834595639697,,-103.4838667446682,,2.0,,#f79009
2025-07-13,Total,542618.3605126418,,146870.82373439556,,74756.11127967178,,3670.4715581374185,,1.0,,#545cf8,
2025-07-13,Jupiter,,526730.253834483,,131682.56345862075,,107568.47844545735,,26892.11961136434,,,,
2025-07-13,Drift,,8153.704789000001,,8153.704789000001,,-1079.9596589999983,,-1079.9596589999983,,,,
2025-07-13,Pacifica,,3716.4208989786666,,3716.4208989786666,,1061.7474755626663,,1061.7474755626663,,1.0,,#545cf8
2025-07-13,Flash Trade,,3169.53,,2724.22,,-1357.1299999999997,,-1197.52,,4.0,,#63b512
2025-07-13,GMTrade,,848.4509901801634,,593.9145877961428,,-31437.024982348285,,-22005.915869789562,,2.0,,#f79009
2025-07-12,Total,467862.24923297006,,143200.35217625814,,-847522.4847995163,,-211684.33813552532,,1.0,,#545cf8,
2025-07-12,Jupiter,,419161.7753890256,,104790.4438472564,,-852993.3566103401,,-213248.33915258502,,,,
2025-07-12,GMTrade,,32285.47597252845,,22599.830457585704,,17346.035012414515,,12142.22421865036,,2.0,,#f79009
2025-07-12,Drift,,9233.664448,,9233.664448,,-2186.8250600000047,,-2186.8250600000047,,,,
2025-07-12,Flash Trade,,4526.66,,3921.74,,-8785.72,,-7488.779999999999,,4.0,,#63b512
2025-07-12,Pacifica,,2654.6734234160003,,2654.6734234160003,,-902.6181415906667,,-902.6181415906667,,1.0,,#545cf8
2025-07-11,Total,1315384.7340324863,,354884.69031178346,,101649.13885990158,,32647.367235347396,,1.0,,#545cf8,
2025-07-11,Jupiter,,1272155.1319993658,,318038.78299984144,,85771.85110251512,,21442.96277562878,,,,
2025-07-11,Drift,,11420.489508000004,,11420.489508000004,,-733.3095589999994,,-733.3095589999994,,,,
2025-07-11,Flash Trade,,13312.38,,11410.519999999999,,2392.1899999999987,,2024.4799999999977,,4.0,,#63b512
2025-07-11,GMTrade,,14939.440960113934,,10457.606238935343,,14350.570079421877,,10045.396781753956,,2.0,,#f79009
2025-07-11,Pacifica,,3557.291565006667,,3557.291565006667,,-132.16276303533277,,-132.16276303533277,,1.0,,#545cf8
2025-07-10,Total,1213735.5951725848,,322237.32307643606,,327812.22985950473,,87068.01972476771,,1.0,,#545cf8,
2025-07-10,Jupiter,,1186383.2808968506,,296595.82022421266,,321235.16093122086,,80308.79023280522,,,,
2025-07-10,Drift,,12153.799067000004,,12153.799067000004,,6875.278205000001,,6875.278205000001,,,,
2025-07-10,Flash Trade,,10920.19,,9386.04,,-758.2099999999991,,-563.6399999999994,,4.0,,#63b512
2025-07-10,Pacifica,,3689.454328042,,3689.454328042,,418.6351470793329,,418.6351470793329,,1.0,,#545cf8
2025-07-10,GMTrade,,588.8708806920564,,412.20945718138637,,41.36557620447877,,28.95613988314784,,2.0,,#f79009
2025-07-09,Total,885923.36531308,,235169.30335166835,,279526.48204649787,,76359.68085659039,,1.0,,#545cf8,
2025-07-09,Jupiter,,865148.1199656298,,216287.02999140744,,270541.1851591158,,67635.29628977895,,,,
2025-07-09,Flash Trade,,11678.4,,9949.68,,7915.889999999999,,6706.62,,4.0,,#63b512
2025-07-09,Drift,,5278.520862000002,,5278.520862000002,,2641.244142000001,,2641.244142000001,,,,
2025-07-09,Pacifica,,3270.819180962667,,3270.819180962667,,1589.3555494213338,,1589.3555494213338,,1.0,,#545cf8
2025-07-09,GMTrade,,547.5053044875776,,383.2533172982385,,-3161.1928040393213,,-2212.835124609897,,2.0,,#f79009
2025-07-08,Total,606396.8832665822,,158809.62249507796,,209661.83793753362,,46950.375028096794,,1.0,,#545cf8,
2025-07-08,Jupiter,,594606.934806514,,148651.7337016285,,216866.2120711861,,54216.55301779653,,,,
2025-07-08,Flash Trade,,3762.51,,3243.0600000000004,,-687.3800000000001,,-595.7199999999998,,4.0,,#63b512
2025-07-08,Drift,,2637.276720000001,,2637.276720000001,,-6014.196919,,-6014.196919,,,,
2025-07-08,GMTrade,,3708.698108526899,,2596.0884419081353,,511.551820840923,,358.08796479361126,,2.0,,#f79009
2025-07-08,Pacifica,,1681.4636315413331,,1681.4636315413331,,-1014.3490354933338,,-1014.3490354933338,,1.0,,#545cf8
2025-07-07,Total,396735.04532904853,,111859.24746698116,,255158.56524127687,,52435.88640121616,,1.0,,#545cf8,
2025-07-07,Jupiter,,377740.72273532784,,94435.18068383196,,268980.1077645768,,67245.0269411442,,,,
2025-07-07,Drift,,8651.473639000002,,8651.473639000002,,-18743.07913099999,,-18743.07913099999,,,,
2025-07-07,Flash Trade,,4449.89,,3838.78,,1784.8700000000003,,1538.1400000000003,,4.0,,#63b512
2025-07-07,Pacifica,,2695.812667034667,,2695.812667034667,,667.1096973280003,,667.1096973280003,,1.0,,#545cf8
2025-07-07,GMTrade,,3197.146287685976,,2238.000477114524,,2469.5569103720336,,1728.6888937439383,,2.0,,#f79009
2025-07-06,Total,141576.48008777166,,59423.361065765006,,-70463.63807186022,,3765.160864531863,,1.0,,#545cf8,
2025-07-06,Drift,,27394.552769999995,,27394.552769999995,,26296.243120999996,,26296.243120999996,,,,
2025-07-06,Jupiter,,108760.61497075103,,27190.15374268776,,-99273.52729438154,,-24818.381823595384,,,,
2025-07-06,Flash Trade,,2665.02,,2300.64,,216.32999999999993,,188.61000000000013,,4.0,,#63b512
2025-07-06,Pacifica,,2028.7029697066666,,2028.7029697066666,,1635.2296832666666,,1635.2296832666666,,1.0,,#545cf8
2025-07-06,GMTrade,,727.5893773139424,,509.31158337058577,,662.0864182546542,,463.45988386058383,,2.0,,#f79009
2025-07-05,Total,212040.11815963188,,55658.20020123314,,-321027.24046936224,,-86174.12440216076,,1.0,,#545cf8,
2025-07-05,Jupiter,,208034.14226513257,,52008.53556628314,,-311952.61716079275,,-77988.15429019819,,,,
2025-07-05,Flash Trade,,2448.69,,2112.0299999999997,,-3101.1699999999996,,-2665.38,,4.0,,#63b512
2025-07-05,Drift,,1098.3096490000005,,1098.3096490000005,,-3595.866189999999,,-3595.866189999999,,,,
2025-07-05,Pacifica,,393.47328644000004,,393.47328644000004,,-868.0474543440002,,-868.0474543440002,,1.0,,#545cf8
2025-07-05,GMTrade,,65.5029590592882,,45.85169951000194,,-1509.5396642254561,,-1056.6764676185537,,2.0,,#f79009
2025-07-04,Total,533067.3586289941,,141832.3246033939,,-345556.8642755352,,-86707.30488842362,,1.0,,#545cf8,
2025-07-04,Jupiter,,519986.7594259253,,129996.68985648133,,-345016.43383618305,,-86254.10845904576,,,,
2025-07-04,Flash Trade,,5549.86,,4777.41,,-2490.7200000000003,,-2118.92,,4.0,,#63b512
2025-07-04,Drift,,4694.1758389999995,,4694.1758389999995,,1057.6500050000004,,1057.6500050000004,,,,
2025-07-04,Pacifica,,1261.5207407840003,,1261.5207407840003,,-55.909654423999655,,-55.909654423999655,,1.0,,#545cf8
2025-07-04,GMTrade,,1575.0426232847444,,1102.5281671285557,,948.5492100717571,,663.9832200461162,,2.0,,#f79009
2025-07-03,Total,878624.2229045293,,228539.62949181753,,-746061.2842470353,,-186260.61211937256,,1.0,,#545cf8,
2025-07-03,Jupiter,,865003.1932621084,,216250.7983155271,,-746381.8238432363,,-186595.45596080908,,,,
2025-07-03,Flash Trade,,8040.58,,6896.33,,-415.15999999999985,,-354.5799999999999,,4.0,,#63b512
2025-07-03,Drift,,3636.525833999999,,3636.525833999999,,283.77958899999976,,283.77958899999976,,,,
2025-07-03,Pacifica,,1317.430395208,,1317.430395208,,297.66853057599985,,297.66853057599985,,1.0,,#545cf8
2025-07-03,GMTrade,,626.4934132129873,,438.5449470824394,,154.2514766249484,,107.9757218605381,,2.0,,#f79009
2025-07-02,Total,1624685.5071515646,,414800.2416111901,,993950.0627201003,,245095.50649538674,,1.0,,#545cf8,
2025-07-02,Jupiter,,1611385.0171053447,,402846.25427633617,,999111.2091766904,,249777.8022941726,,,,
2025-07-02,Flash Trade,,8455.74,,7250.91,,2180.5199999999995,,1860.4099999999999,,4.0,,#63b512
2025-07-02,Drift,,3352.7462449999994,,3352.7462449999994,,-3607.3575349999956,,-3607.3575349999956,,,,
2025-07-02,Pacifica,,1019.7618646320001,,1019.7618646320001,,-1071.1088160639997,,-1071.1088160639997,,1.0,,#545cf8
2025-07-02,GMTrade,,472.2419365880389,,330.5692252219013,,-2663.200105526098,,-1864.239447721885,,2.0,,#f79009
2025-07-01,Total,630735.4444314643,,169704.73511580334,,-205362.92284726177,,-47409.675124793925,,1.0,,#545cf8,
2025-07-01,Jupiter,,612273.8079286542,,153068.45198216356,,-211276.11230983783,,-52819.02807745946,,,,
2025-07-01,Drift,,6960.103779999995,,6960.103779999995,,3582.2472879999905,,3582.2472879999905,,,,
2025-07-01,Flash Trade,,6275.22,,5390.5,,-1866.8199999999997,,-1578.92,,4.0,,#63b512
2025-07-01,GMTrade,,3135.442042114137,,2194.8086729437864,,2639.1193787841207,,1847.382868873542,,2.0,,#f79009
2025-07-01,Pacifica,,2090.870680696,,2090.870680696,,1558.642795792,,1558.642795792,,1.0,,#545cf8
2025-06-30,Total,836098.3672787261,,217114.41024059727,,409894.9339570737,,108060.56702640008,,1.0,,#545cf8,
2025-06-30,Jupiter,,823549.9202384921,,205887.48005962302,,401178.0494675586,,100294.51236688966,,,,
2025-06-30,Flash Trade,,8142.04,,6969.42,,6361.87,,5446.99,,4.0,,#63b512
2025-06-30,Drift,,3377.8564920000044,,3377.8564920000044,,2203.727451000004,,2203.727451000004,,,,
2025-06-30,Pacifica,,532.227884904,,532.227884904,,31.45151365600003,,31.45151365600003,,1.0,,#545cf8
2025-06-30,GMTrade,,496.3226633300166,,347.42580407024434,,119.8355248591518,,83.8856948544094,,2.0,,#f79009
2025-06-29,Total,426203.43332165235,,109053.84321419719,,-69538.77344700776,,-17769.40482007852,,1.0,,#545cf8,
2025-06-29,Jupiter,,422371.87077093346,,105592.96769273336,,-68909.70112301892,,-17227.42528075473,,,,
2025-06-29,Flash Trade,,1780.17,,1522.4299999999998,,-837.31,,-718.98,,4.0,,#63b512
2025-06-29,Drift,,1174.1290410000006,,1174.1290410000006,,-207.86385300000074,,-207.86385300000074,,,,
2025-06-29,Pacifica,,500.776371248,,500.776371248,,311.9775243813333,,311.9775243813333,,1.0,,#545cf8
2025-06-29,GMTrade,,376.4871384708648,,263.54010921583495,,104.12400462979593,,72.88678929489794,,2.0,,#f79009
2025-06-28,Total,495742.2067686601,,126823.2480342757,,70385.50975017057,,14587.460647509375,,1.0,,#545cf8,
2025-06-28,Jupiter,,491281.5718939524,,122820.3929734881,,74414.18689563684,,18603.54672390921,,,,
2025-06-28,Flash Trade,,2617.48,,2241.41,,-376.42999999999984,,-325.28999999999996,,4.0,,#63b512
2025-06-28,Drift,,1381.9928940000013,,1381.9928940000013,,-3460.443573999996,,-3460.443573999996,,,,
2025-06-28,GMTrade,,272.3631338410689,,190.653319920937,,128.4957528990622,,89.94682196549094,,2.0,,#f79009
2025-06-28,Pacifica,,188.79884686666668,,188.79884686666668,,-320.2993243653333,,-320.2993243653333,,1.0,,#545cf8
2025-06-27,Total,425356.69701848953,,112235.78738676633,,251489.68211910615,,57743.39999844762,,1.0,,#545cf8,
2025-06-27,Jupiter,,416867.38499831554,,104216.84624957888,,258905.03234942493,,64726.25808735623,,,,
2025-06-27,Drift,,4842.436467999997,,4842.436467999997,,-3499.142317000006,,-3499.142317000006,,,,
2025-06-27,Flash Trade,,2993.91,,2566.7,,-2665.24,,-2289.7,,4.0,,#63b512
2025-06-27,Pacifica,,509.09817123199997,,509.09817123199997,,-1061.125270794667,,-1061.125270794667,,1.0,,#545cf8
2025-06-27,GMTrade,,143.86738094200666,,100.70649795544607,,-189.84264252407945,,-132.89050111394107,,2.0,,#f79009
2025-06-26,Total,173867.0148993834,,54492.38738831871,,-503851.9255354344,,-129825.8650203459,,1.0,,#545cf8,
2025-06-26,Jupiter,,157962.3526488906,,39490.58816222265,,-498473.32171251834,,-124618.33042812959,,,,
2025-06-26,Drift,,8341.578785000003,,8341.578785000003,,-6084.390135999964,,-6084.390135999964,,,,
2025-06-26,Flash Trade,,5659.15,,4856.4,,-299.1300000000001,,-200.96000000000095,,4.0,,#63b512
2025-06-26,Pacifica,,1570.2234420266668,,1570.2234420266668,,1247.9137321546668,,1247.9137321546668,,1.0,,#545cf8
2025-06-26,GMTrade,,333.7100234660861,,233.59699906938715,,-242.997419070781,,-170.0981883710379,,2.0,,#f79009
2025-06-25,Total,677718.9404348178,,184318.25240866462,,-157906.37968157115,,-29621.128156599676,,1.0,,#545cf8,
2025-06-25,Jupiter,,656435.6743614089,,164108.91859035223,,-171378.00039032078,,-42844.500097580196,,,,
2025-06-25,Drift,,14425.968920999967,,14425.968920999967,,12367.062243999966,,12367.062243999966,,,,
2025-06-25,Flash Trade,,5958.28,,5057.360000000001,,690.9799999999996,,588.2300000000005,,4.0,,#63b512
2025-06-25,GMTrade,,576.7074425368671,,403.69518744042506,,484.99590497622967,,339.49713720721337,,2.0,,#f79009
2025-06-25,Pacifica,,322.30970987200004,,322.30970987200004,,-71.41744022666671,,-71.41744022666671,,1.0,,#545cf8
2025-06-24,Total,835625.320116389,,213939.3805652643,,-584824.4612359504,,-151923.2643964585,,1.0,,#545cf8,
2025-06-24,Jupiter,,827813.6747517297,,206953.41868793243,,-576408.184053004,,-144102.046013251,,,,
2025-06-24,Flash Trade,,5267.3,,4469.13,,-3769.8100000000004,,-3224.55,,4.0,,#63b512
2025-06-24,Drift,,2058.9066770000013,,2058.9066770000013,,-4354.719258000001,,-4354.719258000001,,,,
2025-06-24,Pacifica,,393.72715009866675,,393.72715009866675,,-125.75198159199994,,-125.75198159199994,,1.0,,#545cf8
2025-06-24,GMTrade,,91.71153756063745,,64.19805023321169,,-165.9959433543226,,-116.19714361542466,,2.0,,#f79009
2025-06-23,Total,1420449.7813523393,,365862.6449617228,,-987046.1220327141,,-257349.86823995726,,1.0,,#545cf8,
2025-06-23,Jupiter,,1404221.8588047337,,351055.46470118343,,-973554.0079107771,,-243388.50197769428,,,,
2025-06-23,Flash Trade,,9037.11,,7693.68,,2888.7400000000007,,2453.21,,4.0,,#63b512
2025-06-23,Drift,,6413.625935000003,,6413.625935000003,,-15145.920721999984,,-15145.920721999984,,,,
2025-06-23,Pacifica,,519.4791316906667,,519.4791316906667,,-1347.3405196693334,,-1347.3405196693334,,1.0,,#545cf8
2025-06-23,GMTrade,,257.70748091496006,,180.39519384863635,,112.40711973268213,,78.68497940634025,,2.0,,#f79009
2025-06-22,Total,2407495.9033850534,,623212.51320168,,1296351.8498900784,,332453.04722806776,,1.0,,#545cf8,
2025-06-22,Jupiter,,2377775.866715511,,594443.9666788777,,1284500.4992513948,,321125.1248128487,,,,
2025-06-22,Drift,,21559.546656999988,,21559.546656999988,,7888.3740629999775,,7888.3740629999775,,,,
2025-06-22,Flash Trade,,6148.37,,5240.47,,3586.7,,3061.15,,4.0,,#63b512
2025-06-22,Pacifica,,1866.81965136,,1866.81965136,,383.34602734500004,,383.34602734500004,,1.0,,#545cf8
2025-06-22,GMTrade,,145.30036118227792,,101.7102144422961,,-7.069451661578029,,-4.947675125954831,,2.0,,#f79009
2025-06-21,Total,1111144.053494975,,290759.46597361227,,-551636.848711537,,-143786.40211406,,1.0,,#545cf8,
2025-06-21,Jupiter,,1093275.367464116,,273318.841866029,,-542176.0186018411,,-135544.00465046027,,,,
2025-06-21,Drift,,13671.17259400001,,13671.17259400001,,-1613.3241249999683,,-1613.3241249999683,,,,
2025-06-21,Flash Trade,,2561.67,,2179.32,,-7384.799999999999,,-6289.67,,4.0,,#63b512
2025-06-21,Pacifica,,1483.473624015,,1483.473624015,,-51.69401615700008,,-51.69401615700008,,1.0,,#545cf8
2025-06-21,GMTrade,,152.36981284385595,,106.65788956825094,,-411.01196853891554,,-287.70932244274337,,2.0,,#f79009
2025-06-20,Total,1662780.902206512,,434545.8680876723,,1287034.6042056154,,335909.31431423634,,1.0,,#545cf8,
2025-06-20,Jupiter,,1635451.3860659571,,408862.8465164893,,1266777.1349612242,,316694.28374030604,,,,
2025-06-20,Drift,,15284.496718999979,,15284.496718999979,,12867.951484999978,,12867.951484999978,,,,
2025-06-20,Flash Trade,,9946.47,,8468.99,,6368.449999999999,,5423.84,,4.0,,#63b512
2025-06-20,Pacifica,,1535.1676401720001,,1535.1676401720001,,694.9722161520001,,694.9722161520001,,1.0,,#545cf8
2025-06-20,GMTrade,,563.3817813827715,,394.3672120109943,,326.0955432389459,,228.26687277826906,,2.0,,#f79009
2025-06-19,Total,375746.2980008967,,98636.55377343594,,-284735.6436794442,,-72916.47780840262,,1.0,,#545cf8,
2025-06-19,Jupiter,,368674.25110473286,,92168.56277618321,,-280369.6287575499,,-70092.40718938748,,,,
2025-06-19,Flash Trade,,3578.02,,3045.15,,-3124.18,,-1664.7999999999997,,4.0,,#63b512
2025-06-19,Drift,,2416.5452340000006,,2416.5452340000006,,-763.8130160000028,,-763.8130160000028,,,,
2025-06-19,Pacifica,,840.19542402,,840.19542402,,-202.8077348280001,,-202.8077348280001,,1.0,,#545cf8
2025-06-19,GMTrade,,237.28623814382559,,166.10033923272525,,-275.21417106632794,,-192.64986818712558,,2.0,,#f79009
2025-06-18,Total,660481.9416803409,,171553.03158183856,,-967820.1151085423,,-245854.7154243837,,1.0,,#545cf8,
2025-06-18,Jupiter,,649043.8798622828,,162260.9699655707,,-961924.9994614624,,-240481.2498653656,,,,
2025-06-18,Flash Trade,,6702.2,,4709.95,,-1911.5099999999993,,-1373.17,,4.0,,#63b512
2025-06-18,Drift,,3180.3582500000034,,3180.3582500000034,,-4554.861294999999,,-4554.861294999999,,,,
2025-06-18,Pacifica,,1043.003158848,,1043.003158848,,515.6227043760001,,515.6227043760001,,1.0,,#545cf8
2025-06-18,GMTrade,,512.5004092101535,,358.7502074198508,,55.632943544144325,,38.94303160583058,,2.0,,#f79009
2025-06-17,Total,1628302.0567888832,,417407.74700622226,,1339554.7512550922,,334265.2771549802,,1.0,,#545cf8,
2025-06-17,Jupiter,,1610968.8793237451,,402742.2198309363,,1339735.8968880826,,334933.97422202065,,,,
2025-06-17,Drift,,7735.219545000003,,7735.219545000003,,-1512.6932629999783,,-1512.6932629999783,,,,
2025-06-17,Flash Trade,,8613.71,,6083.12,,1268.7599999999993,,871.0199999999995,,4.0,,#63b512
2025-06-17,Pacifica,,527.380454472,,527.380454472,,-236.58379096800002,,-236.58379096800002,,1.0,,#545cf8
2025-06-17,GMTrade,,456.8674656660092,,319.80717581402024,,299.37142097755674,,209.55998692765638,,2.0,,#f79009
2025-06-16,Total,288747.305533791,,83142.469851242,,-233413.98474375863,,-50776.74968756974,,1.0,,#545cf8,
2025-06-16,Jupiter,,271232.9824356626,,67808.24560891565,,-245107.72092714754,,-61276.930231786886,,,,
2025-06-16,Drift,,9247.912807999981,,9247.912807999981,,7331.98627199998,,7331.98627199998,,,,
2025-06-16,Flash Trade,,7344.95,,5212.1,,4338.799999999999,,3091.6900000000005,,4.0,,#63b512
2025-06-16,Pacifica,,763.96424544,,763.96424544,,201.46435085000007,,201.46435085000007,,1.0,,#545cf8
2025-06-16,GMTrade,,157.49604468845246,,110.24718888636386,,-178.51443946105127,,-124.96007863284765,,2.0,,#f79009
2025-06-15,Total,522161.29027754965,,133919.21953881174,,98954.54637874878,,23899.308422659815,,1.0,,#545cf8,
2025-06-15,Jupiter,,516340.70336281013,,129085.17584070253,,100758.30908472353,,25189.577271180882,,,,
2025-06-15,Flash Trade,,3006.15,,2120.41,,-2020.6,,-1437.3400000000001,,4.0,,#63b512
2025-06-15,Drift,,1915.9265360000009,,1915.9265360000009,,-144.52585799999906,,-144.52585799999906,,,,
2025-06-15,Pacifica,,562.4998945899999,,562.4998945899999,,128.8094814499999,,128.8094814499999,,1.0,,#545cf8
2025-06-15,GMTrade,,336.0104841495037,,235.2072675192115,,232.55367057522042,,162.78752802893874,,2.0,,#f79009
2025-06-14,Total,423206.74389880087,,110019.91111615192,,-1327486.5541535674,,-364198.8609889506,,1.0,,#545cf8,
2025-06-14,Jupiter,,415582.3942780866,,103895.59856952165,,-1281783.9816948627,,-320445.9954237157,,,,
2025-06-14,Flash Trade,,5026.75,,3557.75,,-6235.530000000001,,-4431.6,,4.0,,#63b512
2025-06-14,Drift,,2060.452394,,2060.452394,,-38540.17355100002,,-38540.17355100002,,,,
2025-06-14,Pacifica,,433.69041314000003,,433.69041314000003,,-440.94620538000004,,-440.94620538000004,,1.0,,#545cf8
2025-06-14,GMTrade,,103.4568135742833,,72.41973949027278,,-485.92270232459134,,-340.1458088549072,,2.0,,#f79009
2025-06-13,Total,1750693.2980523682,,474218.77210510254,,602743.5986575149,,175579.73166883667,,1.0,,#545cf8,
2025-06-13,Jupiter,,1697366.3759729494,,424341.59399323736,,567707.2582773648,,141926.8145693412,,,,
2025-06-13,Drift,,40600.62594500002,,40600.62594500002,,30458.395806000022,,30458.395806000022,,,,
2025-06-13,Flash Trade,,11262.28,,7989.35,,4159.9800000000005,,2880.9000000000005,,4.0,,#63b512
2025-06-13,Pacifica,,874.6366185200001,,874.6366185200001,,70.15316367333332,,70.15316367333332,,1.0,,#545cf8
2025-06-13,GMTrade,,589.3795158988746,,412.56554834518,,347.8114104769569,,243.46812982211065,,2.0,,#f79009
2025-06-12,Total,1147949.6993948533,,298639.0404362659,,-4143.845012157224,,-8221.429851336812,,1.0,,#545cf8,
2025-06-12,Jupiter,,1129659.1176955847,,282414.77942389617,,9988.473228993127,,2497.118307248282,,,,
2025-06-12,Drift,,10142.230138999998,,10142.230138999998,,-1958.0024089999952,,-1958.0024089999952,,,,
2025-06-12,Flash Trade,,7102.3,,5108.45,,-11473.59,,-8051.840000000001,,4.0,,#63b512
2025-06-12,Pacifica,,804.4834548466667,,804.4834548466667,,-727.3252594096668,,-727.3252594096668,,1.0,,#545cf8
2025-06-12,GMTrade,,241.5681054219177,,169.09741852306934,,26.599427259336437,,18.619509824577136,,2.0,,#f79009
2025-06-11,Total,1152093.5444070105,,306860.4702876027,,100202.01674079103,,27912.678583279194,,1.0,,#545cf8,
2025-06-11,Jupiter,,1119670.6444665915,,279917.6611166479,,92086.13060355547,,23021.53265088887,,,,
2025-06-11,Flash Trade,,18575.89,,13160.29,,10958.73,,7758.090000000001,,4.0,,#63b512
2025-06-11,Drift,,12100.232547999993,,12100.232547999993,,-3900.078822000005,,-3900.078822000005,,,,
2025-06-11,Pacifica,,1531.8087142563336,,1531.8087142563336,,976.8978833386669,,976.8978833386669,,1.0,,#545cf8
2025-06-11,GMTrade,,214.96867816258126,,150.4779086984922,,80.3370758969765,,56.236871051686464,,2.0,,#f79009
2025-06-10,Total,1051891.5276662195,,278947.7917043235,,350953.43595376227,,97265.05816324995,,1.0,,#545cf8,
2025-06-10,Jupiter,,1027584.5138630361,,256896.12846575901,,337886.5379594327,,84471.63448985817,,,,
2025-06-10,Drift,,16000.311369999998,,16000.311369999998,,11599.367913999995,,11599.367913999995,,,,
2025-06-10,Flash Trade,,7617.16,,5402.2,,942.4300000000003,,660.2399999999998,,4.0,,#63b512
2025-06-10,Pacifica,,554.9108309176667,,554.9108309176667,,554.1524334316666,,554.1524334316666,,1.0,,#545cf8
2025-06-10,GMTrade,,134.63160226560476,,94.24103764680574,,-29.052353102350736,,-20.336674039898455,,2.0,,#f79009
2025-06-09,Total,700938.0917124572,,181682.73354107354,,248093.6656521677,,62792.08615048842,,1.0,,#545cf8,
2025-06-09,Jupiter,,689697.9759036034,,172424.49397590084,,245548.50532512285,,61387.12633128071,,,,
2025-06-09,Flash Trade,,6674.73,,4741.96,,3812.6899999999996,,2661.07,,4.0,,#63b512
2025-06-09,Drift,,4400.943456000002,,4400.943456000002,,-1230.2196280000007,,-1230.2196280000007,,,,
2025-06-09,GMTrade,,163.6839553679555,,114.57771168670419,,-38.06844244108038,,-26.648950278276175,,2.0,,#f79009
2025-06-09,Pacifica,,0.758397486,,0.758397486,,,,,,1.0,,#545cf8
2025-06-08,Total,452844.42606028955,,118890.64739058512,,-59138.850755351305,,-13913.269286003211,,1.0,,#545cf8,
2025-06-08,Jupiter,,444149.4705784805,,111037.36764462013,,-59952.52825726906,,-14988.132064317266,,,,
2025-06-08,Drift,,5631.1630840000025,,5631.1630840000025,,1615.8604619999996,,1615.8604619999996,,,,
2025-06-08,Flash Trade,,2862.04,,2080.89,,-692.27,,-464.05999999999995,,4.0,,#63b512
2025-06-08,GMTrade,,201.75239780903587,,141.22666196498037,,-109.91296008225555,,-76.93768368594922,,2.0,,#f79009
2025-06-08,Pacifica,,,,,,,,,,1.0,,#545cf8
2025-06-07,Total,511983.27681564086,,132803.91667658833,,238598.7696598299,,58870.820133256144,,1.0,,#545cf8,
2025-06-07,Jupiter,,504101.9988357496,,126025.4997089374,,240943.8905460633,,60235.97263651583,,,,
2025-06-07,Drift,,4015.302622000003,,4015.302622000003,,1000.5848630000041,,1000.5848630000041,,,,
2025-06-07,Flash Trade,,3554.31,,2544.95,,-2242.44,,-1593.4499999999998,,4.0,,#63b512
2025-06-07,GMTrade,,311.6653578912914,,218.1643456509296,,-1103.2657492334024,,-772.2873662596894,,2.0,,#f79009
2025-06-07,Pacifica,,,,,,,,,,1.0,,#545cf8
2025-06-06,Total,273384.50715581095,,73933.09654333218,,-1518644.8934886064,,-400106.29317167634,,1.0,,#545cf8,
2025-06-06,Jupiter,,263158.10828968626,,65789.52707242157,,-1488591.7466338305,,-372147.9366584576,,,,
2025-06-06,Flash Trade,,5796.75,,4138.4,,-8167.82,,-5782.640000000001,,4.0,,#63b512
2025-06-06,Drift,,3014.7177589999988,,3014.7177589999988,,-22853.29249899999,,-22853.29249899999,,,,
2025-06-06,GMTrade,,1414.9311071246939,,990.451711910619,,967.965644224151,,677.5759857813027,,2.0,,#f79009
2025-06-06,Pacifica,,,,,,,,,,1.0,,#545cf8
2025-06-05,Total,1792029.4006444174,,474039.3897150085,,1258555.5102434524,,335637.4272673066,,1.0,,#545cf8,
2025-06-05,Jupiter,,1751749.8549235167,,437937.4637308792,,1227735.1036279353,,306933.7759069838,,,,
2025-06-05,Drift,,25868.010257999988,,25868.010257999988,,23577.422524999987,,23577.422524999987,,,,
2025-06-05,Flash Trade,,13964.57,,9921.04,,6937.7,,4912.530000000001,,4.0,,#63b512
2025-06-05,GMTrade,,446.9654629005429,,312.8757261293163,,305.2840905169012,,213.69883532276216,,2.0,,#f79009
2025-06-05,Pacifica,,,,,,,,,,1.0,,#545cf8
2025-06-04,Total,533473.890400965,,138401.9624477019,,-465872.05337880296,,-121138.6728752158,,1.0,,#545cf8,
2025-06-04,Jupiter,,524014.7512955814,,131003.68782389535,,-458081.16663795075,,-114520.29165948769,,,,
2025-06-04,Flash Trade,,7026.87,,5008.51,,-3546.1600000000008,,-2464.04,,4.0,,#63b512
2025-06-04,Drift,,2290.5877329999994,,2290.5877329999994,,-3942.868192999993,,-3942.868192999993,,,,
2025-06-04,GMTrade,,141.68137238364173,,99.17689080655416,,-301.2850811855178,,-210.89955606143505,,2.0,,#f79009
2025-06-04,Pacifica,,,,,,,,,,1.0,,#545cf8
2025-06-03,Total,999345.943779768,,259540.6353229177,,238408.36356726848,,64590.29421254317,,1.0,,#545cf8,
2025-06-03,Jupiter,,982095.9179335322,,245523.97948338304,,229455.04870620382,,57363.762176550954,,,,
2025-06-03,Flash Trade,,10573.03,,7472.55,,6008.340000000001,,4207.73,,4.0,,#63b512
2025-06-03,Drift,,6233.455925999992,,6233.455925999992,,3190.491996999993,,3190.491996999993,,,,
2025-06-03,GMTrade,,442.96645356915957,,310.0764468679892,,-246.0906026020288,,-172.26342767443793,,2.0,,#f79009
2025-06-03,Pacifica,,0.5734666666666667,,0.5734666666666667,,,,,,1.0,,#545cf8
2025-06-02,Total,760937.5802124995,,194950.34111037452,,224263.1578991264,,55070.088020308496,,1.0,,#545cf8,
2025-06-02,Jupiter,,752640.8692273283,,188160.21730683208,,225225.20313577494,,56306.300783943734,,,,
2025-06-02,Flash Trade,,4564.69,,3264.82,,452.9499999999998,,352.05999999999995,,4.0,,#63b512
2025-06-02,Drift,,3042.9639289999996,,3042.9639289999996,,-1992.5869610000063,,-1992.5869610000063,,,,
2025-06-02,GMTrade,,689.0570561711884,,482.33987454242714,,577.5917243515532,,404.314197364767,,2.0,,#f79009
2025-06-01,Total,536674.4223133731,,139880.25309006602,,-215091.76979975204,,-59329.77524832034,,1.0,,#545cf8,
2025-06-01,Jupiter,,527415.6660915534,,131853.91652288835,,-207047.79946204182,,-51761.949865510454,,,,
2025-06-01,Drift,,5035.550890000006,,5035.550890000006,,-6020.37054299999,,-6020.37054299999,,,,
2025-06-01,Flash Trade,,4111.74,,2912.76,,-1887.9499999999998,,-1452.5,,4.0,,#63b512
2025-06-01,GMTrade,,111.4653318196352,,78.02567717766016,,-135.64979471028252,,-94.9548398099015,,2.0,,#f79009
2025-05-31,Total,751766.1921131251,,199210.02833838636,,-688574.9276440075,,-191286.39686583655,,1.0,,#545cf8,
2025-05-31,Jupiter,,734463.4655535952,,183615.8663883988,,-660755.8852170794,,-165188.97130426986,,,,
2025-05-31,Drift,,11055.921432999996,,11055.921432999996,,-22441.926265000002,,-22441.926265000002,,,,
2025-05-31,Flash Trade,,5999.69,,4365.26,,-5229.660000000001,,-3552.2799999999997,,4.0,,#63b512
2025-05-31,GMTrade,,247.11512652991772,,172.98051698756166,,-147.45616192813694,,-103.21929656666953,,2.0,,#f79009
2025-05-30,Total,1440341.1197571326,,390496.4252042229,,385831.9950876809,,117088.83185401262,,1.0,,#545cf8,
2025-05-30,Jupiter,,1395219.3507706746,,348804.83769266866,,357915.1675275513,,89478.79188188782,,,,
2025-05-30,Drift,,33497.847698,,33497.847698,,26809.828608999993,,26809.828608999993,,,,
2025-05-30,Flash Trade,,11229.35,,7917.54,,1503.1400000000012,,1077.5100000000002,,4.0,,#63b512
2025-05-30,GMTrade,,394.57128845805465,,276.1998135542312,,-396.1410488702399,,-277.2986368752169,,2.0,,#f79009
2025-05-29,Total,1054509.1246694517,,273407.5933502103,,363450.17861193407,,89396.77083251922,,1.0,,#545cf8,
2025-05-29,Jupiter,,1037304.1832431233,,259326.04581078084,,364191.55165027187,,91047.88791256797,,,,
2025-05-29,Flash Trade,,9726.21,,6840.03,,3553.379999999999,,2656.6499999999996,,4.0,,#63b512
2025-05-29,Drift,,6688.019089000006,,6688.019089000006,,-4338.132937999998,,-4338.132937999998,,,,
2025-05-29,GMTrade,,790.7123373282946,,553.4984504294481,,43.3798996621199,,30.365857951260523,,2.0,,#f79009
2025-05-28,Total,691058.9460575177,,184010.82251769106,,410847.33773125143,,104316.76827634894,,1.0,,#545cf8,
2025-05-28,Jupiter,,673112.6315928515,,168278.15789821287,,409857.18049038266,,102464.29512259566,,,,
2025-05-28,Drift,,11026.152027000004,,11026.152027000004,,4414.850431000006,,4414.850431000006,,,,
2025-05-28,Flash Trade,,6172.83,,4183.38,,-3797.6399999999994,,-2823.4399999999996,,4.0,,#63b512
2025-05-28,GMTrade,,747.3324376661747,,523.1325924781876,,372.94680986877916,,261.0627227532648,,2.0,,#f79009
2025-05-27,Total,280211.6083262662,,79694.05424134212,,-297006.311541486,,-70674.3727643044,,1.0,,#545cf8,
2025-05-27,Jupiter,,263255.4511024688,,65813.8627756172,,-302942.3152686606,,-75735.57881716515,,,,
2025-05-27,Flash Trade,,9970.47,,7006.82,,4015.1499999999996,,2869.84,,4.0,,#63b512
2025-05-27,Drift,,6611.3015959999975,,6611.3015959999975,,2822.560414999998,,2822.560414999998,,,,
2025-05-27,GMTrade,,374.3856277973955,,262.0698697249228,,-901.7066878254473,,-631.1943621392348,,2.0,,#f79009
2025-05-26,Total,577217.9198677522,,150368.42700564652,,-85686.59499345557,,-33232.51246534646,,1.0,,#545cf8,
2025-05-26,Jupiter,,566197.7663711294,,141549.44159278236,,-71340.60510332056,,-17835.15127583014,,,,
2025-05-26,Flash Trade,,5955.32,,4136.98,,2324.87,,1578.9099999999994,,4.0,,#63b512
2025-05-26,Drift,,3788.7411809999994,,3788.7411809999994,,-17688.89641400001,,-17688.89641400001,,,,
2025-05-26,GMTrade,,1276.0923156228428,,893.2642318641576,,1018.0365238650147,,712.6252244836925,,2.0,,#f79009
2025-05-25,Total,662904.5148612078,,183600.93947099298,,138332.0738872121,,45934.82544561746,,1.0,,#545cf8,
2025-05-25,Jupiter,,637538.37147445,,159384.5928686125,,124128.4713782086,,31032.11784455215,,,,
2025-05-25,Drift,,21477.637595000007,,21477.637595000007,,16484.849422000007,,16484.849422000007,,,,
2025-05-25,Flash Trade,,3630.45,,2558.07,,-2267.2300000000005,,-1572.3299999999995,,4.0,,#63b512
2025-05-25,GMTrade,,258.055791757828,,180.63900738046516,,-14.016912996471603,,-9.811820934692975,,2.0,,#f79009
2025-05-24,Total,524572.4409739957,,137666.11402537551,,-1142430.5547552279,,-310184.21300736547,,1.0,,#545cf8,
2025-05-24,Jupiter,,513409.9000962414,,128352.47502406035,,-1103741.9976707906,,-275935.49941769766,,,,
2025-05-24,Drift,,4992.788173,,4992.788173,,-23822.352265999998,,-23822.352265999998,,,,
2025-05-24,Flash Trade,,5897.68,,4130.4,,-14376.259999999998,,-10083.4,,4.0,,#63b512
2025-05-24,GMTrade,,272.0727047542996,,190.45082831515813,,-489.9448184372517,,-342.9613236678257,,2.0,,#f79009
2025-05-23,Total,1667002.9957292236,,447850.327032741,,524100.0685438749,,151536.9269670443,,1.0,,#545cf8,
2025-05-23,Jupiter,,1617151.897767032,,404287.974441758,,492473.9662960258,,123118.49157400645,,,,
2025-05-23,Drift,,28815.140439,,28815.140439,,21072.750537999997,,21072.750537999997,,,,
2025-05-23,Flash Trade,,20273.94,,14213.8,,10834.789999999999,,7542.69,,4.0,,#63b512
2025-05-23,GMTrade,,762.0175231915513,,533.4121519829838,,-281.43829015087215,,-197.00514496214157,,2.0,,#f79009
2025-05-22,Total,1142902.9271853487,,296313.4000656967,,-278550.1062904678,,-79753.28156298137,,1.0,,#545cf8,
2025-05-22,Jupiter,,1124677.9314710062,,281169.48286775156,,-261834.63747016923,,-65458.65936754231,,,,
2025-05-22,Drift,,7742.389901000001,,7742.389901000001,,-8663.750314,,-8663.750314,,,,
2025-05-22,Flash Trade,,9439.15,,6671.11,,-8126.26,,-5683.05,,4.0,,#63b512
2025-05-22,GMTrade,,1043.4558133424234,,730.4172969451254,,74.54149370132336,,52.17811856095159,,2.0,,#f79009
2025-05-21,Total,1421453.0334758165,,376066.68162867805,,546204.049445074,,146395.90063889674,,1.0,,#545cf8,
2025-05-21,Jupiter,,1386512.5689411755,,346628.14223529387,,529869.7716425781,,132467.44291064452,,,,
2025-05-21,Drift,,16406.140215000003,,16406.140215000003,,8125.096795999998,,8125.096795999998,,,,
2025-05-21,Flash Trade,,17565.41,,12354.16,,7789.549999999999,,5509.62,,4.0,,#63b512
2025-05-21,GMTrade,,968.9143196411001,,678.2391783841738,,419.63100649604894,,293.74093225220537,,2.0,,#f79009
2025-05-20,Total,875248.9840307424,,229670.7809897813,,-151623.29398431606,,-54065.1037847891,,1.0,,#545cf8,
2025-05-20,Jupiter,,856642.7972985974,,214160.69932464935,,-131210.58728710946,,-32802.646821777365,,,,
2025-05-20,Drift,,8281.043419000005,,8281.043419000005,,-23184.890310000003,,-23184.890310000003,,,,
2025-05-20,Flash Trade,,9775.86,,6844.54,,3617.1800000000003,,2513.9300000000003,,4.0,,#63b512
2025-05-20,GMTrade,,549.2833131450511,,384.4982461319684,,-844.9963872065341,,-591.4966530117019,,2.0,,#f79009
2025-05-19,Total,1026872.2780150585,,283735.8847745704,,156700.15514866263,,58202.65587017825,,1.0,,#545cf8,
2025-05-19,Jupiter,,987853.3845857069,,246963.34614642672,,130651.74137691513,,32662.935344228783,,,,
2025-05-19,Drift,,31465.933729000008,,31465.933729000008,,24337.765596000012,,24337.765596000012,,,,
2025-05-19,Flash Trade,,6158.68,,4330.61,,2165.4400000000005,,1520.3099999999995,,4.0,,#63b512
2025-05-19,GMTrade,,1394.2797003515852,,975.9948991436703,,-454.7918242525791,,-318.3550700505672,,2.0,,#f79009
2025-05-18,Total,870172.1228663959,,225533.22890439216,,540176.662957543,,138123.70888471516,,1.0,,#545cf8,
2025-05-18,Jupiter,,857201.6432087917,,214300.41080219793,,534561.6092182287,,133640.40230455718,,,,
2025-05-18,Drift,,7128.168132999997,,7128.168132999997,,1840.7866449999938,,1840.7866449999938,,,,
2025-05-18,Flash Trade,,3993.24,,2810.3,,2477.3099999999995,,1734.65,,4.0,,#63b512
2025-05-18,GMTrade,,1849.0715246041643,,1294.3499691942375,,1296.957094314305,,907.8699351580103,,2.0,,#f79009
2025-05-17,Total,329995.4599088529,,87409.52001967699,,-253964.70266115008,,-70790.87067227364,,1.0,,#545cf8,
2025-05-17,Jupiter,,322640.033990563,,80660.00849764075,,-241728.2776328068,,-60432.0694082017,,,,
2025-05-17,Drift,,5287.381488000004,,5287.381488000004,,-5969.805269999982,,-5969.805269999982,,,,
2025-05-17,Flash Trade,,1515.93,,1075.65,,-5222.91,,-3658.4,,4.0,,#63b512
2025-05-17,GMTrade,,552.1144302898592,,386.4800340362271,,-1043.709758343304,,-730.5959940719504,,2.0,,#f79009
2025-05-16,Total,583960.162570003,,158200.39069195063,,-498773.4461498833,,-140418.7721970321,,1.0,,#545cf8,
2025-05-16,Jupiter,,564368.3116233698,,141092.07790584245,,-474239.0480419912,,-118559.7620104978,,,,
2025-05-16,Drift,,11257.186757999985,,11257.186757999985,,-15397.732395000017,,-15397.732395000017,,,,
2025-05-16,Flash Trade,,6738.84,,4734.05,,-9180.869999999999,,-6492.22,,4.0,,#63b512
2025-05-16,GMTrade,,1595.8241886331632,,1117.0760281081775,,44.20428710791475,,30.942208465683734,,2.0,,#f79009
2025-05-15,Total,1082733.6087198863,,298619.16288898274,,217227.99000090605,,67945.59871687306,,1.0,,#545cf8,
2025-05-15,Jupiter,,1038607.359665361,,259651.83991634025,,196235.5767515452,,49058.8941878863,,,,
2025-05-15,Drift,,26654.919153000003,,26654.919153000003,,13980.610901000002,,13980.610901000002,,,,
2025-05-15,Flash Trade,,15919.71,,11226.27,,6393.74,,4473.450000000001,,4.0,,#63b512
2025-05-15,GMTrade,,1551.6199015252485,,1086.1338196424938,,618.0623483608812,,432.6436279867619,,2.0,,#f79009
2025-05-14,Total,865505.6187189802,,230673.56417210968,,-394306.9489430435,,-103116.93493437112,,1.0,,#545cf8,
2025-05-14,Jupiter,,842371.7829138158,,210592.94572845395,,-386904.0552839566,,-96726.01382098914,,,,
2025-05-14,Drift,,12674.308252,,12674.308252,,-3553.500866000004,,-3553.500866000004,,,,
2025-05-14,Flash Trade,,9525.97,,6752.82,,-4188.02,,-3074.460000000001,,4.0,,#63b512
2025-05-14,GMTrade,,933.5575531643673,,653.4901916557319,,338.6272069131678,,237.0397526180147,,2.0,,#f79009
2025-05-13,Total,1259812.5676620237,,333790.4991064808,,-349616.40529802744,,-86071.87389961537,,1.0,,#545cf8,
2025-05-13,Jupiter,,1229275.8381977724,,307318.9595494431,,-351522.47135952394,,-87880.61783988099,,,,
2025-05-13,Drift,,16227.809118000005,,16227.809118000005,,687.8313049999997,,687.8313049999997,,,,
2025-05-13,Flash Trade,,13713.99,,9827.28,,1804.7299999999996,,1531.460000000001,,4.0,,#63b512
2025-05-13,GMTrade,,594.9303462511995,,416.4504390377172,,-586.4952435036499,,-410.547364734351,,2.0,,#f79009
2025-05-12,Total,1609428.9729600511,,419862.37300609617,,548903.1101646062,,143261.31359172805,,1.0,,#545cf8,
2025-05-12,Jupiter,,1580798.3095572963,,395199.5773893241,,539194.6294059495,,134798.65735148737,,,,
2025-05-12,Drift,,15539.977813000005,,15539.977813000005,,6042.032369000008,,6042.032369000008,,,,
2025-05-12,Flash Trade,,11909.26,,8295.82,,4659.900000000001,,3116.04,,4.0,,#63b512
2025-05-12,GMTrade,,1181.4255897548494,,826.9978037720682,,-993.4516103432486,,-695.416128759377,,2.0,,#f79009
2025-05-11,Total,1060525.862795445,,276601.0594143681,,343690.16834803973,,77182.41457239172,,1.0,,#545cf8,
2025-05-11,Jupiter,,1041603.6801513468,,260400.9200378367,,358333.14658642537,,89583.28664660634,,,,
2025-05-11,Drift,,9497.945443999997,,9497.945443999997,,-6841.887984999998,,-6841.887984999998,,,,
2025-05-11,Flash Trade,,7249.36,,5179.78,,-8850.77,,-6293.760000000001,,4.0,,#63b512
2025-05-11,GMTrade,,2174.877200098098,,1522.4139325314452,,1049.6797466143996,,734.7759107854102,,2.0,,#f79009
2025-05-10,Total,716835.6944474052,,199418.6448419764,,-771691.6228415384,,-189009.27297325124,,1.0,,#545cf8,
2025-05-10,Jupiter,,683270.5335649215,,170817.63339123037,,-777526.1706922727,,-194381.54267306818,,,,
2025-05-10,Drift,,16339.833428999995,,16339.833428999995,,4131.60702500001,,4131.60702500001,,,,
2025-05-10,Flash Trade,,16100.13,,11473.54,,1354.1799999999985,,996.5300000000007,,4.0,,#63b512
2025-05-10,GMTrade,,1125.1974534836984,,787.638021746035,,348.76082573418284,,244.13267481690434,,2.0,,#f79009
2025-05-09,Total,1488527.3172889436,,388427.91781522764,,13152.84663948929,,4683.8441065769875,,1.0,,#545cf8,
2025-05-09,Jupiter,,1460796.7042571942,,365199.17606429855,,9746.190292904386,,2436.5475732260966,,,,
2025-05-09,Drift,,12208.226403999985,,12208.226403999985,,-852.0017430000153,,-852.0017430000153,,,,
2025-05-09,Flash Trade,,14745.95,,10477.01,,5485.09,,3957.8,,4.0,,#63b512
2025-05-09,GMTrade,,776.4366277495155,,543.5053469291306,,-1226.4319104150593,,-858.501723649103,,2.0,,#f79009
2025-05-08,Total,1475374.4706494543,,383744.07370865066,,1196410.0623218804,,304630.5755235032,,1.0,,#545cf8,
2025-05-08,Jupiter,,1451050.5139642898,,362762.62849107245,,1188086.9608081123,,297021.7402020281,,,,
2025-05-08,Drift,,13060.228147,,13060.228147,,5961.743675000008,,5961.743675000008,,,,
2025-05-08,Flash Trade,,9260.86,,6519.21,,1015.3400000000001,,704.8800000000001,,4.0,,#63b512
2025-05-08,GMTrade,,2002.8685381645748,,1402.0070705782337,,1346.0178387679925,,942.2116464751064,,2.0,,#f79009
2025-05-07,Total,278964.40832757397,,79113.49818514747,,-465627.70355146687,,-113130.61891174296,,1.0,,#545cf8,
2025-05-07,Jupiter,,262963.5531561774,,65740.88828904435,,-470980.78956165107,,-117745.19739041277,,,,
2025-05-07,Drift,,7098.484471999992,,7098.484471999992,,2980.340899999991,,2980.340899999991,,,,
2025-05-07,Flash Trade,,8245.52,,5814.33,,2282.92,,1571.3599999999997,,4.0,,#63b512
2025-05-07,GMTrade,,656.8506993965824,,459.79542410312723,,89.825110184187,,62.87757866979911,,2.0,,#f79009
2025-05-06,Total,744592.1118790408,,192244.11709689043,,220971.59060809325,,56623.274825830915,,1.0,,#545cf8,
2025-05-06,Jupiter,,733944.3427178285,,183486.08567945712,,218619.71185719967,,54654.92796429992,,,,
2025-05-06,Flash Trade,,5962.6,,4242.97,,1450.0900000000001,,1070.1400000000003,,4.0,,#63b512
2025-05-06,Drift,,4118.143572000001,,4118.143572000001,,889.8490900000011,,889.8490900000011,,,,
2025-05-06,GMTrade,,567.0255892123954,,396.9178454333281,,11.939660893626979,,8.357771531001731,,2.0,,#f79009
2025-05-05,Total,523620.5212709476,,135620.84227105952,,148946.78163483203,,36082.606906810484,,1.0,,#545cf8,
2025-05-05,Jupiter,,515324.6308606288,,128831.1577151572,,151085.5958559364,,37771.3989639841,,,,
2025-05-05,Drift,,3228.294482,,3228.294482,,-527.9436319999991,,-527.9436319999991,,,,
2025-05-05,Flash Trade,,4512.51,,3172.83,,-1394.9299999999994,,-1009.6900000000005,,4.0,,#63b512
2025-05-05,GMTrade,,555.0859283187684,,388.5600739023264,,-215.94058910440742,,-151.15842517360647,,2.0,,#f79009
2025-05-04,Total,374673.73963611556,,99538.23536424903,,178323.101971339,,45256.279179051984,,1.0,,#545cf8,
2025-05-04,Jupiter,,364239.0350046924,,91059.7587511731,,175904.4889221028,,43976.1222305257,,,,
2025-05-04,Flash Trade,,5907.44,,4182.52,,3606.9599999999996,,2530.76,,4.0,,#63b512
2025-05-04,Drift,,3756.238113999999,,3756.238113999999,,-1395.8673649999992,,-1395.8673649999992,,,,
2025-05-04,GMTrade,,771.0265174231758,,539.7184990759329,,207.52041423619426,,145.26431352627037,,2.0,,#f79009
2025-05-03,Total,196350.63766477656,,54281.95618519705,,-221743.67671918715,,-53644.77806523205,,1.0,,#545cf8,
2025-05-03,Jupiter,,188334.54608258957,,47083.63652064739,,-223908.16329639996,,-55977.04082409999,,,,
2025-05-03,Drift,,5152.105478999998,,5152.105478999998,,2656.6405519999958,,2656.6405519999958,,,,
2025-05-03,Flash Trade,,2300.48,,1651.76,,-455.0,,-298.3700000000001,,4.0,,#63b512
2025-05-03,GMTrade,,563.5061031869816,,394.4541855496625,,-37.15397478721002,,-26.007793132047937,,2.0,,#f79009
2025-05-02,Total,418094.3143839637,,107926.7342504291,,-317448.11699670076,,-82686.54603680021,,1.0,,#545cf8,
2025-05-02,Jupiter,,412242.70937898953,,103060.67734474738,,-310801.0967662701,,-77700.27419156753,,,,
2025-05-02,Drift,,2495.4649270000023,,2495.4649270000023,,-1037.4889419999968,,-1037.4889419999968,,,,
2025-05-02,Flash Trade,,2755.48,,1950.13,,-5667.77,,-3989.55,,4.0,,#63b512
2025-05-02,GMTrade,,600.6600779741916,,420.46197868171043,,58.238711569369684,,40.767096767311216,,2.0,,#f79009
2025-05-01,Total,735542.4313806645,,190613.2802872293,,-68402.10492831597,,-16534.55913781046,,1.0,,#545cf8,
2025-05-01,Jupiter,,723043.8061452596,,180760.9515363149,,-70176.3979655233,,-17544.099491380824,,,,
2025-05-01,Flash Trade,,8423.25,,5939.68,,3530.99,,2476.3900000000003,,4.0,,#63b512
2025-05-01,Drift,,3532.953868999999,,3532.953868999999,,-790.5488730000043,,-790.5488730000043,,,,
2025-05-01,GMTrade,,542.4213664048219,,379.6948819143992,,-966.1480897926293,,-676.3007734296352,,2.0,,#f79009
2025-04-30,Total,803944.5363089804,,207147.83942503977,,277649.9536227997,,70235.27393549023,,1.0,,#545cf8,
2025-04-30,Jupiter,,793220.204110783,,198305.05102769574,,276894.36325300706,,69223.59081325177,,,,
2025-04-30,Drift,,4323.502742000003,,4323.502742000003,,1621.8445640000018,,1621.8445640000018,,,,
2025-04-30,Flash Trade,,4892.26,,3463.29,,-191.0699999999997,,-137.5300000000002,,4.0,,#63b512
2025-04-30,GMTrade,,1508.5694561974512,,1055.9956553440345,,-675.1841942074263,,-472.63144176154196,,2.0,,#f79009
2025-04-29,Total,526294.5826861807,,136912.56548954954,,-297311.5490510684,,-74591.6511021299,,1.0,,#545cf8,
2025-04-29,Jupiter,,516325.8408577759,,129081.46021444397,,-297666.95534292783,,-74416.73883573196,,,,
2025-04-29,Flash Trade,,5083.33,,3600.82,,514.04,,372.28999999999996,,4.0,,#63b512
2025-04-29,Drift,,2701.6581780000015,,2701.6581780000015,,-1453.8890869999968,,-1453.8890869999968,,,,
2025-04-29,GMTrade,,2183.7536504048776,,1528.6270971055765,,1295.255378859473,,906.6868206020634,,2.0,,#f79009
2025-04-28,Total,823606.1317372491,,211504.21659167943,,628248.0659865437,,158227.67758583708,,1.0,,#545cf8,
2025-04-28,Jupiter,,813992.7962007037,,203498.19905017593,,626572.0010477387,,156643.00026193468,,,,
2025-04-28,Drift,,4155.547264999998,,4155.547264999998,,1342.8131029999986,,1342.8131029999986,,,,
2025-04-28,Flash Trade,,4569.29,,3228.53,,956.1500000000001,,677.9000000000001,,4.0,,#63b512
2025-04-28,GMTrade,,888.4982715454046,,621.940276503513,,-622.8981641950238,,-436.035779097586,,2.0,,#f79009
2025-04-27,Total,195358.06575070546,,53276.53900584236,,-304158.694751072,,-75282.58585040711,,1.0,,#545cf8,
2025-04-27,Jupiter,,187420.79515296503,,46855.19878824126,,-305706.7763205032,,-76426.6940801258,,,,
2025-04-27,Drift,,2812.7341619999997,,2812.7341619999997,,-93.28274800000145,,-93.28274800000145,,,,
2025-04-27,Flash Trade,,3613.14,,2550.63,,958.71,,759.5300000000002,,4.0,,#63b512
2025-04-27,GMTrade,,1511.3964357404284,,1057.976055601099,,682.6543174311741,,477.860977718689,,2.0,,#f79009
2025-04-26,Total,499516.76050177746,,128559.12485624946,,-283304.26164203364,,-75289.72491760389,,1.0,,#545cf8,
2025-04-26,Jupiter,,493127.5714734682,,123281.89286836705,,-274889.7853985204,,-68722.4463496301,,,,
2025-04-26,Drift,,2906.016910000001,,2906.016910000001,,-2233.280502000004,,-2233.280502000004,,,,
2025-04-26,Flash Trade,,2654.43,,1791.1,,-4285.790000000001,,-3007.22,,4.0,,#63b512
2025-04-26,GMTrade,,828.7421183092542,,580.11507788241,,-1895.405741513176,,-1326.7780659737869,,2.0,,#f79009
2025-04-25,Total,782821.0221438111,,203848.84977385335,,140313.4379707228,,32211.512323265837,,1.0,,#545cf8,
2025-04-25,Jupiter,,768017.3568719886,,192004.33921799716,,143923.49521445448,,35980.87380361362,,,,
2025-04-25,Drift,,5139.297412000005,,5139.297412000005,,-3886.8635709999944,,-3886.8635709999944,,,,
2025-04-25,Flash Trade,,6940.22,,4798.32,,1976.2800000000007,,1307.1299999999997,,4.0,,#63b512
2025-04-25,GMTrade,,2724.1478598224303,,1906.893143856197,,-1699.4736727317195,,-1189.6279093477904,,2.0,,#f79009
2025-04-24,Total,642507.5841730883,,171637.3374505875,,-478744.9113917075,,-118989.48563556859,,1.0,,#545cf8,
2025-04-24,Jupiter,,624093.8616575341,,156023.46541438354,,-479328.5019905615,,-119832.12549764037,,,,
2025-04-24,Drift,,9026.160983,,9026.160983,,1348.7200159999984,,1348.7200159999984,,,,
2025-04-24,Flash Trade,,4963.94,,3491.19,,-912.1900000000005,,-609.02,,4.0,,#63b512
2025-04-24,GMTrade,,4423.62153255415,,3096.5210532039873,,147.0605828540738,,102.93984607178481,,2.0,,#f79009
2025-04-23,Total,1121252.4955647958,,290626.8230861561,,-68383.80533630168,,-20185.380073637527,,1.0,,#545cf8,
2025-04-23,Jupiter,,1103422.3636480956,,275855.5909120239,,-64391.47762191971,,-16097.869405479927,,,,
2025-04-23,Drift,,7677.440967000001,,7677.440967000001,,-4156.763960999998,,-4156.763960999998,,,,
2025-04-23,Flash Trade,,5876.13,,4100.21,,-2672.96,,-1916.92,,4.0,,#63b512
2025-04-23,GMTrade,,4276.560949700076,,2993.5812071322025,,2837.396246617989,,1986.1732928424358,,2.0,,#f79009
2025-04-22,Total,1189636.3009010975,,310812.20315979363,,269775.79474876437,,73515.12197236787,,1.0,,#545cf8,
2025-04-22,Jupiter,,1167813.8412700153,,291953.46031750384,,261019.72321747825,,65254.930804369564,,,,
2025-04-22,Drift,,11834.204928,,11834.204928,,7120.730647999994,,7120.730647999994,,,,
2025-04-22,Flash Trade,,8549.09,,6017.13,,2096.45,,1462.2300000000005,,4.0,,#63b512
2025-04-22,GMTrade,,1439.164703082087,,1007.4079142897668,,-461.1091167139002,,-322.76948000172035,,2.0,,#f79009
2025-04-21,Total,919860.5061523331,,237297.08118742576,,327647.7126801135,,84417.07389255197,,1.0,,#545cf8,
2025-04-21,Jupiter,,906794.1180525371,,226698.52951313427,,323026.21989503084,,80756.55497375771,,,,
2025-04-21,Drift,,4713.474280000005,,4713.474280000005,,1319.9903410000006,,1319.9903410000006,,,,
2025-04-21,Flash Trade,,6452.64,,4554.9,,3612.6600000000003,,2558.3499999999995,,4.0,,#63b512
2025-04-21,GMTrade,,1900.2738197959873,,1330.1773942914872,,-311.1575559174205,,-217.82142220574588,,2.0,,#f79009
2025-04-20,Total,592212.7934722196,,152880.0072948738,,66515.01067874243,,18180.822420292272,,1.0,,#545cf8,
2025-04-20,Jupiter,,583767.8981575062,,145941.97453937656,,63858.79523487494,,15964.698808718735,,,,
2025-04-20,Drift,,3393.4839390000043,,3393.4839390000043,,960.3045520000028,,960.3045520000028,,,,
2025-04-20,Flash Trade,,2839.98,,1996.55,,1.300000000000182,,69.58999999999992,,4.0,,#63b512
2025-04-20,GMTrade,,2211.4313757134078,,1547.998816497233,,1694.610891867577,,1186.2290595735444,,2.0,,#f79009
2025-04-19,Total,525697.7827934772,,134699.18487458152,,173820.05610389676,,43390.10194221302,,1.0,,#545cf8,
2025-04-19,Jupiter,,519909.1029226313,,129977.27573065783,,174293.83991834667,,43573.45997958667,,,,
2025-04-19,Drift,,2433.1793870000015,,2433.1793870000015,,755.0927230000029,,755.0927230000029,,,,
2025-04-19,Flash Trade,,2838.68,,1926.96,,1029.1799999999998,,642.19,,4.0,,#63b512
2025-04-19,GMTrade,,516.8204838458307,,361.76975692368853,,-2258.05653744994,,-1580.6407603736602,,2.0,,#f79009
2025-04-18,Total,351877.7266895804,,91309.0829323685,,105334.91868955991,,24137.06541779473,,1.0,,#545cf8,
2025-04-18,Jupiter,,345615.26300428464,,86403.81575107116,,109596.33313476501,,27399.083283691252,,,,
2025-04-18,GMTrade,,2774.8770212957706,,1942.4105172973489,,2353.4606267948902,,1647.4272061034721,,2.0,,#f79009
2025-04-18,Drift,,1678.0866639999986,,1678.0866639999986,,-882.4250719999918,,-882.4250719999918,,,,
2025-04-18,Flash Trade,,1809.5,,1284.77,,-5732.45,,-4027.02,,4.0,,#63b512
2025-04-17,Total,246542.8080000205,,67172.01751457377,,-672620.2876646102,,-171555.73949982977,,1.0,,#545cf8,
2025-04-17,Jupiter,,236018.92986951963,,59004.73246737991,,-667115.8835402168,,-166778.9708850542,,,,
2025-04-17,Flash Trade,,7541.95,,5311.79,,-1409.8000000000002,,-937.1499999999996,,4.0,,#63b512
2025-04-17,Drift,,2560.5117359999904,,2560.5117359999904,,-3244.652298000011,,-3244.652298000011,,,,
2025-04-17,GMTrade,,421.41639450088064,,294.9833111938766,,-849.9518263933899,,-594.966316775516,,2.0,,#f79009
2025-04-16,Total,919163.0956646308,,238727.75701440353,,219472.59508604032,,57244.592981672555,,1.0,,#545cf8,
2025-04-16,Jupiter,,903134.8134097365,,225783.70335243412,,215799.27588976058,,53949.818972440145,,,,
2025-04-16,Flash Trade,,8951.75,,6248.94,,3195.16,,2226.47,,4.0,,#63b512
2025-04-16,Drift,,5805.164034000001,,5805.164034000001,,2445.301429000008,,2445.301429000008,,,,
2025-04-16,GMTrade,,1271.3682208942705,,889.9496279693926,,-1967.1422327202881,,-1376.9974197676138,,2.0,,#f79009
2025-04-15,Total,699690.5005785904,,181483.16403273097,,-92563.27732820075,,-23762.190029153833,,1.0,,#545cf8,
2025-04-15,Jupiter,,687335.5375199759,,171833.88437999398,,-91773.78259772726,,-22943.445649431815,,,,
2025-04-15,Flash Trade,,5756.59,,4022.47,,-2421.16,,-1710.73,,4.0,,#63b512
2025-04-15,Drift,,3359.8626049999934,,3359.8626049999934,,-833.9562940000073,,-833.9562940000073,,,,
2025-04-15,GMTrade,,3238.5104536145586,,2266.9470477370064,,2465.6215635265407,,1725.9419142779964,,2.0,,#f79009
2025-04-14,Total,792253.7779067912,,205245.3540618848,,-106162.80300977419,,-25752.50477753207,,1.0,,#545cf8,
2025-04-14,Jupiter,,779109.3201177032,,194777.3300294258,,-107775.40042801527,,-26943.85010700382,,,,
2025-04-14,Flash Trade,,8177.75,,5733.2,,2443.3599999999997,,1687.58,,4.0,,#63b512
2025-04-14,Drift,,4193.818899000001,,4193.818899000001,,284.31862499999943,,284.31862499999943,,,,
2025-04-14,GMTrade,,772.8888900880177,,541.00513345901,,-1115.0812067589156,,-780.5532955282556,,2.0,,#f79009
2025-04-13,Total,898416.5809165654,,230997.85883941688,,-132586.10987728985,,-36942.979916390614,,1.0,,#545cf8,
2025-04-13,Jupiter,,886884.7205457184,,221721.1801364296,,-125448.46308388049,,-31362.115770970122,,,,
2025-04-13,Flash Trade,,5734.39,,4045.62,,-4223.839999999999,,-2886.5,,4.0,,#63b512
2025-04-13,Drift,,3909.5002740000014,,3909.5002740000014,,-2182.2940319999966,,-2182.2940319999966,,,,
2025-04-13,GMTrade,,1887.9700968469333,,1321.5584289872656,,-731.5127614094176,,-512.0701134204874,,2.0,,#f79009
2025-04-12,Total,1031002.6907938552,,267940.8387558075,,177196.42509640346,,48735.318417931674,,1.0,,#545cf8,
2025-04-12,Jupiter,,1012333.1836295989,,253083.29590739973,,168738.00374377123,,42184.50093594281,,,,
2025-04-12,Flash Trade,,9958.23,,6932.12,,4925.429999999999,,3448.02,,4.0,,#63b512
2025-04-12,Drift,,6091.794305999998,,6091.794305999998,,2099.028146999996,,2099.028146999996,,,,
2025-04-12,GMTrade,,2619.482858256351,,1833.628542407753,,1433.9632056322619,,1003.7693349888802,,2.0,,#f79009
2025-04-11,Total,853806.2656974518,,219205.52033787582,,-98628.3824166708,,-26489.850756968313,,1.0,,#545cf8,
2025-04-11,Jupiter,,843595.1798858277,,210898.79497145693,,-94313.84401776025,,-23578.46100444006,,,,
2025-04-11,Drift,,3992.766159000002,,3992.766159000002,,519.689218000005,,519.689218000005,,,,
2025-04-11,Flash Trade,,5032.8,,3484.1,,-5035.079999999999,,-3571.68,,4.0,,#63b512
2025-04-11,GMTrade,,1185.519652624089,,829.8592074188728,,200.8523830894526,,140.60102947171265,,2.0,,#f79009
2025-04-10,Total,952434.6481141226,,245695.37109484413,,-825227.4067749715,,-213930.13511568424,,1.0,,#545cf8,
2025-04-10,Jupiter,,937909.023903588,,234477.255975897,,-814626.5440231493,,-203656.63600578732,,,,
2025-04-10,Flash Trade,,10067.88,,7055.78,,298.3099999999995,,237.02999999999975,,4.0,,#63b512
2025-04-10,Drift,,3473.076940999997,,3473.076940999997,,-9603.71283999999,,-9603.71283999999,,,,
2025-04-10,GMTrade,,984.6672695346365,,689.2581779471601,,-1295.4599118221345,,-906.8162698969226,,2.0,,#f79009
2025-04-09,Total,1777662.054889094,,459625.5062105284,,853208.8136514814,,219669.45376546058,,1.0,,#545cf8,
2025-04-09,Jupiter,,1752535.5679267372,,438133.8919816843,,842501.7179125962,,210625.42947814905,,,,
2025-04-09,Drift,,13076.789780999987,,13076.789780999987,,5186.274602999982,,5186.274602999982,,,,
2025-04-09,Flash Trade,,9769.57,,6818.75,,6056.35,,4232.62,,4.0,,#63b512
2025-04-09,GMTrade,,2280.127181356771,,1596.0744478440827,,-535.5288641148163,,-374.8703156884267,,2.0,,#f79009
2025-04-08,Total,924453.2412376127,,239956.0524450678,,-1225589.3209451947,,-347932.7542995048,,1.0,,#545cf8,
2025-04-08,Jupiter,,910033.8500141411,,227508.46250353527,,-1162177.4075361434,,-290544.35188403586,,,,
2025-04-08,Drift,,7890.515178000005,,7890.515178000005,,-42327.38900700002,,-42327.38900700002,,,,
2025-04-08,Flash Trade,,3713.22,,2586.13,,-20110.32,,-14379.07,,4.0,,#63b512
2025-04-08,GMTrade,,2815.6560454715873,,1970.9447635325093,,-974.2044020514418,,-681.9434084689553,,2.0,,#f79009
2025-04-07,Total,2150042.5621828074,,587888.8067445726,,-410752.14190733805,,-80743.22675480018,,1.0,,#545cf8,
2025-04-07,Jupiter,,2072211.2575502845,,518052.8143875711,,-447787.31820945046,,-111946.82955236261,,,,
2025-04-07,Drift,,50217.90418500002,,50217.90418500002,,16571.81943600002,,16571.81943600002,,,,
2025-04-07,Flash Trade,,23823.54,,16965.2,,17861.13,,12810.210000000001,,4.0,,#63b512
2025-04-07,GMTrade,,3789.860447523029,,2652.8881720014647,,2602.2268661126836,,1821.5733615624554,,2.0,,#f79009
2025-04-06,Total,2560794.7040901454,,668632.0334993728,,2252121.88843736,,589021.437433546,,1.0,,#545cf8,
2025-04-06,Jupiter,,2519998.575759735,,629999.6439399337,,2215232.678863651,,553808.1697159128,,,,
2025-04-06,Drift,,33646.084749,,33646.084749,,31320.734030000007,,31320.734030000007,,,,
2025-04-06,Flash Trade,,5962.41,,4154.99,,5021.139999999999,,3509.4199999999996,,4.0,,#63b512
2025-04-06,GMTrade,,1187.6335814103452,,831.3148104390094,,547.3355437087517,,383.11368763307695,,2.0,,#f79009
2025-04-05,Total,308672.8156527853,,79610.59606582686,,-843995.280813905,,-216479.08187165912,,1.0,,#545cf8,
2025-04-05,Jupiter,,304765.8968960837,,76191.47422402093,,-835629.6035598592,,-208907.4008899648,,,,
2025-04-05,Drift,,2325.350718999996,,2325.350718999996,,-5610.816122,,-5610.816122,,,,
2025-04-05,Flash Trade,,941.27,,645.57,,-1910.42,,-1369.7599999999998,,4.0,,#63b512
2025-04-05,GMTrade,,640.2980377015934,,448.20112280593247,,-844.4411320457078,,-591.1048596942908,,2.0,,#f79009
2025-04-04,Total,1152668.0964666903,,296089.677937486,,-791033.0413036738,,-203005.28053933708,,1.0,,#545cf8,
2025-04-04,Jupiter,,1140395.500455943,,285098.87511398573,,-782027.5753141779,,-195506.89382854447,,,,
2025-04-04,Drift,,7936.166840999997,,7936.166840999997,,-4048.6852469999885,,-4048.6852469999885,,,,
2025-04-04,Flash Trade,,2851.69,,2015.33,,-4838.969999999999,,-3367.24,,4.0,,#63b512
2025-04-04,GMTrade,,1484.7391697473013,,1039.3059825002233,,-117.81074249590483,,-82.46146379264428,,2.0,,#f79009
2025-04-03,Total,1943701.137770364,,499094.95847682306,,371379.3797809901,,84729.26829897467,,1.0,,#545cf8,
2025-04-03,Jupiter,,1922423.0757701208,,480605.7689425302,,385396.7920704866,,96349.19801762165,,,,
2025-04-03,Drift,,11984.852087999985,,11984.852087999985,,-5923.62408100002,,-5923.62408100002,,,,
2025-04-03,Flash Trade,,7690.66,,5382.57,,-4495.799999999999,,-3177.720000000001,,4.0,,#63b512
2025-04-03,GMTrade,,1602.549912243206,,1121.7674462928676,,-3597.9882084964925,,-2518.5856376469605,,2.0,,#f79009
2025-04-02,Total,1572321.757989374,,414365.6901778484,,754329.579338942,,204635.13878660402,,1.0,,#545cf8,
2025-04-02,Jupiter,,1537026.2836996343,,384256.57092490856,,728351.8178534037,,182087.95446335094,,,,
2025-04-02,Drift,,17908.476169000005,,17908.476169000005,,14416.160778,,14416.160778,,,,
2025-04-02,Flash Trade,,12186.46,,8560.29,,8903.46,,6270.300000000001,,4.0,,#63b512
2025-04-02,GMTrade,,5200.538120739699,,3640.353083939828,,2658.140707538132,,1860.7235452530838,,2.0,,#f79009
2025-04-01,Total,817992.178650432,,209730.55139124437,,130966.25293354457,,32973.943580681225,,1.0,,#545cf8,
2025-04-01,Jupiter,,808674.4658462305,,202168.61646155763,,130563.45061281999,,32640.862653204997,,,,
2025-04-01,Drift,,3492.3153910000055,,3492.3153910000055,,280.53212600000643,,280.53212600000643,,,,
2025-04-01,Flash Trade,,3283.0,,2289.99,,-333.94000000000005,,-266.7800000000002,,4.0,,#63b512
2025-04-01,GMTrade,,2542.3974132015665,,1779.6295386867444,,456.2101947246042,,319.3288014762186,,2.0,,#f79009
2025-03-31,Total,687025.9257168875,,176756.60781056315,,129378.64520075859,,33949.900541591225,,1.0,,#545cf8,
2025-03-31,Jupiter,,678111.0152334105,,169527.75380835263,,126470.84522595536,,31617.71130648884,,,,
2025-03-31,Drift,,3211.783264999999,,3211.783264999999,,894.799404999997,,894.799404999997,,,,
2025-03-31,Flash Trade,,3616.94,,2556.77,,1485.6399999999999,,1068.24,,4.0,,#63b512
2025-03-31,GMTrade,,2086.1872184769622,,1460.3007372105258,,527.3605698032238,,369.14983010240394,,2.0,,#f79009
2025-03-30,Total,557647.2805161289,,142806.70726897192,,-234204.61819395737,,-69331.36673135104,,1.0,,#545cf8,
2025-03-30,Jupiter,,551640.1700074552,,137910.0425018638,,-219167.11228494474,,-54791.778071236185,,,,
2025-03-30,Drift,,2316.983860000002,,2316.983860000002,,-13354.952464,,-13354.952464,,,,
2025-03-30,Flash Trade,,2131.3,,1488.53,,-1125.71,,-794.8599999999999,,4.0,,#63b512
2025-03-30,GMTrade,,1558.8266486737384,,1091.1509071081218,,-556.8434450126401,,-389.776196114871,,2.0,,#f79009
2025-03-29,Total,791851.8987100862,,212138.07400032296,,252777.92445910838,,58603.03334436353,,1.0,,#545cf8,
2025-03-29,Jupiter,,770807.2822923999,,192701.82057309998,,260966.06673308875,,65241.51668327219,,,,
2025-03-29,Drift,,15671.936324000002,,15671.936324000002,,-2989.3757229999937,,-2989.3757229999937,,,,
2025-03-29,Flash Trade,,3257.01,,2283.39,,-2228.2,,-1569.69,,4.0,,#63b512
2025-03-29,GMTrade,,2115.6700936863786,,1480.9271032229929,,-2970.566550980279,,-2079.4176159086537,,2.0,,#f79009
2025-03-28,Total,539073.9742509779,,153535.04065595943,,49713.80070201319,,27446.80926556747,,1.0,,#545cf8,
2025-03-28,Jupiter,,509841.21555931115,,127460.30388982779,,27234.139049912803,,6808.534762478201,,,,
2025-03-28,Drift,,18661.312046999996,,18661.312046999996,,16404.517673999995,,16404.517673999995,,,,
2025-03-28,Flash Trade,,5485.21,,3853.08,,1529.7800000000002,,1052.0099999999998,,4.0,,#63b512
2025-03-28,GMTrade,,5086.236644666657,,3560.344719131647,,4545.363978100341,,3181.7468290892784,,2.0,,#f79009
2025-03-27,Total,489360.17354896467,,126088.23139039196,,-169699.83765937528,,-53223.311475939685,,1.0,,#545cf8,
2025-03-27,Jupiter,,482607.07650939835,,120651.76912734959,,-154015.48970972985,,-38503.87242743246,,,,
2025-03-27,Flash Trade,,3955.43,,2801.07,,-1594.69,,-1119.75,,4.0,,#63b512
2025-03-27,Drift,,2256.7943729999997,,2256.7943729999997,,-12456.471415999993,,-12456.471415999993,,,,
2025-03-27,GMTrade,,540.8726665663161,,378.5978900423682,,-1633.1865336454507,,-1143.2176325072203,,2.0,,#f79009
2025-03-26,Total,659060.01120834,,179311.54286633164,,27518.53030929854,,14452.536053426942,,1.0,,#545cf8,
2025-03-26,Jupiter,,636622.5662191282,,159155.64155478205,,17752.552844509366,,4438.1382111273415,,,,
2025-03-26,Drift,,14713.265788999992,,14713.265788999992,,10373.784262999992,,10373.784262999992,,,,
2025-03-26,Flash Trade,,5550.12,,3920.82,,-1513.4300000000003,,-993.3200000000002,,4.0,,#63b512
2025-03-26,GMTrade,,2174.059200211767,,1521.8155225495884,,905.6232017892094,,633.9335792996013,,2.0,,#f79009
2025-03-25,Total,631541.4808990414,,164859.0068129047,,-500263.0052455928,,-131783.0031993159,,1.0,,#545cf8,
2025-03-25,Jupiter,,618870.0133746188,,154717.5033436547,,-485700.44716498384,,-121425.11179124596,,,,
2025-03-25,Flash Trade,,7063.55,,4914.14,,-10993.05,,-7466.46,,4.0,,#63b512
2025-03-25,Drift,,4339.481526,,4339.481526,,-1309.2844299999979,,-1309.2844299999979,,,,
2025-03-25,GMTrade,,1268.4359984225575,,887.8819432499871,,-2260.2236506089407,,-1582.1469780699595,,2.0,,#f79009
2025-03-24,Total,1131804.4861446342,,296642.0100122206,,837677.5189977275,,218113.59133150382,,1.0,,#545cf8,
2025-03-24,Jupiter,,1104570.4605396027,,276142.61513490067,,821079.158584533,,205269.78964613326,,,,
2025-03-24,Flash Trade,,18056.6,,12380.6,,13454.359999999999,,9430.650000000001,,4.0,,#63b512
2025-03-24,Drift,,5648.7659559999975,,5648.7659559999975,,4041.2144519999974,,4041.2144519999974,,,,
2025-03-24,GMTrade,,3528.6596490314982,,2470.0289213199467,,-897.2140388055655,,-628.0627666294358,,2.0,,#f79009
2025-03-23,Total,294126.96714690665,,78528.41868071679,,80172.36479386274,,20392.16636291551,,1.0,,#545cf8,
2025-03-23,Jupiter,,283491.3019550696,,70872.8254887674,,79122.64874043292,,19780.66218510823,,,,
2025-03-23,GMTrade,,4425.873687837064,,3098.0916879493825,,607.2456874298264,,425.0638118072752,,2.0,,#f79009
2025-03-23,Flash Trade,,4602.24,,2949.95,,26.30999999999949,,-229.72000000000025,,4.0,,#63b512
2025-03-23,Drift,,1607.5515040000003,,1607.5515040000003,,416.1603660000003,,416.1603660000003,,,,
2025-03-22,Total,213954.6023530439,,58136.25231780128,,-365692.29012443655,,-92355.56910393237,,1.0,,#545cf8,
2025-03-22,Jupiter,,204368.65321463667,,51092.16330365917,,-364477.84047294623,,-91119.46011823656,,,,
2025-03-22,Flash Trade,,4575.93,,3179.67,,478.0100000000002,,312.99000000000024,,4.0,,#63b512
2025-03-22,GMTrade,,3818.6280004072373,,2673.0278761421073,,-477.80080849027354,,-334.44014269581385,,2.0,,#f79009
2025-03-22,Drift,,1191.391138,,1191.391138,,-1214.658842999997,,-1214.658842999997,,,,
2025-03-21,Total,579646.8924774805,,150491.82142173365,,-51421.315358703374,,-18484.343466492777,,1.0,,#545cf8,
2025-03-21,Jupiter,,568846.4936875829,,142211.62342189573,,-40692.89018797106,,-10173.222546992765,,,,
2025-03-21,GMTrade,,4296.428808897511,,3007.468018837921,,-5982.132606732338,,-4187.458355500014,,2.0,,#f79009
2025-03-21,Flash Trade,,4097.92,,2866.68,,-2012.0199999999995,,-1389.3899999999999,,4.0,,#63b512
2025-03-21,Drift,,2406.049980999997,,2406.049980999997,,-2734.2725640000003,,-2734.2725640000003,,,,
2025-03-20,Total,631068.2078361838,,168976.16488822643,,-725889.9343995781,,-182788.79662144894,,1.0,,#545cf8,
2025-03-20,Jupiter,,609539.383875554,,152384.8459688885,,-723769.8176710967,,-180942.45441777416,,,,
2025-03-20,GMTrade,,10278.561415629849,,7194.926374337934,,-674.8245564815006,,-472.34003167480114,,2.0,,#f79009
2025-03-20,Drift,,5140.322544999997,,5140.322544999997,,-1138.6021720000062,,-1138.6021720000062,,,,
2025-03-20,Flash Trade,,6109.94,,4256.07,,-306.6900000000005,,-235.40000000000055,,4.0,,#63b512
2025-03-19,Total,1356958.142235762,,351764.96150967537,,875342.096600391,,221463.0296552324,,1.0,,#545cf8,
2025-03-19,Jupiter,,1333309.2015466506,,333327.30038666265,,871177.6957185796,,217794.4239296449,,,,
2025-03-19,GMTrade,,10953.38597211135,,7667.266406012735,,-716.761021188604,,-501.76617741246173,,2.0,,#f79009
2025-03-19,Drift,,6278.9247170000035,,6278.9247170000035,,2549.311903000007,,2549.311903000007,,,,
2025-03-19,Flash Trade,,6416.63,,4491.47,,2331.85,,1621.0600000000004,,4.0,,#63b512
2025-03-18,Total,481616.045635371,,130301.93185444296,,-147631.8411342461,,-38488.5791528298,,1.0,,#545cf8,
2025-03-18,Jupiter,,462131.50582807104,,115532.87645701776,,-143303.58857683546,,-35825.897144208866,,,,
2025-03-18,GMTrade,,11670.146993299953,,8169.032583425197,,-5479.517734410674,,-3835.06718562092,,2.0,,#f79009
2025-03-18,Drift,,3729.6128139999964,,3729.6128139999964,,1053.4651769999978,,1053.4651769999978,,,,
2025-03-18,Flash Trade,,4084.78,,2870.41,,97.80000000000018,,118.92000000000007,,4.0,,#63b512
2025-03-17,Total,629247.8867696171,,168790.51100727275,,-110473.37659502495,,-48305.24882769681,,1.0,,#545cf8,
2025-03-17,Jupiter,,605435.0944049065,,151358.77360122663,,-64915.10130594019,,-16228.775326485047,,,,
2025-03-17,GMTrade,,17149.664727710628,,12004.099769046117,,-46033.553507084755,,-32223.501719211767,,2.0,,#f79009
2025-03-17,Flash Trade,,3986.98,,2751.49,,1088.6,,760.3499999999997,,4.0,,#63b512
2025-03-17,Drift,,2676.1476369999987,,2676.1476369999987,,-613.3217819999991,,-613.3217819999991,,,,
2025-03-16,Total,739721.263364642,,217095.75983496956,,124209.07950553531,,-29437.380710916623,,1.0,,#545cf8,
2025-03-16,Jupiter,,670350.1957108467,,167587.54892771167,,259891.65703129105,,64972.91425782276,,,,
2025-03-16,GMTrade,,63183.218234795386,,44227.60148825788,,-136285.20347175575,,-95399.46091473941,,2.0,,#f79009
2025-03-16,Drift,,3289.4694189999977,,3289.4694189999977,,2029.935945999998,,2029.935945999998,,,,
2025-03-16,Flash Trade,,2898.38,,1991.14,,-1427.3099999999995,,-1040.7699999999998,,4.0,,#63b512
2025-03-15,Total,615512.1838591067,,246533.14054588618,,-936459.439597685,,-508721.9745364576,,1.0,,#545cf8,
2025-03-15,GMTrade,,199468.42170655113,,139627.06240299728,,-605516.2545409015,,-423861.98622351163,,2.0,,#f79009
2025-03-15,Jupiter,,410458.53867955564,,102614.63466988891,,-327430.8889917835,,-81857.72224794587,,,,
2025-03-15,Flash Trade,,4325.69,,3031.91,,-1825.5300000000007,,-1315.5,,4.0,,#63b512
2025-03-15,Drift,,1259.5334729999997,,1259.5334729999997,,-1686.7660650000023,,-1686.7660650000023,,,,
2025-03-14,Total,1551971.6234567917,,755255.1150823438,,751156.6461392831,,550332.4888348207,,1.0,,#545cf8,
2025-03-14,GMTrade,,804984.6762474526,,563489.0486265089,,803471.9431717569,,562430.1530064391,,2.0,,#f79009
2025-03-14,Jupiter,,737889.4276713391,,184472.35691783478,,-54364.243814473855,,-13591.060953618464,,,,
2025-03-14,Flash Trade,,6151.22,,4347.41,,1931.6599999999999,,1376.1099999999997,,4.0,,#63b512
2025-03-14,Drift,,2946.299538000002,,2946.299538000002,,117.28678200000104,,117.28678200000104,,,,
2025-03-13,Total,800814.9773175087,,204922.6262475231,,-357339.86720067926,,-93923.37672597312,,1.0,,#545cf8,
2025-03-13,Jupiter,,792253.671485813,,198063.41787145325,,-350854.4214296747,,-87713.60535741868,,,,
2025-03-13,Flash Trade,,4219.56,,2971.3,,-1804.21,,-1268.0599999999995,,4.0,,#63b512
2025-03-13,Drift,,2829.012756000001,,2829.012756000001,,-5549.449130000002,,-5549.449130000002,,,,
2025-03-13,GMTrade,,1512.733075695706,,1058.8956200698449,,868.2133589954333,,607.7377614455777,,2.0,,#f79009
2025-03-12,Total,1158154.844518188,,298846.0029734962,,-753236.9341926188,,-200270.93579908408,,1.0,,#545cf8,
2025-03-12,Jupiter,,1143108.0929154877,,285777.0232288719,,-736774.1795731618,,-184193.54489329044,,,,
2025-03-12,Drift,,8378.461886000003,,8378.461886000003,,-15262.604728000004,,-15262.604728000004,,,,
2025-03-12,Flash Trade,,6023.77,,4239.36,,-1785.0199999999995,,-1224.1900000000005,,4.0,,#63b512
2025-03-12,GMTrade,,644.5197167002727,,451.1578586242672,,584.8701085428985,,409.4038222063581,,2.0,,#f79009
2025-03-11,Total,1911391.7787108067,,499116.9387725803,,-709951.8372220211,,-198197.73921567522,,1.0,,#545cf8,
2025-03-11,Jupiter,,1879882.2724886495,,469970.56812216237,,-677680.7857011519,,-169420.19642528798,,,,
2025-03-11,Drift,,23641.066614000007,,23641.066614000007,,-20593.48320900001,,-20593.48320900001,,,,
2025-03-11,Flash Trade,,7808.79,,5463.55,,-11624.239999999998,,-8146.7300000000005,,4.0,,#63b512
2025-03-11,GMTrade,,59.649608157374225,,41.75403641790913,,-53.32831186896579,,-37.32958138724138,,2.0,,#f79009
2025-03-10,Total,2621343.615932828,,697314.6779882555,,1221157.4196696081,,315856.3196544177,,1.0,,#545cf8,
2025-03-10,Jupiter,,2557563.0581898014,,639390.7645474504,,1204743.1495384122,,301185.78738460306,,,,
2025-03-10,Drift,,44234.549823000016,,44234.549823000016,,10227.677895999987,,10227.677895999987,,,,
2025-03-10,Flash Trade,,19433.03,,13610.28,,6163.82,,4426.91,,4.0,,#63b512
2025-03-10,GMTrade,,112.97792002634002,,79.08361780515051,,22.772235195935963,,15.944373814668374,,2.0,,#f79009
2025-03-09,Total,1400186.1962632197,,381458.3583338378,,1036928.5996921151,,284303.9476597255,,1.0,,#545cf8,
2025-03-09,Jupiter,,1352819.9086513892,,338204.9771628473,,999888.2256776032,,249972.0564194008,,,,
2025-03-09,Drift,,34006.87192700003,,34006.87192700003,,28288.831181000027,,28288.831181000027,,,,
2025-03-09,Flash Trade,,13269.21,,9183.37,,8675.77,,5990.01,,4.0,,#63b512
2025-03-09,GMTrade,,90.20568483040405,,63.139243990482136,,75.77283351176071,,53.05005932468211,,2.0,,#f79009
2025-03-08,Total,363257.59657110466,,97154.41067411231,,-1666695.5332183007,,-441407.788661168,,1.0,,#545cf8,
2025-03-08,Jupiter,,352931.682973786,,88232.9207434465,,-1630905.3653104044,,-407726.3413276011,,,,
2025-03-08,Drift,,5718.0407460000015,,5718.0407460000015,,-28651.778131999996,,-28651.778131999996,,,,
2025-03-08,Flash Trade,,4593.44,,3193.36,,-6538.320000000001,,-4609.610000000001,,4.0,,#63b512
2025-03-08,GMTrade,,14.432851318643339,,10.08918466580003,,-600.0697758961271,,-420.059201566978,,2.0,,#f79009
2025-03-07,Total,2029953.1297894053,,538562.1993352803,,937667.8272859419,,257325.23153716535,,1.0,,#545cf8,
2025-03-07,Jupiter,,1983837.0482841905,,495959.2620710476,,906374.6694768679,,226593.66736921697,,,,
2025-03-07,Drift,,34369.818878,,34369.818878,,29468.750459,,29468.750459,,,,
2025-03-07,Flash Trade,,11131.76,,7802.97,,1350.7399999999998,,931.25,,4.0,,#63b512
2025-03-07,GMTrade,,614.5026272147704,,430.148386232778,,473.66735007393356,,331.56370894844434,,2.0,,#f79009
2025-03-06,Total,1092285.3025034633,,281236.967798115,,49229.126396017615,,13599.37387828785,,1.0,,#545cf8,
2025-03-06,Jupiter,,1077462.3788073226,,269365.59470183065,,46973.56926112971,,11743.392315282428,,,,
2025-03-06,Flash Trade,,9781.02,,6871.72,,1287.1499999999996,,915.9300000000003,,4.0,,#63b512
2025-03-06,Drift,,4901.068419,,4901.068419,,873.8876850000015,,873.8876850000015,,,,
2025-03-06,GMTrade,,140.8352771408369,,98.5846772843337,,94.5194498879655,,66.16387800542023,,2.0,,#f79009
2025-03-05,Total,1043056.1761074457,,267637.59391982714,,-1234378.910124158,,-323986.35136174224,,1.0,,#545cf8,
2025-03-05,Jupiter,,1030488.8095461929,,257622.20238654822,,-1212835.489113712,,-303208.872278428,,,,
2025-03-05,Flash Trade,,8493.87,,5955.79,,-2636.5999999999985,,-1876.6099999999997,,4.0,,#63b512
2025-03-05,Drift,,4027.1807339999987,,4027.1807339999987,,-18886.981378000004,,-18886.981378000004,,,,
2025-03-05,GMTrade,,46.31582725287141,,32.42079927891347,,-19.839632446215013,,-13.887705314311155,,2.0,,#f79009
2025-03-04,Total,2277435.0862316038,,591623.9452815694,,-687399.9909319035,,-206197.79088726966,,1.0,,#545cf8,
2025-03-04,Jupiter,,2243324.298659905,,560831.0746649762,,-633597.2989917547,,-158399.32474793866,,,,
2025-03-04,Drift,,22914.162112,,22914.162112,,-33825.58491200002,,-33825.58491200002,,,,
2025-03-04,Flash Trade,,11130.47,,7832.4,,-19969.020000000004,,-13967.22,,4.0,,#63b512
2025-03-04,GMTrade,,66.15545969908642,,46.308504593224626,,-8.087028148456753,,-5.661227330853016,,2.0,,#f79009
2025-03-03,Total,2964835.077163507,,797821.736168839,,-345342.2017546394,,-55293.334640911664,,1.0,,#545cf8,
2025-03-03,Jupiter,,2876921.5976516595,,719230.3994129149,,-390171.3413257925,,-97542.83533144812,,,,
2025-03-03,Drift,,56739.74702400002,,56739.74702400002,,36148.996624000065,,36148.996624000065,,,,
2025-03-03,Flash Trade,,31099.49,,21799.62,,8648.18,,6078.129999999999,,4.0,,#63b512
2025-03-03,GMTrade,,74.24248784754317,,51.96973192407764,,31.962947152780835,,22.374066536319685,,2.0,,#f79009
2025-03-02,Total,3310177.2789181466,,853115.0708097507,,2422469.829767513,,625573.5313189287,,1.0,,#545cf8,
2025-03-02,Jupiter,,3267092.938977452,,816773.234744363,,2388859.233022797,,597214.8082556992,,,,
2025-03-02,Drift,,20590.750399999954,,20590.750399999954,,16148.181681999953,,16148.181681999953,,,,
2025-03-02,Flash Trade,,22451.31,,15721.49,,17463.2,,12211.09,,4.0,,#63b512
2025-03-02,GMTrade,,42.27954069476234,,29.595665387757958,,-0.7849372837195787,,-0.5486187704784093,,2.0,,#f79009
2025-03-01,Total,887707.4491506335,,227541.539490822,,-1815909.8641127343,,-481073.7816666758,,1.0,,#545cf8,
2025-03-01,Jupiter,,878233.7059546551,,219558.42648866377,,-1770365.335106764,,-442591.333776691,,,,
2025-03-01,Drift,,4442.568718,,4442.568718,,-22039.88109099999,,-22039.88109099999,,,,
2025-03-01,Flash Trade,,4988.11,,3510.4,,-23458.72,,-16410.42,,4.0,,#63b512
2025-03-01,GMTrade,,43.06447797848192,,30.144284158236367,,-45.927914970236316,,-32.14679898478038,,2.0,,#f79009
2025-02-28,Total,2703617.313263368,,708615.3211574978,,1683837.4733474473,,445038.2588769798,,1.0,,#545cf8,
2025-02-28,Jupiter,,2648599.041061419,,662149.7602653548,,1645047.065153432,,411261.766288358,,,,
2025-02-28,Drift,,26482.449808999987,,26482.449808999987,,22109.002296999988,,22109.002296999988,,,,
2025-02-28,Flash Trade,,28446.83,,19920.82,,16692.120000000003,,11674.99,,4.0,,#63b512
2025-02-28,GMTrade,,88.99239294871823,,62.29108314301675,,-10.71410298459206,,-7.499708378216127,,2.0,,#f79009
2025-02-27,Total,1019779.8399159204,,263577.062280518,,636463.3984860292,,144976.67350778246,,1.0,,#545cf8,
2025-02-27,Jupiter,,1003551.9759079871,,250887.99397699678,,660805.5831804757,,165201.39579511894,,,,
2025-02-27,Flash Trade,,11754.71,,8245.83,,-13828.600000000002,,-9701.640000000001,,4.0,,#63b512
2025-02-27,Drift,,4373.447512,,4373.447512,,-10545.263339999998,,-10545.263339999998,,,,
2025-02-27,GMTrade,,99.7064959333103,,69.79079152123288,,31.678645553594407,,22.181052663544605,,2.0,,#f79009
2025-02-26,Total,383316.44142989116,,118600.38877273555,,-3232069.9365486796,,-828109.2066314963,,1.0,,#545cf8,
2025-02-26,Jupiter,,342746.3927275114,,85686.59818187785,,-3208274.5951678273,,-802068.6487919568,,,,
2025-02-26,Flash Trade,,25583.31,,17947.47,,7639.93,,5380.250000000002,,4.0,,#63b512
2025-02-26,Drift,,14918.710851999998,,14918.710851999998,,-31387.03007900001,,-31387.03007900001,,,,
2025-02-26,GMTrade,,68.02785037971589,,47.60973885768827,,-48.24130185246092,,-33.77776053941328,,2.0,,#f79009
2025-02-25,Total,3615386.3779785708,,946709.5954042318,,-1936230.1508965762,,-582169.800094002,,1.0,,#545cf8,
2025-02-25,Jupiter,,3551020.987895339,,887755.2469738347,,-1777853.9561713785,,-444463.4890428446,,,,
2025-02-25,Drift,,46305.74093100001,,46305.74093100001,,-89086.68294999987,,-89086.68294999987,,,,
2025-02-25,Flash Trade,,17943.38,,12567.22,,-69142.73,,-48516.88,,4.0,,#63b512
2025-02-25,GMTrade,,116.26915223217681,,81.38749939710155,,-146.7817751980279,,-102.74810115740837,,2.0,,#f79009
2025-02-24,Total,5551616.528875147,,1528879.3954982338,,5124569.205058453,,1417276.0275419233,,1.0,,#545cf8,
2025-02-24,Jupiter,,5328874.944066717,,1332218.7360166793,,4910098.459889508,,1227524.614972377,,,,
2025-02-24,Drift,,135392.42388099988,,135392.42388099988,,131775.16838099988,,131775.16838099988,,,,
2025-02-24,Flash Trade,,87086.11,,61084.1,,82558.7,,57880.43,,4.0,,#63b512
2025-02-24,GMTrade,,263.0509274302047,,184.13560055450992,,136.87678794571042,,95.81418854636313,,2.0,,#f79009
2025-02-23,Total,427047.32381669426,,111603.3679563106,,13750.669091721007,,4561.771773606117,,1.0,,#545cf8,
2025-02-23,Jupiter,,418776.4841772098,,104694.12104430245,,11880.259877397039,,2970.0649693492596,,,,
2025-02-23,Drift,,3617.255499999998,,3617.255499999998,,935.6179439999996,,935.6179439999996,,,,
2025-02-23,Flash Trade,,4527.41,,3203.67,,840.1799999999998,,589.8600000000001,,4.0,,#63b512
2025-02-23,GMTrade,,126.17413948449428,,88.3214120081468,,94.61127032398517,,66.22886025684771,,2.0,,#f79009
2025-02-22,Total,413296.65472497325,,107041.59618270448,,-990987.0880416823,,-256806.65897067933,,1.0,,#545cf8,
2025-02-22,Jupiter,,406896.22429981275,,101724.05607495319,,-974583.3751235122,,-243645.84378087806,,,,
2025-02-22,Drift,,2681.6375559999983,,2681.6375559999983,,-5638.926251999992,,-5638.926251999992,,,,
2025-02-22,Flash Trade,,3687.23,,2613.81,,-10707.03,,-7481.460000000001,,4.0,,#63b512
2025-02-22,GMTrade,,31.56286916050911,,22.09255175129908,,-57.756666170152,,-40.42893780132526,,2.0,,#f79009
2025-02-21,Total,1404283.7427666555,,363848.2551533838,,653036.8539023289,,169573.89710790102,,1.0,,#545cf8,
2025-02-21,Jupiter,,1381479.599423325,,345369.89985583123,,642119.9001073375,,160529.97502683438,,,,
2025-02-21,Flash Trade,,14394.26,,10095.27,,6257.84,,4399.490000000001,,4.0,,#63b512
2025-02-21,Drift,,8320.56380799999,,8320.56380799999,,4610.175109999989,,4610.175109999989,,,,
2025-02-21,GMTrade,,89.31953533066111,,62.52148955262434,,48.93868499147342,,34.25697106666471,,2.0,,#f79009
2025-02-20,Total,751246.8888643266,,194274.3580454828,,-189522.78217129526,,-48211.66123803277,,1.0,,#545cf8,
2025-02-20,Jupiter,,739359.6993159874,,184839.92482899685,,-189255.52390057326,,-47313.880975143315,,,,
2025-02-20,Flash Trade,,8136.42,,5695.78,,2146.67,,1452.3899999999994,,4.0,,#63b512
2025-02-20,Drift,,3710.388698000001,,3710.388698000001,,-2201.407523999995,,-2201.407523999995,,,,
2025-02-20,GMTrade,,40.38085033918769,,28.264518485959627,,-212.52074672206453,,-148.76273888945946,,2.0,,#f79009
2025-02-19,Total,940769.6710356219,,242486.01928351558,,-3007571.6206263104,,-790411.7830453783,,1.0,,#545cf8,
2025-02-19,Jupiter,,928615.2232165607,,232153.80580414017,,-2953913.319226782,,-738478.3298066955,,,,
2025-02-19,Drift,,5911.796221999996,,5911.796221999996,,-47786.563139999926,,-47786.563139999926,,,,
2025-02-19,Flash Trade,,5989.75,,4243.39,,-5786.5599999999995,,-4087.2699999999995,,4.0,,#63b512
2025-02-19,GMTrade,,252.90159706125223,,177.02725737541908,,-85.17825952829037,,-59.620098682816064,,2.0,,#f79009
2025-02-18,Total,3948341.291661932,,1032897.8023288938,,1641327.5789764267,,400769.9241462031,,1.0,,#545cf8,
2025-02-18,Jupiter,,3882528.5424433425,,970632.1356108356,,1685515.8621520768,,421378.9655380192,,,,
2025-02-18,Drift,,53698.35936199992,,53698.35936199992,,34191.233912999945,,34191.233912999945,,,,
2025-02-18,Flash Trade,,11776.31,,8330.66,,-78582.79000000001,,-54942.56,,4.0,,#63b512
2025-02-18,GMTrade,,338.0798565895426,,236.64735605823515,,203.27291134981857,,142.28469518391344,,2.0,,#f79009
2025-02-17,Total,2307013.7126855054,,632127.8781826907,,2153354.7397360313,,585049.1402847862,,1.0,,#545cf8,
2025-02-17,Jupiter,,2197012.6802912657,,549253.1700728164,,2057211.380858084,,514302.845214521,,,,
2025-02-17,Flash Trade,,90359.1,,63273.22,,85261.29000000001,,59710.25,,4.0,,#63b512
2025-02-17,Drift,,19507.12544899998,,19507.12544899998,,11395.31046199998,,11395.31046199998,,,,
2025-02-17,GMTrade,,134.80694523972403,,94.3626608743217,,-513.241584052679,,-359.2653917347609,,2.0,,#f79009
2025-02-16,Total,153658.97294947412,,47078.73789790451,,-308389.28172127815,,-71929.88339705142,,1.0,,#545cf8,
2025-02-16,Jupiter,,139801.2994331817,,34950.324858295426,,-316051.36869780446,,-79012.84217445111,,,,
2025-02-16,Drift,,8111.814987000002,,8111.814987000002,,5726.145486999999,,5726.145486999999,,,,
2025-02-16,Flash Trade,,5097.81,,3562.97,,1667.9000000000005,,1169.1899999999996,,4.0,,#63b512
2025-02-16,GMTrade,,648.0485292924029,,453.6280526090826,,268.0414895263016,,187.62329039970348,,2.0,,#f79009
2025-02-15,Total,462048.25467075227,,119008.62129495593,,-306321.55189201905,,-82024.74310205213,,1.0,,#545cf8,
2025-02-15,Jupiter,,455852.66813098616,,113963.16703274654,,-296316.75708929123,,-74079.18927232281,,,,
2025-02-15,Flash Trade,,3429.91,,2393.78,,-7461.370000000001,,-5392.65,,4.0,,#63b512
2025-02-15,Drift,,2385.6695000000027,,2385.6695000000027,,-2575.026573999994,,-2575.026573999994,,,,
2025-02-15,GMTrade,,380.00703976610134,,266.0047622093791,,31.60177127216815,,22.122744270653584,,2.0,,#f79009
2025-02-14,Total,768369.8065627713,,201033.36439700806,,95428.08003464527,,23737.69336990721,,1.0,,#545cf8,
2025-02-14,Jupiter,,752169.4252202774,,188042.35630506935,,94669.72986194142,,23667.432465485355,,,,
2025-02-14,Flash Trade,,10891.28,,7786.43,,2390.7700000000004,,1796.2200000000003,,4.0,,#63b512
2025-02-14,Drift,,4960.696073999997,,4960.696073999997,,-1944.2155010000097,,-1944.2155010000097,,,,
2025-02-14,GMTrade,,348.4052684939332,,243.88201793872554,,311.79567370385996,,218.25640542187176,,2.0,,#f79009
2025-02-13,Total,672941.726528126,,177295.67102710085,,-759457.1209667961,,-192689.80312396018,,1.0,,#545cf8,
2025-02-13,Jupiter,,657499.695358336,,164374.923839584,,-754383.9901219544,,-188595.9975304886,,,,
2025-02-13,Drift,,6904.911575000006,,6904.911575000006,,-1541.868658999997,,-1541.868658999997,,,,
2025-02-13,Flash Trade,,8500.51,,5990.21,,-3567.3099999999995,,-2577.169999999999,,4.0,,#63b512
2025-02-13,GMTrade,,36.60959479007321,,25.62561251685377,,36.04781415825877,,25.23306552839918,,2.0,,#f79009
2025-02-12,Total,1432398.847494922,,369985.47415106103,,474273.7442491597,,120112.64690212044,,1.0,,#545cf8,
2025-02-12,Jupiter,,1411883.6854802903,,352970.9213700726,,471148.71748452797,,117787.17937113199,,,,
2025-02-12,Flash Trade,,12067.82,,8567.38,,2829.289999999999,,2029.8999999999996,,4.0,,#63b512
2025-02-12,Drift,,8446.780234000003,,8446.780234000003,,295.17498400000295,,295.17498400000295,,,,
2025-02-12,GMTrade,,0.5617806318144399,,0.39254698845458996,,0.5617806318144399,,0.39254698845458996,,2.0,,#f79009
2025-02-11,Total,958125.1032457624,,249872.8272489406,,-24354.488247402594,,-4483.476985600661,,1.0,,#545cf8,
2025-02-11,Jupiter,,940734.9679957624,,235183.7419989406,,-28610.201682402636,,-7152.550420600659,,,,
2025-02-11,Drift,,8151.6052500000005,,8151.6052500000005,,-1205.5665649999992,,-1205.5665649999992,,,,
2025-02-11,Flash Trade,,9238.53,,6537.48,,5461.280000000001,,3874.6399999999994,,4.0,,#63b512
2025-02-11,GMTrade,,0.0,,0.0,,0.0,,0.0,,2.0,,#f79009
2025-02-10,Total,982479.591493165,,254356.30423454125,,-374734.2377347868,,-97386.50142069673,,1.0,,#545cf8,
2025-02-10,Jupiter,,969345.169678165,,242336.29241954125,,-367368.28841878695,,-91842.07210469674,,,,
2025-02-10,Drift,,9357.171815,,9357.171815,,-1018.2093159999949,,-1018.2093159999949,,,,
2025-02-10,Flash Trade,,3777.25,,2662.84,,-6347.74,,-4526.22,,4.0,,#63b512
2025-02-10,GMTrade,,0.0,,0.0,,,,,,2.0,,#f79009
2025-02-09,Total,1357213.8292279518,,351742.805655238,,566690.6731993582,,148365.27038233957,,1.0,,#545cf8,
2025-02-09,Jupiter,,1336713.458096952,,334178.364524238,,554869.7770893583,,138717.44427233958,,,,
2025-02-09,Drift,,10375.381130999995,,10375.381130999995,,4318.416109999995,,4318.416109999995,,,,
2025-02-09,Flash Trade,,10124.99,,7189.06,,7502.48,,5329.41,,4.0,,#63b512
2025-02-08,Total,790523.1560285937,,203377.5352728984,,-691706.7596360394,,-179371.28026025984,,1.0,,#545cf8,
2025-02-08,Jupiter,,781843.6810075936,,195460.9202518984,,-679726.3725010394,,-169931.59312525985,,,,
2025-02-08,Drift,,6056.965021,,6056.965021,,-3481.1671349999997,,-3481.1671349999997,,,,
2025-02-08,Flash Trade,,2622.51,,1859.65,,-8499.22,,-5958.52,,4.0,,#63b512
2025-02-07,Total,1482229.915664633,,382748.81553315825,,963447.477842649,,242496.13235166224,,1.0,,#545cf8,
2025-02-07,Jupiter,,1461570.053508633,,365392.51337715826,,962753.700654649,,240688.42516366224,,,,
2025-02-07,Drift,,9538.132156,,9538.132156,,4350.917188000003,,4350.917188000003,,,,
2025-02-07,Flash Trade,,11121.73,,7818.17,,-3657.1400000000012,,-2543.209999999999,,4.0,,#63b512
2025-02-06,Total,518782.4378219841,,140252.68318149602,,-544579.033418061,,-132734.42106751524,,1.0,,#545cf8,
2025-02-06,Jupiter,,498816.3528539841,,124704.08821349603,,-551739.6831340608,,-137934.9207835152,,,,
2025-02-06,Flash Trade,,14778.87,,10361.38,,6510.880000000001,,4550.73,,4.0,,#63b512
2025-02-06,Drift,,5187.214967999997,,5187.214967999997,,649.769715999998,,649.769715999998,,,,
2025-02-05,Total,1063361.471240045,,272987.10424901126,,-1460705.047956299,,-371940.90158332477,,1.0,,#545cf8,
2025-02-05,Jupiter,,1050556.035988045,,262639.00899701123,,-1447187.5684972992,,-361796.8921243248,,,,
2025-02-05,Flash Trade,,8267.99,,5810.65,,-11299.17,,-7925.700000000001,,4.0,,#63b512
2025-02-05,Drift,,4537.445251999999,,4537.445251999999,,-2218.309459000003,,-2218.309459000003,,,,
2025-02-04,Total,2524066.519196344,,644928.005832336,,-2839381.211012212,,-796219.782767553,,1.0,,#545cf8,
2025-02-04,Jupiter,,2497743.604485344,,624435.901121336,,-2718751.104326212,,-679687.776081553,,,,
2025-02-04,Flash Trade,,19567.16,,13736.35,,-14840.100000000002,,-10741.999999999998,,4.0,,#63b512
2025-02-04,Drift,,6755.754711000001,,6755.754711000001,,-105790.00668600004,,-105790.00668600004,,,,
2025-02-03,Total,5363447.730208556,,1441147.788599889,,1623440.7276857179,,429811.1932439294,,1.0,,#545cf8,
2025-02-03,Jupiter,,5216494.708811556,,1304123.677202889,,1592495.8592557176,,398123.9648139294,,,,
2025-02-03,Drift,,112545.76139700004,,112545.76139700004,,35011.878430000055,,35011.878430000055,,,,
2025-02-03,Flash Trade,,34407.26,,24478.35,,-4067.0099999999948,,-3324.6500000000015,,4.0,,#63b512
2025-02-02,Total,3740007.0025228383,,1011336.5953559596,,2091476.004041574,,582215.3257288935,,1.0,,#545cf8,
2025-02-02,Jupiter,,3623998.8495558384,,905999.7123889596,,2003489.171083574,,500872.2927708935,,,,
2025-02-02,Drift,,77533.88296699998,,77533.88296699998,,63190.832957999985,,63190.832957999985,,,,
2025-02-02,Flash Trade,,38474.27,,27803.0,,24795.999999999996,,18152.2,,4.0,,#63b512
2025-02-01,Total,1648530.9984812643,,429121.2696270661,,209425.18064396596,,60334.4908652415,,1.0,,#545cf8,
2025-02-01,Jupiter,,1620509.6784722644,,405127.4196180661,,197566.59970496595,,49391.64992624149,,,,
2025-02-01,Drift,,14343.050008999997,,14343.050008999997,,8979.100939,,8979.100939,,,,
2025-02-01,Flash Trade,,13678.27,,9650.8,,2879.4799999999996,,1963.7399999999989,,4.0,,#63b512
2025-01-31,Total,1439105.8178372984,,368786.7787618246,,-62769.26747814962,,-12645.434461037396,,1.0,,#545cf8,
2025-01-31,Jupiter,,1422943.0787672985,,355735.7696918246,,-68503.61735614948,,-17125.90433903737,,,,
2025-01-31,Flash Trade,,10798.79,,7687.06,,4654.470000000001,,3400.59,,4.0,,#63b512
2025-01-31,Drift,,5363.949069999996,,5363.949069999996,,1079.8798779999952,,1079.8798779999952,,,,
2025-01-30,Total,1501875.085315448,,381432.213222862,,-185688.74900066224,,-56630.23901791556,,1.0,,#545cf8,
2025-01-30,Jupiter,,1491446.696123448,,372861.674030862,,-169304.4666436622,,-42326.11666091555,,,,
2025-01-30,Flash Trade,,6144.32,,4286.47,,-7440.630000000001,,-5360.47,,4.0,,#63b512
2025-01-30,Drift,,4284.069192000001,,4284.069192000001,,-8943.652356999999,,-8943.652356999999,,,,
2025-01-29,Total,1687563.8343161102,,438062.45224077755,,186706.30590474815,,48432.36242443707,,1.0,,#545cf8,
2025-01-29,Jupiter,,1660751.1627671102,,415187.79069177754,,183505.13797374815,,45876.28449343704,,,,
2025-01-29,Drift,,13227.721549,,13227.721549,,805.7679310000112,,805.7679310000112,,,,
2025-01-29,Flash Trade,,13584.95,,9646.94,,2395.4000000000015,,1750.3100000000004,,4.0,,#63b512
2025-01-28,Total,1500857.528411362,,389630.0898163405,,-1048924.5844645046,,-307763.39223712625,,1.0,,#545cf8,
2025-01-28,Jupiter,,1477246.024793362,,369311.5061983405,,-985972.4696365048,,-246493.1174091262,,,,
2025-01-28,Drift,,12421.953617999989,,12421.953617999989,,-57095.40482800003,,-57095.40482800003,,,,
2025-01-28,Flash Trade,,11189.55,,7896.63,,-5856.709999999999,,-4174.87,,4.0,,#63b512
2025-01-27,Total,2549782.1128758667,,697393.4820534667,,1513636.3400026476,,418883.6550569119,,1.0,,#545cf8,
2025-01-27,Jupiter,,2463218.494429867,,615804.6236074667,,1461626.4599276476,,365406.6149819119,,,,
2025-01-27,Drift,,69517.35844600001,,69517.35844600001,,57614.61007499999,,57614.61007499999,,,,
2025-01-27,Flash Trade,,17046.26,,12071.5,,-5604.730000000003,,-4137.57,,4.0,,#63b512
2025-01-26,Total,1036145.7728732192,,278509.8269965548,,95905.36419396359,,31817.3008474909,,1.0,,#545cf8,
2025-01-26,Jupiter,,1001592.0345022192,,250398.0086255548,,81518.60446196352,,20379.65111549088,,,,
2025-01-26,Flash Trade,,22650.99,,16209.07,,11124.360000000002,,8175.25,,4.0,,#63b512
2025-01-26,Drift,,11902.748371000022,,11902.748371000022,,3262.3997320000235,,3262.3997320000235,,,,
2025-01-25,Total,940240.4086792556,,246692.5261490639,,-1197395.2225550716,,-300839.12844951794,,1.0,,#545cf8,
2025-01-25,Jupiter,,920073.4300402557,,230018.3575100639,,-1192915.2054740717,,-298228.8013685179,,,,
2025-01-25,Drift,,8640.348638999998,,8640.348638999998,,2005.3729189999976,,2005.3729189999976,,,,
2025-01-25,Flash Trade,,11526.63,,8033.82,,-6485.390000000001,,-4615.700000000001,,4.0,,#63b512
2025-01-24,Total,2137635.6312343273,,547531.6545985818,,-982023.5733791743,,-249307.63310629362,,1.0,,#545cf8,
2025-01-24,Jupiter,,2112988.6355143273,,528247.1588785818,,-978364.8536971742,,-244591.21342429356,,,,
2025-01-24,Flash Trade,,18012.02,,12649.52,,3645.1900000000005,,2587.49,,4.0,,#63b512
2025-01-24,Drift,,6634.97572,,6634.97572,,-7303.90968200001,,-7303.90968200001,,,,
2025-01-23,Total,3119659.2046135017,,796839.2877048755,,1266052.883111683,,321796.5831904208,,1.0,,#545cf8,
2025-01-23,Jupiter,,3091353.4892115016,,772838.3723028754,,1258911.906561683,,314727.97664042073,,,,
2025-01-23,Drift,,13938.88540200001,,13938.88540200001,,6998.056550000006,,6998.056550000006,,,,
2025-01-23,Flash Trade,,14366.83,,10062.03,,142.92000000000007,,70.55000000000109,,4.0,,#63b512
2025-01-22,Total,1853606.3215018187,,475042.70451445464,,-206370.8134146384,,-54543.86136965972,,1.0,,#545cf8,
2025-01-22,Jupiter,,1832441.5826498186,,458110.39566245466,,-201623.4027266386,,-50405.85068165965,,,,
2025-01-22,Flash Trade,,14223.91,,9991.48,,1534.6900000000005,,2144.0899999999992,,4.0,,#63b512
2025-01-22,Drift,,6940.828852000005,,6940.828852000005,,-6282.100687999998,,-6282.100687999998,,,,
2025-01-21,Total,2059977.134916457,,529586.5658841144,,-2176316.3400887074,,-584402.6029384268,,1.0,,#545cf8,
2025-01-21,Jupiter,,2034064.9853764572,,508516.2463441143,,-2115811.2095337072,,-528952.8023834268,,,,
2025-01-21,Drift,,13222.929540000003,,13222.929540000003,,-41734.45055500004,,-41734.45055500004,,,,
2025-01-21,Flash Trade,,12689.22,,7847.39,,-18770.68,,-13715.350000000002,,4.0,,#63b512
2025-01-20,Total,4236293.475005165,,1113989.1688225411,,-1172489.9405269949,,-300632.1927957488,,1.0,,#545cf8,
2025-01-20,Jupiter,,4149876.1949101645,,1037469.0487275411,,-1166789.3169749952,,-291697.3292437488,,,,
2025-01-20,Drift,,54957.380095000044,,54957.380095000044,,-14218.173551999906,,-14218.173551999906,,,,
2025-01-20,Flash Trade,,31459.9,,21562.74,,8517.550000000003,,5283.310000000001,,4.0,,#63b512
2025-01-19,Total,5408783.41553216,,1414621.36161829,,-194551.14306175988,,-31667.586547689978,,1.0,,#545cf8,
2025-01-19,Jupiter,,5316665.51188516,,1329166.37797129,,-214059.1020187596,,-53514.7755046899,,,,
2025-01-19,Drift,,69175.55364699995,,69175.55364699995,,27067.828956999903,,27067.828956999903,,,,
2025-01-19,Flash Trade,,22942.35,,16279.43,,-7559.870000000003,,-5220.639999999999,,4.0,,#63b512
2025-01-18,Total,5603334.5585939195,,1446288.94816598,,5042372.181936839,,1288507.0135007096,,1.0,,#545cf8,
2025-01-18,Jupiter,,5530724.613903919,,1382681.1534759798,,4997447.477914838,,1249361.8694787095,,,,
2025-01-18,Drift,,42107.72469000005,,42107.72469000005,,24996.26402200005,,24996.26402200005,,,,
2025-01-18,Flash Trade,,30502.22,,21500.07,,19928.440000000002,,14148.880000000001,,4.0,,#63b512
2025-01-17,Total,560962.3766570811,,157781.93466527027,,-871238.7071774339,,-211162.76877185848,,1.0,,#545cf8,
2025-01-17,Jupiter,,533277.1359890811,,133319.28399727028,,-880540.2912074339,,-220135.07280185848,,,,
2025-01-17,Drift,,17111.460667999996,,17111.460667999996,,8283.194029999984,,8283.194029999984,,,,
2025-01-17,Flash Trade,,10573.78,,7351.19,,1018.3900000000012,,689.1099999999997,,4.0,,#63b512
2025-01-16,Total,1432201.083834515,,368944.70343712874,,436784.15169467416,,111722.14743041855,,1.0,,#545cf8,
2025-01-16,Jupiter,,1413817.427196515,,353454.35679912876,,434266.48568567424,,108566.62142141856,,,,
2025-01-16,Drift,,8828.266638000012,,8828.266638000012,,4832.876009000012,,4832.876009000012,,,,
2025-01-16,Flash Trade,,9555.39,,6662.08,,-2315.210000000001,,-1677.3500000000004,,4.0,,#63b512
2025-01-15,Total,995416.9321398408,,257222.5560067102,,203537.29355638952,,54250.99989959737,,1.0,,#545cf8,
2025-01-15,Jupiter,,979550.9415108408,,244887.7353777102,,196453.07154238946,,49113.267885597365,,,,
2025-01-15,Flash Trade,,11870.6,,8339.43,,6536.570000000001,,4590.08,,4.0,,#63b512
2025-01-15,Drift,,3995.3906289999995,,3995.3906289999995,,547.6520140000011,,547.6520140000011,,,,
2025-01-14,Total,791879.6385834513,,202971.55610711282,,-4298642.84382819,,-1139107.9799152974,,1.0,,#545cf8,
2025-01-14,Jupiter,,783097.8699684513,,195774.46749211283,,-4207338.12521719,,-1051834.5313042975,,,,
2025-01-14,Flash Trade,,5334.03,,3749.35,,-13619.300000000003,,-9588.029999999999,,4.0,,#63b512
2025-01-14,Drift,,3447.7386149999984,,3447.7386149999984,,-77685.41861099994,,-77685.41861099994,,,,
2025-01-13,Total,5090522.482411642,,1342079.5360224103,,4742985.296265433,,1251472.5106153581,,1.0,,#545cf8,
2025-01-13,Jupiter,,4990435.995185642,,1247608.9987964104,,4649086.727533433,,1162271.6818833582,,,,
2025-01-13,Drift,,81133.15722599994,,81133.15722599994,,78046.11873199994,,78046.11873199994,,,,
2025-01-13,Flash Trade,,18953.33,,13337.38,,15852.45,,11154.71,,4.0,,#63b512
2025-01-12,Total,347537.1861462089,,90607.02540705224,,-70287.2891051959,,-20030.61177004897,,1.0,,#545cf8,
2025-01-12,Jupiter,,341349.2676522089,,85337.31691305223,,-65348.44978019589,,-16337.112445048973,,,,
2025-01-12,Drift,,3087.0384940000004,,3087.0384940000004,,-715.479325000003,,-715.479325000003,,,,
2025-01-12,Flash Trade,,3100.88,,2182.67,,-4223.36,,-2978.0199999999995,,4.0,,#63b512
2025-01-11,Total,417824.4752514048,,110637.6371771012,,-414003.29082887503,,-105952.01933196875,,1.0,,#545cf8,
2025-01-11,Jupiter,,406697.7174324048,,101674.4293581012,,-410007.60199587507,,-102501.90049896877,,,,
2025-01-11,Flash Trade,,7324.24,,5160.69,,-1809.7399999999998,,-1264.17,,4.0,,#63b512
2025-01-11,Drift,,3802.5178190000033,,3802.5178190000033,,-2185.948832999996,,-2185.948832999996,,,,
2025-01-10,Total,831827.7660802798,,216589.65650906996,,-1377857.9568301393,,-357429.64849053486,,1.0,,#545cf8,
2025-01-10,Jupiter,,816705.3194282799,,204176.32985706997,,-1357666.9977861391,,-339416.7494465348,,,,
2025-01-10,Flash Trade,,9133.98,,6424.86,,-7472.850000000002,,-5294.79,,4.0,,#63b512
2025-01-10,Drift,,5988.466651999999,,5988.466651999999,,-12718.109044000015,,-12718.109044000015,,,,
2025-01-09,Total,2209685.722910419,,574019.3049996048,,220358.5125161463,,35074.74572978658,,1.0,,#545cf8,
2025-01-09,Jupiter,,2174372.317214419,,543593.0793036048,,248045.59571514628,,62011.39892878657,,,,
2025-01-09,Drift,,18706.575696000014,,18706.575696000014,,-23317.023198999974,,-23317.023198999974,,,,
2025-01-09,Flash Trade,,16606.83,,11719.65,,-4370.059999999998,,-3619.630000000001,,4.0,,#63b512
2025-01-08,Total,1989327.2103942728,,538944.5592698182,,1617950.7234621746,,418820.7486845437,,1.0,,#545cf8,
2025-01-08,Jupiter,,1926326.7214992729,,481581.6803748182,,1599635.4063701748,,399908.8515925437,,,,
2025-01-08,Drift,,42023.59889499999,,42023.59889499999,,18358.95709199997,,18358.95709199997,,,,
2025-01-08,Flash Trade,,20976.89,,15339.28,,-43.63999999999942,,552.9400000000005,,4.0,,#63b512
2025-01-07,Total,371376.48693209805,,120123.81058527452,,-838922.0576181948,,-195705.21148029866,,1.0,,#545cf8,
2025-01-07,Jupiter,,326691.315129098,,81672.8287822745,,-860683.0215171948,,-215170.7553792987,,,,
2025-01-07,Drift,,23664.641803000017,,23664.641803000017,,13865.053899000039,,13865.053899000039,,,,
2025-01-07,Flash Trade,,21020.53,,14786.34,,7895.909999999998,,5600.49,,4.0,,#63b512
2025-01-06,Total,1210298.544550293,,315829.0220655732,,577257.5236388653,,150639.4749412163,,1.0,,#545cf8,
2025-01-06,Jupiter,,1187374.3366462928,,296843.5841615732,,567774.3715968652,,141943.5928992163,,,,
2025-01-06,Drift,,9799.587903999978,,9799.587903999978,,7160.9320419999785,,7160.9320419999785,,,,
2025-01-06,Flash Trade,,13124.62,,9185.85,,2322.220000000001,,1534.9500000000007,,4.0,,#63b512
2025-01-05,Total,633041.0209114276,,165189.5471243569,,123075.09407764324,,33154.89242141083,,1.0,,#545cf8,
2025-01-05,Jupiter,,619599.9650494276,,154899.9912623569,,117866.73554164328,,29466.68388541082,,,,
2025-01-05,Flash Trade,,10802.4,,7650.9,,5137.5,,3617.3499999999995,,4.0,,#63b512
2025-01-05,Drift,,2638.655862,,2638.655862,,70.858536000002,,70.858536000002,,,,
2025-01-04,Total,509965.9268337843,,132034.65470294608,,-579594.1145425228,,-149686.0778381307,,1.0,,#545cf8,
2025-01-04,Jupiter,,501733.2295077843,,125433.30737694608,,-570349.2622725228,,-142587.3155681307,,,,
2025-01-04,Flash Trade,,5664.9,,4033.55,,-7158.34,,-5012.249999999999,,4.0,,#63b512
2025-01-04,Drift,,2567.797325999998,,2567.797325999998,,-2086.5122699999984,,-2086.5122699999984,,,,
2025-01-03,Total,1089560.0413763071,,281720.7325410768,,-337637.1336682658,,-86312.87071106641,,1.0,,#545cf8,
2025-01-03,Jupiter,,1072082.4917803071,,268020.6229450768,,-334096.5372762657,,-83524.13431906642,,,,
2025-01-03,Flash Trade,,12823.24,,9045.8,,-2529.2000000000007,,-1777.3400000000001,,4.0,,#63b512
2025-01-03,Drift,,4654.309595999996,,4654.309595999996,,-1011.3963920000115,,-1011.3963920000115,,,,
2025-01-02,Total,1427197.175044573,,368033.6032521432,,901112.493717354,,232826.32125583847,,1.0,,#545cf8,
2025-01-02,Jupiter,,1406179.0290565728,,351544.7572641432,,886392.3366153539,,221598.08415383848,,,,
2025-01-02,Flash Trade,,15352.44,,10823.14,,11591.51,,8099.589999999999,,4.0,,#63b512
2025-01-02,Drift,,5665.705988000008,,5665.705988000008,,3128.647102000011,,3128.647102000011,,,,
2025-01-01,Total,526084.6813272189,,135207.28199630472,,-463983.6094089168,,-119095.5701829792,,1.0,,#545cf8,
2025-01-01,Jupiter,,519786.6924412189,,129946.67311030472,,-458416.3589679168,,-114604.0897419792,,,,
2025-01-01,Flash Trade,,3760.93,,2723.55,,-3774.93,,-2699.16,,4.0,,#63b512
2025-01-01,Drift,,2537.058885999997,,2537.058885999997,,-1792.3204410000017,,-1792.3204410000017,,,,
2024-12-31,Total,990068.2907361357,,254302.85217928392,,-434667.15554072254,,-110584.0231829306,,1.0,,#545cf8,
2024-12-31,Jupiter,,978203.0514091357,,244550.76285228392,,-431673.24314372253,,-107918.31078593063,,,,
2024-12-31,Flash Trade,,7535.86,,5422.71,,-1038.8499999999995,,-710.6499999999996,,4.0,,#63b512
2024-12-31,Drift,,4329.379326999999,,4329.379326999999,,-1955.0623969999833,,-1955.0623969999833,,,,
2024-12-30,Total,1424735.4462768582,,364886.8753622145,,776251.9114763235,,195499.26507733084,,1.0,,#545cf8,
2024-12-30,Jupiter,,1409876.2945528582,,352469.07363821456,,774219.6618653235,,193554.9154663309,,,,
2024-12-30,Drift,,6284.441723999982,,6284.441723999982,,1477.559610999977,,1477.559610999977,,,,
2024-12-30,Flash Trade,,8574.71,,6133.36,,554.6899999999987,,466.78999999999996,,4.0,,#63b512
2024-12-29,Total,648483.5348005347,,169387.61028488367,,513345.7178488658,,132643.51738846645,,1.0,,#545cf8,
2024-12-29,Jupiter,,635656.6326875347,,158914.15817188367,,505718.1606138657,,126429.54015346643,,,,
2024-12-29,Flash Trade,,8020.02,,5666.57,,4809.030000000001,,3395.45,,4.0,,#63b512
2024-12-29,Drift,,4806.882113000005,,4806.882113000005,,2818.5272350000055,,2818.5272350000055,,,,
2024-12-28,Total,135137.81695166894,,36744.092896417234,,-858680.3739625564,,-218602.7364381391,,1.0,,#545cf8,
2024-12-28,Jupiter,,129938.47207366893,,32484.618018417234,,-852679.6500325564,,-213169.9125081391,,,,
2024-12-28,Flash Trade,,3210.99,,2271.12,,-2037.9800000000005,,-1470.08,,4.0,,#63b512
2024-12-28,Drift,,1988.3548779999996,,1988.3548779999996,,-3962.743930000002,,-3962.743930000002,,,,
2024-12-27,Total,993818.1909142253,,255346.82933455633,,104962.04703899019,,26650.96125124753,,1.0,,#545cf8,
2024-12-27,Jupiter,,982618.1221062253,,245654.53052655634,,104076.24771699018,,26019.061929247546,,,,
2024-12-27,Drift,,5951.098808000002,,5951.098808000002,,101.99932200000057,,101.99932200000057,,,,
2024-12-27,Flash Trade,,5248.97,,3741.2,,783.8000000000002,,529.8999999999996,,4.0,,#63b512
2024-12-26,Total,888856.1438752351,,228695.8680833088,,308436.35062258795,,77707.79828764702,,1.0,,#545cf8,
2024-12-26,Jupiter,,878541.8743892352,,219635.4685973088,,307318.776446588,,76829.694111647,,,,
2024-12-26,Drift,,5849.099486000001,,5849.099486000001,,401.7041760000011,,401.7041760000011,,,,
2024-12-26,Flash Trade,,4465.17,,3211.3,,715.8699999999999,,476.4000000000001,,4.0,,#63b512
2024-12-25,Total,580419.7932526472,,150988.06979566178,,-310893.4817309651,,-77974.32504749126,,1.0,,#545cf8,
2024-12-25,Jupiter,,571223.0979426472,,142805.7744856618,,-309341.47557796503,,-77335.36889449126,,,,
2024-12-25,Drift,,5447.39531,,5447.39531,,1144.823847000006,,1144.823847000006,,,,
2024-12-25,Flash Trade,,3749.3,,2734.9,,-2696.83,,-1783.7800000000002,,4.0,,#63b512
2024-12-24,Total,891313.2749836122,,228962.39484315304,,-454017.98216874374,,-121211.49116468595,,1.0,,#545cf8,
2024-12-24,Jupiter,,880564.5735206122,,220141.14338015305,,-438487.56133874366,,-109621.89033468592,,,,
2024-12-24,Flash Trade,,6446.13,,4518.68,,-13275.939999999999,,-9335.119999999999,,4.0,,#63b512
2024-12-24,Drift,,4302.571462999994,,4302.571462999994,,-2254.4808300000086,,-2254.4808300000086,,,,
2024-12-23,Total,1345331.257152356,,350173.886007839,,88004.06821357971,,28504.30552764493,,1.0,,#545cf8,
2024-12-23,Jupiter,,1319052.1348593559,,329763.03371483897,,74618.2169145795,,18654.554228644876,,,,
2024-12-23,Flash Trade,,19722.07,,13853.8,,11760.689999999999,,8224.59,,4.0,,#63b512
2024-12-23,Drift,,6557.0522930000025,,6557.0522930000025,,1625.161299000003,,1625.161299000003,,,,
2024-12-22,Total,1257327.1889387763,,321669.58048019407,,-42856.642662102124,,-12963.789741275541,,1.0,,#545cf8,
2024-12-22,Jupiter,,1244433.9179447764,,311108.4794861941,,-40177.55056110211,,-10044.387640275527,,,,
2024-12-22,Flash Trade,,7961.38,,5629.21,,716.4700000000003,,476.15999999999985,,4.0,,#63b512
2024-12-22,Drift,,4931.890993999999,,4931.890993999999,,-3395.562101000003,,-3395.562101000003,,,,
2024-12-21,Total,1300183.8316008784,,334633.3702214696,,-4207546.856524902,,-1186938.5078152257,,1.0,,#545cf8,
2024-12-21,Jupiter,,1284611.4685058785,,321152.8671264696,,-4021908.7716129026,,-1005477.1929032257,,,,
2024-12-21,Drift,,8327.453095000003,,8327.453095000003,,-171715.78491200003,,-171715.78491200003,,,,
2024-12-21,Flash Trade,,7244.91,,5153.05,,-13922.3,,-9745.529999999999,,4.0,,#63b512
2024-12-20,Total,5507730.688125781,,1521571.8780366953,,-5948490.306662318,,-1519404.6160828297,,1.0,,#545cf8,
2024-12-20,Jupiter,,5306520.240118781,,1326630.0600296953,,-5895270.547439318,,-1473817.6368598295,,,,
2024-12-20,Drift,,180043.23800700004,,180043.23800700004,,-20705.599223000143,,-20705.599223000143,,,,
2024-12-20,Flash Trade,,21167.21,,14898.58,,-32514.160000000003,,-24881.379999999997,,4.0,,#63b512
2024-12-19,Total,11456220.9947881,,3040976.494119525,,10403117.966742806,,2710471.6828062017,,1.0,,#545cf8,
2024-12-19,Jupiter,,11201790.7875581,,2800447.696889525,,10252134.805248806,,2563033.7013122016,,,,
2024-12-19,Drift,,200748.83723000018,,200748.83723000018,,137295.11149400016,,137295.11149400016,,,,
2024-12-19,Flash Trade,,53681.37,,39779.96,,13688.050000000003,,10142.869999999999,,4.0,,#63b512
2024-12-18,Total,1053103.028045293,,330504.81131332327,,-1274976.6382962242,,-265186.266665306,,1.0,,#545cf8,
2024-12-18,Jupiter,,949655.982309293,,237413.99557732325,,-1356603.6688412242,,-339150.91721030604,,,,
2024-12-18,Drift,,63453.72573600002,,63453.72573600002,,50817.65054500003,,50817.65054500003,,,,
2024-12-18,Flash Trade,,39993.32,,29637.09,,30809.379999999997,,23147.0,,4.0,,#63b512
2024-12-17,Total,2328079.666341517,,595691.0779786293,,-744868.7479657168,,-183294.93726142927,,1.0,,#545cf8,
2024-12-17,Jupiter,,2306259.651150517,,576564.9127876293,,-749002.6676057167,,-187250.66690142918,,,,
2024-12-17,Drift,,12636.075190999987,,12636.075190999987,,3891.259639999984,,3891.259639999984,,,,
2024-12-17,Flash Trade,,9183.94,,6490.09,,242.65999999999985,,64.47000000000025,,4.0,,#63b512
2024-12-16,Total,3072948.414307234,,778986.0152400585,,2080152.7642886806,,523273.0140821702,,1.0,,#545cf8,
2024-12-16,Jupiter,,3055262.318756234,,763815.5796890585,,2075326.5736086806,,518831.64340217016,,,,
2024-12-16,Drift,,8744.815551000003,,8744.815551000003,,3628.270680000006,,3628.270680000006,,,,
2024-12-16,Flash Trade,,8941.28,,6425.62,,1197.920000000001,,813.0999999999995,,4.0,,#63b512
2024-12-15,Total,992795.6500185531,,255713.0011578883,,-177662.27656994306,,-48617.42582098578,,1.0,,#545cf8,
2024-12-15,Jupiter,,979935.7451475532,,244983.9362868883,,-171474.17433194316,,-42868.54358298579,,,,
2024-12-15,Flash Trade,,7743.36,,5612.52,,-1266.500000000001,,-827.2799999999997,,4.0,,#63b512
2024-12-15,Drift,,5116.544870999997,,5116.544870999997,,-4921.602237999997,,-4921.602237999997,,,,
2024-12-14,Total,1170457.9265884962,,304330.4269788741,,-144744.4187673838,,-34797.876099345915,,1.0,,#545cf8,
2024-12-14,Jupiter,,1151409.9194794963,,287852.4798698741,,-144080.68355738372,,-36020.17088934593,,,,
2024-12-14,Drift,,10038.147108999994,,10038.147108999994,,5408.274789999993,,5408.274789999993,,,,
2024-12-14,Flash Trade,,9009.86,,6439.8,,-6072.01,,-4185.9800000000005,,4.0,,#63b512
2024-12-13,Total,1315202.34535588,,339128.30307822,,-426996.8353496222,,-116622.34191490553,,1.0,,#545cf8,
2024-12-13,Jupiter,,1295490.60303688,,323872.65075922,,-408237.7645796221,,-102059.44114490552,,,,
2024-12-13,Flash Trade,,15081.87,,10625.78,,-14782.139999999998,,-10585.97,,4.0,,#63b512
2024-12-13,Drift,,4629.872319000001,,4629.872319000001,,-3976.930769999991,,-3976.930769999991,,,,
2024-12-12,Total,1742199.1807055022,,455750.6449931255,,145558.34555993066,,45649.68275248265,,1.0,,#545cf8,
2024-12-12,Jupiter,,1703728.367616502,,425932.0919041255,,126288.91040993063,,31572.227602482657,,,,
2024-12-12,Flash Trade,,29864.01,,21211.75,,18197.53,,13005.55,,4.0,,#63b512
2024-12-12,Drift,,8606.803088999992,,8606.803088999992,,1071.9051499999969,,1071.9051499999969,,,,
2024-12-11,Total,1596640.8351455715,,410100.96224064287,,-3921520.8753056647,,-1044013.560472416,,1.0,,#545cf8,
2024-12-11,Jupiter,,1577439.4572065715,,394359.86430164287,,-3832747.259777664,,-958186.814944416,,,,
2024-12-11,Flash Trade,,11666.48,,8206.2,,-11388.740000000002,,-8441.869999999999,,4.0,,#63b512
2024-12-11,Drift,,7534.897938999995,,7534.897938999995,,-77384.87552799998,,-77384.87552799998,,,,
2024-12-10,Total,5518161.710451236,,1454114.5227130589,,-2971396.002222404,,-906088.170018601,,1.0,,#545cf8,
2024-12-10,Jupiter,,5410186.716984236,,1352546.679246059,,-2733756.282938405,,-683439.0707346012,,,,
2024-12-10,Drift,,84919.77346699998,,84919.77346699998,,-182231.06928399997,,-182231.06928399997,,,,
2024-12-10,Flash Trade,,23055.22,,16648.07,,-55408.649999999994,,-40418.03,,4.0,,#63b512
2024-12-09,Total,8489557.71267364,,2360202.69273166,,7885423.162310241,,2201344.47356706,,1.0,,#545cf8,
2024-12-09,Jupiter,,8143942.999922641,,2035985.7499806602,,7554639.438324241,,1888659.8595810602,,,,
2024-12-09,Drift,,267150.84275099996,,267150.84275099996,,263289.36398599995,,263289.36398599995,,,,
2024-12-09,Flash Trade,,78463.87,,57066.1,,67494.36,,49395.25,,4.0,,#63b512
2024-12-08,Total,604134.5503633996,,158858.2191645999,,-526952.2834600634,,-131654.78944151587,,1.0,,#545cf8,
2024-12-08,Jupiter,,589303.5615983995,,147325.89039959988,,-527028.2053580635,,-131757.05133951586,,,,
2024-12-08,Flash Trade,,10969.51,,7670.85,,-206.28000000000065,,-179.9399999999996,,4.0,,#63b512
2024-12-08,Drift,,3861.4787649999985,,3861.4787649999985,,282.201897999998,,282.201897999998,,,,
2024-12-07,Total,1131086.833823463,,290513.00860611576,,-1155904.265317007,,-294783.2622015017,,1.0,,#545cf8,
2024-12-07,Jupiter,,1116331.766956463,,279082.94173911575,,-1145543.444154007,,-286385.8610385017,,,,
2024-12-07,Flash Trade,,11175.79,,7850.79,,-6300.029999999999,,-4336.61,,4.0,,#63b512
2024-12-07,Drift,,3579.2768670000005,,3579.2768670000005,,-4060.791162999986,,-4060.791162999986,,,,
2024-12-06,Total,2286991.09914047,,585296.2708076175,,-1532075.8916610684,,-406383.26246751717,,1.0,,#545cf8,
2024-12-06,Jupiter,,2261875.21111047,,565468.8027776175,,-1500021.8522580685,,-375005.4630645171,,,,
2024-12-06,Flash Trade,,17475.82,,12187.4,,-2363.0600000000013,,-1686.8199999999997,,4.0,,#63b512
2024-12-06,Drift,,7640.068029999987,,7640.068029999987,,-29690.97940300004,,-29690.97940300004,,,,
2024-12-05,Total,3819066.9908015383,,991679.5332751346,,1746913.803737858,,458498.91658621456,,1.0,,#545cf8,
2024-12-05,Jupiter,,3761897.0633685384,,940474.2658421346,,1713973.382868858,,428493.3457172145,,,,
2024-12-05,Drift,,37331.04743300003,,37331.04743300003,,22944.030869000046,,22944.030869000046,,,,
2024-12-05,Flash Trade,,19838.88,,13874.22,,9996.390000000001,,7061.539999999999,,4.0,,#63b512
2024-12-04,Total,2072153.1870636803,,533180.6166889201,,-1063203.8340925786,,-293840.15976314456,,1.0,,#545cf8,
2024-12-04,Jupiter,,2047923.6804996803,,511980.9201249201,,-1022560.4457725785,,-255640.11144314462,,,,
2024-12-04,Drift,,14387.016563999985,,14387.016563999985,,-32196.848319999946,,-32196.848319999946,,,,
2024-12-04,Flash Trade,,9842.49,,6812.68,,-8446.539999999999,,-6003.199999999999,,4.0,,#63b512
2024-12-03,Total,3135357.021156259,,827020.7764520646,,-1742650.5511713084,,-445631.64697782707,,1.0,,#545cf8,
2024-12-03,Jupiter,,3070484.126272259,,767621.0315680647,,-1723444.1255913083,,-430861.0313978271,,,,
2024-12-03,Drift,,46583.86488399993,,46583.86488399993,,-4374.625580000058,,-4374.625580000058,,,,
2024-12-03,Flash Trade,,18289.03,,12815.88,,-14831.800000000003,,-10395.99,,4.0,,#63b512
2024-12-02,Total,4878007.572327567,,1272652.4234298917,,3435228.8568578474,,902261.0974849617,,1.0,,#545cf8,
2024-12-02,Jupiter,,4793928.251863567,,1198482.0629658918,,3369732.8791638473,,842433.2197909618,,,,
2024-12-02,Drift,,50958.49046399999,,50958.49046399999,,46457.357693999984,,46457.357693999984,,,,
2024-12-02,Flash Trade,,33120.83,,23211.87,,19038.620000000003,,13370.519999999999,,4.0,,#63b512
2024-12-01,Total,1442778.7154697198,,370391.32594492997,,431484.06249596144,,112302.00906249037,,1.0,,#545cf8,
2024-12-01,Jupiter,,1424195.3726997199,,356048.84317492996,,422375.4045779614,,105593.85114449036,,,,
2024-12-01,Flash Trade,,14082.21,,9841.35,,7987.8099999999995,,5587.31,,4.0,,#63b512
2024-12-01,Drift,,4501.132770000002,,4501.132770000002,,1120.847918,,1120.847918,,,,
2024-11-30,Total,1011294.6529737584,,258089.3168824396,,-686788.911610912,,-174455.780149478,,1.0,,#545cf8,
2024-11-30,Jupiter,,1001819.9681217584,,250454.9920304396,,-681786.815281912,,-170446.703820478,,,,
2024-11-30,Flash Trade,,6094.4,,4254.04,,-3282.2000000000007,,-2289.1800000000003,,4.0,,#63b512
2024-11-30,Drift,,3380.284852000002,,3380.284852000002,,-1719.8963289999806,,-1719.8963289999806,,,,
2024-11-29,Total,1698083.5645846704,,432545.0970319176,,610763.4619174418,,152772.52708786045,,1.0,,#545cf8,
2024-11-29,Jupiter,,1683606.7834036704,,420901.6958509176,,610564.5664394419,,152641.14160986047,,,,
2024-11-29,Flash Trade,,9376.6,,6543.22,,501.6200000000008,,434.1100000000006,,4.0,,#63b512
2024-11-29,Drift,,5100.181180999983,,5100.181180999983,,-302.72452200001135,,-302.72452200001135,,,,
2024-11-28,Total,1087320.1026672286,,279772.56994405715,,-838205.7556596645,,-213182.60291066614,,1.0,,#545cf8,
2024-11-28,Jupiter,,1073042.2169642285,,268260.55424105714,,-830319.0569986645,,-207579.76424966613,,,,
2024-11-28,Flash Trade,,8874.98,,6109.11,,-7935.110000000001,,-5651.250000000001,,4.0,,#63b512
2024-11-28,Drift,,5402.905702999994,,5402.905702999994,,48.41133899999659,,48.41133899999659,,,,
2024-11-27,Total,1925525.858326893,,492955.1728547233,,-1083347.555808393,,-300224.44378309825,,1.0,,#545cf8,
2024-11-27,Jupiter,,1903361.273962893,,475840.31849072326,,-1042782.2827003929,,-260695.57067509822,,,,
2024-11-27,Flash Trade,,16810.09,,11760.36,,-3566.3899999999994,,-2529.99,,4.0,,#63b512
2024-11-27,Drift,,5354.494363999997,,5354.494363999997,,-36998.883108000024,,-36998.883108000024,,,,
2024-11-26,Total,3008873.414135286,,793179.6166378215,,172974.96009503538,,42466.01492250897,,1.0,,#545cf8,
2024-11-26,Jupiter,,2946143.556663286,,736535.8891658215,,176752.94023003522,,44188.235057508806,,,,
2024-11-26,Drift,,42353.37747200002,,42353.37747200002,,4219.15986500014,,4219.15986500014,,,,
2024-11-26,Flash Trade,,20376.48,,14290.35,,-7997.139999999999,,-5941.379999999999,,4.0,,#63b512
2024-11-25,Total,2835898.4540402507,,750713.6017153126,,1137560.6968019644,,292075.81258099107,,1.0,,#545cf8,
2024-11-25,Jupiter,,2769390.6164332507,,692347.6541083127,,1122750.0856279645,,280687.5214069911,,,,
2024-11-25,Drift,,38134.21760699988,,38134.21760699988,,2249.12117399992,,2249.12117399992,,,,
2024-11-25,Flash Trade,,28373.62,,20231.73,,12561.49,,9139.17,,4.0,,#63b512
2024-11-24,Total,1698337.7572382863,,458637.7891343215,,-474416.1770759395,,-100071.15373423498,,1.0,,#545cf8,
2024-11-24,Jupiter,,1646640.5308052863,,411660.13270132156,,-501191.3377889397,,-125297.83444723493,,,,
2024-11-24,Drift,,35885.09643299996,,35885.09643299996,,21569.650712999966,,21569.650712999966,,,,
2024-11-24,Flash Trade,,15812.13,,11092.56,,5205.509999999998,,3657.0299999999997,,4.0,,#63b512
2024-11-23,Total,2172753.934314226,,558708.9428685565,,-269475.4638841478,,-73779.89575778693,,1.0,,#545cf8,
2024-11-23,Jupiter,,2147831.868594226,,536957.9671485565,,-261669.61083514756,,-65417.40270878689,,,,
2024-11-23,Drift,,14315.445719999994,,14315.445719999994,,-9647.793049000034,,-9647.793049000034,,,,
2024-11-23,Flash Trade,,10606.62,,7435.53,,1841.9400000000005,,1285.3000000000002,,4.0,,#63b512
2024-11-22,Total,2442229.3981983736,,632488.8386263434,,-1106170.3631005017,,-274184.80873987544,,1.0,,#545cf8,
2024-11-22,Jupiter,,2409501.4794293735,,602375.3698573434,,-1104993.139147502,,-276248.2847868755,,,,
2024-11-22,Drift,,23963.23876900003,,23963.23876900003,,9719.146047000013,,9719.146047000013,,,,
2024-11-22,Flash Trade,,8764.68,,6150.23,,-10896.369999999999,,-7655.67,,4.0,,#63b512
2024-11-21,Total,3548399.7612988753,,906673.6473662189,,1637066.1268123887,,412648.7854710972,,1.0,,#545cf8,
2024-11-21,Jupiter,,3514494.6185768754,,878623.6546442189,,1628228.6817883889,,407057.1704470972,,,,
2024-11-21,Drift,,14244.092722000016,,14244.092722000016,,-1862.3749759999937,,-1862.3749759999937,,,,
2024-11-21,Flash Trade,,19661.05,,13805.9,,10699.82,,7453.99,,4.0,,#63b512
2024-11-20,Total,1911333.6344864867,,494024.86189512163,,20447.150969154667,,7702.461628288613,,1.0,,#545cf8,
2024-11-20,Jupiter,,1886265.9367884865,,471566.48419712164,,19080.919121154584,,4770.229780288646,,,,
2024-11-20,Drift,,16106.46769800001,,16106.46769800001,,6976.091847999996,,6976.091847999996,,,,
2024-11-20,Flash Trade,,8961.23,,6351.91,,-5609.860000000001,,-4043.8600000000006,,4.0,,#63b512
2024-11-19,Total,1890886.483517332,,486322.400266833,,-471863.86695813295,,-120973.21489828324,,1.0,,#545cf8,
2024-11-19,Jupiter,,1867185.017667332,,466796.254416833,,-469316.18941313284,,-117329.04735328321,,,,
2024-11-19,Flash Trade,,14571.09,,10395.77,,4065.6800000000003,,2969.1900000000005,,4.0,,#63b512
2024-11-19,Drift,,9130.375850000013,,9130.375850000013,,-6613.357545000015,,-6613.357545000015,,,,
2024-11-18,Total,2362750.350475465,,607295.6151651163,,187771.6850249404,,37431.82268373517,,1.0,,#545cf8,
2024-11-18,Jupiter,,2336501.207080465,,584125.3017701162,,202347.1364549403,,50586.78411373508,,,,
2024-11-18,Drift,,15743.733395000028,,15743.733395000028,,-9934.281429999966,,-9934.281429999966,,,,
2024-11-18,Flash Trade,,10505.41,,7426.58,,-4641.17,,-3220.6800000000003,,4.0,,#63b512
2024-11-17,Total,2174978.6654505245,,569863.7924813811,,999010.1349978149,,267635.5706309537,,1.0,,#545cf8,
2024-11-17,Jupiter,,2134154.0706255245,,533538.5176563811,,972715.979155815,,243178.99478895374,,,,
2024-11-17,Drift,,25678.014824999995,,25678.014824999995,,20320.505841999995,,20320.505841999995,,,,
2024-11-17,Flash Trade,,15146.58,,10647.26,,5973.65,,4136.070000000001,,4.0,,#63b512
2024-11-16,Total,1175968.5304527096,,302228.2218504274,,-339916.1480731147,,-98600.68888677872,,1.0,,#545cf8,
2024-11-16,Jupiter,,1161438.0914697095,,290359.5228674274,,-320512.31891511474,,-80128.07972877868,,,,
2024-11-16,Flash Trade,,9172.93,,6511.19,,-3304.4300000000003,,-2373.21,,4.0,,#63b512
2024-11-16,Drift,,5357.508983000001,,5357.508983000001,,-16099.399158000026,,-16099.399158000026,,,,
2024-11-15,Total,1515884.6785258243,,400828.9107372061,,-256172.68574138964,,-62193.65409134742,,1.0,,#545cf8,
2024-11-15,Jupiter,,1481950.4103848243,,370487.60259620607,,-259458.53553338978,,-64864.633883347444,,,,
2024-11-15,Drift,,21456.908141000025,,21456.908141000025,,1509.6997920000322,,1509.6997920000322,,,,
2024-11-15,Flash Trade,,12477.36,,8884.4,,1776.1500000000015,,1161.2799999999997,,4.0,,#63b512
2024-11-14,Total,1772057.364267214,,463022.5648285535,,-1103168.0470738786,,-316793.4892087195,,1.0,,#545cf8,
2024-11-14,Jupiter,,1741408.945918214,,435352.2364795535,,-1045961.4504868784,,-261490.3626217196,,,,
2024-11-14,Drift,,19947.208348999993,,19947.208348999993,,-50917.35658699999,,-50917.35658699999,,,,
2024-11-14,Flash Trade,,10701.21,,7723.12,,-6289.240000000002,,-4385.7699999999995,,4.0,,#63b512
2024-11-13,Total,2875225.4113410925,,779816.054037273,,-43088.618110826705,,104.13437229336705,,1.0,,#545cf8,
2024-11-13,Jupiter,,2787370.3964050924,,696842.5991012731,,-53683.6033108267,,-13420.900827706675,,,,
2024-11-13,Drift,,70864.56493599998,,70864.56493599998,,19932.035200000042,,19932.035200000042,,,,
2024-11-13,Flash Trade,,16990.45,,12108.89,,-9337.05,,-6407.0,,4.0,,#63b512
2024-11-12,Total,2918314.0294519193,,779711.9196649797,,430464.8984568878,,133319.25949122175,,1.0,,#545cf8,
2024-11-12,Jupiter,,2841053.999715919,,710263.4999289798,,396123.7186208875,,99030.92965522187,,,,
2024-11-12,Drift,,50932.52973599994,,50932.52973599994,,33880.60983599991,,33880.60983599991,,,,
2024-11-12,Flash Trade,,26327.5,,18515.89,,460.5699999999997,,407.72000000000116,,4.0,,#63b512
2024-11-11,Total,2487849.1309950314,,646392.6601737579,,-210936.18832838628,,-63029.88859209651,,1.0,,#545cf8,
2024-11-11,Jupiter,,2444930.2810950316,,611232.5702737579,,-192286.91964838607,,-48071.72991209652,,,,
2024-11-11,Flash Trade,,25866.93,,18108.17,,-13185.64,,-9494.530000000002,,4.0,,#63b512
2024-11-11,Drift,,17051.91990000003,,17051.91990000003,,-5463.628679999947,,-5463.628679999947,,,,
2024-11-10,Total,2698785.3193234177,,709422.5487658544,,2046879.738593113,,526745.2918522782,,1.0,,#545cf8,
2024-11-10,Jupiter,,2637217.2007434177,,659304.3001858544,,2016770.022321113,,504192.50558027823,,,,
2024-11-10,Flash Trade,,39052.57,,27602.7,,25873.14,,18316.21,,4.0,,#63b512
2024-11-10,Drift,,22515.548579999977,,22515.548579999977,,4236.576271999973,,4236.576271999973,,,,
2024-11-09,Total,651905.5807303048,,182677.25691357622,,-1002220.3586234478,,-246726.85033086198,,1.0,,#545cf8,
2024-11-09,Jupiter,,620447.1784223048,,155111.7946055762,,-1005520.3177234479,,-251380.07943086198,,,,
2024-11-09,Drift,,18278.972308000004,,18278.972308000004,,8229.109099999996,,8229.109099999996,,,,
2024-11-09,Flash Trade,,13179.43,,9286.49,,-4929.1500000000015,,-3575.880000000001,,4.0,,#63b512
2024-11-08,Total,1654125.9393537526,,429404.1072444382,,18336.05038460018,,9706.859913900087,,1.0,,#545cf8,
2024-11-08,Jupiter,,1625967.4961457527,,406491.8740364382,,10213.92062760028,,2553.48015690007,,,,
2024-11-08,Flash Trade,,18108.58,,12862.37,,3596.100000000002,,2627.3500000000004,,4.0,,#63b512
2024-11-08,Drift,,10049.863208000008,,10049.863208000008,,4526.0297570000175,,4526.0297570000175,,,,
2024-11-07,Total,1635789.8889691525,,419697.2473305381,,-1839908.8844793688,,-478022.2424755923,,1.0,,#545cf8,
2024-11-07,Jupiter,,1615753.5755181524,,403938.3938795381,,-1808210.549338369,,-452052.63733459223,,,,
2024-11-07,Flash Trade,,14512.48,,10235.02,,-19794.62,,-14065.89,,4.0,,#63b512
2024-11-07,Drift,,5523.83345099999,,5523.83345099999,,-11903.71514100003,,-11903.71514100003,,,,
2024-11-06,Total,3475698.7734485213,,897719.4898061304,,2550898.1723861685,,657739.9499055423,,1.0,,#545cf8,
2024-11-06,Jupiter,,3423964.1248565214,,855991.0312141303,,2515742.269974169,,628935.5674935422,,,,
2024-11-06,Flash Trade,,34307.1,,24300.91,,22032.05,,15680.53,,4.0,,#63b512
2024-11-06,Drift,,17427.54859200002,,17427.54859200002,,13123.852412000022,,13123.852412000022,,,,
2024-11-05,Total,924800.6010623525,,239979.53990058813,,-353408.91370334756,,-95561.99653833688,,1.0,,#545cf8,
2024-11-05,Jupiter,,908221.8548823525,,227055.46372058813,,-341712.32955334755,,-85428.08238833689,,,,
2024-11-05,Flash Trade,,12275.05,,8620.38,,-5596.57,,-4033.9000000000015,,4.0,,#63b512
2024-11-05,Drift,,4303.696179999999,,4303.696179999999,,-6100.014150000001,,-6100.014150000001,,,,
2024-11-04,Total,1278209.5147657,,335541.536438925,,228169.6132630324,,49486.98295275809,,1.0,,#545cf8,
2024-11-04,Jupiter,,1249934.1844357,,312483.546108925,,236734.97374703246,,59183.743436758115,,,,
2024-11-04,Flash Trade,,17871.62,,12654.28,,3834.3199999999997,,2702.92,,4.0,,#63b512
2024-11-04,Drift,,10403.71033,,10403.71033,,-12399.68048400001,,-12399.68048400001,,,,
2024-11-03,Total,1050039.9015026677,,286054.55348616693,,543324.5049199591,,153935.72127173978,,1.0,,#545cf8,
2024-11-03,Jupiter,,1013199.2106886676,,253299.8026721669,,514997.031530959,,128749.25788273975,,,,
2024-11-03,Drift,,22803.39081400001,,22803.39081400001,,17715.76338900001,,17715.76338900001,,,,
2024-11-03,Flash Trade,,14037.3,,9951.36,,10611.71,,7470.700000000001,,4.0,,#63b512
2024-11-02,Total,506715.3965827086,,132118.83221442715,,-740459.445783967,,-191158.2424587418,,1.0,,#545cf8,
2024-11-02,Jupiter,,498202.1791577086,,124550.54478942715,,-731150.4577669671,,-182787.61444174178,,,,
2024-11-02,Drift,,5087.627424999999,,5087.627424999999,,-6279.418017,,-6279.418017,,,,
2024-11-02,Flash Trade,,3425.59,,2480.66,,-3029.5699999999997,,-2091.21,,4.0,,#63b512
2024-11-01,Total,1247174.8423666756,,323277.07467316894,,287213.49708501133,,73459.11424575289,,1.0,,#545cf8,
2024-11-01,Jupiter,,1229352.6369246757,,307338.1592311689,,285086.1771190114,,71271.54427975285,,,,
2024-11-01,Drift,,11367.045441999999,,11367.045441999999,,2330.949966000002,,2330.949966000002,,,,
2024-11-01,Flash Trade,,6455.16,,4571.87,,-203.6300000000001,,-143.3800000000001,,4.0,,#63b512
2024-10-31,Total,959961.3452816643,,249817.96042741605,,188273.00593000255,,43782.135172500624,,1.0,,#545cf8,
2024-10-31,Jupiter,,944266.4598056643,,236066.61495141606,,194061.84101000254,,48515.460252500634,,,,
2024-10-31,Drift,,9036.095475999997,,9036.095475999997,,-2307.0050800000045,,-2307.0050800000045,,,,
2024-10-31,Flash Trade,,6658.79,,4715.25,,-3481.830000000001,,-2426.3199999999997,,4.0,,#63b512
2024-10-30,Total,771688.3393516617,,206035.82525491543,,-774524.5036564439,,-195552.437739861,,1.0,,#545cf8,
2024-10-30,Jupiter,,750204.6187956617,,187551.15469891543,,-771137.474555444,,-192784.368638861,,,,
2024-10-30,Drift,,11343.100556000001,,11343.100556000001,,-1227.7191009999915,,-1227.7191009999915,,,,
2024-10-30,Flash Trade,,10140.62,,7141.57,,-2159.3099999999995,,-1540.3500000000004,,4.0,,#63b512
2024-10-29,Total,1546212.8430081056,,401588.2629947764,,552120.5938644,,143628.35024435003,,1.0,,#545cf8,
2024-10-29,Jupiter,,1521342.0933511057,,380335.5233377764,,543967.3114934001,,135991.82787335003,,,,
2024-10-29,Drift,,12570.819656999993,,12570.819656999993,,6618.93237099999,,6618.93237099999,,,,
2024-10-29,Flash Trade,,12299.93,,8681.92,,1534.3500000000004,,1017.5900000000001,,4.0,,#63b512
2024-10-28,Total,994092.2491437056,,257959.9127504264,,427182.9003878493,,112139.91041246231,,1.0,,#545cf8,
2024-10-28,Jupiter,,977374.7818577056,,244343.6954644264,,417982.4666338493,,104495.61665846233,,,,
2024-10-28,Flash Trade,,10765.58,,7664.33,,5415.18,,3859.04,,4.0,,#63b512
2024-10-28,Drift,,5951.887286000003,,5951.887286000003,,3785.2537540000017,,3785.2537540000017,,,,
2024-10-27,Total,566909.3487558563,,145820.00233796408,,-225467.5835920081,,-56280.35713150201,,1.0,,#545cf8,
2024-10-27,Jupiter,,559392.3152238562,,139848.07880596406,,-225816.92861400812,,-56454.23215350203,,,,
2024-10-27,Flash Trade,,5350.4,,3805.29,,687.5099999999993,,512.04,,4.0,,#63b512
2024-10-27,Drift,,2166.633532000001,,2166.633532000001,,-338.164977999998,,-338.164977999998,,,,
2024-10-26,Total,792376.9323478644,,202100.3594694661,,-549655.4123750601,,-167770.46990226506,,1.0,,#545cf8,
2024-10-26,Jupiter,,785209.2438378644,,196302.3109594661,,-503404.4432970602,,-125851.11082426505,,,,
2024-10-26,Flash Trade,,4662.89,,3293.25,,-16320.84,,-11989.23,,4.0,,#63b512
2024-10-26,Drift,,2504.798509999999,,2504.798509999999,,-29930.129077999994,,-29930.129077999994,,,,
2024-10-25,Total,1342032.3447229245,,369870.82937173115,,436877.86746357556,,135585.91317589392,,1.0,,#545cf8,
2024-10-25,Jupiter,,1288613.6871349246,,322153.42178373114,,396927.87238357565,,99231.96809589391,,,,
2024-10-25,Drift,,32434.927587999995,,32434.927587999995,,26258.835079999993,,26258.835079999993,,,,
2024-10-25,Flash Trade,,20983.73,,15282.48,,13691.16,,10095.11,,4.0,,#63b512
2024-10-24,Total,905154.477259349,,234284.91619583723,,-429339.90378691617,,-112752.59346572906,,1.0,,#545cf8,
2024-10-24,Jupiter,,891685.8147513489,,222921.45368783723,,-417873.3470949163,,-104468.33677372907,,,,
2024-10-24,Drift,,6176.0925080000015,,6176.0925080000015,,-520.2266919999965,,-520.2266919999965,,,,
2024-10-24,Flash Trade,,7292.57,,5187.37,,-10946.330000000002,,-7764.03,,4.0,,#63b512
2024-10-23,Total,1334494.3810462651,,347037.5096615663,,541394.814048107,,139774.15506027677,,1.0,,#545cf8,
2024-10-23,Jupiter,,1309559.1618462652,,327389.7904615663,,532395.985317107,,133098.99632927676,,,,
2024-10-23,Flash Trade,,18238.9,,12951.4,,7761.120000000001,,5437.45,,4.0,,#63b512
2024-10-23,Drift,,6696.319199999998,,6696.319199999998,,1237.7087310000052,,1237.7087310000052,,,,
2024-10-22,Total,793099.5669981581,,207263.35460128952,,-805170.8782539475,,-207070.1440209869,,1.0,,#545cf8,
2024-10-22,Jupiter,,777163.1765291581,,194290.79413228953,,-792553.0456439476,,-198138.2614109869,,,,
2024-10-22,Flash Trade,,10477.78,,7513.95,,-12360.42,,-8674.470000000001,,4.0,,#63b512
2024-10-22,Drift,,5458.610468999993,,5458.610468999993,,-257.41261000002305,,-257.41261000002305,,,,
2024-10-21,Total,1598270.4452521056,,414333.4986222764,,750290.5223211814,,189552.38737729535,,1.0,,#545cf8,
2024-10-21,Jupiter,,1569716.2221731057,,392429.0555432764,,744884.6999251815,,186221.17498129536,,,,
2024-10-21,Flash Trade,,22838.2,,16188.42,,7404.91,,5330.299999999999,,4.0,,#63b512
2024-10-21,Drift,,5716.023079000016,,5716.023079000016,,-1999.0876039999685,,-1999.0876039999685,,,,
2024-10-20,Total,847979.9229309242,,224781.11124498106,,490063.3793594761,,127745.09822886903,,1.0,,#545cf8,
2024-10-20,Jupiter,,824831.5222479242,,206207.88056198106,,482855.0015074761,,120713.75037686902,,,,
2024-10-20,Flash Trade,,15433.29,,10858.12,,677.0700000000015,,500.0400000000009,,4.0,,#63b512
2024-10-20,Drift,,7715.110682999984,,7715.110682999984,,6531.307851999984,,6531.307851999984,,,,
2024-10-19,Total,357916.5435714481,,97036.01301611203,,-129498.86336997588,,-29925.234474243975,,1.0,,#545cf8,
2024-10-19,Jupiter,,341976.52074044815,,85494.13018511204,,-135753.89186097588,,-33938.47296524397,,,,
2024-10-19,Flash Trade,,14756.22,,10358.08,,7458.24,,5216.45,,4.0,,#63b512
2024-10-19,Drift,,1183.8028309999997,,1183.8028309999997,,-1203.211509,,-1203.211509,,,,
2024-10-18,Total,487415.406941424,,126961.247490356,,-54439.28907547612,,-24241.57209936902,,1.0,,#545cf8,
2024-10-18,Jupiter,,477730.41260142403,,119432.60315035601,,-34581.88930147607,,-8645.472325369017,,,,
2024-10-18,Flash Trade,,7297.98,,5141.63,,-15491.130000000001,,-11229.829999999998,,4.0,,#63b512
2024-10-18,Drift,,2387.0143399999997,,2387.0143399999997,,-4366.2697739999985,,-4366.2697739999985,,,,
2024-10-17,Total,541854.6960169001,,151202.81958972503,,40692.76772292575,,15454.480445981433,,1.0,,#545cf8,
2024-10-17,Jupiter,,512312.3019029001,,128078.07547572503,,31346.063035925734,,7836.5157589814335,,,,
2024-10-17,Flash Trade,,22789.11,,16371.46,,6624.310000000001,,4895.57,,4.0,,#63b512
2024-10-17,Drift,,6753.284113999998,,6753.284113999998,,2722.3946869999945,,2722.3946869999945,,,,
2024-10-16,Total,501161.9282939744,,135748.3391437436,,-631311.7031467108,,-162419.29923042774,,1.0,,#545cf8,
2024-10-16,Jupiter,,480966.23886697437,,120241.55971674359,,-623871.0452217108,,-155967.7613054277,,,,
2024-10-16,Flash Trade,,16164.8,,11475.89,,-3470.850000000002,,-2481.7300000000014,,4.0,,#63b512
2024-10-16,Drift,,4030.8894270000037,,4030.8894270000037,,-3969.8079250000137,,-3969.8079250000137,,,,
2024-10-15,Total,1132473.6314406851,,298167.63837417134,,-165242.5549187141,,-40844.30104467843,,1.0,,#545cf8,
2024-10-15,Jupiter,,1104837.2840886852,,276209.3210221713,,-165617.938498714,,-41404.4846246785,,,,
2024-10-15,Flash Trade,,19635.65,,13957.62,,42.090000000000146,,226.89000000000124,,4.0,,#63b512
2024-10-15,Drift,,8000.697352000017,,8000.697352000017,,333.29358000001776,,333.29358000001776,,,,
2024-10-14,Total,1297716.1863593992,,339011.93941884977,,846900.9610242565,,220612.5684730641,,1.0,,#545cf8,
2024-10-14,Jupiter,,1270455.2225873992,,317613.8056468498,,830907.5900682565,,207726.89751706412,,,,
2024-10-14,Flash Trade,,19593.56,,13730.73,,10251.410000000002,,7143.709999999999,,4.0,,#63b512
2024-10-14,Drift,,7667.403772,,7667.403772,,5741.960956,,5741.960956,,,,
2024-10-13,Total,450815.2253351427,,118399.37094578567,,25130.689143197786,,4560.873115049442,,1.0,,#545cf8,
2024-10-13,Jupiter,,439547.6325191427,,109886.90812978568,,29024.914704197785,,7256.228676049446,,,,
2024-10-13,Flash Trade,,9342.15,,6587.02,,-4352.390000000001,,-3153.5200000000004,,4.0,,#63b512
2024-10-13,Drift,,1925.442816,,1925.442816,,458.16443900000013,,458.16443900000013,,,,
2024-10-12,Total,425684.5361919449,,113838.49783073623,,-44303.663677133794,,-12120.367461283444,,1.0,,#545cf8,
2024-10-12,Jupiter,,410522.7178149449,,102630.67945373623,,-43812.62162113376,,-10953.15540528344,,,,
2024-10-12,Flash Trade,,13694.54,,9740.54,,2278.790000000001,,1602.6200000000008,,4.0,,#63b512
2024-10-12,Drift,,1467.2783769999999,,1467.2783769999999,,-2769.8320559999993,,-2769.8320559999993,,,,
2024-10-11,Total,469988.1998690787,,125958.86529201968,,-164360.61066228722,,-45521.83670507182,,1.0,,#545cf8,
2024-10-11,Jupiter,,454335.3394360787,,113583.83485901967,,-155910.08527628728,,-38977.52131907182,,,,
2024-10-11,Flash Trade,,11415.75,,8137.92,,-5979.290000000001,,-4073.08,,4.0,,#63b512
2024-10-11,Drift,,4237.110432999999,,4237.110432999999,,-2471.2353860000076,,-2471.2353860000076,,,,
2024-10-10,Total,634348.8105313659,,171480.7019970915,,100926.48472511955,,28079.67487952992,,1.0,,#545cf8,
2024-10-10,Jupiter,,610245.424712366,,152561.3561780915,,94800.83979411965,,23700.20994852991,,,,
2024-10-10,Flash Trade,,17395.04,,12211.0,,5518.92,,3772.74,,4.0,,#63b512
2024-10-10,Drift,,6708.3458190000065,,6708.3458190000065,,606.7249310000061,,606.7249310000061,,,,
2024-10-09,Total,533422.3258062464,,143401.02711756158,,56482.55828967481,,14997.663475418682,,1.0,,#545cf8,
2024-10-09,Jupiter,,515444.5849182463,,128861.14622956158,,56115.23308567476,,14028.80827141869,,,,
2024-10-09,Flash Trade,,11876.12,,8438.26,,-1746.3199999999997,,-1144.789999999999,,4.0,,#63b512
2024-10-09,Drift,,6101.620888,,6101.620888,,2113.645203999998,,2113.645203999998,,,,
2024-10-08,Total,476939.76751657156,,128403.3636421429,,-565771.7839821039,,-146435.84113927593,,1.0,,#545cf8,
2024-10-08,Jupiter,,459329.35183257156,,114832.33795814289,,-558374.8304571039,,-139593.70761427598,,,,
2024-10-08,Flash Trade,,13622.44,,9583.05,,-3547.050000000001,,-2992.2300000000014,,4.0,,#63b512
2024-10-08,Drift,,3987.9756840000023,,3987.9756840000023,,-3849.9035249999956,,-3849.9035249999956,,,,
2024-10-07,Total,1042711.5514986755,,274839.20478141884,,736172.408306022,,190429.23312575548,,1.0,,#545cf8,
2024-10-07,Jupiter,,1017704.1822896755,,254426.04557241887,,723733.766907022,,180933.4417267555,,,,
2024-10-07,Flash Trade,,17169.49,,12575.28,,10865.560000000001,,7922.710000000001,,4.0,,#63b512
2024-10-07,Drift,,7837.879208999998,,7837.879208999998,,1573.0813990000097,,1573.0813990000097,,,,
2024-10-06,Total,306539.1431926535,,84409.97165566336,,-85457.77306648798,,-16821.874761622006,,1.0,,#545cf8,
2024-10-06,Jupiter,,293970.4153826535,,73492.60384566337,,-92152.70440648799,,-23038.176101621997,,,,
2024-10-06,Drift,,6264.797809999988,,6264.797809999988,,4248.431339999988,,4248.431339999988,,,,
2024-10-06,Flash Trade,,6303.93,,4652.57,,2446.5000000000005,,1967.87,,4.0,,#63b512
2024-10-05,Total,391996.91625914146,,101231.84641728537,,-214228.33517989347,,-62645.08835597338,,1.0,,#545cf8,
2024-10-05,Jupiter,,386123.11978914146,,96530.77994728537,,-195213.5024318935,,-48803.37560797337,,,,
2024-10-05,Flash Trade,,3857.43,,2684.7,,-17672.75,,-12499.630000000001,,4.0,,#63b512
2024-10-05,Drift,,2016.36647,,2016.36647,,-1342.0827480000012,,-1342.0827480000012,,,,
2024-10-04,Total,606225.2514390349,,163876.93477325875,,-414394.5412389549,,-121847.19238898868,,1.0,,#545cf8,
2024-10-04,Jupiter,,581336.622221035,,145334.15555525874,,-386404.0117999548,,-96601.0029499887,,,,
2024-10-04,Flash Trade,,21530.18,,15184.33,,-9421.39,,-6677.050000000001,,4.0,,#63b512
2024-10-04,Drift,,3358.449218000001,,3358.449218000001,,-18569.13943900002,,-18569.13943900002,,,,
2024-10-03,Total,1020619.7926779898,,285724.12716224743,,-43842.40084950661,,-7117.696124376671,,1.0,,#545cf8,
2024-10-03,Jupiter,,967740.6340209898,,241935.15850524744,,-47463.01963350666,,-11865.754908376664,,,,
2024-10-03,Drift,,21927.588657000022,,21927.588657000022,,7520.258784000009,,7520.258784000009,,,,
2024-10-03,Flash Trade,,30951.57,,21861.38,,-3899.6399999999994,,-2772.2000000000007,,4.0,,#63b512
2024-10-02,Total,1064462.1935274964,,292841.8232866241,,-785034.0913878237,,-220055.9453534559,,1.0,,#545cf8,
2024-10-02,Jupiter,,1015203.6536544964,,253800.9134136241,,-745738.3680458236,,-186434.5920114559,,,,
2024-10-02,Flash Trade,,34851.21,,24633.58,,-19648.03,,-13973.659999999996,,4.0,,#63b512
2024-10-02,Drift,,14407.329873000013,,14407.329873000013,,-19647.693341999988,,-19647.693341999988,,,,
2024-10-01,Total,1849496.28491532,,512897.76864008,,885131.3890742556,,258921.51441406386,,1.0,,#545cf8,
2024-10-01,Jupiter,,1760942.02170032,,440235.50542508,,819113.3128802555,,204778.32822006388,,,,
2024-10-01,Flash Trade,,54499.24,,38607.24,,40639.399999999994,,28764.51,,4.0,,#63b512
2024-10-01,Drift,,34055.023215,,34055.023215,,25378.676194000007,,25378.676194000007,,,,
2024-09-30,Total,964364.8958410645,,253976.25422601614,,521175.7316683959,,135900.61859059898,,1.0,,#545cf8,
2024-09-30,Jupiter,,941828.7088200646,,235457.17720501614,,512852.270770396,,128213.067692599,,,,
2024-09-30,Flash Trade,,13859.84,,9842.73,,1880.630000000001,,1244.7199999999993,,4.0,,#63b512
2024-09-30,Drift,,8676.347020999994,,8676.347020999994,,6442.830897999994,,6442.830897999994,,,,
2024-09-29,Total,443189.1641726686,,118075.63563541714,,105674.9796586273,,29030.89722340682,,1.0,,#545cf8,
2024-09-29,Jupiter,,428976.43804966856,,107244.10951241714,,99813.78991362726,,24953.447478406815,,,,
2024-09-29,Flash Trade,,11979.21,,8598.01,,6137.659999999999,,4353.92,,4.0,,#63b512
2024-09-29,Drift,,2233.5161230000003,,2233.5161230000003,,-276.47025499999927,,-276.47025499999927,,,,
2024-09-28,Total,337514.1845140413,,89044.73841201032,,-412648.4025291251,,-109001.96416953126,,1.0,,#545cf8,
2024-09-28,Jupiter,,329162.6481360413,,82290.66203401033,,-400063.33114612504,,-100015.83278653126,,,,
2024-09-28,Flash Trade,,5841.55,,4244.09,,-11699.900000000001,,-8100.959999999999,,4.0,,#63b512
2024-09-28,Drift,,2509.9863779999996,,2509.9863779999996,,-885.1713829999999,,-885.1713829999999,,,,
2024-09-27,Total,750162.5870431664,,198046.70258154158,,-236653.38192945393,,-63312.1135751135,,1.0,,#545cf8,
2024-09-27,Jupiter,,729225.9792821663,,182306.4948205416,,-229595.90447245399,,-57398.976118113496,,,,
2024-09-27,Flash Trade,,17541.45,,12345.05,,-3535.7199999999975,,-2391.380000000001,,4.0,,#63b512
2024-09-27,Drift,,3395.1577609999995,,3395.1577609999995,,-3521.7574569999915,,-3521.7574569999915,,,,
2024-09-26,Total,986815.9689726203,,261358.81615665508,,306806.92561695864,,78831.62746948967,,1.0,,#545cf8,
2024-09-26,Jupiter,,958821.8837546203,,239705.47093865508,,302784.7575299586,,75696.18938248965,,,,
2024-09-26,Flash Trade,,21077.17,,14736.43,,2725.3899999999994,,1838.6599999999999,,4.0,,#63b512
2024-09-26,Drift,,6916.915217999991,,6916.915217999991,,1296.7780869999997,,1296.7780869999997,,,,
2024-09-25,Total,680009.0433556617,,182527.1886871654,,-31685.88747055456,,-15559.487175888644,,1.0,,#545cf8,
2024-09-25,Jupiter,,656037.1262246617,,164009.28155616543,,-14905.227059554541,,-3726.3067648886354,,,,
2024-09-25,Flash Trade,,18351.78,,12897.77,,-17642.340000000004,,-12694.86,,4.0,,#63b512
2024-09-25,Drift,,5620.137130999991,,5620.137130999991,,861.6795889999967,,861.6795889999967,,,,
2024-09-24,Total,711694.9308262162,,198086.67586305406,,112329.9022611134,,32699.720173028356,,1.0,,#545cf8,
2024-09-24,Jupiter,,670942.3532842163,,167735.58832105406,,101506.80278411345,,25376.70069602836,,,,
2024-09-24,Flash Trade,,35994.12,,25592.63,,12689.530000000002,,9189.45,,4.0,,#63b512
2024-09-24,Drift,,4758.457541999995,,4758.457541999995,,-1866.4305230000027,,-1866.4305230000027,,,,
2024-09-23,Total,599365.0285651028,,165386.9556900257,,39142.925310033024,,13752.390091258247,,1.0,,#545cf8,
2024-09-23,Jupiter,,569435.5505001028,,142358.8876250257,,33315.113625032944,,8328.778406258236,,,,
2024-09-23,Flash Trade,,23304.59,,16403.18,,1544.2099999999991,,1140.0100000000002,,4.0,,#63b512
2024-09-23,Drift,,6624.888064999997,,6624.888064999997,,4283.601684999997,,4283.601684999997,,,,
2024-09-22,Total,560222.1032550698,,151634.56559876745,,282643.6360398568,,75965.43019171421,,1.0,,#545cf8,
2024-09-22,Jupiter,,536120.4368750699,,134030.10921876747,,271490.7811308569,,67872.69528271422,,,,
2024-09-22,Flash Trade,,21760.38,,15263.17,,10249.570000000002,,7189.45,,4.0,,#63b512
2024-09-22,Drift,,2341.2863800000005,,2341.2863800000005,,903.2849089999993,,903.2849089999993,,,,
2024-09-21,Total,277578.467215213,,75669.13540705324,,-672311.1890830692,,-185466.9339552673,,1.0,,#545cf8,
2024-09-21,Jupiter,,264629.65574421297,,66157.41393605324,,-637663.6468370692,,-159415.9117092673,,,,
2024-09-21,Flash Trade,,11510.81,,8073.72,,-28569.200000000004,,-19972.68,,4.0,,#63b512
2024-09-21,Drift,,1438.0014710000012,,1438.0014710000012,,-6078.342245999997,,-6078.342245999997,,,,
2024-09-20,Total,949889.6562982822,,261136.06936232056,,139233.0622120006,,41596.155508500146,,1.0,,#545cf8,
2024-09-20,Jupiter,,902293.3025812822,,225573.32564532055,,125651.04893800057,,31412.762234500144,,,,
2024-09-20,Flash Trade,,40080.01,,28046.4,,11072.820000000003,,7674.200000000001,,4.0,,#63b512
2024-09-20,Drift,,7516.343716999999,,7516.343716999999,,2509.1932739999975,,2509.1932739999975,,,,
2024-09-19,Total,810656.5940862816,,219539.9138538204,,65445.72240841901,,8787.972673854732,,1.0,,#545cf8,
2024-09-19,Jupiter,,776642.2536432816,,194160.5634108204,,80674.412979419,,20168.60324485475,,,,
2024-09-19,Flash Trade,,29007.19,,20372.2,,-12576.490000000002,,-8728.43,,4.0,,#63b512
2024-09-19,Drift,,5007.150443000001,,5007.150443000001,,-2652.2005710000003,,-2652.2005710000003,,,,
2024-09-18,Total,745210.8716778626,,210751.94117996568,,323308.37763962353,,99083.86170565592,,1.0,,#545cf8,
2024-09-18,Jupiter,,695967.8406638626,,173991.96016596566,,285988.1945786236,,71497.0486446559,,,,
2024-09-18,Flash Trade,,41583.68,,29100.63,,32402.5,,22669.13,,4.0,,#63b512
2024-09-18,Drift,,7659.351014000002,,7659.351014000002,,4917.683061000002,,4917.683061000002,,,,
2024-09-17,Total,421902.49403823906,,111668.07947430976,,-7833.658099925786,,-1492.0669794814457,,1.0,,#545cf8,
2024-09-17,Jupiter,,409979.6460852391,,102494.91152130977,,-9266.32149392576,,-2316.58037348144,,,,
2024-09-17,Flash Trade,,9181.18,,6431.5,,2101.0,,1492.8500000000004,,4.0,,#63b512
2024-09-17,Drift,,2741.667952999999,,2741.667952999999,,-668.3366059999994,,-668.3366059999994,,,,
2024-09-16,Total,429736.15213816485,,113160.14645379121,,103176.88420929236,,24673.113216323094,,1.0,,#545cf8,
2024-09-16,Jupiter,,419245.96757916483,,104811.49189479121,,104751.73465729237,,26187.933664323093,,,,
2024-09-16,Flash Trade,,7080.18,,4938.65,,-261.1999999999998,,-201.17000000000007,,4.0,,#63b512
2024-09-16,Drift,,3410.0045589999986,,3410.0045589999986,,-1313.6504480000017,,-1313.6504480000017,,,,
2024-09-15,Total,326559.2679288725,,88487.03323746812,,70970.70316541888,,21940.298342604714,,1.0,,#545cf8,
2024-09-15,Jupiter,,314494.23292187246,,78623.55823046812,,64007.166430418845,,16001.791607604711,,,,
2024-09-15,Flash Trade,,7341.38,,5139.82,,3711.75,,2686.72,,4.0,,#63b512
2024-09-15,Drift,,4723.655007,,4723.655007,,3251.7867349999988,,3251.7867349999988,,,,
2024-09-14,Total,255588.5647634536,,66546.7348948634,,-256901.92462229746,,-70432.07197757436,,1.0,,#545cf8,
2024-09-14,Jupiter,,250487.06649145362,,62621.766622863404,,-245669.72352629743,,-61417.43088157436,,,,
2024-09-14,Flash Trade,,3629.63,,2453.1,,-7641.9800000000005,,-5424.42,,4.0,,#63b512
2024-09-14,Drift,,1471.8682720000015,,1471.8682720000015,,-3590.2210959999984,,-3590.2210959999984,,,,
2024-09-13,Total,512490.4893857511,,136978.80687243777,,144282.7369737649,,39294.98906769122,,1.0,,#545cf8,
2024-09-13,Jupiter,,496156.79001775105,,124039.19750443776,,138634.82387476484,,34658.70596869121,,,,
2024-09-13,Flash Trade,,11271.61,,7877.52,,3125.380000000001,,2113.75,,4.0,,#63b512
2024-09-13,Drift,,5062.089368,,5062.089368,,2522.5330990000016,,2522.5330990000016,,,,
2024-09-12,Total,368207.7524119862,,97683.81780474655,,-210897.9736637129,,-56920.54931667821,,1.0,,#545cf8,
2024-09-12,Jupiter,,357521.9661429862,,89380.49153574655,,-202666.07246271288,,-50666.51811567822,,,,
2024-09-12,Flash Trade,,8146.23,,5763.77,,-7327.220000000001,,-5349.35,,4.0,,#63b512
2024-09-12,Drift,,2539.5562689999983,,2539.5562689999983,,-904.6812010000035,,-904.6812010000035,,,,
2024-09-11,Total,579105.7260756991,,154604.36712142476,,220956.6384329371,,61336.06714348425,,1.0,,#545cf8,
2024-09-11,Jupiter,,560188.0386056991,,140047.00965142477,,209563.86838593706,,52390.967096484266,,,,
2024-09-11,Flash Trade,,15473.45,,11113.12,,9085.77,,6638.1,,4.0,,#63b512
2024-09-11,Drift,,3444.237470000002,,3444.237470000002,,2307.0000470000023,,2307.0000470000023,,,,
2024-09-10,Total,358149.087642762,,93268.2999779405,,-139228.5593741237,,-37640.944723030916,,1.0,,#545cf8,
2024-09-10,Jupiter,,350624.170219762,,87656.0425549405,,-134047.8728681237,,-33511.968217030924,,,,
2024-09-10,Flash Trade,,6387.68,,4475.02,,-3460.6399999999994,,-2408.9299999999994,,4.0,,#63b512
2024-09-10,Drift,,1137.2374229999994,,1137.2374229999994,,-1720.046506,,-1720.046506,,,,
2024-09-09,Total,497377.6470168857,,130909.24470097142,,145770.24469509686,,37259.56376502421,,1.0,,#545cf8,
2024-09-09,Jupiter,,484672.0430878857,,121168.01077197143,,144004.2812400969,,36001.070310024224,,,,
2024-09-09,Flash Trade,,9848.32,,6883.95,,1695.21,,1187.7399999999998,,4.0,,#63b512
2024-09-09,Drift,,2857.2839289999993,,2857.2839289999993,,70.75345499999912,,70.75345499999912,,,,
2024-09-08,Total,351607.40232178883,,93649.68093594721,,33319.95155459503,,9772.598739398745,,1.0,,#545cf8,
2024-09-08,Jupiter,,340667.7618477888,,85166.9404619472,,30914.803753594984,,7728.700938398746,,,,
2024-09-08,Flash Trade,,8153.11,,5696.21,,1273.8399999999992,,912.5900000000001,,4.0,,#63b512
2024-09-08,Drift,,2786.530474,,2786.530474,,1131.3078010000006,,1131.3078010000006,,,,
2024-09-07,Total,318287.4507671938,,83877.08219654846,,-769116.9731969206,,-213905.17874423013,,1.0,,#545cf8,
2024-09-07,Jupiter,,309752.95809419383,,77438.23952354846,,-727027.8059369205,,-181756.9514842301,,,,
2024-09-07,Flash Trade,,6879.27,,4783.62,,-33216.56999999999,,-23275.63,,4.0,,#63b512
2024-09-07,Drift,,1655.2226729999995,,1655.2226729999995,,-8872.597260000002,,-8872.597260000002,,,,
2024-09-06,Total,1087404.4239641144,,297782.2609407786,,215632.17954011203,,70472.309526278,,1.0,,#545cf8,
2024-09-06,Jupiter,,1036780.7640311143,,259195.19100777857,,184046.9866851119,,46011.74667127797,,,,
2024-09-06,Flash Trade,,40095.84,,28059.25,,23757.499999999996,,16632.870000000003,,4.0,,#63b512
2024-09-06,Drift,,10527.819933000002,,10527.819933000002,,7827.692855000003,,7827.692855000003,,,,
2024-09-05,Total,871772.2444240024,,227309.9514145006,,323498.19715323823,,72352.80408305957,,1.0,,#545cf8,
2024-09-05,Jupiter,,852733.7773460024,,213183.4443365006,,333449.5907602383,,83362.39769005957,,,,
2024-09-05,Flash Trade,,16338.34,,11426.38,,3521.9300000000003,,2463.7299999999996,,4.0,,#63b512
2024-09-05,Drift,,2700.127077999999,,2700.127077999999,,-13473.323607000006,,-13473.323607000006,,,,
2024-09-04,Total,548274.0472707641,,154957.14733144103,,38770.0491689872,,23334.5998654968,,1.0,,#545cf8,
2024-09-04,Jupiter,,519284.1865857641,,129821.04664644103,,17534.86573798716,,4383.71643449679,,,,
2024-09-04,Drift,,16173.450685000005,,16173.450685000005,,13717.683431000005,,13717.683431000005,,,,
2024-09-04,Flash Trade,,12816.41,,8962.65,,7517.5,,5233.2,,4.0,,#63b512
2024-09-03,Total,509503.99810177693,,131622.54746594423,,-149773.27683246532,,-40241.11235911635,,1.0,,#545cf8,
2024-09-03,Jupiter,,501749.32084777695,,125437.33021194424,,-143459.2459644653,,-35864.81149111633,,,,
2024-09-03,Flash Trade,,5298.91,,3729.45,,-6368.52,,-4430.79,,4.0,,#63b512
2024-09-03,Drift,,2455.7672539999994,,2455.7672539999994,,54.48913199999697,,54.48913199999697,,,,
2024-09-02,Total,659277.2749342422,,171863.65982506057,,69050.89075043681,,14970.655058859207,,1.0,,#545cf8,
2024-09-02,Jupiter,,645208.5668122423,,161302.14170306057,,70765.79425543686,,17691.448563859216,,,,
2024-09-02,Flash Trade,,11667.43,,8160.24,,3170.59,,2164.7,,4.0,,#63b512
2024-09-02,Drift,,2401.2781220000024,,2401.2781220000024,,-4885.493505,,-4885.493505,,,,
2024-09-01,Total,590226.3841838054,,156893.00476620137,,376908.9399534322,,101768.55847960807,,1.0,,#545cf8,
2024-09-01,Jupiter,,574442.7725568054,,143610.69313920135,,364625.9352984322,,91156.48382460805,,,,
2024-09-01,Drift,,7286.771627000003,,7286.771627000003,,6677.714655000003,,6677.714655000003,,,,
2024-09-01,Flash Trade,,8496.84,,5995.54,,5605.29,,3934.36,,4.0,,#63b512
2024-08-31,Total,213317.44423037322,,55124.4462865933,,-453188.4233586448,,-133961.0961359112,,1.0,,#545cf8,
2024-08-31,Jupiter,,209816.8372583732,,52454.2093145933,,-423170.6629636449,,-105792.66574091122,,,,
2024-08-31,Flash Trade,,2891.55,,2061.18,,-8226.029999999999,,-6376.699999999999,,4.0,,#63b512
2024-08-31,Drift,,609.0569719999995,,609.0569719999995,,-21791.730394999995,,-21791.730394999995,,,,
2024-08-30,Total,666505.8675890181,,189085.5424225045,,88603.8902520861,,33034.613915521535,,1.0,,#545cf8,
2024-08-30,Jupiter,,632987.5002220181,,158246.87505550453,,73944.22178208618,,18486.055445521546,,,,
2024-08-30,Drift,,22400.787366999994,,22400.787366999994,,12550.258469999988,,12550.258469999988,,,,
2024-08-30,Flash Trade,,11117.58,,8437.88,,2109.41,,1998.2999999999993,,4.0,,#63b512
2024-08-29,Total,577901.977336932,,156050.92850698298,,-253123.54963325115,,-63787.64560181281,,1.0,,#545cf8,
2024-08-29,Jupiter,,559043.2784399319,,139760.81960998298,,-250712.60537525115,,-62678.15134381279,,,,
2024-08-29,Drift,,9850.528897000006,,9850.528897000006,,2172.5157419999996,,2172.5157419999996,,,,
2024-08-29,Flash Trade,,9008.17,,6439.58,,-4583.459999999999,,-3282.01,,4.0,,#63b512
2024-08-28,Total,831025.5269701831,,219838.5741087958,,-185901.57807284966,,-55475.494298212405,,1.0,,#545cf8,
2024-08-28,Jupiter,,809755.8838151831,,202438.97095379577,,-169998.88503284974,,-42499.721258212434,,,,
2024-08-28,Flash Trade,,13591.63,,9721.59,,-10208.51,,-7281.59,,4.0,,#63b512
2024-08-28,Drift,,7678.013155000006,,7678.013155000006,,-5694.183039999996,,-5694.183039999996,,,,
2024-08-27,Total,1016927.1050430328,,275314.0684070082,,443755.2603845614,,123840.30200114034,,1.0,,#545cf8,
2024-08-27,Jupiter,,979754.7688480328,,244938.6922120082,,423167.0778445614,,105791.76946114036,,,,
2024-08-27,Flash Trade,,23800.14,,17003.18,,9427.92,,6888.27,,4.0,,#63b512
2024-08-27,Drift,,13372.196195000002,,13372.196195000002,,11160.262540000003,,11160.262540000003,,,,
2024-08-26,Total,573171.8446584714,,151473.76640586785,,182916.88590058417,,48485.86961214604,,1.0,,#545cf8,
2024-08-26,Jupiter,,556587.6910034714,,139146.92275086785,,176420.7683845841,,44105.19209614603,,,,
2024-08-26,Flash Trade,,14372.22,,10114.91,,7165.8099999999995,,5050.37,,4.0,,#63b512
2024-08-26,Drift,,2211.9336549999994,,2211.9336549999994,,-669.6924839999997,,-669.6924839999997,,,,
2024-08-25,Total,390254.95875788725,,102987.89679372181,,-213109.07621434925,,-55844.33201633733,,1.0,,#545cf8,
2024-08-25,Jupiter,,380166.92261888727,,95041.73065472182,,-208296.12559734925,,-52074.03139933731,,,,
2024-08-25,Flash Trade,,7206.41,,5064.54,,-3630.34,,-2587.6899999999996,,4.0,,#63b512
2024-08-25,Drift,,2881.626138999999,,2881.626138999999,,-1182.6106170000003,,-1182.6106170000003,,,,
2024-08-24,Total,603364.0349722365,,158832.22881005914,,-170719.2778664668,,-46870.29737761666,,1.0,,#545cf8,
2024-08-24,Jupiter,,588463.0482162365,,147115.76205405913,,-162894.30731846672,,-40723.57682961668,,,,
2024-08-24,Flash Trade,,10836.75,,7652.23,,-5801.27,,-4123.02,,4.0,,#63b512
2024-08-24,Drift,,4064.2367559999993,,4064.2367559999993,,-2023.7005480000007,,-2023.7005480000007,,,,
2024-08-23,Total,774083.3128387033,,205702.5261876758,,505975.0020070849,,132687.0594142712,,1.0,,#545cf8,
2024-08-23,Jupiter,,751357.3555347032,,187839.3388836758,,494905.20345708483,,123726.30086427121,,,,
2024-08-23,Flash Trade,,16638.02,,11775.25,,7130.290000000001,,5021.25,,4.0,,#63b512
2024-08-23,Drift,,6087.937304,,6087.937304,,3939.508550000001,,3939.508550000001,,,,
2024-08-22,Total,268108.3108316184,,73015.4667734046,,-188158.66084237967,,-49872.760995594916,,1.0,,#545cf8,
2024-08-22,Jupiter,,256452.15207761838,,64113.038019404594,,-182896.18646237967,,-45724.04661559492,,,,
2024-08-22,Flash Trade,,9507.73,,6754.0,,-4347.01,,-3233.25,,4.0,,#63b512
2024-08-22,Drift,,2148.428753999999,,2148.428753999999,,-915.4643800000022,,-915.4643800000022,,,,
2024-08-21,Total,456266.97167399805,,122888.22776899951,,-55583.699002226465,,-12505.19242280662,,1.0,,#545cf8,
2024-08-21,Jupiter,,439348.33853999805,,109837.08463499951,,-57661.315439226455,,-14415.328859806614,,,,
2024-08-21,Flash Trade,,13854.74,,9987.25,,1474.2299999999996,,1306.75,,4.0,,#63b512
2024-08-21,Drift,,3063.8931340000013,,3063.8931340000013,,603.3864370000038,,603.3864370000038,,,,
2024-08-20,Total,511850.6706762245,,135393.42019180613,,69536.30754661775,,16213.504784404431,,1.0,,#545cf8,
2024-08-20,Jupiter,,497009.6539792245,,124252.41349480613,,72530.35034961771,,18132.58758740443,,,,
2024-08-20,Flash Trade,,12380.51,,8680.5,,-3750.949999999999,,-2675.99,,4.0,,#63b512
2024-08-20,Drift,,2460.5066969999975,,2460.5066969999975,,756.9071969999964,,756.9071969999964,,,,
2024-08-19,Total,442314.36312960676,,119179.9154074017,,69956.95924280357,,18977.3248587009,,1.0,,#545cf8,
2024-08-19,Jupiter,,424479.3036296068,,106119.8259074017,,66492.65917880362,,16623.164794700904,,,,
2024-08-19,Flash Trade,,16131.46,,11356.49,,3790.4699999999993,,2680.33,,4.0,,#63b512
2024-08-19,Drift,,1703.5995000000012,,1703.5995000000012,,-326.1699359999982,,-326.1699359999982,,,,
2024-08-18,Total,372357.4038868032,,100202.5905487008,,147004.41743204428,,40427.60726376107,,1.0,,#545cf8,
2024-08-18,Jupiter,,357986.6444508032,,89496.6611127008,,139810.42689104425,,34952.60672276106,,,,
2024-08-18,Flash Trade,,12340.99,,8676.16,,5884.08,,4165.09,,4.0,,#63b512
2024-08-18,Drift,,2029.7694359999994,,2029.7694359999994,,1309.910541,,1309.910541,,,,
2024-08-17,Total,225352.9864547589,,59774.98328493973,,-425872.0871038148,,-113633.16043095372,,1.0,,#545cf8,
2024-08-17,Jupiter,,218176.21755975892,,54544.05438993973,,-412740.6755638148,,-103185.1688909537,,,,
2024-08-17,Flash Trade,,6456.91,,4511.07,,-9816.43,,-7133.01,,4.0,,#63b512
2024-08-17,Drift,,719.8588949999994,,719.8588949999994,,-3314.981540000001,,-3314.981540000001,,,,
2024-08-16,Total,651225.0735585737,,173408.14371589344,,-69049.50540266442,,-21236.1109086661,,1.0,,#545cf8,
2024-08-16,Jupiter,,630916.8931235737,,157729.22328089344,,-62383.31265866442,,-15595.828164666105,,,,
2024-08-16,Flash Trade,,16273.34,,11644.08,,-2595.34,,-1569.4300000000003,,4.0,,#63b512
2024-08-16,Drift,,4034.8404350000005,,4034.8404350000005,,-4070.8527440000075,,-4070.8527440000075,,,,
2024-08-15,Total,720274.5789612381,,194644.25462455954,,154541.54336103483,,33569.68709700872,,1.0,,#545cf8,
2024-08-15,Jupiter,,693300.2057822382,,173325.05144555954,,168907.40835203486,,42226.852088008716,,,,
2024-08-15,Flash Trade,,18868.68,,13213.51,,-19012.769999999997,,-13304.070000000002,,4.0,,#63b512
2024-08-15,Drift,,8105.693179000008,,8105.693179000008,,4646.905009000008,,4646.905009000008,,,,
2024-08-14,Total,565733.0356002033,,161074.56752755083,,82670.63577985688,,26737.31809021422,,1.0,,#545cf8,
2024-08-14,Jupiter,,524392.7974302033,,131098.19935755082,,69711.73025285685,,17427.932563214214,,,,
2024-08-14,Flash Trade,,37881.45,,26517.58,,12310.199999999997,,8660.68,,4.0,,#63b512
2024-08-14,Drift,,3458.78817,,3458.78817,,648.7055270000001,,648.7055270000001,,,,
2024-08-13,Total,483062.39982034644,,134337.2494373366,,-212567.91848515585,,-54796.426662288955,,1.0,,#545cf8,
2024-08-13,Jupiter,,454681.06717734644,,113670.26679433661,,-209821.18909715582,,-52455.297274288954,,,,
2024-08-13,Flash Trade,,25571.25,,17856.9,,-1462.3300000000017,,-1056.7299999999996,,4.0,,#63b512
2024-08-13,Drift,,2810.0826429999997,,2810.0826429999997,,-1284.3993880000003,,-1284.3993880000003,,,,
2024-08-12,Total,695630.3183055023,,189133.67609962556,,106979.11128220323,,31310.8187628008,,1.0,,#545cf8,
2024-08-12,Jupiter,,664502.2562745023,,166125.56406862556,,96095.76335920324,,24023.94083980081,,,,
2024-08-12,Flash Trade,,27033.58,,18913.63,,11172.450000000003,,7575.980000000001,,4.0,,#63b512
2024-08-12,Drift,,4094.482031,,4094.482031,,-289.102077,,-289.102077,,,,
2024-08-11,Total,588651.2070232991,,157822.85733682476,,282786.3118070143,,75688.82454375357,,1.0,,#545cf8,
2024-08-11,Jupiter,,568406.492915299,,142101.62322882476,,274365.7963510142,,68591.44908775356,,,,
2024-08-11,Flash Trade,,15861.13,,11337.65,,5172.23,,3849.0899999999992,,4.0,,#63b512
2024-08-11,Drift,,4383.584108,,4383.584108,,3248.285456,,3248.285456,,,,
2024-08-10,Total,305864.8952162848,,82134.0327930712,,-393134.35328851745,,-107214.96865837938,,1.0,,#545cf8,
2024-08-10,Jupiter,,294040.6965642848,,73510.1741410712,,-375097.08617351745,,-93774.27154337936,,,,
2024-08-10,Flash Trade,,10688.9,,7488.56,,-15379.750000000002,,-10783.18,,4.0,,#63b512
2024-08-10,Drift,,1135.298652,,1135.298652,,-2657.517114999999,,-2657.517114999999,,,,
2024-08-09,Total,698999.2485048022,,189349.00145145057,,-358626.27550798154,,-108084.38423724537,,1.0,,#545cf8,
2024-08-09,Jupiter,,669137.7827378022,,167284.44568445056,,-323750.3883609816,,-80937.5970902454,,,,
2024-08-09,Flash Trade,,26068.65,,18271.74,,-26040.85,,-18311.749999999996,,4.0,,#63b512
2024-08-09,Drift,,3792.815766999999,,3792.815766999999,,-8835.037147,,-8835.037147,,,,
2024-08-08,Total,1057625.5240127838,,297433.38568869594,,-203777.99344735802,,-66774.81419533951,,1.0,,#545cf8,
2024-08-08,Jupiter,,992888.1710987838,,248222.04277469596,,-165657.305669358,,-41414.3264173395,,,,
2024-08-08,Flash Trade,,52109.5,,36583.49,,-42396.399999999994,,-29636.200000000004,,4.0,,#63b512
2024-08-08,Drift,,12627.852913999997,,12627.852913999997,,4275.712221999998,,4275.712221999998,,,,
2024-08-07,Total,1261403.5174601418,,364208.19988403545,,57867.51770345797,,35342.37917686452,,1.0,,#545cf8,
2024-08-07,Jupiter,,1158545.4767681418,,289636.36919203546,,12058.59803545801,,3014.6495088645024,,,,
2024-08-07,Flash Trade,,94505.9,,66219.69,,45128.48999999999,,31647.300000000003,,4.0,,#63b512
2024-08-07,Drift,,8352.140691999999,,8352.140691999999,,680.4296680000025,,680.4296680000025,,,,
2024-08-06,Total,1203535.9997566838,,328865.82070717093,,-2110099.831138853,,-695068.5903554631,,1.0,,#545cf8,
2024-08-06,Jupiter,,1146486.8787326838,,286621.71968317096,,-1831381.3743778525,,-457845.34359446313,,,,
2024-08-06,Flash Trade,,49377.41,,34572.39,,-138166.52,,-96671.31000000001,,4.0,,#63b512
2024-08-06,Drift,,7671.7110239999965,,7671.7110239999965,,-140551.93676100002,,-140551.93676100002,,,,
2024-08-05,Total,3313635.8308955366,,1023934.4110626341,,2346099.216899166,,722487.5378862914,,1.0,,#545cf8,
2024-08-05,Jupiter,,2977868.2531105364,,744467.0632776341,,2125001.6920171655,,531250.4230042914,,,,
2024-08-05,Drift,,148223.647785,,148223.647785,,121557.77488200003,,121557.77488200003,,,,
2024-08-05,Flash Trade,,187543.93,,131243.7,,99539.75,,69679.34000000001,,4.0,,#63b512
2024-08-04,Total,967536.6139963709,,301446.8731763427,,101876.67224844021,,28775.481955860043,,1.0,,#545cf8,
2024-08-04,Jupiter,,852866.5610933709,,213216.64027334272,,92566.69372344017,,23141.673430860043,,,,
2024-08-04,Flash Trade,,88004.18,,61564.36,,12324.969999999987,,8648.800000000003,,4.0,,#63b512
2024-08-04,Drift,,26665.872902999978,,26665.872902999978,,-3014.991475000006,,-3014.991475000006,,,,
2024-08-03,Total,865659.9417479307,,272671.39122048265,,-269715.4094802515,,-89196.94598556292,,1.0,,#545cf8,
2024-08-03,Jupiter,,760299.8673699307,,190074.96684248268,,-217703.7113262515,,-54425.927831562876,,,,
2024-08-03,Flash Trade,,75679.21,,52915.56,,-58030.80999999998,,-40790.130000000005,,4.0,,#63b512
2024-08-03,Drift,,29680.864377999984,,29680.864377999984,,6019.111845999978,,6019.111845999978,,,,
2024-08-02,Total,1135375.3512281822,,361868.3372060456,,-1472140.7808127054,,-373291.68509942637,,1.0,,#545cf8,
2024-08-02,Jupiter,,978003.5786961822,,244500.89467404556,,-1468486.1676177054,,-367121.54190442635,,,,
2024-08-02,Flash Trade,,133710.02,,93705.69,,8345.569999999992,,5830.040000000008,,4.0,,#63b512
2024-08-02,Drift,,23661.752532000006,,23661.752532000006,,-12000.183195000005,,-12000.183195000005,,,,
2024-08-01,Total,2607516.1320408876,,735160.0223054719,,1061705.3101610627,,309122.08584276575,,1.0,,#545cf8,
2024-08-01,Jupiter,,2446489.7463138876,,611622.4365784719,,983195.5790910628,,245798.8947727657,,,,
2024-08-01,Flash Trade,,125364.45,,87875.65,,51005.95,,35819.409999999996,,4.0,,#63b512
2024-08-01,Drift,,35661.93572700001,,35661.93572700001,,27503.781070000015,,27503.781070000015,,,,
2024-07-31,Total,1545810.8218798249,,426037.9364627062,,-190686.84305048804,,-65613.077987122,,1.0,,#545cf8,
2024-07-31,Jupiter,,1463294.1672228249,,365823.5418057062,,-149854.26008448796,,-37463.56502112199,,,,
2024-07-31,Flash Trade,,74358.5,,52056.24,,-42309.11,,-29626.04,,4.0,,#63b512
2024-07-31,Drift,,8158.1546569999955,,8158.1546569999955,,1476.5270339999906,,1476.5270339999906,,,,
2024-07-30,Total,1736497.664930313,,491651.0144498282,,320588.48396333586,,85830.08587933396,,1.0,,#545cf8,
2024-07-30,Jupiter,,1613148.4273073128,,403287.1068268282,,307983.0774453359,,76995.76936133398,,,,
2024-07-30,Flash Trade,,116667.61,,81682.28,,11783.39,,8012.300000000003,,4.0,,#63b512
2024-07-30,Drift,,6681.627623000005,,6681.627623000005,,822.0165180000131,,822.0165180000131,,,,
2024-07-29,Total,1415909.180966977,,405820.92857049423,,-623569.4214940513,,-127905.36664001289,,1.0,,#545cf8,
2024-07-29,Jupiter,,1305165.349861977,,326291.33746549423,,-683439.8464720515,,-170859.96161801287,,,,
2024-07-29,Flash Trade,,104884.22,,73669.98,,57085.11,,40169.28,,4.0,,#63b512
2024-07-29,Drift,,5859.611104999992,,5859.611104999992,,2785.31497799999,,2785.31497799999,,,,
2024-07-28,Total,2039478.6024610284,,533726.2952105071,,1810907.6825910283,,371872.37534050713,,1.0,,#545cf8,
2024-07-28,Jupiter,,1988605.1963340284,,497151.2990835071,,,,,,,,
2024-07-28,Flash Trade,,47799.11,,33500.7,,-174742.32,,-122323.73,,4.0,,#63b512
2024-07-28,Drift,,3074.296127000002,,3074.296127000002,,-2955.1937430000066,,-2955.1937430000066,,,,
2024-07-27,Total,228570.91987,,161853.91987,,-67468.663141211,,52182.87738919725,,1.0,,#545cf8,
2024-07-27,Flash Trade,,222541.43,,155824.43,,147515.28,,103529.98999999999,,4.0,,#63b512
2024-07-27,Drift,,6029.4898700000085,,6029.4898700000085,,3198.497566000009,,3198.497566000009,,,,
2024-07-27,Jupiter,,,,,,,,,,,,
2024-07-26,Total,296039.583011211,,109671.04248080276,,-1963112.2770058396,,-502234.4654527098,,1.0,,#545cf8,
2024-07-26,Jupiter,,218182.44070721103,,54545.61017680276,,-1943058.3620708394,,-485764.59051770985,,,,
2024-07-26,Flash Trade,,75026.15,,52294.44,,-12748.920000000013,,-9164.879999999997,,4.0,,#63b512
2024-07-26,Drift,,2830.9923039999994,,2830.9923039999994,,-7304.994934999997,,-7304.994934999997,,,,
2024-07-25,Total,2259151.8600170505,,611905.5079335126,,1401977.9425608453,,358374.65989946126,,1.0,,#545cf8,
2024-07-25,Jupiter,,2161240.8027780503,,540310.2006945126,,1387512.136881845,,346878.03422046127,,,,
2024-07-25,Flash Trade,,87775.07,,61459.32,,9843.690000000002,,6874.510000000002,,4.0,,#63b512
2024-07-25,Drift,,10135.987238999996,,10135.987238999996,,4622.115678999989,,4622.115678999989,,,,
2024-07-24,Total,857173.9174562052,,253530.8480340513,,-25932.407197205583,,-6329.387343301409,,1.0,,#545cf8,
2024-07-24,Jupiter,,773728.6658962052,,193432.1664740513,,-25923.879805205623,,-6480.969951301406,,,,
2024-07-24,Flash Trade,,77931.38,,54584.81,,-575.8099999999977,,-415.70000000000437,,4.0,,#63b512
2024-07-24,Drift,,5513.871560000008,,5513.871560000008,,567.2826080000023,,567.2826080000023,,,,
2024-07-23,Total,883106.3246534108,,259860.2353773527,,131013.97403212276,,48274.80289678072,,1.0,,#545cf8,
2024-07-23,Jupiter,,799652.5457014109,,199913.1364253527,,97965.77484712284,,24491.44371178071,,,,
2024-07-23,Flash Trade,,78507.19,,55000.51,,30908.420000000006,,21643.58,,4.0,,#63b512
2024-07-23,Drift,,4946.5889520000055,,4946.5889520000055,,2139.779185000006,,2139.779185000006,,,,
2024-07-22,Total,752092.3506212881,,211585.432480572,,-244006.9412345274,,-60560.53856088189,,1.0,,#545cf8,
2024-07-22,Jupiter,,701686.770854288,,175421.692713572,,-246807.35023152747,,-61701.83755788187,,,,
2024-07-22,Flash Trade,,47598.77,,33356.93,,5160.259999999995,,3501.1500000000015,,4.0,,#63b512
2024-07-22,Drift,,2806.8097669999997,,2806.8097669999997,,-2359.8510029999998,,-2359.8510029999998,,,,
2024-07-21,Total,996099.2918558154,,272145.9710414539,,562502.378220333,,158299.96288458328,,1.0,,#545cf8,
2024-07-21,Jupiter,,948494.1210858155,,237123.53027145387,,525814.6071143331,,131453.65177858327,,,,
2024-07-21,Flash Trade,,42438.51,,29855.78,,33116.700000000004,,23275.239999999998,,4.0,,#63b512
2024-07-21,Drift,,5166.6607699999995,,5166.6607699999995,,3571.0711059999994,,3571.0711059999994,,,,
2024-07-20,Total,433596.91363548243,,113846.00815687061,,-981685.3766184741,,-269642.0010643685,,1.0,,#545cf8,
2024-07-20,Jupiter,,422679.5139714824,,105669.8784928706,,-929763.8474054742,,-232440.96185136854,,,,
2024-07-20,Flash Trade,,9321.81,,6580.54,,-48895.420000000006,,-34174.93,,4.0,,#63b512
2024-07-20,Drift,,1595.589664,,1595.589664,,-3026.1092129999997,,-3026.1092129999997,,,,
2024-07-19,Total,1415282.2902539566,,383488.00922123913,,915604.3662184619,,234700.60024061546,,1.0,,#545cf8,
2024-07-19,Jupiter,,1352443.3613769566,,338110.84034423914,,904484.4479704619,,226121.11199261548,,,,
2024-07-19,Flash Trade,,58217.23,,40755.47,,8083.710000000006,,5543.279999999999,,4.0,,#63b512
2024-07-19,Drift,,4621.698877,,4621.698877,,3036.208248,,3036.208248,,,,
2024-07-18,Total,499677.9240354947,,148787.40898062367,,-270504.62289235205,,-84459.59675033801,,1.0,,#545cf8,
2024-07-18,Jupiter,,447958.91340649466,,111989.72835162366,,-234629.08818935207,,-58657.27204733802,,,,
2024-07-18,Flash Trade,,50133.52,,35212.19,,-33775.50000000001,,-23702.29,,4.0,,#63b512
2024-07-18,Drift,,1585.490629,,1585.490629,,-2100.034703000001,,-2100.034703000001,,,,
2024-07-17,Total,770182.5469278467,,233247.00573096168,,-119877.66442602978,,-25231.691497257445,,1.0,,#545cf8,
2024-07-17,Jupiter,,682588.0015958467,,170647.00039896168,,-130136.88390502974,,-32534.220976257435,,,,
2024-07-17,Flash Trade,,83909.02,,58914.48,,10628.630000000005,,7671.940000000002,,4.0,,#63b512
2024-07-17,Drift,,3685.525332000001,,3685.525332000001,,-369.4105209999998,,-369.4105209999998,,,,
2024-07-16,Total,890060.2113538765,,258478.69722821913,,38682.43929263647,,22821.86172590911,,1.0,,#545cf8,
2024-07-16,Jupiter,,812724.8855008765,,203181.22137521912,,5373.636755636428,,1343.409188909107,,,,
2024-07-16,Flash Trade,,73280.39,,51242.54,,39206.35,,27376.0,,4.0,,#63b512
2024-07-16,Drift,,4054.935853000001,,4054.935853000001,,-5897.547462999992,,-5897.547462999992,,,,
2024-07-15,Total,851377.77206124,,235656.83550231002,,316624.77193614363,,90892.64935928592,,1.0,,#545cf8,
2024-07-15,Jupiter,,807351.24874524,,201837.81218631,,294783.8167691436,,73695.9541922859,,,,
2024-07-15,Flash Trade,,34074.04,,23866.54,,15528.060000000001,,10883.800000000001,,4.0,,#63b512
2024-07-15,Drift,,9952.483315999993,,9952.483315999993,,6312.8951669999915,,6312.8951669999915,,,,
2024-07-14,Total,534753.0001250964,,144764.1861430241,,335678.9756592636,,88491.2605783159,,1.0,,#545cf8,
2024-07-14,Jupiter,,512567.4319760964,,128141.8579940241,,327236.4734412636,,81809.1183603159,,,,
2024-07-14,Flash Trade,,18545.98,,12982.74,,5811.119999999999,,4050.76,,4.0,,#63b512
2024-07-14,Drift,,3639.5881490000006,,3639.5881490000006,,2631.3822180000006,,2631.3822180000006,,,,
2024-07-13,Total,199074.0244658328,,56272.9255647082,,-294736.5542432205,,-79481.12726105512,,1.0,,#545cf8,
2024-07-13,Jupiter,,185330.9585348328,,46332.7396337082,,-282153.5159762205,,-70538.37899405512,,,,
2024-07-13,Flash Trade,,12734.86,,8931.98,,-12246.45,,-8606.16,,4.0,,#63b512
2024-07-13,Drift,,1008.2059310000001,,1008.2059310000001,,-336.58826699999975,,-336.58826699999975,,,,
2024-07-12,Total,493810.5787090533,,135754.05282576333,,-73389.06792914908,,-34033.791868537286,,1.0,,#545cf8,
2024-07-12,Jupiter,,467484.4745110533,,116871.11862776332,,-38892.541414149106,,-9723.135353537276,,,,
2024-07-12,Flash Trade,,24981.31,,17538.14,,-33606.06,,-23420.190000000002,,4.0,,#63b512
2024-07-12,Drift,,1344.7941979999998,,1344.7941979999998,,-890.4665150000012,,-890.4665150000012,,,,
2024-07-11,Total,567199.6466382024,,169787.8446943006,,94892.7497109811,,21116.74985899529,,1.0,,#545cf8,
2024-07-11,Jupiter,,506377.0159252024,,126594.2539813006,,98854.65313598112,,24713.66328399528,,,,
2024-07-11,Flash Trade,,58587.37,,40958.33,,-1063.5899999999965,,-698.5999999999985,,4.0,,#63b512
2024-07-11,Drift,,2235.260713000001,,2235.260713000001,,-2898.3134249999953,,-2898.3134249999953,,,,
2024-07-10,Total,472306.89692722127,,148671.09483530532,,-8135.820445379184,,-11154.689341844787,,1.0,,#545cf8,
2024-07-10,Jupiter,,407522.3627892213,,101880.59069730532,,13591.598528620845,,3397.8996321552113,,,,
2024-07-10,Flash Trade,,59650.96,,41656.93,,-23948.829999999994,,-16774.0,,4.0,,#63b512
2024-07-10,Drift,,5133.574137999996,,5133.574137999996,,2221.4110259999925,,2221.4110259999925,,,,
2024-07-09,Total,480442.71737260045,,159825.7841771501,,-788823.9562724396,,-244921.1429186099,,1.0,,#545cf8,
2024-07-09,Jupiter,,393930.76426060044,,98482.69106515011,,-687871.7511384395,,-171967.93778460988,,,,
2024-07-09,Flash Trade,,83599.79,,58430.93,,-93568.36,,-65569.35999999999,,4.0,,#63b512
2024-07-09,Drift,,2912.163112000004,,2912.163112000004,,-7383.845133999996,,-7383.845133999996,,,,
2024-07-08,Total,1269266.67364504,,404746.92709576,,814779.6799765159,,278272.831307379,,1.0,,#545cf8,
2024-07-08,Jupiter,,1081802.51539904,,270450.62884976,,654076.5982255159,,163519.14955637898,,,,
2024-07-08,Flash Trade,,177168.15,,124000.29,,153162.22999999998,,107212.82999999999,,4.0,,#63b512
2024-07-08,Drift,,10296.008246,,10296.008246,,7540.851751000005,,7540.851751000005,,,,
2024-07-07,Total,454486.993668524,,126474.095788381,,11487.423418997787,,3850.603766499451,,1.0,,#545cf8,
2024-07-07,Jupiter,,427725.91717352404,,106931.47929338101,,8917.89286999777,,2229.4732174994424,,,,
2024-07-07,Flash Trade,,24005.92,,16787.46,,3128.7899999999972,,2180.3899999999994,,4.0,,#63b512
2024-07-07,Drift,,2755.1564949999947,,2755.1564949999947,,-559.2594509999935,,-559.2594509999935,,,,
2024-07-06,Total,442999.57024952624,,122623.49202188155,,-1387775.3336725093,,-509937.03980687744,,1.0,,#545cf8,
2024-07-06,Jupiter,,418808.02430352627,,104702.00607588157,,-1089945.2984875091,,-272486.3246218773,,,,
2024-07-06,Flash Trade,,20877.13,,14607.07,,-201028.04,,-140648.72,,4.0,,#63b512
2024-07-06,Drift,,3314.4159459999883,,3314.4159459999883,,-96801.99518500011,,-96801.99518500011,,,,
2024-07-05,Total,1830774.9039220356,,632560.531828759,,323022.37272858224,,177389.1607831457,,1.0,,#545cf8,
2024-07-05,Jupiter,,1508753.3227910355,,377188.3306977589,,152369.54926058208,,38092.38731514552,,,,
2024-07-05,Flash Trade,,221905.17,,155255.79,,104518.06000000001,,73162.01000000001,,4.0,,#63b512
2024-07-05,Drift,,100116.4111310001,,100116.4111310001,,66134.76346800014,,66134.76346800014,,,,
2024-07-04,Total,1507752.5311934534,,455171.3710456133,,374351.2757066698,,87914.93777791742,,1.0,,#545cf8,
2024-07-04,Jupiter,,1356383.7735304534,,339095.94338261336,,404653.2905716698,,101163.32264291745,,,,
2024-07-04,Flash Trade,,117387.11,,82093.78,,-57069.81999999999,,-40016.19,,4.0,,#63b512
2024-07-04,Drift,,33981.647662999974,,33981.647662999974,,26767.805134999973,,26767.805134999973,,,,
2024-07-03,Total,1133401.2554867836,,367256.4332676959,,516025.2716055758,,166308.22282314394,,1.0,,#545cf8,
2024-07-03,Jupiter,,951730.4829587836,,237932.6207396959,,436224.4383765758,,109056.10959414396,,,,
2024-07-03,Flash Trade,,174456.93,,122109.97,,75442.59999999999,,52893.880000000005,,4.0,,#63b512
2024-07-03,Drift,,7213.842527999999,,7213.842527999999,,4358.233229,,4358.233229,,,,
2024-07-02,Total,617375.9838812078,,200948.21044455195,,97208.73245057522,,24056.959464893793,,1.0,,#545cf8,
2024-07-02,Jupiter,,515506.0445822078,,128876.51114555195,,97548.79064757522,,24387.197661893806,,,,
2024-07-02,Flash Trade,,99014.33,,69216.09,,7.100000000005821,,16.919999999998254,,4.0,,#63b512
2024-07-02,Drift,,2855.609298999999,,2855.609298999999,,-347.1581970000002,,-347.1581970000002,,,,
2024-07-01,Total,520167.25143063255,,176891.25097965816,,176726.12985974748,,78491.32215293689,,1.0,,#545cf8,
2024-07-01,Jupiter,,417957.2539346326,,104489.31348365814,,101064.33027574752,,25266.08256893688,,,,
2024-07-01,Flash Trade,,99007.23,,69199.17,,74483.23999999999,,52046.67999999999,,4.0,,#63b512
2024-07-01,Drift,,3202.767495999999,,3202.767495999999,,1178.5595840000012,,1178.5595840000012,,,,
2024-06-30,Total,343441.12157088507,,98399.92882672127,,137975.59099057945,,37279.951570644866,,1.0,,#545cf8,
2024-06-30,Jupiter,,316892.92365888506,,79223.23091472127,,132312.83922657944,,33078.20980664486,,,,
2024-06-30,Flash Trade,,24523.99,,17152.49,,4780.420000000002,,3319.4100000000017,,4.0,,#63b512
2024-06-30,Drift,,2024.2079119999978,,2024.2079119999978,,882.331763999998,,882.331763999998,,,,
2024-06-29,Total,205465.5305803056,,61119.9772560764,,-497285.77444320126,,-185708.22406605032,,1.0,,#545cf8,
2024-06-29,Jupiter,,184580.08443230562,,46145.021108076406,,-363404.6938362012,,-90851.1734590503,,,,
2024-06-29,Flash Trade,,19743.57,,13833.08,,-130185.07,,-91161.04,,4.0,,#63b512
2024-06-29,Drift,,1141.8761479999998,,1141.8761479999998,,-3696.010606999999,,-3696.010606999999,,,,
2024-06-28,Total,702751.3050235069,,246828.20132212673,,28882.27226049488,,19391.40895612372,,1.0,,#545cf8,
2024-06-28,Jupiter,,547984.7782685069,,136996.19456712672,,741.711072494858,,185.4277681237145,,,,
2024-06-28,Flash Trade,,149928.64,,104994.12,,29679.01000000001,,20744.429999999993,,4.0,,#63b512
2024-06-28,Drift,,4837.886754999999,,4837.886754999999,,-1538.4488120000005,,-1538.4488120000005,,,,
2024-06-27,Total,673869.032763012,,227436.792366003,,124965.7556040535,,45663.432918263396,,1.0,,#545cf8,
2024-06-27,Jupiter,,547243.067196012,,136810.766799003,,95328.28358105355,,23832.070895263387,,,,
2024-06-27,Flash Trade,,120249.63,,84249.69,,26150.570000000007,,18344.460000000006,,4.0,,#63b512
2024-06-27,Drift,,6376.335566999999,,6376.335566999999,,3486.902023000002,,3486.902023000002,,,,
2024-06-26,Total,548903.2771589585,,181773.3594477396,,-87594.82804290322,,-22718.526201975823,,1.0,,#545cf8,
2024-06-26,Jupiter,,451914.78361495846,,112978.69590373962,,-86133.29578790319,,-21533.323946975797,,,,
2024-06-26,Flash Trade,,94099.06,,65905.23,,-595.4000000000087,,-319.070000000007,,4.0,,#63b512
2024-06-26,Drift,,2889.4335439999973,,2889.4335439999973,,-866.1322550000009,,-866.1322550000009,,,,
2024-06-25,Total,636498.1052018617,,204491.88564971543,,-777751.3294134276,,-250085.16754810693,,1.0,,#545cf8,
2024-06-25,Jupiter,,538048.0794028617,,134512.0198507154,,-672703.5358204278,,-168175.88395510695,,,,
2024-06-25,Flash Trade,,94694.46,,66224.3,,-77375.05999999998,,-54236.55,,4.0,,#63b512
2024-06-25,Drift,,3755.565798999998,,3755.565798999998,,-27672.733592999975,,-27672.733592999975,,,,
2024-06-24,Total,1414249.4346152893,,454577.05319782236,,1016286.641917495,,331361.02229312377,,1.0,,#545cf8,
2024-06-24,Jupiter,,1210751.6152232895,,302687.90380582237,,860933.7328324952,,215233.4332081238,,,,
2024-06-24,Flash Trade,,172069.52,,120460.85,,130804.37,,91579.05,,4.0,,#63b512
2024-06-24,Drift,,31428.29939199997,,31428.29939199997,,24548.539084999968,,24548.539084999968,,,,
2024-06-23,Total,397962.7926977942,,123216.03090469856,,176199.87682449422,,56170.14516987356,,1.0,,#545cf8,
2024-06-23,Jupiter,,349817.8823907942,,87454.47059769856,,152560.17553949423,,38140.04388487356,,,,
2024-06-23,Flash Trade,,41265.15,,28881.8,,18709.170000000002,,13099.57,,4.0,,#63b512
2024-06-23,Drift,,6879.760307000004,,6879.760307000004,,4930.531285000004,,4930.531285000004,,,,
2024-06-22,Total,221762.9158733,,67045.885734825,,-783305.2503146352,,-228369.12956865883,,1.0,,#545cf8,
2024-06-22,Jupiter,,197257.7068513,,49314.426712825,,-716616.2009946352,,-179154.0502486588,,,,
2024-06-22,Flash Trade,,22555.98,,15782.23,,-58287.47,,-40813.5,,4.0,,#63b512
2024-06-22,Drift,,1949.2290220000004,,1949.2290220000004,,-8401.579319999983,,-8401.579319999983,,,,
2024-06-21,Total,1005068.1661879352,,295415.0153034838,,402436.63568044954,,96018.72746611241,,1.0,,#545cf8,
2024-06-21,Jupiter,,913873.9078459352,,228468.4769614838,,416561.05095244956,,104140.26273811239,,,,
2024-06-21,Flash Trade,,80843.45,,56595.73,,-20002.97,,-14000.090000000004,,4.0,,#63b512
2024-06-21,Drift,,10350.808341999984,,10350.808341999984,,5878.554727999983,,5878.554727999983,,,,
2024-06-20,Total,602631.5305074856,,199396.2878373714,,192174.01902481483,,88224.9424719537,,1.0,,#545cf8,
2024-06-20,Jupiter,,497312.85689348564,,124328.21422337141,,103256.63540381484,,25814.15885095371,,,,
2024-06-20,Flash Trade,,100846.42,,70595.82,,88412.42,,61905.82000000001,,4.0,,#63b512
2024-06-20,Drift,,4472.253614000001,,4472.253614000001,,504.96362099999806,,504.96362099999806,,,,
2024-06-19,Total,410457.5114826708,,111171.3453654177,,-1007319.8667079372,,-319792.63443923433,,1.0,,#545cf8,
2024-06-19,Jupiter,,394056.2214896708,,98514.0553724177,,-895738.4430249372,,-223934.6107562343,,,,
2024-06-19,Flash Trade,,12434.0,,8690.0,,-52457.24,,-36733.84,,4.0,,#63b512
2024-06-19,Drift,,3967.289993000003,,3967.289993000003,,-59124.18368300001,,-59124.18368300001,,,,
2024-06-18,Total,1417777.378190608,,430963.97980465204,,441437.9290240103,,150227.6908365026,,1.0,,#545cf8,
2024-06-18,Jupiter,,1289794.664514608,,322448.666128652,,387023.1842500103,,96755.79606250257,,,,
2024-06-18,Drift,,63091.473676000016,,63091.473676000016,,51246.13477400001,,51246.13477400001,,,,
2024-06-18,Flash Trade,,64891.24,,45423.84,,3168.6100000000006,,2225.7599999999948,,4.0,,#63b512
2024-06-17,Total,976339.4491665977,,280736.28896814946,,601079.1931932674,,173123.5943338169,,1.0,,#545cf8,
2024-06-17,Jupiter,,902771.4802645977,,225692.87006614942,,556001.6384792675,,139000.40961981687,,,,
2024-06-17,Flash Trade,,61722.63,,43198.08,,36489.159999999996,,25534.79,,4.0,,#63b512
2024-06-17,Drift,,11845.338902000001,,11845.338902000001,,8588.394714000002,,8588.394714000002,,,,
2024-06-16,Total,375260.25597333023,,107612.69463433255,,52412.64208112983,,14748.053116782452,,1.0,,#545cf8,
2024-06-16,Jupiter,,346769.8417853302,,86692.46044633255,,49121.07861912978,,12280.269654782445,,,,
2024-06-16,Flash Trade,,25233.47,,17663.29,,2739.41,,1915.630000000001,,4.0,,#63b512
2024-06-16,Drift,,3256.9441880000004,,3256.9441880000004,,552.1534620000002,,552.1534620000002,,,,
2024-06-15,Total,322847.6138922004,,92864.6415175501,,-795783.9852006002,,-240504.53926940006,,1.0,,#545cf8,
2024-06-15,Jupiter,,297648.7631662004,,74412.1907915501,,-729624.0612416002,,-182406.01531040005,,,,
2024-06-15,Flash Trade,,22494.06,,15747.66,,-26876.76,,-18815.359999999997,,4.0,,#63b512
2024-06-15,Drift,,2704.790726,,2704.790726,,-39283.16395900002,,-39283.16395900002,,,,
2024-06-14,Total,1118631.5990928006,,333369.18078695016,,571796.9083239024,,178070.5289587256,,1.0,,#545cf8,
2024-06-14,Jupiter,,1027272.8244078007,,256818.20610195017,,516307.0524869024,,129076.7631217256,,,,
2024-06-14,Drift,,41987.95468500002,,41987.95468500002,,33773.51583700002,,33773.51583700002,,,,
2024-06-14,Flash Trade,,49370.82,,34563.02,,21716.34,,15220.249999999996,,4.0,,#63b512
2024-06-13,Total,546834.6907688982,,155298.65182822457,,-288230.62700601073,,-80726.1701460027,,1.0,,#545cf8,
2024-06-13,Jupiter,,510965.7719208983,,127741.44298022457,,-267448.1824800107,,-66862.04562000268,,,,
2024-06-13,Flash Trade,,27654.48,,19342.77,,-22879.930000000004,,-15961.609999999997,,4.0,,#63b512
2024-06-13,Drift,,8214.438847999996,,8214.438847999996,,2097.4854739999964,,2097.4854739999964,,,,
2024-06-12,Total,835065.317774909,,236024.82197422726,,-996750.996521792,,-277173.753120948,,1.0,,#545cf8,
2024-06-12,Jupiter,,778413.954400909,,194603.48860022725,,-960480.937867792,,-240120.234466948,,,,
2024-06-12,Flash Trade,,50534.41,,35304.38,,2465.25,,1681.7900000000009,,4.0,,#63b512
2024-06-12,Drift,,6116.953374,,6116.953374,,-38735.308654000015,,-38735.308654000015,,,,
2024-06-11,Total,1831816.314296701,,513198.57509517524,,1442146.584092929,,404905.3418022323,,1.0,,#545cf8,
2024-06-11,Jupiter,,1738894.892268701,,434723.72306717525,,1371993.3497209293,,342998.3374302323,,,,
2024-06-11,Drift,,44852.26202800001,,44852.26202800001,,42735.61437200001,,42735.61437200001,,,,
2024-06-11,Flash Trade,,48069.16,,33622.59,,27417.620000000003,,19171.389999999996,,4.0,,#63b512
2024-06-10,Total,389669.73020377185,,108293.23329294295,,81675.33549935237,,25127.033986088092,,1.0,,#545cf8,
2024-06-10,Jupiter,,366901.5425477718,,91725.38563694296,,73099.10868435237,,18274.77717108809,,,,
2024-06-10,Flash Trade,,20651.54,,14451.2,,8590.28,,6866.31,,4.0,,#63b512
2024-06-10,Drift,,2116.647656000001,,2116.647656000001,,-14.053184999999758,,-14.053184999999758,,,,
2024-06-09,Total,307994.3947044195,,83166.19930685486,,-161684.3698796478,,-41972.70228216196,,1.0,,#545cf8,
2024-06-09,Jupiter,,293802.43386341946,,73450.60846585486,,-160174.11679664784,,-40043.52919916196,,,,
2024-06-09,Flash Trade,,12061.26,,7584.89,,-1395.3500000000004,,-1814.2699999999995,,4.0,,#63b512
2024-06-09,Drift,,2130.7008410000008,,2130.7008410000008,,-114.9030829999997,,-114.9030829999997,,,,
2024-06-08,Total,469678.7645840673,,125138.90158901682,,-1466770.8862503644,,-421957.0198725911,,1.0,,#545cf8,
2024-06-08,Jupiter,,453976.5506600673,,113494.13766501682,,-1376365.8351703645,,-344091.4587925911,,,,
2024-06-08,Flash Trade,,13456.61,,9399.16,,-43090.33,,-30550.84,,4.0,,#63b512
2024-06-08,Drift,,2245.6039240000005,,2245.6039240000005,,-47314.721079999996,,-47314.721079999996,,,,
2024-06-07,Total,1936449.6508344316,,547095.9214616079,,1218124.5122788586,,327301.6667977146,,1.0,,#545cf8,
2024-06-07,Jupiter,,1830342.3858304317,,457585.5964576079,,1199700.6739748586,,299925.16849371465,,,,
2024-06-07,Drift,,49560.325004,,49560.325004,,47292.348304,,47292.348304,,,,
2024-06-07,Flash Trade,,56546.94,,39950.0,,-28868.509999999995,,-19915.85,,4.0,,#63b512
2024-06-06,Total,718325.1385555732,,219794.2546638933,,84290.61643520196,,51159.2433313005,,1.0,,#545cf8,
2024-06-06,Jupiter,,630641.7118555732,,157660.4279638933,,17785.230805202038,,4446.3077013005095,,,,
2024-06-06,Flash Trade,,85415.45,,59865.85,,66196.23,,46403.78,,4.0,,#63b512
2024-06-06,Drift,,2267.9767,,2267.9767,,309.15563000000066,,309.15563000000066,,,,
2024-06-05,Total,634034.5221203712,,168635.0113325928,,49596.361488609225,,14476.850949152315,,1.0,,#545cf8,
2024-06-05,Jupiter,,612856.4810503712,,153214.1202625928,,45201.13405260921,,11300.283513152302,,,,
2024-06-05,Flash Trade,,19219.22,,13462.07,,4125.410000000002,,2906.75,,4.0,,#63b512
2024-06-05,Drift,,1958.8210699999995,,1958.8210699999995,,269.8174359999996,,269.8174359999996,,,,
2024-06-04,Total,584438.160631762,,154158.1603834405,,37422.60948291712,,167.66718997928547,,1.0,,#545cf8,
2024-06-04,Jupiter,,567655.346997762,,141913.8367494405,,57299.269723917125,,14324.817430979281,,,,
2024-06-04,Flash Trade,,15093.81,,10555.32,,-18966.28,,-13246.77,,4.0,,#63b512
2024-06-04,Drift,,1689.003634,,1689.003634,,-910.3802409999992,,-910.3802409999992,,,,
2024-06-03,Total,547015.5511488449,,153990.4931934612,,-8115.760340180364,,5376.936300454894,,1.0,,#545cf8,
2024-06-03,Jupiter,,510356.07727384486,,127589.01931846121,,-25990.688854180393,,-6497.672213545098,,,,
2024-06-03,Flash Trade,,34060.09,,23802.09,,19838.629999999997,,13838.31,,4.0,,#63b512
2024-06-03,Drift,,2599.383874999999,,2599.383874999999,,-1963.7014859999995,,-1963.7014859999995,,,,
2024-06-02,Total,555131.3114890252,,148613.55689300632,,350877.8402286733,,95192.60453066832,,1.0,,#545cf8,
2024-06-02,Jupiter,,536346.7661280253,,134086.6915320063,,336855.06093067327,,84213.76523266832,,,,
2024-06-02,Flash Trade,,14221.46,,9963.78,,10207.96,,7164.02,,4.0,,#63b512
2024-06-02,Drift,,4563.085360999999,,4563.085360999999,,3814.8192979999985,,3814.8192979999985,,,,
2024-06-01,Total,204253.47126035197,,53420.952362337994,,-310398.83133640746,,-85167.35274460184,,1.0,,#545cf8,
2024-06-01,Jupiter,,199491.70519735198,,49872.926299337996,,-295470.4781224074,,-73867.61953060185,,,,
2024-06-01,Flash Trade,,4013.5,,2799.76,,-12092.06,,-8463.44,,4.0,,#63b512
2024-06-01,Drift,,748.266063,,748.266063,,-2836.2932140000003,,-2836.2932140000003,,,,
2024-05-31,Total,514652.3025967594,,138588.30510693984,,-26752.286815192318,,-9901.160420298082,,1.0,,#545cf8,
2024-05-31,Jupiter,,494962.1833197594,,123740.54582993985,,-20825.075193192344,,-5206.268798298086,,,,
2024-05-31,Flash Trade,,16105.56,,11263.2,,-4120.219999999999,,-2887.8999999999996,,4.0,,#63b512
2024-05-31,Drift,,3584.5592770000003,,3584.5592770000003,,-1806.9916219999986,,-1806.9916219999986,,,,
2024-05-30,Total,541404.5894119517,,148489.46552723792,,51160.094139787136,,12111.096043946774,,1.0,,#545cf8,
2024-05-30,Jupiter,,515787.2585129517,,128946.81462823793,,54442.90412778716,,13610.72603194679,,,,
2024-05-30,Flash Trade,,20225.78,,14151.1,,-5896.190000000002,,-4113.01,,4.0,,#63b512
2024-05-30,Drift,,5391.550898999999,,5391.550898999999,,2613.3800119999983,,2613.3800119999983,,,,
2024-05-29,Total,490244.4952721646,,136378.36948329114,,-239396.3370767464,,-62326.92512043659,,1.0,,#545cf8,
2024-05-29,Jupiter,,461344.35438516457,,115336.08859629114,,-234406.57594174636,,-58601.64398543659,,,,
2024-05-29,Flash Trade,,26121.97,,18264.11,,-4161.68,,-2897.2000000000007,,4.0,,#63b512
2024-05-29,Drift,,2778.1708870000007,,2778.1708870000007,,-828.0811349999985,,-828.0811349999985,,,,
2024-05-28,Total,729640.832348911,,198705.29460372773,,120812.8006202631,,36831.153169315745,,1.0,,#545cf8,
2024-05-28,Jupiter,,695750.9303269109,,173937.73258172773,,107064.95660126302,,26766.239150315756,,,,
2024-05-28,Flash Trade,,30283.65,,21161.31,,12261.850000000002,,8578.920000000002,,4.0,,#63b512
2024-05-28,Drift,,3606.252021999999,,3606.252021999999,,1485.9940189999993,,1485.9940189999993,,,,
2024-05-27,Total,608828.0317286479,,161874.14143441198,,-7450.69536753383,,3614.879913616547,,1.0,,#545cf8,
2024-05-27,Jupiter,,588685.9737256479,,147171.49343141197,,-19480.16704153386,,-4870.041760383465,,,,
2024-05-27,Flash Trade,,18021.8,,12582.39,,11709.34,,8164.789999999999,,4.0,,#63b512
2024-05-27,Drift,,2120.258003,,2120.258003,,320.131674,,320.131674,,,,
2024-05-26,Total,616278.7270961817,,158259.26152079544,,292694.6394297085,,72553.48929542712,,1.0,,#545cf8,
2024-05-26,Jupiter,,608166.1407671818,,152041.53519179544,,294497.9868457085,,73624.49671142713,,,,
2024-05-26,Flash Trade,,6312.46,,4417.6,,-2394.749999999999,,-1662.4099999999999,,4.0,,#63b512
2024-05-26,Drift,,1800.126329,,1800.126329,,591.4025839999999,,591.4025839999999,,,,
2024-05-25,Total,323584.08766647324,,85705.77222536832,,-728972.7122183159,,-199796.098918079,,1.0,,#545cf8,
2024-05-25,Jupiter,,313668.15392147325,,78417.03848036831,,-692128.524400316,,-173032.131100079,,,,
2024-05-25,Flash Trade,,8707.21,,6080.01,,-33418.55,,-23338.33,,4.0,,#63b512
2024-05-25,Drift,,1208.723745,,1208.723745,,-3425.637818,,-3425.637818,,,,
2024-05-24,Total,1052556.7998847892,,285501.8711434473,,-219673.78549350495,,-64546.229964626196,,1.0,,#545cf8,
2024-05-24,Jupiter,,1005796.6783217893,,251449.1695804473,,-207794.31403850485,,-51948.57850962621,,,,
2024-05-24,Flash Trade,,42125.76,,29418.34,,2201.8300000000017,,1483.6500000000015,,4.0,,#63b512
2024-05-24,Drift,,4634.361563,,4634.361563,,-14081.301454999999,,-14081.301454999999,,,,
2024-05-23,Total,1272230.585378294,,350048.1011080735,,142330.7691115779,,49864.90328664443,,1.0,,#545cf8,
2024-05-23,Jupiter,,1213590.992360294,,303397.7480900735,,120164.96776657784,,30041.24194164446,,,,
2024-05-23,Flash Trade,,39923.93,,27934.69,,7789.290000000001,,5447.149999999998,,4.0,,#63b512
2024-05-23,Drift,,18715.663018,,18715.663018,,14376.511344999999,,14376.511344999999,,,,
2024-05-22,Total,1129899.8162667162,,300183.19782142906,,-319232.1253760953,,-80819.68705977383,,1.0,,#545cf8,
2024-05-22,Jupiter,,1093426.0245937163,,273356.50614842906,,-320075.8377550952,,-80018.9594387738,,,,
2024-05-22,Flash Trade,,32134.64,,22487.54,,5647.130000000001,,4002.6900000000023,,4.0,,#63b512
2024-05-22,Drift,,4339.151673,,4339.151673,,-4803.417620999997,,-4803.417620999997,,,,
2024-05-21,Total,1449131.9416428115,,381002.8848812029,,319277.18338986766,,68249.3291909669,,1.0,,#545cf8,
2024-05-21,Jupiter,,1413501.8623488115,,353375.46558720287,,337425.0589318676,,84356.2647329669,,,,
2024-05-21,Flash Trade,,26487.51,,18484.85,,-6406.880000000001,,-4365.940000000002,,4.0,,#63b512
2024-05-21,Drift,,9142.569293999997,,9142.569293999997,,-11740.995542000004,,-11740.995542000004,,,,
2024-05-20,Total,1129854.7582529439,,312753.555690236,,476575.98297322274,,139319.9790268057,,1.0,,#545cf8,
2024-05-20,Jupiter,,1076076.8034169439,,269019.20085423597,,443838.6185952227,,110959.65464880568,,,,
2024-05-20,Flash Trade,,32894.39,,22850.79,,14085.669999999998,,9708.630000000001,,4.0,,#63b512
2024-05-20,Drift,,20883.564836,,20883.564836,,18651.694378,,18651.694378,,,,
2024-05-19,Total,653278.7752797211,,173433.57666343029,,-573638.1251971714,,-143779.50626154282,,1.0,,#545cf8,
2024-05-19,Jupiter,,632238.1848217212,,158059.5462054303,,-573369.2519141713,,-143342.31297854282,,,,
2024-05-19,Flash Trade,,18808.72,,13142.16,,675.8300000000017,,507.5100000000002,,4.0,,#63b512
2024-05-19,Drift,,2231.870458,,2231.870458,,-944.7032830000012,,-944.7032830000012,,,,
2024-05-18,Total,1226916.9004768925,,317213.0829249731,,398354.35212496156,,95563.70210749039,,1.0,,#545cf8,
2024-05-18,Jupiter,,1205607.4367358924,,301401.8591839731,,407568.66668996157,,101892.16667249039,,,,
2024-05-18,Flash Trade,,18132.89,,12634.65,,-9484.490000000002,,-6598.640000000001,,4.0,,#63b512
2024-05-18,Drift,,3176.573741000001,,3176.573741000001,,270.1754350000019,,270.1754350000019,,,,
2024-05-17,Total,828562.5483519309,,221649.3808174827,,-148003.72821356636,,-33269.27235364163,,1.0,,#545cf8,
2024-05-17,Jupiter,,798038.7700459309,,199509.69251148272,,-156068.86114656646,,-39017.215286641615,,,,
2024-05-17,Flash Trade,,27617.38,,19233.29,,7730.790000000001,,5413.6,,4.0,,#63b512
2024-05-17,Drift,,2906.398305999999,,2906.398305999999,,334.3429329999999,,334.3429329999999,,,,
2024-05-16,Total,976566.2765654973,,254918.65317112434,,81838.48716448934,,13695.84212912235,,1.0,,#545cf8,
2024-05-16,Jupiter,,954107.6311924973,,238526.90779812433,,96507.59338048939,,24126.898345122347,,,,
2024-05-16,Flash Trade,,19886.59,,13819.69,,-14199.130000000001,,-9961.08,,4.0,,#63b512
2024-05-16,Drift,,2572.0553729999992,,2572.0553729999992,,-469.97621600000457,,-469.97621600000457,,,,
2024-05-15,Total,894727.7894010079,,241222.811042002,,457623.5633416802,,117670.26551167006,,1.0,,#545cf8,
2024-05-15,Jupiter,,857600.0378120079,,214400.00945300199,,450188.67710668023,,112547.16927667006,,,,
2024-05-15,Flash Trade,,34085.72,,23780.77,,7459.23,,5147.439999999999,,4.0,,#63b512
2024-05-15,Drift,,3042.031589000004,,3042.031589000004,,-24.343764999997347,,-24.343764999997347,,,,
2024-05-14,Total,437104.2260593277,,123552.54553033193,,-325509.56221403764,,-86520.8554802594,,1.0,,#545cf8,
2024-05-14,Jupiter,,407411.3607053277,,101852.84017633193,,-317890.39564503764,,-79472.59891125941,,,,
2024-05-14,Flash Trade,,26626.49,,18633.33,,-1852.9199999999983,,-1282.0099999999984,,4.0,,#63b512
2024-05-14,Drift,,3066.375354000001,,3066.375354000001,,-5766.246568999999,,-5766.246568999999,,,,
2024-05-13,Total,762613.7882733654,,210073.40101059133,,515369.8859267434,,142818.43564968585,,1.0,,#545cf8,
2024-05-13,Jupiter,,725301.7563503654,,181325.43908759134,,489143.0137027434,,122285.75342568585,,,,
2024-05-13,Flash Trade,,28479.41,,19915.34,,18913.129999999997,,13218.94,,4.0,,#63b512
2024-05-13,Drift,,8832.621923,,8832.621923,,7313.742224000001,,7313.742224000001,,,,
2024-05-12,Total,247243.90234662197,,67254.96536090548,,-67319.76914500626,,-14950.400983501575,,1.0,,#545cf8,
2024-05-12,Jupiter,,236158.74264762196,,59039.68566190549,,-71444.05088200624,,-17861.01272050156,,,,
2024-05-12,Flash Trade,,9566.28,,6696.4,,4049.4900000000007,,2835.8199999999997,,4.0,,#63b512
2024-05-12,Drift,,1518.8796989999996,,1518.8796989999996,,74.79173700000001,,74.79173700000001,,,,
2024-05-11,Total,314563.6714916282,,82205.36634440706,,-448379.62764420564,,-122213.05188505142,,1.0,,#545cf8,
2024-05-11,Jupiter,,307602.7935296282,,76900.69838240705,,-428447.06101220567,,-107111.76525305142,,,,
2024-05-11,Flash Trade,,5516.79,,3860.58,,-16011.18,,-11179.9,,4.0,,#63b512
2024-05-11,Drift,,1444.0879619999996,,1444.0879619999996,,-3921.386631999999,,-3921.386631999999,,,,
2024-05-10,Total,762943.2991358339,,204418.41822945848,,69384.69760397868,,21907.377488494705,,1.0,,#545cf8,
2024-05-10,Jupiter,,736049.8545418339,,184012.46363545847,,61288.40015397873,,15322.100038494682,,,,
2024-05-10,Flash Trade,,21527.97,,15040.48,,5252.640000000001,,3741.619999999999,,4.0,,#63b512
2024-05-10,Drift,,5365.474593999998,,5365.474593999998,,2843.6574499999983,,2843.6574499999983,,,,
2024-05-09,Total,693558.6015318552,,182511.04074096377,,-610130.6291050987,,-170272.07615477464,,1.0,,#545cf8,
2024-05-09,Jupiter,,674761.4543878551,,168690.36359696378,,-573975.0972670986,,-143493.77431677465,,,,
2024-05-09,Flash Trade,,16275.33,,11298.86,,-30741.15,,-21363.92,,4.0,,#63b512
2024-05-09,Drift,,2521.817144,,2521.817144,,-5414.381837999996,,-5414.381837999996,,,,
2024-05-08,Total,1303689.2306369538,,352783.1168957384,,508600.13345520105,,145545.4486955502,,1.0,,#545cf8,
2024-05-08,Jupiter,,1248736.5516549537,,312184.13791373844,,470849.28634620097,,117712.32158655024,,,,
2024-05-08,Flash Trade,,47016.48,,32662.78,,33534.62,,23616.9,,4.0,,#63b512
2024-05-08,Drift,,7936.198981999995,,7936.198981999995,,4216.227108999996,,4216.227108999996,,,,
2024-05-07,Total,795089.0971817528,,207237.6682001882,,-81644.07045694417,,-20983.608664986037,,1.0,,#545cf8,
2024-05-07,Jupiter,,777887.2653087528,,194471.8163271882,,-80711.06905594422,,-20177.767263986054,,,,
2024-05-07,Flash Trade,,13481.86,,9045.88,,-917.7799999999988,,-790.6200000000008,,4.0,,#63b512
2024-05-07,Drift,,3719.971873,,3719.971873,,-15.221400999999332,,-15.221400999999332,,,,
2024-05-06,Total,876733.167638697,,228221.27686517424,,154410.44125551707,,33058.297863129264,,1.0,,#545cf8,
2024-05-06,Jupiter,,858598.334364697,,214649.58359117425,,167581.3778565171,,41895.34446412927,,,,
2024-05-06,Flash Trade,,14399.64,,9836.5,,-15219.580000000002,,-10885.689999999999,,4.0,,#63b512
2024-05-06,Drift,,3735.1932739999993,,3735.1932739999993,,2048.6433990000014,,2048.6433990000014,,,,
2024-05-05,Total,722322.7263831799,,195162.97900204497,,73831.75365733355,,23699.867475583393,,1.0,,#545cf8,
2024-05-05,Jupiter,,691016.9565081799,,172754.23912704497,,62598.76824233355,,15649.692060583388,,,,
2024-05-05,Flash Trade,,29619.22,,20722.19,,11499.830000000002,,8317.019999999999,,4.0,,#63b512
2024-05-05,Drift,,1686.5498749999979,,1686.5498749999979,,-266.8445850000023,,-266.8445850000023,,,,
2024-05-04,Total,648490.9727258463,,171463.11152646158,,-108793.4320429205,,-30347.779547230137,,1.0,,#545cf8,
2024-05-04,Jupiter,,628418.1882658463,,157104.5470664616,,-103775.41666092048,,-25943.85416523012,,,,
2024-05-04,Flash Trade,,18119.39,,12405.17,,-2956.0499999999993,,-2341.959999999999,,4.0,,#63b512
2024-05-04,Drift,,1953.3944600000002,,1953.3944600000002,,-2061.9653819999985,,-2061.9653819999985,,,,
2024-05-03,Total,757284.4047687668,,201810.89107369172,,81144.32406191248,,16251.82331247814,,1.0,,#545cf8,
2024-05-03,Jupiter,,732193.6049267668,,183048.4012316917,,86847.58766591246,,21711.896916478116,,,,
2024-05-03,Flash Trade,,21075.44,,14747.13,,-669.4799999999996,,-426.2900000000009,,4.0,,#63b512
2024-05-03,Drift,,4015.359841999999,,4015.359841999999,,-5033.783604000003,,-5033.783604000003,,,,
2024-05-02,Total,676140.0807068544,,185559.06776121358,,-1141221.4734622128,,-310802.7942383032,,1.0,,#545cf8,
2024-05-02,Jupiter,,645346.0172608544,,161336.5043152136,,-1099873.3989652127,,-274968.3497413032,,,,
2024-05-02,Flash Trade,,21744.92,,15173.42,,-18526.68,,-13013.050000000001,,4.0,,#63b512
2024-05-02,Drift,,9049.143446000002,,9049.143446000002,,-22821.394497000005,,-22821.394497000005,,,,
2024-05-01,Total,1817361.5541690672,,496361.8619995168,,-114814.00292658084,,-52688.45016114524,,1.0,,#545cf8,
2024-05-01,Jupiter,,1745219.416226067,,436304.8540565168,,-81289.33702058089,,-20322.334255145222,,,,
2024-05-01,Drift,,31870.537943000007,,31870.537943000007,,-29825.50590599998,,-29825.50590599998,,,,
2024-05-01,Flash Trade,,40271.6,,28186.47,,-3699.1600000000035,,-2540.6100000000006,,4.0,,#63b512
2024-04-30,Total,1932175.557095648,,549050.312160662,,1178549.438478721,,343839.67454318027,,1.0,,#545cf8,
2024-04-30,Jupiter,,1826508.753246648,,456627.188311662,,1106603.298580721,,276650.82464518026,,,,
2024-04-30,Drift,,61696.04384899999,,61696.04384899999,,56112.51989799999,,56112.51989799999,,,,
2024-04-30,Flash Trade,,43970.76,,30727.08,,15833.620000000003,,11076.330000000002,,4.0,,#63b512
2024-04-29,Total,753626.118616927,,205210.63761748176,,266885.2024633321,,71308.97972733306,,1.0,,#545cf8,
2024-04-29,Jupiter,,719905.454665927,,179976.36366648175,,258706.45698133216,,64676.61424533304,,,,
2024-04-29,Flash Trade,,28137.14,,19650.75,,5230.09,,3683.709999999999,,4.0,,#63b512
2024-04-29,Drift,,5583.5239509999965,,5583.5239509999965,,2948.655481999997,,2948.655481999997,,,,
2024-04-28,Total,486740.91615359485,,133901.6578901487,,-85377.32141968154,,-23312.336038420413,,1.0,,#545cf8,
2024-04-28,Jupiter,,461198.9976845948,,115299.7494211487,,-88538.91384168155,,-22134.72846042039,,,,
2024-04-28,Flash Trade,,22907.05,,15967.04,,14503.679999999998,,10164.48,,4.0,,#63b512
2024-04-28,Drift,,2634.8684689999995,,2634.8684689999995,,-11342.087578000002,,-11342.087578000002,,,,
2024-04-27,Total,572118.2375732764,,157213.9939285691,,-180989.3595860683,,-42039.609135517065,,1.0,,#545cf8,
2024-04-27,Jupiter,,549737.9115262764,,137434.4778815691,,-182395.1739340683,,-45598.793483517074,,,,
2024-04-27,Drift,,13976.956047000001,,13976.956047000001,,8614.144348,,8614.144348,,,,
2024-04-27,Flash Trade,,8403.37,,5802.56,,-7208.33,,-5054.96,,4.0,,#63b512
2024-04-26,Total,753107.5971593447,,199253.60306408617,,-76809.43615807779,,-24304.761863519438,,1.0,,#545cf8,
2024-04-26,Jupiter,,732133.0854603447,,183033.27136508617,,-70534.24572607782,,-17633.561431519454,,,,
2024-04-26,Flash Trade,,15611.7,,10857.52,,1154.25,,758.2399999999998,,4.0,,#63b512
2024-04-26,Drift,,5362.811699000002,,5362.811699000002,,-7429.440431999994,,-7429.440431999994,,,,
2024-04-25,Total,829917.0333174225,,223558.3649276056,,-631331.1281748705,,-176523.08752546768,,1.0,,#545cf8,
2024-04-25,Jupiter,,802667.3311864225,,200666.83279660562,,-589734.3608658706,,-147433.59021646765,,,,
2024-04-25,Drift,,12792.252130999996,,12792.252130999996,,104.43269099999452,,104.43269099999452,,,,
2024-04-25,Flash Trade,,14457.45,,10099.28,,-41701.2,,-29193.93,,4.0,,#63b512
2024-04-24,Total,1461248.161492293,,400081.4524530733,,526379.8531192178,,155087.51089230448,,1.0,,#545cf8,
2024-04-24,Jupiter,,1392401.692052293,,348100.4230130733,,478866.5629692179,,119716.64074230447,,,,
2024-04-24,Flash Trade,,56158.65,,39293.21,,40508.840000000004,,28366.42,,4.0,,#63b512
2024-04-24,Drift,,12687.819440000001,,12687.819440000001,,7004.450150000001,,7004.450150000001,,,,
2024-04-23,Total,934868.3083730752,,244993.9415607688,,64385.62041922612,,18456.812014306546,,1.0,,#545cf8,
2024-04-23,Jupiter,,913535.1290830752,,228383.7822707688,,58669.75787322607,,14667.439468306518,,,,
2024-04-23,Flash Trade,,15649.81,,10926.79,,6537.75,,4611.260000000001,,4.0,,#63b512
2024-04-23,Drift,,5683.369290000001,,5683.369290000001,,-821.8874539999979,,-821.8874539999979,,,,
2024-04-22,Total,870482.6879538491,,226537.12954646227,,143008.5173824972,,36284.78675237429,,1.0,,#545cf8,
2024-04-22,Jupiter,,854865.3712098491,,213716.34280246228,,142722.4941734972,,35680.6235433743,,,,
2024-04-22,Drift,,6505.256743999998,,6505.256743999998,,1529.0132089999997,,1529.0132089999997,,,,
2024-04-22,Flash Trade,,9112.06,,6315.53,,-1242.9899999999998,,-924.8500000000004,,4.0,,#63b512
2024-04-21,Total,727474.1705713519,,190252.34279408798,,-48471.89669981983,,-18064.668699704955,,1.0,,#545cf8,
2024-04-21,Jupiter,,712142.877036352,,178035.719259088,,-38705.490666819736,,-9676.372666704934,,,,
2024-04-21,Flash Trade,,10355.05,,7240.38,,-4603.230000000001,,-3225.12,,4.0,,#63b512
2024-04-21,Drift,,4976.243534999999,,4976.243534999999,,-5163.176032999997,,-5163.176032999997,,,,
2024-04-20,Total,775946.0672711717,,208317.01149379293,,-486600.8964267442,,-133731.9240031861,,1.0,,#545cf8,
2024-04-20,Jupiter,,750848.3677031717,,187712.09192579292,,-468044.2965647443,,-117011.07414118608,,,,
2024-04-20,Flash Trade,,14958.28,,10465.5,,-6087.289999999999,,-4251.540000000001,,4.0,,#63b512
2024-04-20,Drift,,10139.419567999996,,10139.419567999996,,-12469.309862000018,,-12469.309862000018,,,,
2024-04-19,Total,1262546.963697916,,342048.93549697904,,186707.5346395974,,37478.96200789942,,1.0,,#545cf8,
2024-04-19,Jupiter,,1218892.664267916,,304723.166066979,,204105.55017559743,,51026.38754389936,,,,
2024-04-19,Drift,,22608.729430000014,,22608.729430000014,,-4614.835535999966,,-4614.835535999966,,,,
2024-04-19,Flash Trade,,21045.57,,14717.04,,-12783.18,,-8932.59,,4.0,,#63b512
2024-04-18,Total,1075839.4290583185,,304569.9734890796,,180115.05069656763,,17368.75236714183,,1.0,,#545cf8,
2024-04-18,Jupiter,,1014787.1140923186,,253696.77852307964,,223079.3977725678,,55769.84944314195,,,,
2024-04-18,Drift,,27223.56496599998,,27223.56496599998,,-27877.457076000126,,-27877.457076000126,,,,
2024-04-18,Flash Trade,,33828.75,,23649.63,,-15086.89,,-10523.639999999996,,4.0,,#63b512
2024-04-17,Total,895724.3783617509,,287201.2211219378,,-366025.27202912304,,-71480.1684162807,,1.0,,#545cf8,
2024-04-17,Jupiter,,791707.7163197508,,197926.9290799377,,-404796.36481712316,,-101199.09120428079,,,,
2024-04-17,Drift,,55101.022042000106,,55101.022042000106,,8781.902788000058,,8781.902788000058,,,,
2024-04-17,Flash Trade,,48915.64,,34173.27,,29989.19,,20937.019999999997,,4.0,,#63b512
2024-04-16,Total,1261749.650390874,,358681.3895382185,,641814.2450416465,,162392.27773591163,,1.0,,#545cf8,
2024-04-16,Jupiter,,1196504.081136874,,299126.0202842185,,638661.3164076465,,159665.32910191163,,,,
2024-04-16,Drift,,46319.11925400005,,46319.11925400005,,1452.5186340000291,,1452.5186340000291,,,,
2024-04-16,Flash Trade,,18926.45,,13236.25,,1700.4099999999999,,1274.4300000000003,,4.0,,#63b512
2024-04-15,Total,619935.4053492274,,196289.11180230687,,-1647662.183072571,,-421903.97902814276,,1.0,,#545cf8,
2024-04-15,Jupiter,,557842.7647292274,,139460.69118230685,,-1635188.405392571,,-408797.1013481427,,,,
2024-04-15,Drift,,44866.60062000002,,44866.60062000002,,-14434.537680000016,,-14434.537680000016,,,,
2024-04-15,Flash Trade,,17226.04,,11961.82,,1960.7600000000002,,1327.6599999999999,,4.0,,#63b512
2024-04-14,Total,2267597.5884217983,,618193.0908304496,,-1929326.2887207502,,-727845.4405429371,,1.0,,#545cf8,
2024-04-14,Jupiter,,2193031.1701217983,,548257.7925304496,,-1590196.1309037507,,-397549.03272593766,,,,
2024-04-14,Drift,,59301.138300000035,,59301.138300000035,,-309540.5778169996,,-309540.5778169996,,,,
2024-04-14,Flash Trade,,15265.28,,10634.16,,-29589.58,,-20755.83,,4.0,,#63b512
2024-04-13,Total,4196923.877142549,,1346038.5313733867,,3360998.3506323155,,864327.4407295783,,1.0,,#545cf8,
2024-04-13,Jupiter,,3783227.301025549,,945806.8252563872,,3325589.359870316,,831397.339967579,,,,
2024-04-13,Drift,,368841.7161169996,,368841.7161169996,,26992.170761999325,,26992.170761999325,,,,
2024-04-13,Flash Trade,,44854.86,,31389.99,,8416.82,,5937.93,,4.0,,#63b512
2024-04-12,Total,835925.5265102331,,481711.0906438085,,-1146363.2592541955,,-33774.357097548665,,1.0,,#545cf8,
2024-04-12,Drift,,341849.5453550003,,341849.5453550003,,321825.9002880003,,321825.9002880003,,,,
2024-04-12,Jupiter,,457637.94115523284,,114409.48528880821,,-1493689.0695421956,,-373422.2673855489,,,,
2024-04-12,Flash Trade,,36438.04,,25452.06,,25499.910000000003,,17822.010000000002,,4.0,,#63b512
2024-04-11,Total,1982288.7857644286,,515485.44774135714,,1910375.5490274285,,450978.0010043571,,1.0,,#545cf8,
2024-04-11,Jupiter,,1951327.0106974286,,487831.75267435715,,,,,,,,
2024-04-11,Drift,,20023.645066999987,,20023.645066999987,,-28617.461670000037,,-28617.461670000037,,,,
2024-04-11,Flash Trade,,10938.13,,7630.05,,-12334.000000000002,,-8236.29,,4.0,,#63b512
2024-04-10,Total,71913.23673700003,,64507.44673700002,,-633704.302352108,,-131788.467881027,,1.0,,#545cf8,
2024-04-10,Drift,,48641.106737000024,,48641.106737000024,,26361.68027600002,,26361.68027600002,,,,
2024-04-10,Flash Trade,,23272.13,,15866.34,,16003.53,,10867.23,,4.0,,#63b512
2024-04-10,Jupiter,,,,,,,,,,,,
2024-04-09,Total,705617.539089108,,196295.91461802702,,444028.7102740286,,113391.13711225717,,1.0,,#545cf8,
2024-04-09,Jupiter,,676069.512628108,,169017.378157027,,441323.8575490286,,110330.96438725715,,,,
2024-04-09,Drift,,22279.426461000003,,22279.426461000003,,4095.2027250000174,,4095.2027250000174,,,,
2024-04-09,Flash Trade,,7268.6,,4999.11,,-1390.3500000000004,,-1035.0300000000007,,4.0,,#63b512
2024-04-08,Total,261588.82881507944,,82904.77750576985,,-49385.32681548761,,-5173.124484621934,,1.0,,#545cf8,
2024-04-08,Jupiter,,234745.65507907944,,58686.41376976986,,-59676.54977448762,,-14919.137443621905,,,,
2024-04-08,Drift,,18184.223735999985,,18184.223735999985,,8534.692958999976,,8534.692958999976,,,,
2024-04-08,Flash Trade,,8658.95,,6034.14,,1756.5300000000007,,1211.3200000000006,,4.0,,#63b512
2024-04-07,Total,310974.15563056705,,88077.90199039178,,-1270512.724406004,,-315555.678815001,,1.0,,#545cf8,
2024-04-07,Jupiter,,294422.20485356706,,73605.55121339177,,-1273718.420788004,,-318429.605197001,,,,
2024-04-07,Drift,,9649.530777000009,,9649.530777000009,,2067.7163820000105,,2067.7163820000105,,,,
2024-04-07,Flash Trade,,6902.42,,4822.82,,1137.9800000000005,,806.2099999999996,,4.0,,#63b512
2024-04-06,Total,1581486.880036571,,403633.58080539276,,1512671.894704571,,339019.3054733928,,1.0,,#545cf8,
2024-04-06,Jupiter,,1568140.6256415711,,392035.1564103928,,,,,,,,
2024-04-06,Drift,,7581.8143949999985,,7581.8143949999985,,-47289.36093699999,,-47289.36093699999,,,,
2024-04-06,Flash Trade,,5764.44,,4016.61,,-8179.37,,-5726.49,,4.0,,#63b512
2024-04-05,Total,68814.985332,,64614.27533199999,,-525360.8511672782,,-99720.96977581954,,1.0,,#545cf8,
2024-04-05,Drift,,54871.17533199999,,54871.17533199999,,37970.380688000005,,37970.380688000005,,,,
2024-04-05,Flash Trade,,13943.81,,9743.1,,6846.33,,4853.04,,4.0,,#63b512
2024-04-05,Jupiter,,,,,,,,,,,,
2024-04-04,Total,594175.8364992782,,164335.24510781953,,220101.3371049604,,47376.19492924008,,1.0,,#545cf8,
2024-04-04,Jupiter,,570177.5618552782,,142544.39046381955,,234192.04290096043,,58548.01072524011,,,,
2024-04-04,Drift,,16900.794643999983,,16900.794643999983,,-4103.715796000022,,-4103.715796000022,,,,
2024-04-04,Flash Trade,,7097.48,,4890.06,,-9986.990000000002,,-7068.099999999999,,4.0,,#63b512
2024-04-03,Total,374074.4993943178,,116959.05017857945,,-1241638.035860122,,-357754.1022642805,,1.0,,#545cf8,
2024-04-03,Jupiter,,335985.5189543178,,83996.37973857945,,-1167539.391461122,,-291884.8478652805,,,,
2024-04-03,Drift,,21004.510440000005,,21004.510440000005,,-46664.104398999996,,-46664.104398999996,,,,
2024-04-03,Flash Trade,,17084.47,,11958.16,,-27434.54,,-19205.15,,4.0,,#63b512
2024-04-02,Total,1615712.5352544398,,474713.15244285995,,501708.5617972384,,158917.6272690596,,1.0,,#545cf8,
2024-04-02,Jupiter,,1503524.9104154399,,375881.22760385997,,453196.1527042384,,113299.0381760596,,,,
2024-04-02,Drift,,67668.614839,,67668.614839,,38866.30909300002,,38866.30909300002,,,,
2024-04-02,Flash Trade,,44519.01,,31163.31,,9646.099999999999,,6752.2800000000025,,4.0,,#63b512
2024-04-01,Total,1114003.9734572014,,315795.52517380036,,224146.75668455218,,71610.97848488804,,1.0,,#545cf8,
2024-04-01,Jupiter,,1050328.7577112014,,262582.18942780036,,197411.39759955218,,49352.849399888044,,,,
2024-04-01,Drift,,28802.305745999987,,28802.305745999987,,11811.279084999995,,11811.279084999995,,,,
2024-04-01,Flash Trade,,34872.91,,24411.03,,14924.080000000002,,10446.849999999999,,4.0,,#63b512
2024-03-31,Total,889857.2167726492,,244184.54668891232,,-133112.58550345118,,-32428.578454862756,,1.0,,#545cf8,
2024-03-31,Jupiter,,852917.3601116493,,213229.34002791232,,-136605.22273145115,,-34151.30568286279,,,,
2024-03-31,Drift,,16991.026660999993,,16991.026660999993,,-2407.062772000001,,-2407.062772000001,,,,
2024-03-31,Flash Trade,,19948.83,,13964.18,,5899.700000000003,,4129.790000000001,,4.0,,#63b512
2024-03-30,Total,1022969.8022761004,,276613.1251437751,,623918.5931048243,,157579.15685120603,,1.0,,#545cf8,
2024-03-30,Jupiter,,989522.5828431004,,247380.6457107751,,622916.8350048243,,155729.20875120608,,,,
2024-03-30,Drift,,19398.089432999994,,19398.089432999994,,3829.058099999982,,3829.058099999982,,,,
2024-03-30,Flash Trade,,14049.13,,9834.39,,-2827.300000000001,,-1979.1100000000006,,4.0,,#63b512
2024-03-29,Total,399051.2091712761,,119033.96829256904,,-267405.101605369,,-77757.48288959224,,1.0,,#545cf8,
2024-03-29,Jupiter,,366605.7478382761,,91651.43695956902,,-250964.30495436897,,-62741.07623859224,,,,
2024-03-29,Drift,,15569.031333000012,,15569.031333000012,,-11692.806651000004,,-11692.806651000004,,,,
2024-03-29,Flash Trade,,16876.43,,11813.5,,-4747.989999999998,,-3323.6000000000004,,4.0,,#63b512
2024-03-28,Total,666456.3107766451,,196791.45118216128,,-63071.959598822286,,-11462.660713455582,,1.0,,#545cf8,
2024-03-28,Jupiter,,617570.0527926451,,154392.51319816126,,-70975.39851382235,,-17743.849628455588,,,,
2024-03-28,Drift,,27261.837984000016,,27261.837984000016,,2495.908915000018,,2495.908915000018,,,,
2024-03-28,Flash Trade,,21624.42,,15137.1,,5407.529999999999,,3785.2800000000007,,4.0,,#63b512
2024-03-27,Total,729528.2703754674,,208254.11189561686,,-397622.78394400235,,-100001.61493625061,,1.0,,#545cf8,
2024-03-27,Jupiter,,688545.4513064674,,172136.36282661685,,-395505.31867700233,,-98876.32966925058,,,,
2024-03-27,Drift,,24765.929068999998,,24765.929068999998,,1189.7847329999859,,1189.7847329999859,,,,
2024-03-27,Flash Trade,,16216.89,,11351.82,,-3307.25,,-2315.0699999999997,,4.0,,#63b512
2024-03-26,Total,1127151.0543194697,,308255.7268318675,,-516117.49724965217,,-141114.801006163,,1.0,,#545cf8,
2024-03-26,Jupiter,,1084050.7699834697,,271012.69249586744,,-496609.32832465204,,-124152.33208116301,,,,
2024-03-26,Drift,,23576.144336000012,,23576.144336000012,,-11022.488925000012,,-11022.488925000012,,,,
2024-03-26,Flash Trade,,19524.14,,13666.89,,-8485.68,,-5939.98,,4.0,,#63b512
2024-03-25,Total,1643268.551569122,,449370.5278380305,,1193225.0300312475,,304841.8109495619,,1.0,,#545cf8,
2024-03-25,Jupiter,,1580660.0983081218,,395165.02457703045,,1180292.1054422474,,295073.02636056184,,,,
2024-03-25,Drift,,34598.633261000025,,34598.633261000025,,2385.804589000072,,2385.804589000072,,,,
2024-03-25,Flash Trade,,28009.82,,19606.87,,10547.119999999999,,7382.98,,4.0,,#63b512
2024-03-24,Total,450043.52153787436,,144528.71688846857,,-655652.3560669227,,-171956.58087073072,,1.0,,#545cf8,
2024-03-24,Jupiter,,400367.99286587443,,100091.99821646861,,-633723.3135949227,,-158430.82839873066,,,,
2024-03-24,Drift,,32212.828671999952,,32212.828671999952,,6081.927527999967,,6081.927527999967,,,,
2024-03-24,Flash Trade,,17462.7,,12223.89,,-28010.969999999998,,-19607.68,,4.0,,#63b512
2024-03-23,Total,1105695.877604797,,316485.2977591993,,-59049.719623325625,,-18936.334340331377,,1.0,,#545cf8,
2024-03-23,Jupiter,,1034091.3064607971,,258522.82661519927,,-59911.30037732562,,-14977.825094331405,,,,
2024-03-23,Flash Trade,,45473.67,,31831.57,,16066.969999999998,,11246.880000000001,,4.0,,#63b512
2024-03-23,Drift,,26130.901143999985,,26130.901143999985,,-15205.389246000017,,-15205.389246000017,,,,
2024-03-22,Total,1164745.5972281226,,335421.63209953066,,-248910.6930846232,,-62257.6653594058,,1.0,,#545cf8,
2024-03-22,Jupiter,,1094002.6068381227,,273500.6517095307,,-247519.4636336232,,-61879.8659084058,,,,
2024-03-22,Drift,,41336.29039,,41336.29039,,1983.4705490000051,,1983.4705490000051,,,,
2024-03-22,Flash Trade,,29406.7,,20584.69,,-3374.7000000000007,,-2361.2700000000004,,4.0,,#63b512
2024-03-21,Total,1413656.2903127458,,397679.29745893646,,-462104.9836086391,,-146804.3359589097,,1.0,,#545cf8,
2024-03-21,Jupiter,,1341522.070471746,,335380.5176179365,,-416359.3701996389,,-104089.84254990972,,,,
2024-03-21,Drift,,39352.819841,,39352.819841,,-35638.473409000035,,-35638.473409000035,,,,
2024-03-21,Flash Trade,,32781.4,,22945.96,,-10107.14,,-7076.02,,4.0,,#63b512
2024-03-20,Total,1875761.273921385,,544483.6334178462,,-177637.40499416878,,-96235.18286129227,,1.0,,#545cf8,
2024-03-20,Jupiter,,1757881.4406713848,,439470.3601678462,,-112514.05617716908,,-28128.51404429227,,,,
2024-03-20,Drift,,74991.29325000003,,74991.29325000003,,-75067.77881699991,,-75067.77881699991,,,,
2024-03-20,Flash Trade,,42888.54,,30021.98,,9944.43,,6961.110000000001,,4.0,,#63b512
2024-03-19,Total,2053398.6789155537,,640718.8162791384,,370697.5590328919,,175994.46089747292,,1.0,,#545cf8,
2024-03-19,Jupiter,,1870395.496848554,,467598.8742121385,,255979.39751389204,,63994.84937847301,,,,
2024-03-19,Drift,,150059.07206699994,,150059.07206699994,,105656.31151899992,,105656.31151899992,,,,
2024-03-19,Flash Trade,,32944.11,,23060.87,,9061.850000000002,,6343.299999999999,,4.0,,#63b512
2024-03-18,Total,1682701.1198826618,,464724.3553816655,,932832.587234483,,234129.5333878708,,1.0,,#545cf8,
2024-03-18,Jupiter,,1614416.0993346618,,403604.02483366546,,926415.271795483,,231603.81794887074,,,,
2024-03-18,Drift,,44402.76054800003,,44402.76054800003,,-6554.624560999975,,-6554.624560999975,,,,
2024-03-18,Flash Trade,,23882.26,,16717.57,,12971.939999999999,,9080.34,,4.0,,#63b512
2024-03-17,Total,749868.5326481789,,230594.82199379473,,-508700.0136130968,,-164203.6542727742,,1.0,,#545cf8,
2024-03-17,Jupiter,,688000.8275391789,,172000.20688479472,,-459412.78578709683,,-114853.19644677421,,,,
2024-03-17,Drift,,50957.385109,,50957.385109,,-49498.02782599998,,-49498.02782599998,,,,
2024-03-17,Flash Trade,,10910.32,,7637.23,,210.79999999999927,,147.5699999999997,,4.0,,#63b512
2024-03-16,Total,1258568.5462612757,,394798.47626656893,,1236.4266348748934,,-355.14039853127906,,1.0,,#545cf8,
2024-03-16,Jupiter,,1147413.6133262757,,286853.40333156893,,2657.64937787503,,664.4123444687575,,,,
2024-03-16,Drift,,100455.41293499999,,100455.41293499999,,-82.30274300003657,,-82.30274300003657,,,,
2024-03-16,Flash Trade,,10699.52,,7489.66,,-1338.92,,-937.25,,4.0,,#63b512
2024-03-15,Total,1257332.1196264008,,395153.6166651002,,193059.84378785384,,69491.75455671345,,1.0,,#545cf8,
2024-03-15,Jupiter,,1144755.9639484007,,286188.9909871002,,166212.31897485384,,41553.07974371346,,,,
2024-03-15,Drift,,100537.71567800002,,100537.71567800002,,30484.684812999985,,30484.684812999985,,,,
2024-03-15,Flash Trade,,12038.44,,8426.91,,-3637.16,,-2546.01,,4.0,,#63b512
2024-03-14,Total,1064272.275838547,,325661.86210838676,,-178134.94760437612,,-12761.785316594003,,1.0,,#545cf8,
2024-03-14,Jupiter,,978543.6449735468,,244635.9112433867,,-222403.20305037627,,-55600.800762594066,,,,
2024-03-14,Drift,,70053.03086500004,,70053.03086500004,,39504.135446000044,,39504.135446000044,,,,
2024-03-14,Flash Trade,,15675.6,,10972.92,,4764.120000000001,,3334.88,,4.0,,#63b512
2024-03-13,Total,1242407.223442923,,338423.64742498077,,616621.1678055006,,151497.3397426252,,1.0,,#545cf8,
2024-03-13,Jupiter,,1200946.848023923,,300236.7120059808,,619721.1707505006,,154930.29268762516,,,,
2024-03-13,Drift,,30548.895418999997,,30548.895418999997,,-4209.852944999973,,-4209.852944999973,,,,
2024-03-13,Flash Trade,,10911.48,,7638.04,,1109.8500000000004,,776.8999999999996,,4.0,,#63b512
2024-03-12,Total,625786.0556374225,,186926.30768235557,,-533753.7846572006,,-132918.00643905025,,1.0,,#545cf8,
2024-03-12,Jupiter,,581225.6772734225,,145306.41931835562,,-535545.5976242006,,-133886.39940605016,,,,
2024-03-12,Drift,,34758.74836399997,,34758.74836399997,,-952.92703300008,,-952.92703300008,,,,
2024-03-12,Flash Trade,,9801.63,,6861.14,,2744.739999999999,,1921.3200000000006,,4.0,,#63b512
2024-03-11,Total,1159539.840294623,,319844.3141214058,,578474.2460395325,,154483.38941613317,,1.0,,#545cf8,
2024-03-11,Jupiter,,1116771.274897623,,279192.8187244058,,566003.5821645325,,141500.89554113313,,,,
2024-03-11,Drift,,35711.67539700005,,35711.67539700005,,14176.78387500003,,14176.78387500003,,,,
2024-03-11,Flash Trade,,7056.89,,4939.82,,-1706.12,,-1194.29,,4.0,,#63b512
2024-03-10,Total,581065.5942550906,,165360.92470527266,,-188987.4365155733,,-42150.412727143324,,1.0,,#545cf8,
2024-03-10,Jupiter,,550767.6927330906,,137691.92318327265,,-198235.0583845732,,-49558.7645961433,,,,
2024-03-10,Drift,,21534.89152200002,,21534.89152200002,,3116.7218689999972,,3116.7218689999972,,,,
2024-03-10,Flash Trade,,8763.01,,6134.11,,6130.9,,4291.629999999999,,4.0,,#63b512
2024-03-09,Total,770053.0307706639,,207511.33743241598,,-461688.6105803903,,-125807.60538234754,,1.0,,#545cf8,
2024-03-09,Jupiter,,749002.7511176638,,187250.68777941595,,-446354.51359739027,,-111588.62839934757,,,,
2024-03-09,Drift,,18418.169653000023,,18418.169653000023,,-11617.04698299999,,-11617.04698299999,,,,
2024-03-09,Flash Trade,,2632.11,,1842.48,,-3717.0499999999997,,-2601.93,,4.0,,#63b512
2024-03-08,Total,1231741.6413510542,,333318.9428147635,,253793.61682034435,,63779.91032608604,,1.0,,#545cf8,
2024-03-08,Jupiter,,1195357.264715054,,298839.3161787635,,253987.9019923443,,63496.975498086074,,,,
2024-03-08,Drift,,30035.216636000012,,30035.216636000012,,1396.4048280000025,,1396.4048280000025,,,,
2024-03-08,Flash Trade,,6349.16,,4444.41,,-1590.6900000000005,,-1113.4700000000003,,4.0,,#63b512
2024-03-07,Total,977948.0245307098,,269539.0324886775,,-908564.5354801383,,-221256.17271103454,,1.0,,#545cf8,
2024-03-07,Jupiter,,941369.3627227098,,235342.34068067744,,-916552.4436921384,,-229138.1109230346,,,,
2024-03-07,Drift,,28638.81180800001,,28638.81180800001,,7634.728212000024,,7634.728212000024,,,,
2024-03-07,Flash Trade,,7939.85,,5557.88,,353.1800000000003,,247.21000000000004,,4.0,,#63b512
2024-03-06,Total,1886512.560010848,,490795.205199712,,783313.9841713607,,115351.20103584015,,1.0,,#545cf8,
2024-03-06,Jupiter,,1857921.8064148482,,464480.45160371205,,897025.710847361,,224256.42771184025,,,,
2024-03-06,Drift,,21004.083595999986,,21004.083595999986,,-97690.08667600011,,-97690.08667600011,,,,
2024-03-06,Flash Trade,,7586.67,,5310.67,,-16021.640000000001,,-11215.140000000001,,4.0,,#63b512
2024-03-05,Total,1103198.5758394874,,375444.00416387187,,127053.1594228961,,96224.96958272404,,1.0,,#545cf8,
2024-03-05,Jupiter,,960896.0955674872,,240224.0238918718,,34706.43978689588,,8676.60994672397,,,,
2024-03-05,Drift,,118694.17027200009,,118694.17027200009,,76352.22963600009,,76352.22963600009,,,,
2024-03-05,Flash Trade,,23608.31,,16525.81,,15994.490000000002,,11196.130000000001,,4.0,,#63b512
2024-03-04,Total,976145.4164165913,,279219.03458114783,,321623.40032282204,,87679.90473445554,,1.0,,#545cf8,
2024-03-04,Jupiter,,926189.6557805913,,231547.41394514783,,312266.4341178221,,78066.60852945552,,,,
2024-03-04,Drift,,42341.94063600001,,42341.94063600001,,10211.39620500002,,10211.39620500002,,,,
2024-03-04,Flash Trade,,7613.82,,5329.68,,-854.4300000000003,,-598.0999999999995,,4.0,,#63b512
2024-03-03,Total,654522.0160937692,,191539.1298466923,,46149.58498544397,,24826.65535511097,,1.0,,#545cf8,
2024-03-03,Jupiter,,613923.2216627692,,153480.8054156923,,26684.692840443924,,6671.173210110981,,,,
2024-03-03,Drift,,32130.544430999988,,32130.544430999988,,15100.172144999997,,15100.172144999997,,,,
2024-03-03,Flash Trade,,8468.25,,5927.78,,4364.72,,3055.31,,4.0,,#63b512
2024-03-02,Total,608372.4311083253,,166712.47449158132,,-509368.9375793056,,-156778.58198607637,,1.0,,#545cf8,
2024-03-02,Jupiter,,587238.5288223253,,146809.63220558132,,-468509.75412430556,,-117127.43853107639,,,,
2024-03-02,Drift,,17030.37228599999,,17030.37228599999,,-36832.373455,,-36832.373455,,,,
2024-03-02,Flash Trade,,4103.53,,2872.47,,-4026.8100000000004,,-2818.77,,4.0,,#63b512
2024-03-01,Total,1117741.3686876309,,323491.0564776577,,-445489.2414903918,,-107811.02120009798,,1.0,,#545cf8,
2024-03-01,Jupiter,,1055748.2829466308,,263937.0707366577,,-447857.1337203919,,-111964.28343009797,,,,
2024-03-01,Drift,,53862.74574099999,,53862.74574099999,,8319.092229999987,,8319.092229999987,,,,
2024-03-01,Flash Trade,,8130.34,,5691.24,,-5951.200000000001,,-4165.83,,4.0,,#63b512
2024-02-29,Total,1563230.6101780226,,431302.0776777557,,297408.71871571103,,63823.37445792783,,1.0,,#545cf8,
2024-02-29,Jupiter,,1503605.4166670227,,375901.3541667557,,310470.5123437112,,77617.6280859278,,,,
2024-02-29,Drift,,45543.653511000004,,45543.653511000004,,-15503.303627999994,,-15503.303627999994,,,,
2024-02-29,Flash Trade,,14081.54,,9857.07,,2441.51,,1709.0499999999993,,4.0,,#63b512
2024-02-28,Total,1265821.8914623116,,367478.70321982785,,278625.3288974394,,84980.6460391098,,1.0,,#545cf8,
2024-02-28,Jupiter,,1193134.9043233115,,298283.7260808279,,256146.4171444393,,64036.604286109825,,,,
2024-02-28,Drift,,61046.957139,,61046.957139,,17361.911753,,17361.911753,,,,
2024-02-28,Flash Trade,,11640.03,,8148.02,,5117.000000000001,,3582.13,,4.0,,#63b512
2024-02-27,Total,987196.5625648722,,282498.05718071805,,220529.1692155084,,70161.60536887709,,1.0,,#545cf8,
2024-02-27,Jupiter,,936988.4871788722,,234247.12179471806,,200998.11179550842,,50249.527948877105,,,,
2024-02-27,Drift,,43685.045386,,43685.045386,,20799.417419999994,,20799.417419999994,,,,
2024-02-27,Flash Trade,,6523.03,,4565.89,,-1268.3600000000006,,-887.3399999999992,,4.0,,#63b512
2024-02-26,Total,766667.3933493638,,212336.45181184096,,403602.6313389277,,111951.92130498194,,1.0,,#545cf8,
2024-02-26,Jupiter,,735990.3753833638,,183997.59384584095,,386781.9467119277,,96695.48667798193,,,,
2024-02-26,Drift,,22885.627966000004,,22885.627966000004,,11609.004626999998,,11609.004626999998,,,,
2024-02-26,Flash Trade,,7791.39,,5453.23,,5211.68,,3647.4299999999994,,4.0,,#63b512
2024-02-25,Total,363064.7620104361,,100384.53050685902,,43235.02756477054,,11748.584952692632,,1.0,,#545cf8,
2024-02-25,Jupiter,,349208.4286714361,,87302.10716785902,,41666.04348277056,,10416.51087069264,,,,
2024-02-25,Drift,,11276.623339000005,,11276.623339000005,,779.2640819999997,,779.2640819999997,,,,
2024-02-25,Flash Trade,,2579.71,,1805.8,,789.72,,552.81,,4.0,,#63b512
2024-02-24,Total,319829.73444566556,,88635.94555416639,,-153662.6734846941,,-44335.56033967351,,1.0,,#545cf8,
2024-02-24,Jupiter,,307542.38518866553,,76885.59629716638,,-145203.6975266941,,-36300.924381673525,,,,
2024-02-24,Drift,,10497.359257000006,,10497.359257000006,,-7050.705957999997,,-7050.705957999997,,,,
2024-02-24,Flash Trade,,1789.99,,1252.99,,-1408.2700000000002,,-983.9300000000001,,4.0,,#63b512
2024-02-23,Total,473492.40793035965,,132971.5058938399,,-5735.075272760703,,111.41895880983793,,1.0,,#545cf8,
2024-02-23,Jupiter,,452746.08271535963,,113186.52067883991,,-6957.5523087607,,-1739.388077190175,,,,
2024-02-23,Drift,,17548.065215000002,,17548.065215000002,,3312.9270360000064,,3312.9270360000064,,,,
2024-02-23,Flash Trade,,3198.26,,2236.92,,-2090.45,,-1462.12,,4.0,,#63b512
2024-02-22,Total,479227.48320312036,,132860.08693503006,,-436483.89670860284,,-131549.3835789007,,1.0,,#545cf8,
2024-02-22,Jupiter,,459703.63502412033,,114925.90875603008,,-404227.6708396028,,-101056.9177099007,,,,
2024-02-22,Drift,,14235.138178999996,,14235.138178999996,,-26366.84586900002,,-26366.84586900002,,,,
2024-02-22,Flash Trade,,5288.71,,3699.04,,-5889.38,,-4125.62,,4.0,,#63b512
2024-02-21,Total,915711.3799117232,,264409.4705139308,,-49509.71837746864,,-8173.47371761722,,1.0,,#545cf8,
2024-02-21,Jupiter,,863931.3058637232,,215982.8264659308,,-55381.539546468644,,-13845.384886617161,,,,
2024-02-21,Drift,,40601.98404800001,,40601.98404800001,,5205.461168999995,,5205.461168999995,,,,
2024-02-21,Flash Trade,,11178.09,,7824.66,,666.3600000000006,,466.4499999999998,,4.0,,#63b512
2024-02-20,Total,965221.0982891918,,272582.944231548,,382812.4293734118,,113964.34734285297,,1.0,,#545cf8,
2024-02-20,Jupiter,,919312.8454101918,,229828.21135254795,,356583.5227074118,,89145.88067685295,,,,
2024-02-20,Drift,,35396.52287900002,,35396.52287900002,,21527.446666000007,,21527.446666000007,,,,
2024-02-20,Flash Trade,,10511.73,,7358.21,,4701.459999999999,,3291.02,,4.0,,#63b512
2024-02-19,Total,582408.66891578,,158618.59688869503,,81400.25275575148,,21878.147615937894,,1.0,,#545cf8,
2024-02-19,Jupiter,,562729.32270278,,140682.330675695,,79322.43351975147,,19830.60837993787,,,,
2024-02-19,Drift,,13869.076213000011,,13869.076213000011,,1976.8892360000173,,1976.8892360000173,,,,
2024-02-19,Flash Trade,,5810.27,,4067.19,,100.93000000000029,,70.65000000000009,,4.0,,#63b512
2024-02-18,Total,501008.41616002854,,136740.44927275713,,-133915.9171264742,,-34886.334656618565,,1.0,,#545cf8,
2024-02-18,Jupiter,,483406.88918302854,,120851.72229575714,,-132344.6966264742,,-33086.17415661855,,,,
2024-02-18,Drift,,11892.186976999994,,11892.186976999994,,-2334.3505000000114,,-2334.3505000000114,,,,
2024-02-18,Flash Trade,,5709.34,,3996.54,,763.1300000000001,,534.19,,4.0,,#63b512
2024-02-17,Total,634924.3332865027,,171626.7839293757,,-146455.48020755674,,-38794.2578121392,,1.0,,#545cf8,
2024-02-17,Jupiter,,615751.5858095028,,153937.8964523757,,-143841.18986055674,,-35960.297465139185,,,,
2024-02-17,Drift,,14226.537477000005,,14226.537477000005,,-3346.540347000009,,-3346.540347000009,,,,
2024-02-17,Flash Trade,,4946.21,,3462.35,,732.25,,512.5799999999999,,4.0,,#63b512
2024-02-16,Total,781379.8134940595,,210421.0417415149,,-68589.48322876496,,-26180.587363441213,,1.0,,#545cf8,
2024-02-16,Jupiter,,759592.7756700595,,189898.19391751487,,-54645.70115376497,,-13661.425288441242,,,,
2024-02-16,Drift,,17573.077824000015,,17573.077824000015,,-9195.732074999993,,-9195.732074999993,,,,
2024-02-16,Flash Trade,,4213.96,,2949.77,,-4748.05,,-3323.43,,4.0,,#63b512
2024-02-15,Total,849969.2967228245,,236601.6291049561,,40024.96812991437,,-71.99312452142476,,1.0,,#545cf8,
2024-02-15,Jupiter,,814238.4768238245,,203559.6192059561,,52419.25500591437,,13104.813751478592,,,,
2024-02-15,Drift,,26768.809899000007,,26768.809899000007,,-15001.996876000012,,-15001.996876000012,,,,
2024-02-15,Flash Trade,,8962.01,,6273.2,,2607.71,,1825.1899999999996,,4.0,,#63b512
2024-02-14,Total,809944.3285929101,,236673.62222947754,,-120292.17781412776,,-22709.611000531906,,1.0,,#545cf8,
2024-02-14,Jupiter,,761819.2218179101,,190454.80545447752,,-129838.02241812774,,-32459.505604531936,,,,
2024-02-14,Drift,,41770.80677500002,,41770.80677500002,,10214.774604000031,,10214.774604000031,,,,
2024-02-14,Flash Trade,,6354.3,,4448.01,,-668.9299999999994,,-464.8800000000001,,4.0,,#63b512
2024-02-13,Total,930236.5064070378,,259383.23323000944,,2038.0477521680295,,-674.9481199579895,,1.0,,#545cf8,
2024-02-13,Jupiter,,891657.2442360378,,222914.31105900946,,3765.1944961680565,,941.2986240420141,,,,
2024-02-13,Drift,,31556.032170999988,,31556.032170999988,,-1346.256744000002,,-1346.256744000002,,,,
2024-02-13,Flash Trade,,7023.23,,4912.89,,-380.8900000000003,,-269.9899999999998,,4.0,,#63b512
2024-02-12,Total,928198.4586548698,,260058.18134996743,,539769.2387432295,,151223.23033280735,,1.0,,#545cf8,
2024-02-12,Jupiter,,887892.0497398698,,221973.01243496744,,517182.1845472295,,129295.54613680737,,,,
2024-02-12,Drift,,32902.28891499999,,32902.28891499999,,20389.16419599999,,20389.16419599999,,,,
2024-02-12,Flash Trade,,7404.12,,5182.88,,2197.8900000000003,,1538.52,,4.0,,#63b512
2024-02-11,Total,388429.2199116403,,108834.95101716007,,-166625.62277851405,,-44920.920956378526,,1.0,,#545cf8,
2024-02-11,Jupiter,,370709.8651926403,,92677.46629816007,,-161744.52242951404,,-40436.13060737851,,,,
2024-02-11,Drift,,12513.124719,,12513.124719,,-3560.0703490000014,,-3560.0703490000014,,,,
2024-02-11,Flash Trade,,5206.23,,3644.36,,-1321.0300000000007,,-924.7199999999998,,4.0,,#63b512
2024-02-10,Total,555054.8426901543,,153755.8719735386,,-178914.36210642103,,-46128.529985605244,,1.0,,#545cf8,
2024-02-10,Jupiter,,532454.3876221543,,133113.59690553858,,-178333.0294944211,,-44583.25737360527,,,,
2024-02-10,Drift,,16073.195068,,16073.195068,,-3794.5826119999947,,-3794.5826119999947,,,,
2024-02-10,Flash Trade,,6527.26,,4569.08,,3213.25,,2249.31,,4.0,,#63b512
2024-02-09,Total,733969.2047965754,,199884.40195914384,,170619.93171074637,,48806.12624318659,,1.0,,#545cf8,
2024-02-09,Jupiter,,710787.4171165754,,177696.85427914385,,162646.7139567464,,40661.6784891866,,,,
2024-02-09,Drift,,19867.777679999996,,19867.777679999996,,8542.907753999998,,8542.907753999998,,,,
2024-02-09,Flash Trade,,3314.01,,2319.77,,-569.6899999999996,,-398.46000000000004,,4.0,,#63b512
2024-02-08,Total,563349.273085829,,151078.27571595725,,46882.52302867593,,9693.706099668983,,1.0,,#545cf8,
2024-02-08,Jupiter,,548140.703159829,,137035.17578995725,,49650.80923867598,,12412.702309668995,,,,
2024-02-08,Drift,,11324.869925999998,,11324.869925999998,,-2605.006210000003,,-2605.006210000003,,,,
2024-02-08,Flash Trade,,3883.7,,2718.23,,-163.2800000000002,,-113.98999999999978,,4.0,,#63b512
2024-02-07,Total,516466.75005715305,,141384.56961628827,,167026.6785058283,,48726.88526570708,,1.0,,#545cf8,
2024-02-07,Jupiter,,498489.89392115304,,124622.47348028826,,157910.3109868283,,39477.57774670707,,,,
2024-02-07,Drift,,13929.876136,,13929.876136,,9542.867519,,9542.867519,,,,
2024-02-07,Flash Trade,,4046.98,,2832.22,,-426.49999999999955,,-293.5600000000004,,4.0,,#63b512
2024-02-06,Total,349440.07155132474,,92657.68435058118,,-184000.62286984973,,-48203.37505046245,,1.0,,#545cf8,
2024-02-06,Jupiter,,340579.58293432475,,85144.89573358119,,-181755.93042584974,,-45438.982606462436,,,,
2024-02-06,Drift,,4387.008617,,4387.008617,,-3958.1624439999987,,-3958.1624439999987,,,,
2024-02-06,Flash Trade,,4473.48,,3125.78,,1713.4699999999993,,1193.7700000000002,,4.0,,#63b512
2024-02-05,Total,533440.6944211745,,140861.05940104363,,109313.15683672723,,26591.802025181823,,1.0,,#545cf8,
2024-02-05,Jupiter,,522335.5133601745,,130583.87834004362,,110040.69974872726,,27510.174937181815,,,,
2024-02-05,Drift,,8345.171061,,8345.171061,,-1363.6529119999996,,-1363.6529119999996,,,,
2024-02-05,Flash Trade,,2760.01,,1932.01,,636.1100000000001,,445.28,,4.0,,#63b512
2024-02-04,Total,424127.53758444724,,114269.25737586181,,109407.25020098453,,29537.138830996133,,1.0,,#545cf8,
2024-02-04,Jupiter,,412294.8136114472,,103073.7034028618,,106990.45515998453,,26747.613789996132,,,,
2024-02-04,Drift,,9708.823972999999,,9708.823972999999,,3659.2150409999977,,3659.2150409999977,,,,
2024-02-04,Flash Trade,,2123.9,,1486.73,,-1242.42,,-869.69,,4.0,,#63b512
2024-02-03,Total,314720.2873834627,,84732.11854486568,,-179084.07407358574,,-51220.251393896426,,1.0,,#545cf8,
2024-02-03,Jupiter,,305304.3584514627,,76326.08961286568,,-169989.55023958575,,-42497.38755989644,,,,
2024-02-03,Drift,,6049.608932000001,,6049.608932000001,,-7855.663834000001,,-7855.663834000001,,,,
2024-02-03,Flash Trade,,3366.32,,2356.42,,-1238.8600000000001,,-867.1999999999998,,4.0,,#63b512
2024-02-02,Total,493804.36145704845,,135952.3699387621,,-42948.0187686811,,-9972.858851170284,,1.0,,#545cf8,
2024-02-02,Jupiter,,475293.90869104845,,118823.47717276211,,-44721.266556681076,,-11180.316639170269,,,,
2024-02-02,Drift,,13905.272766000002,,13905.272766000002,,-112.6822120000088,,-112.6822120000088,,,,
2024-02-02,Flash Trade,,4605.18,,3223.62,,1885.9300000000003,,1320.1399999999999,,4.0,,#63b512
2024-02-01,Total,536752.3802257295,,145925.2287899324,,-84582.67049412243,,-19912.14877278061,,1.0,,#545cf8,
2024-02-01,Jupiter,,520015.1752477295,,130003.79381193238,,-84852.76229512249,,-21213.190573780623,,,,
2024-02-01,Drift,,14017.95497800001,,14017.95497800001,,3706.5818010000057,,3706.5818010000057,,,,
2024-02-01,Flash Trade,,2719.25,,1903.48,,-3436.49,,-2405.5400000000004,,4.0,,#63b512
2024-01-31,Total,621335.050719852,,165837.377562713,,194147.9597686809,,48422.13590517023,,1.0,,#545cf8,
2024-01-31,Jupiter,,604867.937542852,,151216.984385713,,194465.89848468098,,48616.474621170244,,,,
2024-01-31,Drift,,10311.373177000005,,10311.373177000005,,94.07128399999783,,94.07128399999783,,,,
2024-01-31,Flash Trade,,6155.74,,4309.02,,-412.0100000000002,,-288.40999999999985,,4.0,,#63b512
2024-01-30,Total,427187.09095117106,,117415.24165754276,,-23197.339372466202,,-2527.4277608665434,,1.0,,#545cf8,
2024-01-30,Jupiter,,410402.03905817104,,102600.50976454276,,-28245.268815466203,,-7061.317203866551,,,,
2024-01-30,Drift,,10217.301893000007,,10217.301893000007,,3332.5694430000076,,3332.5694430000076,,,,
2024-01-30,Flash Trade,,6567.75,,4597.43,,1715.3599999999997,,1201.3200000000002,,4.0,,#63b512
2024-01-29,Total,450384.43032363727,,119942.6694184093,,37281.19543241151,,9225.294071102864,,1.0,,#545cf8,
2024-01-29,Jupiter,,438647.30787363724,,109661.82696840931,,36924.055148411484,,9231.013787102871,,,,
2024-01-29,Drift,,6884.7324499999995,,6884.7324499999995,,-850.5097160000014,,-850.5097160000014,,,,
2024-01-29,Flash Trade,,4852.39,,3396.11,,1207.6500000000005,,844.79,,4.0,,#63b512
2024-01-28,Total,413103.23489122576,,110717.37534730644,,225923.55118987587,,60430.67026546897,,1.0,,#545cf8,
2024-01-28,Jupiter,,401723.25272522576,,100430.81318130644,,219955.13456587587,,54988.78364146897,,,,
2024-01-28,Drift,,7735.242166000001,,7735.242166000001,,4213.2966240000005,,4213.2966240000005,,,,
2024-01-28,Flash Trade,,3644.74,,2551.32,,1755.12,,1228.5900000000001,,4.0,,#63b512
2024-01-27,Total,187179.6837013499,,50286.70508183747,,-138421.55154234223,,-37142.85091633555,,1.0,,#545cf8,
2024-01-27,Jupiter,,181768.1181593499,,45442.02953983747,,-133576.7475013422,,-33394.18687533555,,,,
2024-01-27,Drift,,3521.945542,,3521.945542,,-1191.0040410000006,,-1191.0040410000006,,,,
2024-01-27,Flash Trade,,1889.62,,1322.73,,-3653.8,,-2557.66,,4.0,,#63b512
2024-01-26,Total,325601.2352436921,,87429.55599817302,,10276.28867280425,,3782.4367827010574,,1.0,,#545cf8,
2024-01-26,Jupiter,,315344.8656606921,,78836.21641517302,,8027.189186804229,,2006.7972967010573,,,,
2024-01-26,Drift,,4712.9495830000005,,4712.9495830000005,,668.9294860000018,,668.9294860000018,,,,
2024-01-26,Flash Trade,,5543.42,,3880.39,,1580.17,,1106.71,,4.0,,#63b512
2024-01-25,Total,315324.94657088787,,83647.11921547196,,-26811.261852878903,,-6391.230456469726,,1.0,,#545cf8,
2024-01-25,Jupiter,,307317.67647388787,,76829.41911847197,,-27071.681861878897,,-6767.920465469724,,,,
2024-01-25,Drift,,4044.0200969999987,,4044.0200969999987,,649.4000090000004,,649.4000090000004,,,,
2024-01-25,Flash Trade,,3963.25,,2773.68,,-388.97999999999956,,-272.71000000000004,,4.0,,#63b512
2024-01-24,Total,342136.2084237668,,90038.34967194169,,-252645.0329908129,,-93033.60365470321,,1.0,,#545cf8,
2024-01-24,Jupiter,,334389.35833576677,,83597.33958394169,,-210811.0391148129,,-52702.75977870323,,,,
2024-01-24,Drift,,3394.6200879999983,,3394.6200879999983,,-36823.353875999994,,-36823.353875999994,,,,
2024-01-24,Flash Trade,,4352.23,,3046.39,,-5010.640000000001,,-3507.4900000000002,,4.0,,#63b512
2024-01-23,Total,594781.2414145797,,183071.9533266449,,25826.706398906186,,18811.12743297653,,1.0,,#545cf8,
2024-01-23,Jupiter,,545200.3974505797,,136300.09936264492,,7818.105287906248,,1954.526321976562,,,,
2024-01-23,Drift,,40217.97396399999,,40217.97396399999,,14169.041110999977,,14169.041110999977,,,,
2024-01-23,Flash Trade,,9362.87,,6553.88,,3839.5600000000004,,2687.56,,4.0,,#63b512
2024-01-22,Total,568954.5350156735,,164260.82589366837,,459680.66439041734,,133494.47601110433,,1.0,,#545cf8,
2024-01-22,Jupiter,,537382.2921626734,,134345.57304066836,,433340.1311724173,,108335.03279310433,,,,
2024-01-22,Drift,,26048.932853000013,,26048.932853000013,,22403.553218000012,,22403.553218000012,,,,
2024-01-22,Flash Trade,,5523.31,,3866.32,,3936.9800000000005,,2755.8900000000003,,4.0,,#63b512
2024-01-21,Total,109273.87062525615,,30766.349882564034,,-64267.58766487846,,-18190.216118469623,,1.0,,#545cf8,
2024-01-21,Jupiter,,104042.16099025615,,26010.540247564037,,-61068.562061878474,,-15267.140515469619,,,,
2024-01-21,Drift,,3645.379635,,3645.379635,,-2279.1856029999994,,-2279.1856029999994,,,,
2024-01-21,Flash Trade,,1586.33,,1110.43,,-919.8400000000001,,-643.8899999999999,,4.0,,#63b512
2024-01-20,Total,173541.45829013461,,48956.56600103366,,-190353.19726018142,,-56110.164654545355,,1.0,,#545cf8,
2024-01-20,Jupiter,,165110.72305213462,,41277.680763033655,,-177211.16347418143,,-44302.79086854536,,,,
2024-01-20,Drift,,5924.565237999999,,5924.565237999999,,-8693.163786000003,,-8693.163786000003,,,,
2024-01-20,Flash Trade,,2506.17,,1754.32,,-4448.87,,-3114.21,,4.0,,#63b512
2024-01-19,Total,363894.65555031603,,105066.73065557901,,-2474.6393669712124,,-1942.4720672428084,,1.0,,#545cf8,
2024-01-19,Jupiter,,342321.88652631606,,85580.47163157901,,-773.089732971217,,-193.27243324280425,,,,
2024-01-19,Drift,,14617.729024000002,,14617.729024000002,,-1860.4096339999942,,-1860.4096339999942,,,,
2024-01-19,Flash Trade,,6955.04,,4868.53,,158.85999999999967,,111.21000000000004,,4.0,,#63b512
2024-01-18,Total,366369.29491728725,,107009.20272282182,,-434.32605588104343,,7450.181630529754,,1.0,,#545cf8,
2024-01-18,Jupiter,,343094.9762592873,,85773.74406482182,,-10843.46358188102,,-2710.865895470255,,,,
2024-01-18,Drift,,16478.138657999996,,16478.138657999996,,9582.187525999996,,9582.187525999996,,,,
2024-01-18,Flash Trade,,6796.18,,4757.32,,826.9500000000007,,578.8599999999997,,4.0,,#63b512
2024-01-17,Total,366803.6209731683,,99559.02109229207,,137023.13035135352,,24472.90902958838,,1.0,,#545cf8,
2024-01-17,Jupiter,,353938.4398411683,,88484.60996029207,,150792.60176235353,,37698.15044058838,,,,
2024-01-17,Drift,,6895.951132,,6895.951132,,-11955.351410999994,,-11955.351410999994,,,,
2024-01-17,Flash Trade,,5969.23,,4178.46,,-1814.1200000000008,,-1269.8900000000003,,4.0,,#63b512
2024-01-16,Total,229780.49062181477,,75086.11206270369,,-15177.153019196034,,8794.662528450994,,1.0,,#545cf8,
2024-01-16,Jupiter,,203145.83807881476,,50786.45951970369,,-33282.90073019604,,-8320.72518254901,,,,
2024-01-16,Drift,,18851.302542999994,,18851.302542999994,,14804.537710999995,,14804.537710999995,,,,
2024-01-16,Flash Trade,,7783.35,,5448.35,,3301.21,,2310.8500000000004,,4.0,,#63b512
2024-01-15,Total,244957.6436410108,,66291.4495342527,,12157.7665232594,,1321.4495208148437,,1.0,,#545cf8,
2024-01-15,Jupiter,,236428.7388090108,,59107.1847022527,,15291.2360032594,,3822.80900081485,,,,
2024-01-15,Drift,,4046.764831999999,,4046.764831999999,,-1026.4294800000016,,-1026.4294800000016,,,,
2024-01-15,Flash Trade,,4482.14,,3137.5,,-2107.04,,-1474.9300000000003,,4.0,,#63b512
2024-01-14,Total,232799.8771177514,,64970.00001343785,,-61029.999210951966,,-13755.79071698799,,1.0,,#545cf8,
2024-01-14,Jupiter,,221137.5028057514,,55284.37570143785,,-64045.317991951946,,-16011.329497987987,,,,
2024-01-14,Drift,,5073.1943120000005,,5073.1943120000005,,482.68878100000165,,482.68878100000165,,,,
2024-01-14,Flash Trade,,6589.18,,4612.43,,2532.63,,1772.8500000000004,,4.0,,#63b512
2024-01-13,Total,293829.87632870337,,78725.79073042584,,43215.7405483264,,-18112.04902716841,,1.0,,#545cf8,
2024-01-13,Jupiter,,285182.82079770335,,71295.70519942584,,85161.85276732637,,21290.463191831594,,,,
2024-01-13,Drift,,4590.505530999999,,4590.505530999999,,-33467.43221900001,,-33467.43221900001,,,,
2024-01-13,Flash Trade,,4056.55,,2839.58,,-8478.68,,-5935.08,,4.0,,#63b512
2024-01-12,Total,250614.13578037696,,96837.83975759425,,-6830.712499321729,,22313.441271169577,,1.0,,#545cf8,
2024-01-12,Jupiter,,200020.96803037697,,50005.24200759424,,-41931.72502732172,,-10482.93125683043,,,,
2024-01-12,Drift,,38057.93775000001,,38057.93775000001,,27418.88252800001,,27418.88252800001,,,,
2024-01-12,Flash Trade,,12535.23,,8774.66,,7682.129999999999,,5377.49,,4.0,,#63b512
2024-01-11,Total,257444.8482796987,,74524.39848642467,,22269.679863760015,,-1003.8787635599874,,1.0,,#545cf8,
2024-01-11,Jupiter,,241952.6930576987,,60488.17326442467,,32813.15816976002,,8203.289542440005,,,,
2024-01-11,Drift,,10639.055222,,10639.055222,,-6089.138305999995,,-6089.138305999995,,,,
2024-01-11,Flash Trade,,4853.1,,3397.17,,-4454.34,,-3118.0299999999997,,4.0,,#63b512
2024-01-10,Total,235175.16841593868,,75528.27724998466,,38030.87714687784,,17310.940119719453,,1.0,,#545cf8,
2024-01-10,Jupiter,,209139.53488793867,,52284.88372198467,,27052.022702877846,,6763.005675719462,,,,
2024-01-10,Drift,,16728.193527999996,,16728.193527999996,,9542.504443999998,,9542.504443999998,,,,
2024-01-10,Flash Trade,,9307.44,,6515.2,,1436.3500000000004,,1005.4299999999994,,4.0,,#63b512
2024-01-09,Total,197144.29126906084,,58217.33713026521,,-117408.39888537666,,-55576.193478344154,,1.0,,#545cf8,
2024-01-09,Jupiter,,182087.51218506083,,45521.87804626521,,-82904.12720937666,,-20726.031802344165,,,,
2024-01-09,Drift,,7185.689083999998,,7185.689083999998,,-35657.261675999995,,-35657.261675999995,,,,
2024-01-09,Flash Trade,,7871.09,,5509.77,,1152.9899999999998,,807.1000000000004,,4.0,,#63b512
2024-01-08,Total,314552.6901544375,,113793.53060860936,,122160.9187981684,,43356.39789754206,,1.0,,#545cf8,
2024-01-08,Jupiter,,264991.6393944375,,66247.90984860937,,104252.57453416841,,26063.143633542102,,,,
2024-01-08,Drift,,42842.95075999999,,42842.95075999999,,15858.034263999958,,15858.034263999958,,,,
2024-01-08,Flash Trade,,6718.1,,4702.67,,2050.3100000000004,,1435.2200000000003,,4.0,,#63b512
2024-01-07,Total,192391.7713562691,,70437.1327110673,,-33565.6369345985,,-4299.858279899607,,1.0,,#545cf8,
2024-01-07,Jupiter,,160739.06486026908,,40184.76621506727,,-39638.65153959853,,-9909.662884899633,,,,
2024-01-07,Drift,,26984.916496000034,,26984.916496000034,,4529.004605000038,,4529.004605000038,,,,
2024-01-07,Flash Trade,,4667.79,,3267.45,,1544.0099999999998,,1080.7999999999997,,4.0,,#63b512
2024-01-06,Total,225957.4082908676,,74736.99099096691,,61339.59359511713,,23012.976064529284,,1.0,,#545cf8,
2024-01-06,Jupiter,,200377.7163998676,,50094.4290999669,,51691.98337411712,,12922.99584352928,,,,
2024-01-06,Drift,,22455.911890999996,,22455.911890999996,,11122.160220999996,,11122.160220999996,,,,
2024-01-06,Flash Trade,,3123.78,,2186.65,,-1474.5499999999997,,-1032.1799999999998,,4.0,,#63b512
2024-01-05,Total,164617.81469575048,,51724.01492643762,,32624.299966456892,,10635.571835114228,,1.0,,#545cf8,
2024-01-05,Jupiter,,148685.7330257505,,37171.433256437624,,29514.957508456922,,7378.739377114231,,,,
2024-01-05,Drift,,11333.75167,,11333.75167,,3600.992457999997,,3600.992457999997,,,,
2024-01-05,Flash Trade,,4598.33,,3218.83,,-491.64999999999964,,-344.15999999999985,,4.0,,#63b512
2024-01-04,Total,131993.5147292936,,41088.443091323395,,-194539.4958808929,,-93573.01374747325,,1.0,,#545cf8,
2024-01-04,Jupiter,,119170.77551729357,,29792.693879323393,,-135281.73617789292,,-33820.43404447323,,,,
2024-01-04,Drift,,7732.759212000003,,7732.759212000003,,-60907.179703000016,,-60907.179703000016,,,,
2024-01-04,Flash Trade,,5089.98,,3562.99,,1649.4199999999996,,1154.6,,4.0,,#63b512
2024-01-03,Total,326533.0106101865,,134661.45683879664,,104710.2119401648,,64610.35422354122,,1.0,,#545cf8,
2024-01-03,Drift,,68639.93891500002,,68639.93891500002,,55275.42831800001,,55275.42831800001,,,,
2024-01-03,Jupiter,,254452.5116951865,,63613.12792379662,,56154.26362216481,,14038.565905541203,,,,
2024-01-03,Flash Trade,,3440.56,,2408.39,,-6719.480000000001,,-4703.639999999999,,4.0,,#63b512
2024-01-02,Total,221822.7986700217,,70051.10261525543,,94751.83540014438,,31774.196408786098,,1.0,,#545cf8,
2024-01-02,Jupiter,,198298.24807302168,,49574.56201825542,,83142.23865514436,,20785.55966378609,,,,
2024-01-02,Drift,,13364.51059700001,,13364.51059700001,,9539.696745000008,,9539.696745000008,,,,
2024-01-02,Flash Trade,,10160.04,,7112.03,,2069.9000000000005,,1448.9399999999996,,4.0,,#63b512
2024-01-01,Total,127070.96326987732,,38276.90620646933,,-53807.26681070968,,-17737.257847927423,,1.0,,#545cf8,
2024-01-01,Jupiter,,115156.00941787731,,28789.00235446933,,-46870.38528370969,,-11717.596320927423,,,,
2024-01-01,Flash Trade,,8090.14,,5663.09,,-3057.409999999999,,-2140.1899999999996,,4.0,,#63b512
2024-01-01,Drift,,3824.8138520000016,,3824.8138520000016,,-3879.4715269999974,,-3879.4715269999974,,,,
2023-12-31,Total,180878.230080587,,56014.16405439675,,57414.946621404204,,19703.972581101058,,1.0,,#545cf8,
2023-12-31,Jupiter,,162026.394701587,,40506.59867539675,,47335.37872040422,,11833.844680101054,,,,
2023-12-31,Flash Trade,,11147.55,,7803.28,,7364.789999999999,,5155.35,,4.0,,#63b512
2023-12-31,Drift,,7704.285378999999,,7704.285378999999,,2714.7779009999986,,2714.7779009999986,,,,
2023-12-30,Total,123463.2834591828,,36310.191473295694,,-89814.35545643017,,-25316.11369660755,,1.0,,#545cf8,
2023-12-30,Jupiter,,114691.01598118279,,28672.753995295698,,-87490.08234643018,,-21872.520586607545,,,,
2023-12-30,Drift,,4989.507478,,4989.507478,,-6055.323109999998,,-6055.323109999998,,,,
2023-12-30,Flash Trade,,3782.76,,2647.93,,3731.05,,2611.73,,4.0,,#63b512
2023-12-29,Total,213277.63891561297,,61626.305169903244,,-34193.32765133225,,-24856.160116333085,,1.0,,#545cf8,
2023-12-29,Jupiter,,202181.09832761297,,50545.27458190324,,-12470.236713332211,,-3117.559178333053,,,,
2023-12-29,Drift,,11044.830587999999,,11044.830587999999,,-21774.800938000037,,-21774.800938000037,,,,
2023-12-29,Flash Trade,,51.71,,36.2,,,,,,4.0,,#63b512
2023-12-28,Total,247470.96656694522,,86482.46528623633,,71607.22613873455,,33600.38892043366,,1.0,,#545cf8,
2023-12-28,Jupiter,,214651.33504094518,,53662.833760236295,,50675.78295773451,,12668.945739433628,,,,
2023-12-28,Drift,,32819.631526000034,,32819.631526000034,,20931.44318100003,,20931.44318100003,,,,
2023-12-27,Total,175863.74042821067,,52882.07636580267,,147.06263077585027,,-13556.487523556047,,1.0,,#545cf8,
2023-12-27,Jupiter,,163975.55208321067,,40993.88802080267,,18271.400205775863,,4567.850051443966,,,,
2023-12-27,Drift,,11888.188345000004,,11888.188345000004,,-18124.337575000005,,-18124.337575000005,,,,
2023-12-26,Total,175716.67779743482,,66438.56388935872,,52517.37728836102,,25531.92689584026,,1.0,,#545cf8,
2023-12-26,Jupiter,,145704.1518774348,,36426.0379693587,,35980.600523361005,,8995.150130840251,,,,
2023-12-26,Drift,,30012.525920000007,,30012.525920000007,,16536.776765000002,,16536.776765000002,,,,
2023-12-25,Total,123199.3005090738,,40906.636993518456,,-50206.78291376078,,-13926.300295190187,,1.0,,#545cf8,
2023-12-25,Jupiter,,109723.5513540738,,27430.88783851845,,-48373.976824760786,,-12093.494206190197,,,,
2023-12-25,Drift,,13475.749155000003,,13475.749155000003,,-1832.8060889999906,,-1832.8060889999906,,,,
2023-12-24,Total,173406.08342283458,,54832.93728870864,,29254.47100931019,,12167.018518827543,,1.0,,#545cf8,
2023-12-24,Jupiter,,158097.5281788346,,39524.38204470865,,22783.269987310196,,5695.817496827549,,,,
2023-12-24,Drift,,15308.555243999994,,15308.555243999994,,6471.201021999992,,6471.201021999992,,,,
2023-12-23,Total,144151.6124135244,,42665.9187698811,,-25829.618478561548,,-19737.523059140396,,1.0,,#545cf8,
2023-12-23,Jupiter,,135314.2581915244,,33828.5645478811,,-8122.793892561516,,-2030.698473140379,,,,
2023-12-23,Drift,,8837.354222000002,,8837.354222000002,,-17706.82458600002,,-17706.82458600002,,,,
2023-12-22,Total,169981.23089208594,,62403.441829021496,,-3539.431369322585,,3016.8849394193676,,1.0,,#545cf8,
2023-12-22,Jupiter,,143437.0520840859,,35859.26302102148,,-8741.755078322603,,-2185.438769580651,,,,
2023-12-22,Drift,,26544.178808000022,,26544.178808000022,,5202.323709000018,,5202.323709000018,,,,
2023-12-21,Total,173520.66226140852,,59386.55688960213,,-26509.1666430193,,1621.6138004951717,,1.0,,#545cf8,
2023-12-21,Jupiter,,152178.8071624085,,38044.70179060213,,-37507.707258019305,,-9376.926814504826,,,,
2023-12-21,Drift,,21341.855099000004,,21341.855099000004,,10998.540615000002,,10998.540615000002,,,,
2023-12-20,Total,200029.82890442782,,57764.94308910696,,62978.97722174143,,18566.55325518536,,1.0,,#545cf8,
2023-12-20,Jupiter,,189686.51442042782,,47421.628605106955,,59216.56528874143,,14804.141322185358,,,,
2023-12-20,Drift,,10343.314484000002,,10343.314484000002,,3762.4119330000003,,3762.4119330000003,,,,
2023-12-19,Total,137050.8516826864,,39198.389833921596,,-63325.450661041774,,-34758.209190510446,,1.0,,#545cf8,
2023-12-19,Jupiter,,130469.94913168639,,32617.487282921596,,-38089.65529404179,,-9522.413823510447,,,,
2023-12-19,Drift,,6580.902551000002,,6580.902551000002,,-25235.79536699999,,-25235.79536699999,,,,
2023-12-18,Total,200376.30234372817,,73956.59902443204,,117857.53392958893,,43200.21716564723,,1.0,,#545cf8,
2023-12-18,Jupiter,,168559.60442572818,,42139.901106432044,,99543.08901858894,,24885.772254647236,,,,
2023-12-18,Drift,,31816.697917999994,,31816.697917999994,,18314.44491099999,,18314.44491099999,,,,
2023-12-17,Total,82518.76841413924,,30756.381858784815,,-24898.944519340832,,-894.0174548352079,,1.0,,#545cf8,
2023-12-17,Jupiter,,69016.51540713923,,17254.128851784808,,-32006.56941934084,,-8001.64235483521,,,,
2023-12-17,Drift,,13502.253007000005,,13502.253007000005,,7107.624900000002,,7107.624900000002,,,,
2023-12-16,Total,107417.71293348007,,31650.399313620022,,-38121.890551743476,,-21647.721588435867,,1.0,,#545cf8,
2023-12-16,Jupiter,,101023.08482648007,,25255.77120662002,,-21965.558617743474,,-5491.389654435869,,,,
2023-12-16,Drift,,6394.628107000003,,6394.628107000003,,-16156.331933999994,,-16156.331933999994,,,,
2023-12-15,Total,145539.60348522355,,53298.12090205589,,19227.440881820832,,188.26011045520136,,1.0,,#545cf8,
2023-12-15,Jupiter,,122988.64344422355,,30747.160861055887,,25385.574361820836,,6346.393590455209,,,,
2023-12-15,Drift,,22550.960041,,22550.960041,,-6158.133480000011,,-6158.133480000011,,,,
2023-12-14,Total,126312.16260340271,,53109.86079160069,,-28507.393753387558,,-14388.47499334687,,1.0,,#545cf8,
2023-12-14,Drift,,28709.09352100001,,28709.09352100001,,-9682.16873999998,,-9682.16873999998,,,,
2023-12-14,Jupiter,,97603.06908240271,,24400.767270600678,,-18825.22501338758,,-4706.306253346895,,,,
2023-12-13,Total,154819.55635679027,,67498.33578494756,,33376.11556545405,,29689.5722086135,,1.0,,#545cf8,
2023-12-13,Drift,,38391.26226099999,,38391.26226099999,,28460.724422999985,,28460.724422999985,,,,
2023-12-13,Jupiter,,116428.29409579029,,29107.073523947573,,4915.391142454071,,1228.8477856135178,,,,
2023-12-12,Total,121443.44079133622,,37808.76357633406,,-89199.09394488165,,-35095.4396872204,,1.0,,#545cf8,
2023-12-12,Jupiter,,111512.90295333622,,27878.225738334055,,-72138.20567688165,,-18034.551419220414,,,,
2023-12-12,Drift,,9930.537838000002,,9930.537838000002,,-17060.88826799998,,-17060.88826799998,,,,
2023-12-11,Total,210642.53473621787,,72904.20326355446,,93527.96768598653,,36000.503450746626,,1.0,,#545cf8,
2023-12-11,Jupiter,,183651.10863021787,,45912.77715755447,,76703.28564698652,,19175.82141174663,,,,
2023-12-11,Drift,,26991.426105999984,,26991.426105999984,,16824.682038999985,,16824.682038999985,,,,
2023-12-10,Total,117114.56705023134,,36903.699812807834,,-8811.868657061204,,-7453.975998265305,,1.0,,#545cf8,
2023-12-10,Jupiter,,106947.82298323135,,26736.955745807838,,-1810.5235450611945,,-452.6308862652986,,,,
2023-12-10,Drift,,10166.744066999998,,10166.744066999998,,-7001.3451120000045,,-7001.3451120000045,,,,
2023-12-09,Total,125926.43570729255,,44357.67581107314,,-21252.11112332021,,-1790.422898330049,,1.0,,#545cf8,
2023-12-09,Jupiter,,108758.34652829255,,27189.586632073137,,-25948.917633320205,,-6487.229408330051,,,,
2023-12-09,Drift,,17168.089179000002,,17168.089179000002,,4696.806510000004,,4696.806510000004,,,,
2023-12-08,Total,147178.54683061276,,46148.09870940319,,26804.113049191146,,8253.24984804778,,1.0,,#545cf8,
2023-12-08,Jupiter,,134707.26416161275,,33676.81604040319,,24734.48426819114,,6183.621067047785,,,,
2023-12-08,Drift,,12471.282668999998,,12471.282668999998,,2069.6287809999976,,2069.6287809999976,,,,
2023-12-07,Total,120374.43378142161,,37894.84886135541,,15664.99036415729,,2206.591647539324,,1.0,,#545cf8,
2023-12-07,Jupiter,,109972.77989342161,,27493.194973355403,,17944.531622157287,,4486.132905539322,,,,
2023-12-07,Drift,,10401.653888,,10401.653888,,-2279.541258000001,,-2279.541258000001,,,,
2023-12-06,Total,104709.44341726432,,35688.25721381608,,28348.690768522545,,12669.56079263064,,1.0,,#545cf8,
2023-12-06,Jupiter,,92028.24827126433,,23007.06206781608,,20905.50663452255,,5226.376658630637,,,,
2023-12-06,Drift,,12681.195146000002,,12681.195146000002,,7443.184134000001,,7443.184134000001,,,,
2023-12-05,Total,76360.75264874178,,23018.696421185443,,-44273.29978815027,,-19448.78306328757,,1.0,,#545cf8,
2023-12-05,Jupiter,,71122.74163674178,,17780.685409185444,,-33099.35563315026,,-8274.838908287566,,,,
2023-12-05,Drift,,5238.011012000001,,5238.011012000001,,-11173.944155000003,,-11173.944155000003,,,,
2023-12-04,Total,120634.05243689205,,42467.47948447301,,38533.91496294676,,19681.97273623669,,1.0,,#545cf8,
2023-12-04,Jupiter,,104222.09726989204,,26055.52431747301,,25135.922968946747,,6283.980742236687,,,,
2023-12-04,Drift,,16411.955167000004,,16411.955167000004,,13397.991994000004,,13397.991994000004,,,,
2023-12-03,Total,82100.13747394529,,22785.506748236323,,2741.361278907716,,77.9343269769306,,1.0,,#545cf8,
2023-12-03,Jupiter,,79086.17430094529,,19771.543575236323,,3551.2359359077236,,887.8089839769309,,,,
2023-12-03,Drift,,3013.963173000001,,3013.963173000001,,-809.8746569999994,,-809.8746569999994,,,,
2023-12-02,Total,79358.77619503757,,22707.572421259392,,3964.1368864272954,,2014.6731653568204,,1.0,,#545cf8,
2023-12-02,Jupiter,,75534.93836503757,,18883.734591259392,,2599.2849614272855,,649.8212403568214,,,,
2023-12-02,Drift,,3823.8378300000004,,3823.8378300000004,,1364.8519250000004,,1364.8519250000004,,,,
2023-12-01,Total,75394.63930861028,,20692.899255902572,,23382.097789542473,,4816.137019135622,,1.0,,#545cf8,
2023-12-01,Jupiter,,72935.65340361028,,18233.91335090257,,24754.61436054248,,6188.65359013562,,,,
2023-12-01,Drift,,2458.985905,,2458.985905,,-1372.5165709999997,,-1372.5165709999997,,,,
2023-11-30,Total,52012.5415190678,,15876.76223676695,,-20490.708970563763,,-4388.701183890938,,1.0,,#545cf8,
2023-11-30,Jupiter,,48181.0390430678,,12045.25976076695,,-21469.343715563773,,-5367.335928890943,,,,
2023-11-30,Drift,,3831.5024759999997,,3831.5024759999997,,978.6347450000035,,978.6347450000035,,,,
2023-11-29,Total,72503.25048963157,,20265.46342065789,,3426.540234401633,,324.754065850404,,1.0,,#545cf8,
2023-11-29,Jupiter,,69650.38275863157,,17412.595689657894,,4135.714891401643,,1033.9287228504108,,,,
2023-11-29,Drift,,2852.867730999996,,2852.867730999996,,-709.1746570000037,,-709.1746570000037,,,,
2023-11-28,Total,69076.71025522993,,19940.709354807484,,-10619.479622374798,,-4099.261177343698,,1.0,,#545cf8,
2023-11-28,Jupiter,,65514.66786722993,,16378.666966807483,,-8693.6245933748,,-2173.4061483437,,,,
2023-11-28,Drift,,3562.042388,,3562.042388,,-1925.8550289999994,,-1925.8550289999994,,,,
2023-11-27,Total,79696.18987760473,,24039.970532151183,,22958.94580290268,,6231.337689225671,,1.0,,#545cf8,
2023-11-27,Jupiter,,74208.29246060473,,18552.073115151183,,22303.477484902673,,5575.869371225668,,,,
2023-11-27,Drift,,5487.897416999999,,5487.897416999999,,655.4683180000029,,655.4683180000029,,,,
2023-11-26,Total,56737.24407470205,,17808.63284292551,,2845.476231128785,,2883.3954750321955,,1.0,,#545cf8,
2023-11-26,Jupiter,,51904.81497570206,,12976.203743925515,,-50.55899187120667,,-12.639747967801668,,,,
2023-11-26,Drift,,4832.429098999996,,4832.429098999996,,2896.0352229999967,,2896.0352229999967,,,,
2023-11-25,Total,53891.76784357327,,14925.237367893316,,9817.261087072155,,1517.6435477680388,,1.0,,#545cf8,
2023-11-25,Jupiter,,51955.373967573265,,12988.843491893316,,11066.156719072154,,2766.5391797680386,,,,
2023-11-25,Drift,,1936.3938759999996,,1936.3938759999996,,-1248.8956320000007,,-1248.8956320000007,,,,
2023-11-24,Total,44074.50675650111,,13407.593820125277,,-8192.527613999991,,-1906.0868969999974,,1.0,,#545cf8,
2023-11-24,Jupiter,,40889.21724850111,,10222.304312125278,,-8381.920955999994,,-2095.4802389999986,,,,
2023-11-24,Drift,,3185.2895080000003,,3185.2895080000003,,189.3933420000012,,189.3933420000012,,,,
2023-11-23,Total,52267.034370501104,,15313.680717125275,,-16104.94975380179,,-7800.852298200449,,1.0,,#545cf8,
2023-11-23,Jupiter,,49271.138204501105,,12317.784551125276,,-11072.129940801795,,-2768.0324852004487,,,,
2023-11-23,Drift,,2995.896165999999,,2995.896165999999,,-5032.819813,,-5032.819813,,,,
2023-11-22,Total,68371.9841243029,,23114.533015325724,,-49582.57750329519,,-16707.062239823797,,1.0,,#545cf8,
2023-11-22,Jupiter,,60343.2681453029,,15085.817036325725,,-43834.02035129518,,-10958.505087823794,,,,
2023-11-22,Drift,,8028.715978999999,,8028.715978999999,,-5748.557152000005,,-5748.557152000005,,,,
2023-11-21,Total,117954.56162759809,,39821.59525514952,,33008.296803662815,,12968.687286165707,,1.0,,#545cf8,
2023-11-21,Jupiter,,104177.28849659808,,26044.32212414952,,26719.479356662807,,6679.869839165702,,,,
2023-11-21,Drift,,13777.273131000004,,13777.273131000004,,6288.817447000006,,6288.817447000006,,,,
2023-11-20,Total,84946.26482393527,,26852.907968983814,,26225.788603853536,,9988.712795713382,,1.0,,#545cf8,
2023-11-20,Jupiter,,77457.80913993527,,19364.452284983818,,21649.434410853537,,5412.358602713384,,,,
2023-11-20,Drift,,7488.455683999998,,7488.455683999998,,4576.354192999999,,4576.354192999999,,,,
2023-11-19,Total,58720.476220081735,,16864.195173270433,,23464.60991783999,,6183.599004209998,,1.0,,#545cf8,
2023-11-19,Jupiter,,55808.374729081734,,13952.093682270433,,23041.34788483999,,5760.3369712099975,,,,
2023-11-19,Drift,,2912.101490999999,,2912.101490999999,,423.26203300000043,,423.26203300000043,,,,
2023-11-18,Total,35255.866302241746,,10680.596169060434,,-44424.33286204442,,-15999.062641511107,,1.0,,#545cf8,
2023-11-18,Jupiter,,32767.026844241744,,8191.756711060436,,-37900.360294044425,,-9475.090073511106,,,,
2023-11-18,Drift,,2488.8394579999986,,2488.8394579999986,,-6523.972568000003,,-6523.972568000003,,,,
2023-11-17,Total,79680.19916428617,,26679.658810571542,,-11393.876500799743,,-3927.5187094499342,,1.0,,#545cf8,
2023-11-17,Jupiter,,70667.38713828617,,17666.846784571542,,-9955.143721799745,,-2488.785930449936,,,,
2023-11-17,Drift,,9012.812026000001,,9012.812026000001,,-1438.7327789999981,,-1438.7327789999981,,,,
2023-11-16,Total,91074.07566508591,,30607.177520021476,,-747.4101670070377,,3738.4273212482403,,1.0,,#545cf8,
2023-11-16,Jupiter,,80622.53086008591,,20155.63271502148,,-5981.1166510070325,,-1495.2791627517581,,,,
2023-11-16,Drift,,10451.544805,,10451.544805,,5233.706483999999,,5233.706483999999,,,,
2023-11-15,Total,91821.48583209295,,26868.750198773236,,3146.4697819305,,798.1581184826282,,1.0,,#545cf8,
2023-11-15,Jupiter,,86603.64751109295,,21650.911877773236,,3131.082217930496,,782.770554482624,,,,
2023-11-15,Drift,,5217.838321,,5217.838321,,15.387564000004204,,15.387564000004204,,,,
2023-11-14,Total,88675.01605016245,,26070.592080290608,,19050.69209737207,,1920.4795980930176,,1.0,,#545cf8,
2023-11-14,Jupiter,,83472.56529316245,,20868.141323290612,,22840.283332372077,,5710.070833093019,,,,
2023-11-14,Drift,,5202.450756999996,,5202.450756999996,,-3789.5912350000026,,-3789.5912350000026,,,,
2023-11-13,Total,69624.32395279038,,24150.11248219759,,-24945.65061293084,,-1354.293497982715,,1.0,,#545cf8,
2023-11-13,Jupiter,,60632.28196079037,,15158.070490197593,,-31455.14281993085,,-7863.785704982713,,,,
2023-11-13,Drift,,8992.041991999999,,8992.041991999999,,6509.492206999999,,6509.492206999999,,,,
2023-11-12,Total,94569.97456572122,,25504.405980180305,,-38786.1492902685,,-12830.252593567118,,1.0,,#545cf8,
2023-11-12,Jupiter,,92087.42478072122,,23021.856195180306,,-34607.86226226849,,-8651.965565567123,,,,
2023-11-12,Drift,,2482.5497849999997,,2482.5497849999997,,-4178.287027999999,,-4178.287027999999,,,,
2023-11-11,Total,133356.12385598972,,38334.65857374742,,46045.306955721564,,10613.615189930388,,1.0,,#545cf8,
2023-11-11,Jupiter,,126695.28704298972,,31673.82176074743,,47242.255687721554,,11810.563921930388,,,,
2023-11-11,Drift,,6660.836812999998,,6660.836812999998,,-1196.948731999998,,-1196.948731999998,,,,
2023-11-10,Total,87310.81690026815,,27721.043383817036,,11841.579858403973,,3988.7327536009907,,1.0,,#545cf8,
2023-11-10,Jupiter,,79453.03135526816,,19863.25783881704,,10470.462806403986,,2617.6157016009965,,,,
2023-11-10,Drift,,7857.785544999996,,7857.785544999996,,1371.1170519999941,,1371.1170519999941,,,,
2023-11-09,Total,75469.23704186418,,23732.310630216045,,47465.92802847044,,15869.223270367609,,1.0,,#545cf8,
2023-11-09,Jupiter,,68982.56854886418,,17245.642137216044,,42128.93967747044,,10532.23491936761,,,,
2023-11-09,Drift,,6486.668493000002,,6486.668493000002,,5336.988351000003,,5336.988351000003,,,,
2023-11-08,Total,28003.309013393744,,7863.087359848435,,-31026.553421013487,,-8126.332574003373,,1.0,,#545cf8,
2023-11-08,Jupiter,,26853.628871393743,,6713.407217848436,,-30533.627796013487,,-7633.406949003372,,,,
2023-11-08,Drift,,1149.6801419999993,,1149.6801419999993,,-492.9256250000012,,-492.9256250000012,,,,
2023-11-07,Total,59029.86243440723,,15989.419933851808,,27124.747640172147,,7475.230549293037,,1.0,,#545cf8,
2023-11-07,Jupiter,,57387.25666740723,,14346.814166851807,,26199.356121172146,,6549.839030293037,,,,
2023-11-07,Drift,,1642.6057670000005,,1642.6057670000005,,925.3915190000002,,925.3915190000002,,,,
2023-11-06,Total,31905.114794235084,,8514.189384558771,,7245.881468727315,,1756.1922569318294,,1.0,,#545cf8,
2023-11-06,Jupiter,,31187.900546235083,,7796.975136558771,,7319.585615727316,,1829.896403931829,,,,
2023-11-06,Drift,,717.2142480000002,,717.2142480000002,,-73.7041469999997,,-73.7041469999997,,,,
2023-11-05,Total,24659.23332550777,,6757.997127626942,,-14649.033742339663,,-3732.059222584917,,1.0,,#545cf8,
2023-11-05,Jupiter,,23868.314930507768,,5967.078732626942,,-14555.966026339665,,-3638.9915065849164,,,,
2023-11-05,Drift,,790.9183949999999,,790.9183949999999,,-93.06771600000047,,-93.06771600000047,,,,
2023-11-04,Total,39308.26706784743,,10490.056350211858,,7787.515712831282,,867.8239184578215,,1.0,,#545cf8,
2023-11-04,Jupiter,,38424.28095684743,,9606.070239211858,,9226.25572583128,,2306.56393145782,,,,
2023-11-04,Drift,,883.9861110000004,,883.9861110000004,,-1438.7400129999976,,-1438.7400129999976,,,,
2023-11-03,Total,31520.75135501615,,9622.232431754037,,5405.989464792092,,-330.22022305197606,,1.0,,#545cf8,
2023-11-03,Jupiter,,29198.025231016152,,7299.506307754038,,7648.279583792097,,1912.0698959480242,,,,
2023-11-03,Drift,,2322.726123999998,,2322.726123999998,,-2242.290119000002,,-2242.290119000002,,,,
2023-11-02,Total,26114.761890224057,,9952.452654806013,,11219.929594894304,,-2921.029534776422,,1.0,,#545cf8,
2023-11-02,Jupiter,,21549.745647224056,,5387.436411806014,,18854.612172894296,,4713.653043223574,,,,
2023-11-02,Drift,,4565.016243,,4565.016243,,-7634.6825779999945,,-7634.6825779999945,,,,
2023-11-01,Total,14894.832295329754,,12873.482189582435,,10223.865824971537,,9522.823226242883,,1.0,,#545cf8,
2023-11-01,Drift,,12199.698820999994,,12199.698820999994,,9289.142359999994,,9289.142359999994,,,,
2023-11-01,Jupiter,,2695.1334743297602,,673.7833685824401,,934.723464971544,,233.680866242886,,,,
2023-10-31,Total,4670.966470358216,,3350.6589633395533,,2763.465635093401,,1517.2824995233507,,1.0,,#545cf8,
2023-10-31,Drift,,2910.556460999999,,2910.556460999999,,1101.8881210000006,,1101.8881210000006,,,,
2023-10-31,Jupiter,,1760.4100093582163,,440.10250233955406,,1661.5775140934002,,415.39437852335004,,,,
2023-10-30,Total,1907.5008352648147,,1833.3764638162027,,552.213087983487,,661.4229234958709,,1.0,,#545cf8,
2023-10-30,Drift,,1808.6683399999986,,1808.6683399999986,,697.8262019999988,,697.8262019999988,,,,
2023-10-30,Jupiter,,98.832495264816,,24.708123816204,,-145.613114016512,,-36.403278504128,,,,
2023-10-29,Total,1355.2877472813277,,1171.9535403203317,,866.9937452813276,,683.6595383203316,,1.0,,#545cf8,
2023-10-29,Drift,,1110.8421379999997,,1110.8421379999997,,622.5481359999997,,622.5481359999997,,,,
2023-10-29,Jupiter,,244.445609281328,,61.111402320332,,,,,,,,
2023-10-28,Total,488.2940020000001,,488.2940020000001,,-474.4658850000003,,-474.4658850000003,,1.0,,#545cf8,
2023-10-28,Drift,,488.2940020000001,,488.2940020000001,,-474.4658850000003,,-474.4658850000003,,,,
2023-10-28,Jupiter,,,,,,,,,,,,
2023-10-27,Total,962.7598870000004,,962.7598870000004,,-2350.97949891216,,-1423.1790149780397,,1.0,,#545cf8,
2023-10-27,Drift,,962.7598870000004,,962.7598870000004,,-1113.9121869999997,,-1113.9121869999997,,,,
2023-10-27,Jupiter,,,,,,,,,,,,
2023-10-26,Total,3313.7393859121603,,2385.93890197804,,978.4688569121595,,50.668372978039315,,1.0,,#545cf8,
2023-10-26,Drift,,2076.672074,,2076.672074,,-258.59845500000074,,-258.59845500000074,,,,
2023-10-26,Jupiter,,1237.06731191216,,309.26682797804,,,,,,,,
2023-10-25,Total,2335.270529000001,,2335.270529000001,,-1191.578965564268,,-791.8455018910668,,1.0,,#545cf8,
2023-10-25,Drift,,2335.270529000001,,2335.270529000001,,-658.6010139999999,,-658.6010139999999,,,,
2023-10-25,Jupiter,,,,,,,,,,,,
2023-10-24,Total,3526.8494945642688,,3127.1160308910676,,-4079.2169131977307,,-4201.059804049432,,1.0,,#545cf8,
2023-10-24,Drift,,2993.8715430000007,,2993.8715430000007,,-4241.674100999999,,-4241.674100999999,,,,
2023-10-24,Jupiter,,532.977951564268,,133.244487891067,,162.45718780226792,,40.61429695056698,,,,
2023-10-23,Total,7606.0664077619995,,7328.1758349405,,7214.757888761999,,6936.8673159405,,1.0,,#545cf8,
2023-10-23,Drift,,7235.545644,,7235.545644,,6844.237125,,6844.237125,,,,
2023-10-23,Jupiter,,370.52076376200006,,92.63019094050001,,,,,,,,
2023-10-22,Total,391.3085189999999,,391.3085189999999,,-2867.832229682321,,-2705.409097170581,,1.0,,#545cf8,
2023-10-22,Drift,,391.3085189999999,,391.3085189999999,,-2651.268053000001,,-2651.268053000001,,,,
2023-10-22,Jupiter,,,,,,,,,,,,
2023-10-21,Total,3259.140748682321,,3096.7176161705806,,263.18597524130337,,245.79671131032546,,1.0,,#545cf8,
2023-10-21,Drift,,3042.576572000001,,3042.576572000001,,240.0002899999995,,240.0002899999995,,,,
2023-10-21,Jupiter,,216.56417668231998,,54.141044170579995,,23.185685241303986,,5.7964213103259965,,,,
2023-10-20,Total,2995.9547734410176,,2850.920904860255,,2038.9379244410175,,1893.904055860255,,1.0,,#545cf8,
2023-10-20,Drift,,2802.5762820000014,,2802.5762820000014,,1845.5594330000013,,1845.5594330000013,,,,
2023-10-20,Jupiter,,193.378491441016,,48.344622860254,,,,,,,,
2023-10-19,Total,957.016849,,957.016849,,86.51755899999989,,86.51755899999989,,1.0,,#545cf8,
2023-10-19,Drift,,957.016849,,957.016849,,86.51755899999989,,86.51755899999989,,,,
2023-10-19,Jupiter,,,,,,,,,,,,
2023-10-18,Total,870.4992900000001,,870.4992900000001,,457.72180621696,,521.3325033042399,,1.0,,#545cf8,
2023-10-18,Drift,,870.4992900000001,,870.4992900000001,,542.536069,,542.536069,,,,
2023-10-18,Jupiter,,,,,,,,,,,,
2023-10-17,Total,412.7774837830401,,349.1667866957601,,-3459.1661799282,,-3504.0283704820504,,1.0,,#545cf8,
2023-10-17,Drift,,327.9632210000001,,327.9632210000001,,-3518.9824340000005,,-3518.9824340000005,,,,
2023-10-17,Jupiter,,84.81426278304001,,21.203565695760002,,59.8162540718,,14.95406351795,,,,
2023-10-16,Total,3871.9436637112403,,3853.1951571778104,,3728.5873897112406,,3709.83888317781,,1.0,,#545cf8,
2023-10-16,Drift,,3846.9456550000004,,3846.9456550000004,,3703.5893810000007,,3703.5893810000007,,,,
2023-10-16,Jupiter,,24.998008711240004,,6.249502177810001,,,,,,,,
2023-10-15,Total,143.35627399999998,,143.35627399999998,,70.41785400000002,,70.41785400000002,,1.0,,#545cf8,
2023-10-15,Drift,,143.35627399999998,,143.35627399999998,,70.41785400000002,,70.41785400000002,,,,
2023-10-15,Jupiter,,,,,,,,,,,,
2023-10-14,Total,72.93841999999997,,72.93841999999997,,-246.9678300000001,,-246.9678300000001,,1.0,,#545cf8,
2023-10-14,Drift,,72.93841999999997,,72.93841999999997,,-246.9678300000001,,-246.9678300000001,,,,
2023-10-14,Jupiter,,,,,,,,,,,,
2023-10-13,Total,319.90625000000006,,319.90625000000006,,-476.5150069999999,,-476.5150069999999,,1.0,,#545cf8,
2023-10-13,Drift,,319.90625000000006,,319.90625000000006,,-476.5150069999999,,-476.5150069999999,,,,
2023-10-13,Jupiter,,,,,,,,,,,,
2023-10-12,Total,796.421257,,796.421257,,24.97130299999992,,24.97130299999992,,1.0,,#545cf8,
2023-10-12,Drift,,796.421257,,796.421257,,24.97130299999992,,24.97130299999992,,,,
2023-10-12,Jupiter,,,,,,,,,,,,
2023-10-11,Total,771.449954,,771.449954,,519.4511063938401,,532.68944909846,,1.0,,#545cf8,
2023-10-11,Drift,,771.449954,,771.449954,,537.1022300000001,,537.1022300000001,,,,
2023-10-11,Jupiter,,,,,,,,,,,,
2023-10-10,Total,251.99884760615996,,238.76050490153995,,-3521.0610293938403,,-3534.29937209846,,1.0,,#545cf8,
2023-10-10,Drift,,234.34772399999994,,234.34772399999994,,-3538.7121530000004,,-3538.7121530000004,,,,
2023-10-10,Jupiter,,17.651123606160002,,4.412780901540001,,,,,,,,
2023-10-09,Total,3773.059877,,3773.059877,,3712.204188,,3712.204188,,1.0,,#545cf8,
2023-10-09,Drift,,3773.059877,,3773.059877,,3712.204188,,3712.204188,,,,
2023-10-09,Jupiter,,,,,,,,,,,,
2023-10-08,Total,60.85568899999999,,60.85568899999999,,-354.142133,,-354.142133,,1.0,,#545cf8,
2023-10-08,Drift,,60.85568899999999,,60.85568899999999,,-354.142133,,-354.142133,,,,
2023-10-08,Jupiter,,,,,,,,,,,,
2023-10-07,Total,414.997822,,414.997822,,-124.31557200000015,,-124.31557200000015,,1.0,,#545cf8,
2023-10-07,Drift,,414.997822,,414.997822,,-124.31557200000015,,-124.31557200000015,,,,
2023-10-07,Jupiter,,,,,,,,,,,,
2023-10-06,Total,539.3133940000001,,539.3133940000001,,133.37649784430823,,137.96499421107723,,1.0,,#545cf8,
2023-10-06,Drift,,539.3133940000001,,539.3133940000001,,139.4944930000002,,139.4944930000002,,,,
2023-10-06,Jupiter,,,,,,,,,,,,
2023-10-05,Total,405.9368961556919,,401.3483997889229,,-433.60955184430725,,-438.19804821107624,,1.0,,#545cf8,
2023-10-05,Drift,,399.8189009999999,,399.8189009999999,,-439.7275469999992,,-439.7275469999992,,,,
2023-10-05,Jupiter,,6.117995155692,,1.529498788923,,,,,,,,
2023-10-04,Total,839.5464479999991,,839.5464479999991,,225.31158699999912,,225.31158699999912,,1.0,,#545cf8,
2023-10-04,Drift,,839.5464479999991,,839.5464479999991,,225.31158699999912,,225.31158699999912,,,,
2023-10-04,Jupiter,,,,,,,,,,,,
2023-10-03,Total,614.234861,,614.234861,,-1559.8296309999996,,-1559.8296309999996,,1.0,,#545cf8,
2023-10-03,Drift,,614.234861,,614.234861,,-1559.8296309999996,,-1559.8296309999996,,,,
2023-10-03,Jupiter,,,,,,,,,,,,
2023-10-02,Total,2174.0644919999995,,2174.0644919999995,,-1299.8151500000013,,-1299.8151500000013,,1.0,,#545cf8,
2023-10-02,Drift,,2174.0644919999995,,2174.0644919999995,,-1299.8151500000013,,-1299.8151500000013,,,,
2023-10-02,Jupiter,,,,,,,,,,,,
2023-10-01,Total,3473.879642000001,,3473.879642000001,,2643.9760510000006,,2643.9760510000006,,1.0,,#545cf8,
2023-10-01,Drift,,3473.879642000001,,3473.879642000001,,2643.9760510000006,,2643.9760510000006,,,,
2023-10-01,Jupiter,,,,,,,,,,,,
2023-09-30,Total,829.9035910000002,,829.9035910000002,,-28.871904000001223,,-28.871904000001223,,1.0,,#545cf8,
2023-09-30,Drift,,829.9035910000002,,829.9035910000002,,-28.871904000001223,,-28.871904000001223,,,,
2023-09-30,Jupiter,,,,,,,,,,,,
2023-09-29,Total,858.7754950000015,,858.7754950000015,,596.3575200000014,,596.3575200000014,,1.0,,#545cf8,
2023-09-29,Drift,,858.7754950000015,,858.7754950000015,,596.3575200000014,,596.3575200000014,,,,
2023-09-29,Jupiter,,,,,,,,,,,,
2023-09-28,Total,262.417975,,262.417975,,82.40237800000011,,82.40237800000011,,1.0,,#545cf8,
2023-09-28,Drift,,262.417975,,262.417975,,82.40237800000011,,82.40237800000011,,,,
2023-09-28,Jupiter,,,,,,,,,,,,
2023-09-27,Total,180.0155969999999,,180.0155969999999,,-54.956299000000115,,-54.956299000000115,,1.0,,#545cf8,
2023-09-27,Drift,,180.0155969999999,,180.0155969999999,,-54.956299000000115,,-54.956299000000115,,,,
2023-09-27,Jupiter,,,,,,,,,,,,
2023-09-26,Total,234.97189600000002,,234.97189600000002,,40.856118000000095,,40.856118000000095,,1.0,,#545cf8,
2023-09-26,Drift,,234.97189600000002,,234.97189600000002,,40.856118000000095,,40.856118000000095,,,,
2023-09-26,Jupiter,,,,,,,,,,,,
2023-09-25,Total,194.11577799999992,,194.11577799999992,,110.10386199999994,,110.10386199999994,,1.0,,#545cf8,
2023-09-25,Drift,,194.11577799999992,,194.11577799999992,,110.10386199999994,,110.10386199999994,,,,
2023-09-25,Jupiter,,,,,,,,,,,,
2023-09-24,Total,84.01191599999999,,84.01191599999999,,-5.8170693929599935,,3.3377841517600046,,1.0,,#545cf8,
2023-09-24,Drift,,84.01191599999999,,84.01191599999999,,6.389402000000004,,6.389402000000004,,,,
2023-09-24,Jupiter,,,,,,,,,,,,
2023-09-23,Total,89.82898539295998,,80.67413184823998,,-83.12886060704004,,-92.28371415176004,,1.0,,#545cf8,
2023-09-23,Drift,,77.62251399999998,,77.62251399999998,,-95.33533200000004,,-95.33533200000004,,,,
2023-09-23,Jupiter,,12.206471392960001,,3.0516178482400003,,,,,,,,
2023-09-22,Total,172.95784600000002,,172.95784600000002,,-113.07617199999999,,-113.07617199999999,,1.0,,#545cf8,
2023-09-22,Drift,,172.95784600000002,,172.95784600000002,,-113.07617199999999,,-113.07617199999999,,,,
2023-09-22,Jupiter,,,,,,,,,,,,
2023-09-21,Total,286.034018,,286.034018,,51.1236880000001,,51.1236880000001,,1.0,,#545cf8,
2023-09-21,Drift,,286.034018,,286.034018,,51.1236880000001,,51.1236880000001,,,,
2023-09-21,Jupiter,,,,,,,,,,,,
2023-09-20,Total,234.9103299999999,,234.9103299999999,,-224.16977900000015,,-224.16977900000015,,1.0,,#545cf8,
2023-09-20,Drift,,234.9103299999999,,234.9103299999999,,-224.16977900000015,,-224.16977900000015,,,,
2023-09-20,Jupiter,,,,,,,,,,,,
2023-09-19,Total,459.08010900000005,,459.08010900000005,,-167.34466700000047,,-167.34466700000047,,1.0,,#545cf8,
2023-09-19,Drift,,459.08010900000005,,459.08010900000005,,-167.34466700000047,,-167.34466700000047,,,,
2023-09-19,Jupiter,,,,,,,,,,,,
2023-09-18,Total,626.4247760000005,,626.4247760000005,,536.5912270000006,,536.5912270000006,,1.0,,#545cf8,
2023-09-18,Drift,,626.4247760000005,,626.4247760000005,,536.5912270000006,,536.5912270000006,,,,
2023-09-18,Jupiter,,,,,,,,,,,,
2023-09-17,Total,89.83354899999996,,89.83354899999996,,-125.53290700000015,,-125.53290700000015,,1.0,,#545cf8,
2023-09-17,Drift,,89.83354899999996,,89.83354899999996,,-125.53290700000015,,-125.53290700000015,,,,
2023-09-17,Jupiter,,,,,,,,,,,,
2023-09-16,Total,215.3664560000001,,215.3664560000001,,-132.85237299999974,,-132.85237299999974,,1.0,,#545cf8,
2023-09-16,Drift,,215.3664560000001,,215.3664560000001,,-132.85237299999974,,-132.85237299999974,,,,
2023-09-16,Jupiter,,,,,,,,,,,,
2023-09-15,Total,348.21882899999986,,348.21882899999986,,5.27853900000008,,5.27853900000008,,1.0,,#545cf8,
2023-09-15,Drift,,348.21882899999986,,348.21882899999986,,5.27853900000008,,5.27853900000008,,,,
2023-09-15,Jupiter,,,,,,,,,,,,
2023-09-14,Total,342.9402899999998,,342.9402899999998,,184.12375599999976,,184.12375599999976,,1.0,,#545cf8,
2023-09-14,Drift,,342.9402899999998,,342.9402899999998,,184.12375599999976,,184.12375599999976,,,,
2023-09-14,Jupiter,,,,,,,,,,,,
2023-09-13,Total,158.81653400000002,,158.81653400000002,,2.648452999999961,,2.648452999999961,,1.0,,#545cf8,
2023-09-13,Drift,,158.81653400000002,,158.81653400000002,,2.648452999999961,,2.648452999999961,,,,
2023-09-13,Jupiter,,,,,,,,,,,,
2023-09-12,Total,156.16808100000006,,156.16808100000006,,-1299.9128529999991,,-1299.9128529999991,,1.0,,#545cf8,
2023-09-12,Drift,,156.16808100000006,,156.16808100000006,,-1299.9128529999991,,-1299.9128529999991,,,,
2023-09-12,Jupiter,,,,,,,,,,,,
2023-09-11,Total,1456.0809339999992,,1456.0809339999992,,-2419.1806700000006,,-2419.1806700000006,,1.0,,#545cf8,
2023-09-11,Drift,,1456.0809339999992,,1456.0809339999992,,-2419.1806700000006,,-2419.1806700000006,,,,
2023-09-11,Jupiter,,,,,,,,,,,,
2023-09-10,Total,3875.261604,,3875.261604,,3791.261592,,3791.261592,,1.0,,#545cf8,
2023-09-10,Drift,,3875.261604,,3875.261604,,3791.261592,,3791.261592,,,,
2023-09-10,Jupiter,,,,,,,,,,,,
2023-09-09,Total,84.00001200000005,,84.00001200000005,,-114.91896899999998,,-114.91896899999998,,1.0,,#545cf8,
2023-09-09,Drift,,84.00001200000005,,84.00001200000005,,-114.91896899999998,,-114.91896899999998,,,,
2023-09-09,Jupiter,,,,,,,,,,,,
2023-09-08,Total,198.91898100000003,,198.91898100000003,,-55.461163000000056,,-55.461163000000056,,1.0,,#545cf8,
2023-09-08,Drift,,198.91898100000003,,198.91898100000003,,-55.461163000000056,,-55.461163000000056,,,,
2023-09-08,Jupiter,,,,,,,,,,,,
2023-09-07,Total,254.3801440000001,,254.3801440000001,,-381.3441850000006,,-381.3441850000006,,1.0,,#545cf8,
2023-09-07,Drift,,254.3801440000001,,254.3801440000001,,-381.3441850000006,,-381.3441850000006,,,,
2023-09-07,Jupiter,,,,,,,,,,,,
2023-09-06,Total,635.7243290000007,,635.7243290000007,,-193.57056499999862,,-193.57056499999862,,1.0,,#545cf8,
2023-09-06,Drift,,635.7243290000007,,635.7243290000007,,-193.57056499999862,,-193.57056499999862,,,,
2023-09-06,Jupiter,,,,,,,,,,,,
2023-09-05,Total,829.2948939999993,,829.2948939999993,,454.2085149999992,,454.2085149999992,,1.0,,#545cf8,
2023-09-05,Drift,,829.2948939999993,,829.2948939999993,,454.2085149999992,,454.2085149999992,,,,
2023-09-05,Jupiter,,,,,,,,,,,,
2023-09-04,Total,375.08637900000014,,375.08637900000014,,-236.64714899999996,,-236.64714899999996,,1.0,,#545cf8,
2023-09-04,Drift,,375.08637900000014,,375.08637900000014,,-236.64714899999996,,-236.64714899999996,,,,
2023-09-04,Jupiter,,,,,,,,,,,,
2023-09-03,Total,611.7335280000001,,611.7335280000001,,317.2002860000002,,317.2002860000002,,1.0,,#545cf8,
2023-09-03,Drift,,611.7335280000001,,611.7335280000001,,317.2002860000002,,317.2002860000002,,,,
2023-09-03,Jupiter,,,,,,,,,,,,
2023-09-02,Total,294.5332419999999,,294.5332419999999,,-1200.2196920000008,,-1200.2196920000008,,1.0,,#545cf8,
2023-09-02,Drift,,294.5332419999999,,294.5332419999999,,-1200.2196920000008,,-1200.2196920000008,,,,
2023-09-02,Jupiter,,,,,,,,,,,,
2023-09-01,Total,1494.7529340000008,,1494.7529340000008,,685.6596450000006,,685.6596450000006,,1.0,,#545cf8,
2023-09-01,Drift,,1494.7529340000008,,1494.7529340000008,,685.6596450000006,,685.6596450000006,,,,
2023-09-01,Jupiter,,,,,,,,,,,,
2023-08-31,Total,809.0932890000001,,809.0932890000001,,349.86989100000017,,349.86989100000017,,1.0,,#545cf8,
2023-08-31,Drift,,809.0932890000001,,809.0932890000001,,349.86989100000017,,349.86989100000017,,,,
2023-08-31,Jupiter,,,,,,,,,,,,
2023-08-30,Total,459.223398,,459.223398,,-706.9657059999998,,-706.9657059999998,,1.0,,#545cf8,
2023-08-30,Drift,,459.223398,,459.223398,,-706.9657059999998,,-706.9657059999998,,,,
2023-08-30,Jupiter,,,,,,,,,,,,
2023-08-29,Total,1166.1891039999998,,1166.1891039999998,,1052.4640719999998,,1052.4640719999998,,1.0,,#545cf8,
2023-08-29,Drift,,1166.1891039999998,,1166.1891039999998,,1052.4640719999998,,1052.4640719999998,,,,
2023-08-29,Jupiter,,,,,,,,,,,,
2023-08-28,Total,113.72503200000001,,113.72503200000001,,36.35840899999998,,36.35840899999998,,1.0,,#545cf8,
2023-08-28,Drift,,113.72503200000001,,113.72503200000001,,36.35840899999998,,36.35840899999998,,,,
2023-08-28,Jupiter,,,,,,,,,,,,
2023-08-27,Total,77.36662300000003,,77.36662300000003,,25.411605000000023,,25.411605000000023,,1.0,,#545cf8,
2023-08-27,Drift,,77.36662300000003,,77.36662300000003,,25.411605000000023,,25.411605000000023,,,,
2023-08-27,Jupiter,,,,,,,,,,,,
2023-08-26,Total,51.95501800000001,,51.95501800000001,,-350.5495159999999,,-350.5495159999999,,1.0,,#545cf8,
2023-08-26,Drift,,51.95501800000001,,51.95501800000001,,-350.5495159999999,,-350.5495159999999,,,,
2023-08-26,Jupiter,,,,,,,,,,,,
2023-08-25,Total,402.5045339999999,,402.5045339999999,,71.33359499999989,,71.33359499999989,,1.0,,#545cf8,
2023-08-25,Drift,,402.5045339999999,,402.5045339999999,,71.33359499999989,,71.33359499999989,,,,
2023-08-25,Jupiter,,,,,,,,,,,,
2023-08-24,Total,331.17093900000003,,331.17093900000003,,74.0488749999999,,74.0488749999999,,1.0,,#545cf8,
2023-08-24,Drift,,331.17093900000003,,331.17093900000003,,74.0488749999999,,74.0488749999999,,,,
2023-08-24,Jupiter,,,,,,,,,,,,
2023-08-23,Total,257.12206400000014,,257.12206400000014,,-1289.7212979999997,,-1289.7212979999997,,1.0,,#545cf8,
2023-08-23,Drift,,257.12206400000014,,257.12206400000014,,-1289.7212979999997,,-1289.7212979999997,,,,
2023-08-23,Jupiter,,,,,,,,,,,,
2023-08-22,Total,1546.8433619999998,,1546.8433619999998,,1172.0031289999997,,1172.0031289999997,,1.0,,#545cf8,
2023-08-22,Drift,,1546.8433619999998,,1546.8433619999998,,1172.0031289999997,,1172.0031289999997,,,,
2023-08-22,Jupiter,,,,,,,,,,,,
2023-08-21,Total,374.840233,,374.840233,,197.01231800000002,,197.01231800000002,,1.0,,#545cf8,
2023-08-21,Drift,,374.840233,,374.840233,,197.01231800000002,,197.01231800000002,,,,
2023-08-21,Jupiter,,,,,,,,,,,,
2023-08-20,Total,177.827915,,177.827915,,57.703852999999995,,57.703852999999995,,1.0,,#545cf8,
2023-08-20,Drift,,177.827915,,177.827915,,57.703852999999995,,57.703852999999995,,,,
2023-08-20,Jupiter,,,,,,,,,,,,
2023-08-19,Total,120.124062,,120.124062,,-715.0582429999998,,-715.0582429999998,,1.0,,#545cf8,
2023-08-19,Drift,,120.124062,,120.124062,,-715.0582429999998,,-715.0582429999998,,,,
2023-08-19,Jupiter,,,,,,,,,,,,
2023-08-18,Total,835.1823049999998,,835.1823049999998,,-7686.510684999999,,-7686.510684999999,,1.0,,#545cf8,
2023-08-18,Drift,,835.1823049999998,,835.1823049999998,,-7686.510684999999,,-7686.510684999999,,,,
2023-08-18,Jupiter,,,,,,,,,,,,
2023-08-17,Total,8521.69299,,8521.69299,,7517.692357999999,,7517.692357999999,,1.0,,#545cf8,
2023-08-17,Drift,,8521.69299,,8521.69299,,7517.692357999999,,7517.692357999999,,,,
2023-08-17,Jupiter,,,,,,,,,,,,
2023-08-16,Total,1004.0006320000003,,1004.0006320000003,,448.88396100000045,,448.88396100000045,,1.0,,#545cf8,
2023-08-16,Drift,,1004.0006320000003,,1004.0006320000003,,448.88396100000045,,448.88396100000045,,,,
2023-08-16,Jupiter,,,,,,,,,,,,
2023-08-15,Total,555.1166709999999,,555.1166709999999,,328.0377599999997,,328.0377599999997,,1.0,,#545cf8,
2023-08-15,Drift,,555.1166709999999,,555.1166709999999,,328.0377599999997,,328.0377599999997,,,,
2023-08-15,Jupiter,,,,,,,,,,,,
2023-08-14,Total,227.07891100000015,,227.07891100000015,,55.080766000000125,,55.080766000000125,,1.0,,#545cf8,
2023-08-14,Drift,,227.07891100000015,,227.07891100000015,,55.080766000000125,,55.080766000000125,,,,
2023-08-14,Jupiter,,,,,,,,,,,,
2023-08-13,Total,171.99814500000002,,171.99814500000002,,43.51018800000003,,43.51018800000003,,1.0,,#545cf8,
2023-08-13,Drift,,171.99814500000002,,171.99814500000002,,43.51018800000003,,43.51018800000003,,,,
2023-08-13,Jupiter,,,,,,,,,,,,
2023-08-12,Total,128.487957,,128.487957,,-90.97738599999997,,-90.97738599999997,,1.0,,#545cf8,
2023-08-12,Drift,,128.487957,,128.487957,,-90.97738599999997,,-90.97738599999997,,,,
2023-08-12,Jupiter,,,,,,,,,,,,
2023-08-11,Total,219.46534299999996,,219.46534299999996,,-27.82986000000008,,-27.82986000000008,,1.0,,#545cf8,
2023-08-11,Drift,,219.46534299999996,,219.46534299999996,,-27.82986000000008,,-27.82986000000008,,,,
2023-08-11,Jupiter,,,,,,,,,,,,
2023-08-10,Total,247.29520300000004,,247.29520300000004,,2.563395000000014,,2.563395000000014,,1.0,,#545cf8,
2023-08-10,Drift,,247.29520300000004,,247.29520300000004,,2.563395000000014,,2.563395000000014,,,,
2023-08-10,Jupiter,,,,,,,,,,,,
2023-08-09,Total,244.73180800000003,,244.73180800000003,,-183.89252299999984,,-183.89252299999984,,1.0,,#545cf8,
2023-08-09,Drift,,244.73180800000003,,244.73180800000003,,-183.89252299999984,,-183.89252299999984,,,,
2023-08-09,Jupiter,,,,,,,,,,,,
2023-08-08,Total,428.62433099999987,,428.62433099999987,,64.19623165209981,,65.6323266630248,,1.0,,#545cf8,
2023-08-08,Drift,,428.62433099999987,,428.62433099999987,,66.11102499999981,,66.11102499999981,,,,
2023-08-08,Jupiter,,,,,,,,,,,,
2023-08-07,Total,364.42809934790006,,362.99200433697507,,159.96310234790002,,158.52700733697503,,1.0,,#545cf8,
2023-08-07,Drift,,362.51330600000006,,362.51330600000006,,158.04830900000002,,158.04830900000002,,,,
2023-08-07,Jupiter,,1.9147933479,,0.478698336975,,,,,,,,
2023-08-06,Total,204.46499700000004,,204.46499700000004,,18.020489999999995,,18.020489999999995,,1.0,,#545cf8,
2023-08-06,Drift,,204.46499700000004,,204.46499700000004,,18.020489999999995,,18.020489999999995,,,,
2023-08-06,Jupiter,,,,,,,,,,,,
2023-08-05,Total,186.44450700000004,,186.44450700000004,,-93.50485900000001,,-93.50485900000001,,1.0,,#545cf8,
2023-08-05,Drift,,186.44450700000004,,186.44450700000004,,-93.50485900000001,,-93.50485900000001,,,,
2023-08-05,Jupiter,,,,,,,,,,,,
2023-08-04,Total,279.94936600000005,,279.94936600000005,,-474.9498450000001,,-474.9498450000001,,1.0,,#545cf8,
2023-08-04,Drift,,279.94936600000005,,279.94936600000005,,-474.9498450000001,,-474.9498450000001,,,,
2023-08-04,Jupiter,,,,,,,,,,,,
2023-08-03,Total,754.8992110000002,,754.8992110000002,,453.07724000000024,,453.07724000000024,,1.0,,#545cf8,
2023-08-03,Drift,,754.8992110000002,,754.8992110000002,,453.07724000000024,,453.07724000000024,,,,
2023-08-03,Jupiter,,,,,,,,,,,,
2023-08-02,Total,301.8219709999999,,301.8219709999999,,-941.447605000001,,-941.447605000001,,1.0,,#545cf8,
2023-08-02,Drift,,301.8219709999999,,301.8219709999999,,-941.447605000001,,-941.447605000001,,,,
2023-08-02,Jupiter,,,,,,,,,,,,
2023-08-01,Total,1243.2695760000008,,1243.2695760000008,,865.5149690000007,,865.5149690000007,,1.0,,#545cf8,
2023-08-01,Drift,,1243.2695760000008,,1243.2695760000008,,865.5149690000007,,865.5149690000007,,,,
2023-08-01,Jupiter,,,,,,,,,,,,
2023-07-31,Total,377.75460700000014,,377.75460700000014,,156.04846700000007,,156.04846700000007,,1.0,,#545cf8,
2023-07-31,Drift,,377.75460700000014,,377.75460700000014,,156.04846700000007,,156.04846700000007,,,,
2023-07-31,Jupiter,,,,,,,,,,,,
2023-07-30,Total,221.70614000000006,,221.70614000000006,,66.84986200000003,,66.84986200000003,,1.0,,#545cf8,
2023-07-30,Drift,,221.70614000000006,,221.70614000000006,,66.84986200000003,,66.84986200000003,,,,
2023-07-30,Jupiter,,,,,,,,,,,,
2023-07-29,Total,154.85627800000003,,154.85627800000003,,-47.619123999999914,,-47.619123999999914,,1.0,,#545cf8,
2023-07-29,Drift,,154.85627800000003,,154.85627800000003,,-47.619123999999914,,-47.619123999999914,,,,
2023-07-29,Jupiter,,,,,,,,,,,,
2023-07-28,Total,202.47540199999995,,202.47540199999995,,-9.364695678456002,,-7.889808919613984,,1.0,,#545cf8,
2023-07-28,Drift,,202.47540199999995,,202.47540199999995,,-7.398179999999996,,-7.398179999999996,,,,
2023-07-28,Jupiter,,,,,,,,,,,,
2023-07-27,Total,211.84009767845595,,210.36521091961393,,-585.0631653215444,,-586.5380520803864,,1.0,,#545cf8,
2023-07-27,Drift,,209.87358199999994,,209.87358199999994,,-587.0296810000003,,-587.0296810000003,,,,
2023-07-27,Jupiter,,1.9665156784560003,,0.49162891961400007,,,,,,,,
2023-07-26,Total,796.9032630000003,,796.9032630000003,,449.98403429673635,,492.48624232418433,,1.0,,#545cf8,
2023-07-26,Drift,,796.9032630000003,,796.9032630000003,,506.6536450000003,,506.6536450000003,,,,
2023-07-26,Jupiter,,,,,,,,,,,,
2023-07-25,Total,346.9192287032639,,304.41702067581593,,-1080.6805173967364,,-1121.6710440991847,,1.0,,#545cf8,
2023-07-25,Drift,,290.24961799999994,,290.24961799999994,,-1135.3345530000006,,-1135.3345530000006,,,,
2023-07-25,Jupiter,,56.669610703264,,14.167402675816,,54.654035603264,,13.663508900816,,,,
2023-07-24,Total,1427.5997461000004,,1426.0880647750005,,1154.6115431000003,,1153.0998617750004,,1.0,,#545cf8,
2023-07-24,Drift,,1425.5841710000004,,1425.5841710000004,,1152.5959680000003,,1152.5959680000003,,,,
2023-07-24,Jupiter,,2.0155751,,0.503893775,,,,,,,,
2023-07-23,Total,272.98820300000006,,272.98820300000006,,-1628.2875359999991,,-1628.2875359999991,,1.0,,#545cf8,
2023-07-23,Drift,,272.98820300000006,,272.98820300000006,,-1628.2875359999991,,-1628.2875359999991,,,,
2023-07-23,Jupiter,,,,,,,,,,,,
2023-07-22,Total,1901.2757389999992,,1901.2757389999992,,1698.0752949999994,,1698.0752949999994,,1.0,,#545cf8,
2023-07-22,Drift,,1901.2757389999992,,1901.2757389999992,,1698.0752949999994,,1698.0752949999994,,,,
2023-07-22,Jupiter,,,,,,,,,,,,
2023-07-21,Total,203.20044399999986,,203.20044399999986,,-915.9702303875079,,-889.5664245968769,,1.0,,#545cf8,
2023-07-21,Drift,,203.20044399999986,,203.20044399999986,,-880.7651559999999,,-880.7651559999999,,,,
2023-07-21,Jupiter,,,,,,,,,,,,
2023-07-20,Total,1119.1706743875077,,1092.7668685968767,,800.3968123875076,,773.9930065968766,,1.0,,#545cf8,
2023-07-20,Drift,,1083.9655999999998,,1083.9655999999998,,765.1917379999996,,765.1917379999996,,,,
2023-07-20,Jupiter,,35.205074387508,,8.801268596877,,,,,,,,
2023-07-19,Total,318.7738620000001,,318.7738620000001,,-1389.7991270000002,,-1389.7991270000002,,1.0,,#545cf8,
2023-07-19,Drift,,318.7738620000001,,318.7738620000001,,-1389.7991270000002,,-1389.7991270000002,,,,
2023-07-18,Total,1708.5729890000002,,1708.5729890000002,,1159.5932980000002,,1159.5932980000002,,1.0,,#545cf8,
2023-07-18,Drift,,1708.5729890000002,,1708.5729890000002,,1159.5932980000002,,1159.5932980000002,,,,
2023-07-17,Total,548.9796910000001,,548.9796910000001,,225.51274099999972,,225.51274099999972,,1.0,,#545cf8,
2023-07-17,Drift,,548.9796910000001,,548.9796910000001,,225.51274099999972,,225.51274099999972,,,,
2023-07-16,Total,323.4669500000004,,323.4669500000004,,-34.47498099999956,,-34.47498099999956,,1.0,,#545cf8,
2023-07-16,Drift,,323.4669500000004,,323.4669500000004,,-34.47498099999956,,-34.47498099999956,,,,
2023-07-15,Total,357.94193099999995,,357.94193099999995,,-6338.752817000001,,-6338.752817000001,,1.0,,#545cf8,
2023-07-15,Drift,,357.94193099999995,,357.94193099999995,,-6338.752817000001,,-6338.752817000001,,,,
2023-07-14,Total,6696.694748000002,,6696.694748000002,,4247.0638750000035,,4247.0638750000035,,1.0,,#545cf8,
2023-07-14,Drift,,6696.694748000002,,6696.694748000002,,4247.0638750000035,,4247.0638750000035,,,,
2023-07-13,Total,2449.630872999998,,2449.630872999998,,928.3037669999969,,928.3037669999969,,1.0,,#545cf8,
2023-07-13,Drift,,2449.630872999998,,2449.630872999998,,928.3037669999969,,928.3037669999969,,,,
2023-07-12,Total,1521.3271060000009,,1521.3271060000009,,1203.248307000001,,1203.248307000001,,1.0,,#545cf8,
2023-07-12,Drift,,1521.3271060000009,,1521.3271060000009,,1203.248307000001,,1203.248307000001,,,,
2023-07-11,Total,318.0787989999999,,318.0787989999999,,-276.7227220000001,,-276.7227220000001,,1.0,,#545cf8,
2023-07-11,Drift,,318.0787989999999,,318.0787989999999,,-276.7227220000001,,-276.7227220000001,,,,
2023-07-10,Total,594.801521,,594.801521,,277.3311589999999,,277.3311589999999,,1.0,,#545cf8,
2023-07-10,Drift,,594.801521,,594.801521,,277.3311589999999,,277.3311589999999,,,,
2023-07-09,Total,317.4703620000001,,317.4703620000001,,-190.17394399999978,,-190.17394399999978,,1.0,,#545cf8,
2023-07-09,Drift,,317.4703620000001,,317.4703620000001,,-190.17394399999978,,-190.17394399999978,,,,
2023-07-08,Total,507.64430599999986,,507.64430599999986,,-1.3936440000003927,,-1.3936440000003927,,1.0,,#545cf8,
2023-07-08,Drift,,507.64430599999986,,507.64430599999986,,-1.3936440000003927,,-1.3936440000003927,,,,
2023-07-07,Total,509.03795000000025,,509.03795000000025,,-339.47388199999966,,-339.47388199999966,,1.0,,#545cf8,
2023-07-07,Drift,,509.03795000000025,,509.03795000000025,,-339.47388199999966,,-339.47388199999966,,,,
2023-07-06,Total,848.5118319999999,,848.5118319999999,,33.382701999999654,,33.382701999999654,,1.0,,#545cf8,
2023-07-06,Drift,,848.5118319999999,,848.5118319999999,,33.382701999999654,,33.382701999999654,,,,
2023-07-05,Total,815.1291300000003,,815.1291300000003,,498.16583700000024,,498.16583700000024,,1.0,,#545cf8,
2023-07-05,Drift,,815.1291300000003,,815.1291300000003,,498.16583700000024,,498.16583700000024,,,,
2023-07-04,Total,316.963293,,316.963293,,-30.101437999999916,,-30.101437999999916,,1.0,,#545cf8,
2023-07-04,Drift,,316.963293,,316.963293,,-30.101437999999916,,-30.101437999999916,,,,
2023-07-03,Total,347.06473099999994,,347.06473099999994,,48.33212200000008,,48.33212200000008,,1.0,,#545cf8,
2023-07-03,Drift,,347.06473099999994,,347.06473099999994,,48.33212200000008,,48.33212200000008,,,,
2023-07-02,Total,298.73260899999985,,298.73260899999985,,-139.14236500000027,,-139.14236500000027,,1.0,,#545cf8,
2023-07-02,Drift,,298.73260899999985,,298.73260899999985,,-139.14236500000027,,-139.14236500000027,,,,
2023-07-01,Total,437.8749740000001,,437.8749740000001,,-1193.5665989999998,,-1193.5665989999998,,1.0,,#545cf8,
2023-07-01,Drift,,437.8749740000001,,437.8749740000001,,-1193.5665989999998,,-1193.5665989999998,,,,
2023-06-30,Total,1631.4415729999998,,1631.4415729999998,,1221.2357549999997,,1221.2357549999997,,1.0,,#545cf8,
2023-06-30,Drift,,1631.4415729999998,,1631.4415729999998,,1221.2357549999997,,1221.2357549999997,,,,
2023-06-29,Total,410.2058180000002,,410.2058180000002,,99.33878900000019,,99.33878900000019,,1.0,,#545cf8,
2023-06-29,Drift,,410.2058180000002,,410.2058180000002,,99.33878900000019,,99.33878900000019,,,,
2023-06-28,Total,310.867029,,310.867029,,67.04958099999999,,67.04958099999999,,1.0,,#545cf8,
2023-06-28,Drift,,310.867029,,310.867029,,67.04958099999999,,67.04958099999999,,,,
2023-06-27,Total,243.817448,,243.817448,,-174.41505000000018,,-174.41505000000018,,1.0,,#545cf8,
2023-06-27,Drift,,243.817448,,243.817448,,-174.41505000000018,,-174.41505000000018,,,,
2023-06-26,Total,418.2324980000002,,418.2324980000002,,202.21484600000025,,202.21484600000025,,1.0,,#545cf8,
2023-06-26,Drift,,418.2324980000002,,418.2324980000002,,202.21484600000025,,202.21484600000025,,,,
2023-06-25,Total,216.01765199999994,,216.01765199999994,,-33.586452000000065,,-33.586452000000065,,1.0,,#545cf8,
2023-06-25,Drift,,216.01765199999994,,216.01765199999994,,-33.586452000000065,,-33.586452000000065,,,,
2023-06-24,Total,249.604104,,249.604104,,-523.0389449999998,,-523.0389449999998,,1.0,,#545cf8,
2023-06-24,Drift,,249.604104,,249.604104,,-523.0389449999998,,-523.0389449999998,,,,
2023-06-23,Total,772.6430489999998,,772.6430489999998,,158.811824,,158.811824,,1.0,,#545cf8,
2023-06-23,Drift,,772.6430489999998,,772.6430489999998,,158.811824,,158.811824,,,,
2023-06-22,Total,613.8312249999998,,613.8312249999998,,-609.8103700000003,,-609.8103700000003,,1.0,,#545cf8,
2023-06-22,Drift,,613.8312249999998,,613.8312249999998,,-609.8103700000003,,-609.8103700000003,,,,
2023-06-21,Total,1223.641595,,1223.641595,,540.1014559999999,,540.1014559999999,,1.0,,#545cf8,
2023-06-21,Drift,,1223.641595,,1223.641595,,540.1014559999999,,540.1014559999999,,,,
2023-06-20,Total,683.5401390000002,,683.5401390000002,,312.96527400000025,,312.96527400000025,,1.0,,#545cf8,
2023-06-20,Drift,,683.5401390000002,,683.5401390000002,,312.96527400000025,,312.96527400000025,,,,
2023-06-19,Total,370.57486499999993,,370.57486499999993,,111.26937699999979,,111.26937699999979,,1.0,,#545cf8,
2023-06-19,Drift,,370.57486499999993,,370.57486499999993,,111.26937699999979,,111.26937699999979,,,,
2023-06-18,Total,259.30548800000014,,259.30548800000014,,-394.01918800000004,,-394.01918800000004,,1.0,,#545cf8,
2023-06-18,Drift,,259.30548800000014,,259.30548800000014,,-394.01918800000004,,-394.01918800000004,,,,
2023-06-17,Total,653.3246760000002,,653.3246760000002,,221.68184700000018,,221.68184700000018,,1.0,,#545cf8,
2023-06-17,Drift,,653.3246760000002,,653.3246760000002,,221.68184700000018,,221.68184700000018,,,,
2023-06-16,Total,431.642829,,431.642829,,57.239731000000006,,57.239731000000006,,1.0,,#545cf8,
2023-06-16,Drift,,431.642829,,431.642829,,57.239731000000006,,57.239731000000006,,,,
2023-06-15,Total,374.403098,,374.403098,,-167.68046700000014,,-167.68046700000014,,1.0,,#545cf8,
2023-06-15,Drift,,374.403098,,374.403098,,-167.68046700000014,,-167.68046700000014,,,,
2023-06-14,Total,542.0835650000001,,542.0835650000001,,263.0284200000001,,263.0284200000001,,1.0,,#545cf8,
2023-06-14,Drift,,542.0835650000001,,542.0835650000001,,263.0284200000001,,263.0284200000001,,,,
2023-06-13,Total,279.05514500000004,,279.05514500000004,,-86.11961999999983,,-86.11961999999983,,1.0,,#545cf8,
2023-06-13,Drift,,279.05514500000004,,279.05514500000004,,-86.11961999999983,,-86.11961999999983,,,,
2023-06-12,Total,365.17476499999987,,365.17476499999987,,78.1744839999999,,78.1744839999999,,1.0,,#545cf8,
2023-06-12,Drift,,365.17476499999987,,365.17476499999987,,78.1744839999999,,78.1744839999999,,,,
2023-06-11,Total,287.000281,,287.000281,,-6580.5588550000075,,-6580.5588550000075,,1.0,,#545cf8,
2023-06-11,Drift,,287.000281,,287.000281,,-6580.5588550000075,,-6580.5588550000075,,,,
2023-06-10,Total,6867.559136000007,,6867.559136000007,,5443.267976000006,,5443.267976000006,,1.0,,#545cf8,
2023-06-10,Drift,,6867.559136000007,,6867.559136000007,,5443.267976000006,,5443.267976000006,,,,
2023-06-09,Total,1424.2911600000014,,1424.2911600000014,,636.3760460000018,,636.3760460000018,,1.0,,#545cf8,
2023-06-09,Drift,,1424.2911600000014,,1424.2911600000014,,636.3760460000018,,636.3760460000018,,,,
2023-06-08,Total,787.9151139999996,,787.9151139999996,,-1299.7372800000044,,-1299.7372800000044,,1.0,,#545cf8,
2023-06-08,Drift,,787.9151139999996,,787.9151139999996,,-1299.7372800000044,,-1299.7372800000044,,,,
2023-06-07,Total,2087.652394000004,,2087.652394000004,,1128.635035000004,,1128.635035000004,,1.0,,#545cf8,
2023-06-07,Drift,,2087.652394000004,,2087.652394000004,,1128.635035000004,,1128.635035000004,,,,
2023-06-06,Total,959.0173589999997,,959.0173589999997,,-1827.5339209999981,,-1827.5339209999981,,1.0,,#545cf8,
2023-06-06,Drift,,959.0173589999997,,959.0173589999997,,-1827.5339209999981,,-1827.5339209999981,,,,
2023-06-05,Total,2786.551279999998,,2786.551279999998,,1906.1807379999977,,1906.1807379999977,,1.0,,#545cf8,
2023-06-05,Drift,,2786.551279999998,,2786.551279999998,,1906.1807379999977,,1906.1807379999977,,,,
2023-06-04,Total,880.3705420000002,,880.3705420000002,,391.11020700000034,,391.11020700000034,,1.0,,#545cf8,
2023-06-04,Drift,,880.3705420000002,,880.3705420000002,,391.11020700000034,,391.11020700000034,,,,
2023-06-03,Total,489.2603349999999,,489.2603349999999,,138.81137999999993,,138.81137999999993,,1.0,,#545cf8,
2023-06-03,Drift,,489.2603349999999,,489.2603349999999,,138.81137999999993,,138.81137999999993,,,,
2023-06-02,Total,350.44895499999996,,350.44895499999996,,30.886306999999874,,30.886306999999874,,1.0,,#545cf8,
2023-06-02,Drift,,350.44895499999996,,350.44895499999996,,30.886306999999874,,30.886306999999874,,,,
2023-06-01,Total,319.5626480000001,,319.5626480000001,,-967.0716660000005,,-967.0716660000005,,1.0,,#545cf8,
2023-06-01,Drift,,319.5626480000001,,319.5626480000001,,-967.0716660000005,,-967.0716660000005,,,,
2023-05-31,Total,1286.6343140000006,,1286.6343140000006,,631.8894220000001,,631.8894220000001,,1.0,,#545cf8,
2023-05-31,Drift,,1286.6343140000006,,1286.6343140000006,,631.8894220000001,,631.8894220000001,,,,
2023-05-30,Total,654.7448920000005,,654.7448920000005,,323.9823660000005,,323.9823660000005,,1.0,,#545cf8,
2023-05-30,Drift,,654.7448920000005,,654.7448920000005,,323.9823660000005,,323.9823660000005,,,,
2023-05-29,Total,330.762526,,330.762526,,-406.517384,,-406.517384,,1.0,,#545cf8,
2023-05-29,Drift,,330.762526,,330.762526,,-406.517384,,-406.517384,,,,
2023-05-28,Total,737.27991,,737.27991,,402.005596,,402.005596,,1.0,,#545cf8,
2023-05-28,Drift,,737.27991,,737.27991,,402.005596,,402.005596,,,,
2023-05-27,Total,335.27431399999995,,335.27431399999995,,-23.27758199999994,,-23.27758199999994,,1.0,,#545cf8,
2023-05-27,Drift,,335.27431399999995,,335.27431399999995,,-23.27758199999994,,-23.27758199999994,,,,
2023-05-26,Total,358.5518959999999,,358.5518959999999,,-140.83157800000043,,-140.83157800000043,,1.0,,#545cf8,
2023-05-26,Drift,,358.5518959999999,,358.5518959999999,,-140.83157800000043,,-140.83157800000043,,,,
2023-05-25,Total,499.3834740000003,,499.3834740000003,,-683.4975159999991,,-683.4975159999991,,1.0,,#545cf8,
2023-05-25,Drift,,499.3834740000003,,499.3834740000003,,-683.4975159999991,,-683.4975159999991,,,,
2023-05-24,Total,1182.8809899999994,,1182.8809899999994,,918.1262579999993,,918.1262579999993,,1.0,,#545cf8,
2023-05-24,Drift,,1182.8809899999994,,1182.8809899999994,,918.1262579999993,,918.1262579999993,,,,
2023-05-23,Total,264.7547320000001,,264.7547320000001,,-505.45709499999987,,-505.45709499999987,,1.0,,#545cf8,
2023-05-23,Drift,,264.7547320000001,,264.7547320000001,,-505.45709499999987,,-505.45709499999987,,,,
2023-05-22,Total,770.211827,,770.211827,,-536.1660999999996,,-536.1660999999996,,1.0,,#545cf8,
2023-05-22,Drift,,770.211827,,770.211827,,-536.1660999999996,,-536.1660999999996,,,,
2023-05-21,Total,1306.3779269999995,,1306.3779269999995,,1148.3804139999995,,1148.3804139999995,,1.0,,#545cf8,
2023-05-21,Drift,,1306.3779269999995,,1306.3779269999995,,1148.3804139999995,,1148.3804139999995,,,,
2023-05-20,Total,157.99751300000003,,157.99751300000003,,-6.252169999999921,,-6.252169999999921,,1.0,,#545cf8,
2023-05-20,Drift,,157.99751300000003,,157.99751300000003,,-6.252169999999921,,-6.252169999999921,,,,
2023-05-19,Total,164.24968299999995,,164.24968299999995,,-225.38837200000006,,-225.38837200000006,,1.0,,#545cf8,
2023-05-19,Drift,,164.24968299999995,,164.24968299999995,,-225.38837200000006,,-225.38837200000006,,,,
2023-05-18,Total,389.638055,,389.638055,,-39.9951309999999,,-39.9951309999999,,1.0,,#545cf8,
2023-05-18,Drift,,389.638055,,389.638055,,-39.9951309999999,,-39.9951309999999,,,,
2023-05-17,Total,429.6331859999999,,429.6331859999999,,167.66503599999993,,167.66503599999993,,1.0,,#545cf8,
2023-05-17,Drift,,429.6331859999999,,429.6331859999999,,167.66503599999993,,167.66503599999993,,,,
2023-05-16,Total,261.96815,,261.96815,,-76.376013,,-76.376013,,1.0,,#545cf8,
2023-05-16,Drift,,261.96815,,261.96815,,-76.376013,,-76.376013,,,,
2023-05-15,Total,338.344163,,338.344163,,149.57534399999997,,149.57534399999997,,1.0,,#545cf8,
2023-05-15,Drift,,338.344163,,338.344163,,149.57534399999997,,149.57534399999997,,,,
2023-05-14,Total,188.768819,,188.768819,,-42.546527,,-42.546527,,1.0,,#545cf8,
2023-05-14,Drift,,188.768819,,188.768819,,-42.546527,,-42.546527,,,,
2023-05-13,Total,231.315346,,231.315346,,-427.7100580000001,,-427.7100580000001,,1.0,,#545cf8,
2023-05-13,Drift,,231.315346,,231.315346,,-427.7100580000001,,-427.7100580000001,,,,
2023-05-12,Total,659.0254040000001,,659.0254040000001,,-671.1627430000004,,-671.1627430000004,,1.0,,#545cf8,
2023-05-12,Drift,,659.0254040000001,,659.0254040000001,,-671.1627430000004,,-671.1627430000004,,,,
2023-05-11,Total,1330.1881470000005,,1330.1881470000005,,817.2365360000006,,817.2365360000006,,1.0,,#545cf8,
2023-05-11,Drift,,1330.1881470000005,,1330.1881470000005,,817.2365360000006,,817.2365360000006,,,,
2023-05-10,Total,512.951611,,512.951611,,260.6689419999998,,260.6689419999998,,1.0,,#545cf8,
2023-05-10,Drift,,512.951611,,512.951611,,260.6689419999998,,260.6689419999998,,,,
2023-05-09,Total,252.28266900000014,,252.28266900000014,,-1276.354039,,-1276.354039,,1.0,,#545cf8,
2023-05-09,Drift,,252.28266900000014,,252.28266900000014,,-1276.354039,,-1276.354039,,,,
2023-05-08,Total,1528.6367080000002,,1528.6367080000002,,1232.178175,,1232.178175,,1.0,,#545cf8,
2023-05-08,Drift,,1528.6367080000002,,1528.6367080000002,,1232.178175,,1232.178175,,,,
2023-05-07,Total,296.4585330000001,,296.4585330000001,,-154.256464,,-154.256464,,1.0,,#545cf8,
2023-05-07,Drift,,296.4585330000001,,296.4585330000001,,-154.256464,,-154.256464,,,,
2023-05-06,Total,450.7149970000001,,450.7149970000001,,3.2182840000000965,,3.2182840000000965,,1.0,,#545cf8,
2023-05-06,Drift,,450.7149970000001,,450.7149970000001,,3.2182840000000965,,3.2182840000000965,,,,
2023-05-05,Total,447.496713,,447.496713,,196.83696300000003,,196.83696300000003,,1.0,,#545cf8,
2023-05-05,Drift,,447.496713,,447.496713,,196.83696300000003,,196.83696300000003,,,,
2023-05-04,Total,250.65974999999997,,250.65974999999997,,-301.4524830000001,,-301.4524830000001,,1.0,,#545cf8,
2023-05-04,Drift,,250.65974999999997,,250.65974999999997,,-301.4524830000001,,-301.4524830000001,,,,
2023-05-03,Total,552.1122330000001,,552.1122330000001,,287.957389,,287.957389,,1.0,,#545cf8,
2023-05-03,Drift,,552.1122330000001,,552.1122330000001,,287.957389,,287.957389,,,,
2023-05-02,Total,264.1548440000001,,264.1548440000001,,-528.5789400000003,,-528.5789400000003,,1.0,,#545cf8,
2023-05-02,Drift,,264.1548440000001,,264.1548440000001,,-528.5789400000003,,-528.5789400000003,,,,
2023-05-01,Total,792.7337840000005,,792.7337840000005,,400.39765400000033,,400.39765400000033,,1.0,,#545cf8,
2023-05-01,Drift,,792.7337840000005,,792.7337840000005,,400.39765400000033,,400.39765400000033,,,,
2023-04-30,Total,392.33613000000014,,392.33613000000014,,158.65746400000026,,158.65746400000026,,1.0,,#545cf8,
2023-04-30,Drift,,392.33613000000014,,392.33613000000014,,158.65746400000026,,158.65746400000026,,,,
2023-04-29,Total,233.67866599999988,,233.67866599999988,,-169.18230500000007,,-169.18230500000007,,1.0,,#545cf8,
2023-04-29,Drift,,233.67866599999988,,233.67866599999988,,-169.18230500000007,,-169.18230500000007,,,,
2023-04-28,Total,402.86097099999995,,402.86097099999995,,-543.6151980000003,,-543.6151980000003,,1.0,,#545cf8,
2023-04-28,Drift,,402.86097099999995,,402.86097099999995,,-543.6151980000003,,-543.6151980000003,,,,
2023-04-27,Total,946.4761690000003,,946.4761690000003,,-637.5447609999999,,-637.5447609999999,,1.0,,#545cf8,
2023-04-27,Drift,,946.4761690000003,,946.4761690000003,,-637.5447609999999,,-637.5447609999999,,,,
2023-04-26,Total,1584.0209300000001,,1584.0209300000001,,791.2434240000003,,791.2434240000003,,1.0,,#545cf8,
2023-04-26,Drift,,1584.0209300000001,,1584.0209300000001,,791.2434240000003,,791.2434240000003,,,,
2023-04-25,Total,792.7775059999998,,792.7775059999998,,235.67449999999963,,235.67449999999963,,1.0,,#545cf8,
2023-04-25,Drift,,792.7775059999998,,792.7775059999998,,235.67449999999963,,235.67449999999963,,,,
2023-04-24,Total,557.1030060000002,,557.1030060000002,,8.429538999999977,,8.429538999999977,,1.0,,#545cf8,
2023-04-24,Drift,,557.1030060000002,,557.1030060000002,,8.429538999999977,,8.429538999999977,,,,
2023-04-23,Total,548.6734670000002,,548.6734670000002,,-70.44465300000013,,-70.44465300000013,,1.0,,#545cf8,
2023-04-23,Drift,,548.6734670000002,,548.6734670000002,,-70.44465300000013,,-70.44465300000013,,,,
2023-04-22,Total,619.1181200000003,,619.1181200000003,,-700.7191319999993,,-700.7191319999993,,1.0,,#545cf8,
2023-04-22,Drift,,619.1181200000003,,619.1181200000003,,-700.7191319999993,,-700.7191319999993,,,,
2023-04-21,Total,1319.8372519999996,,1319.8372519999996,,-309.17626500000006,,-309.17626500000006,,1.0,,#545cf8,
2023-04-21,Drift,,1319.8372519999996,,1319.8372519999996,,-309.17626500000006,,-309.17626500000006,,,,
2023-04-20,Total,1629.0135169999996,,1629.0135169999996,,-3727.028008999998,,-3727.028008999998,,1.0,,#545cf8,
2023-04-20,Drift,,1629.0135169999996,,1629.0135169999996,,-3727.028008999998,,-3727.028008999998,,,,
2023-04-19,Total,5356.041525999997,,5356.041525999997,,3931.3898969999977,,3931.3898969999977,,1.0,,#545cf8,
2023-04-19,Drift,,5356.041525999997,,5356.041525999997,,3931.3898969999977,,3931.3898969999977,,,,
2023-04-18,Total,1424.6516289999995,,1424.6516289999995,,-922.5549289999994,,-922.5549289999994,,1.0,,#545cf8,
2023-04-18,Drift,,1424.6516289999995,,1424.6516289999995,,-922.5549289999994,,-922.5549289999994,,,,
2023-04-17,Total,2347.206557999999,,2347.206557999999,,1969.8739119999989,,1969.8739119999989,,1.0,,#545cf8,
2023-04-17,Drift,,2347.206557999999,,2347.206557999999,,1969.8739119999989,,1969.8739119999989,,,,
2023-04-16,Total,377.332646,,377.332646,,172.766758,,172.766758,,1.0,,#545cf8,
2023-04-16,Drift,,377.332646,,377.332646,,172.766758,,172.766758,,,,
2023-04-15,Total,204.565888,,204.565888,,-1171.1822200000008,,-1171.1822200000008,,1.0,,#545cf8,
2023-04-15,Drift,,204.565888,,204.565888,,-1171.1822200000008,,-1171.1822200000008,,,,
2023-04-14,Total,1375.748108000001,,1375.748108000001,,-101.5391650000006,,-101.5391650000006,,1.0,,#545cf8,
2023-04-14,Drift,,1375.748108000001,,1375.748108000001,,-101.5391650000006,,-101.5391650000006,,,,
2023-04-13,Total,1477.2872730000015,,1477.2872730000015,,495.52685800000154,,495.52685800000154,,1.0,,#545cf8,
2023-04-13,Drift,,1477.2872730000015,,1477.2872730000015,,495.52685800000154,,495.52685800000154,,,,
2023-04-12,Total,981.760415,,981.760415,,-1341.044800000004,,-1341.044800000004,,1.0,,#545cf8,
2023-04-12,Drift,,981.760415,,981.760415,,-1341.044800000004,,-1341.044800000004,,,,
2023-04-11,Total,2322.805215000004,,2322.805215000004,,1520.8701740000033,,1520.8701740000033,,1.0,,#545cf8,
2023-04-11,Drift,,2322.805215000004,,2322.805215000004,,1520.8701740000033,,1520.8701740000033,,,,
2023-04-10,Total,801.9350410000008,,801.9350410000008,,352.48984900000085,,352.48984900000085,,1.0,,#545cf8,
2023-04-10,Drift,,801.9350410000008,,801.9350410000008,,352.48984900000085,,352.48984900000085,,,,
2023-04-09,Total,449.4451919999999,,449.4451919999999,,-343.8954680000011,,-343.8954680000011,,1.0,,#545cf8,
2023-04-09,Drift,,449.4451919999999,,449.4451919999999,,-343.8954680000011,,-343.8954680000011,,,,
2023-04-08,Total,793.340660000001,,793.340660000001,,153.72146700000064,,153.72146700000064,,1.0,,#545cf8,
2023-04-08,Drift,,793.340660000001,,793.340660000001,,153.72146700000064,,153.72146700000064,,,,
2023-04-07,Total,639.6191930000003,,639.6191930000003,,-91.71185899999921,,-91.71185899999921,,1.0,,#545cf8,
2023-04-07,Drift,,639.6191930000003,,639.6191930000003,,-91.71185899999921,,-91.71185899999921,,,,
2023-04-06,Total,731.3310519999995,,731.3310519999995,,-100.04729800000075,,-100.04729800000075,,1.0,,#545cf8,
2023-04-06,Drift,,731.3310519999995,,731.3310519999995,,-100.04729800000075,,-100.04729800000075,,,,
2023-04-05,Total,831.3783500000003,,831.3783500000003,,69.96456200000159,,69.96456200000159,,1.0,,#545cf8,
2023-04-05,Drift,,831.3783500000003,,831.3783500000003,,69.96456200000159,,69.96456200000159,,,,
2023-04-04,Total,761.4137879999987,,761.4137879999987,,-762.6293999999989,,-762.6293999999989,,1.0,,#545cf8,
2023-04-04,Drift,,761.4137879999987,,761.4137879999987,,-762.6293999999989,,-762.6293999999989,,,,
2023-04-03,Total,1524.0431879999976,,1524.0431879999976,,891.7715069999979,,891.7715069999979,,1.0,,#545cf8,
2023-04-03,Drift,,1524.0431879999976,,1524.0431879999976,,891.7715069999979,,891.7715069999979,,,,
2023-04-02,Total,632.2716809999997,,632.2716809999997,,441.2152159999996,,441.2152159999996,,1.0,,#545cf8,
2023-04-02,Drift,,632.2716809999997,,632.2716809999997,,441.2152159999996,,441.2152159999996,,,,
2023-04-01,Total,191.05646500000014,,191.05646500000014,,-345.73313699999983,,-345.73313699999983,,1.0,,#545cf8,
2023-04-01,Drift,,191.05646500000014,,191.05646500000014,,-345.73313699999983,,-345.73313699999983,,,,
2023-03-31,Total,536.789602,,536.789602,,-472.337126,,-472.337126,,1.0,,#545cf8,
2023-03-31,Drift,,536.789602,,536.789602,,-472.337126,,-472.337126,,,,
2023-03-30,Total,1009.126728,,1009.126728,,465.77985899999953,,465.77985899999953,,1.0,,#545cf8,
2023-03-30,Drift,,1009.126728,,1009.126728,,465.77985899999953,,465.77985899999953,,,,
2023-03-29,Total,543.3468690000004,,543.3468690000004,,-186.67534499999965,,-186.67534499999965,,1.0,,#545cf8,
2023-03-29,Drift,,543.3468690000004,,543.3468690000004,,-186.67534499999965,,-186.67534499999965,,,,
2023-03-28,Total,730.0222140000001,,730.0222140000001,,-1625.4413239999976,,-1625.4413239999976,,1.0,,#545cf8,
2023-03-28,Drift,,730.0222140000001,,730.0222140000001,,-1625.4413239999976,,-1625.4413239999976,,,,
2023-03-27,Total,2355.4635379999977,,2355.4635379999977,,2033.5416789999977,,2033.5416789999977,,1.0,,#545cf8,
2023-03-27,Drift,,2355.4635379999977,,2355.4635379999977,,2033.5416789999977,,2033.5416789999977,,,,
2023-03-26,Total,321.92185900000004,,321.92185900000004,,-171.16331800000182,,-171.16331800000182,,1.0,,#545cf8,
2023-03-26,Drift,,321.92185900000004,,321.92185900000004,,-171.16331800000182,,-171.16331800000182,,,,
2023-03-25,Total,493.08517700000186,,493.08517700000186,,-2180.4701419999947,,-2180.4701419999947,,1.0,,#545cf8,
2023-03-25,Drift,,493.08517700000186,,493.08517700000186,,-2180.4701419999947,,-2180.4701419999947,,,,
2023-03-24,Total,2673.5553189999964,,2673.5553189999964,,2056.472168999996,,2056.472168999996,,1.0,,#545cf8,
2023-03-24,Drift,,2673.5553189999964,,2673.5553189999964,,2056.472168999996,,2056.472168999996,,,,
2023-03-23,Total,617.0831500000002,,617.0831500000002,,-3148.9527500000004,,-3148.9527500000004,,1.0,,#545cf8,
2023-03-23,Drift,,617.0831500000002,,617.0831500000002,,-3148.9527500000004,,-3148.9527500000004,,,,
2023-03-22,Total,3766.0359000000008,,3766.0359000000008,,2990.025615000001,,2990.025615000001,,1.0,,#545cf8,
2023-03-22,Drift,,3766.0359000000008,,3766.0359000000008,,2990.025615000001,,2990.025615000001,,,,
2023-03-21,Total,776.0102849999997,,776.0102849999997,,-332.9433479999997,,-332.9433479999997,,1.0,,#545cf8,
2023-03-21,Drift,,776.0102849999997,,776.0102849999997,,-332.9433479999997,,-332.9433479999997,,,,
2023-03-20,Total,1108.9536329999994,,1108.9536329999994,,467.7565659999992,,467.7565659999992,,1.0,,#545cf8,
2023-03-20,Drift,,1108.9536329999994,,1108.9536329999994,,467.7565659999992,,467.7565659999992,,,,
2023-03-19,Total,641.1970670000002,,641.1970670000002,,-593.1140919999997,,-593.1140919999997,,1.0,,#545cf8,
2023-03-19,Drift,,641.1970670000002,,641.1970670000002,,-593.1140919999997,,-593.1140919999997,,,,
2023-03-18,Total,1234.3111589999999,,1234.3111589999999,,458.4031190000004,,458.4031190000004,,1.0,,#545cf8,
2023-03-18,Drift,,1234.3111589999999,,1234.3111589999999,,458.4031190000004,,458.4031190000004,,,,
2023-03-17,Total,775.9080399999995,,775.9080399999995,,-226.1174570000004,,-226.1174570000004,,1.0,,#545cf8,
2023-03-17,Drift,,775.9080399999995,,775.9080399999995,,-226.1174570000004,,-226.1174570000004,,,,
2023-03-16,Total,1002.0254969999999,,1002.0254969999999,,-480.8018040000004,,-480.8018040000004,,1.0,,#545cf8,
2023-03-16,Drift,,1002.0254969999999,,1002.0254969999999,,-480.8018040000004,,-480.8018040000004,,,,
2023-03-15,Total,1482.8273010000003,,1482.8273010000003,,-307.55502099999944,,-307.55502099999944,,1.0,,#545cf8,
2023-03-15,Drift,,1482.8273010000003,,1482.8273010000003,,-307.55502099999944,,-307.55502099999944,,,,
2023-03-14,Total,1790.3823219999997,,1790.3823219999997,,402.4517099999998,,402.4517099999998,,1.0,,#545cf8,
2023-03-14,Drift,,1790.3823219999997,,1790.3823219999997,,402.4517099999998,,402.4517099999998,,,,
2023-03-13,Total,1387.9306119999999,,1387.9306119999999,,232.11654000000044,,232.11654000000044,,1.0,,#545cf8,
2023-03-13,Drift,,1387.9306119999999,,1387.9306119999999,,232.11654000000044,,232.11654000000044,,,,
2023-03-12,Total,1155.8140719999994,,1155.8140719999994,,428.16930700000466,,428.16930700000466,,1.0,,#545cf8,
2023-03-12,Drift,,1155.8140719999994,,1155.8140719999994,,428.16930700000466,,428.16930700000466,,,,
2023-03-11,Total,727.6447649999948,,727.6447649999948,,-1982.637565000007,,-1982.637565000007,,1.0,,#545cf8,
2023-03-11,Drift,,727.6447649999948,,727.6447649999948,,-1982.637565000007,,-1982.637565000007,,,,
2023-03-10,Total,2710.282330000002,,2710.282330000002,,756.5297490000007,,756.5297490000007,,1.0,,#545cf8,
2023-03-10,Drift,,2710.282330000002,,2710.282330000002,,756.5297490000007,,756.5297490000007,,,,
2023-03-09,Total,1953.752581000001,,1953.752581000001,,117.11938800000098,,117.11938800000098,,1.0,,#545cf8,
2023-03-09,Drift,,1953.752581000001,,1953.752581000001,,117.11938800000098,,117.11938800000098,,,,
2023-03-08,Total,1836.6331930000001,,1836.6331930000001,,1148.1933300000005,,1148.1933300000005,,1.0,,#545cf8,
2023-03-08,Drift,,1836.6331930000001,,1836.6331930000001,,1148.1933300000005,,1148.1933300000005,,,,
2023-03-07,Total,688.4398629999997,,688.4398629999997,,348.2669189999999,,348.2669189999999,,1.0,,#545cf8,
2023-03-07,Drift,,688.4398629999997,,688.4398629999997,,348.2669189999999,,348.2669189999999,,,,
2023-03-06,Total,340.1729439999998,,340.1729439999998,,-242.92373400000065,,-242.92373400000065,,1.0,,#545cf8,
2023-03-06,Drift,,340.1729439999998,,340.1729439999998,,-242.92373400000065,,-242.92373400000065,,,,
2023-03-05,Total,583.0966780000005,,583.0966780000005,,118.86721400000056,,118.86721400000056,,1.0,,#545cf8,
2023-03-05,Drift,,583.0966780000005,,583.0966780000005,,118.86721400000056,,118.86721400000056,,,,
2023-03-04,Total,464.2294639999999,,464.2294639999999,,-1656.6466890000056,,-1656.6466890000056,,1.0,,#545cf8,
2023-03-04,Drift,,464.2294639999999,,464.2294639999999,,-1656.6466890000056,,-1656.6466890000056,,,,
2023-03-03,Total,2120.8761530000056,,2120.8761530000056,,1058.903710000006,,1058.903710000006,,1.0,,#545cf8,
2023-03-03,Drift,,2120.8761530000056,,2120.8761530000056,,1058.903710000006,,1058.903710000006,,,,
2023-03-02,Total,1061.9724429999997,,1061.9724429999997,,463.5133230000001,,463.5133230000001,,1.0,,#545cf8,
2023-03-02,Drift,,1061.9724429999997,,1061.9724429999997,,463.5133230000001,,463.5133230000001,,,,
2023-03-01,Total,598.4591199999995,,598.4591199999995,,-125.69706900000074,,-125.69706900000074,,1.0,,#545cf8,
2023-03-01,Drift,,598.4591199999995,,598.4591199999995,,-125.69706900000074,,-125.69706900000074,,,,
2023-02-28,Total,724.1561890000003,,724.1561890000003,,206.84247800000026,,206.84247800000026,,1.0,,#545cf8,
2023-02-28,Drift,,724.1561890000003,,724.1561890000003,,206.84247800000026,,206.84247800000026,,,,
2023-02-27,Total,517.313711,,517.313711,,23.234180000000094,,23.234180000000094,,1.0,,#545cf8,
2023-02-27,Drift,,517.313711,,517.313711,,23.234180000000094,,23.234180000000094,,,,
2023-02-26,Total,494.0795309999999,,494.0795309999999,,420.9098629999998,,420.9098629999998,,1.0,,#545cf8,
2023-02-26,Drift,,494.0795309999999,,494.0795309999999,,420.9098629999998,,420.9098629999998,,,,
2023-02-25,Total,73.16966800000013,,73.16966800000013,,-1397.2703089999993,,-1397.2703089999993,,1.0,,#545cf8,
2023-02-25,Drift,,73.16966800000013,,73.16966800000013,,-1397.2703089999993,,-1397.2703089999993,,,,
2023-02-24,Total,1470.4399769999995,,1470.4399769999995,,206.12848600000143,,206.12848600000143,,1.0,,#545cf8,
2023-02-24,Drift,,1470.4399769999995,,1470.4399769999995,,206.12848600000143,,206.12848600000143,,,,
2023-02-23,Total,1264.3114909999981,,1264.3114909999981,,493.9706359999966,,493.9706359999966,,1.0,,#545cf8,
2023-02-23,Drift,,1264.3114909999981,,1264.3114909999981,,493.9706359999966,,493.9706359999966,,,,
2023-02-22,Total,770.3408550000015,,770.3408550000015,,268.8022760000011,,268.8022760000011,,1.0,,#545cf8,
2023-02-22,Drift,,770.3408550000015,,770.3408550000015,,268.8022760000011,,268.8022760000011,,,,
2023-02-21,Total,501.5385790000004,,501.5385790000004,,-359.86553799999996,,-359.86553799999996,,1.0,,#545cf8,
2023-02-21,Drift,,501.5385790000004,,501.5385790000004,,-359.86553799999996,,-359.86553799999996,,,,
2023-02-20,Total,861.4041170000004,,861.4041170000004,,194.38192499999946,,194.38192499999946,,1.0,,#545cf8,
2023-02-20,Drift,,861.4041170000004,,861.4041170000004,,194.38192499999946,,194.38192499999946,,,,
2023-02-19,Total,667.0221920000009,,667.0221920000009,,437.5971800000005,,437.5971800000005,,1.0,,#545cf8,
2023-02-19,Drift,,667.0221920000009,,667.0221920000009,,437.5971800000005,,437.5971800000005,,,,
2023-02-18,Total,229.42501200000044,,229.42501200000044,,5.8728669999998715,,5.8728669999998715,,1.0,,#545cf8,
2023-02-18,Drift,,229.42501200000044,,229.42501200000044,,5.8728669999998715,,5.8728669999998715,,,,
2023-02-17,Total,223.55214500000056,,223.55214500000056,,-461.0638299999962,,-461.0638299999962,,1.0,,#545cf8,
2023-02-17,Drift,,223.55214500000056,,223.55214500000056,,-461.0638299999962,,-461.0638299999962,,,,
2023-02-16,Total,684.6159749999968,,684.6159749999968,,337.40829299999666,,337.40829299999666,,1.0,,#545cf8,
2023-02-16,Drift,,684.6159749999968,,684.6159749999968,,337.40829299999666,,337.40829299999666,,,,
2023-02-15,Total,347.2076820000001,,347.2076820000001,,166.26034600000014,,166.26034600000014,,1.0,,#545cf8,
2023-02-15,Drift,,347.2076820000001,,347.2076820000001,,166.26034600000014,,166.26034600000014,,,,
2023-02-14,Total,180.94733599999995,,180.94733599999995,,-67.6621440000003,,-67.6621440000003,,1.0,,#545cf8,
2023-02-14,Drift,,180.94733599999995,,180.94733599999995,,-67.6621440000003,,-67.6621440000003,,,,
2023-02-13,Total,248.60948000000025,,248.60948000000025,,96.95330800000013,,96.95330800000013,,1.0,,#545cf8,
2023-02-13,Drift,,248.60948000000025,,248.60948000000025,,96.95330800000013,,96.95330800000013,,,,
2023-02-12,Total,151.6561720000001,,151.6561720000001,,24.80890800000006,,24.80890800000006,,1.0,,#545cf8,
2023-02-12,Drift,,151.6561720000001,,151.6561720000001,,24.80890800000006,,24.80890800000006,,,,
2023-02-11,Total,126.84726400000005,,126.84726400000005,,-335.89631900000006,,-335.89631900000006,,1.0,,#545cf8,
2023-02-11,Drift,,126.84726400000005,,126.84726400000005,,-335.89631900000006,,-335.89631900000006,,,,
2023-02-10,Total,462.7435830000001,,462.7435830000001,,-881.4274089999983,,-881.4274089999983,,1.0,,#545cf8,
2023-02-10,Drift,,462.7435830000001,,462.7435830000001,,-881.4274089999983,,-881.4274089999983,,,,
2023-02-09,Total,1344.1709919999985,,1344.1709919999985,,1124.2987769999986,,1124.2987769999986,,1.0,,#545cf8,
2023-02-09,Drift,,1344.1709919999985,,1344.1709919999985,,1124.2987769999986,,1124.2987769999986,,,,
2023-02-08,Total,219.87221499999998,,219.87221499999998,,-39.119162999999844,,-39.119162999999844,,1.0,,#545cf8,
2023-02-08,Drift,,219.87221499999998,,219.87221499999998,,-39.119162999999844,,-39.119162999999844,,,,
2023-02-07,Total,258.9913779999998,,258.9913779999998,,-56.70911500000028,,-56.70911500000028,,1.0,,#545cf8,
2023-02-07,Drift,,258.9913779999998,,258.9913779999998,,-56.70911500000028,,-56.70911500000028,,,,
2023-02-06,Total,315.7004930000001,,315.7004930000001,,81.5642759999999,,81.5642759999999,,1.0,,#545cf8,
2023-02-06,Drift,,315.7004930000001,,315.7004930000001,,81.5642759999999,,81.5642759999999,,,,
2023-02-05,Total,234.13621700000022,,234.13621700000022,,148.9727950000002,,148.9727950000002,,1.0,,#545cf8,
2023-02-05,Drift,,234.13621700000022,,234.13621700000022,,148.9727950000002,,148.9727950000002,,,,
2023-02-04,Total,85.16342200000001,,85.16342200000001,,-83.56206599999992,,-83.56206599999992,,1.0,,#545cf8,
2023-02-04,Drift,,85.16342200000001,,85.16342200000001,,-83.56206599999992,,-83.56206599999992,,,,
2023-02-03,Total,168.72548799999993,,168.72548799999993,,-219.27087200000022,,-219.27087200000022,,1.0,,#545cf8,
2023-02-03,Drift,,168.72548799999993,,168.72548799999993,,-219.27087200000022,,-219.27087200000022,,,,
2023-02-02,Total,387.99636000000015,,387.99636000000015,,37.18227499999989,,37.18227499999989,,1.0,,#545cf8,
2023-02-02,Drift,,387.99636000000015,,387.99636000000015,,37.18227499999989,,37.18227499999989,,,,
2023-02-01,Total,350.81408500000026,,350.81408500000026,,89.59322300000008,,89.59322300000008,,1.0,,#545cf8,
2023-02-01,Drift,,350.81408500000026,,350.81408500000026,,89.59322300000008,,89.59322300000008,,,,
2023-01-31,Total,261.2208620000002,,261.2208620000002,,-145.8765920000003,,-145.8765920000003,,1.0,,#545cf8,
2023-01-31,Drift,,261.2208620000002,,261.2208620000002,,-145.8765920000003,,-145.8765920000003,,,,
2023-01-30,Total,407.0974540000005,,407.0974540000005,,183.1850690000006,,183.1850690000006,,1.0,,#545cf8,
2023-01-30,Drift,,407.0974540000005,,407.0974540000005,,183.1850690000006,,183.1850690000006,,,,
2023-01-29,Total,223.9123849999999,,223.9123849999999,,106.95658999999989,,106.95658999999989,,1.0,,#545cf8,
2023-01-29,Drift,,223.9123849999999,,223.9123849999999,,106.95658999999989,,106.95658999999989,,,,
2023-01-28,Total,116.955795,,116.955795,,-105.99305900000004,,-105.99305900000004,,1.0,,#545cf8,
2023-01-28,Drift,,116.955795,,116.955795,,-105.99305900000004,,-105.99305900000004,,,,
2023-01-27,Total,222.94885400000004,,222.94885400000004,,-77.64470200000011,,-77.64470200000011,,1.0,,#545cf8,
2023-01-27,Drift,,222.94885400000004,,222.94885400000004,,-77.64470200000011,,-77.64470200000011,,,,
2023-01-26,Total,300.59355600000015,,300.59355600000015,,-41.15054699999985,,-41.15054699999985,,1.0,,#545cf8,
2023-01-26,Drift,,300.59355600000015,,300.59355600000015,,-41.15054699999985,,-41.15054699999985,,,,
2023-01-25,Total,341.744103,,341.744103,,176.064431,,176.064431,,1.0,,#545cf8,
2023-01-25,Drift,,341.744103,,341.744103,,176.064431,,176.064431,,,,
2023-01-24,Total,165.67967199999998,,165.67967199999998,,-18.839526999999975,,-18.839526999999975,,1.0,,#545cf8,
2023-01-24,Drift,,165.67967199999998,,165.67967199999998,,-18.839526999999975,,-18.839526999999975,,,,
2023-01-23,Total,184.51919899999996,,184.51919899999996,,64.86477999999997,,64.86477999999997,,1.0,,#545cf8,
2023-01-23,Drift,,184.51919899999996,,184.51919899999996,,64.86477999999997,,64.86477999999997,,,,
2023-01-22,Total,119.65441899999999,,119.65441899999999,,-406.5456220000001,,-406.5456220000001,,1.0,,#545cf8,
2023-01-22,Drift,,119.65441899999999,,119.65441899999999,,-406.5456220000001,,-406.5456220000001,,,,
2023-01-21,Total,526.200041,,526.200041,,-205.05067100000042,,-205.05067100000042,,1.0,,#545cf8,
2023-01-21,Drift,,526.200041,,526.200041,,-205.05067100000042,,-205.05067100000042,,,,
2023-01-20,Total,731.2507120000005,,731.2507120000005,,535.5938960000004,,535.5938960000004,,1.0,,#545cf8,
2023-01-20,Drift,,731.2507120000005,,731.2507120000005,,535.5938960000004,,535.5938960000004,,,,
2023-01-19,Total,195.65681600000005,,195.65681600000005,,-416.2817080000002,,-416.2817080000002,,1.0,,#545cf8,
2023-01-19,Drift,,195.65681600000005,,195.65681600000005,,-416.2817080000002,,-416.2817080000002,,,,
2023-01-18,Total,611.9385240000003,,611.9385240000003,,320.6017210000003,,320.6017210000003,,1.0,,#545cf8,
2023-01-18,Drift,,611.9385240000003,,611.9385240000003,,320.6017210000003,,320.6017210000003,,,,
2023-01-17,Total,291.336803,,291.336803,,-172.3551749999998,,-172.3551749999998,,1.0,,#545cf8,
2023-01-17,Drift,,291.336803,,291.336803,,-172.3551749999998,,-172.3551749999998,,,,
2023-01-16,Total,463.6919779999998,,463.6919779999998,,222.30502099999978,,222.30502099999978,,1.0,,#545cf8,
2023-01-16,Drift,,463.6919779999998,,463.6919779999998,,222.30502099999978,,222.30502099999978,,,,
2023-01-15,Total,241.386957,,241.386957,,-2816.9707689999973,,-2816.9707689999973,,1.0,,#545cf8,
2023-01-15,Drift,,241.386957,,241.386957,,-2816.9707689999973,,-2816.9707689999973,,,,
2023-01-14,Total,3058.3577259999975,,3058.3577259999975,,2483.652804999998,,2483.652804999998,,1.0,,#545cf8,
2023-01-14,Drift,,3058.3577259999975,,3058.3577259999975,,2483.652804999998,,2483.652804999998,,,,
2023-01-13,Total,574.7049209999993,,574.7049209999993,,-167.85673100000076,,-167.85673100000076,,1.0,,#545cf8,
2023-01-13,Drift,,574.7049209999993,,574.7049209999993,,-167.85673100000076,,-167.85673100000076,,,,
2023-01-12,Total,742.5616520000001,,742.5616520000001,,631.7576930000002,,631.7576930000002,,1.0,,#545cf8,
2023-01-12,Drift,,742.5616520000001,,742.5616520000001,,631.7576930000002,,631.7576930000002,,,,
2023-01-11,Total,110.8039589999999,,110.8039589999999,,-48.715304000000174,,-48.715304000000174,,1.0,,#545cf8,
2023-01-11,Drift,,110.8039589999999,,110.8039589999999,,-48.715304000000174,,-48.715304000000174,,,,
2023-01-10,Total,159.51926300000008,,159.51926300000008,,-259.09926199999956,,-259.09926199999956,,1.0,,#545cf8,
2023-01-10,Drift,,159.51926300000008,,159.51926300000008,,-259.09926199999956,,-259.09926199999956,,,,
2023-01-09,Total,418.61852499999964,,418.61852499999964,,277.8566189999993,,277.8566189999993,,1.0,,#545cf8,
2023-01-09,Drift,,418.61852499999964,,418.61852499999964,,277.8566189999993,,277.8566189999993,,,,
2023-01-08,Total,140.76190600000035,,140.76190600000035,,56.41608800000034,,56.41608800000034,,1.0,,#545cf8,
2023-01-08,Drift,,140.76190600000035,,140.76190600000035,,56.41608800000034,,56.41608800000034,,,,
2023-01-07,Total,84.34581800000001,,84.34581800000001,,-107.34760699999981,,-107.34760699999981,,1.0,,#545cf8,
2023-01-07,Drift,,84.34581800000001,,84.34581800000001,,-107.34760699999981,,-107.34760699999981,,,,
2023-01-06,Total,191.69342499999982,,191.69342499999982,,46.96327999999991,,46.96327999999991,,1.0,,#545cf8,
2023-01-06,Drift,,191.69342499999982,,191.69342499999982,,46.96327999999991,,46.96327999999991,,,,
2023-01-05,Total,144.7301449999999,,144.7301449999999,,-29.976869000000278,,-29.976869000000278,,1.0,,#545cf8,
2023-01-05,Drift,,144.7301449999999,,144.7301449999999,,-29.976869000000278,,-29.976869000000278,,,,
2023-01-04,Total,174.70701400000019,,174.70701400000019,,-787.2940490000019,,-787.2940490000019,,1.0,,#545cf8,
2023-01-04,Drift,,174.70701400000019,,174.70701400000019,,-787.2940490000019,,-787.2940490000019,,,,
2023-01-03,Total,962.0010630000021,,962.0010630000021,,-250.43788599999777,,-250.43788599999777,,1.0,,#545cf8,
2023-01-03,Drift,,962.0010630000021,,962.0010630000021,,-250.43788599999777,,-250.43788599999777,,,,
2023-01-02,Total,1212.4389489999999,,1212.4389489999999,,1148.831631,,1148.831631,,1.0,,#545cf8,
2023-01-02,Drift,,1212.4389489999999,,1212.4389489999999,,1148.831631,,1148.831631,,,,
2023-01-01,Total,63.60731799999995,,63.60731799999995,,-304.5977430000073,,-304.5977430000073,,1.0,,#545cf8,
2023-01-01,Drift,,63.60731799999995,,63.60731799999995,,-304.5977430000073,,-304.5977430000073,,,,
2022-12-31,Total,368.2050610000073,,368.2050610000073,,-725.7570449999874,,-725.7570449999874,,1.0,,#545cf8,
2022-12-31,Drift,,368.2050610000073,,368.2050610000073,,-725.7570449999874,,-725.7570449999874,,,,
2022-12-30,Total,1093.9621059999947,,1093.9621059999947,,-484.7850500000102,,-484.7850500000102,,1.0,,#545cf8,
2022-12-30,Drift,,1093.9621059999947,,1093.9621059999947,,-484.7850500000102,,-484.7850500000102,,,,
2022-12-29,Total,1578.747156000005,,1578.747156000005,,878.9818600000032,,878.9818600000032,,1.0,,#545cf8,
2022-12-29,Drift,,1578.747156000005,,1578.747156000005,,878.9818600000032,,878.9818600000032,,,,
2022-12-28,Total,699.7652960000017,,699.7652960000017,,388.931401000002,,388.931401000002,,1.0,,#545cf8,
2022-12-28,Drift,,699.7652960000017,,699.7652960000017,,388.931401000002,,388.931401000002,,,,
2022-12-27,Total,310.83389499999976,,310.83389499999976,,149.90132599999967,,149.90132599999967,,1.0,,#545cf8,
2022-12-27,Drift,,310.83389499999976,,310.83389499999976,,149.90132599999967,,149.90132599999967,,,,
2022-12-26,Total,160.9325690000001,,160.9325690000001,,-162.10306299999988,,-162.10306299999988,,1.0,,#545cf8,
2022-12-26,Drift,,160.9325690000001,,160.9325690000001,,-162.10306299999988,,-162.10306299999988,,,,
2022-12-25,Total,323.03563199999996,,323.03563199999996,,137.99327499999964,,137.99327499999964,,1.0,,#545cf8,
2022-12-25,Drift,,323.03563199999996,,323.03563199999996,,137.99327499999964,,137.99327499999964,,,,
2022-12-24,Total,185.04235700000032,,185.04235700000032,,-34.07711999999961,,-34.07711999999961,,1.0,,#545cf8,
2022-12-24,Drift,,185.04235700000032,,185.04235700000032,,-34.07711999999961,,-34.07711999999961,,,,
2022-12-23,Total,219.11947699999993,,219.11947699999993,,107.35737499999988,,107.35737499999988,,1.0,,#545cf8,
2022-12-23,Drift,,219.11947699999993,,219.11947699999993,,107.35737499999988,,107.35737499999988,,,,
2022-12-22,Total,111.76210200000006,,111.76210200000006,,34.30401600000005,,34.30401600000005,,1.0,,#545cf8,
2022-12-22,Drift,,111.76210200000006,,111.76210200000006,,34.30401600000005,,34.30401600000005,,,,
2022-12-21,Total,77.45808600000001,,77.45808600000001,,-53.67254700000015,,-53.67254700000015,,1.0,,#545cf8,
2022-12-21,Drift,,77.45808600000001,,77.45808600000001,,-53.67254700000015,,-53.67254700000015,,,,
2022-12-20,Total,131.13063300000016,,131.13063300000016,,46.92455100000018,,46.92455100000018,,1.0,,#545cf8,
2022-12-20,Drift,,131.13063300000016,,131.13063300000016,,46.92455100000018,,46.92455100000018,,,,
2022-12-19,Total,84.20608199999998,,84.20608199999998,,34.77028199999986,,34.77028199999986,,1.0,,#545cf8,
2022-12-19,Drift,,84.20608199999998,,84.20608199999998,,34.77028199999986,,34.77028199999986,,,,
2022-12-18,Total,49.43580000000012,,49.43580000000012,,6.576027000000153,,6.576027000000153,,1.0,,#545cf8,
2022-12-18,Drift,,49.43580000000012,,49.43580000000012,,6.576027000000153,,6.576027000000153,,,,
2022-12-17,Total,42.85977299999997,,42.85977299999997,,-201.44949000000008,,-201.44949000000008,,1.0,,#545cf8,
2022-12-17,Drift,,42.85977299999997,,42.85977299999997,,-201.44949000000008,,-201.44949000000008,,,,
2022-12-16,Total,244.30926300000004,,244.30926300000004,,194.29591100000005,,194.29591100000005,,1.0,,#545cf8,
2022-12-16,Drift,,244.30926300000004,,244.30926300000004,,194.29591100000005,,194.29591100000005,,,,
2022-12-15,Total,50.013352000000005,,50.013352000000005,,-5.0636650000000145,,-5.0636650000000145,,1.0,,#545cf8,
2022-12-15,Drift,,50.013352000000005,,50.013352000000005,,-5.0636650000000145,,-5.0636650000000145,,,,
2022-12-14,Total,55.07701700000002,,55.07701700000002,,-10.79158899999998,,-10.79158899999998,,1.0,,#545cf8,
2022-12-14,Drift,,55.07701700000002,,55.07701700000002,,-10.79158899999998,,-10.79158899999998,,,,
2022-12-13,Total,65.868606,,65.868606,,53.988903,,53.988903,,1.0,,#545cf8,
2022-12-13,Drift,,65.868606,,65.868606,,53.988903,,53.988903,,,,
2022-12-12,Total,11.879703,,11.879703,,1.1343839999999812,,1.1343839999999812,,1.0,,#545cf8,
2022-12-12,Drift,,11.879703,,11.879703,,1.1343839999999812,,1.1343839999999812,,,,
2022-12-11,Total,10.745319000000018,,10.745319000000018,,-0.3953019999999601,,-0.3953019999999601,,1.0,,#545cf8,
2022-12-11,Drift,,10.745319000000018,,10.745319000000018,,-0.3953019999999601,,-0.3953019999999601,,,,
2022-12-10,Total,11.140620999999978,,11.140620999999978,,-5.380658000000022,,-5.380658000000022,,1.0,,#545cf8,
2022-12-10,Drift,,11.140620999999978,,11.140620999999978,,-5.380658000000022,,-5.380658000000022,,,,
2022-12-09,Total,16.521279,,16.521279,,-9.074207999999985,,-9.074207999999985,,1.0,,#545cf8,
2022-12-09,Drift,,16.521279,,16.521279,,-9.074207999999985,,-9.074207999999985,,,,
2022-12-08,Total,25.595486999999984,,25.595486999999984,,14.208467999999984,,14.208467999999984,,1.0,,#545cf8,
2022-12-08,Drift,,25.595486999999984,,25.595486999999984,,14.208467999999984,,14.208467999999984,,,,
2022-12-07,Total,11.387019,,11.387019,,-34.100238999999725,,-34.100238999999725,,1.0,,#545cf8,
2022-12-07,Drift,,11.387019,,11.387019,,-34.100238999999725,,-34.100238999999725,,,,
2022-12-06,Total,45.48725799999973,,45.48725799999973,,20.1749649999997,,20.1749649999997,,1.0,,#545cf8,
2022-12-06,Drift,,45.48725799999973,,45.48725799999973,,20.1749649999997,,20.1749649999997,,,,
2022-12-05,Total,25.31229300000003,,25.31229300000003,,-3.0321590000000036,,-3.0321590000000036,,1.0,,#545cf8,
2022-12-05,Drift,,25.31229300000003,,25.31229300000003,,-3.0321590000000036,,-3.0321590000000036,,,,
2022-12-04,Total,28.344452000000032,,28.344452000000032,,12.369686000000023,,12.369686000000023,,1.0,,#545cf8,
2022-12-04,Drift,,28.344452000000032,,28.344452000000032,,12.369686000000023,,12.369686000000023,,,,
2022-12-03,Total,15.97476600000001,,15.97476600000001,,5.180205000000008,,5.180205000000008,,1.0,,#545cf8,
2022-12-03,Drift,,15.97476600000001,,15.97476600000001,,5.180205000000008,,5.180205000000008,,,,
2022-12-02,Total,10.794561000000002,,10.794561000000002,,-22.569464999999937,,-22.569464999999937,,1.0,,#545cf8,
2022-12-02,Drift,,10.794561000000002,,10.794561000000002,,-22.569464999999937,,-22.569464999999937,,,,
2022-12-01,Total,33.36402599999994,,33.36402599999994,,20.412915999999928,,20.412915999999928,,1.0,,#545cf8,
2022-12-01,Drift,,33.36402599999994,,33.36402599999994,,20.412915999999928,,20.412915999999928,,,,
2022-11-30,Total,12.95111000000001,,12.95111000000001,,1.9408660000000193,,1.9408660000000193,,1.0,,#545cf8,
2022-11-30,Drift,,12.95111000000001,,12.95111000000001,,1.9408660000000193,,1.9408660000000193,,,,
2022-11-29,Total,11.010243999999991,,11.010243999999991,,-104.57187700000001,,-104.57187700000001,,1.0,,#545cf8,
2022-11-29,Drift,,11.010243999999991,,11.010243999999991,,-104.57187700000001,,-104.57187700000001,,,,
2022-11-28,Total,115.582121,,115.582121,,106.85656100000007,,106.85656100000007,,1.0,,#545cf8,
2022-11-28,Drift,,115.582121,,115.582121,,106.85656100000007,,106.85656100000007,,,,
2022-11-27,Total,8.725559999999927,,8.725559999999927,,4.673386999999937,,4.673386999999937,,1.0,,#545cf8,
2022-11-27,Drift,,8.725559999999927,,8.725559999999927,,4.673386999999937,,4.673386999999937,,,,
2022-11-26,Total,4.05217299999999,,4.05217299999999,,-1.7752109999999899,,-1.7752109999999899,,1.0,,#545cf8,
2022-11-26,Drift,,4.05217299999999,,4.05217299999999,,-1.7752109999999899,,-1.7752109999999899,,,,
2022-11-25,Total,5.82738399999998,,5.82738399999998,,-22.790357000000025,,-22.790357000000025,,1.0,,#545cf8,
2022-11-25,Drift,,5.82738399999998,,5.82738399999998,,-22.790357000000025,,-22.790357000000025,,,,
2022-11-24,Total,28.617741000000006,,28.617741000000006,,-223.30242399999966,,-223.30242399999966,,1.0,,#545cf8,
2022-11-24,Drift,,28.617741000000006,,28.617741000000006,,-223.30242399999966,,-223.30242399999966,,,,
2022-11-23,Total,251.92016499999966,,251.92016499999966,,225.21343999999965,,225.21343999999965,,1.0,,#545cf8,
2022-11-23,Drift,,251.92016499999966,,251.92016499999966,,225.21343999999965,,225.21343999999965,,,,
2022-11-22,Total,26.70672500000001,,26.70672500000001,,-60.48885899999982,,-60.48885899999982,,1.0,,#545cf8,
2022-11-22,Drift,,26.70672500000001,,26.70672500000001,,-60.48885899999982,,-60.48885899999982,,,,
2022-11-21,Total,87.19558399999983,,87.19558399999983,,80.15053599999985,,80.15053599999985,,1.0,,#545cf8,
2022-11-21,Drift,,87.19558399999983,,87.19558399999983,,80.15053599999985,,80.15053599999985,,,,
2022-11-20,Total,7.0450479999999756,,7.0450479999999756,,4.9076249999999755,,4.9076249999999755,,1.0,,#545cf8,
2022-11-20,Drift,,7.0450479999999756,,7.0450479999999756,,4.9076249999999755,,4.9076249999999755,,,,
2022-11-19,Total,2.137423,,2.137423,,-0.7805610000000018,,-0.7805610000000018,,1.0,,#545cf8,
2022-11-19,Drift,,2.137423,,2.137423,,-0.7805610000000018,,-0.7805610000000018,,,,
2022-11-18,Total,2.917984000000002,,2.917984000000002,,-0.7970319999999957,,-0.7970319999999957,,1.0,,#545cf8,
2022-11-18,Drift,,2.917984000000002,,2.917984000000002,,-0.7970319999999957,,-0.7970319999999957,,,,
2022-11-17,Total,3.7150159999999977,,3.7150159999999977,,1.5745689999999972,,1.5745689999999972,,1.0,,#545cf8,
2022-11-17,Drift,,3.7150159999999977,,3.7150159999999977,,1.5745689999999972,,1.5745689999999972,,,,
2022-11-16,Total,2.1404470000000004,,2.1404470000000004,,0.5614150000000002,,0.5614150000000002,,1.0,,#545cf8,
2022-11-16,Drift,,2.1404470000000004,,2.1404470000000004,,0.5614150000000002,,0.5614150000000002,,,,
2022-11-15,Total,1.5790320000000002,,1.5790320000000002,,-4.922276999999996,,-4.922276999999996,,1.0,,#545cf8,
2022-11-15,Drift,,1.5790320000000002,,1.5790320000000002,,-4.922276999999996,,-4.922276999999996,,,,
2022-11-14,Total,6.501308999999996,,6.501308999999996,,-8.711469999999997,,-8.711469999999997,,1.0,,#545cf8,
2022-11-14,Drift,,6.501308999999996,,6.501308999999996,,-8.711469999999997,,-8.711469999999997,,,,
2022-11-13,Total,15.212778999999992,,15.212778999999992,,12.008469999999992,,12.008469999999992,,1.0,,#545cf8,
2022-11-13,Drift,,15.212778999999992,,15.212778999999992,,12.008469999999992,,12.008469999999992,,,,
2022-11-12,Total,3.204309,,3.204309,,1.9862319999999998,,1.9862319999999998,,1.0,,#545cf8,
2022-11-12,Drift,,3.204309,,3.204309,,1.9862319999999998,,1.9862319999999998,,,,
2022-11-11,Total,1.218077,,1.218077,,-71.34530000000001,,-71.34530000000001,,1.0,,#545cf8,
2022-11-11,Drift,,1.218077,,1.218077,,-71.34530000000001,,-71.34530000000001,,,,
2022-11-10,Total,72.563377,,72.563377,,-31.466796000000045,,-31.466796000000045,,1.0,,#545cf8,
2022-11-10,Drift,,72.563377,,72.563377,,-31.466796000000045,,-31.466796000000045,,,,
2022-11-09,Total,104.03017300000005,,104.03017300000005,,76.37258200000002,,76.37258200000002,,1.0,,#545cf8,
2022-11-09,Drift,,104.03017300000005,,104.03017300000005,,76.37258200000002,,76.37258200000002,,,,
2022-11-08,Total,27.65759100000003,,27.65759100000003,,-35.16376699999999,,-35.16376699999999,,1.0,,#545cf8,
2022-11-08,Drift,,27.65759100000003,,27.65759100000003,,-35.16376699999999,,-35.16376699999999,,,,
2022-11-07,Total,62.82135800000002,,62.82135800000002,,58.48450000000002,,58.48450000000002,,1.0,,#545cf8,
2022-11-07,Drift,,62.82135800000002,,62.82135800000002,,58.48450000000002,,58.48450000000002,,,,
2022-11-06,Total,4.336857999999999,,4.336857999999999,,3.2859289999999994,,3.2859289999999994,,1.0,,#545cf8,
2022-11-06,Drift,,4.336857999999999,,4.336857999999999,,3.2859289999999994,,3.2859289999999994,,,,
2022-11-05,Total,1.050929,,1.050929,,0.9784,,0.9784,,1.0,,#545cf8,
2022-11-05,Drift,,1.050929,,1.050929,,0.9784,,0.9784,,,,
2022-11-04,Total,0.072529,,0.072529,,,,,,1.0,,#545cf8,
2022-11-04,Drift,,0.072529,,0.072529,,,,,,,,
