date,blockchain,category,symbol,label,vol_category,vol_market_symbol,vol_sub1,vol_sub2,vol_exch,vol_exch_sub,vol_hip3,oi_category,oi_market_symbol,oi_sub1,oi_sub2,oi_exch,oi_exch_sub,oi_hip3,tc_category,tc_market_symbol,tc_sub1,tc_sub2,tc_exch,tc_exch_sub,tc_hip3,lv_category,lv_market_symbol,lv_sub1,lv_sub2,lv_exch,lv_exch_sub,lv_hip3,lc_category,lc_market_symbol,lc_sub1,lc_sub2,lc_exch,lc_exch_sub,lc_hip3,tr_category,tr_market_symbol,tr_sub1,tr_sub2,tr_exch,tr_exch_sub,tr_hip3,avg_ts_category,avg_ts_market_symbol,avg_ts_sub1,avg_ts_sub2,avg_ts_exch,avg_ts_exch_sub,avg_ts_hip3,avg_ls_category,avg_ls_market_symbol,avg_ls_sub1,avg_ls_sub2,avg_ls_exch,avg_ls_exch_sub,avg_ls_hip3,rn_category,rn_market_symbol,rn_sub1,rn_sub2,rn_exch,rn_exch_sub,rn_hip3,cv_category,cv_market_symbol,cv_sub1,cv_sub2,cv_exch,cv_exch_sub,cv_hip3,x
2026-06-10,solana,Index,Total,,1896611.6728663004,,,,,,,435358.8762654573,,,,,,,15984.0,,,,,,,23214.347203408925,,,,,,,0.0,,,,,,,4.356432764471427,,,,,,,118.65688644058436,,,,,,,,,,,,,,1.0,,,,,,,#545cf8,,,,,,,True
2026-06-10,solana,Index,_SP500,SP500,,225891.9234,,,,,,,370558.31125,,,,,,,9433.0,,,,,,,,,,,,,,,,,,,,,0.6095988581068427,,,,,,,23.94698647302025,,,,,,,,,,,,,,1,,,,,,,#545cf8,,,,,,True
2026-06-10,solana,Index,_SPY,SPY,,460978.5423162017,,,,,,,35061.476120763895,,,,,,,155.0,,,,,,,0.0,,,,,,,0.0,,,,,,,13.147722039095889,,,,,,,2974.0551117174305,,,,,,,,,,,,,,2,,,,,,,#f79009,,,,,,True
2026-06-10,solana,Index,_URNM,URNM,,45945.374866666665,,,,,,,26310.172830000003,,,,,,,6111.0,,,,,,,,,,,,,,,,,,,,,1.746296961389693,,,,,,,7.518470768559428,,,,,,,,,,,,,,3,,,,,,,#904ea6,,,,,,True
2026-06-10,solana,Index,_QQQ,QQQ,,1163795.8322834321,,,,,,,3428.9160646934274,,,,,,,285.0,,,,,,,23214.347203408925,,,,,,,,,,,,,,339.4063343418366,,,,,,,4083.4941483629195,,,,,,,,,,,,,,4,,,,,,,#63b512,,,,,,True
2026-06-10,solana,Index,__Equity,Equity,,,1850666.2979996337,,,,,,,409048.70343545737,,,,,,,9873.0,,,,,,,23214.347203408925,,,,,,,0.0,,,,,,,4.524317721720013,,,,,,,187.4472093588204,,,,,,,,,,,,,,1,,,,,,,#545cf8,,,,,True
2026-06-10,solana,Index,__Commodity,Commodity,,,45945.374866666665,,,,,,,26310.172830000003,,,,,,,6111.0,,,,,,,,,,,,,,,,,,,,,1.746296961389693,,,,,,,7.518470768559428,,,,,,,,,,,,,,2,,,,,,,#f79009,,,,,True
2026-06-10,solana,Index,Broad Market,,,,,686870.4657162017,,,,,,,405619.7873707639,,,,,,,9588.0,,,,,,,0.0,,,,,,,0.0,,,,,,,1.6933850051263788,,,,,,,71.63855503923672,,,,,,,,,,,,,,1,,,,,,,#545cf8,,,,True
2026-06-10,solana,Index,Miners,,,,,45945.374866666665,,,,,,,26310.172830000003,,,,,,,6111.0,,,,,,,,,,,,,,,,,,,,,1.746296961389693,,,,,,,7.518470768559428,,,,,,,,,,,,,,2,,,,,,,#f79009,,,,True
2026-06-10,solana,Index,Large Cap,,,,,1163795.8322834321,,,,,,,3428.9160646934274,,,,,,,285.0,,,,,,,23214.347203408925,,,,,,,,,,,,,,339.4063343418366,,,,,,,4083.4941483629195,,,,,,,,,,,,,,3,,,,,,,#904ea6,,,,True
2026-06-10,solana,Index,Pacifica,,,,,,271837.29826666665,,,,,,,396868.48408,,,,,,,15544.0,,,,,,,,,,,,,,,,,,,,,0.6849556192319625,,,,,,,17.48824615714531,,,,,,,,,,,,,,1,,,,,,,#545cf8,,,True
2026-06-10,solana,Index,Flash Trade,,,,,,878.683724,,,,,,,30891.576645999998,,,,,,,5.0,,,,,,,0.0,,,,,,,0.0,,,,,,,0.02844412035258733,,,,,,,175.7367448,,,,,,,,,,,,,,2,,,,,,,#f79009,,,True
2026-06-10,solana,Index,GMTrade,,,,,,1623895.6908756339,,,,,,,7598.815539457328,,,,,,,435.0,,,,,,,23214.347203408925,,,,,,,,,,,,,,213.70379139267868,,,,,,,3733.0935422428365,,,,,,,,,,,,,,3,,,,,,,#904ea6,,,True
2026-06-10,solana,Index,___Pacifica,Pacifica,,,,,,271837.29826666665,,,,,,,396868.48408,,,,,,,15544.0,,,,,,,,,,,,,,,,,,,,,0.6849556192319625,,,,,,,17.48824615714531,,,,,,,,,,,,,,1,,,,,,,#545cf8,,True
2026-06-10,solana,Index,___Flash Trade,Flash Trade,,,,,,878.683724,,,,,,,30891.576645999998,,,,,,,5.0,,,,,,,0.0,,,,,,,0.0,,,,,,,0.02844412035258733,,,,,,,175.7367448,,,,,,,,,,,,,,2,,,,,,,#f79009,,True
2026-06-10,solana,Index,___GMTrade,GMTrade,,,,,,1623895.6908756339,,,,,,,7598.815539457328,,,,,,,435.0,,,,,,,23214.347203408925,,,,,,,,,,,,,,213.70379139267868,,,,,,,3733.0935422428365,,,,,,,,,,,,,,3,,,,,,,#904ea6,,True
2026-06-09,solana,Index,Total,,3404698.7932093623,,,,,,,484969.208800164,,,,,,,16028.0,,,,,,,12945.310284433664,,,,,,,0.0,,,,,,,7.0204432187205095,,,,,,,212.42193618725744,,,,,,,,,,,,,,1.0,,,,,,,#545cf8,,,,,,,True
2026-06-09,solana,Index,_SP500,SP500,,336819.42780666664,,,,,,,394518.55608,,,,,,,9361.0,,,,,,,,,,,,,,,,,,,,,0.8537479989619723,,,,,,,35.98113746465833,,,,,,,,,,,,,,1,,,,,,,#545cf8,,,,,,True
2026-06-09,solana,Index,_SPY,SPY,,697921.9428798127,,,,,,,38269.5549537639,,,,,,,186.0,,,,,,,0.0,,,,,,,0.0,,,,,,,18.237001807912858,,,,,,,3752.26851010652,,,,,,,,,,,,,,2,,,,,,,#f79009,,,,,,True
2026-06-09,solana,Index,_URNM,URNM,,13256.393759999997,,,,,,,33070.60635,,,,,,,5931.0,,,,,,,,,,,,,,,,,,,,,0.4008512459584823,,,,,,,2.235102640364188,,,,,,,,,,,,,,3,,,,,,,#904ea6,,,,,,True
2026-06-09,solana,Index,_QQQ,QQQ,,2356701.028762883,,,,,,,19110.49141640007,,,,,,,550.0,,,,,,,12945.310284433664,,,,,,,,,,,,,,123.31975025720325,,,,,,,4284.9109613870605,,,,,,,,,,,,,,4,,,,,,,#63b512,,,,,,True
2026-06-09,solana,Index,__Equity,Equity,,,3391442.3994493624,,,,,,,451898.602450164,,,,,,,10097.0,,,,,,,12945.310284433664,,,,,,,0.0,,,,,,,7.504874724243865,,,,,,,335.8861443447918,,,,,,,,,,,,,,1,,,,,,,#545cf8,,,,,True
2026-06-09,solana,Index,__Commodity,Commodity,,,13256.393759999997,,,,,,,33070.60635,,,,,,,5931.0,,,,,,,,,,,,,,,,,,,,,0.4008512459584823,,,,,,,2.235102640364188,,,,,,,,,,,,,,2,,,,,,,#f79009,,,,,True
2026-06-09,solana,Index,Broad Market,,,,,1034741.3706864794,,,,,,,432788.1110337639,,,,,,,9547.0,,,,,,,0.0,,,,,,,0.0,,,,,,,2.390872910567902,,,,,,,108.38392905483182,,,,,,,,,,,,,,1,,,,,,,#545cf8,,,,True
2026-06-09,solana,Index,Miners,,,,,13256.393759999997,,,,,,,33070.60635,,,,,,,5931.0,,,,,,,,,,,,,,,,,,,,,0.4008512459584823,,,,,,,2.235102640364188,,,,,,,,,,,,,,2,,,,,,,#f79009,,,,True
2026-06-09,solana,Index,Large Cap,,,,,2356701.028762883,,,,,,,19110.49141640007,,,,,,,550.0,,,,,,,12945.310284433664,,,,,,,,,,,,,,123.31975025720325,,,,,,,4284.9109613870605,,,,,,,,,,,,,,3,,,,,,,#904ea6,,,,True
2026-06-09,solana,Index,Pacifica,,,,,,350075.82156666665,,,,,,,427589.16243,,,,,,,15292.0,,,,,,,,,,,,,,,,,,,,,0.8187200526252277,,,,,,,22.892742712965383,,,,,,,,,,,,,,1,,,,,,,#545cf8,,,True
2026-06-09,solana,Index,Flash Trade,,,,,,1566.030836,,,,,,,30802.655479,,,,,,,12.0,,,,,,,0.0,,,,,,,0.0,,,,,,,0.050840773681595605,,,,,,,130.50256966666666,,,,,,,,,,,,,,2,,,,,,,#f79009,,,True
2026-06-09,solana,Index,GMTrade,,,,,,3053056.9408066957,,,,,,,26577.39089116397,,,,,,,724.0,,,,,,,12945.310284433664,,,,,,,,,,,,,,114.87421595705723,,,,,,,4216.929476252342,,,,,,,,,,,,,,3,,,,,,,#904ea6,,,True
2026-06-09,solana,Index,___Pacifica,Pacifica,,,,,,350075.82156666665,,,,,,,427589.16243,,,,,,,15292.0,,,,,,,,,,,,,,,,,,,,,0.8187200526252277,,,,,,,22.892742712965383,,,,,,,,,,,,,,1,,,,,,,#545cf8,,True
2026-06-09,solana,Index,___Flash Trade,Flash Trade,,,,,,1566.030836,,,,,,,30802.655479,,,,,,,12.0,,,,,,,0.0,,,,,,,0.0,,,,,,,0.050840773681595605,,,,,,,130.50256966666666,,,,,,,,,,,,,,2,,,,,,,#f79009,,True
2026-06-09,solana,Index,___GMTrade,GMTrade,,,,,,3053056.9408066957,,,,,,,26577.39089116397,,,,,,,724.0,,,,,,,12945.310284433664,,,,,,,,,,,,,,114.87421595705723,,,,,,,4216.929476252342,,,,,,,,,,,,,,3,,,,,,,#904ea6,,True
2026-06-08,solana,Index,Total,,1596412.6126051126,,,,,,,455260.2146954573,,,,,,,15607.0,,,,,,,0.0,,,,,,,0.0,,,,,,,3.5065937261243443,,,,,,,102.28824326296615,,,,,,,,,,,,,,1.0,,,,,,,#545cf8,,,,,,,True
2026-06-08,solana,Index,_SP500,SP500,,417288.4621333334,,,,,,,385268.1753,,,,,,,9454.0,,,,,,,,,,,,,,,,,,,,,1.0831116839806452,,,,,,,44.138826119455615,,,,,,,,,,,,,,1,,,,,,,#545cf8,,,,,,True
2026-06-08,solana,Index,_SPY,SPY,,331725.4517656525,,,,,,,38202.503230763905,,,,,,,91.0,,,,,,,0.0,,,,,,,0.0,,,,,,,8.683343333860881,,,,,,,3645.3346347873903,,,,,,,,,,,,,,2,,,,,,,#f79009,,,,,,True
2026-06-08,solana,Index,_URNM,URNM,,10405.983220000002,,,,,,,31763.6201,,,,,,,5812.0,,,,,,,,,,,,,,,,,,,,,0.32760696631049313,,,,,,,1.7904306985547147,,,,,,,,,,,,,,3,,,,,,,#904ea6,,,,,,True
2026-06-08,solana,Index,_QQQ,QQQ,,836992.7154861266,,,,,,,25.91606469342797,,,,,,,250.0,,,,,,,0.0,,,,,,,,,,,,,,32296.289015607326,,,,,,,3347.9708619445064,,,,,,,,,,,,,,4,,,,,,,#63b512,,,,,,True
2026-06-08,solana,Index,__Equity,Equity,,,1586006.6293851126,,,,,,,423496.5945954573,,,,,,,9795.0,,,,,,,0.0,,,,,,,0.0,,,,,,,3.745028058372314,,,,,,,161.9200234185924,,,,,,,,,,,,,,1,,,,,,,#545cf8,,,,,True
2026-06-08,solana,Index,__Commodity,Commodity,,,10405.983220000002,,,,,,,31763.6201,,,,,,,5812.0,,,,,,,,,,,,,,,,,,,,,0.32760696631049313,,,,,,,1.7904306985547147,,,,,,,,,,,,,,2,,,,,,,#f79009,,,,,True
2026-06-08,solana,Index,Broad Market,,,,,749013.9138989858,,,,,,,423470.6785307639,,,,,,,9545.0,,,,,,,0.0,,,,,,,0.0,,,,,,,1.7687503571621481,,,,,,,78.47186106851606,,,,,,,,,,,,,,1,,,,,,,#545cf8,,,,True
2026-06-08,solana,Index,Miners,,,,,10405.983220000002,,,,,,,31763.6201,,,,,,,5812.0,,,,,,,,,,,,,,,,,,,,,0.32760696631049313,,,,,,,1.7904306985547147,,,,,,,,,,,,,,2,,,,,,,#f79009,,,,True
2026-06-08,solana,Index,Large Cap,,,,,836992.7154861266,,,,,,,25.91606469342797,,,,,,,250.0,,,,,,,0.0,,,,,,,,,,,,,,32296.289015607326,,,,,,,3347.9708619445064,,,,,,,,,,,,,,3,,,,,,,#904ea6,,,,True
2026-06-08,solana,Index,Pacifica,,,,,,427694.4453533334,,,,,,,417031.7954,,,,,,,15266.0,,,,,,,,,,,,,,,,,,,,,1.0255679544604175,,,,,,,28.01614341368619,,,,,,,,,,,,,,1,,,,,,,#545cf8,,,True
2026-06-08,solana,Index,Flash Trade,,,,,,40873.438206000006,,,,,,,30735.603756,,,,,,,6.0,,,,,,,0.0,,,,,,,0.0,,,,,,,1.329840094584801,,,,,,,6812.239701000001,,,,,,,,,,,,,,2,,,,,,,#f79009,,,True
2026-06-08,solana,Index,GMTrade,,,,,,1127844.729045779,,,,,,,7492.815539457329,,,,,,,335.0,,,,,,,0.0,,,,,,,,,,,,,,150.52348788069375,,,,,,,3366.700683718743,,,,,,,,,,,,,,3,,,,,,,#904ea6,,,True
2026-06-08,solana,Index,___Pacifica,Pacifica,,,,,,427694.4453533334,,,,,,,417031.7954,,,,,,,15266.0,,,,,,,,,,,,,,,,,,,,,1.0255679544604175,,,,,,,28.01614341368619,,,,,,,,,,,,,,1,,,,,,,#545cf8,,True
2026-06-08,solana,Index,___Flash Trade,Flash Trade,,,,,,40873.438206000006,,,,,,,30735.603756,,,,,,,6.0,,,,,,,0.0,,,,,,,0.0,,,,,,,1.329840094584801,,,,,,,6812.239701000001,,,,,,,,,,,,,,2,,,,,,,#f79009,,True
2026-06-08,solana,Index,___GMTrade,GMTrade,,,,,,1127844.729045779,,,,,,,7492.815539457329,,,,,,,335.0,,,,,,,0.0,,,,,,,,,,,,,,150.52348788069375,,,,,,,3366.700683718743,,,,,,,,,,,,,,3,,,,,,,#904ea6,,True
2026-06-07,solana,Index,Total,,218681.04365333336,,,,,,,445176.79192,,,,,,,14850.0,,,,,,,,,,,,,,,,,,,,,0.49122292002281914,,,,,,,14.725996205611674,,,,,,,,,,,,,,1.0,,,,,,,#545cf8,,,,,,,True
2026-06-07,solana,Index,_SP500,SP500,,210952.0427466667,,,,,,,416227.7743,,,,,,,9042.0,,,,,,,,,,,,,,,,,,,,,0.5068187559118078,,,,,,,23.33024140087002,,,,,,,,,,,,,,1,,,,,,,#545cf8,,,,,,True
2026-06-07,solana,Index,_URNM,URNM,,7729.000906666665,,,,,,,28949.017619999995,,,,,,,5808.0,,,,,,,,,,,,,,,,,,,,,0.26698663865287553,,,,,,,1.3307508448117538,,,,,,,,,,,,,,3,,,,,,,#904ea6,,,,,,True
2026-06-07,solana,Index,__Equity,Equity,,,210952.0427466667,,,,,,,416227.7743,,,,,,,9042.0,,,,,,,,,,,,,,,,,,,,,0.5068187559118078,,,,,,,23.33024140087002,,,,,,,,,,,,,,1,,,,,,,#545cf8,,,,,True
2026-06-07,solana,Index,__Commodity,Commodity,,,7729.000906666665,,,,,,,28949.017619999995,,,,,,,5808.0,,,,,,,,,,,,,,,,,,,,,0.26698663865287553,,,,,,,1.3307508448117538,,,,,,,,,,,,,,2,,,,,,,#f79009,,,,,True
2026-06-07,solana,Index,Broad Market,,,,,210952.0427466667,,,,,,,416227.7743,,,,,,,9042.0,,,,,,,,,,,,,,,,,,,,,0.5068187559118078,,,,,,,23.33024140087002,,,,,,,,,,,,,,1,,,,,,,#545cf8,,,,True
2026-06-07,solana,Index,Miners,,,,,7729.000906666665,,,,,,,28949.017619999995,,,,,,,5808.0,,,,,,,,,,,,,,,,,,,,,0.26698663865287553,,,,,,,1.3307508448117538,,,,,,,,,,,,,,2,,,,,,,#f79009,,,,True
2026-06-07,solana,Index,Pacifica,,,,,,218681.04365333336,,,,,,,445176.79192,,,,,,,14850.0,,,,,,,,,,,,,,,,,,,,,0.49122292002281914,,,,,,,14.725996205611674,,,,,,,,,,,,,,1,,,,,,,#545cf8,,,True
2026-06-07,solana,Index,___Pacifica,Pacifica,,,,,,218681.04365333336,,,,,,,445176.79192,,,,,,,14850.0,,,,,,,,,,,,,,,,,,,,,0.49122292002281914,,,,,,,14.725996205611674,,,,,,,,,,,,,,1,,,,,,,#545cf8,,True
2026-06-07,solana,Index,_QQQ,QQQ,,,,,,,,,,,,,,,,,,,,,,,,,,,,,,,,,,,,,,,,,,,,,,,,,,,,,,,,,,4,,,,,,,#63b512,,,,,,True
2026-06-07,solana,Index,GMTrade,,,,,,,,,,,,,,,,,,,,,,,,,,,,,,,,,,,,,,,,,,,,,,,,,,,,,,,,,,,,,,3,,,,,,,#904ea6,,,True
2026-06-07,solana,Index,___Flash Trade,Flash Trade,,,,,,,,,,,,,,,,,,,,,,,,,,,,,,,,,,,,,,,,,,,,,,,,,,,,,,,,,,,,,,2,,,,,,,#f79009,,True
2026-06-07,solana,Index,Large Cap,,,,,,,,,,,,,,,,,,,,,,,,,,,,,,,,,,,,,,,,,,,,,,,,,,,,,,,,,,,,,3,,,,,,,#904ea6,,,,True
2026-06-07,solana,Index,_SPY,SPY,,,,,,,,,,,,,,,,,,,,,,,,,,,,,,,,,,,,,,,,,,,,,,,,,,,,,,,,,,2,,,,,,,#f79009,,,,,,True
2026-06-07,solana,Index,___GMTrade,GMTrade,,,,,,,,,,,,,,,,,,,,,,,,,,,,,,,,,,,,,,,,,,,,,,,,,,,,,,,,,,,,,,3,,,,,,,#904ea6,,True
2026-06-07,solana,Index,Flash Trade,,,,,,,,,,,,,,,,,,,,,,,,,,,,,,,,,,,,,,,,,,,,,,,,,,,,,,,,,,,,,,2,,,,,,,#f79009,,,True
2026-06-06,solana,Index,Total,,79266.78992666668,,,,,,,376707.8406247639,,,,,,,14874.0,,,,,,,0.0,,,,,,,,,,,,,,0.2104198038331349,,,,,,,5.329218093765408,,,,,,,,,,,,,,1.0,,,,,,,#545cf8,,,,,,,True
2026-06-06,solana,Index,_SP500,SP500,,63016.84477333334,,,,,,,338478.2883,,,,,,,8951.0,,,,,,,,,,,,,,,,,,,,,0.18617691873187522,,,,,,,7.040201628123488,,,,,,,,,,,,,,1,,,,,,,#545cf8,,,,,,True
2026-06-06,solana,Index,_URNM,URNM,,16249.945153333334,,,,,,,30162.65285,,,,,,,5921.0,,,,,,,,,,,,,,,,,,,,,0.5387438974331906,,,,,,,2.744459576648089,,,,,,,,,,,,,,3,,,,,,,#904ea6,,,,,,True
2026-06-06,solana,Index,_SPY,SPY,,0.0,,,,,,,8066.8994747639,,,,,,,2.0,,,,,,,0.0,,,,,,,,,,,,,,0.0,,,,,,,0.0,,,,,,,,,,,,,,2,,,,,,,#f79009,,,,,,True
2026-06-06,solana,Index,__Equity,Equity,,,63016.84477333334,,,,,,,346545.1877747639,,,,,,,8953.0,,,,,,,0.0,,,,,,,,,,,,,,0.18184308135391267,,,,,,,7.038628925872148,,,,,,,,,,,,,,1,,,,,,,#545cf8,,,,,True
2026-06-06,solana,Index,__Commodity,Commodity,,,16249.945153333334,,,,,,,30162.65285,,,,,,,5921.0,,,,,,,,,,,,,,,,,,,,,0.5387438974331906,,,,,,,2.744459576648089,,,,,,,,,,,,,,2,,,,,,,#f79009,,,,,True
2026-06-06,solana,Index,Broad Market,,,,,63016.84477333334,,,,,,,346545.1877747639,,,,,,,8953.0,,,,,,,0.0,,,,,,,,,,,,,,0.18184308135391267,,,,,,,7.038628925872148,,,,,,,,,,,,,,1,,,,,,,#545cf8,,,,True
2026-06-06,solana,Index,Miners,,,,,16249.945153333334,,,,,,,30162.65285,,,,,,,5921.0,,,,,,,,,,,,,,,,,,,,,0.5387438974331906,,,,,,,2.744459576648089,,,,,,,,,,,,,,2,,,,,,,#f79009,,,,True
2026-06-06,solana,Index,Pacifica,,,,,,79266.78992666668,,,,,,,368640.94115,,,,,,,14872.0,,,,,,,,,,,,,,,,,,,,,0.21502438030726764,,,,,,,5.329934771830734,,,,,,,,,,,,,,1,,,,,,,#545cf8,,,True
2026-06-06,solana,Index,GMTrade,,,,,,0.0,,,,,,,8066.8994747639,,,,,,,2.0,,,,,,,0.0,,,,,,,,,,,,,,0.0,,,,,,,0.0,,,,,,,,,,,,,,3,,,,,,,#904ea6,,,True
2026-06-06,solana,Index,___Pacifica,Pacifica,,,,,,79266.78992666668,,,,,,,368640.94115,,,,,,,14872.0,,,,,,,,,,,,,,,,,,,,,0.21502438030726764,,,,,,,5.329934771830734,,,,,,,,,,,,,,1,,,,,,,#545cf8,,True
2026-06-06,solana,Index,___GMTrade,GMTrade,,,,,,0.0,,,,,,,8066.8994747639,,,,,,,2.0,,,,,,,0.0,,,,,,,,,,,,,,0.0,,,,,,,0.0,,,,,,,,,,,,,,3,,,,,,,#904ea6,,True
2026-06-06,solana,Index,_QQQ,QQQ,,,,,,,,,,,,,,,,,,,,,,,,,,,,,,,,,,,,,,,,,,,,,,,,,,,,,,,,,,4,,,,,,,#63b512,,,,,,True
2026-06-06,solana,Index,___Flash Trade,Flash Trade,,,,,,,,,,,,,,,,,,,,,,,,,,,,,,,,,,,,,,,,,,,,,,,,,,,,,,,,,,,,,,2,,,,,,,#f79009,,True
2026-06-06,solana,Index,Flash Trade,,,,,,,,,,,,,,,,,,,,,,,,,,,,,,,,,,,,,,,,,,,,,,,,,,,,,,,,,,,,,,2,,,,,,,#f79009,,,True
2026-06-06,solana,Index,Large Cap,,,,,,,,,,,,,,,,,,,,,,,,,,,,,,,,,,,,,,,,,,,,,,,,,,,,,,,,,,,,,3,,,,,,,#904ea6,,,,True
2026-06-05,solana,Index,Total,,2074828.084585492,,,,,,,446761.6126993413,,,,,,,15753.0,,,,,,,212.13666173397,,,,,,,1.0,,,,,,,4.644150315532584,,,,,,,131.71002885707435,,,,,,,18.301918,,,,,,,1.0,,,,,,,#545cf8,,,,,,,True
2026-06-05,solana,Index,_SP500,SP500,,450529.55892,,,,,,,335591.2989,,,,,,,9508.0,,,,,,,,,,,,,,,,,,,,,1.3424947559628162,,,,,,,47.38426156079091,,,,,,,,,,,,,,1,,,,,,,#545cf8,,,,,,True
2026-06-05,solana,Index,_SPY,SPY,,518869.53401107225,,,,,,,76726.96724276389,,,,,,,125.0,,,,,,,18.301918,,,,,,,1.0,,,,,,,6.762544547986247,,,,,,,4150.956272088578,,,,,,,18.301918,,,,,,,2,,,,,,,#f79009,,,,,,True
2026-06-05,solana,Index,_URNM,URNM,,16297.674586666666,,,,,,,33772.06371,,,,,,,5861.0,,,,,,,,,,,,,,,,,,,,,0.4825785811200184,,,,,,,2.7806986157083546,,,,,,,,,,,,,,3,,,,,,,#904ea6,,,,,,True
2026-06-05,solana,Index,_QQQ,QQQ,,1089131.317067753,,,,,,,671.2828465774319,,,,,,,259.0,,,,,,,193.83474373397,,,,,,,,,,,,,,1622.462606665345,,,,,,,4205.140220338815,,,,,,,,,,,,,,4,,,,,,,#63b512,,,,,,True
2026-06-05,solana,Index,__Equity,Equity,,,2058530.4099988253,,,,,,,412989.5489893413,,,,,,,9892.0,,,,,,,212.13666173397,,,,,,,1.0,,,,,,,4.984461265512443,,,,,,,208.10052668811417,,,,,,,18.301918,,,,,,,1,,,,,,,#545cf8,,,,,True
2026-06-05,solana,Index,__Commodity,Commodity,,,16297.674586666666,,,,,,,33772.06371,,,,,,,5861.0,,,,,,,,,,,,,,,,,,,,,0.4825785811200184,,,,,,,2.7806986157083546,,,,,,,,,,,,,,2,,,,,,,#f79009,,,,,True
2026-06-05,solana,Index,Broad Market,,,,,969399.0929310722,,,,,,,412318.2661427639,,,,,,,9633.0,,,,,,,18.301918,,,,,,,1.0,,,,,,,2.351094221461003,,,,,,,100.63314574183248,,,,,,,18.301918,,,,,,,1,,,,,,,#545cf8,,,,True
2026-06-05,solana,Index,Miners,,,,,16297.674586666666,,,,,,,33772.06371,,,,,,,5861.0,,,,,,,,,,,,,,,,,,,,,0.4825785811200184,,,,,,,2.7806986157083546,,,,,,,,,,,,,,2,,,,,,,#f79009,,,,True
2026-06-05,solana,Index,Large Cap,,,,,1089131.317067753,,,,,,,671.2828465774319,,,,,,,259.0,,,,,,,193.83474373397,,,,,,,,,,,,,,1622.462606665345,,,,,,,4205.140220338815,,,,,,,,,,,,,,3,,,,,,,#904ea6,,,,True
2026-06-05,solana,Index,Pacifica,,,,,,466827.2335066667,,,,,,,369363.36261,,,,,,,15369.0,,,,,,,,,,,,,,,,,,,,,1.2638698928014036,,,,,,,30.37460039733663,,,,,,,,,,,,,,1,,,,,,,#545cf8,,,True
2026-06-05,solana,Index,Flash Trade,,,,,,38661.195004,,,,,,,68660.067768,,,,,,,8.0,,,,,,,18.301918,,,,,,,1.0,,,,,,,0.5630812240767785,,,,,,,4832.6493755,,,,,,,18.301918,,,,,,,2,,,,,,,#f79009,,,True
2026-06-05,solana,Index,GMTrade,,,,,,1569339.6560748252,,,,,,,8738.182321341332,,,,,,,376.0,,,,,,,193.83474373397,,,,,,,,,,,,,,179.59566399089826,,,,,,,4173.775681050067,,,,,,,,,,,,,,3,,,,,,,#904ea6,,,True
2026-06-05,solana,Index,___Pacifica,Pacifica,,,,,,466827.2335066667,,,,,,,369363.36261,,,,,,,15369.0,,,,,,,,,,,,,,,,,,,,,1.2638698928014036,,,,,,,30.37460039733663,,,,,,,,,,,,,,1,,,,,,,#545cf8,,True
2026-06-05,solana,Index,___Flash Trade,Flash Trade,,,,,,38661.195004,,,,,,,68660.067768,,,,,,,8.0,,,,,,,18.301918,,,,,,,1.0,,,,,,,0.5630812240767785,,,,,,,4832.6493755,,,,,,,18.301918,,,,,,,2,,,,,,,#f79009,,True
2026-06-05,solana,Index,___GMTrade,GMTrade,,,,,,1569339.6560748252,,,,,,,8738.182321341332,,,,,,,376.0,,,,,,,193.83474373397,,,,,,,,,,,,,,179.59566399089826,,,,,,,4173.775681050067,,,,,,,,,,,,,,3,,,,,,,#904ea6,,True
2026-06-04,solana,Index,Total,,1069119.394112033,,,,,,,423700.88969745726,,,,,,,15145.0,,,,,,,0.0,,,,,,,0.0,,,,,,,2.5232880555795756,,,,,,,70.59223467230328,,,,,,,,,,,,,,1.0,,,,,,,#545cf8,,,,,,,True
2026-06-04,solana,Index,_SP500,SP500,,292448.08256,,,,,,,347196.97907999996,,,,,,,9269.0,,,,,,,,,,,,,,,,,,,,,0.8423117140446522,,,,,,,31.551201052972274,,,,,,,,,,,,,,1,,,,,,,#545cf8,,,,,,True
2026-06-04,solana,Index,_SPY,SPY,,187096.22159667616,,,,,,,38578.7070527639,,,,,,,27.0,,,,,,,0.0,,,,,,,0.0,,,,,,,4.84972763189771,,,,,,,6929.489688765783,,,,,,,,,,,,,,2,,,,,,,#f79009,,,,,,True
2026-06-04,solana,Index,_URNM,URNM,,10259.39388,,,,,,,37899.2875,,,,,,,5776.0,,,,,,,,,,,,,,,,,,,,,0.27070149748857414,,,,,,,1.776210851800554,,,,,,,,,,,,,,3,,,,,,,#904ea6,,,,,,True
2026-06-04,solana,Index,_QQQ,QQQ,,579315.6960753569,,,,,,,25.91606469342797,,,,,,,73.0,,,,,,,0.0,,,,,,,,,,,,,,22353.536423385493,,,,,,,7935.831453087081,,,,,,,,,,,,,,4,,,,,,,#63b512,,,,,,True
2026-06-04,solana,Index,__Equity,Equity,,,1058860.000232033,,,,,,,385801.6021974573,,,,,,,9369.0,,,,,,,0.0,,,,,,,0.0,,,,,,,2.7445712879390722,,,,,,,113.0173978260255,,,,,,,,,,,,,,1,,,,,,,#545cf8,,,,,True
2026-06-04,solana,Index,__Commodity,Commodity,,,10259.39388,,,,,,,37899.2875,,,,,,,5776.0,,,,,,,,,,,,,,,,,,,,,0.27070149748857414,,,,,,,1.776210851800554,,,,,,,,,,,,,,2,,,,,,,#f79009,,,,,True
2026-06-04,solana,Index,Broad Market,,,,,479544.30415667617,,,,,,,385775.68613276386,,,,,,,9296.0,,,,,,,0.0,,,,,,,0.0,,,,,,,1.243065131874698,,,,,,,51.58609123888513,,,,,,,,,,,,,,1,,,,,,,#545cf8,,,,True
2026-06-04,solana,Index,Miners,,,,,10259.39388,,,,,,,37899.2875,,,,,,,5776.0,,,,,,,,,,,,,,,,,,,,,0.27070149748857414,,,,,,,1.776210851800554,,,,,,,,,,,,,,2,,,,,,,#f79009,,,,True
2026-06-04,solana,Index,Large Cap,,,,,579315.6960753569,,,,,,,25.91606469342797,,,,,,,73.0,,,,,,,0.0,,,,,,,,,,,,,,22353.536423385493,,,,,,,7935.831453087081,,,,,,,,,,,,,,3,,,,,,,#904ea6,,,,True
2026-06-04,solana,Index,Pacifica,,,,,,302707.47644,,,,,,,385096.26657999994,,,,,,,15045.0,,,,,,,,,,,,,,,,,,,,,0.7860566375475767,,,,,,,20.12013801528747,,,,,,,,,,,,,,1,,,,,,,#545cf8,,,True
2026-06-04,solana,Index,Flash Trade,,,,,,8512.460675,,,,,,,31260.425578,,,,,,,6.0,,,,,,,0.0,,,,,,,0.0,,,,,,,0.27230789464973804,,,,,,,1418.7434458333335,,,,,,,,,,,,,,2,,,,,,,#f79009,,,True
2026-06-04,solana,Index,GMTrade,,,,,,757899.4569970331,,,,,,,7344.197539457327,,,,,,,94.0,,,,,,,0.0,,,,,,,,,,,,,,103.19704132754514,,,,,,,8062.760180819501,,,,,,,,,,,,,,3,,,,,,,#904ea6,,,True
2026-06-04,solana,Index,___Pacifica,Pacifica,,,,,,302707.47644,,,,,,,385096.26657999994,,,,,,,15045.0,,,,,,,,,,,,,,,,,,,,,0.7860566375475767,,,,,,,20.12013801528747,,,,,,,,,,,,,,1,,,,,,,#545cf8,,True
2026-06-04,solana,Index,___Flash Trade,Flash Trade,,,,,,8512.460675,,,,,,,31260.425578,,,,,,,6.0,,,,,,,0.0,,,,,,,0.0,,,,,,,0.27230789464973804,,,,,,,1418.7434458333335,,,,,,,,,,,,,,2,,,,,,,#f79009,,True
2026-06-04,solana,Index,___GMTrade,GMTrade,,,,,,757899.4569970331,,,,,,,7344.197539457327,,,,,,,94.0,,,,,,,0.0,,,,,,,,,,,,,,103.19704132754514,,,,,,,8062.760180819501,,,,,,,,,,,,,,3,,,,,,,#904ea6,,True
2026-06-03,solana,Index,Total,,1568056.5492092927,,,,,,,504582.2081684572,,,,,,,15425.0,,,,,,,0.0,,,,,,,0.0,,,,,,,3.1076334516451865,,,,,,,101.6568265289655,,,,,,,,,,,,,,1.0,,,,,,,#545cf8,,,,,,,True
2026-06-03,solana,Index,_SP500,SP500,,265448.63635999995,,,,,,,416570.64371999993,,,,,,,9268.0,,,,,,,,,,,,,,,,,,,,,0.6372235786697024,,,,,,,28.641415230902023,,,,,,,,,,,,,,1,,,,,,,#545cf8,,,,,,True
2026-06-03,solana,Index,_SPY,SPY,,270094.84725387034,,,,,,,47033.49210376389,,,,,,,89.0,,,,,,,0.0,,,,,,,0.0,,,,,,,5.742606707960258,,,,,,,3034.7735646502283,,,,,,,,,,,,,,2,,,,,,,#f79009,,,,,,True
2026-06-03,solana,Index,_URNM,URNM,,8884.739199999998,,,,,,,40952.15628,,,,,,,5800.0,,,,,,,,,,,,,,,,,,,,,0.21695412420417726,,,,,,,1.5318515862068962,,,,,,,,,,,,,,3,,,,,,,#904ea6,,,,,,True
2026-06-03,solana,Index,_QQQ,QQQ,,1023628.3263954227,,,,,,,25.91606469342797,,,,,,,268.0,,,,,,,0.0,,,,,,,,,,,,,,39497.83034208136,,,,,,,3819.5086805799356,,,,,,,,,,,,,,4,,,,,,,#63b512,,,,,,True
2026-06-03,solana,Index,__Equity,Equity,,,1559171.810009293,,,,,,,463630.0518884572,,,,,,,9625.0,,,,,,,0.0,,,,,,,0.0,,,,,,,3.362965372193793,,,,,,,161.99187636460186,,,,,,,,,,,,,,1,,,,,,,#545cf8,,,,,True
2026-06-03,solana,Index,__Commodity,Commodity,,,8884.739199999998,,,,,,,40952.15628,,,,,,,5800.0,,,,,,,,,,,,,,,,,,,,,0.21695412420417726,,,,,,,1.5318515862068962,,,,,,,,,,,,,,2,,,,,,,#f79009,,,,,True
2026-06-03,solana,Index,Broad Market,,,,,535543.4836138703,,,,,,,463604.1358237638,,,,,,,9357.0,,,,,,,0.0,,,,,,,0.0,,,,,,,1.155174085456075,,,,,,,57.23452854695633,,,,,,,,,,,,,,1,,,,,,,#545cf8,,,,True
2026-06-03,solana,Index,Miners,,,,,8884.739199999998,,,,,,,40952.15628,,,,,,,5800.0,,,,,,,,,,,,,,,,,,,,,0.21695412420417726,,,,,,,1.5318515862068962,,,,,,,,,,,,,,2,,,,,,,#f79009,,,,True
2026-06-03,solana,Index,Large Cap,,,,,1023628.3263954227,,,,,,,25.91606469342797,,,,,,,268.0,,,,,,,0.0,,,,,,,,,,,,,,39497.83034208136,,,,,,,3819.5086805799356,,,,,,,,,,,,,,3,,,,,,,#904ea6,,,,True
2026-06-03,solana,Index,Pacifica,,,,,,274333.37555999996,,,,,,,457522.79999999993,,,,,,,15068.0,,,,,,,,,,,,,,,,,,,,,0.5996059115742428,,,,,,,18.206356222458187,,,,,,,,,,,,,,1,,,,,,,#545cf8,,,True
2026-06-03,solana,Index,Flash Trade,,,,,,12261.72385,,,,,,,39715.210628999994,,,,,,,16.0,,,,,,,0.0,,,,,,,0.0,,,,,,,0.30874125192342566,,,,,,,766.357740625,,,,,,,,,,,,,,2,,,,,,,#f79009,,,True
2026-06-03,solana,Index,GMTrade,,,,,,1281461.449799293,,,,,,,7344.197539457327,,,,,,,341.0,,,,,,,0.0,,,,,,,,,,,,,,174.48624480952915,,,,,,,3757.951465687076,,,,,,,,,,,,,,3,,,,,,,#904ea6,,,True
2026-06-03,solana,Index,___Pacifica,Pacifica,,,,,,274333.37555999996,,,,,,,457522.79999999993,,,,,,,15068.0,,,,,,,,,,,,,,,,,,,,,0.5996059115742428,,,,,,,18.206356222458187,,,,,,,,,,,,,,1,,,,,,,#545cf8,,True
2026-06-03,solana,Index,___Flash Trade,Flash Trade,,,,,,12261.72385,,,,,,,39715.210628999994,,,,,,,16.0,,,,,,,0.0,,,,,,,0.0,,,,,,,0.30874125192342566,,,,,,,766.357740625,,,,,,,,,,,,,,2,,,,,,,#f79009,,True
2026-06-03,solana,Index,___GMTrade,GMTrade,,,,,,1281461.449799293,,,,,,,7344.197539457327,,,,,,,341.0,,,,,,,0.0,,,,,,,,,,,,,,174.48624480952915,,,,,,,3757.951465687076,,,,,,,,,,,,,,3,,,,,,,#904ea6,,True
2026-06-02,solana,Index,Total,,1218065.3960101986,,,,,,,432936.2246664415,,,,,,,15158.0,,,,,,,0.0,,,,,,,0.0,,,,,,,2.8134984476031426,,,,,,,80.35792294565238,,,,,,,,,,,,,,1.0,,,,,,,#545cf8,,,,,,,True
2026-06-02,solana,Index,_SP500,SP500,,513438.4751000001,,,,,,,349766.46108,,,,,,,9251.0,,,,,,,,,,,,,,,,,,,,,1.4679465650154615,,,,,,,55.50086207977517,,,,,,,,,,,,,,1,,,,,,,#545cf8,,,,,,True
2026-06-02,solana,Index,_URNM,URNM,,12800.764586666664,,,,,,,44102.968,,,,,,,5775.0,,,,,,,,,,,,,,,,,,,,,0.29024723657298224,,,,,,,2.216582612409812,,,,,,,,,,,,,,3,,,,,,,#904ea6,,,,,,True
2026-06-02,solana,Index,_SPY,SPY,,128474.60152461907,,,,,,,39040.8795217481,,,,,,,27.0,,,,,,,0.0,,,,,,,0.0,,,,,,,3.2907711890315134,,,,,,,4758.318574985891,,,,,,,,,,,,,,2,,,,,,,#f79009,,,,,,True
2026-06-02,solana,Index,_QQQ,QQQ,,563351.5547989128,,,,,,,25.91606469342797,,,,,,,105.0,,,,,,,0.0,,,,,,,,,,,,,,21737.542387821428,,,,,,,5365.252902846789,,,,,,,,,,,,,,4,,,,,,,#63b512,,,,,,True
2026-06-02,solana,Index,__Equity,Equity,,,1205264.631423532,,,,,,,388833.2566664415,,,,,,,9383.0,,,,,,,0.0,,,,,,,0.0,,,,,,,3.09969533407854,,,,,,,128.45194835591303,,,,,,,,,,,,,,1,,,,,,,#545cf8,,,,,True
2026-06-02,solana,Index,__Commodity,Commodity,,,12800.764586666664,,,,,,,44102.968,,,,,,,5775.0,,,,,,,,,,,,,,,,,,,,,0.29024723657298224,,,,,,,2.216582612409812,,,,,,,,,,,,,,2,,,,,,,#f79009,,,,,True
2026-06-02,solana,Index,Broad Market,,,,,641913.0766246192,,,,,,,388807.3406017481,,,,,,,9278.0,,,,,,,0.0,,,,,,,0.0,,,,,,,1.6509798288045314,,,,,,,69.18657864029092,,,,,,,,,,,,,,1,,,,,,,#545cf8,,,,True
2026-06-02,solana,Index,Miners,,,,,12800.764586666664,,,,,,,44102.968,,,,,,,5775.0,,,,,,,,,,,,,,,,,,,,,0.29024723657298224,,,,,,,2.216582612409812,,,,,,,,,,,,,,2,,,,,,,#f79009,,,,True
2026-06-02,solana,Index,Large Cap,,,,,563351.5547989128,,,,,,,25.91606469342797,,,,,,,105.0,,,,,,,0.0,,,,,,,,,,,,,,21737.542387821428,,,,,,,5365.252902846789,,,,,,,,,,,,,,3,,,,,,,#904ea6,,,,True
2026-06-02,solana,Index,Pacifica,,,,,,526239.2396866668,,,,,,,393869.42908,,,,,,,15026.0,,,,,,,,,,,,,,,,,,,,,1.336075361105979,,,,,,,35.021911332800926,,,,,,,,,,,,,,1,,,,,,,#545cf8,,,True
2026-06-02,solana,Index,Flash Trade,,,,,,584.699282,,,,,,,31762.632149,,,,,,,5.0,,,,,,,0.0,,,,,,,0.0,,,,,,,0.018408401396242863,,,,,,,116.93985640000001,,,,,,,,,,,,,,2,,,,,,,#f79009,,,True
2026-06-02,solana,Index,GMTrade,,,,,,691241.4570415319,,,,,,,7304.163437441527,,,,,,,127.0,,,,,,,0.0,,,,,,,,,,,,,,94.63663607226965,,,,,,,5442.846118437259,,,,,,,,,,,,,,3,,,,,,,#904ea6,,,True
2026-06-02,solana,Index,___Pacifica,Pacifica,,,,,,526239.2396866668,,,,,,,393869.42908,,,,,,,15026.0,,,,,,,,,,,,,,,,,,,,,1.336075361105979,,,,,,,35.021911332800926,,,,,,,,,,,,,,1,,,,,,,#545cf8,,True
2026-06-02,solana,Index,___Flash Trade,Flash Trade,,,,,,584.699282,,,,,,,31762.632149,,,,,,,5.0,,,,,,,0.0,,,,,,,0.0,,,,,,,0.018408401396242863,,,,,,,116.93985640000001,,,,,,,,,,,,,,2,,,,,,,#f79009,,True
2026-06-02,solana,Index,___GMTrade,GMTrade,,,,,,691241.4570415319,,,,,,,7304.163437441527,,,,,,,127.0,,,,,,,0.0,,,,,,,,,,,,,,94.63663607226965,,,,,,,5442.846118437259,,,,,,,,,,,,,,3,,,,,,,#904ea6,,True
2026-06-01,solana,Index,Total,,917623.9454817093,,,,,,,477812.0922295709,,,,,,,15120.0,,,,,,,0.0,,,,,,,0.0,,,,,,,1.920470327989994,,,,,,,60.68941438371093,,,,,,,,,,,,,,1.0,,,,,,,#545cf8,,,,,,,True
2026-06-01,solana,Index,_SP500,SP500,,175758.7066,,,,,,,394418.93778,,,,,,,9168.0,,,,,,,,,,,,,,,,,,,,,0.4456142689021569,,,,,,,19.170888590750437,,,,,,,,,,,,,,1,,,,,,,#545cf8,,,,,,True
2026-06-01,solana,Index,_URNM,URNM,,15278.600013333333,,,,,,,44750.79028,,,,,,,5814.0,,,,,,,,,,,,,,,,,,,,,0.34141519999394593,,,,,,,2.6278981791079006,,,,,,,,,,,,,,3,,,,,,,#904ea6,,,,,,True
2026-06-01,solana,Index,_SPY,SPY,,193905.47897447553,,,,,,,38616.4481048775,,,,,,,43.0,,,,,,,0.0,,,,,,,0.0,,,,,,,5.021318336887231,,,,,,,4509.429743592454,,,,,,,,,,,,,,2,,,,,,,#f79009,,,,,,True
2026-06-01,solana,Index,_QQQ,QQQ,,532681.1598939004,,,,,,,25.91606469342797,,,,,,,95.0,,,,,,,0.0,,,,,,,,,,,,,,20554.091301870478,,,,,,,5607.17010414632,,,,,,,,,,,,,,4,,,,,,,#63b512,,,,,,True
2026-06-01,solana,Index,__Equity,Equity,,,902345.345468376,,,,,,,433061.3019495709,,,,,,,9306.0,,,,,,,0.0,,,,,,,0.0,,,,,,,2.083643450491109,,,,,,,96.96382392739909,,,,,,,,,,,,,,1,,,,,,,#545cf8,,,,,True
2026-06-01,solana,Index,__Commodity,Commodity,,,15278.600013333333,,,,,,,44750.79028,,,,,,,5814.0,,,,,,,,,,,,,,,,,,,,,0.34141519999394593,,,,,,,2.6278981791079006,,,,,,,,,,,,,,2,,,,,,,#f79009,,,,,True
2026-06-01,solana,Index,Broad Market,,,,,369664.18557447556,,,,,,,433035.38588487747,,,,,,,9211.0,,,,,,,0.0,,,,,,,0.0,,,,,,,0.8536581480958945,,,,,,,40.13290474155635,,,,,,,,,,,,,,1,,,,,,,#545cf8,,,,True
2026-06-01,solana,Index,Miners,,,,,15278.600013333333,,,,,,,44750.79028,,,,,,,5814.0,,,,,,,,,,,,,,,,,,,,,0.34141519999394593,,,,,,,2.6278981791079006,,,,,,,,,,,,,,2,,,,,,,#f79009,,,,True
2026-06-01,solana,Index,Large Cap,,,,,532681.1598939004,,,,,,,25.91606469342797,,,,,,,95.0,,,,,,,0.0,,,,,,,,,,,,,,20554.091301870478,,,,,,,5607.17010414632,,,,,,,,,,,,,,3,,,,,,,#904ea6,,,,True
2026-06-01,solana,Index,Pacifica,,,,,,191037.30661333335,,,,,,,439169.72806,,,,,,,14982.0,,,,,,,,,,,,,,,,,,,,,0.43499652732720584,,,,,,,12.75112178703333,,,,,,,,,,,,,,1,,,,,,,#545cf8,,,True
2026-06-01,solana,Index,Flash Trade,,,,,,10106.185191,,,,,,,31403.199629,,,,,,,5.0,,,,,,,0.0,,,,,,,0.0,,,,,,,0.32182023839593765,,,,,,,2021.2370382000001,,,,,,,,,,,,,,2,,,,,,,#f79009,,,True
2026-06-01,solana,Index,GMTrade,,,,,,716480.4536773759,,,,,,,7239.164540570928,,,,,,,133.0,,,,,,,0.0,,,,,,,,,,,,,,98.97280959176396,,,,,,,5387.071080281022,,,,,,,,,,,,,,3,,,,,,,#904ea6,,,True
2026-06-01,solana,Index,___Pacifica,Pacifica,,,,,,191037.30661333335,,,,,,,439169.72806,,,,,,,14982.0,,,,,,,,,,,,,,,,,,,,,0.43499652732720584,,,,,,,12.75112178703333,,,,,,,,,,,,,,1,,,,,,,#545cf8,,True
2026-06-01,solana,Index,___Flash Trade,Flash Trade,,,,,,10106.185191,,,,,,,31403.199629,,,,,,,5.0,,,,,,,0.0,,,,,,,0.0,,,,,,,0.32182023839593765,,,,,,,2021.2370382000001,,,,,,,,,,,,,,2,,,,,,,#f79009,,True
2026-06-01,solana,Index,___GMTrade,GMTrade,,,,,,716480.4536773759,,,,,,,7239.164540570928,,,,,,,133.0,,,,,,,0.0,,,,,,,,,,,,,,98.97280959176396,,,,,,,5387.071080281022,,,,,,,,,,,,,,3,,,,,,,#904ea6,,True
2026-05-31,solana,Index,Total,,134484.26197999998,,,,,,,431353.00361,,,,,,,14804.0,,,,,,,,,,,,,,,,,,,,,0.31177309733443165,,,,,,,9.084319236692785,,,,,,,,,,,,,,1.0,,,,,,,#545cf8,,,,,,,True
2026-05-31,solana,Index,_SP500,SP500,,126321.22455333332,,,,,,,380256.67259000003,,,,,,,9025.0,,,,,,,,,,,,,,,,,,,,,0.33219988933510514,,,,,,,13.996811584856877,,,,,,,,,,,,,,1,,,,,,,#545cf8,,,,,,True
2026-05-31,solana,Index,_URNM,URNM,,8163.037426666668,,,,,,,51096.331020000005,,,,,,,5779.0,,,,,,,,,,,,,,,,,,,,,0.15975779989900862,,,,,,,1.4125345953740556,,,,,,,,,,,,,,3,,,,,,,#904ea6,,,,,,True
2026-05-31,solana,Index,__Equity,Equity,,,126321.22455333332,,,,,,,380256.67259000003,,,,,,,9025.0,,,,,,,,,,,,,,,,,,,,,0.33219988933510514,,,,,,,13.996811584856877,,,,,,,,,,,,,,1,,,,,,,#545cf8,,,,,True
2026-05-31,solana,Index,__Commodity,Commodity,,,8163.037426666668,,,,,,,51096.331020000005,,,,,,,5779.0,,,,,,,,,,,,,,,,,,,,,0.15975779989900862,,,,,,,1.4125345953740556,,,,,,,,,,,,,,2,,,,,,,#f79009,,,,,True
2026-05-31,solana,Index,Broad Market,,,,,126321.22455333332,,,,,,,380256.67259000003,,,,,,,9025.0,,,,,,,,,,,,,,,,,,,,,0.33219988933510514,,,,,,,13.996811584856877,,,,,,,,,,,,,,1,,,,,,,#545cf8,,,,True
2026-05-31,solana,Index,Miners,,,,,8163.037426666668,,,,,,,51096.331020000005,,,,,,,5779.0,,,,,,,,,,,,,,,,,,,,,0.15975779989900862,,,,,,,1.4125345953740556,,,,,,,,,,,,,,2,,,,,,,#f79009,,,,True
2026-05-31,solana,Index,Pacifica,,,,,,134484.26197999998,,,,,,,431353.00361,,,,,,,14804.0,,,,,,,,,,,,,,,,,,,,,0.31177309733443165,,,,,,,9.084319236692785,,,,,,,,,,,,,,1,,,,,,,#545cf8,,,True
2026-05-31,solana,Index,___Pacifica,Pacifica,,,,,,134484.26197999998,,,,,,,431353.00361,,,,,,,14804.0,,,,,,,,,,,,,,,,,,,,,0.31177309733443165,,,,,,,9.084319236692785,,,,,,,,,,,,,,1,,,,,,,#545cf8,,True
2026-05-31,solana,Index,___Flash Trade,Flash Trade,,,,,,,,,,,,,,,,,,,,,,,,,,,,,,,,,,,,,,,,,,,,,,,,,,,,,,,,,,,,,,2,,,,,,,#f79009,,True
2026-05-31,solana,Index,GMTrade,,,,,,,,,,,,,,,,,,,,,,,,,,,,,,,,,,,,,,,,,,,,,,,,,,,,,,,,,,,,,,3,,,,,,,#904ea6,,,True
2026-05-31,solana,Index,_SPY,SPY,,,,,,,,,,,,,,,,,,,,,,,,,,,,,,,,,,,,,,,,,,,,,,,,,,,,,,,,,,2,,,,,,,#f79009,,,,,,True
2026-05-31,solana,Index,Flash Trade,,,,,,,,,,,,,,,,,,,,,,,,,,,,,,,,,,,,,,,,,,,,,,,,,,,,,,,,,,,,,,2,,,,,,,#f79009,,,True
2026-05-31,solana,Index,___GMTrade,GMTrade,,,,,,,,,,,,,,,,,,,,,,,,,,,,,,,,,,,,,,,,,,,,,,,,,,,,,,,,,,,,,,3,,,,,,,#904ea6,,True
2026-05-31,solana,Index,_QQQ,QQQ,,,,,,,,,,,,,,,,,,,,,,,,,,,,,,,,,,,,,,,,,,,,,,,,,,,,,,,,,,4,,,,,,,#63b512,,,,,,True
2026-05-31,solana,Index,Large Cap,,,,,,,,,,,,,,,,,,,,,,,,,,,,,,,,,,,,,,,,,,,,,,,,,,,,,,,,,,,,,3,,,,,,,#904ea6,,,,True
2026-05-30,solana,Index,Total,,77044.57854666666,,,,,,,430341.43971999997,,,,,,,14791.0,,,,,,,,,,,,,,,,,,,,,0.17903127943429156,,,,,,,5.20888233024587,,,,,,,,,,,,,,1.0,,,,,,,#545cf8,,,,,,,True
2026-05-30,solana,Index,_SP500,SP500,,65989.41706666666,,,,,,,377843.41672,,,,,,,9001.0,,,,,,,,,,,,,,,,,,,,,0.17464752367398786,,,,,,,7.33134285820094,,,,,,,,,,,,,,1,,,,,,,#545cf8,,,,,,True
2026-05-30,solana,Index,_URNM,URNM,,11055.16148,,,,,,,52498.023,,,,,,,5790.0,,,,,,,,,,,,,,,,,,,,,0.21058243431376455,,,,,,,1.9093543143350606,,,,,,,,,,,,,,3,,,,,,,#904ea6,,,,,,True
2026-05-30,solana,Index,__Equity,Equity,,,65989.41706666666,,,,,,,377843.41672,,,,,,,9001.0,,,,,,,,,,,,,,,,,,,,,0.17464752367398786,,,,,,,7.33134285820094,,,,,,,,,,,,,,1,,,,,,,#545cf8,,,,,True
2026-05-30,solana,Index,__Commodity,Commodity,,,11055.16148,,,,,,,52498.023,,,,,,,5790.0,,,,,,,,,,,,,,,,,,,,,0.21058243431376455,,,,,,,1.9093543143350606,,,,,,,,,,,,,,2,,,,,,,#f79009,,,,,True
2026-05-30,solana,Index,Broad Market,,,,,65989.41706666666,,,,,,,377843.41672,,,,,,,9001.0,,,,,,,,,,,,,,,,,,,,,0.17464752367398786,,,,,,,7.33134285820094,,,,,,,,,,,,,,1,,,,,,,#545cf8,,,,True
2026-05-30,solana,Index,Miners,,,,,11055.16148,,,,,,,52498.023,,,,,,,5790.0,,,,,,,,,,,,,,,,,,,,,0.21058243431376455,,,,,,,1.9093543143350606,,,,,,,,,,,,,,2,,,,,,,#f79009,,,,True
2026-05-30,solana,Index,Pacifica,,,,,,77044.57854666666,,,,,,,430341.43971999997,,,,,,,14791.0,,,,,,,,,,,,,,,,,,,,,0.17903127943429156,,,,,,,5.20888233024587,,,,,,,,,,,,,,1,,,,,,,#545cf8,,,True
2026-05-30,solana,Index,___Pacifica,Pacifica,,,,,,77044.57854666666,,,,,,,430341.43971999997,,,,,,,14791.0,,,,,,,,,,,,,,,,,,,,,0.17903127943429156,,,,,,,5.20888233024587,,,,,,,,,,,,,,1,,,,,,,#545cf8,,True
2026-05-30,solana,Index,Flash Trade,,,,,,,,,,,,,,,,,,,,,,,,,,,,,,,,,,,,,,,,,,,,,,,,,,,,,,,,,,,,,,2,,,,,,,#f79009,,,True
2026-05-30,solana,Index,_QQQ,QQQ,,,,,,,,,,,,,,,,,,,,,,,,,,,,,,,,,,,,,,,,,,,,,,,,,,,,,,,,,,4,,,,,,,#63b512,,,,,,True
2026-05-30,solana,Index,GMTrade,,,,,,,,,,,,,,,,,,,,,,,,,,,,,,,,,,,,,,,,,,,,,,,,,,,,,,,,,,,,,,3,,,,,,,#904ea6,,,True
2026-05-30,solana,Index,Large Cap,,,,,,,,,,,,,,,,,,,,,,,,,,,,,,,,,,,,,,,,,,,,,,,,,,,,,,,,,,,,,3,,,,,,,#904ea6,,,,True
2026-05-30,solana,Index,_SPY,SPY,,,,,,,,,,,,,,,,,,,,,,,,,,,,,,,,,,,,,,,,,,,,,,,,,,,,,,,,,,2,,,,,,,#f79009,,,,,,True
2026-05-30,solana,Index,___Flash Trade,Flash Trade,,,,,,,,,,,,,,,,,,,,,,,,,,,,,,,,,,,,,,,,,,,,,,,,,,,,,,,,,,,,,,2,,,,,,,#f79009,,True
2026-05-30,solana,Index,___GMTrade,GMTrade,,,,,,,,,,,,,,,,,,,,,,,,,,,,,,,,,,,,,,,,,,,,,,,,,,,,,,,,,,,,,,3,,,,,,,#904ea6,,True
2026-05-29,solana,Index,Total,,204332.13962195365,,,,,,,469762.74942013033,,,,,,,14839.0,,,,,,,0.0,,,,,,,0.0,,,,,,,0.434968800472534,,,,,,,13.769939997436058,,,,,,,,,,,,,,1.0,,,,,,,#545cf8,,,,,,,True
2026-05-29,solana,Index,_SP500,SP500,,184862.72176666668,,,,,,,371251.88468,,,,,,,9046.0,,,,,,,,,,,,,,,,,,,,,0.4979441974443007,,,,,,,20.43585250571155,,,,,,,,,,,,,,1,,,,,,,#545cf8,,,,,,True
2026-05-29,solana,Index,_URNM,URNM,,8558.000826666668,,,,,,,55343.442689999996,,,,,,,5775.0,,,,,,,,,,,,,,,,,,,,,0.1546344139558382,,,,,,,1.4819049050505053,,,,,,,,,,,,,,3,,,,,,,#904ea6,,,,,,True
2026-05-29,solana,Index,_SPY,SPY,,2257.62983942031,,,,,,,43141.505985436845,,,,,,,13.0,,,,,,,0.0,,,,,,,0.0,,,,,,,0.05233080737103641,,,,,,,173.6638338015623,,,,,,,,,,,,,,2,,,,,,,#f79009,,,,,,True
2026-05-29,solana,Index,_QQQ,QQQ,,8653.7871892,,,,,,,25.91606469342797,,,,,,,5.0,,,,,,,0.0,,,,,,,,,,,,,,333.9159433181422,,,,,,,1730.75743784,,,,,,,,,,,,,,4,,,,,,,#63b512,,,,,,True
2026-05-29,solana,Index,__Equity,Equity,,,195774.138795287,,,,,,,414419.3067301303,,,,,,,9064.0,,,,,,,0.0,,,,,,,0.0,,,,,,,0.47240593190503805,,,,,,,21.599088569647726,,,,,,,,,,,,,,1,,,,,,,#545cf8,,,,,True
2026-05-29,solana,Index,__Commodity,Commodity,,,8558.000826666668,,,,,,,55343.442689999996,,,,,,,5775.0,,,,,,,,,,,,,,,,,,,,,0.1546344139558382,,,,,,,1.4819049050505053,,,,,,,,,,,,,,2,,,,,,,#f79009,,,,,True
2026-05-29,solana,Index,Broad Market,,,,,187120.351606087,,,,,,,414393.39066543686,,,,,,,9059.0,,,,,,,0.0,,,,,,,0.0,,,,,,,0.45155245189989,,,,,,,20.65574032521106,,,,,,,,,,,,,,1,,,,,,,#545cf8,,,,True
2026-05-29,solana,Index,Miners,,,,,8558.000826666668,,,,,,,55343.442689999996,,,,,,,5775.0,,,,,,,,,,,,,,,,,,,,,0.1546344139558382,,,,,,,1.4819049050505053,,,,,,,,,,,,,,2,,,,,,,#f79009,,,,True
2026-05-29,solana,Index,Large Cap,,,,,8653.7871892,,,,,,,25.91606469342797,,,,,,,5.0,,,,,,,0.0,,,,,,,,,,,,,,333.9159433181422,,,,,,,1730.75743784,,,,,,,,,,,,,,3,,,,,,,#904ea6,,,,True
2026-05-29,solana,Index,Pacifica,,,,,,193420.72259333334,,,,,,,426595.32737,,,,,,,14821.0,,,,,,,,,,,,,,,,,,,,,0.45340562866872014,,,,,,,13.050450212086455,,,,,,,,,,,,,,1,,,,,,,#545cf8,,,True
2026-05-29,solana,Index,Flash Trade,,,,,,308.339535,,,,,,,36006.162606,,,,,,,5.0,,,,,,,0.0,,,,,,,0.0,,,,,,,0.008563521149810585,,,,,,,61.667907,,,,,,,,,,,,,,2,,,,,,,#f79009,,,True
2026-05-29,solana,Index,GMTrade,,,,,,10603.07749362031,,,,,,,7161.259444130276,,,,,,,13.0,,,,,,,0.0,,,,,,,,,,,,,,1.4806163044841392,,,,,,,815.6213456631008,,,,,,,,,,,,,,3,,,,,,,#904ea6,,,True
2026-05-29,solana,Index,___Pacifica,Pacifica,,,,,,193420.72259333334,,,,,,,426595.32737,,,,,,,14821.0,,,,,,,,,,,,,,,,,,,,,0.45340562866872014,,,,,,,13.050450212086455,,,,,,,,,,,,,,1,,,,,,,#545cf8,,True
2026-05-29,solana,Index,___Flash Trade,Flash Trade,,,,,,308.339535,,,,,,,36006.162606,,,,,,,5.0,,,,,,,0.0,,,,,,,0.0,,,,,,,0.008563521149810585,,,,,,,61.667907,,,,,,,,,,,,,,2,,,,,,,#f79009,,True
2026-05-29,solana,Index,___GMTrade,GMTrade,,,,,,10603.07749362031,,,,,,,7161.259444130276,,,,,,,13.0,,,,,,,0.0,,,,,,,,,,,,,,1.4806163044841392,,,,,,,815.6213456631008,,,,,,,,,,,,,,3,,,,,,,#904ea6,,True
2026-05-28,solana,Index,Total,,216705.5353796196,,,,,,,458780.00729230995,,,,,,,14912.0,,,,,,,0.0,,,,,,,0.0,,,,,,,0.47235174143398645,,,,,,,14.5322918038908,,,,,,,,,,,,,,1.0,,,,,,,#545cf8,,,,,,,True
2026-05-28,solana,Index,_SP500,SP500,,202185.20926666667,,,,,,,360159.81735,,,,,,,9159.0,,,,,,,,,,,,,,,,,,,,,0.5613763655099395,,,,,,,22.0750310368672,,,,,,,,,,,,,,1,,,,,,,#545cf8,,,,,,True
2026-05-28,solana,Index,_URNM,URNM,,7948.634026666667,,,,,,,55527.79175999999,,,,,,,5736.0,,,,,,,,,,,,,,,,,,,,,0.14314694992773952,,,,,,,1.3857451231985123,,,,,,,,,,,,,,3,,,,,,,#904ea6,,,,,,True
2026-05-28,solana,Index,_SPY,SPY,,1967.8024787790391,,,,,,,43066.482117616535,,,,,,,10.0,,,,,,,0.0,,,,,,,0.0,,,,,,,0.045692203821173054,,,,,,,196.78024787790392,,,,,,,,,,,,,,2,,,,,,,#f79009,,,,,,True
2026-05-28,solana,Index,_QQQ,QQQ,,4603.8896075072125,,,,,,,25.91606469342797,,,,,,,7.0,,,,,,,0.0,,,,,,,,,,,,,,177.6461689677256,,,,,,,657.6985153581733,,,,,,,,,,,,,,4,,,,,,,#63b512,,,,,,True
2026-05-28,solana,Index,__Equity,Equity,,,208756.90135295293,,,,,,,403252.21553230996,,,,,,,9176.0,,,,,,,0.0,,,,,,,0.0,,,,,,,0.5176832099419094,,,,,,,22.75031618929304,,,,,,,,,,,,,,1,,,,,,,#545cf8,,,,,True
2026-05-28,solana,Index,__Commodity,Commodity,,,7948.634026666667,,,,,,,55527.79175999999,,,,,,,5736.0,,,,,,,,,,,,,,,,,,,,,0.14314694992773952,,,,,,,1.3857451231985123,,,,,,,,,,,,,,2,,,,,,,#f79009,,,,,True
2026-05-28,solana,Index,Broad Market,,,,,204153.01174544572,,,,,,,403226.29946761654,,,,,,,9169.0,,,,,,,0.0,,,,,,,0.0,,,,,,,0.5062988500873848,,,,,,,22.26557004530982,,,,,,,,,,,,,,1,,,,,,,#545cf8,,,,True
2026-05-28,solana,Index,Miners,,,,,7948.634026666667,,,,,,,55527.79175999999,,,,,,,5736.0,,,,,,,,,,,,,,,,,,,,,0.14314694992773952,,,,,,,1.3857451231985123,,,,,,,,,,,,,,2,,,,,,,#f79009,,,,True
2026-05-28,solana,Index,Large Cap,,,,,4603.8896075072125,,,,,,,25.91606469342797,,,,,,,7.0,,,,,,,0.0,,,,,,,,,,,,,,177.6461689677256,,,,,,,657.6985153581733,,,,,,,,,,,,,,3,,,,,,,#904ea6,,,,True
2026-05-28,solana,Index,Pacifica,,,,,,210133.84329333334,,,,,,,415687.60911,,,,,,,14895.0,,,,,,,,,,,,,,,,,,,,,0.5055090377681365,,,,,,,14.107676622580284,,,,,,,,,,,,,,1,,,,,,,#545cf8,,,True
2026-05-28,solana,Index,Flash Trade,,,,,,1867.650869,,,,,,,35981.149153,,,,,,,7.0,,,,,,,0.0,,,,,,,0.0,,,,,,,0.051906370779274597,,,,,,,266.807267,,,,,,,,,,,,,,2,,,,,,,#f79009,,,True
2026-05-28,solana,Index,GMTrade,,,,,,4704.041217286252,,,,,,,7111.249029309967,,,,,,,10.0,,,,,,,0.0,,,,,,,,,,,,,,0.6614929666923369,,,,,,,470.40412172862517,,,,,,,,,,,,,,3,,,,,,,#904ea6,,,True
2026-05-28,solana,Index,___Pacifica,Pacifica,,,,,,210133.84329333334,,,,,,,415687.60911,,,,,,,14895.0,,,,,,,,,,,,,,,,,,,,,0.5055090377681365,,,,,,,14.107676622580284,,,,,,,,,,,,,,1,,,,,,,#545cf8,,True
2026-05-28,solana,Index,___Flash Trade,Flash Trade,,,,,,1867.650869,,,,,,,35981.149153,,,,,,,7.0,,,,,,,0.0,,,,,,,0.0,,,,,,,0.051906370779274597,,,,,,,266.807267,,,,,,,,,,,,,,2,,,,,,,#f79009,,True
2026-05-28,solana,Index,___GMTrade,GMTrade,,,,,,4704.041217286252,,,,,,,7111.249029309967,,,,,,,10.0,,,,,,,0.0,,,,,,,,,,,,,,0.6614929666923369,,,,,,,470.40412172862517,,,,,,,,,,,,,,3,,,,,,,#904ea6,,True
2026-05-27,solana,Index,Total,,110515.10276166665,,,,,,,465438.3366479375,,,,,,,14721.0,,,,,,,0.0,,,,,,,0.0,,,,,,,0.23744305971353935,,,,,,,7.5073094736544155,,,,,,,,,,,,,,1.0,,,,,,,#545cf8,,,,,,,True
2026-05-27,solana,Index,_SP500,SP500,,95628.79916666666,,,,,,,367590.94382,,,,,,,8948.0,,,,,,,,,,,,,,,,,,,,,0.26015004116503393,,,,,,,10.68717022425868,,,,,,,,,,,,,,1,,,,,,,#545cf8,,,,,,True
2026-05-27,solana,Index,_URNM,URNM,,12553.1206,,,,,,,54755.660350000006,,,,,,,5766.0,,,,,,,,,,,,,,,,,,,,,0.22925703972447845,,,,,,,2.1770934096427332,,,,,,,,,,,,,,3,,,,,,,#904ea6,,,,,,True
2026-05-27,solana,Index,_SPY,SPY,,2333.182995,,,,,,,43091.732477937505,,,,,,,7.0,,,,,,,0.0,,,,,,,0.0,,,,,,,0.054144562328622185,,,,,,,333.31185642857145,,,,,,,,,,,,,,2,,,,,,,#f79009,,,,,,True
2026-05-27,solana,Index,__Equity,Equity,,,97961.98216166666,,,,,,,410682.67629793746,,,,,,,8955.0,,,,,,,0.0,,,,,,,0.0,,,,,,,0.23853448858553336,,,,,,,10.939361492090079,,,,,,,,,,,,,,1,,,,,,,#545cf8,,,,,True
2026-05-27,solana,Index,__Commodity,Commodity,,,12553.1206,,,,,,,54755.660350000006,,,,,,,5766.0,,,,,,,,,,,,,,,,,,,,,0.22925703972447845,,,,,,,2.1770934096427332,,,,,,,,,,,,,,2,,,,,,,#f79009,,,,,True
2026-05-27,solana,Index,Broad Market,,,,,97961.98216166666,,,,,,,410682.6762979375,,,,,,,8955.0,,,,,,,0.0,,,,,,,0.0,,,,,,,0.23853448858553333,,,,,,,10.939361492090079,,,,,,,,,,,,,,1,,,,,,,#545cf8,,,,True
2026-05-27,solana,Index,Miners,,,,,12553.1206,,,,,,,54755.660350000006,,,,,,,5766.0,,,,,,,,,,,,,,,,,,,,,0.22925703972447845,,,,,,,2.1770934096427332,,,,,,,,,,,,,,2,,,,,,,#f79009,,,,True
2026-05-27,solana,Index,Pacifica,,,,,,108181.91976666666,,,,,,,422346.60417,,,,,,,14714.0,,,,,,,,,,,,,,,,,,,,,0.25614487887091436,,,,,,,7.352312067871868,,,,,,,,,,,,,,1,,,,,,,#545cf8,,,True
2026-05-27,solana,Index,Flash Trade,,,,,,1733.182995,,,,,,,36106.351256,,,,,,,5.0,,,,,,,0.0,,,,,,,0.0,,,,,,,0.04800216401572803,,,,,,,346.636599,,,,,,,,,,,,,,2,,,,,,,#f79009,,,True
2026-05-27,solana,Index,GMTrade,,,,,,600.0,,,,,,,6985.3812219375,,,,,,,2.0,,,,,,,0.0,,,,,,,,,,,,,,0.08589366577670918,,,,,,,300.0,,,,,,,,,,,,,,3,,,,,,,#904ea6,,,True
2026-05-27,solana,Index,___Pacifica,Pacifica,,,,,,108181.91976666666,,,,,,,422346.60417,,,,,,,14714.0,,,,,,,,,,,,,,,,,,,,,0.25614487887091436,,,,,,,7.352312067871868,,,,,,,,,,,,,,1,,,,,,,#545cf8,,True
2026-05-27,solana,Index,___Flash Trade,Flash Trade,,,,,,1733.182995,,,,,,,36106.351256,,,,,,,5.0,,,,,,,0.0,,,,,,,0.0,,,,,,,0.04800216401572803,,,,,,,346.636599,,,,,,,,,,,,,,2,,,,,,,#f79009,,True
2026-05-27,solana,Index,___GMTrade,GMTrade,,,,,,600.0,,,,,,,6985.3812219375,,,,,,,2.0,,,,,,,0.0,,,,,,,,,,,,,,0.08589366577670918,,,,,,,300.0,,,,,,,,,,,,,,3,,,,,,,#904ea6,,True
2026-05-27,solana,Index,_QQQ,QQQ,,,,,,,,,,,,,,,,,,,,,,,,,,,,,,,,,,,,,,,,,,,,,,,,,,,,,,,,,,4,,,,,,,#63b512,,,,,,True
2026-05-27,solana,Index,Large Cap,,,,,,,,,,,,,,,,,,,,,,,,,,,,,,,,,,,,,,,,,,,,,,,,,,,,,,,,,,,,,3,,,,,,,#904ea6,,,,True
2026-05-26,solana,Index,Total,,102575.91984633998,,,,,,,456973.28039763094,,,,,,,14763.0,,,,,,,0.0,,,,,,,0.0,,,,,,,0.22446809090694433,,,,,,,6.948175834609495,,,,,,,,,,,,,,1.0,,,,,,,#545cf8,,,,,,,True
2026-05-26,solana,Index,_SP500,SP500,,75067.04546666666,,,,,,,363873.33998,,,,,,,8973.0,,,,,,,,,,,,,,,,,,,,,0.20629993247318604,,,,,,,8.365880471042757,,,,,,,,,,,,,,1,,,,,,,#545cf8,,,,,,True
2026-05-26,solana,Index,_URNM,URNM,,15249.402373333334,,,,,,,51675.983400000005,,,,,,,5755.0,,,,,,,,,,,,,,,,,,,,,0.29509651040977253,,,,,,,2.6497658337677383,,,,,,,,,,,,,,3,,,,,,,#904ea6,,,,,,True
2026-05-26,solana,Index,_SPY,SPY,,12259.37204624,,,,,,,41412.7629029375,,,,,,,34.0,,,,,,,0.0,,,,,,,0.0,,,,,,,0.29602883717208867,,,,,,,360.56976606588233,,,,,,,,,,,,,,2,,,,,,,#f79009,,,,,,True
2026-05-26,solana,Index,_QQQ,QQQ,,0.0999601,,,,,,,11.19411469342797,,,,,,,1.0,,,,,,,0.0,,,,,,,,,,,,,,0.008929701252631105,,,,,,,0.0999601,,,,,,,,,,,,,,4,,,,,,,#63b512,,,,,,True
2026-05-26,solana,Index,__Equity,Equity,,,87326.51747300665,,,,,,,405297.2969976309,,,,,,,9008.0,,,,,,,0.0,,,,,,,0.0,,,,,,,0.21546286669046574,,,,,,,9.694329204374629,,,,,,,,,,,,,,1,,,,,,,#545cf8,,,,,True
2026-05-26,solana,Index,__Commodity,Commodity,,,15249.402373333334,,,,,,,51675.983400000005,,,,,,,5755.0,,,,,,,,,,,,,,,,,,,,,0.29509651040977253,,,,,,,2.6497658337677383,,,,,,,,,,,,,,2,,,,,,,#f79009,,,,,True
2026-05-26,solana,Index,Broad Market,,,,,87326.41751290666,,,,,,,405286.10288293747,,,,,,,9007.0,,,,,,,0.0,,,,,,,0.0,,,,,,,0.2154685711938412,,,,,,,9.695394416887606,,,,,,,,,,,,,,1,,,,,,,#545cf8,,,,True
2026-05-26,solana,Index,Miners,,,,,15249.402373333334,,,,,,,51675.983400000005,,,,,,,5755.0,,,,,,,,,,,,,,,,,,,,,0.29509651040977253,,,,,,,2.6497658337677383,,,,,,,,,,,,,,2,,,,,,,#f79009,,,,True
2026-05-26,solana,Index,Large Cap,,,,,0.0999601,,,,,,,11.19411469342797,,,,,,,1.0,,,,,,,0.0,,,,,,,,,,,,,,0.008929701252631105,,,,,,,0.0999601,,,,,,,,,,,,,,3,,,,,,,#904ea6,,,,True
2026-05-26,solana,Index,Pacifica,,,,,,90316.44784,,,,,,,415549.32338,,,,,,,14728.0,,,,,,,,,,,,,,,,,,,,,0.21734230513331848,,,,,,,6.132295480717001,,,,,,,,,,,,,,1,,,,,,,#545cf8,,,True
2026-05-26,solana,Index,Flash Trade,,,,,,4646.09417,,,,,,,34427.381681,,,,,,,18.0,,,,,,,0.0,,,,,,,0.0,,,,,,,0.13495345690387242,,,,,,,258.1163427777778,,,,,,,,,,,,,,2,,,,,,,#f79009,,,True
2026-05-26,solana,Index,GMTrade,,,,,,7613.37783634,,,,,,,6996.575336630928,,,,,,,17.0,,,,,,,0.0,,,,,,,,,,,,,,1.0881577729149532,,,,,,,447.8457550788235,,,,,,,,,,,,,,3,,,,,,,#904ea6,,,True
2026-05-26,solana,Index,___Pacifica,Pacifica,,,,,,90316.44784,,,,,,,415549.32338,,,,,,,14728.0,,,,,,,,,,,,,,,,,,,,,0.21734230513331848,,,,,,,6.132295480717001,,,,,,,,,,,,,,1,,,,,,,#545cf8,,True
2026-05-26,solana,Index,___Flash Trade,Flash Trade,,,,,,4646.09417,,,,,,,34427.381681,,,,,,,18.0,,,,,,,0.0,,,,,,,0.0,,,,,,,0.13495345690387242,,,,,,,258.1163427777778,,,,,,,,,,,,,,2,,,,,,,#f79009,,True
2026-05-26,solana,Index,___GMTrade,GMTrade,,,,,,7613.37783634,,,,,,,6996.575336630928,,,,,,,17.0,,,,,,,0.0,,,,,,,,,,,,,,1.0881577729149532,,,,,,,447.8457550788235,,,,,,,,,,,,,,3,,,,,,,#904ea6,,True
2026-05-25,solana,Index,Total,,47512.44350000001,,,,,,,422142.28787999996,,,,,,,14677.0,,,,,,,,,,,,,,,,,,,,,0.11255077935595523,,,,,,,3.237204026708456,,,,,,,,,,,,,,1.0,,,,,,,#545cf8,,,,,,,True
2026-05-25,solana,Index,_SP500,SP500,,37881.218966666675,,,,,,,367289.55299999996,,,,,,,8893.0,,,,,,,,,,,,,,,,,,,,,0.10313720784393418,,,,,,,4.259667037745044,,,,,,,,,,,,,,1,,,,,,,#545cf8,,,,,,True
2026-05-25,solana,Index,_URNM,URNM,,9631.224533333332,,,,,,,54852.734879999996,,,,,,,5784.0,,,,,,,,,,,,,,,,,,,,,0.17558330599929664,,,,,,,1.6651494698017517,,,,,,,,,,,,,,3,,,,,,,#904ea6,,,,,,True
2026-05-25,solana,Index,__Equity,Equity,,,37881.218966666675,,,,,,,367289.55299999996,,,,,,,8893.0,,,,,,,,,,,,,,,,,,,,,0.10313720784393418,,,,,,,4.259667037745044,,,,,,,,,,,,,,1,,,,,,,#545cf8,,,,,True
2026-05-25,solana,Index,__Commodity,Commodity,,,9631.224533333332,,,,,,,54852.734879999996,,,,,,,5784.0,,,,,,,,,,,,,,,,,,,,,0.17558330599929664,,,,,,,1.6651494698017517,,,,,,,,,,,,,,2,,,,,,,#f79009,,,,,True
2026-05-25,solana,Index,Broad Market,,,,,37881.218966666675,,,,,,,367289.55299999996,,,,,,,8893.0,,,,,,,,,,,,,,,,,,,,,0.10313720784393418,,,,,,,4.259667037745044,,,,,,,,,,,,,,1,,,,,,,#545cf8,,,,True
2026-05-25,solana,Index,Miners,,,,,9631.224533333332,,,,,,,54852.734879999996,,,,,,,5784.0,,,,,,,,,,,,,,,,,,,,,0.17558330599929664,,,,,,,1.6651494698017517,,,,,,,,,,,,,,2,,,,,,,#f79009,,,,True
2026-05-25,solana,Index,Pacifica,,,,,,47512.44350000001,,,,,,,422142.28787999996,,,,,,,14677.0,,,,,,,,,,,,,,,,,,,,,0.11255077935595523,,,,,,,3.237204026708456,,,,,,,,,,,,,,1,,,,,,,#545cf8,,,True
2026-05-25,solana,Index,___Pacifica,Pacifica,,,,,,47512.44350000001,,,,,,,422142.28787999996,,,,,,,14677.0,,,,,,,,,,,,,,,,,,,,,0.11255077935595523,,,,,,,3.237204026708456,,,,,,,,,,,,,,1,,,,,,,#545cf8,,True
2026-05-25,solana,Index,Large Cap,,,,,,,,,,,,,,,,,,,,,,,,,,,,,,,,,,,,,,,,,,,,,,,,,,,,,,,,,,,,,3,,,,,,,#904ea6,,,,True
2026-05-25,solana,Index,_QQQ,QQQ,,,,,,,,,,,,,,,,,,,,,,,,,,,,,,,,,,,,,,,,,,,,,,,,,,,,,,,,,,4,,,,,,,#63b512,,,,,,True
2026-05-25,solana,Index,GMTrade,,,,,,,,,,,,,,,,,,,,,,,,,,,,,,,,,,,,,,,,,,,,,,,,,,,,,,,,,,,,,,3,,,,,,,#904ea6,,,True
2026-05-25,solana,Index,___GMTrade,GMTrade,,,,,,,,,,,,,,,,,,,,,,,,,,,,,,,,,,,,,,,,,,,,,,,,,,,,,,,,,,,,,,3,,,,,,,#904ea6,,True
2026-05-25,solana,Index,_SPY,SPY,,,,,,,,,,,,,,,,,,,,,,,,,,,,,,,,,,,,,,,,,,,,,,,,,,,,,,,,,,2,,,,,,,#f79009,,,,,,True
2026-05-25,solana,Index,Flash Trade,,,,,,,,,,,,,,,,,,,,,,,,,,,,,,,,,,,,,,,,,,,,,,,,,,,,,,,,,,,,,,2,,,,,,,#f79009,,,True
2026-05-25,solana,Index,___Flash Trade,Flash Trade,,,,,,,,,,,,,,,,,,,,,,,,,,,,,,,,,,,,,,,,,,,,,,,,,,,,,,,,,,,,,,2,,,,,,,#f79009,,True
2026-05-24,solana,Index,Total,,80682.67174666667,,,,,,,422849.34307000006,,,,,,,14780.0,,,,,,,,,,,,,,,,,,,,,0.1908071351391698,,,,,,,5.458908778529545,,,,,,,,,,,,,,1.0,,,,,,,#545cf8,,,,,,,True
2026-05-24,solana,Index,_SP500,SP500,,65880.86387333334,,,,,,,367480.51515000005,,,,,,,8954.0,,,,,,,,,,,,,,,,,,,,,0.17927716207331906,,,,,,,7.357702018464746,,,,,,,,,,,,,,1,,,,,,,#545cf8,,,,,,True
2026-05-24,solana,Index,_URNM,URNM,,14801.807873333333,,,,,,,55368.827919999996,,,,,,,5826.0,,,,,,,,,,,,,,,,,,,,,0.26733106748656155,,,,,,,2.540646734180112,,,,,,,,,,,,,,3,,,,,,,#904ea6,,,,,,True
2026-05-24,solana,Index,__Equity,Equity,,,65880.86387333334,,,,,,,367480.51515000005,,,,,,,8954.0,,,,,,,,,,,,,,,,,,,,,0.17927716207331906,,,,,,,7.357702018464746,,,,,,,,,,,,,,1,,,,,,,#545cf8,,,,,True
2026-05-24,solana,Index,__Commodity,Commodity,,,14801.807873333333,,,,,,,55368.827919999996,,,,,,,5826.0,,,,,,,,,,,,,,,,,,,,,0.26733106748656155,,,,,,,2.540646734180112,,,,,,,,,,,,,,2,,,,,,,#f79009,,,,,True
2026-05-24,solana,Index,Broad Market,,,,,65880.86387333334,,,,,,,367480.51515000005,,,,,,,8954.0,,,,,,,,,,,,,,,,,,,,,0.17927716207331906,,,,,,,7.357702018464746,,,,,,,,,,,,,,1,,,,,,,#545cf8,,,,True
2026-05-24,solana,Index,Miners,,,,,14801.807873333333,,,,,,,55368.827919999996,,,,,,,5826.0,,,,,,,,,,,,,,,,,,,,,0.26733106748656155,,,,,,,2.540646734180112,,,,,,,,,,,,,,2,,,,,,,#f79009,,,,True
2026-05-24,solana,Index,Pacifica,,,,,,80682.67174666667,,,,,,,422849.34307000006,,,,,,,14780.0,,,,,,,,,,,,,,,,,,,,,0.1908071351391698,,,,,,,5.458908778529545,,,,,,,,,,,,,,1,,,,,,,#545cf8,,,True
2026-05-24,solana,Index,___Pacifica,Pacifica,,,,,,80682.67174666667,,,,,,,422849.34307000006,,,,,,,14780.0,,,,,,,,,,,,,,,,,,,,,0.1908071351391698,,,,,,,5.458908778529545,,,,,,,,,,,,,,1,,,,,,,#545cf8,,True
2026-05-24,solana,Index,___Flash Trade,Flash Trade,,,,,,,,,,,,,,,,,,,,,,,,,,,,,,,,,,,,,,,,,,,,,,,,,,,,,,,,,,,,,,2,,,,,,,#f79009,,True
2026-05-24,solana,Index,_SPY,SPY,,,,,,,,,,,,,,,,,,,,,,,,,,,,,,,,,,,,,,,,,,,,,,,,,,,,,,,,,,2,,,,,,,#f79009,,,,,,True
2026-05-24,solana,Index,___GMTrade,GMTrade,,,,,,,,,,,,,,,,,,,,,,,,,,,,,,,,,,,,,,,,,,,,,,,,,,,,,,,,,,,,,,3,,,,,,,#904ea6,,True
2026-05-24,solana,Index,Large Cap,,,,,,,,,,,,,,,,,,,,,,,,,,,,,,,,,,,,,,,,,,,,,,,,,,,,,,,,,,,,,3,,,,,,,#904ea6,,,,True
2026-05-24,solana,Index,_QQQ,QQQ,,,,,,,,,,,,,,,,,,,,,,,,,,,,,,,,,,,,,,,,,,,,,,,,,,,,,,,,,,4,,,,,,,#63b512,,,,,,True
2026-05-24,solana,Index,Flash Trade,,,,,,,,,,,,,,,,,,,,,,,,,,,,,,,,,,,,,,,,,,,,,,,,,,,,,,,,,,,,,,2,,,,,,,#f79009,,,True
2026-05-24,solana,Index,GMTrade,,,,,,,,,,,,,,,,,,,,,,,,,,,,,,,,,,,,,,,,,,,,,,,,,,,,,,,,,,,,,,3,,,,,,,#904ea6,,,True
2026-05-23,solana,Index,Total,,103959.35808,,,,,,,390177.18003000005,,,,,,,14409.0,,,,,,,,,,,,,,,,,,,,,0.2664414102126802,,,,,,,7.2148905600666255,,,,,,,,,,,,,,1.0,,,,,,,#545cf8,,,,,,,True
2026-05-23,solana,Index,_SP500,SP500,,96252.12018,,,,,,,339725.97026000003,,,,,,,8629.0,,,,,,,,,,,,,,,,,,,,,0.283322820761498,,,,,,,11.154493009618728,,,,,,,,,,,,,,1,,,,,,,#545cf8,,,,,,True
2026-05-23,solana,Index,_URNM,URNM,,7707.237900000001,,,,,,,50451.209769999994,,,,,,,5780.0,,,,,,,,,,,,,,,,,,,,,0.15276616626511474,,,,,,,1.333432162629758,,,,,,,,,,,,,,3,,,,,,,#904ea6,,,,,,True
2026-05-23,solana,Index,__Equity,Equity,,,96252.12018,,,,,,,339725.97026000003,,,,,,,8629.0,,,,,,,,,,,,,,,,,,,,,0.283322820761498,,,,,,,11.154493009618728,,,,,,,,,,,,,,1,,,,,,,#545cf8,,,,,True
2026-05-23,solana,Index,__Commodity,Commodity,,,7707.237900000001,,,,,,,50451.209769999994,,,,,,,5780.0,,,,,,,,,,,,,,,,,,,,,0.15276616626511474,,,,,,,1.333432162629758,,,,,,,,,,,,,,2,,,,,,,#f79009,,,,,True
2026-05-23,solana,Index,Broad Market,,,,,96252.12018,,,,,,,339725.97026000003,,,,,,,8629.0,,,,,,,,,,,,,,,,,,,,,0.283322820761498,,,,,,,11.154493009618728,,,,,,,,,,,,,,1,,,,,,,#545cf8,,,,True
2026-05-23,solana,Index,Miners,,,,,7707.237900000001,,,,,,,50451.209769999994,,,,,,,5780.0,,,,,,,,,,,,,,,,,,,,,0.15276616626511474,,,,,,,1.333432162629758,,,,,,,,,,,,,,2,,,,,,,#f79009,,,,True
2026-05-23,solana,Index,Pacifica,,,,,,103959.35808,,,,,,,390177.18003000005,,,,,,,14409.0,,,,,,,,,,,,,,,,,,,,,0.2664414102126802,,,,,,,7.2148905600666255,,,,,,,,,,,,,,1,,,,,,,#545cf8,,,True
2026-05-23,solana,Index,___Pacifica,Pacifica,,,,,,103959.35808,,,,,,,390177.18003000005,,,,,,,14409.0,,,,,,,,,,,,,,,,,,,,,0.2664414102126802,,,,,,,7.2148905600666255,,,,,,,,,,,,,,1,,,,,,,#545cf8,,True
2026-05-23,solana,Index,GMTrade,,,,,,,,,,,,,,,,,,,,,,,,,,,,,,,,,,,,,,,,,,,,,,,,,,,,,,,,,,,,,,3,,,,,,,#904ea6,,,True
2026-05-23,solana,Index,_QQQ,QQQ,,,,,,,,,,,,,,,,,,,,,,,,,,,,,,,,,,,,,,,,,,,,,,,,,,,,,,,,,,4,,,,,,,#63b512,,,,,,True
2026-05-23,solana,Index,Large Cap,,,,,,,,,,,,,,,,,,,,,,,,,,,,,,,,,,,,,,,,,,,,,,,,,,,,,,,,,,,,,3,,,,,,,#904ea6,,,,True
2026-05-23,solana,Index,_SPY,SPY,,,,,,,,,,,,,,,,,,,,,,,,,,,,,,,,,,,,,,,,,,,,,,,,,,,,,,,,,,2,,,,,,,#f79009,,,,,,True
2026-05-23,solana,Index,Flash Trade,,,,,,,,,,,,,,,,,,,,,,,,,,,,,,,,,,,,,,,,,,,,,,,,,,,,,,,,,,,,,,2,,,,,,,#f79009,,,True
2026-05-23,solana,Index,___GMTrade,GMTrade,,,,,,,,,,,,,,,,,,,,,,,,,,,,,,,,,,,,,,,,,,,,,,,,,,,,,,,,,,,,,,3,,,,,,,#904ea6,,True
2026-05-23,solana,Index,___Flash Trade,Flash Trade,,,,,,,,,,,,,,,,,,,,,,,,,,,,,,,,,,,,,,,,,,,,,,,,,,,,,,,,,,,,,,2,,,,,,,#f79009,,True
2026-05-22,solana,Index,Total,,246690.90234283629,,,,,,,453896.07889051095,,,,,,,13379.0,,,,,,,0.0,,,,,,,0.0,,,,,,,0.5434964385368555,,,,,,,18.43866524724092,,,,,,,,,,,,,,1.0,,,,,,,#545cf8,,,,,,,True
2026-05-22,solana,Index,_SP500,SP500,,183620.35844,,,,,,,360570.30636,,,,,,,7532.0,,,,,,,,,,,,,,,,,,,,,0.5092498056583453,,,,,,,24.378698677642063,,,,,,,,,,,,,,1,,,,,,,#545cf8,,,,,,True
2026-05-22,solana,Index,_URNM,URNM,,25731.614146666667,,,,,,,50283.51107,,,,,,,5819.0,,,,,,,,,,,,,,,,,,,,,0.5117306568120417,,,,,,,4.421999337801455,,,,,,,,,,,,,,3,,,,,,,#904ea6,,,,,,True
2026-05-22,solana,Index,_SPY,SPY,,34862.3947922,,,,,,,43031.0673458175,,,,,,,17.0,,,,,,,0.0,,,,,,,0.0,,,,,,,0.810168023768263,,,,,,,2050.7291054235293,,,,,,,,,,,,,,2,,,,,,,#f79009,,,,,,True
2026-05-22,solana,Index,_QQQ,QQQ,,2476.5349639696,,,,,,,11.19411469342797,,,,,,,11.0,,,,,,,0.0,,,,,,,,,,,,,,221.23544664265108,,,,,,,225.13954217905456,,,,,,,,,,,,,,4,,,,,,,#63b512,,,,,,True
2026-05-22,solana,Index,__Equity,Equity,,,220959.28819616963,,,,,,,403612.56782051094,,,,,,,7560.0,,,,,,,0.0,,,,,,,0.0,,,,,,,0.5474539343245417,,,,,,,29.22741907356741,,,,,,,,,,,,,,1,,,,,,,#545cf8,,,,,True
2026-05-22,solana,Index,__Commodity,Commodity,,,25731.614146666667,,,,,,,50283.51107,,,,,,,5819.0,,,,,,,,,,,,,,,,,,,,,0.5117306568120417,,,,,,,4.421999337801455,,,,,,,,,,,,,,2,,,,,,,#f79009,,,,,True
2026-05-22,solana,Index,Broad Market,,,,,218482.75323220002,,,,,,,403601.3737058175,,,,,,,7549.0,,,,,,,0.0,,,,,,,0.0,,,,,,,0.5413330267588502,,,,,,,28.941946381269045,,,,,,,,,,,,,,1,,,,,,,#545cf8,,,,True
2026-05-22,solana,Index,Miners,,,,,25731.614146666667,,,,,,,50283.51107,,,,,,,5819.0,,,,,,,,,,,,,,,,,,,,,0.5117306568120417,,,,,,,4.421999337801455,,,,,,,,,,,,,,2,,,,,,,#f79009,,,,True
2026-05-22,solana,Index,Large Cap,,,,,2476.5349639696,,,,,,,11.19411469342797,,,,,,,11.0,,,,,,,0.0,,,,,,,,,,,,,,221.23544664265108,,,,,,,225.13954217905456,,,,,,,,,,,,,,3,,,,,,,#904ea6,,,,True
2026-05-22,solana,Index,Pacifica,,,,,,209351.97258666667,,,,,,,410853.81743,,,,,,,13351.0,,,,,,,,,,,,,,,,,,,,,0.5095534316711939,,,,,,,15.680621121014656,,,,,,,,,,,,,,1,,,,,,,#545cf8,,,True
2026-05-22,solana,Index,Flash Trade,,,,,,33173.617613,,,,,,,36371.914193,,,,,,,12.0,,,,,,,0.0,,,,,,,0.0,,,,,,,0.9120668611767613,,,,,,,2764.468134416667,,,,,,,,,,,,,,2,,,,,,,#f79009,,,True
2026-05-22,solana,Index,GMTrade,,,,,,4165.3121431696,,,,,,,6670.347267510928,,,,,,,16.0,,,,,,,0.0,,,,,,,,,,,,,,0.6244520676543286,,,,,,,260.3320089481,,,,,,,,,,,,,,3,,,,,,,#904ea6,,,True
2026-05-22,solana,Index,___Pacifica,Pacifica,,,,,,209351.97258666667,,,,,,,410853.81743,,,,,,,13351.0,,,,,,,,,,,,,,,,,,,,,0.5095534316711939,,,,,,,15.680621121014656,,,,,,,,,,,,,,1,,,,,,,#545cf8,,True
2026-05-22,solana,Index,___Flash Trade,Flash Trade,,,,,,33173.617613,,,,,,,36371.914193,,,,,,,12.0,,,,,,,0.0,,,,,,,0.0,,,,,,,0.9120668611767613,,,,,,,2764.468134416667,,,,,,,,,,,,,,2,,,,,,,#f79009,,True
2026-05-22,solana,Index,___GMTrade,GMTrade,,,,,,4165.3121431696,,,,,,,6670.347267510928,,,,,,,16.0,,,,,,,0.0,,,,,,,,,,,,,,0.6244520676543286,,,,,,,260.3320089481,,,,,,,,,,,,,,3,,,,,,,#904ea6,,True
2026-05-21,solana,Index,Total,,138475.66128533334,,,,,,,511940.3462246934,,,,,,,15042.0,,,,,,,0.0,,,,,,,0.0,,,,,,,0.27049179129272144,,,,,,,9.205934136772592,,,,,,,,,,,,,,1.0,,,,,,,#545cf8,,,,,,,True
2026-05-21,solana,Index,_SP500,SP500,,120205.46847333333,,,,,,,446121.36201,,,,,,,9238.0,,,,,,,,,,,,,,,,,,,,,0.2694456681736726,,,,,,,13.012066299343292,,,,,,,,,,,,,,1,,,,,,,#545cf8,,,,,,True
2026-05-21,solana,Index,_URNM,URNM,,12061.858799999998,,,,,,,55966.96875,,,,,,,5791.0,,,,,,,,,,,,,,,,,,,,,0.21551745733951327,,,,,,,2.082862856156104,,,,,,,,,,,,,,3,,,,,,,#904ea6,,,,,,True
2026-05-21,solana,Index,_SPY,SPY,,5768.334012,,,,,,,9840.82135,,,,,,,1.0,,,,,,,0.0,,,,,,,0.0,,,,,,,0.5861638786888455,,,,,,,5768.334012,,,,,,,,,,,,,,2,,,,,,,#f79009,,,,,,True
2026-05-21,solana,Index,_QQQ,QQQ,,440.0,,,,,,,11.19411469342797,,,,,,,12.0,,,,,,,0.0,,,,,,,,,,,,,,39.30636875270919,,,,,,,36.666666666666664,,,,,,,,,,,,,,4,,,,,,,#63b512,,,,,,True
2026-05-21,solana,Index,__Equity,Equity,,,126413.80248533333,,,,,,,455973.3774746934,,,,,,,9251.0,,,,,,,0.0,,,,,,,0.0,,,,,,,0.27723943705978604,,,,,,,13.664879741145102,,,,,,,,,,,,,,1,,,,,,,#545cf8,,,,,True
2026-05-21,solana,Index,__Commodity,Commodity,,,12061.858799999998,,,,,,,55966.96875,,,,,,,5791.0,,,,,,,,,,,,,,,,,,,,,0.21551745733951327,,,,,,,2.082862856156104,,,,,,,,,,,,,,2,,,,,,,#f79009,,,,,True
2026-05-21,solana,Index,Broad Market,,,,,125973.80248533333,,,,,,,455962.18335999997,,,,,,,9239.0,,,,,,,0.0,,,,,,,0.0,,,,,,,0.27628125112707447,,,,,,,13.635004057293358,,,,,,,,,,,,,,1,,,,,,,#545cf8,,,,True
2026-05-21,solana,Index,Miners,,,,,12061.858799999998,,,,,,,55966.96875,,,,,,,5791.0,,,,,,,,,,,,,,,,,,,,,0.21551745733951327,,,,,,,2.082862856156104,,,,,,,,,,,,,,2,,,,,,,#f79009,,,,True
2026-05-21,solana,Index,Large Cap,,,,,440.0,,,,,,,11.19411469342797,,,,,,,12.0,,,,,,,0.0,,,,,,,,,,,,,,39.30636875270919,,,,,,,36.666666666666664,,,,,,,,,,,,,,3,,,,,,,#904ea6,,,,True
2026-05-21,solana,Index,Pacifica,,,,,,132267.32727333333,,,,,,,502088.33076,,,,,,,15029.0,,,,,,,,,,,,,,,,,,,,,0.2634343783157103,,,,,,,8.800806924834209,,,,,,,,,,,,,,1,,,,,,,#545cf8,,,True
2026-05-21,solana,Index,Flash Trade,,,,,,5768.334012,,,,,,,9840.82135,,,,,,,1.0,,,,,,,0.0,,,,,,,0.0,,,,,,,0.5861638786888455,,,,,,,5768.334012,,,,,,,,,,,,,,2,,,,,,,#f79009,,,True
2026-05-21,solana,Index,GMTrade,,,,,,440.0,,,,,,,11.19411469342797,,,,,,,12.0,,,,,,,0.0,,,,,,,,,,,,,,39.30636875270919,,,,,,,36.666666666666664,,,,,,,,,,,,,,3,,,,,,,#904ea6,,,True
2026-05-21,solana,Index,___Pacifica,Pacifica,,,,,,132267.32727333333,,,,,,,502088.33076,,,,,,,15029.0,,,,,,,,,,,,,,,,,,,,,0.2634343783157103,,,,,,,8.800806924834209,,,,,,,,,,,,,,1,,,,,,,#545cf8,,True
2026-05-21,solana,Index,___Flash Trade,Flash Trade,,,,,,5768.334012,,,,,,,9840.82135,,,,,,,1.0,,,,,,,0.0,,,,,,,0.0,,,,,,,0.5861638786888455,,,,,,,5768.334012,,,,,,,,,,,,,,2,,,,,,,#f79009,,True
2026-05-21,solana,Index,___GMTrade,GMTrade,,,,,,440.0,,,,,,,11.19411469342797,,,,,,,12.0,,,,,,,0.0,,,,,,,,,,,,,,39.30636875270919,,,,,,,36.666666666666664,,,,,,,,,,,,,,3,,,,,,,#904ea6,,True
2026-05-20,solana,Index,Total,,158165.1285385294,,,,,,,495346.6648555109,,,,,,,14959.0,,,,,,,0.0,,,,,,,0.0,,,,,,,0.31930189453211527,,,,,,,10.573242097635497,,,,,,,,,,,,,,1.0,,,,,,,#545cf8,,,,,,,True
2026-05-20,solana,Index,_SP500,SP500,,137895.04690000002,,,,,,,421072.93854,,,,,,,9174.0,,,,,,,,,,,,,,,,,,,,,0.327484942105584,,,,,,,15.031071168519732,,,,,,,,,,,,,,1,,,,,,,#545cf8,,,,,,True
2026-05-20,solana,Index,_URNM,URNM,,10374.35526,,,,,,,52182.80095,,,,,,,5775.0,,,,,,,,,,,,,,,,,,,,,0.19880794191059997,,,,,,,1.7964251532467532,,,,,,,,,,,,,,3,,,,,,,#904ea6,,,,,,True
2026-05-20,solana,Index,_SPY,SPY,,8896.125098900002,,,,,,,22079.731250817502,,,,,,,8.0,,,,,,,0.0,,,,,,,0.0,,,,,,,0.4029091204889834,,,,,,,1112.0156373625002,,,,,,,,,,,,,,2,,,,,,,#f79009,,,,,,True
2026-05-20,solana,Index,_QQQ,QQQ,,999.6012796293601,,,,,,,11.19411469342797,,,,,,,2.0,,,,,,,0.0,,,,,,,,,,,,,,89.29703750634455,,,,,,,499.80063981468004,,,,,,,,,,,,,,4,,,,,,,#63b512,,,,,,True
2026-05-20,solana,Index,__Equity,Equity,,,147790.77327852938,,,,,,,443163.8639055109,,,,,,,9184.0,,,,,,,0.0,,,,,,,0.0,,,,,,,0.3334901270516058,,,,,,,16.09220092318482,,,,,,,,,,,,,,1,,,,,,,#545cf8,,,,,True
2026-05-20,solana,Index,__Commodity,Commodity,,,10374.35526,,,,,,,52182.80095,,,,,,,5775.0,,,,,,,,,,,,,,,,,,,,,0.19880794191059997,,,,,,,1.7964251532467532,,,,,,,,,,,,,,2,,,,,,,#f79009,,,,,True
2026-05-20,solana,Index,Broad Market,,,,,146791.1719989,,,,,,,443152.6697908175,,,,,,,9182.0,,,,,,,0.0,,,,,,,0.0,,,,,,,0.331242892135097,,,,,,,15.986840775310391,,,,,,,,,,,,,,1,,,,,,,#545cf8,,,,True
2026-05-20,solana,Index,Miners,,,,,10374.35526,,,,,,,52182.80095,,,,,,,5775.0,,,,,,,,,,,,,,,,,,,,,0.19880794191059997,,,,,,,1.7964251532467532,,,,,,,,,,,,,,2,,,,,,,#f79009,,,,True
2026-05-20,solana,Index,Large Cap,,,,,999.6012796293601,,,,,,,11.19411469342797,,,,,,,2.0,,,,,,,0.0,,,,,,,,,,,,,,89.29703750634455,,,,,,,499.80063981468004,,,,,,,,,,,,,,3,,,,,,,#904ea6,,,,True
2026-05-20,solana,Index,Pacifica,,,,,,148269.40216000003,,,,,,,473255.73949,,,,,,,14949.0,,,,,,,,,,,,,,,,,,,,,0.3132965747436709,,,,,,,9.918349197939664,,,,,,,,,,,,,,1,,,,,,,#545cf8,,,True
2026-05-20,solana,Index,Flash Trade,,,,,,8895.925177000001,,,,,,,15609.155362,,,,,,,6.0,,,,,,,0.0,,,,,,,0.0,,,,,,,0.5699171396971839,,,,,,,1482.654196166667,,,,,,,,,,,,,,2,,,,,,,#f79009,,,True
2026-05-20,solana,Index,GMTrade,,,,,,999.8012015293601,,,,,,,6481.770003510928,,,,,,,4.0,,,,,,,0.0,,,,,,,,,,,,,,0.15424817619073275,,,,,,,249.95030038234003,,,,,,,,,,,,,,3,,,,,,,#904ea6,,,True
2026-05-20,solana,Index,___Pacifica,Pacifica,,,,,,148269.40216000003,,,,,,,473255.73949,,,,,,,14949.0,,,,,,,,,,,,,,,,,,,,,0.3132965747436709,,,,,,,9.918349197939664,,,,,,,,,,,,,,1,,,,,,,#545cf8,,True
2026-05-20,solana,Index,___Flash Trade,Flash Trade,,,,,,8895.925177000001,,,,,,,15609.155362,,,,,,,6.0,,,,,,,0.0,,,,,,,0.0,,,,,,,0.5699171396971839,,,,,,,1482.654196166667,,,,,,,,,,,,,,2,,,,,,,#f79009,,True
2026-05-20,solana,Index,___GMTrade,GMTrade,,,,,,999.8012015293601,,,,,,,6481.770003510928,,,,,,,4.0,,,,,,,0.0,,,,,,,,,,,,,,0.15424817619073275,,,,,,,249.95030038234003,,,,,,,,,,,,,,3,,,,,,,#904ea6,,True
2026-05-19,solana,Index,Total,,184823.34488907334,,,,,,,501534.53259651095,,,,,,,14981.0,,,,,,,0.0,,,,,,,0.0,,,,,,,0.36851569109751686,,,,,,,12.33718342494315,,,,,,,,,,,,,,1.0,,,,,,,#545cf8,,,,,,,True
2026-05-19,solana,Index,_SP500,SP500,,153276.56763333335,,,,,,,434721.50017,,,,,,,9130.0,,,,,,,,,,,,,,,,,,,,,0.3525856613335061,,,,,,,16.788233037604968,,,,,,,,,,,,,,1,,,,,,,#545cf8,,,,,,True
2026-05-19,solana,Index,_URNM,URNM,,11239.242559999999,,,,,,,51356.5346,,,,,,,5838.0,,,,,,,,,,,,,,,,,,,,,0.21884737059342005,,,,,,,1.9251871462829735,,,,,,,,,,,,,,3,,,,,,,#904ea6,,,,,,True
2026-05-19,solana,Index,_SPY,SPY,,2348.6530936999998,,,,,,,15445.3037118175,,,,,,,5.0,,,,,,,0.0,,,,,,,0.0,,,,,,,0.15206260346327796,,,,,,,469.73061873999995,,,,,,,,,,,,,,2,,,,,,,#f79009,,,,,,True
2026-05-19,solana,Index,_QQQ,QQQ,,17958.88160204,,,,,,,11.19411469342797,,,,,,,8.0,,,,,,,0.0,,,,,,,,,,,,,,1604.3145969000661,,,,,,,2244.860200255,,,,,,,,,,,,,,4,,,,,,,#63b512,,,,,,True
2026-05-19,solana,Index,__Equity,Equity,,,173584.10232907336,,,,,,,450177.99799651094,,,,,,,9143.0,,,,,,,0.0,,,,,,,0.0,,,,,,,0.3855899290982646,,,,,,,18.985464544358894,,,,,,,,,,,,,,1,,,,,,,#545cf8,,,,,True
2026-05-19,solana,Index,__Commodity,Commodity,,,11239.242559999999,,,,,,,51356.5346,,,,,,,5838.0,,,,,,,,,,,,,,,,,,,,,0.21884737059342005,,,,,,,1.9251871462829735,,,,,,,,,,,,,,2,,,,,,,#f79009,,,,,True
2026-05-19,solana,Index,Broad Market,,,,,155625.22072703336,,,,,,,450166.8038818175,,,,,,,9135.0,,,,,,,0.0,,,,,,,0.0,,,,,,,0.34570567928391654,,,,,,,17.03614895752965,,,,,,,,,,,,,,1,,,,,,,#545cf8,,,,True
2026-05-19,solana,Index,Miners,,,,,11239.242559999999,,,,,,,51356.5346,,,,,,,5838.0,,,,,,,,,,,,,,,,,,,,,0.21884737059342005,,,,,,,1.9251871462829735,,,,,,,,,,,,,,2,,,,,,,#f79009,,,,True
2026-05-19,solana,Index,Large Cap,,,,,17958.88160204,,,,,,,11.19411469342797,,,,,,,8.0,,,,,,,0.0,,,,,,,,,,,,,,1604.3145969000661,,,,,,,2244.860200255,,,,,,,,,,,,,,3,,,,,,,#904ea6,,,,True
2026-05-19,solana,Index,Pacifica,,,,,,164515.81019333337,,,,,,,486078.03477,,,,,,,14968.0,,,,,,,,,,,,,,,,,,,,,0.33845555327588117,,,,,,,10.991168505701053,,,,,,,,,,,,,,1,,,,,,,#545cf8,,,True
2026-05-19,solana,Index,Flash Trade,,,,,,878.15317,,,,,,,8974.727823,,,,,,,1.0,,,,,,,0.0,,,,,,,0.0,,,,,,,0.09784733167612186,,,,,,,878.15317,,,,,,,,,,,,,,2,,,,,,,#f79009,,,True
2026-05-19,solana,Index,GMTrade,,,,,,19429.381525740002,,,,,,,6481.770003510928,,,,,,,12.0,,,,,,,0.0,,,,,,,,,,,,,,2.997542571738251,,,,,,,1619.115127145,,,,,,,,,,,,,,3,,,,,,,#904ea6,,,True
2026-05-19,solana,Index,___Pacifica,Pacifica,,,,,,164515.81019333337,,,,,,,486078.03477,,,,,,,14968.0,,,,,,,,,,,,,,,,,,,,,0.33845555327588117,,,,,,,10.991168505701053,,,,,,,,,,,,,,1,,,,,,,#545cf8,,True
2026-05-19,solana,Index,___Flash Trade,Flash Trade,,,,,,878.15317,,,,,,,8974.727823,,,,,,,1.0,,,,,,,0.0,,,,,,,0.0,,,,,,,0.09784733167612186,,,,,,,878.15317,,,,,,,,,,,,,,2,,,,,,,#f79009,,True
2026-05-19,solana,Index,___GMTrade,GMTrade,,,,,,19429.381525740002,,,,,,,6481.770003510928,,,,,,,12.0,,,,,,,0.0,,,,,,,,,,,,,,2.997542571738251,,,,,,,1619.115127145,,,,,,,,,,,,,,3,,,,,,,#904ea6,,True
2026-05-18,solana,Index,Total,,233574.64955563337,,,,,,,496320.3715725109,,,,,,,15208.0,,,,,,,0.0,,,,,,,0.0,,,,,,,0.4706126585447013,,,,,,,15.358669749844383,,,,,,,,,,,,,,1.0,,,,,,,#545cf8,,,,,,,True
2026-05-18,solana,Index,_SP500,SP500,,146187.1488,,,,,,,422913.78557999997,,,,,,,9336.0,,,,,,,,,,,,,,,,,,,,,0.3456665490331875,,,,,,,15.658434961439589,,,,,,,,,,,,,,1,,,,,,,#545cf8,,,,,,True
2026-05-18,solana,Index,_URNM,URNM,,21552.387413333334,,,,,,,50465.33317,,,,,,,5857.0,,,,,,,,,,,,,,,,,,,,,0.42707312246866386,,,,,,,3.679765650219111,,,,,,,,,,,,,,3,,,,,,,#904ea6,,,,,,True
2026-05-18,solana,Index,_SPY,SPY,,65835.013376,,,,,,,22930.0587078175,,,,,,,14.0,,,,,,,0.0,,,,,,,0.0,,,,,,,2.8711227570278743,,,,,,,4702.500955428572,,,,,,,,,,,,,,2,,,,,,,#f79009,,,,,,True
2026-05-18,solana,Index,_QQQ,QQQ,,0.0999663,,,,,,,11.19411469342797,,,,,,,1.0,,,,,,,0.0,,,,,,,,,,,,,,0.008930255115099893,,,,,,,0.0999663,,,,,,,,,,,,,,4,,,,,,,#63b512,,,,,,True
2026-05-18,solana,Index,__Equity,Equity,,,212022.26214230002,,,,,,,445855.0384025109,,,,,,,9351.0,,,,,,,0.0,,,,,,,0.0,,,,,,,0.4755408011132301,,,,,,,22.673752768933806,,,,,,,,,,,,,,1,,,,,,,#545cf8,,,,,True
2026-05-18,solana,Index,__Commodity,Commodity,,,21552.387413333334,,,,,,,50465.33317,,,,,,,5857.0,,,,,,,,,,,,,,,,,,,,,0.42707312246866386,,,,,,,3.679765650219111,,,,,,,,,,,,,,2,,,,,,,#f79009,,,,,True
2026-05-18,solana,Index,Broad Market,,,,,212022.162176,,,,,,,445843.8442878175,,,,,,,9350.0,,,,,,,0.0,,,,,,,0.0,,,,,,,0.47555251663209613,,,,,,,22.67616707764706,,,,,,,,,,,,,,1,,,,,,,#545cf8,,,,True
2026-05-18,solana,Index,Miners,,,,,21552.387413333334,,,,,,,50465.33317,,,,,,,5857.0,,,,,,,,,,,,,,,,,,,,,0.42707312246866386,,,,,,,3.679765650219111,,,,,,,,,,,,,,2,,,,,,,#f79009,,,,True
2026-05-18,solana,Index,Large Cap,,,,,0.0999663,,,,,,,11.19411469342797,,,,,,,1.0,,,,,,,0.0,,,,,,,,,,,,,,0.008930255115099893,,,,,,,0.0999663,,,,,,,,,,,,,,3,,,,,,,#904ea6,,,,True
2026-05-18,solana,Index,Pacifica,,,,,,167739.53621333334,,,,,,,473379.11874999997,,,,,,,15193.0,,,,,,,,,,,,,,,,,,,,,0.35434502615211383,,,,,,,11.040580281269884,,,,,,,,,,,,,,1,,,,,,,#545cf8,,,True
2026-05-18,solana,Index,Flash Trade,,,,,,65834.813445,,,,,,,16459.482819,,,,,,,12.0,,,,,,,0.0,,,,,,,0.0,,,,,,,3.9998105753969138,,,,,,,5486.23445375,,,,,,,,,,,,,,2,,,,,,,#f79009,,,True
2026-05-18,solana,Index,GMTrade,,,,,,0.2998973,,,,,,,6481.770003510928,,,,,,,3.0,,,,,,,0.0,,,,,,,,,,,,,,4.6267809539301306e-05,,,,,,,0.09996576666666666,,,,,,,,,,,,,,3,,,,,,,#904ea6,,,True
2026-05-18,solana,Index,___Pacifica,Pacifica,,,,,,167739.53621333334,,,,,,,473379.11874999997,,,,,,,15193.0,,,,,,,,,,,,,,,,,,,,,0.35434502615211383,,,,,,,11.040580281269884,,,,,,,,,,,,,,1,,,,,,,#545cf8,,True
2026-05-18,solana,Index,___Flash Trade,Flash Trade,,,,,,65834.813445,,,,,,,16459.482819,,,,,,,12.0,,,,,,,0.0,,,,,,,0.0,,,,,,,3.9998105753969138,,,,,,,5486.23445375,,,,,,,,,,,,,,2,,,,,,,#f79009,,True
2026-05-18,solana,Index,___GMTrade,GMTrade,,,,,,0.2998973,,,,,,,6481.770003510928,,,,,,,3.0,,,,,,,0.0,,,,,,,,,,,,,,4.6267809539301306e-05,,,,,,,0.09996576666666666,,,,,,,,,,,,,,3,,,,,,,#904ea6,,True
2026-05-17,solana,Index,Total,,75749.94162666668,,,,,,,506132.59012,,,,,,,14797.0,,,,,,,,,,,,,,,,,,,,,0.1496642245635812,,,,,,,5.119276990380934,,,,,,,,,,,,,,1.0,,,,,,,#545cf8,,,,,,,True
2026-05-17,solana,Index,_SP500,SP500,,66773.56136000002,,,,,,,446150.90542,,,,,,,9002.0,,,,,,,,,,,,,,,,,,,,,0.1496658654029635,,,,,,,7.417636231948459,,,,,,,,,,,,,,1,,,,,,,#545cf8,,,,,,True
2026-05-17,solana,Index,_URNM,URNM,,8976.380266666665,,,,,,,59981.684700000005,,,,,,,5795.0,,,,,,,,,,,,,,,,,,,,,0.14965201980508333,,,,,,,1.5489871038251364,,,,,,,,,,,,,,3,,,,,,,#904ea6,,,,,,True
2026-05-17,solana,Index,__Equity,Equity,,,66773.56136000002,,,,,,,446150.90542,,,,,,,9002.0,,,,,,,,,,,,,,,,,,,,,0.1496658654029635,,,,,,,7.417636231948459,,,,,,,,,,,,,,1,,,,,,,#545cf8,,,,,True
2026-05-17,solana,Index,__Commodity,Commodity,,,8976.380266666665,,,,,,,59981.684700000005,,,,,,,5795.0,,,,,,,,,,,,,,,,,,,,,0.14965201980508333,,,,,,,1.5489871038251364,,,,,,,,,,,,,,2,,,,,,,#f79009,,,,,True
2026-05-17,solana,Index,Broad Market,,,,,66773.56136000002,,,,,,,446150.90542,,,,,,,9002.0,,,,,,,,,,,,,,,,,,,,,0.1496658654029635,,,,,,,7.417636231948459,,,,,,,,,,,,,,1,,,,,,,#545cf8,,,,True
2026-05-17,solana,Index,Miners,,,,,8976.380266666665,,,,,,,59981.684700000005,,,,,,,5795.0,,,,,,,,,,,,,,,,,,,,,0.14965201980508333,,,,,,,1.5489871038251364,,,,,,,,,,,,,,2,,,,,,,#f79009,,,,True
2026-05-17,solana,Index,Pacifica,,,,,,75749.94162666668,,,,,,,506132.59012,,,,,,,14797.0,,,,,,,,,,,,,,,,,,,,,0.1496642245635812,,,,,,,5.119276990380934,,,,,,,,,,,,,,1,,,,,,,#545cf8,,,True
2026-05-17,solana,Index,___Pacifica,Pacifica,,,,,,75749.94162666668,,,,,,,506132.59012,,,,,,,14797.0,,,,,,,,,,,,,,,,,,,,,0.1496642245635812,,,,,,,5.119276990380934,,,,,,,,,,,,,,1,,,,,,,#545cf8,,True
2026-05-17,solana,Index,GMTrade,,,,,,,,,,,,,,,,,,,,,,,,,,,,,,,,,,,,,,,,,,,,,,,,,,,,,,,,,,,,,,3,,,,,,,#904ea6,,,True
2026-05-17,solana,Index,_SPY,SPY,,,,,,,,,,,,,,,,,,,,,,,,,,,,,,,,,,,,,,,,,,,,,,,,,,,,,,,,,,2,,,,,,,#f79009,,,,,,True
2026-05-17,solana,Index,___GMTrade,GMTrade,,,,,,,,,,,,,,,,,,,,,,,,,,,,,,,,,,,,,,,,,,,,,,,,,,,,,,,,,,,,,,3,,,,,,,#904ea6,,True
2026-05-17,solana,Index,_QQQ,QQQ,,,,,,,,,,,,,,,,,,,,,,,,,,,,,,,,,,,,,,,,,,,,,,,,,,,,,,,,,,4,,,,,,,#63b512,,,,,,True
2026-05-17,solana,Index,___Flash Trade,Flash Trade,,,,,,,,,,,,,,,,,,,,,,,,,,,,,,,,,,,,,,,,,,,,,,,,,,,,,,,,,,,,,,2,,,,,,,#f79009,,True
2026-05-17,solana,Index,Large Cap,,,,,,,,,,,,,,,,,,,,,,,,,,,,,,,,,,,,,,,,,,,,,,,,,,,,,,,,,,,,,3,,,,,,,#904ea6,,,,True
2026-05-17,solana,Index,Flash Trade,,,,,,,,,,,,,,,,,,,,,,,,,,,,,,,,,,,,,,,,,,,,,,,,,,,,,,,,,,,,,,2,,,,,,,#f79009,,,True
2026-05-16,solana,Index,Total,,112550.04110666667,,,,,,,496133.25149999995,,,,,,,14752.0,,,,,,,,,,,,,,,,,,,,,0.22685446050307048,,,,,,,7.62947675614606,,,,,,,,,,,,,,1.0,,,,,,,#545cf8,,,,,,,True
2026-05-16,solana,Index,_SP500,SP500,,83536.80066666668,,,,,,,436778.12069999997,,,,,,,8822.0,,,,,,,,,,,,,,,,,,,,,0.19125683432308124,,,,,,,9.469145394090532,,,,,,,,,,,,,,1,,,,,,,#545cf8,,,,,,True
2026-05-16,solana,Index,_URNM,URNM,,29013.240439999998,,,,,,,59355.13079999999,,,,,,,5930.0,,,,,,,,,,,,,,,,,,,,,0.48880762368735275,,,,,,,4.892620647554805,,,,,,,,,,,,,,3,,,,,,,#904ea6,,,,,,True
2026-05-16,solana,Index,__Equity,Equity,,,83536.80066666668,,,,,,,436778.12069999997,,,,,,,8822.0,,,,,,,,,,,,,,,,,,,,,0.19125683432308124,,,,,,,9.469145394090532,,,,,,,,,,,,,,1,,,,,,,#545cf8,,,,,True
2026-05-16,solana,Index,__Commodity,Commodity,,,29013.240439999998,,,,,,,59355.13079999999,,,,,,,5930.0,,,,,,,,,,,,,,,,,,,,,0.48880762368735275,,,,,,,4.892620647554805,,,,,,,,,,,,,,2,,,,,,,#f79009,,,,,True
2026-05-16,solana,Index,Broad Market,,,,,83536.80066666668,,,,,,,436778.12069999997,,,,,,,8822.0,,,,,,,,,,,,,,,,,,,,,0.19125683432308124,,,,,,,9.469145394090532,,,,,,,,,,,,,,1,,,,,,,#545cf8,,,,True
2026-05-16,solana,Index,Miners,,,,,29013.240439999998,,,,,,,59355.13079999999,,,,,,,5930.0,,,,,,,,,,,,,,,,,,,,,0.48880762368735275,,,,,,,4.892620647554805,,,,,,,,,,,,,,2,,,,,,,#f79009,,,,True
2026-05-16,solana,Index,Pacifica,,,,,,112550.04110666667,,,,,,,496133.25149999995,,,,,,,14752.0,,,,,,,,,,,,,,,,,,,,,0.22685446050307048,,,,,,,7.62947675614606,,,,,,,,,,,,,,1,,,,,,,#545cf8,,,True
2026-05-16,solana,Index,___Pacifica,Pacifica,,,,,,112550.04110666667,,,,,,,496133.25149999995,,,,,,,14752.0,,,,,,,,,,,,,,,,,,,,,0.22685446050307048,,,,,,,7.62947675614606,,,,,,,,,,,,,,1,,,,,,,#545cf8,,True
2026-05-16,solana,Index,_QQQ,QQQ,,,,,,,,,,,,,,,,,,,,,,,,,,,,,,,,,,,,,,,,,,,,,,,,,,,,,,,,,,4,,,,,,,#63b512,,,,,,True
2026-05-16,solana,Index,___Flash Trade,Flash Trade,,,,,,,,,,,,,,,,,,,,,,,,,,,,,,,,,,,,,,,,,,,,,,,,,,,,,,,,,,,,,,2,,,,,,,#f79009,,True
2026-05-16,solana,Index,___GMTrade,GMTrade,,,,,,,,,,,,,,,,,,,,,,,,,,,,,,,,,,,,,,,,,,,,,,,,,,,,,,,,,,,,,,3,,,,,,,#904ea6,,True
2026-05-16,solana,Index,Large Cap,,,,,,,,,,,,,,,,,,,,,,,,,,,,,,,,,,,,,,,,,,,,,,,,,,,,,,,,,,,,,3,,,,,,,#904ea6,,,,True
2026-05-16,solana,Index,_SPY,SPY,,,,,,,,,,,,,,,,,,,,,,,,,,,,,,,,,,,,,,,,,,,,,,,,,,,,,,,,,,2,,,,,,,#f79009,,,,,,True
2026-05-16,solana,Index,Flash Trade,,,,,,,,,,,,,,,,,,,,,,,,,,,,,,,,,,,,,,,,,,,,,,,,,,,,,,,,,,,,,,2,,,,,,,#f79009,,,True
2026-05-16,solana,Index,GMTrade,,,,,,,,,,,,,,,,,,,,,,,,,,,,,,,,,,,,,,,,,,,,,,,,,,,,,,,,,,,,,,3,,,,,,,#904ea6,,,True
2026-05-15,solana,Index,Total,,606974.236542001,,,,,,,568574.5657,,,,,,,15105.0,,,,,,,0.0,,,,,,,0.0,,,,,,,1.0675367368829192,,,,,,,40.18366345858994,,,,,,,,,,,,,,1.0,,,,,,,#545cf8,,,,,,,True
2026-05-15,solana,Index,_SP500,SP500,,106601.34580666665,,,,,,,459495.13428000006,,,,,,,9155.0,,,,,,,,,,,,,,,,,,,,,0.23199668038640767,,,,,,,11.644057433824866,,,,,,,,,,,,,,1,,,,,,,#545cf8,,,,,,True
2026-05-15,solana,Index,_URNM,URNM,,11334.070773333335,,,,,,,57455.57784,,,,,,,5819.0,,,,,,,,,,,,,,,,,,,,,0.19726667452368163,,,,,,,1.9477695090794527,,,,,,,,,,,,,,3,,,,,,,#904ea6,,,,,,True
2026-05-15,solana,Index,_SPY,SPY,,193978.4949868,,,,,,,51623.853579999995,,,,,,,50.0,,,,,,,0.0,,,,,,,0.0,,,,,,,3.757536129808619,,,,,,,3879.569899736,,,,,,,,,,,,,,2,,,,,,,#f79009,,,,,,True
2026-05-15,solana,Index,__Equity,Equity,,,595640.1657686677,,,,,,,511118.98786000005,,,,,,,9286.0,,,,,,,0.0,,,,,,,0.0,,,,,,,1.165364973550579,,,,,,,64.14389034769198,,,,,,,,,,,,,,1,,,,,,,#545cf8,,,,,True
2026-05-15,solana,Index,__Commodity,Commodity,,,11334.070773333335,,,,,,,57455.57784,,,,,,,5819.0,,,,,,,,,,,,,,,,,,,,,0.19726667452368163,,,,,,,1.9477695090794527,,,,,,,,,,,,,,2,,,,,,,#f79009,,,,,True
2026-05-15,solana,Index,Broad Market,,,,,300579.84079346666,,,,,,,511118.98786000005,,,,,,,9205.0,,,,,,,0.0,,,,,,,0.0,,,,,,,0.5880819299082626,,,,,,,32.6539750997791,,,,,,,,,,,,,,1,,,,,,,#545cf8,,,,True
2026-05-15,solana,Index,Miners,,,,,11334.070773333335,,,,,,,57455.57784,,,,,,,5819.0,,,,,,,,,,,,,,,,,,,,,0.19726667452368163,,,,,,,1.9477695090794527,,,,,,,,,,,,,,2,,,,,,,#f79009,,,,True
2026-05-15,solana,Index,Pacifica,,,,,,117935.41657999999,,,,,,,516950.71212000004,,,,,,,14974.0,,,,,,,,,,,,,,,,,,,,,0.2281366749575607,,,,,,,7.876012860958995,,,,,,,,,,,,,,1,,,,,,,#545cf8,,,True
2026-05-15,solana,Index,Flash Trade,,,,,,74154.86444599999,,,,,,,51623.853579999995,,,,,,,6.0,,,,,,,0.0,,,,,,,0.0,,,,,,,1.436445737842572,,,,,,,12359.144074333331,,,,,,,,,,,,,,2,,,,,,,#f79009,,,True
2026-05-15,solana,Index,___Pacifica,Pacifica,,,,,,117935.41657999999,,,,,,,516950.71212000004,,,,,,,14974.0,,,,,,,,,,,,,,,,,,,,,0.2281366749575607,,,,,,,7.876012860958995,,,,,,,,,,,,,,1,,,,,,,#545cf8,,True
2026-05-15,solana,Index,___Flash Trade,Flash Trade,,,,,,74154.86444599999,,,,,,,51623.853579999995,,,,,,,6.0,,,,,,,0.0,,,,,,,0.0,,,,,,,1.436445737842572,,,,,,,12359.144074333331,,,,,,,,,,,,,,2,,,,,,,#f79009,,True
2026-05-15,solana,Index,Large Cap,,,,,295060.32497520105,,,,,,,,,,,,,,81.0,,,,,,,0.0,,,,,,,,,,,,,,,,,,,,,3642.720061422235,,,,,,,,,,,,,,3,,,,,,,#904ea6,,,,True
2026-05-15,solana,Index,_QQQ,QQQ,,295060.32497520105,,,,,,,,,,,,,,81.0,,,,,,,0.0,,,,,,,,,,,,,,,,,,,,,3642.720061422235,,,,,,,,,,,,,,4,,,,,,,#63b512,,,,,,True
2026-05-15,solana,Index,GMTrade,,,,,,414883.95551600103,,,,,,,,,,,,,,125.0,,,,,,,0.0,,,,,,,,,,,,,,,,,,,,,3319.0716441280083,,,,,,,,,,,,,,3,,,,,,,#904ea6,,,True
2026-05-15,solana,Index,___GMTrade,GMTrade,,,,,,414883.95551600103,,,,,,,,,,,,,,125.0,,,,,,,0.0,,,,,,,,,,,,,,,,,,,,,3319.0716441280083,,,,,,,,,,,,,,3,,,,,,,#904ea6,,True
2026-05-14,solana,Index,Total,,709593.6980632762,,,,,,,531191.6843999999,,,,,,,15447.0,,,,,,,0.0,,,,,,,0.0,,,,,,,1.3358524218329733,,,,,,,45.93731456355773,,,,,,,,,,,,,,1.0,,,,,,,#545cf8,,,,,,,True
2026-05-14,solana,Index,_SP500,SP500,,257960.41479999997,,,,,,,443964.861,,,,,,,9420.0,,,,,,,,,,,,,,,,,,,,,0.581037909664657,,,,,,,27.384332781316346,,,,,,,,,,,,,,1,,,,,,,#545cf8,,,,,,True
2026-05-14,solana,Index,_URNM,URNM,,23756.55400666667,,,,,,,57971.01286,,,,,,,5839.0,,,,,,,,,,,,,,,,,,,,,0.40980056815703303,,,,,,,4.068599761374665,,,,,,,,,,,,,,3,,,,,,,#904ea6,,,,,,True
2026-05-14,solana,Index,_SPY,SPY,,167085.9204933486,,,,,,,29255.81054,,,,,,,73.0,,,,,,,0.0,,,,,,,0.0,,,,,,,5.711204625997301,,,,,,,2288.8482259362822,,,,,,,,,,,,,,2,,,,,,,#f79009,,,,,,True
2026-05-14,solana,Index,__Equity,Equity,,,685837.1440566096,,,,,,,473220.67153999995,,,,,,,9608.0,,,,,,,0.0,,,,,,,0.0,,,,,,,1.4492966713070516,,,,,,,71.381884269006,,,,,,,,,,,,,,1,,,,,,,#545cf8,,,,,True
2026-05-14,solana,Index,__Commodity,Commodity,,,23756.55400666667,,,,,,,57971.01286,,,,,,,5839.0,,,,,,,,,,,,,,,,,,,,,0.40980056815703303,,,,,,,4.068599761374665,,,,,,,,,,,,,,2,,,,,,,#f79009,,,,,True
2026-05-14,solana,Index,Broad Market,,,,,425046.33529334853,,,,,,,473220.67153999995,,,,,,,9493.0,,,,,,,0.0,,,,,,,0.0,,,,,,,0.8981990028248811,,,,,,,44.774711397171444,,,,,,,,,,,,,,1,,,,,,,#545cf8,,,,True
2026-05-14,solana,Index,Miners,,,,,23756.55400666667,,,,,,,57971.01286,,,,,,,5839.0,,,,,,,,,,,,,,,,,,,,,0.40980056815703303,,,,,,,4.068599761374665,,,,,,,,,,,,,,2,,,,,,,#f79009,,,,True
2026-05-14,solana,Index,Pacifica,,,,,,281716.9688066666,,,,,,,501935.87386,,,,,,,15259.0,,,,,,,,,,,,,,,,,,,,,0.5612608770921266,,,,,,,18.46234804421434,,,,,,,,,,,,,,1,,,,,,,#545cf8,,,True
2026-05-14,solana,Index,Flash Trade,,,,,,46260.937159,,,,,,,29255.81054,,,,,,,9.0,,,,,,,0.0,,,,,,,0.0,,,,,,,1.5812563830952402,,,,,,,5140.104128777778,,,,,,,,,,,,,,2,,,,,,,#f79009,,,True
2026-05-14,solana,Index,___Pacifica,Pacifica,,,,,,281716.9688066666,,,,,,,501935.87386,,,,,,,15259.0,,,,,,,,,,,,,,,,,,,,,0.5612608770921266,,,,,,,18.46234804421434,,,,,,,,,,,,,,1,,,,,,,#545cf8,,True
2026-05-14,solana,Index,___Flash Trade,Flash Trade,,,,,,46260.937159,,,,,,,29255.81054,,,,,,,9.0,,,,,,,0.0,,,,,,,0.0,,,,,,,1.5812563830952402,,,,,,,5140.104128777778,,,,,,,,,,,,,,2,,,,,,,#f79009,,True
2026-05-14,solana,Index,_QQQ,QQQ,,260790.80876326116,,,,,,,,,,,,,,115.0,,,,,,,0.0,,,,,,,,,,,,,,,,,,,,,2267.7461631587926,,,,,,,,,,,,,,4,,,,,,,#63b512,,,,,,True
2026-05-14,solana,Index,Large Cap,,,,,260790.80876326116,,,,,,,,,,,,,,115.0,,,,,,,0.0,,,,,,,,,,,,,,,,,,,,,2267.7461631587926,,,,,,,,,,,,,,3,,,,,,,#904ea6,,,,True
2026-05-14,solana,Index,___GMTrade,GMTrade,,,,,,381615.7920976097,,,,,,,,,,,,,,179.0,,,,,,,0.0,,,,,,,,,,,,,,,,,,,,,2131.9317994279872,,,,,,,,,,,,,,3,,,,,,,#904ea6,,True
2026-05-14,solana,Index,GMTrade,,,,,,381615.7920976097,,,,,,,,,,,,,,179.0,,,,,,,0.0,,,,,,,,,,,,,,,,,,,,,2131.9317994279872,,,,,,,,,,,,,,3,,,,,,,#904ea6,,,True
2026-05-13,solana,Index,Total,,1191143.5811614667,,,,,,,581326.703751,,,,,,,15497.0,,,,,,,363194.9633059,,,,,,,0.0,,,,,,,2.0490088851512143,,,,,,,76.86284965873826,,,,,,,,,,,,,,1.0,,,,,,,#545cf8,,,,,,,True
2026-05-13,solana,Index,_SP500,SP500,,208830.73296,,,,,,,519360.47855999996,,,,,,,9451.0,,,,,,,,,,,,,,,,,,,,,0.4020920758911279,,,,,,,22.096152043170033,,,,,,,,,,,,,,1,,,,,,,#545cf8,,,,,,True
2026-05-13,solana,Index,_URNM,URNM,,28614.48234666667,,,,,,,58124.75823000001,,,,,,,5937.0,,,,,,,,,,,,,,,,,,,,,0.4922942170948737,,,,,,,4.819687105721184,,,,,,,,,,,,,,3,,,,,,,#904ea6,,,,,,True
2026-05-13,solana,Index,_SPY,SPY,,76615.063924,,,,,,,3841.4669609999996,,,,,,,2.0,,,,,,,0.0,,,,,,,0.0,,,,,,,19.94422045063113,,,,,,,38307.531962,,,,,,,,,,,,,,2,,,,,,,#f79009,,,,,,True
2026-05-13,solana,Index,__Equity,Equity,,,1162529.0988148,,,,,,,523201.94552099996,,,,,,,9560.0,,,,,,,363194.9633059,,,,,,,0.0,,,,,,,2.2219510243930065,,,,,,,121.60346221912133,,,,,,,,,,,,,,1,,,,,,,#545cf8,,,,,True
2026-05-13,solana,Index,__Commodity,Commodity,,,28614.48234666667,,,,,,,58124.75823000001,,,,,,,5937.0,,,,,,,,,,,,,,,,,,,,,0.4922942170948737,,,,,,,4.819687105721184,,,,,,,,,,,,,,2,,,,,,,#f79009,,,,,True
2026-05-13,solana,Index,Broad Market,,,,,285445.796884,,,,,,,523201.94552099996,,,,,,,9453.0,,,,,,,0.0,,,,,,,0.0,,,,,,,0.5455748001849564,,,,,,,30.19631829937586,,,,,,,,,,,,,,1,,,,,,,#545cf8,,,,True
2026-05-13,solana,Index,Miners,,,,,28614.48234666667,,,,,,,58124.75823000001,,,,,,,5937.0,,,,,,,,,,,,,,,,,,,,,0.4922942170948737,,,,,,,4.819687105721184,,,,,,,,,,,,,,2,,,,,,,#f79009,,,,True
2026-05-13,solana,Index,Pacifica,,,,,,237445.21530666668,,,,,,,577485.23679,,,,,,,15388.0,,,,,,,,,,,,,,,,,,,,,0.4111710571624753,,,,,,,15.430544275192792,,,,,,,,,,,,,,1,,,,,,,#545cf8,,,True
2026-05-13,solana,Index,Flash Trade,,,,,,76615.063924,,,,,,,3841.4669609999996,,,,,,,2.0,,,,,,,0.0,,,,,,,0.0,,,,,,,19.94422045063113,,,,,,,38307.531962,,,,,,,,,,,,,,2,,,,,,,#f79009,,,True
2026-05-13,solana,Index,___Pacifica,Pacifica,,,,,,237445.21530666668,,,,,,,577485.23679,,,,,,,15388.0,,,,,,,,,,,,,,,,,,,,,0.4111710571624753,,,,,,,15.430544275192792,,,,,,,,,,,,,,1,,,,,,,#545cf8,,True
2026-05-13,solana,Index,___Flash Trade,Flash Trade,,,,,,76615.063924,,,,,,,3841.4669609999996,,,,,,,2.0,,,,,,,0.0,,,,,,,0.0,,,,,,,19.94422045063113,,,,,,,38307.531962,,,,,,,,,,,,,,2,,,,,,,#f79009,,True
2026-05-13,solana,Index,GMTrade,,,,,,877083.3019308,,,,,,,,,,,,,,107.0,,,,,,,363194.9633059,,,,,,,,,,,,,,,,,,,,,8197.040204960747,,,,,,,,,,,,,,3,,,,,,,#904ea6,,,True
2026-05-13,solana,Index,_QQQ,QQQ,,877083.3019308,,,,,,,,,,,,,,107.0,,,,,,,363194.9633059,,,,,,,,,,,,,,,,,,,,,8197.040204960747,,,,,,,,,,,,,,4,,,,,,,#63b512,,,,,,True
2026-05-13,solana,Index,___GMTrade,GMTrade,,,,,,877083.3019308,,,,,,,,,,,,,,107.0,,,,,,,363194.9633059,,,,,,,,,,,,,,,,,,,,,8197.040204960747,,,,,,,,,,,,,,3,,,,,,,#904ea6,,True
2026-05-13,solana,Index,Large Cap,,,,,877083.3019308,,,,,,,,,,,,,,107.0,,,,,,,363194.9633059,,,,,,,,,,,,,,,,,,,,,8197.040204960747,,,,,,,,,,,,,,3,,,,,,,#904ea6,,,,True
2026-05-12,solana,Index,Total,,539321.1047349751,,,,,,,558579.98664,,,,,,,14428.0,,,,,,,999.68244034587,,,,,,,0.0,,,,,,,0.9655217115441749,,,,,,,37.380170829981644,,,,,,,,,,,,,,1.0,,,,,,,#545cf8,,,,,,,True
2026-05-12,solana,Index,_SP500,SP500,,113224.25696,,,,,,,498923.0376,,,,,,,8652.0,,,,,,,,,,,,,,,,,,,,,0.22693731984125162,,,,,,,13.086483698566806,,,,,,,,,,,,,,1,,,,,,,#545cf8,,,,,,True
2026-05-12,solana,Index,_URNM,URNM,,27237.72832,,,,,,,59656.94903999999,,,,,,,5742.0,,,,,,,,,,,,,,,,,,,,,0.4565725998112491,,,,,,,4.74359601532567,,,,,,,,,,,,,,3,,,,,,,#904ea6,,,,,,True
2026-05-12,solana,Index,__Equity,Equity,,,512083.37641497515,,,,,,,498923.0376,,,,,,,8686.0,,,,,,,999.68244034587,,,,,,,0.0,,,,,,,1.0263774927657803,,,,,,,58.955028369211966,,,,,,,,,,,,,,1,,,,,,,#545cf8,,,,,True
2026-05-12,solana,Index,__Commodity,Commodity,,,27237.72832,,,,,,,59656.94903999999,,,,,,,5742.0,,,,,,,,,,,,,,,,,,,,,0.4565725998112491,,,,,,,4.74359601532567,,,,,,,,,,,,,,2,,,,,,,#f79009,,,,,True
2026-05-12,solana,Index,Broad Market,,,,,359015.1035961532,,,,,,,498923.0376,,,,,,,8661.0,,,,,,,0.0,,,,,,,0.0,,,,,,,0.7195801286770511,,,,,,,41.451922826019306,,,,,,,,,,,,,,1,,,,,,,#545cf8,,,,True
2026-05-12,solana,Index,Miners,,,,,27237.72832,,,,,,,59656.94903999999,,,,,,,5742.0,,,,,,,,,,,,,,,,,,,,,0.4565725998112491,,,,,,,4.74359601532567,,,,,,,,,,,,,,2,,,,,,,#f79009,,,,True
2026-05-12,solana,Index,Pacifica,,,,,,140461.98528,,,,,,,558579.98664,,,,,,,14394.0,,,,,,,,,,,,,,,,,,,,,0.25146261706387724,,,,,,,9.758370521050438,,,,,,,,,,,,,,1,,,,,,,#545cf8,,,True
2026-05-12,solana,Index,___Pacifica,Pacifica,,,,,,140461.98528,,,,,,,558579.98664,,,,,,,14394.0,,,,,,,,,,,,,,,,,,,,,0.25146261706387724,,,,,,,9.758370521050438,,,,,,,,,,,,,,1,,,,,,,#545cf8,,True
2026-05-12,solana,Index,_SPY,SPY,,245790.84663615318,,,,,,,,,,,,,,9.0,,,,,,,0.0,,,,,,,0.0,,,,,,,,,,,,,,27310.094070683685,,,,,,,,,,,,,,2,,,,,,,#f79009,,,,,,True
2026-05-12,solana,Index,___Flash Trade,Flash Trade,,,,,,245770.759536,,,,,,,,,,,,,,8.0,,,,,,,0.0,,,,,,,0.0,,,,,,,,,,,,,,30721.344942,,,,,,,,,,,,,,2,,,,,,,#f79009,,True
2026-05-12,solana,Index,Flash Trade,,,,,,245770.759536,,,,,,,,,,,,,,8.0,,,,,,,0.0,,,,,,,0.0,,,,,,,,,,,,,,30721.344942,,,,,,,,,,,,,,2,,,,,,,#f79009,,,True
2026-05-12,solana,Index,_QQQ,QQQ,,153068.27281882198,,,,,,,,,,,,,,25.0,,,,,,,999.68244034587,,,,,,,,,,,,,,,,,,,,,6122.730912752879,,,,,,,,,,,,,,4,,,,,,,#63b512,,,,,,True
2026-05-12,solana,Index,GMTrade,,,,,,153088.35991897515,,,,,,,,,,,,,,26.0,,,,,,,999.68244034587,,,,,,,,,,,,,,,,,,,,,5888.013843037506,,,,,,,,,,,,,,3,,,,,,,#904ea6,,,True
2026-05-12,solana,Index,Large Cap,,,,,153068.27281882198,,,,,,,,,,,,,,25.0,,,,,,,999.68244034587,,,,,,,,,,,,,,,,,,,,,6122.730912752879,,,,,,,,,,,,,,3,,,,,,,#904ea6,,,,True
2026-05-12,solana,Index,___GMTrade,GMTrade,,,,,,153088.35991897515,,,,,,,,,,,,,,26.0,,,,,,,999.68244034587,,,,,,,,,,,,,,,,,,,,,5888.013843037506,,,,,,,,,,,,,,3,,,,,,,#904ea6,,True
2026-05-11,solana,Index,Total,,742539.5439714476,,,,,,,535734.4444,,,,,,,12357.0,,,,,,,18051.96302015704,,,,,,,,,,,,,,1.386021660046631,,,,,,,60.09059998150422,,,,,,,,,,,,,,1.0,,,,,,,#545cf8,,,,,,,True
2026-05-11,solana,Index,_SP500,SP500,,75553.394,,,,,,,487087.7884,,,,,,,6263.0,,,,,,,,,,,,,,,,,,,,,0.1551124782827752,,,,,,,12.063451061791474,,,,,,,,,,,,,,1,,,,,,,#545cf8,,,,,,True
2026-05-11,solana,Index,_URNM,URNM,,15944.5398,,,,,,,48646.655999999995,,,,,,,5783.0,,,,,,,,,,,,,,,,,,,,,0.32776229881042596,,,,,,,2.757139858205084,,,,,,,,,,,,,,3,,,,,,,#904ea6,,,,,,True
2026-05-11,solana,Index,__Equity,Equity,,,726595.0041714476,,,,,,,487087.7884,,,,,,,6574.0,,,,,,,18051.96302015704,,,,,,,,,,,,,,1.4917126265024787,,,,,,,110.52555585206079,,,,,,,,,,,,,,1,,,,,,,#545cf8,,,,,True
2026-05-11,solana,Index,__Commodity,Commodity,,,15944.5398,,,,,,,48646.655999999995,,,,,,,5783.0,,,,,,,,,,,,,,,,,,,,,0.32776229881042596,,,,,,,2.757139858205084,,,,,,,,,,,,,,2,,,,,,,#f79009,,,,,True
2026-05-11,solana,Index,Broad Market,,,,,140107.824335182,,,,,,,487087.7884,,,,,,,6290.0,,,,,,,0.0,,,,,,,,,,,,,,0.2876438861163246,,,,,,,22.27469385297011,,,,,,,,,,,,,,1,,,,,,,#545cf8,,,,True
2026-05-11,solana,Index,Miners,,,,,15944.5398,,,,,,,48646.655999999995,,,,,,,5783.0,,,,,,,,,,,,,,,,,,,,,0.32776229881042596,,,,,,,2.757139858205084,,,,,,,,,,,,,,2,,,,,,,#f79009,,,,True
2026-05-11,solana,Index,Pacifica,,,,,,91497.9338,,,,,,,535734.4444,,,,,,,12046.0,,,,,,,,,,,,,,,,,,,,,0.1707897163537316,,,,,,,7.595710924788311,,,,,,,,,,,,,,1,,,,,,,#545cf8,,,True
2026-05-11,solana,Index,___Pacifica,Pacifica,,,,,,91497.9338,,,,,,,535734.4444,,,,,,,12046.0,,,,,,,,,,,,,,,,,,,,,0.1707897163537316,,,,,,,7.595710924788311,,,,,,,,,,,,,,1,,,,,,,#545cf8,,True
2026-05-11,solana,Index,___Flash Trade,Flash Trade,,,,,,,,,,,,,,,,,,,,,,,,,,,,,,,,,,,,,,,,,,,,,,,,,,,,,,,,,,,,,,2,,,,,,,#f79009,,True
2026-05-11,solana,Index,GMTrade,,,,,,651041.6101714476,,,,,,,,,,,,,,311.0,,,,,,,18051.96302015704,,,,,,,,,,,,,,,,,,,,,2093.3813831879343,,,,,,,,,,,,,,3,,,,,,,#904ea6,,,True
2026-05-11,solana,Index,Large Cap,,,,,586487.1798362656,,,,,,,,,,,,,,284.0,,,,,,,18051.96302015704,,,,,,,,,,,,,,,,,,,,,2065.0957036488226,,,,,,,,,,,,,,3,,,,,,,#904ea6,,,,True
2026-05-11,solana,Index,_QQQ,QQQ,,586487.1798362656,,,,,,,,,,,,,,284.0,,,,,,,18051.96302015704,,,,,,,,,,,,,,,,,,,,,2065.0957036488226,,,,,,,,,,,,,,4,,,,,,,#63b512,,,,,,True
2026-05-11,solana,Index,_SPY,SPY,,64554.430335182005,,,,,,,,,,,,,,27.0,,,,,,,0.0,,,,,,,,,,,,,,,,,,,,,2390.9048272289633,,,,,,,,,,,,,,2,,,,,,,#f79009,,,,,,True
2026-05-11,solana,Index,___GMTrade,GMTrade,,,,,,651041.6101714476,,,,,,,,,,,,,,311.0,,,,,,,18051.96302015704,,,,,,,,,,,,,,,,,,,,,2093.3813831879343,,,,,,,,,,,,,,3,,,,,,,#904ea6,,True
2026-05-11,solana,Index,Flash Trade,,,,,,,,,,,,,,,,,,,,,,,,,,,,,,,,,,,,,,,,,,,,,,,,,,,,,,,,,,,,,,2,,,,,,,#f79009,,,True
2026-05-10,solana,Index,Total,,58646.58777333333,,,,,,,547346.0676200001,,,,,,,11956.0,,,,,,,,,,,,,,,,,,,,,0.10714718026265103,,,,,,,4.905201386193822,,,,,,,,,,,,,,1.0,,,,,,,#545cf8,,,,,,,True
2026-05-10,solana,Index,_SP500,SP500,,36764.00473333333,,,,,,,498366.66030000005,,,,,,,6087.0,,,,,,,,,,,,,,,,,,,,,0.07376898910373063,,,,,,,6.039757636493071,,,,,,,,,,,,,,1,,,,,,,#545cf8,,,,,,True
2026-05-10,solana,Index,_URNM,URNM,,21882.583040000005,,,,,,,48979.40732,,,,,,,5869.0,,,,,,,,,,,,,,,,,,,,,0.4467710868168179,,,,,,,3.7285028181973088,,,,,,,,,,,,,,3,,,,,,,#904ea6,,,,,,True
2026-05-10,solana,Index,__Equity,Equity,,,36764.00473333333,,,,,,,498366.66030000005,,,,,,,6087.0,,,,,,,,,,,,,,,,,,,,,0.07376898910373063,,,,,,,6.039757636493071,,,,,,,,,,,,,,1,,,,,,,#545cf8,,,,,True
2026-05-10,solana,Index,__Commodity,Commodity,,,21882.583040000005,,,,,,,48979.40732,,,,,,,5869.0,,,,,,,,,,,,,,,,,,,,,0.4467710868168179,,,,,,,3.7285028181973088,,,,,,,,,,,,,,2,,,,,,,#f79009,,,,,True
2026-05-10,solana,Index,Broad Market,,,,,36764.00473333333,,,,,,,498366.66030000005,,,,,,,6087.0,,,,,,,,,,,,,,,,,,,,,0.07376898910373063,,,,,,,6.039757636493071,,,,,,,,,,,,,,1,,,,,,,#545cf8,,,,True
2026-05-10,solana,Index,Miners,,,,,21882.583040000005,,,,,,,48979.40732,,,,,,,5869.0,,,,,,,,,,,,,,,,,,,,,0.4467710868168179,,,,,,,3.7285028181973088,,,,,,,,,,,,,,2,,,,,,,#f79009,,,,True
2026-05-10,solana,Index,Pacifica,,,,,,58646.58777333333,,,,,,,547346.0676200001,,,,,,,11956.0,,,,,,,,,,,,,,,,,,,,,0.10714718026265103,,,,,,,4.905201386193822,,,,,,,,,,,,,,1,,,,,,,#545cf8,,,True
2026-05-10,solana,Index,___Pacifica,Pacifica,,,,,,58646.58777333333,,,,,,,547346.0676200001,,,,,,,11956.0,,,,,,,,,,,,,,,,,,,,,0.10714718026265103,,,,,,,4.905201386193822,,,,,,,,,,,,,,1,,,,,,,#545cf8,,True
2026-05-10,solana,Index,GMTrade,,,,,,,,,,,,,,,,,,,,,,,,,,,,,,,,,,,,,,,,,,,,,,,,,,,,,,,,,,,,,,3,,,,,,,#904ea6,,,True
2026-05-10,solana,Index,Large Cap,,,,,,,,,,,,,,,,,,,,,,,,,,,,,,,,,,,,,,,,,,,,,,,,,,,,,,,,,,,,,3,,,,,,,#904ea6,,,,True
2026-05-10,solana,Index,___GMTrade,GMTrade,,,,,,,,,,,,,,,,,,,,,,,,,,,,,,,,,,,,,,,,,,,,,,,,,,,,,,,,,,,,,,3,,,,,,,#904ea6,,True
2026-05-10,solana,Index,_SPY,SPY,,,,,,,,,,,,,,,,,,,,,,,,,,,,,,,,,,,,,,,,,,,,,,,,,,,,,,,,,,2,,,,,,,#f79009,,,,,,True
2026-05-10,solana,Index,_QQQ,QQQ,,,,,,,,,,,,,,,,,,,,,,,,,,,,,,,,,,,,,,,,,,,,,,,,,,,,,,,,,,4,,,,,,,#63b512,,,,,,True
2026-05-10,solana,Index,___Flash Trade,Flash Trade,,,,,,,,,,,,,,,,,,,,,,,,,,,,,,,,,,,,,,,,,,,,,,,,,,,,,,,,,,,,,,2,,,,,,,#f79009,,True
2026-05-10,solana,Index,Flash Trade,,,,,,,,,,,,,,,,,,,,,,,,,,,,,,,,,,,,,,,,,,,,,,,,,,,,,,,,,,,,,,2,,,,,,,#f79009,,,True
2026-05-09,solana,Index,Total,,64663.21344666666,,,,,,,556377.91415,,,,,,,11829.0,,,,,,,,,,,,,,,,,,,,,0.11622174748876427,,,,,,,5.466498727421309,,,,,,,,,,,,,,1.0,,,,,,,#545cf8,,,,,,,True
2026-05-09,solana,Index,_SP500,SP500,,44604.15563999999,,,,,,,503211.58655999997,,,,,,,5996.0,,,,,,,,,,,,,,,,,,,,,0.08863896784435757,,,,,,,7.438985263509005,,,,,,,,,,,,,,1,,,,,,,#545cf8,,,,,,True
2026-05-09,solana,Index,_URNM,URNM,,20059.057806666668,,,,,,,53166.32758999999,,,,,,,5833.0,,,,,,,,,,,,,,,,,,,,,0.3772887599338262,,,,,,,3.4388921321218358,,,,,,,,,,,,,,3,,,,,,,#904ea6,,,,,,True
2026-05-09,solana,Index,__Equity,Equity,,,44604.15563999999,,,,,,,503211.58655999997,,,,,,,5996.0,,,,,,,,,,,,,,,,,,,,,0.08863896784435757,,,,,,,7.438985263509005,,,,,,,,,,,,,,1,,,,,,,#545cf8,,,,,True
2026-05-09,solana,Index,__Commodity,Commodity,,,20059.057806666668,,,,,,,53166.32758999999,,,,,,,5833.0,,,,,,,,,,,,,,,,,,,,,0.3772887599338262,,,,,,,3.4388921321218358,,,,,,,,,,,,,,2,,,,,,,#f79009,,,,,True
2026-05-09,solana,Index,Broad Market,,,,,44604.15563999999,,,,,,,503211.58655999997,,,,,,,5996.0,,,,,,,,,,,,,,,,,,,,,0.08863896784435757,,,,,,,7.438985263509005,,,,,,,,,,,,,,1,,,,,,,#545cf8,,,,True
2026-05-09,solana,Index,Miners,,,,,20059.057806666668,,,,,,,53166.32758999999,,,,,,,5833.0,,,,,,,,,,,,,,,,,,,,,0.3772887599338262,,,,,,,3.4388921321218358,,,,,,,,,,,,,,2,,,,,,,#f79009,,,,True
2026-05-09,solana,Index,Pacifica,,,,,,64663.21344666666,,,,,,,556377.91415,,,,,,,11829.0,,,,,,,,,,,,,,,,,,,,,0.11622174748876427,,,,,,,5.466498727421309,,,,,,,,,,,,,,1,,,,,,,#545cf8,,,True
2026-05-09,solana,Index,___Pacifica,Pacifica,,,,,,64663.21344666666,,,,,,,556377.91415,,,,,,,11829.0,,,,,,,,,,,,,,,,,,,,,0.11622174748876427,,,,,,,5.466498727421309,,,,,,,,,,,,,,1,,,,,,,#545cf8,,True
2026-05-09,solana,Index,Flash Trade,,,,,,,,,,,,,,,,,,,,,,,,,,,,,,,,,,,,,,,,,,,,,,,,,,,,,,,,,,,,,,2,,,,,,,#f79009,,,True
2026-05-09,solana,Index,_QQQ,QQQ,,,,,,,,,,,,,,,,,,,,,,,,,,,,,,,,,,,,,,,,,,,,,,,,,,,,,,,,,,4,,,,,,,#63b512,,,,,,True
2026-05-09,solana,Index,___Flash Trade,Flash Trade,,,,,,,,,,,,,,,,,,,,,,,,,,,,,,,,,,,,,,,,,,,,,,,,,,,,,,,,,,,,,,2,,,,,,,#f79009,,True
2026-05-09,solana,Index,Large Cap,,,,,,,,,,,,,,,,,,,,,,,,,,,,,,,,,,,,,,,,,,,,,,,,,,,,,,,,,,,,,3,,,,,,,#904ea6,,,,True
2026-05-09,solana,Index,___GMTrade,GMTrade,,,,,,,,,,,,,,,,,,,,,,,,,,,,,,,,,,,,,,,,,,,,,,,,,,,,,,,,,,,,,,3,,,,,,,#904ea6,,True
2026-05-09,solana,Index,GMTrade,,,,,,,,,,,,,,,,,,,,,,,,,,,,,,,,,,,,,,,,,,,,,,,,,,,,,,,,,,,,,,3,,,,,,,#904ea6,,,True
2026-05-09,solana,Index,_SPY,SPY,,,,,,,,,,,,,,,,,,,,,,,,,,,,,,,,,,,,,,,,,,,,,,,,,,,,,,,,,,2,,,,,,,#f79009,,,,,,True
2026-05-08,solana,Index,Total,,1071697.0753005,,,,,,,547617.0638199999,,,,,,,12528.0,,,,,,,0.0,,,,,,,0.0,,,,,,,1.957019140025855,,,,,,,85.54414713445881,,,,,,,,,,,,,,1.0,,,,,,,#545cf8,,,,,,,True
2026-05-08,solana,Index,_SP500,SP500,,143243.1875,,,,,,,504685.51847999997,,,,,,,6346.0,,,,,,,,,,,,,,,,,,,,,0.28382662520497215,,,,,,,22.57220099275134,,,,,,,,,,,,,,1,,,,,,,#545cf8,,,,,,True
2026-05-08,solana,Index,_URNM,URNM,,11068.152613333335,,,,,,,42931.54534,,,,,,,5765.0,,,,,,,,,,,,,,,,,,,,,0.2578093223916858,,,,,,,1.9198877039606828,,,,,,,,,,,,,,3,,,,,,,#904ea6,,,,,,True
2026-05-08,solana,Index,__Equity,Equity,,,1060628.9226871666,,,,,,,504685.51847999997,,,,,,,6763.0,,,,,,,0.0,,,,,,,0.0,,,,,,,2.101564011350165,,,,,,,156.82817132739416,,,,,,,,,,,,,,1,,,,,,,#545cf8,,,,,True
2026-05-08,solana,Index,__Commodity,Commodity,,,11068.152613333335,,,,,,,42931.54534,,,,,,,5765.0,,,,,,,,,,,,,,,,,,,,,0.2578093223916858,,,,,,,1.9198877039606828,,,,,,,,,,,,,,2,,,,,,,#f79009,,,,,True
2026-05-08,solana,Index,Broad Market,,,,,364536.037822,,,,,,,504685.51847999997,,,,,,,6513.0,,,,,,,0.0,,,,,,,0.0,,,,,,,0.7223033443081567,,,,,,,55.97052630462152,,,,,,,,,,,,,,1,,,,,,,#545cf8,,,,True
2026-05-08,solana,Index,Miners,,,,,11068.152613333335,,,,,,,42931.54534,,,,,,,5765.0,,,,,,,,,,,,,,,,,,,,,0.2578093223916858,,,,,,,1.9198877039606828,,,,,,,,,,,,,,2,,,,,,,#f79009,,,,True
2026-05-08,solana,Index,Pacifica,,,,,,154311.34011333334,,,,,,,547617.0638199999,,,,,,,12111.0,,,,,,,,,,,,,,,,,,,,,0.2817869462227989,,,,,,,12.74142020587345,,,,,,,,,,,,,,1,,,,,,,#545cf8,,,True
2026-05-08,solana,Index,___Pacifica,Pacifica,,,,,,154311.34011333334,,,,,,,547617.0638199999,,,,,,,12111.0,,,,,,,,,,,,,,,,,,,,,0.2817869462227989,,,,,,,12.74142020587345,,,,,,,,,,,,,,1,,,,,,,#545cf8,,True
2026-05-08,solana,Index,_QQQ,QQQ,,696092.8848651666,,,,,,,,,,,,,,250.0,,,,,,,0.0,,,,,,,,,,,,,,,,,,,,,2784.3715394606666,,,,,,,,,,,,,,4,,,,,,,#63b512,,,,,,True
2026-05-08,solana,Index,___GMTrade,GMTrade,,,,,,916348.4008181666,,,,,,,,,,,,,,406.0,,,,,,,0.0,,,,,,,,,,,,,,,,,,,,,2257.0157655619864,,,,,,,,,,,,,,3,,,,,,,#904ea6,,True
2026-05-08,solana,Index,_SPY,SPY,,221292.85032199998,,,,,,,,,,,,,,167.0,,,,,,,0.0,,,,,,,0.0,,,,,,,,,,,,,,1325.1068881556885,,,,,,,,,,,,,,2,,,,,,,#f79009,,,,,,True
2026-05-08,solana,Index,GMTrade,,,,,,916348.4008181666,,,,,,,,,,,,,,406.0,,,,,,,0.0,,,,,,,,,,,,,,,,,,,,,2257.0157655619864,,,,,,,,,,,,,,3,,,,,,,#904ea6,,,True
2026-05-08,solana,Index,___Flash Trade,Flash Trade,,,,,,1037.334369,,,,,,,,,,,,,,11.0,,,,,,,0.0,,,,,,,0.0,,,,,,,,,,,,,,94.30312445454545,,,,,,,,,,,,,,2,,,,,,,#f79009,,True
2026-05-08,solana,Index,Flash Trade,,,,,,1037.334369,,,,,,,,,,,,,,11.0,,,,,,,0.0,,,,,,,0.0,,,,,,,,,,,,,,94.30312445454545,,,,,,,,,,,,,,2,,,,,,,#f79009,,,True
2026-05-08,solana,Index,Large Cap,,,,,696092.8848651666,,,,,,,,,,,,,,250.0,,,,,,,0.0,,,,,,,,,,,,,,,,,,,,,2784.3715394606666,,,,,,,,,,,,,,3,,,,,,,#904ea6,,,,True
2026-05-07,solana,Index,Total,,1462650.3349398943,,,,,,,539156.97679,,,,,,,13268.0,,,,,,,1600.0,,,,,,,0.0,,,,,,,2.7128469034160196,,,,,,,110.23894595567488,,,,,,,,,,,,,,1.0,,,,,,,#545cf8,,,,,,,True
2026-05-07,solana,Index,_SP500,SP500,,301727.36220000003,,,,,,,497231.31766,,,,,,,6903.0,,,,,,,,,,,,,,,,,,,,,0.60681487968205,,,,,,,43.70959904389397,,,,,,,,,,,,,,1,,,,,,,#545cf8,,,,,,True
2026-05-07,solana,Index,_URNM,URNM,,9227.991660000002,,,,,,,41925.65913,,,,,,,5736.0,,,,,,,,,,,,,,,,,,,,,0.22010367520726445,,,,,,,1.608785156903766,,,,,,,,,,,,,,3,,,,,,,#904ea6,,,,,,True
2026-05-07,solana,Index,__Equity,Equity,,,1453422.3432798942,,,,,,,497231.31766,,,,,,,7532.0,,,,,,,1600.0,,,,,,,0.0,,,,,,,2.923030572812239,,,,,,,192.9663227934007,,,,,,,,,,,,,,1,,,,,,,#545cf8,,,,,True
2026-05-07,solana,Index,__Commodity,Commodity,,,9227.991660000002,,,,,,,41925.65913,,,,,,,5736.0,,,,,,,,,,,,,,,,,,,,,0.22010367520726445,,,,,,,1.608785156903766,,,,,,,,,,,,,,2,,,,,,,#f79009,,,,,True
2026-05-07,solana,Index,Broad Market,,,,,690572.4701365854,,,,,,,497231.31766,,,,,,,7221.0,,,,,,,1600.0,,,,,,,0.0,,,,,,,1.388835428521398,,,,,,,95.63391083459153,,,,,,,,,,,,,,1,,,,,,,#545cf8,,,,True
2026-05-07,solana,Index,Miners,,,,,9227.991660000002,,,,,,,41925.65913,,,,,,,5736.0,,,,,,,,,,,,,,,,,,,,,0.22010367520726445,,,,,,,1.608785156903766,,,,,,,,,,,,,,2,,,,,,,#f79009,,,,True
2026-05-07,solana,Index,Pacifica,,,,,,310955.35386000003,,,,,,,539156.97679,,,,,,,12639.0,,,,,,,,,,,,,,,,,,,,,0.5767436335728179,,,,,,,24.60284467600285,,,,,,,,,,,,,,1,,,,,,,#545cf8,,,True
2026-05-07,solana,Index,___Pacifica,Pacifica,,,,,,310955.35386000003,,,,,,,539156.97679,,,,,,,12639.0,,,,,,,,,,,,,,,,,,,,,0.5767436335728179,,,,,,,24.60284467600285,,,,,,,,,,,,,,1,,,,,,,#545cf8,,True
2026-05-07,solana,Index,Flash Trade,,,,,,19225.536874,,,,,,,,,,,,,,8.0,,,,,,,0.0,,,,,,,0.0,,,,,,,,,,,,,,2403.19210925,,,,,,,,,,,,,,2,,,,,,,#f79009,,,True
2026-05-07,solana,Index,Large Cap,,,,,762849.8731433089,,,,,,,,,,,,,,311.0,,,,,,,0.0,,,,,,,,,,,,,,,,,,,,,2452.893482775913,,,,,,,,,,,,,,3,,,,,,,#904ea6,,,,True
2026-05-07,solana,Index,_QQQ,QQQ,,762849.8731433089,,,,,,,,,,,,,,311.0,,,,,,,0.0,,,,,,,,,,,,,,,,,,,,,2452.893482775913,,,,,,,,,,,,,,4,,,,,,,#63b512,,,,,,True
2026-05-07,solana,Index,___Flash Trade,Flash Trade,,,,,,19225.536874,,,,,,,,,,,,,,8.0,,,,,,,0.0,,,,,,,0.0,,,,,,,,,,,,,,2403.19210925,,,,,,,,,,,,,,2,,,,,,,#f79009,,True
2026-05-07,solana,Index,_SPY,SPY,,388845.1079365854,,,,,,,,,,,,,,318.0,,,,,,,1600.0,,,,,,,0.0,,,,,,,,,,,,,,1222.783358291149,,,,,,,,,,,,,,2,,,,,,,#f79009,,,,,,True
2026-05-07,solana,Index,___GMTrade,GMTrade,,,,,,1132469.4442058944,,,,,,,,,,,,,,621.0,,,,,,,1600.0,,,,,,,,,,,,,,,,,,,,,1823.6222934072373,,,,,,,,,,,,,,3,,,,,,,#904ea6,,True
2026-05-07,solana,Index,GMTrade,,,,,,1132469.4442058944,,,,,,,,,,,,,,621.0,,,,,,,1600.0,,,,,,,,,,,,,,,,,,,,,1823.6222934072373,,,,,,,,,,,,,,3,,,,,,,#904ea6,,,True
2026-05-06,solana,Index,Total,,689783.7141931584,,,,,,,561948.2894199999,,,,,,,12464.0,,,,,,,19.246592,,,,,,,1.0,,,,,,,1.2274861000201647,,,,,,,55.34208233257048,,,,,,,19.246592,,,,,,,1.0,,,,,,,#545cf8,,,,,,,True
2026-05-06,solana,Index,_SP500,SP500,,100786.75032,,,,,,,518530.40004,,,,,,,6353.0,,,,,,,,,,,,,,,,,,,,,0.19436999318116202,,,,,,,15.864434175979852,,,,,,,,,,,,,,1,,,,,,,#545cf8,,,,,,True
2026-05-06,solana,Index,_URNM,URNM,,13345.68,,,,,,,43417.88938,,,,,,,5803.0,,,,,,,,,,,,,,,,,,,,,0.3073774471899491,,,,,,,2.2997897639152165,,,,,,,,,,,,,,3,,,,,,,#904ea6,,,,,,True
2026-05-06,solana,Index,__Equity,Equity,,,676438.0341931584,,,,,,,518530.40004,,,,,,,6661.0,,,,,,,19.246592,,,,,,,1.0,,,,,,,1.3045291734891094,,,,,,,101.55202434967097,,,,,,,19.246592,,,,,,,1,,,,,,,#545cf8,,,,,True
2026-05-06,solana,Index,__Commodity,Commodity,,,13345.68,,,,,,,43417.88938,,,,,,,5803.0,,,,,,,,,,,,,,,,,,,,,0.3073774471899491,,,,,,,2.2997897639152165,,,,,,,,,,,,,,2,,,,,,,#f79009,,,,,True
2026-05-06,solana,Index,Broad Market,,,,,295433.431410574,,,,,,,518530.40004,,,,,,,6490.0,,,,,,,19.246592,,,,,,,1.0,,,,,,,0.569751419372488,,,,,,,45.52132995540431,,,,,,,19.246592,,,,,,,1,,,,,,,#545cf8,,,,True
2026-05-06,solana,Index,Miners,,,,,13345.68,,,,,,,43417.88938,,,,,,,5803.0,,,,,,,,,,,,,,,,,,,,,0.3073774471899491,,,,,,,2.2997897639152165,,,,,,,,,,,,,,2,,,,,,,#f79009,,,,True
2026-05-06,solana,Index,Pacifica,,,,,,114132.43032000001,,,,,,,561948.2894199999,,,,,,,12156.0,,,,,,,,,,,,,,,,,,,,,0.20310130392566686,,,,,,,9.38897913129319,,,,,,,,,,,,,,1,,,,,,,#545cf8,,,True
2026-05-06,solana,Index,___Pacifica,Pacifica,,,,,,114132.43032000001,,,,,,,561948.2894199999,,,,,,,12156.0,,,,,,,,,,,,,,,,,,,,,0.20310130392566686,,,,,,,9.38897913129319,,,,,,,,,,,,,,1,,,,,,,#545cf8,,True
2026-05-06,solana,Index,Flash Trade,,,,,,28600.574574,,,,,,,,,,,,,,7.0,,,,,,,19.246592,,,,,,,1.0,,,,,,,,,,,,,,4085.7963677142857,,,,,,,19.246592,,,,,,,2,,,,,,,#f79009,,,True
2026-05-06,solana,Index,Large Cap,,,,,381004.6027825845,,,,,,,,,,,,,,171.0,,,,,,,0.0,,,,,,,,,,,,,,,,,,,,,2228.097092295816,,,,,,,,,,,,,,3,,,,,,,#904ea6,,,,True
2026-05-06,solana,Index,_SPY,SPY,,194646.68109057398,,,,,,,,,,,,,,137.0,,,,,,,19.246592,,,,,,,1.0,,,,,,,,,,,,,,1420.7786940917808,,,,,,,19.246592,,,,,,,2,,,,,,,#f79009,,,,,,True
2026-05-06,solana,Index,___GMTrade,GMTrade,,,,,,547050.7092991585,,,,,,,,,,,,,,301.0,,,,,,,0.0,,,,,,,,,,,,,,,,,,,,,1817.444216940726,,,,,,,,,,,,,,3,,,,,,,#904ea6,,True
2026-05-06,solana,Index,GMTrade,,,,,,547050.7092991585,,,,,,,,,,,,,,301.0,,,,,,,0.0,,,,,,,,,,,,,,,,,,,,,1817.444216940726,,,,,,,,,,,,,,3,,,,,,,#904ea6,,,True
2026-05-06,solana,Index,___Flash Trade,Flash Trade,,,,,,28600.574574,,,,,,,,,,,,,,7.0,,,,,,,19.246592,,,,,,,1.0,,,,,,,,,,,,,,4085.7963677142857,,,,,,,19.246592,,,,,,,2,,,,,,,#f79009,,True
2026-05-06,solana,Index,_QQQ,QQQ,,381004.6027825845,,,,,,,,,,,,,,171.0,,,,,,,0.0,,,,,,,,,,,,,,,,,,,,,2228.097092295816,,,,,,,,,,,,,,4,,,,,,,#63b512,,,,,,True
2026-05-05,solana,Index,Total,,503902.07482644054,,,,,,,544859.65482,,,,,,,12339.0,,,,,,,245.058148,,,,,,,1.0,,,,,,,0.924829119515024,,,,,,,40.8381615063166,,,,,,,245.058148,,,,,,,1.0,,,,,,,#545cf8,,,,,,,True
2026-05-05,solana,Index,_SP500,SP500,,97453.14575333333,,,,,,,502022.76906,,,,,,,6366.0,,,,,,,,,,,,,,,,,,,,,0.1941209677318163,,,,,,,15.308379791601215,,,,,,,,,,,,,,1,,,,,,,#545cf8,,,,,,True
2026-05-05,solana,Index,_URNM,URNM,,11438.577279999998,,,,,,,42836.88575999999,,,,,,,5775.0,,,,,,,,,,,,,,,,,,,,,0.2670263507036045,,,,,,,1.9807060225108222,,,,,,,,,,,,,,3,,,,,,,#904ea6,,,,,,True
2026-05-05,solana,Index,__Equity,Equity,,,492463.4975464406,,,,,,,502022.76906,,,,,,,6564.0,,,,,,,245.058148,,,,,,,1.0,,,,,,,0.9809584901269349,,,,,,,75.02490821853146,,,,,,,245.058148,,,,,,,1,,,,,,,#545cf8,,,,,True
2026-05-05,solana,Index,__Commodity,Commodity,,,11438.577279999998,,,,,,,42836.88575999999,,,,,,,5775.0,,,,,,,,,,,,,,,,,,,,,0.2670263507036045,,,,,,,1.9807060225108222,,,,,,,,,,,,,,2,,,,,,,#f79009,,,,,True
2026-05-05,solana,Index,Broad Market,,,,,254354.84672303332,,,,,,,502022.76906,,,,,,,6453.0,,,,,,,245.058148,,,,,,,1.0,,,,,,,0.5066599811783312,,,,,,,39.416526688832064,,,,,,,245.058148,,,,,,,1,,,,,,,#545cf8,,,,True
2026-05-05,solana,Index,Miners,,,,,11438.577279999998,,,,,,,42836.88575999999,,,,,,,5775.0,,,,,,,,,,,,,,,,,,,,,0.2670263507036045,,,,,,,1.9807060225108222,,,,,,,,,,,,,,2,,,,,,,#f79009,,,,True
2026-05-05,solana,Index,Pacifica,,,,,,108891.72303333333,,,,,,,544859.65482,,,,,,,12141.0,,,,,,,,,,,,,,,,,,,,,0.19985279157677185,,,,,,,8.968925379567855,,,,,,,,,,,,,,1,,,,,,,#545cf8,,,True
2026-05-05,solana,Index,___Pacifica,Pacifica,,,,,,108891.72303333333,,,,,,,544859.65482,,,,,,,12141.0,,,,,,,,,,,,,,,,,,,,,0.19985279157677185,,,,,,,8.968925379567855,,,,,,,,,,,,,,1,,,,,,,#545cf8,,True
2026-05-05,solana,Index,___Flash Trade,Flash Trade,,,,,,56150.73239,,,,,,,,,,,,,,10.0,,,,,,,245.058148,,,,,,,1.0,,,,,,,,,,,,,,5615.073238999999,,,,,,,245.058148,,,,,,,2,,,,,,,#f79009,,True
2026-05-05,solana,Index,_QQQ,QQQ,,238108.65082340722,,,,,,,,,,,,,,111.0,,,,,,,0.0,,,,,,,,,,,,,,,,,,,,,2145.122980391056,,,,,,,,,,,,,,4,,,,,,,#63b512,,,,,,True
2026-05-05,solana,Index,Flash Trade,,,,,,56150.73239,,,,,,,,,,,,,,10.0,,,,,,,245.058148,,,,,,,1.0,,,,,,,,,,,,,,5615.073238999999,,,,,,,245.058148,,,,,,,2,,,,,,,#f79009,,,True
2026-05-05,solana,Index,_SPY,SPY,,156901.7009697,,,,,,,,,,,,,,87.0,,,,,,,245.058148,,,,,,,1.0,,,,,,,,,,,,,,1803.467827237931,,,,,,,245.058148,,,,,,,2,,,,,,,#f79009,,,,,,True
2026-05-05,solana,Index,___GMTrade,GMTrade,,,,,,338859.6194031072,,,,,,,,,,,,,,188.0,,,,,,,0.0,,,,,,,,,,,,,,,,,,,,,1802.4447840590808,,,,,,,,,,,,,,3,,,,,,,#904ea6,,True
2026-05-05,solana,Index,Large Cap,,,,,238108.65082340722,,,,,,,,,,,,,,111.0,,,,,,,0.0,,,,,,,,,,,,,,,,,,,,,2145.122980391056,,,,,,,,,,,,,,3,,,,,,,#904ea6,,,,True
2026-05-05,solana,Index,GMTrade,,,,,,338859.6194031072,,,,,,,,,,,,,,188.0,,,,,,,0.0,,,,,,,,,,,,,,,,,,,,,1802.4447840590808,,,,,,,,,,,,,,3,,,,,,,#904ea6,,,True
2026-05-04,solana,Index,Total,,934220.5407313007,,,,,,,523556.04109,,,,,,,12260.0,,,,,,,0.0,,,,,,,0.0,,,,,,,1.7843754391341402,,,,,,,76.20069663387444,,,,,,,,,,,,,,1.0,,,,,,,#545cf8,,,,,,,True
2026-05-04,solana,Index,_SP500,SP500,,250471.18704,,,,,,,482173.90989,,,,,,,6181.0,,,,,,,,,,,,,,,,,,,,,0.5194623390078091,,,,,,,40.52276121016017,,,,,,,,,,,,,,1,,,,,,,#545cf8,,,,,,True
2026-05-04,solana,Index,_URNM,URNM,,13041.081386666667,,,,,,,41382.131199999996,,,,,,,5743.0,,,,,,,,,,,,,,,,,,,,,0.31513798367800516,,,,,,,2.270778580300656,,,,,,,,,,,,,,3,,,,,,,#904ea6,,,,,,True
2026-05-04,solana,Index,__Equity,Equity,,,921179.4593446341,,,,,,,482173.90989,,,,,,,6517.0,,,,,,,0.0,,,,,,,0.0,,,,,,,1.910471388953388,,,,,,,141.35023160114073,,,,,,,,,,,,,,1,,,,,,,#545cf8,,,,,True
2026-05-04,solana,Index,__Commodity,Commodity,,,13041.081386666667,,,,,,,41382.131199999996,,,,,,,5743.0,,,,,,,,,,,,,,,,,,,,,0.31513798367800516,,,,,,,2.270778580300656,,,,,,,,,,,,,,2,,,,,,,#f79009,,,,,True
2026-05-04,solana,Index,Broad Market,,,,,583494.55879042,,,,,,,482173.90989,,,,,,,6325.0,,,,,,,0.0,,,,,,,0.0,,,,,,,1.2101329972904062,,,,,,,92.25210415658813,,,,,,,,,,,,,,1,,,,,,,#545cf8,,,,True
2026-05-04,solana,Index,Miners,,,,,13041.081386666667,,,,,,,41382.131199999996,,,,,,,5743.0,,,,,,,,,,,,,,,,,,,,,0.31513798367800516,,,,,,,2.270778580300656,,,,,,,,,,,,,,2,,,,,,,#f79009,,,,True
2026-05-04,solana,Index,Pacifica,,,,,,263512.2684266667,,,,,,,523556.04109,,,,,,,11924.0,,,,,,,,,,,,,,,,,,,,,0.503312439826033,,,,,,,22.09931804987141,,,,,,,,,,,,,,1,,,,,,,#545cf8,,,True
2026-05-04,solana,Index,___Pacifica,Pacifica,,,,,,263512.2684266667,,,,,,,523556.04109,,,,,,,11924.0,,,,,,,,,,,,,,,,,,,,,0.503312439826033,,,,,,,22.09931804987141,,,,,,,,,,,,,,1,,,,,,,#545cf8,,True
2026-05-04,solana,Index,_SPY,SPY,,333023.37175041996,,,,,,,,,,,,,,144.0,,,,,,,0.0,,,,,,,0.0,,,,,,,,,,,,,,2312.6623038223606,,,,,,,,,,,,,,2,,,,,,,#f79009,,,,,,True
2026-05-04,solana,Index,___Flash Trade,Flash Trade,,,,,,182133.664047,,,,,,,,,,,,,,5.0,,,,,,,0.0,,,,,,,0.0,,,,,,,,,,,,,,36426.7328094,,,,,,,,,,,,,,2,,,,,,,#f79009,,True
2026-05-04,solana,Index,_QQQ,QQQ,,337684.9005542141,,,,,,,,,,,,,,192.0,,,,,,,0.0,,,,,,,,,,,,,,,,,,,,,1758.775523719865,,,,,,,,,,,,,,4,,,,,,,#63b512,,,,,,True
2026-05-04,solana,Index,Large Cap,,,,,337684.9005542141,,,,,,,,,,,,,,192.0,,,,,,,0.0,,,,,,,,,,,,,,,,,,,,,1758.775523719865,,,,,,,,,,,,,,3,,,,,,,#904ea6,,,,True
2026-05-04,solana,Index,GMTrade,,,,,,488574.6082576341,,,,,,,,,,,,,,331.0,,,,,,,0.0,,,,,,,,,,,,,,,,,,,,,1476.0562183010093,,,,,,,,,,,,,,3,,,,,,,#904ea6,,,True
2026-05-04,solana,Index,Flash Trade,,,,,,182133.664047,,,,,,,,,,,,,,5.0,,,,,,,0.0,,,,,,,0.0,,,,,,,,,,,,,,36426.7328094,,,,,,,,,,,,,,2,,,,,,,#f79009,,,True
2026-05-04,solana,Index,___GMTrade,GMTrade,,,,,,488574.6082576341,,,,,,,,,,,,,,331.0,,,,,,,0.0,,,,,,,,,,,,,,,,,,,,,1476.0562183010093,,,,,,,,,,,,,,3,,,,,,,#904ea6,,True
2026-05-03,solana,Index,Total,,79339.37346666667,,,,,,,524879.32017,,,,,,,11882.0,,,,,,,,,,,,,,,,,,,,,0.15115736211700992,,,,,,,6.677274319699265,,,,,,,,,,,,,,1.0,,,,,,,#545cf8,,,,,,,True
2026-05-03,solana,Index,_SP500,SP500,,70727.4256,,,,,,,483944.9862,,,,,,,6199.0,,,,,,,,,,,,,,,,,,,,,0.1461476564833559,,,,,,,11.409489530569447,,,,,,,,,,,,,,1,,,,,,,#545cf8,,,,,,True
2026-05-03,solana,Index,_URNM,URNM,,8611.947866666666,,,,,,,40934.33397,,,,,,,5683.0,,,,,,,,,,,,,,,,,,,,,0.21038446290534982,,,,,,,1.5153876239075603,,,,,,,,,,,,,,3,,,,,,,#904ea6,,,,,,True
2026-05-03,solana,Index,__Equity,Equity,,,70727.4256,,,,,,,483944.9862,,,,,,,6199.0,,,,,,,,,,,,,,,,,,,,,0.1461476564833559,,,,,,,11.409489530569447,,,,,,,,,,,,,,1,,,,,,,#545cf8,,,,,True
2026-05-03,solana,Index,__Commodity,Commodity,,,8611.947866666666,,,,,,,40934.33397,,,,,,,5683.0,,,,,,,,,,,,,,,,,,,,,0.21038446290534982,,,,,,,1.5153876239075603,,,,,,,,,,,,,,2,,,,,,,#f79009,,,,,True
2026-05-03,solana,Index,Broad Market,,,,,70727.4256,,,,,,,483944.9862,,,,,,,6199.0,,,,,,,,,,,,,,,,,,,,,0.1461476564833559,,,,,,,11.409489530569447,,,,,,,,,,,,,,1,,,,,,,#545cf8,,,,True
2026-05-03,solana,Index,Miners,,,,,8611.947866666666,,,,,,,40934.33397,,,,,,,5683.0,,,,,,,,,,,,,,,,,,,,,0.21038446290534982,,,,,,,1.5153876239075603,,,,,,,,,,,,,,2,,,,,,,#f79009,,,,True
2026-05-03,solana,Index,Pacifica,,,,,,79339.37346666667,,,,,,,524879.32017,,,,,,,11882.0,,,,,,,,,,,,,,,,,,,,,0.15115736211700992,,,,,,,6.677274319699265,,,,,,,,,,,,,,1,,,,,,,#545cf8,,,True
2026-05-03,solana,Index,___Pacifica,Pacifica,,,,,,79339.37346666667,,,,,,,524879.32017,,,,,,,11882.0,,,,,,,,,,,,,,,,,,,,,0.15115736211700992,,,,,,,6.677274319699265,,,,,,,,,,,,,,1,,,,,,,#545cf8,,True
2026-05-03,solana,Index,Large Cap,,,,,,,,,,,,,,,,,,,,,,,,,,,,,,,,,,,,,,,,,,,,,,,,,,,,,,,,,,,,,3,,,,,,,#904ea6,,,,True
2026-05-03,solana,Index,_SPY,SPY,,,,,,,,,,,,,,,,,,,,,,,,,,,,,,,,,,,,,,,,,,,,,,,,,,,,,,,,,,2,,,,,,,#f79009,,,,,,True
2026-05-03,solana,Index,Flash Trade,,,,,,,,,,,,,,,,,,,,,,,,,,,,,,,,,,,,,,,,,,,,,,,,,,,,,,,,,,,,,,2,,,,,,,#f79009,,,True
2026-05-03,solana,Index,GMTrade,,,,,,,,,,,,,,,,,,,,,,,,,,,,,,,,,,,,,,,,,,,,,,,,,,,,,,,,,,,,,,3,,,,,,,#904ea6,,,True
2026-05-03,solana,Index,___GMTrade,GMTrade,,,,,,,,,,,,,,,,,,,,,,,,,,,,,,,,,,,,,,,,,,,,,,,,,,,,,,,,,,,,,,3,,,,,,,#904ea6,,True
2026-05-03,solana,Index,_QQQ,QQQ,,,,,,,,,,,,,,,,,,,,,,,,,,,,,,,,,,,,,,,,,,,,,,,,,,,,,,,,,,4,,,,,,,#63b512,,,,,,True
2026-05-03,solana,Index,___Flash Trade,Flash Trade,,,,,,,,,,,,,,,,,,,,,,,,,,,,,,,,,,,,,,,,,,,,,,,,,,,,,,,,,,,,,,2,,,,,,,#f79009,,True
2026-05-02,solana,Index,Total,,52740.636886666674,,,,,,,525047.51714,,,,,,,11861.0,,,,,,,,,,,,,,,,,,,,,0.10044926442839225,,,,,,,4.446559049546132,,,,,,,,,,,,,,1.0,,,,,,,#545cf8,,,,,,,True
2026-05-02,solana,Index,_SP500,SP500,,36442.74764666667,,,,,,,484211.89634000004,,,,,,,6071.0,,,,,,,,,,,,,,,,,,,,,0.07526198328071972,,,,,,,6.002758630648438,,,,,,,,,,,,,,1,,,,,,,#545cf8,,,,,,True
2026-05-02,solana,Index,_URNM,URNM,,16297.889240000002,,,,,,,40835.620800000004,,,,,,,5790.0,,,,,,,,,,,,,,,,,,,,,0.3991096234295525,,,,,,,2.814834065630398,,,,,,,,,,,,,,3,,,,,,,#904ea6,,,,,,True
2026-05-02,solana,Index,__Equity,Equity,,,36442.74764666667,,,,,,,484211.89634000004,,,,,,,6071.0,,,,,,,,,,,,,,,,,,,,,0.07526198328071972,,,,,,,6.002758630648438,,,,,,,,,,,,,,1,,,,,,,#545cf8,,,,,True
2026-05-02,solana,Index,__Commodity,Commodity,,,16297.889240000002,,,,,,,40835.620800000004,,,,,,,5790.0,,,,,,,,,,,,,,,,,,,,,0.3991096234295525,,,,,,,2.814834065630398,,,,,,,,,,,,,,2,,,,,,,#f79009,,,,,True
2026-05-02,solana,Index,Broad Market,,,,,36442.74764666667,,,,,,,484211.89634000004,,,,,,,6071.0,,,,,,,,,,,,,,,,,,,,,0.07526198328071972,,,,,,,6.002758630648438,,,,,,,,,,,,,,1,,,,,,,#545cf8,,,,True
2026-05-02,solana,Index,Miners,,,,,16297.889240000002,,,,,,,40835.620800000004,,,,,,,5790.0,,,,,,,,,,,,,,,,,,,,,0.3991096234295525,,,,,,,2.814834065630398,,,,,,,,,,,,,,2,,,,,,,#f79009,,,,True
2026-05-02,solana,Index,Pacifica,,,,,,52740.636886666674,,,,,,,525047.51714,,,,,,,11861.0,,,,,,,,,,,,,,,,,,,,,0.10044926442839225,,,,,,,4.446559049546132,,,,,,,,,,,,,,1,,,,,,,#545cf8,,,True
2026-05-02,solana,Index,___Pacifica,Pacifica,,,,,,52740.636886666674,,,,,,,525047.51714,,,,,,,11861.0,,,,,,,,,,,,,,,,,,,,,0.10044926442839225,,,,,,,4.446559049546132,,,,,,,,,,,,,,1,,,,,,,#545cf8,,True
2026-05-02,solana,Index,_SPY,SPY,,,,,,,,,,,,,,,,,,,,,,,,,,,,,,,,,,,,,,,,,,,,,,,,,,,,,,,,,,2,,,,,,,#f79009,,,,,,True
2026-05-02,solana,Index,___Flash Trade,Flash Trade,,,,,,,,,,,,,,,,,,,,,,,,,,,,,,,,,,,,,,,,,,,,,,,,,,,,,,,,,,,,,,2,,,,,,,#f79009,,True
2026-05-02,solana,Index,GMTrade,,,,,,,,,,,,,,,,,,,,,,,,,,,,,,,,,,,,,,,,,,,,,,,,,,,,,,,,,,,,,,3,,,,,,,#904ea6,,,True
2026-05-02,solana,Index,Large Cap,,,,,,,,,,,,,,,,,,,,,,,,,,,,,,,,,,,,,,,,,,,,,,,,,,,,,,,,,,,,,3,,,,,,,#904ea6,,,,True
2026-05-02,solana,Index,_QQQ,QQQ,,,,,,,,,,,,,,,,,,,,,,,,,,,,,,,,,,,,,,,,,,,,,,,,,,,,,,,,,,4,,,,,,,#63b512,,,,,,True
2026-05-02,solana,Index,___GMTrade,GMTrade,,,,,,,,,,,,,,,,,,,,,,,,,,,,,,,,,,,,,,,,,,,,,,,,,,,,,,,,,,,,,,3,,,,,,,#904ea6,,True
2026-05-02,solana,Index,Flash Trade,,,,,,,,,,,,,,,,,,,,,,,,,,,,,,,,,,,,,,,,,,,,,,,,,,,,,,,,,,,,,,2,,,,,,,#f79009,,,True
2026-05-01,solana,Index,Total,,712953.4994020483,,,,,,,527253.18614,,,,,,,12795.0,,,,,,,98.026357,,,,,,,1.0,,,,,,,1.352203302215304,,,,,,,55.72125825729178,,,,,,,98.026357,,,,,,,1.0,,,,,,,#545cf8,,,,,,,True
2026-05-01,solana,Index,_SP500,SP500,,314614.7576,,,,,,,487701.10403999995,,,,,,,6890.0,,,,,,,,,,,,,,,,,,,,,0.6450974890026006,,,,,,,45.66251924528302,,,,,,,,,,,,,,1,,,,,,,#545cf8,,,,,,True
2026-05-01,solana,Index,_URNM,URNM,,14931.590986666666,,,,,,,39552.08210000001,,,,,,,5777.0,,,,,,,,,,,,,,,,,,,,,0.37751719236714126,,,,,,,2.584661759852288,,,,,,,,,,,,,,3,,,,,,,#904ea6,,,,,,True
2026-05-01,solana,Index,__Equity,Equity,,,698021.9084153817,,,,,,,487701.10403999995,,,,,,,7018.0,,,,,,,98.026357,,,,,,,1.0,,,,,,,1.4312493915497304,,,,,,,99.46165694149069,,,,,,,98.026357,,,,,,,1,,,,,,,#545cf8,,,,,True
2026-05-01,solana,Index,__Commodity,Commodity,,,14931.590986666666,,,,,,,39552.08210000001,,,,,,,5777.0,,,,,,,,,,,,,,,,,,,,,0.37751719236714126,,,,,,,2.584661759852288,,,,,,,,,,,,,,2,,,,,,,#f79009,,,,,True
2026-05-01,solana,Index,Broad Market,,,,,500386.71950224205,,,,,,,487701.10403999995,,,,,,,6937.0,,,,,,,98.026357,,,,,,,1.0,,,,,,,1.0260110452019844,,,,,,,72.13301419954476,,,,,,,98.026357,,,,,,,1,,,,,,,#545cf8,,,,True
2026-05-01,solana,Index,Miners,,,,,14931.590986666666,,,,,,,39552.08210000001,,,,,,,5777.0,,,,,,,,,,,,,,,,,,,,,0.37751719236714126,,,,,,,2.584661759852288,,,,,,,,,,,,,,2,,,,,,,#f79009,,,,True
2026-05-01,solana,Index,Pacifica,,,,,,329546.3485866667,,,,,,,527253.18614,,,,,,,12667.0,,,,,,,,,,,,,,,,,,,,,0.6250248594973179,,,,,,,26.016132358622144,,,,,,,,,,,,,,1,,,,,,,#545cf8,,,True
2026-05-01,solana,Index,___Pacifica,Pacifica,,,,,,329546.3485866667,,,,,,,527253.18614,,,,,,,12667.0,,,,,,,,,,,,,,,,,,,,,0.6250248594973179,,,,,,,26.016132358622144,,,,,,,,,,,,,,1,,,,,,,#545cf8,,True
2026-05-01,solana,Index,GMTrade,,,,,,274768.3723343816,,,,,,,,,,,,,,120.0,,,,,,,0.0,,,,,,,,,,,,,,,,,,,,,2289.736436119847,,,,,,,,,,,,,,3,,,,,,,#904ea6,,,True
2026-05-01,solana,Index,_QQQ,QQQ,,197635.1889131396,,,,,,,,,,,,,,81.0,,,,,,,0.0,,,,,,,,,,,,,,,,,,,,,2439.940603865921,,,,,,,,,,,,,,4,,,,,,,#63b512,,,,,,True
2026-05-01,solana,Index,___Flash Trade,Flash Trade,,,,,,108638.77848099999,,,,,,,,,,,,,,8.0,,,,,,,98.026357,,,,,,,1.0,,,,,,,,,,,,,,13579.847310124998,,,,,,,98.026357,,,,,,,2,,,,,,,#f79009,,True
2026-05-01,solana,Index,Large Cap,,,,,197635.1889131396,,,,,,,,,,,,,,81.0,,,,,,,0.0,,,,,,,,,,,,,,,,,,,,,2439.940603865921,,,,,,,,,,,,,,3,,,,,,,#904ea6,,,,True
2026-05-01,solana,Index,Flash Trade,,,,,,108638.77848099999,,,,,,,,,,,,,,8.0,,,,,,,98.026357,,,,,,,1.0,,,,,,,,,,,,,,13579.847310124998,,,,,,,98.026357,,,,,,,2,,,,,,,#f79009,,,True
2026-05-01,solana,Index,_SPY,SPY,,185771.961902242,,,,,,,,,,,,,,47.0,,,,,,,98.026357,,,,,,,1.0,,,,,,,,,,,,,,3952.5949340902557,,,,,,,98.026357,,,,,,,2,,,,,,,#f79009,,,,,,True
2026-05-01,solana,Index,___GMTrade,GMTrade,,,,,,274768.3723343816,,,,,,,,,,,,,,120.0,,,,,,,0.0,,,,,,,,,,,,,,,,,,,,,2289.736436119847,,,,,,,,,,,,,,3,,,,,,,#904ea6,,True
2026-04-30,solana,Index,Total,,606379.3891323467,,,,,,,476322.43208,,,,,,,12258.0,,,,,,,28047.94972849039,,,,,,,0.0,,,,,,,1.2730439473203379,,,,,,,49.46805262949476,,,,,,,,,,,,,,1.0,,,,,,,#545cf8,,,,,,,True
2026-04-30,solana,Index,_SP500,SP500,,115073.54273333334,,,,,,,432666.66144,,,,,,,6249.0,,,,,,,,,,,,,,,,,,,,,0.2659635072190353,,,,,,,18.414713191443965,,,,,,,,,,,,,,1,,,,,,,#545cf8,,,,,,True
2026-04-30,solana,Index,_URNM,URNM,,13463.572986666668,,,,,,,43655.770639999995,,,,,,,5730.0,,,,,,,,,,,,,,,,,,,,,0.30840305392136513,,,,,,,2.349663697498546,,,,,,,,,,,,,,3,,,,,,,#904ea6,,,,,,True
2026-04-30,solana,Index,__Equity,Equity,,,592915.8161456799,,,,,,,432666.66144,,,,,,,6528.0,,,,,,,28047.94972849039,,,,,,,0.0,,,,,,,1.3703755546413932,,,,,,,90.82656497329656,,,,,,,,,,,,,,1,,,,,,,#545cf8,,,,,True
2026-04-30,solana,Index,__Commodity,Commodity,,,13463.572986666668,,,,,,,43655.770639999995,,,,,,,5730.0,,,,,,,,,,,,,,,,,,,,,0.30840305392136513,,,,,,,2.349663697498546,,,,,,,,,,,,,,2,,,,,,,#f79009,,,,,True
2026-04-30,solana,Index,Broad Market,,,,,254462.09718401346,,,,,,,432666.66144,,,,,,,6361.0,,,,,,,28047.94972849039,,,,,,,0.0,,,,,,,0.5881250391169808,,,,,,,40.00347385379869,,,,,,,,,,,,,,1,,,,,,,#545cf8,,,,True
2026-04-30,solana,Index,Miners,,,,,13463.572986666668,,,,,,,43655.770639999995,,,,,,,5730.0,,,,,,,,,,,,,,,,,,,,,0.30840305392136513,,,,,,,2.349663697498546,,,,,,,,,,,,,,2,,,,,,,#f79009,,,,True
2026-04-30,solana,Index,Pacifica,,,,,,128537.11572,,,,,,,476322.43208,,,,,,,11979.0,,,,,,,,,,,,,,,,,,,,,0.2698531647117802,,,,,,,10.730204167292763,,,,,,,,,,,,,,1,,,,,,,#545cf8,,,True
2026-04-30,solana,Index,___Pacifica,Pacifica,,,,,,128537.11572,,,,,,,476322.43208,,,,,,,11979.0,,,,,,,,,,,,,,,,,,,,,0.2698531647117802,,,,,,,10.730204167292763,,,,,,,,,,,,,,1,,,,,,,#545cf8,,True
2026-04-30,solana,Index,___Flash Trade,Flash Trade,,,,,,2845.0266629999996,,,,,,,,,,,,,,2.0,,,,,,,0.0,,,,,,,0.0,,,,,,,,,,,,,,1422.5133314999998,,,,,,,,,,,,,,2,,,,,,,#f79009,,True
2026-04-30,solana,Index,_QQQ,QQQ,,338453.7189616665,,,,,,,,,,,,,,167.0,,,,,,,0.0,,,,,,,,,,,,,,,,,,,,,2026.6689758183622,,,,,,,,,,,,,,4,,,,,,,#63b512,,,,,,True
2026-04-30,solana,Index,Flash Trade,,,,,,2845.0266629999996,,,,,,,,,,,,,,2.0,,,,,,,0.0,,,,,,,0.0,,,,,,,,,,,,,,1422.5133314999998,,,,,,,,,,,,,,2,,,,,,,#f79009,,,True
2026-04-30,solana,Index,Large Cap,,,,,338453.7189616665,,,,,,,,,,,,,,167.0,,,,,,,0.0,,,,,,,,,,,,,,,,,,,,,2026.6689758183622,,,,,,,,,,,,,,3,,,,,,,#904ea6,,,,True
2026-04-30,solana,Index,___GMTrade,GMTrade,,,,,,474997.2467493466,,,,,,,,,,,,,,277.0,,,,,,,28047.94972849039,,,,,,,,,,,,,,,,,,,,,1714.7915045102766,,,,,,,,,,,,,,3,,,,,,,#904ea6,,True
2026-04-30,solana,Index,GMTrade,,,,,,474997.2467493466,,,,,,,,,,,,,,277.0,,,,,,,28047.94972849039,,,,,,,,,,,,,,,,,,,,,1714.7915045102766,,,,,,,,,,,,,,3,,,,,,,#904ea6,,,True
2026-04-30,solana,Index,_SPY,SPY,,139388.55445068012,,,,,,,,,,,,,,112.0,,,,,,,28047.94972849039,,,,,,,0.0,,,,,,,,,,,,,,1244.5406647382154,,,,,,,,,,,,,,2,,,,,,,#f79009,,,,,,True
2026-04-29,solana,Index,Total,,680010.0343092333,,,,,,,460976.16052000003,,,,,,,12837.0,,,,,,,0.0,,,,,,,0.0,,,,,,,1.4751522802006813,,,,,,,52.972659835571655,,,,,,,,,,,,,,1.0,,,,,,,#545cf8,,,,,,,True
2026-04-29,solana,Index,_SP500,SP500,,120032.75773333333,,,,,,,418278.52464,,,,,,,6899.0,,,,,,,,,,,,,,,,,,,,,0.28696849267277585,,,,,,,17.39857337778422,,,,,,,,,,,,,,1,,,,,,,#545cf8,,,,,,True
2026-04-29,solana,Index,_URNM,URNM,,14963.969719999997,,,,,,,42697.635879999994,,,,,,,5778.0,,,,,,,,,,,,,,,,,,,,,0.35046365944137137,,,,,,,2.58981822776047,,,,,,,,,,,,,,3,,,,,,,#904ea6,,,,,,True
2026-04-29,solana,Index,__Equity,Equity,,,665046.0645892333,,,,,,,418278.52464,,,,,,,7059.0,,,,,,,0.0,,,,,,,0.0,,,,,,,1.5899598602668372,,,,,,,94.21250383754544,,,,,,,,,,,,,,1,,,,,,,#545cf8,,,,,True
2026-04-29,solana,Index,__Commodity,Commodity,,,14963.969719999997,,,,,,,42697.635879999994,,,,,,,5778.0,,,,,,,,,,,,,,,,,,,,,0.35046365944137137,,,,,,,2.58981822776047,,,,,,,,,,,,,,2,,,,,,,#f79009,,,,,True
2026-04-29,solana,Index,Broad Market,,,,,290396.36616953334,,,,,,,418278.52464,,,,,,,6972.0,,,,,,,0.0,,,,,,,0.0,,,,,,,0.6942655409322507,,,,,,,41.65180237658252,,,,,,,,,,,,,,1,,,,,,,#545cf8,,,,True
2026-04-29,solana,Index,Miners,,,,,14963.969719999997,,,,,,,42697.635879999994,,,,,,,5778.0,,,,,,,,,,,,,,,,,,,,,0.35046365944137137,,,,,,,2.58981822776047,,,,,,,,,,,,,,2,,,,,,,#f79009,,,,True
2026-04-29,solana,Index,Pacifica,,,,,,134996.72745333333,,,,,,,460976.16052000003,,,,,,,12677.0,,,,,,,,,,,,,,,,,,,,,0.2928496937912179,,,,,,,10.64894907733165,,,,,,,,,,,,,,1,,,,,,,#545cf8,,,True
2026-04-29,solana,Index,___Pacifica,Pacifica,,,,,,134996.72745333333,,,,,,,460976.16052000003,,,,,,,12677.0,,,,,,,,,,,,,,,,,,,,,0.2928496937912179,,,,,,,10.64894907733165,,,,,,,,,,,,,,1,,,,,,,#545cf8,,True
2026-04-29,solana,Index,Flash Trade,,,,,,3374.015113,,,,,,,,,,,,,,5.0,,,,,,,0.0,,,,,,,0.0,,,,,,,,,,,,,,674.8030226,,,,,,,,,,,,,,2,,,,,,,#f79009,,,True
2026-04-29,solana,Index,Large Cap,,,,,374649.69841969997,,,,,,,,,,,,,,87.0,,,,,,,0.0,,,,,,,,,,,,,,,,,,,,,4306.318372640229,,,,,,,,,,,,,,3,,,,,,,#904ea6,,,,True
2026-04-29,solana,Index,_SPY,SPY,,170363.60843619998,,,,,,,,,,,,,,73.0,,,,,,,0.0,,,,,,,0.0,,,,,,,,,,,,,,2333.7480607698626,,,,,,,,,,,,,,2,,,,,,,#f79009,,,,,,True
2026-04-29,solana,Index,_QQQ,QQQ,,374649.69841969997,,,,,,,,,,,,,,87.0,,,,,,,0.0,,,,,,,,,,,,,,,,,,,,,4306.318372640229,,,,,,,,,,,,,,4,,,,,,,#63b512,,,,,,True
2026-04-29,solana,Index,GMTrade,,,,,,541639.2917428999,,,,,,,,,,,,,,155.0,,,,,,,0.0,,,,,,,,,,,,,,,,,,,,,3494.44704350258,,,,,,,,,,,,,,3,,,,,,,#904ea6,,,True
2026-04-29,solana,Index,___GMTrade,GMTrade,,,,,,541639.2917428999,,,,,,,,,,,,,,155.0,,,,,,,0.0,,,,,,,,,,,,,,,,,,,,,3494.44704350258,,,,,,,,,,,,,,3,,,,,,,#904ea6,,True
2026-04-29,solana,Index,___Flash Trade,Flash Trade,,,,,,3374.015113,,,,,,,,,,,,,,5.0,,,,,,,0.0,,,,,,,0.0,,,,,,,,,,,,,,674.8030226,,,,,,,,,,,,,,2,,,,,,,#f79009,,True
2026-04-28,solana,Index,Total,,686720.2880223268,,,,,,,461265.77148,,,,,,,12965.0,,,,,,,61048.2741516,,,,,,,0.0,,,,,,,1.4887735671756912,,,,,,,52.96724165231984,,,,,,,,,,,,,,1.0,,,,,,,#545cf8,,,,,,,True
2026-04-28,solana,Index,_SP500,SP500,,167782.97536,,,,,,,422622.51900000003,,,,,,,7031.0,,,,,,,,,,,,,,,,,,,,,0.3970043426862448,,,,,,,23.863316080216187,,,,,,,,,,,,,,1,,,,,,,#545cf8,,,,,,True
2026-04-28,solana,Index,_URNM,URNM,,9692.72768,,,,,,,38643.252479999996,,,,,,,5757.0,,,,,,,,,,,,,,,,,,,,,0.2508258766525028,,,,,,,1.6836421191592843,,,,,,,,,,,,,,3,,,,,,,#904ea6,,,,,,True
2026-04-28,solana,Index,__Equity,Equity,,,677027.5603423268,,,,,,,422622.51900000003,,,,,,,7208.0,,,,,,,61048.2741516,,,,,,,0.0,,,,,,,1.6019675476458146,,,,,,,93.92724200087774,,,,,,,,,,,,,,1,,,,,,,#545cf8,,,,,True
2026-04-28,solana,Index,__Commodity,Commodity,,,9692.72768,,,,,,,38643.252479999996,,,,,,,5757.0,,,,,,,,,,,,,,,,,,,,,0.2508258766525028,,,,,,,1.6836421191592843,,,,,,,,,,,,,,2,,,,,,,#f79009,,,,,True
2026-04-28,solana,Index,Broad Market,,,,,347782.1334872,,,,,,,422622.51900000003,,,,,,,7105.0,,,,,,,61048.2741516,,,,,,,0.0,,,,,,,0.8229143451941803,,,,,,,48.948928006643214,,,,,,,,,,,,,,1,,,,,,,#545cf8,,,,True
2026-04-28,solana,Index,Miners,,,,,9692.72768,,,,,,,38643.252479999996,,,,,,,5757.0,,,,,,,,,,,,,,,,,,,,,0.2508258766525028,,,,,,,1.6836421191592843,,,,,,,,,,,,,,2,,,,,,,#f79009,,,,True
2026-04-28,solana,Index,Pacifica,,,,,,177475.70304000002,,,,,,,461265.77148,,,,,,,12788.0,,,,,,,,,,,,,,,,,,,,,0.38475801590601044,,,,,,,13.878300206443543,,,,,,,,,,,,,,1,,,,,,,#545cf8,,,True
2026-04-28,solana,Index,___Pacifica,Pacifica,,,,,,177475.70304000002,,,,,,,461265.77148,,,,,,,12788.0,,,,,,,,,,,,,,,,,,,,,0.38475801590601044,,,,,,,13.878300206443543,,,,,,,,,,,,,,1,,,,,,,#545cf8,,True
2026-04-28,solana,Index,Flash Trade,,,,,,51102.609824,,,,,,,,,,,,,,4.0,,,,,,,0.0,,,,,,,0.0,,,,,,,,,,,,,,12775.652456,,,,,,,,,,,,,,2,,,,,,,#f79009,,,True
2026-04-28,solana,Index,_QQQ,QQQ,,329245.4268551268,,,,,,,,,,,,,,103.0,,,,,,,0.0,,,,,,,,,,,,,,,,,,,,,3196.5575422827847,,,,,,,,,,,,,,4,,,,,,,#63b512,,,,,,True
2026-04-28,solana,Index,GMTrade,,,,,,458141.9751583268,,,,,,,,,,,,,,173.0,,,,,,,61048.2741516,,,,,,,,,,,,,,,,,,,,,2648.219509585704,,,,,,,,,,,,,,3,,,,,,,#904ea6,,,True
2026-04-28,solana,Index,___Flash Trade,Flash Trade,,,,,,51102.609824,,,,,,,,,,,,,,4.0,,,,,,,0.0,,,,,,,0.0,,,,,,,,,,,,,,12775.652456,,,,,,,,,,,,,,2,,,,,,,#f79009,,True
2026-04-28,solana,Index,Large Cap,,,,,329245.4268551268,,,,,,,,,,,,,,103.0,,,,,,,0.0,,,,,,,,,,,,,,,,,,,,,3196.5575422827847,,,,,,,,,,,,,,3,,,,,,,#904ea6,,,,True
2026-04-28,solana,Index,_SPY,SPY,,179999.15812719997,,,,,,,,,,,,,,74.0,,,,,,,61048.2741516,,,,,,,0.0,,,,,,,,,,,,,,2432.4210557729725,,,,,,,,,,,,,,2,,,,,,,#f79009,,,,,,True
2026-04-28,solana,Index,___GMTrade,GMTrade,,,,,,458141.9751583268,,,,,,,,,,,,,,173.0,,,,,,,61048.2741516,,,,,,,,,,,,,,,,,,,,,2648.219509585704,,,,,,,,,,,,,,3,,,,,,,#904ea6,,True
2026-04-27,solana,Index,Total,,579204.5198810748,,,,,,,413454.1234,,,,,,,12167.0,,,,,,,4462.221762081899,,,,,,,0.0,,,,,,,1.4008918694970132,,,,,,,47.60454671497286,,,,,,,,,,,,,,1.0,,,,,,,#545cf8,,,,,,,True
2026-04-27,solana,Index,_SP500,SP500,,85939.31313333333,,,,,,,372976.46940999996,,,,,,,6150.0,,,,,,,,,,,,,,,,,,,,,0.23041483895559978,,,,,,,13.973872054200541,,,,,,,,,,,,,,1,,,,,,,#545cf8,,,,,,True
2026-04-27,solana,Index,_URNM,URNM,,21340.954933333338,,,,,,,40477.653990000006,,,,,,,5858.0,,,,,,,,,,,,,,,,,,,,,0.5272280586865439,,,,,,,3.643044543074998,,,,,,,,,,,,,,3,,,,,,,#904ea6,,,,,,True
2026-04-27,solana,Index,__Equity,Equity,,,557863.5649477415,,,,,,,372976.46940999996,,,,,,,6309.0,,,,,,,4462.221762081899,,,,,,,0.0,,,,,,,1.495707130882033,,,,,,,88.42345299536241,,,,,,,,,,,,,,1,,,,,,,#545cf8,,,,,True
2026-04-27,solana,Index,__Commodity,Commodity,,,21340.954933333338,,,,,,,40477.653990000006,,,,,,,5858.0,,,,,,,,,,,,,,,,,,,,,0.5272280586865439,,,,,,,3.643044543074998,,,,,,,,,,,,,,2,,,,,,,#f79009,,,,,True
2026-04-27,solana,Index,Broad Market,,,,,321111.0330030879,,,,,,,372976.46940999996,,,,,,,6229.0,,,,,,,0.0,,,,,,,0.0,,,,,,,0.8609418001919628,,,,,,,51.550976561741514,,,,,,,,,,,,,,1,,,,,,,#545cf8,,,,True
2026-04-27,solana,Index,Miners,,,,,21340.954933333338,,,,,,,40477.653990000006,,,,,,,5858.0,,,,,,,,,,,,,,,,,,,,,0.5272280586865439,,,,,,,3.643044543074998,,,,,,,,,,,,,,2,,,,,,,#f79009,,,,True
2026-04-27,solana,Index,Pacifica,,,,,,107280.26806666667,,,,,,,413454.1234,,,,,,,12008.0,,,,,,,,,,,,,,,,,,,,,0.25947320874310736,,,,,,,8.934066294692428,,,,,,,,,,,,,,1,,,,,,,#545cf8,,,True
2026-04-27,solana,Index,___Pacifica,Pacifica,,,,,,107280.26806666667,,,,,,,413454.1234,,,,,,,12008.0,,,,,,,,,,,,,,,,,,,,,0.25947320874310736,,,,,,,8.934066294692428,,,,,,,,,,,,,,1,,,,,,,#545cf8,,True
2026-04-27,solana,Index,Flash Trade,,,,,,111044.795402,,,,,,,,,,,,,,6.0,,,,,,,0.0,,,,,,,0.0,,,,,,,,,,,,,,18507.465900333333,,,,,,,,,,,,,,2,,,,,,,#f79009,,,True
2026-04-27,solana,Index,GMTrade,,,,,,360879.4564124081,,,,,,,,,,,,,,153.0,,,,,,,4462.221762081899,,,,,,,,,,,,,,,,,,,,,2358.6892575974384,,,,,,,,,,,,,,3,,,,,,,#904ea6,,,True
2026-04-27,solana,Index,_QQQ,QQQ,,236752.53194465348,,,,,,,,,,,,,,80.0,,,,,,,4462.221762081899,,,,,,,,,,,,,,,,,,,,,2959.4066493081687,,,,,,,,,,,,,,4,,,,,,,#63b512,,,,,,True
2026-04-27,solana,Index,___GMTrade,GMTrade,,,,,,360879.4564124081,,,,,,,,,,,,,,153.0,,,,,,,4462.221762081899,,,,,,,,,,,,,,,,,,,,,2358.6892575974384,,,,,,,,,,,,,,3,,,,,,,#904ea6,,True
2026-04-27,solana,Index,___Flash Trade,Flash Trade,,,,,,111044.795402,,,,,,,,,,,,,,6.0,,,,,,,0.0,,,,,,,0.0,,,,,,,,,,,,,,18507.465900333333,,,,,,,,,,,,,,2,,,,,,,#f79009,,True
2026-04-27,solana,Index,_SPY,SPY,,235171.7198697546,,,,,,,,,,,,,,79.0,,,,,,,0.0,,,,,,,0.0,,,,,,,,,,,,,,2976.8572135411973,,,,,,,,,,,,,,2,,,,,,,#f79009,,,,,,True
2026-04-27,solana,Index,Large Cap,,,,,236752.53194465348,,,,,,,,,,,,,,80.0,,,,,,,4462.221762081899,,,,,,,,,,,,,,,,,,,,,2959.4066493081687,,,,,,,,,,,,,,3,,,,,,,#904ea6,,,,True
2026-04-26,solana,Index,Total,,62684.04707999999,,,,,,,404575.74201000005,,,,,,,11948.0,,,,,,,,,,,,,,,,,,,,,0.15493772999976504,,,,,,,5.2464050117174414,,,,,,,,,,,,,,1.0,,,,,,,#545cf8,,,,,,,True
2026-04-26,solana,Index,_SP500,SP500,,53040.548879999995,,,,,,,363087.52689000004,,,,,,,6205.0,,,,,,,,,,,,,,,,,,,,,0.14608199112295314,,,,,,,8.548033663174857,,,,,,,,,,,,,,1,,,,,,,#545cf8,,,,,,True
2026-04-26,solana,Index,_URNM,URNM,,9643.498199999998,,,,,,,41488.21511999999,,,,,,,5743.0,,,,,,,,,,,,,,,,,,,,,0.23243945713517114,,,,,,,1.6791743339717915,,,,,,,,,,,,,,3,,,,,,,#904ea6,,,,,,True
2026-04-26,solana,Index,__Equity,Equity,,,53040.548879999995,,,,,,,363087.52689000004,,,,,,,6205.0,,,,,,,,,,,,,,,,,,,,,0.14608199112295314,,,,,,,8.548033663174857,,,,,,,,,,,,,,1,,,,,,,#545cf8,,,,,True
2026-04-26,solana,Index,__Commodity,Commodity,,,9643.498199999998,,,,,,,41488.21511999999,,,,,,,5743.0,,,,,,,,,,,,,,,,,,,,,0.23243945713517114,,,,,,,1.6791743339717915,,,,,,,,,,,,,,2,,,,,,,#f79009,,,,,True
2026-04-26,solana,Index,Broad Market,,,,,53040.548879999995,,,,,,,363087.52689000004,,,,,,,6205.0,,,,,,,,,,,,,,,,,,,,,0.14608199112295314,,,,,,,8.548033663174857,,,,,,,,,,,,,,1,,,,,,,#545cf8,,,,True
2026-04-26,solana,Index,Miners,,,,,9643.498199999998,,,,,,,41488.21511999999,,,,,,,5743.0,,,,,,,,,,,,,,,,,,,,,0.23243945713517114,,,,,,,1.6791743339717915,,,,,,,,,,,,,,2,,,,,,,#f79009,,,,True
2026-04-26,solana,Index,Pacifica,,,,,,62684.04707999999,,,,,,,404575.74201000005,,,,,,,11948.0,,,,,,,,,,,,,,,,,,,,,0.15493772999976504,,,,,,,5.2464050117174414,,,,,,,,,,,,,,1,,,,,,,#545cf8,,,True
2026-04-26,solana,Index,___Pacifica,Pacifica,,,,,,62684.04707999999,,,,,,,404575.74201000005,,,,,,,11948.0,,,,,,,,,,,,,,,,,,,,,0.15493772999976504,,,,,,,5.2464050117174414,,,,,,,,,,,,,,1,,,,,,,#545cf8,,True
2026-04-26,solana,Index,GMTrade,,,,,,,,,,,,,,,,,,,,,,,,,,,,,,,,,,,,,,,,,,,,,,,,,,,,,,,,,,,,,,3,,,,,,,#904ea6,,,True
2026-04-26,solana,Index,Large Cap,,,,,,,,,,,,,,,,,,,,,,,,,,,,,,,,,,,,,,,,,,,,,,,,,,,,,,,,,,,,,3,,,,,,,#904ea6,,,,True
2026-04-26,solana,Index,Flash Trade,,,,,,,,,,,,,,,,,,,,,,,,,,,,,,,,,,,,,,,,,,,,,,,,,,,,,,,,,,,,,,2,,,,,,,#f79009,,,True
2026-04-26,solana,Index,_QQQ,QQQ,,,,,,,,,,,,,,,,,,,,,,,,,,,,,,,,,,,,,,,,,,,,,,,,,,,,,,,,,,4,,,,,,,#63b512,,,,,,True
2026-04-26,solana,Index,___GMTrade,GMTrade,,,,,,,,,,,,,,,,,,,,,,,,,,,,,,,,,,,,,,,,,,,,,,,,,,,,,,,,,,,,,,3,,,,,,,#904ea6,,True
2026-04-26,solana,Index,___Flash Trade,Flash Trade,,,,,,,,,,,,,,,,,,,,,,,,,,,,,,,,,,,,,,,,,,,,,,,,,,,,,,,,,,,,,,2,,,,,,,#f79009,,True
2026-04-26,solana,Index,_SPY,SPY,,,,,,,,,,,,,,,,,,,,,,,,,,,,,,,,,,,,,,,,,,,,,,,,,,,,,,,,,,2,,,,,,,#f79009,,,,,,True
2026-04-25,solana,Index,Total,,69624.61723333335,,,,,,,421891.0816,,,,,,,12019.0,,,,,,,,,,,,,,,,,,,,,0.1650298389083875,,,,,,,5.792879377097375,,,,,,,,,,,,,,1.0,,,,,,,#545cf8,,,,,,,True
2026-04-25,solana,Index,_SP500,SP500,,47408.49120000001,,,,,,,382298.448,,,,,,,6113.0,,,,,,,,,,,,,,,,,,,,,0.12400911237808639,,,,,,,7.7553559954196,,,,,,,,,,,,,,1,,,,,,,#545cf8,,,,,,True
2026-04-25,solana,Index,_URNM,URNM,,22216.126033333334,,,,,,,39592.6336,,,,,,,5906.0,,,,,,,,,,,,,,,,,,,,,0.5611176628910418,,,,,,,3.7616197144147194,,,,,,,,,,,,,,3,,,,,,,#904ea6,,,,,,True
2026-04-25,solana,Index,__Equity,Equity,,,47408.49120000001,,,,,,,382298.448,,,,,,,6113.0,,,,,,,,,,,,,,,,,,,,,0.12400911237808639,,,,,,,7.7553559954196,,,,,,,,,,,,,,1,,,,,,,#545cf8,,,,,True
2026-04-25,solana,Index,__Commodity,Commodity,,,22216.126033333334,,,,,,,39592.6336,,,,,,,5906.0,,,,,,,,,,,,,,,,,,,,,0.5611176628910418,,,,,,,3.7616197144147194,,,,,,,,,,,,,,2,,,,,,,#f79009,,,,,True
2026-04-25,solana,Index,Broad Market,,,,,47408.49120000001,,,,,,,382298.448,,,,,,,6113.0,,,,,,,,,,,,,,,,,,,,,0.12400911237808639,,,,,,,7.7553559954196,,,,,,,,,,,,,,1,,,,,,,#545cf8,,,,True
2026-04-25,solana,Index,Miners,,,,,22216.126033333334,,,,,,,39592.6336,,,,,,,5906.0,,,,,,,,,,,,,,,,,,,,,0.5611176628910418,,,,,,,3.7616197144147194,,,,,,,,,,,,,,2,,,,,,,#f79009,,,,True
2026-04-25,solana,Index,Pacifica,,,,,,69624.61723333335,,,,,,,421891.0816,,,,,,,12019.0,,,,,,,,,,,,,,,,,,,,,0.1650298389083875,,,,,,,5.792879377097375,,,,,,,,,,,,,,1,,,,,,,#545cf8,,,True
2026-04-25,solana,Index,___Pacifica,Pacifica,,,,,,69624.61723333335,,,,,,,421891.0816,,,,,,,12019.0,,,,,,,,,,,,,,,,,,,,,0.1650298389083875,,,,,,,5.792879377097375,,,,,,,,,,,,,,1,,,,,,,#545cf8,,True
2026-04-25,solana,Index,___GMTrade,GMTrade,,,,,,,,,,,,,,,,,,,,,,,,,,,,,,,,,,,,,,,,,,,,,,,,,,,,,,,,,,,,,,3,,,,,,,#904ea6,,True
2026-04-25,solana,Index,Large Cap,,,,,,,,,,,,,,,,,,,,,,,,,,,,,,,,,,,,,,,,,,,,,,,,,,,,,,,,,,,,,3,,,,,,,#904ea6,,,,True
2026-04-25,solana,Index,Flash Trade,,,,,,,,,,,,,,,,,,,,,,,,,,,,,,,,,,,,,,,,,,,,,,,,,,,,,,,,,,,,,,2,,,,,,,#f79009,,,True
2026-04-25,solana,Index,GMTrade,,,,,,,,,,,,,,,,,,,,,,,,,,,,,,,,,,,,,,,,,,,,,,,,,,,,,,,,,,,,,,3,,,,,,,#904ea6,,,True
2026-04-25,solana,Index,_QQQ,QQQ,,,,,,,,,,,,,,,,,,,,,,,,,,,,,,,,,,,,,,,,,,,,,,,,,,,,,,,,,,4,,,,,,,#63b512,,,,,,True
2026-04-25,solana,Index,___Flash Trade,Flash Trade,,,,,,,,,,,,,,,,,,,,,,,,,,,,,,,,,,,,,,,,,,,,,,,,,,,,,,,,,,,,,,2,,,,,,,#f79009,,True
2026-04-25,solana,Index,_SPY,SPY,,,,,,,,,,,,,,,,,,,,,,,,,,,,,,,,,,,,,,,,,,,,,,,,,,,,,,,,,,2,,,,,,,#f79009,,,,,,True
2026-04-24,solana,Index,Total,,1186719.8508697997,,,,,,,423053.57452,,,,,,,12489.0,,,,,,,0.0,,,,,,,0.0,,,,,,,2.8051290010166245,,,,,,,95.0212067315077,,,,,,,,,,,,,,1.0,,,,,,,#545cf8,,,,,,,True
2026-04-24,solana,Index,_SP500,SP500,,134552.45295333336,,,,,,,376927.77760000003,,,,,,,6348.0,,,,,,,,,,,,,,,,,,,,,0.3569714437340352,,,,,,,21.196038587481624,,,,,,,,,,,,,,1,,,,,,,#545cf8,,,,,,True
2026-04-24,solana,Index,_URNM,URNM,,16057.488420000001,,,,,,,46125.79692,,,,,,,5754.0,,,,,,,,,,,,,,,,,,,,,0.3481238155700574,,,,,,,2.790665349322211,,,,,,,,,,,,,,3,,,,,,,#904ea6,,,,,,True
2026-04-24,solana,Index,__Equity,Equity,,,1170662.3624497997,,,,,,,376927.77760000003,,,,,,,6735.0,,,,,,,0.0,,,,,,,0.0,,,,,,,3.1058001877805874,,,,,,,173.81772270969557,,,,,,,,,,,,,,1,,,,,,,#545cf8,,,,,True
2026-04-24,solana,Index,__Commodity,Commodity,,,16057.488420000001,,,,,,,46125.79692,,,,,,,5754.0,,,,,,,,,,,,,,,,,,,,,0.3481238155700574,,,,,,,2.790665349322211,,,,,,,,,,,,,,2,,,,,,,#f79009,,,,,True
2026-04-24,solana,Index,Broad Market,,,,,440973.88817657565,,,,,,,376927.77760000003,,,,,,,6504.0,,,,,,,0.0,,,,,,,0.0,,,,,,,1.1699161334947887,,,,,,,67.80041331128162,,,,,,,,,,,,,,1,,,,,,,#545cf8,,,,True
2026-04-24,solana,Index,Miners,,,,,16057.488420000001,,,,,,,46125.79692,,,,,,,5754.0,,,,,,,,,,,,,,,,,,,,,0.3481238155700574,,,,,,,2.790665349322211,,,,,,,,,,,,,,2,,,,,,,#f79009,,,,True
2026-04-24,solana,Index,Pacifica,,,,,,150609.94137333336,,,,,,,423053.57452,,,,,,,12102.0,,,,,,,,,,,,,,,,,,,,,0.3560067812787461,,,,,,,12.445045560513416,,,,,,,,,,,,,,1,,,,,,,#545cf8,,,True
2026-04-24,solana,Index,___Pacifica,Pacifica,,,,,,150609.94137333336,,,,,,,423053.57452,,,,,,,12102.0,,,,,,,,,,,,,,,,,,,,,0.3560067812787461,,,,,,,12.445045560513416,,,,,,,,,,,,,,1,,,,,,,#545cf8,,True
2026-04-24,solana,Index,Flash Trade,,,,,,6846.449855,,,,,,,,,,,,,,3.0,,,,,,,0.0,,,,,,,0.0,,,,,,,,,,,,,,2282.1499516666668,,,,,,,,,,,,,,2,,,,,,,#f79009,,,True
2026-04-24,solana,Index,GMTrade,,,,,,1029263.4596414662,,,,,,,,,,,,,,384.0,,,,,,,0.0,,,,,,,,,,,,,,,,,,,,,2680.3735928163183,,,,,,,,,,,,,,3,,,,,,,#904ea6,,,True
2026-04-24,solana,Index,_QQQ,QQQ,,729688.4742732239,,,,,,,,,,,,,,231.0,,,,,,,0.0,,,,,,,,,,,,,,,,,,,,,3158.82456395335,,,,,,,,,,,,,,4,,,,,,,#63b512,,,,,,True
2026-04-24,solana,Index,Large Cap,,,,,729688.4742732239,,,,,,,,,,,,,,231.0,,,,,,,0.0,,,,,,,,,,,,,,,,,,,,,3158.82456395335,,,,,,,,,,,,,,3,,,,,,,#904ea6,,,,True
2026-04-24,solana,Index,___Flash Trade,Flash Trade,,,,,,6846.449855,,,,,,,,,,,,,,3.0,,,,,,,0.0,,,,,,,0.0,,,,,,,,,,,,,,2282.1499516666668,,,,,,,,,,,,,,2,,,,,,,#f79009,,True
2026-04-24,solana,Index,___GMTrade,GMTrade,,,,,,1029263.4596414662,,,,,,,,,,,,,,384.0,,,,,,,0.0,,,,,,,,,,,,,,,,,,,,,2680.3735928163183,,,,,,,,,,,,,,3,,,,,,,#904ea6,,True
2026-04-24,solana,Index,_SPY,SPY,,306421.4352232423,,,,,,,,,,,,,,156.0,,,,,,,0.0,,,,,,,0.0,,,,,,,,,,,,,,1964.2399693797586,,,,,,,,,,,,,,2,,,,,,,#f79009,,,,,,True
2026-04-23,solana,Index,Total,,835969.9374425118,,,,,,,419435.99389000004,,,,,,,12336.0,,,,,,,0.0,,,,,,,0.0,,,,,,,1.9930810650975048,,,,,,,67.76669402095588,,,,,,,,,,,,,,1.0,,,,,,,#545cf8,,,,,,,True
2026-04-23,solana,Index,_SP500,SP500,,75009.83228000002,,,,,,,365873.01374,,,,,,,6257.0,,,,,,,,,,,,,,,,,,,,,0.2050160286850349,,,,,,,11.988146440786322,,,,,,,,,,,,,,1,,,,,,,#545cf8,,,,,,True
2026-04-23,solana,Index,_URNM,URNM,,16579.51052,,,,,,,53562.98015,,,,,,,5802.0,,,,,,,,,,,,,,,,,,,,,0.3095330109260173,,,,,,,2.8575509341606344,,,,,,,,,,,,,,3,,,,,,,#904ea6,,,,,,True
2026-04-23,solana,Index,__Equity,Equity,,,819390.4269225118,,,,,,,365873.01374,,,,,,,6534.0,,,,,,,0.0,,,,,,,0.0,,,,,,,2.23954868533921,,,,,,,125.40410574265562,,,,,,,,,,,,,,1,,,,,,,#545cf8,,,,,True
2026-04-23,solana,Index,__Commodity,Commodity,,,16579.51052,,,,,,,53562.98015,,,,,,,5802.0,,,,,,,,,,,,,,,,,,,,,0.3095330109260173,,,,,,,2.8575509341606344,,,,,,,,,,,,,,2,,,,,,,#f79009,,,,,True
2026-04-23,solana,Index,Broad Market,,,,,324494.615312001,,,,,,,365873.01374,,,,,,,6370.0,,,,,,,0.0,,,,,,,0.0,,,,,,,0.8869050274984105,,,,,,,50.941069907692466,,,,,,,,,,,,,,1,,,,,,,#545cf8,,,,True
2026-04-23,solana,Index,Miners,,,,,16579.51052,,,,,,,53562.98015,,,,,,,5802.0,,,,,,,,,,,,,,,,,,,,,0.3095330109260173,,,,,,,2.8575509341606344,,,,,,,,,,,,,,2,,,,,,,#f79009,,,,True
2026-04-23,solana,Index,Pacifica,,,,,,91589.34280000001,,,,,,,419435.99389000004,,,,,,,12059.0,,,,,,,,,,,,,,,,,,,,,0.21836309743130902,,,,,,,7.595102645327143,,,,,,,,,,,,,,1,,,,,,,#545cf8,,,True
2026-04-23,solana,Index,___Pacifica,Pacifica,,,,,,91589.34280000001,,,,,,,419435.99389000004,,,,,,,12059.0,,,,,,,,,,,,,,,,,,,,,0.21836309743130902,,,,,,,7.595102645327143,,,,,,,,,,,,,,1,,,,,,,#545cf8,,True
2026-04-23,solana,Index,_SPY,SPY,,249484.78303200103,,,,,,,,,,,,,,113.0,,,,,,,0.0,,,,,,,0.0,,,,,,,,,,,,,,2207.8299383362923,,,,,,,,,,,,,,2,,,,,,,#f79009,,,,,,True
2026-04-23,solana,Index,Flash Trade,,,,,,46799.265543999994,,,,,,,,,,,,,,11.0,,,,,,,0.0,,,,,,,0.0,,,,,,,,,,,,,,4254.4786858181815,,,,,,,,,,,,,,2,,,,,,,#f79009,,,True
2026-04-23,solana,Index,GMTrade,,,,,,697581.3290985117,,,,,,,,,,,,,,266.0,,,,,,,0.0,,,,,,,,,,,,,,,,,,,,,2622.486199618465,,,,,,,,,,,,,,3,,,,,,,#904ea6,,,True
2026-04-23,solana,Index,Large Cap,,,,,494895.81161051075,,,,,,,,,,,,,,164.0,,,,,,,0.0,,,,,,,,,,,,,,,,,,,,,3017.657387868968,,,,,,,,,,,,,,3,,,,,,,#904ea6,,,,True
2026-04-23,solana,Index,___GMTrade,GMTrade,,,,,,697581.3290985117,,,,,,,,,,,,,,266.0,,,,,,,0.0,,,,,,,,,,,,,,,,,,,,,2622.486199618465,,,,,,,,,,,,,,3,,,,,,,#904ea6,,True
2026-04-23,solana,Index,___Flash Trade,Flash Trade,,,,,,46799.265543999994,,,,,,,,,,,,,,11.0,,,,,,,0.0,,,,,,,0.0,,,,,,,,,,,,,,4254.4786858181815,,,,,,,,,,,,,,2,,,,,,,#f79009,,True
2026-04-23,solana,Index,_QQQ,QQQ,,494895.81161051075,,,,,,,,,,,,,,164.0,,,,,,,0.0,,,,,,,,,,,,,,,,,,,,,3017.657387868968,,,,,,,,,,,,,,4,,,,,,,#63b512,,,,,,True
2026-04-22,solana,Index,Total,,575399.8899666949,,,,,,,400798.19269000005,,,,,,,12344.0,,,,,,,9978.255990280117,,,,,,,0.0,,,,,,,1.435634941626949,,,,,,,46.61373055465772,,,,,,,,,,,,,,1.0,,,,,,,#545cf8,,,,,,,True
2026-04-22,solana,Index,_SP500,SP500,,113377.2222,,,,,,,352353.71154000005,,,,,,,6345.0,,,,,,,,,,,,,,,,,,,,,0.3217710456474904,,,,,,,17.868750543735224,,,,,,,,,,,,,,1,,,,,,,#545cf8,,,,,,True
2026-04-22,solana,Index,_URNM,URNM,,9187.58988,,,,,,,48444.48115000001,,,,,,,5774.0,,,,,,,,,,,,,,,,,,,,,0.18965194098275523,,,,,,,1.5912001870453758,,,,,,,,,,,,,,3,,,,,,,#904ea6,,,,,,True
2026-04-22,solana,Index,__Equity,Equity,,,566212.3000866949,,,,,,,352353.71154000005,,,,,,,6570.0,,,,,,,9978.255990280117,,,,,,,0.0,,,,,,,1.606942914300527,,,,,,,86.18147642111033,,,,,,,,,,,,,,1,,,,,,,#545cf8,,,,,True
2026-04-22,solana,Index,__Commodity,Commodity,,,9187.58988,,,,,,,48444.48115000001,,,,,,,5774.0,,,,,,,,,,,,,,,,,,,,,0.18965194098275523,,,,,,,1.5912001870453758,,,,,,,,,,,,,,2,,,,,,,#f79009,,,,,True
2026-04-22,solana,Index,Broad Market,,,,,276743.6202359781,,,,,,,352353.71154000005,,,,,,,6440.0,,,,,,,2424.9783066084287,,,,,,,0.0,,,,,,,0.7854142334032473,,,,,,,42.9726118378848,,,,,,,,,,,,,,1,,,,,,,#545cf8,,,,True
2026-04-22,solana,Index,Miners,,,,,9187.58988,,,,,,,48444.48115000001,,,,,,,5774.0,,,,,,,,,,,,,,,,,,,,,0.18965194098275523,,,,,,,1.5912001870453758,,,,,,,,,,,,,,2,,,,,,,#f79009,,,,True
2026-04-22,solana,Index,Pacifica,,,,,,122564.81208,,,,,,,400798.19269000005,,,,,,,12119.0,,,,,,,,,,,,,,,,,,,,,0.30580180828010506,,,,,,,10.113442699892731,,,,,,,,,,,,,,1,,,,,,,#545cf8,,,True
2026-04-22,solana,Index,___Pacifica,Pacifica,,,,,,122564.81208,,,,,,,400798.19269000005,,,,,,,12119.0,,,,,,,,,,,,,,,,,,,,,0.30580180828010506,,,,,,,10.113442699892731,,,,,,,,,,,,,,1,,,,,,,#545cf8,,True
2026-04-22,solana,Index,Large Cap,,,,,289468.6798507168,,,,,,,,,,,,,,130.0,,,,,,,7553.277683671688,,,,,,,,,,,,,,,,,,,,,2226.6821526978215,,,,,,,,,,,,,,3,,,,,,,#904ea6,,,,True
2026-04-22,solana,Index,_QQQ,QQQ,,289468.6798507168,,,,,,,,,,,,,,130.0,,,,,,,7553.277683671688,,,,,,,,,,,,,,,,,,,,,2226.6821526978215,,,,,,,,,,,,,,4,,,,,,,#63b512,,,,,,True
2026-04-22,solana,Index,___GMTrade,GMTrade,,,,,,436762.6461136949,,,,,,,,,,,,,,218.0,,,,,,,9978.255990280117,,,,,,,,,,,,,,,,,,,,,2003.4983766683251,,,,,,,,,,,,,,3,,,,,,,#904ea6,,True
2026-04-22,solana,Index,___Flash Trade,Flash Trade,,,,,,16072.431773,,,,,,,,,,,,,,7.0,,,,,,,0.0,,,,,,,0.0,,,,,,,,,,,,,,2296.061681857143,,,,,,,,,,,,,,2,,,,,,,#f79009,,True
2026-04-22,solana,Index,_SPY,SPY,,163366.39803597808,,,,,,,,,,,,,,95.0,,,,,,,2424.9783066084287,,,,,,,0.0,,,,,,,,,,,,,,1719.6462951155588,,,,,,,,,,,,,,2,,,,,,,#f79009,,,,,,True
2026-04-22,solana,Index,GMTrade,,,,,,436762.6461136949,,,,,,,,,,,,,,218.0,,,,,,,9978.255990280117,,,,,,,,,,,,,,,,,,,,,2003.4983766683251,,,,,,,,,,,,,,3,,,,,,,#904ea6,,,True
2026-04-22,solana,Index,Flash Trade,,,,,,16072.431773,,,,,,,,,,,,,,7.0,,,,,,,0.0,,,,,,,0.0,,,,,,,,,,,,,,2296.061681857143,,,,,,,,,,,,,,2,,,,,,,#f79009,,,True
2026-04-21,solana,Index,Total,,600936.9646998699,,,,,,,393190.88925,,,,,,,12442.0,,,,,,,0.0,,,,,,,0.0,,,,,,,1.5283593316369546,,,,,,,48.29906483683249,,,,,,,,,,,,,,1.0,,,,,,,#545cf8,,,,,,,True
2026-04-21,solana,Index,_SP500,SP500,,157638.117,,,,,,,346725.58203,,,,,,,6242.0,,,,,,,,,,,,,,,,,,,,,0.45464807089533,,,,,,,25.25442438321051,,,,,,,,,,,,,,1,,,,,,,#545cf8,,,,,,True
2026-04-21,solana,Index,_URNM,URNM,,9555.573466666665,,,,,,,46465.307219999995,,,,,,,5800.0,,,,,,,,,,,,,,,,,,,,,0.20564963492921173,,,,,,,1.6475126666666664,,,,,,,,,,,,,,3,,,,,,,#904ea6,,,,,,True
2026-04-21,solana,Index,__Equity,Equity,,,591381.3912332032,,,,,,,346725.58203,,,,,,,6642.0,,,,,,,0.0,,,,,,,0.0,,,,,,,1.7056179926811248,,,,,,,89.03664426877495,,,,,,,,,,,,,,1,,,,,,,#545cf8,,,,,True
2026-04-21,solana,Index,__Commodity,Commodity,,,9555.573466666665,,,,,,,46465.307219999995,,,,,,,5800.0,,,,,,,,,,,,,,,,,,,,,0.20564963492921173,,,,,,,1.6475126666666664,,,,,,,,,,,,,,2,,,,,,,#f79009,,,,,True
2026-04-21,solana,Index,Broad Market,,,,,320625.2990405867,,,,,,,346725.58203,,,,,,,6402.0,,,,,,,0.0,,,,,,,0.0,,,,,,,0.924723515246259,,,,,,,50.08205233373738,,,,,,,,,,,,,,1,,,,,,,#545cf8,,,,True
2026-04-21,solana,Index,Miners,,,,,9555.573466666665,,,,,,,46465.307219999995,,,,,,,5800.0,,,,,,,,,,,,,,,,,,,,,0.20564963492921173,,,,,,,1.6475126666666664,,,,,,,,,,,,,,2,,,,,,,#f79009,,,,True
2026-04-21,solana,Index,Pacifica,,,,,,167193.69046666665,,,,,,,393190.88925,,,,,,,12042.0,,,,,,,,,,,,,,,,,,,,,0.4252226972643839,,,,,,,13.884212794109505,,,,,,,,,,,,,,1,,,,,,,#545cf8,,,True
2026-04-21,solana,Index,___Pacifica,Pacifica,,,,,,167193.69046666665,,,,,,,393190.88925,,,,,,,12042.0,,,,,,,,,,,,,,,,,,,,,0.4252226972643839,,,,,,,13.884212794109505,,,,,,,,,,,,,,1,,,,,,,#545cf8,,True
2026-04-21,solana,Index,___Flash Trade,Flash Trade,,,,,,25588.213128000003,,,,,,,,,,,,,,14.0,,,,,,,0.0,,,,,,,0.0,,,,,,,,,,,,,,1827.7295091428573,,,,,,,,,,,,,,2,,,,,,,#f79009,,True
2026-04-21,solana,Index,Large Cap,,,,,270756.09219261655,,,,,,,,,,,,,,240.0,,,,,,,0.0,,,,,,,,,,,,,,,,,,,,,1128.1503841359022,,,,,,,,,,,,,,3,,,,,,,#904ea6,,,,True
2026-04-21,solana,Index,GMTrade,,,,,,408155.06110520323,,,,,,,,,,,,,,386.0,,,,,,,0.0,,,,,,,,,,,,,,,,,,,,,1057.3965313606302,,,,,,,,,,,,,,3,,,,,,,#904ea6,,,True
2026-04-21,solana,Index,Flash Trade,,,,,,25588.213128000003,,,,,,,,,,,,,,14.0,,,,,,,0.0,,,,,,,0.0,,,,,,,,,,,,,,1827.7295091428573,,,,,,,,,,,,,,2,,,,,,,#f79009,,,True
2026-04-21,solana,Index,_SPY,SPY,,162987.18204058672,,,,,,,,,,,,,,160.0,,,,,,,0.0,,,,,,,0.0,,,,,,,,,,,,,,1018.669887753667,,,,,,,,,,,,,,2,,,,,,,#f79009,,,,,,True
2026-04-21,solana,Index,___GMTrade,GMTrade,,,,,,408155.06110520323,,,,,,,,,,,,,,386.0,,,,,,,0.0,,,,,,,,,,,,,,,,,,,,,1057.3965313606302,,,,,,,,,,,,,,3,,,,,,,#904ea6,,True
2026-04-21,solana,Index,_QQQ,QQQ,,270756.09219261655,,,,,,,,,,,,,,240.0,,,,,,,0.0,,,,,,,,,,,,,,,,,,,,,1128.1503841359022,,,,,,,,,,,,,,4,,,,,,,#63b512,,,,,,True
2026-04-20,solana,Index,Total,,618169.5105745735,,,,,,,408948.41692,,,,,,,12361.0,,,,,,,104738.6948702602,,,,,,,0.0,,,,,,,1.5116075402133227,,,,,,,50.009668358108044,,,,,,,,,,,,,,1.0,,,,,,,#545cf8,,,,,,,True
2026-04-20,solana,Index,_SP500,SP500,,121081.93160000001,,,,,,,360414.85868,,,,,,,6113.0,,,,,,,,,,,,,,,,,,,,,0.3359515532835024,,,,,,,19.807284737444792,,,,,,,,,,,,,,1,,,,,,,#545cf8,,,,,,True
2026-04-20,solana,Index,_URNM,URNM,,33149.579986666664,,,,,,,48533.55824,,,,,,,5995.0,,,,,,,,,,,,,,,,,,,,,0.6830238949870712,,,,,,,5.529537946066166,,,,,,,,,,,,,,3,,,,,,,#904ea6,,,,,,True
2026-04-20,solana,Index,__Equity,Equity,,,585019.9305879069,,,,,,,360414.85868,,,,,,,6366.0,,,,,,,104738.6948702602,,,,,,,0.0,,,,,,,1.623184828534847,,,,,,,91.89756999495866,,,,,,,,,,,,,,1,,,,,,,#545cf8,,,,,True
2026-04-20,solana,Index,__Commodity,Commodity,,,33149.579986666664,,,,,,,48533.55824,,,,,,,5995.0,,,,,,,,,,,,,,,,,,,,,0.6830238949870712,,,,,,,5.529537946066166,,,,,,,,,,,,,,2,,,,,,,#f79009,,,,,True
2026-04-20,solana,Index,Broad Market,,,,,282395.12628008646,,,,,,,360414.85868,,,,,,,6204.0,,,,,,,0.0,,,,,,,0.0,,,,,,,0.7835279802679151,,,,,,,45.51823441007196,,,,,,,,,,,,,,1,,,,,,,#545cf8,,,,True
2026-04-20,solana,Index,Miners,,,,,33149.579986666664,,,,,,,48533.55824,,,,,,,5995.0,,,,,,,,,,,,,,,,,,,,,0.6830238949870712,,,,,,,5.529537946066166,,,,,,,,,,,,,,2,,,,,,,#f79009,,,,True
2026-04-20,solana,Index,Pacifica,,,,,,154231.5115866667,,,,,,,408948.41692,,,,,,,12108.0,,,,,,,,,,,,,,,,,,,,,0.37714172547301494,,,,,,,12.737984108578353,,,,,,,,,,,,,,1,,,,,,,#545cf8,,,True
2026-04-20,solana,Index,___Pacifica,Pacifica,,,,,,154231.5115866667,,,,,,,408948.41692,,,,,,,12108.0,,,,,,,,,,,,,,,,,,,,,0.37714172547301494,,,,,,,12.737984108578353,,,,,,,,,,,,,,1,,,,,,,#545cf8,,True
2026-04-20,solana,Index,Large Cap,,,,,302624.80430782045,,,,,,,,,,,,,,162.0,,,,,,,104738.6948702602,,,,,,,,,,,,,,,,,,,,,1868.0543475791385,,,,,,,,,,,,,,3,,,,,,,#904ea6,,,,True
2026-04-20,solana,Index,_QQQ,QQQ,,302624.80430782045,,,,,,,,,,,,,,162.0,,,,,,,104738.6948702602,,,,,,,,,,,,,,,,,,,,,1868.0543475791385,,,,,,,,,,,,,,4,,,,,,,#63b512,,,,,,True
2026-04-20,solana,Index,___Flash Trade,Flash Trade,,,,,,32343.236662,,,,,,,,,,,,,,9.0,,,,,,,0.0,,,,,,,0.0,,,,,,,,,,,,,,3593.692962444444,,,,,,,,,,,,,,2,,,,,,,#f79009,,True
2026-04-20,solana,Index,Flash Trade,,,,,,32343.236662,,,,,,,,,,,,,,9.0,,,,,,,0.0,,,,,,,0.0,,,,,,,,,,,,,,3593.692962444444,,,,,,,,,,,,,,2,,,,,,,#f79009,,,True
2026-04-20,solana,Index,GMTrade,,,,,,431594.7623259069,,,,,,,,,,,,,,244.0,,,,,,,104738.6948702602,,,,,,,,,,,,,,,,,,,,,1768.8309931389626,,,,,,,,,,,,,,3,,,,,,,#904ea6,,,True
2026-04-20,solana,Index,_SPY,SPY,,161313.19468008645,,,,,,,,,,,,,,91.0,,,,,,,0.0,,,,,,,0.0,,,,,,,,,,,,,,1772.672469011939,,,,,,,,,,,,,,2,,,,,,,#f79009,,,,,,True
2026-04-20,solana,Index,___GMTrade,GMTrade,,,,,,431594.7623259069,,,,,,,,,,,,,,244.0,,,,,,,104738.6948702602,,,,,,,,,,,,,,,,,,,,,1768.8309931389626,,,,,,,,,,,,,,3,,,,,,,#904ea6,,True
2026-04-19,solana,Index,Total,,178482.45133333336,,,,,,,360716.15151999996,,,,,,,11789.0,,,,,,,,,,,,,,,,,,,,,0.4948002760099235,,,,,,,15.13974479034128,,,,,,,,,,,,,,1.0,,,,,,,#545cf8,,,,,,,True
2026-04-19,solana,Index,_SP500,SP500,,169674.45440000002,,,,,,,318608.42991999997,,,,,,,5919.0,,,,,,,,,,,,,,,,,,,,,0.5325485406729631,,,,,,,28.66606764656192,,,,,,,,,,,,,,1,,,,,,,#545cf8,,,,,,True
2026-04-19,solana,Index,_URNM,URNM,,8807.996933333334,,,,,,,42107.7216,,,,,,,5870.0,,,,,,,,,,,,,,,,,,,,,0.20917771369831928,,,,,,,1.5005105508233958,,,,,,,,,,,,,,3,,,,,,,#904ea6,,,,,,True
2026-04-19,solana,Index,__Equity,Equity,,,169674.45440000002,,,,,,,318608.42991999997,,,,,,,5919.0,,,,,,,,,,,,,,,,,,,,,0.5325485406729631,,,,,,,28.66606764656192,,,,,,,,,,,,,,1,,,,,,,#545cf8,,,,,True
2026-04-19,solana,Index,__Commodity,Commodity,,,8807.996933333334,,,,,,,42107.7216,,,,,,,5870.0,,,,,,,,,,,,,,,,,,,,,0.20917771369831928,,,,,,,1.5005105508233958,,,,,,,,,,,,,,2,,,,,,,#f79009,,,,,True
2026-04-19,solana,Index,Broad Market,,,,,169674.45440000002,,,,,,,318608.42991999997,,,,,,,5919.0,,,,,,,,,,,,,,,,,,,,,0.5325485406729631,,,,,,,28.66606764656192,,,,,,,,,,,,,,1,,,,,,,#545cf8,,,,True
2026-04-19,solana,Index,Miners,,,,,8807.996933333334,,,,,,,42107.7216,,,,,,,5870.0,,,,,,,,,,,,,,,,,,,,,0.20917771369831928,,,,,,,1.5005105508233958,,,,,,,,,,,,,,2,,,,,,,#f79009,,,,True
2026-04-19,solana,Index,Pacifica,,,,,,178482.45133333336,,,,,,,360716.15151999996,,,,,,,11789.0,,,,,,,,,,,,,,,,,,,,,0.4948002760099235,,,,,,,15.13974479034128,,,,,,,,,,,,,,1,,,,,,,#545cf8,,,True
2026-04-19,solana,Index,___Pacifica,Pacifica,,,,,,178482.45133333336,,,,,,,360716.15151999996,,,,,,,11789.0,,,,,,,,,,,,,,,,,,,,,0.4948002760099235,,,,,,,15.13974479034128,,,,,,,,,,,,,,1,,,,,,,#545cf8,,True
2026-04-19,solana,Index,GMTrade,,,,,,,,,,,,,,,,,,,,,,,,,,,,,,,,,,,,,,,,,,,,,,,,,,,,,,,,,,,,,,3,,,,,,,#904ea6,,,True
2026-04-19,solana,Index,_QQQ,QQQ,,,,,,,,,,,,,,,,,,,,,,,,,,,,,,,,,,,,,,,,,,,,,,,,,,,,,,,,,,4,,,,,,,#63b512,,,,,,True
2026-04-19,solana,Index,___Flash Trade,Flash Trade,,,,,,,,,,,,,,,,,,,,,,,,,,,,,,,,,,,,,,,,,,,,,,,,,,,,,,,,,,,,,,2,,,,,,,#f79009,,True
2026-04-19,solana,Index,_SPY,SPY,,,,,,,,,,,,,,,,,,,,,,,,,,,,,,,,,,,,,,,,,,,,,,,,,,,,,,,,,,2,,,,,,,#f79009,,,,,,True
2026-04-19,solana,Index,Large Cap,,,,,,,,,,,,,,,,,,,,,,,,,,,,,,,,,,,,,,,,,,,,,,,,,,,,,,,,,,,,,3,,,,,,,#904ea6,,,,True
2026-04-19,solana,Index,Flash Trade,,,,,,,,,,,,,,,,,,,,,,,,,,,,,,,,,,,,,,,,,,,,,,,,,,,,,,,,,,,,,,2,,,,,,,#f79009,,,True
2026-04-19,solana,Index,___GMTrade,GMTrade,,,,,,,,,,,,,,,,,,,,,,,,,,,,,,,,,,,,,,,,,,,,,,,,,,,,,,,,,,,,,,3,,,,,,,#904ea6,,True
2026-04-18,solana,Index,Total,,228662.46115999998,,,,,,,371985.81789,,,,,,,12190.0,,,,,,,,,,,,,,,,,,,,,0.6147074704542037,,,,,,,18.758200259228875,,,,,,,,,,,,,,1.0,,,,,,,#545cf8,,,,,,,True
2026-04-18,solana,Index,_SP500,SP500,,219378.06888666665,,,,,,,329852.439,,,,,,,6276.0,,,,,,,,,,,,,,,,,,,,,0.6650794202151303,,,,,,,34.95507789781177,,,,,,,,,,,,,,1,,,,,,,#545cf8,,,,,,True
2026-04-18,solana,Index,_URNM,URNM,,9284.392273333333,,,,,,,42133.37889,,,,,,,5914.0,,,,,,,,,,,,,,,,,,,,,0.2203571732894393,,,,,,,1.569900621125014,,,,,,,,,,,,,,3,,,,,,,#904ea6,,,,,,True
2026-04-18,solana,Index,__Equity,Equity,,,219378.06888666665,,,,,,,329852.439,,,,,,,6276.0,,,,,,,,,,,,,,,,,,,,,0.6650794202151303,,,,,,,34.95507789781177,,,,,,,,,,,,,,1,,,,,,,#545cf8,,,,,True
2026-04-18,solana,Index,__Commodity,Commodity,,,9284.392273333333,,,,,,,42133.37889,,,,,,,5914.0,,,,,,,,,,,,,,,,,,,,,0.2203571732894393,,,,,,,1.569900621125014,,,,,,,,,,,,,,2,,,,,,,#f79009,,,,,True
2026-04-18,solana,Index,Broad Market,,,,,219378.06888666665,,,,,,,329852.439,,,,,,,6276.0,,,,,,,,,,,,,,,,,,,,,0.6650794202151303,,,,,,,34.95507789781177,,,,,,,,,,,,,,1,,,,,,,#545cf8,,,,True
2026-04-18,solana,Index,Miners,,,,,9284.392273333333,,,,,,,42133.37889,,,,,,,5914.0,,,,,,,,,,,,,,,,,,,,,0.2203571732894393,,,,,,,1.569900621125014,,,,,,,,,,,,,,2,,,,,,,#f79009,,,,True
2026-04-18,solana,Index,Pacifica,,,,,,228662.46115999998,,,,,,,371985.81789,,,,,,,12190.0,,,,,,,,,,,,,,,,,,,,,0.6147074704542037,,,,,,,18.758200259228875,,,,,,,,,,,,,,1,,,,,,,#545cf8,,,True
2026-04-18,solana,Index,___Pacifica,Pacifica,,,,,,228662.46115999998,,,,,,,371985.81789,,,,,,,12190.0,,,,,,,,,,,,,,,,,,,,,0.6147074704542037,,,,,,,18.758200259228875,,,,,,,,,,,,,,1,,,,,,,#545cf8,,True
2026-04-18,solana,Index,___GMTrade,GMTrade,,,,,,,,,,,,,,,,,,,,,,,,,,,,,,,,,,,,,,,,,,,,,,,,,,,,,,,,,,,,,,3,,,,,,,#904ea6,,True
2026-04-18,solana,Index,_QQQ,QQQ,,,,,,,,,,,,,,,,,,,,,,,,,,,,,,,,,,,,,,,,,,,,,,,,,,,,,,,,,,4,,,,,,,#63b512,,,,,,True
2026-04-18,solana,Index,___Flash Trade,Flash Trade,,,,,,,,,,,,,,,,,,,,,,,,,,,,,,,,,,,,,,,,,,,,,,,,,,,,,,,,,,,,,,2,,,,,,,#f79009,,True
2026-04-18,solana,Index,GMTrade,,,,,,,,,,,,,,,,,,,,,,,,,,,,,,,,,,,,,,,,,,,,,,,,,,,,,,,,,,,,,,3,,,,,,,#904ea6,,,True
2026-04-18,solana,Index,_SPY,SPY,,,,,,,,,,,,,,,,,,,,,,,,,,,,,,,,,,,,,,,,,,,,,,,,,,,,,,,,,,2,,,,,,,#f79009,,,,,,True
2026-04-18,solana,Index,Large Cap,,,,,,,,,,,,,,,,,,,,,,,,,,,,,,,,,,,,,,,,,,,,,,,,,,,,,,,,,,,,,3,,,,,,,#904ea6,,,,True
2026-04-18,solana,Index,Flash Trade,,,,,,,,,,,,,,,,,,,,,,,,,,,,,,,,,,,,,,,,,,,,,,,,,,,,,,,,,,,,,,2,,,,,,,#f79009,,,True
2026-04-17,solana,Index,Total,,1051781.640923713,,,,,,,418352.18656,,,,,,,13378.0,,,,,,,196.6156077672373,,,,,,,0.0,,,,,,,2.514105757572912,,,,,,,78.62024524769869,,,,,,,,,,,,,,1.0,,,,,,,#545cf8,,,,,,,True
2026-04-17,solana,Index,_SP500,SP500,,534211.6226,,,,,,,376358.49936,,,,,,,6813.0,,,,,,,,,,,,,,,,,,,,,1.4194222357364858,,,,,,,78.41063006017907,,,,,,,,,,,,,,1,,,,,,,#545cf8,,,,,,True
2026-04-17,solana,Index,_URNM,URNM,,11146.15168,,,,,,,41993.6872,,,,,,,6445.0,,,,,,,,,,,,,,,,,,,,,0.26542445836954276,,,,,,,1.7294261722265323,,,,,,,,,,,,,,3,,,,,,,#904ea6,,,,,,True
2026-04-17,solana,Index,__Equity,Equity,,,1040635.4892437132,,,,,,,376358.49936,,,,,,,6933.0,,,,,,,196.6156077672373,,,,,,,0.0,,,,,,,2.765011261904063,,,,,,,150.09887339444876,,,,,,,,,,,,,,1,,,,,,,#545cf8,,,,,True
2026-04-17,solana,Index,__Commodity,Commodity,,,11146.15168,,,,,,,41993.6872,,,,,,,6445.0,,,,,,,,,,,,,,,,,,,,,0.26542445836954276,,,,,,,1.7294261722265323,,,,,,,,,,,,,,2,,,,,,,#f79009,,,,,True
2026-04-17,solana,Index,Broad Market,,,,,742485.8004072163,,,,,,,376358.49936,,,,,,,6870.0,,,,,,,0.0,,,,,,,0.0,,,,,,,1.9728152856115062,,,,,,,108.07653572157443,,,,,,,,,,,,,,1,,,,,,,#545cf8,,,,True
2026-04-17,solana,Index,Miners,,,,,11146.15168,,,,,,,41993.6872,,,,,,,6445.0,,,,,,,,,,,,,,,,,,,,,0.26542445836954276,,,,,,,1.7294261722265323,,,,,,,,,,,,,,2,,,,,,,#f79009,,,,True
2026-04-17,solana,Index,Pacifica,,,,,,545357.77428,,,,,,,418352.18656,,,,,,,13258.0,,,,,,,,,,,,,,,,,,,,,1.3035853326460023,,,,,,,41.13424153567657,,,,,,,,,,,,,,1,,,,,,,#545cf8,,,True
2026-04-17,solana,Index,___Pacifica,Pacifica,,,,,,545357.77428,,,,,,,418352.18656,,,,,,,13258.0,,,,,,,,,,,,,,,,,,,,,1.3035853326460023,,,,,,,41.13424153567657,,,,,,,,,,,,,,1,,,,,,,#545cf8,,True
2026-04-17,solana,Index,Large Cap,,,,,298149.68883649696,,,,,,,,,,,,,,63.0,,,,,,,196.6156077672373,,,,,,,,,,,,,,,,,,,,,4732.534743436459,,,,,,,,,,,,,,3,,,,,,,#904ea6,,,,True
2026-04-17,solana,Index,_SPY,SPY,,208274.1778072163,,,,,,,,,,,,,,57.0,,,,,,,0.0,,,,,,,0.0,,,,,,,,,,,,,,3653.932943986251,,,,,,,,,,,,,,2,,,,,,,#f79009,,,,,,True
2026-04-17,solana,Index,GMTrade,,,,,,466003.28658371326,,,,,,,,,,,,,,107.0,,,,,,,196.6156077672373,,,,,,,,,,,,,,,,,,,,,4355.1709026515255,,,,,,,,,,,,,,3,,,,,,,#904ea6,,,True
2026-04-17,solana,Index,___GMTrade,GMTrade,,,,,,466003.28658371326,,,,,,,,,,,,,,107.0,,,,,,,196.6156077672373,,,,,,,,,,,,,,,,,,,,,4355.1709026515255,,,,,,,,,,,,,,3,,,,,,,#904ea6,,True
2026-04-17,solana,Index,___Flash Trade,Flash Trade,,,,,,40420.58005999999,,,,,,,,,,,,,,13.0,,,,,,,0.0,,,,,,,0.0,,,,,,,,,,,,,,3109.2753892307687,,,,,,,,,,,,,,2,,,,,,,#f79009,,True
2026-04-17,solana,Index,Flash Trade,,,,,,40420.58005999999,,,,,,,,,,,,,,13.0,,,,,,,0.0,,,,,,,0.0,,,,,,,,,,,,,,3109.2753892307687,,,,,,,,,,,,,,2,,,,,,,#f79009,,,True
2026-04-17,solana,Index,_QQQ,QQQ,,298149.68883649696,,,,,,,,,,,,,,63.0,,,,,,,196.6156077672373,,,,,,,,,,,,,,,,,,,,,4732.534743436459,,,,,,,,,,,,,,4,,,,,,,#63b512,,,,,,True
2026-04-16,solana,Index,Total,,712017.1021625331,,,,,,,331742.2682,,,,,,,14903.0,,,,,,,0.0,,,,,,,0.0,,,,,,,2.1462959966659234,,,,,,,47.77676321294592,,,,,,,,,,,,,,1.0,,,,,,,#545cf8,,,,,,,True
2026-04-16,solana,Index,_SP500,SP500,,310016.5217666667,,,,,,,289701.46775,,,,,,,7555.0,,,,,,,,,,,,,,,,,,,,,1.070124097659725,,,,,,,41.03461572027355,,,,,,,,,,,,,,1,,,,,,,#545cf8,,,,,,True
2026-04-16,solana,Index,_URNM,URNM,,12355.824499999999,,,,,,,42040.800449999995,,,,,,,7113.0,,,,,,,,,,,,,,,,,,,,,0.29390079084471854,,,,,,,1.7370764093912552,,,,,,,,,,,,,,3,,,,,,,#904ea6,,,,,,True
2026-04-16,solana,Index,__Equity,Equity,,,699661.2776625331,,,,,,,289701.46775,,,,,,,7790.0,,,,,,,0.0,,,,,,,0.0,,,,,,,2.41511126297196,,,,,,,89.81531163832261,,,,,,,,,,,,,,1,,,,,,,#545cf8,,,,,True
2026-04-16,solana,Index,__Commodity,Commodity,,,12355.824499999999,,,,,,,42040.800449999995,,,,,,,7113.0,,,,,,,,,,,,,,,,,,,,,0.29390079084471854,,,,,,,1.7370764093912552,,,,,,,,,,,,,,2,,,,,,,#f79009,,,,,True
2026-04-16,solana,Index,Broad Market,,,,,453528.4103813312,,,,,,,289701.46775,,,,,,,7608.0,,,,,,,0.0,,,,,,,0.0,,,,,,,1.5655026324295562,,,,,,,59.6120413224673,,,,,,,,,,,,,,1,,,,,,,#545cf8,,,,True
2026-04-16,solana,Index,Miners,,,,,12355.824499999999,,,,,,,42040.800449999995,,,,,,,7113.0,,,,,,,,,,,,,,,,,,,,,0.29390079084471854,,,,,,,1.7370764093912552,,,,,,,,,,,,,,2,,,,,,,#f79009,,,,True
2026-04-16,solana,Index,Pacifica,,,,,,322372.34626666666,,,,,,,331742.2682,,,,,,,14668.0,,,,,,,,,,,,,,,,,,,,,0.9717554172877229,,,,,,,21.977934705935823,,,,,,,,,,,,,,1,,,,,,,#545cf8,,,True
2026-04-16,solana,Index,___Pacifica,Pacifica,,,,,,322372.34626666666,,,,,,,331742.2682,,,,,,,14668.0,,,,,,,,,,,,,,,,,,,,,0.9717554172877229,,,,,,,21.977934705935823,,,,,,,,,,,,,,1,,,,,,,#545cf8,,True
2026-04-16,solana,Index,Large Cap,,,,,246132.86728120188,,,,,,,,,,,,,,182.0,,,,,,,0.0,,,,,,,,,,,,,,,,,,,,,1352.3783916549553,,,,,,,,,,,,,,3,,,,,,,#904ea6,,,,True
2026-04-16,solana,Index,___Flash Trade,Flash Trade,,,,,,39264.580714,,,,,,,,,,,,,,17.0,,,,,,,0.0,,,,,,,0.0,,,,,,,,,,,,,,2309.6812184705886,,,,,,,,,,,,,,2,,,,,,,#f79009,,True
2026-04-16,solana,Index,GMTrade,,,,,,350380.1751818664,,,,,,,,,,,,,,218.0,,,,,,,0.0,,,,,,,,,,,,,,,,,,,,,1607.2485100085614,,,,,,,,,,,,,,3,,,,,,,#904ea6,,,True
2026-04-16,solana,Index,_SPY,SPY,,143511.88861466455,,,,,,,,,,,,,,53.0,,,,,,,0.0,,,,,,,0.0,,,,,,,,,,,,,,2707.7714832955576,,,,,,,,,,,,,,2,,,,,,,#f79009,,,,,,True
2026-04-16,solana,Index,___GMTrade,GMTrade,,,,,,350380.1751818664,,,,,,,,,,,,,,218.0,,,,,,,0.0,,,,,,,,,,,,,,,,,,,,,1607.2485100085614,,,,,,,,,,,,,,3,,,,,,,#904ea6,,True
2026-04-16,solana,Index,_QQQ,QQQ,,246132.86728120188,,,,,,,,,,,,,,182.0,,,,,,,0.0,,,,,,,,,,,,,,,,,,,,,1352.3783916549553,,,,,,,,,,,,,,4,,,,,,,#63b512,,,,,,True
2026-04-16,solana,Index,Flash Trade,,,,,,39264.580714,,,,,,,,,,,,,,17.0,,,,,,,0.0,,,,,,,0.0,,,,,,,,,,,,,,2309.6812184705886,,,,,,,,,,,,,,2,,,,,,,#f79009,,,True
2026-04-15,solana,Index,Total,,1019491.7305546902,,,,,,,427277.13102000003,,,,,,,14897.0,,,,,,,123728.21234867434,,,,,,,1.0,,,,,,,2.386019883912228,,,,,,,68.43604286464995,,,,,,,1128.727484,,,,,,,1.0,,,,,,,#545cf8,,,,,,,True
2026-04-15,solana,Index,_SP500,SP500,,196987.43830666665,,,,,,,385679.9466,,,,,,,7421.0,,,,,,,,,,,,,,,,,,,,,0.5107536444226075,,,,,,,26.54459483986884,,,,,,,,,,,,,,1,,,,,,,#545cf8,,,,,,True
2026-04-15,solana,Index,_URNM,URNM,,19823.284799999998,,,,,,,41597.18442,,,,,,,7073.0,,,,,,,,,,,,,,,,,,,,,0.4765535234271512,,,,,,,2.8026699844479,,,,,,,,,,,,,,3,,,,,,,#904ea6,,,,,,True
2026-04-15,solana,Index,__Equity,Equity,,,999668.4457546902,,,,,,,385679.9466,,,,,,,7824.0,,,,,,,123728.21234867434,,,,,,,1.0,,,,,,,2.591963763134088,,,,,,,127.76948437559946,,,,,,,1128.727484,,,,,,,1,,,,,,,#545cf8,,,,,True
2026-04-15,solana,Index,__Commodity,Commodity,,,19823.284799999998,,,,,,,41597.18442,,,,,,,7073.0,,,,,,,,,,,,,,,,,,,,,0.4765535234271512,,,,,,,2.8026699844479,,,,,,,,,,,,,,2,,,,,,,#f79009,,,,,True
2026-04-15,solana,Index,Broad Market,,,,,413056.74417726113,,,,,,,385679.9466,,,,,,,7514.0,,,,,,,6222.99383732603,,,,,,,1.0,,,,,,,1.0709832020529042,,,,,,,54.97161886841378,,,,,,,1128.727484,,,,,,,1,,,,,,,#545cf8,,,,True
2026-04-15,solana,Index,Miners,,,,,19823.284799999998,,,,,,,41597.18442,,,,,,,7073.0,,,,,,,,,,,,,,,,,,,,,0.4765535234271512,,,,,,,2.8026699844479,,,,,,,,,,,,,,2,,,,,,,#f79009,,,,True
2026-04-15,solana,Index,Pacifica,,,,,,216810.72310666664,,,,,,,427277.13102000003,,,,,,,14494.0,,,,,,,,,,,,,,,,,,,,,0.5074241221127235,,,,,,,14.958653450163284,,,,,,,,,,,,,,1,,,,,,,#545cf8,,,True
2026-04-15,solana,Index,___Pacifica,Pacifica,,,,,,216810.72310666664,,,,,,,427277.13102000003,,,,,,,14494.0,,,,,,,,,,,,,,,,,,,,,0.5074241221127235,,,,,,,14.958653450163284,,,,,,,,,,,,,,1,,,,,,,#545cf8,,True
2026-04-15,solana,Index,GMTrade,,,,,,705043.6850760236,,,,,,,,,,,,,,395.0,,,,,,,122599.48486467433,,,,,,,,,,,,,,,,,,,,,1784.920721711452,,,,,,,,,,,,,,3,,,,,,,#904ea6,,,True
2026-04-15,solana,Index,___GMTrade,GMTrade,,,,,,705043.6850760236,,,,,,,,,,,,,,395.0,,,,,,,122599.48486467433,,,,,,,,,,,,,,,,,,,,,1784.920721711452,,,,,,,,,,,,,,3,,,,,,,#904ea6,,True
2026-04-15,solana,Index,Large Cap,,,,,586611.7015774291,,,,,,,,,,,,,,310.0,,,,,,,117505.2185113483,,,,,,,,,,,,,,,,,,,,,1892.2958115400938,,,,,,,,,,,,,,3,,,,,,,#904ea6,,,,True
2026-04-15,solana,Index,_QQQ,QQQ,,586611.7015774291,,,,,,,,,,,,,,310.0,,,,,,,117505.2185113483,,,,,,,,,,,,,,,,,,,,,1892.2958115400938,,,,,,,,,,,,,,4,,,,,,,#63b512,,,,,,True
2026-04-15,solana,Index,___Flash Trade,Flash Trade,,,,,,97637.32237199998,,,,,,,,,,,,,,8.0,,,,,,,1128.727484,,,,,,,1.0,,,,,,,,,,,,,,12204.665296499998,,,,,,,1128.727484,,,,,,,2,,,,,,,#f79009,,True
2026-04-15,solana,Index,_SPY,SPY,,216069.3058705945,,,,,,,,,,,,,,93.0,,,,,,,6222.99383732603,,,,,,,1.0,,,,,,,,,,,,,,2323.3258695762847,,,,,,,1128.727484,,,,,,,2,,,,,,,#f79009,,,,,,True
2026-04-15,solana,Index,Flash Trade,,,,,,97637.32237199998,,,,,,,,,,,,,,8.0,,,,,,,1128.727484,,,,,,,1.0,,,,,,,,,,,,,,12204.665296499998,,,,,,,1128.727484,,,,,,,2,,,,,,,#f79009,,,True
2026-04-14,solana,Index,Total,,213675.28068898636,,,,,,,416045.66435000004,,,,,,,14726.0,,,,,,,0.0,,,,,,,0.0,,,,,,,0.5135861252702087,,,,,,,14.510069312032213,,,,,,,,,,,,,,1.0,,,,,,,#545cf8,,,,,,,True
2026-04-14,solana,Index,_SP500,SP500,,143767.36659999998,,,,,,,369063.10896000004,,,,,,,7456.0,,,,,,,,,,,,,,,,,,,,,0.3895468365969405,,,,,,,19.282103889484976,,,,,,,,,,,,,,1,,,,,,,#545cf8,,,,,,True
2026-04-14,solana,Index,_URNM,URNM,,38028.957413333344,,,,,,,46982.55539,,,,,,,7258.0,,,,,,,,,,,,,,,,,,,,,0.8094271820180222,,,,,,,5.239591817764308,,,,,,,,,,,,,,3,,,,,,,#904ea6,,,,,,True
2026-04-14,solana,Index,__Equity,Equity,,,175646.323275653,,,,,,,369063.10896000004,,,,,,,7468.0,,,,,,,0.0,,,,,,,0.0,,,,,,,0.47592490013595473,,,,,,,23.519861177778925,,,,,,,,,,,,,,1,,,,,,,#545cf8,,,,,True
2026-04-14,solana,Index,__Commodity,Commodity,,,38028.957413333344,,,,,,,46982.55539,,,,,,,7258.0,,,,,,,,,,,,,,,,,,,,,0.8094271820180222,,,,,,,5.239591817764308,,,,,,,,,,,,,,2,,,,,,,#f79009,,,,,True
2026-04-14,solana,Index,Broad Market,,,,,175646.223305753,,,,,,,369063.10896000004,,,,,,,7467.0,,,,,,,0.0,,,,,,,0.0,,,,,,,0.47592462926114343,,,,,,,23.522997630340566,,,,,,,,,,,,,,1,,,,,,,#545cf8,,,,True
2026-04-14,solana,Index,Miners,,,,,38028.957413333344,,,,,,,46982.55539,,,,,,,7258.0,,,,,,,,,,,,,,,,,,,,,0.8094271820180222,,,,,,,5.239591817764308,,,,,,,,,,,,,,2,,,,,,,#f79009,,,,True
2026-04-14,solana,Index,Pacifica,,,,,,181796.32401333333,,,,,,,416045.66435000004,,,,,,,14714.0,,,,,,,,,,,,,,,,,,,,,0.4369624288654922,,,,,,,12.35532989080694,,,,,,,,,,,,,,1,,,,,,,#545cf8,,,True
2026-04-14,solana,Index,___Pacifica,Pacifica,,,,,,181796.32401333333,,,,,,,416045.66435000004,,,,,,,14714.0,,,,,,,,,,,,,,,,,,,,,0.4369624288654922,,,,,,,12.35532989080694,,,,,,,,,,,,,,1,,,,,,,#545cf8,,True
2026-04-14,solana,Index,Large Cap,,,,,0.0999699,,,,,,,,,,,,,,1.0,,,,,,,0.0,,,,,,,,,,,,,,,,,,,,,0.0999699,,,,,,,,,,,,,,3,,,,,,,#904ea6,,,,True
2026-04-14,solana,Index,GMTrade,,,,,,552.9597706530001,,,,,,,,,,,,,,5.0,,,,,,,0.0,,,,,,,,,,,,,,,,,,,,,110.59195413060002,,,,,,,,,,,,,,3,,,,,,,#904ea6,,,True
2026-04-14,solana,Index,Flash Trade,,,,,,31325.996905,,,,,,,,,,,,,,7.0,,,,,,,0.0,,,,,,,0.0,,,,,,,,,,,,,,4475.142415,,,,,,,,,,,,,,2,,,,,,,#f79009,,,True
2026-04-14,solana,Index,___GMTrade,GMTrade,,,,,,552.9597706530001,,,,,,,,,,,,,,5.0,,,,,,,0.0,,,,,,,,,,,,,,,,,,,,,110.59195413060002,,,,,,,,,,,,,,3,,,,,,,#904ea6,,True
2026-04-14,solana,Index,_SPY,SPY,,31878.856705753,,,,,,,,,,,,,,11.0,,,,,,,0.0,,,,,,,0.0,,,,,,,,,,,,,,2898.077882341182,,,,,,,,,,,,,,2,,,,,,,#f79009,,,,,,True
2026-04-14,solana,Index,___Flash Trade,Flash Trade,,,,,,31325.996905,,,,,,,,,,,,,,7.0,,,,,,,0.0,,,,,,,0.0,,,,,,,,,,,,,,4475.142415,,,,,,,,,,,,,,2,,,,,,,#f79009,,True
2026-04-14,solana,Index,_QQQ,QQQ,,0.0999699,,,,,,,,,,,,,,1.0,,,,,,,0.0,,,,,,,,,,,,,,,,,,,,,0.0999699,,,,,,,,,,,,,,4,,,,,,,#63b512,,,,,,True
2026-04-13,solana,Index,Total,,561626.63895627,,,,,,,430405.54388,,,,,,,13891.0,,,,,,,9407.74426143469,,,,,,,0.0,,,,,,,1.3048777994199239,,,,,,,40.43097249703189,,,,,,,,,,,,,,1.0,,,,,,,#545cf8,,,,,,,True
2026-04-13,solana,Index,_SP500,SP500,,266676.68799999997,,,,,,,386798.02368,,,,,,,7150.0,,,,,,,,,,,,,,,,,,,,,0.6894468732358958,,,,,,,37.29743888111888,,,,,,,,,,,,,,1,,,,,,,#545cf8,,,,,,True
2026-04-13,solana,Index,_URNM,URNM,,12685.787253333336,,,,,,,43607.5202,,,,,,,6609.0,,,,,,,,,,,,,,,,,,,,,0.29090824690676487,,,,,,,1.9194715166187526,,,,,,,,,,,,,,3,,,,,,,#904ea6,,,,,,True
2026-04-13,solana,Index,__Equity,Equity,,,548940.8517029366,,,,,,,386798.02368,,,,,,,7282.0,,,,,,,9407.74426143469,,,,,,,0.0,,,,,,,1.4191924934887419,,,,,,,75.38325346099101,,,,,,,,,,,,,,1,,,,,,,#545cf8,,,,,True
2026-04-13,solana,Index,__Commodity,Commodity,,,12685.787253333336,,,,,,,43607.5202,,,,,,,6609.0,,,,,,,,,,,,,,,,,,,,,0.29090824690676487,,,,,,,1.9194715166187526,,,,,,,,,,,,,,2,,,,,,,#f79009,,,,,True
2026-04-13,solana,Index,Broad Market,,,,,450391.0977810984,,,,,,,386798.02368,,,,,,,7213.0,,,,,,,7249.043013906323,,,,,,,0.0,,,,,,,1.1644089943792197,,,,,,,62.44157739929272,,,,,,,,,,,,,,1,,,,,,,#545cf8,,,,True
2026-04-13,solana,Index,Miners,,,,,12685.787253333336,,,,,,,43607.5202,,,,,,,6609.0,,,,,,,,,,,,,,,,,,,,,0.29090824690676487,,,,,,,1.9194715166187526,,,,,,,,,,,,,,2,,,,,,,#f79009,,,,True
2026-04-13,solana,Index,Pacifica,,,,,,279362.4752533333,,,,,,,430405.54388,,,,,,,13759.0,,,,,,,,,,,,,,,,,,,,,0.6490680225327707,,,,,,,20.30398104901034,,,,,,,,,,,,,,1,,,,,,,#545cf8,,,True
2026-04-13,solana,Index,___Pacifica,Pacifica,,,,,,279362.4752533333,,,,,,,430405.54388,,,,,,,13759.0,,,,,,,,,,,,,,,,,,,,,0.6490680225327707,,,,,,,20.30398104901034,,,,,,,,,,,,,,1,,,,,,,#545cf8,,True
2026-04-13,solana,Index,Large Cap,,,,,98549.7539218382,,,,,,,,,,,,,,69.0,,,,,,,2158.7012475283664,,,,,,,,,,,,,,,,,,,,,1428.2573032150465,,,,,,,,,,,,,,3,,,,,,,#904ea6,,,,True
2026-04-13,solana,Index,GMTrade,,,,,,193252.4023189366,,,,,,,,,,,,,,118.0,,,,,,,9407.74426143469,,,,,,,,,,,,,,,,,,,,,1637.7322230418356,,,,,,,,,,,,,,3,,,,,,,#904ea6,,,True
2026-04-13,solana,Index,___Flash Trade,Flash Trade,,,,,,89011.76138400001,,,,,,,,,,,,,,14.0,,,,,,,0.0,,,,,,,0.0,,,,,,,,,,,,,,6357.982956000001,,,,,,,,,,,,,,2,,,,,,,#f79009,,True
2026-04-13,solana,Index,Flash Trade,,,,,,89011.76138400001,,,,,,,,,,,,,,14.0,,,,,,,0.0,,,,,,,0.0,,,,,,,,,,,,,,6357.982956000001,,,,,,,,,,,,,,2,,,,,,,#f79009,,,True
2026-04-13,solana,Index,_SPY,SPY,,183714.40978109842,,,,,,,,,,,,,,63.0,,,,,,,7249.043013906323,,,,,,,0.0,,,,,,,,,,,,,,2916.1017425571176,,,,,,,,,,,,,,2,,,,,,,#f79009,,,,,,True
2026-04-13,solana,Index,_QQQ,QQQ,,98549.7539218382,,,,,,,,,,,,,,69.0,,,,,,,2158.7012475283664,,,,,,,,,,,,,,,,,,,,,1428.2573032150465,,,,,,,,,,,,,,4,,,,,,,#63b512,,,,,,True
2026-04-13,solana,Index,___GMTrade,GMTrade,,,,,,193252.4023189366,,,,,,,,,,,,,,118.0,,,,,,,9407.74426143469,,,,,,,,,,,,,,,,,,,,,1637.7322230418356,,,,,,,,,,,,,,3,,,,,,,#904ea6,,True
2026-04-12,solana,Index,Total,,98792.68394133332,,,,,,,313578.09608,,,,,,,13178.0,,,,,,,0.0,,,,,,,0.0,,,,,,,0.31504969631593577,,,,,,,7.496788886123336,,,,,,,,,,,,,,1.0,,,,,,,#545cf8,,,,,,,True
2026-04-12,solana,Index,_SP500,SP500,,88648.90504,,,,,,,270625.1704,,,,,,,6668.0,,,,,,,,,,,,,,,,,,,,,0.32757080543901984,,,,,,,13.294676820635873,,,,,,,,,,,,,,1,,,,,,,#545cf8,,,,,,True
2026-04-12,solana,Index,_URNM,URNM,,10083.714953333332,,,,,,,42952.92568,,,,,,,6508.0,,,,,,,,,,,,,,,,,,,,,0.23476200500187516,,,,,,,1.5494337666461788,,,,,,,,,,,,,,3,,,,,,,#904ea6,,,,,,True
2026-04-12,solana,Index,__Equity,Equity,,,88708.968988,,,,,,,270625.1704,,,,,,,6670.0,,,,,,,0.0,,,,,,,0.0,,,,,,,0.32779275060365926,,,,,,,13.299695500449774,,,,,,,,,,,,,,1,,,,,,,#545cf8,,,,,True
2026-04-12,solana,Index,__Commodity,Commodity,,,10083.714953333332,,,,,,,42952.92568,,,,,,,6508.0,,,,,,,,,,,,,,,,,,,,,0.23476200500187516,,,,,,,1.5494337666461788,,,,,,,,,,,,,,2,,,,,,,#f79009,,,,,True
2026-04-12,solana,Index,Broad Market,,,,,88708.968988,,,,,,,270625.1704,,,,,,,6670.0,,,,,,,0.0,,,,,,,0.0,,,,,,,0.32779275060365926,,,,,,,13.299695500449774,,,,,,,,,,,,,,1,,,,,,,#545cf8,,,,True
2026-04-12,solana,Index,Miners,,,,,10083.714953333332,,,,,,,42952.92568,,,,,,,6508.0,,,,,,,,,,,,,,,,,,,,,0.23476200500187516,,,,,,,1.5494337666461788,,,,,,,,,,,,,,2,,,,,,,#f79009,,,,True
2026-04-12,solana,Index,Pacifica,,,,,,98732.61999333333,,,,,,,313578.09608,,,,,,,13176.0,,,,,,,,,,,,,,,,,,,,,0.31485815249080623,,,,,,,7.4933682447885035,,,,,,,,,,,,,,1,,,,,,,#545cf8,,,True
2026-04-12,solana,Index,___Pacifica,Pacifica,,,,,,98732.61999333333,,,,,,,313578.09608,,,,,,,13176.0,,,,,,,,,,,,,,,,,,,,,0.31485815249080623,,,,,,,7.4933682447885035,,,,,,,,,,,,,,1,,,,,,,#545cf8,,True
2026-04-12,solana,Index,___GMTrade,GMTrade,,,,,,,,,,,,,,,,,,,,,,,,,,,,,,,,,,,,,,,,,,,,,,,,,,,,,,,,,,,,,,3,,,,,,,#904ea6,,True
2026-04-12,solana,Index,___Flash Trade,Flash Trade,,,,,,60.063948,,,,,,,,,,,,,,2.0,,,,,,,0.0,,,,,,,0.0,,,,,,,,,,,,,,30.031974,,,,,,,,,,,,,,2,,,,,,,#f79009,,True
2026-04-12,solana,Index,_QQQ,QQQ,,,,,,,,,,,,,,,,,,,,,,,,,,,,,,,,,,,,,,,,,,,,,,,,,,,,,,,,,,4,,,,,,,#63b512,,,,,,True
2026-04-12,solana,Index,Large Cap,,,,,,,,,,,,,,,,,,,,,,,,,,,,,,,,,,,,,,,,,,,,,,,,,,,,,,,,,,,,,3,,,,,,,#904ea6,,,,True
2026-04-12,solana,Index,GMTrade,,,,,,,,,,,,,,,,,,,,,,,,,,,,,,,,,,,,,,,,,,,,,,,,,,,,,,,,,,,,,,3,,,,,,,#904ea6,,,True
2026-04-12,solana,Index,_SPY,SPY,,60.063948,,,,,,,,,,,,,,2.0,,,,,,,0.0,,,,,,,0.0,,,,,,,,,,,,,,30.031974,,,,,,,,,,,,,,2,,,,,,,#f79009,,,,,,True
2026-04-12,solana,Index,Flash Trade,,,,,,60.063948,,,,,,,,,,,,,,2.0,,,,,,,0.0,,,,,,,0.0,,,,,,,,,,,,,,30.031974,,,,,,,,,,,,,,2,,,,,,,#f79009,,,True
2026-04-11,solana,Index,Total,,85910.03543333334,,,,,,,308266.52774,,,,,,,14387.0,,,,,,,,,,,,,,,,,,,,,0.27868752427701815,,,,,,,5.971365498945808,,,,,,,,,,,,,,1.0,,,,,,,#545cf8,,,,,,,True
2026-04-11,solana,Index,_SP500,SP500,,75074.63553333333,,,,,,,264800.17313999997,,,,,,,7249.0,,,,,,,,,,,,,,,,,,,,,0.2835142992661162,,,,,,,10.356550632271118,,,,,,,,,,,,,,1,,,,,,,#545cf8,,,,,,True
2026-04-11,solana,Index,_URNM,URNM,,10835.3999,,,,,,,43466.3546,,,,,,,7138.0,,,,,,,,,,,,,,,,,,,,,0.24928246225645068,,,,,,,1.517988217988232,,,,,,,,,,,,,,3,,,,,,,#904ea6,,,,,,True
2026-04-11,solana,Index,__Equity,Equity,,,75074.63553333333,,,,,,,264800.17313999997,,,,,,,7249.0,,,,,,,,,,,,,,,,,,,,,0.2835142992661162,,,,,,,10.356550632271118,,,,,,,,,,,,,,1,,,,,,,#545cf8,,,,,True
2026-04-11,solana,Index,__Commodity,Commodity,,,10835.3999,,,,,,,43466.3546,,,,,,,7138.0,,,,,,,,,,,,,,,,,,,,,0.24928246225645068,,,,,,,1.517988217988232,,,,,,,,,,,,,,2,,,,,,,#f79009,,,,,True
2026-04-11,solana,Index,Broad Market,,,,,75074.63553333333,,,,,,,264800.17313999997,,,,,,,7249.0,,,,,,,,,,,,,,,,,,,,,0.2835142992661162,,,,,,,10.356550632271118,,,,,,,,,,,,,,1,,,,,,,#545cf8,,,,True
2026-04-11,solana,Index,Miners,,,,,10835.3999,,,,,,,43466.3546,,,,,,,7138.0,,,,,,,,,,,,,,,,,,,,,0.24928246225645068,,,,,,,1.517988217988232,,,,,,,,,,,,,,2,,,,,,,#f79009,,,,True
2026-04-11,solana,Index,Pacifica,,,,,,85910.03543333334,,,,,,,308266.52774,,,,,,,14387.0,,,,,,,,,,,,,,,,,,,,,0.27868752427701815,,,,,,,5.971365498945808,,,,,,,,,,,,,,1,,,,,,,#545cf8,,,True
2026-04-11,solana,Index,___Pacifica,Pacifica,,,,,,85910.03543333334,,,,,,,308266.52774,,,,,,,14387.0,,,,,,,,,,,,,,,,,,,,,0.27868752427701815,,,,,,,5.971365498945808,,,,,,,,,,,,,,1,,,,,,,#545cf8,,True
2026-04-11,solana,Index,GMTrade,,,,,,,,,,,,,,,,,,,,,,,,,,,,,,,,,,,,,,,,,,,,,,,,,,,,,,,,,,,,,,3,,,,,,,#904ea6,,,True
2026-04-11,solana,Index,___Flash Trade,Flash Trade,,,,,,,,,,,,,,,,,,,,,,,,,,,,,,,,,,,,,,,,,,,,,,,,,,,,,,,,,,,,,,2,,,,,,,#f79009,,True
2026-04-11,solana,Index,Flash Trade,,,,,,,,,,,,,,,,,,,,,,,,,,,,,,,,,,,,,,,,,,,,,,,,,,,,,,,,,,,,,,2,,,,,,,#f79009,,,True
2026-04-11,solana,Index,Large Cap,,,,,,,,,,,,,,,,,,,,,,,,,,,,,,,,,,,,,,,,,,,,,,,,,,,,,,,,,,,,,3,,,,,,,#904ea6,,,,True
2026-04-11,solana,Index,_QQQ,QQQ,,,,,,,,,,,,,,,,,,,,,,,,,,,,,,,,,,,,,,,,,,,,,,,,,,,,,,,,,,4,,,,,,,#63b512,,,,,,True
2026-04-11,solana,Index,_SPY,SPY,,,,,,,,,,,,,,,,,,,,,,,,,,,,,,,,,,,,,,,,,,,,,,,,,,,,,,,,,,2,,,,,,,#f79009,,,,,,True
2026-04-11,solana,Index,___GMTrade,GMTrade,,,,,,,,,,,,,,,,,,,,,,,,,,,,,,,,,,,,,,,,,,,,,,,,,,,,,,,,,,,,,,3,,,,,,,#904ea6,,True
2026-04-10,solana,Index,Total,,182519.85260964144,,,,,,,298325.31685,,,,,,,14558.0,,,,,,,3507.1365405378897,,,,,,,0.0,,,,,,,0.611814828646989,,,,,,,12.537426336697447,,,,,,,,,,,,,,1.0,,,,,,,#545cf8,,,,,,,True
2026-04-10,solana,Index,_SP500,SP500,,115746.31387333332,,,,,,,254963.83075,,,,,,,7318.0,,,,,,,,,,,,,,,,,,,,,0.45397150463598973,,,,,,,15.816659452491571,,,,,,,,,,,,,,1,,,,,,,#545cf8,,,,,,True
2026-04-10,solana,Index,_URNM,URNM,,12390.92598,,,,,,,43361.4861,,,,,,,7207.0,,,,,,,,,,,,,,,,,,,,,0.28575879413874605,,,,,,,1.719290409324268,,,,,,,,,,,,,,3,,,,,,,#904ea6,,,,,,True
2026-04-10,solana,Index,__Equity,Equity,,,170128.92662964144,,,,,,,254963.83075,,,,,,,7351.0,,,,,,,3507.1365405378897,,,,,,,0.0,,,,,,,0.667266906561575,,,,,,,23.143643943632355,,,,,,,,,,,,,,1,,,,,,,#545cf8,,,,,True
2026-04-10,solana,Index,__Commodity,Commodity,,,12390.92598,,,,,,,43361.4861,,,,,,,7207.0,,,,,,,,,,,,,,,,,,,,,0.28575879413874605,,,,,,,1.719290409324268,,,,,,,,,,,,,,2,,,,,,,#f79009,,,,,True
2026-04-10,solana,Index,Broad Market,,,,,163114.55357306567,,,,,,,254963.83075,,,,,,,7346.0,,,,,,,0.0,,,,,,,0.0,,,,,,,0.6397556590409272,,,,,,,22.204540372048143,,,,,,,,,,,,,,1,,,,,,,#545cf8,,,,True
2026-04-10,solana,Index,Miners,,,,,12390.92598,,,,,,,43361.4861,,,,,,,7207.0,,,,,,,,,,,,,,,,,,,,,0.28575879413874605,,,,,,,1.719290409324268,,,,,,,,,,,,,,2,,,,,,,#f79009,,,,True
2026-04-10,solana,Index,Pacifica,,,,,,128137.23985333332,,,,,,,298325.31685,,,,,,,14525.0,,,,,,,,,,,,,,,,,,,,,0.4295218428202042,,,,,,,8.821840953757887,,,,,,,,,,,,,,1,,,,,,,#545cf8,,,True
2026-04-10,solana,Index,___Pacifica,Pacifica,,,,,,128137.23985333332,,,,,,,298325.31685,,,,,,,14525.0,,,,,,,,,,,,,,,,,,,,,0.4295218428202042,,,,,,,8.821840953757887,,,,,,,,,,,,,,1,,,,,,,#545cf8,,True
2026-04-10,solana,Index,GMTrade,,,,,,7164.192010308122,,,,,,,,,,,,,,9.0,,,,,,,3507.1365405378897,,,,,,,,,,,,,,,,,,,,,796.0213344786803,,,,,,,,,,,,,,3,,,,,,,#904ea6,,,True
2026-04-10,solana,Index,_QQQ,QQQ,,7014.373056575779,,,,,,,,,,,,,,5.0,,,,,,,3507.1365405378897,,,,,,,,,,,,,,,,,,,,,1402.8746113151558,,,,,,,,,,,,,,4,,,,,,,#63b512,,,,,,True
2026-04-10,solana,Index,___GMTrade,GMTrade,,,,,,7164.192010308122,,,,,,,,,,,,,,9.0,,,,,,,3507.1365405378897,,,,,,,,,,,,,,,,,,,,,796.0213344786803,,,,,,,,,,,,,,3,,,,,,,#904ea6,,True
2026-04-10,solana,Index,___Flash Trade,Flash Trade,,,,,,47218.420746,,,,,,,,,,,,,,24.0,,,,,,,0.0,,,,,,,0.0,,,,,,,,,,,,,,1967.43419775,,,,,,,,,,,,,,2,,,,,,,#f79009,,True
2026-04-10,solana,Index,Large Cap,,,,,7014.373056575779,,,,,,,,,,,,,,5.0,,,,,,,3507.1365405378897,,,,,,,,,,,,,,,,,,,,,1402.8746113151558,,,,,,,,,,,,,,3,,,,,,,#904ea6,,,,True
2026-04-10,solana,Index,_SPY,SPY,,47368.239699732345,,,,,,,,,,,,,,28.0,,,,,,,0.0,,,,,,,0.0,,,,,,,,,,,,,,1691.7228464190123,,,,,,,,,,,,,,2,,,,,,,#f79009,,,,,,True
2026-04-10,solana,Index,Flash Trade,,,,,,47218.420746,,,,,,,,,,,,,,24.0,,,,,,,0.0,,,,,,,0.0,,,,,,,,,,,,,,1967.43419775,,,,,,,,,,,,,,2,,,,,,,#f79009,,,True
2026-04-09,solana,Index,Total,,826213.5789569179,,,,,,,288364.94719000004,,,,,,,14234.0,,,,,,,65827.15985552172,,,,,,,0.0,,,,,,,2.865166473970001,,,,,,,58.04507369375565,,,,,,,,,,,,,,1.0,,,,,,,#545cf8,,,,,,,True
2026-04-09,solana,Index,_SP500,SP500,,153024.44373333335,,,,,,,244942.40754000001,,,,,,,7178.0,,,,,,,,,,,,,,,,,,,,,0.6247364238401384,,,,,,,21.318534930807097,,,,,,,,,,,,,,1,,,,,,,#545cf8,,,,,,True
2026-04-09,solana,Index,_URNM,URNM,,10966.696946666669,,,,,,,43422.53965,,,,,,,6924.0,,,,,,,,,,,,,,,,,,,,,0.2525577047096247,,,,,,,1.5838672655497787,,,,,,,,,,,,,,3,,,,,,,#904ea6,,,,,,True
2026-04-09,solana,Index,__Equity,Equity,,,815246.8820102512,,,,,,,244942.40754000001,,,,,,,7310.0,,,,,,,65827.15985552172,,,,,,,0.0,,,,,,,3.3283206864745063,,,,,,,111.52488125995228,,,,,,,,,,,,,,1,,,,,,,#545cf8,,,,,True
2026-04-09,solana,Index,__Commodity,Commodity,,,10966.696946666669,,,,,,,43422.53965,,,,,,,6924.0,,,,,,,,,,,,,,,,,,,,,0.2525577047096247,,,,,,,1.5838672655497787,,,,,,,,,,,,,,2,,,,,,,#f79009,,,,,True
2026-04-09,solana,Index,Broad Market,,,,,388100.61414133926,,,,,,,244942.40754000001,,,,,,,7213.0,,,,,,,2274.327921625514,,,,,,,0.0,,,,,,,1.5844565995700886,,,,,,,53.80571386958814,,,,,,,,,,,,,,1,,,,,,,#545cf8,,,,True
2026-04-09,solana,Index,Miners,,,,,10966.696946666669,,,,,,,43422.53965,,,,,,,6924.0,,,,,,,,,,,,,,,,,,,,,0.2525577047096247,,,,,,,1.5838672655497787,,,,,,,,,,,,,,2,,,,,,,#f79009,,,,True
2026-04-09,solana,Index,Pacifica,,,,,,163991.14068,,,,,,,288364.94719000004,,,,,,,14102.0,,,,,,,,,,,,,,,,,,,,,0.5686930477439351,,,,,,,11.628927859878033,,,,,,,,,,,,,,1,,,,,,,#545cf8,,,True
2026-04-09,solana,Index,___Pacifica,Pacifica,,,,,,163991.14068,,,,,,,288364.94719000004,,,,,,,14102.0,,,,,,,,,,,,,,,,,,,,,0.5686930477439351,,,,,,,11.628927859878033,,,,,,,,,,,,,,1,,,,,,,#545cf8,,True
2026-04-09,solana,Index,___GMTrade,GMTrade,,,,,,659359.2809149178,,,,,,,,,,,,,,127.0,,,,,,,65827.15985552172,,,,,,,,,,,,,,,,,,,,,5191.805361534786,,,,,,,,,,,,,,3,,,,,,,#904ea6,,True
2026-04-09,solana,Index,Flash Trade,,,,,,2863.157362,,,,,,,,,,,,,,5.0,,,,,,,0.0,,,,,,,0.0,,,,,,,,,,,,,,572.6314724,,,,,,,,,,,,,,2,,,,,,,#f79009,,,True
2026-04-09,solana,Index,___Flash Trade,Flash Trade,,,,,,2863.157362,,,,,,,,,,,,,,5.0,,,,,,,0.0,,,,,,,0.0,,,,,,,,,,,,,,572.6314724,,,,,,,,,,,,,,2,,,,,,,#f79009,,True
2026-04-09,solana,Index,_QQQ,QQQ,,427146.26786891196,,,,,,,,,,,,,,97.0,,,,,,,63552.83193389621,,,,,,,,,,,,,,,,,,,,,4403.5697718444535,,,,,,,,,,,,,,4,,,,,,,#63b512,,,,,,True
2026-04-09,solana,Index,_SPY,SPY,,235076.17040800586,,,,,,,,,,,,,,35.0,,,,,,,2274.327921625514,,,,,,,0.0,,,,,,,,,,,,,,6716.4620116573105,,,,,,,,,,,,,,2,,,,,,,#f79009,,,,,,True
2026-04-09,solana,Index,GMTrade,,,,,,659359.2809149178,,,,,,,,,,,,,,127.0,,,,,,,65827.15985552172,,,,,,,,,,,,,,,,,,,,,5191.805361534786,,,,,,,,,,,,,,3,,,,,,,#904ea6,,,True
2026-04-09,solana,Index,Large Cap,,,,,427146.26786891196,,,,,,,,,,,,,,97.0,,,,,,,63552.83193389621,,,,,,,,,,,,,,,,,,,,,4403.5697718444535,,,,,,,,,,,,,,3,,,,,,,#904ea6,,,,True
2026-04-08,solana,Index,Total,,793697.0437414958,,,,,,,305105.97573,,,,,,,14472.0,,,,,,,65471.29393384076,,,,,,,0.0,,,,,,,2.6013815096295225,,,,,,,54.843632099329454,,,,,,,,,,,,,,1.0,,,,,,,#545cf8,,,,,,,True
2026-04-08,solana,Index,_SP500,SP500,,229069.47625333333,,,,,,,261247.54293000003,,,,,,,7415.0,,,,,,,,,,,,,,,,,,,,,0.8768292083601006,,,,,,,30.892714262081366,,,,,,,,,,,,,,1,,,,,,,#545cf8,,,,,,True
2026-04-08,solana,Index,_URNM,URNM,,22730.6102,,,,,,,43858.4328,,,,,,,6978.0,,,,,,,,,,,,,,,,,,,,,0.5182722853699414,,,,,,,3.257467784465463,,,,,,,,,,,,,,3,,,,,,,#904ea6,,,,,,True
2026-04-08,solana,Index,__Equity,Equity,,,770966.4335414958,,,,,,,261247.54293000003,,,,,,,7494.0,,,,,,,65471.29393384076,,,,,,,0.0,,,,,,,2.951095443405079,,,,,,,102.87782673358632,,,,,,,,,,,,,,1,,,,,,,#545cf8,,,,,True
2026-04-08,solana,Index,__Commodity,Commodity,,,22730.6102,,,,,,,43858.4328,,,,,,,6978.0,,,,,,,,,,,,,,,,,,,,,0.5182722853699414,,,,,,,3.257467784465463,,,,,,,,,,,,,,2,,,,,,,#f79009,,,,,True
2026-04-08,solana,Index,Broad Market,,,,,434271.6012062522,,,,,,,261247.54293000003,,,,,,,7451.0,,,,,,,55901.1448316327,,,,,,,0.0,,,,,,,1.66229927499304,,,,,,,58.28366678382125,,,,,,,,,,,,,,1,,,,,,,#545cf8,,,,True
2026-04-08,solana,Index,Miners,,,,,22730.6102,,,,,,,43858.4328,,,,,,,6978.0,,,,,,,,,,,,,,,,,,,,,0.5182722853699414,,,,,,,3.257467784465463,,,,,,,,,,,,,,2,,,,,,,#f79009,,,,True
2026-04-08,solana,Index,Pacifica,,,,,,251800.08645333332,,,,,,,305105.97573,,,,,,,14393.0,,,,,,,,,,,,,,,,,,,,,0.8252872984571135,,,,,,,17.49462144468376,,,,,,,,,,,,,,1,,,,,,,#545cf8,,,True
2026-04-08,solana,Index,___Pacifica,Pacifica,,,,,,251800.08645333332,,,,,,,305105.97573,,,,,,,14393.0,,,,,,,,,,,,,,,,,,,,,0.8252872984571135,,,,,,,17.49462144468376,,,,,,,,,,,,,,1,,,,,,,#545cf8,,True
2026-04-08,solana,Index,Flash Trade,,,,,,4359.094463,,,,,,,,,,,,,,5.0,,,,,,,0.0,,,,,,,0.0,,,,,,,,,,,,,,871.8188926,,,,,,,,,,,,,,2,,,,,,,#f79009,,,True
2026-04-08,solana,Index,_QQQ,QQQ,,336694.8323352436,,,,,,,,,,,,,,43.0,,,,,,,9570.149102208063,,,,,,,,,,,,,,,,,,,,,7830.112379889386,,,,,,,,,,,,,,4,,,,,,,#63b512,,,,,,True
2026-04-08,solana,Index,___Flash Trade,Flash Trade,,,,,,4359.094463,,,,,,,,,,,,,,5.0,,,,,,,0.0,,,,,,,0.0,,,,,,,,,,,,,,871.8188926,,,,,,,,,,,,,,2,,,,,,,#f79009,,True
2026-04-08,solana,Index,_SPY,SPY,,205202.12495291885,,,,,,,,,,,,,,36.0,,,,,,,55901.1448316327,,,,,,,0.0,,,,,,,,,,,,,,5700.059026469968,,,,,,,,,,,,,,2,,,,,,,#f79009,,,,,,True
2026-04-08,solana,Index,Large Cap,,,,,336694.8323352436,,,,,,,,,,,,,,43.0,,,,,,,9570.149102208063,,,,,,,,,,,,,,,,,,,,,7830.112379889386,,,,,,,,,,,,,,3,,,,,,,#904ea6,,,,True
2026-04-08,solana,Index,___GMTrade,GMTrade,,,,,,537537.8628251625,,,,,,,,,,,,,,74.0,,,,,,,65471.29393384076,,,,,,,,,,,,,,,,,,,,,7264.025173313006,,,,,,,,,,,,,,3,,,,,,,#904ea6,,True
2026-04-08,solana,Index,GMTrade,,,,,,537537.8628251625,,,,,,,,,,,,,,74.0,,,,,,,65471.29393384076,,,,,,,,,,,,,,,,,,,,,7264.025173313006,,,,,,,,,,,,,,3,,,,,,,#904ea6,,,True
2026-04-07,solana,Index,Total,,2880055.3305058815,,,,,,,234056.41835,,,,,,,14477.0,,,,,,,27683.20643122876,,,,,,,0.0,,,,,,,12.304961986554646,,,,,,,198.9400656562742,,,,,,,,,,,,,,1.0,,,,,,,#545cf8,,,,,,,True
2026-04-07,solana,Index,_SP500,SP500,,1910501.299653333,,,,,,,192445.3895,,,,,,,7455.0,,,,,,,,,,,,,,,,,,,,,9.927498417172176,,,,,,,256.2711334209702,,,,,,,,,,,,,,1,,,,,,,#545cf8,,,,,,True
2026-04-07,solana,Index,_URNM,URNM,,17455.94568,,,,,,,41611.028849999995,,,,,,,6851.0,,,,,,,,,,,,,,,,,,,,,0.41950286167942236,,,,,,,2.5479412757261715,,,,,,,,,,,,,,3,,,,,,,#904ea6,,,,,,True
2026-04-07,solana,Index,__Equity,Equity,,,2862599.3848258816,,,,,,,192445.3895,,,,,,,7626.0,,,,,,,27683.20643122876,,,,,,,0.0,,,,,,,14.874866019203239,,,,,,,375.3736408111568,,,,,,,,,,,,,,1,,,,,,,#545cf8,,,,,True
2026-04-07,solana,Index,__Commodity,Commodity,,,17455.94568,,,,,,,41611.028849999995,,,,,,,6851.0,,,,,,,,,,,,,,,,,,,,,0.41950286167942236,,,,,,,2.5479412757261715,,,,,,,,,,,,,,2,,,,,,,#f79009,,,,,True
2026-04-07,solana,Index,Broad Market,,,,,2220257.9426594675,,,,,,,192445.3895,,,,,,,7521.0,,,,,,,4546.1467451029375,,,,,,,0.0,,,,,,,11.537080459178616,,,,,,,295.207810485237,,,,,,,,,,,,,,1,,,,,,,#545cf8,,,,True
2026-04-07,solana,Index,Miners,,,,,17455.94568,,,,,,,41611.028849999995,,,,,,,6851.0,,,,,,,,,,,,,,,,,,,,,0.41950286167942236,,,,,,,2.5479412757261715,,,,,,,,,,,,,,2,,,,,,,#f79009,,,,True
2026-04-07,solana,Index,Pacifica,,,,,,1927957.2453333328,,,,,,,234056.41835,,,,,,,14306.0,,,,,,,,,,,,,,,,,,,,,8.237147517357679,,,,,,,134.76563996458358,,,,,,,,,,,,,,1,,,,,,,#545cf8,,,True
2026-04-07,solana,Index,___Pacifica,Pacifica,,,,,,1927957.2453333328,,,,,,,234056.41835,,,,,,,14306.0,,,,,,,,,,,,,,,,,,,,,8.237147517357679,,,,,,,134.76563996458358,,,,,,,,,,,,,,1,,,,,,,#545cf8,,True
2026-04-07,solana,Index,_SPY,SPY,,309756.6430061343,,,,,,,,,,,,,,66.0,,,,,,,4546.1467451029375,,,,,,,0.0,,,,,,,,,,,,,,4693.282469789914,,,,,,,,,,,,,,2,,,,,,,#f79009,,,,,,True
2026-04-07,solana,Index,_QQQ,QQQ,,642341.4421664145,,,,,,,,,,,,,,105.0,,,,,,,23137.05968612582,,,,,,,,,,,,,,,,,,,,,6117.537544442042,,,,,,,,,,,,,,4,,,,,,,#63b512,,,,,,True
2026-04-07,solana,Index,___Flash Trade,Flash Trade,,,,,,14081.405948,,,,,,,,,,,,,,7.0,,,,,,,0.0,,,,,,,0.0,,,,,,,,,,,,,,2011.6294211428572,,,,,,,,,,,,,,2,,,,,,,#f79009,,True
2026-04-07,solana,Index,Flash Trade,,,,,,14081.405948,,,,,,,,,,,,,,7.0,,,,,,,0.0,,,,,,,0.0,,,,,,,,,,,,,,2011.6294211428572,,,,,,,,,,,,,,2,,,,,,,#f79009,,,True
2026-04-07,solana,Index,___GMTrade,GMTrade,,,,,,938016.6792245489,,,,,,,,,,,,,,164.0,,,,,,,27683.20643122876,,,,,,,,,,,,,,,,,,,,,5719.613897710664,,,,,,,,,,,,,,3,,,,,,,#904ea6,,True
2026-04-07,solana,Index,GMTrade,,,,,,938016.6792245489,,,,,,,,,,,,,,164.0,,,,,,,27683.20643122876,,,,,,,,,,,,,,,,,,,,,5719.613897710664,,,,,,,,,,,,,,3,,,,,,,#904ea6,,,True
2026-04-07,solana,Index,Large Cap,,,,,642341.4421664145,,,,,,,,,,,,,,105.0,,,,,,,23137.05968612582,,,,,,,,,,,,,,,,,,,,,6117.537544442042,,,,,,,,,,,,,,3,,,,,,,#904ea6,,,,True
2026-04-06,solana,Index,Total,,650046.0187328159,,,,,,,283546.74523,,,,,,,14597.0,,,,,,,188588.7634440411,,,,,,,0.0,,,,,,,2.292553272673007,,,,,,,44.53285049892553,,,,,,,,,,,,,,1.0,,,,,,,#545cf8,,,,,,,True
2026-04-06,solana,Index,_SP500,SP500,,211853.54576,,,,,,,241414.51398999998,,,,,,,7422.0,,,,,,,,,,,,,,,,,,,,,0.877550990031923,,,,,,,28.5439970035031,,,,,,,,,,,,,,1,,,,,,,#545cf8,,,,,,True
2026-04-06,solana,Index,_URNM,URNM,,28532.005040000004,,,,,,,42132.231239999994,,,,,,,7077.0,,,,,,,,,,,,,,,,,,,,,0.6772013776690743,,,,,,,4.0316525420375875,,,,,,,,,,,,,,3,,,,,,,#904ea6,,,,,,True
2026-04-06,solana,Index,__Equity,Equity,,,621514.0136928159,,,,,,,241414.51398999998,,,,,,,7520.0,,,,,,,188588.7634440411,,,,,,,0.0,,,,,,,2.574468301100408,,,,,,,82.64814011872552,,,,,,,,,,,,,,1,,,,,,,#545cf8,,,,,True
2026-04-06,solana,Index,__Commodity,Commodity,,,28532.005040000004,,,,,,,42132.231239999994,,,,,,,7077.0,,,,,,,,,,,,,,,,,,,,,0.6772013776690743,,,,,,,4.0316525420375875,,,,,,,,,,,,,,2,,,,,,,#f79009,,,,,True
2026-04-06,solana,Index,Broad Market,,,,,368807.4622896027,,,,,,,241414.51398999998,,,,,,,7481.0,,,,,,,63306.77425764729,,,,,,,0.0,,,,,,,1.5276938250070569,,,,,,,49.299219661756815,,,,,,,,,,,,,,1,,,,,,,#545cf8,,,,True
2026-04-06,solana,Index,Miners,,,,,28532.005040000004,,,,,,,42132.231239999994,,,,,,,7077.0,,,,,,,,,,,,,,,,,,,,,0.6772013776690743,,,,,,,4.0316525420375875,,,,,,,,,,,,,,2,,,,,,,#f79009,,,,True
2026-04-06,solana,Index,Pacifica,,,,,,240385.55080000003,,,,,,,283546.74523,,,,,,,14499.0,,,,,,,,,,,,,,,,,,,,,0.8477810267404423,,,,,,,16.57945725912132,,,,,,,,,,,,,,1,,,,,,,#545cf8,,,True
2026-04-06,solana,Index,___Pacifica,Pacifica,,,,,,240385.55080000003,,,,,,,283546.74523,,,,,,,14499.0,,,,,,,,,,,,,,,,,,,,,0.8477810267404423,,,,,,,16.57945725912132,,,,,,,,,,,,,,1,,,,,,,#545cf8,,True
2026-04-06,solana,Index,GMTrade,,,,,,401947.82211881597,,,,,,,,,,,,,,91.0,,,,,,,188588.7634440411,,,,,,,,,,,,,,,,,,,,,4417.009034272703,,,,,,,,,,,,,,3,,,,,,,#904ea6,,,True
2026-04-06,solana,Index,Large Cap,,,,,252706.55140321323,,,,,,,,,,,,,,39.0,,,,,,,125281.98918639381,,,,,,,,,,,,,,,,,,,,,6479.655164184955,,,,,,,,,,,,,,3,,,,,,,#904ea6,,,,True
2026-04-06,solana,Index,_SPY,SPY,,156953.9165296027,,,,,,,,,,,,,,59.0,,,,,,,63306.77425764729,,,,,,,0.0,,,,,,,,,,,,,,2660.2358733830965,,,,,,,,,,,,,,2,,,,,,,#f79009,,,,,,True
2026-04-06,solana,Index,_QQQ,QQQ,,252706.55140321323,,,,,,,,,,,,,,39.0,,,,,,,125281.98918639381,,,,,,,,,,,,,,,,,,,,,6479.655164184955,,,,,,,,,,,,,,4,,,,,,,#63b512,,,,,,True
2026-04-06,solana,Index,___Flash Trade,Flash Trade,,,,,,7712.645814,,,,,,,,,,,,,,7.0,,,,,,,0.0,,,,,,,0.0,,,,,,,,,,,,,,1101.8065448571429,,,,,,,,,,,,,,2,,,,,,,#f79009,,True
2026-04-06,solana,Index,___GMTrade,GMTrade,,,,,,401947.82211881597,,,,,,,,,,,,,,91.0,,,,,,,188588.7634440411,,,,,,,,,,,,,,,,,,,,,4417.009034272703,,,,,,,,,,,,,,3,,,,,,,#904ea6,,True
2026-04-06,solana,Index,Flash Trade,,,,,,7712.645814,,,,,,,,,,,,,,7.0,,,,,,,0.0,,,,,,,0.0,,,,,,,,,,,,,,1101.8065448571429,,,,,,,,,,,,,,2,,,,,,,#f79009,,,True
2026-04-05,solana,Index,Total,,1673133.898766667,,,,,,,276417.82307,,,,,,,15017.0,,,,,,,,,,,,,,,,,,,,,6.052916125972684,,,,,,,111.41598846418505,,,,,,,,,,,,,,1.0,,,,,,,#545cf8,,,,,,,True
2026-04-05,solana,Index,_SP500,SP500,,1661100.8823000002,,,,,,,244847.82257,,,,,,,7570.0,,,,,,,,,,,,,,,,,,,,,6.784217498299807,,,,,,,219.43208484808457,,,,,,,,,,,,,,1,,,,,,,#545cf8,,,,,,True
2026-04-05,solana,Index,_URNM,URNM,,12033.016466666668,,,,,,,31570.0005,,,,,,,7447.0,,,,,,,,,,,,,,,,,,,,,0.3811535089037033,,,,,,,1.615820661563941,,,,,,,,,,,,,,3,,,,,,,#904ea6,,,,,,True
2026-04-05,solana,Index,__Equity,Equity,,,1661100.8823000002,,,,,,,244847.82257,,,,,,,7570.0,,,,,,,,,,,,,,,,,,,,,6.784217498299807,,,,,,,219.43208484808457,,,,,,,,,,,,,,1,,,,,,,#545cf8,,,,,True
2026-04-05,solana,Index,__Commodity,Commodity,,,12033.016466666668,,,,,,,31570.0005,,,,,,,7447.0,,,,,,,,,,,,,,,,,,,,,0.3811535089037033,,,,,,,1.615820661563941,,,,,,,,,,,,,,2,,,,,,,#f79009,,,,,True
2026-04-05,solana,Index,Broad Market,,,,,1661100.8823000002,,,,,,,244847.82257,,,,,,,7570.0,,,,,,,,,,,,,,,,,,,,,6.784217498299807,,,,,,,219.43208484808457,,,,,,,,,,,,,,1,,,,,,,#545cf8,,,,True
2026-04-05,solana,Index,Miners,,,,,12033.016466666668,,,,,,,31570.0005,,,,,,,7447.0,,,,,,,,,,,,,,,,,,,,,0.3811535089037033,,,,,,,1.615820661563941,,,,,,,,,,,,,,2,,,,,,,#f79009,,,,True
2026-04-05,solana,Index,Pacifica,,,,,,1673133.898766667,,,,,,,276417.82307,,,,,,,15017.0,,,,,,,,,,,,,,,,,,,,,6.052916125972684,,,,,,,111.41598846418505,,,,,,,,,,,,,,1,,,,,,,#545cf8,,,True
2026-04-05,solana,Index,___Pacifica,Pacifica,,,,,,1673133.898766667,,,,,,,276417.82307,,,,,,,15017.0,,,,,,,,,,,,,,,,,,,,,6.052916125972684,,,,,,,111.41598846418505,,,,,,,,,,,,,,1,,,,,,,#545cf8,,True
2026-04-05,solana,Index,___GMTrade,GMTrade,,,,,,,,,,,,,,,,,,,,,,,,,,,,,,,,,,,,,,,,,,,,,,,,,,,,,,,,,,,,,,3,,,,,,,#904ea6,,True
2026-04-05,solana,Index,_SPY,SPY,,,,,,,,,,,,,,,,,,,,,,,,,,,,,,,,,,,,,,,,,,,,,,,,,,,,,,,,,,2,,,,,,,#f79009,,,,,,True
2026-04-05,solana,Index,_QQQ,QQQ,,,,,,,,,,,,,,,,,,,,,,,,,,,,,,,,,,,,,,,,,,,,,,,,,,,,,,,,,,4,,,,,,,#63b512,,,,,,True
2026-04-05,solana,Index,Flash Trade,,,,,,,,,,,,,,,,,,,,,,,,,,,,,,,,,,,,,,,,,,,,,,,,,,,,,,,,,,,,,,2,,,,,,,#f79009,,,True
2026-04-05,solana,Index,GMTrade,,,,,,,,,,,,,,,,,,,,,,,,,,,,,,,,,,,,,,,,,,,,,,,,,,,,,,,,,,,,,,3,,,,,,,#904ea6,,,True
2026-04-05,solana,Index,___Flash Trade,Flash Trade,,,,,,,,,,,,,,,,,,,,,,,,,,,,,,,,,,,,,,,,,,,,,,,,,,,,,,,,,,,,,,2,,,,,,,#f79009,,True
2026-04-05,solana,Index,Large Cap,,,,,,,,,,,,,,,,,,,,,,,,,,,,,,,,,,,,,,,,,,,,,,,,,,,,,,,,,,,,,3,,,,,,,#904ea6,,,,True
2026-04-04,solana,Index,Total,,95871.72482,,,,,,,286225.27608,,,,,,,15100.0,,,,,,,,,,,,,,,,,,,,,0.3349519865366602,,,,,,,6.349120849006622,,,,,,,,,,,,,,1.0,,,,,,,#545cf8,,,,,,,True
2026-04-04,solana,Index,_SP500,SP500,,73774.75986,,,,,,,253417.84947,,,,,,,7476.0,,,,,,,,,,,,,,,,,,,,,0.29111903527826904,,,,,,,9.868212929373998,,,,,,,,,,,,,,1,,,,,,,#545cf8,,,,,,True
2026-04-04,solana,Index,_URNM,URNM,,22096.964959999998,,,,,,,32807.42661,,,,,,,7624.0,,,,,,,,,,,,,,,,,,,,,0.673535453502002,,,,,,,2.8983427282266523,,,,,,,,,,,,,,3,,,,,,,#904ea6,,,,,,True
2026-04-04,solana,Index,__Equity,Equity,,,73774.75986,,,,,,,253417.84947,,,,,,,7476.0,,,,,,,,,,,,,,,,,,,,,0.29111903527826904,,,,,,,9.868212929373998,,,,,,,,,,,,,,1,,,,,,,#545cf8,,,,,True
2026-04-04,solana,Index,__Commodity,Commodity,,,22096.964959999998,,,,,,,32807.42661,,,,,,,7624.0,,,,,,,,,,,,,,,,,,,,,0.673535453502002,,,,,,,2.8983427282266523,,,,,,,,,,,,,,2,,,,,,,#f79009,,,,,True
2026-04-04,solana,Index,Broad Market,,,,,73774.75986,,,,,,,253417.84947,,,,,,,7476.0,,,,,,,,,,,,,,,,,,,,,0.29111903527826904,,,,,,,9.868212929373998,,,,,,,,,,,,,,1,,,,,,,#545cf8,,,,True
2026-04-04,solana,Index,Miners,,,,,22096.964959999998,,,,,,,32807.42661,,,,,,,7624.0,,,,,,,,,,,,,,,,,,,,,0.673535453502002,,,,,,,2.8983427282266523,,,,,,,,,,,,,,2,,,,,,,#f79009,,,,True
2026-04-04,solana,Index,Pacifica,,,,,,95871.72482,,,,,,,286225.27608,,,,,,,15100.0,,,,,,,,,,,,,,,,,,,,,0.3349519865366602,,,,,,,6.349120849006622,,,,,,,,,,,,,,1,,,,,,,#545cf8,,,True
2026-04-04,solana,Index,___Pacifica,Pacifica,,,,,,95871.72482,,,,,,,286225.27608,,,,,,,15100.0,,,,,,,,,,,,,,,,,,,,,0.3349519865366602,,,,,,,6.349120849006622,,,,,,,,,,,,,,1,,,,,,,#545cf8,,True
2026-04-04,solana,Index,Large Cap,,,,,,,,,,,,,,,,,,,,,,,,,,,,,,,,,,,,,,,,,,,,,,,,,,,,,,,,,,,,,3,,,,,,,#904ea6,,,,True
2026-04-04,solana,Index,Flash Trade,,,,,,,,,,,,,,,,,,,,,,,,,,,,,,,,,,,,,,,,,,,,,,,,,,,,,,,,,,,,,,2,,,,,,,#f79009,,,True
2026-04-04,solana,Index,_QQQ,QQQ,,,,,,,,,,,,,,,,,,,,,,,,,,,,,,,,,,,,,,,,,,,,,,,,,,,,,,,,,,4,,,,,,,#63b512,,,,,,True
2026-04-04,solana,Index,___GMTrade,GMTrade,,,,,,,,,,,,,,,,,,,,,,,,,,,,,,,,,,,,,,,,,,,,,,,,,,,,,,,,,,,,,,3,,,,,,,#904ea6,,True
2026-04-04,solana,Index,GMTrade,,,,,,,,,,,,,,,,,,,,,,,,,,,,,,,,,,,,,,,,,,,,,,,,,,,,,,,,,,,,,,3,,,,,,,#904ea6,,,True
2026-04-04,solana,Index,_SPY,SPY,,,,,,,,,,,,,,,,,,,,,,,,,,,,,,,,,,,,,,,,,,,,,,,,,,,,,,,,,,2,,,,,,,#f79009,,,,,,True
2026-04-04,solana,Index,___Flash Trade,Flash Trade,,,,,,,,,,,,,,,,,,,,,,,,,,,,,,,,,,,,,,,,,,,,,,,,,,,,,,,,,,,,,,2,,,,,,,#f79009,,True
2026-04-03,solana,Index,Total,,147665.07908000002,,,,,,,244298.48175,,,,,,,15132.0,,,,,,,,,,,,,,,,,,,,,0.6044453408888204,,,,,,,9.758464121067938,,,,,,,,,,,,,,1.0,,,,,,,#545cf8,,,,,,,True
2026-04-03,solana,Index,_SP500,SP500,,123961.73486666668,,,,,,,222312.59799,,,,,,,7613.0,,,,,,,,,,,,,,,,,,,,,0.557601035602322,,,,,,,16.28290225491484,,,,,,,,,,,,,,1,,,,,,,#545cf8,,,,,,True
2026-04-03,solana,Index,_URNM,URNM,,23703.344213333334,,,,,,,21985.88376,,,,,,,7519.0,,,,,,,,,,,,,,,,,,,,,1.0781165074864079,,,,,,,3.1524596639624063,,,,,,,,,,,,,,3,,,,,,,#904ea6,,,,,,True
2026-04-03,solana,Index,__Equity,Equity,,,123961.73486666668,,,,,,,222312.59799,,,,,,,7613.0,,,,,,,,,,,,,,,,,,,,,0.557601035602322,,,,,,,16.28290225491484,,,,,,,,,,,,,,1,,,,,,,#545cf8,,,,,True
2026-04-03,solana,Index,__Commodity,Commodity,,,23703.344213333334,,,,,,,21985.88376,,,,,,,7519.0,,,,,,,,,,,,,,,,,,,,,1.0781165074864079,,,,,,,3.1524596639624063,,,,,,,,,,,,,,2,,,,,,,#f79009,,,,,True
2026-04-03,solana,Index,Broad Market,,,,,123961.73486666668,,,,,,,222312.59799,,,,,,,7613.0,,,,,,,,,,,,,,,,,,,,,0.557601035602322,,,,,,,16.28290225491484,,,,,,,,,,,,,,1,,,,,,,#545cf8,,,,True
2026-04-03,solana,Index,Miners,,,,,23703.344213333334,,,,,,,21985.88376,,,,,,,7519.0,,,,,,,,,,,,,,,,,,,,,1.0781165074864079,,,,,,,3.1524596639624063,,,,,,,,,,,,,,2,,,,,,,#f79009,,,,True
2026-04-03,solana,Index,Pacifica,,,,,,147665.07908000002,,,,,,,244298.48175,,,,,,,15132.0,,,,,,,,,,,,,,,,,,,,,0.6044453408888204,,,,,,,9.758464121067938,,,,,,,,,,,,,,1,,,,,,,#545cf8,,,True
2026-04-03,solana,Index,___Pacifica,Pacifica,,,,,,147665.07908000002,,,,,,,244298.48175,,,,,,,15132.0,,,,,,,,,,,,,,,,,,,,,0.6044453408888204,,,,,,,9.758464121067938,,,,,,,,,,,,,,1,,,,,,,#545cf8,,True
2026-04-03,solana,Index,Large Cap,,,,,,,,,,,,,,,,,,,,,,,,,,,,,,,,,,,,,,,,,,,,,,,,,,,,,,,,,,,,,3,,,,,,,#904ea6,,,,True
2026-04-03,solana,Index,Flash Trade,,,,,,,,,,,,,,,,,,,,,,,,,,,,,,,,,,,,,,,,,,,,,,,,,,,,,,,,,,,,,,2,,,,,,,#f79009,,,True
2026-04-03,solana,Index,GMTrade,,,,,,,,,,,,,,,,,,,,,,,,,,,,,,,,,,,,,,,,,,,,,,,,,,,,,,,,,,,,,,3,,,,,,,#904ea6,,,True
2026-04-03,solana,Index,_SPY,SPY,,,,,,,,,,,,,,,,,,,,,,,,,,,,,,,,,,,,,,,,,,,,,,,,,,,,,,,,,,2,,,,,,,#f79009,,,,,,True
2026-04-03,solana,Index,___GMTrade,GMTrade,,,,,,,,,,,,,,,,,,,,,,,,,,,,,,,,,,,,,,,,,,,,,,,,,,,,,,,,,,,,,,3,,,,,,,#904ea6,,True
2026-04-03,solana,Index,___Flash Trade,Flash Trade,,,,,,,,,,,,,,,,,,,,,,,,,,,,,,,,,,,,,,,,,,,,,,,,,,,,,,,,,,,,,,2,,,,,,,#f79009,,True
2026-04-03,solana,Index,_QQQ,QQQ,,,,,,,,,,,,,,,,,,,,,,,,,,,,,,,,,,,,,,,,,,,,,,,,,,,,,,,,,,4,,,,,,,#63b512,,,,,,True
2026-04-02,solana,Index,Total,,1271764.7704048627,,,,,,,227766.40301,,,,,,,14914.0,,,,,,,15027.905778019853,,,,,,,0.0,,,,,,,5.58363636426671,,,,,,,85.27321780909634,,,,,,,,,,,,,,1.0,,,,,,,#545cf8,,,,,,,True
2026-04-02,solana,Index,_SP500,SP500,,204034.21207999997,,,,,,,203243.61541,,,,,,,7380.0,,,,,,,,,,,,,,,,,,,,,1.0038898967055132,,,,,,,27.646912205962057,,,,,,,,,,,,,,1,,,,,,,#545cf8,,,,,,True
2026-04-02,solana,Index,_URNM,URNM,,33542.28432,,,,,,,24522.787600000003,,,,,,,7178.0,,,,,,,,,,,,,,,,,,,,,1.3678006296478298,,,,,,,4.672928994148788,,,,,,,,,,,,,,3,,,,,,,#904ea6,,,,,,True
2026-04-02,solana,Index,__Equity,Equity,,,1238222.4860848626,,,,,,,203243.61541,,,,,,,7736.0,,,,,,,15027.905778019853,,,,,,,0.0,,,,,,,6.092306927265669,,,,,,,160.05978362007014,,,,,,,,,,,,,,1,,,,,,,#545cf8,,,,,True
2026-04-02,solana,Index,__Commodity,Commodity,,,33542.28432,,,,,,,24522.787600000003,,,,,,,7178.0,,,,,,,,,,,,,,,,,,,,,1.3678006296478298,,,,,,,4.672928994148788,,,,,,,,,,,,,,2,,,,,,,#f79009,,,,,True
2026-04-02,solana,Index,Broad Market,,,,,638631.4481432267,,,,,,,203243.61541,,,,,,,7531.0,,,,,,,9906.248901853869,,,,,,,0.0,,,,,,,3.142196850095025,,,,,,,84.80035163234984,,,,,,,,,,,,,,1,,,,,,,#545cf8,,,,True
2026-04-02,solana,Index,Miners,,,,,33542.28432,,,,,,,24522.787600000003,,,,,,,7178.0,,,,,,,,,,,,,,,,,,,,,1.3678006296478298,,,,,,,4.672928994148788,,,,,,,,,,,,,,2,,,,,,,#f79009,,,,True
2026-04-02,solana,Index,Pacifica,,,,,,237576.49639999997,,,,,,,227766.40301,,,,,,,14558.0,,,,,,,,,,,,,,,,,,,,,1.0430708535603,,,,,,,16.319308723725786,,,,,,,,,,,,,,1,,,,,,,#545cf8,,,True
2026-04-02,solana,Index,___Pacifica,Pacifica,,,,,,237576.49639999997,,,,,,,227766.40301,,,,,,,14558.0,,,,,,,,,,,,,,,,,,,,,1.0430708535603,,,,,,,16.319308723725786,,,,,,,,,,,,,,1,,,,,,,#545cf8,,True
2026-04-02,solana,Index,___GMTrade,GMTrade,,,,,,918843.4566378626,,,,,,,,,,,,,,338.0,,,,,,,15027.905778019853,,,,,,,,,,,,,,,,,,,,,2718.471765200777,,,,,,,,,,,,,,3,,,,,,,#904ea6,,True
2026-04-02,solana,Index,Flash Trade,,,,,,115344.817367,,,,,,,,,,,,,,18.0,,,,,,,0.0,,,,,,,0.0,,,,,,,,,,,,,,6408.045409277777,,,,,,,,,,,,,,2,,,,,,,#f79009,,,True
2026-04-02,solana,Index,GMTrade,,,,,,918843.4566378626,,,,,,,,,,,,,,338.0,,,,,,,15027.905778019853,,,,,,,,,,,,,,,,,,,,,2718.471765200777,,,,,,,,,,,,,,3,,,,,,,#904ea6,,,True
2026-04-02,solana,Index,Large Cap,,,,,599591.0379416359,,,,,,,,,,,,,,205.0,,,,,,,5121.656876165985,,,,,,,,,,,,,,,,,,,,,2924.8343314226145,,,,,,,,,,,,,,3,,,,,,,#904ea6,,,,True
2026-04-02,solana,Index,_SPY,SPY,,434597.2360632267,,,,,,,,,,,,,,151.0,,,,,,,9906.248901853869,,,,,,,0.0,,,,,,,,,,,,,,2878.1273911471967,,,,,,,,,,,,,,2,,,,,,,#f79009,,,,,,True
2026-04-02,solana,Index,_QQQ,QQQ,,599591.0379416359,,,,,,,,,,,,,,205.0,,,,,,,5121.656876165985,,,,,,,,,,,,,,,,,,,,,2924.8343314226145,,,,,,,,,,,,,,4,,,,,,,#63b512,,,,,,True
2026-04-02,solana,Index,___Flash Trade,Flash Trade,,,,,,115344.817367,,,,,,,,,,,,,,18.0,,,,,,,0.0,,,,,,,0.0,,,,,,,,,,,,,,6408.045409277777,,,,,,,,,,,,,,2,,,,,,,#f79009,,True
2026-04-01,solana,Index,Total,,685127.0465007306,,,,,,,244143.81785,,,,,,,14638.0,,,,,,,0.0,,,,,,,0.0,,,,,,,2.80624368265457,,,,,,,46.80468960928614,,,,,,,,,,,,,,1.0,,,,,,,#545cf8,,,,,,,True
2026-04-01,solana,Index,_SP500,SP500,,380918.8708,,,,,,,223614.6845,,,,,,,7589.0,,,,,,,,,,,,,,,,,,,,,1.703460895923407,,,,,,,50.19355261562788,,,,,,,,,,,,,,1,,,,,,,#545cf8,,,,,,True
2026-04-01,solana,Index,_URNM,URNM,,27390.853106666673,,,,,,,20529.13335,,,,,,,6934.0,,,,,,,,,,,,,,,,,,,,,1.3342430310954492,,,,,,,3.950223984232286,,,,,,,,,,,,,,3,,,,,,,#904ea6,,,,,,True
2026-04-01,solana,Index,__Equity,Equity,,,657736.1933940639,,,,,,,223614.6845,,,,,,,7704.0,,,,,,,0.0,,,,,,,0.0,,,,,,,2.9413819350225356,,,,,,,85.37593372197091,,,,,,,,,,,,,,1,,,,,,,#545cf8,,,,,True
2026-04-01,solana,Index,__Commodity,Commodity,,,27390.853106666673,,,,,,,20529.13335,,,,,,,6934.0,,,,,,,,,,,,,,,,,,,,,1.3342430310954492,,,,,,,3.950223984232286,,,,,,,,,,,,,,2,,,,,,,#f79009,,,,,True
2026-04-01,solana,Index,Broad Market,,,,,487687.08488357975,,,,,,,223614.6845,,,,,,,7639.0,,,,,,,0.0,,,,,,,0.0,,,,,,,2.1809260244873574,,,,,,,63.841744323023924,,,,,,,,,,,,,,1,,,,,,,#545cf8,,,,True
2026-04-01,solana,Index,Miners,,,,,27390.853106666673,,,,,,,20529.13335,,,,,,,6934.0,,,,,,,,,,,,,,,,,,,,,1.3342430310954492,,,,,,,3.950223984232286,,,,,,,,,,,,,,2,,,,,,,#f79009,,,,True
2026-04-01,solana,Index,Pacifica,,,,,,408309.7239066666,,,,,,,244143.81785,,,,,,,14523.0,,,,,,,,,,,,,,,,,,,,,1.6724147574260055,,,,,,,28.114695579884778,,,,,,,,,,,,,,1,,,,,,,#545cf8,,,True
2026-04-01,solana,Index,___Pacifica,Pacifica,,,,,,408309.7239066666,,,,,,,244143.81785,,,,,,,14523.0,,,,,,,,,,,,,,,,,,,,,1.6724147574260055,,,,,,,28.114695579884778,,,,,,,,,,,,,,1,,,,,,,#545cf8,,True
2026-04-01,solana,Index,_SPY,SPY,,106768.21408357975,,,,,,,,,,,,,,50.0,,,,,,,0.0,,,,,,,0.0,,,,,,,,,,,,,,2135.364281671595,,,,,,,,,,,,,,2,,,,,,,#f79009,,,,,,True
2026-04-01,solana,Index,___Flash Trade,Flash Trade,,,,,,13462.512961,,,,,,,,,,,,,,10.0,,,,,,,0.0,,,,,,,0.0,,,,,,,,,,,,,,1346.2512961,,,,,,,,,,,,,,2,,,,,,,#f79009,,True
2026-04-01,solana,Index,GMTrade,,,,,,263354.80963306385,,,,,,,,,,,,,,105.0,,,,,,,0.0,,,,,,,,,,,,,,,,,,,,,2508.1410441244175,,,,,,,,,,,,,,3,,,,,,,#904ea6,,,True
2026-04-01,solana,Index,Flash Trade,,,,,,13462.512961,,,,,,,,,,,,,,10.0,,,,,,,0.0,,,,,,,0.0,,,,,,,,,,,,,,1346.2512961,,,,,,,,,,,,,,2,,,,,,,#f79009,,,True
2026-04-01,solana,Index,Large Cap,,,,,170049.1085104841,,,,,,,,,,,,,,65.0,,,,,,,0.0,,,,,,,,,,,,,,,,,,,,,2616.1401309305247,,,,,,,,,,,,,,3,,,,,,,#904ea6,,,,True
2026-04-01,solana,Index,___GMTrade,GMTrade,,,,,,263354.80963306385,,,,,,,,,,,,,,105.0,,,,,,,0.0,,,,,,,,,,,,,,,,,,,,,2508.1410441244175,,,,,,,,,,,,,,3,,,,,,,#904ea6,,True
2026-04-01,solana,Index,_QQQ,QQQ,,170049.1085104841,,,,,,,,,,,,,,65.0,,,,,,,0.0,,,,,,,,,,,,,,,,,,,,,2616.1401309305247,,,,,,,,,,,,,,4,,,,,,,#63b512,,,,,,True
2026-03-31,solana,Index,Total,,651467.5029711094,,,,,,,155844.11608,,,,,,,13498.0,,,,,,,16138.554461557578,,,,,,,0.0,,,,,,,4.18025087733623,,,,,,,48.26400229449617,,,,,,,,,,,,,,1.0,,,,,,,#545cf8,,,,,,,True
2026-03-31,solana,Index,_SP500,SP500,,357972.4904,,,,,,,137919.52258000002,,,,,,,6963.0,,,,,,,,,,,,,,,,,,,,,2.5955171806250896,,,,,,,51.4106693092058,,,,,,,,,,,,,,1,,,,,,,#545cf8,,,,,,True
2026-03-31,solana,Index,_URNM,URNM,,26724.180239999998,,,,,,,17924.5935,,,,,,,6385.0,,,,,,,,,,,,,,,,,,,,,1.4909225271970603,,,,,,,4.185462841033672,,,,,,,,,,,,,,3,,,,,,,#904ea6,,,,,,True
2026-03-31,solana,Index,__Equity,Equity,,,624743.3227311093,,,,,,,137919.52258000002,,,,,,,7113.0,,,,,,,16138.554461557578,,,,,,,0.0,,,,,,,4.529767150032932,,,,,,,87.83119959666938,,,,,,,,,,,,,,1,,,,,,,#545cf8,,,,,True
2026-03-31,solana,Index,__Commodity,Commodity,,,26724.180239999998,,,,,,,17924.5935,,,,,,,6385.0,,,,,,,,,,,,,,,,,,,,,1.4909225271970603,,,,,,,4.185462841033672,,,,,,,,,,,,,,2,,,,,,,#f79009,,,,,True
2026-03-31,solana,Index,Broad Market,,,,,496962.8343648311,,,,,,,137919.52258000002,,,,,,,7048.0,,,,,,,8777.985453355763,,,,,,,0.0,,,,,,,3.6032812836672092,,,,,,,70.51118535255833,,,,,,,,,,,,,,1,,,,,,,#545cf8,,,,True
2026-03-31,solana,Index,Miners,,,,,26724.180239999998,,,,,,,17924.5935,,,,,,,6385.0,,,,,,,,,,,,,,,,,,,,,1.4909225271970603,,,,,,,4.185462841033672,,,,,,,,,,,,,,2,,,,,,,#f79009,,,,True
2026-03-31,solana,Index,Pacifica,,,,,,384696.67064,,,,,,,155844.11608,,,,,,,13348.0,,,,,,,,,,,,,,,,,,,,,2.46847093311192,,,,,,,28.820547695534913,,,,,,,,,,,,,,1,,,,,,,#545cf8,,,True
2026-03-31,solana,Index,___Pacifica,Pacifica,,,,,,384696.67064,,,,,,,155844.11608,,,,,,,13348.0,,,,,,,,,,,,,,,,,,,,,2.46847093311192,,,,,,,28.820547695534913,,,,,,,,,,,,,,1,,,,,,,#545cf8,,True
2026-03-31,solana,Index,___GMTrade,GMTrade,,,,,,254895.0427621093,,,,,,,,,,,,,,119.0,,,,,,,16138.554461557578,,,,,,,,,,,,,,,,,,,,,2141.9751492614228,,,,,,,,,,,,,,3,,,,,,,#904ea6,,True
2026-03-31,solana,Index,_SPY,SPY,,138990.3439648311,,,,,,,,,,,,,,85.0,,,,,,,8777.985453355763,,,,,,,0.0,,,,,,,,,,,,,,1635.180517233307,,,,,,,,,,,,,,2,,,,,,,#f79009,,,,,,True
2026-03-31,solana,Index,___Flash Trade,Flash Trade,,,,,,11875.789569,,,,,,,,,,,,,,31.0,,,,,,,0.0,,,,,,,0.0,,,,,,,,,,,,,,383.0899860967742,,,,,,,,,,,,,,2,,,,,,,#f79009,,True
2026-03-31,solana,Index,_QQQ,QQQ,,127780.48836627821,,,,,,,,,,,,,,65.0,,,,,,,7360.569008201815,,,,,,,,,,,,,,,,,,,,,1965.853667173511,,,,,,,,,,,,,,4,,,,,,,#63b512,,,,,,True
2026-03-31,solana,Index,Flash Trade,,,,,,11875.789569,,,,,,,,,,,,,,31.0,,,,,,,0.0,,,,,,,0.0,,,,,,,,,,,,,,383.0899860967742,,,,,,,,,,,,,,2,,,,,,,#f79009,,,True
2026-03-31,solana,Index,GMTrade,,,,,,254895.0427621093,,,,,,,,,,,,,,119.0,,,,,,,16138.554461557578,,,,,,,,,,,,,,,,,,,,,2141.9751492614228,,,,,,,,,,,,,,3,,,,,,,#904ea6,,,True
2026-03-31,solana,Index,Large Cap,,,,,127780.48836627821,,,,,,,,,,,,,,65.0,,,,,,,7360.569008201815,,,,,,,,,,,,,,,,,,,,,1965.853667173511,,,,,,,,,,,,,,3,,,,,,,#904ea6,,,,True
2026-03-30,solana,Index,Total,,1129423.2385661928,,,,,,,186978.01609999998,,,,,,,16386.0,,,,,,,163427.13097105484,,,,,,,0.0,,,,,,,6.040406578932532,,,,,,,68.9261100064807,,,,,,,,,,,,,,1.0,,,,,,,#545cf8,,,,,,,True
2026-03-30,solana,Index,_SP500,SP500,,258376.22741333334,,,,,,,171094.85757999998,,,,,,,8247.0,,,,,,,,,,,,,,,,,,,,,1.510134384328428,,,,,,,31.329723222181805,,,,,,,,,,,,,,1,,,,,,,#545cf8,,,,,,True
2026-03-30,solana,Index,_URNM,URNM,,16274.116919999995,,,,,,,15883.15852,,,,,,,7840.0,,,,,,,,,,,,,,,,,,,,,1.0246146507640594,,,,,,,2.0757802193877546,,,,,,,,,,,,,,3,,,,,,,#904ea6,,,,,,True
2026-03-30,solana,Index,__Equity,Equity,,,1113149.1216461929,,,,,,,171094.85757999998,,,,,,,8546.0,,,,,,,163427.13097105484,,,,,,,0.0,,,,,,,6.5060349410309435,,,,,,,130.25381718303217,,,,,,,,,,,,,,1,,,,,,,#545cf8,,,,,True
2026-03-30,solana,Index,__Commodity,Commodity,,,16274.116919999995,,,,,,,15883.15852,,,,,,,7840.0,,,,,,,,,,,,,,,,,,,,,1.0246146507640594,,,,,,,2.0757802193877546,,,,,,,,,,,,,,2,,,,,,,#f79009,,,,,True
2026-03-30,solana,Index,Broad Market,,,,,563524.4963815347,,,,,,,171094.85757999998,,,,,,,8394.0,,,,,,,57902.133204715516,,,,,,,0.0,,,,,,,3.2936378354799105,,,,,,,67.13420257106681,,,,,,,,,,,,,,1,,,,,,,#545cf8,,,,True
2026-03-30,solana,Index,Miners,,,,,16274.116919999995,,,,,,,15883.15852,,,,,,,7840.0,,,,,,,,,,,,,,,,,,,,,1.0246146507640594,,,,,,,2.0757802193877546,,,,,,,,,,,,,,2,,,,,,,#f79009,,,,True
2026-03-30,solana,Index,Pacifica,,,,,,274650.3443333333,,,,,,,186978.01609999998,,,,,,,16087.0,,,,,,,,,,,,,,,,,,,,,1.4688911031468226,,,,,,,17.072813099604232,,,,,,,,,,,,,,1,,,,,,,#545cf8,,,True
2026-03-30,solana,Index,___Pacifica,Pacifica,,,,,,274650.3443333333,,,,,,,186978.01609999998,,,,,,,16087.0,,,,,,,,,,,,,,,,,,,,,1.4688911031468226,,,,,,,17.072813099604232,,,,,,,,,,,,,,1,,,,,,,#545cf8,,True
2026-03-30,solana,Index,GMTrade,,,,,,844549.6072868595,,,,,,,,,,,,,,290.0,,,,,,,163427.13097105484,,,,,,,,,,,,,,,,,,,,,2912.240025127102,,,,,,,,,,,,,,3,,,,,,,#904ea6,,,True
2026-03-30,solana,Index,Large Cap,,,,,549624.625264658,,,,,,,,,,,,,,152.0,,,,,,,105524.99776633931,,,,,,,,,,,,,,,,,,,,,3615.951482004329,,,,,,,,,,,,,,3,,,,,,,#904ea6,,,,True
2026-03-30,solana,Index,Flash Trade,,,,,,10223.286946,,,,,,,,,,,,,,9.0,,,,,,,0.0,,,,,,,0.0,,,,,,,,,,,,,,1135.9207717777779,,,,,,,,,,,,,,2,,,,,,,#f79009,,,True
2026-03-30,solana,Index,_QQQ,QQQ,,549624.625264658,,,,,,,,,,,,,,152.0,,,,,,,105524.99776633931,,,,,,,,,,,,,,,,,,,,,3615.951482004329,,,,,,,,,,,,,,4,,,,,,,#63b512,,,,,,True
2026-03-30,solana,Index,___Flash Trade,Flash Trade,,,,,,10223.286946,,,,,,,,,,,,,,9.0,,,,,,,0.0,,,,,,,0.0,,,,,,,,,,,,,,1135.9207717777779,,,,,,,,,,,,,,2,,,,,,,#f79009,,True
2026-03-30,solana,Index,_SPY,SPY,,305148.2689682015,,,,,,,,,,,,,,147.0,,,,,,,57902.133204715516,,,,,,,0.0,,,,,,,,,,,,,,2075.838564409534,,,,,,,,,,,,,,2,,,,,,,#f79009,,,,,,True
2026-03-30,solana,Index,___GMTrade,GMTrade,,,,,,844549.6072868595,,,,,,,,,,,,,,290.0,,,,,,,163427.13097105484,,,,,,,,,,,,,,,,,,,,,2912.240025127102,,,,,,,,,,,,,,3,,,,,,,#904ea6,,True
2026-03-29,solana,Index,Total,,79156.34034666666,,,,,,,165087.99503,,,,,,,17361.0,,,,,,,,,,,,,,,,,,,,,0.479479687982656,,,,,,,4.55943438434806,,,,,,,,,,,,,,1.0,,,,,,,#545cf8,,,,,,,True
2026-03-29,solana,Index,_SP500,SP500,,66352.22125333332,,,,,,,148738.2756,,,,,,,8769.0,,,,,,,,,,,,,,,,,,,,,0.4461005143812043,,,,,,,7.56668049416505,,,,,,,,,,,,,,1,,,,,,,#545cf8,,,,,,True
2026-03-29,solana,Index,_URNM,URNM,,12804.119093333335,,,,,,,16349.71943,,,,,,,8592.0,,,,,,,,,,,,,,,,,,,,,0.7831399889247723,,,,,,,1.490237324643079,,,,,,,,,,,,,,3,,,,,,,#904ea6,,,,,,True
2026-03-29,solana,Index,__Equity,Equity,,,66352.22125333332,,,,,,,148738.2756,,,,,,,8769.0,,,,,,,,,,,,,,,,,,,,,0.4461005143812043,,,,,,,7.56668049416505,,,,,,,,,,,,,,1,,,,,,,#545cf8,,,,,True
2026-03-29,solana,Index,__Commodity,Commodity,,,12804.119093333335,,,,,,,16349.71943,,,,,,,8592.0,,,,,,,,,,,,,,,,,,,,,0.7831399889247723,,,,,,,1.490237324643079,,,,,,,,,,,,,,2,,,,,,,#f79009,,,,,True
2026-03-29,solana,Index,Broad Market,,,,,66352.22125333332,,,,,,,148738.2756,,,,,,,8769.0,,,,,,,,,,,,,,,,,,,,,0.4461005143812043,,,,,,,7.56668049416505,,,,,,,,,,,,,,1,,,,,,,#545cf8,,,,True
2026-03-29,solana,Index,Miners,,,,,12804.119093333335,,,,,,,16349.71943,,,,,,,8592.0,,,,,,,,,,,,,,,,,,,,,0.7831399889247723,,,,,,,1.490237324643079,,,,,,,,,,,,,,2,,,,,,,#f79009,,,,True
2026-03-29,solana,Index,Pacifica,,,,,,79156.34034666666,,,,,,,165087.99503,,,,,,,17361.0,,,,,,,,,,,,,,,,,,,,,0.479479687982656,,,,,,,4.55943438434806,,,,,,,,,,,,,,1,,,,,,,#545cf8,,,True
2026-03-29,solana,Index,___Pacifica,Pacifica,,,,,,79156.34034666666,,,,,,,165087.99503,,,,,,,17361.0,,,,,,,,,,,,,,,,,,,,,0.479479687982656,,,,,,,4.55943438434806,,,,,,,,,,,,,,1,,,,,,,#545cf8,,True
2026-03-29,solana,Index,___Flash Trade,Flash Trade,,,,,,,,,,,,,,,,,,,,,,,,,,,,,,,,,,,,,,,,,,,,,,,,,,,,,,,,,,,,,,2,,,,,,,#f79009,,True
2026-03-29,solana,Index,_SPY,SPY,,,,,,,,,,,,,,,,,,,,,,,,,,,,,,,,,,,,,,,,,,,,,,,,,,,,,,,,,,2,,,,,,,#f79009,,,,,,True
2026-03-29,solana,Index,GMTrade,,,,,,,,,,,,,,,,,,,,,,,,,,,,,,,,,,,,,,,,,,,,,,,,,,,,,,,,,,,,,,3,,,,,,,#904ea6,,,True
2026-03-29,solana,Index,Large Cap,,,,,,,,,,,,,,,,,,,,,,,,,,,,,,,,,,,,,,,,,,,,,,,,,,,,,,,,,,,,,3,,,,,,,#904ea6,,,,True
2026-03-29,solana,Index,_QQQ,QQQ,,,,,,,,,,,,,,,,,,,,,,,,,,,,,,,,,,,,,,,,,,,,,,,,,,,,,,,,,,4,,,,,,,#63b512,,,,,,True
2026-03-29,solana,Index,___GMTrade,GMTrade,,,,,,,,,,,,,,,,,,,,,,,,,,,,,,,,,,,,,,,,,,,,,,,,,,,,,,,,,,,,,,3,,,,,,,#904ea6,,True
2026-03-29,solana,Index,Flash Trade,,,,,,,,,,,,,,,,,,,,,,,,,,,,,,,,,,,,,,,,,,,,,,,,,,,,,,,,,,,,,,2,,,,,,,#f79009,,,True
2026-03-28,solana,Index,Total,,191117.27318,,,,,,,124358.30601,,,,,,,17523.0,,,,,,,,,,,,,,,,,,,,,1.5368275695604259,,,,,,,10.90665258117902,,,,,,,,,,,,,,1.0,,,,,,,#545cf8,,,,,,,True
2026-03-28,solana,Index,_SP500,SP500,,177873.50640666665,,,,,,,108108.25142,,,,,,,8836.0,,,,,,,,,,,,,,,,,,,,,1.6453277531576105,,,,,,,20.13054622076354,,,,,,,,,,,,,,1,,,,,,,#545cf8,,,,,,True
2026-03-28,solana,Index,_URNM,URNM,,13243.766773333333,,,,,,,16250.054589999998,,,,,,,8687.0,,,,,,,,,,,,,,,,,,,,,0.8149982943123968,,,,,,,1.524550106289091,,,,,,,,,,,,,,3,,,,,,,#904ea6,,,,,,True
2026-03-28,solana,Index,__Equity,Equity,,,177873.50640666665,,,,,,,108108.25142,,,,,,,8836.0,,,,,,,,,,,,,,,,,,,,,1.6453277531576105,,,,,,,20.13054622076354,,,,,,,,,,,,,,1,,,,,,,#545cf8,,,,,True
2026-03-28,solana,Index,__Commodity,Commodity,,,13243.766773333333,,,,,,,16250.054589999998,,,,,,,8687.0,,,,,,,,,,,,,,,,,,,,,0.8149982943123968,,,,,,,1.524550106289091,,,,,,,,,,,,,,2,,,,,,,#f79009,,,,,True
2026-03-28,solana,Index,Broad Market,,,,,177873.50640666665,,,,,,,108108.25142,,,,,,,8836.0,,,,,,,,,,,,,,,,,,,,,1.6453277531576105,,,,,,,20.13054622076354,,,,,,,,,,,,,,1,,,,,,,#545cf8,,,,True
2026-03-28,solana,Index,Miners,,,,,13243.766773333333,,,,,,,16250.054589999998,,,,,,,8687.0,,,,,,,,,,,,,,,,,,,,,0.8149982943123968,,,,,,,1.524550106289091,,,,,,,,,,,,,,2,,,,,,,#f79009,,,,True
2026-03-28,solana,Index,Pacifica,,,,,,191117.27318,,,,,,,124358.30601,,,,,,,17523.0,,,,,,,,,,,,,,,,,,,,,1.5368275695604259,,,,,,,10.90665258117902,,,,,,,,,,,,,,1,,,,,,,#545cf8,,,True
2026-03-28,solana,Index,___Pacifica,Pacifica,,,,,,191117.27318,,,,,,,124358.30601,,,,,,,17523.0,,,,,,,,,,,,,,,,,,,,,1.5368275695604259,,,,,,,10.90665258117902,,,,,,,,,,,,,,1,,,,,,,#545cf8,,True
2026-03-28,solana,Index,___GMTrade,GMTrade,,,,,,,,,,,,,,,,,,,,,,,,,,,,,,,,,,,,,,,,,,,,,,,,,,,,,,,,,,,,,,3,,,,,,,#904ea6,,True
2026-03-28,solana,Index,___Flash Trade,Flash Trade,,,,,,,,,,,,,,,,,,,,,,,,,,,,,,,,,,,,,,,,,,,,,,,,,,,,,,,,,,,,,,2,,,,,,,#f79009,,True
2026-03-28,solana,Index,GMTrade,,,,,,,,,,,,,,,,,,,,,,,,,,,,,,,,,,,,,,,,,,,,,,,,,,,,,,,,,,,,,,3,,,,,,,#904ea6,,,True
2026-03-28,solana,Index,Large Cap,,,,,,,,,,,,,,,,,,,,,,,,,,,,,,,,,,,,,,,,,,,,,,,,,,,,,,,,,,,,,3,,,,,,,#904ea6,,,,True
2026-03-28,solana,Index,Flash Trade,,,,,,,,,,,,,,,,,,,,,,,,,,,,,,,,,,,,,,,,,,,,,,,,,,,,,,,,,,,,,,2,,,,,,,#f79009,,,True
2026-03-28,solana,Index,_SPY,SPY,,,,,,,,,,,,,,,,,,,,,,,,,,,,,,,,,,,,,,,,,,,,,,,,,,,,,,,,,,2,,,,,,,#f79009,,,,,,True
2026-03-28,solana,Index,_QQQ,QQQ,,,,,,,,,,,,,,,,,,,,,,,,,,,,,,,,,,,,,,,,,,,,,,,,,,,,,,,,,,4,,,,,,,#63b512,,,,,,True
2026-03-27,solana,Index,Total,,427323.2678124174,,,,,,,159374.82624,,,,,,,17579.0,,,,,,,4470.689910862229,,,,,,,1.0,,,,,,,2.6812469565859676,,,,,,,24.30873586736546,,,,,,,192.272237,,,,,,,1.0,,,,,,,#545cf8,,,,,,,True
2026-03-27,solana,Index,_SP500,SP500,,315669.0393,,,,,,,143115.12784,,,,,,,8883.0,,,,,,,,,,,,,,,,,,,,,2.2057000127401767,,,,,,,35.53630972644377,,,,,,,,,,,,,,1,,,,,,,#545cf8,,,,,,True
2026-03-27,solana,Index,_URNM,URNM,,15457.262186666667,,,,,,,16259.698400000001,,,,,,,8614.0,,,,,,,,,,,,,,,,,,,,,0.9506487639811736,,,,,,,1.7944348951319558,,,,,,,,,,,,,,3,,,,,,,#904ea6,,,,,,True
2026-03-27,solana,Index,__Equity,Equity,,,411866.00562575075,,,,,,,143115.12784,,,,,,,8965.0,,,,,,,4470.689910862229,,,,,,,1.0,,,,,,,2.877864917859761,,,,,,,45.941551101589596,,,,,,,192.272237,,,,,,,1,,,,,,,#545cf8,,,,,True
2026-03-27,solana,Index,__Commodity,Commodity,,,15457.262186666667,,,,,,,16259.698400000001,,,,,,,8614.0,,,,,,,,,,,,,,,,,,,,,0.9506487639811736,,,,,,,1.7944348951319558,,,,,,,,,,,,,,2,,,,,,,#f79009,,,,,True
2026-03-27,solana,Index,Broad Market,,,,,365398.58440359356,,,,,,,143115.12784,,,,,,,8929.0,,,,,,,3093.334747633515,,,,,,,1.0,,,,,,,2.5531793173681976,,,,,,,40.92267716469857,,,,,,,192.272237,,,,,,,1,,,,,,,#545cf8,,,,True
2026-03-27,solana,Index,Miners,,,,,15457.262186666667,,,,,,,16259.698400000001,,,,,,,8614.0,,,,,,,,,,,,,,,,,,,,,0.9506487639811736,,,,,,,1.7944348951319558,,,,,,,,,,,,,,2,,,,,,,#f79009,,,,True
2026-03-27,solana,Index,Pacifica,,,,,,331126.30148666666,,,,,,,159374.82624,,,,,,,17497.0,,,,,,,,,,,,,,,,,,,,,2.0776574901987903,,,,,,,18.92474718446972,,,,,,,,,,,,,,1,,,,,,,#545cf8,,,True
2026-03-27,solana,Index,___Pacifica,Pacifica,,,,,,331126.30148666666,,,,,,,159374.82624,,,,,,,17497.0,,,,,,,,,,,,,,,,,,,,,2.0776574901987903,,,,,,,18.92474718446972,,,,,,,,,,,,,,1,,,,,,,#545cf8,,True
2026-03-27,solana,Index,Large Cap,,,,,46467.421222157194,,,,,,,,,,,,,,36.0,,,,,,,1377.3551632287142,,,,,,,,,,,,,,,,,,,,,1290.7617006154776,,,,,,,,,,,,,,3,,,,,,,#904ea6,,,,True
2026-03-27,solana,Index,___Flash Trade,Flash Trade,,,,,,8482.726725,,,,,,,,,,,,,,9.0,,,,,,,192.272237,,,,,,,1.0,,,,,,,,,,,,,,942.5251916666667,,,,,,,192.272237,,,,,,,2,,,,,,,#f79009,,True
2026-03-27,solana,Index,GMTrade,,,,,,87714.23960075072,,,,,,,,,,,,,,73.0,,,,,,,4278.417673862229,,,,,,,,,,,,,,,,,,,,,1201.564926037681,,,,,,,,,,,,,,3,,,,,,,#904ea6,,,True
2026-03-27,solana,Index,Flash Trade,,,,,,8482.726725,,,,,,,,,,,,,,9.0,,,,,,,192.272237,,,,,,,1.0,,,,,,,,,,,,,,942.5251916666667,,,,,,,192.272237,,,,,,,2,,,,,,,#f79009,,,True
2026-03-27,solana,Index,_QQQ,QQQ,,46467.421222157194,,,,,,,,,,,,,,36.0,,,,,,,1377.3551632287142,,,,,,,,,,,,,,,,,,,,,1290.7617006154776,,,,,,,,,,,,,,4,,,,,,,#63b512,,,,,,True
2026-03-27,solana,Index,_SPY,SPY,,49729.545103593526,,,,,,,,,,,,,,46.0,,,,,,,3093.334747633515,,,,,,,1.0,,,,,,,,,,,,,,1081.0770674694245,,,,,,,192.272237,,,,,,,2,,,,,,,#f79009,,,,,,True
2026-03-27,solana,Index,___GMTrade,GMTrade,,,,,,87714.23960075072,,,,,,,,,,,,,,73.0,,,,,,,4278.417673862229,,,,,,,,,,,,,,,,,,,,,1201.564926037681,,,,,,,,,,,,,,3,,,,,,,#904ea6,,True
2026-03-26,solana,Index,Total,,234218.87816315293,,,,,,,144853.37559,,,,,,,17369.0,,,,,,,0.0,,,,,,,0.0,,,,,,,1.6169376599555219,,,,,,,13.4848798527925,,,,,,,,,,,,,,1.0,,,,,,,#545cf8,,,,,,,True
2026-03-26,solana,Index,_SP500,SP500,,161181.51317333334,,,,,,,126876.02928,,,,,,,8735.0,,,,,,,,,,,,,,,,,,,,,1.2703858568715554,,,,,,,18.452377008967755,,,,,,,,,,,,,,1,,,,,,,#545cf8,,,,,,True
2026-03-26,solana,Index,_URNM,URNM,,16123.442500000001,,,,,,,17977.34631,,,,,,,8568.0,,,,,,,,,,,,,,,,,,,,,0.8968755578253085,,,,,,,1.8818210200746968,,,,,,,,,,,,,,3,,,,,,,#904ea6,,,,,,True
2026-03-26,solana,Index,__Equity,Equity,,,218095.43566315292,,,,,,,126876.02928,,,,,,,8801.0,,,,,,,0.0,,,,,,,0.0,,,,,,,1.7189648580650547,,,,,,,24.78075623942199,,,,,,,,,,,,,,1,,,,,,,#545cf8,,,,,True
2026-03-26,solana,Index,__Commodity,Commodity,,,16123.442500000001,,,,,,,17977.34631,,,,,,,8568.0,,,,,,,,,,,,,,,,,,,,,0.8968755578253085,,,,,,,1.8818210200746968,,,,,,,,,,,,,,2,,,,,,,#f79009,,,,,True
2026-03-26,solana,Index,Broad Market,,,,,194960.54835428623,,,,,,,126876.02928,,,,,,,8780.0,,,,,,,0.0,,,,,,,0.0,,,,,,,1.5366223979474638,,,,,,,22.205073844451736,,,,,,,,,,,,,,1,,,,,,,#545cf8,,,,True
2026-03-26,solana,Index,Miners,,,,,16123.442500000001,,,,,,,17977.34631,,,,,,,8568.0,,,,,,,,,,,,,,,,,,,,,0.8968755578253085,,,,,,,1.8818210200746968,,,,,,,,,,,,,,2,,,,,,,#f79009,,,,True
2026-03-26,solana,Index,Pacifica,,,,,,177304.95567333334,,,,,,,144853.37559,,,,,,,17303.0,,,,,,,,,,,,,,,,,,,,,1.2240305408911274,,,,,,,10.247064420813347,,,,,,,,,,,,,,1,,,,,,,#545cf8,,,True
2026-03-26,solana,Index,___Pacifica,Pacifica,,,,,,177304.95567333334,,,,,,,144853.37559,,,,,,,17303.0,,,,,,,,,,,,,,,,,,,,,1.2240305408911274,,,,,,,10.247064420813347,,,,,,,,,,,,,,1,,,,,,,#545cf8,,True
2026-03-26,solana,Index,_SPY,SPY,,33779.03518095291,,,,,,,,,,,,,,45.0,,,,,,,0.0,,,,,,,0.0,,,,,,,,,,,,,,750.6452262433979,,,,,,,,,,,,,,2,,,,,,,#f79009,,,,,,True
2026-03-26,solana,Index,_QQQ,QQQ,,23134.88730886668,,,,,,,,,,,,,,21.0,,,,,,,0.0,,,,,,,,,,,,,,,,,,,,,1101.661300422223,,,,,,,,,,,,,,4,,,,,,,#63b512,,,,,,True
2026-03-26,solana,Index,___Flash Trade,Flash Trade,,,,,,9529.622423,,,,,,,,,,,,,,25.0,,,,,,,0.0,,,,,,,0.0,,,,,,,,,,,,,,381.18489692,,,,,,,,,,,,,,2,,,,,,,#f79009,,True
2026-03-26,solana,Index,Flash Trade,,,,,,9529.622423,,,,,,,,,,,,,,25.0,,,,,,,0.0,,,,,,,0.0,,,,,,,,,,,,,,381.18489692,,,,,,,,,,,,,,2,,,,,,,#f79009,,,True
2026-03-26,solana,Index,Large Cap,,,,,23134.88730886668,,,,,,,,,,,,,,21.0,,,,,,,0.0,,,,,,,,,,,,,,,,,,,,,1101.661300422223,,,,,,,,,,,,,,3,,,,,,,#904ea6,,,,True
2026-03-26,solana,Index,GMTrade,,,,,,47384.30006681959,,,,,,,,,,,,,,41.0,,,,,,,0.0,,,,,,,,,,,,,,,,,,,,,1155.7146357760876,,,,,,,,,,,,,,3,,,,,,,#904ea6,,,True
2026-03-26,solana,Index,___GMTrade,GMTrade,,,,,,47384.30006681959,,,,,,,,,,,,,,41.0,,,,,,,0.0,,,,,,,,,,,,,,,,,,,,,1155.7146357760876,,,,,,,,,,,,,,3,,,,,,,#904ea6,,True
2026-03-25,solana,Index,Total,,289869.6042839619,,,,,,,168965.67239999998,,,,,,,17570.0,,,,,,,1499.3176397280831,,,,,,,0.0,,,,,,,1.7155532254962453,,,,,,,16.49798544587148,,,,,,,,,,,,,,1.0,,,,,,,#545cf8,,,,,,,True
2026-03-25,solana,Index,_SP500,SP500,,164232.21584,,,,,,,150190.05555,,,,,,,8846.0,,,,,,,,,,,,,,,,,,,,,1.0934959391191197,,,,,,,18.565703802848745,,,,,,,,,,,,,,1,,,,,,,#545cf8,,,,,,True
2026-03-25,solana,Index,_URNM,URNM,,31622.18436666667,,,,,,,18775.61685,,,,,,,8662.0,,,,,,,,,,,,,,,,,,,,,1.6842154704848842,,,,,,,3.6506793311783268,,,,,,,,,,,,,,3,,,,,,,#904ea6,,,,,,True
2026-03-25,solana,Index,__Equity,Equity,,,258247.4199172952,,,,,,,150190.05555,,,,,,,8908.0,,,,,,,1499.3176397280831,,,,,,,0.0,,,,,,,1.7194708329495336,,,,,,,28.99050515461329,,,,,,,,,,,,,,1,,,,,,,#545cf8,,,,,True
2026-03-25,solana,Index,__Commodity,Commodity,,,31622.18436666667,,,,,,,18775.61685,,,,,,,8662.0,,,,,,,,,,,,,,,,,,,,,1.6842154704848842,,,,,,,3.6506793311783268,,,,,,,,,,,,,,2,,,,,,,#f79009,,,,,True
2026-03-25,solana,Index,Broad Market,,,,,201910.8190675982,,,,,,,150190.05555,,,,,,,8890.0,,,,,,,0.0,,,,,,,0.0,,,,,,,1.3443687621540281,,,,,,,22.71212812908866,,,,,,,,,,,,,,1,,,,,,,#545cf8,,,,True
2026-03-25,solana,Index,Miners,,,,,31622.18436666667,,,,,,,18775.61685,,,,,,,8662.0,,,,,,,,,,,,,,,,,,,,,1.6842154704848842,,,,,,,3.6506793311783268,,,,,,,,,,,,,,2,,,,,,,#f79009,,,,True
2026-03-25,solana,Index,Pacifica,,,,,,195854.40020666667,,,,,,,168965.67239999998,,,,,,,17508.0,,,,,,,,,,,,,,,,,,,,,1.1591372225182628,,,,,,,11.186566152996726,,,,,,,,,,,,,,1,,,,,,,#545cf8,,,True
2026-03-25,solana,Index,___Pacifica,Pacifica,,,,,,195854.40020666667,,,,,,,168965.67239999998,,,,,,,17508.0,,,,,,,,,,,,,,,,,,,,,1.1591372225182628,,,,,,,11.186566152996726,,,,,,,,,,,,,,1,,,,,,,#545cf8,,True
2026-03-25,solana,Index,___GMTrade,GMTrade,,,,,,82964.3435892952,,,,,,,,,,,,,,38.0,,,,,,,1499.3176397280831,,,,,,,,,,,,,,,,,,,,,2183.272199718295,,,,,,,,,,,,,,3,,,,,,,#904ea6,,True
2026-03-25,solana,Index,GMTrade,,,,,,82964.3435892952,,,,,,,,,,,,,,38.0,,,,,,,1499.3176397280831,,,,,,,,,,,,,,,,,,,,,2183.272199718295,,,,,,,,,,,,,,3,,,,,,,#904ea6,,,True
2026-03-25,solana,Index,Large Cap,,,,,56336.60084969697,,,,,,,,,,,,,,18.0,,,,,,,1499.3176397280831,,,,,,,,,,,,,,,,,,,,,3129.8111583164987,,,,,,,,,,,,,,3,,,,,,,#904ea6,,,,True
2026-03-25,solana,Index,Flash Trade,,,,,,11050.860487999998,,,,,,,,,,,,,,24.0,,,,,,,0.0,,,,,,,0.0,,,,,,,,,,,,,,460.45252033333327,,,,,,,,,,,,,,2,,,,,,,#f79009,,,True
2026-03-25,solana,Index,___Flash Trade,Flash Trade,,,,,,11050.860487999998,,,,,,,,,,,,,,24.0,,,,,,,0.0,,,,,,,0.0,,,,,,,,,,,,,,460.45252033333327,,,,,,,,,,,,,,2,,,,,,,#f79009,,True
2026-03-25,solana,Index,_QQQ,QQQ,,56336.60084969697,,,,,,,,,,,,,,18.0,,,,,,,1499.3176397280831,,,,,,,,,,,,,,,,,,,,,3129.8111583164987,,,,,,,,,,,,,,4,,,,,,,#63b512,,,,,,True
2026-03-25,solana,Index,_SPY,SPY,,37678.603227598214,,,,,,,,,,,,,,44.0,,,,,,,0.0,,,,,,,0.0,,,,,,,,,,,,,,856.331891536323,,,,,,,,,,,,,,2,,,,,,,#f79009,,,,,,True
2026-03-24,solana,Index,Total,,271170.0505169324,,,,,,,144596.08172000002,,,,,,,17360.0,,,,,,,0.0,,,,,,,0.0,,,,,,,1.8753623700677715,,,,,,,15.620394615030667,,,,,,,,,,,,,,1.0,,,,,,,#545cf8,,,,,,,True
2026-03-24,solana,Index,_SP500,SP500,,96228.53884,,,,,,,122216.81366,,,,,,,8510.0,,,,,,,,,,,,,,,,,,,,,0.7873592508122667,,,,,,,11.307701391304347,,,,,,,,,,,,,,1,,,,,,,#545cf8,,,,,,True
2026-03-24,solana,Index,_URNM,URNM,,33048.25524,,,,,,,22379.268060000002,,,,,,,8804.0,,,,,,,,,,,,,,,,,,,,,1.4767353048096068,,,,,,,3.753777287596547,,,,,,,,,,,,,,3,,,,,,,#904ea6,,,,,,True
2026-03-24,solana,Index,__Equity,Equity,,,238121.79527693236,,,,,,,122216.81366,,,,,,,8556.0,,,,,,,0.0,,,,,,,0.0,,,,,,,1.9483554524615019,,,,,,,27.830971864999107,,,,,,,,,,,,,,1,,,,,,,#545cf8,,,,,True
2026-03-24,solana,Index,__Commodity,Commodity,,,33048.25524,,,,,,,22379.268060000002,,,,,,,8804.0,,,,,,,,,,,,,,,,,,,,,1.4767353048096068,,,,,,,3.753777287596547,,,,,,,,,,,,,,2,,,,,,,#f79009,,,,,True
2026-03-24,solana,Index,Broad Market,,,,,183701.0575885891,,,,,,,122216.81366,,,,,,,8539.0,,,,,,,0.0,,,,,,,0.0,,,,,,,1.5030751668885318,,,,,,,21.51318158901383,,,,,,,,,,,,,,1,,,,,,,#545cf8,,,,True
2026-03-24,solana,Index,Miners,,,,,33048.25524,,,,,,,22379.268060000002,,,,,,,8804.0,,,,,,,,,,,,,,,,,,,,,1.4767353048096068,,,,,,,3.753777287596547,,,,,,,,,,,,,,2,,,,,,,#f79009,,,,True
2026-03-24,solana,Index,Pacifica,,,,,,129276.79407999999,,,,,,,144596.08172000002,,,,,,,17314.0,,,,,,,,,,,,,,,,,,,,,0.8940546143590202,,,,,,,7.466604717569596,,,,,,,,,,,,,,1,,,,,,,#545cf8,,,True
2026-03-24,solana,Index,___Pacifica,Pacifica,,,,,,129276.79407999999,,,,,,,144596.08172000002,,,,,,,17314.0,,,,,,,,,,,,,,,,,,,,,0.8940546143590202,,,,,,,7.466604717569596,,,,,,,,,,,,,,1,,,,,,,#545cf8,,True
2026-03-24,solana,Index,___GMTrade,GMTrade,,,,,,66522.59254993238,,,,,,,,,,,,,,29.0,,,,,,,0.0,,,,,,,,,,,,,,,,,,,,,2293.882501721806,,,,,,,,,,,,,,3,,,,,,,#904ea6,,True
2026-03-24,solana,Index,GMTrade,,,,,,66522.59254993238,,,,,,,,,,,,,,29.0,,,,,,,0.0,,,,,,,,,,,,,,,,,,,,,2293.882501721806,,,,,,,,,,,,,,3,,,,,,,#904ea6,,,True
2026-03-24,solana,Index,Large Cap,,,,,54420.73768834328,,,,,,,,,,,,,,17.0,,,,,,,0.0,,,,,,,,,,,,,,,,,,,,,3201.219864020193,,,,,,,,,,,,,,3,,,,,,,#904ea6,,,,True
2026-03-24,solana,Index,Flash Trade,,,,,,75370.663887,,,,,,,,,,,,,,17.0,,,,,,,0.0,,,,,,,0.0,,,,,,,,,,,,,,4433.568463941177,,,,,,,,,,,,,,2,,,,,,,#f79009,,,True
2026-03-24,solana,Index,___Flash Trade,Flash Trade,,,,,,75370.663887,,,,,,,,,,,,,,17.0,,,,,,,0.0,,,,,,,0.0,,,,,,,,,,,,,,4433.568463941177,,,,,,,,,,,,,,2,,,,,,,#f79009,,True
2026-03-24,solana,Index,_SPY,SPY,,87472.51874858911,,,,,,,,,,,,,,29.0,,,,,,,0.0,,,,,,,0.0,,,,,,,,,,,,,,3016.2937499513487,,,,,,,,,,,,,,2,,,,,,,#f79009,,,,,,True
2026-03-24,solana,Index,_QQQ,QQQ,,54420.73768834328,,,,,,,,,,,,,,17.0,,,,,,,0.0,,,,,,,,,,,,,,,,,,,,,3201.219864020193,,,,,,,,,,,,,,4,,,,,,,#63b512,,,,,,True
2026-03-23,solana,Index,Total,,488235.0330023848,,,,,,,136172.74122,,,,,,,17395.0,,,,,,,0.0,,,,,,,0.0,,,,,,,3.585409448529752,,,,,,,28.067550043252936,,,,,,,,,,,,,,1.0,,,,,,,#545cf8,,,,,,,True
2026-03-23,solana,Index,_SP500,SP500,,302141.16319999995,,,,,,,105676.05258,,,,,,,8771.0,,,,,,,,,,,,,,,,,,,,,2.859126129557781,,,,,,,34.44774406567095,,,,,,,,,,,,,,1,,,,,,,#545cf8,,,,,,True
2026-03-23,solana,Index,_URNM,URNM,,48216.53943999999,,,,,,,30496.68864,,,,,,,8567.0,,,,,,,,,,,,,,,,,,,,,1.5810417979858418,,,,,,,5.628170822925177,,,,,,,,,,,,,,3,,,,,,,#904ea6,,,,,,True
2026-03-23,solana,Index,__Equity,Equity,,,440018.4935623848,,,,,,,105676.05258,,,,,,,8828.0,,,,,,,0.0,,,,,,,0.0,,,,,,,4.163843016650128,,,,,,,49.84350855940018,,,,,,,,,,,,,,1,,,,,,,#545cf8,,,,,True
2026-03-23,solana,Index,__Commodity,Commodity,,,48216.53943999999,,,,,,,30496.68864,,,,,,,8567.0,,,,,,,,,,,,,,,,,,,,,1.5810417979858418,,,,,,,5.628170822925177,,,,,,,,,,,,,,2,,,,,,,#f79009,,,,,True
2026-03-23,solana,Index,Broad Market,,,,,404993.8577531116,,,,,,,105676.05258,,,,,,,8809.0,,,,,,,0.0,,,,,,,0.0,,,,,,,3.8324090261274555,,,,,,,45.97500939415502,,,,,,,,,,,,,,1,,,,,,,#545cf8,,,,True
2026-03-23,solana,Index,Miners,,,,,48216.53943999999,,,,,,,30496.68864,,,,,,,8567.0,,,,,,,,,,,,,,,,,,,,,1.5810417979858418,,,,,,,5.628170822925177,,,,,,,,,,,,,,2,,,,,,,#f79009,,,,True
2026-03-23,solana,Index,Pacifica,,,,,,350357.7026399999,,,,,,,136172.74122,,,,,,,17338.0,,,,,,,,,,,,,,,,,,,,,2.572891604450877,,,,,,,20.20750390125735,,,,,,,,,,,,,,1,,,,,,,#545cf8,,,True
2026-03-23,solana,Index,___Pacifica,Pacifica,,,,,,350357.7026399999,,,,,,,136172.74122,,,,,,,17338.0,,,,,,,,,,,,,,,,,,,,,2.572891604450877,,,,,,,20.20750390125735,,,,,,,,,,,,,,1,,,,,,,#545cf8,,True
2026-03-23,solana,Index,___GMTrade,GMTrade,,,,,,82087.17941538482,,,,,,,,,,,,,,45.0,,,,,,,0.0,,,,,,,,,,,,,,,,,,,,,1824.1595425641071,,,,,,,,,,,,,,3,,,,,,,#904ea6,,True
2026-03-23,solana,Index,_QQQ,QQQ,,35024.63580927322,,,,,,,,,,,,,,19.0,,,,,,,0.0,,,,,,,,,,,,,,,,,,,,,1843.4018846985905,,,,,,,,,,,,,,4,,,,,,,#63b512,,,,,,True
2026-03-23,solana,Index,GMTrade,,,,,,82087.17941538482,,,,,,,,,,,,,,45.0,,,,,,,0.0,,,,,,,,,,,,,,,,,,,,,1824.1595425641071,,,,,,,,,,,,,,3,,,,,,,#904ea6,,,True
2026-03-23,solana,Index,_SPY,SPY,,102852.69455311159,,,,,,,,,,,,,,38.0,,,,,,,0.0,,,,,,,0.0,,,,,,,,,,,,,,2706.6498566608316,,,,,,,,,,,,,,2,,,,,,,#f79009,,,,,,True
2026-03-23,solana,Index,___Flash Trade,Flash Trade,,,,,,55790.150947,,,,,,,,,,,,,,12.0,,,,,,,0.0,,,,,,,0.0,,,,,,,,,,,,,,4649.179245583334,,,,,,,,,,,,,,2,,,,,,,#f79009,,True
2026-03-23,solana,Index,Large Cap,,,,,35024.63580927322,,,,,,,,,,,,,,19.0,,,,,,,0.0,,,,,,,,,,,,,,,,,,,,,1843.4018846985905,,,,,,,,,,,,,,3,,,,,,,#904ea6,,,,True
2026-03-23,solana,Index,Flash Trade,,,,,,55790.150947,,,,,,,,,,,,,,12.0,,,,,,,0.0,,,,,,,0.0,,,,,,,,,,,,,,4649.179245583334,,,,,,,,,,,,,,2,,,,,,,#f79009,,,True
2026-03-22,solana,Index,Total,,170227.66556,,,,,,,201618.89551,,,,,,,17528.0,,,,,,,,,,,,,,,,,,,,,0.8443041269986371,,,,,,,9.711756364673665,,,,,,,,,,,,,,1.0,,,,,,,#545cf8,,,,,,,True
2026-03-22,solana,Index,_SP500,SP500,,140823.66448,,,,,,,160634.80125,,,,,,,8778.0,,,,,,,,,,,,,,,,,,,,,0.8766697090802421,,,,,,,16.04279613579403,,,,,,,,,,,,,,1,,,,,,,#545cf8,,,,,,True
2026-03-22,solana,Index,_URNM,URNM,,29404.001079999995,,,,,,,40984.09426,,,,,,,8750.0,,,,,,,,,,,,,,,,,,,,,0.7174490887480209,,,,,,,3.3604572662857137,,,,,,,,,,,,,,3,,,,,,,#904ea6,,,,,,True
2026-03-22,solana,Index,__Equity,Equity,,,140823.66448,,,,,,,160634.80125,,,,,,,8778.0,,,,,,,,,,,,,,,,,,,,,0.8766697090802421,,,,,,,16.04279613579403,,,,,,,,,,,,,,1,,,,,,,#545cf8,,,,,True
2026-03-22,solana,Index,__Commodity,Commodity,,,29404.001079999995,,,,,,,40984.09426,,,,,,,8750.0,,,,,,,,,,,,,,,,,,,,,0.7174490887480209,,,,,,,3.3604572662857137,,,,,,,,,,,,,,2,,,,,,,#f79009,,,,,True
2026-03-22,solana,Index,Broad Market,,,,,140823.66448,,,,,,,160634.80125,,,,,,,8778.0,,,,,,,,,,,,,,,,,,,,,0.8766697090802421,,,,,,,16.04279613579403,,,,,,,,,,,,,,1,,,,,,,#545cf8,,,,True
2026-03-22,solana,Index,Miners,,,,,29404.001079999995,,,,,,,40984.09426,,,,,,,8750.0,,,,,,,,,,,,,,,,,,,,,0.7174490887480209,,,,,,,3.3604572662857137,,,,,,,,,,,,,,2,,,,,,,#f79009,,,,True
2026-03-22,solana,Index,Pacifica,,,,,,170227.66556,,,,,,,201618.89551,,,,,,,17528.0,,,,,,,,,,,,,,,,,,,,,0.8443041269986371,,,,,,,9.711756364673665,,,,,,,,,,,,,,1,,,,,,,#545cf8,,,True
2026-03-22,solana,Index,___Pacifica,Pacifica,,,,,,170227.66556,,,,,,,201618.89551,,,,,,,17528.0,,,,,,,,,,,,,,,,,,,,,0.8443041269986371,,,,,,,9.711756364673665,,,,,,,,,,,,,,1,,,,,,,#545cf8,,True
2026-03-22,solana,Index,GMTrade,,,,,,,,,,,,,,,,,,,,,,,,,,,,,,,,,,,,,,,,,,,,,,,,,,,,,,,,,,,,,,3,,,,,,,#904ea6,,,True
2026-03-22,solana,Index,___Flash Trade,Flash Trade,,,,,,,,,,,,,,,,,,,,,,,,,,,,,,,,,,,,,,,,,,,,,,,,,,,,,,,,,,,,,,2,,,,,,,#f79009,,True
2026-03-22,solana,Index,___GMTrade,GMTrade,,,,,,,,,,,,,,,,,,,,,,,,,,,,,,,,,,,,,,,,,,,,,,,,,,,,,,,,,,,,,,3,,,,,,,#904ea6,,True
2026-03-22,solana,Index,_QQQ,QQQ,,,,,,,,,,,,,,,,,,,,,,,,,,,,,,,,,,,,,,,,,,,,,,,,,,,,,,,,,,4,,,,,,,#63b512,,,,,,True
2026-03-22,solana,Index,Flash Trade,,,,,,,,,,,,,,,,,,,,,,,,,,,,,,,,,,,,,,,,,,,,,,,,,,,,,,,,,,,,,,2,,,,,,,#f79009,,,True
2026-03-22,solana,Index,_SPY,SPY,,,,,,,,,,,,,,,,,,,,,,,,,,,,,,,,,,,,,,,,,,,,,,,,,,,,,,,,,,2,,,,,,,#f79009,,,,,,True
2026-03-22,solana,Index,Large Cap,,,,,,,,,,,,,,,,,,,,,,,,,,,,,,,,,,,,,,,,,,,,,,,,,,,,,,,,,,,,,3,,,,,,,#904ea6,,,,True
2026-03-21,solana,Index,Total,,79877.26752666666,,,,,,,120131.31588,,,,,,,17598.0,,,,,,,,,,,,,,,,,,,,,0.664916278836541,,,,,,,4.538996904572489,,,,,,,,,,,,,,1.0,,,,,,,#545cf8,,,,,,,True
2026-03-21,solana,Index,_SP500,SP500,,66323.25236,,,,,,,90587.5848,,,,,,,8839.0,,,,,,,,,,,,,,,,,,,,,0.7321450561512266,,,,,,,7.503479167326621,,,,,,,,,,,,,,1,,,,,,,#545cf8,,,,,,True
2026-03-21,solana,Index,_URNM,URNM,,13554.015166666666,,,,,,,29543.731079999998,,,,,,,8759.0,,,,,,,,,,,,,,,,,,,,,0.45877804431554103,,,,,,,1.5474386535753701,,,,,,,,,,,,,,3,,,,,,,#904ea6,,,,,,True
2026-03-21,solana,Index,__Equity,Equity,,,66323.25236,,,,,,,90587.5848,,,,,,,8839.0,,,,,,,,,,,,,,,,,,,,,0.7321450561512266,,,,,,,7.503479167326621,,,,,,,,,,,,,,1,,,,,,,#545cf8,,,,,True
2026-03-21,solana,Index,__Commodity,Commodity,,,13554.015166666666,,,,,,,29543.731079999998,,,,,,,8759.0,,,,,,,,,,,,,,,,,,,,,0.45877804431554103,,,,,,,1.5474386535753701,,,,,,,,,,,,,,2,,,,,,,#f79009,,,,,True
2026-03-21,solana,Index,Broad Market,,,,,66323.25236,,,,,,,90587.5848,,,,,,,8839.0,,,,,,,,,,,,,,,,,,,,,0.7321450561512266,,,,,,,7.503479167326621,,,,,,,,,,,,,,1,,,,,,,#545cf8,,,,True
2026-03-21,solana,Index,Miners,,,,,13554.015166666666,,,,,,,29543.731079999998,,,,,,,8759.0,,,,,,,,,,,,,,,,,,,,,0.45877804431554103,,,,,,,1.5474386535753701,,,,,,,,,,,,,,2,,,,,,,#f79009,,,,True
2026-03-21,solana,Index,Pacifica,,,,,,79877.26752666666,,,,,,,120131.31588,,,,,,,17598.0,,,,,,,,,,,,,,,,,,,,,0.664916278836541,,,,,,,4.538996904572489,,,,,,,,,,,,,,1,,,,,,,#545cf8,,,True
2026-03-21,solana,Index,___Pacifica,Pacifica,,,,,,79877.26752666666,,,,,,,120131.31588,,,,,,,17598.0,,,,,,,,,,,,,,,,,,,,,0.664916278836541,,,,,,,4.538996904572489,,,,,,,,,,,,,,1,,,,,,,#545cf8,,True
2026-03-21,solana,Index,___GMTrade,GMTrade,,,,,,,,,,,,,,,,,,,,,,,,,,,,,,,,,,,,,,,,,,,,,,,,,,,,,,,,,,,,,,3,,,,,,,#904ea6,,True
2026-03-21,solana,Index,_SPY,SPY,,,,,,,,,,,,,,,,,,,,,,,,,,,,,,,,,,,,,,,,,,,,,,,,,,,,,,,,,,2,,,,,,,#f79009,,,,,,True
2026-03-21,solana,Index,GMTrade,,,,,,,,,,,,,,,,,,,,,,,,,,,,,,,,,,,,,,,,,,,,,,,,,,,,,,,,,,,,,,3,,,,,,,#904ea6,,,True
2026-03-21,solana,Index,Flash Trade,,,,,,,,,,,,,,,,,,,,,,,,,,,,,,,,,,,,,,,,,,,,,,,,,,,,,,,,,,,,,,2,,,,,,,#f79009,,,True
2026-03-21,solana,Index,_QQQ,QQQ,,,,,,,,,,,,,,,,,,,,,,,,,,,,,,,,,,,,,,,,,,,,,,,,,,,,,,,,,,4,,,,,,,#63b512,,,,,,True
2026-03-21,solana,Index,Large Cap,,,,,,,,,,,,,,,,,,,,,,,,,,,,,,,,,,,,,,,,,,,,,,,,,,,,,,,,,,,,,3,,,,,,,#904ea6,,,,True
2026-03-21,solana,Index,___Flash Trade,Flash Trade,,,,,,,,,,,,,,,,,,,,,,,,,,,,,,,,,,,,,,,,,,,,,,,,,,,,,,,,,,,,,,2,,,,,,,#f79009,,True
2026-03-20,solana,Index,Total,,334647.68796527426,,,,,,,116594.29018,,,,,,,16898.0,,,,,,,299.422687571056,,,,,,,,,,,,,,2.870189333016567,,,,,,,19.80398200765027,,,,,,,,,,,,,,1.0,,,,,,,#545cf8,,,,,,,True
2026-03-20,solana,Index,_SP500,SP500,,142257.95722666665,,,,,,,87235.5119,,,,,,,8477.0,,,,,,,,,,,,,,,,,,,,,1.6307344810418503,,,,,,,16.781639403877158,,,,,,,,,,,,,,1,,,,,,,#545cf8,,,,,,True
2026-03-20,solana,Index,_URNM,URNM,,53431.134679999996,,,,,,,29358.77828,,,,,,,8389.0,,,,,,,,,,,,,,,,,,,,,1.8199372661361302,,,,,,,6.369189972583144,,,,,,,,,,,,,,3,,,,,,,#904ea6,,,,,,True
2026-03-20,solana,Index,__Equity,Equity,,,281216.55328527425,,,,,,,87235.5119,,,,,,,8509.0,,,,,,,299.422687571056,,,,,,,,,,,,,,3.2236476540384036,,,,,,,33.04930700261773,,,,,,,,,,,,,,1,,,,,,,#545cf8,,,,,True
2026-03-20,solana,Index,__Commodity,Commodity,,,53431.134679999996,,,,,,,29358.77828,,,,,,,8389.0,,,,,,,,,,,,,,,,,,,,,1.8199372661361302,,,,,,,6.369189972583144,,,,,,,,,,,,,,2,,,,,,,#f79009,,,,,True
2026-03-20,solana,Index,Broad Market,,,,,243553.08323391085,,,,,,,87235.5119,,,,,,,8493.0,,,,,,,0.0,,,,,,,,,,,,,,2.7919029524707915,,,,,,,28.676920197093,,,,,,,,,,,,,,1,,,,,,,#545cf8,,,,True
2026-03-20,solana,Index,Miners,,,,,53431.134679999996,,,,,,,29358.77828,,,,,,,8389.0,,,,,,,,,,,,,,,,,,,,,1.8199372661361302,,,,,,,6.369189972583144,,,,,,,,,,,,,,2,,,,,,,#f79009,,,,True
2026-03-20,solana,Index,Pacifica,,,,,,195689.09190666664,,,,,,,116594.29018,,,,,,,16866.0,,,,,,,,,,,,,,,,,,,,,1.6783762875914328,,,,,,,11.602578673465352,,,,,,,,,,,,,,1,,,,,,,#545cf8,,,True
2026-03-20,solana,Index,___Pacifica,Pacifica,,,,,,195689.09190666664,,,,,,,116594.29018,,,,,,,16866.0,,,,,,,,,,,,,,,,,,,,,1.6783762875914328,,,,,,,11.602578673465352,,,,,,,,,,,,,,1,,,,,,,#545cf8,,True
2026-03-20,solana,Index,_SPY,SPY,,101295.1260072442,,,,,,,,,,,,,,16.0,,,,,,,0.0,,,,,,,,,,,,,,,,,,,,,6330.945375452762,,,,,,,,,,,,,,2,,,,,,,#f79009,,,,,,True
2026-03-20,solana,Index,Flash Trade,,,,,,,,,,,,,,,,,,,,,,,,,,,,,,,,,,,,,,,,,,,,,,,,,,,,,,,,,,,,,,2,,,,,,,#f79009,,,True
2026-03-20,solana,Index,GMTrade,,,,,,138958.5960586076,,,,,,,,,,,,,,32.0,,,,,,,299.422687571056,,,,,,,,,,,,,,,,,,,,,4342.456126831487,,,,,,,,,,,,,,3,,,,,,,#904ea6,,,True
2026-03-20,solana,Index,___Flash Trade,Flash Trade,,,,,,,,,,,,,,,,,,,,,,,,,,,,,,,,,,,,,,,,,,,,,,,,,,,,,,,,,,,,,,2,,,,,,,#f79009,,True
2026-03-20,solana,Index,_QQQ,QQQ,,37663.4700513634,,,,,,,,,,,,,,16.0,,,,,,,299.422687571056,,,,,,,,,,,,,,,,,,,,,2353.9668782102126,,,,,,,,,,,,,,4,,,,,,,#63b512,,,,,,True
2026-03-20,solana,Index,___GMTrade,GMTrade,,,,,,138958.5960586076,,,,,,,,,,,,,,32.0,,,,,,,299.422687571056,,,,,,,,,,,,,,,,,,,,,4342.456126831487,,,,,,,,,,,,,,3,,,,,,,#904ea6,,True
2026-03-20,solana,Index,Large Cap,,,,,37663.4700513634,,,,,,,,,,,,,,16.0,,,,,,,299.422687571056,,,,,,,,,,,,,,,,,,,,,2353.9668782102126,,,,,,,,,,,,,,3,,,,,,,#904ea6,,,,True
2026-03-19,solana,Index,Total,,206114.23304826103,,,,,,,,,,,,,,12192.0,,,,,,,0.0,,,,,,,0.0,,,,,,,,,,,,,,16.905694967869177,,,,,,,,,,,,,,1.0,,,,,,,#545cf8,,,,,,,True
2026-03-19,solana,Index,Broad Market,,,,,96969.73918868373,,,,,,,,,,,,,,2782.0,,,,,,,0.0,,,,,,,0.0,,,,,,,,,,,,,,34.85612479823283,,,,,,,,,,,,,,1,,,,,,,#545cf8,,,,True
2026-03-19,solana,Index,___Flash Trade,Flash Trade,,,,,,160.572222,,,,,,,,,,,,,,19.0,,,,,,,0.0,,,,,,,0.0,,,,,,,,,,,,,,8.451169578947368,,,,,,,,,,,,,,2,,,,,,,#f79009,,True
2026-03-19,solana,Index,GMTrade,,,,,,101069.97360626103,,,,,,,,,,,,,,38.0,,,,,,,0.0,,,,,,,,,,,,,,,,,,,,,2659.736147533185,,,,,,,,,,,,,,3,,,,,,,#904ea6,,,True
2026-03-19,solana,Index,___Pacifica,Pacifica,,,,,,104883.68721999999,,,,,,,,,,,,,,12135.0,,,,,,,,,,,,,,,,,,,,,,,,,,,,8.643072700453233,,,,,,,,,,,,,,1,,,,,,,#545cf8,,True
2026-03-19,solana,Index,Large Cap,,,,,37764.48420624397,,,,,,,,,,,,,,15.0,,,,,,,0.0,,,,,,,,,,,,,,,,,,,,,2517.6322804162646,,,,,,,,,,,,,,3,,,,,,,#904ea6,,,,True
2026-03-19,solana,Index,_QQQ,QQQ,,37764.48420624397,,,,,,,,,,,,,,15.0,,,,,,,0.0,,,,,,,,,,,,,,,,,,,,,2517.6322804162646,,,,,,,,,,,,,,4,,,,,,,#63b512,,,,,,True
2026-03-19,solana,Index,_SPY,SPY,,63466.06162201706,,,,,,,,,,,,,,42.0,,,,,,,0.0,,,,,,,0.0,,,,,,,,,,,,,,1511.0967052861206,,,,,,,,,,,,,,2,,,,,,,#f79009,,,,,,True
2026-03-19,solana,Index,Miners,,,,,71380.00965333333,,,,,,,,,,,,,,9395.0,,,,,,,,,,,,,,,,,,,,,,,,,,,,7.597659356395245,,,,,,,,,,,,,,2,,,,,,,#f79009,,,,True
2026-03-19,solana,Index,___GMTrade,GMTrade,,,,,,101069.97360626103,,,,,,,,,,,,,,38.0,,,,,,,0.0,,,,,,,,,,,,,,,,,,,,,2659.736147533185,,,,,,,,,,,,,,3,,,,,,,#904ea6,,True
2026-03-19,solana,Index,Pacifica,,,,,,104883.68721999999,,,,,,,,,,,,,,12135.0,,,,,,,,,,,,,,,,,,,,,,,,,,,,8.643072700453233,,,,,,,,,,,,,,1,,,,,,,#545cf8,,,True
2026-03-19,solana,Index,_URNM,URNM,,71380.00965333333,,,,,,,,,,,,,,9395.0,,,,,,,,,,,,,,,,,,,,,,,,,,,,7.597659356395245,,,,,,,,,,,,,,3,,,,,,,#904ea6,,,,,,True
2026-03-19,solana,Index,__Equity,Equity,,,134734.22339492769,,,,,,,,,,,,,,2797.0,,,,,,,0.0,,,,,,,0.0,,,,,,,,,,,,,,48.17097725953796,,,,,,,,,,,,,,1,,,,,,,#545cf8,,,,,True
2026-03-19,solana,Index,Flash Trade,,,,,,160.572222,,,,,,,,,,,,,,19.0,,,,,,,0.0,,,,,,,0.0,,,,,,,,,,,,,,8.451169578947368,,,,,,,,,,,,,,2,,,,,,,#f79009,,,True
2026-03-19,solana,Index,_SP500,SP500,,33503.677566666665,,,,,,,,,,,,,,2740.0,,,,,,,,,,,,,,,,,,,,,,,,,,,,12.227619549878344,,,,,,,,,,,,,,1,,,,,,,#545cf8,,,,,,True
2026-03-19,solana,Index,__Commodity,Commodity,,,71380.00965333333,,,,,,,,,,,,,,9395.0,,,,,,,,,,,,,,,,,,,,,,,,,,,,7.597659356395245,,,,,,,,,,,,,,2,,,,,,,#f79009,,,,,True
2026-03-18,solana,Index,Large Cap,,,,,14127.8692034974,,,,,,,,,,,,,,15.0,,,,,,,0.0,,,,,,,,,,,,,,,,,,,,,941.8579468998266,,,,,,,,,,,,,,3,,,,,,,#904ea6,,,,True
2026-03-18,solana,Index,__Commodity,Commodity,,,36040.64966666667,,,,,,,,,,,,,,8410.0,,,,,,,,,,,,,,,,,,,,,,,,,,,,4.285451803408641,,,,,,,,,,,,,,2,,,,,,,#f79009,,,,,True
2026-03-18,solana,Index,Total,,57825.60911421772,,,,,,,,,,,,,,8453.0,,,,,,,0.0,,,,,,,0.0,,,,,,,,,,,,,,6.840838650682328,,,,,,,,,,,,,,1.0,,,,,,,#545cf8,,,,,,,True
2026-03-18,solana,Index,_QQQ,QQQ,,14127.8692034974,,,,,,,,,,,,,,15.0,,,,,,,0.0,,,,,,,,,,,,,,,,,,,,,941.8579468998266,,,,,,,,,,,,,,4,,,,,,,#63b512,,,,,,True
2026-03-18,solana,Index,Pacifica,,,,,,36040.64966666667,,,,,,,,,,,,,,8410.0,,,,,,,,,,,,,,,,,,,,,,,,,,,,4.285451803408641,,,,,,,,,,,,,,1,,,,,,,#545cf8,,,True
2026-03-18,solana,Index,Flash Trade,,,,,,19.134945000000002,,,,,,,,,,,,,,14.0,,,,,,,0.0,,,,,,,0.0,,,,,,,,,,,,,,1.3667817857142859,,,,,,,,,,,,,,2,,,,,,,#f79009,,,True
2026-03-18,solana,Index,___Flash Trade,Flash Trade,,,,,,19.134945000000002,,,,,,,,,,,,,,14.0,,,,,,,0.0,,,,,,,0.0,,,,,,,,,,,,,,1.3667817857142859,,,,,,,,,,,,,,2,,,,,,,#f79009,,True
2026-03-18,solana,Index,__Equity,Equity,,,21784.95944755104,,,,,,,,,,,,,,43.0,,,,,,,0.0,,,,,,,0.0,,,,,,,,,,,,,,506.62696389653576,,,,,,,,,,,,,,1,,,,,,,#545cf8,,,,,True
2026-03-18,solana,Index,_SPY,SPY,,7657.09024405364,,,,,,,,,,,,,,28.0,,,,,,,0.0,,,,,,,0.0,,,,,,,,,,,,,,273.46750871620145,,,,,,,,,,,,,,2,,,,,,,#f79009,,,,,,True
2026-03-18,solana,Index,___Pacifica,Pacifica,,,,,,36040.64966666667,,,,,,,,,,,,,,8410.0,,,,,,,,,,,,,,,,,,,,,,,,,,,,4.285451803408641,,,,,,,,,,,,,,1,,,,,,,#545cf8,,True
2026-03-18,solana,Index,Miners,,,,,36040.64966666667,,,,,,,,,,,,,,8410.0,,,,,,,,,,,,,,,,,,,,,,,,,,,,4.285451803408641,,,,,,,,,,,,,,2,,,,,,,#f79009,,,,True
2026-03-18,solana,Index,GMTrade,,,,,,21765.82450255104,,,,,,,,,,,,,,29.0,,,,,,,0.0,,,,,,,,,,,,,,,,,,,,,750.54567250176,,,,,,,,,,,,,,3,,,,,,,#904ea6,,,True
2026-03-18,solana,Index,_URNM,URNM,,36040.64966666667,,,,,,,,,,,,,,8410.0,,,,,,,,,,,,,,,,,,,,,,,,,,,,4.285451803408641,,,,,,,,,,,,,,3,,,,,,,#904ea6,,,,,,True
2026-03-18,solana,Index,Broad Market,,,,,7657.09024405364,,,,,,,,,,,,,,28.0,,,,,,,0.0,,,,,,,0.0,,,,,,,,,,,,,,273.46750871620145,,,,,,,,,,,,,,1,,,,,,,#545cf8,,,,True
2026-03-18,solana,Index,___GMTrade,GMTrade,,,,,,21765.82450255104,,,,,,,,,,,,,,29.0,,,,,,,0.0,,,,,,,,,,,,,,,,,,,,,750.54567250176,,,,,,,,,,,,,,3,,,,,,,#904ea6,,True
2026-03-17,solana,Index,Broad Market,,,,,46624.63542265205,,,,,,,,,,,,,,13.0,,,,,,,351.25363368293097,,,,,,,,,,,,,,,,,,,,,3586.5104171270805,,,,,,,,,,,,,,1,,,,,,,#545cf8,,,,True
2026-03-17,solana,Index,Large Cap,,,,,14133.132025182696,,,,,,,,,,,,,,10.0,,,,,,,1537.9537457418328,,,,,,,,,,,,,,,,,,,,,1413.3132025182697,,,,,,,,,,,,,,3,,,,,,,#904ea6,,,,True
2026-03-17,solana,Index,__Equity,Equity,,,60757.76744783475,,,,,,,,,,,,,,23.0,,,,,,,1889.2073794247638,,,,,,,,,,,,,,,,,,,,,2641.642062949337,,,,,,,,,,,,,,1,,,,,,,#545cf8,,,,,True
2026-03-17,solana,Index,__Commodity,Commodity,,,47913.22190666666,,,,,,,,,,,,,,8205.0,,,,,,,,,,,,,,,,,,,,,,,,,,,,5.83951516229941,,,,,,,,,,,,,,2,,,,,,,#f79009,,,,,True
2026-03-17,solana,Index,Total,,108670.9893545014,,,,,,,,,,,,,,8228.0,,,,,,,1889.2073794247638,,,,,,,,,,,,,,,,,,,,,13.207461029958848,,,,,,,,,,,,,,1.0,,,,,,,#545cf8,,,,,,,True
2026-03-17,solana,Index,Miners,,,,,47913.22190666666,,,,,,,,,,,,,,8205.0,,,,,,,,,,,,,,,,,,,,,,,,,,,,5.83951516229941,,,,,,,,,,,,,,2,,,,,,,#f79009,,,,True
2026-03-17,solana,Index,Pacifica,,,,,,47913.22190666666,,,,,,,,,,,,,,8205.0,,,,,,,,,,,,,,,,,,,,,,,,,,,,5.83951516229941,,,,,,,,,,,,,,1,,,,,,,#545cf8,,,True
2026-03-17,solana,Index,_SPY,SPY,,46624.63542265205,,,,,,,,,,,,,,13.0,,,,,,,351.25363368293097,,,,,,,,,,,,,,,,,,,,,3586.5104171270805,,,,,,,,,,,,,,2,,,,,,,#f79009,,,,,,True
2026-03-17,solana,Index,___Pacifica,Pacifica,,,,,,47913.22190666666,,,,,,,,,,,,,,8205.0,,,,,,,,,,,,,,,,,,,,,,,,,,,,5.83951516229941,,,,,,,,,,,,,,1,,,,,,,#545cf8,,True
2026-03-17,solana,Index,GMTrade,,,,,,60757.76744783475,,,,,,,,,,,,,,23.0,,,,,,,1889.2073794247638,,,,,,,,,,,,,,,,,,,,,2641.642062949337,,,,,,,,,,,,,,3,,,,,,,#904ea6,,,True
2026-03-17,solana,Index,___GMTrade,GMTrade,,,,,,60757.76744783475,,,,,,,,,,,,,,23.0,,,,,,,1889.2073794247638,,,,,,,,,,,,,,,,,,,,,2641.642062949337,,,,,,,,,,,,,,3,,,,,,,#904ea6,,True
2026-03-17,solana,Index,_URNM,URNM,,47913.22190666666,,,,,,,,,,,,,,8205.0,,,,,,,,,,,,,,,,,,,,,,,,,,,,5.83951516229941,,,,,,,,,,,,,,3,,,,,,,#904ea6,,,,,,True
2026-03-17,solana,Index,_QQQ,QQQ,,14133.132025182696,,,,,,,,,,,,,,10.0,,,,,,,1537.9537457418328,,,,,,,,,,,,,,,,,,,,,1413.3132025182697,,,,,,,,,,,,,,4,,,,,,,#63b512,,,,,,True
2026-03-16,solana,Index,_URNM,URNM,,18430.582146666668,,,,,,,,,,,,,,8023.0,,,,,,,,,,,,,,,,,,,,,,,,,,,,2.2972182658191036,,,,,,,,,,,,,,3,,,,,,,#904ea6,,,,,,True
2026-03-16,solana,Index,_QQQ,QQQ,,13131.115590803545,,,,,,,,,,,,,,11.0,,,,,,,0.0,,,,,,,,,,,,,,,,,,,,,1193.7377809821405,,,,,,,,,,,,,,4,,,,,,,#63b512,,,,,,True
2026-03-16,solana,Index,__Commodity,Commodity,,,18430.582146666668,,,,,,,,,,,,,,8023.0,,,,,,,,,,,,,,,,,,,,,,,,,,,,2.2972182658191036,,,,,,,,,,,,,,2,,,,,,,#f79009,,,,,True
2026-03-16,solana,Index,__Equity,Equity,,,41727.16958413916,,,,,,,,,,,,,,25.0,,,,,,,0.0,,,,,,,,,,,,,,,,,,,,,1669.0867833655666,,,,,,,,,,,,,,1,,,,,,,#545cf8,,,,,True
2026-03-16,solana,Index,Miners,,,,,18430.582146666668,,,,,,,,,,,,,,8023.0,,,,,,,,,,,,,,,,,,,,,,,,,,,,2.2972182658191036,,,,,,,,,,,,,,2,,,,,,,#f79009,,,,True
2026-03-16,solana,Index,Broad Market,,,,,28596.05399333562,,,,,,,,,,,,,,14.0,,,,,,,0.0,,,,,,,,,,,,,,,,,,,,,2042.5752852382586,,,,,,,,,,,,,,1,,,,,,,#545cf8,,,,True
2026-03-16,solana,Index,_SPY,SPY,,28596.05399333562,,,,,,,,,,,,,,14.0,,,,,,,0.0,,,,,,,,,,,,,,,,,,,,,2042.5752852382586,,,,,,,,,,,,,,2,,,,,,,#f79009,,,,,,True
2026-03-16,solana,Index,Pacifica,,,,,,18430.582146666668,,,,,,,,,,,,,,8023.0,,,,,,,,,,,,,,,,,,,,,,,,,,,,2.2972182658191036,,,,,,,,,,,,,,1,,,,,,,#545cf8,,,True
2026-03-16,solana,Index,___GMTrade,GMTrade,,,,,,41727.16958413916,,,,,,,,,,,,,,25.0,,,,,,,0.0,,,,,,,,,,,,,,,,,,,,,1669.0867833655666,,,,,,,,,,,,,,3,,,,,,,#904ea6,,True
2026-03-16,solana,Index,Large Cap,,,,,13131.115590803545,,,,,,,,,,,,,,11.0,,,,,,,0.0,,,,,,,,,,,,,,,,,,,,,1193.7377809821405,,,,,,,,,,,,,,3,,,,,,,#904ea6,,,,True
2026-03-16,solana,Index,Total,,60157.75173080583,,,,,,,,,,,,,,8048.0,,,,,,,0.0,,,,,,,,,,,,,,,,,,,,,7.474869747863548,,,,,,,,,,,,,,1.0,,,,,,,#545cf8,,,,,,,True
2026-03-16,solana,Index,___Pacifica,Pacifica,,,,,,18430.582146666668,,,,,,,,,,,,,,8023.0,,,,,,,,,,,,,,,,,,,,,,,,,,,,2.2972182658191036,,,,,,,,,,,,,,1,,,,,,,#545cf8,,True
2026-03-16,solana,Index,GMTrade,,,,,,41727.16958413916,,,,,,,,,,,,,,25.0,,,,,,,0.0,,,,,,,,,,,,,,,,,,,,,1669.0867833655666,,,,,,,,,,,,,,3,,,,,,,#904ea6,,,True
2026-03-15,solana,Index,Broad Market,,,,,,,,,,,,,,,,,,,,,,,,,,,,,,,,,,,,,,,,,,,,,,,,,,,,,,,,,,,,,1,,,,,,,#545cf8,,,,True
2026-03-15,solana,Index,__Equity,Equity,,,,,,,,,,,,,,,,,,,,,,,,,,,,,,,,,,,,,,,,,,,,,,,,,,,,,,,,,,,1,,,,,,,#545cf8,,,,,True
2026-03-15,solana,Index,_SPY,SPY,,,,,,,,,,,,,,,,,,,,,,,,,,,,,,,,,,,,,,,,,,,,,,,,,,,,,,,,,,2,,,,,,,#f79009,,,,,,True
2026-03-15,solana,Index,__Commodity,Commodity,,,12302.316666666666,,,,,,,,,,,,,,7801.0,,,,,,,,,,,,,,,,,,,,,,,,,,,,1.5770179036875613,,,,,,,,,,,,,,2,,,,,,,#f79009,,,,,True
2026-03-15,solana,Index,___Pacifica,Pacifica,,,,,,12302.316666666666,,,,,,,,,,,,,,7801.0,,,,,,,,,,,,,,,,,,,,,,,,,,,,1.5770179036875613,,,,,,,,,,,,,,1,,,,,,,#545cf8,,True
2026-03-15,solana,Index,_QQQ,QQQ,,,,,,,,,,,,,,,,,,,,,,,,,,,,,,,,,,,,,,,,,,,,,,,,,,,,,,,,,,4,,,,,,,#63b512,,,,,,True
2026-03-15,solana,Index,Miners,,,,,12302.316666666666,,,,,,,,,,,,,,7801.0,,,,,,,,,,,,,,,,,,,,,,,,,,,,1.5770179036875613,,,,,,,,,,,,,,2,,,,,,,#f79009,,,,True
2026-03-15,solana,Index,GMTrade,,,,,,,,,,,,,,,,,,,,,,,,,,,,,,,,,,,,,,,,,,,,,,,,,,,,,,,,,,,,,,3,,,,,,,#904ea6,,,True
2026-03-15,solana,Index,Total,,12302.316666666666,,,,,,,,,,,,,,7801.0,,,,,,,,,,,,,,,,,,,,,,,,,,,,1.5770179036875613,,,,,,,,,,,,,,1.0,,,,,,,#545cf8,,,,,,,True
2026-03-15,solana,Index,Large Cap,,,,,,,,,,,,,,,,,,,,,,,,,,,,,,,,,,,,,,,,,,,,,,,,,,,,,,,,,,,,,3,,,,,,,#904ea6,,,,True
2026-03-15,solana,Index,_URNM,URNM,,12302.316666666666,,,,,,,,,,,,,,7801.0,,,,,,,,,,,,,,,,,,,,,,,,,,,,1.5770179036875613,,,,,,,,,,,,,,3,,,,,,,#904ea6,,,,,,True
2026-03-15,solana,Index,___GMTrade,GMTrade,,,,,,,,,,,,,,,,,,,,,,,,,,,,,,,,,,,,,,,,,,,,,,,,,,,,,,,,,,,,,,3,,,,,,,#904ea6,,True
2026-03-15,solana,Index,Pacifica,,,,,,12302.316666666666,,,,,,,,,,,,,,7801.0,,,,,,,,,,,,,,,,,,,,,,,,,,,,1.5770179036875613,,,,,,,,,,,,,,1,,,,,,,#545cf8,,,True
2026-03-14,solana,Index,Pacifica,,,,,,29529.96618666667,,,,,,,,,,,,,,8010.0,,,,,,,,,,,,,,,,,,,,,,,,,,,,3.686637476487724,,,,,,,,,,,,,,1,,,,,,,#545cf8,,,True
2026-03-14,solana,Index,Large Cap,,,,,,,,,,,,,,,,,,,,,,,,,,,,,,,,,,,,,,,,,,,,,,,,,,,,,,,,,,,,,3,,,,,,,#904ea6,,,,True
2026-03-14,solana,Index,Miners,,,,,29529.96618666667,,,,,,,,,,,,,,8010.0,,,,,,,,,,,,,,,,,,,,,,,,,,,,3.686637476487724,,,,,,,,,,,,,,2,,,,,,,#f79009,,,,True
2026-03-14,solana,Index,Total,,29529.96618666667,,,,,,,,,,,,,,8010.0,,,,,,,,,,,,,,,,,,,,,,,,,,,,3.686637476487724,,,,,,,,,,,,,,1.0,,,,,,,#545cf8,,,,,,,True
2026-03-14,solana,Index,Broad Market,,,,,,,,,,,,,,,,,,,,,,,,,,,,,,,,,,,,,,,,,,,,,,,,,,,,,,,,,,,,,1,,,,,,,#545cf8,,,,True
2026-03-14,solana,Index,_URNM,URNM,,29529.96618666667,,,,,,,,,,,,,,8010.0,,,,,,,,,,,,,,,,,,,,,,,,,,,,3.686637476487724,,,,,,,,,,,,,,3,,,,,,,#904ea6,,,,,,True
2026-03-14,solana,Index,_QQQ,QQQ,,,,,,,,,,,,,,,,,,,,,,,,,,,,,,,,,,,,,,,,,,,,,,,,,,,,,,,,,,4,,,,,,,#63b512,,,,,,True
2026-03-14,solana,Index,GMTrade,,,,,,,,,,,,,,,,,,,,,,,,,,,,,,,,,,,,,,,,,,,,,,,,,,,,,,,,,,,,,,3,,,,,,,#904ea6,,,True
2026-03-14,solana,Index,_SPY,SPY,,,,,,,,,,,,,,,,,,,,,,,,,,,,,,,,,,,,,,,,,,,,,,,,,,,,,,,,,,2,,,,,,,#f79009,,,,,,True
2026-03-14,solana,Index,___GMTrade,GMTrade,,,,,,,,,,,,,,,,,,,,,,,,,,,,,,,,,,,,,,,,,,,,,,,,,,,,,,,,,,,,,,3,,,,,,,#904ea6,,True
2026-03-14,solana,Index,___Pacifica,Pacifica,,,,,,29529.96618666667,,,,,,,,,,,,,,8010.0,,,,,,,,,,,,,,,,,,,,,,,,,,,,3.686637476487724,,,,,,,,,,,,,,1,,,,,,,#545cf8,,True
2026-03-14,solana,Index,__Equity,Equity,,,,,,,,,,,,,,,,,,,,,,,,,,,,,,,,,,,,,,,,,,,,,,,,,,,,,,,,,,,1,,,,,,,#545cf8,,,,,True
2026-03-14,solana,Index,__Commodity,Commodity,,,29529.96618666667,,,,,,,,,,,,,,8010.0,,,,,,,,,,,,,,,,,,,,,,,,,,,,3.686637476487724,,,,,,,,,,,,,,2,,,,,,,#f79009,,,,,True
2026-03-13,solana,Index,GMTrade,,,,,,81196.76063983527,,,,,,,,,,,,,,66.0,,,,,,,1206.324005832091,,,,,,,,,,,,,,,,,,,,,1230.253949088413,,,,,,,,,,,,,,3,,,,,,,#904ea6,,,True
2026-03-13,solana,Index,__Commodity,Commodity,,,65930.18613999999,,,,,,,,,,,,,,8115.0,,,,,,,,,,,,,,,,,,,,,,,,,,,,8.124483812692544,,,,,,,,,,,,,,2,,,,,,,#f79009,,,,,True
2026-03-13,solana,Index,_QQQ,QQQ,,42386.160267610845,,,,,,,,,,,,,,34.0,,,,,,,153.660551118,,,,,,,,,,,,,,,,,,,,,1246.6517725767897,,,,,,,,,,,,,,4,,,,,,,#63b512,,,,,,True
2026-03-13,solana,Index,Total,,147126.94677983527,,,,,,,,,,,,,,8181.0,,,,,,,1206.324005832091,,,,,,,,,,,,,,,,,,,,,17.983980782280316,,,,,,,,,,,,,,1.0,,,,,,,#545cf8,,,,,,,True
2026-03-13,solana,Index,Pacifica,,,,,,65930.18613999999,,,,,,,,,,,,,,8115.0,,,,,,,,,,,,,,,,,,,,,,,,,,,,8.124483812692544,,,,,,,,,,,,,,1,,,,,,,#545cf8,,,True
2026-03-13,solana,Index,___Pacifica,Pacifica,,,,,,65930.18613999999,,,,,,,,,,,,,,8115.0,,,,,,,,,,,,,,,,,,,,,,,,,,,,8.124483812692544,,,,,,,,,,,,,,1,,,,,,,#545cf8,,True
2026-03-13,solana,Index,___GMTrade,GMTrade,,,,,,81196.76063983527,,,,,,,,,,,,,,66.0,,,,,,,1206.324005832091,,,,,,,,,,,,,,,,,,,,,1230.253949088413,,,,,,,,,,,,,,3,,,,,,,#904ea6,,True
2026-03-13,solana,Index,_URNM,URNM,,65930.18613999999,,,,,,,,,,,,,,8115.0,,,,,,,,,,,,,,,,,,,,,,,,,,,,8.124483812692544,,,,,,,,,,,,,,3,,,,,,,#904ea6,,,,,,True
2026-03-13,solana,Index,_SPY,SPY,,38810.60037222443,,,,,,,,,,,,,,32.0,,,,,,,1052.663454714091,,,,,,,,,,,,,,,,,,,,,1212.8312616320134,,,,,,,,,,,,,,2,,,,,,,#f79009,,,,,,True
2026-03-13,solana,Index,__Equity,Equity,,,81196.76063983527,,,,,,,,,,,,,,66.0,,,,,,,1206.324005832091,,,,,,,,,,,,,,,,,,,,,1230.253949088413,,,,,,,,,,,,,,1,,,,,,,#545cf8,,,,,True
2026-03-13,solana,Index,Large Cap,,,,,42386.160267610845,,,,,,,,,,,,,,34.0,,,,,,,153.660551118,,,,,,,,,,,,,,,,,,,,,1246.6517725767897,,,,,,,,,,,,,,3,,,,,,,#904ea6,,,,True
2026-03-13,solana,Index,Broad Market,,,,,38810.60037222443,,,,,,,,,,,,,,32.0,,,,,,,1052.663454714091,,,,,,,,,,,,,,,,,,,,,1212.8312616320134,,,,,,,,,,,,,,1,,,,,,,#545cf8,,,,True
2026-03-13,solana,Index,Miners,,,,,65930.18613999999,,,,,,,,,,,,,,8115.0,,,,,,,,,,,,,,,,,,,,,,,,,,,,8.124483812692544,,,,,,,,,,,,,,2,,,,,,,#f79009,,,,True
2026-03-12,solana,Index,Pacifica,,,,,,44440.37784,,,,,,,,,,,,,,7976.0,,,,,,,,,,,,,,,,,,,,,,,,,,,,5.571762517552658,,,,,,,,,,,,,,1,,,,,,,#545cf8,,,True
2026-03-12,solana,Index,___GMTrade,GMTrade,,,,,,66151.56094703138,,,,,,,,,,,,,,33.0,,,,,,,0.0,,,,,,,,,,,,,,,,,,,,,2004.5927559706479,,,,,,,,,,,,,,3,,,,,,,#904ea6,,True
2026-03-12,solana,Index,Miners,,,,,44440.37784,,,,,,,,,,,,,,7976.0,,,,,,,,,,,,,,,,,,,,,,,,,,,,5.571762517552658,,,,,,,,,,,,,,2,,,,,,,#f79009,,,,True
2026-03-12,solana,Index,Broad Market,,,,,5654.638221965497,,,,,,,,,,,,,,12.0,,,,,,,0.0,,,,,,,,,,,,,,,,,,,,,471.2198518304581,,,,,,,,,,,,,,1,,,,,,,#545cf8,,,,True
2026-03-12,solana,Index,Total,,110591.93878703138,,,,,,,,,,,,,,8009.0,,,,,,,0.0,,,,,,,,,,,,,,,,,,,,,13.808457833316442,,,,,,,,,,,,,,1.0,,,,,,,#545cf8,,,,,,,True
2026-03-12,solana,Index,_URNM,URNM,,44440.37784,,,,,,,,,,,,,,7976.0,,,,,,,,,,,,,,,,,,,,,,,,,,,,5.571762517552658,,,,,,,,,,,,,,3,,,,,,,#904ea6,,,,,,True
2026-03-12,solana,Index,GMTrade,,,,,,66151.56094703138,,,,,,,,,,,,,,33.0,,,,,,,0.0,,,,,,,,,,,,,,,,,,,,,2004.5927559706479,,,,,,,,,,,,,,3,,,,,,,#904ea6,,,True
2026-03-12,solana,Index,_SPY,SPY,,5654.638221965497,,,,,,,,,,,,,,12.0,,,,,,,0.0,,,,,,,,,,,,,,,,,,,,,471.2198518304581,,,,,,,,,,,,,,2,,,,,,,#f79009,,,,,,True
2026-03-12,solana,Index,Large Cap,,,,,60496.92272506589,,,,,,,,,,,,,,21.0,,,,,,,0.0,,,,,,,,,,,,,,,,,,,,,2880.8058440507566,,,,,,,,,,,,,,3,,,,,,,#904ea6,,,,True
2026-03-12,solana,Index,__Equity,Equity,,,66151.56094703138,,,,,,,,,,,,,,33.0,,,,,,,0.0,,,,,,,,,,,,,,,,,,,,,2004.5927559706479,,,,,,,,,,,,,,1,,,,,,,#545cf8,,,,,True
2026-03-12,solana,Index,_QQQ,QQQ,,60496.92272506589,,,,,,,,,,,,,,21.0,,,,,,,0.0,,,,,,,,,,,,,,,,,,,,,2880.8058440507566,,,,,,,,,,,,,,4,,,,,,,#63b512,,,,,,True
2026-03-12,solana,Index,___Pacifica,Pacifica,,,,,,44440.37784,,,,,,,,,,,,,,7976.0,,,,,,,,,,,,,,,,,,,,,,,,,,,,5.571762517552658,,,,,,,,,,,,,,1,,,,,,,#545cf8,,True
2026-03-12,solana,Index,__Commodity,Commodity,,,44440.37784,,,,,,,,,,,,,,7976.0,,,,,,,,,,,,,,,,,,,,,,,,,,,,5.571762517552658,,,,,,,,,,,,,,2,,,,,,,#f79009,,,,,True
2026-03-11,solana,Index,_URNM,URNM,,50652.0261,,,,,,,,,,,,,,8100.0,,,,,,,,,,,,,,,,,,,,,,,,,,,,6.253336555555556,,,,,,,,,,,,,,3,,,,,,,#904ea6,,,,,,True
2026-03-11,solana,Index,_SPY,SPY,,19044.56166615227,,,,,,,,,,,,,,20.0,,,,,,,2153.509423695009,,,,,,,,,,,,,,,,,,,,,952.2280833076135,,,,,,,,,,,,,,2,,,,,,,#f79009,,,,,,True
2026-03-11,solana,Index,Large Cap,,,,,77513.57005010766,,,,,,,,,,,,,,21.0,,,,,,,0.0,,,,,,,,,,,,,,,,,,,,,3691.12238333846,,,,,,,,,,,,,,3,,,,,,,#904ea6,,,,True
2026-03-11,solana,Index,__Equity,Equity,,,96558.13171625993,,,,,,,,,,,,,,41.0,,,,,,,2153.509423695009,,,,,,,,,,,,,,,,,,,,,2355.0763833234128,,,,,,,,,,,,,,1,,,,,,,#545cf8,,,,,True
2026-03-11,solana,Index,GMTrade,,,,,,96558.13171625993,,,,,,,,,,,,,,41.0,,,,,,,2153.509423695009,,,,,,,,,,,,,,,,,,,,,2355.0763833234128,,,,,,,,,,,,,,3,,,,,,,#904ea6,,,True
2026-03-11,solana,Index,Pacifica,,,,,,50652.0261,,,,,,,,,,,,,,8100.0,,,,,,,,,,,,,,,,,,,,,,,,,,,,6.253336555555556,,,,,,,,,,,,,,1,,,,,,,#545cf8,,,True
2026-03-11,solana,Index,Broad Market,,,,,19044.56166615227,,,,,,,,,,,,,,20.0,,,,,,,2153.509423695009,,,,,,,,,,,,,,,,,,,,,952.2280833076135,,,,,,,,,,,,,,1,,,,,,,#545cf8,,,,True
2026-03-11,solana,Index,___Pacifica,Pacifica,,,,,,50652.0261,,,,,,,,,,,,,,8100.0,,,,,,,,,,,,,,,,,,,,,,,,,,,,6.253336555555556,,,,,,,,,,,,,,1,,,,,,,#545cf8,,True
2026-03-11,solana,Index,_QQQ,QQQ,,77513.57005010766,,,,,,,,,,,,,,21.0,,,,,,,0.0,,,,,,,,,,,,,,,,,,,,,3691.12238333846,,,,,,,,,,,,,,4,,,,,,,#63b512,,,,,,True
2026-03-11,solana,Index,Miners,,,,,50652.0261,,,,,,,,,,,,,,8100.0,,,,,,,,,,,,,,,,,,,,,,,,,,,,6.253336555555556,,,,,,,,,,,,,,2,,,,,,,#f79009,,,,True
2026-03-11,solana,Index,___GMTrade,GMTrade,,,,,,96558.13171625993,,,,,,,,,,,,,,41.0,,,,,,,2153.509423695009,,,,,,,,,,,,,,,,,,,,,2355.0763833234128,,,,,,,,,,,,,,3,,,,,,,#904ea6,,True
2026-03-11,solana,Index,__Commodity,Commodity,,,50652.0261,,,,,,,,,,,,,,8100.0,,,,,,,,,,,,,,,,,,,,,,,,,,,,6.253336555555556,,,,,,,,,,,,,,2,,,,,,,#f79009,,,,,True
2026-03-11,solana,Index,Total,,147210.15781625995,,,,,,,,,,,,,,8141.0,,,,,,,2153.509423695009,,,,,,,,,,,,,,,,,,,,,18.08256452723989,,,,,,,,,,,,,,1.0,,,,,,,#545cf8,,,,,,,True
2026-03-10,solana,Index,Large Cap,,,,,8538.64353190476,,,,,,,,,,,,,,11.0,,,,,,,0.0,,,,,,,,,,,,,,,,,,,,,776.2403210822508,,,,,,,,,,,,,,3,,,,,,,#904ea6,,,,True
2026-03-10,solana,Index,__Commodity,Commodity,,,32553.095866666663,,,,,,,,,,,,,,8095.0,,,,,,,,,,,,,,,,,,,,,,,,,,,,4.0213830595017495,,,,,,,,,,,,,,2,,,,,,,#f79009,,,,,True
2026-03-10,solana,Index,_URNM,URNM,,32553.095866666663,,,,,,,,,,,,,,8095.0,,,,,,,,,,,,,,,,,,,,,,,,,,,,4.0213830595017495,,,,,,,,,,,,,,3,,,,,,,#904ea6,,,,,,True
2026-03-10,solana,Index,Total,,105235.96339039324,,,,,,,,,,,,,,8128.0,,,,,,,0.0,,,,,,,,,,,,,,,,,,,,,12.947338015550349,,,,,,,,,,,,,,1.0,,,,,,,#545cf8,,,,,,,True
2026-03-10,solana,Index,Pacifica,,,,,,32553.095866666663,,,,,,,,,,,,,,8095.0,,,,,,,,,,,,,,,,,,,,,,,,,,,,4.0213830595017495,,,,,,,,,,,,,,1,,,,,,,#545cf8,,,True
2026-03-10,solana,Index,___Pacifica,Pacifica,,,,,,32553.095866666663,,,,,,,,,,,,,,8095.0,,,,,,,,,,,,,,,,,,,,,,,,,,,,4.0213830595017495,,,,,,,,,,,,,,1,,,,,,,#545cf8,,True
2026-03-10,solana,Index,Miners,,,,,32553.095866666663,,,,,,,,,,,,,,8095.0,,,,,,,,,,,,,,,,,,,,,,,,,,,,4.0213830595017495,,,,,,,,,,,,,,2,,,,,,,#f79009,,,,True
2026-03-10,solana,Index,__Equity,Equity,,,72682.86752372657,,,,,,,,,,,,,,33.0,,,,,,,0.0,,,,,,,,,,,,,,,,,,,,,2202.5111370826235,,,,,,,,,,,,,,1,,,,,,,#545cf8,,,,,True
2026-03-10,solana,Index,___GMTrade,GMTrade,,,,,,72682.86752372657,,,,,,,,,,,,,,33.0,,,,,,,0.0,,,,,,,,,,,,,,,,,,,,,2202.5111370826235,,,,,,,,,,,,,,3,,,,,,,#904ea6,,True
2026-03-10,solana,Index,Broad Market,,,,,64144.223991821804,,,,,,,,,,,,,,22.0,,,,,,,0.0,,,,,,,,,,,,,,,,,,,,,2915.646545082809,,,,,,,,,,,,,,1,,,,,,,#545cf8,,,,True
2026-03-10,solana,Index,GMTrade,,,,,,72682.86752372657,,,,,,,,,,,,,,33.0,,,,,,,0.0,,,,,,,,,,,,,,,,,,,,,2202.5111370826235,,,,,,,,,,,,,,3,,,,,,,#904ea6,,,True
2026-03-10,solana,Index,_SPY,SPY,,64144.223991821804,,,,,,,,,,,,,,22.0,,,,,,,0.0,,,,,,,,,,,,,,,,,,,,,2915.646545082809,,,,,,,,,,,,,,2,,,,,,,#f79009,,,,,,True
2026-03-10,solana,Index,_QQQ,QQQ,,8538.64353190476,,,,,,,,,,,,,,11.0,,,,,,,0.0,,,,,,,,,,,,,,,,,,,,,776.2403210822508,,,,,,,,,,,,,,4,,,,,,,#63b512,,,,,,True
2026-03-09,solana,Index,_QQQ,QQQ,,225620.1298353197,,,,,,,,,,,,,,28.0,,,,,,,12337.39503135154,,,,,,,,,,,,,,,,,,,,,8057.861779832847,,,,,,,,,,,,,,4,,,,,,,#63b512,,,,,,True
2026-03-09,solana,Index,__Commodity,Commodity,,,79474.9048,,,,,,,,,,,,,,10335.0,,,,,,,,,,,,,,,,,,,,,,,,,,,,7.689879516207064,,,,,,,,,,,,,,2,,,,,,,#f79009,,,,,True
2026-03-09,solana,Index,Large Cap,,,,,225620.1298353197,,,,,,,,,,,,,,28.0,,,,,,,12337.39503135154,,,,,,,,,,,,,,,,,,,,,8057.861779832847,,,,,,,,,,,,,,3,,,,,,,#904ea6,,,,True
2026-03-09,solana,Index,GMTrade,,,,,,233180.93169918683,,,,,,,,,,,,,,40.0,,,,,,,13179.292459477418,,,,,,,,,,,,,,,,,,,,,5829.523292479671,,,,,,,,,,,,,,3,,,,,,,#904ea6,,,True
2026-03-09,solana,Index,Broad Market,,,,,7560.801863867131,,,,,,,,,,,,,,12.0,,,,,,,841.8974281258777,,,,,,,,,,,,,,,,,,,,,630.0668219889276,,,,,,,,,,,,,,1,,,,,,,#545cf8,,,,True
2026-03-09,solana,Index,_SPY,SPY,,7560.801863867131,,,,,,,,,,,,,,12.0,,,,,,,841.8974281258777,,,,,,,,,,,,,,,,,,,,,630.0668219889276,,,,,,,,,,,,,,2,,,,,,,#f79009,,,,,,True
2026-03-09,solana,Index,__Equity,Equity,,,233180.93169918683,,,,,,,,,,,,,,40.0,,,,,,,13179.292459477418,,,,,,,,,,,,,,,,,,,,,5829.523292479671,,,,,,,,,,,,,,1,,,,,,,#545cf8,,,,,True
2026-03-09,solana,Index,Miners,,,,,79474.9048,,,,,,,,,,,,,,10335.0,,,,,,,,,,,,,,,,,,,,,,,,,,,,7.689879516207064,,,,,,,,,,,,,,2,,,,,,,#f79009,,,,True
2026-03-09,solana,Index,_URNM,URNM,,79474.9048,,,,,,,,,,,,,,10335.0,,,,,,,,,,,,,,,,,,,,,,,,,,,,7.689879516207064,,,,,,,,,,,,,,3,,,,,,,#904ea6,,,,,,True
2026-03-09,solana,Index,___GMTrade,GMTrade,,,,,,233180.93169918683,,,,,,,,,,,,,,40.0,,,,,,,13179.292459477418,,,,,,,,,,,,,,,,,,,,,5829.523292479671,,,,,,,,,,,,,,3,,,,,,,#904ea6,,True
2026-03-09,solana,Index,Pacifica,,,,,,79474.9048,,,,,,,,,,,,,,10335.0,,,,,,,,,,,,,,,,,,,,,,,,,,,,7.689879516207064,,,,,,,,,,,,,,1,,,,,,,#545cf8,,,True
2026-03-09,solana,Index,Total,,312655.8364991868,,,,,,,,,,,,,,10375.0,,,,,,,13179.292459477418,,,,,,,,,,,,,,,,,,,,,30.135502313174634,,,,,,,,,,,,,,1.0,,,,,,,#545cf8,,,,,,,True
2026-03-09,solana,Index,___Pacifica,Pacifica,,,,,,79474.9048,,,,,,,,,,,,,,10335.0,,,,,,,,,,,,,,,,,,,,,,,,,,,,7.689879516207064,,,,,,,,,,,,,,1,,,,,,,#545cf8,,True
2026-03-08,solana,Index,GMTrade,,,,,,,,,,,,,,,,,,,,,,,,,,,,,,,,,,,,,,,,,,,,,,,,,,,,,,,,,,,,,,3,,,,,,,#904ea6,,,True
2026-03-08,solana,Index,__Equity,Equity,,,,,,,,,,,,,,,,,,,,,,,,,,,,,,,,,,,,,,,,,,,,,,,,,,,,,,,,,,,1,,,,,,,#545cf8,,,,,True
2026-03-08,solana,Index,Pacifica,,,,,,55693.00768,,,,,,,,,,,,,,9039.0,,,,,,,,,,,,,,,,,,,,,,,,,,,,6.161412510233434,,,,,,,,,,,,,,1,,,,,,,#545cf8,,,True
2026-03-08,solana,Index,Large Cap,,,,,,,,,,,,,,,,,,,,,,,,,,,,,,,,,,,,,,,,,,,,,,,,,,,,,,,,,,,,,3,,,,,,,#904ea6,,,,True
2026-03-08,solana,Index,_SPY,SPY,,,,,,,,,,,,,,,,,,,,,,,,,,,,,,,,,,,,,,,,,,,,,,,,,,,,,,,,,,2,,,,,,,#f79009,,,,,,True
2026-03-08,solana,Index,Broad Market,,,,,,,,,,,,,,,,,,,,,,,,,,,,,,,,,,,,,,,,,,,,,,,,,,,,,,,,,,,,,1,,,,,,,#545cf8,,,,True
2026-03-08,solana,Index,__Commodity,Commodity,,,55693.00768,,,,,,,,,,,,,,9039.0,,,,,,,,,,,,,,,,,,,,,,,,,,,,6.161412510233434,,,,,,,,,,,,,,2,,,,,,,#f79009,,,,,True
2026-03-08,solana,Index,___Pacifica,Pacifica,,,,,,55693.00768,,,,,,,,,,,,,,9039.0,,,,,,,,,,,,,,,,,,,,,,,,,,,,6.161412510233434,,,,,,,,,,,,,,1,,,,,,,#545cf8,,True
2026-03-08,solana,Index,___GMTrade,GMTrade,,,,,,,,,,,,,,,,,,,,,,,,,,,,,,,,,,,,,,,,,,,,,,,,,,,,,,,,,,,,,,3,,,,,,,#904ea6,,True
2026-03-08,solana,Index,Total,,55693.00768,,,,,,,,,,,,,,9039.0,,,,,,,,,,,,,,,,,,,,,,,,,,,,6.161412510233434,,,,,,,,,,,,,,1.0,,,,,,,#545cf8,,,,,,,True
2026-03-08,solana,Index,_QQQ,QQQ,,,,,,,,,,,,,,,,,,,,,,,,,,,,,,,,,,,,,,,,,,,,,,,,,,,,,,,,,,4,,,,,,,#63b512,,,,,,True
2026-03-08,solana,Index,Miners,,,,,55693.00768,,,,,,,,,,,,,,9039.0,,,,,,,,,,,,,,,,,,,,,,,,,,,,6.161412510233434,,,,,,,,,,,,,,2,,,,,,,#f79009,,,,True
2026-03-08,solana,Index,_URNM,URNM,,55693.00768,,,,,,,,,,,,,,9039.0,,,,,,,,,,,,,,,,,,,,,,,,,,,,6.161412510233434,,,,,,,,,,,,,,3,,,,,,,#904ea6,,,,,,True
2026-03-07,solana,Index,Pacifica,,,,,,32222.174366666663,,,,,,,,,,,,,,8267.0,,,,,,,,,,,,,,,,,,,,,,,,,,,,3.8976865086085235,,,,,,,,,,,,,,1,,,,,,,#545cf8,,,True
2026-03-07,solana,Index,__Equity,Equity,,,,,,,,,,,,,,,,,,,,,,,,,,,,,,,,,,,,,,,,,,,,,,,,,,,,,,,,,,,1,,,,,,,#545cf8,,,,,True
2026-03-07,solana,Index,___GMTrade,GMTrade,,,,,,,,,,,,,,,,,,,,,,,,,,,,,,,,,,,,,,,,,,,,,,,,,,,,,,,,,,,,,,3,,,,,,,#904ea6,,True
2026-03-07,solana,Index,Total,,32222.174366666663,,,,,,,,,,,,,,8267.0,,,,,,,,,,,,,,,,,,,,,,,,,,,,3.8976865086085235,,,,,,,,,,,,,,1.0,,,,,,,#545cf8,,,,,,,True
2026-03-07,solana,Index,_URNM,URNM,,32222.174366666663,,,,,,,,,,,,,,8267.0,,,,,,,,,,,,,,,,,,,,,,,,,,,,3.8976865086085235,,,,,,,,,,,,,,3,,,,,,,#904ea6,,,,,,True
2026-03-07,solana,Index,Miners,,,,,32222.174366666663,,,,,,,,,,,,,,8267.0,,,,,,,,,,,,,,,,,,,,,,,,,,,,3.8976865086085235,,,,,,,,,,,,,,2,,,,,,,#f79009,,,,True
2026-03-07,solana,Index,_QQQ,QQQ,,,,,,,,,,,,,,,,,,,,,,,,,,,,,,,,,,,,,,,,,,,,,,,,,,,,,,,,,,4,,,,,,,#63b512,,,,,,True
2026-03-07,solana,Index,___Pacifica,Pacifica,,,,,,32222.174366666663,,,,,,,,,,,,,,8267.0,,,,,,,,,,,,,,,,,,,,,,,,,,,,3.8976865086085235,,,,,,,,,,,,,,1,,,,,,,#545cf8,,True
2026-03-07,solana,Index,GMTrade,,,,,,,,,,,,,,,,,,,,,,,,,,,,,,,,,,,,,,,,,,,,,,,,,,,,,,,,,,,,,,3,,,,,,,#904ea6,,,True
2026-03-07,solana,Index,Broad Market,,,,,,,,,,,,,,,,,,,,,,,,,,,,,,,,,,,,,,,,,,,,,,,,,,,,,,,,,,,,,1,,,,,,,#545cf8,,,,True
2026-03-07,solana,Index,__Commodity,Commodity,,,32222.174366666663,,,,,,,,,,,,,,8267.0,,,,,,,,,,,,,,,,,,,,,,,,,,,,3.8976865086085235,,,,,,,,,,,,,,2,,,,,,,#f79009,,,,,True
2026-03-07,solana,Index,Large Cap,,,,,,,,,,,,,,,,,,,,,,,,,,,,,,,,,,,,,,,,,,,,,,,,,,,,,,,,,,,,,3,,,,,,,#904ea6,,,,True
2026-03-07,solana,Index,_SPY,SPY,,,,,,,,,,,,,,,,,,,,,,,,,,,,,,,,,,,,,,,,,,,,,,,,,,,,,,,,,,2,,,,,,,#f79009,,,,,,True
2026-03-06,solana,Index,__Commodity,Commodity,,,43938.047106666665,,,,,,,,,,,,,,8368.0,,,,,,,,,,,,,,,,,,,,,,,,,,,,5.250722646590185,,,,,,,,,,,,,,2,,,,,,,#f79009,,,,,True
2026-03-06,solana,Index,Large Cap,,,,,24778.879554886535,,,,,,,,,,,,,,21.0,,,,,,,0.0,,,,,,,,,,,,,,,,,,,,,1179.9466454707874,,,,,,,,,,,,,,3,,,,,,,#904ea6,,,,True
2026-03-06,solana,Index,Total,,98856.35737827566,,,,,,,,,,,,,,8409.0,,,,,,,0.0,,,,,,,,,,,,,,,,,,,,,11.756018239775914,,,,,,,,,,,,,,1.0,,,,,,,#545cf8,,,,,,,True
2026-03-06,solana,Index,Pacifica,,,,,,43938.047106666665,,,,,,,,,,,,,,8368.0,,,,,,,,,,,,,,,,,,,,,,,,,,,,5.250722646590185,,,,,,,,,,,,,,1,,,,,,,#545cf8,,,True
2026-03-06,solana,Index,Broad Market,,,,,30139.43071672246,,,,,,,,,,,,,,20.0,,,,,,,0.0,,,,,,,,,,,,,,,,,,,,,1506.9715358361232,,,,,,,,,,,,,,1,,,,,,,#545cf8,,,,True
2026-03-06,solana,Index,___GMTrade,GMTrade,,,,,,54918.31027160899,,,,,,,,,,,,,,41.0,,,,,,,0.0,,,,,,,,,,,,,,,,,,,,,1339.4709822343657,,,,,,,,,,,,,,3,,,,,,,#904ea6,,True
2026-03-06,solana,Index,_QQQ,QQQ,,24778.879554886535,,,,,,,,,,,,,,21.0,,,,,,,0.0,,,,,,,,,,,,,,,,,,,,,1179.9466454707874,,,,,,,,,,,,,,4,,,,,,,#63b512,,,,,,True
2026-03-06,solana,Index,__Equity,Equity,,,54918.31027160899,,,,,,,,,,,,,,41.0,,,,,,,0.0,,,,,,,,,,,,,,,,,,,,,1339.4709822343657,,,,,,,,,,,,,,1,,,,,,,#545cf8,,,,,True
2026-03-06,solana,Index,Miners,,,,,43938.047106666665,,,,,,,,,,,,,,8368.0,,,,,,,,,,,,,,,,,,,,,,,,,,,,5.250722646590185,,,,,,,,,,,,,,2,,,,,,,#f79009,,,,True
2026-03-06,solana,Index,___Pacifica,Pacifica,,,,,,43938.047106666665,,,,,,,,,,,,,,8368.0,,,,,,,,,,,,,,,,,,,,,,,,,,,,5.250722646590185,,,,,,,,,,,,,,1,,,,,,,#545cf8,,True
2026-03-06,solana,Index,GMTrade,,,,,,54918.31027160899,,,,,,,,,,,,,,41.0,,,,,,,0.0,,,,,,,,,,,,,,,,,,,,,1339.4709822343657,,,,,,,,,,,,,,3,,,,,,,#904ea6,,,True
2026-03-06,solana,Index,_URNM,URNM,,43938.047106666665,,,,,,,,,,,,,,8368.0,,,,,,,,,,,,,,,,,,,,,,,,,,,,5.250722646590185,,,,,,,,,,,,,,3,,,,,,,#904ea6,,,,,,True
2026-03-06,solana,Index,_SPY,SPY,,30139.43071672246,,,,,,,,,,,,,,20.0,,,,,,,0.0,,,,,,,,,,,,,,,,,,,,,1506.9715358361232,,,,,,,,,,,,,,2,,,,,,,#f79009,,,,,,True
2026-03-05,solana,Index,__Commodity,Commodity,,,23064.3265,,,,,,,,,,,,,,8003.0,,,,,,,,,,,,,,,,,,,,,,,,,,,,2.881960077470948,,,,,,,,,,,,,,2,,,,,,,#f79009,,,,,True
2026-03-05,solana,Index,GMTrade,,,,,,170806.70443736934,,,,,,,,,,,,,,41.0,,,,,,,0.0,,,,,,,,,,,,,,,,,,,,,4166.017181399252,,,,,,,,,,,,,,3,,,,,,,#904ea6,,,True
2026-03-05,solana,Index,___GMTrade,GMTrade,,,,,,170806.70443736934,,,,,,,,,,,,,,41.0,,,,,,,0.0,,,,,,,,,,,,,,,,,,,,,4166.017181399252,,,,,,,,,,,,,,3,,,,,,,#904ea6,,True
2026-03-05,solana,Index,Broad Market,,,,,29628.6544777536,,,,,,,,,,,,,,18.0,,,,,,,0.0,,,,,,,,,,,,,,,,,,,,,1646.0363598752,,,,,,,,,,,,,,1,,,,,,,#545cf8,,,,True
2026-03-05,solana,Index,_URNM,URNM,,23064.3265,,,,,,,,,,,,,,8003.0,,,,,,,,,,,,,,,,,,,,,,,,,,,,2.881960077470948,,,,,,,,,,,,,,3,,,,,,,#904ea6,,,,,,True
2026-03-05,solana,Index,Large Cap,,,,,141178.04995961575,,,,,,,,,,,,,,23.0,,,,,,,0.0,,,,,,,,,,,,,,,,,,,,,6138.176085200685,,,,,,,,,,,,,,3,,,,,,,#904ea6,,,,True
2026-03-05,solana,Index,_SPY,SPY,,29628.6544777536,,,,,,,,,,,,,,18.0,,,,,,,0.0,,,,,,,,,,,,,,,,,,,,,1646.0363598752,,,,,,,,,,,,,,2,,,,,,,#f79009,,,,,,True
2026-03-05,solana,Index,___Pacifica,Pacifica,,,,,,23064.3265,,,,,,,,,,,,,,8003.0,,,,,,,,,,,,,,,,,,,,,,,,,,,,2.881960077470948,,,,,,,,,,,,,,1,,,,,,,#545cf8,,True
2026-03-05,solana,Index,_QQQ,QQQ,,141178.04995961575,,,,,,,,,,,,,,23.0,,,,,,,0.0,,,,,,,,,,,,,,,,,,,,,6138.176085200685,,,,,,,,,,,,,,4,,,,,,,#63b512,,,,,,True
2026-03-05,solana,Index,Pacifica,,,,,,23064.3265,,,,,,,,,,,,,,8003.0,,,,,,,,,,,,,,,,,,,,,,,,,,,,2.881960077470948,,,,,,,,,,,,,,1,,,,,,,#545cf8,,,True
2026-03-05,solana,Index,Miners,,,,,23064.3265,,,,,,,,,,,,,,8003.0,,,,,,,,,,,,,,,,,,,,,,,,,,,,2.881960077470948,,,,,,,,,,,,,,2,,,,,,,#f79009,,,,True
2026-03-05,solana,Index,__Equity,Equity,,,170806.70443736934,,,,,,,,,,,,,,41.0,,,,,,,0.0,,,,,,,,,,,,,,,,,,,,,4166.017181399252,,,,,,,,,,,,,,1,,,,,,,#545cf8,,,,,True
2026-03-05,solana,Index,Total,,193871.03093736933,,,,,,,,,,,,,,8044.0,,,,,,,0.0,,,,,,,,,,,,,,,,,,,,,24.101321598380075,,,,,,,,,,,,,,1.0,,,,,,,#545cf8,,,,,,,True
2026-03-04,solana,Index,Pacifica,,,,,,35193.803093333336,,,,,,,,,,,,,,8231.0,,,,,,,,,,,,,,,,,,,,,,,,,,,,4.275762737617948,,,,,,,,,,,,,,1,,,,,,,#545cf8,,,True
2026-03-04,solana,Index,__Commodity,Commodity,,,35193.803093333336,,,,,,,,,,,,,,8231.0,,,,,,,,,,,,,,,,,,,,,,,,,,,,4.275762737617948,,,,,,,,,,,,,,2,,,,,,,#f79009,,,,,True
2026-03-04,solana,Index,Large Cap,,,,,12891.36436924402,,,,,,,,,,,,,,11.0,,,,,,,0.0,,,,,,,,,,,,,,,,,,,,,1171.94221538582,,,,,,,,,,,,,,3,,,,,,,#904ea6,,,,True
2026-03-04,solana,Index,___GMTrade,GMTrade,,,,,,35803.79482534794,,,,,,,,,,,,,,31.0,,,,,,,0.0,,,,,,,,,,,,,,,,,,,,,1154.9611233983208,,,,,,,,,,,,,,3,,,,,,,#904ea6,,True
2026-03-04,solana,Index,__Equity,Equity,,,35803.79482534794,,,,,,,,,,,,,,31.0,,,,,,,0.0,,,,,,,,,,,,,,,,,,,,,1154.9611233983208,,,,,,,,,,,,,,1,,,,,,,#545cf8,,,,,True
2026-03-04,solana,Index,GMTrade,,,,,,35803.79482534794,,,,,,,,,,,,,,31.0,,,,,,,0.0,,,,,,,,,,,,,,,,,,,,,1154.9611233983208,,,,,,,,,,,,,,3,,,,,,,#904ea6,,,True
2026-03-04,solana,Index,___Pacifica,Pacifica,,,,,,35193.803093333336,,,,,,,,,,,,,,8231.0,,,,,,,,,,,,,,,,,,,,,,,,,,,,4.275762737617948,,,,,,,,,,,,,,1,,,,,,,#545cf8,,True
2026-03-04,solana,Index,Total,,70997.59791868128,,,,,,,,,,,,,,8262.0,,,,,,,0.0,,,,,,,,,,,,,,,,,,,,,8.593270142662949,,,,,,,,,,,,,,1.0,,,,,,,#545cf8,,,,,,,True
2026-03-04,solana,Index,_URNM,URNM,,35193.803093333336,,,,,,,,,,,,,,8231.0,,,,,,,,,,,,,,,,,,,,,,,,,,,,4.275762737617948,,,,,,,,,,,,,,3,,,,,,,#904ea6,,,,,,True
2026-03-04,solana,Index,Broad Market,,,,,22912.43045610392,,,,,,,,,,,,,,20.0,,,,,,,0.0,,,,,,,,,,,,,,,,,,,,,1145.621522805196,,,,,,,,,,,,,,1,,,,,,,#545cf8,,,,True
2026-03-04,solana,Index,_SPY,SPY,,22912.43045610392,,,,,,,,,,,,,,20.0,,,,,,,0.0,,,,,,,,,,,,,,,,,,,,,1145.621522805196,,,,,,,,,,,,,,2,,,,,,,#f79009,,,,,,True
2026-03-04,solana,Index,Miners,,,,,35193.803093333336,,,,,,,,,,,,,,8231.0,,,,,,,,,,,,,,,,,,,,,,,,,,,,4.275762737617948,,,,,,,,,,,,,,2,,,,,,,#f79009,,,,True
2026-03-04,solana,Index,_QQQ,QQQ,,12891.36436924402,,,,,,,,,,,,,,11.0,,,,,,,0.0,,,,,,,,,,,,,,,,,,,,,1171.94221538582,,,,,,,,,,,,,,4,,,,,,,#63b512,,,,,,True
2026-03-03,solana,Index,Pacifica,,,,,,53864.856093333336,,,,,,,,,,,,,,8489.0,,,,,,,,,,,,,,,,,,,,,,,,,,,,6.345253397730397,,,,,,,,,,,,,,1,,,,,,,#545cf8,,,True
2026-03-03,solana,Index,Large Cap,,,,,216447.56595919194,,,,,,,,,,,,,,29.0,,,,,,,0.0,,,,,,,,,,,,,,,,,,,,,7463.709171006619,,,,,,,,,,,,,,3,,,,,,,#904ea6,,,,True
2026-03-03,solana,Index,_QQQ,QQQ,,216447.56595919194,,,,,,,,,,,,,,29.0,,,,,,,0.0,,,,,,,,,,,,,,,,,,,,,7463.709171006619,,,,,,,,,,,,,,4,,,,,,,#63b512,,,,,,True
2026-03-03,solana,Index,Broad Market,,,,,22922.49468735285,,,,,,,,,,,,,,32.0,,,,,,,0.0,,,,,,,,,,,,,,,,,,,,,716.3279589797766,,,,,,,,,,,,,,1,,,,,,,#545cf8,,,,True
2026-03-03,solana,Index,GMTrade,,,,,,239370.0606465448,,,,,,,,,,,,,,61.0,,,,,,,0.0,,,,,,,,,,,,,,,,,,,,,3924.09935486139,,,,,,,,,,,,,,3,,,,,,,#904ea6,,,True
2026-03-03,solana,Index,__Equity,Equity,,,239370.0606465448,,,,,,,,,,,,,,61.0,,,,,,,0.0,,,,,,,,,,,,,,,,,,,,,3924.09935486139,,,,,,,,,,,,,,1,,,,,,,#545cf8,,,,,True
2026-03-03,solana,Index,__Commodity,Commodity,,,53864.856093333336,,,,,,,,,,,,,,8489.0,,,,,,,,,,,,,,,,,,,,,,,,,,,,6.345253397730397,,,,,,,,,,,,,,2,,,,,,,#f79009,,,,,True
2026-03-03,solana,Index,___GMTrade,GMTrade,,,,,,239370.0606465448,,,,,,,,,,,,,,61.0,,,,,,,0.0,,,,,,,,,,,,,,,,,,,,,3924.09935486139,,,,,,,,,,,,,,3,,,,,,,#904ea6,,True
2026-03-03,solana,Index,Miners,,,,,53864.856093333336,,,,,,,,,,,,,,8489.0,,,,,,,,,,,,,,,,,,,,,,,,,,,,6.345253397730397,,,,,,,,,,,,,,2,,,,,,,#f79009,,,,True
2026-03-03,solana,Index,___Pacifica,Pacifica,,,,,,53864.856093333336,,,,,,,,,,,,,,8489.0,,,,,,,,,,,,,,,,,,,,,,,,,,,,6.345253397730397,,,,,,,,,,,,,,1,,,,,,,#545cf8,,True
2026-03-03,solana,Index,_SPY,SPY,,22922.49468735285,,,,,,,,,,,,,,32.0,,,,,,,0.0,,,,,,,,,,,,,,,,,,,,,716.3279589797766,,,,,,,,,,,,,,2,,,,,,,#f79009,,,,,,True
2026-03-03,solana,Index,Total,,293234.9167398781,,,,,,,,,,,,,,8550.0,,,,,,,0.0,,,,,,,,,,,,,,,,,,,,,34.29648149004422,,,,,,,,,,,,,,1.0,,,,,,,#545cf8,,,,,,,True
2026-03-03,solana,Index,_URNM,URNM,,53864.856093333336,,,,,,,,,,,,,,8489.0,,,,,,,,,,,,,,,,,,,,,,,,,,,,6.345253397730397,,,,,,,,,,,,,,3,,,,,,,#904ea6,,,,,,True
2026-03-02,solana,Index,_URNM,URNM,,46547.96073333333,,,,,,,,,,,,,,8399.0,,,,,,,,,,,,,,,,,,,,,,,,,,,,5.542083668690717,,,,,,,,,,,,,,3,,,,,,,#904ea6,,,,,,True
2026-03-02,solana,Index,Large Cap,,,,,21326.862820854,,,,,,,,,,,,,,22.0,,,,,,,1039.5099572702768,,,,,,,,,,,,,,,,,,,,,969.4028554933636,,,,,,,,,,,,,,3,,,,,,,#904ea6,,,,True
2026-03-02,solana,Index,Total,,91820.34974975316,,,,,,,,,,,,,,8437.0,,,,,,,1039.5099572702768,,,,,,,,,,,,,,,,,,,,,10.883056744074098,,,,,,,,,,,,,,1.0,,,,,,,#545cf8,,,,,,,True
2026-03-02,solana,Index,_SPY,SPY,,23945.526195565828,,,,,,,,,,,,,,16.0,,,,,,,0.0,,,,,,,,,,,,,,,,,,,,,1496.5953872228642,,,,,,,,,,,,,,2,,,,,,,#f79009,,,,,,True
2026-03-02,solana,Index,___Pacifica,Pacifica,,,,,,46547.96073333333,,,,,,,,,,,,,,8399.0,,,,,,,,,,,,,,,,,,,,,,,,,,,,5.542083668690717,,,,,,,,,,,,,,1,,,,,,,#545cf8,,True
2026-03-02,solana,Index,Miners,,,,,46547.96073333333,,,,,,,,,,,,,,8399.0,,,,,,,,,,,,,,,,,,,,,,,,,,,,5.542083668690717,,,,,,,,,,,,,,2,,,,,,,#f79009,,,,True
2026-03-02,solana,Index,___GMTrade,GMTrade,,,,,,45272.389016419824,,,,,,,,,,,,,,38.0,,,,,,,1039.5099572702768,,,,,,,,,,,,,,,,,,,,,1191.3786583268375,,,,,,,,,,,,,,3,,,,,,,#904ea6,,True
2026-03-02,solana,Index,__Commodity,Commodity,,,46547.96073333333,,,,,,,,,,,,,,8399.0,,,,,,,,,,,,,,,,,,,,,,,,,,,,5.542083668690717,,,,,,,,,,,,,,2,,,,,,,#f79009,,,,,True
2026-03-02,solana,Index,__Equity,Equity,,,45272.389016419824,,,,,,,,,,,,,,38.0,,,,,,,1039.5099572702768,,,,,,,,,,,,,,,,,,,,,1191.3786583268375,,,,,,,,,,,,,,1,,,,,,,#545cf8,,,,,True
2026-03-02,solana,Index,GMTrade,,,,,,45272.389016419824,,,,,,,,,,,,,,38.0,,,,,,,1039.5099572702768,,,,,,,,,,,,,,,,,,,,,1191.3786583268375,,,,,,,,,,,,,,3,,,,,,,#904ea6,,,True
2026-03-02,solana,Index,Broad Market,,,,,23945.526195565828,,,,,,,,,,,,,,16.0,,,,,,,0.0,,,,,,,,,,,,,,,,,,,,,1496.5953872228642,,,,,,,,,,,,,,1,,,,,,,#545cf8,,,,True
2026-03-02,solana,Index,_QQQ,QQQ,,21326.862820854,,,,,,,,,,,,,,22.0,,,,,,,1039.5099572702768,,,,,,,,,,,,,,,,,,,,,969.4028554933636,,,,,,,,,,,,,,4,,,,,,,#63b512,,,,,,True
2026-03-02,solana,Index,Pacifica,,,,,,46547.96073333333,,,,,,,,,,,,,,8399.0,,,,,,,,,,,,,,,,,,,,,,,,,,,,5.542083668690717,,,,,,,,,,,,,,1,,,,,,,#545cf8,,,True
2026-03-01,solana,Index,Pacifica,,,,,,32061.71826,,,,,,,,,,,,,,8310.0,,,,,,,,,,,,,,,,,,,,,,,,,,,,3.858209176895307,,,,,,,,,,,,,,1,,,,,,,#545cf8,,,True
2026-03-01,solana,Index,_URNM,URNM,,32061.71826,,,,,,,,,,,,,,8310.0,,,,,,,,,,,,,,,,,,,,,,,,,,,,3.858209176895307,,,,,,,,,,,,,,3,,,,,,,#904ea6,,,,,,True
2026-03-01,solana,Index,Total,,32061.71826,,,,,,,,,,,,,,8310.0,,,,,,,,,,,,,,,,,,,,,,,,,,,,3.858209176895307,,,,,,,,,,,,,,1.0,,,,,,,#545cf8,,,,,,,True
2026-03-01,solana,Index,___GMTrade,GMTrade,,,,,,,,,,,,,,,,,,,,,,,,,,,,,,,,,,,,,,,,,,,,,,,,,,,,,,,,,,,,,,3,,,,,,,#904ea6,,True
2026-03-01,solana,Index,Broad Market,,,,,,,,,,,,,,,,,,,,,,,,,,,,,,,,,,,,,,,,,,,,,,,,,,,,,,,,,,,,,1,,,,,,,#545cf8,,,,True
2026-03-01,solana,Index,__Commodity,Commodity,,,32061.71826,,,,,,,,,,,,,,8310.0,,,,,,,,,,,,,,,,,,,,,,,,,,,,3.858209176895307,,,,,,,,,,,,,,2,,,,,,,#f79009,,,,,True
2026-03-01,solana,Index,_SPY,SPY,,,,,,,,,,,,,,,,,,,,,,,,,,,,,,,,,,,,,,,,,,,,,,,,,,,,,,,,,,2,,,,,,,#f79009,,,,,,True
2026-03-01,solana,Index,_QQQ,QQQ,,,,,,,,,,,,,,,,,,,,,,,,,,,,,,,,,,,,,,,,,,,,,,,,,,,,,,,,,,4,,,,,,,#63b512,,,,,,True
2026-03-01,solana,Index,Large Cap,,,,,,,,,,,,,,,,,,,,,,,,,,,,,,,,,,,,,,,,,,,,,,,,,,,,,,,,,,,,,3,,,,,,,#904ea6,,,,True
2026-03-01,solana,Index,GMTrade,,,,,,,,,,,,,,,,,,,,,,,,,,,,,,,,,,,,,,,,,,,,,,,,,,,,,,,,,,,,,,3,,,,,,,#904ea6,,,True
2026-03-01,solana,Index,__Equity,Equity,,,,,,,,,,,,,,,,,,,,,,,,,,,,,,,,,,,,,,,,,,,,,,,,,,,,,,,,,,,1,,,,,,,#545cf8,,,,,True
2026-03-01,solana,Index,Miners,,,,,32061.71826,,,,,,,,,,,,,,8310.0,,,,,,,,,,,,,,,,,,,,,,,,,,,,3.858209176895307,,,,,,,,,,,,,,2,,,,,,,#f79009,,,,True
2026-03-01,solana,Index,___Pacifica,Pacifica,,,,,,32061.71826,,,,,,,,,,,,,,8310.0,,,,,,,,,,,,,,,,,,,,,,,,,,,,3.858209176895307,,,,,,,,,,,,,,1,,,,,,,#545cf8,,True
2026-02-28,solana,Index,Broad Market,,,,,,,,,,,,,,,,,,,,,,,,,,,,,,,,,,,,,,,,,,,,,,,,,,,,,,,,,,,,,1,,,,,,,#545cf8,,,,True
2026-02-28,solana,Index,___GMTrade,GMTrade,,,,,,,,,,,,,,,,,,,,,,,,,,,,,,,,,,,,,,,,,,,,,,,,,,,,,,,,,,,,,,3,,,,,,,#904ea6,,True
2026-02-28,solana,Index,_QQQ,QQQ,,,,,,,,,,,,,,,,,,,,,,,,,,,,,,,,,,,,,,,,,,,,,,,,,,,,,,,,,,4,,,,,,,#63b512,,,,,,True
2026-02-28,solana,Index,Pacifica,,,,,,36904.54978,,,,,,,,,,,,,,8392.0,,,,,,,,,,,,,,,,,,,,,,,,,,,,4.397586961391802,,,,,,,,,,,,,,1,,,,,,,#545cf8,,,True
2026-02-28,solana,Index,GMTrade,,,,,,,,,,,,,,,,,,,,,,,,,,,,,,,,,,,,,,,,,,,,,,,,,,,,,,,,,,,,,,3,,,,,,,#904ea6,,,True
2026-02-28,solana,Index,___Pacifica,Pacifica,,,,,,36904.54978,,,,,,,,,,,,,,8392.0,,,,,,,,,,,,,,,,,,,,,,,,,,,,4.397586961391802,,,,,,,,,,,,,,1,,,,,,,#545cf8,,True
2026-02-28,solana,Index,Total,,36904.54978,,,,,,,,,,,,,,8392.0,,,,,,,,,,,,,,,,,,,,,,,,,,,,4.397586961391802,,,,,,,,,,,,,,1.0,,,,,,,#545cf8,,,,,,,True
2026-02-28,solana,Index,_URNM,URNM,,36904.54978,,,,,,,,,,,,,,8392.0,,,,,,,,,,,,,,,,,,,,,,,,,,,,4.397586961391802,,,,,,,,,,,,,,3,,,,,,,#904ea6,,,,,,True
2026-02-28,solana,Index,Large Cap,,,,,,,,,,,,,,,,,,,,,,,,,,,,,,,,,,,,,,,,,,,,,,,,,,,,,,,,,,,,,3,,,,,,,#904ea6,,,,True
2026-02-28,solana,Index,Miners,,,,,36904.54978,,,,,,,,,,,,,,8392.0,,,,,,,,,,,,,,,,,,,,,,,,,,,,4.397586961391802,,,,,,,,,,,,,,2,,,,,,,#f79009,,,,True
2026-02-28,solana,Index,__Equity,Equity,,,,,,,,,,,,,,,,,,,,,,,,,,,,,,,,,,,,,,,,,,,,,,,,,,,,,,,,,,,1,,,,,,,#545cf8,,,,,True
2026-02-28,solana,Index,_SPY,SPY,,,,,,,,,,,,,,,,,,,,,,,,,,,,,,,,,,,,,,,,,,,,,,,,,,,,,,,,,,2,,,,,,,#f79009,,,,,,True
2026-02-28,solana,Index,__Commodity,Commodity,,,36904.54978,,,,,,,,,,,,,,8392.0,,,,,,,,,,,,,,,,,,,,,,,,,,,,4.397586961391802,,,,,,,,,,,,,,2,,,,,,,#f79009,,,,,True
2026-02-27,solana,Index,__Commodity,Commodity,,,58690.69518666667,,,,,,,,,,,,,,8559.0,,,,,,,,,,,,,,,,,,,,,,,,,,,,6.8571906982902995,,,,,,,,,,,,,,2,,,,,,,#f79009,,,,,True
2026-02-27,solana,Index,Broad Market,,,,,41677.418900314915,,,,,,,,,,,,,,33.0,,,,,,,812.9393467037688,,,,,,,,,,,,,,,,,,,,,1262.9520878883307,,,,,,,,,,,,,,1,,,,,,,#545cf8,,,,True
2026-02-27,solana,Index,Pacifica,,,,,,58690.69518666667,,,,,,,,,,,,,,8559.0,,,,,,,,,,,,,,,,,,,,,,,,,,,,6.8571906982902995,,,,,,,,,,,,,,1,,,,,,,#545cf8,,,True
2026-02-27,solana,Index,_URNM,URNM,,58690.69518666667,,,,,,,,,,,,,,8559.0,,,,,,,,,,,,,,,,,,,,,,,,,,,,6.8571906982902995,,,,,,,,,,,,,,3,,,,,,,#904ea6,,,,,,True
2026-02-27,solana,Index,___Pacifica,Pacifica,,,,,,58690.69518666667,,,,,,,,,,,,,,8559.0,,,,,,,,,,,,,,,,,,,,,,,,,,,,6.8571906982902995,,,,,,,,,,,,,,1,,,,,,,#545cf8,,True
2026-02-27,solana,Index,_QQQ,QQQ,,17050.25479102101,,,,,,,,,,,,,,18.0,,,,,,,0.0,,,,,,,,,,,,,,,,,,,,,947.2363772789449,,,,,,,,,,,,,,4,,,,,,,#63b512,,,,,,True
2026-02-27,solana,Index,Large Cap,,,,,17050.25479102101,,,,,,,,,,,,,,18.0,,,,,,,0.0,,,,,,,,,,,,,,,,,,,,,947.2363772789449,,,,,,,,,,,,,,3,,,,,,,#904ea6,,,,True
2026-02-27,solana,Index,___GMTrade,GMTrade,,,,,,58727.67369133592,,,,,,,,,,,,,,51.0,,,,,,,812.9393467037688,,,,,,,,,,,,,,,,,,,,,1151.5230135556062,,,,,,,,,,,,,,3,,,,,,,#904ea6,,True
2026-02-27,solana,Index,Total,,117418.3688780026,,,,,,,,,,,,,,8610.0,,,,,,,812.9393467037688,,,,,,,,,,,,,,,,,,,,,13.63744121695733,,,,,,,,,,,,,,1.0,,,,,,,#545cf8,,,,,,,True
2026-02-27,solana,Index,__Equity,Equity,,,58727.67369133592,,,,,,,,,,,,,,51.0,,,,,,,812.9393467037688,,,,,,,,,,,,,,,,,,,,,1151.5230135556062,,,,,,,,,,,,,,1,,,,,,,#545cf8,,,,,True
2026-02-27,solana,Index,GMTrade,,,,,,58727.67369133592,,,,,,,,,,,,,,51.0,,,,,,,812.9393467037688,,,,,,,,,,,,,,,,,,,,,1151.5230135556062,,,,,,,,,,,,,,3,,,,,,,#904ea6,,,True
2026-02-27,solana,Index,_SPY,SPY,,41677.418900314915,,,,,,,,,,,,,,33.0,,,,,,,812.9393467037688,,,,,,,,,,,,,,,,,,,,,1262.9520878883307,,,,,,,,,,,,,,2,,,,,,,#f79009,,,,,,True
2026-02-27,solana,Index,Miners,,,,,58690.69518666667,,,,,,,,,,,,,,8559.0,,,,,,,,,,,,,,,,,,,,,,,,,,,,6.8571906982902995,,,,,,,,,,,,,,2,,,,,,,#f79009,,,,True
2026-02-26,solana,Index,__Equity,Equity,,,371649.5684813957,,,,,,,,,,,,,,56.0,,,,,,,19116.130023947026,,,,,,,,,,,,,,,,,,,,,6636.599437167781,,,,,,,,,,,,,,1,,,,,,,#545cf8,,,,,True
2026-02-26,solana,Index,___GMTrade,GMTrade,,,,,,371649.5684813957,,,,,,,,,,,,,,56.0,,,,,,,19116.130023947026,,,,,,,,,,,,,,,,,,,,,6636.599437167781,,,,,,,,,,,,,,3,,,,,,,#904ea6,,True
2026-02-26,solana,Index,Total,,475515.4922013957,,,,,,,,,,,,,,8472.0,,,,,,,19116.130023947026,,,,,,,,,,,,,,,,,,,,,56.127890958616106,,,,,,,,,,,,,,1.0,,,,,,,#545cf8,,,,,,,True
2026-02-26,solana,Index,_URNM,URNM,,103865.92371999999,,,,,,,,,,,,,,8416.0,,,,,,,,,,,,,,,,,,,,,,,,,,,,12.341483331749048,,,,,,,,,,,,,,3,,,,,,,#904ea6,,,,,,True
2026-02-26,solana,Index,Pacifica,,,,,,103865.92371999999,,,,,,,,,,,,,,8416.0,,,,,,,,,,,,,,,,,,,,,,,,,,,,12.341483331749048,,,,,,,,,,,,,,1,,,,,,,#545cf8,,,True
2026-02-26,solana,Index,Large Cap,,,,,166347.8550408671,,,,,,,,,,,,,,24.0,,,,,,,19116.130023947026,,,,,,,,,,,,,,,,,,,,,6931.160626702796,,,,,,,,,,,,,,3,,,,,,,#904ea6,,,,True
2026-02-26,solana,Index,Miners,,,,,103865.92371999999,,,,,,,,,,,,,,8416.0,,,,,,,,,,,,,,,,,,,,,,,,,,,,12.341483331749048,,,,,,,,,,,,,,2,,,,,,,#f79009,,,,True
2026-02-26,solana,Index,Broad Market,,,,,205301.7134405286,,,,,,,,,,,,,,32.0,,,,,,,0.0,,,,,,,,,,,,,,,,,,,,,6415.678545016519,,,,,,,,,,,,,,1,,,,,,,#545cf8,,,,True
2026-02-26,solana,Index,_QQQ,QQQ,,166347.8550408671,,,,,,,,,,,,,,24.0,,,,,,,19116.130023947026,,,,,,,,,,,,,,,,,,,,,6931.160626702796,,,,,,,,,,,,,,4,,,,,,,#63b512,,,,,,True
2026-02-26,solana,Index,___Pacifica,Pacifica,,,,,,103865.92371999999,,,,,,,,,,,,,,8416.0,,,,,,,,,,,,,,,,,,,,,,,,,,,,12.341483331749048,,,,,,,,,,,,,,1,,,,,,,#545cf8,,True
2026-02-26,solana,Index,GMTrade,,,,,,371649.5684813957,,,,,,,,,,,,,,56.0,,,,,,,19116.130023947026,,,,,,,,,,,,,,,,,,,,,6636.599437167781,,,,,,,,,,,,,,3,,,,,,,#904ea6,,,True
2026-02-26,solana,Index,__Commodity,Commodity,,,103865.92371999999,,,,,,,,,,,,,,8416.0,,,,,,,,,,,,,,,,,,,,,,,,,,,,12.341483331749048,,,,,,,,,,,,,,2,,,,,,,#f79009,,,,,True
2026-02-26,solana,Index,_SPY,SPY,,205301.7134405286,,,,,,,,,,,,,,32.0,,,,,,,0.0,,,,,,,,,,,,,,,,,,,,,6415.678545016519,,,,,,,,,,,,,,2,,,,,,,#f79009,,,,,,True
2026-02-25,solana,Index,Pacifica,,,,,,26984.487239999995,,,,,,,,,,,,,,5783.0,,,,,,,,,,,,,,,,,,,,,,,,,,,,4.666174518416046,,,,,,,,,,,,,,1,,,,,,,#545cf8,,,True
2026-02-25,solana,Index,GMTrade,,,,,,116672.62501868076,,,,,,,,,,,,,,77.0,,,,,,,0.0,,,,,,,,,,,,,,,,,,,,,1515.2288963465035,,,,,,,,,,,,,,3,,,,,,,#904ea6,,,True
2026-02-25,solana,Index,Large Cap,,,,,44026.11061466688,,,,,,,,,,,,,,27.0,,,,,,,0.0,,,,,,,,,,,,,,,,,,,,,1630.5966894321068,,,,,,,,,,,,,,3,,,,,,,#904ea6,,,,True
2026-02-25,solana,Index,_SPY,SPY,,72646.51440401387,,,,,,,,,,,,,,50.0,,,,,,,0.0,,,,,,,,,,,,,,,,,,,,,1452.9302880802775,,,,,,,,,,,,,,2,,,,,,,#f79009,,,,,,True
2026-02-25,solana,Index,__Commodity,Commodity,,,26984.487239999995,,,,,,,,,,,,,,5783.0,,,,,,,,,,,,,,,,,,,,,,,,,,,,4.666174518416046,,,,,,,,,,,,,,2,,,,,,,#f79009,,,,,True
2026-02-25,solana,Index,Broad Market,,,,,72646.51440401387,,,,,,,,,,,,,,50.0,,,,,,,0.0,,,,,,,,,,,,,,,,,,,,,1452.9302880802775,,,,,,,,,,,,,,1,,,,,,,#545cf8,,,,True
2026-02-25,solana,Index,_QQQ,QQQ,,44026.11061466688,,,,,,,,,,,,,,27.0,,,,,,,0.0,,,,,,,,,,,,,,,,,,,,,1630.5966894321068,,,,,,,,,,,,,,4,,,,,,,#63b512,,,,,,True
2026-02-25,solana,Index,___Pacifica,Pacifica,,,,,,26984.487239999995,,,,,,,,,,,,,,5783.0,,,,,,,,,,,,,,,,,,,,,,,,,,,,4.666174518416046,,,,,,,,,,,,,,1,,,,,,,#545cf8,,True
2026-02-25,solana,Index,__Equity,Equity,,,116672.62501868076,,,,,,,,,,,,,,77.0,,,,,,,0.0,,,,,,,,,,,,,,,,,,,,,1515.2288963465035,,,,,,,,,,,,,,1,,,,,,,#545cf8,,,,,True
2026-02-25,solana,Index,Miners,,,,,26984.487239999995,,,,,,,,,,,,,,5783.0,,,,,,,,,,,,,,,,,,,,,,,,,,,,4.666174518416046,,,,,,,,,,,,,,2,,,,,,,#f79009,,,,True
2026-02-25,solana,Index,_URNM,URNM,,26984.487239999995,,,,,,,,,,,,,,5783.0,,,,,,,,,,,,,,,,,,,,,,,,,,,,4.666174518416046,,,,,,,,,,,,,,3,,,,,,,#904ea6,,,,,,True
2026-02-25,solana,Index,Total,,143657.11225868075,,,,,,,,,,,,,,5860.0,,,,,,,0.0,,,,,,,,,,,,,,,,,,,,,24.51486557315371,,,,,,,,,,,,,,1.0,,,,,,,#545cf8,,,,,,,True
2026-02-25,solana,Index,___GMTrade,GMTrade,,,,,,116672.62501868076,,,,,,,,,,,,,,77.0,,,,,,,0.0,,,,,,,,,,,,,,,,,,,,,1515.2288963465035,,,,,,,,,,,,,,3,,,,,,,#904ea6,,True
2026-02-24,solana,Index,Total,,314263.75660523697,,,,,,,,,,,,,,71.0,,,,,,,106808.00721634086,,,,,,,,,,,,,,,,,,,,,4426.250093031506,,,,,,,,,,,,,,1.0,,,,,,,#545cf8,,,,,,,True
2026-02-24,solana,Index,___GMTrade,GMTrade,,,,,,314263.75660523697,,,,,,,,,,,,,,71.0,,,,,,,106808.00721634086,,,,,,,,,,,,,,,,,,,,,4426.250093031506,,,,,,,,,,,,,,3,,,,,,,#904ea6,,True
2026-02-24,solana,Index,Large Cap,,,,,207348.89102378173,,,,,,,,,,,,,,35.0,,,,,,,67415.0,,,,,,,,,,,,,,,,,,,,,5924.254029250907,,,,,,,,,,,,,,3,,,,,,,#904ea6,,,,True
2026-02-24,solana,Index,_QQQ,QQQ,,207348.89102378173,,,,,,,,,,,,,,35.0,,,,,,,67415.0,,,,,,,,,,,,,,,,,,,,,5924.254029250907,,,,,,,,,,,,,,4,,,,,,,#63b512,,,,,,True
2026-02-24,solana,Index,__Equity,Equity,,,314263.75660523697,,,,,,,,,,,,,,71.0,,,,,,,106808.00721634086,,,,,,,,,,,,,,,,,,,,,4426.250093031506,,,,,,,,,,,,,,1,,,,,,,#545cf8,,,,,True
2026-02-24,solana,Index,GMTrade,,,,,,314263.75660523697,,,,,,,,,,,,,,71.0,,,,,,,106808.00721634086,,,,,,,,,,,,,,,,,,,,,4426.250093031506,,,,,,,,,,,,,,3,,,,,,,#904ea6,,,True
2026-02-24,solana,Index,Broad Market,,,,,106914.86558145523,,,,,,,,,,,,,,36.0,,,,,,,39393.007216340855,,,,,,,,,,,,,,,,,,,,,2969.8573772626455,,,,,,,,,,,,,,1,,,,,,,#545cf8,,,,True
2026-02-24,solana,Index,_SPY,SPY,,106914.86558145523,,,,,,,,,,,,,,36.0,,,,,,,39393.007216340855,,,,,,,,,,,,,,,,,,,,,2969.8573772626455,,,,,,,,,,,,,,2,,,,,,,#f79009,,,,,,True
2026-02-23,solana,Index,_SPY,SPY,,103231.48402646605,,,,,,,,,,,,,,26.0,,,,,,,28762.000000000004,,,,,,,,,,,,,,,,,,,,,3970.441693325617,,,,,,,,,,,,,,2,,,,,,,#f79009,,,,,,True
2026-02-23,solana,Index,_QQQ,QQQ,,223721.5226687071,,,,,,,,,,,,,,21.0,,,,,,,52776.93795594417,,,,,,,,,,,,,,,,,,,,,10653.405841367005,,,,,,,,,,,,,,4,,,,,,,#63b512,,,,,,True
2026-02-23,solana,Index,__Equity,Equity,,,326953.00669517316,,,,,,,,,,,,,,47.0,,,,,,,81538.93795594417,,,,,,,,,,,,,,,,,,,,,6956.446950961131,,,,,,,,,,,,,,1,,,,,,,#545cf8,,,,,True
2026-02-23,solana,Index,Large Cap,,,,,223721.5226687071,,,,,,,,,,,,,,21.0,,,,,,,52776.93795594417,,,,,,,,,,,,,,,,,,,,,10653.405841367005,,,,,,,,,,,,,,3,,,,,,,#904ea6,,,,True
2026-02-23,solana,Index,Total,,326953.00669517316,,,,,,,,,,,,,,47.0,,,,,,,81538.93795594417,,,,,,,,,,,,,,,,,,,,,6956.446950961131,,,,,,,,,,,,,,1.0,,,,,,,#545cf8,,,,,,,True
2026-02-23,solana,Index,GMTrade,,,,,,326953.00669517316,,,,,,,,,,,,,,47.0,,,,,,,81538.93795594417,,,,,,,,,,,,,,,,,,,,,6956.446950961131,,,,,,,,,,,,,,3,,,,,,,#904ea6,,,True
2026-02-23,solana,Index,Broad Market,,,,,103231.48402646605,,,,,,,,,,,,,,26.0,,,,,,,28762.000000000004,,,,,,,,,,,,,,,,,,,,,3970.441693325617,,,,,,,,,,,,,,1,,,,,,,#545cf8,,,,True
2026-02-23,solana,Index,___GMTrade,GMTrade,,,,,,326953.00669517316,,,,,,,,,,,,,,47.0,,,,,,,81538.93795594417,,,,,,,,,,,,,,,,,,,,,6956.446950961131,,,,,,,,,,,,,,3,,,,,,,#904ea6,,True
2026-02-22,solana,Index,_SPY,SPY,,,,,,,,,,,,,,,,,,,,,,,,,,,,,,,,,,,,,,,,,,,,,,,,,,,,,,,,,,2,,,,,,,#f79009,,,,,,True
2026-02-22,solana,Index,Total,,,,,,,,,,,,,,,,,,,,,,,,,,,,,,,,,,,,,,,,,,,,,,,,,,,,,,,,,,1.0,,,,,,,#545cf8,,,,,,,True
2026-02-22,solana,Index,GMTrade,,,,,,,,,,,,,,,,,,,,,,,,,,,,,,,,,,,,,,,,,,,,,,,,,,,,,,,,,,,,,,3,,,,,,,#904ea6,,,True
2026-02-22,solana,Index,_QQQ,QQQ,,,,,,,,,,,,,,,,,,,,,,,,,,,,,,,,,,,,,,,,,,,,,,,,,,,,,,,,,,4,,,,,,,#63b512,,,,,,True
2026-02-22,solana,Index,Broad Market,,,,,,,,,,,,,,,,,,,,,,,,,,,,,,,,,,,,,,,,,,,,,,,,,,,,,,,,,,,,,1,,,,,,,#545cf8,,,,True
2026-02-22,solana,Index,__Equity,Equity,,,,,,,,,,,,,,,,,,,,,,,,,,,,,,,,,,,,,,,,,,,,,,,,,,,,,,,,,,,1,,,,,,,#545cf8,,,,,True
2026-02-22,solana,Index,Large Cap,,,,,,,,,,,,,,,,,,,,,,,,,,,,,,,,,,,,,,,,,,,,,,,,,,,,,,,,,,,,,3,,,,,,,#904ea6,,,,True
2026-02-22,solana,Index,___GMTrade,GMTrade,,,,,,,,,,,,,,,,,,,,,,,,,,,,,,,,,,,,,,,,,,,,,,,,,,,,,,,,,,,,,,3,,,,,,,#904ea6,,True
2026-02-21,solana,Index,Broad Market,,,,,,,,,,,,,,,,,,,,,,,,,,,,,,,,,,,,,,,,,,,,,,,,,,,,,,,,,,,,,1,,,,,,,#545cf8,,,,True
2026-02-21,solana,Index,GMTrade,,,,,,,,,,,,,,,,,,,,,,,,,,,,,,,,,,,,,,,,,,,,,,,,,,,,,,,,,,,,,,3,,,,,,,#904ea6,,,True
2026-02-21,solana,Index,_SPY,SPY,,,,,,,,,,,,,,,,,,,,,,,,,,,,,,,,,,,,,,,,,,,,,,,,,,,,,,,,,,2,,,,,,,#f79009,,,,,,True
2026-02-21,solana,Index,Large Cap,,,,,,,,,,,,,,,,,,,,,,,,,,,,,,,,,,,,,,,,,,,,,,,,,,,,,,,,,,,,,3,,,,,,,#904ea6,,,,True
2026-02-21,solana,Index,___GMTrade,GMTrade,,,,,,,,,,,,,,,,,,,,,,,,,,,,,,,,,,,,,,,,,,,,,,,,,,,,,,,,,,,,,,3,,,,,,,#904ea6,,True
2026-02-21,solana,Index,__Equity,Equity,,,,,,,,,,,,,,,,,,,,,,,,,,,,,,,,,,,,,,,,,,,,,,,,,,,,,,,,,,,1,,,,,,,#545cf8,,,,,True
2026-02-21,solana,Index,Total,,,,,,,,,,,,,,,,,,,,,,,,,,,,,,,,,,,,,,,,,,,,,,,,,,,,,,,,,,1.0,,,,,,,#545cf8,,,,,,,True
2026-02-21,solana,Index,_QQQ,QQQ,,,,,,,,,,,,,,,,,,,,,,,,,,,,,,,,,,,,,,,,,,,,,,,,,,,,,,,,,,4,,,,,,,#63b512,,,,,,True
2026-02-20,solana,Index,_QQQ,QQQ,,207005.49453849695,,,,,,,,,,,,,,33.0,,,,,,,65720.10319542556,,,,,,,,,,,,,,,,,,,,,6272.893773893847,,,,,,,,,,,,,,4,,,,,,,#63b512,,,,,,True
2026-02-20,solana,Index,Large Cap,,,,,207005.49453849695,,,,,,,,,,,,,,33.0,,,,,,,65720.10319542556,,,,,,,,,,,,,,,,,,,,,6272.893773893847,,,,,,,,,,,,,,3,,,,,,,#904ea6,,,,True
2026-02-20,solana,Index,__Equity,Equity,,,421466.2992266031,,,,,,,,,,,,,,75.0,,,,,,,93633.10319542556,,,,,,,,,,,,,,,,,,,,,5619.550656354709,,,,,,,,,,,,,,1,,,,,,,#545cf8,,,,,True
2026-02-20,solana,Index,GMTrade,,,,,,421466.2992266031,,,,,,,,,,,,,,75.0,,,,,,,93633.10319542556,,,,,,,,,,,,,,,,,,,,,5619.550656354709,,,,,,,,,,,,,,3,,,,,,,#904ea6,,,True
2026-02-20,solana,Index,___GMTrade,GMTrade,,,,,,421466.2992266031,,,,,,,,,,,,,,75.0,,,,,,,93633.10319542556,,,,,,,,,,,,,,,,,,,,,5619.550656354709,,,,,,,,,,,,,,3,,,,,,,#904ea6,,True
2026-02-20,solana,Index,_SPY,SPY,,214460.8046881062,,,,,,,,,,,,,,42.0,,,,,,,27912.999999999996,,,,,,,,,,,,,,,,,,,,,5106.2096354311,,,,,,,,,,,,,,2,,,,,,,#f79009,,,,,,True
2026-02-20,solana,Index,Broad Market,,,,,214460.8046881062,,,,,,,,,,,,,,42.0,,,,,,,27912.999999999996,,,,,,,,,,,,,,,,,,,,,5106.2096354311,,,,,,,,,,,,,,1,,,,,,,#545cf8,,,,True
2026-02-20,solana,Index,Total,,421466.2992266031,,,,,,,,,,,,,,75.0,,,,,,,93633.10319542556,,,,,,,,,,,,,,,,,,,,,5619.550656354709,,,,,,,,,,,,,,1.0,,,,,,,#545cf8,,,,,,,True
2026-02-19,solana,Index,Total,,600244.5279732312,,,,,,,,,,,,,,128.0,,,,,,,95440.44324423373,,,,,,,,,,,,,,,,,,,,,4689.410374790868,,,,,,,,,,,,,,1.0,,,,,,,#545cf8,,,,,,,True
2026-02-19,solana,Index,_SPY,SPY,,289754.2870471794,,,,,,,,,,,,,,68.0,,,,,,,42232.44324423373,,,,,,,,,,,,,,,,,,,,,4261.092456576168,,,,,,,,,,,,,,2,,,,,,,#f79009,,,,,,True
2026-02-19,solana,Index,___GMTrade,GMTrade,,,,,,600244.5279732312,,,,,,,,,,,,,,128.0,,,,,,,95440.44324423373,,,,,,,,,,,,,,,,,,,,,4689.410374790868,,,,,,,,,,,,,,3,,,,,,,#904ea6,,True
2026-02-19,solana,Index,Broad Market,,,,,289754.2870471794,,,,,,,,,,,,,,68.0,,,,,,,42232.44324423373,,,,,,,,,,,,,,,,,,,,,4261.092456576168,,,,,,,,,,,,,,1,,,,,,,#545cf8,,,,True
2026-02-19,solana,Index,__Equity,Equity,,,600244.5279732312,,,,,,,,,,,,,,128.0,,,,,,,95440.44324423373,,,,,,,,,,,,,,,,,,,,,4689.410374790868,,,,,,,,,,,,,,1,,,,,,,#545cf8,,,,,True
2026-02-19,solana,Index,Large Cap,,,,,310490.2409260517,,,,,,,,,,,,,,60.0,,,,,,,53208.0,,,,,,,,,,,,,,,,,,,,,5174.837348767528,,,,,,,,,,,,,,3,,,,,,,#904ea6,,,,True
2026-02-19,solana,Index,GMTrade,,,,,,600244.5279732312,,,,,,,,,,,,,,128.0,,,,,,,95440.44324423373,,,,,,,,,,,,,,,,,,,,,4689.410374790868,,,,,,,,,,,,,,3,,,,,,,#904ea6,,,True
2026-02-19,solana,Index,_QQQ,QQQ,,310490.2409260517,,,,,,,,,,,,,,60.0,,,,,,,53208.0,,,,,,,,,,,,,,,,,,,,,5174.837348767528,,,,,,,,,,,,,,4,,,,,,,#63b512,,,,,,True
2026-02-18,solana,Index,_SPY,SPY,,231132.21437773295,,,,,,,,,,,,,,50.0,,,,,,,32345.115791492062,,,,,,,,,,,,,,,,,,,,,4622.644287554659,,,,,,,,,,,,,,2,,,,,,,#f79009,,,,,,True
2026-02-18,solana,Index,_QQQ,QQQ,,296138.5369347892,,,,,,,,,,,,,,45.0,,,,,,,71436.0,,,,,,,,,,,,,,,,,,,,,6580.856376328649,,,,,,,,,,,,,,4,,,,,,,#63b512,,,,,,True
2026-02-18,solana,Index,___GMTrade,GMTrade,,,,,,527270.7513125222,,,,,,,,,,,,,,95.0,,,,,,,103781.11579149206,,,,,,,,,,,,,,,,,,,,,5550.218434868655,,,,,,,,,,,,,,3,,,,,,,#904ea6,,True
2026-02-18,solana,Index,Total,,527270.7513125222,,,,,,,,,,,,,,95.0,,,,,,,103781.11579149206,,,,,,,,,,,,,,,,,,,,,5550.218434868655,,,,,,,,,,,,,,1.0,,,,,,,#545cf8,,,,,,,True
2026-02-18,solana,Index,__Equity,Equity,,,527270.7513125222,,,,,,,,,,,,,,95.0,,,,,,,103781.11579149206,,,,,,,,,,,,,,,,,,,,,5550.218434868655,,,,,,,,,,,,,,1,,,,,,,#545cf8,,,,,True
2026-02-18,solana,Index,Large Cap,,,,,296138.5369347892,,,,,,,,,,,,,,45.0,,,,,,,71436.0,,,,,,,,,,,,,,,,,,,,,6580.856376328649,,,,,,,,,,,,,,3,,,,,,,#904ea6,,,,True
2026-02-18,solana,Index,Broad Market,,,,,231132.21437773295,,,,,,,,,,,,,,50.0,,,,,,,32345.115791492062,,,,,,,,,,,,,,,,,,,,,4622.644287554659,,,,,,,,,,,,,,1,,,,,,,#545cf8,,,,True
2026-02-18,solana,Index,GMTrade,,,,,,527270.7513125222,,,,,,,,,,,,,,95.0,,,,,,,103781.11579149206,,,,,,,,,,,,,,,,,,,,,5550.218434868655,,,,,,,,,,,,,,3,,,,,,,#904ea6,,,True
2026-02-17,solana,Index,_QQQ,QQQ,,266420.8679309425,,,,,,,,,,,,,,47.0,,,,,,,52545.0,,,,,,,,,,,,,,,,,,,,,5668.52910491367,,,,,,,,,,,,,,4,,,,,,,#63b512,,,,,,True
2026-02-17,solana,Index,_SPY,SPY,,179089.9983480266,,,,,,,,,,,,,,44.0,,,,,,,25077.136733990566,,,,,,,,,,,,,,,,,,,,,4070.2272351824226,,,,,,,,,,,,,,2,,,,,,,#f79009,,,,,,True
2026-02-17,solana,Index,__Equity,Equity,,,445510.8662789691,,,,,,,,,,,,,,91.0,,,,,,,77622.13673399057,,,,,,,,,,,,,,,,,,,,,4895.723805263397,,,,,,,,,,,,,,1,,,,,,,#545cf8,,,,,True
2026-02-17,solana,Index,Total,,445510.8662789691,,,,,,,,,,,,,,91.0,,,,,,,77622.13673399057,,,,,,,,,,,,,,,,,,,,,4895.723805263397,,,,,,,,,,,,,,1.0,,,,,,,#545cf8,,,,,,,True
2026-02-17,solana,Index,Broad Market,,,,,179089.9983480266,,,,,,,,,,,,,,44.0,,,,,,,25077.136733990566,,,,,,,,,,,,,,,,,,,,,4070.2272351824226,,,,,,,,,,,,,,1,,,,,,,#545cf8,,,,True
2026-02-17,solana,Index,___GMTrade,GMTrade,,,,,,445510.8662789691,,,,,,,,,,,,,,91.0,,,,,,,77622.13673399057,,,,,,,,,,,,,,,,,,,,,4895.723805263397,,,,,,,,,,,,,,3,,,,,,,#904ea6,,True
2026-02-17,solana,Index,Large Cap,,,,,266420.8679309425,,,,,,,,,,,,,,47.0,,,,,,,52545.0,,,,,,,,,,,,,,,,,,,,,5668.52910491367,,,,,,,,,,,,,,3,,,,,,,#904ea6,,,,True
2026-02-17,solana,Index,GMTrade,,,,,,445510.8662789691,,,,,,,,,,,,,,91.0,,,,,,,77622.13673399057,,,,,,,,,,,,,,,,,,,,,4895.723805263397,,,,,,,,,,,,,,3,,,,,,,#904ea6,,,True
2026-02-16,solana,Index,GMTrade,,,,,,,,,,,,,,,,,,,,,,,,,,,,,,,,,,,,,,,,,,,,,,,,,,,,,,,,,,,,,,3,,,,,,,#904ea6,,,True
2026-02-16,solana,Index,__Equity,Equity,,,,,,,,,,,,,,,,,,,,,,,,,,,,,,,,,,,,,,,,,,,,,,,,,,,,,,,,,,,1,,,,,,,#545cf8,,,,,True
2026-02-16,solana,Index,Broad Market,,,,,,,,,,,,,,,,,,,,,,,,,,,,,,,,,,,,,,,,,,,,,,,,,,,,,,,,,,,,,1,,,,,,,#545cf8,,,,True
2026-02-16,solana,Index,Large Cap,,,,,,,,,,,,,,,,,,,,,,,,,,,,,,,,,,,,,,,,,,,,,,,,,,,,,,,,,,,,,3,,,,,,,#904ea6,,,,True
2026-02-16,solana,Index,_QQQ,QQQ,,,,,,,,,,,,,,,,,,,,,,,,,,,,,,,,,,,,,,,,,,,,,,,,,,,,,,,,,,4,,,,,,,#63b512,,,,,,True
2026-02-16,solana,Index,_SPY,SPY,,,,,,,,,,,,,,,,,,,,,,,,,,,,,,,,,,,,,,,,,,,,,,,,,,,,,,,,,,2,,,,,,,#f79009,,,,,,True
2026-02-16,solana,Index,Total,,,,,,,,,,,,,,,,,,,,,,,,,,,,,,,,,,,,,,,,,,,,,,,,,,,,,,,,,,1.0,,,,,,,#545cf8,,,,,,,True
2026-02-16,solana,Index,___GMTrade,GMTrade,,,,,,,,,,,,,,,,,,,,,,,,,,,,,,,,,,,,,,,,,,,,,,,,,,,,,,,,,,,,,,3,,,,,,,#904ea6,,True
2026-02-15,solana,Index,___GMTrade,GMTrade,,,,,,,,,,,,,,,,,,,,,,,,,,,,,,,,,,,,,,,,,,,,,,,,,,,,,,,,,,,,,,3,,,,,,,#904ea6,,True
2026-02-15,solana,Index,GMTrade,,,,,,,,,,,,,,,,,,,,,,,,,,,,,,,,,,,,,,,,,,,,,,,,,,,,,,,,,,,,,,3,,,,,,,#904ea6,,,True
2026-02-15,solana,Index,Total,,,,,,,,,,,,,,,,,,,,,,,,,,,,,,,,,,,,,,,,,,,,,,,,,,,,,,,,,,1.0,,,,,,,#545cf8,,,,,,,True
2026-02-15,solana,Index,Broad Market,,,,,,,,,,,,,,,,,,,,,,,,,,,,,,,,,,,,,,,,,,,,,,,,,,,,,,,,,,,,,1,,,,,,,#545cf8,,,,True
2026-02-15,solana,Index,__Equity,Equity,,,,,,,,,,,,,,,,,,,,,,,,,,,,,,,,,,,,,,,,,,,,,,,,,,,,,,,,,,,1,,,,,,,#545cf8,,,,,True
2026-02-15,solana,Index,_QQQ,QQQ,,,,,,,,,,,,,,,,,,,,,,,,,,,,,,,,,,,,,,,,,,,,,,,,,,,,,,,,,,4,,,,,,,#63b512,,,,,,True
2026-02-15,solana,Index,Large Cap,,,,,,,,,,,,,,,,,,,,,,,,,,,,,,,,,,,,,,,,,,,,,,,,,,,,,,,,,,,,,3,,,,,,,#904ea6,,,,True
2026-02-15,solana,Index,_SPY,SPY,,,,,,,,,,,,,,,,,,,,,,,,,,,,,,,,,,,,,,,,,,,,,,,,,,,,,,,,,,2,,,,,,,#f79009,,,,,,True
2026-02-14,solana,Index,Broad Market,,,,,,,,,,,,,,,,,,,,,,,,,,,,,,,,,,,,,,,,,,,,,,,,,,,,,,,,,,,,,1,,,,,,,#545cf8,,,,True
2026-02-14,solana,Index,Large Cap,,,,,,,,,,,,,,,,,,,,,,,,,,,,,,,,,,,,,,,,,,,,,,,,,,,,,,,,,,,,,3,,,,,,,#904ea6,,,,True
2026-02-14,solana,Index,_SPY,SPY,,,,,,,,,,,,,,,,,,,,,,,,,,,,,,,,,,,,,,,,,,,,,,,,,,,,,,,,,,2,,,,,,,#f79009,,,,,,True
2026-02-14,solana,Index,___GMTrade,GMTrade,,,,,,,,,,,,,,,,,,,,,,,,,,,,,,,,,,,,,,,,,,,,,,,,,,,,,,,,,,,,,,3,,,,,,,#904ea6,,True
2026-02-14,solana,Index,GMTrade,,,,,,,,,,,,,,,,,,,,,,,,,,,,,,,,,,,,,,,,,,,,,,,,,,,,,,,,,,,,,,3,,,,,,,#904ea6,,,True
2026-02-14,solana,Index,__Equity,Equity,,,,,,,,,,,,,,,,,,,,,,,,,,,,,,,,,,,,,,,,,,,,,,,,,,,,,,,,,,,1,,,,,,,#545cf8,,,,,True
2026-02-14,solana,Index,Total,,,,,,,,,,,,,,,,,,,,,,,,,,,,,,,,,,,,,,,,,,,,,,,,,,,,,,,,,,1.0,,,,,,,#545cf8,,,,,,,True
2026-02-14,solana,Index,_QQQ,QQQ,,,,,,,,,,,,,,,,,,,,,,,,,,,,,,,,,,,,,,,,,,,,,,,,,,,,,,,,,,4,,,,,,,#63b512,,,,,,True
2026-02-13,solana,Index,Broad Market,,,,,195427.40187835452,,,,,,,,,,,,,,34.0,,,,,,,1832.7816383327424,,,,,,,,,,,,,,,,,,,,,5747.864761128074,,,,,,,,,,,,,,1,,,,,,,#545cf8,,,,True
2026-02-13,solana,Index,__Equity,Equity,,,434509.35731994256,,,,,,,,,,,,,,65.0,,,,,,,5416.337616967357,,,,,,,,,,,,,,,,,,,,,6684.759343383732,,,,,,,,,,,,,,1,,,,,,,#545cf8,,,,,True
2026-02-13,solana,Index,Total,,434509.35731994256,,,,,,,,,,,,,,65.0,,,,,,,5416.337616967357,,,,,,,,,,,,,,,,,,,,,6684.759343383732,,,,,,,,,,,,,,1.0,,,,,,,#545cf8,,,,,,,True
2026-02-13,solana,Index,GMTrade,,,,,,434509.35731994256,,,,,,,,,,,,,,65.0,,,,,,,5416.337616967357,,,,,,,,,,,,,,,,,,,,,6684.759343383732,,,,,,,,,,,,,,3,,,,,,,#904ea6,,,True
2026-02-13,solana,Index,___GMTrade,GMTrade,,,,,,434509.35731994256,,,,,,,,,,,,,,65.0,,,,,,,5416.337616967357,,,,,,,,,,,,,,,,,,,,,6684.759343383732,,,,,,,,,,,,,,3,,,,,,,#904ea6,,True
2026-02-13,solana,Index,Large Cap,,,,,239081.95544158804,,,,,,,,,,,,,,31.0,,,,,,,3583.555978634614,,,,,,,,,,,,,,,,,,,,,7712.321143277034,,,,,,,,,,,,,,3,,,,,,,#904ea6,,,,True
2026-02-13,solana,Index,_QQQ,QQQ,,239081.95544158804,,,,,,,,,,,,,,31.0,,,,,,,3583.555978634614,,,,,,,,,,,,,,,,,,,,,7712.321143277034,,,,,,,,,,,,,,4,,,,,,,#63b512,,,,,,True
2026-02-13,solana,Index,_SPY,SPY,,195427.40187835452,,,,,,,,,,,,,,34.0,,,,,,,1832.7816383327424,,,,,,,,,,,,,,,,,,,,,5747.864761128074,,,,,,,,,,,,,,2,,,,,,,#f79009,,,,,,True
2026-02-12,solana,Index,__Equity,Equity,,,250653.8918135992,,,,,,,,,,,,,,87.0,,,,,,,0.0,,,,,,,,,,,,,,,,,,,,,2881.0792162482667,,,,,,,,,,,,,,1,,,,,,,#545cf8,,,,,True
2026-02-12,solana,Index,___GMTrade,GMTrade,,,,,,250653.8918135992,,,,,,,,,,,,,,87.0,,,,,,,0.0,,,,,,,,,,,,,,,,,,,,,2881.0792162482667,,,,,,,,,,,,,,3,,,,,,,#904ea6,,True
2026-02-12,solana,Index,Total,,250653.8918135992,,,,,,,,,,,,,,87.0,,,,,,,0.0,,,,,,,,,,,,,,,,,,,,,2881.0792162482667,,,,,,,,,,,,,,1.0,,,,,,,#545cf8,,,,,,,True
2026-02-12,solana,Index,Large Cap,,,,,151208.1419188718,,,,,,,,,,,,,,54.0,,,,,,,0.0,,,,,,,,,,,,,,,,,,,,,2800.150776275404,,,,,,,,,,,,,,3,,,,,,,#904ea6,,,,True
2026-02-12,solana,Index,_QQQ,QQQ,,151208.1419188718,,,,,,,,,,,,,,54.0,,,,,,,0.0,,,,,,,,,,,,,,,,,,,,,2800.150776275404,,,,,,,,,,,,,,4,,,,,,,#63b512,,,,,,True
2026-02-12,solana,Index,_SPY,SPY,,99445.7498947274,,,,,,,,,,,,,,33.0,,,,,,,0.0,,,,,,,,,,,,,,,,,,,,,3013.507572567497,,,,,,,,,,,,,,2,,,,,,,#f79009,,,,,,True
2026-02-12,solana,Index,GMTrade,,,,,,250653.8918135992,,,,,,,,,,,,,,87.0,,,,,,,0.0,,,,,,,,,,,,,,,,,,,,,2881.0792162482667,,,,,,,,,,,,,,3,,,,,,,#904ea6,,,True
2026-02-12,solana,Index,Broad Market,,,,,99445.7498947274,,,,,,,,,,,,,,33.0,,,,,,,0.0,,,,,,,,,,,,,,,,,,,,,3013.507572567497,,,,,,,,,,,,,,1,,,,,,,#545cf8,,,,True
2026-02-11,solana,Index,__Equity,Equity,,,406696.68111593067,,,,,,,,,,,,,,84.0,,,,,,,11922.486561311887,,,,,,,,,,,,,,,,,,,,,4841.627156142032,,,,,,,,,,,,,,1,,,,,,,#545cf8,,,,,True
2026-02-11,solana,Index,Broad Market,,,,,228490.8299134388,,,,,,,,,,,,,,47.0,,,,,,,0.0,,,,,,,,,,,,,,,,,,,,,4861.507019434868,,,,,,,,,,,,,,1,,,,,,,#545cf8,,,,True
2026-02-11,solana,Index,Large Cap,,,,,178205.85120249187,,,,,,,,,,,,,,37.0,,,,,,,11922.486561311887,,,,,,,,,,,,,,,,,,,,,4816.374356824104,,,,,,,,,,,,,,3,,,,,,,#904ea6,,,,True
2026-02-11,solana,Index,GMTrade,,,,,,406696.68111593067,,,,,,,,,,,,,,84.0,,,,,,,11922.486561311887,,,,,,,,,,,,,,,,,,,,,4841.627156142032,,,,,,,,,,,,,,3,,,,,,,#904ea6,,,True
2026-02-11,solana,Index,_QQQ,QQQ,,178205.85120249187,,,,,,,,,,,,,,37.0,,,,,,,11922.486561311887,,,,,,,,,,,,,,,,,,,,,4816.374356824104,,,,,,,,,,,,,,4,,,,,,,#63b512,,,,,,True
2026-02-11,solana,Index,___GMTrade,GMTrade,,,,,,406696.68111593067,,,,,,,,,,,,,,84.0,,,,,,,11922.486561311887,,,,,,,,,,,,,,,,,,,,,4841.627156142032,,,,,,,,,,,,,,3,,,,,,,#904ea6,,True
2026-02-11,solana,Index,Total,,406696.68111593067,,,,,,,,,,,,,,84.0,,,,,,,11922.486561311887,,,,,,,,,,,,,,,,,,,,,4841.627156142032,,,,,,,,,,,,,,1.0,,,,,,,#545cf8,,,,,,,True
2026-02-11,solana,Index,_SPY,SPY,,228490.8299134388,,,,,,,,,,,,,,47.0,,,,,,,0.0,,,,,,,,,,,,,,,,,,,,,4861.507019434868,,,,,,,,,,,,,,2,,,,,,,#f79009,,,,,,True
2026-02-10,solana,Index,___GMTrade,GMTrade,,,,,,43539.2462993312,,,,,,,,,,,,,,25.0,,,,,,,0.0,,,,,,,,,,,,,,,,,,,,,1741.569851973248,,,,,,,,,,,,,,3,,,,,,,#904ea6,,True
2026-02-10,solana,Index,_QQQ,QQQ,,12386.99748914114,,,,,,,,,,,,,,7.0,,,,,,,0.0,,,,,,,,,,,,,,,,,,,,,1769.5710698773057,,,,,,,,,,,,,,4,,,,,,,#63b512,,,,,,True
2026-02-10,solana,Index,Large Cap,,,,,12386.99748914114,,,,,,,,,,,,,,7.0,,,,,,,0.0,,,,,,,,,,,,,,,,,,,,,1769.5710698773057,,,,,,,,,,,,,,3,,,,,,,#904ea6,,,,True
2026-02-10,solana,Index,_SPY,SPY,,31152.24881019006,,,,,,,,,,,,,,18.0,,,,,,,0.0,,,,,,,,,,,,,,,,,,,,,1730.6804894550032,,,,,,,,,,,,,,2,,,,,,,#f79009,,,,,,True
2026-02-10,solana,Index,Broad Market,,,,,31152.24881019006,,,,,,,,,,,,,,18.0,,,,,,,0.0,,,,,,,,,,,,,,,,,,,,,1730.6804894550032,,,,,,,,,,,,,,1,,,,,,,#545cf8,,,,True
2026-02-10,solana,Index,__Equity,Equity,,,43539.2462993312,,,,,,,,,,,,,,25.0,,,,,,,0.0,,,,,,,,,,,,,,,,,,,,,1741.569851973248,,,,,,,,,,,,,,1,,,,,,,#545cf8,,,,,True
2026-02-10,solana,Index,Total,,43539.2462993312,,,,,,,,,,,,,,25.0,,,,,,,0.0,,,,,,,,,,,,,,,,,,,,,1741.569851973248,,,,,,,,,,,,,,1.0,,,,,,,#545cf8,,,,,,,True
2026-02-10,solana,Index,GMTrade,,,,,,43539.2462993312,,,,,,,,,,,,,,25.0,,,,,,,0.0,,,,,,,,,,,,,,,,,,,,,1741.569851973248,,,,,,,,,,,,,,3,,,,,,,#904ea6,,,True
2026-02-09,solana,Index,__Equity,Equity,,,4547.085233704534,,,,,,,,,,,,,,9.0,,,,,,,0.0,,,,,,,,,,,,,,,,,,,,,505.23169263383716,,,,,,,,,,,,,,1,,,,,,,#545cf8,,,,,True
2026-02-09,solana,Index,Broad Market,,,,,3665.8765521537175,,,,,,,,,,,,,,6.0,,,,,,,0.0,,,,,,,,,,,,,,,,,,,,,610.9794253589529,,,,,,,,,,,,,,1,,,,,,,#545cf8,,,,True
2026-02-09,solana,Index,_SPY,SPY,,3665.8765521537175,,,,,,,,,,,,,,6.0,,,,,,,0.0,,,,,,,,,,,,,,,,,,,,,610.9794253589529,,,,,,,,,,,,,,2,,,,,,,#f79009,,,,,,True
2026-02-09,solana,Index,___GMTrade,GMTrade,,,,,,4547.085233704534,,,,,,,,,,,,,,9.0,,,,,,,0.0,,,,,,,,,,,,,,,,,,,,,505.23169263383716,,,,,,,,,,,,,,3,,,,,,,#904ea6,,True
2026-02-09,solana,Index,Large Cap,,,,,881.2086815508164,,,,,,,,,,,,,,3.0,,,,,,,0.0,,,,,,,,,,,,,,,,,,,,,293.7362271836055,,,,,,,,,,,,,,3,,,,,,,#904ea6,,,,True
2026-02-09,solana,Index,GMTrade,,,,,,4547.085233704534,,,,,,,,,,,,,,9.0,,,,,,,0.0,,,,,,,,,,,,,,,,,,,,,505.23169263383716,,,,,,,,,,,,,,3,,,,,,,#904ea6,,,True
2026-02-09,solana,Index,_QQQ,QQQ,,881.2086815508164,,,,,,,,,,,,,,3.0,,,,,,,0.0,,,,,,,,,,,,,,,,,,,,,293.7362271836055,,,,,,,,,,,,,,4,,,,,,,#63b512,,,,,,True
2026-02-09,solana,Index,Total,,4547.085233704534,,,,,,,,,,,,,,9.0,,,,,,,0.0,,,,,,,,,,,,,,,,,,,,,505.23169263383716,,,,,,,,,,,,,,1.0,,,,,,,#545cf8,,,,,,,True
2026-02-08,solana,Index,_QQQ,QQQ,,,,,,,,,,,,,,,,,,,,,,,,,,,,,,,,,,,,,,,,,,,,,,,,,,,,,,,,,,4,,,,,,,#63b512,,,,,,True
2026-02-08,solana,Index,___GMTrade,GMTrade,,,,,,,,,,,,,,,,,,,,,,,,,,,,,,,,,,,,,,,,,,,,,,,,,,,,,,,,,,,,,,3,,,,,,,#904ea6,,True
2026-02-08,solana,Index,Total,,,,,,,,,,,,,,,,,,,,,,,,,,,,,,,,,,,,,,,,,,,,,,,,,,,,,,,,,,1.0,,,,,,,#545cf8,,,,,,,True
2026-02-08,solana,Index,_SPY,SPY,,,,,,,,,,,,,,,,,,,,,,,,,,,,,,,,,,,,,,,,,,,,,,,,,,,,,,,,,,2,,,,,,,#f79009,,,,,,True
2026-02-08,solana,Index,Broad Market,,,,,,,,,,,,,,,,,,,,,,,,,,,,,,,,,,,,,,,,,,,,,,,,,,,,,,,,,,,,,1,,,,,,,#545cf8,,,,True
2026-02-08,solana,Index,GMTrade,,,,,,,,,,,,,,,,,,,,,,,,,,,,,,,,,,,,,,,,,,,,,,,,,,,,,,,,,,,,,,3,,,,,,,#904ea6,,,True
2026-02-08,solana,Index,__Equity,Equity,,,,,,,,,,,,,,,,,,,,,,,,,,,,,,,,,,,,,,,,,,,,,,,,,,,,,,,,,,,1,,,,,,,#545cf8,,,,,True
2026-02-08,solana,Index,Large Cap,,,,,,,,,,,,,,,,,,,,,,,,,,,,,,,,,,,,,,,,,,,,,,,,,,,,,,,,,,,,,3,,,,,,,#904ea6,,,,True
2026-02-07,solana,Index,Total,,,,,,,,,,,,,,,,,,,,,,,,,,,,,,,,,,,,,,,,,,,,,,,,,,,,,,,,,,1.0,,,,,,,#545cf8,,,,,,,True
2026-02-07,solana,Index,_SPY,SPY,,,,,,,,,,,,,,,,,,,,,,,,,,,,,,,,,,,,,,,,,,,,,,,,,,,,,,,,,,2,,,,,,,#f79009,,,,,,True
2026-02-07,solana,Index,_QQQ,QQQ,,,,,,,,,,,,,,,,,,,,,,,,,,,,,,,,,,,,,,,,,,,,,,,,,,,,,,,,,,4,,,,,,,#63b512,,,,,,True
2026-02-07,solana,Index,__Equity,Equity,,,,,,,,,,,,,,,,,,,,,,,,,,,,,,,,,,,,,,,,,,,,,,,,,,,,,,,,,,,1,,,,,,,#545cf8,,,,,True
2026-02-07,solana,Index,Large Cap,,,,,,,,,,,,,,,,,,,,,,,,,,,,,,,,,,,,,,,,,,,,,,,,,,,,,,,,,,,,,3,,,,,,,#904ea6,,,,True
2026-02-07,solana,Index,Broad Market,,,,,,,,,,,,,,,,,,,,,,,,,,,,,,,,,,,,,,,,,,,,,,,,,,,,,,,,,,,,,1,,,,,,,#545cf8,,,,True
2026-02-07,solana,Index,GMTrade,,,,,,,,,,,,,,,,,,,,,,,,,,,,,,,,,,,,,,,,,,,,,,,,,,,,,,,,,,,,,,3,,,,,,,#904ea6,,,True
2026-02-07,solana,Index,___GMTrade,GMTrade,,,,,,,,,,,,,,,,,,,,,,,,,,,,,,,,,,,,,,,,,,,,,,,,,,,,,,,,,,,,,,3,,,,,,,#904ea6,,True
2026-02-06,solana,Index,Large Cap,,,,,48771.2855706435,,,,,,,,,,,,,,16.0,,,,,,,19994.579379393603,,,,,,,,,,,,,,,,,,,,,3048.2053481652188,,,,,,,,,,,,,,3,,,,,,,#904ea6,,,,True
2026-02-06,solana,Index,Broad Market,,,,,19217.628546411626,,,,,,,,,,,,,,10.0,,,,,,,0.0,,,,,,,,,,,,,,,,,,,,,1921.7628546411627,,,,,,,,,,,,,,1,,,,,,,#545cf8,,,,True
2026-02-06,solana,Index,_SPY,SPY,,19217.628546411626,,,,,,,,,,,,,,10.0,,,,,,,0.0,,,,,,,,,,,,,,,,,,,,,1921.7628546411627,,,,,,,,,,,,,,2,,,,,,,#f79009,,,,,,True
2026-02-06,solana,Index,Total,,67988.91411705513,,,,,,,,,,,,,,26.0,,,,,,,19994.579379393603,,,,,,,,,,,,,,,,,,,,,2614.958235271351,,,,,,,,,,,,,,1.0,,,,,,,#545cf8,,,,,,,True
2026-02-06,solana,Index,__Equity,Equity,,,67988.91411705513,,,,,,,,,,,,,,26.0,,,,,,,19994.579379393603,,,,,,,,,,,,,,,,,,,,,2614.958235271351,,,,,,,,,,,,,,1,,,,,,,#545cf8,,,,,True
2026-02-06,solana,Index,GMTrade,,,,,,67988.91411705513,,,,,,,,,,,,,,26.0,,,,,,,19994.579379393603,,,,,,,,,,,,,,,,,,,,,2614.958235271351,,,,,,,,,,,,,,3,,,,,,,#904ea6,,,True
2026-02-06,solana,Index,_QQQ,QQQ,,48771.2855706435,,,,,,,,,,,,,,16.0,,,,,,,19994.579379393603,,,,,,,,,,,,,,,,,,,,,3048.2053481652188,,,,,,,,,,,,,,4,,,,,,,#63b512,,,,,,True
2026-02-06,solana,Index,___GMTrade,GMTrade,,,,,,67988.91411705513,,,,,,,,,,,,,,26.0,,,,,,,19994.579379393603,,,,,,,,,,,,,,,,,,,,,2614.958235271351,,,,,,,,,,,,,,3,,,,,,,#904ea6,,True
2026-02-05,solana,Index,___GMTrade,GMTrade,,,,,,133553.64683105814,,,,,,,,,,,,,,42.0,,,,,,,0.0,,,,,,,,,,,,,,,,,,,,,3179.848734072813,,,,,,,,,,,,,,3,,,,,,,#904ea6,,True
2026-02-05,solana,Index,GMTrade,,,,,,133553.64683105814,,,,,,,,,,,,,,42.0,,,,,,,0.0,,,,,,,,,,,,,,,,,,,,,3179.848734072813,,,,,,,,,,,,,,3,,,,,,,#904ea6,,,True
2026-02-05,solana,Index,Broad Market,,,,,61073.00876671288,,,,,,,,,,,,,,23.0,,,,,,,0.0,,,,,,,,,,,,,,,,,,,,,2655.348207248386,,,,,,,,,,,,,,1,,,,,,,#545cf8,,,,True
2026-02-05,solana,Index,Large Cap,,,,,72480.63806434526,,,,,,,,,,,,,,19.0,,,,,,,0.0,,,,,,,,,,,,,,,,,,,,,3814.770424439224,,,,,,,,,,,,,,3,,,,,,,#904ea6,,,,True
2026-02-05,solana,Index,_QQQ,QQQ,,72480.63806434526,,,,,,,,,,,,,,19.0,,,,,,,0.0,,,,,,,,,,,,,,,,,,,,,3814.770424439224,,,,,,,,,,,,,,4,,,,,,,#63b512,,,,,,True
2026-02-05,solana,Index,__Equity,Equity,,,133553.64683105814,,,,,,,,,,,,,,42.0,,,,,,,0.0,,,,,,,,,,,,,,,,,,,,,3179.848734072813,,,,,,,,,,,,,,1,,,,,,,#545cf8,,,,,True
2026-02-05,solana,Index,Total,,133553.64683105814,,,,,,,,,,,,,,42.0,,,,,,,0.0,,,,,,,,,,,,,,,,,,,,,3179.848734072813,,,,,,,,,,,,,,1.0,,,,,,,#545cf8,,,,,,,True
2026-02-05,solana,Index,_SPY,SPY,,61073.00876671288,,,,,,,,,,,,,,23.0,,,,,,,0.0,,,,,,,,,,,,,,,,,,,,,2655.348207248386,,,,,,,,,,,,,,2,,,,,,,#f79009,,,,,,True
2026-02-04,solana,Index,Broad Market,,,,,23460.803882348824,,,,,,,,,,,,,,13.0,,,,,,,0.0,,,,,,,,,,,,,,,,,,,,,1804.6772217191403,,,,,,,,,,,,,,1,,,,,,,#545cf8,,,,True
2026-02-04,solana,Index,_SPY,SPY,,23460.803882348824,,,,,,,,,,,,,,13.0,,,,,,,0.0,,,,,,,,,,,,,,,,,,,,,1804.6772217191403,,,,,,,,,,,,,,2,,,,,,,#f79009,,,,,,True
2026-02-04,solana,Index,__Equity,Equity,,,41187.70547156814,,,,,,,,,,,,,,22.0,,,,,,,0.0,,,,,,,,,,,,,,,,,,,,,1872.1684305258243,,,,,,,,,,,,,,1,,,,,,,#545cf8,,,,,True
2026-02-04,solana,Index,_QQQ,QQQ,,17726.901589219313,,,,,,,,,,,,,,9.0,,,,,,,0.0,,,,,,,,,,,,,,,,,,,,,1969.6557321354792,,,,,,,,,,,,,,4,,,,,,,#63b512,,,,,,True
2026-02-04,solana,Index,___GMTrade,GMTrade,,,,,,41187.70547156814,,,,,,,,,,,,,,22.0,,,,,,,0.0,,,,,,,,,,,,,,,,,,,,,1872.1684305258243,,,,,,,,,,,,,,3,,,,,,,#904ea6,,True
2026-02-04,solana,Index,GMTrade,,,,,,41187.70547156814,,,,,,,,,,,,,,22.0,,,,,,,0.0,,,,,,,,,,,,,,,,,,,,,1872.1684305258243,,,,,,,,,,,,,,3,,,,,,,#904ea6,,,True
2026-02-04,solana,Index,Large Cap,,,,,17726.901589219313,,,,,,,,,,,,,,9.0,,,,,,,0.0,,,,,,,,,,,,,,,,,,,,,1969.6557321354792,,,,,,,,,,,,,,3,,,,,,,#904ea6,,,,True
2026-02-04,solana,Index,Total,,41187.70547156814,,,,,,,,,,,,,,22.0,,,,,,,0.0,,,,,,,,,,,,,,,,,,,,,1872.1684305258243,,,,,,,,,,,,,,1.0,,,,,,,#545cf8,,,,,,,True
2026-02-03,solana,Index,GMTrade,,,,,,31228.597358712446,,,,,,,,,,,,,,24.0,,,,,,,0.0,,,,,,,,,,,,,,,,,,,,,1301.1915566130185,,,,,,,,,,,,,,3,,,,,,,#904ea6,,,True
2026-02-03,solana,Index,_SPY,SPY,,17932.29288160647,,,,,,,,,,,,,,12.0,,,,,,,0.0,,,,,,,,,,,,,,,,,,,,,1494.3577401338725,,,,,,,,,,,,,,2,,,,,,,#f79009,,,,,,True
2026-02-03,solana,Index,_QQQ,QQQ,,13296.304477105978,,,,,,,,,,,,,,12.0,,,,,,,0.0,,,,,,,,,,,,,,,,,,,,,1108.0253730921647,,,,,,,,,,,,,,4,,,,,,,#63b512,,,,,,True
2026-02-03,solana,Index,Large Cap,,,,,13296.304477105978,,,,,,,,,,,,,,12.0,,,,,,,0.0,,,,,,,,,,,,,,,,,,,,,1108.0253730921647,,,,,,,,,,,,,,3,,,,,,,#904ea6,,,,True
2026-02-03,solana,Index,Broad Market,,,,,17932.29288160647,,,,,,,,,,,,,,12.0,,,,,,,0.0,,,,,,,,,,,,,,,,,,,,,1494.3577401338725,,,,,,,,,,,,,,1,,,,,,,#545cf8,,,,True
2026-02-03,solana,Index,___GMTrade,GMTrade,,,,,,31228.597358712446,,,,,,,,,,,,,,24.0,,,,,,,0.0,,,,,,,,,,,,,,,,,,,,,1301.1915566130185,,,,,,,,,,,,,,3,,,,,,,#904ea6,,True
2026-02-03,solana,Index,Total,,31228.597358712446,,,,,,,,,,,,,,24.0,,,,,,,0.0,,,,,,,,,,,,,,,,,,,,,1301.1915566130185,,,,,,,,,,,,,,1.0,,,,,,,#545cf8,,,,,,,True
2026-02-03,solana,Index,__Equity,Equity,,,31228.597358712446,,,,,,,,,,,,,,24.0,,,,,,,0.0,,,,,,,,,,,,,,,,,,,,,1301.1915566130185,,,,,,,,,,,,,,1,,,,,,,#545cf8,,,,,True
2026-02-02,solana,Index,Broad Market,,,,,47752.66438554719,,,,,,,,,,,,,,29.0,,,,,,,0.0,,,,,,,,,,,,,,,,,,,,,1646.6435995016272,,,,,,,,,,,,,,1,,,,,,,#545cf8,,,,True
2026-02-02,solana,Index,__Equity,Equity,,,93932.80698667321,,,,,,,,,,,,,,41.0,,,,,,,0.0,,,,,,,,,,,,,,,,,,,,,2291.044072845688,,,,,,,,,,,,,,1,,,,,,,#545cf8,,,,,True
2026-02-02,solana,Index,Total,,93932.80698667321,,,,,,,,,,,,,,41.0,,,,,,,0.0,,,,,,,,,,,,,,,,,,,,,2291.044072845688,,,,,,,,,,,,,,1.0,,,,,,,#545cf8,,,,,,,True
2026-02-02,solana,Index,Large Cap,,,,,46180.14260112603,,,,,,,,,,,,,,12.0,,,,,,,0.0,,,,,,,,,,,,,,,,,,,,,3848.3452167605024,,,,,,,,,,,,,,3,,,,,,,#904ea6,,,,True
2026-02-02,solana,Index,_SPY,SPY,,47752.66438554719,,,,,,,,,,,,,,29.0,,,,,,,0.0,,,,,,,,,,,,,,,,,,,,,1646.6435995016272,,,,,,,,,,,,,,2,,,,,,,#f79009,,,,,,True
2026-02-02,solana,Index,GMTrade,,,,,,93932.80698667321,,,,,,,,,,,,,,41.0,,,,,,,0.0,,,,,,,,,,,,,,,,,,,,,2291.044072845688,,,,,,,,,,,,,,3,,,,,,,#904ea6,,,True
2026-02-02,solana,Index,_QQQ,QQQ,,46180.14260112603,,,,,,,,,,,,,,12.0,,,,,,,0.0,,,,,,,,,,,,,,,,,,,,,3848.3452167605024,,,,,,,,,,,,,,4,,,,,,,#63b512,,,,,,True
2026-02-02,solana,Index,___GMTrade,GMTrade,,,,,,93932.80698667321,,,,,,,,,,,,,,41.0,,,,,,,0.0,,,,,,,,,,,,,,,,,,,,,2291.044072845688,,,,,,,,,,,,,,3,,,,,,,#904ea6,,True
2026-02-01,solana,Index,__Equity,Equity,,,,,,,,,,,,,,,,,,,,,,,,,,,,,,,,,,,,,,,,,,,,,,,,,,,,,,,,,,,1,,,,,,,#545cf8,,,,,True
2026-02-01,solana,Index,GMTrade,,,,,,,,,,,,,,,,,,,,,,,,,,,,,,,,,,,,,,,,,,,,,,,,,,,,,,,,,,,,,,3,,,,,,,#904ea6,,,True
2026-02-01,solana,Index,Large Cap,,,,,,,,,,,,,,,,,,,,,,,,,,,,,,,,,,,,,,,,,,,,,,,,,,,,,,,,,,,,,3,,,,,,,#904ea6,,,,True
2026-02-01,solana,Index,_SPY,SPY,,,,,,,,,,,,,,,,,,,,,,,,,,,,,,,,,,,,,,,,,,,,,,,,,,,,,,,,,,2,,,,,,,#f79009,,,,,,True
2026-02-01,solana,Index,___GMTrade,GMTrade,,,,,,,,,,,,,,,,,,,,,,,,,,,,,,,,,,,,,,,,,,,,,,,,,,,,,,,,,,,,,,3,,,,,,,#904ea6,,True
2026-02-01,solana,Index,_QQQ,QQQ,,,,,,,,,,,,,,,,,,,,,,,,,,,,,,,,,,,,,,,,,,,,,,,,,,,,,,,,,,4,,,,,,,#63b512,,,,,,True
2026-02-01,solana,Index,Total,,,,,,,,,,,,,,,,,,,,,,,,,,,,,,,,,,,,,,,,,,,,,,,,,,,,,,,,,,1.0,,,,,,,#545cf8,,,,,,,True
2026-02-01,solana,Index,Broad Market,,,,,,,,,,,,,,,,,,,,,,,,,,,,,,,,,,,,,,,,,,,,,,,,,,,,,,,,,,,,,1,,,,,,,#545cf8,,,,True
2026-01-31,solana,Index,_QQQ,QQQ,,,,,,,,,,,,,,,,,,,,,,,,,,,,,,,,,,,,,,,,,,,,,,,,,,,,,,,,,,4,,,,,,,#63b512,,,,,,True
2026-01-31,solana,Index,GMTrade,,,,,,,,,,,,,,,,,,,,,,,,,,,,,,,,,,,,,,,,,,,,,,,,,,,,,,,,,,,,,,3,,,,,,,#904ea6,,,True
2026-01-31,solana,Index,Broad Market,,,,,,,,,,,,,,,,,,,,,,,,,,,,,,,,,,,,,,,,,,,,,,,,,,,,,,,,,,,,,1,,,,,,,#545cf8,,,,True
2026-01-31,solana,Index,Large Cap,,,,,,,,,,,,,,,,,,,,,,,,,,,,,,,,,,,,,,,,,,,,,,,,,,,,,,,,,,,,,3,,,,,,,#904ea6,,,,True
2026-01-31,solana,Index,_SPY,SPY,,,,,,,,,,,,,,,,,,,,,,,,,,,,,,,,,,,,,,,,,,,,,,,,,,,,,,,,,,2,,,,,,,#f79009,,,,,,True
2026-01-31,solana,Index,__Equity,Equity,,,,,,,,,,,,,,,,,,,,,,,,,,,,,,,,,,,,,,,,,,,,,,,,,,,,,,,,,,,1,,,,,,,#545cf8,,,,,True
2026-01-31,solana,Index,___GMTrade,GMTrade,,,,,,,,,,,,,,,,,,,,,,,,,,,,,,,,,,,,,,,,,,,,,,,,,,,,,,,,,,,,,,3,,,,,,,#904ea6,,True
2026-01-31,solana,Index,Total,,,,,,,,,,,,,,,,,,,,,,,,,,,,,,,,,,,,,,,,,,,,,,,,,,,,,,,,,,1.0,,,,,,,#545cf8,,,,,,,True
2026-01-30,solana,Index,Total,,32518.187693831453,,,,,,,,,,,,,,25.0,,,,,,,0.0,,,,,,,,,,,,,,,,,,,,,1300.7275077532581,,,,,,,,,,,,,,1.0,,,,,,,#545cf8,,,,,,,True
2026-01-30,solana,Index,Broad Market,,,,,17408.54203473172,,,,,,,,,,,,,,12.0,,,,,,,0.0,,,,,,,,,,,,,,,,,,,,,1450.7118362276433,,,,,,,,,,,,,,1,,,,,,,#545cf8,,,,True
2026-01-30,solana,Index,_QQQ,QQQ,,15109.645659099731,,,,,,,,,,,,,,13.0,,,,,,,0.0,,,,,,,,,,,,,,,,,,,,,1162.280435315364,,,,,,,,,,,,,,4,,,,,,,#63b512,,,,,,True
2026-01-30,solana,Index,___GMTrade,GMTrade,,,,,,32518.187693831453,,,,,,,,,,,,,,25.0,,,,,,,0.0,,,,,,,,,,,,,,,,,,,,,1300.7275077532581,,,,,,,,,,,,,,3,,,,,,,#904ea6,,True
2026-01-30,solana,Index,__Equity,Equity,,,32518.187693831453,,,,,,,,,,,,,,25.0,,,,,,,0.0,,,,,,,,,,,,,,,,,,,,,1300.7275077532581,,,,,,,,,,,,,,1,,,,,,,#545cf8,,,,,True
2026-01-30,solana,Index,GMTrade,,,,,,32518.187693831453,,,,,,,,,,,,,,25.0,,,,,,,0.0,,,,,,,,,,,,,,,,,,,,,1300.7275077532581,,,,,,,,,,,,,,3,,,,,,,#904ea6,,,True
2026-01-30,solana,Index,Large Cap,,,,,15109.645659099731,,,,,,,,,,,,,,13.0,,,,,,,0.0,,,,,,,,,,,,,,,,,,,,,1162.280435315364,,,,,,,,,,,,,,3,,,,,,,#904ea6,,,,True
2026-01-30,solana,Index,_SPY,SPY,,17408.54203473172,,,,,,,,,,,,,,12.0,,,,,,,0.0,,,,,,,,,,,,,,,,,,,,,1450.7118362276433,,,,,,,,,,,,,,2,,,,,,,#f79009,,,,,,True
2026-01-29,solana,Index,_SPY,SPY,,24926.546467285556,,,,,,,,,,,,,,14.0,,,,,,,0.0,,,,,,,,,,,,,,,,,,,,,1780.4676048061112,,,,,,,,,,,,,,2,,,,,,,#f79009,,,,,,True
2026-01-29,solana,Index,Large Cap,,,,,9281.235437262421,,,,,,,,,,,,,,14.0,,,,,,,622.66,,,,,,,,,,,,,,,,,,,,,662.9453883758872,,,,,,,,,,,,,,3,,,,,,,#904ea6,,,,True
2026-01-29,solana,Index,Broad Market,,,,,24926.546467285556,,,,,,,,,,,,,,14.0,,,,,,,0.0,,,,,,,,,,,,,,,,,,,,,1780.4676048061112,,,,,,,,,,,,,,1,,,,,,,#545cf8,,,,True
2026-01-29,solana,Index,_QQQ,QQQ,,9281.235437262421,,,,,,,,,,,,,,14.0,,,,,,,622.66,,,,,,,,,,,,,,,,,,,,,662.9453883758872,,,,,,,,,,,,,,4,,,,,,,#63b512,,,,,,True
2026-01-29,solana,Index,GMTrade,,,,,,34207.78190454798,,,,,,,,,,,,,,28.0,,,,,,,622.66,,,,,,,,,,,,,,,,,,,,,1221.7064965909992,,,,,,,,,,,,,,3,,,,,,,#904ea6,,,True
2026-01-29,solana,Index,___GMTrade,GMTrade,,,,,,34207.78190454798,,,,,,,,,,,,,,28.0,,,,,,,622.66,,,,,,,,,,,,,,,,,,,,,1221.7064965909992,,,,,,,,,,,,,,3,,,,,,,#904ea6,,True
2026-01-29,solana,Index,__Equity,Equity,,,34207.78190454798,,,,,,,,,,,,,,28.0,,,,,,,622.66,,,,,,,,,,,,,,,,,,,,,1221.7064965909992,,,,,,,,,,,,,,1,,,,,,,#545cf8,,,,,True
2026-01-29,solana,Index,Total,,34207.78190454798,,,,,,,,,,,,,,28.0,,,,,,,622.66,,,,,,,,,,,,,,,,,,,,,1221.7064965909992,,,,,,,,,,,,,,1.0,,,,,,,#545cf8,,,,,,,True
2026-01-28,solana,Index,Total,,38469.70748357194,,,,,,,,,,,,,,32.0,,,,,,,0.0,,,,,,,,,,,,,,,,,,,,,1202.178358861623,,,,,,,,,,,,,,1.0,,,,,,,#545cf8,,,,,,,True
2026-01-28,solana,Index,_SPY,SPY,,13887.3285320975,,,,,,,,,,,,,,15.0,,,,,,,0.0,,,,,,,,,,,,,,,,,,,,,925.8219021398332,,,,,,,,,,,,,,2,,,,,,,#f79009,,,,,,True
2026-01-28,solana,Index,__Equity,Equity,,,38469.70748357194,,,,,,,,,,,,,,32.0,,,,,,,0.0,,,,,,,,,,,,,,,,,,,,,1202.178358861623,,,,,,,,,,,,,,1,,,,,,,#545cf8,,,,,True
2026-01-28,solana,Index,Large Cap,,,,,24582.37895147444,,,,,,,,,,,,,,17.0,,,,,,,0.0,,,,,,,,,,,,,,,,,,,,,1446.0222912632023,,,,,,,,,,,,,,3,,,,,,,#904ea6,,,,True
2026-01-28,solana,Index,_QQQ,QQQ,,24582.37895147444,,,,,,,,,,,,,,17.0,,,,,,,0.0,,,,,,,,,,,,,,,,,,,,,1446.0222912632023,,,,,,,,,,,,,,4,,,,,,,#63b512,,,,,,True
2026-01-28,solana,Index,Broad Market,,,,,13887.3285320975,,,,,,,,,,,,,,15.0,,,,,,,0.0,,,,,,,,,,,,,,,,,,,,,925.8219021398332,,,,,,,,,,,,,,1,,,,,,,#545cf8,,,,True
2026-01-28,solana,Index,___GMTrade,GMTrade,,,,,,38469.70748357194,,,,,,,,,,,,,,32.0,,,,,,,0.0,,,,,,,,,,,,,,,,,,,,,1202.178358861623,,,,,,,,,,,,,,3,,,,,,,#904ea6,,True
2026-01-28,solana,Index,GMTrade,,,,,,38469.70748357194,,,,,,,,,,,,,,32.0,,,,,,,0.0,,,,,,,,,,,,,,,,,,,,,1202.178358861623,,,,,,,,,,,,,,3,,,,,,,#904ea6,,,True
2026-01-27,solana,Index,Broad Market,,,,,29637.712261218276,,,,,,,,,,,,,,23.0,,,,,,,0.0,,,,,,,,,,,,,,,,,,,,,1288.59618527036,,,,,,,,,,,,,,1,,,,,,,#545cf8,,,,True
2026-01-27,solana,Index,GMTrade,,,,,,49217.98937044001,,,,,,,,,,,,,,36.0,,,,,,,0.0,,,,,,,,,,,,,,,,,,,,,1367.1663714011113,,,,,,,,,,,,,,3,,,,,,,#904ea6,,,True
2026-01-27,solana,Index,_QQQ,QQQ,,19580.277109221734,,,,,,,,,,,,,,13.0,,,,,,,0.0,,,,,,,,,,,,,,,,,,,,,1506.1751622478257,,,,,,,,,,,,,,4,,,,,,,#63b512,,,,,,True
2026-01-27,solana,Index,Total,,49217.98937044001,,,,,,,,,,,,,,36.0,,,,,,,0.0,,,,,,,,,,,,,,,,,,,,,1367.1663714011113,,,,,,,,,,,,,,1.0,,,,,,,#545cf8,,,,,,,True
2026-01-27,solana,Index,Large Cap,,,,,19580.277109221734,,,,,,,,,,,,,,13.0,,,,,,,0.0,,,,,,,,,,,,,,,,,,,,,1506.1751622478257,,,,,,,,,,,,,,3,,,,,,,#904ea6,,,,True
2026-01-27,solana,Index,__Equity,Equity,,,49217.98937044001,,,,,,,,,,,,,,36.0,,,,,,,0.0,,,,,,,,,,,,,,,,,,,,,1367.1663714011113,,,,,,,,,,,,,,1,,,,,,,#545cf8,,,,,True
2026-01-27,solana,Index,_SPY,SPY,,29637.712261218276,,,,,,,,,,,,,,23.0,,,,,,,0.0,,,,,,,,,,,,,,,,,,,,,1288.59618527036,,,,,,,,,,,,,,2,,,,,,,#f79009,,,,,,True
2026-01-27,solana,Index,___GMTrade,GMTrade,,,,,,49217.98937044001,,,,,,,,,,,,,,36.0,,,,,,,0.0,,,,,,,,,,,,,,,,,,,,,1367.1663714011113,,,,,,,,,,,,,,3,,,,,,,#904ea6,,True
2026-01-26,solana,Index,_SPY,SPY,,70987.67103858611,,,,,,,,,,,,,,48.0,,,,,,,0.0,,,,,,,,,,,,,,,,,,,,,1478.9098133038772,,,,,,,,,,,,,,2,,,,,,,#f79009,,,,,,True
2026-01-26,solana,Index,_QQQ,QQQ,,58953.74138217988,,,,,,,,,,,,,,39.0,,,,,,,0.0,,,,,,,,,,,,,,,,,,,,,1511.6343944148687,,,,,,,,,,,,,,4,,,,,,,#63b512,,,,,,True
2026-01-26,solana,Index,__Equity,Equity,,,129941.41242076599,,,,,,,,,,,,,,87.0,,,,,,,0.0,,,,,,,,,,,,,,,,,,,,,1493.5794531122528,,,,,,,,,,,,,,1,,,,,,,#545cf8,,,,,True
2026-01-26,solana,Index,Large Cap,,,,,58953.74138217988,,,,,,,,,,,,,,39.0,,,,,,,0.0,,,,,,,,,,,,,,,,,,,,,1511.6343944148687,,,,,,,,,,,,,,3,,,,,,,#904ea6,,,,True
2026-01-26,solana,Index,GMTrade,,,,,,129941.41242076599,,,,,,,,,,,,,,87.0,,,,,,,0.0,,,,,,,,,,,,,,,,,,,,,1493.5794531122528,,,,,,,,,,,,,,3,,,,,,,#904ea6,,,True
2026-01-26,solana,Index,Broad Market,,,,,70987.67103858611,,,,,,,,,,,,,,48.0,,,,,,,0.0,,,,,,,,,,,,,,,,,,,,,1478.9098133038772,,,,,,,,,,,,,,1,,,,,,,#545cf8,,,,True
2026-01-26,solana,Index,___GMTrade,GMTrade,,,,,,129941.41242076599,,,,,,,,,,,,,,87.0,,,,,,,0.0,,,,,,,,,,,,,,,,,,,,,1493.5794531122528,,,,,,,,,,,,,,3,,,,,,,#904ea6,,True
2026-01-26,solana,Index,Total,,129941.41242076599,,,,,,,,,,,,,,87.0,,,,,,,0.0,,,,,,,,,,,,,,,,,,,,,1493.5794531122528,,,,,,,,,,,,,,1.0,,,,,,,#545cf8,,,,,,,True
2026-01-25,solana,Index,___GMTrade,GMTrade,,,,,,,,,,,,,,,,,,,,,,,,,,,,,,,,,,,,,,,,,,,,,,,,,,,,,,,,,,,,,,3,,,,,,,#904ea6,,True
2026-01-25,solana,Index,_QQQ,QQQ,,,,,,,,,,,,,,,,,,,,,,,,,,,,,,,,,,,,,,,,,,,,,,,,,,,,,,,,,,4,,,,,,,#63b512,,,,,,True
2026-01-25,solana,Index,__Equity,Equity,,,,,,,,,,,,,,,,,,,,,,,,,,,,,,,,,,,,,,,,,,,,,,,,,,,,,,,,,,,1,,,,,,,#545cf8,,,,,True
2026-01-25,solana,Index,Large Cap,,,,,,,,,,,,,,,,,,,,,,,,,,,,,,,,,,,,,,,,,,,,,,,,,,,,,,,,,,,,,3,,,,,,,#904ea6,,,,True
2026-01-25,solana,Index,GMTrade,,,,,,,,,,,,,,,,,,,,,,,,,,,,,,,,,,,,,,,,,,,,,,,,,,,,,,,,,,,,,,3,,,,,,,#904ea6,,,True
2026-01-25,solana,Index,Total,,,,,,,,,,,,,,,,,,,,,,,,,,,,,,,,,,,,,,,,,,,,,,,,,,,,,,,,,,1.0,,,,,,,#545cf8,,,,,,,True
2026-01-25,solana,Index,_SPY,SPY,,,,,,,,,,,,,,,,,,,,,,,,,,,,,,,,,,,,,,,,,,,,,,,,,,,,,,,,,,2,,,,,,,#f79009,,,,,,True
2026-01-25,solana,Index,Broad Market,,,,,,,,,,,,,,,,,,,,,,,,,,,,,,,,,,,,,,,,,,,,,,,,,,,,,,,,,,,,,1,,,,,,,#545cf8,,,,True
2026-01-24,solana,Index,Total,,,,,,,,,,,,,,,,,,,,,,,,,,,,,,,,,,,,,,,,,,,,,,,,,,,,,,,,,,1.0,,,,,,,#545cf8,,,,,,,True
2026-01-24,solana,Index,___GMTrade,GMTrade,,,,,,,,,,,,,,,,,,,,,,,,,,,,,,,,,,,,,,,,,,,,,,,,,,,,,,,,,,,,,,3,,,,,,,#904ea6,,True
2026-01-24,solana,Index,Broad Market,,,,,,,,,,,,,,,,,,,,,,,,,,,,,,,,,,,,,,,,,,,,,,,,,,,,,,,,,,,,,1,,,,,,,#545cf8,,,,True
2026-01-24,solana,Index,GMTrade,,,,,,,,,,,,,,,,,,,,,,,,,,,,,,,,,,,,,,,,,,,,,,,,,,,,,,,,,,,,,,3,,,,,,,#904ea6,,,True
2026-01-24,solana,Index,Large Cap,,,,,,,,,,,,,,,,,,,,,,,,,,,,,,,,,,,,,,,,,,,,,,,,,,,,,,,,,,,,,3,,,,,,,#904ea6,,,,True
2026-01-24,solana,Index,__Equity,Equity,,,,,,,,,,,,,,,,,,,,,,,,,,,,,,,,,,,,,,,,,,,,,,,,,,,,,,,,,,,1,,,,,,,#545cf8,,,,,True
2026-01-24,solana,Index,_QQQ,QQQ,,,,,,,,,,,,,,,,,,,,,,,,,,,,,,,,,,,,,,,,,,,,,,,,,,,,,,,,,,4,,,,,,,#63b512,,,,,,True
2026-01-24,solana,Index,_SPY,SPY,,,,,,,,,,,,,,,,,,,,,,,,,,,,,,,,,,,,,,,,,,,,,,,,,,,,,,,,,,2,,,,,,,#f79009,,,,,,True
2026-01-23,solana,Index,Total,,23698.567138024468,,,,,,,,,,,,,,40.0,,,,,,,0.0,,,,,,,,,,,,,,,,,,,,,592.4641784506117,,,,,,,,,,,,,,1.0,,,,,,,#545cf8,,,,,,,True
2026-01-23,solana,Index,GMTrade,,,,,,23698.567138024468,,,,,,,,,,,,,,40.0,,,,,,,0.0,,,,,,,,,,,,,,,,,,,,,592.4641784506117,,,,,,,,,,,,,,3,,,,,,,#904ea6,,,True
2026-01-23,solana,Index,_SPY,SPY,,13893.878888302705,,,,,,,,,,,,,,23.0,,,,,,,0.0,,,,,,,,,,,,,,,,,,,,,604.0816907957698,,,,,,,,,,,,,,2,,,,,,,#f79009,,,,,,True
2026-01-23,solana,Index,Large Cap,,,,,9804.688249721765,,,,,,,,,,,,,,17.0,,,,,,,0.0,,,,,,,,,,,,,,,,,,,,,576.746367630692,,,,,,,,,,,,,,3,,,,,,,#904ea6,,,,True
2026-01-23,solana,Index,__Equity,Equity,,,23698.567138024468,,,,,,,,,,,,,,40.0,,,,,,,0.0,,,,,,,,,,,,,,,,,,,,,592.4641784506117,,,,,,,,,,,,,,1,,,,,,,#545cf8,,,,,True
2026-01-23,solana,Index,_QQQ,QQQ,,9804.688249721765,,,,,,,,,,,,,,17.0,,,,,,,0.0,,,,,,,,,,,,,,,,,,,,,576.746367630692,,,,,,,,,,,,,,4,,,,,,,#63b512,,,,,,True
2026-01-23,solana,Index,Broad Market,,,,,13893.878888302705,,,,,,,,,,,,,,23.0,,,,,,,0.0,,,,,,,,,,,,,,,,,,,,,604.0816907957698,,,,,,,,,,,,,,1,,,,,,,#545cf8,,,,True
2026-01-23,solana,Index,___GMTrade,GMTrade,,,,,,23698.567138024468,,,,,,,,,,,,,,40.0,,,,,,,0.0,,,,,,,,,,,,,,,,,,,,,592.4641784506117,,,,,,,,,,,,,,3,,,,,,,#904ea6,,True
2026-01-22,solana,Index,Broad Market,,,,,5846.307743688112,,,,,,,,,,,,,,13.0,,,,,,,0.0,,,,,,,,,,,,,,,,,,,,,449.71598028370096,,,,,,,,,,,,,,1,,,,,,,#545cf8,,,,True
2026-01-22,solana,Index,_SPY,SPY,,5846.307743688112,,,,,,,,,,,,,,13.0,,,,,,,0.0,,,,,,,,,,,,,,,,,,,,,449.71598028370096,,,,,,,,,,,,,,2,,,,,,,#f79009,,,,,,True
2026-01-22,solana,Index,GMTrade,,,,,,10001.63578996938,,,,,,,,,,,,,,20.0,,,,,,,0.0,,,,,,,,,,,,,,,,,,,,,500.081789498469,,,,,,,,,,,,,,3,,,,,,,#904ea6,,,True
2026-01-22,solana,Index,Total,,10001.63578996938,,,,,,,,,,,,,,20.0,,,,,,,0.0,,,,,,,,,,,,,,,,,,,,,500.081789498469,,,,,,,,,,,,,,1.0,,,,,,,#545cf8,,,,,,,True
2026-01-22,solana,Index,___GMTrade,GMTrade,,,,,,10001.63578996938,,,,,,,,,,,,,,20.0,,,,,,,0.0,,,,,,,,,,,,,,,,,,,,,500.081789498469,,,,,,,,,,,,,,3,,,,,,,#904ea6,,True
2026-01-22,solana,Index,__Equity,Equity,,,10001.63578996938,,,,,,,,,,,,,,20.0,,,,,,,0.0,,,,,,,,,,,,,,,,,,,,,500.081789498469,,,,,,,,,,,,,,1,,,,,,,#545cf8,,,,,True
2026-01-22,solana,Index,Large Cap,,,,,4155.328046281266,,,,,,,,,,,,,,7.0,,,,,,,0.0,,,,,,,,,,,,,,,,,,,,,593.6182923258951,,,,,,,,,,,,,,3,,,,,,,#904ea6,,,,True
2026-01-22,solana,Index,_QQQ,QQQ,,4155.328046281266,,,,,,,,,,,,,,7.0,,,,,,,0.0,,,,,,,,,,,,,,,,,,,,,593.6182923258951,,,,,,,,,,,,,,4,,,,,,,#63b512,,,,,,True
2026-01-21,solana,Index,Large Cap,,,,,0.099971,,,,,,,,,,,,,,1.0,,,,,,,0.0,,,,,,,,,,,,,,,,,,,,,0.099971,,,,,,,,,,,,,,3,,,,,,,#904ea6,,,,True
2026-01-21,solana,Index,Broad Market,,,,,151.69457077727878,,,,,,,,,,,,,,4.0,,,,,,,0.0,,,,,,,,,,,,,,,,,,,,,37.923642694319696,,,,,,,,,,,,,,1,,,,,,,#545cf8,,,,True
2026-01-21,solana,Index,_QQQ,QQQ,,0.099971,,,,,,,,,,,,,,1.0,,,,,,,0.0,,,,,,,,,,,,,,,,,,,,,0.099971,,,,,,,,,,,,,,4,,,,,,,#63b512,,,,,,True
2026-01-21,solana,Index,GMTrade,,,,,,151.7945417772788,,,,,,,,,,,,,,5.0,,,,,,,0.0,,,,,,,,,,,,,,,,,,,,,30.35890835545576,,,,,,,,,,,,,,3,,,,,,,#904ea6,,,True
2026-01-21,solana,Index,__Equity,Equity,,,151.7945417772788,,,,,,,,,,,,,,5.0,,,,,,,0.0,,,,,,,,,,,,,,,,,,,,,30.35890835545576,,,,,,,,,,,,,,1,,,,,,,#545cf8,,,,,True
2026-01-21,solana,Index,___GMTrade,GMTrade,,,,,,151.7945417772788,,,,,,,,,,,,,,5.0,,,,,,,0.0,,,,,,,,,,,,,,,,,,,,,30.35890835545576,,,,,,,,,,,,,,3,,,,,,,#904ea6,,True
2026-01-21,solana,Index,Total,,151.7945417772788,,,,,,,,,,,,,,5.0,,,,,,,0.0,,,,,,,,,,,,,,,,,,,,,30.35890835545576,,,,,,,,,,,,,,1.0,,,,,,,#545cf8,,,,,,,True
2026-01-21,solana,Index,_SPY,SPY,,151.69457077727878,,,,,,,,,,,,,,4.0,,,,,,,0.0,,,,,,,,,,,,,,,,,,,,,37.923642694319696,,,,,,,,,,,,,,2,,,,,,,#f79009,,,,,,True
2026-01-20,solana,Index,Broad Market,,,,,230.7579333584008,,,,,,,,,,,,,,5.0,,,,,,,0.0,,,,,,,,,,,,,,,,,,,,,46.151586671680164,,,,,,,,,,,,,,1,,,,,,,#545cf8,,,,True
2026-01-20,solana,Index,Large Cap,,,,,0.09996,,,,,,,,,,,,,,1.0,,,,,,,0.0,,,,,,,,,,,,,,,,,,,,,0.09996,,,,,,,,,,,,,,3,,,,,,,#904ea6,,,,True
2026-01-20,solana,Index,__Equity,Equity,,,230.85789335840082,,,,,,,,,,,,,,6.0,,,,,,,0.0,,,,,,,,,,,,,,,,,,,,,38.47631555973347,,,,,,,,,,,,,,1,,,,,,,#545cf8,,,,,True
2026-01-20,solana,Index,_QQQ,QQQ,,0.09996,,,,,,,,,,,,,,1.0,,,,,,,0.0,,,,,,,,,,,,,,,,,,,,,0.09996,,,,,,,,,,,,,,4,,,,,,,#63b512,,,,,,True
2026-01-20,solana,Index,_SPY,SPY,,230.7579333584008,,,,,,,,,,,,,,5.0,,,,,,,0.0,,,,,,,,,,,,,,,,,,,,,46.151586671680164,,,,,,,,,,,,,,2,,,,,,,#f79009,,,,,,True
2026-01-20,solana,Index,GMTrade,,,,,,230.85789335840082,,,,,,,,,,,,,,6.0,,,,,,,0.0,,,,,,,,,,,,,,,,,,,,,38.47631555973347,,,,,,,,,,,,,,3,,,,,,,#904ea6,,,True
2026-01-20,solana,Index,___GMTrade,GMTrade,,,,,,230.85789335840082,,,,,,,,,,,,,,6.0,,,,,,,0.0,,,,,,,,,,,,,,,,,,,,,38.47631555973347,,,,,,,,,,,,,,3,,,,,,,#904ea6,,True
2026-01-20,solana,Index,Total,,230.85789335840082,,,,,,,,,,,,,,6.0,,,,,,,0.0,,,,,,,,,,,,,,,,,,,,,38.47631555973347,,,,,,,,,,,,,,1.0,,,,,,,#545cf8,,,,,,,True
2026-01-19,solana,Index,Total,,,,,,,,,,,,,,,,,,,,,,,,,,,,,,,,,,,,,,,,,,,,,,,,,,,,,,,,,,1.0,,,,,,,#545cf8,,,,,,,True
2026-01-19,solana,Index,___GMTrade,GMTrade,,,,,,,,,,,,,,,,,,,,,,,,,,,,,,,,,,,,,,,,,,,,,,,,,,,,,,,,,,,,,,3,,,,,,,#904ea6,,True
2026-01-19,solana,Index,Large Cap,,,,,,,,,,,,,,,,,,,,,,,,,,,,,,,,,,,,,,,,,,,,,,,,,,,,,,,,,,,,,3,,,,,,,#904ea6,,,,True
2026-01-19,solana,Index,GMTrade,,,,,,,,,,,,,,,,,,,,,,,,,,,,,,,,,,,,,,,,,,,,,,,,,,,,,,,,,,,,,,3,,,,,,,#904ea6,,,True
2026-01-19,solana,Index,__Equity,Equity,,,,,,,,,,,,,,,,,,,,,,,,,,,,,,,,,,,,,,,,,,,,,,,,,,,,,,,,,,,1,,,,,,,#545cf8,,,,,True
2026-01-19,solana,Index,_QQQ,QQQ,,,,,,,,,,,,,,,,,,,,,,,,,,,,,,,,,,,,,,,,,,,,,,,,,,,,,,,,,,4,,,,,,,#63b512,,,,,,True
2026-01-19,solana,Index,_SPY,SPY,,,,,,,,,,,,,,,,,,,,,,,,,,,,,,,,,,,,,,,,,,,,,,,,,,,,,,,,,,2,,,,,,,#f79009,,,,,,True
2026-01-19,solana,Index,Broad Market,,,,,,,,,,,,,,,,,,,,,,,,,,,,,,,,,,,,,,,,,,,,,,,,,,,,,,,,,,,,,1,,,,,,,#545cf8,,,,True
2026-01-18,solana,Index,Large Cap,,,,,,,,,,,,,,,,,,,,,,,,,,,,,,,,,,,,,,,,,,,,,,,,,,,,,,,,,,,,,3,,,,,,,#904ea6,,,,True
2026-01-18,solana,Index,Total,,,,,,,,,,,,,,,,,,,,,,,,,,,,,,,,,,,,,,,,,,,,,,,,,,,,,,,,,,1.0,,,,,,,#545cf8,,,,,,,True
2026-01-18,solana,Index,GMTrade,,,,,,,,,,,,,,,,,,,,,,,,,,,,,,,,,,,,,,,,,,,,,,,,,,,,,,,,,,,,,,3,,,,,,,#904ea6,,,True
2026-01-18,solana,Index,__Equity,Equity,,,,,,,,,,,,,,,,,,,,,,,,,,,,,,,,,,,,,,,,,,,,,,,,,,,,,,,,,,,1,,,,,,,#545cf8,,,,,True
2026-01-18,solana,Index,_SPY,SPY,,,,,,,,,,,,,,,,,,,,,,,,,,,,,,,,,,,,,,,,,,,,,,,,,,,,,,,,,,2,,,,,,,#f79009,,,,,,True
2026-01-18,solana,Index,Broad Market,,,,,,,,,,,,,,,,,,,,,,,,,,,,,,,,,,,,,,,,,,,,,,,,,,,,,,,,,,,,,1,,,,,,,#545cf8,,,,True
2026-01-18,solana,Index,_QQQ,QQQ,,,,,,,,,,,,,,,,,,,,,,,,,,,,,,,,,,,,,,,,,,,,,,,,,,,,,,,,,,4,,,,,,,#63b512,,,,,,True
2026-01-18,solana,Index,___GMTrade,GMTrade,,,,,,,,,,,,,,,,,,,,,,,,,,,,,,,,,,,,,,,,,,,,,,,,,,,,,,,,,,,,,,3,,,,,,,#904ea6,,True
2026-01-17,solana,Index,__Equity,Equity,,,0.0,,,,,,,,,,,,,,1.0,,,,,,,0.0,,,,,,,,,,,,,,,,,,,,,0.0,,,,,,,,,,,,,,1,,,,,,,#545cf8,,,,,True
2026-01-17,solana,Index,Large Cap,,,,,0.0,,,,,,,,,,,,,,1.0,,,,,,,0.0,,,,,,,,,,,,,,,,,,,,,0.0,,,,,,,,,,,,,,3,,,,,,,#904ea6,,,,True
2026-01-17,solana,Index,Broad Market,,,,,,,,,,,,,,,,,,,,,,,,,,,,,,,,,,,,,,,,,,,,,,,,,,,,,,,,,,,,,1,,,,,,,#545cf8,,,,True
2026-01-17,solana,Index,_QQQ,QQQ,,0.0,,,,,,,,,,,,,,1.0,,,,,,,0.0,,,,,,,,,,,,,,,,,,,,,0.0,,,,,,,,,,,,,,4,,,,,,,#63b512,,,,,,True
2026-01-17,solana,Index,___GMTrade,GMTrade,,,,,,0.0,,,,,,,,,,,,,,1.0,,,,,,,0.0,,,,,,,,,,,,,,,,,,,,,0.0,,,,,,,,,,,,,,3,,,,,,,#904ea6,,True
2026-01-17,solana,Index,GMTrade,,,,,,0.0,,,,,,,,,,,,,,1.0,,,,,,,0.0,,,,,,,,,,,,,,,,,,,,,0.0,,,,,,,,,,,,,,3,,,,,,,#904ea6,,,True
2026-01-17,solana,Index,Total,,0.0,,,,,,,,,,,,,,1.0,,,,,,,0.0,,,,,,,,,,,,,,,,,,,,,0.0,,,,,,,,,,,,,,1.0,,,,,,,#545cf8,,,,,,,True
2026-01-17,solana,Index,_SPY,SPY,,,,,,,,,,,,,,,,,,,,,,,,,,,,,,,,,,,,,,,,,,,,,,,,,,,,,,,,,,2,,,,,,,#f79009,,,,,,True
2026-01-16,solana,Index,___GMTrade,GMTrade,,,,,,0.599816,,,,,,,,,,,,,,6.0,,,,,,,0.0,,,,,,,,,,,,,,,,,,,,,0.09996933333333334,,,,,,,,,,,,,,3,,,,,,,#904ea6,,True
2026-01-16,solana,Index,_QQQ,QQQ,,0.199939,,,,,,,,,,,,,,2.0,,,,,,,0.0,,,,,,,,,,,,,,,,,,,,,0.0999695,,,,,,,,,,,,,,4,,,,,,,#63b512,,,,,,True
2026-01-16,solana,Index,Broad Market,,,,,0.399877,,,,,,,,,,,,,,4.0,,,,,,,0.0,,,,,,,,,,,,,,,,,,,,,0.09996925,,,,,,,,,,,,,,1,,,,,,,#545cf8,,,,True
2026-01-16,solana,Index,_SPY,SPY,,0.399877,,,,,,,,,,,,,,4.0,,,,,,,0.0,,,,,,,,,,,,,,,,,,,,,0.09996925,,,,,,,,,,,,,,2,,,,,,,#f79009,,,,,,True
2026-01-16,solana,Index,Large Cap,,,,,0.199939,,,,,,,,,,,,,,2.0,,,,,,,0.0,,,,,,,,,,,,,,,,,,,,,0.0999695,,,,,,,,,,,,,,3,,,,,,,#904ea6,,,,True
2026-01-16,solana,Index,GMTrade,,,,,,0.599816,,,,,,,,,,,,,,6.0,,,,,,,0.0,,,,,,,,,,,,,,,,,,,,,0.09996933333333334,,,,,,,,,,,,,,3,,,,,,,#904ea6,,,True
2026-01-16,solana,Index,Total,,0.599816,,,,,,,,,,,,,,6.0,,,,,,,0.0,,,,,,,,,,,,,,,,,,,,,0.09996933333333334,,,,,,,,,,,,,,1.0,,,,,,,#545cf8,,,,,,,True
2026-01-16,solana,Index,__Equity,Equity,,,0.599816,,,,,,,,,,,,,,6.0,,,,,,,0.0,,,,,,,,,,,,,,,,,,,,,0.09996933333333334,,,,,,,,,,,,,,1,,,,,,,#545cf8,,,,,True
2026-01-15,solana,Index,Broad Market,,,,,0.199921,,,,,,,,,,,,,,2.0,,,,,,,0.0,,,,,,,,,,,,,,,,,,,,,0.0999605,,,,,,,,,,,,,,1,,,,,,,#545cf8,,,,True
2026-01-15,solana,Index,___GMTrade,GMTrade,,,,,,0.2998822,,,,,,,,,,,,,,3.0,,,,,,,0.0,,,,,,,,,,,,,,,,,,,,,0.09996073333333333,,,,,,,,,,,,,,3,,,,,,,#904ea6,,True
2026-01-15,solana,Index,_QQQ,QQQ,,0.0999612,,,,,,,,,,,,,,1.0,,,,,,,0.0,,,,,,,,,,,,,,,,,,,,,0.0999612,,,,,,,,,,,,,,4,,,,,,,#63b512,,,,,,True
2026-01-15,solana,Index,_SPY,SPY,,0.199921,,,,,,,,,,,,,,2.0,,,,,,,0.0,,,,,,,,,,,,,,,,,,,,,0.0999605,,,,,,,,,,,,,,2,,,,,,,#f79009,,,,,,True
2026-01-15,solana,Index,Total,,0.2998822,,,,,,,,,,,,,,3.0,,,,,,,0.0,,,,,,,,,,,,,,,,,,,,,0.09996073333333333,,,,,,,,,,,,,,1.0,,,,,,,#545cf8,,,,,,,True
2026-01-15,solana,Index,GMTrade,,,,,,0.2998822,,,,,,,,,,,,,,3.0,,,,,,,0.0,,,,,,,,,,,,,,,,,,,,,0.09996073333333333,,,,,,,,,,,,,,3,,,,,,,#904ea6,,,True
2026-01-15,solana,Index,Large Cap,,,,,0.0999612,,,,,,,,,,,,,,1.0,,,,,,,0.0,,,,,,,,,,,,,,,,,,,,,0.0999612,,,,,,,,,,,,,,3,,,,,,,#904ea6,,,,True
2026-01-15,solana,Index,__Equity,Equity,,,0.2998822,,,,,,,,,,,,,,3.0,,,,,,,0.0,,,,,,,,,,,,,,,,,,,,,0.09996073333333333,,,,,,,,,,,,,,1,,,,,,,#545cf8,,,,,True
2026-01-14,solana,Index,Broad Market,,,,,0.199926,,,,,,,,,,,,,,2.0,,,,,,,0.0,,,,,,,,,,,,,,,,,,,,,0.099963,,,,,,,,,,,,,,1,,,,,,,#545cf8,,,,True
2026-01-14,solana,Index,Total,,0.2998886,,,,,,,,,,,,,,3.0,,,,,,,0.0,,,,,,,,,,,,,,,,,,,,,0.09996286666666666,,,,,,,,,,,,,,1.0,,,,,,,#545cf8,,,,,,,True
2026-01-14,solana,Index,__Equity,Equity,,,0.2998886,,,,,,,,,,,,,,3.0,,,,,,,0.0,,,,,,,,,,,,,,,,,,,,,0.09996286666666666,,,,,,,,,,,,,,1,,,,,,,#545cf8,,,,,True
2026-01-14,solana,Index,Large Cap,,,,,0.0999626,,,,,,,,,,,,,,1.0,,,,,,,0.0,,,,,,,,,,,,,,,,,,,,,0.0999626,,,,,,,,,,,,,,3,,,,,,,#904ea6,,,,True
2026-01-14,solana,Index,_QQQ,QQQ,,0.0999626,,,,,,,,,,,,,,1.0,,,,,,,0.0,,,,,,,,,,,,,,,,,,,,,0.0999626,,,,,,,,,,,,,,4,,,,,,,#63b512,,,,,,True
2026-01-14,solana,Index,_SPY,SPY,,0.199926,,,,,,,,,,,,,,2.0,,,,,,,0.0,,,,,,,,,,,,,,,,,,,,,0.099963,,,,,,,,,,,,,,2,,,,,,,#f79009,,,,,,True
2026-01-14,solana,Index,GMTrade,,,,,,0.2998886,,,,,,,,,,,,,,3.0,,,,,,,0.0,,,,,,,,,,,,,,,,,,,,,0.09996286666666666,,,,,,,,,,,,,,3,,,,,,,#904ea6,,,True
2026-01-14,solana,Index,___GMTrade,GMTrade,,,,,,0.2998886,,,,,,,,,,,,,,3.0,,,,,,,0.0,,,,,,,,,,,,,,,,,,,,,0.09996286666666666,,,,,,,,,,,,,,3,,,,,,,#904ea6,,True
2026-01-13,solana,Index,Large Cap,,,,,4.0986883999999995,,,,,,,,,,,,,,2.0,,,,,,,0.0,,,,,,,,,,,,,,,,,,,,,2.0493441999999997,,,,,,,,,,,,,,3,,,,,,,#904ea6,,,,True
2026-01-13,solana,Index,_SPY,SPY,,0.199948,,,,,,,,,,,,,,2.0,,,,,,,0.0,,,,,,,,,,,,,,,,,,,,,0.099974,,,,,,,,,,,,,,2,,,,,,,#f79009,,,,,,True
2026-01-13,solana,Index,__Equity,Equity,,,4.2986363999999995,,,,,,,,,,,,,,4.0,,,,,,,0.0,,,,,,,,,,,,,,,,,,,,,1.0746590999999999,,,,,,,,,,,,,,1,,,,,,,#545cf8,,,,,True
2026-01-13,solana,Index,___GMTrade,GMTrade,,,,,,4.2986363999999995,,,,,,,,,,,,,,4.0,,,,,,,0.0,,,,,,,,,,,,,,,,,,,,,1.0746590999999999,,,,,,,,,,,,,,3,,,,,,,#904ea6,,True
2026-01-13,solana,Index,_QQQ,QQQ,,4.0986883999999995,,,,,,,,,,,,,,2.0,,,,,,,0.0,,,,,,,,,,,,,,,,,,,,,2.0493441999999997,,,,,,,,,,,,,,4,,,,,,,#63b512,,,,,,True
2026-01-13,solana,Index,Total,,4.2986363999999995,,,,,,,,,,,,,,4.0,,,,,,,0.0,,,,,,,,,,,,,,,,,,,,,1.0746590999999999,,,,,,,,,,,,,,1.0,,,,,,,#545cf8,,,,,,,True
2026-01-13,solana,Index,Broad Market,,,,,0.199948,,,,,,,,,,,,,,2.0,,,,,,,0.0,,,,,,,,,,,,,,,,,,,,,0.099974,,,,,,,,,,,,,,1,,,,,,,#545cf8,,,,True
2026-01-13,solana,Index,GMTrade,,,,,,4.2986363999999995,,,,,,,,,,,,,,4.0,,,,,,,0.0,,,,,,,,,,,,,,,,,,,,,1.0746590999999999,,,,,,,,,,,,,,3,,,,,,,#904ea6,,,True
2026-01-12,solana,Index,_QQQ,QQQ,,0.0999721,,,,,,,,,,,,,,1.0,,,,,,,0.0,,,,,,,,,,,,,,,,,,,,,0.0999721,,,,,,,,,,,,,,4,,,,,,,#63b512,,,,,,True
2026-01-12,solana,Index,_SPY,SPY,,0.199942,,,,,,,,,,,,,,2.0,,,,,,,0.0,,,,,,,,,,,,,,,,,,,,,0.099971,,,,,,,,,,,,,,2,,,,,,,#f79009,,,,,,True
2026-01-12,solana,Index,GMTrade,,,,,,0.2999141,,,,,,,,,,,,,,3.0,,,,,,,0.0,,,,,,,,,,,,,,,,,,,,,0.09997136666666667,,,,,,,,,,,,,,3,,,,,,,#904ea6,,,True
2026-01-12,solana,Index,Total,,0.2999141,,,,,,,,,,,,,,3.0,,,,,,,0.0,,,,,,,,,,,,,,,,,,,,,0.09997136666666667,,,,,,,,,,,,,,1.0,,,,,,,#545cf8,,,,,,,True
2026-01-12,solana,Index,Broad Market,,,,,0.199942,,,,,,,,,,,,,,2.0,,,,,,,0.0,,,,,,,,,,,,,,,,,,,,,0.099971,,,,,,,,,,,,,,1,,,,,,,#545cf8,,,,True
2026-01-12,solana,Index,___GMTrade,GMTrade,,,,,,0.2999141,,,,,,,,,,,,,,3.0,,,,,,,0.0,,,,,,,,,,,,,,,,,,,,,0.09997136666666667,,,,,,,,,,,,,,3,,,,,,,#904ea6,,True
2026-01-12,solana,Index,Large Cap,,,,,0.0999721,,,,,,,,,,,,,,1.0,,,,,,,0.0,,,,,,,,,,,,,,,,,,,,,0.0999721,,,,,,,,,,,,,,3,,,,,,,#904ea6,,,,True
2026-01-12,solana,Index,__Equity,Equity,,,0.2999141,,,,,,,,,,,,,,3.0,,,,,,,0.0,,,,,,,,,,,,,,,,,,,,,0.09997136666666667,,,,,,,,,,,,,,1,,,,,,,#545cf8,,,,,True
2026-01-11,solana,Index,Broad Market,,,,,,,,,,,,,,,,,,,,,,,,,,,,,,,,,,,,,,,,,,,,,,,,,,,,,,,,,,,,,1,,,,,,,#545cf8,,,,True
2026-01-11,solana,Index,GMTrade,,,,,,,,,,,,,,,,,,,,,,,,,,,,,,,,,,,,,,,,,,,,,,,,,,,,,,,,,,,,,,3,,,,,,,#904ea6,,,True
2026-01-11,solana,Index,__Equity,Equity,,,,,,,,,,,,,,,,,,,,,,,,,,,,,,,,,,,,,,,,,,,,,,,,,,,,,,,,,,,1,,,,,,,#545cf8,,,,,True
2026-01-11,solana,Index,_SPY,SPY,,,,,,,,,,,,,,,,,,,,,,,,,,,,,,,,,,,,,,,,,,,,,,,,,,,,,,,,,,2,,,,,,,#f79009,,,,,,True
2026-01-11,solana,Index,Total,,,,,,,,,,,,,,,,,,,,,,,,,,,,,,,,,,,,,,,,,,,,,,,,,,,,,,,,,,1.0,,,,,,,#545cf8,,,,,,,True
2026-01-11,solana,Index,___GMTrade,GMTrade,,,,,,,,,,,,,,,,,,,,,,,,,,,,,,,,,,,,,,,,,,,,,,,,,,,,,,,,,,,,,,3,,,,,,,#904ea6,,True
2026-01-11,solana,Index,Large Cap,,,,,,,,,,,,,,,,,,,,,,,,,,,,,,,,,,,,,,,,,,,,,,,,,,,,,,,,,,,,,3,,,,,,,#904ea6,,,,True
2026-01-11,solana,Index,_QQQ,QQQ,,,,,,,,,,,,,,,,,,,,,,,,,,,,,,,,,,,,,,,,,,,,,,,,,,,,,,,,,,4,,,,,,,#63b512,,,,,,True
2026-01-10,solana,Index,_QQQ,QQQ,,,,,,,,,,,,,,,,,,,,,,,,,,,,,,,,,,,,,,,,,,,,,,,,,,,,,,,,,,4,,,,,,,#63b512,,,,,,True
2026-01-10,solana,Index,_SPY,SPY,,,,,,,,,,,,,,,,,,,,,,,,,,,,,,,,,,,,,,,,,,,,,,,,,,,,,,,,,,2,,,,,,,#f79009,,,,,,True
2026-01-10,solana,Index,Large Cap,,,,,,,,,,,,,,,,,,,,,,,,,,,,,,,,,,,,,,,,,,,,,,,,,,,,,,,,,,,,,3,,,,,,,#904ea6,,,,True
2026-01-10,solana,Index,Broad Market,,,,,,,,,,,,,,,,,,,,,,,,,,,,,,,,,,,,,,,,,,,,,,,,,,,,,,,,,,,,,1,,,,,,,#545cf8,,,,True
2026-01-10,solana,Index,___GMTrade,GMTrade,,,,,,,,,,,,,,,,,,,,,,,,,,,,,,,,,,,,,,,,,,,,,,,,,,,,,,,,,,,,,,3,,,,,,,#904ea6,,True
2026-01-10,solana,Index,__Equity,Equity,,,,,,,,,,,,,,,,,,,,,,,,,,,,,,,,,,,,,,,,,,,,,,,,,,,,,,,,,,,1,,,,,,,#545cf8,,,,,True
2026-01-10,solana,Index,GMTrade,,,,,,,,,,,,,,,,,,,,,,,,,,,,,,,,,,,,,,,,,,,,,,,,,,,,,,,,,,,,,,3,,,,,,,#904ea6,,,True
2026-01-10,solana,Index,Total,,,,,,,,,,,,,,,,,,,,,,,,,,,,,,,,,,,,,,,,,,,,,,,,,,,,,,,,,,1.0,,,,,,,#545cf8,,,,,,,True
2026-01-09,solana,Index,Total,,0.2998984,,,,,,,,,,,,,,3.0,,,,,,,0.0,,,,,,,,,,,,,,,,,,,,,0.09996613333333333,,,,,,,,,,,,,,1.0,,,,,,,#545cf8,,,,,,,True
2026-01-09,solana,Index,GMTrade,,,,,,0.2998984,,,,,,,,,,,,,,3.0,,,,,,,0.0,,,,,,,,,,,,,,,,,,,,,0.09996613333333333,,,,,,,,,,,,,,3,,,,,,,#904ea6,,,True
2026-01-09,solana,Index,Large Cap,,,,,0.0999685,,,,,,,,,,,,,,1.0,,,,,,,0.0,,,,,,,,,,,,,,,,,,,,,0.0999685,,,,,,,,,,,,,,3,,,,,,,#904ea6,,,,True
2026-01-09,solana,Index,___GMTrade,GMTrade,,,,,,0.2998984,,,,,,,,,,,,,,3.0,,,,,,,0.0,,,,,,,,,,,,,,,,,,,,,0.09996613333333333,,,,,,,,,,,,,,3,,,,,,,#904ea6,,True
2026-01-09,solana,Index,__Equity,Equity,,,0.2998984,,,,,,,,,,,,,,3.0,,,,,,,0.0,,,,,,,,,,,,,,,,,,,,,0.09996613333333333,,,,,,,,,,,,,,1,,,,,,,#545cf8,,,,,True
2026-01-09,solana,Index,Broad Market,,,,,0.1999299,,,,,,,,,,,,,,2.0,,,,,,,0.0,,,,,,,,,,,,,,,,,,,,,0.09996495,,,,,,,,,,,,,,1,,,,,,,#545cf8,,,,True
2026-01-09,solana,Index,_QQQ,QQQ,,0.0999685,,,,,,,,,,,,,,1.0,,,,,,,0.0,,,,,,,,,,,,,,,,,,,,,0.0999685,,,,,,,,,,,,,,4,,,,,,,#63b512,,,,,,True
2026-01-09,solana,Index,_SPY,SPY,,0.1999299,,,,,,,,,,,,,,2.0,,,,,,,0.0,,,,,,,,,,,,,,,,,,,,,0.09996495,,,,,,,,,,,,,,2,,,,,,,#f79009,,,,,,True
2026-01-08,solana,Index,___GMTrade,GMTrade,,,,,,0.2998979,,,,,,,,,,,,,,3.0,,,,,,,0.0,,,,,,,,,,,,,,,,,,,,,0.09996596666666667,,,,,,,,,,,,,,3,,,,,,,#904ea6,,True
2026-01-08,solana,Index,_QQQ,QQQ,,0.0999669,,,,,,,,,,,,,,1.0,,,,,,,0.0,,,,,,,,,,,,,,,,,,,,,0.0999669,,,,,,,,,,,,,,4,,,,,,,#63b512,,,,,,True
2026-01-08,solana,Index,_SPY,SPY,,0.199931,,,,,,,,,,,,,,2.0,,,,,,,0.0,,,,,,,,,,,,,,,,,,,,,0.0999655,,,,,,,,,,,,,,2,,,,,,,#f79009,,,,,,True
2026-01-08,solana,Index,Total,,0.2998979,,,,,,,,,,,,,,3.0,,,,,,,0.0,,,,,,,,,,,,,,,,,,,,,0.09996596666666667,,,,,,,,,,,,,,1.0,,,,,,,#545cf8,,,,,,,True
2026-01-08,solana,Index,GMTrade,,,,,,0.2998979,,,,,,,,,,,,,,3.0,,,,,,,0.0,,,,,,,,,,,,,,,,,,,,,0.09996596666666667,,,,,,,,,,,,,,3,,,,,,,#904ea6,,,True
2026-01-08,solana,Index,__Equity,Equity,,,0.2998979,,,,,,,,,,,,,,3.0,,,,,,,0.0,,,,,,,,,,,,,,,,,,,,,0.09996596666666667,,,,,,,,,,,,,,1,,,,,,,#545cf8,,,,,True
2026-01-08,solana,Index,Large Cap,,,,,0.0999669,,,,,,,,,,,,,,1.0,,,,,,,0.0,,,,,,,,,,,,,,,,,,,,,0.0999669,,,,,,,,,,,,,,3,,,,,,,#904ea6,,,,True
2026-01-08,solana,Index,Broad Market,,,,,0.199931,,,,,,,,,,,,,,2.0,,,,,,,0.0,,,,,,,,,,,,,,,,,,,,,0.0999655,,,,,,,,,,,,,,1,,,,,,,#545cf8,,,,True
2026-01-07,solana,Index,Total,,0.2999055,,,,,,,,,,,,,,3.0,,,,,,,0.0,,,,,,,,,,,,,,,,,,,,,0.0999685,,,,,,,,,,,,,,1.0,,,,,,,#545cf8,,,,,,,True
2026-01-07,solana,Index,_SPY,SPY,,0.1999375,,,,,,,,,,,,,,2.0,,,,,,,0.0,,,,,,,,,,,,,,,,,,,,,0.09996875,,,,,,,,,,,,,,2,,,,,,,#f79009,,,,,,True
2026-01-07,solana,Index,___GMTrade,GMTrade,,,,,,0.2999055,,,,,,,,,,,,,,3.0,,,,,,,0.0,,,,,,,,,,,,,,,,,,,,,0.0999685,,,,,,,,,,,,,,3,,,,,,,#904ea6,,True
2026-01-07,solana,Index,Broad Market,,,,,0.1999375,,,,,,,,,,,,,,2.0,,,,,,,0.0,,,,,,,,,,,,,,,,,,,,,0.09996875,,,,,,,,,,,,,,1,,,,,,,#545cf8,,,,True
2026-01-07,solana,Index,_QQQ,QQQ,,0.099968,,,,,,,,,,,,,,1.0,,,,,,,0.0,,,,,,,,,,,,,,,,,,,,,0.099968,,,,,,,,,,,,,,4,,,,,,,#63b512,,,,,,True
2026-01-07,solana,Index,__Equity,Equity,,,0.2999055,,,,,,,,,,,,,,3.0,,,,,,,0.0,,,,,,,,,,,,,,,,,,,,,0.0999685,,,,,,,,,,,,,,1,,,,,,,#545cf8,,,,,True
2026-01-07,solana,Index,GMTrade,,,,,,0.2999055,,,,,,,,,,,,,,3.0,,,,,,,0.0,,,,,,,,,,,,,,,,,,,,,0.0999685,,,,,,,,,,,,,,3,,,,,,,#904ea6,,,True
2026-01-07,solana,Index,Large Cap,,,,,0.099968,,,,,,,,,,,,,,1.0,,,,,,,0.0,,,,,,,,,,,,,,,,,,,,,0.099968,,,,,,,,,,,,,,3,,,,,,,#904ea6,,,,True
2026-01-06,solana,Index,GMTrade,,,,,,0.2999163,,,,,,,,,,,,,,3.0,,,,,,,0.0,,,,,,,,,,,,,,,,,,,,,0.09997210000000001,,,,,,,,,,,,,,3,,,,,,,#904ea6,,,True
2026-01-06,solana,Index,___GMTrade,GMTrade,,,,,,0.2999163,,,,,,,,,,,,,,3.0,,,,,,,0.0,,,,,,,,,,,,,,,,,,,,,0.09997210000000001,,,,,,,,,,,,,,3,,,,,,,#904ea6,,True
2026-01-06,solana,Index,_SPY,SPY,,0.199943,,,,,,,,,,,,,,2.0,,,,,,,0.0,,,,,,,,,,,,,,,,,,,,,0.0999715,,,,,,,,,,,,,,2,,,,,,,#f79009,,,,,,True
2026-01-06,solana,Index,_QQQ,QQQ,,0.0999733,,,,,,,,,,,,,,1.0,,,,,,,0.0,,,,,,,,,,,,,,,,,,,,,0.0999733,,,,,,,,,,,,,,4,,,,,,,#63b512,,,,,,True
2026-01-06,solana,Index,__Equity,Equity,,,0.2999163,,,,,,,,,,,,,,3.0,,,,,,,0.0,,,,,,,,,,,,,,,,,,,,,0.09997210000000001,,,,,,,,,,,,,,1,,,,,,,#545cf8,,,,,True
2026-01-06,solana,Index,Total,,0.2999163,,,,,,,,,,,,,,3.0,,,,,,,0.0,,,,,,,,,,,,,,,,,,,,,0.09997210000000001,,,,,,,,,,,,,,1.0,,,,,,,#545cf8,,,,,,,True
2026-01-06,solana,Index,Broad Market,,,,,0.199943,,,,,,,,,,,,,,2.0,,,,,,,0.0,,,,,,,,,,,,,,,,,,,,,0.0999715,,,,,,,,,,,,,,1,,,,,,,#545cf8,,,,True
2026-01-06,solana,Index,Large Cap,,,,,0.0999733,,,,,,,,,,,,,,1.0,,,,,,,0.0,,,,,,,,,,,,,,,,,,,,,0.0999733,,,,,,,,,,,,,,3,,,,,,,#904ea6,,,,True
2026-01-05,solana,Index,__Equity,Equity,,,0.29994149999999997,,,,,,,,,,,,,,3.0,,,,,,,0.0,,,,,,,,,,,,,,,,,,,,,0.09998049999999999,,,,,,,,,,,,,,1,,,,,,,#545cf8,,,,,True
2026-01-05,solana,Index,Large Cap,,,,,0.0999818,,,,,,,,,,,,,,1.0,,,,,,,0.0,,,,,,,,,,,,,,,,,,,,,0.0999818,,,,,,,,,,,,,,3,,,,,,,#904ea6,,,,True
2026-01-05,solana,Index,_QQQ,QQQ,,0.0999818,,,,,,,,,,,,,,1.0,,,,,,,0.0,,,,,,,,,,,,,,,,,,,,,0.0999818,,,,,,,,,,,,,,4,,,,,,,#63b512,,,,,,True
2026-01-05,solana,Index,_SPY,SPY,,0.1999597,,,,,,,,,,,,,,2.0,,,,,,,0.0,,,,,,,,,,,,,,,,,,,,,0.09997985,,,,,,,,,,,,,,2,,,,,,,#f79009,,,,,,True
2026-01-05,solana,Index,Broad Market,,,,,0.1999597,,,,,,,,,,,,,,2.0,,,,,,,0.0,,,,,,,,,,,,,,,,,,,,,0.09997985,,,,,,,,,,,,,,1,,,,,,,#545cf8,,,,True
2026-01-05,solana,Index,___GMTrade,GMTrade,,,,,,0.29994149999999997,,,,,,,,,,,,,,3.0,,,,,,,0.0,,,,,,,,,,,,,,,,,,,,,0.09998049999999999,,,,,,,,,,,,,,3,,,,,,,#904ea6,,True
2026-01-05,solana,Index,Total,,0.29994149999999997,,,,,,,,,,,,,,3.0,,,,,,,0.0,,,,,,,,,,,,,,,,,,,,,0.09998049999999999,,,,,,,,,,,,,,1.0,,,,,,,#545cf8,,,,,,,True
2026-01-05,solana,Index,GMTrade,,,,,,0.29994149999999997,,,,,,,,,,,,,,3.0,,,,,,,0.0,,,,,,,,,,,,,,,,,,,,,0.09998049999999999,,,,,,,,,,,,,,3,,,,,,,#904ea6,,,True
2026-01-04,solana,Index,_SPY,SPY,,,,,,,,,,,,,,,,,,,,,,,,,,,,,,,,,,,,,,,,,,,,,,,,,,,,,,,,,,2,,,,,,,#f79009,,,,,,True
2026-01-04,solana,Index,Total,,,,,,,,,,,,,,,,,,,,,,,,,,,,,,,,,,,,,,,,,,,,,,,,,,,,,,,,,,1.0,,,,,,,#545cf8,,,,,,,True
2026-01-04,solana,Index,Large Cap,,,,,,,,,,,,,,,,,,,,,,,,,,,,,,,,,,,,,,,,,,,,,,,,,,,,,,,,,,,,,3,,,,,,,#904ea6,,,,True
2026-01-04,solana,Index,__Equity,Equity,,,,,,,,,,,,,,,,,,,,,,,,,,,,,,,,,,,,,,,,,,,,,,,,,,,,,,,,,,,1,,,,,,,#545cf8,,,,,True
2026-01-04,solana,Index,___GMTrade,GMTrade,,,,,,,,,,,,,,,,,,,,,,,,,,,,,,,,,,,,,,,,,,,,,,,,,,,,,,,,,,,,,,3,,,,,,,#904ea6,,True
2026-01-04,solana,Index,Broad Market,,,,,,,,,,,,,,,,,,,,,,,,,,,,,,,,,,,,,,,,,,,,,,,,,,,,,,,,,,,,,1,,,,,,,#545cf8,,,,True
2026-01-04,solana,Index,GMTrade,,,,,,,,,,,,,,,,,,,,,,,,,,,,,,,,,,,,,,,,,,,,,,,,,,,,,,,,,,,,,,3,,,,,,,#904ea6,,,True
2026-01-04,solana,Index,_QQQ,QQQ,,,,,,,,,,,,,,,,,,,,,,,,,,,,,,,,,,,,,,,,,,,,,,,,,,,,,,,,,,4,,,,,,,#63b512,,,,,,True
2026-01-03,solana,Index,Large Cap,,,,,,,,,,,,,,,,,,,,,,,,,,,,,,,,,,,,,,,,,,,,,,,,,,,,,,,,,,,,,3,,,,,,,#904ea6,,,,True
2026-01-03,solana,Index,_SPY,SPY,,,,,,,,,,,,,,,,,,,,,,,,,,,,,,,,,,,,,,,,,,,,,,,,,,,,,,,,,,2,,,,,,,#f79009,,,,,,True
2026-01-03,solana,Index,GMTrade,,,,,,,,,,,,,,,,,,,,,,,,,,,,,,,,,,,,,,,,,,,,,,,,,,,,,,,,,,,,,,3,,,,,,,#904ea6,,,True
2026-01-03,solana,Index,Broad Market,,,,,,,,,,,,,,,,,,,,,,,,,,,,,,,,,,,,,,,,,,,,,,,,,,,,,,,,,,,,,1,,,,,,,#545cf8,,,,True
2026-01-03,solana,Index,___GMTrade,GMTrade,,,,,,,,,,,,,,,,,,,,,,,,,,,,,,,,,,,,,,,,,,,,,,,,,,,,,,,,,,,,,,3,,,,,,,#904ea6,,True
2026-01-03,solana,Index,Total,,,,,,,,,,,,,,,,,,,,,,,,,,,,,,,,,,,,,,,,,,,,,,,,,,,,,,,,,,1.0,,,,,,,#545cf8,,,,,,,True
2026-01-03,solana,Index,_QQQ,QQQ,,,,,,,,,,,,,,,,,,,,,,,,,,,,,,,,,,,,,,,,,,,,,,,,,,,,,,,,,,4,,,,,,,#63b512,,,,,,True
2026-01-03,solana,Index,__Equity,Equity,,,,,,,,,,,,,,,,,,,,,,,,,,,,,,,,,,,,,,,,,,,,,,,,,,,,,,,,,,,1,,,,,,,#545cf8,,,,,True
2026-01-02,solana,Index,Total,,29.8123959,,,,,,,,,,,,,,1.0,,,,,,,0.0,,,,,,,,,,,,,,,,,,,,,29.8123959,,,,,,,,,,,,,,1.0,,,,,,,#545cf8,,,,,,,True
2026-01-02,solana,Index,_QQQ,QQQ,,29.8123959,,,,,,,,,,,,,,1.0,,,,,,,0.0,,,,,,,,,,,,,,,,,,,,,29.8123959,,,,,,,,,,,,,,4,,,,,,,#63b512,,,,,,True
2026-01-02,solana,Index,Broad Market,,,,,,,,,,,,,,,,,,,,,,,,,,,,,,,,,,,,,,,,,,,,,,,,,,,,,,,,,,,,,1,,,,,,,#545cf8,,,,True
2026-01-02,solana,Index,_SPY,SPY,,,,,,,,,,,,,,,,,,,,,,,,,,,,,,,,,,,,,,,,,,,,,,,,,,,,,,,,,,2,,,,,,,#f79009,,,,,,True
2026-01-02,solana,Index,___GMTrade,GMTrade,,,,,,29.8123959,,,,,,,,,,,,,,1.0,,,,,,,0.0,,,,,,,,,,,,,,,,,,,,,29.8123959,,,,,,,,,,,,,,3,,,,,,,#904ea6,,True
2026-01-02,solana,Index,__Equity,Equity,,,29.8123959,,,,,,,,,,,,,,1.0,,,,,,,0.0,,,,,,,,,,,,,,,,,,,,,29.8123959,,,,,,,,,,,,,,1,,,,,,,#545cf8,,,,,True
2026-01-02,solana,Index,GMTrade,,,,,,29.8123959,,,,,,,,,,,,,,1.0,,,,,,,0.0,,,,,,,,,,,,,,,,,,,,,29.8123959,,,,,,,,,,,,,,3,,,,,,,#904ea6,,,True
2026-01-02,solana,Index,Large Cap,,,,,29.8123959,,,,,,,,,,,,,,1.0,,,,,,,0.0,,,,,,,,,,,,,,,,,,,,,29.8123959,,,,,,,,,,,,,,3,,,,,,,#904ea6,,,,True
2026-01-01,solana,Index,_SPY,SPY,,,,,,,,,,,,,,,,,,,,,,,,,,,,,,,,,,,,,,,,,,,,,,,,,,,,,,,,,,2,,,,,,,#f79009,,,,,,True
2026-01-01,solana,Index,_QQQ,QQQ,,,,,,,,,,,,,,,,,,,,,,,,,,,,,,,,,,,,,,,,,,,,,,,,,,,,,,,,,,4,,,,,,,#63b512,,,,,,True
2026-01-01,solana,Index,Broad Market,,,,,,,,,,,,,,,,,,,,,,,,,,,,,,,,,,,,,,,,,,,,,,,,,,,,,,,,,,,,,1,,,,,,,#545cf8,,,,True
2026-01-01,solana,Index,__Equity,Equity,,,,,,,,,,,,,,,,,,,,,,,,,,,,,,,,,,,,,,,,,,,,,,,,,,,,,,,,,,,1,,,,,,,#545cf8,,,,,True
2026-01-01,solana,Index,___GMTrade,GMTrade,,,,,,,,,,,,,,,,,,,,,,,,,,,,,,,,,,,,,,,,,,,,,,,,,,,,,,,,,,,,,,3,,,,,,,#904ea6,,True
2026-01-01,solana,Index,GMTrade,,,,,,,,,,,,,,,,,,,,,,,,,,,,,,,,,,,,,,,,,,,,,,,,,,,,,,,,,,,,,,3,,,,,,,#904ea6,,,True
2026-01-01,solana,Index,Total,,,,,,,,,,,,,,,,,,,,,,,,,,,,,,,,,,,,,,,,,,,,,,,,,,,,,,,,,,1.0,,,,,,,#545cf8,,,,,,,True
2026-01-01,solana,Index,Large Cap,,,,,,,,,,,,,,,,,,,,,,,,,,,,,,,,,,,,,,,,,,,,,,,,,,,,,,,,,,,,,3,,,,,,,#904ea6,,,,True
2025-12-31,solana,Index,__Equity,Equity,,,47.2998993,,,,,,,,,,,,,,4.0,,,,,,,0.0,,,,,,,,,,,,,,,,,,,,,11.824974825,,,,,,,,,,,,,,1,,,,,,,#545cf8,,,,,True
2025-12-31,solana,Index,_QQQ,QQQ,,0.099967,,,,,,,,,,,,,,1.0,,,,,,,0.0,,,,,,,,,,,,,,,,,,,,,0.099967,,,,,,,,,,,,,,4,,,,,,,#63b512,,,,,,True
2025-12-31,solana,Index,Total,,47.2998993,,,,,,,,,,,,,,4.0,,,,,,,0.0,,,,,,,,,,,,,,,,,,,,,11.824974825,,,,,,,,,,,,,,1.0,,,,,,,#545cf8,,,,,,,True
2025-12-31,solana,Index,GMTrade,,,,,,47.2998993,,,,,,,,,,,,,,4.0,,,,,,,0.0,,,,,,,,,,,,,,,,,,,,,11.824974825,,,,,,,,,,,,,,3,,,,,,,#904ea6,,,True
2025-12-31,solana,Index,___GMTrade,GMTrade,,,,,,47.2998993,,,,,,,,,,,,,,4.0,,,,,,,0.0,,,,,,,,,,,,,,,,,,,,,11.824974825,,,,,,,,,,,,,,3,,,,,,,#904ea6,,True
2025-12-31,solana,Index,Large Cap,,,,,0.099967,,,,,,,,,,,,,,1.0,,,,,,,0.0,,,,,,,,,,,,,,,,,,,,,0.099967,,,,,,,,,,,,,,3,,,,,,,#904ea6,,,,True
2025-12-31,solana,Index,Broad Market,,,,,47.1999323,,,,,,,,,,,,,,3.0,,,,,,,0.0,,,,,,,,,,,,,,,,,,,,,15.733310766666667,,,,,,,,,,,,,,1,,,,,,,#545cf8,,,,True
2025-12-31,solana,Index,_SPY,SPY,,47.1999323,,,,,,,,,,,,,,3.0,,,,,,,0.0,,,,,,,,,,,,,,,,,,,,,15.733310766666667,,,,,,,,,,,,,,2,,,,,,,#f79009,,,,,,True
2025-12-30,solana,Index,___GMTrade,GMTrade,,,,,,4.243544539348,,,,,,,,,,,,,,4.0,,,,,,,0.0,,,,,,,,,,,,,,,,,,,,,1.060886134837,,,,,,,,,,,,,,3,,,,,,,#904ea6,,True
2025-12-30,solana,Index,_SPY,SPY,,4.143583739348,,,,,,,,,,,,,,3.0,,,,,,,0.0,,,,,,,,,,,,,,,,,,,,,1.3811945797826668,,,,,,,,,,,,,,2,,,,,,,#f79009,,,,,,True
2025-12-30,solana,Index,Broad Market,,,,,4.143583739348,,,,,,,,,,,,,,3.0,,,,,,,0.0,,,,,,,,,,,,,,,,,,,,,1.3811945797826668,,,,,,,,,,,,,,1,,,,,,,#545cf8,,,,True
2025-12-30,solana,Index,GMTrade,,,,,,4.243544539348,,,,,,,,,,,,,,4.0,,,,,,,0.0,,,,,,,,,,,,,,,,,,,,,1.060886134837,,,,,,,,,,,,,,3,,,,,,,#904ea6,,,True
2025-12-30,solana,Index,__Equity,Equity,,,4.243544539348,,,,,,,,,,,,,,4.0,,,,,,,0.0,,,,,,,,,,,,,,,,,,,,,1.060886134837,,,,,,,,,,,,,,1,,,,,,,#545cf8,,,,,True
2025-12-30,solana,Index,Large Cap,,,,,0.0999608,,,,,,,,,,,,,,1.0,,,,,,,0.0,,,,,,,,,,,,,,,,,,,,,0.0999608,,,,,,,,,,,,,,3,,,,,,,#904ea6,,,,True
2025-12-30,solana,Index,Total,,4.243544539348,,,,,,,,,,,,,,4.0,,,,,,,0.0,,,,,,,,,,,,,,,,,,,,,1.060886134837,,,,,,,,,,,,,,1.0,,,,,,,#545cf8,,,,,,,True
2025-12-30,solana,Index,_QQQ,QQQ,,0.0999608,,,,,,,,,,,,,,1.0,,,,,,,0.0,,,,,,,,,,,,,,,,,,,,,0.0999608,,,,,,,,,,,,,,4,,,,,,,#63b512,,,,,,True
2025-12-29,solana,Index,Large Cap,,,,,0.09996,,,,,,,,,,,,,,1.0,,,,,,,0.0,,,,,,,,,,,,,,,,,,,,,0.09996,,,,,,,,,,,,,,3,,,,,,,#904ea6,,,,True
2025-12-29,solana,Index,__Equity,Equity,,,0.2998809,,,,,,,,,,,,,,3.0,,,,,,,0.0,,,,,,,,,,,,,,,,,,,,,0.0999603,,,,,,,,,,,,,,1,,,,,,,#545cf8,,,,,True
2025-12-29,solana,Index,_QQQ,QQQ,,0.09996,,,,,,,,,,,,,,1.0,,,,,,,0.0,,,,,,,,,,,,,,,,,,,,,0.09996,,,,,,,,,,,,,,4,,,,,,,#63b512,,,,,,True
2025-12-29,solana,Index,Total,,0.2998809,,,,,,,,,,,,,,3.0,,,,,,,0.0,,,,,,,,,,,,,,,,,,,,,0.0999603,,,,,,,,,,,,,,1.0,,,,,,,#545cf8,,,,,,,True
2025-12-29,solana,Index,_SPY,SPY,,0.1999209,,,,,,,,,,,,,,2.0,,,,,,,0.0,,,,,,,,,,,,,,,,,,,,,0.09996045,,,,,,,,,,,,,,2,,,,,,,#f79009,,,,,,True
2025-12-29,solana,Index,Broad Market,,,,,0.1999209,,,,,,,,,,,,,,2.0,,,,,,,0.0,,,,,,,,,,,,,,,,,,,,,0.09996045,,,,,,,,,,,,,,1,,,,,,,#545cf8,,,,True
2025-12-29,solana,Index,___GMTrade,GMTrade,,,,,,0.2998809,,,,,,,,,,,,,,3.0,,,,,,,0.0,,,,,,,,,,,,,,,,,,,,,0.0999603,,,,,,,,,,,,,,3,,,,,,,#904ea6,,True
2025-12-29,solana,Index,GMTrade,,,,,,0.2998809,,,,,,,,,,,,,,3.0,,,,,,,0.0,,,,,,,,,,,,,,,,,,,,,0.0999603,,,,,,,,,,,,,,3,,,,,,,#904ea6,,,True
2025-12-28,solana,Index,Total,,,,,,,,,,,,,,,,,,,,,,,,,,,,,,,,,,,,,,,,,,,,,,,,,,,,,,,,,,1.0,,,,,,,#545cf8,,,,,,,True
2025-12-28,solana,Index,GMTrade,,,,,,,,,,,,,,,,,,,,,,,,,,,,,,,,,,,,,,,,,,,,,,,,,,,,,,,,,,,,,,3,,,,,,,#904ea6,,,True
2025-12-28,solana,Index,Large Cap,,,,,,,,,,,,,,,,,,,,,,,,,,,,,,,,,,,,,,,,,,,,,,,,,,,,,,,,,,,,,3,,,,,,,#904ea6,,,,True
2025-12-28,solana,Index,___GMTrade,GMTrade,,,,,,,,,,,,,,,,,,,,,,,,,,,,,,,,,,,,,,,,,,,,,,,,,,,,,,,,,,,,,,3,,,,,,,#904ea6,,True
2025-12-28,solana,Index,__Equity,Equity,,,,,,,,,,,,,,,,,,,,,,,,,,,,,,,,,,,,,,,,,,,,,,,,,,,,,,,,,,,1,,,,,,,#545cf8,,,,,True
2025-12-28,solana,Index,Broad Market,,,,,,,,,,,,,,,,,,,,,,,,,,,,,,,,,,,,,,,,,,,,,,,,,,,,,,,,,,,,,1,,,,,,,#545cf8,,,,True
2025-12-28,solana,Index,_SPY,SPY,,,,,,,,,,,,,,,,,,,,,,,,,,,,,,,,,,,,,,,,,,,,,,,,,,,,,,,,,,2,,,,,,,#f79009,,,,,,True
2025-12-28,solana,Index,_QQQ,QQQ,,,,,,,,,,,,,,,,,,,,,,,,,,,,,,,,,,,,,,,,,,,,,,,,,,,,,,,,,,4,,,,,,,#63b512,,,,,,True
2025-12-27,solana,Index,__Equity,Equity,,,,,,,,,,,,,,,,,,,,,,,,,,,,,,,,,,,,,,,,,,,,,,,,,,,,,,,,,,,1,,,,,,,#545cf8,,,,,True
2025-12-27,solana,Index,_SPY,SPY,,,,,,,,,,,,,,,,,,,,,,,,,,,,,,,,,,,,,,,,,,,,,,,,,,,,,,,,,,2,,,,,,,#f79009,,,,,,True
2025-12-27,solana,Index,Total,,,,,,,,,,,,,,,,,,,,,,,,,,,,,,,,,,,,,,,,,,,,,,,,,,,,,,,,,,1.0,,,,,,,#545cf8,,,,,,,True
2025-12-27,solana,Index,GMTrade,,,,,,,,,,,,,,,,,,,,,,,,,,,,,,,,,,,,,,,,,,,,,,,,,,,,,,,,,,,,,,3,,,,,,,#904ea6,,,True
2025-12-27,solana,Index,Large Cap,,,,,,,,,,,,,,,,,,,,,,,,,,,,,,,,,,,,,,,,,,,,,,,,,,,,,,,,,,,,,3,,,,,,,#904ea6,,,,True
2025-12-27,solana,Index,Broad Market,,,,,,,,,,,,,,,,,,,,,,,,,,,,,,,,,,,,,,,,,,,,,,,,,,,,,,,,,,,,,1,,,,,,,#545cf8,,,,True
2025-12-27,solana,Index,___GMTrade,GMTrade,,,,,,,,,,,,,,,,,,,,,,,,,,,,,,,,,,,,,,,,,,,,,,,,,,,,,,,,,,,,,,3,,,,,,,#904ea6,,True
2025-12-27,solana,Index,_QQQ,QQQ,,,,,,,,,,,,,,,,,,,,,,,,,,,,,,,,,,,,,,,,,,,,,,,,,,,,,,,,,,4,,,,,,,#63b512,,,,,,True
2025-12-26,solana,Index,__Equity,Equity,,,0.2999069,,,,,,,,,,,,,,3.0,,,,,,,0.0,,,,,,,,,,,,,,,,,,,,,0.09996896666666666,,,,,,,,,,,,,,1,,,,,,,#545cf8,,,,,True
2025-12-26,solana,Index,GMTrade,,,,,,0.2999069,,,,,,,,,,,,,,3.0,,,,,,,0.0,,,,,,,,,,,,,,,,,,,,,0.09996896666666666,,,,,,,,,,,,,,3,,,,,,,#904ea6,,,True
2025-12-26,solana,Index,Broad Market,,,,,0.1999366,,,,,,,,,,,,,,2.0,,,,,,,0.0,,,,,,,,,,,,,,,,,,,,,0.0999683,,,,,,,,,,,,,,1,,,,,,,#545cf8,,,,True
2025-12-26,solana,Index,_QQQ,QQQ,,0.0999703,,,,,,,,,,,,,,1.0,,,,,,,0.0,,,,,,,,,,,,,,,,,,,,,0.0999703,,,,,,,,,,,,,,4,,,,,,,#63b512,,,,,,True
2025-12-26,solana,Index,Large Cap,,,,,0.0999703,,,,,,,,,,,,,,1.0,,,,,,,0.0,,,,,,,,,,,,,,,,,,,,,0.0999703,,,,,,,,,,,,,,3,,,,,,,#904ea6,,,,True
2025-12-26,solana,Index,___GMTrade,GMTrade,,,,,,0.2999069,,,,,,,,,,,,,,3.0,,,,,,,0.0,,,,,,,,,,,,,,,,,,,,,0.09996896666666666,,,,,,,,,,,,,,3,,,,,,,#904ea6,,True
2025-12-26,solana,Index,Total,,0.2999069,,,,,,,,,,,,,,3.0,,,,,,,0.0,,,,,,,,,,,,,,,,,,,,,0.09996896666666666,,,,,,,,,,,,,,1.0,,,,,,,#545cf8,,,,,,,True
2025-12-26,solana,Index,_SPY,SPY,,0.1999366,,,,,,,,,,,,,,2.0,,,,,,,0.0,,,,,,,,,,,,,,,,,,,,,0.0999683,,,,,,,,,,,,,,2,,,,,,,#f79009,,,,,,True
2025-12-25,solana,Index,___GMTrade,GMTrade,,,,,,,,,,,,,,,,,,,,,,,,,,,,,,,,,,,,,,,,,,,,,,,,,,,,,,,,,,,,,,3,,,,,,,#904ea6,,True
2025-12-25,solana,Index,Large Cap,,,,,,,,,,,,,,,,,,,,,,,,,,,,,,,,,,,,,,,,,,,,,,,,,,,,,,,,,,,,,3,,,,,,,#904ea6,,,,True
2025-12-25,solana,Index,GMTrade,,,,,,,,,,,,,,,,,,,,,,,,,,,,,,,,,,,,,,,,,,,,,,,,,,,,,,,,,,,,,,3,,,,,,,#904ea6,,,True
2025-12-25,solana,Index,__Equity,Equity,,,,,,,,,,,,,,,,,,,,,,,,,,,,,,,,,,,,,,,,,,,,,,,,,,,,,,,,,,,1,,,,,,,#545cf8,,,,,True
2025-12-25,solana,Index,_QQQ,QQQ,,,,,,,,,,,,,,,,,,,,,,,,,,,,,,,,,,,,,,,,,,,,,,,,,,,,,,,,,,4,,,,,,,#63b512,,,,,,True
2025-12-25,solana,Index,Broad Market,,,,,,,,,,,,,,,,,,,,,,,,,,,,,,,,,,,,,,,,,,,,,,,,,,,,,,,,,,,,,1,,,,,,,#545cf8,,,,True
2025-12-25,solana,Index,Total,,,,,,,,,,,,,,,,,,,,,,,,,,,,,,,,,,,,,,,,,,,,,,,,,,,,,,,,,,1.0,,,,,,,#545cf8,,,,,,,True
2025-12-25,solana,Index,_SPY,SPY,,,,,,,,,,,,,,,,,,,,,,,,,,,,,,,,,,,,,,,,,,,,,,,,,,,,,,,,,,2,,,,,,,#f79009,,,,,,True
2025-12-24,solana,Index,_QQQ,QQQ,,0.0999657,,,,,,,,,,,,,,1.0,,,,,,,0.0,,,,,,,,,,,,,,,,,,,,,0.0999657,,,,,,,,,,,,,,4,,,,,,,#63b512,,,,,,True
2025-12-24,solana,Index,___GMTrade,GMTrade,,,,,,0.2998988,,,,,,,,,,,,,,3.0,,,,,,,0.0,,,,,,,,,,,,,,,,,,,,,0.09996626666666668,,,,,,,,,,,,,,3,,,,,,,#904ea6,,True
2025-12-24,solana,Index,Total,,0.2998988,,,,,,,,,,,,,,3.0,,,,,,,0.0,,,,,,,,,,,,,,,,,,,,,0.09996626666666668,,,,,,,,,,,,,,1.0,,,,,,,#545cf8,,,,,,,True
2025-12-24,solana,Index,__Equity,Equity,,,0.2998988,,,,,,,,,,,,,,3.0,,,,,,,0.0,,,,,,,,,,,,,,,,,,,,,0.09996626666666668,,,,,,,,,,,,,,1,,,,,,,#545cf8,,,,,True
2025-12-24,solana,Index,_SPY,SPY,,0.1999331,,,,,,,,,,,,,,2.0,,,,,,,0.0,,,,,,,,,,,,,,,,,,,,,0.09996655,,,,,,,,,,,,,,2,,,,,,,#f79009,,,,,,True
2025-12-24,solana,Index,GMTrade,,,,,,0.2998988,,,,,,,,,,,,,,3.0,,,,,,,0.0,,,,,,,,,,,,,,,,,,,,,0.09996626666666668,,,,,,,,,,,,,,3,,,,,,,#904ea6,,,True
2025-12-24,solana,Index,Broad Market,,,,,0.1999331,,,,,,,,,,,,,,2.0,,,,,,,0.0,,,,,,,,,,,,,,,,,,,,,0.09996655,,,,,,,,,,,,,,1,,,,,,,#545cf8,,,,True
2025-12-24,solana,Index,Large Cap,,,,,0.0999657,,,,,,,,,,,,,,1.0,,,,,,,0.0,,,,,,,,,,,,,,,,,,,,,0.0999657,,,,,,,,,,,,,,3,,,,,,,#904ea6,,,,True
2025-12-23,solana,Index,__Equity,Equity,,,0.2999235,,,,,,,,,,,,,,3.0,,,,,,,0.0,,,,,,,,,,,,,,,,,,,,,0.09997450000000001,,,,,,,,,,,,,,1,,,,,,,#545cf8,,,,,True
2025-12-23,solana,Index,Large Cap,,,,,0.0999729,,,,,,,,,,,,,,1.0,,,,,,,0.0,,,,,,,,,,,,,,,,,,,,,0.0999729,,,,,,,,,,,,,,3,,,,,,,#904ea6,,,,True
2025-12-23,solana,Index,_QQQ,QQQ,,0.0999729,,,,,,,,,,,,,,1.0,,,,,,,0.0,,,,,,,,,,,,,,,,,,,,,0.0999729,,,,,,,,,,,,,,4,,,,,,,#63b512,,,,,,True
2025-12-23,solana,Index,_SPY,SPY,,0.1999506,,,,,,,,,,,,,,2.0,,,,,,,0.0,,,,,,,,,,,,,,,,,,,,,0.0999753,,,,,,,,,,,,,,2,,,,,,,#f79009,,,,,,True
2025-12-23,solana,Index,GMTrade,,,,,,0.2999235,,,,,,,,,,,,,,3.0,,,,,,,0.0,,,,,,,,,,,,,,,,,,,,,0.09997450000000001,,,,,,,,,,,,,,3,,,,,,,#904ea6,,,True
2025-12-23,solana,Index,Broad Market,,,,,0.1999506,,,,,,,,,,,,,,2.0,,,,,,,0.0,,,,,,,,,,,,,,,,,,,,,0.0999753,,,,,,,,,,,,,,1,,,,,,,#545cf8,,,,True
2025-12-23,solana,Index,___GMTrade,GMTrade,,,,,,0.2999235,,,,,,,,,,,,,,3.0,,,,,,,0.0,,,,,,,,,,,,,,,,,,,,,0.09997450000000001,,,,,,,,,,,,,,3,,,,,,,#904ea6,,True
2025-12-23,solana,Index,Total,,0.2999235,,,,,,,,,,,,,,3.0,,,,,,,0.0,,,,,,,,,,,,,,,,,,,,,0.09997450000000001,,,,,,,,,,,,,,1.0,,,,,,,#545cf8,,,,,,,True
2025-12-22,solana,Index,Large Cap,,,,,0.0999755,,,,,,,,,,,,,,1.0,,,,,,,0.0,,,,,,,,,,,,,,,,,,,,,0.0999755,,,,,,,,,,,,,,3,,,,,,,#904ea6,,,,True
2025-12-22,solana,Index,Total,,0.29992739999999996,,,,,,,,,,,,,,3.0,,,,,,,0.0,,,,,,,,,,,,,,,,,,,,,0.09997579999999999,,,,,,,,,,,,,,1.0,,,,,,,#545cf8,,,,,,,True
2025-12-22,solana,Index,___GMTrade,GMTrade,,,,,,0.29992739999999996,,,,,,,,,,,,,,3.0,,,,,,,0.0,,,,,,,,,,,,,,,,,,,,,0.09997579999999999,,,,,,,,,,,,,,3,,,,,,,#904ea6,,True
2025-12-22,solana,Index,Broad Market,,,,,0.1999519,,,,,,,,,,,,,,2.0,,,,,,,0.0,,,,,,,,,,,,,,,,,,,,,0.09997595,,,,,,,,,,,,,,1,,,,,,,#545cf8,,,,True
2025-12-22,solana,Index,GMTrade,,,,,,0.29992739999999996,,,,,,,,,,,,,,3.0,,,,,,,0.0,,,,,,,,,,,,,,,,,,,,,0.09997579999999999,,,,,,,,,,,,,,3,,,,,,,#904ea6,,,True
2025-12-22,solana,Index,_SPY,SPY,,0.1999519,,,,,,,,,,,,,,2.0,,,,,,,0.0,,,,,,,,,,,,,,,,,,,,,0.09997595,,,,,,,,,,,,,,2,,,,,,,#f79009,,,,,,True
2025-12-22,solana,Index,__Equity,Equity,,,0.29992739999999996,,,,,,,,,,,,,,3.0,,,,,,,0.0,,,,,,,,,,,,,,,,,,,,,0.09997579999999999,,,,,,,,,,,,,,1,,,,,,,#545cf8,,,,,True
2025-12-22,solana,Index,_QQQ,QQQ,,0.0999755,,,,,,,,,,,,,,1.0,,,,,,,0.0,,,,,,,,,,,,,,,,,,,,,0.0999755,,,,,,,,,,,,,,4,,,,,,,#63b512,,,,,,True
2025-12-21,solana,Index,GMTrade,,,,,,,,,,,,,,,,,,,,,,,,,,,,,,,,,,,,,,,,,,,,,,,,,,,,,,,,,,,,,,3,,,,,,,#904ea6,,,True
2025-12-21,solana,Index,___GMTrade,GMTrade,,,,,,,,,,,,,,,,,,,,,,,,,,,,,,,,,,,,,,,,,,,,,,,,,,,,,,,,,,,,,,3,,,,,,,#904ea6,,True
2025-12-21,solana,Index,_QQQ,QQQ,,,,,,,,,,,,,,,,,,,,,,,,,,,,,,,,,,,,,,,,,,,,,,,,,,,,,,,,,,4,,,,,,,#63b512,,,,,,True
2025-12-21,solana,Index,Broad Market,,,,,,,,,,,,,,,,,,,,,,,,,,,,,,,,,,,,,,,,,,,,,,,,,,,,,,,,,,,,,1,,,,,,,#545cf8,,,,True
2025-12-21,solana,Index,Total,,,,,,,,,,,,,,,,,,,,,,,,,,,,,,,,,,,,,,,,,,,,,,,,,,,,,,,,,,1.0,,,,,,,#545cf8,,,,,,,True
2025-12-21,solana,Index,_SPY,SPY,,,,,,,,,,,,,,,,,,,,,,,,,,,,,,,,,,,,,,,,,,,,,,,,,,,,,,,,,,2,,,,,,,#f79009,,,,,,True
2025-12-21,solana,Index,__Equity,Equity,,,,,,,,,,,,,,,,,,,,,,,,,,,,,,,,,,,,,,,,,,,,,,,,,,,,,,,,,,,1,,,,,,,#545cf8,,,,,True
2025-12-21,solana,Index,Large Cap,,,,,,,,,,,,,,,,,,,,,,,,,,,,,,,,,,,,,,,,,,,,,,,,,,,,,,,,,,,,,3,,,,,,,#904ea6,,,,True
2025-12-20,solana,Index,Broad Market,,,,,,,,,,,,,,,,,,,,,,,,,,,,,,,,,,,,,,,,,,,,,,,,,,,,,,,,,,,,,1,,,,,,,#545cf8,,,,True
2025-12-20,solana,Index,GMTrade,,,,,,,,,,,,,,,,,,,,,,,,,,,,,,,,,,,,,,,,,,,,,,,,,,,,,,,,,,,,,,3,,,,,,,#904ea6,,,True
2025-12-20,solana,Index,_SPY,SPY,,,,,,,,,,,,,,,,,,,,,,,,,,,,,,,,,,,,,,,,,,,,,,,,,,,,,,,,,,2,,,,,,,#f79009,,,,,,True
2025-12-20,solana,Index,Total,,,,,,,,,,,,,,,,,,,,,,,,,,,,,,,,,,,,,,,,,,,,,,,,,,,,,,,,,,1.0,,,,,,,#545cf8,,,,,,,True
2025-12-20,solana,Index,___GMTrade,GMTrade,,,,,,,,,,,,,,,,,,,,,,,,,,,,,,,,,,,,,,,,,,,,,,,,,,,,,,,,,,,,,,3,,,,,,,#904ea6,,True
2025-12-20,solana,Index,__Equity,Equity,,,,,,,,,,,,,,,,,,,,,,,,,,,,,,,,,,,,,,,,,,,,,,,,,,,,,,,,,,,1,,,,,,,#545cf8,,,,,True
2025-12-20,solana,Index,_QQQ,QQQ,,,,,,,,,,,,,,,,,,,,,,,,,,,,,,,,,,,,,,,,,,,,,,,,,,,,,,,,,,4,,,,,,,#63b512,,,,,,True
2025-12-20,solana,Index,Large Cap,,,,,,,,,,,,,,,,,,,,,,,,,,,,,,,,,,,,,,,,,,,,,,,,,,,,,,,,,,,,,3,,,,,,,#904ea6,,,,True
2025-12-19,solana,Index,__Equity,Equity,,,0.2999,,,,,,,,,,,,,,3.0,,,,,,,0.0,,,,,,,,,,,,,,,,,,,,,0.09996666666666666,,,,,,,,,,,,,,1,,,,,,,#545cf8,,,,,True
2025-12-19,solana,Index,_SPY,SPY,,0.199933,,,,,,,,,,,,,,2.0,,,,,,,0.0,,,,,,,,,,,,,,,,,,,,,0.0999665,,,,,,,,,,,,,,2,,,,,,,#f79009,,,,,,True
2025-12-19,solana,Index,Large Cap,,,,,0.099967,,,,,,,,,,,,,,1.0,,,,,,,0.0,,,,,,,,,,,,,,,,,,,,,0.099967,,,,,,,,,,,,,,3,,,,,,,#904ea6,,,,True
2025-12-19,solana,Index,___GMTrade,GMTrade,,,,,,0.2999,,,,,,,,,,,,,,3.0,,,,,,,0.0,,,,,,,,,,,,,,,,,,,,,0.09996666666666666,,,,,,,,,,,,,,3,,,,,,,#904ea6,,True
2025-12-19,solana,Index,Total,,0.2999,,,,,,,,,,,,,,3.0,,,,,,,0.0,,,,,,,,,,,,,,,,,,,,,0.09996666666666666,,,,,,,,,,,,,,1.0,,,,,,,#545cf8,,,,,,,True
2025-12-19,solana,Index,_QQQ,QQQ,,0.099967,,,,,,,,,,,,,,1.0,,,,,,,0.0,,,,,,,,,,,,,,,,,,,,,0.099967,,,,,,,,,,,,,,4,,,,,,,#63b512,,,,,,True
2025-12-19,solana,Index,GMTrade,,,,,,0.2999,,,,,,,,,,,,,,3.0,,,,,,,0.0,,,,,,,,,,,,,,,,,,,,,0.09996666666666666,,,,,,,,,,,,,,3,,,,,,,#904ea6,,,True
2025-12-19,solana,Index,Broad Market,,,,,0.199933,,,,,,,,,,,,,,2.0,,,,,,,0.0,,,,,,,,,,,,,,,,,,,,,0.0999665,,,,,,,,,,,,,,1,,,,,,,#545cf8,,,,True
2025-12-18,solana,Index,GMTrade,,,,,,0.2999315,,,,,,,,,,,,,,3.0,,,,,,,0.0,,,,,,,,,,,,,,,,,,,,,0.09997716666666667,,,,,,,,,,,,,,3,,,,,,,#904ea6,,,True
2025-12-18,solana,Index,__Equity,Equity,,,0.2999315,,,,,,,,,,,,,,3.0,,,,,,,0.0,,,,,,,,,,,,,,,,,,,,,0.09997716666666667,,,,,,,,,,,,,,1,,,,,,,#545cf8,,,,,True
2025-12-18,solana,Index,Total,,0.2999315,,,,,,,,,,,,,,3.0,,,,,,,0.0,,,,,,,,,,,,,,,,,,,,,0.09997716666666667,,,,,,,,,,,,,,1.0,,,,,,,#545cf8,,,,,,,True
2025-12-18,solana,Index,Broad Market,,,,,0.1999586,,,,,,,,,,,,,,2.0,,,,,,,0.0,,,,,,,,,,,,,,,,,,,,,0.0999793,,,,,,,,,,,,,,1,,,,,,,#545cf8,,,,True
2025-12-18,solana,Index,_SPY,SPY,,0.1999586,,,,,,,,,,,,,,2.0,,,,,,,0.0,,,,,,,,,,,,,,,,,,,,,0.0999793,,,,,,,,,,,,,,2,,,,,,,#f79009,,,,,,True
2025-12-18,solana,Index,___GMTrade,GMTrade,,,,,,0.2999315,,,,,,,,,,,,,,3.0,,,,,,,0.0,,,,,,,,,,,,,,,,,,,,,0.09997716666666667,,,,,,,,,,,,,,3,,,,,,,#904ea6,,True
2025-12-18,solana,Index,_QQQ,QQQ,,0.0999729,,,,,,,,,,,,,,1.0,,,,,,,0.0,,,,,,,,,,,,,,,,,,,,,0.0999729,,,,,,,,,,,,,,4,,,,,,,#63b512,,,,,,True
2025-12-18,solana,Index,Large Cap,,,,,0.0999729,,,,,,,,,,,,,,1.0,,,,,,,0.0,,,,,,,,,,,,,,,,,,,,,0.0999729,,,,,,,,,,,,,,3,,,,,,,#904ea6,,,,True
2025-12-17,solana,Index,Total,,0.2999225,,,,,,,,,,,,,,3.0,,,,,,,0.0,,,,,,,,,,,,,,,,,,,,,0.09997416666666666,,,,,,,,,,,,,,1.0,,,,,,,#545cf8,,,,,,,True
2025-12-17,solana,Index,_QQQ,QQQ,,0.099976,,,,,,,,,,,,,,1.0,,,,,,,0.0,,,,,,,,,,,,,,,,,,,,,0.099976,,,,,,,,,,,,,,4,,,,,,,#63b512,,,,,,True
2025-12-17,solana,Index,___GMTrade,GMTrade,,,,,,0.2999225,,,,,,,,,,,,,,3.0,,,,,,,0.0,,,,,,,,,,,,,,,,,,,,,0.09997416666666666,,,,,,,,,,,,,,3,,,,,,,#904ea6,,True
2025-12-17,solana,Index,Broad Market,,,,,0.1999465,,,,,,,,,,,,,,2.0,,,,,,,0.0,,,,,,,,,,,,,,,,,,,,,0.09997325,,,,,,,,,,,,,,1,,,,,,,#545cf8,,,,True
2025-12-17,solana,Index,Large Cap,,,,,0.099976,,,,,,,,,,,,,,1.0,,,,,,,0.0,,,,,,,,,,,,,,,,,,,,,0.099976,,,,,,,,,,,,,,3,,,,,,,#904ea6,,,,True
2025-12-17,solana,Index,GMTrade,,,,,,0.2999225,,,,,,,,,,,,,,3.0,,,,,,,0.0,,,,,,,,,,,,,,,,,,,,,0.09997416666666666,,,,,,,,,,,,,,3,,,,,,,#904ea6,,,True
2025-12-17,solana,Index,_SPY,SPY,,0.1999465,,,,,,,,,,,,,,2.0,,,,,,,0.0,,,,,,,,,,,,,,,,,,,,,0.09997325,,,,,,,,,,,,,,2,,,,,,,#f79009,,,,,,True
2025-12-17,solana,Index,__Equity,Equity,,,0.2999225,,,,,,,,,,,,,,3.0,,,,,,,0.0,,,,,,,,,,,,,,,,,,,,,0.09997416666666666,,,,,,,,,,,,,,1,,,,,,,#545cf8,,,,,True
2025-12-16,solana,Index,___GMTrade,GMTrade,,,,,,,,,,,,,,,,,,,,,,,,,,,,,,,,,,,,,,,,,,,,,,,,,,,,,,,,,,,,,,3,,,,,,,#904ea6,,True
2025-12-16,solana,Index,_SPY,SPY,,,,,,,,,,,,,,,,,,,,,,,,,,,,,,,,,,,,,,,,,,,,,,,,,,,,,,,,,,2,,,,,,,#f79009,,,,,,True
2025-12-16,solana,Index,Total,,,,,,,,,,,,,,,,,,,,,,,,,,,,,,,,,,,,,,,,,,,,,,,,,,,,,,,,,,1.0,,,,,,,#545cf8,,,,,,,True
2025-12-16,solana,Index,__Equity,Equity,,,,,,,,,,,,,,,,,,,,,,,,,,,,,,,,,,,,,,,,,,,,,,,,,,,,,,,,,,,1,,,,,,,#545cf8,,,,,True
2025-12-16,solana,Index,GMTrade,,,,,,,,,,,,,,,,,,,,,,,,,,,,,,,,,,,,,,,,,,,,,,,,,,,,,,,,,,,,,,3,,,,,,,#904ea6,,,True
2025-12-16,solana,Index,Large Cap,,,,,,,,,,,,,,,,,,,,,,,,,,,,,,,,,,,,,,,,,,,,,,,,,,,,,,,,,,,,,3,,,,,,,#904ea6,,,,True
2025-12-16,solana,Index,Broad Market,,,,,,,,,,,,,,,,,,,,,,,,,,,,,,,,,,,,,,,,,,,,,,,,,,,,,,,,,,,,,1,,,,,,,#545cf8,,,,True
2025-12-16,solana,Index,_QQQ,QQQ,,,,,,,,,,,,,,,,,,,,,,,,,,,,,,,,,,,,,,,,,,,,,,,,,,,,,,,,,,4,,,,,,,#63b512,,,,,,True
2025-12-15,solana,Index,_QQQ,QQQ,,,,,,,,,,,,,,,,,,,,,,,,,,,,,,,,,,,,,,,,,,,,,,,,,,,,,,,,,,4,,,,,,,#63b512,,,,,,True
2025-12-15,solana,Index,_SPY,SPY,,68.002,,,,,,,,,,,,,,1.0,,,,,,,0.0,,,,,,,,,,,,,,,,,,,,,68.002,,,,,,,,,,,,,,2,,,,,,,#f79009,,,,,,True
2025-12-15,solana,Index,GMTrade,,,,,,68.002,,,,,,,,,,,,,,1.0,,,,,,,0.0,,,,,,,,,,,,,,,,,,,,,68.002,,,,,,,,,,,,,,3,,,,,,,#904ea6,,,True
2025-12-15,solana,Index,__Equity,Equity,,,68.002,,,,,,,,,,,,,,1.0,,,,,,,0.0,,,,,,,,,,,,,,,,,,,,,68.002,,,,,,,,,,,,,,1,,,,,,,#545cf8,,,,,True
2025-12-15,solana,Index,Large Cap,,,,,,,,,,,,,,,,,,,,,,,,,,,,,,,,,,,,,,,,,,,,,,,,,,,,,,,,,,,,,3,,,,,,,#904ea6,,,,True
2025-12-15,solana,Index,Broad Market,,,,,68.002,,,,,,,,,,,,,,1.0,,,,,,,0.0,,,,,,,,,,,,,,,,,,,,,68.002,,,,,,,,,,,,,,1,,,,,,,#545cf8,,,,True
2025-12-15,solana,Index,___GMTrade,GMTrade,,,,,,68.002,,,,,,,,,,,,,,1.0,,,,,,,0.0,,,,,,,,,,,,,,,,,,,,,68.002,,,,,,,,,,,,,,3,,,,,,,#904ea6,,True
2025-12-15,solana,Index,Total,,68.002,,,,,,,,,,,,,,1.0,,,,,,,0.0,,,,,,,,,,,,,,,,,,,,,68.002,,,,,,,,,,,,,,1.0,,,,,,,#545cf8,,,,,,,True
2025-12-14,solana,Index,__Equity,Equity,,,,,,,,,,,,,,,,,,,,,,,,,,,,,,,,,,,,,,,,,,,,,,,,,,,,,,,,,,,1,,,,,,,#545cf8,,,,,True
2025-12-14,solana,Index,Broad Market,,,,,,,,,,,,,,,,,,,,,,,,,,,,,,,,,,,,,,,,,,,,,,,,,,,,,,,,,,,,,1,,,,,,,#545cf8,,,,True
2025-12-14,solana,Index,_SPY,SPY,,,,,,,,,,,,,,,,,,,,,,,,,,,,,,,,,,,,,,,,,,,,,,,,,,,,,,,,,,2,,,,,,,#f79009,,,,,,True
2025-12-14,solana,Index,GMTrade,,,,,,,,,,,,,,,,,,,,,,,,,,,,,,,,,,,,,,,,,,,,,,,,,,,,,,,,,,,,,,3,,,,,,,#904ea6,,,True
2025-12-14,solana,Index,Large Cap,,,,,,,,,,,,,,,,,,,,,,,,,,,,,,,,,,,,,,,,,,,,,,,,,,,,,,,,,,,,,3,,,,,,,#904ea6,,,,True
2025-12-14,solana,Index,___GMTrade,GMTrade,,,,,,,,,,,,,,,,,,,,,,,,,,,,,,,,,,,,,,,,,,,,,,,,,,,,,,,,,,,,,,3,,,,,,,#904ea6,,True
2025-12-14,solana,Index,_QQQ,QQQ,,,,,,,,,,,,,,,,,,,,,,,,,,,,,,,,,,,,,,,,,,,,,,,,,,,,,,,,,,4,,,,,,,#63b512,,,,,,True
2025-12-14,solana,Index,Total,,,,,,,,,,,,,,,,,,,,,,,,,,,,,,,,,,,,,,,,,,,,,,,,,,,,,,,,,,1.0,,,,,,,#545cf8,,,,,,,True
2025-12-13,solana,Index,Broad Market,,,,,,,,,,,,,,,,,,,,,,,,,,,,,,,,,,,,,,,,,,,,,,,,,,,,,,,,,,,,,1,,,,,,,#545cf8,,,,True
2025-12-13,solana,Index,__Equity,Equity,,,,,,,,,,,,,,,,,,,,,,,,,,,,,,,,,,,,,,,,,,,,,,,,,,,,,,,,,,,1,,,,,,,#545cf8,,,,,True
2025-12-13,solana,Index,___GMTrade,GMTrade,,,,,,,,,,,,,,,,,,,,,,,,,,,,,,,,,,,,,,,,,,,,,,,,,,,,,,,,,,,,,,3,,,,,,,#904ea6,,True
2025-12-13,solana,Index,_QQQ,QQQ,,,,,,,,,,,,,,,,,,,,,,,,,,,,,,,,,,,,,,,,,,,,,,,,,,,,,,,,,,4,,,,,,,#63b512,,,,,,True
2025-12-13,solana,Index,GMTrade,,,,,,,,,,,,,,,,,,,,,,,,,,,,,,,,,,,,,,,,,,,,,,,,,,,,,,,,,,,,,,3,,,,,,,#904ea6,,,True
2025-12-13,solana,Index,Large Cap,,,,,,,,,,,,,,,,,,,,,,,,,,,,,,,,,,,,,,,,,,,,,,,,,,,,,,,,,,,,,3,,,,,,,#904ea6,,,,True
2025-12-13,solana,Index,_SPY,SPY,,,,,,,,,,,,,,,,,,,,,,,,,,,,,,,,,,,,,,,,,,,,,,,,,,,,,,,,,,2,,,,,,,#f79009,,,,,,True
2025-12-13,solana,Index,Total,,,,,,,,,,,,,,,,,,,,,,,,,,,,,,,,,,,,,,,,,,,,,,,,,,,,,,,,,,1.0,,,,,,,#545cf8,,,,,,,True
2025-12-12,solana,Index,__Equity,Equity,,,34.467696499999995,,,,,,,,,,,,,,5.0,,,,,,,0.0,,,,,,,,,,,,,,,,,,,,,6.893539299999999,,,,,,,,,,,,,,1,,,,,,,#545cf8,,,,,True
2025-12-12,solana,Index,_SPY,SPY,,34.3677145,,,,,,,,,,,,,,4.0,,,,,,,0.0,,,,,,,,,,,,,,,,,,,,,8.591928625,,,,,,,,,,,,,,2,,,,,,,#f79009,,,,,,True
2025-12-12,solana,Index,Large Cap,,,,,0.099982,,,,,,,,,,,,,,1.0,,,,,,,0.0,,,,,,,,,,,,,,,,,,,,,0.099982,,,,,,,,,,,,,,3,,,,,,,#904ea6,,,,True
2025-12-12,solana,Index,GMTrade,,,,,,34.467696499999995,,,,,,,,,,,,,,5.0,,,,,,,0.0,,,,,,,,,,,,,,,,,,,,,6.893539299999999,,,,,,,,,,,,,,3,,,,,,,#904ea6,,,True
2025-12-12,solana,Index,_QQQ,QQQ,,0.099982,,,,,,,,,,,,,,1.0,,,,,,,0.0,,,,,,,,,,,,,,,,,,,,,0.099982,,,,,,,,,,,,,,4,,,,,,,#63b512,,,,,,True
2025-12-12,solana,Index,___GMTrade,GMTrade,,,,,,34.467696499999995,,,,,,,,,,,,,,5.0,,,,,,,0.0,,,,,,,,,,,,,,,,,,,,,6.893539299999999,,,,,,,,,,,,,,3,,,,,,,#904ea6,,True
2025-12-12,solana,Index,Total,,34.467696499999995,,,,,,,,,,,,,,5.0,,,,,,,0.0,,,,,,,,,,,,,,,,,,,,,6.893539299999999,,,,,,,,,,,,,,1.0,,,,,,,#545cf8,,,,,,,True
2025-12-12,solana,Index,Broad Market,,,,,34.3677145,,,,,,,,,,,,,,4.0,,,,,,,0.0,,,,,,,,,,,,,,,,,,,,,8.591928625,,,,,,,,,,,,,,1,,,,,,,#545cf8,,,,True
2025-12-11,solana,Index,__Equity,Equity,,,0.2999193,,,,,,,,,,,,,,3.0,,,,,,,0.0,,,,,,,,,,,,,,,,,,,,,0.0999731,,,,,,,,,,,,,,1,,,,,,,#545cf8,,,,,True
2025-12-11,solana,Index,Total,,0.2999193,,,,,,,,,,,,,,3.0,,,,,,,0.0,,,,,,,,,,,,,,,,,,,,,0.0999731,,,,,,,,,,,,,,1.0,,,,,,,#545cf8,,,,,,,True
2025-12-11,solana,Index,Broad Market,,,,,0.1999456,,,,,,,,,,,,,,2.0,,,,,,,0.0,,,,,,,,,,,,,,,,,,,,,0.0999728,,,,,,,,,,,,,,1,,,,,,,#545cf8,,,,True
2025-12-11,solana,Index,___GMTrade,GMTrade,,,,,,0.2999193,,,,,,,,,,,,,,3.0,,,,,,,0.0,,,,,,,,,,,,,,,,,,,,,0.0999731,,,,,,,,,,,,,,3,,,,,,,#904ea6,,True
2025-12-11,solana,Index,GMTrade,,,,,,0.2999193,,,,,,,,,,,,,,3.0,,,,,,,0.0,,,,,,,,,,,,,,,,,,,,,0.0999731,,,,,,,,,,,,,,3,,,,,,,#904ea6,,,True
2025-12-11,solana,Index,_SPY,SPY,,0.1999456,,,,,,,,,,,,,,2.0,,,,,,,0.0,,,,,,,,,,,,,,,,,,,,,0.0999728,,,,,,,,,,,,,,2,,,,,,,#f79009,,,,,,True
2025-12-11,solana,Index,Large Cap,,,,,0.0999737,,,,,,,,,,,,,,1.0,,,,,,,0.0,,,,,,,,,,,,,,,,,,,,,0.0999737,,,,,,,,,,,,,,3,,,,,,,#904ea6,,,,True
2025-12-11,solana,Index,_QQQ,QQQ,,0.0999737,,,,,,,,,,,,,,1.0,,,,,,,0.0,,,,,,,,,,,,,,,,,,,,,0.0999737,,,,,,,,,,,,,,4,,,,,,,#63b512,,,,,,True
2025-12-10,solana,Index,___GMTrade,GMTrade,,,,,,100.32563625021655,,,,,,,,,,,,,,4.0,,,,,,,100.02569825021655,,,,,,,,,,,,,,,,,,,,,25.081409062554137,,,,,,,,,,,,,,3,,,,,,,#904ea6,,True
2025-12-10,solana,Index,Total,,100.32563625021655,,,,,,,,,,,,,,4.0,,,,,,,100.02569825021655,,,,,,,,,,,,,,,,,,,,,25.081409062554137,,,,,,,,,,,,,,1.0,,,,,,,#545cf8,,,,,,,True
2025-12-10,solana,Index,_SPY,SPY,,100.22565745021654,,,,,,,,,,,,,,3.0,,,,,,,100.02569825021655,,,,,,,,,,,,,,,,,,,,,33.408552483405515,,,,,,,,,,,,,,2,,,,,,,#f79009,,,,,,True
2025-12-10,solana,Index,Broad Market,,,,,100.22565745021654,,,,,,,,,,,,,,3.0,,,,,,,100.02569825021655,,,,,,,,,,,,,,,,,,,,,33.408552483405515,,,,,,,,,,,,,,1,,,,,,,#545cf8,,,,True
2025-12-10,solana,Index,__Equity,Equity,,,100.32563625021655,,,,,,,,,,,,,,4.0,,,,,,,100.02569825021655,,,,,,,,,,,,,,,,,,,,,25.081409062554137,,,,,,,,,,,,,,1,,,,,,,#545cf8,,,,,True
2025-12-10,solana,Index,_QQQ,QQQ,,0.0999788,,,,,,,,,,,,,,1.0,,,,,,,0.0,,,,,,,,,,,,,,,,,,,,,0.0999788,,,,,,,,,,,,,,4,,,,,,,#63b512,,,,,,True
2025-12-10,solana,Index,Large Cap,,,,,0.0999788,,,,,,,,,,,,,,1.0,,,,,,,0.0,,,,,,,,,,,,,,,,,,,,,0.0999788,,,,,,,,,,,,,,3,,,,,,,#904ea6,,,,True
2025-12-10,solana,Index,GMTrade,,,,,,100.32563625021655,,,,,,,,,,,,,,4.0,,,,,,,100.02569825021655,,,,,,,,,,,,,,,,,,,,,25.081409062554137,,,,,,,,,,,,,,3,,,,,,,#904ea6,,,True
2025-12-09,solana,Index,GMTrade,,,,,,0.2999409,,,,,,,,,,,,,,3.0,,,,,,,0.0,,,,,,,,,,,,,,,,,,,,,0.09998030000000001,,,,,,,,,,,,,,3,,,,,,,#904ea6,,,True
2025-12-09,solana,Index,___GMTrade,GMTrade,,,,,,0.2999409,,,,,,,,,,,,,,3.0,,,,,,,0.0,,,,,,,,,,,,,,,,,,,,,0.09998030000000001,,,,,,,,,,,,,,3,,,,,,,#904ea6,,True
2025-12-09,solana,Index,__Equity,Equity,,,0.2999409,,,,,,,,,,,,,,3.0,,,,,,,0.0,,,,,,,,,,,,,,,,,,,,,0.09998030000000001,,,,,,,,,,,,,,1,,,,,,,#545cf8,,,,,True
2025-12-09,solana,Index,_QQQ,QQQ,,0.0999804,,,,,,,,,,,,,,1.0,,,,,,,0.0,,,,,,,,,,,,,,,,,,,,,0.0999804,,,,,,,,,,,,,,4,,,,,,,#63b512,,,,,,True
2025-12-09,solana,Index,Total,,0.2999409,,,,,,,,,,,,,,3.0,,,,,,,0.0,,,,,,,,,,,,,,,,,,,,,0.09998030000000001,,,,,,,,,,,,,,1.0,,,,,,,#545cf8,,,,,,,True
2025-12-09,solana,Index,Broad Market,,,,,0.1999605,,,,,,,,,,,,,,2.0,,,,,,,0.0,,,,,,,,,,,,,,,,,,,,,0.09998025,,,,,,,,,,,,,,1,,,,,,,#545cf8,,,,True
2025-12-09,solana,Index,Large Cap,,,,,0.0999804,,,,,,,,,,,,,,1.0,,,,,,,0.0,,,,,,,,,,,,,,,,,,,,,0.0999804,,,,,,,,,,,,,,3,,,,,,,#904ea6,,,,True
2025-12-09,solana,Index,_SPY,SPY,,0.1999605,,,,,,,,,,,,,,2.0,,,,,,,0.0,,,,,,,,,,,,,,,,,,,,,0.09998025,,,,,,,,,,,,,,2,,,,,,,#f79009,,,,,,True
2025-12-08,solana,Index,_SPY,SPY,,0.199937,,,,,,,,,,,,,,2.0,,,,,,,0.0,,,,,,,,,,,,,,,,,,,,,0.0999685,,,,,,,,,,,,,,2,,,,,,,#f79009,,,,,,True
2025-12-08,solana,Index,Total,,0.299904,,,,,,,,,,,,,,3.0,,,,,,,0.0,,,,,,,,,,,,,,,,,,,,,0.099968,,,,,,,,,,,,,,1.0,,,,,,,#545cf8,,,,,,,True
2025-12-08,solana,Index,Large Cap,,,,,0.099967,,,,,,,,,,,,,,1.0,,,,,,,0.0,,,,,,,,,,,,,,,,,,,,,0.099967,,,,,,,,,,,,,,3,,,,,,,#904ea6,,,,True
2025-12-08,solana,Index,___GMTrade,GMTrade,,,,,,0.299904,,,,,,,,,,,,,,3.0,,,,,,,0.0,,,,,,,,,,,,,,,,,,,,,0.099968,,,,,,,,,,,,,,3,,,,,,,#904ea6,,True
2025-12-08,solana,Index,GMTrade,,,,,,0.299904,,,,,,,,,,,,,,3.0,,,,,,,0.0,,,,,,,,,,,,,,,,,,,,,0.099968,,,,,,,,,,,,,,3,,,,,,,#904ea6,,,True
2025-12-08,solana,Index,Broad Market,,,,,0.199937,,,,,,,,,,,,,,2.0,,,,,,,0.0,,,,,,,,,,,,,,,,,,,,,0.0999685,,,,,,,,,,,,,,1,,,,,,,#545cf8,,,,True
2025-12-08,solana,Index,_QQQ,QQQ,,0.099967,,,,,,,,,,,,,,1.0,,,,,,,0.0,,,,,,,,,,,,,,,,,,,,,0.099967,,,,,,,,,,,,,,4,,,,,,,#63b512,,,,,,True
2025-12-08,solana,Index,__Equity,Equity,,,0.299904,,,,,,,,,,,,,,3.0,,,,,,,0.0,,,,,,,,,,,,,,,,,,,,,0.099968,,,,,,,,,,,,,,1,,,,,,,#545cf8,,,,,True
2025-12-07,solana,Index,Total,,,,,,,,,,,,,,,,,,,,,,,,,,,,,,,,,,,,,,,,,,,,,,,,,,,,,,,,,,1.0,,,,,,,#545cf8,,,,,,,True
2025-12-07,solana,Index,Broad Market,,,,,,,,,,,,,,,,,,,,,,,,,,,,,,,,,,,,,,,,,,,,,,,,,,,,,,,,,,,,,1,,,,,,,#545cf8,,,,True
2025-12-07,solana,Index,_QQQ,QQQ,,,,,,,,,,,,,,,,,,,,,,,,,,,,,,,,,,,,,,,,,,,,,,,,,,,,,,,,,,4,,,,,,,#63b512,,,,,,True
2025-12-07,solana,Index,__Equity,Equity,,,,,,,,,,,,,,,,,,,,,,,,,,,,,,,,,,,,,,,,,,,,,,,,,,,,,,,,,,,1,,,,,,,#545cf8,,,,,True
2025-12-07,solana,Index,GMTrade,,,,,,,,,,,,,,,,,,,,,,,,,,,,,,,,,,,,,,,,,,,,,,,,,,,,,,,,,,,,,,3,,,,,,,#904ea6,,,True
2025-12-07,solana,Index,_SPY,SPY,,,,,,,,,,,,,,,,,,,,,,,,,,,,,,,,,,,,,,,,,,,,,,,,,,,,,,,,,,2,,,,,,,#f79009,,,,,,True
2025-12-07,solana,Index,___GMTrade,GMTrade,,,,,,,,,,,,,,,,,,,,,,,,,,,,,,,,,,,,,,,,,,,,,,,,,,,,,,,,,,,,,,3,,,,,,,#904ea6,,True
2025-12-07,solana,Index,Large Cap,,,,,,,,,,,,,,,,,,,,,,,,,,,,,,,,,,,,,,,,,,,,,,,,,,,,,,,,,,,,,3,,,,,,,#904ea6,,,,True
2025-12-06,solana,Index,Large Cap,,,,,,,,,,,,,,,,,,,,,,,,,,,,,,,,,,,,,,,,,,,,,,,,,,,,,,,,,,,,,3,,,,,,,#904ea6,,,,True
2025-12-06,solana,Index,_QQQ,QQQ,,,,,,,,,,,,,,,,,,,,,,,,,,,,,,,,,,,,,,,,,,,,,,,,,,,,,,,,,,4,,,,,,,#63b512,,,,,,True
2025-12-06,solana,Index,__Equity,Equity,,,,,,,,,,,,,,,,,,,,,,,,,,,,,,,,,,,,,,,,,,,,,,,,,,,,,,,,,,,1,,,,,,,#545cf8,,,,,True
2025-12-06,solana,Index,___GMTrade,GMTrade,,,,,,,,,,,,,,,,,,,,,,,,,,,,,,,,,,,,,,,,,,,,,,,,,,,,,,,,,,,,,,3,,,,,,,#904ea6,,True
2025-12-06,solana,Index,Broad Market,,,,,,,,,,,,,,,,,,,,,,,,,,,,,,,,,,,,,,,,,,,,,,,,,,,,,,,,,,,,,1,,,,,,,#545cf8,,,,True
2025-12-06,solana,Index,GMTrade,,,,,,,,,,,,,,,,,,,,,,,,,,,,,,,,,,,,,,,,,,,,,,,,,,,,,,,,,,,,,,3,,,,,,,#904ea6,,,True
2025-12-06,solana,Index,_SPY,SPY,,,,,,,,,,,,,,,,,,,,,,,,,,,,,,,,,,,,,,,,,,,,,,,,,,,,,,,,,,2,,,,,,,#f79009,,,,,,True
2025-12-06,solana,Index,Total,,,,,,,,,,,,,,,,,,,,,,,,,,,,,,,,,,,,,,,,,,,,,,,,,,,,,,,,,,1.0,,,,,,,#545cf8,,,,,,,True
2025-12-05,solana,Index,__Equity,Equity,,,612.1434455,,,,,,,,,,,,,,4.0,,,,,,,0.0,,,,,,,,,,,,,,,,,,,,,153.035861375,,,,,,,,,,,,,,1,,,,,,,#545cf8,,,,,True
2025-12-05,solana,Index,Broad Market,,,,,612.0434615,,,,,,,,,,,,,,3.0,,,,,,,0.0,,,,,,,,,,,,,,,,,,,,,204.01448716666667,,,,,,,,,,,,,,1,,,,,,,#545cf8,,,,True
2025-12-05,solana,Index,_QQQ,QQQ,,0.099984,,,,,,,,,,,,,,1.0,,,,,,,0.0,,,,,,,,,,,,,,,,,,,,,0.099984,,,,,,,,,,,,,,4,,,,,,,#63b512,,,,,,True
2025-12-05,solana,Index,Large Cap,,,,,0.099984,,,,,,,,,,,,,,1.0,,,,,,,0.0,,,,,,,,,,,,,,,,,,,,,0.099984,,,,,,,,,,,,,,3,,,,,,,#904ea6,,,,True
2025-12-05,solana,Index,Total,,612.1434455,,,,,,,,,,,,,,4.0,,,,,,,0.0,,,,,,,,,,,,,,,,,,,,,153.035861375,,,,,,,,,,,,,,1.0,,,,,,,#545cf8,,,,,,,True
2025-12-05,solana,Index,_SPY,SPY,,612.0434615,,,,,,,,,,,,,,3.0,,,,,,,0.0,,,,,,,,,,,,,,,,,,,,,204.01448716666667,,,,,,,,,,,,,,2,,,,,,,#f79009,,,,,,True
2025-12-05,solana,Index,GMTrade,,,,,,612.1434455,,,,,,,,,,,,,,4.0,,,,,,,0.0,,,,,,,,,,,,,,,,,,,,,153.035861375,,,,,,,,,,,,,,3,,,,,,,#904ea6,,,True
2025-12-05,solana,Index,___GMTrade,GMTrade,,,,,,612.1434455,,,,,,,,,,,,,,4.0,,,,,,,0.0,,,,,,,,,,,,,,,,,,,,,153.035861375,,,,,,,,,,,,,,3,,,,,,,#904ea6,,True
2025-12-04,solana,Index,_SPY,SPY,,1314.313897977039,,,,,,,,,,,,,,4.0,,,,,,,0.0,,,,,,,,,,,,,,,,,,,,,328.57847449425975,,,,,,,,,,,,,,2,,,,,,,#f79009,,,,,,True
2025-12-04,solana,Index,GMTrade,,,,,,1314.413869377039,,,,,,,,,,,,,,5.0,,,,,,,0.0,,,,,,,,,,,,,,,,,,,,,262.8827738754078,,,,,,,,,,,,,,3,,,,,,,#904ea6,,,True
2025-12-04,solana,Index,Broad Market,,,,,1314.313897977039,,,,,,,,,,,,,,4.0,,,,,,,0.0,,,,,,,,,,,,,,,,,,,,,328.57847449425975,,,,,,,,,,,,,,1,,,,,,,#545cf8,,,,True
2025-12-04,solana,Index,_QQQ,QQQ,,0.0999714,,,,,,,,,,,,,,1.0,,,,,,,0.0,,,,,,,,,,,,,,,,,,,,,0.0999714,,,,,,,,,,,,,,4,,,,,,,#63b512,,,,,,True
2025-12-04,solana,Index,Large Cap,,,,,0.0999714,,,,,,,,,,,,,,1.0,,,,,,,0.0,,,,,,,,,,,,,,,,,,,,,0.0999714,,,,,,,,,,,,,,3,,,,,,,#904ea6,,,,True
2025-12-04,solana,Index,__Equity,Equity,,,1314.413869377039,,,,,,,,,,,,,,5.0,,,,,,,0.0,,,,,,,,,,,,,,,,,,,,,262.8827738754078,,,,,,,,,,,,,,1,,,,,,,#545cf8,,,,,True
2025-12-04,solana,Index,___GMTrade,GMTrade,,,,,,1314.413869377039,,,,,,,,,,,,,,5.0,,,,,,,0.0,,,,,,,,,,,,,,,,,,,,,262.8827738754078,,,,,,,,,,,,,,3,,,,,,,#904ea6,,True
2025-12-04,solana,Index,Total,,1314.413869377039,,,,,,,,,,,,,,5.0,,,,,,,0.0,,,,,,,,,,,,,,,,,,,,,262.8827738754078,,,,,,,,,,,,,,1.0,,,,,,,#545cf8,,,,,,,True
2025-12-03,solana,Index,___GMTrade,GMTrade,,,,,,0.2999457,,,,,,,,,,,,,,3.0,,,,,,,0.0,,,,,,,,,,,,,,,,,,,,,0.0999819,,,,,,,,,,,,,,3,,,,,,,#904ea6,,True
2025-12-03,solana,Index,__Equity,Equity,,,0.2999457,,,,,,,,,,,,,,3.0,,,,,,,0.0,,,,,,,,,,,,,,,,,,,,,0.0999819,,,,,,,,,,,,,,1,,,,,,,#545cf8,,,,,True
2025-12-03,solana,Index,_SPY,SPY,,0.1999607,,,,,,,,,,,,,,2.0,,,,,,,0.0,,,,,,,,,,,,,,,,,,,,,0.09998035,,,,,,,,,,,,,,2,,,,,,,#f79009,,,,,,True
2025-12-03,solana,Index,Broad Market,,,,,0.1999607,,,,,,,,,,,,,,2.0,,,,,,,0.0,,,,,,,,,,,,,,,,,,,,,0.09998035,,,,,,,,,,,,,,1,,,,,,,#545cf8,,,,True
2025-12-03,solana,Index,_QQQ,QQQ,,0.099985,,,,,,,,,,,,,,1.0,,,,,,,0.0,,,,,,,,,,,,,,,,,,,,,0.099985,,,,,,,,,,,,,,4,,,,,,,#63b512,,,,,,True
2025-12-03,solana,Index,GMTrade,,,,,,0.2999457,,,,,,,,,,,,,,3.0,,,,,,,0.0,,,,,,,,,,,,,,,,,,,,,0.0999819,,,,,,,,,,,,,,3,,,,,,,#904ea6,,,True
2025-12-03,solana,Index,Total,,0.2999457,,,,,,,,,,,,,,3.0,,,,,,,0.0,,,,,,,,,,,,,,,,,,,,,0.0999819,,,,,,,,,,,,,,1.0,,,,,,,#545cf8,,,,,,,True
2025-12-03,solana,Index,Large Cap,,,,,0.099985,,,,,,,,,,,,,,1.0,,,,,,,0.0,,,,,,,,,,,,,,,,,,,,,0.099985,,,,,,,,,,,,,,3,,,,,,,#904ea6,,,,True
2025-12-02,solana,Index,__Equity,Equity,,,0.2999092,,,,,,,,,,,,,,3.0,,,,,,,0.0,,,,,,,,,,,,,,,,,,,,,0.09996973333333332,,,,,,,,,,,,,,1,,,,,,,#545cf8,,,,,True
2025-12-02,solana,Index,Total,,0.2999092,,,,,,,,,,,,,,3.0,,,,,,,0.0,,,,,,,,,,,,,,,,,,,,,0.09996973333333332,,,,,,,,,,,,,,1.0,,,,,,,#545cf8,,,,,,,True
2025-12-02,solana,Index,___GMTrade,GMTrade,,,,,,0.2999092,,,,,,,,,,,,,,3.0,,,,,,,0.0,,,,,,,,,,,,,,,,,,,,,0.09996973333333332,,,,,,,,,,,,,,3,,,,,,,#904ea6,,True
2025-12-02,solana,Index,GMTrade,,,,,,0.2999092,,,,,,,,,,,,,,3.0,,,,,,,0.0,,,,,,,,,,,,,,,,,,,,,0.09996973333333332,,,,,,,,,,,,,,3,,,,,,,#904ea6,,,True
2025-12-02,solana,Index,_QQQ,QQQ,,0.099969,,,,,,,,,,,,,,1.0,,,,,,,0.0,,,,,,,,,,,,,,,,,,,,,0.099969,,,,,,,,,,,,,,4,,,,,,,#63b512,,,,,,True
2025-12-02,solana,Index,Broad Market,,,,,0.1999402,,,,,,,,,,,,,,2.0,,,,,,,0.0,,,,,,,,,,,,,,,,,,,,,0.0999701,,,,,,,,,,,,,,1,,,,,,,#545cf8,,,,True
2025-12-02,solana,Index,_SPY,SPY,,0.1999402,,,,,,,,,,,,,,2.0,,,,,,,0.0,,,,,,,,,,,,,,,,,,,,,0.0999701,,,,,,,,,,,,,,2,,,,,,,#f79009,,,,,,True
2025-12-02,solana,Index,Large Cap,,,,,0.099969,,,,,,,,,,,,,,1.0,,,,,,,0.0,,,,,,,,,,,,,,,,,,,,,0.099969,,,,,,,,,,,,,,3,,,,,,,#904ea6,,,,True
2025-12-01,solana,Index,___GMTrade,GMTrade,,,,,,0.2999135,,,,,,,,,,,,,,3.0,,,,,,,0.0,,,,,,,,,,,,,,,,,,,,,0.09997116666666667,,,,,,,,,,,,,,3,,,,,,,#904ea6,,True
2025-12-01,solana,Index,Broad Market,,,,,0.1999435,,,,,,,,,,,,,,2.0,,,,,,,0.0,,,,,,,,,,,,,,,,,,,,,0.09997175,,,,,,,,,,,,,,1,,,,,,,#545cf8,,,,True
2025-12-01,solana,Index,Large Cap,,,,,0.09997,,,,,,,,,,,,,,1.0,,,,,,,0.0,,,,,,,,,,,,,,,,,,,,,0.09997,,,,,,,,,,,,,,3,,,,,,,#904ea6,,,,True
2025-12-01,solana,Index,_QQQ,QQQ,,0.09997,,,,,,,,,,,,,,1.0,,,,,,,0.0,,,,,,,,,,,,,,,,,,,,,0.09997,,,,,,,,,,,,,,4,,,,,,,#63b512,,,,,,True
2025-12-01,solana,Index,GMTrade,,,,,,0.2999135,,,,,,,,,,,,,,3.0,,,,,,,0.0,,,,,,,,,,,,,,,,,,,,,0.09997116666666667,,,,,,,,,,,,,,3,,,,,,,#904ea6,,,True
2025-12-01,solana,Index,Total,,0.2999135,,,,,,,,,,,,,,3.0,,,,,,,0.0,,,,,,,,,,,,,,,,,,,,,0.09997116666666667,,,,,,,,,,,,,,1.0,,,,,,,#545cf8,,,,,,,True
2025-12-01,solana,Index,__Equity,Equity,,,0.2999135,,,,,,,,,,,,,,3.0,,,,,,,0.0,,,,,,,,,,,,,,,,,,,,,0.09997116666666667,,,,,,,,,,,,,,1,,,,,,,#545cf8,,,,,True
2025-12-01,solana,Index,_SPY,SPY,,0.1999435,,,,,,,,,,,,,,2.0,,,,,,,0.0,,,,,,,,,,,,,,,,,,,,,0.09997175,,,,,,,,,,,,,,2,,,,,,,#f79009,,,,,,True
2025-11-30,solana,Index,__Equity,Equity,,,,,,,,,,,,,,,,,,,,,,,,,,,,,,,,,,,,,,,,,,,,,,,,,,,,,,,,,,,1,,,,,,,#545cf8,,,,,True
2025-11-30,solana,Index,Large Cap,,,,,,,,,,,,,,,,,,,,,,,,,,,,,,,,,,,,,,,,,,,,,,,,,,,,,,,,,,,,,3,,,,,,,#904ea6,,,,True
2025-11-30,solana,Index,Broad Market,,,,,,,,,,,,,,,,,,,,,,,,,,,,,,,,,,,,,,,,,,,,,,,,,,,,,,,,,,,,,1,,,,,,,#545cf8,,,,True
2025-11-30,solana,Index,___GMTrade,GMTrade,,,,,,,,,,,,,,,,,,,,,,,,,,,,,,,,,,,,,,,,,,,,,,,,,,,,,,,,,,,,,,3,,,,,,,#904ea6,,True
2025-11-30,solana,Index,GMTrade,,,,,,,,,,,,,,,,,,,,,,,,,,,,,,,,,,,,,,,,,,,,,,,,,,,,,,,,,,,,,,3,,,,,,,#904ea6,,,True
2025-11-30,solana,Index,Total,,,,,,,,,,,,,,,,,,,,,,,,,,,,,,,,,,,,,,,,,,,,,,,,,,,,,,,,,,1.0,,,,,,,#545cf8,,,,,,,True
2025-11-30,solana,Index,_SPY,SPY,,,,,,,,,,,,,,,,,,,,,,,,,,,,,,,,,,,,,,,,,,,,,,,,,,,,,,,,,,2,,,,,,,#f79009,,,,,,True
2025-11-30,solana,Index,_QQQ,QQQ,,,,,,,,,,,,,,,,,,,,,,,,,,,,,,,,,,,,,,,,,,,,,,,,,,,,,,,,,,4,,,,,,,#63b512,,,,,,True
2025-11-29,solana,Index,___GMTrade,GMTrade,,,,,,,,,,,,,,,,,,,,,,,,,,,,,,,,,,,,,,,,,,,,,,,,,,,,,,,,,,,,,,3,,,,,,,#904ea6,,True
2025-11-29,solana,Index,GMTrade,,,,,,,,,,,,,,,,,,,,,,,,,,,,,,,,,,,,,,,,,,,,,,,,,,,,,,,,,,,,,,3,,,,,,,#904ea6,,,True
2025-11-29,solana,Index,__Equity,Equity,,,,,,,,,,,,,,,,,,,,,,,,,,,,,,,,,,,,,,,,,,,,,,,,,,,,,,,,,,,1,,,,,,,#545cf8,,,,,True
2025-11-29,solana,Index,_QQQ,QQQ,,,,,,,,,,,,,,,,,,,,,,,,,,,,,,,,,,,,,,,,,,,,,,,,,,,,,,,,,,4,,,,,,,#63b512,,,,,,True
2025-11-29,solana,Index,Broad Market,,,,,,,,,,,,,,,,,,,,,,,,,,,,,,,,,,,,,,,,,,,,,,,,,,,,,,,,,,,,,1,,,,,,,#545cf8,,,,True
2025-11-29,solana,Index,_SPY,SPY,,,,,,,,,,,,,,,,,,,,,,,,,,,,,,,,,,,,,,,,,,,,,,,,,,,,,,,,,,2,,,,,,,#f79009,,,,,,True
2025-11-29,solana,Index,Large Cap,,,,,,,,,,,,,,,,,,,,,,,,,,,,,,,,,,,,,,,,,,,,,,,,,,,,,,,,,,,,,3,,,,,,,#904ea6,,,,True
2025-11-29,solana,Index,Total,,,,,,,,,,,,,,,,,,,,,,,,,,,,,,,,,,,,,,,,,,,,,,,,,,,,,,,,,,1.0,,,,,,,#545cf8,,,,,,,True
2025-11-28,solana,Index,_SPY,SPY,,0.0999715,,,,,,,,,,,,,,1.0,,,,,,,0.0,,,,,,,,,,,,,,,,,,,,,0.0999715,,,,,,,,,,,,,,2,,,,,,,#f79009,,,,,,True
2025-11-28,solana,Index,GMTrade,,,,,,0.0999715,,,,,,,,,,,,,,1.0,,,,,,,0.0,,,,,,,,,,,,,,,,,,,,,0.0999715,,,,,,,,,,,,,,3,,,,,,,#904ea6,,,True
2025-11-28,solana,Index,Total,,0.0999715,,,,,,,,,,,,,,1.0,,,,,,,0.0,,,,,,,,,,,,,,,,,,,,,0.0999715,,,,,,,,,,,,,,1.0,,,,,,,#545cf8,,,,,,,True
2025-11-28,solana,Index,_QQQ,QQQ,,,,,,,,,,,,,,,,,,,,,,,,,,,,,,,,,,,,,,,,,,,,,,,,,,,,,,,,,,4,,,,,,,#63b512,,,,,,True
2025-11-28,solana,Index,__Equity,Equity,,,0.0999715,,,,,,,,,,,,,,1.0,,,,,,,0.0,,,,,,,,,,,,,,,,,,,,,0.0999715,,,,,,,,,,,,,,1,,,,,,,#545cf8,,,,,True
2025-11-28,solana,Index,Broad Market,,,,,0.0999715,,,,,,,,,,,,,,1.0,,,,,,,0.0,,,,,,,,,,,,,,,,,,,,,0.0999715,,,,,,,,,,,,,,1,,,,,,,#545cf8,,,,True
2025-11-28,solana,Index,Large Cap,,,,,,,,,,,,,,,,,,,,,,,,,,,,,,,,,,,,,,,,,,,,,,,,,,,,,,,,,,,,,3,,,,,,,#904ea6,,,,True
2025-11-28,solana,Index,___GMTrade,GMTrade,,,,,,0.0999715,,,,,,,,,,,,,,1.0,,,,,,,0.0,,,,,,,,,,,,,,,,,,,,,0.0999715,,,,,,,,,,,,,,3,,,,,,,#904ea6,,True
2025-11-27,solana,Index,Total,,,,,,,,,,,,,,,,,,,,,,,,,,,,,,,,,,,,,,,,,,,,,,,,,,,,,,,,,,1.0,,,,,,,#545cf8,,,,,,,True
2025-11-27,solana,Index,_QQQ,QQQ,,,,,,,,,,,,,,,,,,,,,,,,,,,,,,,,,,,,,,,,,,,,,,,,,,,,,,,,,,4,,,,,,,#63b512,,,,,,True
2025-11-27,solana,Index,_SPY,SPY,,,,,,,,,,,,,,,,,,,,,,,,,,,,,,,,,,,,,,,,,,,,,,,,,,,,,,,,,,2,,,,,,,#f79009,,,,,,True
2025-11-27,solana,Index,Large Cap,,,,,,,,,,,,,,,,,,,,,,,,,,,,,,,,,,,,,,,,,,,,,,,,,,,,,,,,,,,,,3,,,,,,,#904ea6,,,,True
2025-11-27,solana,Index,Broad Market,,,,,,,,,,,,,,,,,,,,,,,,,,,,,,,,,,,,,,,,,,,,,,,,,,,,,,,,,,,,,1,,,,,,,#545cf8,,,,True
2025-11-27,solana,Index,GMTrade,,,,,,,,,,,,,,,,,,,,,,,,,,,,,,,,,,,,,,,,,,,,,,,,,,,,,,,,,,,,,,3,,,,,,,#904ea6,,,True
2025-11-27,solana,Index,___GMTrade,GMTrade,,,,,,,,,,,,,,,,,,,,,,,,,,,,,,,,,,,,,,,,,,,,,,,,,,,,,,,,,,,,,,3,,,,,,,#904ea6,,True
2025-11-27,solana,Index,__Equity,Equity,,,,,,,,,,,,,,,,,,,,,,,,,,,,,,,,,,,,,,,,,,,,,,,,,,,,,,,,,,,1,,,,,,,#545cf8,,,,,True
2025-11-26,solana,Index,_QQQ,QQQ,,0.0999655,,,,,,,,,,,,,,1.0,,,,,,,0.0,,,,,,,,,,,,,,,,,,,,,0.0999655,,,,,,,,,,,,,,4,,,,,,,#63b512,,,,,,True
2025-11-26,solana,Index,GMTrade,,,,,,0.2999063,,,,,,,,,,,,,,3.0,,,,,,,0.0,,,,,,,,,,,,,,,,,,,,,0.09996876666666667,,,,,,,,,,,,,,3,,,,,,,#904ea6,,,True
2025-11-26,solana,Index,__Equity,Equity,,,0.2999063,,,,,,,,,,,,,,3.0,,,,,,,0.0,,,,,,,,,,,,,,,,,,,,,0.09996876666666667,,,,,,,,,,,,,,1,,,,,,,#545cf8,,,,,True
2025-11-26,solana,Index,___GMTrade,GMTrade,,,,,,0.2999063,,,,,,,,,,,,,,3.0,,,,,,,0.0,,,,,,,,,,,,,,,,,,,,,0.09996876666666667,,,,,,,,,,,,,,3,,,,,,,#904ea6,,True
2025-11-26,solana,Index,Total,,0.2999063,,,,,,,,,,,,,,3.0,,,,,,,0.0,,,,,,,,,,,,,,,,,,,,,0.09996876666666667,,,,,,,,,,,,,,1.0,,,,,,,#545cf8,,,,,,,True
2025-11-26,solana,Index,Broad Market,,,,,0.1999408,,,,,,,,,,,,,,2.0,,,,,,,0.0,,,,,,,,,,,,,,,,,,,,,0.0999704,,,,,,,,,,,,,,1,,,,,,,#545cf8,,,,True
2025-11-26,solana,Index,_SPY,SPY,,0.1999408,,,,,,,,,,,,,,2.0,,,,,,,0.0,,,,,,,,,,,,,,,,,,,,,0.0999704,,,,,,,,,,,,,,2,,,,,,,#f79009,,,,,,True
2025-11-26,solana,Index,Large Cap,,,,,0.0999655,,,,,,,,,,,,,,1.0,,,,,,,0.0,,,,,,,,,,,,,,,,,,,,,0.0999655,,,,,,,,,,,,,,3,,,,,,,#904ea6,,,,True
2025-11-25,solana,Index,__Equity,Equity,,,0.2998974,,,,,,,,,,,,,,3.0,,,,,,,0.0,,,,,,,,,,,,,,,,,,,,,0.0999658,,,,,,,,,,,,,,1,,,,,,,#545cf8,,,,,True
2025-11-25,solana,Index,_SPY,SPY,,0.1999309,,,,,,,,,,,,,,2.0,,,,,,,0.0,,,,,,,,,,,,,,,,,,,,,0.09996545,,,,,,,,,,,,,,2,,,,,,,#f79009,,,,,,True
2025-11-25,solana,Index,GMTrade,,,,,,0.2998974,,,,,,,,,,,,,,3.0,,,,,,,0.0,,,,,,,,,,,,,,,,,,,,,0.0999658,,,,,,,,,,,,,,3,,,,,,,#904ea6,,,True
2025-11-25,solana,Index,Total,,0.2998974,,,,,,,,,,,,,,3.0,,,,,,,0.0,,,,,,,,,,,,,,,,,,,,,0.0999658,,,,,,,,,,,,,,1.0,,,,,,,#545cf8,,,,,,,True
2025-11-25,solana,Index,Large Cap,,,,,0.0999665,,,,,,,,,,,,,,1.0,,,,,,,0.0,,,,,,,,,,,,,,,,,,,,,0.0999665,,,,,,,,,,,,,,3,,,,,,,#904ea6,,,,True
2025-11-25,solana,Index,Broad Market,,,,,0.1999309,,,,,,,,,,,,,,2.0,,,,,,,0.0,,,,,,,,,,,,,,,,,,,,,0.09996545,,,,,,,,,,,,,,1,,,,,,,#545cf8,,,,True
2025-11-25,solana,Index,___GMTrade,GMTrade,,,,,,0.2998974,,,,,,,,,,,,,,3.0,,,,,,,0.0,,,,,,,,,,,,,,,,,,,,,0.0999658,,,,,,,,,,,,,,3,,,,,,,#904ea6,,True
2025-11-25,solana,Index,_QQQ,QQQ,,0.0999665,,,,,,,,,,,,,,1.0,,,,,,,0.0,,,,,,,,,,,,,,,,,,,,,0.0999665,,,,,,,,,,,,,,4,,,,,,,#63b512,,,,,,True
2025-11-24,solana,Index,Large Cap,,,,,0.0999753,,,,,,,,,,,,,,1.0,,,,,,,0.0,,,,,,,,,,,,,,,,,,,,,0.0999753,,,,,,,,,,,,,,3,,,,,,,#904ea6,,,,True
2025-11-24,solana,Index,_SPY,SPY,,0.199944,,,,,,,,,,,,,,2.0,,,,,,,0.0,,,,,,,,,,,,,,,,,,,,,0.099972,,,,,,,,,,,,,,2,,,,,,,#f79009,,,,,,True
2025-11-24,solana,Index,_QQQ,QQQ,,0.0999753,,,,,,,,,,,,,,1.0,,,,,,,0.0,,,,,,,,,,,,,,,,,,,,,0.0999753,,,,,,,,,,,,,,4,,,,,,,#63b512,,,,,,True
2025-11-24,solana,Index,Broad Market,,,,,0.199944,,,,,,,,,,,,,,2.0,,,,,,,0.0,,,,,,,,,,,,,,,,,,,,,0.099972,,,,,,,,,,,,,,1,,,,,,,#545cf8,,,,True
2025-11-24,solana,Index,GMTrade,,,,,,0.2999193,,,,,,,,,,,,,,3.0,,,,,,,0.0,,,,,,,,,,,,,,,,,,,,,0.0999731,,,,,,,,,,,,,,3,,,,,,,#904ea6,,,True
2025-11-24,solana,Index,Total,,0.2999193,,,,,,,,,,,,,,3.0,,,,,,,0.0,,,,,,,,,,,,,,,,,,,,,0.0999731,,,,,,,,,,,,,,1.0,,,,,,,#545cf8,,,,,,,True
2025-11-24,solana,Index,___GMTrade,GMTrade,,,,,,0.2999193,,,,,,,,,,,,,,3.0,,,,,,,0.0,,,,,,,,,,,,,,,,,,,,,0.0999731,,,,,,,,,,,,,,3,,,,,,,#904ea6,,True
2025-11-24,solana,Index,__Equity,Equity,,,0.2999193,,,,,,,,,,,,,,3.0,,,,,,,0.0,,,,,,,,,,,,,,,,,,,,,0.0999731,,,,,,,,,,,,,,1,,,,,,,#545cf8,,,,,True
2025-11-23,solana,Index,Broad Market,,,,,,,,,,,,,,,,,,,,,,,,,,,,,,,,,,,,,,,,,,,,,,,,,,,,,,,,,,,,,1,,,,,,,#545cf8,,,,True
2025-11-23,solana,Index,__Equity,Equity,,,,,,,,,,,,,,,,,,,,,,,,,,,,,,,,,,,,,,,,,,,,,,,,,,,,,,,,,,,1,,,,,,,#545cf8,,,,,True
2025-11-23,solana,Index,Large Cap,,,,,,,,,,,,,,,,,,,,,,,,,,,,,,,,,,,,,,,,,,,,,,,,,,,,,,,,,,,,,3,,,,,,,#904ea6,,,,True
2025-11-23,solana,Index,_QQQ,QQQ,,,,,,,,,,,,,,,,,,,,,,,,,,,,,,,,,,,,,,,,,,,,,,,,,,,,,,,,,,4,,,,,,,#63b512,,,,,,True
2025-11-23,solana,Index,GMTrade,,,,,,,,,,,,,,,,,,,,,,,,,,,,,,,,,,,,,,,,,,,,,,,,,,,,,,,,,,,,,,3,,,,,,,#904ea6,,,True
2025-11-23,solana,Index,_SPY,SPY,,,,,,,,,,,,,,,,,,,,,,,,,,,,,,,,,,,,,,,,,,,,,,,,,,,,,,,,,,2,,,,,,,#f79009,,,,,,True
2025-11-23,solana,Index,___GMTrade,GMTrade,,,,,,,,,,,,,,,,,,,,,,,,,,,,,,,,,,,,,,,,,,,,,,,,,,,,,,,,,,,,,,3,,,,,,,#904ea6,,True
2025-11-23,solana,Index,Total,,,,,,,,,,,,,,,,,,,,,,,,,,,,,,,,,,,,,,,,,,,,,,,,,,,,,,,,,,1.0,,,,,,,#545cf8,,,,,,,True
2025-11-22,solana,Index,_QQQ,QQQ,,,,,,,,,,,,,,,,,,,,,,,,,,,,,,,,,,,,,,,,,,,,,,,,,,,,,,,,,,4,,,,,,,#63b512,,,,,,True
2025-11-22,solana,Index,Broad Market,,,,,,,,,,,,,,,,,,,,,,,,,,,,,,,,,,,,,,,,,,,,,,,,,,,,,,,,,,,,,1,,,,,,,#545cf8,,,,True
2025-11-22,solana,Index,GMTrade,,,,,,,,,,,,,,,,,,,,,,,,,,,,,,,,,,,,,,,,,,,,,,,,,,,,,,,,,,,,,,3,,,,,,,#904ea6,,,True
2025-11-22,solana,Index,Large Cap,,,,,,,,,,,,,,,,,,,,,,,,,,,,,,,,,,,,,,,,,,,,,,,,,,,,,,,,,,,,,3,,,,,,,#904ea6,,,,True
2025-11-22,solana,Index,__Equity,Equity,,,,,,,,,,,,,,,,,,,,,,,,,,,,,,,,,,,,,,,,,,,,,,,,,,,,,,,,,,,1,,,,,,,#545cf8,,,,,True
2025-11-22,solana,Index,Total,,,,,,,,,,,,,,,,,,,,,,,,,,,,,,,,,,,,,,,,,,,,,,,,,,,,,,,,,,1.0,,,,,,,#545cf8,,,,,,,True
2025-11-22,solana,Index,___GMTrade,GMTrade,,,,,,,,,,,,,,,,,,,,,,,,,,,,,,,,,,,,,,,,,,,,,,,,,,,,,,,,,,,,,,3,,,,,,,#904ea6,,True
2025-11-22,solana,Index,_SPY,SPY,,,,,,,,,,,,,,,,,,,,,,,,,,,,,,,,,,,,,,,,,,,,,,,,,,,,,,,,,,2,,,,,,,#f79009,,,,,,True
2025-11-21,solana,Index,___GMTrade,GMTrade,,,,,,1790.3538891881,,,,,,,,,,,,,,2.0,,,,,,,0.0,,,,,,,,,,,,,,,,,,,,,895.17694459405,,,,,,,,,,,,,,3,,,,,,,#904ea6,,True
2025-11-21,solana,Index,Total,,1790.3538891881,,,,,,,,,,,,,,2.0,,,,,,,0.0,,,,,,,,,,,,,,,,,,,,,895.17694459405,,,,,,,,,,,,,,1.0,,,,,,,#545cf8,,,,,,,True
2025-11-21,solana,Index,_QQQ,QQQ,,,,,,,,,,,,,,,,,,,,,,,,,,,,,,,,,,,,,,,,,,,,,,,,,,,,,,,,,,4,,,,,,,#63b512,,,,,,True
2025-11-21,solana,Index,__Equity,Equity,,,1790.3538891881,,,,,,,,,,,,,,2.0,,,,,,,0.0,,,,,,,,,,,,,,,,,,,,,895.17694459405,,,,,,,,,,,,,,1,,,,,,,#545cf8,,,,,True
2025-11-21,solana,Index,Broad Market,,,,,1790.3538891881,,,,,,,,,,,,,,2.0,,,,,,,0.0,,,,,,,,,,,,,,,,,,,,,895.17694459405,,,,,,,,,,,,,,1,,,,,,,#545cf8,,,,True
2025-11-21,solana,Index,_SPY,SPY,,1790.3538891881,,,,,,,,,,,,,,2.0,,,,,,,0.0,,,,,,,,,,,,,,,,,,,,,895.17694459405,,,,,,,,,,,,,,2,,,,,,,#f79009,,,,,,True
2025-11-21,solana,Index,Large Cap,,,,,,,,,,,,,,,,,,,,,,,,,,,,,,,,,,,,,,,,,,,,,,,,,,,,,,,,,,,,,3,,,,,,,#904ea6,,,,True
2025-11-21,solana,Index,GMTrade,,,,,,1790.3538891881,,,,,,,,,,,,,,2.0,,,,,,,0.0,,,,,,,,,,,,,,,,,,,,,895.17694459405,,,,,,,,,,,,,,3,,,,,,,#904ea6,,,True
2025-11-20,solana,Index,Large Cap,,,,,5.0980235,,,,,,,,,,,,,,2.0,,,,,,,0.0,,,,,,,,,,,,,,,,,,,,,2.54901175,,,,,,,,,,,,,,3,,,,,,,#904ea6,,,,True
2025-11-20,solana,Index,GMTrade,,,,,,5.1979797,,,,,,,,,,,,,,3.0,,,,,,,0.0,,,,,,,,,,,,,,,,,,,,,1.7326599,,,,,,,,,,,,,,3,,,,,,,#904ea6,,,True
2025-11-20,solana,Index,_QQQ,QQQ,,5.0980235,,,,,,,,,,,,,,2.0,,,,,,,0.0,,,,,,,,,,,,,,,,,,,,,2.54901175,,,,,,,,,,,,,,4,,,,,,,#63b512,,,,,,True
2025-11-20,solana,Index,Broad Market,,,,,0.0999562,,,,,,,,,,,,,,1.0,,,,,,,0.0,,,,,,,,,,,,,,,,,,,,,0.0999562,,,,,,,,,,,,,,1,,,,,,,#545cf8,,,,True
2025-11-20,solana,Index,Total,,5.1979797,,,,,,,,,,,,,,3.0,,,,,,,0.0,,,,,,,,,,,,,,,,,,,,,1.7326599,,,,,,,,,,,,,,1.0,,,,,,,#545cf8,,,,,,,True
2025-11-20,solana,Index,_SPY,SPY,,0.0999562,,,,,,,,,,,,,,1.0,,,,,,,0.0,,,,,,,,,,,,,,,,,,,,,0.0999562,,,,,,,,,,,,,,2,,,,,,,#f79009,,,,,,True
2025-11-20,solana,Index,__Equity,Equity,,,5.1979797,,,,,,,,,,,,,,3.0,,,,,,,0.0,,,,,,,,,,,,,,,,,,,,,1.7326599,,,,,,,,,,,,,,1,,,,,,,#545cf8,,,,,True
2025-11-20,solana,Index,___GMTrade,GMTrade,,,,,,5.1979797,,,,,,,,,,,,,,3.0,,,,,,,0.0,,,,,,,,,,,,,,,,,,,,,1.7326599,,,,,,,,,,,,,,3,,,,,,,#904ea6,,True
2025-11-19,solana,Index,__Equity,Equity,,,8775.645295560293,,,,,,,,,,,,,,7.0,,,,,,,0.0,,,,,,,,,,,,,,,,,,,,,1253.6636136514703,,,,,,,,,,,,,,1,,,,,,,#545cf8,,,,,True
2025-11-19,solana,Index,Total,,8775.645295560293,,,,,,,,,,,,,,7.0,,,,,,,0.0,,,,,,,,,,,,,,,,,,,,,1253.6636136514703,,,,,,,,,,,,,,1.0,,,,,,,#545cf8,,,,,,,True
2025-11-19,solana,Index,GMTrade,,,,,,8775.645295560293,,,,,,,,,,,,,,7.0,,,,,,,0.0,,,,,,,,,,,,,,,,,,,,,1253.6636136514703,,,,,,,,,,,,,,3,,,,,,,#904ea6,,,True
2025-11-19,solana,Index,Large Cap,,,,,0.099975,,,,,,,,,,,,,,1.0,,,,,,,0.0,,,,,,,,,,,,,,,,,,,,,0.099975,,,,,,,,,,,,,,3,,,,,,,#904ea6,,,,True
2025-11-19,solana,Index,___GMTrade,GMTrade,,,,,,8775.645295560293,,,,,,,,,,,,,,7.0,,,,,,,0.0,,,,,,,,,,,,,,,,,,,,,1253.6636136514703,,,,,,,,,,,,,,3,,,,,,,#904ea6,,True
2025-11-19,solana,Index,Broad Market,,,,,8775.545320560293,,,,,,,,,,,,,,6.0,,,,,,,0.0,,,,,,,,,,,,,,,,,,,,,1462.590886760049,,,,,,,,,,,,,,1,,,,,,,#545cf8,,,,True
2025-11-19,solana,Index,_SPY,SPY,,8775.545320560293,,,,,,,,,,,,,,6.0,,,,,,,0.0,,,,,,,,,,,,,,,,,,,,,1462.590886760049,,,,,,,,,,,,,,2,,,,,,,#f79009,,,,,,True
2025-11-19,solana,Index,_QQQ,QQQ,,0.099975,,,,,,,,,,,,,,1.0,,,,,,,0.0,,,,,,,,,,,,,,,,,,,,,0.099975,,,,,,,,,,,,,,4,,,,,,,#63b512,,,,,,True
2025-11-18,solana,Index,GMTrade,,,,,,307.72276524000006,,,,,,,,,,,,,,4.0,,,,,,,0.0,,,,,,,,,,,,,,,,,,,,,76.93069131000001,,,,,,,,,,,,,,3,,,,,,,#904ea6,,,True
2025-11-18,solana,Index,Total,,307.72276524000006,,,,,,,,,,,,,,4.0,,,,,,,0.0,,,,,,,,,,,,,,,,,,,,,76.93069131000001,,,,,,,,,,,,,,1.0,,,,,,,#545cf8,,,,,,,True
2025-11-18,solana,Index,_QQQ,QQQ,,0.0999734,,,,,,,,,,,,,,1.0,,,,,,,0.0,,,,,,,,,,,,,,,,,,,,,0.0999734,,,,,,,,,,,,,,4,,,,,,,#63b512,,,,,,True
2025-11-18,solana,Index,Large Cap,,,,,0.0999734,,,,,,,,,,,,,,1.0,,,,,,,0.0,,,,,,,,,,,,,,,,,,,,,0.0999734,,,,,,,,,,,,,,3,,,,,,,#904ea6,,,,True
2025-11-18,solana,Index,__Equity,Equity,,,307.72276524000006,,,,,,,,,,,,,,4.0,,,,,,,0.0,,,,,,,,,,,,,,,,,,,,,76.93069131000001,,,,,,,,,,,,,,1,,,,,,,#545cf8,,,,,True
2025-11-18,solana,Index,___GMTrade,GMTrade,,,,,,307.72276524000006,,,,,,,,,,,,,,4.0,,,,,,,0.0,,,,,,,,,,,,,,,,,,,,,76.93069131000001,,,,,,,,,,,,,,3,,,,,,,#904ea6,,True
2025-11-18,solana,Index,Broad Market,,,,,307.62279184000005,,,,,,,,,,,,,,3.0,,,,,,,0.0,,,,,,,,,,,,,,,,,,,,,102.54093061333334,,,,,,,,,,,,,,1,,,,,,,#545cf8,,,,True
2025-11-18,solana,Index,_SPY,SPY,,307.62279184000005,,,,,,,,,,,,,,3.0,,,,,,,0.0,,,,,,,,,,,,,,,,,,,,,102.54093061333334,,,,,,,,,,,,,,2,,,,,,,#f79009,,,,,,True
2025-11-17,solana,Index,_SPY,SPY,,0.199943,,,,,,,,,,,,,,2.0,,,,,,,0.0,,,,,,,,,,,,,,,,,,,,,0.0999715,,,,,,,,,,,,,,2,,,,,,,#f79009,,,,,,True
2025-11-17,solana,Index,__Equity,Equity,,,0.299913,,,,,,,,,,,,,,3.0,,,,,,,0.0,,,,,,,,,,,,,,,,,,,,,0.09997099999999999,,,,,,,,,,,,,,1,,,,,,,#545cf8,,,,,True
2025-11-17,solana,Index,Broad Market,,,,,0.199943,,,,,,,,,,,,,,2.0,,,,,,,0.0,,,,,,,,,,,,,,,,,,,,,0.0999715,,,,,,,,,,,,,,1,,,,,,,#545cf8,,,,True
2025-11-17,solana,Index,GMTrade,,,,,,0.299913,,,,,,,,,,,,,,3.0,,,,,,,0.0,,,,,,,,,,,,,,,,,,,,,0.09997099999999999,,,,,,,,,,,,,,3,,,,,,,#904ea6,,,True
2025-11-17,solana,Index,Large Cap,,,,,0.09997,,,,,,,,,,,,,,1.0,,,,,,,0.0,,,,,,,,,,,,,,,,,,,,,0.09997,,,,,,,,,,,,,,3,,,,,,,#904ea6,,,,True
2025-11-17,solana,Index,Total,,0.299913,,,,,,,,,,,,,,3.0,,,,,,,0.0,,,,,,,,,,,,,,,,,,,,,0.09997099999999999,,,,,,,,,,,,,,1.0,,,,,,,#545cf8,,,,,,,True
2025-11-17,solana,Index,___GMTrade,GMTrade,,,,,,0.299913,,,,,,,,,,,,,,3.0,,,,,,,0.0,,,,,,,,,,,,,,,,,,,,,0.09997099999999999,,,,,,,,,,,,,,3,,,,,,,#904ea6,,True
2025-11-17,solana,Index,_QQQ,QQQ,,0.09997,,,,,,,,,,,,,,1.0,,,,,,,0.0,,,,,,,,,,,,,,,,,,,,,0.09997,,,,,,,,,,,,,,4,,,,,,,#63b512,,,,,,True
2025-11-16,solana,Index,__Equity,Equity,,,,,,,,,,,,,,,,,,,,,,,,,,,,,,,,,,,,,,,,,,,,,,,,,,,,,,,,,,,1,,,,,,,#545cf8,,,,,True
2025-11-16,solana,Index,Large Cap,,,,,,,,,,,,,,,,,,,,,,,,,,,,,,,,,,,,,,,,,,,,,,,,,,,,,,,,,,,,,3,,,,,,,#904ea6,,,,True
2025-11-16,solana,Index,Total,,,,,,,,,,,,,,,,,,,,,,,,,,,,,,,,,,,,,,,,,,,,,,,,,,,,,,,,,,1.0,,,,,,,#545cf8,,,,,,,True
2025-11-16,solana,Index,_SPY,SPY,,,,,,,,,,,,,,,,,,,,,,,,,,,,,,,,,,,,,,,,,,,,,,,,,,,,,,,,,,2,,,,,,,#f79009,,,,,,True
2025-11-16,solana,Index,Broad Market,,,,,,,,,,,,,,,,,,,,,,,,,,,,,,,,,,,,,,,,,,,,,,,,,,,,,,,,,,,,,1,,,,,,,#545cf8,,,,True
2025-11-16,solana,Index,___GMTrade,GMTrade,,,,,,,,,,,,,,,,,,,,,,,,,,,,,,,,,,,,,,,,,,,,,,,,,,,,,,,,,,,,,,3,,,,,,,#904ea6,,True
2025-11-16,solana,Index,_QQQ,QQQ,,,,,,,,,,,,,,,,,,,,,,,,,,,,,,,,,,,,,,,,,,,,,,,,,,,,,,,,,,4,,,,,,,#63b512,,,,,,True
2025-11-16,solana,Index,GMTrade,,,,,,,,,,,,,,,,,,,,,,,,,,,,,,,,,,,,,,,,,,,,,,,,,,,,,,,,,,,,,,3,,,,,,,#904ea6,,,True
2025-11-15,solana,Index,Large Cap,,,,,,,,,,,,,,,,,,,,,,,,,,,,,,,,,,,,,,,,,,,,,,,,,,,,,,,,,,,,,3,,,,,,,#904ea6,,,,True
2025-11-15,solana,Index,_QQQ,QQQ,,,,,,,,,,,,,,,,,,,,,,,,,,,,,,,,,,,,,,,,,,,,,,,,,,,,,,,,,,4,,,,,,,#63b512,,,,,,True
2025-11-15,solana,Index,_SPY,SPY,,,,,,,,,,,,,,,,,,,,,,,,,,,,,,,,,,,,,,,,,,,,,,,,,,,,,,,,,,2,,,,,,,#f79009,,,,,,True
2025-11-15,solana,Index,Total,,,,,,,,,,,,,,,,,,,,,,,,,,,,,,,,,,,,,,,,,,,,,,,,,,,,,,,,,,1.0,,,,,,,#545cf8,,,,,,,True
2025-11-15,solana,Index,__Equity,Equity,,,,,,,,,,,,,,,,,,,,,,,,,,,,,,,,,,,,,,,,,,,,,,,,,,,,,,,,,,,1,,,,,,,#545cf8,,,,,True
2025-11-15,solana,Index,___GMTrade,GMTrade,,,,,,,,,,,,,,,,,,,,,,,,,,,,,,,,,,,,,,,,,,,,,,,,,,,,,,,,,,,,,,3,,,,,,,#904ea6,,True
2025-11-15,solana,Index,GMTrade,,,,,,,,,,,,,,,,,,,,,,,,,,,,,,,,,,,,,,,,,,,,,,,,,,,,,,,,,,,,,,3,,,,,,,#904ea6,,,True
2025-11-15,solana,Index,Broad Market,,,,,,,,,,,,,,,,,,,,,,,,,,,,,,,,,,,,,,,,,,,,,,,,,,,,,,,,,,,,,1,,,,,,,#545cf8,,,,True
2025-11-14,solana,Index,Broad Market,,,,,0.1999404,,,,,,,,,,,,,,2.0,,,,,,,0.0,,,,,,,,,,,,,,,,,,,,,0.0999702,,,,,,,,,,,,,,1,,,,,,,#545cf8,,,,True
2025-11-14,solana,Index,___GMTrade,GMTrade,,,,,,0.2999136,,,,,,,,,,,,,,3.0,,,,,,,0.0,,,,,,,,,,,,,,,,,,,,,0.0999712,,,,,,,,,,,,,,3,,,,,,,#904ea6,,True
2025-11-14,solana,Index,_SPY,SPY,,0.1999404,,,,,,,,,,,,,,2.0,,,,,,,0.0,,,,,,,,,,,,,,,,,,,,,0.0999702,,,,,,,,,,,,,,2,,,,,,,#f79009,,,,,,True
2025-11-14,solana,Index,__Equity,Equity,,,0.2999136,,,,,,,,,,,,,,3.0,,,,,,,0.0,,,,,,,,,,,,,,,,,,,,,0.0999712,,,,,,,,,,,,,,1,,,,,,,#545cf8,,,,,True
2025-11-14,solana,Index,Large Cap,,,,,0.0999732,,,,,,,,,,,,,,1.0,,,,,,,0.0,,,,,,,,,,,,,,,,,,,,,0.0999732,,,,,,,,,,,,,,3,,,,,,,#904ea6,,,,True
2025-11-14,solana,Index,Total,,0.2999136,,,,,,,,,,,,,,3.0,,,,,,,0.0,,,,,,,,,,,,,,,,,,,,,0.0999712,,,,,,,,,,,,,,1.0,,,,,,,#545cf8,,,,,,,True
2025-11-14,solana,Index,_QQQ,QQQ,,0.0999732,,,,,,,,,,,,,,1.0,,,,,,,0.0,,,,,,,,,,,,,,,,,,,,,0.0999732,,,,,,,,,,,,,,4,,,,,,,#63b512,,,,,,True
2025-11-14,solana,Index,GMTrade,,,,,,0.2999136,,,,,,,,,,,,,,3.0,,,,,,,0.0,,,,,,,,,,,,,,,,,,,,,0.0999712,,,,,,,,,,,,,,3,,,,,,,#904ea6,,,True
2025-11-13,solana,Index,_QQQ,QQQ,,0.0999785,,,,,,,,,,,,,,1.0,,,,,,,0.0,,,,,,,,,,,,,,,,,,,,,0.0999785,,,,,,,,,,,,,,4,,,,,,,#63b512,,,,,,True
2025-11-13,solana,Index,Large Cap,,,,,0.0999785,,,,,,,,,,,,,,1.0,,,,,,,0.0,,,,,,,,,,,,,,,,,,,,,0.0999785,,,,,,,,,,,,,,3,,,,,,,#904ea6,,,,True
2025-11-13,solana,Index,Broad Market,,,,,0.199958,,,,,,,,,,,,,,2.0,,,,,,,0.0,,,,,,,,,,,,,,,,,,,,,0.099979,,,,,,,,,,,,,,1,,,,,,,#545cf8,,,,True
2025-11-13,solana,Index,_SPY,SPY,,0.199958,,,,,,,,,,,,,,2.0,,,,,,,0.0,,,,,,,,,,,,,,,,,,,,,0.099979,,,,,,,,,,,,,,2,,,,,,,#f79009,,,,,,True
2025-11-13,solana,Index,__Equity,Equity,,,0.2999365,,,,,,,,,,,,,,3.0,,,,,,,0.0,,,,,,,,,,,,,,,,,,,,,0.09997883333333334,,,,,,,,,,,,,,1,,,,,,,#545cf8,,,,,True
2025-11-13,solana,Index,GMTrade,,,,,,0.2999365,,,,,,,,,,,,,,3.0,,,,,,,0.0,,,,,,,,,,,,,,,,,,,,,0.09997883333333334,,,,,,,,,,,,,,3,,,,,,,#904ea6,,,True
2025-11-13,solana,Index,Total,,0.2999365,,,,,,,,,,,,,,3.0,,,,,,,0.0,,,,,,,,,,,,,,,,,,,,,0.09997883333333334,,,,,,,,,,,,,,1.0,,,,,,,#545cf8,,,,,,,True
2025-11-13,solana,Index,___GMTrade,GMTrade,,,,,,0.2999365,,,,,,,,,,,,,,3.0,,,,,,,0.0,,,,,,,,,,,,,,,,,,,,,0.09997883333333334,,,,,,,,,,,,,,3,,,,,,,#904ea6,,True
2025-11-12,solana,Index,_SPY,SPY,,261.1852165545576,,,,,,,,,,,,,,3.0,,,,,,,0.0,,,,,,,,,,,,,,,,,,,,,87.0617388515192,,,,,,,,,,,,,,2,,,,,,,#f79009,,,,,,True
2025-11-12,solana,Index,__Equity,Equity,,,261.2851945545576,,,,,,,,,,,,,,4.0,,,,,,,0.0,,,,,,,,,,,,,,,,,,,,,65.3212986386394,,,,,,,,,,,,,,1,,,,,,,#545cf8,,,,,True
2025-11-12,solana,Index,Broad Market,,,,,261.1852165545576,,,,,,,,,,,,,,3.0,,,,,,,0.0,,,,,,,,,,,,,,,,,,,,,87.0617388515192,,,,,,,,,,,,,,1,,,,,,,#545cf8,,,,True
2025-11-12,solana,Index,Total,,261.2851945545576,,,,,,,,,,,,,,4.0,,,,,,,0.0,,,,,,,,,,,,,,,,,,,,,65.3212986386394,,,,,,,,,,,,,,1.0,,,,,,,#545cf8,,,,,,,True
2025-11-12,solana,Index,___GMTrade,GMTrade,,,,,,261.2851945545576,,,,,,,,,,,,,,4.0,,,,,,,0.0,,,,,,,,,,,,,,,,,,,,,65.3212986386394,,,,,,,,,,,,,,3,,,,,,,#904ea6,,True
2025-11-12,solana,Index,GMTrade,,,,,,261.2851945545576,,,,,,,,,,,,,,4.0,,,,,,,0.0,,,,,,,,,,,,,,,,,,,,,65.3212986386394,,,,,,,,,,,,,,3,,,,,,,#904ea6,,,True
2025-11-12,solana,Index,_QQQ,QQQ,,0.099978,,,,,,,,,,,,,,1.0,,,,,,,0.0,,,,,,,,,,,,,,,,,,,,,0.099978,,,,,,,,,,,,,,4,,,,,,,#63b512,,,,,,True
2025-11-12,solana,Index,Large Cap,,,,,0.099978,,,,,,,,,,,,,,1.0,,,,,,,0.0,,,,,,,,,,,,,,,,,,,,,0.099978,,,,,,,,,,,,,,3,,,,,,,#904ea6,,,,True
2025-11-11,solana,Index,_QQQ,QQQ,,0.099976,,,,,,,,,,,,,,1.0,,,,,,,0.0,,,,,,,,,,,,,,,,,,,,,0.099976,,,,,,,,,,,,,,4,,,,,,,#63b512,,,,,,True
2025-11-11,solana,Index,Large Cap,,,,,0.099976,,,,,,,,,,,,,,1.0,,,,,,,0.0,,,,,,,,,,,,,,,,,,,,,0.099976,,,,,,,,,,,,,,3,,,,,,,#904ea6,,,,True
2025-11-11,solana,Index,GMTrade,,,,,,3495.6932059186443,,,,,,,,,,,,,,5.0,,,,,,,0.0,,,,,,,,,,,,,,,,,,,,,699.1386411837289,,,,,,,,,,,,,,3,,,,,,,#904ea6,,,True
2025-11-11,solana,Index,__Equity,Equity,,,3495.6932059186443,,,,,,,,,,,,,,5.0,,,,,,,0.0,,,,,,,,,,,,,,,,,,,,,699.1386411837289,,,,,,,,,,,,,,1,,,,,,,#545cf8,,,,,True
2025-11-11,solana,Index,Broad Market,,,,,3495.5932299186443,,,,,,,,,,,,,,4.0,,,,,,,0.0,,,,,,,,,,,,,,,,,,,,,873.8983074796611,,,,,,,,,,,,,,1,,,,,,,#545cf8,,,,True
2025-11-11,solana,Index,Total,,3495.6932059186443,,,,,,,,,,,,,,5.0,,,,,,,0.0,,,,,,,,,,,,,,,,,,,,,699.1386411837289,,,,,,,,,,,,,,1.0,,,,,,,#545cf8,,,,,,,True
2025-11-11,solana,Index,___GMTrade,GMTrade,,,,,,3495.6932059186443,,,,,,,,,,,,,,5.0,,,,,,,0.0,,,,,,,,,,,,,,,,,,,,,699.1386411837289,,,,,,,,,,,,,,3,,,,,,,#904ea6,,True
2025-11-11,solana,Index,_SPY,SPY,,3495.5932299186443,,,,,,,,,,,,,,4.0,,,,,,,0.0,,,,,,,,,,,,,,,,,,,,,873.8983074796611,,,,,,,,,,,,,,2,,,,,,,#f79009,,,,,,True
2025-11-10,solana,Index,_QQQ,QQQ,,,,,,,,,,,,,,,,,,,,,,,,,,,,,,,,,,,,,,,,,,,,,,,,,,,,,,,,,,4,,,,,,,#63b512,,,,,,True
2025-11-10,solana,Index,_SPY,SPY,,995.9075032022258,,,,,,,,,,,,,,1.0,,,,,,,0.0,,,,,,,,,,,,,,,,,,,,,995.9075032022258,,,,,,,,,,,,,,2,,,,,,,#f79009,,,,,,True
2025-11-10,solana,Index,___GMTrade,GMTrade,,,,,,995.9075032022258,,,,,,,,,,,,,,1.0,,,,,,,0.0,,,,,,,,,,,,,,,,,,,,,995.9075032022258,,,,,,,,,,,,,,3,,,,,,,#904ea6,,True
2025-11-10,solana,Index,Broad Market,,,,,995.9075032022258,,,,,,,,,,,,,,1.0,,,,,,,0.0,,,,,,,,,,,,,,,,,,,,,995.9075032022258,,,,,,,,,,,,,,1,,,,,,,#545cf8,,,,True
2025-11-10,solana,Index,Large Cap,,,,,,,,,,,,,,,,,,,,,,,,,,,,,,,,,,,,,,,,,,,,,,,,,,,,,,,,,,,,,3,,,,,,,#904ea6,,,,True
2025-11-10,solana,Index,Total,,995.9075032022258,,,,,,,,,,,,,,1.0,,,,,,,0.0,,,,,,,,,,,,,,,,,,,,,995.9075032022258,,,,,,,,,,,,,,1.0,,,,,,,#545cf8,,,,,,,True
2025-11-10,solana,Index,GMTrade,,,,,,995.9075032022258,,,,,,,,,,,,,,1.0,,,,,,,0.0,,,,,,,,,,,,,,,,,,,,,995.9075032022258,,,,,,,,,,,,,,3,,,,,,,#904ea6,,,True
2025-11-10,solana,Index,__Equity,Equity,,,995.9075032022258,,,,,,,,,,,,,,1.0,,,,,,,0.0,,,,,,,,,,,,,,,,,,,,,995.9075032022258,,,,,,,,,,,,,,1,,,,,,,#545cf8,,,,,True
2025-11-09,solana,Index,GMTrade,,,,,,,,,,,,,,,,,,,,,,,,,,,,,,,,,,,,,,,,,,,,,,,,,,,,,,,,,,,,,,3,,,,,,,#904ea6,,,True
2025-11-09,solana,Index,_QQQ,QQQ,,,,,,,,,,,,,,,,,,,,,,,,,,,,,,,,,,,,,,,,,,,,,,,,,,,,,,,,,,4,,,,,,,#63b512,,,,,,True
2025-11-09,solana,Index,_SPY,SPY,,,,,,,,,,,,,,,,,,,,,,,,,,,,,,,,,,,,,,,,,,,,,,,,,,,,,,,,,,2,,,,,,,#f79009,,,,,,True
2025-11-09,solana,Index,Total,,,,,,,,,,,,,,,,,,,,,,,,,,,,,,,,,,,,,,,,,,,,,,,,,,,,,,,,,,1.0,,,,,,,#545cf8,,,,,,,True
2025-11-09,solana,Index,Broad Market,,,,,,,,,,,,,,,,,,,,,,,,,,,,,,,,,,,,,,,,,,,,,,,,,,,,,,,,,,,,,1,,,,,,,#545cf8,,,,True
2025-11-09,solana,Index,__Equity,Equity,,,,,,,,,,,,,,,,,,,,,,,,,,,,,,,,,,,,,,,,,,,,,,,,,,,,,,,,,,,1,,,,,,,#545cf8,,,,,True
2025-11-09,solana,Index,Large Cap,,,,,,,,,,,,,,,,,,,,,,,,,,,,,,,,,,,,,,,,,,,,,,,,,,,,,,,,,,,,,3,,,,,,,#904ea6,,,,True
2025-11-09,solana,Index,___GMTrade,GMTrade,,,,,,,,,,,,,,,,,,,,,,,,,,,,,,,,,,,,,,,,,,,,,,,,,,,,,,,,,,,,,,3,,,,,,,#904ea6,,True
2025-11-08,solana,Index,Total,,,,,,,,,,,,,,,,,,,,,,,,,,,,,,,,,,,,,,,,,,,,,,,,,,,,,,,,,,1.0,,,,,,,#545cf8,,,,,,,True
2025-11-08,solana,Index,GMTrade,,,,,,,,,,,,,,,,,,,,,,,,,,,,,,,,,,,,,,,,,,,,,,,,,,,,,,,,,,,,,,3,,,,,,,#904ea6,,,True
2025-11-08,solana,Index,_SPY,SPY,,,,,,,,,,,,,,,,,,,,,,,,,,,,,,,,,,,,,,,,,,,,,,,,,,,,,,,,,,2,,,,,,,#f79009,,,,,,True
2025-11-08,solana,Index,_QQQ,QQQ,,,,,,,,,,,,,,,,,,,,,,,,,,,,,,,,,,,,,,,,,,,,,,,,,,,,,,,,,,4,,,,,,,#63b512,,,,,,True
2025-11-08,solana,Index,Large Cap,,,,,,,,,,,,,,,,,,,,,,,,,,,,,,,,,,,,,,,,,,,,,,,,,,,,,,,,,,,,,3,,,,,,,#904ea6,,,,True
2025-11-08,solana,Index,__Equity,Equity,,,,,,,,,,,,,,,,,,,,,,,,,,,,,,,,,,,,,,,,,,,,,,,,,,,,,,,,,,,1,,,,,,,#545cf8,,,,,True
2025-11-08,solana,Index,Broad Market,,,,,,,,,,,,,,,,,,,,,,,,,,,,,,,,,,,,,,,,,,,,,,,,,,,,,,,,,,,,,1,,,,,,,#545cf8,,,,True
2025-11-08,solana,Index,___GMTrade,GMTrade,,,,,,,,,,,,,,,,,,,,,,,,,,,,,,,,,,,,,,,,,,,,,,,,,,,,,,,,,,,,,,3,,,,,,,#904ea6,,True
2025-11-07,solana,Index,___GMTrade,GMTrade,,,,,,0.1999595,,,,,,,,,,,,,,2.0,,,,,,,0.0,,,,,,,,,,,,,,,,,,,,,0.09997975,,,,,,,,,,,,,,3,,,,,,,#904ea6,,True
2025-11-07,solana,Index,GMTrade,,,,,,0.1999595,,,,,,,,,,,,,,2.0,,,,,,,0.0,,,,,,,,,,,,,,,,,,,,,0.09997975,,,,,,,,,,,,,,3,,,,,,,#904ea6,,,True
2025-11-07,solana,Index,Broad Market,,,,,0.0999765,,,,,,,,,,,,,,1.0,,,,,,,0.0,,,,,,,,,,,,,,,,,,,,,0.0999765,,,,,,,,,,,,,,1,,,,,,,#545cf8,,,,True
2025-11-07,solana,Index,__Equity,Equity,,,0.1999595,,,,,,,,,,,,,,2.0,,,,,,,0.0,,,,,,,,,,,,,,,,,,,,,0.09997975,,,,,,,,,,,,,,1,,,,,,,#545cf8,,,,,True
2025-11-07,solana,Index,Large Cap,,,,,0.099983,,,,,,,,,,,,,,1.0,,,,,,,0.0,,,,,,,,,,,,,,,,,,,,,0.099983,,,,,,,,,,,,,,3,,,,,,,#904ea6,,,,True
2025-11-07,solana,Index,_SPY,SPY,,0.0999765,,,,,,,,,,,,,,1.0,,,,,,,0.0,,,,,,,,,,,,,,,,,,,,,0.0999765,,,,,,,,,,,,,,2,,,,,,,#f79009,,,,,,True
2025-11-07,solana,Index,_QQQ,QQQ,,0.099983,,,,,,,,,,,,,,1.0,,,,,,,0.0,,,,,,,,,,,,,,,,,,,,,0.099983,,,,,,,,,,,,,,4,,,,,,,#63b512,,,,,,True
2025-11-07,solana,Index,Total,,0.1999595,,,,,,,,,,,,,,2.0,,,,,,,0.0,,,,,,,,,,,,,,,,,,,,,0.09997975,,,,,,,,,,,,,,1.0,,,,,,,#545cf8,,,,,,,True
2025-11-06,solana,Index,___GMTrade,GMTrade,,,,,,0.2999358,,,,,,,,,,,,,,3.0,,,,,,,0.0,,,,,,,,,,,,,,,,,,,,,0.09997859999999999,,,,,,,,,,,,,,3,,,,,,,#904ea6,,True
2025-11-06,solana,Index,_QQQ,QQQ,,0.0999752,,,,,,,,,,,,,,1.0,,,,,,,0.0,,,,,,,,,,,,,,,,,,,,,0.0999752,,,,,,,,,,,,,,4,,,,,,,#63b512,,,,,,True
2025-11-06,solana,Index,__Equity,Equity,,,0.2999358,,,,,,,,,,,,,,3.0,,,,,,,0.0,,,,,,,,,,,,,,,,,,,,,0.09997859999999999,,,,,,,,,,,,,,1,,,,,,,#545cf8,,,,,True
2025-11-06,solana,Index,Broad Market,,,,,0.1999606,,,,,,,,,,,,,,2.0,,,,,,,0.0,,,,,,,,,,,,,,,,,,,,,0.0999803,,,,,,,,,,,,,,1,,,,,,,#545cf8,,,,True
2025-11-06,solana,Index,Large Cap,,,,,0.0999752,,,,,,,,,,,,,,1.0,,,,,,,0.0,,,,,,,,,,,,,,,,,,,,,0.0999752,,,,,,,,,,,,,,3,,,,,,,#904ea6,,,,True
2025-11-06,solana,Index,GMTrade,,,,,,0.2999358,,,,,,,,,,,,,,3.0,,,,,,,0.0,,,,,,,,,,,,,,,,,,,,,0.09997859999999999,,,,,,,,,,,,,,3,,,,,,,#904ea6,,,True
2025-11-06,solana,Index,Total,,0.2999358,,,,,,,,,,,,,,3.0,,,,,,,0.0,,,,,,,,,,,,,,,,,,,,,0.09997859999999999,,,,,,,,,,,,,,1.0,,,,,,,#545cf8,,,,,,,True
2025-11-06,solana,Index,_SPY,SPY,,0.1999606,,,,,,,,,,,,,,2.0,,,,,,,0.0,,,,,,,,,,,,,,,,,,,,,0.0999803,,,,,,,,,,,,,,2,,,,,,,#f79009,,,,,,True
2025-11-05,solana,Index,Total,,0.2999233,,,,,,,,,,,,,,3.0,,,,,,,0.0,,,,,,,,,,,,,,,,,,,,,0.09997443333333333,,,,,,,,,,,,,,1.0,,,,,,,#545cf8,,,,,,,True
2025-11-05,solana,Index,__Equity,Equity,,,0.2999233,,,,,,,,,,,,,,3.0,,,,,,,0.0,,,,,,,,,,,,,,,,,,,,,0.09997443333333333,,,,,,,,,,,,,,1,,,,,,,#545cf8,,,,,True
2025-11-05,solana,Index,_QQQ,QQQ,,0.099974,,,,,,,,,,,,,,1.0,,,,,,,0.0,,,,,,,,,,,,,,,,,,,,,0.099974,,,,,,,,,,,,,,4,,,,,,,#63b512,,,,,,True
2025-11-05,solana,Index,_SPY,SPY,,0.1999493,,,,,,,,,,,,,,2.0,,,,,,,0.0,,,,,,,,,,,,,,,,,,,,,0.09997465,,,,,,,,,,,,,,2,,,,,,,#f79009,,,,,,True
2025-11-05,solana,Index,GMTrade,,,,,,0.2999233,,,,,,,,,,,,,,3.0,,,,,,,0.0,,,,,,,,,,,,,,,,,,,,,0.09997443333333333,,,,,,,,,,,,,,3,,,,,,,#904ea6,,,True
2025-11-05,solana,Index,___GMTrade,GMTrade,,,,,,0.2999233,,,,,,,,,,,,,,3.0,,,,,,,0.0,,,,,,,,,,,,,,,,,,,,,0.09997443333333333,,,,,,,,,,,,,,3,,,,,,,#904ea6,,True
2025-11-05,solana,Index,Broad Market,,,,,0.1999493,,,,,,,,,,,,,,2.0,,,,,,,0.0,,,,,,,,,,,,,,,,,,,,,0.09997465,,,,,,,,,,,,,,1,,,,,,,#545cf8,,,,True
2025-11-05,solana,Index,Large Cap,,,,,0.099974,,,,,,,,,,,,,,1.0,,,,,,,0.0,,,,,,,,,,,,,,,,,,,,,0.099974,,,,,,,,,,,,,,3,,,,,,,#904ea6,,,,True
2025-11-04,solana,Index,__Equity,Equity,,,626.12340061,,,,,,,,,,,,,,4.0,,,,,,,0.0,,,,,,,,,,,,,,,,,,,,,156.5308501525,,,,,,,,,,,,,,1,,,,,,,#545cf8,,,,,True
2025-11-04,solana,Index,Total,,626.12340061,,,,,,,,,,,,,,4.0,,,,,,,0.0,,,,,,,,,,,,,,,,,,,,,156.5308501525,,,,,,,,,,,,,,1.0,,,,,,,#545cf8,,,,,,,True
2025-11-04,solana,Index,Broad Market,,,,,626.02342951,,,,,,,,,,,,,,3.0,,,,,,,0.0,,,,,,,,,,,,,,,,,,,,,208.67447650333335,,,,,,,,,,,,,,1,,,,,,,#545cf8,,,,True
2025-11-04,solana,Index,_QQQ,QQQ,,0.0999711,,,,,,,,,,,,,,1.0,,,,,,,0.0,,,,,,,,,,,,,,,,,,,,,0.0999711,,,,,,,,,,,,,,4,,,,,,,#63b512,,,,,,True
2025-11-04,solana,Index,Large Cap,,,,,0.0999711,,,,,,,,,,,,,,1.0,,,,,,,0.0,,,,,,,,,,,,,,,,,,,,,0.0999711,,,,,,,,,,,,,,3,,,,,,,#904ea6,,,,True
2025-11-04,solana,Index,___GMTrade,GMTrade,,,,,,626.12340061,,,,,,,,,,,,,,4.0,,,,,,,0.0,,,,,,,,,,,,,,,,,,,,,156.5308501525,,,,,,,,,,,,,,3,,,,,,,#904ea6,,True
2025-11-04,solana,Index,GMTrade,,,,,,626.12340061,,,,,,,,,,,,,,4.0,,,,,,,0.0,,,,,,,,,,,,,,,,,,,,,156.5308501525,,,,,,,,,,,,,,3,,,,,,,#904ea6,,,True
2025-11-04,solana,Index,_SPY,SPY,,626.02342951,,,,,,,,,,,,,,3.0,,,,,,,0.0,,,,,,,,,,,,,,,,,,,,,208.67447650333335,,,,,,,,,,,,,,2,,,,,,,#f79009,,,,,,True
2025-11-03,solana,Index,_SPY,SPY,,1661.6918580062,,,,,,,,,,,,,,3.0,,,,,,,0.0,,,,,,,,,,,,,,,,,,,,,553.8972860020666,,,,,,,,,,,,,,2,,,,,,,#f79009,,,,,,True
2025-11-03,solana,Index,__Equity,Equity,,,1661.7918324062,,,,,,,,,,,,,,4.0,,,,,,,0.0,,,,,,,,,,,,,,,,,,,,,415.44795810155,,,,,,,,,,,,,,1,,,,,,,#545cf8,,,,,True
2025-11-03,solana,Index,Total,,1661.7918324062,,,,,,,,,,,,,,4.0,,,,,,,0.0,,,,,,,,,,,,,,,,,,,,,415.44795810155,,,,,,,,,,,,,,1.0,,,,,,,#545cf8,,,,,,,True
2025-11-03,solana,Index,Broad Market,,,,,1661.6918580062,,,,,,,,,,,,,,3.0,,,,,,,0.0,,,,,,,,,,,,,,,,,,,,,553.8972860020666,,,,,,,,,,,,,,1,,,,,,,#545cf8,,,,True
2025-11-03,solana,Index,___GMTrade,GMTrade,,,,,,1661.7918324062,,,,,,,,,,,,,,4.0,,,,,,,0.0,,,,,,,,,,,,,,,,,,,,,415.44795810155,,,,,,,,,,,,,,3,,,,,,,#904ea6,,True
2025-11-03,solana,Index,Large Cap,,,,,0.0999744,,,,,,,,,,,,,,1.0,,,,,,,0.0,,,,,,,,,,,,,,,,,,,,,0.0999744,,,,,,,,,,,,,,3,,,,,,,#904ea6,,,,True
2025-11-03,solana,Index,GMTrade,,,,,,1661.7918324062,,,,,,,,,,,,,,4.0,,,,,,,0.0,,,,,,,,,,,,,,,,,,,,,415.44795810155,,,,,,,,,,,,,,3,,,,,,,#904ea6,,,True
2025-11-03,solana,Index,_QQQ,QQQ,,0.0999744,,,,,,,,,,,,,,1.0,,,,,,,0.0,,,,,,,,,,,,,,,,,,,,,0.0999744,,,,,,,,,,,,,,4,,,,,,,#63b512,,,,,,True
2025-11-02,solana,Index,_SPY,SPY,,,,,,,,,,,,,,,,,,,,,,,,,,,,,,,,,,,,,,,,,,,,,,,,,,,,,,,,,,2,,,,,,,#f79009,,,,,,True
2025-11-02,solana,Index,Large Cap,,,,,,,,,,,,,,,,,,,,,,,,,,,,,,,,,,,,,,,,,,,,,,,,,,,,,,,,,,,,,3,,,,,,,#904ea6,,,,True
2025-11-02,solana,Index,Broad Market,,,,,,,,,,,,,,,,,,,,,,,,,,,,,,,,,,,,,,,,,,,,,,,,,,,,,,,,,,,,,1,,,,,,,#545cf8,,,,True
2025-11-02,solana,Index,Total,,,,,,,,,,,,,,,,,,,,,,,,,,,,,,,,,,,,,,,,,,,,,,,,,,,,,,,,,,1.0,,,,,,,#545cf8,,,,,,,True
2025-11-02,solana,Index,__Equity,Equity,,,,,,,,,,,,,,,,,,,,,,,,,,,,,,,,,,,,,,,,,,,,,,,,,,,,,,,,,,,1,,,,,,,#545cf8,,,,,True
2025-11-02,solana,Index,GMTrade,,,,,,,,,,,,,,,,,,,,,,,,,,,,,,,,,,,,,,,,,,,,,,,,,,,,,,,,,,,,,,3,,,,,,,#904ea6,,,True
2025-11-02,solana,Index,___GMTrade,GMTrade,,,,,,,,,,,,,,,,,,,,,,,,,,,,,,,,,,,,,,,,,,,,,,,,,,,,,,,,,,,,,,3,,,,,,,#904ea6,,True
2025-11-02,solana,Index,_QQQ,QQQ,,,,,,,,,,,,,,,,,,,,,,,,,,,,,,,,,,,,,,,,,,,,,,,,,,,,,,,,,,4,,,,,,,#63b512,,,,,,True
2025-11-01,solana,Index,_QQQ,QQQ,,,,,,,,,,,,,,,,,,,,,,,,,,,,,,,,,,,,,,,,,,,,,,,,,,,,,,,,,,4,,,,,,,#63b512,,,,,,True
2025-11-01,solana,Index,Broad Market,,,,,,,,,,,,,,,,,,,,,,,,,,,,,,,,,,,,,,,,,,,,,,,,,,,,,,,,,,,,,1,,,,,,,#545cf8,,,,True
2025-11-01,solana,Index,___GMTrade,GMTrade,,,,,,,,,,,,,,,,,,,,,,,,,,,,,,,,,,,,,,,,,,,,,,,,,,,,,,,,,,,,,,3,,,,,,,#904ea6,,True
2025-11-01,solana,Index,Large Cap,,,,,,,,,,,,,,,,,,,,,,,,,,,,,,,,,,,,,,,,,,,,,,,,,,,,,,,,,,,,,3,,,,,,,#904ea6,,,,True
2025-11-01,solana,Index,Total,,,,,,,,,,,,,,,,,,,,,,,,,,,,,,,,,,,,,,,,,,,,,,,,,,,,,,,,,,1.0,,,,,,,#545cf8,,,,,,,True
2025-11-01,solana,Index,_SPY,SPY,,,,,,,,,,,,,,,,,,,,,,,,,,,,,,,,,,,,,,,,,,,,,,,,,,,,,,,,,,2,,,,,,,#f79009,,,,,,True
2025-11-01,solana,Index,GMTrade,,,,,,,,,,,,,,,,,,,,,,,,,,,,,,,,,,,,,,,,,,,,,,,,,,,,,,,,,,,,,,3,,,,,,,#904ea6,,,True
2025-11-01,solana,Index,__Equity,Equity,,,,,,,,,,,,,,,,,,,,,,,,,,,,,,,,,,,,,,,,,,,,,,,,,,,,,,,,,,,1,,,,,,,#545cf8,,,,,True
2025-10-31,solana,Index,Large Cap,,,,,0.09997,,,,,,,,,,,,,,1.0,,,,,,,0.0,,,,,,,,,,,,,,,,,,,,,0.09997,,,,,,,,,,,,,,3,,,,,,,#904ea6,,,,True
2025-10-31,solana,Index,_QQQ,QQQ,,0.09997,,,,,,,,,,,,,,1.0,,,,,,,0.0,,,,,,,,,,,,,,,,,,,,,0.09997,,,,,,,,,,,,,,4,,,,,,,#63b512,,,,,,True
2025-10-31,solana,Index,__Equity,Equity,,,0.299905,,,,,,,,,,,,,,3.0,,,,,,,0.0,,,,,,,,,,,,,,,,,,,,,0.09996833333333333,,,,,,,,,,,,,,1,,,,,,,#545cf8,,,,,True
2025-10-31,solana,Index,Total,,0.299905,,,,,,,,,,,,,,3.0,,,,,,,0.0,,,,,,,,,,,,,,,,,,,,,0.09996833333333333,,,,,,,,,,,,,,1.0,,,,,,,#545cf8,,,,,,,True
2025-10-31,solana,Index,___GMTrade,GMTrade,,,,,,0.299905,,,,,,,,,,,,,,3.0,,,,,,,0.0,,,,,,,,,,,,,,,,,,,,,0.09996833333333333,,,,,,,,,,,,,,3,,,,,,,#904ea6,,True
2025-10-31,solana,Index,Broad Market,,,,,0.199935,,,,,,,,,,,,,,2.0,,,,,,,0.0,,,,,,,,,,,,,,,,,,,,,0.0999675,,,,,,,,,,,,,,1,,,,,,,#545cf8,,,,True
2025-10-31,solana,Index,_SPY,SPY,,0.199935,,,,,,,,,,,,,,2.0,,,,,,,0.0,,,,,,,,,,,,,,,,,,,,,0.0999675,,,,,,,,,,,,,,2,,,,,,,#f79009,,,,,,True
2025-10-31,solana,Index,GMTrade,,,,,,0.299905,,,,,,,,,,,,,,3.0,,,,,,,0.0,,,,,,,,,,,,,,,,,,,,,0.09996833333333333,,,,,,,,,,,,,,3,,,,,,,#904ea6,,,True
2025-10-30,solana,Index,_SPY,SPY,,0.1999509,,,,,,,,,,,,,,2.0,,,,,,,0.0,,,,,,,,,,,,,,,,,,,,,0.09997545,,,,,,,,,,,,,,2,,,,,,,#f79009,,,,,,True
2025-10-30,solana,Index,_QQQ,QQQ,,400428.9752221589,,,,,,,,,,,,,,2.0,,,,,,,0.0,,,,,,,,,,,,,,,,,,,,,200214.48761107944,,,,,,,,,,,,,,4,,,,,,,#63b512,,,,,,True
2025-10-30,solana,Index,Large Cap,,,,,400428.9752221589,,,,,,,,,,,,,,2.0,,,,,,,0.0,,,,,,,,,,,,,,,,,,,,,200214.48761107944,,,,,,,,,,,,,,3,,,,,,,#904ea6,,,,True
2025-10-30,solana,Index,__Equity,Equity,,,400429.1751730589,,,,,,,,,,,,,,4.0,,,,,,,0.0,,,,,,,,,,,,,,,,,,,,,100107.29379326472,,,,,,,,,,,,,,1,,,,,,,#545cf8,,,,,True
2025-10-30,solana,Index,___GMTrade,GMTrade,,,,,,400429.1751730589,,,,,,,,,,,,,,4.0,,,,,,,0.0,,,,,,,,,,,,,,,,,,,,,100107.29379326472,,,,,,,,,,,,,,3,,,,,,,#904ea6,,True
2025-10-30,solana,Index,GMTrade,,,,,,400429.1751730589,,,,,,,,,,,,,,4.0,,,,,,,0.0,,,,,,,,,,,,,,,,,,,,,100107.29379326472,,,,,,,,,,,,,,3,,,,,,,#904ea6,,,True
2025-10-30,solana,Index,Total,,400429.1751730589,,,,,,,,,,,,,,4.0,,,,,,,0.0,,,,,,,,,,,,,,,,,,,,,100107.29379326472,,,,,,,,,,,,,,1.0,,,,,,,#545cf8,,,,,,,True
2025-10-30,solana,Index,Broad Market,,,,,0.1999509,,,,,,,,,,,,,,2.0,,,,,,,0.0,,,,,,,,,,,,,,,,,,,,,0.09997545,,,,,,,,,,,,,,1,,,,,,,#545cf8,,,,True
2025-10-29,solana,Index,Total,,416019.0540742023,,,,,,,,,,,,,,15.0,,,,,,,0.0,,,,,,,,,,,,,,,,,,,,,27734.60360494682,,,,,,,,,,,,,,1.0,,,,,,,#545cf8,,,,,,,True
2025-10-29,solana,Index,_SPY,SPY,,60039.372555036825,,,,,,,,,,,,,,3.0,,,,,,,0.0,,,,,,,,,,,,,,,,,,,,,20013.124185012275,,,,,,,,,,,,,,2,,,,,,,#f79009,,,,,,True
2025-10-29,solana,Index,Large Cap,,,,,355979.68151916546,,,,,,,,,,,,,,12.0,,,,,,,0.0,,,,,,,,,,,,,,,,,,,,,29664.973459930454,,,,,,,,,,,,,,3,,,,,,,#904ea6,,,,True
2025-10-29,solana,Index,___GMTrade,GMTrade,,,,,,416019.0540742023,,,,,,,,,,,,,,15.0,,,,,,,0.0,,,,,,,,,,,,,,,,,,,,,27734.60360494682,,,,,,,,,,,,,,3,,,,,,,#904ea6,,True
2025-10-29,solana,Index,Broad Market,,,,,60039.372555036825,,,,,,,,,,,,,,3.0,,,,,,,0.0,,,,,,,,,,,,,,,,,,,,,20013.124185012275,,,,,,,,,,,,,,1,,,,,,,#545cf8,,,,True
2025-10-29,solana,Index,GMTrade,,,,,,416019.0540742023,,,,,,,,,,,,,,15.0,,,,,,,0.0,,,,,,,,,,,,,,,,,,,,,27734.60360494682,,,,,,,,,,,,,,3,,,,,,,#904ea6,,,True
2025-10-29,solana,Index,_QQQ,QQQ,,355979.68151916546,,,,,,,,,,,,,,12.0,,,,,,,0.0,,,,,,,,,,,,,,,,,,,,,29664.973459930454,,,,,,,,,,,,,,4,,,,,,,#63b512,,,,,,True
2025-10-29,solana,Index,__Equity,Equity,,,416019.0540742023,,,,,,,,,,,,,,15.0,,,,,,,0.0,,,,,,,,,,,,,,,,,,,,,27734.60360494682,,,,,,,,,,,,,,1,,,,,,,#545cf8,,,,,True
2025-10-28,solana,Index,GMTrade,,,,,,120064.40279508362,,,,,,,,,,,,,,5.0,,,,,,,0.0,,,,,,,,,,,,,,,,,,,,,24012.880559016725,,,,,,,,,,,,,,3,,,,,,,#904ea6,,,True
2025-10-28,solana,Index,_QQQ,QQQ,,100082.760329481,,,,,,,,,,,,,,2.0,,,,,,,0.0,,,,,,,,,,,,,,,,,,,,,50041.3801647405,,,,,,,,,,,,,,4,,,,,,,#63b512,,,,,,True
2025-10-28,solana,Index,Broad Market,,,,,19981.642465602625,,,,,,,,,,,,,,3.0,,,,,,,0.0,,,,,,,,,,,,,,,,,,,,,6660.547488534208,,,,,,,,,,,,,,1,,,,,,,#545cf8,,,,True
2025-10-28,solana,Index,__Equity,Equity,,,120064.40279508362,,,,,,,,,,,,,,5.0,,,,,,,0.0,,,,,,,,,,,,,,,,,,,,,24012.880559016725,,,,,,,,,,,,,,1,,,,,,,#545cf8,,,,,True
2025-10-28,solana,Index,Large Cap,,,,,100082.760329481,,,,,,,,,,,,,,2.0,,,,,,,0.0,,,,,,,,,,,,,,,,,,,,,50041.3801647405,,,,,,,,,,,,,,3,,,,,,,#904ea6,,,,True
2025-10-28,solana,Index,___GMTrade,GMTrade,,,,,,120064.40279508362,,,,,,,,,,,,,,5.0,,,,,,,0.0,,,,,,,,,,,,,,,,,,,,,24012.880559016725,,,,,,,,,,,,,,3,,,,,,,#904ea6,,True
2025-10-28,solana,Index,_SPY,SPY,,19981.642465602625,,,,,,,,,,,,,,3.0,,,,,,,0.0,,,,,,,,,,,,,,,,,,,,,6660.547488534208,,,,,,,,,,,,,,2,,,,,,,#f79009,,,,,,True
2025-10-28,solana,Index,Total,,120064.40279508362,,,,,,,,,,,,,,5.0,,,,,,,0.0,,,,,,,,,,,,,,,,,,,,,24012.880559016725,,,,,,,,,,,,,,1.0,,,,,,,#545cf8,,,,,,,True
2025-10-27,solana,Index,_QQQ,QQQ,,0.0999779,,,,,,,,,,,,,,1.0,,,,,,,0.0,,,,,,,,,,,,,,,,,,,,,0.0999779,,,,,,,,,,,,,,4,,,,,,,#63b512,,,,,,True
2025-10-27,solana,Index,__Equity,Equity,,,0.2999322,,,,,,,,,,,,,,3.0,,,,,,,0.0,,,,,,,,,,,,,,,,,,,,,0.0999774,,,,,,,,,,,,,,1,,,,,,,#545cf8,,,,,True
2025-10-27,solana,Index,Total,,0.2999322,,,,,,,,,,,,,,3.0,,,,,,,0.0,,,,,,,,,,,,,,,,,,,,,0.0999774,,,,,,,,,,,,,,1.0,,,,,,,#545cf8,,,,,,,True
2025-10-27,solana,Index,GMTrade,,,,,,0.2999322,,,,,,,,,,,,,,3.0,,,,,,,0.0,,,,,,,,,,,,,,,,,,,,,0.0999774,,,,,,,,,,,,,,3,,,,,,,#904ea6,,,True
2025-10-27,solana,Index,___GMTrade,GMTrade,,,,,,0.2999322,,,,,,,,,,,,,,3.0,,,,,,,0.0,,,,,,,,,,,,,,,,,,,,,0.0999774,,,,,,,,,,,,,,3,,,,,,,#904ea6,,True
2025-10-27,solana,Index,Large Cap,,,,,0.0999779,,,,,,,,,,,,,,1.0,,,,,,,0.0,,,,,,,,,,,,,,,,,,,,,0.0999779,,,,,,,,,,,,,,3,,,,,,,#904ea6,,,,True
2025-10-27,solana,Index,_SPY,SPY,,0.1999543,,,,,,,,,,,,,,2.0,,,,,,,0.0,,,,,,,,,,,,,,,,,,,,,0.09997715,,,,,,,,,,,,,,2,,,,,,,#f79009,,,,,,True
2025-10-27,solana,Index,Broad Market,,,,,0.1999543,,,,,,,,,,,,,,2.0,,,,,,,0.0,,,,,,,,,,,,,,,,,,,,,0.09997715,,,,,,,,,,,,,,1,,,,,,,#545cf8,,,,True
2025-10-26,solana,Index,Total,,,,,,,,,,,,,,,,,,,,,,,,,,,,,,,,,,,,,,,,,,,,,,,,,,,,,,,,,,1.0,,,,,,,#545cf8,,,,,,,True
2025-10-26,solana,Index,_QQQ,QQQ,,,,,,,,,,,,,,,,,,,,,,,,,,,,,,,,,,,,,,,,,,,,,,,,,,,,,,,,,,4,,,,,,,#63b512,,,,,,True
2025-10-26,solana,Index,GMTrade,,,,,,,,,,,,,,,,,,,,,,,,,,,,,,,,,,,,,,,,,,,,,,,,,,,,,,,,,,,,,,3,,,,,,,#904ea6,,,True
2025-10-26,solana,Index,_SPY,SPY,,,,,,,,,,,,,,,,,,,,,,,,,,,,,,,,,,,,,,,,,,,,,,,,,,,,,,,,,,2,,,,,,,#f79009,,,,,,True
2025-10-26,solana,Index,___GMTrade,GMTrade,,,,,,,,,,,,,,,,,,,,,,,,,,,,,,,,,,,,,,,,,,,,,,,,,,,,,,,,,,,,,,3,,,,,,,#904ea6,,True
2025-10-26,solana,Index,Broad Market,,,,,,,,,,,,,,,,,,,,,,,,,,,,,,,,,,,,,,,,,,,,,,,,,,,,,,,,,,,,,1,,,,,,,#545cf8,,,,True
2025-10-26,solana,Index,__Equity,Equity,,,,,,,,,,,,,,,,,,,,,,,,,,,,,,,,,,,,,,,,,,,,,,,,,,,,,,,,,,,1,,,,,,,#545cf8,,,,,True
2025-10-26,solana,Index,Large Cap,,,,,,,,,,,,,,,,,,,,,,,,,,,,,,,,,,,,,,,,,,,,,,,,,,,,,,,,,,,,,3,,,,,,,#904ea6,,,,True
2025-10-25,solana,Index,Total,,,,,,,,,,,,,,,,,,,,,,,,,,,,,,,,,,,,,,,,,,,,,,,,,,,,,,,,,,1.0,,,,,,,#545cf8,,,,,,,True
2025-10-25,solana,Index,GMTrade,,,,,,,,,,,,,,,,,,,,,,,,,,,,,,,,,,,,,,,,,,,,,,,,,,,,,,,,,,,,,,3,,,,,,,#904ea6,,,True
2025-10-25,solana,Index,Broad Market,,,,,,,,,,,,,,,,,,,,,,,,,,,,,,,,,,,,,,,,,,,,,,,,,,,,,,,,,,,,,1,,,,,,,#545cf8,,,,True
2025-10-25,solana,Index,_SPY,SPY,,,,,,,,,,,,,,,,,,,,,,,,,,,,,,,,,,,,,,,,,,,,,,,,,,,,,,,,,,2,,,,,,,#f79009,,,,,,True
2025-10-25,solana,Index,_QQQ,QQQ,,,,,,,,,,,,,,,,,,,,,,,,,,,,,,,,,,,,,,,,,,,,,,,,,,,,,,,,,,4,,,,,,,#63b512,,,,,,True
2025-10-25,solana,Index,___GMTrade,GMTrade,,,,,,,,,,,,,,,,,,,,,,,,,,,,,,,,,,,,,,,,,,,,,,,,,,,,,,,,,,,,,,3,,,,,,,#904ea6,,True
2025-10-25,solana,Index,__Equity,Equity,,,,,,,,,,,,,,,,,,,,,,,,,,,,,,,,,,,,,,,,,,,,,,,,,,,,,,,,,,,1,,,,,,,#545cf8,,,,,True
2025-10-25,solana,Index,Large Cap,,,,,,,,,,,,,,,,,,,,,,,,,,,,,,,,,,,,,,,,,,,,,,,,,,,,,,,,,,,,,3,,,,,,,#904ea6,,,,True
2025-10-24,solana,Index,__Equity,Equity,,,13120.339594249783,,,,,,,,,,,,,,9.0,,,,,,,0.0,,,,,,,,,,,,,,,,,,,,,1457.8155104721982,,,,,,,,,,,,,,1,,,,,,,#545cf8,,,,,True
2025-10-24,solana,Index,GMTrade,,,,,,13120.339594249783,,,,,,,,,,,,,,9.0,,,,,,,0.0,,,,,,,,,,,,,,,,,,,,,1457.8155104721982,,,,,,,,,,,,,,3,,,,,,,#904ea6,,,True
2025-10-24,solana,Index,Large Cap,,,,,0.0999767,,,,,,,,,,,,,,1.0,,,,,,,0.0,,,,,,,,,,,,,,,,,,,,,0.0999767,,,,,,,,,,,,,,3,,,,,,,#904ea6,,,,True
2025-10-24,solana,Index,_SPY,SPY,,13120.239617549783,,,,,,,,,,,,,,8.0,,,,,,,0.0,,,,,,,,,,,,,,,,,,,,,1640.029952193723,,,,,,,,,,,,,,2,,,,,,,#f79009,,,,,,True
2025-10-24,solana,Index,Total,,13120.339594249783,,,,,,,,,,,,,,9.0,,,,,,,0.0,,,,,,,,,,,,,,,,,,,,,1457.8155104721982,,,,,,,,,,,,,,1.0,,,,,,,#545cf8,,,,,,,True
2025-10-24,solana,Index,Broad Market,,,,,13120.239617549783,,,,,,,,,,,,,,8.0,,,,,,,0.0,,,,,,,,,,,,,,,,,,,,,1640.029952193723,,,,,,,,,,,,,,1,,,,,,,#545cf8,,,,True
2025-10-24,solana,Index,___GMTrade,GMTrade,,,,,,13120.339594249783,,,,,,,,,,,,,,9.0,,,,,,,0.0,,,,,,,,,,,,,,,,,,,,,1457.8155104721982,,,,,,,,,,,,,,3,,,,,,,#904ea6,,True
2025-10-24,solana,Index,_QQQ,QQQ,,0.0999767,,,,,,,,,,,,,,1.0,,,,,,,0.0,,,,,,,,,,,,,,,,,,,,,0.0999767,,,,,,,,,,,,,,4,,,,,,,#63b512,,,,,,True
2025-10-23,solana,Index,___GMTrade,GMTrade,,,,,,0.299956,,,,,,,,,,,,,,3.0,,,,,,,0.0,,,,,,,,,,,,,,,,,,,,,0.09998533333333333,,,,,,,,,,,,,,3,,,,,,,#904ea6,,True
2025-10-23,solana,Index,Total,,0.299956,,,,,,,,,,,,,,3.0,,,,,,,0.0,,,,,,,,,,,,,,,,,,,,,0.09998533333333333,,,,,,,,,,,,,,1.0,,,,,,,#545cf8,,,,,,,True
2025-10-23,solana,Index,_QQQ,QQQ,,0.099979,,,,,,,,,,,,,,1.0,,,,,,,0.0,,,,,,,,,,,,,,,,,,,,,0.099979,,,,,,,,,,,,,,4,,,,,,,#63b512,,,,,,True
2025-10-23,solana,Index,_SPY,SPY,,0.199977,,,,,,,,,,,,,,2.0,,,,,,,0.0,,,,,,,,,,,,,,,,,,,,,0.0999885,,,,,,,,,,,,,,2,,,,,,,#f79009,,,,,,True
2025-10-23,solana,Index,__Equity,Equity,,,0.299956,,,,,,,,,,,,,,3.0,,,,,,,0.0,,,,,,,,,,,,,,,,,,,,,0.09998533333333333,,,,,,,,,,,,,,1,,,,,,,#545cf8,,,,,True
2025-10-23,solana,Index,Broad Market,,,,,0.199977,,,,,,,,,,,,,,2.0,,,,,,,0.0,,,,,,,,,,,,,,,,,,,,,0.0999885,,,,,,,,,,,,,,1,,,,,,,#545cf8,,,,True
2025-10-23,solana,Index,GMTrade,,,,,,0.299956,,,,,,,,,,,,,,3.0,,,,,,,0.0,,,,,,,,,,,,,,,,,,,,,0.09998533333333333,,,,,,,,,,,,,,3,,,,,,,#904ea6,,,True
2025-10-23,solana,Index,Large Cap,,,,,0.099979,,,,,,,,,,,,,,1.0,,,,,,,0.0,,,,,,,,,,,,,,,,,,,,,0.099979,,,,,,,,,,,,,,3,,,,,,,#904ea6,,,,True
2025-10-22,solana,Index,_QQQ,QQQ,,0.0999803,,,,,,,,,,,,,,1.0,,,,,,,0.0,,,,,,,,,,,,,,,,,,,,,0.0999803,,,,,,,,,,,,,,4,,,,,,,#63b512,,,,,,True
2025-10-22,solana,Index,Total,,0.2999328,,,,,,,,,,,,,,3.0,,,,,,,0.0,,,,,,,,,,,,,,,,,,,,,0.0999776,,,,,,,,,,,,,,1.0,,,,,,,#545cf8,,,,,,,True
2025-10-22,solana,Index,_SPY,SPY,,0.1999525,,,,,,,,,,,,,,2.0,,,,,,,0.0,,,,,,,,,,,,,,,,,,,,,0.09997625,,,,,,,,,,,,,,2,,,,,,,#f79009,,,,,,True
2025-10-22,solana,Index,___GMTrade,GMTrade,,,,,,0.2999328,,,,,,,,,,,,,,3.0,,,,,,,0.0,,,,,,,,,,,,,,,,,,,,,0.0999776,,,,,,,,,,,,,,3,,,,,,,#904ea6,,True
2025-10-22,solana,Index,__Equity,Equity,,,0.2999328,,,,,,,,,,,,,,3.0,,,,,,,0.0,,,,,,,,,,,,,,,,,,,,,0.0999776,,,,,,,,,,,,,,1,,,,,,,#545cf8,,,,,True
2025-10-22,solana,Index,Broad Market,,,,,0.1999525,,,,,,,,,,,,,,2.0,,,,,,,0.0,,,,,,,,,,,,,,,,,,,,,0.09997625,,,,,,,,,,,,,,1,,,,,,,#545cf8,,,,True
2025-10-22,solana,Index,GMTrade,,,,,,0.2999328,,,,,,,,,,,,,,3.0,,,,,,,0.0,,,,,,,,,,,,,,,,,,,,,0.0999776,,,,,,,,,,,,,,3,,,,,,,#904ea6,,,True
2025-10-22,solana,Index,Large Cap,,,,,0.0999803,,,,,,,,,,,,,,1.0,,,,,,,0.0,,,,,,,,,,,,,,,,,,,,,0.0999803,,,,,,,,,,,,,,3,,,,,,,#904ea6,,,,True
2025-10-21,solana,Index,_QQQ,QQQ,,15.053956744445564,,,,,,,,,,,,,,2.0,,,,,,,0.0,,,,,,,,,,,,,,,,,,,,,7.526978372222782,,,,,,,,,,,,,,4,,,,,,,#63b512,,,,,,True
2025-10-21,solana,Index,GMTrade,,,,,,15.253918444445564,,,,,,,,,,,,,,4.0,,,,,,,0.0,,,,,,,,,,,,,,,,,,,,,3.813479611111391,,,,,,,,,,,,,,3,,,,,,,#904ea6,,,True
2025-10-21,solana,Index,_SPY,SPY,,0.1999617,,,,,,,,,,,,,,2.0,,,,,,,0.0,,,,,,,,,,,,,,,,,,,,,0.09998085,,,,,,,,,,,,,,2,,,,,,,#f79009,,,,,,True
2025-10-21,solana,Index,Broad Market,,,,,0.1999617,,,,,,,,,,,,,,2.0,,,,,,,0.0,,,,,,,,,,,,,,,,,,,,,0.09998085,,,,,,,,,,,,,,1,,,,,,,#545cf8,,,,True
2025-10-21,solana,Index,Total,,15.253918444445564,,,,,,,,,,,,,,4.0,,,,,,,0.0,,,,,,,,,,,,,,,,,,,,,3.813479611111391,,,,,,,,,,,,,,1.0,,,,,,,#545cf8,,,,,,,True
2025-10-21,solana,Index,__Equity,Equity,,,15.253918444445564,,,,,,,,,,,,,,4.0,,,,,,,0.0,,,,,,,,,,,,,,,,,,,,,3.813479611111391,,,,,,,,,,,,,,1,,,,,,,#545cf8,,,,,True
2025-10-21,solana,Index,Large Cap,,,,,15.053956744445564,,,,,,,,,,,,,,2.0,,,,,,,0.0,,,,,,,,,,,,,,,,,,,,,7.526978372222782,,,,,,,,,,,,,,3,,,,,,,#904ea6,,,,True
2025-10-21,solana,Index,___GMTrade,GMTrade,,,,,,15.253918444445564,,,,,,,,,,,,,,4.0,,,,,,,0.0,,,,,,,,,,,,,,,,,,,,,3.813479611111391,,,,,,,,,,,,,,3,,,,,,,#904ea6,,True
2025-10-20,solana,Index,Broad Market,,,,,0.199966,,,,,,,,,,,,,,2.0,,,,,,,0.0,,,,,,,,,,,,,,,,,,,,,0.099983,,,,,,,,,,,,,,1,,,,,,,#545cf8,,,,True
2025-10-20,solana,Index,Total,,158.4505676619951,,,,,,,,,,,,,,7.0,,,,,,,0.0,,,,,,,,,,,,,,,,,,,,,22.635795380285014,,,,,,,,,,,,,,1.0,,,,,,,#545cf8,,,,,,,True
2025-10-20,solana,Index,___GMTrade,GMTrade,,,,,,158.4505676619951,,,,,,,,,,,,,,7.0,,,,,,,0.0,,,,,,,,,,,,,,,,,,,,,22.635795380285014,,,,,,,,,,,,,,3,,,,,,,#904ea6,,True
2025-10-20,solana,Index,_SPY,SPY,,0.199966,,,,,,,,,,,,,,2.0,,,,,,,0.0,,,,,,,,,,,,,,,,,,,,,0.099983,,,,,,,,,,,,,,2,,,,,,,#f79009,,,,,,True
2025-10-20,solana,Index,__Equity,Equity,,,158.4505676619951,,,,,,,,,,,,,,7.0,,,,,,,0.0,,,,,,,,,,,,,,,,,,,,,22.635795380285014,,,,,,,,,,,,,,1,,,,,,,#545cf8,,,,,True
2025-10-20,solana,Index,_QQQ,QQQ,,158.25060166199512,,,,,,,,,,,,,,5.0,,,,,,,0.0,,,,,,,,,,,,,,,,,,,,,31.650120332399023,,,,,,,,,,,,,,4,,,,,,,#63b512,,,,,,True
2025-10-20,solana,Index,Large Cap,,,,,158.25060166199512,,,,,,,,,,,,,,5.0,,,,,,,0.0,,,,,,,,,,,,,,,,,,,,,31.650120332399023,,,,,,,,,,,,,,3,,,,,,,#904ea6,,,,True
2025-10-20,solana,Index,GMTrade,,,,,,158.4505676619951,,,,,,,,,,,,,,7.0,,,,,,,0.0,,,,,,,,,,,,,,,,,,,,,22.635795380285014,,,,,,,,,,,,,,3,,,,,,,#904ea6,,,True
2025-10-19,solana,Index,Broad Market,,,,,,,,,,,,,,,,,,,,,,,,,,,,,,,,,,,,,,,,,,,,,,,,,,,,,,,,,,,,,1,,,,,,,#545cf8,,,,True
2025-10-19,solana,Index,___GMTrade,GMTrade,,,,,,,,,,,,,,,,,,,,,,,,,,,,,,,,,,,,,,,,,,,,,,,,,,,,,,,,,,,,,,3,,,,,,,#904ea6,,True
2025-10-19,solana,Index,_SPY,SPY,,,,,,,,,,,,,,,,,,,,,,,,,,,,,,,,,,,,,,,,,,,,,,,,,,,,,,,,,,2,,,,,,,#f79009,,,,,,True
2025-10-19,solana,Index,GMTrade,,,,,,,,,,,,,,,,,,,,,,,,,,,,,,,,,,,,,,,,,,,,,,,,,,,,,,,,,,,,,,3,,,,,,,#904ea6,,,True
2025-10-19,solana,Index,Large Cap,,,,,,,,,,,,,,,,,,,,,,,,,,,,,,,,,,,,,,,,,,,,,,,,,,,,,,,,,,,,,3,,,,,,,#904ea6,,,,True
2025-10-19,solana,Index,__Equity,Equity,,,,,,,,,,,,,,,,,,,,,,,,,,,,,,,,,,,,,,,,,,,,,,,,,,,,,,,,,,,1,,,,,,,#545cf8,,,,,True
2025-10-19,solana,Index,_QQQ,QQQ,,,,,,,,,,,,,,,,,,,,,,,,,,,,,,,,,,,,,,,,,,,,,,,,,,,,,,,,,,4,,,,,,,#63b512,,,,,,True
2025-10-19,solana,Index,Total,,,,,,,,,,,,,,,,,,,,,,,,,,,,,,,,,,,,,,,,,,,,,,,,,,,,,,,,,,1.0,,,,,,,#545cf8,,,,,,,True
2025-10-18,solana,Index,GMTrade,,,,,,,,,,,,,,,,,,,,,,,,,,,,,,,,,,,,,,,,,,,,,,,,,,,,,,,,,,,,,,3,,,,,,,#904ea6,,,True
2025-10-18,solana,Index,Total,,,,,,,,,,,,,,,,,,,,,,,,,,,,,,,,,,,,,,,,,,,,,,,,,,,,,,,,,,1.0,,,,,,,#545cf8,,,,,,,True
2025-10-18,solana,Index,_SPY,SPY,,,,,,,,,,,,,,,,,,,,,,,,,,,,,,,,,,,,,,,,,,,,,,,,,,,,,,,,,,2,,,,,,,#f79009,,,,,,True
2025-10-18,solana,Index,Broad Market,,,,,,,,,,,,,,,,,,,,,,,,,,,,,,,,,,,,,,,,,,,,,,,,,,,,,,,,,,,,,1,,,,,,,#545cf8,,,,True
2025-10-18,solana,Index,___GMTrade,GMTrade,,,,,,,,,,,,,,,,,,,,,,,,,,,,,,,,,,,,,,,,,,,,,,,,,,,,,,,,,,,,,,3,,,,,,,#904ea6,,True
2025-10-18,solana,Index,Large Cap,,,,,,,,,,,,,,,,,,,,,,,,,,,,,,,,,,,,,,,,,,,,,,,,,,,,,,,,,,,,,3,,,,,,,#904ea6,,,,True
2025-10-18,solana,Index,__Equity,Equity,,,,,,,,,,,,,,,,,,,,,,,,,,,,,,,,,,,,,,,,,,,,,,,,,,,,,,,,,,,1,,,,,,,#545cf8,,,,,True
2025-10-18,solana,Index,_QQQ,QQQ,,,,,,,,,,,,,,,,,,,,,,,,,,,,,,,,,,,,,,,,,,,,,,,,,,,,,,,,,,4,,,,,,,#63b512,,,,,,True
2025-10-17,solana,Index,Total,,3975.91670126356,,,,,,,,,,,,,,7.0,,,,,,,0.0,,,,,,,,,,,,,,,,,,,,,567.9881001805086,,,,,,,,,,,,,,1.0,,,,,,,#545cf8,,,,,,,True
2025-10-17,solana,Index,_SPY,SPY,,0.1999594,,,,,,,,,,,,,,2.0,,,,,,,0.0,,,,,,,,,,,,,,,,,,,,,0.0999797,,,,,,,,,,,,,,2,,,,,,,#f79009,,,,,,True
2025-10-17,solana,Index,Broad Market,,,,,0.1999594,,,,,,,,,,,,,,2.0,,,,,,,0.0,,,,,,,,,,,,,,,,,,,,,0.0999797,,,,,,,,,,,,,,1,,,,,,,#545cf8,,,,True
2025-10-17,solana,Index,Large Cap,,,,,3975.71674186356,,,,,,,,,,,,,,5.0,,,,,,,0.0,,,,,,,,,,,,,,,,,,,,,795.143348372712,,,,,,,,,,,,,,3,,,,,,,#904ea6,,,,True
2025-10-17,solana,Index,___GMTrade,GMTrade,,,,,,3975.91670126356,,,,,,,,,,,,,,7.0,,,,,,,0.0,,,,,,,,,,,,,,,,,,,,,567.9881001805086,,,,,,,,,,,,,,3,,,,,,,#904ea6,,True
2025-10-17,solana,Index,__Equity,Equity,,,3975.91670126356,,,,,,,,,,,,,,7.0,,,,,,,0.0,,,,,,,,,,,,,,,,,,,,,567.9881001805086,,,,,,,,,,,,,,1,,,,,,,#545cf8,,,,,True
2025-10-17,solana,Index,GMTrade,,,,,,3975.91670126356,,,,,,,,,,,,,,7.0,,,,,,,0.0,,,,,,,,,,,,,,,,,,,,,567.9881001805086,,,,,,,,,,,,,,3,,,,,,,#904ea6,,,True
2025-10-17,solana,Index,_QQQ,QQQ,,3975.71674186356,,,,,,,,,,,,,,5.0,,,,,,,0.0,,,,,,,,,,,,,,,,,,,,,795.143348372712,,,,,,,,,,,,,,4,,,,,,,#63b512,,,,,,True
2025-10-16,solana,Index,_SPY,SPY,,50.1973696,,,,,,,,,,,,,,3.0,,,,,,,0.0,,,,,,,,,,,,,,,,,,,,,16.732456533333334,,,,,,,,,,,,,,2,,,,,,,#f79009,,,,,,True
2025-10-16,solana,Index,Large Cap,,,,,39.68246566,,,,,,,,,,,,,,4.0,,,,,,,0.0,,,,,,,,,,,,,,,,,,,,,9.920616415,,,,,,,,,,,,,,3,,,,,,,#904ea6,,,,True
2025-10-16,solana,Index,Total,,89.87983526,,,,,,,,,,,,,,7.0,,,,,,,0.0,,,,,,,,,,,,,,,,,,,,,12.839976465714285,,,,,,,,,,,,,,1.0,,,,,,,#545cf8,,,,,,,True
2025-10-16,solana,Index,___GMTrade,GMTrade,,,,,,89.87983526,,,,,,,,,,,,,,7.0,,,,,,,0.0,,,,,,,,,,,,,,,,,,,,,12.839976465714285,,,,,,,,,,,,,,3,,,,,,,#904ea6,,True
2025-10-16,solana,Index,__Equity,Equity,,,89.87983526,,,,,,,,,,,,,,7.0,,,,,,,0.0,,,,,,,,,,,,,,,,,,,,,12.839976465714285,,,,,,,,,,,,,,1,,,,,,,#545cf8,,,,,True
2025-10-16,solana,Index,_QQQ,QQQ,,39.68246566,,,,,,,,,,,,,,4.0,,,,,,,0.0,,,,,,,,,,,,,,,,,,,,,9.920616415,,,,,,,,,,,,,,4,,,,,,,#63b512,,,,,,True
2025-10-16,solana,Index,GMTrade,,,,,,89.87983526,,,,,,,,,,,,,,7.0,,,,,,,0.0,,,,,,,,,,,,,,,,,,,,,12.839976465714285,,,,,,,,,,,,,,3,,,,,,,#904ea6,,,True
2025-10-16,solana,Index,Broad Market,,,,,50.1973696,,,,,,,,,,,,,,3.0,,,,,,,0.0,,,,,,,,,,,,,,,,,,,,,16.732456533333334,,,,,,,,,,,,,,1,,,,,,,#545cf8,,,,True
2025-10-15,solana,Index,_SPY,SPY,,0.1999701,,,,,,,,,,,,,,2.0,,,,,,,0.0,,,,,,,,,,,,,,,,,,,,,0.09998505,,,,,,,,,,,,,,2,,,,,,,#f79009,,,,,,True
2025-10-15,solana,Index,__Equity,Equity,,,0.29995320000000003,,,,,,,,,,,,,,3.0,,,,,,,0.0,,,,,,,,,,,,,,,,,,,,,0.09998440000000001,,,,,,,,,,,,,,1,,,,,,,#545cf8,,,,,True
2025-10-15,solana,Index,Large Cap,,,,,0.0999831,,,,,,,,,,,,,,1.0,,,,,,,0.0,,,,,,,,,,,,,,,,,,,,,0.0999831,,,,,,,,,,,,,,3,,,,,,,#904ea6,,,,True
2025-10-15,solana,Index,GMTrade,,,,,,0.29995320000000003,,,,,,,,,,,,,,3.0,,,,,,,0.0,,,,,,,,,,,,,,,,,,,,,0.09998440000000001,,,,,,,,,,,,,,3,,,,,,,#904ea6,,,True
2025-10-15,solana,Index,_QQQ,QQQ,,0.0999831,,,,,,,,,,,,,,1.0,,,,,,,0.0,,,,,,,,,,,,,,,,,,,,,0.0999831,,,,,,,,,,,,,,4,,,,,,,#63b512,,,,,,True
2025-10-15,solana,Index,___GMTrade,GMTrade,,,,,,0.29995320000000003,,,,,,,,,,,,,,3.0,,,,,,,0.0,,,,,,,,,,,,,,,,,,,,,0.09998440000000001,,,,,,,,,,,,,,3,,,,,,,#904ea6,,True
2025-10-15,solana,Index,Total,,0.29995320000000003,,,,,,,,,,,,,,3.0,,,,,,,0.0,,,,,,,,,,,,,,,,,,,,,0.09998440000000001,,,,,,,,,,,,,,1.0,,,,,,,#545cf8,,,,,,,True
2025-10-15,solana,Index,Broad Market,,,,,0.1999701,,,,,,,,,,,,,,2.0,,,,,,,0.0,,,,,,,,,,,,,,,,,,,,,0.09998505,,,,,,,,,,,,,,1,,,,,,,#545cf8,,,,True
2025-10-14,solana,Index,_SPY,SPY,,0.1999797,,,,,,,,,,,,,,2.0,,,,,,,0.0,,,,,,,,,,,,,,,,,,,,,0.09998985,,,,,,,,,,,,,,2,,,,,,,#f79009,,,,,,True
2025-10-14,solana,Index,__Equity,Equity,,,0.2999668,,,,,,,,,,,,,,3.0,,,,,,,0.0,,,,,,,,,,,,,,,,,,,,,0.09998893333333332,,,,,,,,,,,,,,1,,,,,,,#545cf8,,,,,True
2025-10-14,solana,Index,GMTrade,,,,,,0.2999668,,,,,,,,,,,,,,3.0,,,,,,,0.0,,,,,,,,,,,,,,,,,,,,,0.09998893333333332,,,,,,,,,,,,,,3,,,,,,,#904ea6,,,True
2025-10-14,solana,Index,___GMTrade,GMTrade,,,,,,0.2999668,,,,,,,,,,,,,,3.0,,,,,,,0.0,,,,,,,,,,,,,,,,,,,,,0.09998893333333332,,,,,,,,,,,,,,3,,,,,,,#904ea6,,True
2025-10-14,solana,Index,_QQQ,QQQ,,0.0999871,,,,,,,,,,,,,,1.0,,,,,,,0.0,,,,,,,,,,,,,,,,,,,,,0.0999871,,,,,,,,,,,,,,4,,,,,,,#63b512,,,,,,True
2025-10-14,solana,Index,Large Cap,,,,,0.0999871,,,,,,,,,,,,,,1.0,,,,,,,0.0,,,,,,,,,,,,,,,,,,,,,0.0999871,,,,,,,,,,,,,,3,,,,,,,#904ea6,,,,True
2025-10-14,solana,Index,Total,,0.2999668,,,,,,,,,,,,,,3.0,,,,,,,0.0,,,,,,,,,,,,,,,,,,,,,0.09998893333333332,,,,,,,,,,,,,,1.0,,,,,,,#545cf8,,,,,,,True
2025-10-14,solana,Index,Broad Market,,,,,0.1999797,,,,,,,,,,,,,,2.0,,,,,,,0.0,,,,,,,,,,,,,,,,,,,,,0.09998985,,,,,,,,,,,,,,1,,,,,,,#545cf8,,,,True
2025-10-13,solana,Index,GMTrade,,,,,,0.29994730000000003,,,,,,,,,,,,,,3.0,,,,,,,0.0,,,,,,,,,,,,,,,,,,,,,0.09998243333333334,,,,,,,,,,,,,,3,,,,,,,#904ea6,,,True
2025-10-13,solana,Index,___GMTrade,GMTrade,,,,,,0.29994730000000003,,,,,,,,,,,,,,3.0,,,,,,,0.0,,,,,,,,,,,,,,,,,,,,,0.09998243333333334,,,,,,,,,,,,,,3,,,,,,,#904ea6,,True
2025-10-13,solana,Index,__Equity,Equity,,,0.29994730000000003,,,,,,,,,,,,,,3.0,,,,,,,0.0,,,,,,,,,,,,,,,,,,,,,0.09998243333333334,,,,,,,,,,,,,,1,,,,,,,#545cf8,,,,,True
2025-10-13,solana,Index,Total,,0.29994730000000003,,,,,,,,,,,,,,3.0,,,,,,,0.0,,,,,,,,,,,,,,,,,,,,,0.09998243333333334,,,,,,,,,,,,,,1.0,,,,,,,#545cf8,,,,,,,True
2025-10-13,solana,Index,Large Cap,,,,,0.099983,,,,,,,,,,,,,,1.0,,,,,,,0.0,,,,,,,,,,,,,,,,,,,,,0.099983,,,,,,,,,,,,,,3,,,,,,,#904ea6,,,,True
2025-10-13,solana,Index,Broad Market,,,,,0.1999643,,,,,,,,,,,,,,2.0,,,,,,,0.0,,,,,,,,,,,,,,,,,,,,,0.09998215,,,,,,,,,,,,,,1,,,,,,,#545cf8,,,,True
2025-10-13,solana,Index,_SPY,SPY,,0.1999643,,,,,,,,,,,,,,2.0,,,,,,,0.0,,,,,,,,,,,,,,,,,,,,,0.09998215,,,,,,,,,,,,,,2,,,,,,,#f79009,,,,,,True
2025-10-13,solana,Index,_QQQ,QQQ,,0.099983,,,,,,,,,,,,,,1.0,,,,,,,0.0,,,,,,,,,,,,,,,,,,,,,0.099983,,,,,,,,,,,,,,4,,,,,,,#63b512,,,,,,True
2025-10-12,solana,Index,_QQQ,QQQ,,,,,,,,,,,,,,,,,,,,,,,,,,,,,,,,,,,,,,,,,,,,,,,,,,,,,,,,,,4,,,,,,,#63b512,,,,,,True
2025-10-12,solana,Index,Large Cap,,,,,,,,,,,,,,,,,,,,,,,,,,,,,,,,,,,,,,,,,,,,,,,,,,,,,,,,,,,,,3,,,,,,,#904ea6,,,,True
2025-10-12,solana,Index,GMTrade,,,,,,,,,,,,,,,,,,,,,,,,,,,,,,,,,,,,,,,,,,,,,,,,,,,,,,,,,,,,,,3,,,,,,,#904ea6,,,True
2025-10-12,solana,Index,__Equity,Equity,,,,,,,,,,,,,,,,,,,,,,,,,,,,,,,,,,,,,,,,,,,,,,,,,,,,,,,,,,,1,,,,,,,#545cf8,,,,,True
2025-10-12,solana,Index,___GMTrade,GMTrade,,,,,,,,,,,,,,,,,,,,,,,,,,,,,,,,,,,,,,,,,,,,,,,,,,,,,,,,,,,,,,3,,,,,,,#904ea6,,True
2025-10-12,solana,Index,_SPY,SPY,,,,,,,,,,,,,,,,,,,,,,,,,,,,,,,,,,,,,,,,,,,,,,,,,,,,,,,,,,2,,,,,,,#f79009,,,,,,True
2025-10-12,solana,Index,Broad Market,,,,,,,,,,,,,,,,,,,,,,,,,,,,,,,,,,,,,,,,,,,,,,,,,,,,,,,,,,,,,1,,,,,,,#545cf8,,,,True
2025-10-12,solana,Index,Total,,,,,,,,,,,,,,,,,,,,,,,,,,,,,,,,,,,,,,,,,,,,,,,,,,,,,,,,,,1.0,,,,,,,#545cf8,,,,,,,True
2025-10-11,solana,Index,_SPY,SPY,,,,,,,,,,,,,,,,,,,,,,,,,,,,,,,,,,,,,,,,,,,,,,,,,,,,,,,,,,2,,,,,,,#f79009,,,,,,True
2025-10-11,solana,Index,_QQQ,QQQ,,,,,,,,,,,,,,,,,,,,,,,,,,,,,,,,,,,,,,,,,,,,,,,,,,,,,,,,,,4,,,,,,,#63b512,,,,,,True
2025-10-11,solana,Index,Total,,,,,,,,,,,,,,,,,,,,,,,,,,,,,,,,,,,,,,,,,,,,,,,,,,,,,,,,,,1.0,,,,,,,#545cf8,,,,,,,True
2025-10-11,solana,Index,Broad Market,,,,,,,,,,,,,,,,,,,,,,,,,,,,,,,,,,,,,,,,,,,,,,,,,,,,,,,,,,,,,1,,,,,,,#545cf8,,,,True
2025-10-11,solana,Index,___GMTrade,GMTrade,,,,,,,,,,,,,,,,,,,,,,,,,,,,,,,,,,,,,,,,,,,,,,,,,,,,,,,,,,,,,,3,,,,,,,#904ea6,,True
2025-10-11,solana,Index,GMTrade,,,,,,,,,,,,,,,,,,,,,,,,,,,,,,,,,,,,,,,,,,,,,,,,,,,,,,,,,,,,,,3,,,,,,,#904ea6,,,True
2025-10-11,solana,Index,Large Cap,,,,,,,,,,,,,,,,,,,,,,,,,,,,,,,,,,,,,,,,,,,,,,,,,,,,,,,,,,,,,3,,,,,,,#904ea6,,,,True
2025-10-11,solana,Index,__Equity,Equity,,,,,,,,,,,,,,,,,,,,,,,,,,,,,,,,,,,,,,,,,,,,,,,,,,,,,,,,,,,1,,,,,,,#545cf8,,,,,True
2025-10-10,solana,Index,_SPY,SPY,,0.1999424,,,,,,,,,,,,,,2.0,,,,,,,0.0,,,,,,,,,,,,,,,,,,,,,0.0999712,,,,,,,,,,,,,,2,,,,,,,#f79009,,,,,,True
2025-10-10,solana,Index,Broad Market,,,,,0.1999424,,,,,,,,,,,,,,2.0,,,,,,,0.0,,,,,,,,,,,,,,,,,,,,,0.0999712,,,,,,,,,,,,,,1,,,,,,,#545cf8,,,,True
2025-10-10,solana,Index,Large Cap,,,,,0.0999658,,,,,,,,,,,,,,1.0,,,,,,,0.0,,,,,,,,,,,,,,,,,,,,,0.0999658,,,,,,,,,,,,,,3,,,,,,,#904ea6,,,,True
2025-10-10,solana,Index,__Equity,Equity,,,0.29990819999999996,,,,,,,,,,,,,,3.0,,,,,,,0.0,,,,,,,,,,,,,,,,,,,,,0.09996939999999999,,,,,,,,,,,,,,1,,,,,,,#545cf8,,,,,True
2025-10-10,solana,Index,_QQQ,QQQ,,0.0999658,,,,,,,,,,,,,,1.0,,,,,,,0.0,,,,,,,,,,,,,,,,,,,,,0.0999658,,,,,,,,,,,,,,4,,,,,,,#63b512,,,,,,True
2025-10-10,solana,Index,Total,,0.29990819999999996,,,,,,,,,,,,,,3.0,,,,,,,0.0,,,,,,,,,,,,,,,,,,,,,0.09996939999999999,,,,,,,,,,,,,,1.0,,,,,,,#545cf8,,,,,,,True
2025-10-10,solana,Index,___GMTrade,GMTrade,,,,,,0.29990819999999996,,,,,,,,,,,,,,3.0,,,,,,,0.0,,,,,,,,,,,,,,,,,,,,,0.09996939999999999,,,,,,,,,,,,,,3,,,,,,,#904ea6,,True
2025-10-10,solana,Index,GMTrade,,,,,,0.29990819999999996,,,,,,,,,,,,,,3.0,,,,,,,0.0,,,,,,,,,,,,,,,,,,,,,0.09996939999999999,,,,,,,,,,,,,,3,,,,,,,#904ea6,,,True
2025-10-09,solana,Index,Total,,0.2999391,,,,,,,,,,,,,,3.0,,,,,,,0.0,,,,,,,,,,,,,,,,,,,,,0.0999797,,,,,,,,,,,,,,1.0,,,,,,,#545cf8,,,,,,,True
2025-10-09,solana,Index,__Equity,Equity,,,0.2999391,,,,,,,,,,,,,,3.0,,,,,,,0.0,,,,,,,,,,,,,,,,,,,,,0.0999797,,,,,,,,,,,,,,1,,,,,,,#545cf8,,,,,True
2025-10-09,solana,Index,_SPY,SPY,,0.1999601,,,,,,,,,,,,,,2.0,,,,,,,0.0,,,,,,,,,,,,,,,,,,,,,0.09998005,,,,,,,,,,,,,,2,,,,,,,#f79009,,,,,,True
2025-10-09,solana,Index,___GMTrade,GMTrade,,,,,,0.2999391,,,,,,,,,,,,,,3.0,,,,,,,0.0,,,,,,,,,,,,,,,,,,,,,0.0999797,,,,,,,,,,,,,,3,,,,,,,#904ea6,,True
2025-10-09,solana,Index,Broad Market,,,,,0.1999601,,,,,,,,,,,,,,2.0,,,,,,,0.0,,,,,,,,,,,,,,,,,,,,,0.09998005,,,,,,,,,,,,,,1,,,,,,,#545cf8,,,,True
2025-10-09,solana,Index,_QQQ,QQQ,,0.099979,,,,,,,,,,,,,,1.0,,,,,,,0.0,,,,,,,,,,,,,,,,,,,,,0.099979,,,,,,,,,,,,,,4,,,,,,,#63b512,,,,,,True
2025-10-09,solana,Index,Large Cap,,,,,0.099979,,,,,,,,,,,,,,1.0,,,,,,,0.0,,,,,,,,,,,,,,,,,,,,,0.099979,,,,,,,,,,,,,,3,,,,,,,#904ea6,,,,True
2025-10-09,solana,Index,GMTrade,,,,,,0.2999391,,,,,,,,,,,,,,3.0,,,,,,,0.0,,,,,,,,,,,,,,,,,,,,,0.0999797,,,,,,,,,,,,,,3,,,,,,,#904ea6,,,True
2025-10-08,solana,Index,__Equity,Equity,,,608.7099079999999,,,,,,,,,,,,,,4.0,,,,,,,0.0,,,,,,,,,,,,,,,,,,,,,152.17747699999998,,,,,,,,,,,,,,1,,,,,,,#545cf8,,,,,True
2025-10-08,solana,Index,GMTrade,,,,,,608.7099079999999,,,,,,,,,,,,,,4.0,,,,,,,0.0,,,,,,,,,,,,,,,,,,,,,152.17747699999998,,,,,,,,,,,,,,3,,,,,,,#904ea6,,,True
2025-10-08,solana,Index,Large Cap,,,,,608.509968,,,,,,,,,,,,,,2.0,,,,,,,0.0,,,,,,,,,,,,,,,,,,,,,304.254984,,,,,,,,,,,,,,3,,,,,,,#904ea6,,,,True
2025-10-08,solana,Index,_QQQ,QQQ,,608.509968,,,,,,,,,,,,,,2.0,,,,,,,0.0,,,,,,,,,,,,,,,,,,,,,304.254984,,,,,,,,,,,,,,4,,,,,,,#63b512,,,,,,True
2025-10-08,solana,Index,_SPY,SPY,,0.19994,,,,,,,,,,,,,,2.0,,,,,,,0.0,,,,,,,,,,,,,,,,,,,,,0.09997,,,,,,,,,,,,,,2,,,,,,,#f79009,,,,,,True
2025-10-08,solana,Index,Broad Market,,,,,0.19994,,,,,,,,,,,,,,2.0,,,,,,,0.0,,,,,,,,,,,,,,,,,,,,,0.09997,,,,,,,,,,,,,,1,,,,,,,#545cf8,,,,True
2025-10-08,solana,Index,___GMTrade,GMTrade,,,,,,608.7099079999999,,,,,,,,,,,,,,4.0,,,,,,,0.0,,,,,,,,,,,,,,,,,,,,,152.17747699999998,,,,,,,,,,,,,,3,,,,,,,#904ea6,,True
2025-10-08,solana,Index,Total,,608.7099079999999,,,,,,,,,,,,,,4.0,,,,,,,0.0,,,,,,,,,,,,,,,,,,,,,152.17747699999998,,,,,,,,,,,,,,1.0,,,,,,,#545cf8,,,,,,,True
2025-10-07,solana,Index,Large Cap,,,,,2199.140684902185,,,,,,,,,,,,,,4.0,,,,,,,0.0,,,,,,,,,,,,,,,,,,,,,549.7851712255463,,,,,,,,,,,,,,3,,,,,,,#904ea6,,,,True
2025-10-07,solana,Index,___GMTrade,GMTrade,,,,,,2551.494602902185,,,,,,,,,,,,,,8.0,,,,,,,0.0,,,,,,,,,,,,,,,,,,,,,318.9368253627731,,,,,,,,,,,,,,3,,,,,,,#904ea6,,True
2025-10-07,solana,Index,Total,,2551.494602902185,,,,,,,,,,,,,,8.0,,,,,,,0.0,,,,,,,,,,,,,,,,,,,,,318.9368253627731,,,,,,,,,,,,,,1.0,,,,,,,#545cf8,,,,,,,True
2025-10-07,solana,Index,_QQQ,QQQ,,2199.140684902185,,,,,,,,,,,,,,4.0,,,,,,,0.0,,,,,,,,,,,,,,,,,,,,,549.7851712255463,,,,,,,,,,,,,,4,,,,,,,#63b512,,,,,,True
2025-10-07,solana,Index,__Equity,Equity,,,2551.494602902185,,,,,,,,,,,,,,8.0,,,,,,,0.0,,,,,,,,,,,,,,,,,,,,,318.9368253627731,,,,,,,,,,,,,,1,,,,,,,#545cf8,,,,,True
2025-10-07,solana,Index,_SPY,SPY,,352.353918,,,,,,,,,,,,,,4.0,,,,,,,0.0,,,,,,,,,,,,,,,,,,,,,88.0884795,,,,,,,,,,,,,,2,,,,,,,#f79009,,,,,,True
2025-10-07,solana,Index,GMTrade,,,,,,2551.494602902185,,,,,,,,,,,,,,8.0,,,,,,,0.0,,,,,,,,,,,,,,,,,,,,,318.9368253627731,,,,,,,,,,,,,,3,,,,,,,#904ea6,,,True
2025-10-07,solana,Index,Broad Market,,,,,352.353918,,,,,,,,,,,,,,4.0,,,,,,,0.0,,,,,,,,,,,,,,,,,,,,,88.0884795,,,,,,,,,,,,,,1,,,,,,,#545cf8,,,,True
2025-10-06,solana,Index,___GMTrade,GMTrade,,,,,,3622.4519340233956,,,,,,,,,,,,,,7.0,,,,,,,0.0,,,,,,,,,,,,,,,,,,,,,517.4931334319136,,,,,,,,,,,,,,3,,,,,,,#904ea6,,True
2025-10-06,solana,Index,_QQQ,QQQ,,3622.2519934233956,,,,,,,,,,,,,,5.0,,,,,,,0.0,,,,,,,,,,,,,,,,,,,,,724.4503986846792,,,,,,,,,,,,,,4,,,,,,,#63b512,,,,,,True
2025-10-06,solana,Index,__Equity,Equity,,,3622.4519340233956,,,,,,,,,,,,,,7.0,,,,,,,0.0,,,,,,,,,,,,,,,,,,,,,517.4931334319136,,,,,,,,,,,,,,1,,,,,,,#545cf8,,,,,True
2025-10-06,solana,Index,Broad Market,,,,,0.1999406,,,,,,,,,,,,,,2.0,,,,,,,0.0,,,,,,,,,,,,,,,,,,,,,0.0999703,,,,,,,,,,,,,,1,,,,,,,#545cf8,,,,True
2025-10-06,solana,Index,Total,,3622.4519340233956,,,,,,,,,,,,,,7.0,,,,,,,0.0,,,,,,,,,,,,,,,,,,,,,517.4931334319136,,,,,,,,,,,,,,1.0,,,,,,,#545cf8,,,,,,,True
2025-10-06,solana,Index,_SPY,SPY,,0.1999406,,,,,,,,,,,,,,2.0,,,,,,,0.0,,,,,,,,,,,,,,,,,,,,,0.0999703,,,,,,,,,,,,,,2,,,,,,,#f79009,,,,,,True
2025-10-06,solana,Index,Large Cap,,,,,3622.2519934233956,,,,,,,,,,,,,,5.0,,,,,,,0.0,,,,,,,,,,,,,,,,,,,,,724.4503986846792,,,,,,,,,,,,,,3,,,,,,,#904ea6,,,,True
2025-10-06,solana,Index,GMTrade,,,,,,3622.4519340233956,,,,,,,,,,,,,,7.0,,,,,,,0.0,,,,,,,,,,,,,,,,,,,,,517.4931334319136,,,,,,,,,,,,,,3,,,,,,,#904ea6,,,True
2025-10-05,solana,Index,Broad Market,,,,,,,,,,,,,,,,,,,,,,,,,,,,,,,,,,,,,,,,,,,,,,,,,,,,,,,,,,,,,1,,,,,,,#545cf8,,,,True
2025-10-05,solana,Index,_SPY,SPY,,,,,,,,,,,,,,,,,,,,,,,,,,,,,,,,,,,,,,,,,,,,,,,,,,,,,,,,,,2,,,,,,,#f79009,,,,,,True
2025-10-05,solana,Index,GMTrade,,,,,,,,,,,,,,,,,,,,,,,,,,,,,,,,,,,,,,,,,,,,,,,,,,,,,,,,,,,,,,3,,,,,,,#904ea6,,,True
2025-10-05,solana,Index,___GMTrade,GMTrade,,,,,,,,,,,,,,,,,,,,,,,,,,,,,,,,,,,,,,,,,,,,,,,,,,,,,,,,,,,,,,3,,,,,,,#904ea6,,True
2025-10-05,solana,Index,Total,,,,,,,,,,,,,,,,,,,,,,,,,,,,,,,,,,,,,,,,,,,,,,,,,,,,,,,,,,1.0,,,,,,,#545cf8,,,,,,,True
2025-10-05,solana,Index,Large Cap,,,,,,,,,,,,,,,,,,,,,,,,,,,,,,,,,,,,,,,,,,,,,,,,,,,,,,,,,,,,,3,,,,,,,#904ea6,,,,True
2025-10-05,solana,Index,__Equity,Equity,,,,,,,,,,,,,,,,,,,,,,,,,,,,,,,,,,,,,,,,,,,,,,,,,,,,,,,,,,,1,,,,,,,#545cf8,,,,,True
2025-10-05,solana,Index,_QQQ,QQQ,,,,,,,,,,,,,,,,,,,,,,,,,,,,,,,,,,,,,,,,,,,,,,,,,,,,,,,,,,4,,,,,,,#63b512,,,,,,True
2025-10-04,solana,Index,GMTrade,,,,,,,,,,,,,,,,,,,,,,,,,,,,,,,,,,,,,,,,,,,,,,,,,,,,,,,,,,,,,,3,,,,,,,#904ea6,,,True
2025-10-04,solana,Index,_QQQ,QQQ,,,,,,,,,,,,,,,,,,,,,,,,,,,,,,,,,,,,,,,,,,,,,,,,,,,,,,,,,,4,,,,,,,#63b512,,,,,,True
2025-10-04,solana,Index,__Equity,Equity,,,,,,,,,,,,,,,,,,,,,,,,,,,,,,,,,,,,,,,,,,,,,,,,,,,,,,,,,,,1,,,,,,,#545cf8,,,,,True
2025-10-04,solana,Index,_SPY,SPY,,,,,,,,,,,,,,,,,,,,,,,,,,,,,,,,,,,,,,,,,,,,,,,,,,,,,,,,,,2,,,,,,,#f79009,,,,,,True
2025-10-04,solana,Index,Large Cap,,,,,,,,,,,,,,,,,,,,,,,,,,,,,,,,,,,,,,,,,,,,,,,,,,,,,,,,,,,,,3,,,,,,,#904ea6,,,,True
2025-10-04,solana,Index,___GMTrade,GMTrade,,,,,,,,,,,,,,,,,,,,,,,,,,,,,,,,,,,,,,,,,,,,,,,,,,,,,,,,,,,,,,3,,,,,,,#904ea6,,True
2025-10-04,solana,Index,Total,,,,,,,,,,,,,,,,,,,,,,,,,,,,,,,,,,,,,,,,,,,,,,,,,,,,,,,,,,1.0,,,,,,,#545cf8,,,,,,,True
2025-10-04,solana,Index,Broad Market,,,,,,,,,,,,,,,,,,,,,,,,,,,,,,,,,,,,,,,,,,,,,,,,,,,,,,,,,,,,,1,,,,,,,#545cf8,,,,True
2025-10-03,solana,Index,GMTrade,,,,,,0.2998828,,,,,,,,,,,,,,3.0,,,,,,,0.0,,,,,,,,,,,,,,,,,,,,,0.09996093333333333,,,,,,,,,,,,,,3,,,,,,,#904ea6,,,True
2025-10-03,solana,Index,Broad Market,,,,,0.1999227,,,,,,,,,,,,,,2.0,,,,,,,0.0,,,,,,,,,,,,,,,,,,,,,0.09996135,,,,,,,,,,,,,,1,,,,,,,#545cf8,,,,True
2025-10-03,solana,Index,__Equity,Equity,,,0.2998828,,,,,,,,,,,,,,3.0,,,,,,,0.0,,,,,,,,,,,,,,,,,,,,,0.09996093333333333,,,,,,,,,,,,,,1,,,,,,,#545cf8,,,,,True
2025-10-03,solana,Index,_SPY,SPY,,0.1999227,,,,,,,,,,,,,,2.0,,,,,,,0.0,,,,,,,,,,,,,,,,,,,,,0.09996135,,,,,,,,,,,,,,2,,,,,,,#f79009,,,,,,True
2025-10-03,solana,Index,___GMTrade,GMTrade,,,,,,0.2998828,,,,,,,,,,,,,,3.0,,,,,,,0.0,,,,,,,,,,,,,,,,,,,,,0.09996093333333333,,,,,,,,,,,,,,3,,,,,,,#904ea6,,True
2025-10-03,solana,Index,Total,,0.2998828,,,,,,,,,,,,,,3.0,,,,,,,0.0,,,,,,,,,,,,,,,,,,,,,0.09996093333333333,,,,,,,,,,,,,,1.0,,,,,,,#545cf8,,,,,,,True
2025-10-03,solana,Index,_QQQ,QQQ,,0.0999601,,,,,,,,,,,,,,1.0,,,,,,,0.0,,,,,,,,,,,,,,,,,,,,,0.0999601,,,,,,,,,,,,,,4,,,,,,,#63b512,,,,,,True
2025-10-03,solana,Index,Large Cap,,,,,0.0999601,,,,,,,,,,,,,,1.0,,,,,,,0.0,,,,,,,,,,,,,,,,,,,,,0.0999601,,,,,,,,,,,,,,3,,,,,,,#904ea6,,,,True
2025-10-02,solana,Index,Total,,0.2999154,,,,,,,,,,,,,,3.0,,,,,,,0.0,,,,,,,,,,,,,,,,,,,,,0.0999718,,,,,,,,,,,,,,1.0,,,,,,,#545cf8,,,,,,,True
2025-10-02,solana,Index,GMTrade,,,,,,0.2999154,,,,,,,,,,,,,,3.0,,,,,,,0.0,,,,,,,,,,,,,,,,,,,,,0.0999718,,,,,,,,,,,,,,3,,,,,,,#904ea6,,,True
2025-10-02,solana,Index,___GMTrade,GMTrade,,,,,,0.2999154,,,,,,,,,,,,,,3.0,,,,,,,0.0,,,,,,,,,,,,,,,,,,,,,0.0999718,,,,,,,,,,,,,,3,,,,,,,#904ea6,,True
2025-10-02,solana,Index,_SPY,SPY,,0.1999434,,,,,,,,,,,,,,2.0,,,,,,,0.0,,,,,,,,,,,,,,,,,,,,,0.0999717,,,,,,,,,,,,,,2,,,,,,,#f79009,,,,,,True
2025-10-02,solana,Index,Broad Market,,,,,0.1999434,,,,,,,,,,,,,,2.0,,,,,,,0.0,,,,,,,,,,,,,,,,,,,,,0.0999717,,,,,,,,,,,,,,1,,,,,,,#545cf8,,,,True
2025-10-02,solana,Index,Large Cap,,,,,0.099972,,,,,,,,,,,,,,1.0,,,,,,,0.0,,,,,,,,,,,,,,,,,,,,,0.099972,,,,,,,,,,,,,,3,,,,,,,#904ea6,,,,True
2025-10-02,solana,Index,_QQQ,QQQ,,0.099972,,,,,,,,,,,,,,1.0,,,,,,,0.0,,,,,,,,,,,,,,,,,,,,,0.099972,,,,,,,,,,,,,,4,,,,,,,#63b512,,,,,,True
2025-10-02,solana,Index,__Equity,Equity,,,0.2999154,,,,,,,,,,,,,,3.0,,,,,,,0.0,,,,,,,,,,,,,,,,,,,,,0.0999718,,,,,,,,,,,,,,1,,,,,,,#545cf8,,,,,True
2025-10-01,solana,Index,_SPY,SPY,,0.1999394,,,,,,,,,,,,,,2.0,,,,,,,0.0,,,,,,,,,,,,,,,,,,,,,0.0999697,,,,,,,,,,,,,,2,,,,,,,#f79009,,,,,,True
2025-10-01,solana,Index,_QQQ,QQQ,,0.0999719,,,,,,,,,,,,,,1.0,,,,,,,0.0,,,,,,,,,,,,,,,,,,,,,0.0999719,,,,,,,,,,,,,,4,,,,,,,#63b512,,,,,,True
2025-10-01,solana,Index,Broad Market,,,,,0.1999394,,,,,,,,,,,,,,2.0,,,,,,,0.0,,,,,,,,,,,,,,,,,,,,,0.0999697,,,,,,,,,,,,,,1,,,,,,,#545cf8,,,,True
2025-10-01,solana,Index,__Equity,Equity,,,0.2999113,,,,,,,,,,,,,,3.0,,,,,,,0.0,,,,,,,,,,,,,,,,,,,,,0.09997043333333333,,,,,,,,,,,,,,1,,,,,,,#545cf8,,,,,True
2025-10-01,solana,Index,Total,,0.2999113,,,,,,,,,,,,,,3.0,,,,,,,0.0,,,,,,,,,,,,,,,,,,,,,0.09997043333333333,,,,,,,,,,,,,,1.0,,,,,,,#545cf8,,,,,,,True
2025-10-01,solana,Index,Large Cap,,,,,0.0999719,,,,,,,,,,,,,,1.0,,,,,,,0.0,,,,,,,,,,,,,,,,,,,,,0.0999719,,,,,,,,,,,,,,3,,,,,,,#904ea6,,,,True
2025-10-01,solana,Index,___GMTrade,GMTrade,,,,,,0.2999113,,,,,,,,,,,,,,3.0,,,,,,,0.0,,,,,,,,,,,,,,,,,,,,,0.09997043333333333,,,,,,,,,,,,,,3,,,,,,,#904ea6,,True
2025-10-01,solana,Index,GMTrade,,,,,,0.2999113,,,,,,,,,,,,,,3.0,,,,,,,0.0,,,,,,,,,,,,,,,,,,,,,0.09997043333333333,,,,,,,,,,,,,,3,,,,,,,#904ea6,,,True
2025-09-30,solana,Index,Total,,2033.6446083069509,,,,,,,,,,,,,,5.0,,,,,,,0.0,,,,,,,,,,,,,,,,,,,,,406.7289216613902,,,,,,,,,,,,,,1.0,,,,,,,#545cf8,,,,,,,True
2025-09-30,solana,Index,___GMTrade,GMTrade,,,,,,2033.6446083069509,,,,,,,,,,,,,,5.0,,,,,,,0.0,,,,,,,,,,,,,,,,,,,,,406.7289216613902,,,,,,,,,,,,,,3,,,,,,,#904ea6,,True
2025-09-30,solana,Index,__Equity,Equity,,,2033.6446083069509,,,,,,,,,,,,,,5.0,,,,,,,0.0,,,,,,,,,,,,,,,,,,,,,406.7289216613902,,,,,,,,,,,,,,1,,,,,,,#545cf8,,,,,True
2025-09-30,solana,Index,_SPY,SPY,,0.1998913,,,,,,,,,,,,,,2.0,,,,,,,0.0,,,,,,,,,,,,,,,,,,,,,0.09994565,,,,,,,,,,,,,,2,,,,,,,#f79009,,,,,,True
2025-09-30,solana,Index,_QQQ,QQQ,,2033.444717006951,,,,,,,,,,,,,,3.0,,,,,,,0.0,,,,,,,,,,,,,,,,,,,,,677.8149056689837,,,,,,,,,,,,,,4,,,,,,,#63b512,,,,,,True
2025-09-30,solana,Index,Large Cap,,,,,2033.444717006951,,,,,,,,,,,,,,3.0,,,,,,,0.0,,,,,,,,,,,,,,,,,,,,,677.8149056689837,,,,,,,,,,,,,,3,,,,,,,#904ea6,,,,True
2025-09-30,solana,Index,Broad Market,,,,,0.1998913,,,,,,,,,,,,,,2.0,,,,,,,0.0,,,,,,,,,,,,,,,,,,,,,0.09994565,,,,,,,,,,,,,,1,,,,,,,#545cf8,,,,True
2025-09-30,solana,Index,GMTrade,,,,,,2033.6446083069509,,,,,,,,,,,,,,5.0,,,,,,,0.0,,,,,,,,,,,,,,,,,,,,,406.7289216613902,,,,,,,,,,,,,,3,,,,,,,#904ea6,,,True
2025-09-29,solana,Index,_QQQ,QQQ,,2469.876100331814,,,,,,,,,,,,,,21.0,,,,,,,0.0,,,,,,,,,,,,,,,,,,,,,117.61314763484829,,,,,,,,,,,,,,4,,,,,,,#63b512,,,,,,True
2025-09-29,solana,Index,___GMTrade,GMTrade,,,,,,2522.3123513566666,,,,,,,,,,,,,,24.0,,,,,,,0.0,,,,,,,,,,,,,,,,,,,,,105.09634797319444,,,,,,,,,,,,,,3,,,,,,,#904ea6,,True
2025-09-29,solana,Index,Broad Market,,,,,52.436251024852325,,,,,,,,,,,,,,3.0,,,,,,,0.0,,,,,,,,,,,,,,,,,,,,,17.47875034161744,,,,,,,,,,,,,,1,,,,,,,#545cf8,,,,True
2025-09-29,solana,Index,_SPY,SPY,,52.436251024852325,,,,,,,,,,,,,,3.0,,,,,,,0.0,,,,,,,,,,,,,,,,,,,,,17.47875034161744,,,,,,,,,,,,,,2,,,,,,,#f79009,,,,,,True
2025-09-29,solana,Index,Large Cap,,,,,2469.876100331814,,,,,,,,,,,,,,21.0,,,,,,,0.0,,,,,,,,,,,,,,,,,,,,,117.61314763484829,,,,,,,,,,,,,,3,,,,,,,#904ea6,,,,True
2025-09-29,solana,Index,GMTrade,,,,,,2522.3123513566666,,,,,,,,,,,,,,24.0,,,,,,,0.0,,,,,,,,,,,,,,,,,,,,,105.09634797319444,,,,,,,,,,,,,,3,,,,,,,#904ea6,,,True
2025-09-29,solana,Index,Total,,2522.3123513566666,,,,,,,,,,,,,,24.0,,,,,,,0.0,,,,,,,,,,,,,,,,,,,,,105.09634797319444,,,,,,,,,,,,,,1.0,,,,,,,#545cf8,,,,,,,True
2025-09-29,solana,Index,__Equity,Equity,,,2522.3123513566666,,,,,,,,,,,,,,24.0,,,,,,,0.0,,,,,,,,,,,,,,,,,,,,,105.09634797319444,,,,,,,,,,,,,,1,,,,,,,#545cf8,,,,,True
2025-09-28,solana,Index,Broad Market,,,,,,,,,,,,,,,,,,,,,,,,,,,,,,,,,,,,,,,,,,,,,,,,,,,,,,,,,,,,,1,,,,,,,#545cf8,,,,True
2025-09-28,solana,Index,Large Cap,,,,,,,,,,,,,,,,,,,,,,,,,,,,,,,,,,,,,,,,,,,,,,,,,,,,,,,,,,,,,3,,,,,,,#904ea6,,,,True
2025-09-28,solana,Index,__Equity,Equity,,,,,,,,,,,,,,,,,,,,,,,,,,,,,,,,,,,,,,,,,,,,,,,,,,,,,,,,,,,1,,,,,,,#545cf8,,,,,True
2025-09-28,solana,Index,_SPY,SPY,,,,,,,,,,,,,,,,,,,,,,,,,,,,,,,,,,,,,,,,,,,,,,,,,,,,,,,,,,2,,,,,,,#f79009,,,,,,True
2025-09-28,solana,Index,Total,,,,,,,,,,,,,,,,,,,,,,,,,,,,,,,,,,,,,,,,,,,,,,,,,,,,,,,,,,1.0,,,,,,,#545cf8,,,,,,,True
2025-09-28,solana,Index,___GMTrade,GMTrade,,,,,,,,,,,,,,,,,,,,,,,,,,,,,,,,,,,,,,,,,,,,,,,,,,,,,,,,,,,,,,3,,,,,,,#904ea6,,True
2025-09-28,solana,Index,GMTrade,,,,,,,,,,,,,,,,,,,,,,,,,,,,,,,,,,,,,,,,,,,,,,,,,,,,,,,,,,,,,,3,,,,,,,#904ea6,,,True
2025-09-28,solana,Index,_QQQ,QQQ,,,,,,,,,,,,,,,,,,,,,,,,,,,,,,,,,,,,,,,,,,,,,,,,,,,,,,,,,,4,,,,,,,#63b512,,,,,,True
2025-09-27,solana,Index,__Equity,Equity,,,,,,,,,,,,,,,,,,,,,,,,,,,,,,,,,,,,,,,,,,,,,,,,,,,,,,,,,,,1,,,,,,,#545cf8,,,,,True
2025-09-27,solana,Index,_QQQ,QQQ,,,,,,,,,,,,,,,,,,,,,,,,,,,,,,,,,,,,,,,,,,,,,,,,,,,,,,,,,,4,,,,,,,#63b512,,,,,,True
2025-09-27,solana,Index,GMTrade,,,,,,,,,,,,,,,,,,,,,,,,,,,,,,,,,,,,,,,,,,,,,,,,,,,,,,,,,,,,,,3,,,,,,,#904ea6,,,True
2025-09-27,solana,Index,Total,,,,,,,,,,,,,,,,,,,,,,,,,,,,,,,,,,,,,,,,,,,,,,,,,,,,,,,,,,1.0,,,,,,,#545cf8,,,,,,,True
2025-09-27,solana,Index,Large Cap,,,,,,,,,,,,,,,,,,,,,,,,,,,,,,,,,,,,,,,,,,,,,,,,,,,,,,,,,,,,,3,,,,,,,#904ea6,,,,True
2025-09-27,solana,Index,Broad Market,,,,,,,,,,,,,,,,,,,,,,,,,,,,,,,,,,,,,,,,,,,,,,,,,,,,,,,,,,,,,1,,,,,,,#545cf8,,,,True
2025-09-27,solana,Index,_SPY,SPY,,,,,,,,,,,,,,,,,,,,,,,,,,,,,,,,,,,,,,,,,,,,,,,,,,,,,,,,,,2,,,,,,,#f79009,,,,,,True
2025-09-27,solana,Index,___GMTrade,GMTrade,,,,,,,,,,,,,,,,,,,,,,,,,,,,,,,,,,,,,,,,,,,,,,,,,,,,,,,,,,,,,,3,,,,,,,#904ea6,,True
2025-09-26,solana,Index,_SPY,SPY,,0.1999272,,,,,,,,,,,,,,2.0,,,,,,,0.0,,,,,,,,,,,,,,,,,,,,,0.0999636,,,,,,,,,,,,,,2,,,,,,,#f79009,,,,,,True
2025-09-26,solana,Index,Broad Market,,,,,0.1999272,,,,,,,,,,,,,,2.0,,,,,,,0.0,,,,,,,,,,,,,,,,,,,,,0.0999636,,,,,,,,,,,,,,1,,,,,,,#545cf8,,,,True
2025-09-26,solana,Index,__Equity,Equity,,,8.987971943580261,,,,,,,,,,,,,,4.0,,,,,,,0.0,,,,,,,,,,,,,,,,,,,,,2.2469929858950652,,,,,,,,,,,,,,1,,,,,,,#545cf8,,,,,True
2025-09-26,solana,Index,___GMTrade,GMTrade,,,,,,8.987971943580261,,,,,,,,,,,,,,4.0,,,,,,,0.0,,,,,,,,,,,,,,,,,,,,,2.2469929858950652,,,,,,,,,,,,,,3,,,,,,,#904ea6,,True
2025-09-26,solana,Index,GMTrade,,,,,,8.987971943580261,,,,,,,,,,,,,,4.0,,,,,,,0.0,,,,,,,,,,,,,,,,,,,,,2.2469929858950652,,,,,,,,,,,,,,3,,,,,,,#904ea6,,,True
2025-09-26,solana,Index,Total,,8.987971943580261,,,,,,,,,,,,,,4.0,,,,,,,0.0,,,,,,,,,,,,,,,,,,,,,2.2469929858950652,,,,,,,,,,,,,,1.0,,,,,,,#545cf8,,,,,,,True
2025-09-26,solana,Index,Large Cap,,,,,8.788044743580262,,,,,,,,,,,,,,2.0,,,,,,,0.0,,,,,,,,,,,,,,,,,,,,,4.394022371790131,,,,,,,,,,,,,,3,,,,,,,#904ea6,,,,True
2025-09-26,solana,Index,_QQQ,QQQ,,8.788044743580262,,,,,,,,,,,,,,2.0,,,,,,,0.0,,,,,,,,,,,,,,,,,,,,,4.394022371790131,,,,,,,,,,,,,,4,,,,,,,#63b512,,,,,,True
2025-09-25,solana,Index,Broad Market,,,,,99.57408179412967,,,,,,,,,,,,,,3.0,,,,,,,0.0,,,,,,,,,,,,,,,,,,,,,33.191360598043225,,,,,,,,,,,,,,1,,,,,,,#545cf8,,,,True
2025-09-25,solana,Index,_QQQ,QQQ,,10.56644020179375,,,,,,,,,,,,,,2.0,,,,,,,0.0,,,,,,,,,,,,,,,,,,,,,5.283220100896875,,,,,,,,,,,,,,4,,,,,,,#63b512,,,,,,True
2025-09-25,solana,Index,Total,,110.14052199592342,,,,,,,,,,,,,,5.0,,,,,,,0.0,,,,,,,,,,,,,,,,,,,,,22.028104399184684,,,,,,,,,,,,,,1.0,,,,,,,#545cf8,,,,,,,True
2025-09-25,solana,Index,GMTrade,,,,,,110.14052199592342,,,,,,,,,,,,,,5.0,,,,,,,0.0,,,,,,,,,,,,,,,,,,,,,22.028104399184684,,,,,,,,,,,,,,3,,,,,,,#904ea6,,,True
2025-09-25,solana,Index,___GMTrade,GMTrade,,,,,,110.14052199592342,,,,,,,,,,,,,,5.0,,,,,,,0.0,,,,,,,,,,,,,,,,,,,,,22.028104399184684,,,,,,,,,,,,,,3,,,,,,,#904ea6,,True
2025-09-25,solana,Index,__Equity,Equity,,,110.14052199592342,,,,,,,,,,,,,,5.0,,,,,,,0.0,,,,,,,,,,,,,,,,,,,,,22.028104399184684,,,,,,,,,,,,,,1,,,,,,,#545cf8,,,,,True
2025-09-25,solana,Index,Large Cap,,,,,10.56644020179375,,,,,,,,,,,,,,2.0,,,,,,,0.0,,,,,,,,,,,,,,,,,,,,,5.283220100896875,,,,,,,,,,,,,,3,,,,,,,#904ea6,,,,True
2025-09-25,solana,Index,_SPY,SPY,,99.57408179412967,,,,,,,,,,,,,,3.0,,,,,,,0.0,,,,,,,,,,,,,,,,,,,,,33.191360598043225,,,,,,,,,,,,,,2,,,,,,,#f79009,,,,,,True
2025-09-24,solana,Index,___GMTrade,GMTrade,,,,,,294.33868669592346,,,,,,,,,,,,,,6.0,,,,,,,0.0,,,,,,,,,,,,,,,,,,,,,49.05644778265391,,,,,,,,,,,,,,3,,,,,,,#904ea6,,True
2025-09-24,solana,Index,Broad Market,,,,,283.7722392941297,,,,,,,,,,,,,,4.0,,,,,,,0.0,,,,,,,,,,,,,,,,,,,,,70.94305982353242,,,,,,,,,,,,,,1,,,,,,,#545cf8,,,,True
2025-09-24,solana,Index,Total,,294.33868669592346,,,,,,,,,,,,,,6.0,,,,,,,0.0,,,,,,,,,,,,,,,,,,,,,49.05644778265391,,,,,,,,,,,,,,1.0,,,,,,,#545cf8,,,,,,,True
2025-09-24,solana,Index,_QQQ,QQQ,,10.56644740179375,,,,,,,,,,,,,,2.0,,,,,,,0.0,,,,,,,,,,,,,,,,,,,,,5.283223700896875,,,,,,,,,,,,,,4,,,,,,,#63b512,,,,,,True
2025-09-24,solana,Index,_SPY,SPY,,283.7722392941297,,,,,,,,,,,,,,4.0,,,,,,,0.0,,,,,,,,,,,,,,,,,,,,,70.94305982353242,,,,,,,,,,,,,,2,,,,,,,#f79009,,,,,,True
2025-09-24,solana,Index,Large Cap,,,,,10.56644740179375,,,,,,,,,,,,,,2.0,,,,,,,0.0,,,,,,,,,,,,,,,,,,,,,5.283223700896875,,,,,,,,,,,,,,3,,,,,,,#904ea6,,,,True
2025-09-24,solana,Index,GMTrade,,,,,,294.33868669592346,,,,,,,,,,,,,,6.0,,,,,,,0.0,,,,,,,,,,,,,,,,,,,,,49.05644778265391,,,,,,,,,,,,,,3,,,,,,,#904ea6,,,True
2025-09-24,solana,Index,__Equity,Equity,,,294.33868669592346,,,,,,,,,,,,,,6.0,,,,,,,0.0,,,,,,,,,,,,,,,,,,,,,49.05644778265391,,,,,,,,,,,,,,1,,,,,,,#545cf8,,,,,True
2025-09-23,solana,Index,Total,,0.2998826,,,,,,,,,,,,,,3.0,,,,,,,0.0,,,,,,,,,,,,,,,,,,,,,0.09996086666666666,,,,,,,,,,,,,,1.0,,,,,,,#545cf8,,,,,,,True
2025-09-23,solana,Index,_SPY,SPY,,0.1999211,,,,,,,,,,,,,,2.0,,,,,,,0.0,,,,,,,,,,,,,,,,,,,,,0.09996055,,,,,,,,,,,,,,2,,,,,,,#f79009,,,,,,True
2025-09-23,solana,Index,___GMTrade,GMTrade,,,,,,0.2998826,,,,,,,,,,,,,,3.0,,,,,,,0.0,,,,,,,,,,,,,,,,,,,,,0.09996086666666666,,,,,,,,,,,,,,3,,,,,,,#904ea6,,True
2025-09-23,solana,Index,__Equity,Equity,,,0.2998826,,,,,,,,,,,,,,3.0,,,,,,,0.0,,,,,,,,,,,,,,,,,,,,,0.09996086666666666,,,,,,,,,,,,,,1,,,,,,,#545cf8,,,,,True
2025-09-23,solana,Index,_QQQ,QQQ,,0.0999615,,,,,,,,,,,,,,1.0,,,,,,,0.0,,,,,,,,,,,,,,,,,,,,,0.0999615,,,,,,,,,,,,,,4,,,,,,,#63b512,,,,,,True
2025-09-23,solana,Index,GMTrade,,,,,,0.2998826,,,,,,,,,,,,,,3.0,,,,,,,0.0,,,,,,,,,,,,,,,,,,,,,0.09996086666666666,,,,,,,,,,,,,,3,,,,,,,#904ea6,,,True
2025-09-23,solana,Index,Broad Market,,,,,0.1999211,,,,,,,,,,,,,,2.0,,,,,,,0.0,,,,,,,,,,,,,,,,,,,,,0.09996055,,,,,,,,,,,,,,1,,,,,,,#545cf8,,,,True
2025-09-23,solana,Index,Large Cap,,,,,0.0999615,,,,,,,,,,,,,,1.0,,,,,,,0.0,,,,,,,,,,,,,,,,,,,,,0.0999615,,,,,,,,,,,,,,3,,,,,,,#904ea6,,,,True
2025-09-22,solana,Index,_QQQ,QQQ,,993.8880635677058,,,,,,,,,,,,,,3.0,,,,,,,0.0,,,,,,,,,,,,,,,,,,,,,331.29602118923526,,,,,,,,,,,,,,4,,,,,,,#63b512,,,,,,True
2025-09-22,solana,Index,GMTrade,,,,,,4701.68715845481,,,,,,,,,,,,,,9.0,,,,,,,0.0,,,,,,,,,,,,,,,,,,,,,522.4096842727566,,,,,,,,,,,,,,3,,,,,,,#904ea6,,,True
2025-09-22,solana,Index,Total,,4701.68715845481,,,,,,,,,,,,,,9.0,,,,,,,0.0,,,,,,,,,,,,,,,,,,,,,522.4096842727566,,,,,,,,,,,,,,1.0,,,,,,,#545cf8,,,,,,,True
2025-09-22,solana,Index,Large Cap,,,,,993.8880635677058,,,,,,,,,,,,,,3.0,,,,,,,0.0,,,,,,,,,,,,,,,,,,,,,331.29602118923526,,,,,,,,,,,,,,3,,,,,,,#904ea6,,,,True
2025-09-22,solana,Index,___GMTrade,GMTrade,,,,,,4701.68715845481,,,,,,,,,,,,,,9.0,,,,,,,0.0,,,,,,,,,,,,,,,,,,,,,522.4096842727566,,,,,,,,,,,,,,3,,,,,,,#904ea6,,True
2025-09-22,solana,Index,_SPY,SPY,,3707.7990948871043,,,,,,,,,,,,,,6.0,,,,,,,0.0,,,,,,,,,,,,,,,,,,,,,617.9665158145174,,,,,,,,,,,,,,2,,,,,,,#f79009,,,,,,True
2025-09-22,solana,Index,__Equity,Equity,,,4701.68715845481,,,,,,,,,,,,,,9.0,,,,,,,0.0,,,,,,,,,,,,,,,,,,,,,522.4096842727566,,,,,,,,,,,,,,1,,,,,,,#545cf8,,,,,True
2025-09-22,solana,Index,Broad Market,,,,,3707.7990948871043,,,,,,,,,,,,,,6.0,,,,,,,0.0,,,,,,,,,,,,,,,,,,,,,617.9665158145174,,,,,,,,,,,,,,1,,,,,,,#545cf8,,,,True
2025-09-21,solana,Index,Total,,,,,,,,,,,,,,,,,,,,,,,,,,,,,,,,,,,,,,,,,,,,,,,,,,,,,,,,,,1.0,,,,,,,#545cf8,,,,,,,True
2025-09-21,solana,Index,Broad Market,,,,,,,,,,,,,,,,,,,,,,,,,,,,,,,,,,,,,,,,,,,,,,,,,,,,,,,,,,,,,1,,,,,,,#545cf8,,,,True
2025-09-21,solana,Index,__Equity,Equity,,,,,,,,,,,,,,,,,,,,,,,,,,,,,,,,,,,,,,,,,,,,,,,,,,,,,,,,,,,1,,,,,,,#545cf8,,,,,True
2025-09-21,solana,Index,___GMTrade,GMTrade,,,,,,,,,,,,,,,,,,,,,,,,,,,,,,,,,,,,,,,,,,,,,,,,,,,,,,,,,,,,,,3,,,,,,,#904ea6,,True
2025-09-21,solana,Index,_SPY,SPY,,,,,,,,,,,,,,,,,,,,,,,,,,,,,,,,,,,,,,,,,,,,,,,,,,,,,,,,,,2,,,,,,,#f79009,,,,,,True
2025-09-21,solana,Index,_QQQ,QQQ,,,,,,,,,,,,,,,,,,,,,,,,,,,,,,,,,,,,,,,,,,,,,,,,,,,,,,,,,,4,,,,,,,#63b512,,,,,,True
2025-09-21,solana,Index,Large Cap,,,,,,,,,,,,,,,,,,,,,,,,,,,,,,,,,,,,,,,,,,,,,,,,,,,,,,,,,,,,,3,,,,,,,#904ea6,,,,True
2025-09-21,solana,Index,GMTrade,,,,,,,,,,,,,,,,,,,,,,,,,,,,,,,,,,,,,,,,,,,,,,,,,,,,,,,,,,,,,,3,,,,,,,#904ea6,,,True
2025-09-20,solana,Index,_QQQ,QQQ,,,,,,,,,,,,,,,,,,,,,,,,,,,,,,,,,,,,,,,,,,,,,,,,,,,,,,,,,,4,,,,,,,#63b512,,,,,,True
2025-09-20,solana,Index,___GMTrade,GMTrade,,,,,,,,,,,,,,,,,,,,,,,,,,,,,,,,,,,,,,,,,,,,,,,,,,,,,,,,,,,,,,3,,,,,,,#904ea6,,True
2025-09-20,solana,Index,GMTrade,,,,,,,,,,,,,,,,,,,,,,,,,,,,,,,,,,,,,,,,,,,,,,,,,,,,,,,,,,,,,,3,,,,,,,#904ea6,,,True
2025-09-20,solana,Index,_SPY,SPY,,,,,,,,,,,,,,,,,,,,,,,,,,,,,,,,,,,,,,,,,,,,,,,,,,,,,,,,,,2,,,,,,,#f79009,,,,,,True
2025-09-20,solana,Index,Broad Market,,,,,,,,,,,,,,,,,,,,,,,,,,,,,,,,,,,,,,,,,,,,,,,,,,,,,,,,,,,,,1,,,,,,,#545cf8,,,,True
2025-09-20,solana,Index,Large Cap,,,,,,,,,,,,,,,,,,,,,,,,,,,,,,,,,,,,,,,,,,,,,,,,,,,,,,,,,,,,,3,,,,,,,#904ea6,,,,True
2025-09-20,solana,Index,Total,,,,,,,,,,,,,,,,,,,,,,,,,,,,,,,,,,,,,,,,,,,,,,,,,,,,,,,,,,1.0,,,,,,,#545cf8,,,,,,,True
2025-09-20,solana,Index,__Equity,Equity,,,,,,,,,,,,,,,,,,,,,,,,,,,,,,,,,,,,,,,,,,,,,,,,,,,,,,,,,,,1,,,,,,,#545cf8,,,,,True
2025-09-19,solana,Index,Large Cap,,,,,0.0999668,,,,,,,,,,,,,,1.0,,,,,,,0.0,,,,,,,,,,,,,,,,,,,,,0.0999668,,,,,,,,,,,,,,3,,,,,,,#904ea6,,,,True
2025-09-19,solana,Index,Total,,0.29989920000000003,,,,,,,,,,,,,,3.0,,,,,,,0.0,,,,,,,,,,,,,,,,,,,,,0.09996640000000001,,,,,,,,,,,,,,1.0,,,,,,,#545cf8,,,,,,,True
2025-09-19,solana,Index,_QQQ,QQQ,,0.0999668,,,,,,,,,,,,,,1.0,,,,,,,0.0,,,,,,,,,,,,,,,,,,,,,0.0999668,,,,,,,,,,,,,,4,,,,,,,#63b512,,,,,,True
2025-09-19,solana,Index,GMTrade,,,,,,0.29989920000000003,,,,,,,,,,,,,,3.0,,,,,,,0.0,,,,,,,,,,,,,,,,,,,,,0.09996640000000001,,,,,,,,,,,,,,3,,,,,,,#904ea6,,,True
2025-09-19,solana,Index,_SPY,SPY,,0.1999324,,,,,,,,,,,,,,2.0,,,,,,,0.0,,,,,,,,,,,,,,,,,,,,,0.0999662,,,,,,,,,,,,,,2,,,,,,,#f79009,,,,,,True
2025-09-19,solana,Index,___GMTrade,GMTrade,,,,,,0.29989920000000003,,,,,,,,,,,,,,3.0,,,,,,,0.0,,,,,,,,,,,,,,,,,,,,,0.09996640000000001,,,,,,,,,,,,,,3,,,,,,,#904ea6,,True
2025-09-19,solana,Index,__Equity,Equity,,,0.29989920000000003,,,,,,,,,,,,,,3.0,,,,,,,0.0,,,,,,,,,,,,,,,,,,,,,0.09996640000000001,,,,,,,,,,,,,,1,,,,,,,#545cf8,,,,,True
2025-09-19,solana,Index,Broad Market,,,,,0.1999324,,,,,,,,,,,,,,2.0,,,,,,,0.0,,,,,,,,,,,,,,,,,,,,,0.0999662,,,,,,,,,,,,,,1,,,,,,,#545cf8,,,,True
2025-09-18,solana,Index,GMTrade,,,,,,0.2999185,,,,,,,,,,,,,,3.0,,,,,,,0.0,,,,,,,,,,,,,,,,,,,,,0.09997283333333333,,,,,,,,,,,,,,3,,,,,,,#904ea6,,,True
2025-09-18,solana,Index,_SPY,SPY,,0.1999514,,,,,,,,,,,,,,2.0,,,,,,,0.0,,,,,,,,,,,,,,,,,,,,,0.0999757,,,,,,,,,,,,,,2,,,,,,,#f79009,,,,,,True
2025-09-18,solana,Index,Broad Market,,,,,0.1999514,,,,,,,,,,,,,,2.0,,,,,,,0.0,,,,,,,,,,,,,,,,,,,,,0.0999757,,,,,,,,,,,,,,1,,,,,,,#545cf8,,,,True
2025-09-18,solana,Index,Large Cap,,,,,0.0999671,,,,,,,,,,,,,,1.0,,,,,,,0.0,,,,,,,,,,,,,,,,,,,,,0.0999671,,,,,,,,,,,,,,3,,,,,,,#904ea6,,,,True
2025-09-18,solana,Index,__Equity,Equity,,,0.2999185,,,,,,,,,,,,,,3.0,,,,,,,0.0,,,,,,,,,,,,,,,,,,,,,0.09997283333333333,,,,,,,,,,,,,,1,,,,,,,#545cf8,,,,,True
2025-09-18,solana,Index,_QQQ,QQQ,,0.0999671,,,,,,,,,,,,,,1.0,,,,,,,0.0,,,,,,,,,,,,,,,,,,,,,0.0999671,,,,,,,,,,,,,,4,,,,,,,#63b512,,,,,,True
2025-09-18,solana,Index,Total,,0.2999185,,,,,,,,,,,,,,3.0,,,,,,,0.0,,,,,,,,,,,,,,,,,,,,,0.09997283333333333,,,,,,,,,,,,,,1.0,,,,,,,#545cf8,,,,,,,True
2025-09-18,solana,Index,___GMTrade,GMTrade,,,,,,0.2999185,,,,,,,,,,,,,,3.0,,,,,,,0.0,,,,,,,,,,,,,,,,,,,,,0.09997283333333333,,,,,,,,,,,,,,3,,,,,,,#904ea6,,True
2025-09-17,solana,Index,_SPY,SPY,,0.199933,,,,,,,,,,,,,,2.0,,,,,,,0.0,,,,,,,,,,,,,,,,,,,,,0.0999665,,,,,,,,,,,,,,2,,,,,,,#f79009,,,,,,True
2025-09-17,solana,Index,___GMTrade,GMTrade,,,,,,0.2998968,,,,,,,,,,,,,,3.0,,,,,,,0.0,,,,,,,,,,,,,,,,,,,,,0.0999656,,,,,,,,,,,,,,3,,,,,,,#904ea6,,True
2025-09-17,solana,Index,_QQQ,QQQ,,0.0999638,,,,,,,,,,,,,,1.0,,,,,,,0.0,,,,,,,,,,,,,,,,,,,,,0.0999638,,,,,,,,,,,,,,4,,,,,,,#63b512,,,,,,True
2025-09-17,solana,Index,Total,,0.2998968,,,,,,,,,,,,,,3.0,,,,,,,0.0,,,,,,,,,,,,,,,,,,,,,0.0999656,,,,,,,,,,,,,,1.0,,,,,,,#545cf8,,,,,,,True
2025-09-17,solana,Index,Broad Market,,,,,0.199933,,,,,,,,,,,,,,2.0,,,,,,,0.0,,,,,,,,,,,,,,,,,,,,,0.0999665,,,,,,,,,,,,,,1,,,,,,,#545cf8,,,,True
2025-09-17,solana,Index,Large Cap,,,,,0.0999638,,,,,,,,,,,,,,1.0,,,,,,,0.0,,,,,,,,,,,,,,,,,,,,,0.0999638,,,,,,,,,,,,,,3,,,,,,,#904ea6,,,,True
2025-09-17,solana,Index,__Equity,Equity,,,0.2998968,,,,,,,,,,,,,,3.0,,,,,,,0.0,,,,,,,,,,,,,,,,,,,,,0.0999656,,,,,,,,,,,,,,1,,,,,,,#545cf8,,,,,True
2025-09-17,solana,Index,GMTrade,,,,,,0.2998968,,,,,,,,,,,,,,3.0,,,,,,,0.0,,,,,,,,,,,,,,,,,,,,,0.0999656,,,,,,,,,,,,,,3,,,,,,,#904ea6,,,True
2025-09-16,solana,Index,Large Cap,,,,,0.0999719,,,,,,,,,,,,,,1.0,,,,,,,0.0,,,,,,,,,,,,,,,,,,,,,0.0999719,,,,,,,,,,,,,,3,,,,,,,#904ea6,,,,True
2025-09-16,solana,Index,Total,,244.4980685,,,,,,,,,,,,,,4.0,,,,,,,0.0,,,,,,,,,,,,,,,,,,,,,61.124517125,,,,,,,,,,,,,,1.0,,,,,,,#545cf8,,,,,,,True
2025-09-16,solana,Index,Broad Market,,,,,244.39809659999997,,,,,,,,,,,,,,3.0,,,,,,,0.0,,,,,,,,,,,,,,,,,,,,,81.46603219999999,,,,,,,,,,,,,,1,,,,,,,#545cf8,,,,True
2025-09-16,solana,Index,GMTrade,,,,,,244.4980685,,,,,,,,,,,,,,4.0,,,,,,,0.0,,,,,,,,,,,,,,,,,,,,,61.124517125,,,,,,,,,,,,,,3,,,,,,,#904ea6,,,True
2025-09-16,solana,Index,__Equity,Equity,,,244.4980685,,,,,,,,,,,,,,4.0,,,,,,,0.0,,,,,,,,,,,,,,,,,,,,,61.124517125,,,,,,,,,,,,,,1,,,,,,,#545cf8,,,,,True
2025-09-16,solana,Index,_SPY,SPY,,244.39809659999997,,,,,,,,,,,,,,3.0,,,,,,,0.0,,,,,,,,,,,,,,,,,,,,,81.46603219999999,,,,,,,,,,,,,,2,,,,,,,#f79009,,,,,,True
2025-09-16,solana,Index,___GMTrade,GMTrade,,,,,,244.4980685,,,,,,,,,,,,,,4.0,,,,,,,0.0,,,,,,,,,,,,,,,,,,,,,61.124517125,,,,,,,,,,,,,,3,,,,,,,#904ea6,,True
2025-09-16,solana,Index,_QQQ,QQQ,,0.0999719,,,,,,,,,,,,,,1.0,,,,,,,0.0,,,,,,,,,,,,,,,,,,,,,0.0999719,,,,,,,,,,,,,,4,,,,,,,#63b512,,,,,,True
2025-09-15,solana,Index,__Equity,Equity,,,8.988006643580261,,,,,,,,,,,,,,4.0,,,,,,,0.0,,,,,,,,,,,,,,,,,,,,,2.2470016608950654,,,,,,,,,,,,,,1,,,,,,,#545cf8,,,,,True
2025-09-15,solana,Index,Large Cap,,,,,8.78805454358026,,,,,,,,,,,,,,2.0,,,,,,,0.0,,,,,,,,,,,,,,,,,,,,,4.39402727179013,,,,,,,,,,,,,,3,,,,,,,#904ea6,,,,True
2025-09-15,solana,Index,Broad Market,,,,,0.1999521,,,,,,,,,,,,,,2.0,,,,,,,0.0,,,,,,,,,,,,,,,,,,,,,0.09997605,,,,,,,,,,,,,,1,,,,,,,#545cf8,,,,True
2025-09-15,solana,Index,Total,,8.988006643580261,,,,,,,,,,,,,,4.0,,,,,,,0.0,,,,,,,,,,,,,,,,,,,,,2.2470016608950654,,,,,,,,,,,,,,1.0,,,,,,,#545cf8,,,,,,,True
2025-09-15,solana,Index,_QQQ,QQQ,,8.78805454358026,,,,,,,,,,,,,,2.0,,,,,,,0.0,,,,,,,,,,,,,,,,,,,,,4.39402727179013,,,,,,,,,,,,,,4,,,,,,,#63b512,,,,,,True
2025-09-15,solana,Index,___GMTrade,GMTrade,,,,,,8.988006643580261,,,,,,,,,,,,,,4.0,,,,,,,0.0,,,,,,,,,,,,,,,,,,,,,2.2470016608950654,,,,,,,,,,,,,,3,,,,,,,#904ea6,,True
2025-09-15,solana,Index,GMTrade,,,,,,8.988006643580261,,,,,,,,,,,,,,4.0,,,,,,,0.0,,,,,,,,,,,,,,,,,,,,,2.2470016608950654,,,,,,,,,,,,,,3,,,,,,,#904ea6,,,True
2025-09-15,solana,Index,_SPY,SPY,,0.1999521,,,,,,,,,,,,,,2.0,,,,,,,0.0,,,,,,,,,,,,,,,,,,,,,0.09997605,,,,,,,,,,,,,,2,,,,,,,#f79009,,,,,,True
2025-09-14,solana,Index,Broad Market,,,,,,,,,,,,,,,,,,,,,,,,,,,,,,,,,,,,,,,,,,,,,,,,,,,,,,,,,,,,,1,,,,,,,#545cf8,,,,True
2025-09-14,solana,Index,Total,,,,,,,,,,,,,,,,,,,,,,,,,,,,,,,,,,,,,,,,,,,,,,,,,,,,,,,,,,1.0,,,,,,,#545cf8,,,,,,,True
2025-09-14,solana,Index,Large Cap,,,,,,,,,,,,,,,,,,,,,,,,,,,,,,,,,,,,,,,,,,,,,,,,,,,,,,,,,,,,,3,,,,,,,#904ea6,,,,True
2025-09-14,solana,Index,_QQQ,QQQ,,,,,,,,,,,,,,,,,,,,,,,,,,,,,,,,,,,,,,,,,,,,,,,,,,,,,,,,,,4,,,,,,,#63b512,,,,,,True
2025-09-14,solana,Index,_SPY,SPY,,,,,,,,,,,,,,,,,,,,,,,,,,,,,,,,,,,,,,,,,,,,,,,,,,,,,,,,,,2,,,,,,,#f79009,,,,,,True
2025-09-14,solana,Index,___GMTrade,GMTrade,,,,,,,,,,,,,,,,,,,,,,,,,,,,,,,,,,,,,,,,,,,,,,,,,,,,,,,,,,,,,,3,,,,,,,#904ea6,,True
2025-09-14,solana,Index,GMTrade,,,,,,,,,,,,,,,,,,,,,,,,,,,,,,,,,,,,,,,,,,,,,,,,,,,,,,,,,,,,,,3,,,,,,,#904ea6,,,True
2025-09-14,solana,Index,__Equity,Equity,,,,,,,,,,,,,,,,,,,,,,,,,,,,,,,,,,,,,,,,,,,,,,,,,,,,,,,,,,,1,,,,,,,#545cf8,,,,,True
2025-09-13,solana,Index,Broad Market,,,,,,,,,,,,,,,,,,,,,,,,,,,,,,,,,,,,,,,,,,,,,,,,,,,,,,,,,,,,,1,,,,,,,#545cf8,,,,True
2025-09-13,solana,Index,Large Cap,,,,,,,,,,,,,,,,,,,,,,,,,,,,,,,,,,,,,,,,,,,,,,,,,,,,,,,,,,,,,3,,,,,,,#904ea6,,,,True
2025-09-13,solana,Index,__Equity,Equity,,,,,,,,,,,,,,,,,,,,,,,,,,,,,,,,,,,,,,,,,,,,,,,,,,,,,,,,,,,1,,,,,,,#545cf8,,,,,True
2025-09-13,solana,Index,GMTrade,,,,,,,,,,,,,,,,,,,,,,,,,,,,,,,,,,,,,,,,,,,,,,,,,,,,,,,,,,,,,,3,,,,,,,#904ea6,,,True
2025-09-13,solana,Index,___GMTrade,GMTrade,,,,,,,,,,,,,,,,,,,,,,,,,,,,,,,,,,,,,,,,,,,,,,,,,,,,,,,,,,,,,,3,,,,,,,#904ea6,,True
2025-09-13,solana,Index,Total,,,,,,,,,,,,,,,,,,,,,,,,,,,,,,,,,,,,,,,,,,,,,,,,,,,,,,,,,,1.0,,,,,,,#545cf8,,,,,,,True
2025-09-13,solana,Index,_SPY,SPY,,,,,,,,,,,,,,,,,,,,,,,,,,,,,,,,,,,,,,,,,,,,,,,,,,,,,,,,,,2,,,,,,,#f79009,,,,,,True
2025-09-13,solana,Index,_QQQ,QQQ,,,,,,,,,,,,,,,,,,,,,,,,,,,,,,,,,,,,,,,,,,,,,,,,,,,,,,,,,,4,,,,,,,#63b512,,,,,,True
2025-09-12,solana,Index,Large Cap,,,,,0.0999779,,,,,,,,,,,,,,1.0,,,,,,,0.0,,,,,,,,,,,,,,,,,,,,,0.0999779,,,,,,,,,,,,,,3,,,,,,,#904ea6,,,,True
2025-09-12,solana,Index,Broad Market,,,,,0.1999518,,,,,,,,,,,,,,2.0,,,,,,,0.0,,,,,,,,,,,,,,,,,,,,,0.0999759,,,,,,,,,,,,,,1,,,,,,,#545cf8,,,,True
2025-09-12,solana,Index,_QQQ,QQQ,,0.0999779,,,,,,,,,,,,,,1.0,,,,,,,0.0,,,,,,,,,,,,,,,,,,,,,0.0999779,,,,,,,,,,,,,,4,,,,,,,#63b512,,,,,,True
2025-09-12,solana,Index,_SPY,SPY,,0.1999518,,,,,,,,,,,,,,2.0,,,,,,,0.0,,,,,,,,,,,,,,,,,,,,,0.0999759,,,,,,,,,,,,,,2,,,,,,,#f79009,,,,,,True
2025-09-12,solana,Index,___GMTrade,GMTrade,,,,,,0.2999297,,,,,,,,,,,,,,3.0,,,,,,,0.0,,,,,,,,,,,,,,,,,,,,,0.09997656666666667,,,,,,,,,,,,,,3,,,,,,,#904ea6,,True
2025-09-12,solana,Index,Total,,0.2999297,,,,,,,,,,,,,,3.0,,,,,,,0.0,,,,,,,,,,,,,,,,,,,,,0.09997656666666667,,,,,,,,,,,,,,1.0,,,,,,,#545cf8,,,,,,,True
2025-09-12,solana,Index,GMTrade,,,,,,0.2999297,,,,,,,,,,,,,,3.0,,,,,,,0.0,,,,,,,,,,,,,,,,,,,,,0.09997656666666667,,,,,,,,,,,,,,3,,,,,,,#904ea6,,,True
2025-09-12,solana,Index,__Equity,Equity,,,0.2999297,,,,,,,,,,,,,,3.0,,,,,,,0.0,,,,,,,,,,,,,,,,,,,,,0.09997656666666667,,,,,,,,,,,,,,1,,,,,,,#545cf8,,,,,True
2025-09-11,solana,Index,_SPY,SPY,,1243.4894886381824,,,,,,,,,,,,,,4.0,,,,,,,0.0,,,,,,,,,,,,,,,,,,,,,310.8723721595456,,,,,,,,,,,,,,2,,,,,,,#f79009,,,,,,True
2025-09-11,solana,Index,Large Cap,,,,,498.5000606583306,,,,,,,,,,,,,,2.0,,,,,,,0.0,,,,,,,,,,,,,,,,,,,,,249.2500303291653,,,,,,,,,,,,,,3,,,,,,,#904ea6,,,,True
2025-09-11,solana,Index,___GMTrade,GMTrade,,,,,,1741.989549296513,,,,,,,,,,,,,,6.0,,,,,,,0.0,,,,,,,,,,,,,,,,,,,,,290.3315915494188,,,,,,,,,,,,,,3,,,,,,,#904ea6,,True
2025-09-11,solana,Index,Broad Market,,,,,1243.4894886381824,,,,,,,,,,,,,,4.0,,,,,,,0.0,,,,,,,,,,,,,,,,,,,,,310.8723721595456,,,,,,,,,,,,,,1,,,,,,,#545cf8,,,,True
2025-09-11,solana,Index,__Equity,Equity,,,1741.989549296513,,,,,,,,,,,,,,6.0,,,,,,,0.0,,,,,,,,,,,,,,,,,,,,,290.3315915494188,,,,,,,,,,,,,,1,,,,,,,#545cf8,,,,,True
2025-09-11,solana,Index,Total,,1741.989549296513,,,,,,,,,,,,,,6.0,,,,,,,0.0,,,,,,,,,,,,,,,,,,,,,290.3315915494188,,,,,,,,,,,,,,1.0,,,,,,,#545cf8,,,,,,,True
2025-09-11,solana,Index,GMTrade,,,,,,1741.989549296513,,,,,,,,,,,,,,6.0,,,,,,,0.0,,,,,,,,,,,,,,,,,,,,,290.3315915494188,,,,,,,,,,,,,,3,,,,,,,#904ea6,,,True
2025-09-11,solana,Index,_QQQ,QQQ,,498.5000606583306,,,,,,,,,,,,,,2.0,,,,,,,0.0,,,,,,,,,,,,,,,,,,,,,249.2500303291653,,,,,,,,,,,,,,4,,,,,,,#63b512,,,,,,True
2025-09-10,solana,Index,__Equity,Equity,,,1741.989563796513,,,,,,,,,,,,,,6.0,,,,,,,0.0,,,,,,,,,,,,,,,,,,,,,290.3315939660855,,,,,,,,,,,,,,1,,,,,,,#545cf8,,,,,True
2025-09-10,solana,Index,_QQQ,QQQ,,498.5000589583306,,,,,,,,,,,,,,2.0,,,,,,,0.0,,,,,,,,,,,,,,,,,,,,,249.2500294791653,,,,,,,,,,,,,,4,,,,,,,#63b512,,,,,,True
2025-09-10,solana,Index,Large Cap,,,,,498.5000589583306,,,,,,,,,,,,,,2.0,,,,,,,0.0,,,,,,,,,,,,,,,,,,,,,249.2500294791653,,,,,,,,,,,,,,3,,,,,,,#904ea6,,,,True
2025-09-10,solana,Index,Broad Market,,,,,1243.4895048381825,,,,,,,,,,,,,,4.0,,,,,,,0.0,,,,,,,,,,,,,,,,,,,,,310.8723762095456,,,,,,,,,,,,,,1,,,,,,,#545cf8,,,,True
2025-09-10,solana,Index,___GMTrade,GMTrade,,,,,,1741.989563796513,,,,,,,,,,,,,,6.0,,,,,,,0.0,,,,,,,,,,,,,,,,,,,,,290.3315939660855,,,,,,,,,,,,,,3,,,,,,,#904ea6,,True
2025-09-10,solana,Index,Total,,1741.989563796513,,,,,,,,,,,,,,6.0,,,,,,,0.0,,,,,,,,,,,,,,,,,,,,,290.3315939660855,,,,,,,,,,,,,,1.0,,,,,,,#545cf8,,,,,,,True
2025-09-10,solana,Index,GMTrade,,,,,,1741.989563796513,,,,,,,,,,,,,,6.0,,,,,,,0.0,,,,,,,,,,,,,,,,,,,,,290.3315939660855,,,,,,,,,,,,,,3,,,,,,,#904ea6,,,True
2025-09-10,solana,Index,_SPY,SPY,,1243.4895048381825,,,,,,,,,,,,,,4.0,,,,,,,0.0,,,,,,,,,,,,,,,,,,,,,310.8723762095456,,,,,,,,,,,,,,2,,,,,,,#f79009,,,,,,True
2025-09-09,solana,Index,_QQQ,QQQ,,0.0999673,,,,,,,,,,,,,,1.0,,,,,,,0.0,,,,,,,,,,,,,,,,,,,,,0.0999673,,,,,,,,,,,,,,4,,,,,,,#63b512,,,,,,True
2025-09-09,solana,Index,Total,,0.2999062,,,,,,,,,,,,,,3.0,,,,,,,0.0,,,,,,,,,,,,,,,,,,,,,0.09996873333333334,,,,,,,,,,,,,,1.0,,,,,,,#545cf8,,,,,,,True
2025-09-09,solana,Index,Broad Market,,,,,0.1999389,,,,,,,,,,,,,,2.0,,,,,,,0.0,,,,,,,,,,,,,,,,,,,,,0.09996945,,,,,,,,,,,,,,1,,,,,,,#545cf8,,,,True
2025-09-09,solana,Index,GMTrade,,,,,,0.2999062,,,,,,,,,,,,,,3.0,,,,,,,0.0,,,,,,,,,,,,,,,,,,,,,0.09996873333333334,,,,,,,,,,,,,,3,,,,,,,#904ea6,,,True
2025-09-09,solana,Index,__Equity,Equity,,,0.2999062,,,,,,,,,,,,,,3.0,,,,,,,0.0,,,,,,,,,,,,,,,,,,,,,0.09996873333333334,,,,,,,,,,,,,,1,,,,,,,#545cf8,,,,,True
2025-09-09,solana,Index,_SPY,SPY,,0.1999389,,,,,,,,,,,,,,2.0,,,,,,,0.0,,,,,,,,,,,,,,,,,,,,,0.09996945,,,,,,,,,,,,,,2,,,,,,,#f79009,,,,,,True
2025-09-09,solana,Index,Large Cap,,,,,0.0999673,,,,,,,,,,,,,,1.0,,,,,,,0.0,,,,,,,,,,,,,,,,,,,,,0.0999673,,,,,,,,,,,,,,3,,,,,,,#904ea6,,,,True
2025-09-09,solana,Index,___GMTrade,GMTrade,,,,,,0.2999062,,,,,,,,,,,,,,3.0,,,,,,,0.0,,,,,,,,,,,,,,,,,,,,,0.09996873333333334,,,,,,,,,,,,,,3,,,,,,,#904ea6,,True
2025-09-08,solana,Index,_QQQ,QQQ,,0.0999835,,,,,,,,,,,,,,1.0,,,,,,,0.0,,,,,,,,,,,,,,,,,,,,,0.0999835,,,,,,,,,,,,,,4,,,,,,,#63b512,,,,,,True
2025-09-08,solana,Index,GMTrade,,,,,,359.2480362924895,,,,,,,,,,,,,,5.0,,,,,,,0.0,,,,,,,,,,,,,,,,,,,,,71.8496072584979,,,,,,,,,,,,,,3,,,,,,,#904ea6,,,True
2025-09-08,solana,Index,___GMTrade,GMTrade,,,,,,359.2480362924895,,,,,,,,,,,,,,5.0,,,,,,,0.0,,,,,,,,,,,,,,,,,,,,,71.8496072584979,,,,,,,,,,,,,,3,,,,,,,#904ea6,,True
2025-09-08,solana,Index,__Equity,Equity,,,359.2480362924895,,,,,,,,,,,,,,5.0,,,,,,,0.0,,,,,,,,,,,,,,,,,,,,,71.8496072584979,,,,,,,,,,,,,,1,,,,,,,#545cf8,,,,,True
2025-09-08,solana,Index,Total,,359.2480362924895,,,,,,,,,,,,,,5.0,,,,,,,0.0,,,,,,,,,,,,,,,,,,,,,71.8496072584979,,,,,,,,,,,,,,1.0,,,,,,,#545cf8,,,,,,,True
2025-09-08,solana,Index,Large Cap,,,,,0.0999835,,,,,,,,,,,,,,1.0,,,,,,,0.0,,,,,,,,,,,,,,,,,,,,,0.0999835,,,,,,,,,,,,,,3,,,,,,,#904ea6,,,,True
2025-09-08,solana,Index,_SPY,SPY,,359.14805279248947,,,,,,,,,,,,,,4.0,,,,,,,0.0,,,,,,,,,,,,,,,,,,,,,89.78701319812237,,,,,,,,,,,,,,2,,,,,,,#f79009,,,,,,True
2025-09-08,solana,Index,Broad Market,,,,,359.14805279248947,,,,,,,,,,,,,,4.0,,,,,,,0.0,,,,,,,,,,,,,,,,,,,,,89.78701319812237,,,,,,,,,,,,,,1,,,,,,,#545cf8,,,,True
2025-09-07,solana,Index,Broad Market,,,,,,,,,,,,,,,,,,,,,,,,,,,,,,,,,,,,,,,,,,,,,,,,,,,,,,,,,,,,,1,,,,,,,#545cf8,,,,True
2025-09-07,solana,Index,Total,,,,,,,,,,,,,,,,,,,,,,,,,,,,,,,,,,,,,,,,,,,,,,,,,,,,,,,,,,1.0,,,,,,,#545cf8,,,,,,,True
2025-09-07,solana,Index,Large Cap,,,,,,,,,,,,,,,,,,,,,,,,,,,,,,,,,,,,,,,,,,,,,,,,,,,,,,,,,,,,,3,,,,,,,#904ea6,,,,True
2025-09-07,solana,Index,___GMTrade,GMTrade,,,,,,,,,,,,,,,,,,,,,,,,,,,,,,,,,,,,,,,,,,,,,,,,,,,,,,,,,,,,,,3,,,,,,,#904ea6,,True
2025-09-07,solana,Index,_SPY,SPY,,,,,,,,,,,,,,,,,,,,,,,,,,,,,,,,,,,,,,,,,,,,,,,,,,,,,,,,,,2,,,,,,,#f79009,,,,,,True
2025-09-07,solana,Index,_QQQ,QQQ,,,,,,,,,,,,,,,,,,,,,,,,,,,,,,,,,,,,,,,,,,,,,,,,,,,,,,,,,,4,,,,,,,#63b512,,,,,,True
2025-09-07,solana,Index,GMTrade,,,,,,,,,,,,,,,,,,,,,,,,,,,,,,,,,,,,,,,,,,,,,,,,,,,,,,,,,,,,,,3,,,,,,,#904ea6,,,True
2025-09-07,solana,Index,__Equity,Equity,,,,,,,,,,,,,,,,,,,,,,,,,,,,,,,,,,,,,,,,,,,,,,,,,,,,,,,,,,,1,,,,,,,#545cf8,,,,,True
2025-09-06,solana,Index,_QQQ,QQQ,,,,,,,,,,,,,,,,,,,,,,,,,,,,,,,,,,,,,,,,,,,,,,,,,,,,,,,,,,4,,,,,,,#63b512,,,,,,True
2025-09-06,solana,Index,__Equity,Equity,,,,,,,,,,,,,,,,,,,,,,,,,,,,,,,,,,,,,,,,,,,,,,,,,,,,,,,,,,,1,,,,,,,#545cf8,,,,,True
2025-09-06,solana,Index,Large Cap,,,,,,,,,,,,,,,,,,,,,,,,,,,,,,,,,,,,,,,,,,,,,,,,,,,,,,,,,,,,,3,,,,,,,#904ea6,,,,True
2025-09-06,solana,Index,Broad Market,,,,,,,,,,,,,,,,,,,,,,,,,,,,,,,,,,,,,,,,,,,,,,,,,,,,,,,,,,,,,1,,,,,,,#545cf8,,,,True
2025-09-06,solana,Index,_SPY,SPY,,,,,,,,,,,,,,,,,,,,,,,,,,,,,,,,,,,,,,,,,,,,,,,,,,,,,,,,,,2,,,,,,,#f79009,,,,,,True
2025-09-06,solana,Index,Total,,,,,,,,,,,,,,,,,,,,,,,,,,,,,,,,,,,,,,,,,,,,,,,,,,,,,,,,,,1.0,,,,,,,#545cf8,,,,,,,True
2025-09-06,solana,Index,___GMTrade,GMTrade,,,,,,,,,,,,,,,,,,,,,,,,,,,,,,,,,,,,,,,,,,,,,,,,,,,,,,,,,,,,,,3,,,,,,,#904ea6,,True
2025-09-06,solana,Index,GMTrade,,,,,,,,,,,,,,,,,,,,,,,,,,,,,,,,,,,,,,,,,,,,,,,,,,,,,,,,,,,,,,3,,,,,,,#904ea6,,,True
2025-09-05,solana,Index,_SPY,SPY,,0.1999538,,,,,,,,,,,,,,2.0,,,,,,,0.0,,,,,,,,,,,,,,,,,,,,,0.0999769,,,,,,,,,,,,,,2,,,,,,,#f79009,,,,,,True
2025-09-05,solana,Index,Broad Market,,,,,0.1999538,,,,,,,,,,,,,,2.0,,,,,,,0.0,,,,,,,,,,,,,,,,,,,,,0.0999769,,,,,,,,,,,,,,1,,,,,,,#545cf8,,,,True
2025-09-05,solana,Index,__Equity,Equity,,,57.0244311,,,,,,,,,,,,,,4.0,,,,,,,0.0,,,,,,,,,,,,,,,,,,,,,14.256107775,,,,,,,,,,,,,,1,,,,,,,#545cf8,,,,,True
2025-09-05,solana,Index,___GMTrade,GMTrade,,,,,,57.0244311,,,,,,,,,,,,,,4.0,,,,,,,0.0,,,,,,,,,,,,,,,,,,,,,14.256107775,,,,,,,,,,,,,,3,,,,,,,#904ea6,,True
2025-09-05,solana,Index,_QQQ,QQQ,,56.8244773,,,,,,,,,,,,,,2.0,,,,,,,0.0,,,,,,,,,,,,,,,,,,,,,28.41223865,,,,,,,,,,,,,,4,,,,,,,#63b512,,,,,,True
2025-09-05,solana,Index,Large Cap,,,,,56.8244773,,,,,,,,,,,,,,2.0,,,,,,,0.0,,,,,,,,,,,,,,,,,,,,,28.41223865,,,,,,,,,,,,,,3,,,,,,,#904ea6,,,,True
2025-09-05,solana,Index,GMTrade,,,,,,57.0244311,,,,,,,,,,,,,,4.0,,,,,,,0.0,,,,,,,,,,,,,,,,,,,,,14.256107775,,,,,,,,,,,,,,3,,,,,,,#904ea6,,,True
2025-09-05,solana,Index,Total,,57.0244311,,,,,,,,,,,,,,4.0,,,,,,,0.0,,,,,,,,,,,,,,,,,,,,,14.256107775,,,,,,,,,,,,,,1.0,,,,,,,#545cf8,,,,,,,True
2025-09-04,solana,Index,_SPY,SPY,,349.1541615348161,,,,,,,,,,,,,,3.0,,,,,,,0.0,,,,,,,,,,,,,,,,,,,,,116.38472051160538,,,,,,,,,,,,,,2,,,,,,,#f79009,,,,,,True
2025-09-04,solana,Index,__Equity,Equity,,,1938.7852937348162,,,,,,,,,,,,,,7.0,,,,,,,0.0,,,,,,,,,,,,,,,,,,,,,276.9693276764023,,,,,,,,,,,,,,1,,,,,,,#545cf8,,,,,True
2025-09-04,solana,Index,_QQQ,QQQ,,1589.6311322000001,,,,,,,,,,,,,,4.0,,,,,,,0.0,,,,,,,,,,,,,,,,,,,,,397.40778305000003,,,,,,,,,,,,,,4,,,,,,,#63b512,,,,,,True
2025-09-04,solana,Index,GMTrade,,,,,,1938.7852937348162,,,,,,,,,,,,,,7.0,,,,,,,0.0,,,,,,,,,,,,,,,,,,,,,276.9693276764023,,,,,,,,,,,,,,3,,,,,,,#904ea6,,,True
2025-09-04,solana,Index,Large Cap,,,,,1589.6311322000001,,,,,,,,,,,,,,4.0,,,,,,,0.0,,,,,,,,,,,,,,,,,,,,,397.40778305000003,,,,,,,,,,,,,,3,,,,,,,#904ea6,,,,True
2025-09-04,solana,Index,___GMTrade,GMTrade,,,,,,1938.7852937348162,,,,,,,,,,,,,,7.0,,,,,,,0.0,,,,,,,,,,,,,,,,,,,,,276.9693276764023,,,,,,,,,,,,,,3,,,,,,,#904ea6,,True
2025-09-04,solana,Index,Total,,1938.7852937348162,,,,,,,,,,,,,,7.0,,,,,,,0.0,,,,,,,,,,,,,,,,,,,,,276.9693276764023,,,,,,,,,,,,,,1.0,,,,,,,#545cf8,,,,,,,True
2025-09-04,solana,Index,Broad Market,,,,,349.1541615348161,,,,,,,,,,,,,,3.0,,,,,,,0.0,,,,,,,,,,,,,,,,,,,,,116.38472051160538,,,,,,,,,,,,,,1,,,,,,,#545cf8,,,,True
2025-09-03,solana,Index,Broad Market,,,,,964.197452,,,,,,,,,,,,,,3.0,,,,,,,0.0,,,,,,,,,,,,,,,,,,,,,321.3991506666667,,,,,,,,,,,,,,1,,,,,,,#545cf8,,,,True
2025-09-03,solana,Index,Total,,7719.6436282,,,,,,,,,,,,,,7.0,,,,,,,0.0,,,,,,,,,,,,,,,,,,,,,1102.8062326000002,,,,,,,,,,,,,,1.0,,,,,,,#545cf8,,,,,,,True
2025-09-03,solana,Index,___GMTrade,GMTrade,,,,,,7719.6436282,,,,,,,,,,,,,,7.0,,,,,,,0.0,,,,,,,,,,,,,,,,,,,,,1102.8062326000002,,,,,,,,,,,,,,3,,,,,,,#904ea6,,True
2025-09-03,solana,Index,__Equity,Equity,,,7719.6436282,,,,,,,,,,,,,,7.0,,,,,,,0.0,,,,,,,,,,,,,,,,,,,,,1102.8062326000002,,,,,,,,,,,,,,1,,,,,,,#545cf8,,,,,True
2025-09-03,solana,Index,_SPY,SPY,,964.197452,,,,,,,,,,,,,,3.0,,,,,,,0.0,,,,,,,,,,,,,,,,,,,,,321.3991506666667,,,,,,,,,,,,,,2,,,,,,,#f79009,,,,,,True
2025-09-03,solana,Index,GMTrade,,,,,,7719.6436282,,,,,,,,,,,,,,7.0,,,,,,,0.0,,,,,,,,,,,,,,,,,,,,,1102.8062326000002,,,,,,,,,,,,,,3,,,,,,,#904ea6,,,True
2025-09-03,solana,Index,_QQQ,QQQ,,6755.4461762,,,,,,,,,,,,,,4.0,,,,,,,0.0,,,,,,,,,,,,,,,,,,,,,1688.86154405,,,,,,,,,,,,,,4,,,,,,,#63b512,,,,,,True
2025-09-03,solana,Index,Large Cap,,,,,6755.4461762,,,,,,,,,,,,,,4.0,,,,,,,0.0,,,,,,,,,,,,,,,,,,,,,1688.86154405,,,,,,,,,,,,,,3,,,,,,,#904ea6,,,,True
2025-09-02,solana,Index,_QQQ,QQQ,,115177.9946545478,,,,,,,,,,,,,,17.0,,,,,,,0.0,,,,,,,,,,,,,,,,,,,,,6775.176156149871,,,,,,,,,,,,,,4,,,,,,,#63b512,,,,,,True
2025-09-02,solana,Index,___GMTrade,GMTrade,,,,,,156562.62138055978,,,,,,,,,,,,,,22.0,,,,,,,0.0,,,,,,,,,,,,,,,,,,,,,7116.482790025445,,,,,,,,,,,,,,3,,,,,,,#904ea6,,True
2025-09-02,solana,Index,Large Cap,,,,,115177.9946545478,,,,,,,,,,,,,,17.0,,,,,,,0.0,,,,,,,,,,,,,,,,,,,,,6775.176156149871,,,,,,,,,,,,,,3,,,,,,,#904ea6,,,,True
2025-09-02,solana,Index,Broad Market,,,,,41384.62672601198,,,,,,,,,,,,,,5.0,,,,,,,0.0,,,,,,,,,,,,,,,,,,,,,8276.925345202395,,,,,,,,,,,,,,1,,,,,,,#545cf8,,,,True
2025-09-02,solana,Index,_SPY,SPY,,41384.62672601198,,,,,,,,,,,,,,5.0,,,,,,,0.0,,,,,,,,,,,,,,,,,,,,,8276.925345202395,,,,,,,,,,,,,,2,,,,,,,#f79009,,,,,,True
2025-09-02,solana,Index,Total,,156562.62138055978,,,,,,,,,,,,,,22.0,,,,,,,0.0,,,,,,,,,,,,,,,,,,,,,7116.482790025445,,,,,,,,,,,,,,1.0,,,,,,,#545cf8,,,,,,,True
2025-09-02,solana,Index,__Equity,Equity,,,156562.62138055978,,,,,,,,,,,,,,22.0,,,,,,,0.0,,,,,,,,,,,,,,,,,,,,,7116.482790025445,,,,,,,,,,,,,,1,,,,,,,#545cf8,,,,,True
2025-09-02,solana,Index,GMTrade,,,,,,156562.62138055978,,,,,,,,,,,,,,22.0,,,,,,,0.0,,,,,,,,,,,,,,,,,,,,,7116.482790025445,,,,,,,,,,,,,,3,,,,,,,#904ea6,,,True
2025-09-01,solana,Index,Large Cap,,,,,,,,,,,,,,,,,,,,,,,,,,,,,,,,,,,,,,,,,,,,,,,,,,,,,,,,,,,,,3,,,,,,,#904ea6,,,,True
2025-09-01,solana,Index,GMTrade,,,,,,,,,,,,,,,,,,,,,,,,,,,,,,,,,,,,,,,,,,,,,,,,,,,,,,,,,,,,,,3,,,,,,,#904ea6,,,True
2025-09-01,solana,Index,_SPY,SPY,,,,,,,,,,,,,,,,,,,,,,,,,,,,,,,,,,,,,,,,,,,,,,,,,,,,,,,,,,2,,,,,,,#f79009,,,,,,True
2025-09-01,solana,Index,Total,,,,,,,,,,,,,,,,,,,,,,,,,,,,,,,,,,,,,,,,,,,,,,,,,,,,,,,,,,1.0,,,,,,,#545cf8,,,,,,,True
2025-09-01,solana,Index,__Equity,Equity,,,,,,,,,,,,,,,,,,,,,,,,,,,,,,,,,,,,,,,,,,,,,,,,,,,,,,,,,,,1,,,,,,,#545cf8,,,,,True
2025-09-01,solana,Index,_QQQ,QQQ,,,,,,,,,,,,,,,,,,,,,,,,,,,,,,,,,,,,,,,,,,,,,,,,,,,,,,,,,,4,,,,,,,#63b512,,,,,,True
2025-09-01,solana,Index,___GMTrade,GMTrade,,,,,,,,,,,,,,,,,,,,,,,,,,,,,,,,,,,,,,,,,,,,,,,,,,,,,,,,,,,,,,3,,,,,,,#904ea6,,True
2025-09-01,solana,Index,Broad Market,,,,,,,,,,,,,,,,,,,,,,,,,,,,,,,,,,,,,,,,,,,,,,,,,,,,,,,,,,,,,1,,,,,,,#545cf8,,,,True
2025-08-31,solana,Index,Total,,,,,,,,,,,,,,,,,,,,,,,,,,,,,,,,,,,,,,,,,,,,,,,,,,,,,,,,,,1.0,,,,,,,#545cf8,,,,,,,True
2025-08-31,solana,Index,___GMTrade,GMTrade,,,,,,,,,,,,,,,,,,,,,,,,,,,,,,,,,,,,,,,,,,,,,,,,,,,,,,,,,,,,,,3,,,,,,,#904ea6,,True
2025-08-31,solana,Index,Broad Market,,,,,,,,,,,,,,,,,,,,,,,,,,,,,,,,,,,,,,,,,,,,,,,,,,,,,,,,,,,,,1,,,,,,,#545cf8,,,,True
2025-08-31,solana,Index,Large Cap,,,,,,,,,,,,,,,,,,,,,,,,,,,,,,,,,,,,,,,,,,,,,,,,,,,,,,,,,,,,,3,,,,,,,#904ea6,,,,True
2025-08-31,solana,Index,_SPY,SPY,,,,,,,,,,,,,,,,,,,,,,,,,,,,,,,,,,,,,,,,,,,,,,,,,,,,,,,,,,2,,,,,,,#f79009,,,,,,True
2025-08-31,solana,Index,__Equity,Equity,,,,,,,,,,,,,,,,,,,,,,,,,,,,,,,,,,,,,,,,,,,,,,,,,,,,,,,,,,,1,,,,,,,#545cf8,,,,,True
2025-08-31,solana,Index,_QQQ,QQQ,,,,,,,,,,,,,,,,,,,,,,,,,,,,,,,,,,,,,,,,,,,,,,,,,,,,,,,,,,4,,,,,,,#63b512,,,,,,True
2025-08-31,solana,Index,GMTrade,,,,,,,,,,,,,,,,,,,,,,,,,,,,,,,,,,,,,,,,,,,,,,,,,,,,,,,,,,,,,,3,,,,,,,#904ea6,,,True
2025-08-30,solana,Index,Total,,,,,,,,,,,,,,,,,,,,,,,,,,,,,,,,,,,,,,,,,,,,,,,,,,,,,,,,,,1.0,,,,,,,#545cf8,,,,,,,True
2025-08-30,solana,Index,_QQQ,QQQ,,,,,,,,,,,,,,,,,,,,,,,,,,,,,,,,,,,,,,,,,,,,,,,,,,,,,,,,,,4,,,,,,,#63b512,,,,,,True
2025-08-30,solana,Index,Broad Market,,,,,,,,,,,,,,,,,,,,,,,,,,,,,,,,,,,,,,,,,,,,,,,,,,,,,,,,,,,,,1,,,,,,,#545cf8,,,,True
2025-08-30,solana,Index,___GMTrade,GMTrade,,,,,,,,,,,,,,,,,,,,,,,,,,,,,,,,,,,,,,,,,,,,,,,,,,,,,,,,,,,,,,3,,,,,,,#904ea6,,True
2025-08-30,solana,Index,Large Cap,,,,,,,,,,,,,,,,,,,,,,,,,,,,,,,,,,,,,,,,,,,,,,,,,,,,,,,,,,,,,3,,,,,,,#904ea6,,,,True
2025-08-30,solana,Index,__Equity,Equity,,,,,,,,,,,,,,,,,,,,,,,,,,,,,,,,,,,,,,,,,,,,,,,,,,,,,,,,,,,1,,,,,,,#545cf8,,,,,True
2025-08-30,solana,Index,GMTrade,,,,,,,,,,,,,,,,,,,,,,,,,,,,,,,,,,,,,,,,,,,,,,,,,,,,,,,,,,,,,,3,,,,,,,#904ea6,,,True
2025-08-30,solana,Index,_SPY,SPY,,,,,,,,,,,,,,,,,,,,,,,,,,,,,,,,,,,,,,,,,,,,,,,,,,,,,,,,,,2,,,,,,,#f79009,,,,,,True
2025-08-29,solana,Index,Large Cap,,,,,4043.114045717422,,,,,,,,,,,,,,6.0,,,,,,,0.0,,,,,,,,,,,,,,,,,,,,,673.8523409529037,,,,,,,,,,,,,,3,,,,,,,#904ea6,,,,True
2025-08-29,solana,Index,Total,,4079.718715924929,,,,,,,,,,,,,,9.0,,,,,,,0.0,,,,,,,,,,,,,,,,,,,,,453.3020795472143,,,,,,,,,,,,,,1.0,,,,,,,#545cf8,,,,,,,True
2025-08-29,solana,Index,GMTrade,,,,,,4079.718715924929,,,,,,,,,,,,,,9.0,,,,,,,0.0,,,,,,,,,,,,,,,,,,,,,453.3020795472143,,,,,,,,,,,,,,3,,,,,,,#904ea6,,,True
2025-08-29,solana,Index,_QQQ,QQQ,,4043.114045717422,,,,,,,,,,,,,,6.0,,,,,,,0.0,,,,,,,,,,,,,,,,,,,,,673.8523409529037,,,,,,,,,,,,,,4,,,,,,,#63b512,,,,,,True
2025-08-29,solana,Index,___GMTrade,GMTrade,,,,,,4079.718715924929,,,,,,,,,,,,,,9.0,,,,,,,0.0,,,,,,,,,,,,,,,,,,,,,453.3020795472143,,,,,,,,,,,,,,3,,,,,,,#904ea6,,True
2025-08-29,solana,Index,Broad Market,,,,,36.604670207507034,,,,,,,,,,,,,,3.0,,,,,,,0.0,,,,,,,,,,,,,,,,,,,,,12.201556735835679,,,,,,,,,,,,,,1,,,,,,,#545cf8,,,,True
2025-08-29,solana,Index,__Equity,Equity,,,4079.718715924929,,,,,,,,,,,,,,9.0,,,,,,,0.0,,,,,,,,,,,,,,,,,,,,,453.3020795472143,,,,,,,,,,,,,,1,,,,,,,#545cf8,,,,,True
2025-08-29,solana,Index,_SPY,SPY,,36.604670207507034,,,,,,,,,,,,,,3.0,,,,,,,0.0,,,,,,,,,,,,,,,,,,,,,12.201556735835679,,,,,,,,,,,,,,2,,,,,,,#f79009,,,,,,True
2025-08-28,solana,Index,__Equity,Equity,,,25049.522033890986,,,,,,,,,,,,,,8.0,,,,,,,0.0,,,,,,,,,,,,,,,,,,,,,3131.190254236373,,,,,,,,,,,,,,1,,,,,,,#545cf8,,,,,True
2025-08-28,solana,Index,Total,,25049.522033890986,,,,,,,,,,,,,,8.0,,,,,,,0.0,,,,,,,,,,,,,,,,,,,,,3131.190254236373,,,,,,,,,,,,,,1.0,,,,,,,#545cf8,,,,,,,True
2025-08-28,solana,Index,GMTrade,,,,,,25049.522033890986,,,,,,,,,,,,,,8.0,,,,,,,0.0,,,,,,,,,,,,,,,,,,,,,3131.190254236373,,,,,,,,,,,,,,3,,,,,,,#904ea6,,,True
2025-08-28,solana,Index,_SPY,SPY,,0.1999698,,,,,,,,,,,,,,2.0,,,,,,,0.0,,,,,,,,,,,,,,,,,,,,,0.0999849,,,,,,,,,,,,,,2,,,,,,,#f79009,,,,,,True
2025-08-28,solana,Index,Large Cap,,,,,25049.322064090986,,,,,,,,,,,,,,6.0,,,,,,,0.0,,,,,,,,,,,,,,,,,,,,,4174.887010681831,,,,,,,,,,,,,,3,,,,,,,#904ea6,,,,True
2025-08-28,solana,Index,___GMTrade,GMTrade,,,,,,25049.522033890986,,,,,,,,,,,,,,8.0,,,,,,,0.0,,,,,,,,,,,,,,,,,,,,,3131.190254236373,,,,,,,,,,,,,,3,,,,,,,#904ea6,,True
2025-08-28,solana,Index,Broad Market,,,,,0.1999698,,,,,,,,,,,,,,2.0,,,,,,,0.0,,,,,,,,,,,,,,,,,,,,,0.0999849,,,,,,,,,,,,,,1,,,,,,,#545cf8,,,,True
2025-08-28,solana,Index,_QQQ,QQQ,,25049.322064090986,,,,,,,,,,,,,,6.0,,,,,,,0.0,,,,,,,,,,,,,,,,,,,,,4174.887010681831,,,,,,,,,,,,,,4,,,,,,,#63b512,,,,,,True
2025-08-27,solana,Index,GMTrade,,,,,,2077.6032686817307,,,,,,,,,,,,,,7.0,,,,,,,43.835288004936466,,,,,,,,,,,,,,,,,,,,,296.80046695453296,,,,,,,,,,,,,,3,,,,,,,#904ea6,,,True
2025-08-27,solana,Index,__Equity,Equity,,,2077.6032686817307,,,,,,,,,,,,,,7.0,,,,,,,43.835288004936466,,,,,,,,,,,,,,,,,,,,,296.80046695453296,,,,,,,,,,,,,,1,,,,,,,#545cf8,,,,,True
2025-08-27,solana,Index,_SPY,SPY,,2077.5032866817305,,,,,,,,,,,,,,6.0,,,,,,,43.835288004936466,,,,,,,,,,,,,,,,,,,,,346.2505477802884,,,,,,,,,,,,,,2,,,,,,,#f79009,,,,,,True
2025-08-27,solana,Index,Large Cap,,,,,0.099982,,,,,,,,,,,,,,1.0,,,,,,,0.0,,,,,,,,,,,,,,,,,,,,,0.099982,,,,,,,,,,,,,,3,,,,,,,#904ea6,,,,True
2025-08-27,solana,Index,Total,,2077.6032686817307,,,,,,,,,,,,,,7.0,,,,,,,43.835288004936466,,,,,,,,,,,,,,,,,,,,,296.80046695453296,,,,,,,,,,,,,,1.0,,,,,,,#545cf8,,,,,,,True
2025-08-27,solana,Index,Broad Market,,,,,2077.5032866817305,,,,,,,,,,,,,,6.0,,,,,,,43.835288004936466,,,,,,,,,,,,,,,,,,,,,346.2505477802884,,,,,,,,,,,,,,1,,,,,,,#545cf8,,,,True
2025-08-27,solana,Index,___GMTrade,GMTrade,,,,,,2077.6032686817307,,,,,,,,,,,,,,7.0,,,,,,,43.835288004936466,,,,,,,,,,,,,,,,,,,,,296.80046695453296,,,,,,,,,,,,,,3,,,,,,,#904ea6,,True
2025-08-27,solana,Index,_QQQ,QQQ,,0.099982,,,,,,,,,,,,,,1.0,,,,,,,0.0,,,,,,,,,,,,,,,,,,,,,0.099982,,,,,,,,,,,,,,4,,,,,,,#63b512,,,,,,True
2025-08-26,solana,Index,_SPY,SPY,,0.1999457,,,,,,,,,,,,,,2.0,,,,,,,0.0,,,,,,,,,,,,,,,,,,,,,0.09997285,,,,,,,,,,,,,,2,,,,,,,#f79009,,,,,,True
2025-08-26,solana,Index,___GMTrade,GMTrade,,,,,,0.2999235,,,,,,,,,,,,,,3.0,,,,,,,0.0,,,,,,,,,,,,,,,,,,,,,0.09997450000000001,,,,,,,,,,,,,,3,,,,,,,#904ea6,,True
2025-08-26,solana,Index,Large Cap,,,,,0.0999778,,,,,,,,,,,,,,1.0,,,,,,,0.0,,,,,,,,,,,,,,,,,,,,,0.0999778,,,,,,,,,,,,,,3,,,,,,,#904ea6,,,,True
2025-08-26,solana,Index,Total,,0.2999235,,,,,,,,,,,,,,3.0,,,,,,,0.0,,,,,,,,,,,,,,,,,,,,,0.09997450000000001,,,,,,,,,,,,,,1.0,,,,,,,#545cf8,,,,,,,True
2025-08-26,solana,Index,GMTrade,,,,,,0.2999235,,,,,,,,,,,,,,3.0,,,,,,,0.0,,,,,,,,,,,,,,,,,,,,,0.09997450000000001,,,,,,,,,,,,,,3,,,,,,,#904ea6,,,True
2025-08-26,solana,Index,_QQQ,QQQ,,0.0999778,,,,,,,,,,,,,,1.0,,,,,,,0.0,,,,,,,,,,,,,,,,,,,,,0.0999778,,,,,,,,,,,,,,4,,,,,,,#63b512,,,,,,True
2025-08-26,solana,Index,__Equity,Equity,,,0.2999235,,,,,,,,,,,,,,3.0,,,,,,,0.0,,,,,,,,,,,,,,,,,,,,,0.09997450000000001,,,,,,,,,,,,,,1,,,,,,,#545cf8,,,,,True
2025-08-26,solana,Index,Broad Market,,,,,0.1999457,,,,,,,,,,,,,,2.0,,,,,,,0.0,,,,,,,,,,,,,,,,,,,,,0.09997285,,,,,,,,,,,,,,1,,,,,,,#545cf8,,,,True
2025-08-25,solana,Index,Broad Market,,,,,0.199958,,,,,,,,,,,,,,2.0,,,,,,,0.0,,,,,,,,,,,,,,,,,,,,,0.099979,,,,,,,,,,,,,,1,,,,,,,#545cf8,,,,True
2025-08-25,solana,Index,Large Cap,,,,,0.0999807,,,,,,,,,,,,,,1.0,,,,,,,0.0,,,,,,,,,,,,,,,,,,,,,0.0999807,,,,,,,,,,,,,,3,,,,,,,#904ea6,,,,True
2025-08-25,solana,Index,_QQQ,QQQ,,0.0999807,,,,,,,,,,,,,,1.0,,,,,,,0.0,,,,,,,,,,,,,,,,,,,,,0.0999807,,,,,,,,,,,,,,4,,,,,,,#63b512,,,,,,True
2025-08-25,solana,Index,__Equity,Equity,,,0.2999387,,,,,,,,,,,,,,3.0,,,,,,,0.0,,,,,,,,,,,,,,,,,,,,,0.09997956666666667,,,,,,,,,,,,,,1,,,,,,,#545cf8,,,,,True
2025-08-25,solana,Index,GMTrade,,,,,,0.2999387,,,,,,,,,,,,,,3.0,,,,,,,0.0,,,,,,,,,,,,,,,,,,,,,0.09997956666666667,,,,,,,,,,,,,,3,,,,,,,#904ea6,,,True
2025-08-25,solana,Index,_SPY,SPY,,0.199958,,,,,,,,,,,,,,2.0,,,,,,,0.0,,,,,,,,,,,,,,,,,,,,,0.099979,,,,,,,,,,,,,,2,,,,,,,#f79009,,,,,,True
2025-08-25,solana,Index,___GMTrade,GMTrade,,,,,,0.2999387,,,,,,,,,,,,,,3.0,,,,,,,0.0,,,,,,,,,,,,,,,,,,,,,0.09997956666666667,,,,,,,,,,,,,,3,,,,,,,#904ea6,,True
2025-08-25,solana,Index,Total,,0.2999387,,,,,,,,,,,,,,3.0,,,,,,,0.0,,,,,,,,,,,,,,,,,,,,,0.09997956666666667,,,,,,,,,,,,,,1.0,,,,,,,#545cf8,,,,,,,True
2025-08-24,solana,Index,_QQQ,QQQ,,,,,,,,,,,,,,,,,,,,,,,,,,,,,,,,,,,,,,,,,,,,,,,,,,,,,,,,,,4,,,,,,,#63b512,,,,,,True
2025-08-24,solana,Index,Total,,,,,,,,,,,,,,,,,,,,,,,,,,,,,,,,,,,,,,,,,,,,,,,,,,,,,,,,,,1.0,,,,,,,#545cf8,,,,,,,True
2025-08-24,solana,Index,Broad Market,,,,,,,,,,,,,,,,,,,,,,,,,,,,,,,,,,,,,,,,,,,,,,,,,,,,,,,,,,,,,1,,,,,,,#545cf8,,,,True
2025-08-24,solana,Index,Large Cap,,,,,,,,,,,,,,,,,,,,,,,,,,,,,,,,,,,,,,,,,,,,,,,,,,,,,,,,,,,,,3,,,,,,,#904ea6,,,,True
2025-08-24,solana,Index,_SPY,SPY,,,,,,,,,,,,,,,,,,,,,,,,,,,,,,,,,,,,,,,,,,,,,,,,,,,,,,,,,,2,,,,,,,#f79009,,,,,,True
2025-08-24,solana,Index,___GMTrade,GMTrade,,,,,,,,,,,,,,,,,,,,,,,,,,,,,,,,,,,,,,,,,,,,,,,,,,,,,,,,,,,,,,3,,,,,,,#904ea6,,True
2025-08-24,solana,Index,__Equity,Equity,,,,,,,,,,,,,,,,,,,,,,,,,,,,,,,,,,,,,,,,,,,,,,,,,,,,,,,,,,,1,,,,,,,#545cf8,,,,,True
2025-08-24,solana,Index,GMTrade,,,,,,,,,,,,,,,,,,,,,,,,,,,,,,,,,,,,,,,,,,,,,,,,,,,,,,,,,,,,,,3,,,,,,,#904ea6,,,True
2025-08-23,solana,Index,__Equity,Equity,,,,,,,,,,,,,,,,,,,,,,,,,,,,,,,,,,,,,,,,,,,,,,,,,,,,,,,,,,,1,,,,,,,#545cf8,,,,,True
2025-08-23,solana,Index,Large Cap,,,,,,,,,,,,,,,,,,,,,,,,,,,,,,,,,,,,,,,,,,,,,,,,,,,,,,,,,,,,,3,,,,,,,#904ea6,,,,True
2025-08-23,solana,Index,Total,,,,,,,,,,,,,,,,,,,,,,,,,,,,,,,,,,,,,,,,,,,,,,,,,,,,,,,,,,1.0,,,,,,,#545cf8,,,,,,,True
2025-08-23,solana,Index,_SPY,SPY,,,,,,,,,,,,,,,,,,,,,,,,,,,,,,,,,,,,,,,,,,,,,,,,,,,,,,,,,,2,,,,,,,#f79009,,,,,,True
2025-08-23,solana,Index,Broad Market,,,,,,,,,,,,,,,,,,,,,,,,,,,,,,,,,,,,,,,,,,,,,,,,,,,,,,,,,,,,,1,,,,,,,#545cf8,,,,True
2025-08-23,solana,Index,___GMTrade,GMTrade,,,,,,,,,,,,,,,,,,,,,,,,,,,,,,,,,,,,,,,,,,,,,,,,,,,,,,,,,,,,,,3,,,,,,,#904ea6,,True
2025-08-23,solana,Index,GMTrade,,,,,,,,,,,,,,,,,,,,,,,,,,,,,,,,,,,,,,,,,,,,,,,,,,,,,,,,,,,,,,3,,,,,,,#904ea6,,,True
2025-08-23,solana,Index,_QQQ,QQQ,,,,,,,,,,,,,,,,,,,,,,,,,,,,,,,,,,,,,,,,,,,,,,,,,,,,,,,,,,4,,,,,,,#63b512,,,,,,True
2025-08-22,solana,Index,___GMTrade,GMTrade,,,,,,572.1699626000001,,,,,,,,,,,,,,4.0,,,,,,,0.0,,,,,,,,,,,,,,,,,,,,,143.04249065000002,,,,,,,,,,,,,,3,,,,,,,#904ea6,,True
2025-08-22,solana,Index,GMTrade,,,,,,572.1699626000001,,,,,,,,,,,,,,4.0,,,,,,,0.0,,,,,,,,,,,,,,,,,,,,,143.04249065000002,,,,,,,,,,,,,,3,,,,,,,#904ea6,,,True
2025-08-22,solana,Index,_QQQ,QQQ,,571.9699861,,,,,,,,,,,,,,2.0,,,,,,,0.0,,,,,,,,,,,,,,,,,,,,,285.98499305,,,,,,,,,,,,,,4,,,,,,,#63b512,,,,,,True
2025-08-22,solana,Index,__Equity,Equity,,,572.1699626000001,,,,,,,,,,,,,,4.0,,,,,,,0.0,,,,,,,,,,,,,,,,,,,,,143.04249065000002,,,,,,,,,,,,,,1,,,,,,,#545cf8,,,,,True
2025-08-22,solana,Index,Large Cap,,,,,571.9699861,,,,,,,,,,,,,,2.0,,,,,,,0.0,,,,,,,,,,,,,,,,,,,,,285.98499305,,,,,,,,,,,,,,3,,,,,,,#904ea6,,,,True
2025-08-22,solana,Index,Total,,572.1699626000001,,,,,,,,,,,,,,4.0,,,,,,,0.0,,,,,,,,,,,,,,,,,,,,,143.04249065000002,,,,,,,,,,,,,,1.0,,,,,,,#545cf8,,,,,,,True
2025-08-22,solana,Index,_SPY,SPY,,0.1999765,,,,,,,,,,,,,,2.0,,,,,,,0.0,,,,,,,,,,,,,,,,,,,,,0.09998825,,,,,,,,,,,,,,2,,,,,,,#f79009,,,,,,True
2025-08-22,solana,Index,Broad Market,,,,,0.1999765,,,,,,,,,,,,,,2.0,,,,,,,0.0,,,,,,,,,,,,,,,,,,,,,0.09998825,,,,,,,,,,,,,,1,,,,,,,#545cf8,,,,True
2025-08-21,solana,Index,Broad Market,,,,,0.199958,,,,,,,,,,,,,,2.0,,,,,,,0.0,,,,,,,,,,,,,,,,,,,,,0.099979,,,,,,,,,,,,,,1,,,,,,,#545cf8,,,,True
2025-08-21,solana,Index,GMTrade,,,,,,281.7824399,,,,,,,,,,,,,,4.0,,,,,,,0.0,,,,,,,,,,,,,,,,,,,,,70.445609975,,,,,,,,,,,,,,3,,,,,,,#904ea6,,,True
2025-08-21,solana,Index,__Equity,Equity,,,281.7824399,,,,,,,,,,,,,,4.0,,,,,,,0.0,,,,,,,,,,,,,,,,,,,,,70.445609975,,,,,,,,,,,,,,1,,,,,,,#545cf8,,,,,True
2025-08-21,solana,Index,___GMTrade,GMTrade,,,,,,281.7824399,,,,,,,,,,,,,,4.0,,,,,,,0.0,,,,,,,,,,,,,,,,,,,,,70.445609975,,,,,,,,,,,,,,3,,,,,,,#904ea6,,True
2025-08-21,solana,Index,Total,,281.7824399,,,,,,,,,,,,,,4.0,,,,,,,0.0,,,,,,,,,,,,,,,,,,,,,70.445609975,,,,,,,,,,,,,,1.0,,,,,,,#545cf8,,,,,,,True
2025-08-21,solana,Index,Large Cap,,,,,281.5824819,,,,,,,,,,,,,,2.0,,,,,,,0.0,,,,,,,,,,,,,,,,,,,,,140.79124095,,,,,,,,,,,,,,3,,,,,,,#904ea6,,,,True
2025-08-21,solana,Index,_QQQ,QQQ,,281.5824819,,,,,,,,,,,,,,2.0,,,,,,,0.0,,,,,,,,,,,,,,,,,,,,,140.79124095,,,,,,,,,,,,,,4,,,,,,,#63b512,,,,,,True
2025-08-21,solana,Index,_SPY,SPY,,0.199958,,,,,,,,,,,,,,2.0,,,,,,,0.0,,,,,,,,,,,,,,,,,,,,,0.099979,,,,,,,,,,,,,,2,,,,,,,#f79009,,,,,,True
2025-08-20,solana,Index,__Equity,Equity,,,3997.6991453014934,,,,,,,,,,,,,,6.0,,,,,,,0.0,,,,,,,,,,,,,,,,,,,,,666.2831908835823,,,,,,,,,,,,,,1,,,,,,,#545cf8,,,,,True
2025-08-20,solana,Index,Total,,3997.6991453014934,,,,,,,,,,,,,,6.0,,,,,,,0.0,,,,,,,,,,,,,,,,,,,,,666.2831908835823,,,,,,,,,,,,,,1.0,,,,,,,#545cf8,,,,,,,True
2025-08-20,solana,Index,___GMTrade,GMTrade,,,,,,3997.6991453014934,,,,,,,,,,,,,,6.0,,,,,,,0.0,,,,,,,,,,,,,,,,,,,,,666.2831908835823,,,,,,,,,,,,,,3,,,,,,,#904ea6,,True
2025-08-20,solana,Index,Broad Market,,,,,0.1999684,,,,,,,,,,,,,,2.0,,,,,,,0.0,,,,,,,,,,,,,,,,,,,,,0.0999842,,,,,,,,,,,,,,1,,,,,,,#545cf8,,,,True
2025-08-20,solana,Index,_SPY,SPY,,0.1999684,,,,,,,,,,,,,,2.0,,,,,,,0.0,,,,,,,,,,,,,,,,,,,,,0.0999842,,,,,,,,,,,,,,2,,,,,,,#f79009,,,,,,True
2025-08-20,solana,Index,GMTrade,,,,,,3997.6991453014934,,,,,,,,,,,,,,6.0,,,,,,,0.0,,,,,,,,,,,,,,,,,,,,,666.2831908835823,,,,,,,,,,,,,,3,,,,,,,#904ea6,,,True
2025-08-20,solana,Index,Large Cap,,,,,3997.4991769014932,,,,,,,,,,,,,,4.0,,,,,,,0.0,,,,,,,,,,,,,,,,,,,,,999.3747942253733,,,,,,,,,,,,,,3,,,,,,,#904ea6,,,,True
2025-08-20,solana,Index,_QQQ,QQQ,,3997.4991769014932,,,,,,,,,,,,,,4.0,,,,,,,0.0,,,,,,,,,,,,,,,,,,,,,999.3747942253733,,,,,,,,,,,,,,4,,,,,,,#63b512,,,,,,True
2025-08-19,solana,Index,___GMTrade,GMTrade,,,,,,200.226843249868,,,,,,,,,,,,,,4.0,,,,,,,0.0,,,,,,,,,,,,,,,,,,,,,50.056710812467,,,,,,,,,,,,,,3,,,,,,,#904ea6,,True
2025-08-19,solana,Index,Total,,200.226843249868,,,,,,,,,,,,,,4.0,,,,,,,0.0,,,,,,,,,,,,,,,,,,,,,50.056710812467,,,,,,,,,,,,,,1.0,,,,,,,#545cf8,,,,,,,True
2025-08-19,solana,Index,Large Cap,,,,,200.02688964986802,,,,,,,,,,,,,,2.0,,,,,,,0.0,,,,,,,,,,,,,,,,,,,,,100.01344482493401,,,,,,,,,,,,,,3,,,,,,,#904ea6,,,,True
2025-08-19,solana,Index,_SPY,SPY,,0.1999536,,,,,,,,,,,,,,2.0,,,,,,,0.0,,,,,,,,,,,,,,,,,,,,,0.0999768,,,,,,,,,,,,,,2,,,,,,,#f79009,,,,,,True
2025-08-19,solana,Index,__Equity,Equity,,,200.226843249868,,,,,,,,,,,,,,4.0,,,,,,,0.0,,,,,,,,,,,,,,,,,,,,,50.056710812467,,,,,,,,,,,,,,1,,,,,,,#545cf8,,,,,True
2025-08-19,solana,Index,_QQQ,QQQ,,200.02688964986802,,,,,,,,,,,,,,2.0,,,,,,,0.0,,,,,,,,,,,,,,,,,,,,,100.01344482493401,,,,,,,,,,,,,,4,,,,,,,#63b512,,,,,,True
2025-08-19,solana,Index,GMTrade,,,,,,200.226843249868,,,,,,,,,,,,,,4.0,,,,,,,0.0,,,,,,,,,,,,,,,,,,,,,50.056710812467,,,,,,,,,,,,,,3,,,,,,,#904ea6,,,True
2025-08-19,solana,Index,Broad Market,,,,,0.1999536,,,,,,,,,,,,,,2.0,,,,,,,0.0,,,,,,,,,,,,,,,,,,,,,0.0999768,,,,,,,,,,,,,,1,,,,,,,#545cf8,,,,True
2025-08-18,solana,Index,Large Cap,,,,,9.322925893427971,,,,,,,,,,,,,,3.0,,,,,,,0.0,,,,,,,,,,,,,,,,,,,,,3.1076419644759903,,,,,,,,,,,,,,3,,,,,,,#904ea6,,,,True
2025-08-18,solana,Index,Broad Market,,,,,0.1999738,,,,,,,,,,,,,,2.0,,,,,,,0.0,,,,,,,,,,,,,,,,,,,,,0.0999869,,,,,,,,,,,,,,1,,,,,,,#545cf8,,,,True
2025-08-18,solana,Index,_SPY,SPY,,0.1999738,,,,,,,,,,,,,,2.0,,,,,,,0.0,,,,,,,,,,,,,,,,,,,,,0.0999869,,,,,,,,,,,,,,2,,,,,,,#f79009,,,,,,True
2025-08-18,solana,Index,___GMTrade,GMTrade,,,,,,9.522899693427972,,,,,,,,,,,,,,5.0,,,,,,,0.0,,,,,,,,,,,,,,,,,,,,,1.9045799386855944,,,,,,,,,,,,,,3,,,,,,,#904ea6,,True
2025-08-18,solana,Index,_QQQ,QQQ,,9.322925893427971,,,,,,,,,,,,,,3.0,,,,,,,0.0,,,,,,,,,,,,,,,,,,,,,3.1076419644759903,,,,,,,,,,,,,,4,,,,,,,#63b512,,,,,,True
2025-08-18,solana,Index,Total,,9.522899693427972,,,,,,,,,,,,,,5.0,,,,,,,0.0,,,,,,,,,,,,,,,,,,,,,1.9045799386855944,,,,,,,,,,,,,,1.0,,,,,,,#545cf8,,,,,,,True
2025-08-18,solana,Index,GMTrade,,,,,,9.522899693427972,,,,,,,,,,,,,,5.0,,,,,,,0.0,,,,,,,,,,,,,,,,,,,,,1.9045799386855944,,,,,,,,,,,,,,3,,,,,,,#904ea6,,,True
2025-08-18,solana,Index,__Equity,Equity,,,9.522899693427972,,,,,,,,,,,,,,5.0,,,,,,,0.0,,,,,,,,,,,,,,,,,,,,,1.9045799386855944,,,,,,,,,,,,,,1,,,,,,,#545cf8,,,,,True
2025-08-17,solana,Index,_QQQ,QQQ,,,,,,,,,,,,,,,,,,,,,,,,,,,,,,,,,,,,,,,,,,,,,,,,,,,,,,,,,,4,,,,,,,#63b512,,,,,,True
2025-08-17,solana,Index,__Equity,Equity,,,,,,,,,,,,,,,,,,,,,,,,,,,,,,,,,,,,,,,,,,,,,,,,,,,,,,,,,,,1,,,,,,,#545cf8,,,,,True
2025-08-17,solana,Index,_SPY,SPY,,,,,,,,,,,,,,,,,,,,,,,,,,,,,,,,,,,,,,,,,,,,,,,,,,,,,,,,,,2,,,,,,,#f79009,,,,,,True
2025-08-17,solana,Index,Large Cap,,,,,,,,,,,,,,,,,,,,,,,,,,,,,,,,,,,,,,,,,,,,,,,,,,,,,,,,,,,,,3,,,,,,,#904ea6,,,,True
2025-08-17,solana,Index,Total,,,,,,,,,,,,,,,,,,,,,,,,,,,,,,,,,,,,,,,,,,,,,,,,,,,,,,,,,,1.0,,,,,,,#545cf8,,,,,,,True
2025-08-17,solana,Index,Broad Market,,,,,,,,,,,,,,,,,,,,,,,,,,,,,,,,,,,,,,,,,,,,,,,,,,,,,,,,,,,,,1,,,,,,,#545cf8,,,,True
2025-08-17,solana,Index,___GMTrade,GMTrade,,,,,,,,,,,,,,,,,,,,,,,,,,,,,,,,,,,,,,,,,,,,,,,,,,,,,,,,,,,,,,3,,,,,,,#904ea6,,True
2025-08-17,solana,Index,GMTrade,,,,,,,,,,,,,,,,,,,,,,,,,,,,,,,,,,,,,,,,,,,,,,,,,,,,,,,,,,,,,,3,,,,,,,#904ea6,,,True
2025-08-16,solana,Index,Large Cap,,,,,,,,,,,,,,,,,,,,,,,,,,,,,,,,,,,,,,,,,,,,,,,,,,,,,,,,,,,,,3,,,,,,,#904ea6,,,,True
2025-08-16,solana,Index,__Equity,Equity,,,,,,,,,,,,,,,,,,,,,,,,,,,,,,,,,,,,,,,,,,,,,,,,,,,,,,,,,,,1,,,,,,,#545cf8,,,,,True
2025-08-16,solana,Index,GMTrade,,,,,,,,,,,,,,,,,,,,,,,,,,,,,,,,,,,,,,,,,,,,,,,,,,,,,,,,,,,,,,3,,,,,,,#904ea6,,,True
2025-08-16,solana,Index,___GMTrade,GMTrade,,,,,,,,,,,,,,,,,,,,,,,,,,,,,,,,,,,,,,,,,,,,,,,,,,,,,,,,,,,,,,3,,,,,,,#904ea6,,True
2025-08-16,solana,Index,_SPY,SPY,,,,,,,,,,,,,,,,,,,,,,,,,,,,,,,,,,,,,,,,,,,,,,,,,,,,,,,,,,2,,,,,,,#f79009,,,,,,True
2025-08-16,solana,Index,Broad Market,,,,,,,,,,,,,,,,,,,,,,,,,,,,,,,,,,,,,,,,,,,,,,,,,,,,,,,,,,,,,1,,,,,,,#545cf8,,,,True
2025-08-16,solana,Index,Total,,,,,,,,,,,,,,,,,,,,,,,,,,,,,,,,,,,,,,,,,,,,,,,,,,,,,,,,,,1.0,,,,,,,#545cf8,,,,,,,True
2025-08-16,solana,Index,_QQQ,QQQ,,,,,,,,,,,,,,,,,,,,,,,,,,,,,,,,,,,,,,,,,,,,,,,,,,,,,,,,,,4,,,,,,,#63b512,,,,,,True
2025-08-15,solana,Index,GMTrade,,,,,,200322.15371500218,,,,,,,,,,,,,,8.0,,,,,,,0.0,,,,,,,,,,,,,,,,,,,,,25040.269214375272,,,,,,,,,,,,,,3,,,,,,,#904ea6,,,True
2025-08-15,solana,Index,___GMTrade,GMTrade,,,,,,200322.15371500218,,,,,,,,,,,,,,8.0,,,,,,,0.0,,,,,,,,,,,,,,,,,,,,,25040.269214375272,,,,,,,,,,,,,,3,,,,,,,#904ea6,,True
2025-08-15,solana,Index,Large Cap,,,,,100248.24913997907,,,,,,,,,,,,,,5.0,,,,,,,0.0,,,,,,,,,,,,,,,,,,,,,20049.649827995814,,,,,,,,,,,,,,3,,,,,,,#904ea6,,,,True
2025-08-15,solana,Index,_QQQ,QQQ,,100248.24913997907,,,,,,,,,,,,,,5.0,,,,,,,0.0,,,,,,,,,,,,,,,,,,,,,20049.649827995814,,,,,,,,,,,,,,4,,,,,,,#63b512,,,,,,True
2025-08-15,solana,Index,__Equity,Equity,,,200322.15371500218,,,,,,,,,,,,,,8.0,,,,,,,0.0,,,,,,,,,,,,,,,,,,,,,25040.269214375272,,,,,,,,,,,,,,1,,,,,,,#545cf8,,,,,True
2025-08-15,solana,Index,_SPY,SPY,,100073.90457502312,,,,,,,,,,,,,,3.0,,,,,,,0.0,,,,,,,,,,,,,,,,,,,,,33357.96819167437,,,,,,,,,,,,,,2,,,,,,,#f79009,,,,,,True
2025-08-15,solana,Index,Broad Market,,,,,100073.90457502312,,,,,,,,,,,,,,3.0,,,,,,,0.0,,,,,,,,,,,,,,,,,,,,,33357.96819167437,,,,,,,,,,,,,,1,,,,,,,#545cf8,,,,True
2025-08-15,solana,Index,Total,,200322.15371500218,,,,,,,,,,,,,,8.0,,,,,,,0.0,,,,,,,,,,,,,,,,,,,,,25040.269214375272,,,,,,,,,,,,,,1.0,,,,,,,#545cf8,,,,,,,True
2025-08-14,solana,Index,__Equity,Equity,,,53.92385535767333,,,,,,,,,,,,,,3.0,,,,,,,0.0,,,,,,,,,,,,,,,,,,,,,17.974618452557777,,,,,,,,,,,,,,1,,,,,,,#545cf8,,,,,True
2025-08-14,solana,Index,Large Cap,,,,,,,,,,,,,,,,,,,,,,,,,,,,,,,,,,,,,,,,,,,,,,,,,,,,,,,,,,,,,3,,,,,,,#904ea6,,,,True
2025-08-14,solana,Index,GMTrade,,,,,,53.92385535767333,,,,,,,,,,,,,,3.0,,,,,,,0.0,,,,,,,,,,,,,,,,,,,,,17.974618452557777,,,,,,,,,,,,,,3,,,,,,,#904ea6,,,True
2025-08-14,solana,Index,Broad Market,,,,,53.92385535767333,,,,,,,,,,,,,,3.0,,,,,,,0.0,,,,,,,,,,,,,,,,,,,,,17.974618452557777,,,,,,,,,,,,,,1,,,,,,,#545cf8,,,,True
2025-08-14,solana,Index,_QQQ,QQQ,,,,,,,,,,,,,,,,,,,,,,,,,,,,,,,,,,,,,,,,,,,,,,,,,,,,,,,,,,4,,,,,,,#63b512,,,,,,True
2025-08-14,solana,Index,_SPY,SPY,,53.92385535767333,,,,,,,,,,,,,,3.0,,,,,,,0.0,,,,,,,,,,,,,,,,,,,,,17.974618452557777,,,,,,,,,,,,,,2,,,,,,,#f79009,,,,,,True
2025-08-14,solana,Index,Total,,53.92385535767333,,,,,,,,,,,,,,3.0,,,,,,,0.0,,,,,,,,,,,,,,,,,,,,,17.974618452557777,,,,,,,,,,,,,,1.0,,,,,,,#545cf8,,,,,,,True
2025-08-14,solana,Index,___GMTrade,GMTrade,,,,,,53.92385535767333,,,,,,,,,,,,,,3.0,,,,,,,0.0,,,,,,,,,,,,,,,,,,,,,17.974618452557777,,,,,,,,,,,,,,3,,,,,,,#904ea6,,True
2025-08-13,solana,Index,Large Cap,,,,,,,,,,,,,,,,,,,,,,,,,,,,,,,,,,,,,,,,,,,,,,,,,,,,,,,,,,,,,3,,,,,,,#904ea6,,,,True
2025-08-13,solana,Index,_SPY,SPY,,45.90418724291632,,,,,,,,,,,,,,2.0,,,,,,,0.0,,,,,,,,,,,,,,,,,,,,,22.95209362145816,,,,,,,,,,,,,,2,,,,,,,#f79009,,,,,,True
2025-08-13,solana,Index,Broad Market,,,,,45.90418724291632,,,,,,,,,,,,,,2.0,,,,,,,0.0,,,,,,,,,,,,,,,,,,,,,22.95209362145816,,,,,,,,,,,,,,1,,,,,,,#545cf8,,,,True
2025-08-13,solana,Index,GMTrade,,,,,,45.90418724291632,,,,,,,,,,,,,,2.0,,,,,,,0.0,,,,,,,,,,,,,,,,,,,,,22.95209362145816,,,,,,,,,,,,,,3,,,,,,,#904ea6,,,True
2025-08-13,solana,Index,___GMTrade,GMTrade,,,,,,45.90418724291632,,,,,,,,,,,,,,2.0,,,,,,,0.0,,,,,,,,,,,,,,,,,,,,,22.95209362145816,,,,,,,,,,,,,,3,,,,,,,#904ea6,,True
2025-08-13,solana,Index,_QQQ,QQQ,,,,,,,,,,,,,,,,,,,,,,,,,,,,,,,,,,,,,,,,,,,,,,,,,,,,,,,,,,4,,,,,,,#63b512,,,,,,True
2025-08-13,solana,Index,Total,,45.90418724291632,,,,,,,,,,,,,,2.0,,,,,,,0.0,,,,,,,,,,,,,,,,,,,,,22.95209362145816,,,,,,,,,,,,,,1.0,,,,,,,#545cf8,,,,,,,True
2025-08-13,solana,Index,__Equity,Equity,,,45.90418724291632,,,,,,,,,,,,,,2.0,,,,,,,0.0,,,,,,,,,,,,,,,,,,,,,22.95209362145816,,,,,,,,,,,,,,1,,,,,,,#545cf8,,,,,True
2025-08-12,solana,Index,_SPY,SPY,,675.6789804,,,,,,,,,,,,,,3.0,,,,,,,0.0,,,,,,,,,,,,,,,,,,,,,225.2263268,,,,,,,,,,,,,,2,,,,,,,#f79009,,,,,,True
2025-08-12,solana,Index,Large Cap,,,,,,,,,,,,,,,,,,,,,,,,,,,,,,,,,,,,,,,,,,,,,,,,,,,,,,,,,,,,,3,,,,,,,#904ea6,,,,True
2025-08-12,solana,Index,__Equity,Equity,,,675.6789804,,,,,,,,,,,,,,3.0,,,,,,,0.0,,,,,,,,,,,,,,,,,,,,,225.2263268,,,,,,,,,,,,,,1,,,,,,,#545cf8,,,,,True
2025-08-12,solana,Index,Total,,675.6789804,,,,,,,,,,,,,,3.0,,,,,,,0.0,,,,,,,,,,,,,,,,,,,,,225.2263268,,,,,,,,,,,,,,1.0,,,,,,,#545cf8,,,,,,,True
2025-08-12,solana,Index,_QQQ,QQQ,,,,,,,,,,,,,,,,,,,,,,,,,,,,,,,,,,,,,,,,,,,,,,,,,,,,,,,,,,4,,,,,,,#63b512,,,,,,True
2025-08-12,solana,Index,Broad Market,,,,,675.6789804,,,,,,,,,,,,,,3.0,,,,,,,0.0,,,,,,,,,,,,,,,,,,,,,225.2263268,,,,,,,,,,,,,,1,,,,,,,#545cf8,,,,True
2025-08-12,solana,Index,___GMTrade,GMTrade,,,,,,675.6789804,,,,,,,,,,,,,,3.0,,,,,,,0.0,,,,,,,,,,,,,,,,,,,,,225.2263268,,,,,,,,,,,,,,3,,,,,,,#904ea6,,True
2025-08-12,solana,Index,GMTrade,,,,,,675.6789804,,,,,,,,,,,,,,3.0,,,,,,,0.0,,,,,,,,,,,,,,,,,,,,,225.2263268,,,,,,,,,,,,,,3,,,,,,,#904ea6,,,True
2025-08-11,solana,Index,Large Cap,,,,,,,,,,,,,,,,,,,,,,,,,,,,,,,,,,,,,,,,,,,,,,,,,,,,,,,,,,,,,3,,,,,,,#904ea6,,,,True
2025-08-11,solana,Index,GMTrade,,,,,,10805.354615752103,,,,,,,,,,,,,,9.0,,,,,,,0.0,,,,,,,,,,,,,,,,,,,,,1200.5949573057892,,,,,,,,,,,,,,3,,,,,,,#904ea6,,,True
2025-08-11,solana,Index,Broad Market,,,,,10805.354615752103,,,,,,,,,,,,,,9.0,,,,,,,0.0,,,,,,,,,,,,,,,,,,,,,1200.5949573057892,,,,,,,,,,,,,,1,,,,,,,#545cf8,,,,True
2025-08-11,solana,Index,_QQQ,QQQ,,,,,,,,,,,,,,,,,,,,,,,,,,,,,,,,,,,,,,,,,,,,,,,,,,,,,,,,,,4,,,,,,,#63b512,,,,,,True
2025-08-11,solana,Index,__Equity,Equity,,,10805.354615752103,,,,,,,,,,,,,,9.0,,,,,,,0.0,,,,,,,,,,,,,,,,,,,,,1200.5949573057892,,,,,,,,,,,,,,1,,,,,,,#545cf8,,,,,True
2025-08-11,solana,Index,_SPY,SPY,,10805.354615752103,,,,,,,,,,,,,,9.0,,,,,,,0.0,,,,,,,,,,,,,,,,,,,,,1200.5949573057892,,,,,,,,,,,,,,2,,,,,,,#f79009,,,,,,True
2025-08-11,solana,Index,Total,,10805.354615752103,,,,,,,,,,,,,,9.0,,,,,,,0.0,,,,,,,,,,,,,,,,,,,,,1200.5949573057892,,,,,,,,,,,,,,1.0,,,,,,,#545cf8,,,,,,,True
2025-08-11,solana,Index,___GMTrade,GMTrade,,,,,,10805.354615752103,,,,,,,,,,,,,,9.0,,,,,,,0.0,,,,,,,,,,,,,,,,,,,,,1200.5949573057892,,,,,,,,,,,,,,3,,,,,,,#904ea6,,True
2025-08-10,solana,Index,Total,,,,,,,,,,,,,,,,,,,,,,,,,,,,,,,,,,,,,,,,,,,,,,,,,,,,,,,,,,1.0,,,,,,,#545cf8,,,,,,,True
2025-08-10,solana,Index,Broad Market,,,,,,,,,,,,,,,,,,,,,,,,,,,,,,,,,,,,,,,,,,,,,,,,,,,,,,,,,,,,,1,,,,,,,#545cf8,,,,True
2025-08-10,solana,Index,GMTrade,,,,,,,,,,,,,,,,,,,,,,,,,,,,,,,,,,,,,,,,,,,,,,,,,,,,,,,,,,,,,,3,,,,,,,#904ea6,,,True
2025-08-10,solana,Index,_SPY,SPY,,,,,,,,,,,,,,,,,,,,,,,,,,,,,,,,,,,,,,,,,,,,,,,,,,,,,,,,,,2,,,,,,,#f79009,,,,,,True
2025-08-10,solana,Index,__Equity,Equity,,,,,,,,,,,,,,,,,,,,,,,,,,,,,,,,,,,,,,,,,,,,,,,,,,,,,,,,,,,1,,,,,,,#545cf8,,,,,True
2025-08-10,solana,Index,___GMTrade,GMTrade,,,,,,,,,,,,,,,,,,,,,,,,,,,,,,,,,,,,,,,,,,,,,,,,,,,,,,,,,,,,,,3,,,,,,,#904ea6,,True
2025-08-10,solana,Index,_QQQ,QQQ,,,,,,,,,,,,,,,,,,,,,,,,,,,,,,,,,,,,,,,,,,,,,,,,,,,,,,,,,,4,,,,,,,#63b512,,,,,,True
2025-08-10,solana,Index,Large Cap,,,,,,,,,,,,,,,,,,,,,,,,,,,,,,,,,,,,,,,,,,,,,,,,,,,,,,,,,,,,,3,,,,,,,#904ea6,,,,True
2025-08-09,solana,Index,___GMTrade,GMTrade,,,,,,,,,,,,,,,,,,,,,,,,,,,,,,,,,,,,,,,,,,,,,,,,,,,,,,,,,,,,,,3,,,,,,,#904ea6,,True
2025-08-09,solana,Index,GMTrade,,,,,,,,,,,,,,,,,,,,,,,,,,,,,,,,,,,,,,,,,,,,,,,,,,,,,,,,,,,,,,3,,,,,,,#904ea6,,,True
2025-08-09,solana,Index,_QQQ,QQQ,,,,,,,,,,,,,,,,,,,,,,,,,,,,,,,,,,,,,,,,,,,,,,,,,,,,,,,,,,4,,,,,,,#63b512,,,,,,True
2025-08-09,solana,Index,Large Cap,,,,,,,,,,,,,,,,,,,,,,,,,,,,,,,,,,,,,,,,,,,,,,,,,,,,,,,,,,,,,3,,,,,,,#904ea6,,,,True
2025-08-09,solana,Index,_SPY,SPY,,,,,,,,,,,,,,,,,,,,,,,,,,,,,,,,,,,,,,,,,,,,,,,,,,,,,,,,,,2,,,,,,,#f79009,,,,,,True
2025-08-09,solana,Index,__Equity,Equity,,,,,,,,,,,,,,,,,,,,,,,,,,,,,,,,,,,,,,,,,,,,,,,,,,,,,,,,,,,1,,,,,,,#545cf8,,,,,True
2025-08-09,solana,Index,Broad Market,,,,,,,,,,,,,,,,,,,,,,,,,,,,,,,,,,,,,,,,,,,,,,,,,,,,,,,,,,,,,1,,,,,,,#545cf8,,,,True
2025-08-09,solana,Index,Total,,,,,,,,,,,,,,,,,,,,,,,,,,,,,,,,,,,,,,,,,,,,,,,,,,,,,,,,,,1.0,,,,,,,#545cf8,,,,,,,True
2025-08-08,solana,Index,_SPY,SPY,,208306.15668523722,,,,,,,,,,,,,,10.0,,,,,,,0.0,,,,,,,,,,,,,,,,,,,,,20830.615668523722,,,,,,,,,,,,,,2,,,,,,,#f79009,,,,,,True
2025-08-08,solana,Index,__Equity,Equity,,,208306.15668523722,,,,,,,,,,,,,,10.0,,,,,,,0.0,,,,,,,,,,,,,,,,,,,,,20830.615668523722,,,,,,,,,,,,,,1,,,,,,,#545cf8,,,,,True
2025-08-08,solana,Index,Total,,208306.15668523722,,,,,,,,,,,,,,10.0,,,,,,,0.0,,,,,,,,,,,,,,,,,,,,,20830.615668523722,,,,,,,,,,,,,,1.0,,,,,,,#545cf8,,,,,,,True
2025-08-08,solana,Index,Large Cap,,,,,,,,,,,,,,,,,,,,,,,,,,,,,,,,,,,,,,,,,,,,,,,,,,,,,,,,,,,,,3,,,,,,,#904ea6,,,,True
2025-08-08,solana,Index,Broad Market,,,,,208306.15668523722,,,,,,,,,,,,,,10.0,,,,,,,0.0,,,,,,,,,,,,,,,,,,,,,20830.615668523722,,,,,,,,,,,,,,1,,,,,,,#545cf8,,,,True
2025-08-08,solana,Index,___GMTrade,GMTrade,,,,,,208306.15668523722,,,,,,,,,,,,,,10.0,,,,,,,0.0,,,,,,,,,,,,,,,,,,,,,20830.615668523722,,,,,,,,,,,,,,3,,,,,,,#904ea6,,True
2025-08-08,solana,Index,_QQQ,QQQ,,,,,,,,,,,,,,,,,,,,,,,,,,,,,,,,,,,,,,,,,,,,,,,,,,,,,,,,,,4,,,,,,,#63b512,,,,,,True
2025-08-08,solana,Index,GMTrade,,,,,,208306.15668523722,,,,,,,,,,,,,,10.0,,,,,,,0.0,,,,,,,,,,,,,,,,,,,,,20830.615668523722,,,,,,,,,,,,,,3,,,,,,,#904ea6,,,True
2025-08-07,solana,Index,Total,,3692.087278193172,,,,,,,,,,,,,,9.0,,,,,,,198.04169000000002,,,,,,,,,,,,,,,,,,,,,410.2319197992413,,,,,,,,,,,,,,1.0,,,,,,,#545cf8,,,,,,,True
2025-08-07,solana,Index,Broad Market,,,,,3692.087278193172,,,,,,,,,,,,,,9.0,,,,,,,198.04169000000002,,,,,,,,,,,,,,,,,,,,,410.2319197992413,,,,,,,,,,,,,,1,,,,,,,#545cf8,,,,True
2025-08-07,solana,Index,__Equity,Equity,,,3692.087278193172,,,,,,,,,,,,,,9.0,,,,,,,198.04169000000002,,,,,,,,,,,,,,,,,,,,,410.2319197992413,,,,,,,,,,,,,,1,,,,,,,#545cf8,,,,,True
2025-08-07,solana,Index,Large Cap,,,,,,,,,,,,,,,,,,,,,,,,,,,,,,,,,,,,,,,,,,,,,,,,,,,,,,,,,,,,,3,,,,,,,#904ea6,,,,True
2025-08-07,solana,Index,_QQQ,QQQ,,,,,,,,,,,,,,,,,,,,,,,,,,,,,,,,,,,,,,,,,,,,,,,,,,,,,,,,,,4,,,,,,,#63b512,,,,,,True
2025-08-07,solana,Index,_SPY,SPY,,3692.087278193172,,,,,,,,,,,,,,9.0,,,,,,,198.04169000000002,,,,,,,,,,,,,,,,,,,,,410.2319197992413,,,,,,,,,,,,,,2,,,,,,,#f79009,,,,,,True
2025-08-07,solana,Index,___GMTrade,GMTrade,,,,,,3692.087278193172,,,,,,,,,,,,,,9.0,,,,,,,198.04169000000002,,,,,,,,,,,,,,,,,,,,,410.2319197992413,,,,,,,,,,,,,,3,,,,,,,#904ea6,,True
2025-08-07,solana,Index,GMTrade,,,,,,3692.087278193172,,,,,,,,,,,,,,9.0,,,,,,,198.04169000000002,,,,,,,,,,,,,,,,,,,,,410.2319197992413,,,,,,,,,,,,,,3,,,,,,,#904ea6,,,True
2025-08-06,solana,Index,__Equity,Equity,,,339.0,,,,,,,,,,,,,,6.0,,,,,,,0.0,,,,,,,,,,,,,,,,,,,,,56.5,,,,,,,,,,,,,,1,,,,,,,#545cf8,,,,,True
2025-08-06,solana,Index,Large Cap,,,,,339.0,,,,,,,,,,,,,,6.0,,,,,,,0.0,,,,,,,,,,,,,,,,,,,,,56.5,,,,,,,,,,,,,,3,,,,,,,#904ea6,,,,True
2025-08-06,solana,Index,___GMTrade,GMTrade,,,,,,339.0,,,,,,,,,,,,,,6.0,,,,,,,0.0,,,,,,,,,,,,,,,,,,,,,56.5,,,,,,,,,,,,,,3,,,,,,,#904ea6,,True
2025-08-06,solana,Index,Broad Market,,,,,,,,,,,,,,,,,,,,,,,,,,,,,,,,,,,,,,,,,,,,,,,,,,,,,,,,,,,,,1,,,,,,,#545cf8,,,,True
2025-08-06,solana,Index,_SPY,SPY,,,,,,,,,,,,,,,,,,,,,,,,,,,,,,,,,,,,,,,,,,,,,,,,,,,,,,,,,,2,,,,,,,#f79009,,,,,,True
2025-08-06,solana,Index,_QQQ,QQQ,,339.0,,,,,,,,,,,,,,6.0,,,,,,,0.0,,,,,,,,,,,,,,,,,,,,,56.5,,,,,,,,,,,,,,4,,,,,,,#63b512,,,,,,True
2025-08-06,solana,Index,GMTrade,,,,,,339.0,,,,,,,,,,,,,,6.0,,,,,,,0.0,,,,,,,,,,,,,,,,,,,,,56.5,,,,,,,,,,,,,,3,,,,,,,#904ea6,,,True
2025-08-06,solana,Index,Total,,339.0,,,,,,,,,,,,,,6.0,,,,,,,0.0,,,,,,,,,,,,,,,,,,,,,56.5,,,,,,,,,,,,,,1.0,,,,,,,#545cf8,,,,,,,True
2025-08-05,solana,Index,_SPY,SPY,,1.099692,,,,,,,,,,,,,,1.0,,,,,,,0.0,,,,,,,,,,,,,,,,,,,,,1.099692,,,,,,,,,,,,,,2,,,,,,,#f79009,,,,,,True
2025-08-05,solana,Index,_QQQ,QQQ,,380.044859,,,,,,,,,,,,,,10.0,,,,,,,0.0,,,,,,,,,,,,,,,,,,,,,38.0044859,,,,,,,,,,,,,,4,,,,,,,#63b512,,,,,,True
2025-08-05,solana,Index,Total,,381.144551,,,,,,,,,,,,,,11.0,,,,,,,0.0,,,,,,,,,,,,,,,,,,,,,34.64950463636364,,,,,,,,,,,,,,1.0,,,,,,,#545cf8,,,,,,,True
2025-08-05,solana,Index,__Equity,Equity,,,381.144551,,,,,,,,,,,,,,11.0,,,,,,,0.0,,,,,,,,,,,,,,,,,,,,,34.64950463636364,,,,,,,,,,,,,,1,,,,,,,#545cf8,,,,,True
2025-08-05,solana,Index,GMTrade,,,,,,381.144551,,,,,,,,,,,,,,11.0,,,,,,,0.0,,,,,,,,,,,,,,,,,,,,,34.64950463636364,,,,,,,,,,,,,,3,,,,,,,#904ea6,,,True
2025-08-05,solana,Index,Large Cap,,,,,380.044859,,,,,,,,,,,,,,10.0,,,,,,,0.0,,,,,,,,,,,,,,,,,,,,,38.0044859,,,,,,,,,,,,,,3,,,,,,,#904ea6,,,,True
2025-08-05,solana,Index,Broad Market,,,,,1.099692,,,,,,,,,,,,,,1.0,,,,,,,0.0,,,,,,,,,,,,,,,,,,,,,1.099692,,,,,,,,,,,,,,1,,,,,,,#545cf8,,,,True
2025-08-05,solana,Index,___GMTrade,GMTrade,,,,,,381.144551,,,,,,,,,,,,,,11.0,,,,,,,0.0,,,,,,,,,,,,,,,,,,,,,34.64950463636364,,,,,,,,,,,,,,3,,,,,,,#904ea6,,True
