date,symbol,label,num_markets_totals,num_markets_exch,num_markets_exch_sub,num_markets_category,num_markets_hip3,delta_num_markets_totals,delta_num_markets_exch,delta_num_markets_exch_sub,delta_num_markets_category,delta_num_markets_hip3,rn_totals,rn_exch,rn_exch_sub,rn_category,rn_hip3,cv_totals,cv_exch,cv_exch_sub,cv_category,cv_hip3
2026-06-10,Total,,111.0,,,,,-2.0,,,,,1.0,,,,,#545cf8,,,,
2026-06-10,Pacifica,,,69.0,,,,,0.0,,,,,1.0,,,,,#545cf8,,,
2026-06-10,GMTrade,,,60.0,,,,,-3.0,,,,,2.0,,,,,#f79009,,,
2026-06-10,Phoenix,,,41.0,,,,,0.0,,,,,3.0,,,,,#904ea6,,,
2026-06-10,Flash Trade,,,29.0,,,,,-1.0,,,,,4.0,,,,,#63b512,,,
2026-06-10,Bullet,,,10.0,,,,,0.0,,,,,5.0,,,,,#f0384a,,,
2026-06-10,Jupiter,,,3.0,,,,,0.0,,,,,6.0,,,,,#00bfa5,,,
2026-06-10,_Pacifica,Pacifica,,,69.0,,,,,0.0,,,,,1.0,,,,,#545cf8,,
2026-06-10,_GMTrade,GMTrade,,,60.0,,,,,-3.0,,,,,2.0,,,,,#f79009,,
2026-06-10,_Phoenix,Phoenix,,,41.0,,,,,0.0,,,,,3.0,,,,,#904ea6,,
2026-06-10,_Flash Trade,Flash Trade,,,29.0,,,,,-1.0,,,,,4.0,,,,,#63b512,,
2026-06-10,_Bullet,Bullet,,,10.0,,,,,0.0,,,,,5.0,,,,,#f0384a,,
2026-06-10,_Jupiter,Jupiter,,,3.0,,,,,0.0,,,,,6.0,,,,,#00bfa5,,
2026-06-10,Crypto,,,,,67.0,,,,,-2.0,,,,,1.0,,,,,#545cf8,
2026-06-10,Stock,,,,,16.0,,,,,0.0,,,,,2.0,,,,,#f79009,
2026-06-10,Commodity,,,,,15.0,,,,,0.0,,,,,3.0,,,,,#904ea6,
2026-06-10,FX,,,,,9.0,,,,,0.0,,,,,4.0,,,,,#63b512,
2026-06-10,Index,,,,,4.0,,,,,0.0,,,,,5.0,,,,,#f0384a,
2026-06-10,_Drift,Drift,,,,,,,,,,,,,,,,,,,,
2026-06-10,Drift,,,,,,,,,,,,,,,,,,,,,
2026-06-09,Total,,113.0,,,,,0.0,,,,,1.0,,,,,#545cf8,,,,
2026-06-09,Pacifica,,,69.0,,,,,0.0,,,,,1.0,,,,,#545cf8,,,
2026-06-09,GMTrade,,,63.0,,,,,0.0,,,,,2.0,,,,,#f79009,,,
2026-06-09,Phoenix,,,41.0,,,,,0.0,,,,,3.0,,,,,#904ea6,,,
2026-06-09,Flash Trade,,,30.0,,,,,0.0,,,,,4.0,,,,,#63b512,,,
2026-06-09,Bullet,,,10.0,,,,,0.0,,,,,5.0,,,,,#f0384a,,,
2026-06-09,Jupiter,,,3.0,,,,,0.0,,,,,6.0,,,,,#00bfa5,,,
2026-06-09,_Pacifica,Pacifica,,,69.0,,,,,0.0,,,,,1.0,,,,,#545cf8,,
2026-06-09,_GMTrade,GMTrade,,,63.0,,,,,0.0,,,,,2.0,,,,,#f79009,,
2026-06-09,_Phoenix,Phoenix,,,41.0,,,,,0.0,,,,,3.0,,,,,#904ea6,,
2026-06-09,_Flash Trade,Flash Trade,,,30.0,,,,,0.0,,,,,4.0,,,,,#63b512,,
2026-06-09,_Bullet,Bullet,,,10.0,,,,,0.0,,,,,5.0,,,,,#f0384a,,
2026-06-09,_Jupiter,Jupiter,,,3.0,,,,,0.0,,,,,6.0,,,,,#00bfa5,,
2026-06-09,Crypto,,,,,69.0,,,,,0.0,,,,,1.0,,,,,#545cf8,
2026-06-09,Stock,,,,,16.0,,,,,0.0,,,,,2.0,,,,,#f79009,
2026-06-09,Commodity,,,,,15.0,,,,,0.0,,,,,3.0,,,,,#904ea6,
2026-06-09,FX,,,,,9.0,,,,,0.0,,,,,4.0,,,,,#63b512,
2026-06-09,Index,,,,,4.0,,,,,0.0,,,,,5.0,,,,,#f0384a,
2026-06-09,Drift,,,,,,,,,,,,,,,,,,,,,
2026-06-09,_Drift,Drift,,,,,,,,,,,,,,,,,,,,
2026-06-08,Total,,113.0,,,,,0.0,,,,,1.0,,,,,#545cf8,,,,
2026-06-08,Pacifica,,,69.0,,,,,0.0,,,,,1.0,,,,,#545cf8,,,
2026-06-08,GMTrade,,,63.0,,,,,0.0,,,,,2.0,,,,,#f79009,,,
2026-06-08,Phoenix,,,41.0,,,,,0.0,,,,,3.0,,,,,#904ea6,,,
2026-06-08,Flash Trade,,,30.0,,,,,0.0,,,,,4.0,,,,,#63b512,,,
2026-06-08,Bullet,,,10.0,,,,,3.0,,,,,5.0,,,,,#f0384a,,,
2026-06-08,Jupiter,,,3.0,,,,,0.0,,,,,6.0,,,,,#00bfa5,,,
2026-06-08,_Pacifica,Pacifica,,,69.0,,,,,0.0,,,,,1.0,,,,,#545cf8,,
2026-06-08,_GMTrade,GMTrade,,,63.0,,,,,0.0,,,,,2.0,,,,,#f79009,,
2026-06-08,_Phoenix,Phoenix,,,41.0,,,,,0.0,,,,,3.0,,,,,#904ea6,,
2026-06-08,_Flash Trade,Flash Trade,,,30.0,,,,,0.0,,,,,4.0,,,,,#63b512,,
2026-06-08,_Bullet,Bullet,,,10.0,,,,,3.0,,,,,5.0,,,,,#f0384a,,
2026-06-08,_Jupiter,Jupiter,,,3.0,,,,,0.0,,,,,6.0,,,,,#00bfa5,,
2026-06-08,Crypto,,,,,69.0,,,,,0.0,,,,,1.0,,,,,#545cf8,
2026-06-08,Stock,,,,,16.0,,,,,0.0,,,,,2.0,,,,,#f79009,
2026-06-08,Commodity,,,,,15.0,,,,,0.0,,,,,3.0,,,,,#904ea6,
2026-06-08,FX,,,,,9.0,,,,,0.0,,,,,4.0,,,,,#63b512,
2026-06-08,Index,,,,,4.0,,,,,0.0,,,,,5.0,,,,,#f0384a,
2026-06-08,Drift,,,,,,,,,,,,,,,,,,,,,
2026-06-08,_Drift,Drift,,,,,,,,,,,,,,,,,,,,
2026-06-07,Total,,113.0,,,,,0.0,,,,,1.0,,,,,#545cf8,,,,
2026-06-07,Pacifica,,,69.0,,,,,0.0,,,,,1.0,,,,,#545cf8,,,
2026-06-07,GMTrade,,,63.0,,,,,0.0,,,,,2.0,,,,,#f79009,,,
2026-06-07,Phoenix,,,41.0,,,,,0.0,,,,,3.0,,,,,#904ea6,,,
2026-06-07,Flash Trade,,,30.0,,,,,0.0,,,,,4.0,,,,,#63b512,,,
2026-06-07,Bullet,,,7.0,,,,,0.0,,,,,5.0,,,,,#f0384a,,,
2026-06-07,Jupiter,,,3.0,,,,,0.0,,,,,6.0,,,,,#00bfa5,,,
2026-06-07,_Pacifica,Pacifica,,,69.0,,,,,0.0,,,,,1.0,,,,,#545cf8,,
2026-06-07,_GMTrade,GMTrade,,,63.0,,,,,0.0,,,,,2.0,,,,,#f79009,,
2026-06-07,_Phoenix,Phoenix,,,41.0,,,,,0.0,,,,,3.0,,,,,#904ea6,,
2026-06-07,_Flash Trade,Flash Trade,,,30.0,,,,,0.0,,,,,4.0,,,,,#63b512,,
2026-06-07,_Bullet,Bullet,,,7.0,,,,,0.0,,,,,5.0,,,,,#f0384a,,
2026-06-07,_Jupiter,Jupiter,,,3.0,,,,,0.0,,,,,6.0,,,,,#00bfa5,,
2026-06-07,Crypto,,,,,69.0,,,,,0.0,,,,,1.0,,,,,#545cf8,
2026-06-07,Stock,,,,,16.0,,,,,0.0,,,,,2.0,,,,,#f79009,
2026-06-07,Commodity,,,,,15.0,,,,,0.0,,,,,3.0,,,,,#904ea6,
2026-06-07,FX,,,,,9.0,,,,,0.0,,,,,4.0,,,,,#63b512,
2026-06-07,Index,,,,,4.0,,,,,0.0,,,,,5.0,,,,,#f0384a,
2026-06-07,_Drift,Drift,,,,,,,,,,,,,,,,,,,,
2026-06-07,Drift,,,,,,,,,,,,,,,,,,,,,
2026-06-06,Total,,113.0,,,,,0.0,,,,,1.0,,,,,#545cf8,,,,
2026-06-06,Pacifica,,,69.0,,,,,0.0,,,,,1.0,,,,,#545cf8,,,
2026-06-06,GMTrade,,,63.0,,,,,0.0,,,,,2.0,,,,,#f79009,,,
2026-06-06,Phoenix,,,41.0,,,,,0.0,,,,,3.0,,,,,#904ea6,,,
2026-06-06,Flash Trade,,,30.0,,,,,0.0,,,,,4.0,,,,,#63b512,,,
2026-06-06,Bullet,,,7.0,,,,,-1.0,,,,,5.0,,,,,#f0384a,,,
2026-06-06,Jupiter,,,3.0,,,,,0.0,,,,,6.0,,,,,#00bfa5,,,
2026-06-06,_Pacifica,Pacifica,,,69.0,,,,,0.0,,,,,1.0,,,,,#545cf8,,
2026-06-06,_GMTrade,GMTrade,,,63.0,,,,,0.0,,,,,2.0,,,,,#f79009,,
2026-06-06,_Phoenix,Phoenix,,,41.0,,,,,0.0,,,,,3.0,,,,,#904ea6,,
2026-06-06,_Flash Trade,Flash Trade,,,30.0,,,,,0.0,,,,,4.0,,,,,#63b512,,
2026-06-06,_Bullet,Bullet,,,7.0,,,,,-1.0,,,,,5.0,,,,,#f0384a,,
2026-06-06,_Jupiter,Jupiter,,,3.0,,,,,0.0,,,,,6.0,,,,,#00bfa5,,
2026-06-06,Crypto,,,,,69.0,,,,,0.0,,,,,1.0,,,,,#545cf8,
2026-06-06,Stock,,,,,16.0,,,,,0.0,,,,,2.0,,,,,#f79009,
2026-06-06,Commodity,,,,,15.0,,,,,0.0,,,,,3.0,,,,,#904ea6,
2026-06-06,FX,,,,,9.0,,,,,0.0,,,,,4.0,,,,,#63b512,
2026-06-06,Index,,,,,4.0,,,,,0.0,,,,,5.0,,,,,#f0384a,
2026-06-06,_Drift,Drift,,,,,,,,,,,,,,,,,,,,
2026-06-06,Drift,,,,,,,,,,,,,,,,,,,,,
2026-06-05,Total,,113.0,,,,,0.0,,,,,1.0,,,,,#545cf8,,,,
2026-06-05,Pacifica,,,69.0,,,,,0.0,,,,,1.0,,,,,#545cf8,,,
2026-06-05,GMTrade,,,63.0,,,,,0.0,,,,,2.0,,,,,#f79009,,,
2026-06-05,Phoenix,,,41.0,,,,,0.0,,,,,3.0,,,,,#904ea6,,,
2026-06-05,Flash Trade,,,30.0,,,,,0.0,,,,,4.0,,,,,#63b512,,,
2026-06-05,Bullet,,,8.0,,,,,0.0,,,,,5.0,,,,,#f0384a,,,
2026-06-05,Jupiter,,,3.0,,,,,0.0,,,,,6.0,,,,,#00bfa5,,,
2026-06-05,_Pacifica,Pacifica,,,69.0,,,,,0.0,,,,,1.0,,,,,#545cf8,,
2026-06-05,_GMTrade,GMTrade,,,63.0,,,,,0.0,,,,,2.0,,,,,#f79009,,
2026-06-05,_Phoenix,Phoenix,,,41.0,,,,,0.0,,,,,3.0,,,,,#904ea6,,
2026-06-05,_Flash Trade,Flash Trade,,,30.0,,,,,0.0,,,,,4.0,,,,,#63b512,,
2026-06-05,_Bullet,Bullet,,,8.0,,,,,0.0,,,,,5.0,,,,,#f0384a,,
2026-06-05,_Jupiter,Jupiter,,,3.0,,,,,0.0,,,,,6.0,,,,,#00bfa5,,
2026-06-05,Crypto,,,,,69.0,,,,,0.0,,,,,1.0,,,,,#545cf8,
2026-06-05,Stock,,,,,16.0,,,,,0.0,,,,,2.0,,,,,#f79009,
2026-06-05,Commodity,,,,,15.0,,,,,0.0,,,,,3.0,,,,,#904ea6,
2026-06-05,FX,,,,,9.0,,,,,0.0,,,,,4.0,,,,,#63b512,
2026-06-05,Index,,,,,4.0,,,,,0.0,,,,,5.0,,,,,#f0384a,
2026-06-05,_Drift,Drift,,,,,,,,,,,,,,,,,,,,
2026-06-05,Drift,,,,,,,,,,,,,,,,,,,,,
2026-06-04,Total,,113.0,,,,,0.0,,,,,1.0,,,,,#545cf8,,,,
2026-06-04,Pacifica,,,69.0,,,,,0.0,,,,,1.0,,,,,#545cf8,,,
2026-06-04,GMTrade,,,63.0,,,,,0.0,,,,,2.0,,,,,#f79009,,,
2026-06-04,Phoenix,,,41.0,,,,,0.0,,,,,3.0,,,,,#904ea6,,,
2026-06-04,Flash Trade,,,30.0,,,,,0.0,,,,,4.0,,,,,#63b512,,,
2026-06-04,Bullet,,,8.0,,,,,0.0,,,,,5.0,,,,,#f0384a,,,
2026-06-04,Jupiter,,,3.0,,,,,0.0,,,,,6.0,,,,,#00bfa5,,,
2026-06-04,_Pacifica,Pacifica,,,69.0,,,,,0.0,,,,,1.0,,,,,#545cf8,,
2026-06-04,_GMTrade,GMTrade,,,63.0,,,,,0.0,,,,,2.0,,,,,#f79009,,
2026-06-04,_Phoenix,Phoenix,,,41.0,,,,,0.0,,,,,3.0,,,,,#904ea6,,
2026-06-04,_Flash Trade,Flash Trade,,,30.0,,,,,0.0,,,,,4.0,,,,,#63b512,,
2026-06-04,_Bullet,Bullet,,,8.0,,,,,0.0,,,,,5.0,,,,,#f0384a,,
2026-06-04,_Jupiter,Jupiter,,,3.0,,,,,0.0,,,,,6.0,,,,,#00bfa5,,
2026-06-04,Crypto,,,,,69.0,,,,,0.0,,,,,1.0,,,,,#545cf8,
2026-06-04,Stock,,,,,16.0,,,,,0.0,,,,,2.0,,,,,#f79009,
2026-06-04,Commodity,,,,,15.0,,,,,0.0,,,,,3.0,,,,,#904ea6,
2026-06-04,FX,,,,,9.0,,,,,0.0,,,,,4.0,,,,,#63b512,
2026-06-04,Index,,,,,4.0,,,,,0.0,,,,,5.0,,,,,#f0384a,
2026-06-04,_Drift,Drift,,,,,,,,,,,,,,,,,,,,
2026-06-04,Drift,,,,,,,,,,,,,,,,,,,,,
2026-06-03,Total,,113.0,,,,,2.0,,,,,1.0,,,,,#545cf8,,,,
2026-06-03,Pacifica,,,69.0,,,,,2.0,,,,,1.0,,,,,#545cf8,,,
2026-06-03,GMTrade,,,63.0,,,,,0.0,,,,,2.0,,,,,#f79009,,,
2026-06-03,Phoenix,,,41.0,,,,,0.0,,,,,3.0,,,,,#904ea6,,,
2026-06-03,Flash Trade,,,30.0,,,,,0.0,,,,,4.0,,,,,#63b512,,,
2026-06-03,Bullet,,,8.0,,,,,0.0,,,,,5.0,,,,,#f0384a,,,
2026-06-03,Jupiter,,,3.0,,,,,0.0,,,,,6.0,,,,,#00bfa5,,,
2026-06-03,_Pacifica,Pacifica,,,69.0,,,,,2.0,,,,,1.0,,,,,#545cf8,,
2026-06-03,_GMTrade,GMTrade,,,63.0,,,,,0.0,,,,,2.0,,,,,#f79009,,
2026-06-03,_Phoenix,Phoenix,,,41.0,,,,,0.0,,,,,3.0,,,,,#904ea6,,
2026-06-03,_Flash Trade,Flash Trade,,,30.0,,,,,0.0,,,,,4.0,,,,,#63b512,,
2026-06-03,_Bullet,Bullet,,,8.0,,,,,0.0,,,,,5.0,,,,,#f0384a,,
2026-06-03,_Jupiter,Jupiter,,,3.0,,,,,0.0,,,,,6.0,,,,,#00bfa5,,
2026-06-03,Crypto,,,,,69.0,,,,,0.0,,,,,1.0,,,,,#545cf8,
2026-06-03,Stock,,,,,16.0,,,,,2.0,,,,,2.0,,,,,#f79009,
2026-06-03,Commodity,,,,,15.0,,,,,0.0,,,,,3.0,,,,,#904ea6,
2026-06-03,FX,,,,,9.0,,,,,0.0,,,,,4.0,,,,,#63b512,
2026-06-03,Index,,,,,4.0,,,,,0.0,,,,,5.0,,,,,#f0384a,
2026-06-03,_Drift,Drift,,,,,,,,,,,,,,,,,,,,
2026-06-03,Drift,,,,,,,,,,,,,,,,,,,,,
2026-06-02,Total,,111.0,,,,,0.0,,,,,1.0,,,,,#545cf8,,,,
2026-06-02,Pacifica,,,67.0,,,,,0.0,,,,,1.0,,,,,#545cf8,,,
2026-06-02,GMTrade,,,63.0,,,,,0.0,,,,,2.0,,,,,#f79009,,,
2026-06-02,Phoenix,,,41.0,,,,,0.0,,,,,3.0,,,,,#904ea6,,,
2026-06-02,Flash Trade,,,30.0,,,,,0.0,,,,,4.0,,,,,#63b512,,,
2026-06-02,Bullet,,,8.0,,,,,0.0,,,,,5.0,,,,,#f0384a,,,
2026-06-02,Jupiter,,,3.0,,,,,0.0,,,,,6.0,,,,,#00bfa5,,,
2026-06-02,_Pacifica,Pacifica,,,67.0,,,,,0.0,,,,,1.0,,,,,#545cf8,,
2026-06-02,_GMTrade,GMTrade,,,63.0,,,,,0.0,,,,,2.0,,,,,#f79009,,
2026-06-02,_Phoenix,Phoenix,,,41.0,,,,,0.0,,,,,3.0,,,,,#904ea6,,
2026-06-02,_Flash Trade,Flash Trade,,,30.0,,,,,0.0,,,,,4.0,,,,,#63b512,,
2026-06-02,_Bullet,Bullet,,,8.0,,,,,0.0,,,,,5.0,,,,,#f0384a,,
2026-06-02,_Jupiter,Jupiter,,,3.0,,,,,0.0,,,,,6.0,,,,,#00bfa5,,
2026-06-02,Crypto,,,,,69.0,,,,,0.0,,,,,1.0,,,,,#545cf8,
2026-06-02,Commodity,,,,,15.0,,,,,0.0,,,,,3.0,,,,,#904ea6,
2026-06-02,Stock,,,,,14.0,,,,,0.0,,,,,2.0,,,,,#f79009,
2026-06-02,FX,,,,,9.0,,,,,0.0,,,,,4.0,,,,,#63b512,
2026-06-02,Index,,,,,4.0,,,,,0.0,,,,,5.0,,,,,#f0384a,
2026-06-02,_Drift,Drift,,,,,,,,,,,,,,,,,,,,
2026-06-02,Drift,,,,,,,,,,,,,,,,,,,,,
2026-06-01,Total,,111.0,,,,,0.0,,,,,1.0,,,,,#545cf8,,,,
2026-06-01,Pacifica,,,67.0,,,,,0.0,,,,,1.0,,,,,#545cf8,,,
2026-06-01,GMTrade,,,63.0,,,,,0.0,,,,,2.0,,,,,#f79009,,,
2026-06-01,Phoenix,,,41.0,,,,,0.0,,,,,3.0,,,,,#904ea6,,,
2026-06-01,Flash Trade,,,30.0,,,,,0.0,,,,,4.0,,,,,#63b512,,,
2026-06-01,Bullet,,,8.0,,,,,0.0,,,,,5.0,,,,,#f0384a,,,
2026-06-01,Jupiter,,,3.0,,,,,0.0,,,,,6.0,,,,,#00bfa5,,,
2026-06-01,_Pacifica,Pacifica,,,67.0,,,,,0.0,,,,,1.0,,,,,#545cf8,,
2026-06-01,_GMTrade,GMTrade,,,63.0,,,,,0.0,,,,,2.0,,,,,#f79009,,
2026-06-01,_Phoenix,Phoenix,,,41.0,,,,,0.0,,,,,3.0,,,,,#904ea6,,
2026-06-01,_Flash Trade,Flash Trade,,,30.0,,,,,0.0,,,,,4.0,,,,,#63b512,,
2026-06-01,_Bullet,Bullet,,,8.0,,,,,0.0,,,,,5.0,,,,,#f0384a,,
2026-06-01,_Jupiter,Jupiter,,,3.0,,,,,0.0,,,,,6.0,,,,,#00bfa5,,
2026-06-01,Crypto,,,,,69.0,,,,,0.0,,,,,1.0,,,,,#545cf8,
2026-06-01,Commodity,,,,,15.0,,,,,0.0,,,,,3.0,,,,,#904ea6,
2026-06-01,Stock,,,,,14.0,,,,,0.0,,,,,2.0,,,,,#f79009,
2026-06-01,FX,,,,,9.0,,,,,0.0,,,,,4.0,,,,,#63b512,
2026-06-01,Index,,,,,4.0,,,,,0.0,,,,,5.0,,,,,#f0384a,
2026-06-01,_Drift,Drift,,,,,,,,,,,,,,,,,,,,
2026-06-01,Drift,,,,,,,,,,,,,,,,,,,,,
2026-05-31,Total,,111.0,,,,,0.0,,,,,1.0,,,,,#545cf8,,,,
2026-05-31,Pacifica,,,67.0,,,,,0.0,,,,,1.0,,,,,#545cf8,,,
2026-05-31,GMTrade,,,63.0,,,,,0.0,,,,,2.0,,,,,#f79009,,,
2026-05-31,Phoenix,,,41.0,,,,,0.0,,,,,3.0,,,,,#904ea6,,,
2026-05-31,Flash Trade,,,30.0,,,,,0.0,,,,,4.0,,,,,#63b512,,,
2026-05-31,Bullet,,,8.0,,,,,0.0,,,,,5.0,,,,,#f0384a,,,
2026-05-31,Jupiter,,,3.0,,,,,0.0,,,,,6.0,,,,,#00bfa5,,,
2026-05-31,_Pacifica,Pacifica,,,67.0,,,,,0.0,,,,,1.0,,,,,#545cf8,,
2026-05-31,_GMTrade,GMTrade,,,63.0,,,,,0.0,,,,,2.0,,,,,#f79009,,
2026-05-31,_Phoenix,Phoenix,,,41.0,,,,,0.0,,,,,3.0,,,,,#904ea6,,
2026-05-31,_Flash Trade,Flash Trade,,,30.0,,,,,0.0,,,,,4.0,,,,,#63b512,,
2026-05-31,_Bullet,Bullet,,,8.0,,,,,0.0,,,,,5.0,,,,,#f0384a,,
2026-05-31,_Jupiter,Jupiter,,,3.0,,,,,0.0,,,,,6.0,,,,,#00bfa5,,
2026-05-31,Crypto,,,,,69.0,,,,,0.0,,,,,1.0,,,,,#545cf8,
2026-05-31,Commodity,,,,,15.0,,,,,0.0,,,,,3.0,,,,,#904ea6,
2026-05-31,Stock,,,,,14.0,,,,,0.0,,,,,2.0,,,,,#f79009,
2026-05-31,FX,,,,,9.0,,,,,0.0,,,,,4.0,,,,,#63b512,
2026-05-31,Index,,,,,4.0,,,,,0.0,,,,,5.0,,,,,#f0384a,
2026-05-31,_Drift,Drift,,,,,,,,,,,,,,,,,,,,
2026-05-31,Drift,,,,,,,,,,,,,,,,,,,,,
2026-05-30,Total,,111.0,,,,,0.0,,,,,1.0,,,,,#545cf8,,,,
2026-05-30,Pacifica,,,67.0,,,,,0.0,,,,,1.0,,,,,#545cf8,,,
2026-05-30,GMTrade,,,63.0,,,,,0.0,,,,,2.0,,,,,#f79009,,,
2026-05-30,Phoenix,,,41.0,,,,,0.0,,,,,3.0,,,,,#904ea6,,,
2026-05-30,Flash Trade,,,30.0,,,,,0.0,,,,,4.0,,,,,#63b512,,,
2026-05-30,Bullet,,,8.0,,,,,0.0,,,,,5.0,,,,,#f0384a,,,
2026-05-30,Jupiter,,,3.0,,,,,0.0,,,,,6.0,,,,,#00bfa5,,,
2026-05-30,_Pacifica,Pacifica,,,67.0,,,,,0.0,,,,,1.0,,,,,#545cf8,,
2026-05-30,_GMTrade,GMTrade,,,63.0,,,,,0.0,,,,,2.0,,,,,#f79009,,
2026-05-30,_Phoenix,Phoenix,,,41.0,,,,,0.0,,,,,3.0,,,,,#904ea6,,
2026-05-30,_Flash Trade,Flash Trade,,,30.0,,,,,0.0,,,,,4.0,,,,,#63b512,,
2026-05-30,_Bullet,Bullet,,,8.0,,,,,0.0,,,,,5.0,,,,,#f0384a,,
2026-05-30,_Jupiter,Jupiter,,,3.0,,,,,0.0,,,,,6.0,,,,,#00bfa5,,
2026-05-30,Crypto,,,,,69.0,,,,,0.0,,,,,1.0,,,,,#545cf8,
2026-05-30,Commodity,,,,,15.0,,,,,0.0,,,,,3.0,,,,,#904ea6,
2026-05-30,Stock,,,,,14.0,,,,,0.0,,,,,2.0,,,,,#f79009,
2026-05-30,FX,,,,,9.0,,,,,0.0,,,,,4.0,,,,,#63b512,
2026-05-30,Index,,,,,4.0,,,,,0.0,,,,,5.0,,,,,#f0384a,
2026-05-30,Drift,,,,,,,,,,,,,,,,,,,,,
2026-05-30,_Drift,Drift,,,,,,,,,,,,,,,,,,,,
2026-05-29,Total,,111.0,,,,,0.0,,,,,1.0,,,,,#545cf8,,,,
2026-05-29,Pacifica,,,67.0,,,,,0.0,,,,,1.0,,,,,#545cf8,,,
2026-05-29,GMTrade,,,63.0,,,,,0.0,,,,,2.0,,,,,#f79009,,,
2026-05-29,Phoenix,,,41.0,,,,,0.0,,,,,3.0,,,,,#904ea6,,,
2026-05-29,Flash Trade,,,30.0,,,,,0.0,,,,,4.0,,,,,#63b512,,,
2026-05-29,Bullet,,,8.0,,,,,0.0,,,,,5.0,,,,,#f0384a,,,
2026-05-29,Jupiter,,,3.0,,,,,0.0,,,,,6.0,,,,,#00bfa5,,,
2026-05-29,_Pacifica,Pacifica,,,67.0,,,,,0.0,,,,,1.0,,,,,#545cf8,,
2026-05-29,_GMTrade,GMTrade,,,63.0,,,,,0.0,,,,,2.0,,,,,#f79009,,
2026-05-29,_Phoenix,Phoenix,,,41.0,,,,,0.0,,,,,3.0,,,,,#904ea6,,
2026-05-29,_Flash Trade,Flash Trade,,,30.0,,,,,0.0,,,,,4.0,,,,,#63b512,,
2026-05-29,_Bullet,Bullet,,,8.0,,,,,0.0,,,,,5.0,,,,,#f0384a,,
2026-05-29,_Jupiter,Jupiter,,,3.0,,,,,0.0,,,,,6.0,,,,,#00bfa5,,
2026-05-29,Crypto,,,,,69.0,,,,,0.0,,,,,1.0,,,,,#545cf8,
2026-05-29,Commodity,,,,,15.0,,,,,0.0,,,,,3.0,,,,,#904ea6,
2026-05-29,Stock,,,,,14.0,,,,,0.0,,,,,2.0,,,,,#f79009,
2026-05-29,FX,,,,,9.0,,,,,0.0,,,,,4.0,,,,,#63b512,
2026-05-29,Index,,,,,4.0,,,,,0.0,,,,,5.0,,,,,#f0384a,
2026-05-29,Drift,,,,,,,,,,,,,,,,,,,,,
2026-05-29,_Drift,Drift,,,,,,,,,,,,,,,,,,,,
2026-05-28,Total,,111.0,,,,,0.0,,,,,1.0,,,,,#545cf8,,,,
2026-05-28,Pacifica,,,67.0,,,,,0.0,,,,,1.0,,,,,#545cf8,,,
2026-05-28,GMTrade,,,63.0,,,,,0.0,,,,,2.0,,,,,#f79009,,,
2026-05-28,Phoenix,,,41.0,,,,,0.0,,,,,3.0,,,,,#904ea6,,,
2026-05-28,Flash Trade,,,30.0,,,,,0.0,,,,,4.0,,,,,#63b512,,,
2026-05-28,Bullet,,,8.0,,,,,0.0,,,,,5.0,,,,,#f0384a,,,
2026-05-28,Jupiter,,,3.0,,,,,0.0,,,,,6.0,,,,,#00bfa5,,,
2026-05-28,_Pacifica,Pacifica,,,67.0,,,,,0.0,,,,,1.0,,,,,#545cf8,,
2026-05-28,_GMTrade,GMTrade,,,63.0,,,,,0.0,,,,,2.0,,,,,#f79009,,
2026-05-28,_Phoenix,Phoenix,,,41.0,,,,,0.0,,,,,3.0,,,,,#904ea6,,
2026-05-28,_Flash Trade,Flash Trade,,,30.0,,,,,0.0,,,,,4.0,,,,,#63b512,,
2026-05-28,_Bullet,Bullet,,,8.0,,,,,0.0,,,,,5.0,,,,,#f0384a,,
2026-05-28,_Jupiter,Jupiter,,,3.0,,,,,0.0,,,,,6.0,,,,,#00bfa5,,
2026-05-28,Crypto,,,,,69.0,,,,,0.0,,,,,1.0,,,,,#545cf8,
2026-05-28,Commodity,,,,,15.0,,,,,0.0,,,,,3.0,,,,,#904ea6,
2026-05-28,Stock,,,,,14.0,,,,,0.0,,,,,2.0,,,,,#f79009,
2026-05-28,FX,,,,,9.0,,,,,0.0,,,,,4.0,,,,,#63b512,
2026-05-28,Index,,,,,4.0,,,,,0.0,,,,,5.0,,,,,#f0384a,
2026-05-28,_Drift,Drift,,,,,,,,,,,,,,,,,,,,
2026-05-28,Drift,,,,,,,,,,,,,,,,,,,,,
2026-05-27,Total,,111.0,,,,,0.0,,,,,1.0,,,,,#545cf8,,,,
2026-05-27,Pacifica,,,67.0,,,,,0.0,,,,,1.0,,,,,#545cf8,,,
2026-05-27,GMTrade,,,63.0,,,,,0.0,,,,,2.0,,,,,#f79009,,,
2026-05-27,Phoenix,,,41.0,,,,,0.0,,,,,3.0,,,,,#904ea6,,,
2026-05-27,Flash Trade,,,30.0,,,,,0.0,,,,,4.0,,,,,#63b512,,,
2026-05-27,Bullet,,,8.0,,,,,0.0,,,,,5.0,,,,,#f0384a,,,
2026-05-27,Jupiter,,,3.0,,,,,0.0,,,,,6.0,,,,,#00bfa5,,,
2026-05-27,_Pacifica,Pacifica,,,67.0,,,,,0.0,,,,,1.0,,,,,#545cf8,,
2026-05-27,_GMTrade,GMTrade,,,63.0,,,,,0.0,,,,,2.0,,,,,#f79009,,
2026-05-27,_Phoenix,Phoenix,,,41.0,,,,,0.0,,,,,3.0,,,,,#904ea6,,
2026-05-27,_Flash Trade,Flash Trade,,,30.0,,,,,0.0,,,,,4.0,,,,,#63b512,,
2026-05-27,_Bullet,Bullet,,,8.0,,,,,0.0,,,,,5.0,,,,,#f0384a,,
2026-05-27,_Jupiter,Jupiter,,,3.0,,,,,0.0,,,,,6.0,,,,,#00bfa5,,
2026-05-27,Crypto,,,,,69.0,,,,,0.0,,,,,1.0,,,,,#545cf8,
2026-05-27,Commodity,,,,,15.0,,,,,0.0,,,,,3.0,,,,,#904ea6,
2026-05-27,Stock,,,,,14.0,,,,,0.0,,,,,2.0,,,,,#f79009,
2026-05-27,FX,,,,,9.0,,,,,0.0,,,,,4.0,,,,,#63b512,
2026-05-27,Index,,,,,4.0,,,,,0.0,,,,,5.0,,,,,#f0384a,
2026-05-27,Drift,,,,,,,,,,,,,,,,,,,,,
2026-05-27,_Drift,Drift,,,,,,,,,,,,,,,,,,,,
2026-05-26,Total,,111.0,,,,,0.0,,,,,1.0,,,,,#545cf8,,,,
2026-05-26,Pacifica,,,67.0,,,,,0.0,,,,,1.0,,,,,#545cf8,,,
2026-05-26,GMTrade,,,63.0,,,,,0.0,,,,,2.0,,,,,#f79009,,,
2026-05-26,Phoenix,,,41.0,,,,,0.0,,,,,3.0,,,,,#904ea6,,,
2026-05-26,Flash Trade,,,30.0,,,,,0.0,,,,,4.0,,,,,#63b512,,,
2026-05-26,Bullet,,,8.0,,,,,0.0,,,,,5.0,,,,,#f0384a,,,
2026-05-26,Jupiter,,,3.0,,,,,0.0,,,,,6.0,,,,,#00bfa5,,,
2026-05-26,_Pacifica,Pacifica,,,67.0,,,,,0.0,,,,,1.0,,,,,#545cf8,,
2026-05-26,_GMTrade,GMTrade,,,63.0,,,,,0.0,,,,,2.0,,,,,#f79009,,
2026-05-26,_Phoenix,Phoenix,,,41.0,,,,,0.0,,,,,3.0,,,,,#904ea6,,
2026-05-26,_Flash Trade,Flash Trade,,,30.0,,,,,0.0,,,,,4.0,,,,,#63b512,,
2026-05-26,_Bullet,Bullet,,,8.0,,,,,0.0,,,,,5.0,,,,,#f0384a,,
2026-05-26,_Jupiter,Jupiter,,,3.0,,,,,0.0,,,,,6.0,,,,,#00bfa5,,
2026-05-26,Crypto,,,,,69.0,,,,,0.0,,,,,1.0,,,,,#545cf8,
2026-05-26,Commodity,,,,,15.0,,,,,0.0,,,,,3.0,,,,,#904ea6,
2026-05-26,Stock,,,,,14.0,,,,,0.0,,,,,2.0,,,,,#f79009,
2026-05-26,FX,,,,,9.0,,,,,0.0,,,,,4.0,,,,,#63b512,
2026-05-26,Index,,,,,4.0,,,,,0.0,,,,,5.0,,,,,#f0384a,
2026-05-26,Drift,,,,,,,,,,,,,,,,,,,,,
2026-05-26,_Drift,Drift,,,,,,,,,,,,,,,,,,,,
2026-05-25,Total,,111.0,,,,,0.0,,,,,1.0,,,,,#545cf8,,,,
2026-05-25,Pacifica,,,67.0,,,,,0.0,,,,,1.0,,,,,#545cf8,,,
2026-05-25,GMTrade,,,63.0,,,,,0.0,,,,,2.0,,,,,#f79009,,,
2026-05-25,Phoenix,,,41.0,,,,,0.0,,,,,3.0,,,,,#904ea6,,,
2026-05-25,Flash Trade,,,30.0,,,,,0.0,,,,,4.0,,,,,#63b512,,,
2026-05-25,Bullet,,,8.0,,,,,0.0,,,,,5.0,,,,,#f0384a,,,
2026-05-25,Jupiter,,,3.0,,,,,0.0,,,,,6.0,,,,,#00bfa5,,,
2026-05-25,_Pacifica,Pacifica,,,67.0,,,,,0.0,,,,,1.0,,,,,#545cf8,,
2026-05-25,_GMTrade,GMTrade,,,63.0,,,,,0.0,,,,,2.0,,,,,#f79009,,
2026-05-25,_Phoenix,Phoenix,,,41.0,,,,,0.0,,,,,3.0,,,,,#904ea6,,
2026-05-25,_Flash Trade,Flash Trade,,,30.0,,,,,0.0,,,,,4.0,,,,,#63b512,,
2026-05-25,_Bullet,Bullet,,,8.0,,,,,0.0,,,,,5.0,,,,,#f0384a,,
2026-05-25,_Jupiter,Jupiter,,,3.0,,,,,0.0,,,,,6.0,,,,,#00bfa5,,
2026-05-25,Crypto,,,,,69.0,,,,,0.0,,,,,1.0,,,,,#545cf8,
2026-05-25,Commodity,,,,,15.0,,,,,0.0,,,,,3.0,,,,,#904ea6,
2026-05-25,Stock,,,,,14.0,,,,,0.0,,,,,2.0,,,,,#f79009,
2026-05-25,FX,,,,,9.0,,,,,0.0,,,,,4.0,,,,,#63b512,
2026-05-25,Index,,,,,4.0,,,,,0.0,,,,,5.0,,,,,#f0384a,
2026-05-25,_Drift,Drift,,,,,,,,,,,,,,,,,,,,
2026-05-25,Drift,,,,,,,,,,,,,,,,,,,,,
2026-05-24,Total,,111.0,,,,,0.0,,,,,1.0,,,,,#545cf8,,,,
2026-05-24,Pacifica,,,67.0,,,,,0.0,,,,,1.0,,,,,#545cf8,,,
2026-05-24,GMTrade,,,63.0,,,,,0.0,,,,,2.0,,,,,#f79009,,,
2026-05-24,Phoenix,,,41.0,,,,,0.0,,,,,3.0,,,,,#904ea6,,,
2026-05-24,Flash Trade,,,30.0,,,,,0.0,,,,,4.0,,,,,#63b512,,,
2026-05-24,Bullet,,,8.0,,,,,0.0,,,,,5.0,,,,,#f0384a,,,
2026-05-24,Jupiter,,,3.0,,,,,0.0,,,,,6.0,,,,,#00bfa5,,,
2026-05-24,_Pacifica,Pacifica,,,67.0,,,,,0.0,,,,,1.0,,,,,#545cf8,,
2026-05-24,_GMTrade,GMTrade,,,63.0,,,,,0.0,,,,,2.0,,,,,#f79009,,
2026-05-24,_Phoenix,Phoenix,,,41.0,,,,,0.0,,,,,3.0,,,,,#904ea6,,
2026-05-24,_Flash Trade,Flash Trade,,,30.0,,,,,0.0,,,,,4.0,,,,,#63b512,,
2026-05-24,_Bullet,Bullet,,,8.0,,,,,0.0,,,,,5.0,,,,,#f0384a,,
2026-05-24,_Jupiter,Jupiter,,,3.0,,,,,0.0,,,,,6.0,,,,,#00bfa5,,
2026-05-24,Crypto,,,,,69.0,,,,,0.0,,,,,1.0,,,,,#545cf8,
2026-05-24,Commodity,,,,,15.0,,,,,0.0,,,,,3.0,,,,,#904ea6,
2026-05-24,Stock,,,,,14.0,,,,,0.0,,,,,2.0,,,,,#f79009,
2026-05-24,FX,,,,,9.0,,,,,0.0,,,,,4.0,,,,,#63b512,
2026-05-24,Index,,,,,4.0,,,,,0.0,,,,,5.0,,,,,#f0384a,
2026-05-24,_Drift,Drift,,,,,,,,,,,,,,,,,,,,
2026-05-24,Drift,,,,,,,,,,,,,,,,,,,,,
2026-05-23,Total,,111.0,,,,,0.0,,,,,1.0,,,,,#545cf8,,,,
2026-05-23,Pacifica,,,67.0,,,,,0.0,,,,,1.0,,,,,#545cf8,,,
2026-05-23,GMTrade,,,63.0,,,,,0.0,,,,,2.0,,,,,#f79009,,,
2026-05-23,Phoenix,,,41.0,,,,,0.0,,,,,3.0,,,,,#904ea6,,,
2026-05-23,Flash Trade,,,30.0,,,,,0.0,,,,,4.0,,,,,#63b512,,,
2026-05-23,Bullet,,,8.0,,,,,0.0,,,,,5.0,,,,,#f0384a,,,
2026-05-23,Jupiter,,,3.0,,,,,0.0,,,,,6.0,,,,,#00bfa5,,,
2026-05-23,_Pacifica,Pacifica,,,67.0,,,,,0.0,,,,,1.0,,,,,#545cf8,,
2026-05-23,_GMTrade,GMTrade,,,63.0,,,,,0.0,,,,,2.0,,,,,#f79009,,
2026-05-23,_Phoenix,Phoenix,,,41.0,,,,,0.0,,,,,3.0,,,,,#904ea6,,
2026-05-23,_Flash Trade,Flash Trade,,,30.0,,,,,0.0,,,,,4.0,,,,,#63b512,,
2026-05-23,_Bullet,Bullet,,,8.0,,,,,0.0,,,,,5.0,,,,,#f0384a,,
2026-05-23,_Jupiter,Jupiter,,,3.0,,,,,0.0,,,,,6.0,,,,,#00bfa5,,
2026-05-23,Crypto,,,,,69.0,,,,,0.0,,,,,1.0,,,,,#545cf8,
2026-05-23,Commodity,,,,,15.0,,,,,0.0,,,,,3.0,,,,,#904ea6,
2026-05-23,Stock,,,,,14.0,,,,,0.0,,,,,2.0,,,,,#f79009,
2026-05-23,FX,,,,,9.0,,,,,0.0,,,,,4.0,,,,,#63b512,
2026-05-23,Index,,,,,4.0,,,,,0.0,,,,,5.0,,,,,#f0384a,
2026-05-23,Drift,,,,,,,,,,,,,,,,,,,,,
2026-05-23,_Drift,Drift,,,,,,,,,,,,,,,,,,,,
2026-05-22,Total,,111.0,,,,,0.0,,,,,1.0,,,,,#545cf8,,,,
2026-05-22,Pacifica,,,67.0,,,,,0.0,,,,,1.0,,,,,#545cf8,,,
2026-05-22,GMTrade,,,63.0,,,,,0.0,,,,,2.0,,,,,#f79009,,,
2026-05-22,Phoenix,,,41.0,,,,,0.0,,,,,3.0,,,,,#904ea6,,,
2026-05-22,Flash Trade,,,30.0,,,,,0.0,,,,,4.0,,,,,#63b512,,,
2026-05-22,Bullet,,,8.0,,,,,0.0,,,,,5.0,,,,,#f0384a,,,
2026-05-22,Jupiter,,,3.0,,,,,0.0,,,,,6.0,,,,,#00bfa5,,,
2026-05-22,_Pacifica,Pacifica,,,67.0,,,,,0.0,,,,,1.0,,,,,#545cf8,,
2026-05-22,_GMTrade,GMTrade,,,63.0,,,,,0.0,,,,,2.0,,,,,#f79009,,
2026-05-22,_Phoenix,Phoenix,,,41.0,,,,,0.0,,,,,3.0,,,,,#904ea6,,
2026-05-22,_Flash Trade,Flash Trade,,,30.0,,,,,0.0,,,,,4.0,,,,,#63b512,,
2026-05-22,_Bullet,Bullet,,,8.0,,,,,0.0,,,,,5.0,,,,,#f0384a,,
2026-05-22,_Jupiter,Jupiter,,,3.0,,,,,0.0,,,,,6.0,,,,,#00bfa5,,
2026-05-22,Crypto,,,,,69.0,,,,,0.0,,,,,1.0,,,,,#545cf8,
2026-05-22,Commodity,,,,,15.0,,,,,0.0,,,,,3.0,,,,,#904ea6,
2026-05-22,Stock,,,,,14.0,,,,,0.0,,,,,2.0,,,,,#f79009,
2026-05-22,FX,,,,,9.0,,,,,0.0,,,,,4.0,,,,,#63b512,
2026-05-22,Index,,,,,4.0,,,,,0.0,,,,,5.0,,,,,#f0384a,
2026-05-22,_Drift,Drift,,,,,,,,,,,,,,,,,,,,
2026-05-22,Drift,,,,,,,,,,,,,,,,,,,,,
2026-05-21,Total,,111.0,,,,,0.0,,,,,1.0,,,,,#545cf8,,,,
2026-05-21,Pacifica,,,67.0,,,,,0.0,,,,,1.0,,,,,#545cf8,,,
2026-05-21,GMTrade,,,63.0,,,,,0.0,,,,,2.0,,,,,#f79009,,,
2026-05-21,Phoenix,,,41.0,,,,,0.0,,,,,3.0,,,,,#904ea6,,,
2026-05-21,Flash Trade,,,30.0,,,,,0.0,,,,,4.0,,,,,#63b512,,,
2026-05-21,Bullet,,,8.0,,,,,0.0,,,,,5.0,,,,,#f0384a,,,
2026-05-21,Jupiter,,,3.0,,,,,0.0,,,,,6.0,,,,,#00bfa5,,,
2026-05-21,_Pacifica,Pacifica,,,67.0,,,,,0.0,,,,,1.0,,,,,#545cf8,,
2026-05-21,_GMTrade,GMTrade,,,63.0,,,,,0.0,,,,,2.0,,,,,#f79009,,
2026-05-21,_Phoenix,Phoenix,,,41.0,,,,,0.0,,,,,3.0,,,,,#904ea6,,
2026-05-21,_Flash Trade,Flash Trade,,,30.0,,,,,0.0,,,,,4.0,,,,,#63b512,,
2026-05-21,_Bullet,Bullet,,,8.0,,,,,0.0,,,,,5.0,,,,,#f0384a,,
2026-05-21,_Jupiter,Jupiter,,,3.0,,,,,0.0,,,,,6.0,,,,,#00bfa5,,
2026-05-21,Crypto,,,,,69.0,,,,,0.0,,,,,1.0,,,,,#545cf8,
2026-05-21,Commodity,,,,,15.0,,,,,0.0,,,,,3.0,,,,,#904ea6,
2026-05-21,Stock,,,,,14.0,,,,,0.0,,,,,2.0,,,,,#f79009,
2026-05-21,FX,,,,,9.0,,,,,0.0,,,,,4.0,,,,,#63b512,
2026-05-21,Index,,,,,4.0,,,,,0.0,,,,,5.0,,,,,#f0384a,
2026-05-21,Drift,,,,,,,,,,,,,,,,,,,,,
2026-05-21,_Drift,Drift,,,,,,,,,,,,,,,,,,,,
2026-05-20,Total,,111.0,,,,,1.0,,,,,1.0,,,,,#545cf8,,,,
2026-05-20,Pacifica,,,67.0,,,,,1.0,,,,,1.0,,,,,#545cf8,,,
2026-05-20,GMTrade,,,63.0,,,,,0.0,,,,,2.0,,,,,#f79009,,,
2026-05-20,Phoenix,,,41.0,,,,,0.0,,,,,3.0,,,,,#904ea6,,,
2026-05-20,Flash Trade,,,30.0,,,,,0.0,,,,,4.0,,,,,#63b512,,,
2026-05-20,Bullet,,,8.0,,,,,0.0,,,,,5.0,,,,,#f0384a,,,
2026-05-20,Jupiter,,,3.0,,,,,0.0,,,,,6.0,,,,,#00bfa5,,,
2026-05-20,_Pacifica,Pacifica,,,67.0,,,,,1.0,,,,,1.0,,,,,#545cf8,,
2026-05-20,_GMTrade,GMTrade,,,63.0,,,,,0.0,,,,,2.0,,,,,#f79009,,
2026-05-20,_Phoenix,Phoenix,,,41.0,,,,,0.0,,,,,3.0,,,,,#904ea6,,
2026-05-20,_Flash Trade,Flash Trade,,,30.0,,,,,0.0,,,,,4.0,,,,,#63b512,,
2026-05-20,_Bullet,Bullet,,,8.0,,,,,0.0,,,,,5.0,,,,,#f0384a,,
2026-05-20,_Jupiter,Jupiter,,,3.0,,,,,0.0,,,,,6.0,,,,,#00bfa5,,
2026-05-20,Crypto,,,,,69.0,,,,,0.0,,,,,1.0,,,,,#545cf8,
2026-05-20,Commodity,,,,,15.0,,,,,0.0,,,,,3.0,,,,,#904ea6,
2026-05-20,Stock,,,,,14.0,,,,,1.0,,,,,2.0,,,,,#f79009,
2026-05-20,FX,,,,,9.0,,,,,0.0,,,,,4.0,,,,,#63b512,
2026-05-20,Index,,,,,4.0,,,,,0.0,,,,,5.0,,,,,#f0384a,
2026-05-20,_Drift,Drift,,,,,,,,,,,,,,,,,,,,
2026-05-20,Drift,,,,,,,,,,,,,,,,,,,,,
2026-05-19,Total,,110.0,,,,,1.0,,,,,1.0,,,,,#545cf8,,,,
2026-05-19,Pacifica,,,66.0,,,,,0.0,,,,,1.0,,,,,#545cf8,,,
2026-05-19,GMTrade,,,63.0,,,,,1.0,,,,,2.0,,,,,#f79009,,,
2026-05-19,Phoenix,,,41.0,,,,,0.0,,,,,3.0,,,,,#904ea6,,,
2026-05-19,Flash Trade,,,30.0,,,,,0.0,,,,,4.0,,,,,#63b512,,,
2026-05-19,Bullet,,,8.0,,,,,0.0,,,,,5.0,,,,,#f0384a,,,
2026-05-19,Jupiter,,,3.0,,,,,0.0,,,,,6.0,,,,,#00bfa5,,,
2026-05-19,_Pacifica,Pacifica,,,66.0,,,,,0.0,,,,,1.0,,,,,#545cf8,,
2026-05-19,_GMTrade,GMTrade,,,63.0,,,,,1.0,,,,,2.0,,,,,#f79009,,
2026-05-19,_Phoenix,Phoenix,,,41.0,,,,,0.0,,,,,3.0,,,,,#904ea6,,
2026-05-19,_Flash Trade,Flash Trade,,,30.0,,,,,0.0,,,,,4.0,,,,,#63b512,,
2026-05-19,_Bullet,Bullet,,,8.0,,,,,0.0,,,,,5.0,,,,,#f0384a,,
2026-05-19,_Jupiter,Jupiter,,,3.0,,,,,0.0,,,,,6.0,,,,,#00bfa5,,
2026-05-19,Crypto,,,,,69.0,,,,,0.0,,,,,1.0,,,,,#545cf8,
2026-05-19,Commodity,,,,,15.0,,,,,0.0,,,,,3.0,,,,,#904ea6,
2026-05-19,Stock,,,,,13.0,,,,,0.0,,,,,2.0,,,,,#f79009,
2026-05-19,FX,,,,,9.0,,,,,1.0,,,,,4.0,,,,,#63b512,
2026-05-19,Index,,,,,4.0,,,,,0.0,,,,,5.0,,,,,#f0384a,
2026-05-19,Drift,,,,,,,,,,,,,,,,,,,,,
2026-05-19,_Drift,Drift,,,,,,,,,,,,,,,,,,,,
2026-05-18,Total,,109.0,,,,,0.0,,,,,1.0,,,,,#545cf8,,,,
2026-05-18,Pacifica,,,66.0,,,,,0.0,,,,,1.0,,,,,#545cf8,,,
2026-05-18,GMTrade,,,62.0,,,,,0.0,,,,,2.0,,,,,#f79009,,,
2026-05-18,Phoenix,,,41.0,,,,,0.0,,,,,3.0,,,,,#904ea6,,,
2026-05-18,Flash Trade,,,30.0,,,,,0.0,,,,,4.0,,,,,#63b512,,,
2026-05-18,Bullet,,,8.0,,,,,0.0,,,,,5.0,,,,,#f0384a,,,
2026-05-18,Jupiter,,,3.0,,,,,0.0,,,,,6.0,,,,,#00bfa5,,,
2026-05-18,_Pacifica,Pacifica,,,66.0,,,,,0.0,,,,,1.0,,,,,#545cf8,,
2026-05-18,_GMTrade,GMTrade,,,62.0,,,,,0.0,,,,,2.0,,,,,#f79009,,
2026-05-18,_Phoenix,Phoenix,,,41.0,,,,,0.0,,,,,3.0,,,,,#904ea6,,
2026-05-18,_Flash Trade,Flash Trade,,,30.0,,,,,0.0,,,,,4.0,,,,,#63b512,,
2026-05-18,_Bullet,Bullet,,,8.0,,,,,0.0,,,,,5.0,,,,,#f0384a,,
2026-05-18,_Jupiter,Jupiter,,,3.0,,,,,0.0,,,,,6.0,,,,,#00bfa5,,
2026-05-18,Crypto,,,,,69.0,,,,,0.0,,,,,1.0,,,,,#545cf8,
2026-05-18,Commodity,,,,,15.0,,,,,0.0,,,,,3.0,,,,,#904ea6,
2026-05-18,Stock,,,,,13.0,,,,,0.0,,,,,2.0,,,,,#f79009,
2026-05-18,FX,,,,,8.0,,,,,0.0,,,,,4.0,,,,,#63b512,
2026-05-18,Index,,,,,4.0,,,,,0.0,,,,,5.0,,,,,#f0384a,
2026-05-18,_Drift,Drift,,,,,,,,,,,,,,,,,,,,
2026-05-18,Drift,,,,,,,,,,,,,,,,,,,,,
2026-05-17,Total,,109.0,,,,,0.0,,,,,1.0,,,,,#545cf8,,,,
2026-05-17,Pacifica,,,66.0,,,,,0.0,,,,,1.0,,,,,#545cf8,,,
2026-05-17,GMTrade,,,62.0,,,,,0.0,,,,,2.0,,,,,#f79009,,,
2026-05-17,Phoenix,,,41.0,,,,,0.0,,,,,3.0,,,,,#904ea6,,,
2026-05-17,Flash Trade,,,30.0,,,,,0.0,,,,,4.0,,,,,#63b512,,,
2026-05-17,Bullet,,,8.0,,,,,0.0,,,,,5.0,,,,,#f0384a,,,
2026-05-17,Jupiter,,,3.0,,,,,0.0,,,,,6.0,,,,,#00bfa5,,,
2026-05-17,_Pacifica,Pacifica,,,66.0,,,,,0.0,,,,,1.0,,,,,#545cf8,,
2026-05-17,_GMTrade,GMTrade,,,62.0,,,,,0.0,,,,,2.0,,,,,#f79009,,
2026-05-17,_Phoenix,Phoenix,,,41.0,,,,,0.0,,,,,3.0,,,,,#904ea6,,
2026-05-17,_Flash Trade,Flash Trade,,,30.0,,,,,0.0,,,,,4.0,,,,,#63b512,,
2026-05-17,_Bullet,Bullet,,,8.0,,,,,0.0,,,,,5.0,,,,,#f0384a,,
2026-05-17,_Jupiter,Jupiter,,,3.0,,,,,0.0,,,,,6.0,,,,,#00bfa5,,
2026-05-17,Crypto,,,,,69.0,,,,,0.0,,,,,1.0,,,,,#545cf8,
2026-05-17,Commodity,,,,,15.0,,,,,0.0,,,,,3.0,,,,,#904ea6,
2026-05-17,Stock,,,,,13.0,,,,,0.0,,,,,2.0,,,,,#f79009,
2026-05-17,FX,,,,,8.0,,,,,0.0,,,,,4.0,,,,,#63b512,
2026-05-17,Index,,,,,4.0,,,,,0.0,,,,,5.0,,,,,#f0384a,
2026-05-17,Drift,,,,,,,,,,,,,,,,,,,,,
2026-05-17,_Drift,Drift,,,,,,,,,,,,,,,,,,,,
2026-05-16,Total,,109.0,,,,,0.0,,,,,1.0,,,,,#545cf8,,,,
2026-05-16,Pacifica,,,66.0,,,,,0.0,,,,,1.0,,,,,#545cf8,,,
2026-05-16,GMTrade,,,62.0,,,,,0.0,,,,,2.0,,,,,#f79009,,,
2026-05-16,Phoenix,,,41.0,,,,,0.0,,,,,3.0,,,,,#904ea6,,,
2026-05-16,Flash Trade,,,30.0,,,,,0.0,,,,,4.0,,,,,#63b512,,,
2026-05-16,Bullet,,,8.0,,,,,0.0,,,,,5.0,,,,,#f0384a,,,
2026-05-16,Jupiter,,,3.0,,,,,0.0,,,,,6.0,,,,,#00bfa5,,,
2026-05-16,_Pacifica,Pacifica,,,66.0,,,,,0.0,,,,,1.0,,,,,#545cf8,,
2026-05-16,_GMTrade,GMTrade,,,62.0,,,,,0.0,,,,,2.0,,,,,#f79009,,
2026-05-16,_Phoenix,Phoenix,,,41.0,,,,,0.0,,,,,3.0,,,,,#904ea6,,
2026-05-16,_Flash Trade,Flash Trade,,,30.0,,,,,0.0,,,,,4.0,,,,,#63b512,,
2026-05-16,_Bullet,Bullet,,,8.0,,,,,0.0,,,,,5.0,,,,,#f0384a,,
2026-05-16,_Jupiter,Jupiter,,,3.0,,,,,0.0,,,,,6.0,,,,,#00bfa5,,
2026-05-16,Crypto,,,,,69.0,,,,,0.0,,,,,1.0,,,,,#545cf8,
2026-05-16,Commodity,,,,,15.0,,,,,0.0,,,,,3.0,,,,,#904ea6,
2026-05-16,Stock,,,,,13.0,,,,,0.0,,,,,2.0,,,,,#f79009,
2026-05-16,FX,,,,,8.0,,,,,0.0,,,,,4.0,,,,,#63b512,
2026-05-16,Index,,,,,4.0,,,,,0.0,,,,,5.0,,,,,#f0384a,
2026-05-16,_Drift,Drift,,,,,,,,,,,,,,,,,,,,
2026-05-16,Drift,,,,,,,,,,,,,,,,,,,,,
2026-05-15,Total,,109.0,,,,,0.0,,,,,1.0,,,,,#545cf8,,,,
2026-05-15,Pacifica,,,66.0,,,,,0.0,,,,,1.0,,,,,#545cf8,,,
2026-05-15,GMTrade,,,62.0,,,,,0.0,,,,,2.0,,,,,#f79009,,,
2026-05-15,Phoenix,,,41.0,,,,,0.0,,,,,3.0,,,,,#904ea6,,,
2026-05-15,Flash Trade,,,30.0,,,,,0.0,,,,,4.0,,,,,#63b512,,,
2026-05-15,Bullet,,,8.0,,,,,0.0,,,,,5.0,,,,,#f0384a,,,
2026-05-15,Jupiter,,,3.0,,,,,0.0,,,,,6.0,,,,,#00bfa5,,,
2026-05-15,_Pacifica,Pacifica,,,66.0,,,,,0.0,,,,,1.0,,,,,#545cf8,,
2026-05-15,_GMTrade,GMTrade,,,62.0,,,,,0.0,,,,,2.0,,,,,#f79009,,
2026-05-15,_Phoenix,Phoenix,,,41.0,,,,,0.0,,,,,3.0,,,,,#904ea6,,
2026-05-15,_Flash Trade,Flash Trade,,,30.0,,,,,0.0,,,,,4.0,,,,,#63b512,,
2026-05-15,_Bullet,Bullet,,,8.0,,,,,0.0,,,,,5.0,,,,,#f0384a,,
2026-05-15,_Jupiter,Jupiter,,,3.0,,,,,0.0,,,,,6.0,,,,,#00bfa5,,
2026-05-15,Crypto,,,,,69.0,,,,,0.0,,,,,1.0,,,,,#545cf8,
2026-05-15,Commodity,,,,,15.0,,,,,0.0,,,,,3.0,,,,,#904ea6,
2026-05-15,Stock,,,,,13.0,,,,,0.0,,,,,2.0,,,,,#f79009,
2026-05-15,FX,,,,,8.0,,,,,0.0,,,,,4.0,,,,,#63b512,
2026-05-15,Index,,,,,4.0,,,,,0.0,,,,,5.0,,,,,#f0384a,
2026-05-15,_Drift,Drift,,,,,,,,,,,,,,,,,,,,
2026-05-15,Drift,,,,,,,,,,,,,,,,,,,,,
2026-05-14,Total,,109.0,,,,,0.0,,,,,1.0,,,,,#545cf8,,,,
2026-05-14,Pacifica,,,66.0,,,,,0.0,,,,,1.0,,,,,#545cf8,,,
2026-05-14,GMTrade,,,62.0,,,,,0.0,,,,,2.0,,,,,#f79009,,,
2026-05-14,Phoenix,,,41.0,,,,,0.0,,,,,3.0,,,,,#904ea6,,,
2026-05-14,Flash Trade,,,30.0,,,,,0.0,,,,,4.0,,,,,#63b512,,,
2026-05-14,Bullet,,,8.0,,,,,,,,,,5.0,,,,,#f0384a,,,
2026-05-14,Jupiter,,,3.0,,,,,0.0,,,,,6.0,,,,,#00bfa5,,,
2026-05-14,_Pacifica,Pacifica,,,66.0,,,,,0.0,,,,,1.0,,,,,#545cf8,,
2026-05-14,_GMTrade,GMTrade,,,62.0,,,,,0.0,,,,,2.0,,,,,#f79009,,
2026-05-14,_Phoenix,Phoenix,,,41.0,,,,,0.0,,,,,3.0,,,,,#904ea6,,
2026-05-14,_Flash Trade,Flash Trade,,,30.0,,,,,0.0,,,,,4.0,,,,,#63b512,,
2026-05-14,_Bullet,Bullet,,,8.0,,,,,,,,,,5.0,,,,,#f0384a,,
2026-05-14,_Jupiter,Jupiter,,,3.0,,,,,0.0,,,,,6.0,,,,,#00bfa5,,
2026-05-14,Crypto,,,,,69.0,,,,,0.0,,,,,1.0,,,,,#545cf8,
2026-05-14,Commodity,,,,,15.0,,,,,0.0,,,,,3.0,,,,,#904ea6,
2026-05-14,Stock,,,,,13.0,,,,,0.0,,,,,2.0,,,,,#f79009,
2026-05-14,FX,,,,,8.0,,,,,0.0,,,,,4.0,,,,,#63b512,
2026-05-14,Index,,,,,4.0,,,,,0.0,,,,,5.0,,,,,#f0384a,
2026-05-14,Drift,,,,,,,,,,,,,,,,,,,,,
2026-05-14,_Drift,Drift,,,,,,,,,,,,,,,,,,,,
2026-05-13,Total,,109.0,,,,,0.0,,,,,1.0,,,,,#545cf8,,,,
2026-05-13,Pacifica,,,66.0,,,,,0.0,,,,,1.0,,,,,#545cf8,,,
2026-05-13,GMTrade,,,62.0,,,,,0.0,,,,,2.0,,,,,#f79009,,,
2026-05-13,Phoenix,,,41.0,,,,,0.0,,,,,3.0,,,,,#904ea6,,,
2026-05-13,Flash Trade,,,30.0,,,,,0.0,,,,,4.0,,,,,#63b512,,,
2026-05-13,Jupiter,,,3.0,,,,,0.0,,,,,6.0,,,,,#00bfa5,,,
2026-05-13,_Pacifica,Pacifica,,,66.0,,,,,0.0,,,,,1.0,,,,,#545cf8,,
2026-05-13,_GMTrade,GMTrade,,,62.0,,,,,0.0,,,,,2.0,,,,,#f79009,,
2026-05-13,_Phoenix,Phoenix,,,41.0,,,,,0.0,,,,,3.0,,,,,#904ea6,,
2026-05-13,_Flash Trade,Flash Trade,,,30.0,,,,,0.0,,,,,4.0,,,,,#63b512,,
2026-05-13,_Jupiter,Jupiter,,,3.0,,,,,0.0,,,,,6.0,,,,,#00bfa5,,
2026-05-13,Crypto,,,,,69.0,,,,,0.0,,,,,1.0,,,,,#545cf8,
2026-05-13,Commodity,,,,,15.0,,,,,0.0,,,,,3.0,,,,,#904ea6,
2026-05-13,Stock,,,,,13.0,,,,,0.0,,,,,2.0,,,,,#f79009,
2026-05-13,FX,,,,,8.0,,,,,0.0,,,,,4.0,,,,,#63b512,
2026-05-13,Index,,,,,4.0,,,,,0.0,,,,,5.0,,,,,#f0384a,
2026-05-13,_Drift,Drift,,,,,,,,,,,,,,,,,,,,
2026-05-13,Drift,,,,,,,,,,,,,,,,,,,,,
2026-05-12,Total,,109.0,,,,,0.0,,,,,1.0,,,,,#545cf8,,,,
2026-05-12,Pacifica,,,66.0,,,,,1.0,,,,,1.0,,,,,#545cf8,,,
2026-05-12,GMTrade,,,62.0,,,,,0.0,,,,,2.0,,,,,#f79009,,,
2026-05-12,Phoenix,,,41.0,,,,,0.0,,,,,3.0,,,,,#904ea6,,,
2026-05-12,Flash Trade,,,30.0,,,,,-1.0,,,,,4.0,,,,,#63b512,,,
2026-05-12,Jupiter,,,3.0,,,,,0.0,,,,,6.0,,,,,#00bfa5,,,
2026-05-12,_Pacifica,Pacifica,,,66.0,,,,,1.0,,,,,1.0,,,,,#545cf8,,
2026-05-12,_GMTrade,GMTrade,,,62.0,,,,,0.0,,,,,2.0,,,,,#f79009,,
2026-05-12,_Phoenix,Phoenix,,,41.0,,,,,0.0,,,,,3.0,,,,,#904ea6,,
2026-05-12,_Flash Trade,Flash Trade,,,30.0,,,,,-1.0,,,,,4.0,,,,,#63b512,,
2026-05-12,_Jupiter,Jupiter,,,3.0,,,,,0.0,,,,,6.0,,,,,#00bfa5,,
2026-05-12,Crypto,,,,,69.0,,,,,-1.0,,,,,1.0,,,,,#545cf8,
2026-05-12,Commodity,,,,,15.0,,,,,0.0,,,,,3.0,,,,,#904ea6,
2026-05-12,Stock,,,,,13.0,,,,,1.0,,,,,2.0,,,,,#f79009,
2026-05-12,FX,,,,,8.0,,,,,0.0,,,,,4.0,,,,,#63b512,
2026-05-12,Index,,,,,4.0,,,,,0.0,,,,,5.0,,,,,#f0384a,
2026-05-12,_Drift,Drift,,,,,,,,,,,,,,,,,,,,
2026-05-12,Drift,,,,,,,,,,,,,,,,,,,,,
2026-05-11,Total,,109.0,,,,,0.0,,,,,1.0,,,,,#545cf8,,,,
2026-05-11,Pacifica,,,65.0,,,,,0.0,,,,,1.0,,,,,#545cf8,,,
2026-05-11,GMTrade,,,62.0,,,,,0.0,,,,,2.0,,,,,#f79009,,,
2026-05-11,Phoenix,,,41.0,,,,,0.0,,,,,3.0,,,,,#904ea6,,,
2026-05-11,Flash Trade,,,31.0,,,,,0.0,,,,,4.0,,,,,#63b512,,,
2026-05-11,Jupiter,,,3.0,,,,,0.0,,,,,6.0,,,,,#00bfa5,,,
2026-05-11,_Pacifica,Pacifica,,,65.0,,,,,0.0,,,,,1.0,,,,,#545cf8,,
2026-05-11,_GMTrade,GMTrade,,,62.0,,,,,0.0,,,,,2.0,,,,,#f79009,,
2026-05-11,_Phoenix,Phoenix,,,41.0,,,,,0.0,,,,,3.0,,,,,#904ea6,,
2026-05-11,_Flash Trade,Flash Trade,,,31.0,,,,,0.0,,,,,4.0,,,,,#63b512,,
2026-05-11,_Jupiter,Jupiter,,,3.0,,,,,0.0,,,,,6.0,,,,,#00bfa5,,
2026-05-11,Crypto,,,,,70.0,,,,,0.0,,,,,1.0,,,,,#545cf8,
2026-05-11,Commodity,,,,,15.0,,,,,0.0,,,,,3.0,,,,,#904ea6,
2026-05-11,Stock,,,,,12.0,,,,,0.0,,,,,2.0,,,,,#f79009,
2026-05-11,FX,,,,,8.0,,,,,0.0,,,,,4.0,,,,,#63b512,
2026-05-11,Index,,,,,4.0,,,,,0.0,,,,,5.0,,,,,#f0384a,
2026-05-11,Drift,,,,,,,,,,,,,,,,,,,,,
2026-05-11,_Drift,Drift,,,,,,,,,,,,,,,,,,,,
2026-05-10,Total,,109.0,,,,,-1.0,,,,,1.0,,,,,#545cf8,,,,
2026-05-10,Pacifica,,,65.0,,,,,0.0,,,,,1.0,,,,,#545cf8,,,
2026-05-10,GMTrade,,,62.0,,,,,0.0,,,,,2.0,,,,,#f79009,,,
2026-05-10,Phoenix,,,41.0,,,,,0.0,,,,,3.0,,,,,#904ea6,,,
2026-05-10,Flash Trade,,,31.0,,,,,-1.0,,,,,4.0,,,,,#63b512,,,
2026-05-10,Jupiter,,,3.0,,,,,0.0,,,,,6.0,,,,,#00bfa5,,,
2026-05-10,_Pacifica,Pacifica,,,65.0,,,,,0.0,,,,,1.0,,,,,#545cf8,,
2026-05-10,_GMTrade,GMTrade,,,62.0,,,,,0.0,,,,,2.0,,,,,#f79009,,
2026-05-10,_Phoenix,Phoenix,,,41.0,,,,,0.0,,,,,3.0,,,,,#904ea6,,
2026-05-10,_Flash Trade,Flash Trade,,,31.0,,,,,-1.0,,,,,4.0,,,,,#63b512,,
2026-05-10,_Jupiter,Jupiter,,,3.0,,,,,0.0,,,,,6.0,,,,,#00bfa5,,
2026-05-10,Crypto,,,,,70.0,,,,,-1.0,,,,,1.0,,,,,#545cf8,
2026-05-10,Commodity,,,,,15.0,,,,,0.0,,,,,3.0,,,,,#904ea6,
2026-05-10,Stock,,,,,12.0,,,,,0.0,,,,,2.0,,,,,#f79009,
2026-05-10,FX,,,,,8.0,,,,,0.0,,,,,4.0,,,,,#63b512,
2026-05-10,Index,,,,,4.0,,,,,0.0,,,,,5.0,,,,,#f0384a,
2026-05-10,_Drift,Drift,,,,,,,,,,,,,,,,,,,,
2026-05-10,Drift,,,,,,,,,,,,,,,,,,,,,
2026-05-09,Total,,110.0,,,,,0.0,,,,,1.0,,,,,#545cf8,,,,
2026-05-09,Pacifica,,,65.0,,,,,0.0,,,,,1.0,,,,,#545cf8,,,
2026-05-09,GMTrade,,,62.0,,,,,0.0,,,,,2.0,,,,,#f79009,,,
2026-05-09,Phoenix,,,41.0,,,,,0.0,,,,,3.0,,,,,#904ea6,,,
2026-05-09,Flash Trade,,,32.0,,,,,0.0,,,,,4.0,,,,,#63b512,,,
2026-05-09,Jupiter,,,3.0,,,,,0.0,,,,,6.0,,,,,#00bfa5,,,
2026-05-09,_Pacifica,Pacifica,,,65.0,,,,,0.0,,,,,1.0,,,,,#545cf8,,
2026-05-09,_GMTrade,GMTrade,,,62.0,,,,,0.0,,,,,2.0,,,,,#f79009,,
2026-05-09,_Phoenix,Phoenix,,,41.0,,,,,0.0,,,,,3.0,,,,,#904ea6,,
2026-05-09,_Flash Trade,Flash Trade,,,32.0,,,,,0.0,,,,,4.0,,,,,#63b512,,
2026-05-09,_Jupiter,Jupiter,,,3.0,,,,,0.0,,,,,6.0,,,,,#00bfa5,,
2026-05-09,Crypto,,,,,71.0,,,,,0.0,,,,,1.0,,,,,#545cf8,
2026-05-09,Commodity,,,,,15.0,,,,,0.0,,,,,3.0,,,,,#904ea6,
2026-05-09,Stock,,,,,12.0,,,,,0.0,,,,,2.0,,,,,#f79009,
2026-05-09,FX,,,,,8.0,,,,,0.0,,,,,4.0,,,,,#63b512,
2026-05-09,Index,,,,,4.0,,,,,0.0,,,,,5.0,,,,,#f0384a,
2026-05-09,Drift,,,,,,,,,,,,,,,,,,,,,
2026-05-09,_Drift,Drift,,,,,,,,,,,,,,,,,,,,
2026-05-08,Total,,110.0,,,,,0.0,,,,,1.0,,,,,#545cf8,,,,
2026-05-08,Pacifica,,,65.0,,,,,0.0,,,,,1.0,,,,,#545cf8,,,
2026-05-08,GMTrade,,,62.0,,,,,0.0,,,,,2.0,,,,,#f79009,,,
2026-05-08,Phoenix,,,41.0,,,,,0.0,,,,,3.0,,,,,#904ea6,,,
2026-05-08,Flash Trade,,,32.0,,,,,0.0,,,,,4.0,,,,,#63b512,,,
2026-05-08,Jupiter,,,3.0,,,,,0.0,,,,,6.0,,,,,#00bfa5,,,
2026-05-08,_Pacifica,Pacifica,,,65.0,,,,,0.0,,,,,1.0,,,,,#545cf8,,
2026-05-08,_GMTrade,GMTrade,,,62.0,,,,,0.0,,,,,2.0,,,,,#f79009,,
2026-05-08,_Phoenix,Phoenix,,,41.0,,,,,0.0,,,,,3.0,,,,,#904ea6,,
2026-05-08,_Flash Trade,Flash Trade,,,32.0,,,,,0.0,,,,,4.0,,,,,#63b512,,
2026-05-08,_Jupiter,Jupiter,,,3.0,,,,,0.0,,,,,6.0,,,,,#00bfa5,,
2026-05-08,Crypto,,,,,71.0,,,,,0.0,,,,,1.0,,,,,#545cf8,
2026-05-08,Commodity,,,,,15.0,,,,,0.0,,,,,3.0,,,,,#904ea6,
2026-05-08,Stock,,,,,12.0,,,,,0.0,,,,,2.0,,,,,#f79009,
2026-05-08,FX,,,,,8.0,,,,,0.0,,,,,4.0,,,,,#63b512,
2026-05-08,Index,,,,,4.0,,,,,0.0,,,,,5.0,,,,,#f0384a,
2026-05-08,_Drift,Drift,,,,,,,,,,,,,,,,,,,,
2026-05-08,Drift,,,,,,,,,,,,,,,,,,,,,
2026-05-07,Total,,110.0,,,,,0.0,,,,,1.0,,,,,#545cf8,,,,
2026-05-07,Pacifica,,,65.0,,,,,0.0,,,,,1.0,,,,,#545cf8,,,
2026-05-07,GMTrade,,,62.0,,,,,0.0,,,,,2.0,,,,,#f79009,,,
2026-05-07,Phoenix,,,41.0,,,,,0.0,,,,,3.0,,,,,#904ea6,,,
2026-05-07,Flash Trade,,,32.0,,,,,0.0,,,,,4.0,,,,,#63b512,,,
2026-05-07,Jupiter,,,3.0,,,,,0.0,,,,,6.0,,,,,#00bfa5,,,
2026-05-07,_Pacifica,Pacifica,,,65.0,,,,,0.0,,,,,1.0,,,,,#545cf8,,
2026-05-07,_GMTrade,GMTrade,,,62.0,,,,,0.0,,,,,2.0,,,,,#f79009,,
2026-05-07,_Phoenix,Phoenix,,,41.0,,,,,0.0,,,,,3.0,,,,,#904ea6,,
2026-05-07,_Flash Trade,Flash Trade,,,32.0,,,,,0.0,,,,,4.0,,,,,#63b512,,
2026-05-07,_Jupiter,Jupiter,,,3.0,,,,,0.0,,,,,6.0,,,,,#00bfa5,,
2026-05-07,Crypto,,,,,71.0,,,,,0.0,,,,,1.0,,,,,#545cf8,
2026-05-07,Commodity,,,,,15.0,,,,,0.0,,,,,3.0,,,,,#904ea6,
2026-05-07,Stock,,,,,12.0,,,,,0.0,,,,,2.0,,,,,#f79009,
2026-05-07,FX,,,,,8.0,,,,,0.0,,,,,4.0,,,,,#63b512,
2026-05-07,Index,,,,,4.0,,,,,0.0,,,,,5.0,,,,,#f0384a,
2026-05-07,Drift,,,,,,,,,,,,,,,,,,,,,
2026-05-07,_Drift,Drift,,,,,,,,,,,,,,,,,,,,
2026-05-06,Total,,110.0,,,,,0.0,,,,,1.0,,,,,#545cf8,,,,
2026-05-06,Pacifica,,,65.0,,,,,0.0,,,,,1.0,,,,,#545cf8,,,
2026-05-06,GMTrade,,,62.0,,,,,0.0,,,,,2.0,,,,,#f79009,,,
2026-05-06,Phoenix,,,41.0,,,,,0.0,,,,,3.0,,,,,#904ea6,,,
2026-05-06,Flash Trade,,,32.0,,,,,0.0,,,,,4.0,,,,,#63b512,,,
2026-05-06,Jupiter,,,3.0,,,,,0.0,,,,,6.0,,,,,#00bfa5,,,
2026-05-06,_Pacifica,Pacifica,,,65.0,,,,,0.0,,,,,1.0,,,,,#545cf8,,
2026-05-06,_GMTrade,GMTrade,,,62.0,,,,,0.0,,,,,2.0,,,,,#f79009,,
2026-05-06,_Phoenix,Phoenix,,,41.0,,,,,0.0,,,,,3.0,,,,,#904ea6,,
2026-05-06,_Flash Trade,Flash Trade,,,32.0,,,,,0.0,,,,,4.0,,,,,#63b512,,
2026-05-06,_Jupiter,Jupiter,,,3.0,,,,,0.0,,,,,6.0,,,,,#00bfa5,,
2026-05-06,Crypto,,,,,71.0,,,,,0.0,,,,,1.0,,,,,#545cf8,
2026-05-06,Commodity,,,,,15.0,,,,,0.0,,,,,3.0,,,,,#904ea6,
2026-05-06,Stock,,,,,12.0,,,,,0.0,,,,,2.0,,,,,#f79009,
2026-05-06,FX,,,,,8.0,,,,,0.0,,,,,4.0,,,,,#63b512,
2026-05-06,Index,,,,,4.0,,,,,0.0,,,,,5.0,,,,,#f0384a,
2026-05-06,_Drift,Drift,,,,,,,,,,,,,,,,,,,,
2026-05-06,Drift,,,,,,,,,,,,,,,,,,,,,
2026-05-05,Total,,110.0,,,,,0.0,,,,,1.0,,,,,#545cf8,,,,
2026-05-05,Pacifica,,,65.0,,,,,0.0,,,,,1.0,,,,,#545cf8,,,
2026-05-05,GMTrade,,,62.0,,,,,0.0,,,,,2.0,,,,,#f79009,,,
2026-05-05,Phoenix,,,41.0,,,,,0.0,,,,,3.0,,,,,#904ea6,,,
2026-05-05,Flash Trade,,,32.0,,,,,0.0,,,,,4.0,,,,,#63b512,,,
2026-05-05,Jupiter,,,3.0,,,,,0.0,,,,,6.0,,,,,#00bfa5,,,
2026-05-05,_Pacifica,Pacifica,,,65.0,,,,,0.0,,,,,1.0,,,,,#545cf8,,
2026-05-05,_GMTrade,GMTrade,,,62.0,,,,,0.0,,,,,2.0,,,,,#f79009,,
2026-05-05,_Phoenix,Phoenix,,,41.0,,,,,0.0,,,,,3.0,,,,,#904ea6,,
2026-05-05,_Flash Trade,Flash Trade,,,32.0,,,,,0.0,,,,,4.0,,,,,#63b512,,
2026-05-05,_Jupiter,Jupiter,,,3.0,,,,,0.0,,,,,6.0,,,,,#00bfa5,,
2026-05-05,Crypto,,,,,71.0,,,,,0.0,,,,,1.0,,,,,#545cf8,
2026-05-05,Commodity,,,,,15.0,,,,,0.0,,,,,3.0,,,,,#904ea6,
2026-05-05,Stock,,,,,12.0,,,,,0.0,,,,,2.0,,,,,#f79009,
2026-05-05,FX,,,,,8.0,,,,,0.0,,,,,4.0,,,,,#63b512,
2026-05-05,Index,,,,,4.0,,,,,0.0,,,,,5.0,,,,,#f0384a,
2026-05-05,_Drift,Drift,,,,,,,,,,,,,,,,,,,,
2026-05-05,Drift,,,,,,,,,,,,,,,,,,,,,
2026-05-04,Total,,110.0,,,,,0.0,,,,,1.0,,,,,#545cf8,,,,
2026-05-04,Pacifica,,,65.0,,,,,0.0,,,,,1.0,,,,,#545cf8,,,
2026-05-04,GMTrade,,,62.0,,,,,0.0,,,,,2.0,,,,,#f79009,,,
2026-05-04,Phoenix,,,41.0,,,,,0.0,,,,,3.0,,,,,#904ea6,,,
2026-05-04,Flash Trade,,,32.0,,,,,0.0,,,,,4.0,,,,,#63b512,,,
2026-05-04,Jupiter,,,3.0,,,,,0.0,,,,,6.0,,,,,#00bfa5,,,
2026-05-04,_Pacifica,Pacifica,,,65.0,,,,,0.0,,,,,1.0,,,,,#545cf8,,
2026-05-04,_GMTrade,GMTrade,,,62.0,,,,,0.0,,,,,2.0,,,,,#f79009,,
2026-05-04,_Phoenix,Phoenix,,,41.0,,,,,0.0,,,,,3.0,,,,,#904ea6,,
2026-05-04,_Flash Trade,Flash Trade,,,32.0,,,,,0.0,,,,,4.0,,,,,#63b512,,
2026-05-04,_Jupiter,Jupiter,,,3.0,,,,,0.0,,,,,6.0,,,,,#00bfa5,,
2026-05-04,Crypto,,,,,71.0,,,,,0.0,,,,,1.0,,,,,#545cf8,
2026-05-04,Commodity,,,,,15.0,,,,,0.0,,,,,3.0,,,,,#904ea6,
2026-05-04,Stock,,,,,12.0,,,,,0.0,,,,,2.0,,,,,#f79009,
2026-05-04,FX,,,,,8.0,,,,,0.0,,,,,4.0,,,,,#63b512,
2026-05-04,Index,,,,,4.0,,,,,0.0,,,,,5.0,,,,,#f0384a,
2026-05-04,_Drift,Drift,,,,,,,,,,,,,,,,,,,,
2026-05-04,Drift,,,,,,,,,,,,,,,,,,,,,
2026-05-03,Total,,110.0,,,,,0.0,,,,,1.0,,,,,#545cf8,,,,
2026-05-03,Pacifica,,,65.0,,,,,0.0,,,,,1.0,,,,,#545cf8,,,
2026-05-03,GMTrade,,,62.0,,,,,0.0,,,,,2.0,,,,,#f79009,,,
2026-05-03,Phoenix,,,41.0,,,,,0.0,,,,,3.0,,,,,#904ea6,,,
2026-05-03,Flash Trade,,,32.0,,,,,0.0,,,,,4.0,,,,,#63b512,,,
2026-05-03,Jupiter,,,3.0,,,,,0.0,,,,,6.0,,,,,#00bfa5,,,
2026-05-03,_Pacifica,Pacifica,,,65.0,,,,,0.0,,,,,1.0,,,,,#545cf8,,
2026-05-03,_GMTrade,GMTrade,,,62.0,,,,,0.0,,,,,2.0,,,,,#f79009,,
2026-05-03,_Phoenix,Phoenix,,,41.0,,,,,0.0,,,,,3.0,,,,,#904ea6,,
2026-05-03,_Flash Trade,Flash Trade,,,32.0,,,,,0.0,,,,,4.0,,,,,#63b512,,
2026-05-03,_Jupiter,Jupiter,,,3.0,,,,,0.0,,,,,6.0,,,,,#00bfa5,,
2026-05-03,Crypto,,,,,71.0,,,,,0.0,,,,,1.0,,,,,#545cf8,
2026-05-03,Commodity,,,,,15.0,,,,,0.0,,,,,3.0,,,,,#904ea6,
2026-05-03,Stock,,,,,12.0,,,,,0.0,,,,,2.0,,,,,#f79009,
2026-05-03,FX,,,,,8.0,,,,,0.0,,,,,4.0,,,,,#63b512,
2026-05-03,Index,,,,,4.0,,,,,0.0,,,,,5.0,,,,,#f0384a,
2026-05-03,_Drift,Drift,,,,,,,,,,,,,,,,,,,,
2026-05-03,Drift,,,,,,,,,,,,,,,,,,,,,
2026-05-02,Total,,110.0,,,,,0.0,,,,,1.0,,,,,#545cf8,,,,
2026-05-02,Pacifica,,,65.0,,,,,0.0,,,,,1.0,,,,,#545cf8,,,
2026-05-02,GMTrade,,,62.0,,,,,0.0,,,,,2.0,,,,,#f79009,,,
2026-05-02,Phoenix,,,41.0,,,,,0.0,,,,,3.0,,,,,#904ea6,,,
2026-05-02,Flash Trade,,,32.0,,,,,0.0,,,,,4.0,,,,,#63b512,,,
2026-05-02,Jupiter,,,3.0,,,,,0.0,,,,,6.0,,,,,#00bfa5,,,
2026-05-02,_Pacifica,Pacifica,,,65.0,,,,,0.0,,,,,1.0,,,,,#545cf8,,
2026-05-02,_GMTrade,GMTrade,,,62.0,,,,,0.0,,,,,2.0,,,,,#f79009,,
2026-05-02,_Phoenix,Phoenix,,,41.0,,,,,0.0,,,,,3.0,,,,,#904ea6,,
2026-05-02,_Flash Trade,Flash Trade,,,32.0,,,,,0.0,,,,,4.0,,,,,#63b512,,
2026-05-02,_Jupiter,Jupiter,,,3.0,,,,,0.0,,,,,6.0,,,,,#00bfa5,,
2026-05-02,Crypto,,,,,71.0,,,,,0.0,,,,,1.0,,,,,#545cf8,
2026-05-02,Commodity,,,,,15.0,,,,,0.0,,,,,3.0,,,,,#904ea6,
2026-05-02,Stock,,,,,12.0,,,,,0.0,,,,,2.0,,,,,#f79009,
2026-05-02,FX,,,,,8.0,,,,,0.0,,,,,4.0,,,,,#63b512,
2026-05-02,Index,,,,,4.0,,,,,0.0,,,,,5.0,,,,,#f0384a,
2026-05-02,Drift,,,,,,,,,,,,,,,,,,,,,
2026-05-02,_Drift,Drift,,,,,,,,,,,,,,,,,,,,
2026-05-01,Total,,110.0,,,,,0.0,,,,,1.0,,,,,#545cf8,,,,
2026-05-01,Pacifica,,,65.0,,,,,0.0,,,,,1.0,,,,,#545cf8,,,
2026-05-01,GMTrade,,,62.0,,,,,0.0,,,,,2.0,,,,,#f79009,,,
2026-05-01,Phoenix,,,41.0,,,,,0.0,,,,,3.0,,,,,#904ea6,,,
2026-05-01,Flash Trade,,,32.0,,,,,1.0,,,,,4.0,,,,,#63b512,,,
2026-05-01,Jupiter,,,3.0,,,,,0.0,,,,,6.0,,,,,#00bfa5,,,
2026-05-01,_Pacifica,Pacifica,,,65.0,,,,,0.0,,,,,1.0,,,,,#545cf8,,
2026-05-01,_GMTrade,GMTrade,,,62.0,,,,,0.0,,,,,2.0,,,,,#f79009,,
2026-05-01,_Phoenix,Phoenix,,,41.0,,,,,0.0,,,,,3.0,,,,,#904ea6,,
2026-05-01,_Flash Trade,Flash Trade,,,32.0,,,,,1.0,,,,,4.0,,,,,#63b512,,
2026-05-01,_Jupiter,Jupiter,,,3.0,,,,,0.0,,,,,6.0,,,,,#00bfa5,,
2026-05-01,Crypto,,,,,71.0,,,,,0.0,,,,,1.0,,,,,#545cf8,
2026-05-01,Commodity,,,,,15.0,,,,,0.0,,,,,3.0,,,,,#904ea6,
2026-05-01,Stock,,,,,12.0,,,,,0.0,,,,,2.0,,,,,#f79009,
2026-05-01,FX,,,,,8.0,,,,,0.0,,,,,4.0,,,,,#63b512,
2026-05-01,Index,,,,,4.0,,,,,0.0,,,,,5.0,,,,,#f0384a,
2026-05-01,_Drift,Drift,,,,,,,,,,,,,,,,,,,,
2026-05-01,Drift,,,,,,,,,,,,,,,,,,,,,
2026-04-30,Total,,110.0,,,,,0.0,,,,,1.0,,,,,#545cf8,,,,
2026-04-30,Pacifica,,,65.0,,,,,0.0,,,,,1.0,,,,,#545cf8,,,
2026-04-30,GMTrade,,,62.0,,,,,0.0,,,,,2.0,,,,,#f79009,,,
2026-04-30,Phoenix,,,41.0,,,,,0.0,,,,,3.0,,,,,#904ea6,,,
2026-04-30,Flash Trade,,,31.0,,,,,0.0,,,,,4.0,,,,,#63b512,,,
2026-04-30,Jupiter,,,3.0,,,,,0.0,,,,,6.0,,,,,#00bfa5,,,
2026-04-30,_Pacifica,Pacifica,,,65.0,,,,,0.0,,,,,1.0,,,,,#545cf8,,
2026-04-30,_GMTrade,GMTrade,,,62.0,,,,,0.0,,,,,2.0,,,,,#f79009,,
2026-04-30,_Phoenix,Phoenix,,,41.0,,,,,0.0,,,,,3.0,,,,,#904ea6,,
2026-04-30,_Flash Trade,Flash Trade,,,31.0,,,,,0.0,,,,,4.0,,,,,#63b512,,
2026-04-30,_Jupiter,Jupiter,,,3.0,,,,,0.0,,,,,6.0,,,,,#00bfa5,,
2026-04-30,Crypto,,,,,71.0,,,,,0.0,,,,,1.0,,,,,#545cf8,
2026-04-30,Commodity,,,,,15.0,,,,,0.0,,,,,3.0,,,,,#904ea6,
2026-04-30,Stock,,,,,12.0,,,,,0.0,,,,,2.0,,,,,#f79009,
2026-04-30,FX,,,,,8.0,,,,,0.0,,,,,4.0,,,,,#63b512,
2026-04-30,Index,,,,,4.0,,,,,0.0,,,,,5.0,,,,,#f0384a,
2026-04-30,_Drift,Drift,,,,,,,,,,,,,,,,,,,,
2026-04-30,Drift,,,,,,,,,,,,,,,,,,,,,
2026-04-29,Total,,110.0,,,,,0.0,,,,,1.0,,,,,#545cf8,,,,
2026-04-29,Pacifica,,,65.0,,,,,0.0,,,,,1.0,,,,,#545cf8,,,
2026-04-29,GMTrade,,,62.0,,,,,0.0,,,,,2.0,,,,,#f79009,,,
2026-04-29,Phoenix,,,41.0,,,,,0.0,,,,,3.0,,,,,#904ea6,,,
2026-04-29,Flash Trade,,,31.0,,,,,0.0,,,,,4.0,,,,,#63b512,,,
2026-04-29,Jupiter,,,3.0,,,,,0.0,,,,,6.0,,,,,#00bfa5,,,
2026-04-29,_Pacifica,Pacifica,,,65.0,,,,,0.0,,,,,1.0,,,,,#545cf8,,
2026-04-29,_GMTrade,GMTrade,,,62.0,,,,,0.0,,,,,2.0,,,,,#f79009,,
2026-04-29,_Phoenix,Phoenix,,,41.0,,,,,0.0,,,,,3.0,,,,,#904ea6,,
2026-04-29,_Flash Trade,Flash Trade,,,31.0,,,,,0.0,,,,,4.0,,,,,#63b512,,
2026-04-29,_Jupiter,Jupiter,,,3.0,,,,,0.0,,,,,6.0,,,,,#00bfa5,,
2026-04-29,Crypto,,,,,71.0,,,,,0.0,,,,,1.0,,,,,#545cf8,
2026-04-29,Commodity,,,,,15.0,,,,,0.0,,,,,3.0,,,,,#904ea6,
2026-04-29,Stock,,,,,12.0,,,,,0.0,,,,,2.0,,,,,#f79009,
2026-04-29,FX,,,,,8.0,,,,,0.0,,,,,4.0,,,,,#63b512,
2026-04-29,Index,,,,,4.0,,,,,0.0,,,,,5.0,,,,,#f0384a,
2026-04-29,_Drift,Drift,,,,,,,,,,,,,,,,,,,,
2026-04-29,Drift,,,,,,,,,,,,,,,,,,,,,
2026-04-28,Total,,110.0,,,,,0.0,,,,,1.0,,,,,#545cf8,,,,
2026-04-28,Pacifica,,,65.0,,,,,0.0,,,,,1.0,,,,,#545cf8,,,
2026-04-28,GMTrade,,,62.0,,,,,0.0,,,,,2.0,,,,,#f79009,,,
2026-04-28,Phoenix,,,41.0,,,,,0.0,,,,,3.0,,,,,#904ea6,,,
2026-04-28,Flash Trade,,,31.0,,,,,0.0,,,,,4.0,,,,,#63b512,,,
2026-04-28,Jupiter,,,3.0,,,,,0.0,,,,,6.0,,,,,#00bfa5,,,
2026-04-28,_Pacifica,Pacifica,,,65.0,,,,,0.0,,,,,1.0,,,,,#545cf8,,
2026-04-28,_GMTrade,GMTrade,,,62.0,,,,,0.0,,,,,2.0,,,,,#f79009,,
2026-04-28,_Phoenix,Phoenix,,,41.0,,,,,0.0,,,,,3.0,,,,,#904ea6,,
2026-04-28,_Flash Trade,Flash Trade,,,31.0,,,,,0.0,,,,,4.0,,,,,#63b512,,
2026-04-28,_Jupiter,Jupiter,,,3.0,,,,,0.0,,,,,6.0,,,,,#00bfa5,,
2026-04-28,Crypto,,,,,71.0,,,,,0.0,,,,,1.0,,,,,#545cf8,
2026-04-28,Commodity,,,,,15.0,,,,,0.0,,,,,3.0,,,,,#904ea6,
2026-04-28,Stock,,,,,12.0,,,,,0.0,,,,,2.0,,,,,#f79009,
2026-04-28,FX,,,,,8.0,,,,,0.0,,,,,4.0,,,,,#63b512,
2026-04-28,Index,,,,,4.0,,,,,0.0,,,,,5.0,,,,,#f0384a,
2026-04-28,Drift,,,,,,,,,,,,,,,,,,,,,
2026-04-28,_Drift,Drift,,,,,,,,,,,,,,,,,,,,
2026-04-27,Total,,110.0,,,,,0.0,,,,,1.0,,,,,#545cf8,,,,
2026-04-27,Pacifica,,,65.0,,,,,0.0,,,,,1.0,,,,,#545cf8,,,
2026-04-27,GMTrade,,,62.0,,,,,0.0,,,,,2.0,,,,,#f79009,,,
2026-04-27,Phoenix,,,41.0,,,,,0.0,,,,,3.0,,,,,#904ea6,,,
2026-04-27,Flash Trade,,,31.0,,,,,0.0,,,,,4.0,,,,,#63b512,,,
2026-04-27,Jupiter,,,3.0,,,,,0.0,,,,,6.0,,,,,#00bfa5,,,
2026-04-27,_Pacifica,Pacifica,,,65.0,,,,,0.0,,,,,1.0,,,,,#545cf8,,
2026-04-27,_GMTrade,GMTrade,,,62.0,,,,,0.0,,,,,2.0,,,,,#f79009,,
2026-04-27,_Phoenix,Phoenix,,,41.0,,,,,0.0,,,,,3.0,,,,,#904ea6,,
2026-04-27,_Flash Trade,Flash Trade,,,31.0,,,,,0.0,,,,,4.0,,,,,#63b512,,
2026-04-27,_Jupiter,Jupiter,,,3.0,,,,,0.0,,,,,6.0,,,,,#00bfa5,,
2026-04-27,Crypto,,,,,71.0,,,,,0.0,,,,,1.0,,,,,#545cf8,
2026-04-27,Commodity,,,,,15.0,,,,,0.0,,,,,3.0,,,,,#904ea6,
2026-04-27,Stock,,,,,12.0,,,,,0.0,,,,,2.0,,,,,#f79009,
2026-04-27,FX,,,,,8.0,,,,,0.0,,,,,4.0,,,,,#63b512,
2026-04-27,Index,,,,,4.0,,,,,0.0,,,,,5.0,,,,,#f0384a,
2026-04-27,Drift,,,,,,,,,,,,,,,,,,,,,
2026-04-27,_Drift,Drift,,,,,,,,,,,,,,,,,,,,
2026-04-26,Total,,110.0,,,,,0.0,,,,,1.0,,,,,#545cf8,,,,
2026-04-26,Pacifica,,,65.0,,,,,0.0,,,,,1.0,,,,,#545cf8,,,
2026-04-26,GMTrade,,,62.0,,,,,0.0,,,,,2.0,,,,,#f79009,,,
2026-04-26,Phoenix,,,41.0,,,,,0.0,,,,,3.0,,,,,#904ea6,,,
2026-04-26,Flash Trade,,,31.0,,,,,0.0,,,,,4.0,,,,,#63b512,,,
2026-04-26,Jupiter,,,3.0,,,,,0.0,,,,,6.0,,,,,#00bfa5,,,
2026-04-26,_Pacifica,Pacifica,,,65.0,,,,,0.0,,,,,1.0,,,,,#545cf8,,
2026-04-26,_GMTrade,GMTrade,,,62.0,,,,,0.0,,,,,2.0,,,,,#f79009,,
2026-04-26,_Phoenix,Phoenix,,,41.0,,,,,0.0,,,,,3.0,,,,,#904ea6,,
2026-04-26,_Flash Trade,Flash Trade,,,31.0,,,,,0.0,,,,,4.0,,,,,#63b512,,
2026-04-26,_Jupiter,Jupiter,,,3.0,,,,,0.0,,,,,6.0,,,,,#00bfa5,,
2026-04-26,Crypto,,,,,71.0,,,,,0.0,,,,,1.0,,,,,#545cf8,
2026-04-26,Commodity,,,,,15.0,,,,,0.0,,,,,3.0,,,,,#904ea6,
2026-04-26,Stock,,,,,12.0,,,,,0.0,,,,,2.0,,,,,#f79009,
2026-04-26,FX,,,,,8.0,,,,,0.0,,,,,4.0,,,,,#63b512,
2026-04-26,Index,,,,,4.0,,,,,0.0,,,,,5.0,,,,,#f0384a,
2026-04-26,Drift,,,,,,,,,,,,,,,,,,,,,
2026-04-26,_Drift,Drift,,,,,,,,,,,,,,,,,,,,
2026-04-25,Total,,110.0,,,,,0.0,,,,,1.0,,,,,#545cf8,,,,
2026-04-25,Pacifica,,,65.0,,,,,0.0,,,,,1.0,,,,,#545cf8,,,
2026-04-25,GMTrade,,,62.0,,,,,0.0,,,,,2.0,,,,,#f79009,,,
2026-04-25,Phoenix,,,41.0,,,,,0.0,,,,,3.0,,,,,#904ea6,,,
2026-04-25,Flash Trade,,,31.0,,,,,0.0,,,,,4.0,,,,,#63b512,,,
2026-04-25,Jupiter,,,3.0,,,,,0.0,,,,,6.0,,,,,#00bfa5,,,
2026-04-25,_Pacifica,Pacifica,,,65.0,,,,,0.0,,,,,1.0,,,,,#545cf8,,
2026-04-25,_GMTrade,GMTrade,,,62.0,,,,,0.0,,,,,2.0,,,,,#f79009,,
2026-04-25,_Phoenix,Phoenix,,,41.0,,,,,0.0,,,,,3.0,,,,,#904ea6,,
2026-04-25,_Flash Trade,Flash Trade,,,31.0,,,,,0.0,,,,,4.0,,,,,#63b512,,
2026-04-25,_Jupiter,Jupiter,,,3.0,,,,,0.0,,,,,6.0,,,,,#00bfa5,,
2026-04-25,Crypto,,,,,71.0,,,,,0.0,,,,,1.0,,,,,#545cf8,
2026-04-25,Commodity,,,,,15.0,,,,,0.0,,,,,3.0,,,,,#904ea6,
2026-04-25,Stock,,,,,12.0,,,,,0.0,,,,,2.0,,,,,#f79009,
2026-04-25,FX,,,,,8.0,,,,,0.0,,,,,4.0,,,,,#63b512,
2026-04-25,Index,,,,,4.0,,,,,0.0,,,,,5.0,,,,,#f0384a,
2026-04-25,_Drift,Drift,,,,,,,,,,,,,,,,,,,,
2026-04-25,Drift,,,,,,,,,,,,,,,,,,,,,
2026-04-24,Total,,110.0,,,,,0.0,,,,,1.0,,,,,#545cf8,,,,
2026-04-24,Pacifica,,,65.0,,,,,0.0,,,,,1.0,,,,,#545cf8,,,
2026-04-24,GMTrade,,,62.0,,,,,0.0,,,,,2.0,,,,,#f79009,,,
2026-04-24,Phoenix,,,41.0,,,,,0.0,,,,,3.0,,,,,#904ea6,,,
2026-04-24,Flash Trade,,,31.0,,,,,0.0,,,,,4.0,,,,,#63b512,,,
2026-04-24,Jupiter,,,3.0,,,,,0.0,,,,,6.0,,,,,#00bfa5,,,
2026-04-24,_Pacifica,Pacifica,,,65.0,,,,,0.0,,,,,1.0,,,,,#545cf8,,
2026-04-24,_GMTrade,GMTrade,,,62.0,,,,,0.0,,,,,2.0,,,,,#f79009,,
2026-04-24,_Phoenix,Phoenix,,,41.0,,,,,0.0,,,,,3.0,,,,,#904ea6,,
2026-04-24,_Flash Trade,Flash Trade,,,31.0,,,,,0.0,,,,,4.0,,,,,#63b512,,
2026-04-24,_Jupiter,Jupiter,,,3.0,,,,,0.0,,,,,6.0,,,,,#00bfa5,,
2026-04-24,Crypto,,,,,71.0,,,,,0.0,,,,,1.0,,,,,#545cf8,
2026-04-24,Commodity,,,,,15.0,,,,,0.0,,,,,3.0,,,,,#904ea6,
2026-04-24,Stock,,,,,12.0,,,,,0.0,,,,,2.0,,,,,#f79009,
2026-04-24,FX,,,,,8.0,,,,,0.0,,,,,4.0,,,,,#63b512,
2026-04-24,Index,,,,,4.0,,,,,0.0,,,,,5.0,,,,,#f0384a,
2026-04-24,Drift,,,,,,,,,,,,,,,,,,,,,
2026-04-24,_Drift,Drift,,,,,,,,,,,,,,,,,,,,
2026-04-23,Total,,110.0,,,,,3.0,,,,,1.0,,,,,#545cf8,,,,
2026-04-23,Pacifica,,,65.0,,,,,1.0,,,,,1.0,,,,,#545cf8,,,
2026-04-23,GMTrade,,,62.0,,,,,3.0,,,,,2.0,,,,,#f79009,,,
2026-04-23,Phoenix,,,41.0,,,,,0.0,,,,,3.0,,,,,#904ea6,,,
2026-04-23,Flash Trade,,,31.0,,,,,0.0,,,,,4.0,,,,,#63b512,,,
2026-04-23,Jupiter,,,3.0,,,,,0.0,,,,,6.0,,,,,#00bfa5,,,
2026-04-23,_Pacifica,Pacifica,,,65.0,,,,,1.0,,,,,1.0,,,,,#545cf8,,
2026-04-23,_GMTrade,GMTrade,,,62.0,,,,,3.0,,,,,2.0,,,,,#f79009,,
2026-04-23,_Phoenix,Phoenix,,,41.0,,,,,0.0,,,,,3.0,,,,,#904ea6,,
2026-04-23,_Flash Trade,Flash Trade,,,31.0,,,,,0.0,,,,,4.0,,,,,#63b512,,
2026-04-23,_Jupiter,Jupiter,,,3.0,,,,,0.0,,,,,6.0,,,,,#00bfa5,,
2026-04-23,Crypto,,,,,71.0,,,,,0.0,,,,,1.0,,,,,#545cf8,
2026-04-23,Commodity,,,,,15.0,,,,,3.0,,,,,3.0,,,,,#904ea6,
2026-04-23,Stock,,,,,12.0,,,,,0.0,,,,,2.0,,,,,#f79009,
2026-04-23,FX,,,,,8.0,,,,,0.0,,,,,4.0,,,,,#63b512,
2026-04-23,Index,,,,,4.0,,,,,0.0,,,,,5.0,,,,,#f0384a,
2026-04-23,_Drift,Drift,,,,,,,,,,,,,,,,,,,,
2026-04-23,Drift,,,,,,,,,,,,,,,,,,,,,
2026-04-22,Total,,107.0,,,,,0.0,,,,,1.0,,,,,#545cf8,,,,
2026-04-22,Pacifica,,,64.0,,,,,0.0,,,,,1.0,,,,,#545cf8,,,
2026-04-22,GMTrade,,,59.0,,,,,0.0,,,,,2.0,,,,,#f79009,,,
2026-04-22,Phoenix,,,41.0,,,,,0.0,,,,,3.0,,,,,#904ea6,,,
2026-04-22,Flash Trade,,,31.0,,,,,0.0,,,,,4.0,,,,,#63b512,,,
2026-04-22,Jupiter,,,3.0,,,,,0.0,,,,,6.0,,,,,#00bfa5,,,
2026-04-22,_Pacifica,Pacifica,,,64.0,,,,,0.0,,,,,1.0,,,,,#545cf8,,
2026-04-22,_GMTrade,GMTrade,,,59.0,,,,,0.0,,,,,2.0,,,,,#f79009,,
2026-04-22,_Phoenix,Phoenix,,,41.0,,,,,0.0,,,,,3.0,,,,,#904ea6,,
2026-04-22,_Flash Trade,Flash Trade,,,31.0,,,,,0.0,,,,,4.0,,,,,#63b512,,
2026-04-22,_Jupiter,Jupiter,,,3.0,,,,,0.0,,,,,6.0,,,,,#00bfa5,,
2026-04-22,Crypto,,,,,71.0,,,,,0.0,,,,,1.0,,,,,#545cf8,
2026-04-22,Stock,,,,,12.0,,,,,0.0,,,,,2.0,,,,,#f79009,
2026-04-22,Commodity,,,,,12.0,,,,,0.0,,,,,3.0,,,,,#904ea6,
2026-04-22,FX,,,,,8.0,,,,,0.0,,,,,4.0,,,,,#63b512,
2026-04-22,Index,,,,,4.0,,,,,0.0,,,,,5.0,,,,,#f0384a,
2026-04-22,_Drift,Drift,,,,,,,,,,,,,,,,,,,,
2026-04-22,Drift,,,,,,,,,,,,,,,,,,,,,
2026-04-21,Total,,107.0,,,,,0.0,,,,,1.0,,,,,#545cf8,,,,
2026-04-21,Pacifica,,,64.0,,,,,0.0,,,,,1.0,,,,,#545cf8,,,
2026-04-21,GMTrade,,,59.0,,,,,0.0,,,,,2.0,,,,,#f79009,,,
2026-04-21,Phoenix,,,41.0,,,,,0.0,,,,,3.0,,,,,#904ea6,,,
2026-04-21,Flash Trade,,,31.0,,,,,0.0,,,,,4.0,,,,,#63b512,,,
2026-04-21,Jupiter,,,3.0,,,,,0.0,,,,,6.0,,,,,#00bfa5,,,
2026-04-21,_Pacifica,Pacifica,,,64.0,,,,,0.0,,,,,1.0,,,,,#545cf8,,
2026-04-21,_GMTrade,GMTrade,,,59.0,,,,,0.0,,,,,2.0,,,,,#f79009,,
2026-04-21,_Phoenix,Phoenix,,,41.0,,,,,0.0,,,,,3.0,,,,,#904ea6,,
2026-04-21,_Flash Trade,Flash Trade,,,31.0,,,,,0.0,,,,,4.0,,,,,#63b512,,
2026-04-21,_Jupiter,Jupiter,,,3.0,,,,,0.0,,,,,6.0,,,,,#00bfa5,,
2026-04-21,Crypto,,,,,71.0,,,,,0.0,,,,,1.0,,,,,#545cf8,
2026-04-21,Commodity,,,,,12.0,,,,,0.0,,,,,3.0,,,,,#904ea6,
2026-04-21,Stock,,,,,12.0,,,,,0.0,,,,,2.0,,,,,#f79009,
2026-04-21,FX,,,,,8.0,,,,,0.0,,,,,4.0,,,,,#63b512,
2026-04-21,Index,,,,,4.0,,,,,0.0,,,,,5.0,,,,,#f0384a,
2026-04-21,Drift,,,,,,,,,,,,,,,,,,,,,
2026-04-21,_Drift,Drift,,,,,,,,,,,,,,,,,,,,
2026-04-20,Total,,107.0,,,,,1.0,,,,,1.0,,,,,#545cf8,,,,
2026-04-20,Pacifica,,,64.0,,,,,1.0,,,,,1.0,,,,,#545cf8,,,
2026-04-20,GMTrade,,,59.0,,,,,0.0,,,,,2.0,,,,,#f79009,,,
2026-04-20,Phoenix,,,41.0,,,,,0.0,,,,,3.0,,,,,#904ea6,,,
2026-04-20,Flash Trade,,,31.0,,,,,0.0,,,,,4.0,,,,,#63b512,,,
2026-04-20,Jupiter,,,3.0,,,,,0.0,,,,,6.0,,,,,#00bfa5,,,
2026-04-20,_Pacifica,Pacifica,,,64.0,,,,,1.0,,,,,1.0,,,,,#545cf8,,
2026-04-20,_GMTrade,GMTrade,,,59.0,,,,,0.0,,,,,2.0,,,,,#f79009,,
2026-04-20,_Phoenix,Phoenix,,,41.0,,,,,0.0,,,,,3.0,,,,,#904ea6,,
2026-04-20,_Flash Trade,Flash Trade,,,31.0,,,,,0.0,,,,,4.0,,,,,#63b512,,
2026-04-20,_Jupiter,Jupiter,,,3.0,,,,,0.0,,,,,6.0,,,,,#00bfa5,,
2026-04-20,Crypto,,,,,71.0,,,,,1.0,,,,,1.0,,,,,#545cf8,
2026-04-20,Stock,,,,,12.0,,,,,0.0,,,,,2.0,,,,,#f79009,
2026-04-20,Commodity,,,,,12.0,,,,,0.0,,,,,3.0,,,,,#904ea6,
2026-04-20,FX,,,,,8.0,,,,,0.0,,,,,4.0,,,,,#63b512,
2026-04-20,Index,,,,,4.0,,,,,0.0,,,,,5.0,,,,,#f0384a,
2026-04-20,_Drift,Drift,,,,,,,,,,,,,,,,,,,,
2026-04-20,Drift,,,,,,,,,,,,,,,,,,,,,
2026-04-19,Total,,106.0,,,,,0.0,,,,,1.0,,,,,#545cf8,,,,
2026-04-19,Pacifica,,,63.0,,,,,0.0,,,,,1.0,,,,,#545cf8,,,
2026-04-19,GMTrade,,,59.0,,,,,0.0,,,,,2.0,,,,,#f79009,,,
2026-04-19,Phoenix,,,41.0,,,,,0.0,,,,,3.0,,,,,#904ea6,,,
2026-04-19,Flash Trade,,,31.0,,,,,0.0,,,,,4.0,,,,,#63b512,,,
2026-04-19,Jupiter,,,3.0,,,,,0.0,,,,,6.0,,,,,#00bfa5,,,
2026-04-19,_Pacifica,Pacifica,,,63.0,,,,,0.0,,,,,1.0,,,,,#545cf8,,
2026-04-19,_GMTrade,GMTrade,,,59.0,,,,,0.0,,,,,2.0,,,,,#f79009,,
2026-04-19,_Phoenix,Phoenix,,,41.0,,,,,0.0,,,,,3.0,,,,,#904ea6,,
2026-04-19,_Flash Trade,Flash Trade,,,31.0,,,,,0.0,,,,,4.0,,,,,#63b512,,
2026-04-19,_Jupiter,Jupiter,,,3.0,,,,,0.0,,,,,6.0,,,,,#00bfa5,,
2026-04-19,Crypto,,,,,70.0,,,,,0.0,,,,,1.0,,,,,#545cf8,
2026-04-19,Stock,,,,,12.0,,,,,0.0,,,,,2.0,,,,,#f79009,
2026-04-19,Commodity,,,,,12.0,,,,,0.0,,,,,3.0,,,,,#904ea6,
2026-04-19,FX,,,,,8.0,,,,,0.0,,,,,4.0,,,,,#63b512,
2026-04-19,Index,,,,,4.0,,,,,0.0,,,,,5.0,,,,,#f0384a,
2026-04-19,Drift,,,,,,,,,,,,,,,,,,,,,
2026-04-19,_Drift,Drift,,,,,,,,,,,,,,,,,,,,
2026-04-18,Total,,106.0,,,,,0.0,,,,,1.0,,,,,#545cf8,,,,
2026-04-18,Pacifica,,,63.0,,,,,0.0,,,,,1.0,,,,,#545cf8,,,
2026-04-18,GMTrade,,,59.0,,,,,0.0,,,,,2.0,,,,,#f79009,,,
2026-04-18,Phoenix,,,41.0,,,,,0.0,,,,,3.0,,,,,#904ea6,,,
2026-04-18,Flash Trade,,,31.0,,,,,0.0,,,,,4.0,,,,,#63b512,,,
2026-04-18,Jupiter,,,3.0,,,,,0.0,,,,,6.0,,,,,#00bfa5,,,
2026-04-18,_Pacifica,Pacifica,,,63.0,,,,,0.0,,,,,1.0,,,,,#545cf8,,
2026-04-18,_GMTrade,GMTrade,,,59.0,,,,,0.0,,,,,2.0,,,,,#f79009,,
2026-04-18,_Phoenix,Phoenix,,,41.0,,,,,0.0,,,,,3.0,,,,,#904ea6,,
2026-04-18,_Flash Trade,Flash Trade,,,31.0,,,,,0.0,,,,,4.0,,,,,#63b512,,
2026-04-18,_Jupiter,Jupiter,,,3.0,,,,,0.0,,,,,6.0,,,,,#00bfa5,,
2026-04-18,Crypto,,,,,70.0,,,,,0.0,,,,,1.0,,,,,#545cf8,
2026-04-18,Stock,,,,,12.0,,,,,0.0,,,,,2.0,,,,,#f79009,
2026-04-18,Commodity,,,,,12.0,,,,,0.0,,,,,3.0,,,,,#904ea6,
2026-04-18,FX,,,,,8.0,,,,,0.0,,,,,4.0,,,,,#63b512,
2026-04-18,Index,,,,,4.0,,,,,0.0,,,,,5.0,,,,,#f0384a,
2026-04-18,_Drift,Drift,,,,,,,,,,,,,,,,,,,,
2026-04-18,Drift,,,,,,,,,,,,,,,,,,,,,
2026-04-17,Total,,106.0,,,,,0.0,,,,,1.0,,,,,#545cf8,,,,
2026-04-17,Pacifica,,,63.0,,,,,0.0,,,,,1.0,,,,,#545cf8,,,
2026-04-17,GMTrade,,,59.0,,,,,0.0,,,,,2.0,,,,,#f79009,,,
2026-04-17,Phoenix,,,41.0,,,,,0.0,,,,,3.0,,,,,#904ea6,,,
2026-04-17,Flash Trade,,,31.0,,,,,0.0,,,,,4.0,,,,,#63b512,,,
2026-04-17,Jupiter,,,3.0,,,,,0.0,,,,,6.0,,,,,#00bfa5,,,
2026-04-17,_Pacifica,Pacifica,,,63.0,,,,,0.0,,,,,1.0,,,,,#545cf8,,
2026-04-17,_GMTrade,GMTrade,,,59.0,,,,,0.0,,,,,2.0,,,,,#f79009,,
2026-04-17,_Phoenix,Phoenix,,,41.0,,,,,0.0,,,,,3.0,,,,,#904ea6,,
2026-04-17,_Flash Trade,Flash Trade,,,31.0,,,,,0.0,,,,,4.0,,,,,#63b512,,
2026-04-17,_Jupiter,Jupiter,,,3.0,,,,,0.0,,,,,6.0,,,,,#00bfa5,,
2026-04-17,Crypto,,,,,70.0,,,,,0.0,,,,,1.0,,,,,#545cf8,
2026-04-17,Commodity,,,,,12.0,,,,,0.0,,,,,3.0,,,,,#904ea6,
2026-04-17,Stock,,,,,12.0,,,,,0.0,,,,,2.0,,,,,#f79009,
2026-04-17,FX,,,,,8.0,,,,,0.0,,,,,4.0,,,,,#63b512,
2026-04-17,Index,,,,,4.0,,,,,0.0,,,,,5.0,,,,,#f0384a,
2026-04-17,Drift,,,,,,,,,,,,,,,,,,,,,
2026-04-17,_Drift,Drift,,,,,,,,,,,,,,,,,,,,
2026-04-16,Total,,106.0,,,,,1.0,,,,,1.0,,,,,#545cf8,,,,
2026-04-16,Pacifica,,,63.0,,,,,0.0,,,,,1.0,,,,,#545cf8,,,
2026-04-16,GMTrade,,,59.0,,,,,0.0,,,,,2.0,,,,,#f79009,,,
2026-04-16,Phoenix,,,41.0,,,,,1.0,,,,,3.0,,,,,#904ea6,,,
2026-04-16,Flash Trade,,,31.0,,,,,0.0,,,,,4.0,,,,,#63b512,,,
2026-04-16,Jupiter,,,3.0,,,,,0.0,,,,,6.0,,,,,#00bfa5,,,
2026-04-16,_Pacifica,Pacifica,,,63.0,,,,,0.0,,,,,1.0,,,,,#545cf8,,
2026-04-16,_GMTrade,GMTrade,,,59.0,,,,,0.0,,,,,2.0,,,,,#f79009,,
2026-04-16,_Phoenix,Phoenix,,,41.0,,,,,1.0,,,,,3.0,,,,,#904ea6,,
2026-04-16,_Flash Trade,Flash Trade,,,31.0,,,,,0.0,,,,,4.0,,,,,#63b512,,
2026-04-16,_Jupiter,Jupiter,,,3.0,,,,,0.0,,,,,6.0,,,,,#00bfa5,,
2026-04-16,Crypto,,,,,70.0,,,,,1.0,,,,,1.0,,,,,#545cf8,
2026-04-16,Commodity,,,,,12.0,,,,,0.0,,,,,3.0,,,,,#904ea6,
2026-04-16,Stock,,,,,12.0,,,,,0.0,,,,,2.0,,,,,#f79009,
2026-04-16,FX,,,,,8.0,,,,,0.0,,,,,4.0,,,,,#63b512,
2026-04-16,Index,,,,,4.0,,,,,0.0,,,,,5.0,,,,,#f0384a,
2026-04-16,_Drift,Drift,,,,,,,,,,,,,,,,,,,,
2026-04-16,Drift,,,,,,,,,,,,,,,,,,,,,
2026-04-15,Total,,105.0,,,,,0.0,,,,,1.0,,,,,#545cf8,,,,
2026-04-15,Pacifica,,,63.0,,,,,0.0,,,,,1.0,,,,,#545cf8,,,
2026-04-15,GMTrade,,,59.0,,,,,0.0,,,,,2.0,,,,,#f79009,,,
2026-04-15,Phoenix,,,40.0,,,,,0.0,,,,,3.0,,,,,#904ea6,,,
2026-04-15,Flash Trade,,,31.0,,,,,0.0,,,,,4.0,,,,,#63b512,,,
2026-04-15,Jupiter,,,3.0,,,,,0.0,,,,,6.0,,,,,#00bfa5,,,
2026-04-15,_Pacifica,Pacifica,,,63.0,,,,,0.0,,,,,1.0,,,,,#545cf8,,
2026-04-15,_GMTrade,GMTrade,,,59.0,,,,,0.0,,,,,2.0,,,,,#f79009,,
2026-04-15,_Phoenix,Phoenix,,,40.0,,,,,0.0,,,,,3.0,,,,,#904ea6,,
2026-04-15,_Flash Trade,Flash Trade,,,31.0,,,,,0.0,,,,,4.0,,,,,#63b512,,
2026-04-15,_Jupiter,Jupiter,,,3.0,,,,,0.0,,,,,6.0,,,,,#00bfa5,,
2026-04-15,Crypto,,,,,69.0,,,,,0.0,,,,,1.0,,,,,#545cf8,
2026-04-15,Stock,,,,,12.0,,,,,0.0,,,,,2.0,,,,,#f79009,
2026-04-15,Commodity,,,,,12.0,,,,,0.0,,,,,3.0,,,,,#904ea6,
2026-04-15,FX,,,,,8.0,,,,,0.0,,,,,4.0,,,,,#63b512,
2026-04-15,Index,,,,,4.0,,,,,0.0,,,,,5.0,,,,,#f0384a,
2026-04-15,_Drift,Drift,,,,,,,,,,,,,,,,,,,,
2026-04-15,Drift,,,,,,,,,,,,,,,,,,,,,
2026-04-14,Total,,105.0,,,,,0.0,,,,,1.0,,,,,#545cf8,,,,
2026-04-14,Pacifica,,,63.0,,,,,0.0,,,,,1.0,,,,,#545cf8,,,
2026-04-14,GMTrade,,,59.0,,,,,0.0,,,,,2.0,,,,,#f79009,,,
2026-04-14,Phoenix,,,40.0,,,,,0.0,,,,,3.0,,,,,#904ea6,,,
2026-04-14,Flash Trade,,,31.0,,,,,0.0,,,,,4.0,,,,,#63b512,,,
2026-04-14,Jupiter,,,3.0,,,,,0.0,,,,,6.0,,,,,#00bfa5,,,
2026-04-14,_Pacifica,Pacifica,,,63.0,,,,,0.0,,,,,1.0,,,,,#545cf8,,
2026-04-14,_GMTrade,GMTrade,,,59.0,,,,,0.0,,,,,2.0,,,,,#f79009,,
2026-04-14,_Phoenix,Phoenix,,,40.0,,,,,0.0,,,,,3.0,,,,,#904ea6,,
2026-04-14,_Flash Trade,Flash Trade,,,31.0,,,,,0.0,,,,,4.0,,,,,#63b512,,
2026-04-14,_Jupiter,Jupiter,,,3.0,,,,,0.0,,,,,6.0,,,,,#00bfa5,,
2026-04-14,Crypto,,,,,69.0,,,,,0.0,,,,,1.0,,,,,#545cf8,
2026-04-14,Commodity,,,,,12.0,,,,,0.0,,,,,3.0,,,,,#904ea6,
2026-04-14,Stock,,,,,12.0,,,,,0.0,,,,,2.0,,,,,#f79009,
2026-04-14,FX,,,,,8.0,,,,,0.0,,,,,4.0,,,,,#63b512,
2026-04-14,Index,,,,,4.0,,,,,0.0,,,,,5.0,,,,,#f0384a,
2026-04-14,_Drift,Drift,,,,,,,,,,,,,,,,,,,,
2026-04-14,Drift,,,,,,,,,,,,,,,,,,,,,
2026-04-13,Total,,105.0,,,,,0.0,,,,,1.0,,,,,#545cf8,,,,
2026-04-13,Pacifica,,,63.0,,,,,0.0,,,,,1.0,,,,,#545cf8,,,
2026-04-13,GMTrade,,,59.0,,,,,0.0,,,,,2.0,,,,,#f79009,,,
2026-04-13,Phoenix,,,40.0,,,,,0.0,,,,,3.0,,,,,#904ea6,,,
2026-04-13,Flash Trade,,,31.0,,,,,0.0,,,,,4.0,,,,,#63b512,,,
2026-04-13,Jupiter,,,3.0,,,,,0.0,,,,,6.0,,,,,#00bfa5,,,
2026-04-13,_Pacifica,Pacifica,,,63.0,,,,,0.0,,,,,1.0,,,,,#545cf8,,
2026-04-13,_GMTrade,GMTrade,,,59.0,,,,,0.0,,,,,2.0,,,,,#f79009,,
2026-04-13,_Phoenix,Phoenix,,,40.0,,,,,0.0,,,,,3.0,,,,,#904ea6,,
2026-04-13,_Flash Trade,Flash Trade,,,31.0,,,,,0.0,,,,,4.0,,,,,#63b512,,
2026-04-13,_Jupiter,Jupiter,,,3.0,,,,,0.0,,,,,6.0,,,,,#00bfa5,,
2026-04-13,Crypto,,,,,69.0,,,,,0.0,,,,,1.0,,,,,#545cf8,
2026-04-13,Stock,,,,,12.0,,,,,0.0,,,,,2.0,,,,,#f79009,
2026-04-13,Commodity,,,,,12.0,,,,,0.0,,,,,3.0,,,,,#904ea6,
2026-04-13,FX,,,,,8.0,,,,,0.0,,,,,4.0,,,,,#63b512,
2026-04-13,Index,,,,,4.0,,,,,0.0,,,,,5.0,,,,,#f0384a,
2026-04-13,_Drift,Drift,,,,,,,,,,,,,,,,,,,,
2026-04-13,Drift,,,,,,,,,,,,,,,,,,,,,
2026-04-12,Total,,105.0,,,,,0.0,,,,,1.0,,,,,#545cf8,,,,
2026-04-12,Pacifica,,,63.0,,,,,0.0,,,,,1.0,,,,,#545cf8,,,
2026-04-12,GMTrade,,,59.0,,,,,0.0,,,,,2.0,,,,,#f79009,,,
2026-04-12,Phoenix,,,40.0,,,,,0.0,,,,,3.0,,,,,#904ea6,,,
2026-04-12,Flash Trade,,,31.0,,,,,0.0,,,,,4.0,,,,,#63b512,,,
2026-04-12,Jupiter,,,3.0,,,,,0.0,,,,,6.0,,,,,#00bfa5,,,
2026-04-12,_Pacifica,Pacifica,,,63.0,,,,,0.0,,,,,1.0,,,,,#545cf8,,
2026-04-12,_GMTrade,GMTrade,,,59.0,,,,,0.0,,,,,2.0,,,,,#f79009,,
2026-04-12,_Phoenix,Phoenix,,,40.0,,,,,0.0,,,,,3.0,,,,,#904ea6,,
2026-04-12,_Flash Trade,Flash Trade,,,31.0,,,,,0.0,,,,,4.0,,,,,#63b512,,
2026-04-12,_Jupiter,Jupiter,,,3.0,,,,,0.0,,,,,6.0,,,,,#00bfa5,,
2026-04-12,Crypto,,,,,69.0,,,,,0.0,,,,,1.0,,,,,#545cf8,
2026-04-12,Stock,,,,,12.0,,,,,0.0,,,,,2.0,,,,,#f79009,
2026-04-12,Commodity,,,,,12.0,,,,,0.0,,,,,3.0,,,,,#904ea6,
2026-04-12,FX,,,,,8.0,,,,,0.0,,,,,4.0,,,,,#63b512,
2026-04-12,Index,,,,,4.0,,,,,0.0,,,,,5.0,,,,,#f0384a,
2026-04-12,Drift,,,,,,,,,,,,,,,,,,,,,
2026-04-12,_Drift,Drift,,,,,,,,,,,,,,,,,,,,
2026-04-11,Total,,105.0,,,,,0.0,,,,,1.0,,,,,#545cf8,,,,
2026-04-11,Pacifica,,,63.0,,,,,0.0,,,,,1.0,,,,,#545cf8,,,
2026-04-11,GMTrade,,,59.0,,,,,0.0,,,,,2.0,,,,,#f79009,,,
2026-04-11,Phoenix,,,40.0,,,,,0.0,,,,,3.0,,,,,#904ea6,,,
2026-04-11,Flash Trade,,,31.0,,,,,0.0,,,,,4.0,,,,,#63b512,,,
2026-04-11,Jupiter,,,3.0,,,,,0.0,,,,,6.0,,,,,#00bfa5,,,
2026-04-11,_Pacifica,Pacifica,,,63.0,,,,,0.0,,,,,1.0,,,,,#545cf8,,
2026-04-11,_GMTrade,GMTrade,,,59.0,,,,,0.0,,,,,2.0,,,,,#f79009,,
2026-04-11,_Phoenix,Phoenix,,,40.0,,,,,0.0,,,,,3.0,,,,,#904ea6,,
2026-04-11,_Flash Trade,Flash Trade,,,31.0,,,,,0.0,,,,,4.0,,,,,#63b512,,
2026-04-11,_Jupiter,Jupiter,,,3.0,,,,,0.0,,,,,6.0,,,,,#00bfa5,,
2026-04-11,Crypto,,,,,69.0,,,,,0.0,,,,,1.0,,,,,#545cf8,
2026-04-11,Commodity,,,,,12.0,,,,,0.0,,,,,3.0,,,,,#904ea6,
2026-04-11,Stock,,,,,12.0,,,,,0.0,,,,,2.0,,,,,#f79009,
2026-04-11,FX,,,,,8.0,,,,,0.0,,,,,4.0,,,,,#63b512,
2026-04-11,Index,,,,,4.0,,,,,0.0,,,,,5.0,,,,,#f0384a,
2026-04-11,Drift,,,,,,,,,,,,,,,,,,,,,
2026-04-11,_Drift,Drift,,,,,,,,,,,,,,,,,,,,
2026-04-10,Total,,105.0,,,,,1.0,,,,,1.0,,,,,#545cf8,,,,
2026-04-10,Pacifica,,,63.0,,,,,0.0,,,,,1.0,,,,,#545cf8,,,
2026-04-10,GMTrade,,,59.0,,,,,1.0,,,,,2.0,,,,,#f79009,,,
2026-04-10,Phoenix,,,40.0,,,,,0.0,,,,,3.0,,,,,#904ea6,,,
2026-04-10,Flash Trade,,,31.0,,,,,0.0,,,,,4.0,,,,,#63b512,,,
2026-04-10,Jupiter,,,3.0,,,,,0.0,,,,,6.0,,,,,#00bfa5,,,
2026-04-10,_Pacifica,Pacifica,,,63.0,,,,,0.0,,,,,1.0,,,,,#545cf8,,
2026-04-10,_GMTrade,GMTrade,,,59.0,,,,,1.0,,,,,2.0,,,,,#f79009,,
2026-04-10,_Phoenix,Phoenix,,,40.0,,,,,0.0,,,,,3.0,,,,,#904ea6,,
2026-04-10,_Flash Trade,Flash Trade,,,31.0,,,,,0.0,,,,,4.0,,,,,#63b512,,
2026-04-10,_Jupiter,Jupiter,,,3.0,,,,,0.0,,,,,6.0,,,,,#00bfa5,,
2026-04-10,Crypto,,,,,69.0,,,,,0.0,,,,,1.0,,,,,#545cf8,
2026-04-10,Commodity,,,,,12.0,,,,,1.0,,,,,3.0,,,,,#904ea6,
2026-04-10,Stock,,,,,12.0,,,,,0.0,,,,,2.0,,,,,#f79009,
2026-04-10,FX,,,,,8.0,,,,,0.0,,,,,4.0,,,,,#63b512,
2026-04-10,Index,,,,,4.0,,,,,0.0,,,,,5.0,,,,,#f0384a,
2026-04-10,_Drift,Drift,,,,,,,,,,,,,,,,,,,,
2026-04-10,Drift,,,,,,,,,,,,,,,,,,,,,
2026-04-09,Total,,104.0,,,,,0.0,,,,,1.0,,,,,#545cf8,,,,
2026-04-09,Pacifica,,,63.0,,,,,0.0,,,,,1.0,,,,,#545cf8,,,
2026-04-09,GMTrade,,,58.0,,,,,0.0,,,,,2.0,,,,,#f79009,,,
2026-04-09,Phoenix,,,40.0,,,,,0.0,,,,,3.0,,,,,#904ea6,,,
2026-04-09,Flash Trade,,,31.0,,,,,0.0,,,,,4.0,,,,,#63b512,,,
2026-04-09,Jupiter,,,3.0,,,,,0.0,,,,,6.0,,,,,#00bfa5,,,
2026-04-09,_Pacifica,Pacifica,,,63.0,,,,,0.0,,,,,1.0,,,,,#545cf8,,
2026-04-09,_GMTrade,GMTrade,,,58.0,,,,,0.0,,,,,2.0,,,,,#f79009,,
2026-04-09,_Phoenix,Phoenix,,,40.0,,,,,0.0,,,,,3.0,,,,,#904ea6,,
2026-04-09,_Flash Trade,Flash Trade,,,31.0,,,,,0.0,,,,,4.0,,,,,#63b512,,
2026-04-09,_Jupiter,Jupiter,,,3.0,,,,,0.0,,,,,6.0,,,,,#00bfa5,,
2026-04-09,Crypto,,,,,69.0,,,,,0.0,,,,,1.0,,,,,#545cf8,
2026-04-09,Stock,,,,,12.0,,,,,0.0,,,,,2.0,,,,,#f79009,
2026-04-09,Commodity,,,,,11.0,,,,,0.0,,,,,3.0,,,,,#904ea6,
2026-04-09,FX,,,,,8.0,,,,,0.0,,,,,4.0,,,,,#63b512,
2026-04-09,Index,,,,,4.0,,,,,0.0,,,,,5.0,,,,,#f0384a,
2026-04-09,_Drift,Drift,,,,,,,,,,,,,,,,,,,,
2026-04-09,Drift,,,,,,,,,,,,,,,,,,,,,
2026-04-08,Total,,104.0,,,,,0.0,,,,,1.0,,,,,#545cf8,,,,
2026-04-08,Pacifica,,,63.0,,,,,0.0,,,,,1.0,,,,,#545cf8,,,
2026-04-08,GMTrade,,,58.0,,,,,0.0,,,,,2.0,,,,,#f79009,,,
2026-04-08,Phoenix,,,40.0,,,,,0.0,,,,,3.0,,,,,#904ea6,,,
2026-04-08,Flash Trade,,,31.0,,,,,0.0,,,,,4.0,,,,,#63b512,,,
2026-04-08,Jupiter,,,3.0,,,,,0.0,,,,,6.0,,,,,#00bfa5,,,
2026-04-08,_Pacifica,Pacifica,,,63.0,,,,,0.0,,,,,1.0,,,,,#545cf8,,
2026-04-08,_GMTrade,GMTrade,,,58.0,,,,,0.0,,,,,2.0,,,,,#f79009,,
2026-04-08,_Phoenix,Phoenix,,,40.0,,,,,0.0,,,,,3.0,,,,,#904ea6,,
2026-04-08,_Flash Trade,Flash Trade,,,31.0,,,,,0.0,,,,,4.0,,,,,#63b512,,
2026-04-08,_Jupiter,Jupiter,,,3.0,,,,,0.0,,,,,6.0,,,,,#00bfa5,,
2026-04-08,Crypto,,,,,69.0,,,,,0.0,,,,,1.0,,,,,#545cf8,
2026-04-08,Stock,,,,,12.0,,,,,0.0,,,,,2.0,,,,,#f79009,
2026-04-08,Commodity,,,,,11.0,,,,,0.0,,,,,3.0,,,,,#904ea6,
2026-04-08,FX,,,,,8.0,,,,,0.0,,,,,4.0,,,,,#63b512,
2026-04-08,Index,,,,,4.0,,,,,0.0,,,,,5.0,,,,,#f0384a,
2026-04-08,Drift,,,,,,,,,,,,,,,,,,,,,
2026-04-08,_Drift,Drift,,,,,,,,,,,,,,,,,,,,
2026-04-07,Total,,104.0,,,,,0.0,,,,,1.0,,,,,#545cf8,,,,
2026-04-07,Pacifica,,,63.0,,,,,0.0,,,,,1.0,,,,,#545cf8,,,
2026-04-07,GMTrade,,,58.0,,,,,0.0,,,,,2.0,,,,,#f79009,,,
2026-04-07,Phoenix,,,40.0,,,,,0.0,,,,,3.0,,,,,#904ea6,,,
2026-04-07,Flash Trade,,,31.0,,,,,0.0,,,,,4.0,,,,,#63b512,,,
2026-04-07,Jupiter,,,3.0,,,,,0.0,,,,,6.0,,,,,#00bfa5,,,
2026-04-07,_Pacifica,Pacifica,,,63.0,,,,,0.0,,,,,1.0,,,,,#545cf8,,
2026-04-07,_GMTrade,GMTrade,,,58.0,,,,,0.0,,,,,2.0,,,,,#f79009,,
2026-04-07,_Phoenix,Phoenix,,,40.0,,,,,0.0,,,,,3.0,,,,,#904ea6,,
2026-04-07,_Flash Trade,Flash Trade,,,31.0,,,,,0.0,,,,,4.0,,,,,#63b512,,
2026-04-07,_Jupiter,Jupiter,,,3.0,,,,,0.0,,,,,6.0,,,,,#00bfa5,,
2026-04-07,Crypto,,,,,69.0,,,,,0.0,,,,,1.0,,,,,#545cf8,
2026-04-07,Stock,,,,,12.0,,,,,0.0,,,,,2.0,,,,,#f79009,
2026-04-07,Commodity,,,,,11.0,,,,,0.0,,,,,3.0,,,,,#904ea6,
2026-04-07,FX,,,,,8.0,,,,,0.0,,,,,4.0,,,,,#63b512,
2026-04-07,Index,,,,,4.0,,,,,0.0,,,,,5.0,,,,,#f0384a,
2026-04-07,Drift,,,,,,,,,,,,,,,,,,,,,
2026-04-07,_Drift,Drift,,,,,,,,,,,,,,,,,,,,
2026-04-06,Total,,104.0,,,,,0.0,,,,,1.0,,,,,#545cf8,,,,
2026-04-06,Pacifica,,,63.0,,,,,0.0,,,,,1.0,,,,,#545cf8,,,
2026-04-06,GMTrade,,,58.0,,,,,0.0,,,,,2.0,,,,,#f79009,,,
2026-04-06,Phoenix,,,40.0,,,,,0.0,,,,,3.0,,,,,#904ea6,,,
2026-04-06,Flash Trade,,,31.0,,,,,0.0,,,,,4.0,,,,,#63b512,,,
2026-04-06,Jupiter,,,3.0,,,,,0.0,,,,,6.0,,,,,#00bfa5,,,
2026-04-06,_Pacifica,Pacifica,,,63.0,,,,,0.0,,,,,1.0,,,,,#545cf8,,
2026-04-06,_GMTrade,GMTrade,,,58.0,,,,,0.0,,,,,2.0,,,,,#f79009,,
2026-04-06,_Phoenix,Phoenix,,,40.0,,,,,0.0,,,,,3.0,,,,,#904ea6,,
2026-04-06,_Flash Trade,Flash Trade,,,31.0,,,,,0.0,,,,,4.0,,,,,#63b512,,
2026-04-06,_Jupiter,Jupiter,,,3.0,,,,,0.0,,,,,6.0,,,,,#00bfa5,,
2026-04-06,Crypto,,,,,69.0,,,,,0.0,,,,,1.0,,,,,#545cf8,
2026-04-06,Stock,,,,,12.0,,,,,0.0,,,,,2.0,,,,,#f79009,
2026-04-06,Commodity,,,,,11.0,,,,,0.0,,,,,3.0,,,,,#904ea6,
2026-04-06,FX,,,,,8.0,,,,,0.0,,,,,4.0,,,,,#63b512,
2026-04-06,Index,,,,,4.0,,,,,0.0,,,,,5.0,,,,,#f0384a,
2026-04-06,_Drift,Drift,,,,,,,,,,,,,,,,,,,,
2026-04-06,Drift,,,,,,,,,,,,,,,,,,,,,
2026-04-05,Total,,104.0,,,,,0.0,,,,,1.0,,,,,#545cf8,,,,
2026-04-05,Pacifica,,,63.0,,,,,0.0,,,,,1.0,,,,,#545cf8,,,
2026-04-05,GMTrade,,,58.0,,,,,0.0,,,,,2.0,,,,,#f79009,,,
2026-04-05,Phoenix,,,40.0,,,,,0.0,,,,,3.0,,,,,#904ea6,,,
2026-04-05,Flash Trade,,,31.0,,,,,0.0,,,,,4.0,,,,,#63b512,,,
2026-04-05,Jupiter,,,3.0,,,,,0.0,,,,,6.0,,,,,#00bfa5,,,
2026-04-05,_Pacifica,Pacifica,,,63.0,,,,,0.0,,,,,1.0,,,,,#545cf8,,
2026-04-05,_GMTrade,GMTrade,,,58.0,,,,,0.0,,,,,2.0,,,,,#f79009,,
2026-04-05,_Phoenix,Phoenix,,,40.0,,,,,0.0,,,,,3.0,,,,,#904ea6,,
2026-04-05,_Flash Trade,Flash Trade,,,31.0,,,,,0.0,,,,,4.0,,,,,#63b512,,
2026-04-05,_Jupiter,Jupiter,,,3.0,,,,,0.0,,,,,6.0,,,,,#00bfa5,,
2026-04-05,Crypto,,,,,69.0,,,,,0.0,,,,,1.0,,,,,#545cf8,
2026-04-05,Stock,,,,,12.0,,,,,0.0,,,,,2.0,,,,,#f79009,
2026-04-05,Commodity,,,,,11.0,,,,,0.0,,,,,3.0,,,,,#904ea6,
2026-04-05,FX,,,,,8.0,,,,,0.0,,,,,4.0,,,,,#63b512,
2026-04-05,Index,,,,,4.0,,,,,0.0,,,,,5.0,,,,,#f0384a,
2026-04-05,_Drift,Drift,,,,,,,,,,,,,,,,,,,,
2026-04-05,Drift,,,,,,,,,,,,,,,,,,,,,
2026-04-04,Total,,104.0,,,,,0.0,,,,,1.0,,,,,#545cf8,,,,
2026-04-04,Pacifica,,,63.0,,,,,0.0,,,,,1.0,,,,,#545cf8,,,
2026-04-04,GMTrade,,,58.0,,,,,0.0,,,,,2.0,,,,,#f79009,,,
2026-04-04,Phoenix,,,40.0,,,,,0.0,,,,,3.0,,,,,#904ea6,,,
2026-04-04,Flash Trade,,,31.0,,,,,0.0,,,,,4.0,,,,,#63b512,,,
2026-04-04,Jupiter,,,3.0,,,,,0.0,,,,,6.0,,,,,#00bfa5,,,
2026-04-04,_Pacifica,Pacifica,,,63.0,,,,,0.0,,,,,1.0,,,,,#545cf8,,
2026-04-04,_GMTrade,GMTrade,,,58.0,,,,,0.0,,,,,2.0,,,,,#f79009,,
2026-04-04,_Phoenix,Phoenix,,,40.0,,,,,0.0,,,,,3.0,,,,,#904ea6,,
2026-04-04,_Flash Trade,Flash Trade,,,31.0,,,,,0.0,,,,,4.0,,,,,#63b512,,
2026-04-04,_Jupiter,Jupiter,,,3.0,,,,,0.0,,,,,6.0,,,,,#00bfa5,,
2026-04-04,Crypto,,,,,69.0,,,,,0.0,,,,,1.0,,,,,#545cf8,
2026-04-04,Stock,,,,,12.0,,,,,0.0,,,,,2.0,,,,,#f79009,
2026-04-04,Commodity,,,,,11.0,,,,,0.0,,,,,3.0,,,,,#904ea6,
2026-04-04,FX,,,,,8.0,,,,,0.0,,,,,4.0,,,,,#63b512,
2026-04-04,Index,,,,,4.0,,,,,0.0,,,,,5.0,,,,,#f0384a,
2026-04-04,_Drift,Drift,,,,,,,,,,,,,,,,,,,,
2026-04-04,Drift,,,,,,,,,,,,,,,,,,,,,
2026-04-03,Total,,104.0,,,,,0.0,,,,,1.0,,,,,#545cf8,,,,
2026-04-03,Pacifica,,,63.0,,,,,0.0,,,,,1.0,,,,,#545cf8,,,
2026-04-03,GMTrade,,,58.0,,,,,0.0,,,,,2.0,,,,,#f79009,,,
2026-04-03,Phoenix,,,40.0,,,,,0.0,,,,,3.0,,,,,#904ea6,,,
2026-04-03,Flash Trade,,,31.0,,,,,0.0,,,,,4.0,,,,,#63b512,,,
2026-04-03,Jupiter,,,3.0,,,,,0.0,,,,,6.0,,,,,#00bfa5,,,
2026-04-03,_Pacifica,Pacifica,,,63.0,,,,,0.0,,,,,1.0,,,,,#545cf8,,
2026-04-03,_GMTrade,GMTrade,,,58.0,,,,,0.0,,,,,2.0,,,,,#f79009,,
2026-04-03,_Phoenix,Phoenix,,,40.0,,,,,0.0,,,,,3.0,,,,,#904ea6,,
2026-04-03,_Flash Trade,Flash Trade,,,31.0,,,,,0.0,,,,,4.0,,,,,#63b512,,
2026-04-03,_Jupiter,Jupiter,,,3.0,,,,,0.0,,,,,6.0,,,,,#00bfa5,,
2026-04-03,Crypto,,,,,69.0,,,,,0.0,,,,,1.0,,,,,#545cf8,
2026-04-03,Stock,,,,,12.0,,,,,0.0,,,,,2.0,,,,,#f79009,
2026-04-03,Commodity,,,,,11.0,,,,,0.0,,,,,3.0,,,,,#904ea6,
2026-04-03,FX,,,,,8.0,,,,,0.0,,,,,4.0,,,,,#63b512,
2026-04-03,Index,,,,,4.0,,,,,0.0,,,,,5.0,,,,,#f0384a,
2026-04-03,_Drift,Drift,,,,,,,,,,,,,,,,,,,,
2026-04-03,Drift,,,,,,,,,,,,,,,,,,,,,
2026-04-02,Total,,104.0,,,,,-15.0,,,,,1.0,,,,,#545cf8,,,,
2026-04-02,Pacifica,,,63.0,,,,,0.0,,,,,1.0,,,,,#545cf8,,,
2026-04-02,GMTrade,,,58.0,,,,,0.0,,,,,2.0,,,,,#f79009,,,
2026-04-02,Phoenix,,,40.0,,,,,0.0,,,,,3.0,,,,,#904ea6,,,
2026-04-02,Flash Trade,,,31.0,,,,,0.0,,,,,4.0,,,,,#63b512,,,
2026-04-02,Jupiter,,,3.0,,,,,0.0,,,,,6.0,,,,,#00bfa5,,,
2026-04-02,_Pacifica,Pacifica,,,63.0,,,,,0.0,,,,,1.0,,,,,#545cf8,,
2026-04-02,_GMTrade,GMTrade,,,58.0,,,,,0.0,,,,,2.0,,,,,#f79009,,
2026-04-02,_Phoenix,Phoenix,,,40.0,,,,,0.0,,,,,3.0,,,,,#904ea6,,
2026-04-02,_Flash Trade,Flash Trade,,,31.0,,,,,0.0,,,,,4.0,,,,,#63b512,,
2026-04-02,_Jupiter,Jupiter,,,3.0,,,,,0.0,,,,,6.0,,,,,#00bfa5,,
2026-04-02,Crypto,,,,,69.0,,,,,-15.0,,,,,1.0,,,,,#545cf8,
2026-04-02,Stock,,,,,12.0,,,,,0.0,,,,,2.0,,,,,#f79009,
2026-04-02,Commodity,,,,,11.0,,,,,0.0,,,,,3.0,,,,,#904ea6,
2026-04-02,FX,,,,,8.0,,,,,0.0,,,,,4.0,,,,,#63b512,
2026-04-02,Index,,,,,4.0,,,,,0.0,,,,,5.0,,,,,#f0384a,
2026-04-02,Drift,,,,,,,,,,,,,,,,,,,,,
2026-04-02,_Drift,Drift,,,,,,,,,,,,,,,,,,,,
2026-04-01,Total,,119.0,,,,,-1.0,,,,,1.0,,,,,#545cf8,,,,
2026-04-01,Pacifica,,,63.0,,,,,0.0,,,,,1.0,,,,,#545cf8,,,
2026-04-01,GMTrade,,,58.0,,,,,0.0,,,,,2.0,,,,,#f79009,,,
2026-04-01,Drift,,,47.0,,,,,-1.0,,,,,,,,,,,,,
2026-04-01,Phoenix,,,40.0,,,,,0.0,,,,,3.0,,,,,#904ea6,,,
2026-04-01,Flash Trade,,,31.0,,,,,0.0,,,,,4.0,,,,,#63b512,,,
2026-04-01,Jupiter,,,3.0,,,,,0.0,,,,,6.0,,,,,#00bfa5,,,
2026-04-01,_Pacifica,Pacifica,,,63.0,,,,,0.0,,,,,1.0,,,,,#545cf8,,
2026-04-01,_GMTrade,GMTrade,,,58.0,,,,,0.0,,,,,2.0,,,,,#f79009,,
2026-04-01,_Drift,Drift,,,47.0,,,,,-1.0,,,,,,,,,,,,
2026-04-01,_Phoenix,Phoenix,,,40.0,,,,,0.0,,,,,3.0,,,,,#904ea6,,
2026-04-01,_Flash Trade,Flash Trade,,,31.0,,,,,0.0,,,,,4.0,,,,,#63b512,,
2026-04-01,_Jupiter,Jupiter,,,3.0,,,,,0.0,,,,,6.0,,,,,#00bfa5,,
2026-04-01,Crypto,,,,,84.0,,,,,-1.0,,,,,1.0,,,,,#545cf8,
2026-04-01,Stock,,,,,12.0,,,,,0.0,,,,,2.0,,,,,#f79009,
2026-04-01,Commodity,,,,,11.0,,,,,0.0,,,,,3.0,,,,,#904ea6,
2026-04-01,FX,,,,,8.0,,,,,0.0,,,,,4.0,,,,,#63b512,
2026-04-01,Index,,,,,4.0,,,,,0.0,,,,,5.0,,,,,#f0384a,
2026-03-31,Total,,120.0,,,,,1.0,,,,,1.0,,,,,#545cf8,,,,
2026-03-31,Pacifica,,,63.0,,,,,0.0,,,,,1.0,,,,,#545cf8,,,
2026-03-31,GMTrade,,,58.0,,,,,0.0,,,,,2.0,,,,,#f79009,,,
2026-03-31,Drift,,,48.0,,,,,0.0,,,,,,,,,,,,,
2026-03-31,Phoenix,,,40.0,,,,,1.0,,,,,3.0,,,,,#904ea6,,,
2026-03-31,Flash Trade,,,31.0,,,,,0.0,,,,,4.0,,,,,#63b512,,,
2026-03-31,Jupiter,,,3.0,,,,,0.0,,,,,6.0,,,,,#00bfa5,,,
2026-03-31,_Pacifica,Pacifica,,,63.0,,,,,0.0,,,,,1.0,,,,,#545cf8,,
2026-03-31,_GMTrade,GMTrade,,,58.0,,,,,0.0,,,,,2.0,,,,,#f79009,,
2026-03-31,_Drift,Drift,,,48.0,,,,,0.0,,,,,,,,,,,,
2026-03-31,_Phoenix,Phoenix,,,40.0,,,,,1.0,,,,,3.0,,,,,#904ea6,,
2026-03-31,_Flash Trade,Flash Trade,,,31.0,,,,,0.0,,,,,4.0,,,,,#63b512,,
2026-03-31,_Jupiter,Jupiter,,,3.0,,,,,0.0,,,,,6.0,,,,,#00bfa5,,
2026-03-31,Crypto,,,,,85.0,,,,,0.0,,,,,1.0,,,,,#545cf8,
2026-03-31,Stock,,,,,12.0,,,,,0.0,,,,,2.0,,,,,#f79009,
2026-03-31,Commodity,,,,,11.0,,,,,1.0,,,,,3.0,,,,,#904ea6,
2026-03-31,FX,,,,,8.0,,,,,0.0,,,,,4.0,,,,,#63b512,
2026-03-31,Index,,,,,4.0,,,,,0.0,,,,,5.0,,,,,#f0384a,
2026-03-30,Total,,119.0,,,,,0.0,,,,,1.0,,,,,#545cf8,,,,
2026-03-30,Pacifica,,,63.0,,,,,0.0,,,,,1.0,,,,,#545cf8,,,
2026-03-30,GMTrade,,,58.0,,,,,0.0,,,,,2.0,,,,,#f79009,,,
2026-03-30,Drift,,,48.0,,,,,0.0,,,,,,,,,,,,,
2026-03-30,Phoenix,,,39.0,,,,,0.0,,,,,3.0,,,,,#904ea6,,,
2026-03-30,Flash Trade,,,31.0,,,,,0.0,,,,,4.0,,,,,#63b512,,,
2026-03-30,Jupiter,,,3.0,,,,,0.0,,,,,6.0,,,,,#00bfa5,,,
2026-03-30,_Pacifica,Pacifica,,,63.0,,,,,0.0,,,,,1.0,,,,,#545cf8,,
2026-03-30,_GMTrade,GMTrade,,,58.0,,,,,0.0,,,,,2.0,,,,,#f79009,,
2026-03-30,_Drift,Drift,,,48.0,,,,,0.0,,,,,,,,,,,,
2026-03-30,_Phoenix,Phoenix,,,39.0,,,,,0.0,,,,,3.0,,,,,#904ea6,,
2026-03-30,_Flash Trade,Flash Trade,,,31.0,,,,,0.0,,,,,4.0,,,,,#63b512,,
2026-03-30,_Jupiter,Jupiter,,,3.0,,,,,0.0,,,,,6.0,,,,,#00bfa5,,
2026-03-30,Crypto,,,,,85.0,,,,,0.0,,,,,1.0,,,,,#545cf8,
2026-03-30,Stock,,,,,12.0,,,,,0.0,,,,,2.0,,,,,#f79009,
2026-03-30,Commodity,,,,,10.0,,,,,0.0,,,,,3.0,,,,,#904ea6,
2026-03-30,FX,,,,,8.0,,,,,0.0,,,,,4.0,,,,,#63b512,
2026-03-30,Index,,,,,4.0,,,,,0.0,,,,,5.0,,,,,#f0384a,
2026-03-29,Total,,119.0,,,,,0.0,,,,,1.0,,,,,#545cf8,,,,
2026-03-29,Pacifica,,,63.0,,,,,0.0,,,,,1.0,,,,,#545cf8,,,
2026-03-29,GMTrade,,,58.0,,,,,0.0,,,,,2.0,,,,,#f79009,,,
2026-03-29,Drift,,,48.0,,,,,0.0,,,,,,,,,,,,,
2026-03-29,Phoenix,,,39.0,,,,,0.0,,,,,3.0,,,,,#904ea6,,,
2026-03-29,Flash Trade,,,31.0,,,,,0.0,,,,,4.0,,,,,#63b512,,,
2026-03-29,Jupiter,,,3.0,,,,,0.0,,,,,6.0,,,,,#00bfa5,,,
2026-03-29,_Pacifica,Pacifica,,,63.0,,,,,0.0,,,,,1.0,,,,,#545cf8,,
2026-03-29,_GMTrade,GMTrade,,,58.0,,,,,0.0,,,,,2.0,,,,,#f79009,,
2026-03-29,_Drift,Drift,,,48.0,,,,,0.0,,,,,,,,,,,,
2026-03-29,_Phoenix,Phoenix,,,39.0,,,,,0.0,,,,,3.0,,,,,#904ea6,,
2026-03-29,_Flash Trade,Flash Trade,,,31.0,,,,,0.0,,,,,4.0,,,,,#63b512,,
2026-03-29,_Jupiter,Jupiter,,,3.0,,,,,0.0,,,,,6.0,,,,,#00bfa5,,
2026-03-29,Crypto,,,,,85.0,,,,,0.0,,,,,1.0,,,,,#545cf8,
2026-03-29,Stock,,,,,12.0,,,,,0.0,,,,,2.0,,,,,#f79009,
2026-03-29,Commodity,,,,,10.0,,,,,0.0,,,,,3.0,,,,,#904ea6,
2026-03-29,FX,,,,,8.0,,,,,0.0,,,,,4.0,,,,,#63b512,
2026-03-29,Index,,,,,4.0,,,,,0.0,,,,,5.0,,,,,#f0384a,
2026-03-28,Total,,119.0,,,,,0.0,,,,,1.0,,,,,#545cf8,,,,
2026-03-28,Pacifica,,,63.0,,,,,0.0,,,,,1.0,,,,,#545cf8,,,
2026-03-28,GMTrade,,,58.0,,,,,0.0,,,,,2.0,,,,,#f79009,,,
2026-03-28,Drift,,,48.0,,,,,0.0,,,,,,,,,,,,,
2026-03-28,Phoenix,,,39.0,,,,,0.0,,,,,3.0,,,,,#904ea6,,,
2026-03-28,Flash Trade,,,31.0,,,,,0.0,,,,,4.0,,,,,#63b512,,,
2026-03-28,Jupiter,,,3.0,,,,,0.0,,,,,6.0,,,,,#00bfa5,,,
2026-03-28,_Pacifica,Pacifica,,,63.0,,,,,0.0,,,,,1.0,,,,,#545cf8,,
2026-03-28,_GMTrade,GMTrade,,,58.0,,,,,0.0,,,,,2.0,,,,,#f79009,,
2026-03-28,_Drift,Drift,,,48.0,,,,,0.0,,,,,,,,,,,,
2026-03-28,_Phoenix,Phoenix,,,39.0,,,,,0.0,,,,,3.0,,,,,#904ea6,,
2026-03-28,_Flash Trade,Flash Trade,,,31.0,,,,,0.0,,,,,4.0,,,,,#63b512,,
2026-03-28,_Jupiter,Jupiter,,,3.0,,,,,0.0,,,,,6.0,,,,,#00bfa5,,
2026-03-28,Crypto,,,,,85.0,,,,,0.0,,,,,1.0,,,,,#545cf8,
2026-03-28,Stock,,,,,12.0,,,,,0.0,,,,,2.0,,,,,#f79009,
2026-03-28,Commodity,,,,,10.0,,,,,0.0,,,,,3.0,,,,,#904ea6,
2026-03-28,FX,,,,,8.0,,,,,0.0,,,,,4.0,,,,,#63b512,
2026-03-28,Index,,,,,4.0,,,,,0.0,,,,,5.0,,,,,#f0384a,
2026-03-27,Total,,119.0,,,,,0.0,,,,,1.0,,,,,#545cf8,,,,
2026-03-27,Pacifica,,,63.0,,,,,0.0,,,,,1.0,,,,,#545cf8,,,
2026-03-27,GMTrade,,,58.0,,,,,0.0,,,,,2.0,,,,,#f79009,,,
2026-03-27,Drift,,,48.0,,,,,0.0,,,,,,,,,,,,,
2026-03-27,Phoenix,,,39.0,,,,,0.0,,,,,3.0,,,,,#904ea6,,,
2026-03-27,Flash Trade,,,31.0,,,,,0.0,,,,,4.0,,,,,#63b512,,,
2026-03-27,Jupiter,,,3.0,,,,,0.0,,,,,6.0,,,,,#00bfa5,,,
2026-03-27,_Pacifica,Pacifica,,,63.0,,,,,0.0,,,,,1.0,,,,,#545cf8,,
2026-03-27,_GMTrade,GMTrade,,,58.0,,,,,0.0,,,,,2.0,,,,,#f79009,,
2026-03-27,_Drift,Drift,,,48.0,,,,,0.0,,,,,,,,,,,,
2026-03-27,_Phoenix,Phoenix,,,39.0,,,,,0.0,,,,,3.0,,,,,#904ea6,,
2026-03-27,_Flash Trade,Flash Trade,,,31.0,,,,,0.0,,,,,4.0,,,,,#63b512,,
2026-03-27,_Jupiter,Jupiter,,,3.0,,,,,0.0,,,,,6.0,,,,,#00bfa5,,
2026-03-27,Crypto,,,,,85.0,,,,,0.0,,,,,1.0,,,,,#545cf8,
2026-03-27,Stock,,,,,12.0,,,,,0.0,,,,,2.0,,,,,#f79009,
2026-03-27,Commodity,,,,,10.0,,,,,0.0,,,,,3.0,,,,,#904ea6,
2026-03-27,FX,,,,,8.0,,,,,0.0,,,,,4.0,,,,,#63b512,
2026-03-27,Index,,,,,4.0,,,,,0.0,,,,,5.0,,,,,#f0384a,
2026-03-26,Total,,119.0,,,,,0.0,,,,,1.0,,,,,#545cf8,,,,
2026-03-26,Pacifica,,,63.0,,,,,0.0,,,,,1.0,,,,,#545cf8,,,
2026-03-26,GMTrade,,,58.0,,,,,0.0,,,,,2.0,,,,,#f79009,,,
2026-03-26,Drift,,,48.0,,,,,1.0,,,,,,,,,,,,,
2026-03-26,Phoenix,,,39.0,,,,,0.0,,,,,3.0,,,,,#904ea6,,,
2026-03-26,Flash Trade,,,31.0,,,,,0.0,,,,,4.0,,,,,#63b512,,,
2026-03-26,Jupiter,,,3.0,,,,,0.0,,,,,6.0,,,,,#00bfa5,,,
2026-03-26,_Pacifica,Pacifica,,,63.0,,,,,0.0,,,,,1.0,,,,,#545cf8,,
2026-03-26,_GMTrade,GMTrade,,,58.0,,,,,0.0,,,,,2.0,,,,,#f79009,,
2026-03-26,_Drift,Drift,,,48.0,,,,,1.0,,,,,,,,,,,,
2026-03-26,_Phoenix,Phoenix,,,39.0,,,,,0.0,,,,,3.0,,,,,#904ea6,,
2026-03-26,_Flash Trade,Flash Trade,,,31.0,,,,,0.0,,,,,4.0,,,,,#63b512,,
2026-03-26,_Jupiter,Jupiter,,,3.0,,,,,0.0,,,,,6.0,,,,,#00bfa5,,
2026-03-26,Crypto,,,,,85.0,,,,,0.0,,,,,1.0,,,,,#545cf8,
2026-03-26,Stock,,,,,12.0,,,,,0.0,,,,,2.0,,,,,#f79009,
2026-03-26,Commodity,,,,,10.0,,,,,0.0,,,,,3.0,,,,,#904ea6,
2026-03-26,FX,,,,,8.0,,,,,0.0,,,,,4.0,,,,,#63b512,
2026-03-26,Index,,,,,4.0,,,,,0.0,,,,,5.0,,,,,#f0384a,
2026-03-25,Total,,119.0,,,,,0.0,,,,,1.0,,,,,#545cf8,,,,
2026-03-25,Pacifica,,,63.0,,,,,0.0,,,,,1.0,,,,,#545cf8,,,
2026-03-25,GMTrade,,,58.0,,,,,0.0,,,,,2.0,,,,,#f79009,,,
2026-03-25,Drift,,,47.0,,,,,0.0,,,,,,,,,,,,,
2026-03-25,Phoenix,,,39.0,,,,,0.0,,,,,3.0,,,,,#904ea6,,,
2026-03-25,Flash Trade,,,31.0,,,,,1.0,,,,,4.0,,,,,#63b512,,,
2026-03-25,Jupiter,,,3.0,,,,,0.0,,,,,6.0,,,,,#00bfa5,,,
2026-03-25,_Pacifica,Pacifica,,,63.0,,,,,0.0,,,,,1.0,,,,,#545cf8,,
2026-03-25,_GMTrade,GMTrade,,,58.0,,,,,0.0,,,,,2.0,,,,,#f79009,,
2026-03-25,_Drift,Drift,,,47.0,,,,,0.0,,,,,,,,,,,,
2026-03-25,_Phoenix,Phoenix,,,39.0,,,,,0.0,,,,,3.0,,,,,#904ea6,,
2026-03-25,_Flash Trade,Flash Trade,,,31.0,,,,,1.0,,,,,4.0,,,,,#63b512,,
2026-03-25,_Jupiter,Jupiter,,,3.0,,,,,0.0,,,,,6.0,,,,,#00bfa5,,
2026-03-25,Crypto,,,,,85.0,,,,,0.0,,,,,1.0,,,,,#545cf8,
2026-03-25,Stock,,,,,12.0,,,,,0.0,,,,,2.0,,,,,#f79009,
2026-03-25,Commodity,,,,,10.0,,,,,0.0,,,,,3.0,,,,,#904ea6,
2026-03-25,FX,,,,,8.0,,,,,0.0,,,,,4.0,,,,,#63b512,
2026-03-25,Index,,,,,4.0,,,,,0.0,,,,,5.0,,,,,#f0384a,
2026-03-24,Total,,119.0,,,,,0.0,,,,,1.0,,,,,#545cf8,,,,
2026-03-24,Pacifica,,,63.0,,,,,0.0,,,,,1.0,,,,,#545cf8,,,
2026-03-24,GMTrade,,,58.0,,,,,0.0,,,,,2.0,,,,,#f79009,,,
2026-03-24,Drift,,,47.0,,,,,0.0,,,,,,,,,,,,,
2026-03-24,Phoenix,,,39.0,,,,,0.0,,,,,3.0,,,,,#904ea6,,,
2026-03-24,Flash Trade,,,30.0,,,,,0.0,,,,,4.0,,,,,#63b512,,,
2026-03-24,Jupiter,,,3.0,,,,,0.0,,,,,6.0,,,,,#00bfa5,,,
2026-03-24,_Pacifica,Pacifica,,,63.0,,,,,0.0,,,,,1.0,,,,,#545cf8,,
2026-03-24,_GMTrade,GMTrade,,,58.0,,,,,0.0,,,,,2.0,,,,,#f79009,,
2026-03-24,_Drift,Drift,,,47.0,,,,,0.0,,,,,,,,,,,,
2026-03-24,_Phoenix,Phoenix,,,39.0,,,,,0.0,,,,,3.0,,,,,#904ea6,,
2026-03-24,_Flash Trade,Flash Trade,,,30.0,,,,,0.0,,,,,4.0,,,,,#63b512,,
2026-03-24,_Jupiter,Jupiter,,,3.0,,,,,0.0,,,,,6.0,,,,,#00bfa5,,
2026-03-24,Crypto,,,,,85.0,,,,,0.0,,,,,1.0,,,,,#545cf8,
2026-03-24,Stock,,,,,12.0,,,,,0.0,,,,,2.0,,,,,#f79009,
2026-03-24,Commodity,,,,,10.0,,,,,0.0,,,,,3.0,,,,,#904ea6,
2026-03-24,FX,,,,,8.0,,,,,0.0,,,,,4.0,,,,,#63b512,
2026-03-24,Index,,,,,4.0,,,,,0.0,,,,,5.0,,,,,#f0384a,
2026-03-23,Total,,119.0,,,,,0.0,,,,,1.0,,,,,#545cf8,,,,
2026-03-23,Pacifica,,,63.0,,,,,0.0,,,,,1.0,,,,,#545cf8,,,
2026-03-23,GMTrade,,,58.0,,,,,0.0,,,,,2.0,,,,,#f79009,,,
2026-03-23,Drift,,,47.0,,,,,0.0,,,,,,,,,,,,,
2026-03-23,Phoenix,,,39.0,,,,,0.0,,,,,3.0,,,,,#904ea6,,,
2026-03-23,Flash Trade,,,30.0,,,,,0.0,,,,,4.0,,,,,#63b512,,,
2026-03-23,Jupiter,,,3.0,,,,,0.0,,,,,6.0,,,,,#00bfa5,,,
2026-03-23,_Pacifica,Pacifica,,,63.0,,,,,0.0,,,,,1.0,,,,,#545cf8,,
2026-03-23,_GMTrade,GMTrade,,,58.0,,,,,0.0,,,,,2.0,,,,,#f79009,,
2026-03-23,_Drift,Drift,,,47.0,,,,,0.0,,,,,,,,,,,,
2026-03-23,_Phoenix,Phoenix,,,39.0,,,,,0.0,,,,,3.0,,,,,#904ea6,,
2026-03-23,_Flash Trade,Flash Trade,,,30.0,,,,,0.0,,,,,4.0,,,,,#63b512,,
2026-03-23,_Jupiter,Jupiter,,,3.0,,,,,0.0,,,,,6.0,,,,,#00bfa5,,
2026-03-23,Crypto,,,,,85.0,,,,,0.0,,,,,1.0,,,,,#545cf8,
2026-03-23,Stock,,,,,12.0,,,,,0.0,,,,,2.0,,,,,#f79009,
2026-03-23,Commodity,,,,,10.0,,,,,0.0,,,,,3.0,,,,,#904ea6,
2026-03-23,FX,,,,,8.0,,,,,0.0,,,,,4.0,,,,,#63b512,
2026-03-23,Index,,,,,4.0,,,,,0.0,,,,,5.0,,,,,#f0384a,
2026-03-22,Total,,119.0,,,,,0.0,,,,,1.0,,,,,#545cf8,,,,
2026-03-22,Pacifica,,,63.0,,,,,0.0,,,,,1.0,,,,,#545cf8,,,
2026-03-22,GMTrade,,,58.0,,,,,0.0,,,,,2.0,,,,,#f79009,,,
2026-03-22,Drift,,,47.0,,,,,0.0,,,,,,,,,,,,,
2026-03-22,Phoenix,,,39.0,,,,,0.0,,,,,3.0,,,,,#904ea6,,,
2026-03-22,Flash Trade,,,30.0,,,,,0.0,,,,,4.0,,,,,#63b512,,,
2026-03-22,Jupiter,,,3.0,,,,,0.0,,,,,6.0,,,,,#00bfa5,,,
2026-03-22,_Pacifica,Pacifica,,,63.0,,,,,0.0,,,,,1.0,,,,,#545cf8,,
2026-03-22,_GMTrade,GMTrade,,,58.0,,,,,0.0,,,,,2.0,,,,,#f79009,,
2026-03-22,_Drift,Drift,,,47.0,,,,,0.0,,,,,,,,,,,,
2026-03-22,_Phoenix,Phoenix,,,39.0,,,,,0.0,,,,,3.0,,,,,#904ea6,,
2026-03-22,_Flash Trade,Flash Trade,,,30.0,,,,,0.0,,,,,4.0,,,,,#63b512,,
2026-03-22,_Jupiter,Jupiter,,,3.0,,,,,0.0,,,,,6.0,,,,,#00bfa5,,
2026-03-22,Crypto,,,,,85.0,,,,,0.0,,,,,1.0,,,,,#545cf8,
2026-03-22,Stock,,,,,12.0,,,,,0.0,,,,,2.0,,,,,#f79009,
2026-03-22,Commodity,,,,,10.0,,,,,0.0,,,,,3.0,,,,,#904ea6,
2026-03-22,FX,,,,,8.0,,,,,0.0,,,,,4.0,,,,,#63b512,
2026-03-22,Index,,,,,4.0,,,,,0.0,,,,,5.0,,,,,#f0384a,
2026-03-21,Total,,119.0,,,,,-2.0,,,,,1.0,,,,,#545cf8,,,,
2026-03-21,Pacifica,,,63.0,,,,,0.0,,,,,1.0,,,,,#545cf8,,,
2026-03-21,GMTrade,,,58.0,,,,,0.0,,,,,2.0,,,,,#f79009,,,
2026-03-21,Drift,,,47.0,,,,,-2.0,,,,,,,,,,,,,
2026-03-21,Phoenix,,,39.0,,,,,0.0,,,,,3.0,,,,,#904ea6,,,
2026-03-21,Flash Trade,,,30.0,,,,,0.0,,,,,4.0,,,,,#63b512,,,
2026-03-21,Jupiter,,,3.0,,,,,0.0,,,,,6.0,,,,,#00bfa5,,,
2026-03-21,_Pacifica,Pacifica,,,63.0,,,,,0.0,,,,,1.0,,,,,#545cf8,,
2026-03-21,_GMTrade,GMTrade,,,58.0,,,,,0.0,,,,,2.0,,,,,#f79009,,
2026-03-21,_Drift,Drift,,,47.0,,,,,-2.0,,,,,,,,,,,,
2026-03-21,_Phoenix,Phoenix,,,39.0,,,,,0.0,,,,,3.0,,,,,#904ea6,,
2026-03-21,_Flash Trade,Flash Trade,,,30.0,,,,,0.0,,,,,4.0,,,,,#63b512,,
2026-03-21,_Jupiter,Jupiter,,,3.0,,,,,0.0,,,,,6.0,,,,,#00bfa5,,
2026-03-21,Crypto,,,,,85.0,,,,,-2.0,,,,,1.0,,,,,#545cf8,
2026-03-21,Stock,,,,,12.0,,,,,0.0,,,,,2.0,,,,,#f79009,
2026-03-21,Commodity,,,,,10.0,,,,,0.0,,,,,3.0,,,,,#904ea6,
2026-03-21,FX,,,,,8.0,,,,,0.0,,,,,4.0,,,,,#63b512,
2026-03-21,Index,,,,,4.0,,,,,0.0,,,,,5.0,,,,,#f0384a,
2026-03-20,Total,,121.0,,,,,-4.0,,,,,1.0,,,,,#545cf8,,,,
2026-03-20,Pacifica,,,63.0,,,,,0.0,,,,,1.0,,,,,#545cf8,,,
2026-03-20,GMTrade,,,58.0,,,,,0.0,,,,,2.0,,,,,#f79009,,,
2026-03-20,Drift,,,49.0,,,,,-4.0,,,,,,,,,,,,,
2026-03-20,Phoenix,,,39.0,,,,,0.0,,,,,3.0,,,,,#904ea6,,,
2026-03-20,Flash Trade,,,30.0,,,,,0.0,,,,,4.0,,,,,#63b512,,,
2026-03-20,Jupiter,,,3.0,,,,,0.0,,,,,6.0,,,,,#00bfa5,,,
2026-03-20,_Pacifica,Pacifica,,,63.0,,,,,0.0,,,,,1.0,,,,,#545cf8,,
2026-03-20,_GMTrade,GMTrade,,,58.0,,,,,0.0,,,,,2.0,,,,,#f79009,,
2026-03-20,_Drift,Drift,,,49.0,,,,,-4.0,,,,,,,,,,,,
2026-03-20,_Phoenix,Phoenix,,,39.0,,,,,0.0,,,,,3.0,,,,,#904ea6,,
2026-03-20,_Flash Trade,Flash Trade,,,30.0,,,,,0.0,,,,,4.0,,,,,#63b512,,
2026-03-20,_Jupiter,Jupiter,,,3.0,,,,,0.0,,,,,6.0,,,,,#00bfa5,,
2026-03-20,Crypto,,,,,87.0,,,,,-4.0,,,,,1.0,,,,,#545cf8,
2026-03-20,Stock,,,,,12.0,,,,,0.0,,,,,2.0,,,,,#f79009,
2026-03-20,Commodity,,,,,10.0,,,,,0.0,,,,,3.0,,,,,#904ea6,
2026-03-20,FX,,,,,8.0,,,,,0.0,,,,,4.0,,,,,#63b512,
2026-03-20,Index,,,,,4.0,,,,,0.0,,,,,5.0,,,,,#f0384a,
2026-03-19,Total,,125.0,,,,,3.0,,,,,1.0,,,,,#545cf8,,,,
2026-03-19,Pacifica,,,63.0,,,,,3.0,,,,,1.0,,,,,#545cf8,,,
2026-03-19,GMTrade,,,58.0,,,,,0.0,,,,,2.0,,,,,#f79009,,,
2026-03-19,Drift,,,53.0,,,,,0.0,,,,,,,,,,,,,
2026-03-19,Phoenix,,,39.0,,,,,0.0,,,,,3.0,,,,,#904ea6,,,
2026-03-19,Flash Trade,,,30.0,,,,,0.0,,,,,4.0,,,,,#63b512,,,
2026-03-19,Jupiter,,,3.0,,,,,0.0,,,,,6.0,,,,,#00bfa5,,,
2026-03-19,_Pacifica,Pacifica,,,63.0,,,,,3.0,,,,,1.0,,,,,#545cf8,,
2026-03-19,_GMTrade,GMTrade,,,58.0,,,,,0.0,,,,,2.0,,,,,#f79009,,
2026-03-19,_Drift,Drift,,,53.0,,,,,0.0,,,,,,,,,,,,
2026-03-19,_Phoenix,Phoenix,,,39.0,,,,,0.0,,,,,3.0,,,,,#904ea6,,
2026-03-19,_Flash Trade,Flash Trade,,,30.0,,,,,0.0,,,,,4.0,,,,,#63b512,,
2026-03-19,_Jupiter,Jupiter,,,3.0,,,,,0.0,,,,,6.0,,,,,#00bfa5,,
2026-03-19,Crypto,,,,,91.0,,,,,0.0,,,,,1.0,,,,,#545cf8,
2026-03-19,Stock,,,,,12.0,,,,,1.0,,,,,2.0,,,,,#f79009,
2026-03-19,Commodity,,,,,10.0,,,,,1.0,,,,,3.0,,,,,#904ea6,
2026-03-19,FX,,,,,8.0,,,,,0.0,,,,,4.0,,,,,#63b512,
2026-03-19,Index,,,,,4.0,,,,,1.0,,,,,5.0,,,,,#f0384a,
2026-03-18,Total,,122.0,,,,,1.0,,,,,1.0,,,,,#545cf8,,,,
2026-03-18,Pacifica,,,60.0,,,,,0.0,,,,,1.0,,,,,#545cf8,,,
2026-03-18,GMTrade,,,58.0,,,,,0.0,,,,,2.0,,,,,#f79009,,,
2026-03-18,Drift,,,53.0,,,,,0.0,,,,,,,,,,,,,
2026-03-18,Phoenix,,,39.0,,,,,0.0,,,,,3.0,,,,,#904ea6,,,
2026-03-18,Flash Trade,,,30.0,,,,,6.0,,,,,4.0,,,,,#63b512,,,
2026-03-18,Jupiter,,,3.0,,,,,0.0,,,,,6.0,,,,,#00bfa5,,,
2026-03-18,_Pacifica,Pacifica,,,60.0,,,,,0.0,,,,,1.0,,,,,#545cf8,,
2026-03-18,_GMTrade,GMTrade,,,58.0,,,,,0.0,,,,,2.0,,,,,#f79009,,
2026-03-18,_Drift,Drift,,,53.0,,,,,0.0,,,,,,,,,,,,
2026-03-18,_Phoenix,Phoenix,,,39.0,,,,,0.0,,,,,3.0,,,,,#904ea6,,
2026-03-18,_Flash Trade,Flash Trade,,,30.0,,,,,6.0,,,,,4.0,,,,,#63b512,,
2026-03-18,_Jupiter,Jupiter,,,3.0,,,,,0.0,,,,,6.0,,,,,#00bfa5,,
2026-03-18,Crypto,,,,,91.0,,,,,0.0,,,,,1.0,,,,,#545cf8,
2026-03-18,Stock,,,,,11.0,,,,,1.0,,,,,2.0,,,,,#f79009,
2026-03-18,Commodity,,,,,9.0,,,,,0.0,,,,,3.0,,,,,#904ea6,
2026-03-18,FX,,,,,8.0,,,,,0.0,,,,,4.0,,,,,#63b512,
2026-03-18,Index,,,,,3.0,,,,,0.0,,,,,5.0,,,,,#f0384a,
2026-03-17,Total,,121.0,,,,,0.0,,,,,1.0,,,,,#545cf8,,,,
2026-03-17,Pacifica,,,60.0,,,,,0.0,,,,,1.0,,,,,#545cf8,,,
2026-03-17,GMTrade,,,58.0,,,,,0.0,,,,,2.0,,,,,#f79009,,,
2026-03-17,Drift,,,53.0,,,,,0.0,,,,,,,,,,,,,
2026-03-17,Phoenix,,,39.0,,,,,0.0,,,,,3.0,,,,,#904ea6,,,
2026-03-17,Flash Trade,,,24.0,,,,,0.0,,,,,4.0,,,,,#63b512,,,
2026-03-17,Jupiter,,,3.0,,,,,0.0,,,,,6.0,,,,,#00bfa5,,,
2026-03-17,_Pacifica,Pacifica,,,60.0,,,,,0.0,,,,,1.0,,,,,#545cf8,,
2026-03-17,_GMTrade,GMTrade,,,58.0,,,,,0.0,,,,,2.0,,,,,#f79009,,
2026-03-17,_Drift,Drift,,,53.0,,,,,0.0,,,,,,,,,,,,
2026-03-17,_Phoenix,Phoenix,,,39.0,,,,,0.0,,,,,3.0,,,,,#904ea6,,
2026-03-17,_Flash Trade,Flash Trade,,,24.0,,,,,0.0,,,,,4.0,,,,,#63b512,,
2026-03-17,_Jupiter,Jupiter,,,3.0,,,,,0.0,,,,,6.0,,,,,#00bfa5,,
2026-03-17,Crypto,,,,,91.0,,,,,0.0,,,,,1.0,,,,,#545cf8,
2026-03-17,Stock,,,,,10.0,,,,,0.0,,,,,2.0,,,,,#f79009,
2026-03-17,Commodity,,,,,9.0,,,,,0.0,,,,,3.0,,,,,#904ea6,
2026-03-17,FX,,,,,8.0,,,,,0.0,,,,,4.0,,,,,#63b512,
2026-03-17,Index,,,,,3.0,,,,,0.0,,,,,5.0,,,,,#f0384a,
2026-03-16,Total,,121.0,,,,,0.0,,,,,1.0,,,,,#545cf8,,,,
2026-03-16,Pacifica,,,60.0,,,,,0.0,,,,,1.0,,,,,#545cf8,,,
2026-03-16,GMTrade,,,58.0,,,,,0.0,,,,,2.0,,,,,#f79009,,,
2026-03-16,Drift,,,53.0,,,,,0.0,,,,,,,,,,,,,
2026-03-16,Phoenix,,,39.0,,,,,0.0,,,,,3.0,,,,,#904ea6,,,
2026-03-16,Flash Trade,,,24.0,,,,,0.0,,,,,4.0,,,,,#63b512,,,
2026-03-16,Jupiter,,,3.0,,,,,0.0,,,,,6.0,,,,,#00bfa5,,,
2026-03-16,_Pacifica,Pacifica,,,60.0,,,,,0.0,,,,,1.0,,,,,#545cf8,,
2026-03-16,_GMTrade,GMTrade,,,58.0,,,,,0.0,,,,,2.0,,,,,#f79009,,
2026-03-16,_Drift,Drift,,,53.0,,,,,0.0,,,,,,,,,,,,
2026-03-16,_Phoenix,Phoenix,,,39.0,,,,,0.0,,,,,3.0,,,,,#904ea6,,
2026-03-16,_Flash Trade,Flash Trade,,,24.0,,,,,0.0,,,,,4.0,,,,,#63b512,,
2026-03-16,_Jupiter,Jupiter,,,3.0,,,,,0.0,,,,,6.0,,,,,#00bfa5,,
2026-03-16,Crypto,,,,,91.0,,,,,0.0,,,,,1.0,,,,,#545cf8,
2026-03-16,Stock,,,,,10.0,,,,,0.0,,,,,2.0,,,,,#f79009,
2026-03-16,Commodity,,,,,9.0,,,,,0.0,,,,,3.0,,,,,#904ea6,
2026-03-16,FX,,,,,8.0,,,,,0.0,,,,,4.0,,,,,#63b512,
2026-03-16,Index,,,,,3.0,,,,,0.0,,,,,5.0,,,,,#f0384a,
2026-03-15,Total,,121.0,,,,,0.0,,,,,1.0,,,,,#545cf8,,,,
2026-03-15,Pacifica,,,60.0,,,,,0.0,,,,,1.0,,,,,#545cf8,,,
2026-03-15,GMTrade,,,58.0,,,,,0.0,,,,,2.0,,,,,#f79009,,,
2026-03-15,Drift,,,53.0,,,,,0.0,,,,,,,,,,,,,
2026-03-15,Phoenix,,,39.0,,,,,0.0,,,,,3.0,,,,,#904ea6,,,
2026-03-15,Flash Trade,,,24.0,,,,,0.0,,,,,4.0,,,,,#63b512,,,
2026-03-15,Jupiter,,,3.0,,,,,0.0,,,,,6.0,,,,,#00bfa5,,,
2026-03-15,_Pacifica,Pacifica,,,60.0,,,,,0.0,,,,,1.0,,,,,#545cf8,,
2026-03-15,_GMTrade,GMTrade,,,58.0,,,,,0.0,,,,,2.0,,,,,#f79009,,
2026-03-15,_Drift,Drift,,,53.0,,,,,0.0,,,,,,,,,,,,
2026-03-15,_Phoenix,Phoenix,,,39.0,,,,,0.0,,,,,3.0,,,,,#904ea6,,
2026-03-15,_Flash Trade,Flash Trade,,,24.0,,,,,0.0,,,,,4.0,,,,,#63b512,,
2026-03-15,_Jupiter,Jupiter,,,3.0,,,,,0.0,,,,,6.0,,,,,#00bfa5,,
2026-03-15,Crypto,,,,,91.0,,,,,0.0,,,,,1.0,,,,,#545cf8,
2026-03-15,Stock,,,,,10.0,,,,,0.0,,,,,2.0,,,,,#f79009,
2026-03-15,Commodity,,,,,9.0,,,,,0.0,,,,,3.0,,,,,#904ea6,
2026-03-15,FX,,,,,8.0,,,,,0.0,,,,,4.0,,,,,#63b512,
2026-03-15,Index,,,,,3.0,,,,,0.0,,,,,5.0,,,,,#f0384a,
2026-03-14,Total,,121.0,,,,,0.0,,,,,1.0,,,,,#545cf8,,,,
2026-03-14,Pacifica,,,60.0,,,,,0.0,,,,,1.0,,,,,#545cf8,,,
2026-03-14,GMTrade,,,58.0,,,,,0.0,,,,,2.0,,,,,#f79009,,,
2026-03-14,Drift,,,53.0,,,,,0.0,,,,,,,,,,,,,
2026-03-14,Phoenix,,,39.0,,,,,0.0,,,,,3.0,,,,,#904ea6,,,
2026-03-14,Flash Trade,,,24.0,,,,,0.0,,,,,4.0,,,,,#63b512,,,
2026-03-14,Jupiter,,,3.0,,,,,0.0,,,,,6.0,,,,,#00bfa5,,,
2026-03-14,_Pacifica,Pacifica,,,60.0,,,,,0.0,,,,,1.0,,,,,#545cf8,,
2026-03-14,_GMTrade,GMTrade,,,58.0,,,,,0.0,,,,,2.0,,,,,#f79009,,
2026-03-14,_Drift,Drift,,,53.0,,,,,0.0,,,,,,,,,,,,
2026-03-14,_Phoenix,Phoenix,,,39.0,,,,,0.0,,,,,3.0,,,,,#904ea6,,
2026-03-14,_Flash Trade,Flash Trade,,,24.0,,,,,0.0,,,,,4.0,,,,,#63b512,,
2026-03-14,_Jupiter,Jupiter,,,3.0,,,,,0.0,,,,,6.0,,,,,#00bfa5,,
2026-03-14,Crypto,,,,,91.0,,,,,0.0,,,,,1.0,,,,,#545cf8,
2026-03-14,Stock,,,,,10.0,,,,,0.0,,,,,2.0,,,,,#f79009,
2026-03-14,Commodity,,,,,9.0,,,,,0.0,,,,,3.0,,,,,#904ea6,
2026-03-14,FX,,,,,8.0,,,,,0.0,,,,,4.0,,,,,#63b512,
2026-03-14,Index,,,,,3.0,,,,,0.0,,,,,5.0,,,,,#f0384a,
2026-03-13,Total,,121.0,,,,,1.0,,,,,1.0,,,,,#545cf8,,,,
2026-03-13,Pacifica,,,60.0,,,,,1.0,,,,,1.0,,,,,#545cf8,,,
2026-03-13,GMTrade,,,58.0,,,,,0.0,,,,,2.0,,,,,#f79009,,,
2026-03-13,Drift,,,53.0,,,,,0.0,,,,,,,,,,,,,
2026-03-13,Phoenix,,,39.0,,,,,0.0,,,,,3.0,,,,,#904ea6,,,
2026-03-13,Flash Trade,,,24.0,,,,,0.0,,,,,4.0,,,,,#63b512,,,
2026-03-13,Jupiter,,,3.0,,,,,0.0,,,,,6.0,,,,,#00bfa5,,,
2026-03-13,_Pacifica,Pacifica,,,60.0,,,,,1.0,,,,,1.0,,,,,#545cf8,,
2026-03-13,_GMTrade,GMTrade,,,58.0,,,,,0.0,,,,,2.0,,,,,#f79009,,
2026-03-13,_Drift,Drift,,,53.0,,,,,0.0,,,,,,,,,,,,
2026-03-13,_Phoenix,Phoenix,,,39.0,,,,,0.0,,,,,3.0,,,,,#904ea6,,
2026-03-13,_Flash Trade,Flash Trade,,,24.0,,,,,0.0,,,,,4.0,,,,,#63b512,,
2026-03-13,_Jupiter,Jupiter,,,3.0,,,,,0.0,,,,,6.0,,,,,#00bfa5,,
2026-03-13,Crypto,,,,,91.0,,,,,0.0,,,,,1.0,,,,,#545cf8,
2026-03-13,Stock,,,,,10.0,,,,,1.0,,,,,2.0,,,,,#f79009,
2026-03-13,Commodity,,,,,9.0,,,,,0.0,,,,,3.0,,,,,#904ea6,
2026-03-13,FX,,,,,8.0,,,,,0.0,,,,,4.0,,,,,#63b512,
2026-03-13,Index,,,,,3.0,,,,,0.0,,,,,5.0,,,,,#f0384a,
2026-03-12,Total,,120.0,,,,,0.0,,,,,1.0,,,,,#545cf8,,,,
2026-03-12,Pacifica,,,59.0,,,,,0.0,,,,,1.0,,,,,#545cf8,,,
2026-03-12,GMTrade,,,58.0,,,,,0.0,,,,,2.0,,,,,#f79009,,,
2026-03-12,Drift,,,53.0,,,,,0.0,,,,,,,,,,,,,
2026-03-12,Phoenix,,,39.0,,,,,0.0,,,,,3.0,,,,,#904ea6,,,
2026-03-12,Flash Trade,,,24.0,,,,,0.0,,,,,4.0,,,,,#63b512,,,
2026-03-12,Jupiter,,,3.0,,,,,0.0,,,,,6.0,,,,,#00bfa5,,,
2026-03-12,_Pacifica,Pacifica,,,59.0,,,,,0.0,,,,,1.0,,,,,#545cf8,,
2026-03-12,_GMTrade,GMTrade,,,58.0,,,,,0.0,,,,,2.0,,,,,#f79009,,
2026-03-12,_Drift,Drift,,,53.0,,,,,0.0,,,,,,,,,,,,
2026-03-12,_Phoenix,Phoenix,,,39.0,,,,,0.0,,,,,3.0,,,,,#904ea6,,
2026-03-12,_Flash Trade,Flash Trade,,,24.0,,,,,0.0,,,,,4.0,,,,,#63b512,,
2026-03-12,_Jupiter,Jupiter,,,3.0,,,,,0.0,,,,,6.0,,,,,#00bfa5,,
2026-03-12,Crypto,,,,,91.0,,,,,0.0,,,,,1.0,,,,,#545cf8,
2026-03-12,Commodity,,,,,9.0,,,,,0.0,,,,,3.0,,,,,#904ea6,
2026-03-12,Stock,,,,,9.0,,,,,0.0,,,,,2.0,,,,,#f79009,
2026-03-12,FX,,,,,8.0,,,,,0.0,,,,,4.0,,,,,#63b512,
2026-03-12,Index,,,,,3.0,,,,,0.0,,,,,5.0,,,,,#f0384a,
2026-03-11,Total,,120.0,,,,,0.0,,,,,1.0,,,,,#545cf8,,,,
2026-03-11,Pacifica,,,59.0,,,,,0.0,,,,,1.0,,,,,#545cf8,,,
2026-03-11,GMTrade,,,58.0,,,,,0.0,,,,,2.0,,,,,#f79009,,,
2026-03-11,Drift,,,53.0,,,,,0.0,,,,,,,,,,,,,
2026-03-11,Phoenix,,,39.0,,,,,0.0,,,,,3.0,,,,,#904ea6,,,
2026-03-11,Flash Trade,,,24.0,,,,,0.0,,,,,4.0,,,,,#63b512,,,
2026-03-11,Jupiter,,,3.0,,,,,0.0,,,,,6.0,,,,,#00bfa5,,,
2026-03-11,_Pacifica,Pacifica,,,59.0,,,,,0.0,,,,,1.0,,,,,#545cf8,,
2026-03-11,_GMTrade,GMTrade,,,58.0,,,,,0.0,,,,,2.0,,,,,#f79009,,
2026-03-11,_Drift,Drift,,,53.0,,,,,0.0,,,,,,,,,,,,
2026-03-11,_Phoenix,Phoenix,,,39.0,,,,,0.0,,,,,3.0,,,,,#904ea6,,
2026-03-11,_Flash Trade,Flash Trade,,,24.0,,,,,0.0,,,,,4.0,,,,,#63b512,,
2026-03-11,_Jupiter,Jupiter,,,3.0,,,,,0.0,,,,,6.0,,,,,#00bfa5,,
2026-03-11,Crypto,,,,,91.0,,,,,0.0,,,,,1.0,,,,,#545cf8,
2026-03-11,Stock,,,,,9.0,,,,,0.0,,,,,2.0,,,,,#f79009,
2026-03-11,Commodity,,,,,9.0,,,,,0.0,,,,,3.0,,,,,#904ea6,
2026-03-11,FX,,,,,8.0,,,,,0.0,,,,,4.0,,,,,#63b512,
2026-03-11,Index,,,,,3.0,,,,,0.0,,,,,5.0,,,,,#f0384a,
2026-03-10,Total,,120.0,,,,,0.0,,,,,1.0,,,,,#545cf8,,,,
2026-03-10,Pacifica,,,59.0,,,,,0.0,,,,,1.0,,,,,#545cf8,,,
2026-03-10,GMTrade,,,58.0,,,,,0.0,,,,,2.0,,,,,#f79009,,,
2026-03-10,Drift,,,53.0,,,,,0.0,,,,,,,,,,,,,
2026-03-10,Phoenix,,,39.0,,,,,0.0,,,,,3.0,,,,,#904ea6,,,
2026-03-10,Flash Trade,,,24.0,,,,,0.0,,,,,4.0,,,,,#63b512,,,
2026-03-10,Jupiter,,,3.0,,,,,0.0,,,,,6.0,,,,,#00bfa5,,,
2026-03-10,_Pacifica,Pacifica,,,59.0,,,,,0.0,,,,,1.0,,,,,#545cf8,,
2026-03-10,_GMTrade,GMTrade,,,58.0,,,,,0.0,,,,,2.0,,,,,#f79009,,
2026-03-10,_Drift,Drift,,,53.0,,,,,0.0,,,,,,,,,,,,
2026-03-10,_Phoenix,Phoenix,,,39.0,,,,,0.0,,,,,3.0,,,,,#904ea6,,
2026-03-10,_Flash Trade,Flash Trade,,,24.0,,,,,0.0,,,,,4.0,,,,,#63b512,,
2026-03-10,_Jupiter,Jupiter,,,3.0,,,,,0.0,,,,,6.0,,,,,#00bfa5,,
2026-03-10,Crypto,,,,,91.0,,,,,0.0,,,,,1.0,,,,,#545cf8,
2026-03-10,Stock,,,,,9.0,,,,,0.0,,,,,2.0,,,,,#f79009,
2026-03-10,Commodity,,,,,9.0,,,,,0.0,,,,,3.0,,,,,#904ea6,
2026-03-10,FX,,,,,8.0,,,,,0.0,,,,,4.0,,,,,#63b512,
2026-03-10,Index,,,,,3.0,,,,,0.0,,,,,5.0,,,,,#f0384a,
2026-03-09,Total,,120.0,,,,,0.0,,,,,1.0,,,,,#545cf8,,,,
2026-03-09,Pacifica,,,59.0,,,,,0.0,,,,,1.0,,,,,#545cf8,,,
2026-03-09,GMTrade,,,58.0,,,,,0.0,,,,,2.0,,,,,#f79009,,,
2026-03-09,Drift,,,53.0,,,,,0.0,,,,,,,,,,,,,
2026-03-09,Phoenix,,,39.0,,,,,0.0,,,,,3.0,,,,,#904ea6,,,
2026-03-09,Flash Trade,,,24.0,,,,,0.0,,,,,4.0,,,,,#63b512,,,
2026-03-09,Jupiter,,,3.0,,,,,0.0,,,,,6.0,,,,,#00bfa5,,,
2026-03-09,_Pacifica,Pacifica,,,59.0,,,,,0.0,,,,,1.0,,,,,#545cf8,,
2026-03-09,_GMTrade,GMTrade,,,58.0,,,,,0.0,,,,,2.0,,,,,#f79009,,
2026-03-09,_Drift,Drift,,,53.0,,,,,0.0,,,,,,,,,,,,
2026-03-09,_Phoenix,Phoenix,,,39.0,,,,,0.0,,,,,3.0,,,,,#904ea6,,
2026-03-09,_Flash Trade,Flash Trade,,,24.0,,,,,0.0,,,,,4.0,,,,,#63b512,,
2026-03-09,_Jupiter,Jupiter,,,3.0,,,,,0.0,,,,,6.0,,,,,#00bfa5,,
2026-03-09,Crypto,,,,,91.0,,,,,0.0,,,,,1.0,,,,,#545cf8,
2026-03-09,Commodity,,,,,9.0,,,,,0.0,,,,,3.0,,,,,#904ea6,
2026-03-09,Stock,,,,,9.0,,,,,0.0,,,,,2.0,,,,,#f79009,
2026-03-09,FX,,,,,8.0,,,,,0.0,,,,,4.0,,,,,#63b512,
2026-03-09,Index,,,,,3.0,,,,,0.0,,,,,5.0,,,,,#f0384a,
2026-03-08,Total,,120.0,,,,,0.0,,,,,1.0,,,,,#545cf8,,,,
2026-03-08,Pacifica,,,59.0,,,,,0.0,,,,,1.0,,,,,#545cf8,,,
2026-03-08,GMTrade,,,58.0,,,,,0.0,,,,,2.0,,,,,#f79009,,,
2026-03-08,Drift,,,53.0,,,,,0.0,,,,,,,,,,,,,
2026-03-08,Phoenix,,,39.0,,,,,0.0,,,,,3.0,,,,,#904ea6,,,
2026-03-08,Flash Trade,,,24.0,,,,,0.0,,,,,4.0,,,,,#63b512,,,
2026-03-08,Jupiter,,,3.0,,,,,0.0,,,,,6.0,,,,,#00bfa5,,,
2026-03-08,_Pacifica,Pacifica,,,59.0,,,,,0.0,,,,,1.0,,,,,#545cf8,,
2026-03-08,_GMTrade,GMTrade,,,58.0,,,,,0.0,,,,,2.0,,,,,#f79009,,
2026-03-08,_Drift,Drift,,,53.0,,,,,0.0,,,,,,,,,,,,
2026-03-08,_Phoenix,Phoenix,,,39.0,,,,,0.0,,,,,3.0,,,,,#904ea6,,
2026-03-08,_Flash Trade,Flash Trade,,,24.0,,,,,0.0,,,,,4.0,,,,,#63b512,,
2026-03-08,_Jupiter,Jupiter,,,3.0,,,,,0.0,,,,,6.0,,,,,#00bfa5,,
2026-03-08,Crypto,,,,,91.0,,,,,0.0,,,,,1.0,,,,,#545cf8,
2026-03-08,Stock,,,,,9.0,,,,,0.0,,,,,2.0,,,,,#f79009,
2026-03-08,Commodity,,,,,9.0,,,,,0.0,,,,,3.0,,,,,#904ea6,
2026-03-08,FX,,,,,8.0,,,,,0.0,,,,,4.0,,,,,#63b512,
2026-03-08,Index,,,,,3.0,,,,,0.0,,,,,5.0,,,,,#f0384a,
2026-03-07,Total,,120.0,,,,,0.0,,,,,1.0,,,,,#545cf8,,,,
2026-03-07,Pacifica,,,59.0,,,,,0.0,,,,,1.0,,,,,#545cf8,,,
2026-03-07,GMTrade,,,58.0,,,,,0.0,,,,,2.0,,,,,#f79009,,,
2026-03-07,Drift,,,53.0,,,,,0.0,,,,,,,,,,,,,
2026-03-07,Phoenix,,,39.0,,,,,0.0,,,,,3.0,,,,,#904ea6,,,
2026-03-07,Flash Trade,,,24.0,,,,,0.0,,,,,4.0,,,,,#63b512,,,
2026-03-07,Jupiter,,,3.0,,,,,0.0,,,,,6.0,,,,,#00bfa5,,,
2026-03-07,_Pacifica,Pacifica,,,59.0,,,,,0.0,,,,,1.0,,,,,#545cf8,,
2026-03-07,_GMTrade,GMTrade,,,58.0,,,,,0.0,,,,,2.0,,,,,#f79009,,
2026-03-07,_Drift,Drift,,,53.0,,,,,0.0,,,,,,,,,,,,
2026-03-07,_Phoenix,Phoenix,,,39.0,,,,,0.0,,,,,3.0,,,,,#904ea6,,
2026-03-07,_Flash Trade,Flash Trade,,,24.0,,,,,0.0,,,,,4.0,,,,,#63b512,,
2026-03-07,_Jupiter,Jupiter,,,3.0,,,,,0.0,,,,,6.0,,,,,#00bfa5,,
2026-03-07,Crypto,,,,,91.0,,,,,0.0,,,,,1.0,,,,,#545cf8,
2026-03-07,Stock,,,,,9.0,,,,,0.0,,,,,2.0,,,,,#f79009,
2026-03-07,Commodity,,,,,9.0,,,,,0.0,,,,,3.0,,,,,#904ea6,
2026-03-07,FX,,,,,8.0,,,,,0.0,,,,,4.0,,,,,#63b512,
2026-03-07,Index,,,,,3.0,,,,,0.0,,,,,5.0,,,,,#f0384a,
2026-03-06,Total,,120.0,,,,,0.0,,,,,1.0,,,,,#545cf8,,,,
2026-03-06,Pacifica,,,59.0,,,,,0.0,,,,,1.0,,,,,#545cf8,,,
2026-03-06,GMTrade,,,58.0,,,,,0.0,,,,,2.0,,,,,#f79009,,,
2026-03-06,Drift,,,53.0,,,,,0.0,,,,,,,,,,,,,
2026-03-06,Phoenix,,,39.0,,,,,0.0,,,,,3.0,,,,,#904ea6,,,
2026-03-06,Flash Trade,,,24.0,,,,,0.0,,,,,4.0,,,,,#63b512,,,
2026-03-06,Jupiter,,,3.0,,,,,0.0,,,,,6.0,,,,,#00bfa5,,,
2026-03-06,_Pacifica,Pacifica,,,59.0,,,,,0.0,,,,,1.0,,,,,#545cf8,,
2026-03-06,_GMTrade,GMTrade,,,58.0,,,,,0.0,,,,,2.0,,,,,#f79009,,
2026-03-06,_Drift,Drift,,,53.0,,,,,0.0,,,,,,,,,,,,
2026-03-06,_Phoenix,Phoenix,,,39.0,,,,,0.0,,,,,3.0,,,,,#904ea6,,
2026-03-06,_Flash Trade,Flash Trade,,,24.0,,,,,0.0,,,,,4.0,,,,,#63b512,,
2026-03-06,_Jupiter,Jupiter,,,3.0,,,,,0.0,,,,,6.0,,,,,#00bfa5,,
2026-03-06,Crypto,,,,,91.0,,,,,0.0,,,,,1.0,,,,,#545cf8,
2026-03-06,Stock,,,,,9.0,,,,,0.0,,,,,2.0,,,,,#f79009,
2026-03-06,Commodity,,,,,9.0,,,,,0.0,,,,,3.0,,,,,#904ea6,
2026-03-06,FX,,,,,8.0,,,,,0.0,,,,,4.0,,,,,#63b512,
2026-03-06,Index,,,,,3.0,,,,,0.0,,,,,5.0,,,,,#f0384a,
2026-03-05,Total,,120.0,,,,,0.0,,,,,1.0,,,,,#545cf8,,,,
2026-03-05,Pacifica,,,59.0,,,,,0.0,,,,,1.0,,,,,#545cf8,,,
2026-03-05,GMTrade,,,58.0,,,,,0.0,,,,,2.0,,,,,#f79009,,,
2026-03-05,Drift,,,53.0,,,,,0.0,,,,,,,,,,,,,
2026-03-05,Phoenix,,,39.0,,,,,1.0,,,,,3.0,,,,,#904ea6,,,
2026-03-05,Flash Trade,,,24.0,,,,,0.0,,,,,4.0,,,,,#63b512,,,
2026-03-05,Jupiter,,,3.0,,,,,0.0,,,,,6.0,,,,,#00bfa5,,,
2026-03-05,_Pacifica,Pacifica,,,59.0,,,,,0.0,,,,,1.0,,,,,#545cf8,,
2026-03-05,_GMTrade,GMTrade,,,58.0,,,,,0.0,,,,,2.0,,,,,#f79009,,
2026-03-05,_Drift,Drift,,,53.0,,,,,0.0,,,,,,,,,,,,
2026-03-05,_Phoenix,Phoenix,,,39.0,,,,,1.0,,,,,3.0,,,,,#904ea6,,
2026-03-05,_Flash Trade,Flash Trade,,,24.0,,,,,0.0,,,,,4.0,,,,,#63b512,,
2026-03-05,_Jupiter,Jupiter,,,3.0,,,,,0.0,,,,,6.0,,,,,#00bfa5,,
2026-03-05,Crypto,,,,,91.0,,,,,0.0,,,,,1.0,,,,,#545cf8,
2026-03-05,Commodity,,,,,9.0,,,,,0.0,,,,,3.0,,,,,#904ea6,
2026-03-05,Stock,,,,,9.0,,,,,0.0,,,,,2.0,,,,,#f79009,
2026-03-05,FX,,,,,8.0,,,,,0.0,,,,,4.0,,,,,#63b512,
2026-03-05,Index,,,,,3.0,,,,,0.0,,,,,5.0,,,,,#f0384a,
2026-03-04,Total,,120.0,,,,,0.0,,,,,1.0,,,,,#545cf8,,,,
2026-03-04,Pacifica,,,59.0,,,,,0.0,,,,,1.0,,,,,#545cf8,,,
2026-03-04,GMTrade,,,58.0,,,,,0.0,,,,,2.0,,,,,#f79009,,,
2026-03-04,Drift,,,53.0,,,,,0.0,,,,,,,,,,,,,
2026-03-04,Phoenix,,,38.0,,,,,0.0,,,,,3.0,,,,,#904ea6,,,
2026-03-04,Flash Trade,,,24.0,,,,,0.0,,,,,4.0,,,,,#63b512,,,
2026-03-04,Jupiter,,,3.0,,,,,0.0,,,,,6.0,,,,,#00bfa5,,,
2026-03-04,_Pacifica,Pacifica,,,59.0,,,,,0.0,,,,,1.0,,,,,#545cf8,,
2026-03-04,_GMTrade,GMTrade,,,58.0,,,,,0.0,,,,,2.0,,,,,#f79009,,
2026-03-04,_Drift,Drift,,,53.0,,,,,0.0,,,,,,,,,,,,
2026-03-04,_Phoenix,Phoenix,,,38.0,,,,,0.0,,,,,3.0,,,,,#904ea6,,
2026-03-04,_Flash Trade,Flash Trade,,,24.0,,,,,0.0,,,,,4.0,,,,,#63b512,,
2026-03-04,_Jupiter,Jupiter,,,3.0,,,,,0.0,,,,,6.0,,,,,#00bfa5,,
2026-03-04,Crypto,,,,,91.0,,,,,0.0,,,,,1.0,,,,,#545cf8,
2026-03-04,Stock,,,,,9.0,,,,,0.0,,,,,2.0,,,,,#f79009,
2026-03-04,Commodity,,,,,9.0,,,,,0.0,,,,,3.0,,,,,#904ea6,
2026-03-04,FX,,,,,8.0,,,,,0.0,,,,,4.0,,,,,#63b512,
2026-03-04,Index,,,,,3.0,,,,,0.0,,,,,5.0,,,,,#f0384a,
2026-03-03,Total,,120.0,,,,,2.0,,,,,1.0,,,,,#545cf8,,,,
2026-03-03,Pacifica,,,59.0,,,,,0.0,,,,,1.0,,,,,#545cf8,,,
2026-03-03,GMTrade,,,58.0,,,,,2.0,,,,,2.0,,,,,#f79009,,,
2026-03-03,Drift,,,53.0,,,,,0.0,,,,,,,,,,,,,
2026-03-03,Phoenix,,,38.0,,,,,0.0,,,,,3.0,,,,,#904ea6,,,
2026-03-03,Flash Trade,,,24.0,,,,,0.0,,,,,4.0,,,,,#63b512,,,
2026-03-03,Jupiter,,,3.0,,,,,0.0,,,,,6.0,,,,,#00bfa5,,,
2026-03-03,_Pacifica,Pacifica,,,59.0,,,,,0.0,,,,,1.0,,,,,#545cf8,,
2026-03-03,_GMTrade,GMTrade,,,58.0,,,,,2.0,,,,,2.0,,,,,#f79009,,
2026-03-03,_Drift,Drift,,,53.0,,,,,0.0,,,,,,,,,,,,
2026-03-03,_Phoenix,Phoenix,,,38.0,,,,,0.0,,,,,3.0,,,,,#904ea6,,
2026-03-03,_Flash Trade,Flash Trade,,,24.0,,,,,0.0,,,,,4.0,,,,,#63b512,,
2026-03-03,_Jupiter,Jupiter,,,3.0,,,,,0.0,,,,,6.0,,,,,#00bfa5,,
2026-03-03,Crypto,,,,,91.0,,,,,0.0,,,,,1.0,,,,,#545cf8,
2026-03-03,Commodity,,,,,9.0,,,,,0.0,,,,,3.0,,,,,#904ea6,
2026-03-03,Stock,,,,,9.0,,,,,0.0,,,,,2.0,,,,,#f79009,
2026-03-03,FX,,,,,8.0,,,,,2.0,,,,,4.0,,,,,#63b512,
2026-03-03,Index,,,,,3.0,,,,,0.0,,,,,5.0,,,,,#f0384a,
2026-03-02,Total,,118.0,,,,,0.0,,,,,1.0,,,,,#545cf8,,,,
2026-03-02,Pacifica,,,59.0,,,,,0.0,,,,,1.0,,,,,#545cf8,,,
2026-03-02,GMTrade,,,56.0,,,,,0.0,,,,,2.0,,,,,#f79009,,,
2026-03-02,Drift,,,53.0,,,,,0.0,,,,,,,,,,,,,
2026-03-02,Phoenix,,,38.0,,,,,0.0,,,,,3.0,,,,,#904ea6,,,
2026-03-02,Flash Trade,,,24.0,,,,,0.0,,,,,4.0,,,,,#63b512,,,
2026-03-02,Jupiter,,,3.0,,,,,0.0,,,,,6.0,,,,,#00bfa5,,,
2026-03-02,_Pacifica,Pacifica,,,59.0,,,,,0.0,,,,,1.0,,,,,#545cf8,,
2026-03-02,_GMTrade,GMTrade,,,56.0,,,,,0.0,,,,,2.0,,,,,#f79009,,
2026-03-02,_Drift,Drift,,,53.0,,,,,0.0,,,,,,,,,,,,
2026-03-02,_Phoenix,Phoenix,,,38.0,,,,,0.0,,,,,3.0,,,,,#904ea6,,
2026-03-02,_Flash Trade,Flash Trade,,,24.0,,,,,0.0,,,,,4.0,,,,,#63b512,,
2026-03-02,_Jupiter,Jupiter,,,3.0,,,,,0.0,,,,,6.0,,,,,#00bfa5,,
2026-03-02,Crypto,,,,,91.0,,,,,0.0,,,,,1.0,,,,,#545cf8,
2026-03-02,Stock,,,,,9.0,,,,,0.0,,,,,2.0,,,,,#f79009,
2026-03-02,Commodity,,,,,9.0,,,,,0.0,,,,,3.0,,,,,#904ea6,
2026-03-02,FX,,,,,6.0,,,,,0.0,,,,,4.0,,,,,#63b512,
2026-03-02,Index,,,,,3.0,,,,,0.0,,,,,5.0,,,,,#f0384a,
2026-03-01,Total,,118.0,,,,,0.0,,,,,1.0,,,,,#545cf8,,,,
2026-03-01,Pacifica,,,59.0,,,,,0.0,,,,,1.0,,,,,#545cf8,,,
2026-03-01,GMTrade,,,56.0,,,,,0.0,,,,,2.0,,,,,#f79009,,,
2026-03-01,Drift,,,53.0,,,,,0.0,,,,,,,,,,,,,
2026-03-01,Phoenix,,,38.0,,,,,0.0,,,,,3.0,,,,,#904ea6,,,
2026-03-01,Flash Trade,,,24.0,,,,,0.0,,,,,4.0,,,,,#63b512,,,
2026-03-01,Jupiter,,,3.0,,,,,0.0,,,,,6.0,,,,,#00bfa5,,,
2026-03-01,_Pacifica,Pacifica,,,59.0,,,,,0.0,,,,,1.0,,,,,#545cf8,,
2026-03-01,_GMTrade,GMTrade,,,56.0,,,,,0.0,,,,,2.0,,,,,#f79009,,
2026-03-01,_Drift,Drift,,,53.0,,,,,0.0,,,,,,,,,,,,
2026-03-01,_Phoenix,Phoenix,,,38.0,,,,,0.0,,,,,3.0,,,,,#904ea6,,
2026-03-01,_Flash Trade,Flash Trade,,,24.0,,,,,0.0,,,,,4.0,,,,,#63b512,,
2026-03-01,_Jupiter,Jupiter,,,3.0,,,,,0.0,,,,,6.0,,,,,#00bfa5,,
2026-03-01,Crypto,,,,,91.0,,,,,0.0,,,,,1.0,,,,,#545cf8,
2026-03-01,Commodity,,,,,9.0,,,,,0.0,,,,,3.0,,,,,#904ea6,
2026-03-01,Stock,,,,,9.0,,,,,0.0,,,,,2.0,,,,,#f79009,
2026-03-01,FX,,,,,6.0,,,,,0.0,,,,,4.0,,,,,#63b512,
2026-03-01,Index,,,,,3.0,,,,,0.0,,,,,5.0,,,,,#f0384a,
2026-02-28,Total,,118.0,,,,,0.0,,,,,1.0,,,,,#545cf8,,,,
2026-02-28,Pacifica,,,59.0,,,,,0.0,,,,,1.0,,,,,#545cf8,,,
2026-02-28,GMTrade,,,56.0,,,,,0.0,,,,,2.0,,,,,#f79009,,,
2026-02-28,Drift,,,53.0,,,,,0.0,,,,,,,,,,,,,
2026-02-28,Phoenix,,,38.0,,,,,0.0,,,,,3.0,,,,,#904ea6,,,
2026-02-28,Flash Trade,,,24.0,,,,,0.0,,,,,4.0,,,,,#63b512,,,
2026-02-28,Jupiter,,,3.0,,,,,0.0,,,,,6.0,,,,,#00bfa5,,,
2026-02-28,_Pacifica,Pacifica,,,59.0,,,,,0.0,,,,,1.0,,,,,#545cf8,,
2026-02-28,_GMTrade,GMTrade,,,56.0,,,,,0.0,,,,,2.0,,,,,#f79009,,
2026-02-28,_Drift,Drift,,,53.0,,,,,0.0,,,,,,,,,,,,
2026-02-28,_Phoenix,Phoenix,,,38.0,,,,,0.0,,,,,3.0,,,,,#904ea6,,
2026-02-28,_Flash Trade,Flash Trade,,,24.0,,,,,0.0,,,,,4.0,,,,,#63b512,,
2026-02-28,_Jupiter,Jupiter,,,3.0,,,,,0.0,,,,,6.0,,,,,#00bfa5,,
2026-02-28,Crypto,,,,,91.0,,,,,0.0,,,,,1.0,,,,,#545cf8,
2026-02-28,Commodity,,,,,9.0,,,,,0.0,,,,,3.0,,,,,#904ea6,
2026-02-28,Stock,,,,,9.0,,,,,0.0,,,,,2.0,,,,,#f79009,
2026-02-28,FX,,,,,6.0,,,,,0.0,,,,,4.0,,,,,#63b512,
2026-02-28,Index,,,,,3.0,,,,,0.0,,,,,5.0,,,,,#f0384a,
2026-02-27,Total,,118.0,,,,,0.0,,,,,1.0,,,,,#545cf8,,,,
2026-02-27,Pacifica,,,59.0,,,,,0.0,,,,,1.0,,,,,#545cf8,,,
2026-02-27,GMTrade,,,56.0,,,,,0.0,,,,,2.0,,,,,#f79009,,,
2026-02-27,Drift,,,53.0,,,,,0.0,,,,,,,,,,,,,
2026-02-27,Phoenix,,,38.0,,,,,0.0,,,,,3.0,,,,,#904ea6,,,
2026-02-27,Flash Trade,,,24.0,,,,,0.0,,,,,4.0,,,,,#63b512,,,
2026-02-27,Jupiter,,,3.0,,,,,0.0,,,,,6.0,,,,,#00bfa5,,,
2026-02-27,_Pacifica,Pacifica,,,59.0,,,,,0.0,,,,,1.0,,,,,#545cf8,,
2026-02-27,_GMTrade,GMTrade,,,56.0,,,,,0.0,,,,,2.0,,,,,#f79009,,
2026-02-27,_Drift,Drift,,,53.0,,,,,0.0,,,,,,,,,,,,
2026-02-27,_Phoenix,Phoenix,,,38.0,,,,,0.0,,,,,3.0,,,,,#904ea6,,
2026-02-27,_Flash Trade,Flash Trade,,,24.0,,,,,0.0,,,,,4.0,,,,,#63b512,,
2026-02-27,_Jupiter,Jupiter,,,3.0,,,,,0.0,,,,,6.0,,,,,#00bfa5,,
2026-02-27,Crypto,,,,,91.0,,,,,0.0,,,,,1.0,,,,,#545cf8,
2026-02-27,Commodity,,,,,9.0,,,,,0.0,,,,,3.0,,,,,#904ea6,
2026-02-27,Stock,,,,,9.0,,,,,0.0,,,,,2.0,,,,,#f79009,
2026-02-27,FX,,,,,6.0,,,,,0.0,,,,,4.0,,,,,#63b512,
2026-02-27,Index,,,,,3.0,,,,,0.0,,,,,5.0,,,,,#f0384a,
2026-02-26,Total,,118.0,,,,,0.0,,,,,1.0,,,,,#545cf8,,,,
2026-02-26,Pacifica,,,59.0,,,,,0.0,,,,,1.0,,,,,#545cf8,,,
2026-02-26,GMTrade,,,56.0,,,,,0.0,,,,,2.0,,,,,#f79009,,,
2026-02-26,Drift,,,53.0,,,,,0.0,,,,,,,,,,,,,
2026-02-26,Phoenix,,,38.0,,,,,0.0,,,,,3.0,,,,,#904ea6,,,
2026-02-26,Flash Trade,,,24.0,,,,,0.0,,,,,4.0,,,,,#63b512,,,
2026-02-26,Jupiter,,,3.0,,,,,0.0,,,,,6.0,,,,,#00bfa5,,,
2026-02-26,_Pacifica,Pacifica,,,59.0,,,,,0.0,,,,,1.0,,,,,#545cf8,,
2026-02-26,_GMTrade,GMTrade,,,56.0,,,,,0.0,,,,,2.0,,,,,#f79009,,
2026-02-26,_Drift,Drift,,,53.0,,,,,0.0,,,,,,,,,,,,
2026-02-26,_Phoenix,Phoenix,,,38.0,,,,,0.0,,,,,3.0,,,,,#904ea6,,
2026-02-26,_Flash Trade,Flash Trade,,,24.0,,,,,0.0,,,,,4.0,,,,,#63b512,,
2026-02-26,_Jupiter,Jupiter,,,3.0,,,,,0.0,,,,,6.0,,,,,#00bfa5,,
2026-02-26,Crypto,,,,,91.0,,,,,0.0,,,,,1.0,,,,,#545cf8,
2026-02-26,Stock,,,,,9.0,,,,,0.0,,,,,2.0,,,,,#f79009,
2026-02-26,Commodity,,,,,9.0,,,,,0.0,,,,,3.0,,,,,#904ea6,
2026-02-26,FX,,,,,6.0,,,,,0.0,,,,,4.0,,,,,#63b512,
2026-02-26,Index,,,,,3.0,,,,,0.0,,,,,5.0,,,,,#f0384a,
2026-02-25,Total,,118.0,,,,,3.0,,,,,1.0,,,,,#545cf8,,,,
2026-02-25,Pacifica,,,59.0,,,,,3.0,,,,,1.0,,,,,#545cf8,,,
2026-02-25,GMTrade,,,56.0,,,,,0.0,,,,,2.0,,,,,#f79009,,,
2026-02-25,Drift,,,53.0,,,,,0.0,,,,,,,,,,,,,
2026-02-25,Phoenix,,,38.0,,,,,0.0,,,,,3.0,,,,,#904ea6,,,
2026-02-25,Flash Trade,,,24.0,,,,,0.0,,,,,4.0,,,,,#63b512,,,
2026-02-25,Jupiter,,,3.0,,,,,0.0,,,,,6.0,,,,,#00bfa5,,,
2026-02-25,_Pacifica,Pacifica,,,59.0,,,,,3.0,,,,,1.0,,,,,#545cf8,,
2026-02-25,_GMTrade,GMTrade,,,56.0,,,,,0.0,,,,,2.0,,,,,#f79009,,
2026-02-25,_Drift,Drift,,,53.0,,,,,0.0,,,,,,,,,,,,
2026-02-25,_Phoenix,Phoenix,,,38.0,,,,,0.0,,,,,3.0,,,,,#904ea6,,
2026-02-25,_Flash Trade,Flash Trade,,,24.0,,,,,0.0,,,,,4.0,,,,,#63b512,,
2026-02-25,_Jupiter,Jupiter,,,3.0,,,,,0.0,,,,,6.0,,,,,#00bfa5,,
2026-02-25,Crypto,,,,,91.0,,,,,0.0,,,,,1.0,,,,,#545cf8,
2026-02-25,Commodity,,,,,9.0,,,,,1.0,,,,,3.0,,,,,#904ea6,
2026-02-25,Stock,,,,,9.0,,,,,1.0,,,,,2.0,,,,,#f79009,
2026-02-25,FX,,,,,6.0,,,,,0.0,,,,,4.0,,,,,#63b512,
2026-02-25,Index,,,,,3.0,,,,,1.0,,,,,5.0,,,,,#f0384a,
2026-02-24,Total,,115.0,,,,,0.0,,,,,1.0,,,,,#545cf8,,,,
2026-02-24,GMTrade,,,56.0,,,,,0.0,,,,,2.0,,,,,#f79009,,,
2026-02-24,Pacifica,,,56.0,,,,,0.0,,,,,1.0,,,,,#545cf8,,,
2026-02-24,Drift,,,53.0,,,,,0.0,,,,,,,,,,,,,
2026-02-24,Phoenix,,,38.0,,,,,0.0,,,,,3.0,,,,,#904ea6,,,
2026-02-24,Flash Trade,,,24.0,,,,,0.0,,,,,4.0,,,,,#63b512,,,
2026-02-24,Jupiter,,,3.0,,,,,0.0,,,,,6.0,,,,,#00bfa5,,,
2026-02-24,_Pacifica,Pacifica,,,56.0,,,,,0.0,,,,,1.0,,,,,#545cf8,,
2026-02-24,_GMTrade,GMTrade,,,56.0,,,,,0.0,,,,,2.0,,,,,#f79009,,
2026-02-24,_Drift,Drift,,,53.0,,,,,0.0,,,,,,,,,,,,
2026-02-24,_Phoenix,Phoenix,,,38.0,,,,,0.0,,,,,3.0,,,,,#904ea6,,
2026-02-24,_Flash Trade,Flash Trade,,,24.0,,,,,0.0,,,,,4.0,,,,,#63b512,,
2026-02-24,_Jupiter,Jupiter,,,3.0,,,,,0.0,,,,,6.0,,,,,#00bfa5,,
2026-02-24,Crypto,,,,,91.0,,,,,0.0,,,,,1.0,,,,,#545cf8,
2026-02-24,Stock,,,,,8.0,,,,,0.0,,,,,2.0,,,,,#f79009,
2026-02-24,Commodity,,,,,8.0,,,,,0.0,,,,,3.0,,,,,#904ea6,
2026-02-24,FX,,,,,6.0,,,,,0.0,,,,,4.0,,,,,#63b512,
2026-02-24,Index,,,,,2.0,,,,,0.0,,,,,5.0,,,,,#f0384a,
2026-02-23,Total,,115.0,,,,,0.0,,,,,1.0,,,,,#545cf8,,,,
2026-02-23,GMTrade,,,56.0,,,,,0.0,,,,,2.0,,,,,#f79009,,,
2026-02-23,Pacifica,,,56.0,,,,,0.0,,,,,1.0,,,,,#545cf8,,,
2026-02-23,Drift,,,53.0,,,,,0.0,,,,,,,,,,,,,
2026-02-23,Phoenix,,,38.0,,,,,0.0,,,,,3.0,,,,,#904ea6,,,
2026-02-23,Flash Trade,,,24.0,,,,,0.0,,,,,4.0,,,,,#63b512,,,
2026-02-23,Jupiter,,,3.0,,,,,0.0,,,,,6.0,,,,,#00bfa5,,,
2026-02-23,_Pacifica,Pacifica,,,56.0,,,,,0.0,,,,,1.0,,,,,#545cf8,,
2026-02-23,_GMTrade,GMTrade,,,56.0,,,,,0.0,,,,,2.0,,,,,#f79009,,
2026-02-23,_Drift,Drift,,,53.0,,,,,0.0,,,,,,,,,,,,
2026-02-23,_Phoenix,Phoenix,,,38.0,,,,,0.0,,,,,3.0,,,,,#904ea6,,
2026-02-23,_Flash Trade,Flash Trade,,,24.0,,,,,0.0,,,,,4.0,,,,,#63b512,,
2026-02-23,_Jupiter,Jupiter,,,3.0,,,,,0.0,,,,,6.0,,,,,#00bfa5,,
2026-02-23,Crypto,,,,,91.0,,,,,0.0,,,,,1.0,,,,,#545cf8,
2026-02-23,Stock,,,,,8.0,,,,,0.0,,,,,2.0,,,,,#f79009,
2026-02-23,Commodity,,,,,8.0,,,,,0.0,,,,,3.0,,,,,#904ea6,
2026-02-23,FX,,,,,6.0,,,,,0.0,,,,,4.0,,,,,#63b512,
2026-02-23,Index,,,,,2.0,,,,,0.0,,,,,5.0,,,,,#f0384a,
2026-02-22,Total,,115.0,,,,,0.0,,,,,1.0,,,,,#545cf8,,,,
2026-02-22,GMTrade,,,56.0,,,,,0.0,,,,,2.0,,,,,#f79009,,,
2026-02-22,Pacifica,,,56.0,,,,,0.0,,,,,1.0,,,,,#545cf8,,,
2026-02-22,Drift,,,53.0,,,,,0.0,,,,,,,,,,,,,
2026-02-22,Phoenix,,,38.0,,,,,0.0,,,,,3.0,,,,,#904ea6,,,
2026-02-22,Flash Trade,,,24.0,,,,,1.0,,,,,4.0,,,,,#63b512,,,
2026-02-22,Jupiter,,,3.0,,,,,0.0,,,,,6.0,,,,,#00bfa5,,,
2026-02-22,_GMTrade,GMTrade,,,56.0,,,,,0.0,,,,,2.0,,,,,#f79009,,
2026-02-22,_Pacifica,Pacifica,,,56.0,,,,,0.0,,,,,1.0,,,,,#545cf8,,
2026-02-22,_Drift,Drift,,,53.0,,,,,0.0,,,,,,,,,,,,
2026-02-22,_Phoenix,Phoenix,,,38.0,,,,,0.0,,,,,3.0,,,,,#904ea6,,
2026-02-22,_Flash Trade,Flash Trade,,,24.0,,,,,1.0,,,,,4.0,,,,,#63b512,,
2026-02-22,_Jupiter,Jupiter,,,3.0,,,,,0.0,,,,,6.0,,,,,#00bfa5,,
2026-02-22,Crypto,,,,,91.0,,,,,0.0,,,,,1.0,,,,,#545cf8,
2026-02-22,Stock,,,,,8.0,,,,,0.0,,,,,2.0,,,,,#f79009,
2026-02-22,Commodity,,,,,8.0,,,,,0.0,,,,,3.0,,,,,#904ea6,
2026-02-22,FX,,,,,6.0,,,,,0.0,,,,,4.0,,,,,#63b512,
2026-02-22,Index,,,,,2.0,,,,,0.0,,,,,5.0,,,,,#f0384a,
2026-02-21,Total,,115.0,,,,,0.0,,,,,1.0,,,,,#545cf8,,,,
2026-02-21,GMTrade,,,56.0,,,,,0.0,,,,,2.0,,,,,#f79009,,,
2026-02-21,Pacifica,,,56.0,,,,,0.0,,,,,1.0,,,,,#545cf8,,,
2026-02-21,Drift,,,53.0,,,,,0.0,,,,,,,,,,,,,
2026-02-21,Phoenix,,,38.0,,,,,0.0,,,,,3.0,,,,,#904ea6,,,
2026-02-21,Flash Trade,,,23.0,,,,,0.0,,,,,4.0,,,,,#63b512,,,
2026-02-21,Jupiter,,,3.0,,,,,0.0,,,,,6.0,,,,,#00bfa5,,,
2026-02-21,_GMTrade,GMTrade,,,56.0,,,,,0.0,,,,,2.0,,,,,#f79009,,
2026-02-21,_Pacifica,Pacifica,,,56.0,,,,,0.0,,,,,1.0,,,,,#545cf8,,
2026-02-21,_Drift,Drift,,,53.0,,,,,0.0,,,,,,,,,,,,
2026-02-21,_Phoenix,Phoenix,,,38.0,,,,,0.0,,,,,3.0,,,,,#904ea6,,
2026-02-21,_Flash Trade,Flash Trade,,,23.0,,,,,0.0,,,,,4.0,,,,,#63b512,,
2026-02-21,_Jupiter,Jupiter,,,3.0,,,,,0.0,,,,,6.0,,,,,#00bfa5,,
2026-02-21,Crypto,,,,,91.0,,,,,0.0,,,,,1.0,,,,,#545cf8,
2026-02-21,Commodity,,,,,8.0,,,,,0.0,,,,,3.0,,,,,#904ea6,
2026-02-21,Stock,,,,,8.0,,,,,0.0,,,,,2.0,,,,,#f79009,
2026-02-21,FX,,,,,6.0,,,,,0.0,,,,,4.0,,,,,#63b512,
2026-02-21,Index,,,,,2.0,,,,,0.0,,,,,5.0,,,,,#f0384a,
2026-02-20,Total,,115.0,,,,,0.0,,,,,1.0,,,,,#545cf8,,,,
2026-02-20,Pacifica,,,56.0,,,,,0.0,,,,,1.0,,,,,#545cf8,,,
2026-02-20,GMTrade,,,56.0,,,,,0.0,,,,,2.0,,,,,#f79009,,,
2026-02-20,Drift,,,53.0,,,,,0.0,,,,,,,,,,,,,
2026-02-20,Phoenix,,,38.0,,,,,0.0,,,,,3.0,,,,,#904ea6,,,
2026-02-20,Flash Trade,,,23.0,,,,,0.0,,,,,4.0,,,,,#63b512,,,
2026-02-20,Jupiter,,,3.0,,,,,0.0,,,,,6.0,,,,,#00bfa5,,,
2026-02-20,_GMTrade,GMTrade,,,56.0,,,,,0.0,,,,,2.0,,,,,#f79009,,
2026-02-20,_Pacifica,Pacifica,,,56.0,,,,,0.0,,,,,1.0,,,,,#545cf8,,
2026-02-20,_Drift,Drift,,,53.0,,,,,0.0,,,,,,,,,,,,
2026-02-20,_Phoenix,Phoenix,,,38.0,,,,,0.0,,,,,3.0,,,,,#904ea6,,
2026-02-20,_Flash Trade,Flash Trade,,,23.0,,,,,0.0,,,,,4.0,,,,,#63b512,,
2026-02-20,_Jupiter,Jupiter,,,3.0,,,,,0.0,,,,,6.0,,,,,#00bfa5,,
2026-02-20,Crypto,,,,,91.0,,,,,0.0,,,,,1.0,,,,,#545cf8,
2026-02-20,Commodity,,,,,8.0,,,,,0.0,,,,,3.0,,,,,#904ea6,
2026-02-20,Stock,,,,,8.0,,,,,0.0,,,,,2.0,,,,,#f79009,
2026-02-20,FX,,,,,6.0,,,,,0.0,,,,,4.0,,,,,#63b512,
2026-02-20,Index,,,,,2.0,,,,,0.0,,,,,5.0,,,,,#f0384a,
2026-02-19,Total,,115.0,,,,,0.0,,,,,1.0,,,,,#545cf8,,,,
2026-02-19,GMTrade,,,56.0,,,,,0.0,,,,,2.0,,,,,#f79009,,,
2026-02-19,Pacifica,,,56.0,,,,,0.0,,,,,1.0,,,,,#545cf8,,,
2026-02-19,Drift,,,53.0,,,,,0.0,,,,,,,,,,,,,
2026-02-19,Phoenix,,,38.0,,,,,0.0,,,,,3.0,,,,,#904ea6,,,
2026-02-19,Flash Trade,,,23.0,,,,,0.0,,,,,4.0,,,,,#63b512,,,
2026-02-19,Jupiter,,,3.0,,,,,0.0,,,,,6.0,,,,,#00bfa5,,,
2026-02-19,_GMTrade,GMTrade,,,56.0,,,,,0.0,,,,,2.0,,,,,#f79009,,
2026-02-19,_Pacifica,Pacifica,,,56.0,,,,,0.0,,,,,1.0,,,,,#545cf8,,
2026-02-19,_Drift,Drift,,,53.0,,,,,0.0,,,,,,,,,,,,
2026-02-19,_Phoenix,Phoenix,,,38.0,,,,,0.0,,,,,3.0,,,,,#904ea6,,
2026-02-19,_Flash Trade,Flash Trade,,,23.0,,,,,0.0,,,,,4.0,,,,,#63b512,,
2026-02-19,_Jupiter,Jupiter,,,3.0,,,,,0.0,,,,,6.0,,,,,#00bfa5,,
2026-02-19,Crypto,,,,,91.0,,,,,0.0,,,,,1.0,,,,,#545cf8,
2026-02-19,Stock,,,,,8.0,,,,,0.0,,,,,2.0,,,,,#f79009,
2026-02-19,Commodity,,,,,8.0,,,,,0.0,,,,,3.0,,,,,#904ea6,
2026-02-19,FX,,,,,6.0,,,,,0.0,,,,,4.0,,,,,#63b512,
2026-02-19,Index,,,,,2.0,,,,,0.0,,,,,5.0,,,,,#f0384a,
2026-02-18,Total,,115.0,,,,,0.0,,,,,1.0,,,,,#545cf8,,,,
2026-02-18,Pacifica,,,56.0,,,,,0.0,,,,,1.0,,,,,#545cf8,,,
2026-02-18,GMTrade,,,56.0,,,,,0.0,,,,,2.0,,,,,#f79009,,,
2026-02-18,Drift,,,53.0,,,,,0.0,,,,,,,,,,,,,
2026-02-18,Phoenix,,,38.0,,,,,0.0,,,,,3.0,,,,,#904ea6,,,
2026-02-18,Flash Trade,,,23.0,,,,,0.0,,,,,4.0,,,,,#63b512,,,
2026-02-18,Jupiter,,,3.0,,,,,0.0,,,,,6.0,,,,,#00bfa5,,,
2026-02-18,_GMTrade,GMTrade,,,56.0,,,,,0.0,,,,,2.0,,,,,#f79009,,
2026-02-18,_Pacifica,Pacifica,,,56.0,,,,,0.0,,,,,1.0,,,,,#545cf8,,
2026-02-18,_Drift,Drift,,,53.0,,,,,0.0,,,,,,,,,,,,
2026-02-18,_Phoenix,Phoenix,,,38.0,,,,,0.0,,,,,3.0,,,,,#904ea6,,
2026-02-18,_Flash Trade,Flash Trade,,,23.0,,,,,0.0,,,,,4.0,,,,,#63b512,,
2026-02-18,_Jupiter,Jupiter,,,3.0,,,,,0.0,,,,,6.0,,,,,#00bfa5,,
2026-02-18,Crypto,,,,,91.0,,,,,0.0,,,,,1.0,,,,,#545cf8,
2026-02-18,Commodity,,,,,8.0,,,,,0.0,,,,,3.0,,,,,#904ea6,
2026-02-18,Stock,,,,,8.0,,,,,0.0,,,,,2.0,,,,,#f79009,
2026-02-18,FX,,,,,6.0,,,,,0.0,,,,,4.0,,,,,#63b512,
2026-02-18,Index,,,,,2.0,,,,,0.0,,,,,5.0,,,,,#f0384a,
2026-02-17,Total,,115.0,,,,,0.0,,,,,1.0,,,,,#545cf8,,,,
2026-02-17,GMTrade,,,56.0,,,,,0.0,,,,,2.0,,,,,#f79009,,,
2026-02-17,Pacifica,,,56.0,,,,,0.0,,,,,1.0,,,,,#545cf8,,,
2026-02-17,Drift,,,53.0,,,,,0.0,,,,,,,,,,,,,
2026-02-17,Phoenix,,,38.0,,,,,0.0,,,,,3.0,,,,,#904ea6,,,
2026-02-17,Flash Trade,,,23.0,,,,,0.0,,,,,4.0,,,,,#63b512,,,
2026-02-17,Jupiter,,,3.0,,,,,0.0,,,,,6.0,,,,,#00bfa5,,,
2026-02-17,_Pacifica,Pacifica,,,56.0,,,,,0.0,,,,,1.0,,,,,#545cf8,,
2026-02-17,_GMTrade,GMTrade,,,56.0,,,,,0.0,,,,,2.0,,,,,#f79009,,
2026-02-17,_Drift,Drift,,,53.0,,,,,0.0,,,,,,,,,,,,
2026-02-17,_Phoenix,Phoenix,,,38.0,,,,,0.0,,,,,3.0,,,,,#904ea6,,
2026-02-17,_Flash Trade,Flash Trade,,,23.0,,,,,0.0,,,,,4.0,,,,,#63b512,,
2026-02-17,_Jupiter,Jupiter,,,3.0,,,,,0.0,,,,,6.0,,,,,#00bfa5,,
2026-02-17,Crypto,,,,,91.0,,,,,0.0,,,,,1.0,,,,,#545cf8,
2026-02-17,Stock,,,,,8.0,,,,,0.0,,,,,2.0,,,,,#f79009,
2026-02-17,Commodity,,,,,8.0,,,,,0.0,,,,,3.0,,,,,#904ea6,
2026-02-17,FX,,,,,6.0,,,,,0.0,,,,,4.0,,,,,#63b512,
2026-02-17,Index,,,,,2.0,,,,,0.0,,,,,5.0,,,,,#f0384a,
2026-02-16,Total,,115.0,,,,,0.0,,,,,1.0,,,,,#545cf8,,,,
2026-02-16,Pacifica,,,56.0,,,,,0.0,,,,,1.0,,,,,#545cf8,,,
2026-02-16,GMTrade,,,56.0,,,,,0.0,,,,,2.0,,,,,#f79009,,,
2026-02-16,Drift,,,53.0,,,,,0.0,,,,,,,,,,,,,
2026-02-16,Phoenix,,,38.0,,,,,0.0,,,,,3.0,,,,,#904ea6,,,
2026-02-16,Flash Trade,,,23.0,,,,,0.0,,,,,4.0,,,,,#63b512,,,
2026-02-16,Jupiter,,,3.0,,,,,0.0,,,,,6.0,,,,,#00bfa5,,,
2026-02-16,_GMTrade,GMTrade,,,56.0,,,,,0.0,,,,,2.0,,,,,#f79009,,
2026-02-16,_Pacifica,Pacifica,,,56.0,,,,,0.0,,,,,1.0,,,,,#545cf8,,
2026-02-16,_Drift,Drift,,,53.0,,,,,0.0,,,,,,,,,,,,
2026-02-16,_Phoenix,Phoenix,,,38.0,,,,,0.0,,,,,3.0,,,,,#904ea6,,
2026-02-16,_Flash Trade,Flash Trade,,,23.0,,,,,0.0,,,,,4.0,,,,,#63b512,,
2026-02-16,_Jupiter,Jupiter,,,3.0,,,,,0.0,,,,,6.0,,,,,#00bfa5,,
2026-02-16,Crypto,,,,,91.0,,,,,0.0,,,,,1.0,,,,,#545cf8,
2026-02-16,Commodity,,,,,8.0,,,,,0.0,,,,,3.0,,,,,#904ea6,
2026-02-16,Stock,,,,,8.0,,,,,0.0,,,,,2.0,,,,,#f79009,
2026-02-16,FX,,,,,6.0,,,,,0.0,,,,,4.0,,,,,#63b512,
2026-02-16,Index,,,,,2.0,,,,,0.0,,,,,5.0,,,,,#f0384a,
2026-02-15,Total,,115.0,,,,,0.0,,,,,1.0,,,,,#545cf8,,,,
2026-02-15,Pacifica,,,56.0,,,,,0.0,,,,,1.0,,,,,#545cf8,,,
2026-02-15,GMTrade,,,56.0,,,,,0.0,,,,,2.0,,,,,#f79009,,,
2026-02-15,Drift,,,53.0,,,,,0.0,,,,,,,,,,,,,
2026-02-15,Phoenix,,,38.0,,,,,0.0,,,,,3.0,,,,,#904ea6,,,
2026-02-15,Flash Trade,,,23.0,,,,,0.0,,,,,4.0,,,,,#63b512,,,
2026-02-15,Jupiter,,,3.0,,,,,0.0,,,,,6.0,,,,,#00bfa5,,,
2026-02-15,_GMTrade,GMTrade,,,56.0,,,,,0.0,,,,,2.0,,,,,#f79009,,
2026-02-15,_Pacifica,Pacifica,,,56.0,,,,,0.0,,,,,1.0,,,,,#545cf8,,
2026-02-15,_Drift,Drift,,,53.0,,,,,0.0,,,,,,,,,,,,
2026-02-15,_Phoenix,Phoenix,,,38.0,,,,,0.0,,,,,3.0,,,,,#904ea6,,
2026-02-15,_Flash Trade,Flash Trade,,,23.0,,,,,0.0,,,,,4.0,,,,,#63b512,,
2026-02-15,_Jupiter,Jupiter,,,3.0,,,,,0.0,,,,,6.0,,,,,#00bfa5,,
2026-02-15,Crypto,,,,,91.0,,,,,0.0,,,,,1.0,,,,,#545cf8,
2026-02-15,Stock,,,,,8.0,,,,,0.0,,,,,2.0,,,,,#f79009,
2026-02-15,Commodity,,,,,8.0,,,,,0.0,,,,,3.0,,,,,#904ea6,
2026-02-15,FX,,,,,6.0,,,,,0.0,,,,,4.0,,,,,#63b512,
2026-02-15,Index,,,,,2.0,,,,,0.0,,,,,5.0,,,,,#f0384a,
2026-02-14,Total,,115.0,,,,,0.0,,,,,1.0,,,,,#545cf8,,,,
2026-02-14,GMTrade,,,56.0,,,,,0.0,,,,,2.0,,,,,#f79009,,,
2026-02-14,Pacifica,,,56.0,,,,,0.0,,,,,1.0,,,,,#545cf8,,,
2026-02-14,Drift,,,53.0,,,,,0.0,,,,,,,,,,,,,
2026-02-14,Phoenix,,,38.0,,,,,0.0,,,,,3.0,,,,,#904ea6,,,
2026-02-14,Flash Trade,,,23.0,,,,,0.0,,,,,4.0,,,,,#63b512,,,
2026-02-14,Jupiter,,,3.0,,,,,0.0,,,,,6.0,,,,,#00bfa5,,,
2026-02-14,_Pacifica,Pacifica,,,56.0,,,,,0.0,,,,,1.0,,,,,#545cf8,,
2026-02-14,_GMTrade,GMTrade,,,56.0,,,,,0.0,,,,,2.0,,,,,#f79009,,
2026-02-14,_Drift,Drift,,,53.0,,,,,0.0,,,,,,,,,,,,
2026-02-14,_Phoenix,Phoenix,,,38.0,,,,,0.0,,,,,3.0,,,,,#904ea6,,
2026-02-14,_Flash Trade,Flash Trade,,,23.0,,,,,0.0,,,,,4.0,,,,,#63b512,,
2026-02-14,_Jupiter,Jupiter,,,3.0,,,,,0.0,,,,,6.0,,,,,#00bfa5,,
2026-02-14,Crypto,,,,,91.0,,,,,0.0,,,,,1.0,,,,,#545cf8,
2026-02-14,Stock,,,,,8.0,,,,,0.0,,,,,2.0,,,,,#f79009,
2026-02-14,Commodity,,,,,8.0,,,,,0.0,,,,,3.0,,,,,#904ea6,
2026-02-14,FX,,,,,6.0,,,,,0.0,,,,,4.0,,,,,#63b512,
2026-02-14,Index,,,,,2.0,,,,,0.0,,,,,5.0,,,,,#f0384a,
2026-02-13,Total,,115.0,,,,,0.0,,,,,1.0,,,,,#545cf8,,,,
2026-02-13,GMTrade,,,56.0,,,,,0.0,,,,,2.0,,,,,#f79009,,,
2026-02-13,Pacifica,,,56.0,,,,,0.0,,,,,1.0,,,,,#545cf8,,,
2026-02-13,Drift,,,53.0,,,,,0.0,,,,,,,,,,,,,
2026-02-13,Phoenix,,,38.0,,,,,0.0,,,,,3.0,,,,,#904ea6,,,
2026-02-13,Flash Trade,,,23.0,,,,,0.0,,,,,4.0,,,,,#63b512,,,
2026-02-13,Jupiter,,,3.0,,,,,0.0,,,,,6.0,,,,,#00bfa5,,,
2026-02-13,_GMTrade,GMTrade,,,56.0,,,,,0.0,,,,,2.0,,,,,#f79009,,
2026-02-13,_Pacifica,Pacifica,,,56.0,,,,,0.0,,,,,1.0,,,,,#545cf8,,
2026-02-13,_Drift,Drift,,,53.0,,,,,0.0,,,,,,,,,,,,
2026-02-13,_Phoenix,Phoenix,,,38.0,,,,,0.0,,,,,3.0,,,,,#904ea6,,
2026-02-13,_Flash Trade,Flash Trade,,,23.0,,,,,0.0,,,,,4.0,,,,,#63b512,,
2026-02-13,_Jupiter,Jupiter,,,3.0,,,,,0.0,,,,,6.0,,,,,#00bfa5,,
2026-02-13,Crypto,,,,,91.0,,,,,0.0,,,,,1.0,,,,,#545cf8,
2026-02-13,Commodity,,,,,8.0,,,,,0.0,,,,,3.0,,,,,#904ea6,
2026-02-13,Stock,,,,,8.0,,,,,0.0,,,,,2.0,,,,,#f79009,
2026-02-13,FX,,,,,6.0,,,,,0.0,,,,,4.0,,,,,#63b512,
2026-02-13,Index,,,,,2.0,,,,,0.0,,,,,5.0,,,,,#f0384a,
2026-02-12,Total,,115.0,,,,,0.0,,,,,1.0,,,,,#545cf8,,,,
2026-02-12,Pacifica,,,56.0,,,,,0.0,,,,,1.0,,,,,#545cf8,,,
2026-02-12,GMTrade,,,56.0,,,,,0.0,,,,,2.0,,,,,#f79009,,,
2026-02-12,Drift,,,53.0,,,,,0.0,,,,,,,,,,,,,
2026-02-12,Phoenix,,,38.0,,,,,0.0,,,,,3.0,,,,,#904ea6,,,
2026-02-12,Flash Trade,,,23.0,,,,,0.0,,,,,4.0,,,,,#63b512,,,
2026-02-12,Jupiter,,,3.0,,,,,0.0,,,,,6.0,,,,,#00bfa5,,,
2026-02-12,_GMTrade,GMTrade,,,56.0,,,,,0.0,,,,,2.0,,,,,#f79009,,
2026-02-12,_Pacifica,Pacifica,,,56.0,,,,,0.0,,,,,1.0,,,,,#545cf8,,
2026-02-12,_Drift,Drift,,,53.0,,,,,0.0,,,,,,,,,,,,
2026-02-12,_Phoenix,Phoenix,,,38.0,,,,,0.0,,,,,3.0,,,,,#904ea6,,
2026-02-12,_Flash Trade,Flash Trade,,,23.0,,,,,0.0,,,,,4.0,,,,,#63b512,,
2026-02-12,_Jupiter,Jupiter,,,3.0,,,,,0.0,,,,,6.0,,,,,#00bfa5,,
2026-02-12,Crypto,,,,,91.0,,,,,0.0,,,,,1.0,,,,,#545cf8,
2026-02-12,Commodity,,,,,8.0,,,,,0.0,,,,,3.0,,,,,#904ea6,
2026-02-12,Stock,,,,,8.0,,,,,0.0,,,,,2.0,,,,,#f79009,
2026-02-12,FX,,,,,6.0,,,,,0.0,,,,,4.0,,,,,#63b512,
2026-02-12,Index,,,,,2.0,,,,,0.0,,,,,5.0,,,,,#f0384a,
2026-02-11,Total,,115.0,,,,,3.0,,,,,1.0,,,,,#545cf8,,,,
2026-02-11,Pacifica,,,56.0,,,,,6.0,,,,,1.0,,,,,#545cf8,,,
2026-02-11,GMTrade,,,56.0,,,,,0.0,,,,,2.0,,,,,#f79009,,,
2026-02-11,Drift,,,53.0,,,,,0.0,,,,,,,,,,,,,
2026-02-11,Phoenix,,,38.0,,,,,0.0,,,,,3.0,,,,,#904ea6,,,
2026-02-11,Flash Trade,,,23.0,,,,,0.0,,,,,4.0,,,,,#63b512,,,
2026-02-11,Jupiter,,,3.0,,,,,0.0,,,,,6.0,,,,,#00bfa5,,,
2026-02-11,_GMTrade,GMTrade,,,56.0,,,,,0.0,,,,,2.0,,,,,#f79009,,
2026-02-11,_Pacifica,Pacifica,,,56.0,,,,,6.0,,,,,1.0,,,,,#545cf8,,
2026-02-11,_Drift,Drift,,,53.0,,,,,0.0,,,,,,,,,,,,
2026-02-11,_Phoenix,Phoenix,,,38.0,,,,,0.0,,,,,3.0,,,,,#904ea6,,
2026-02-11,_Flash Trade,Flash Trade,,,23.0,,,,,0.0,,,,,4.0,,,,,#63b512,,
2026-02-11,_Jupiter,Jupiter,,,3.0,,,,,0.0,,,,,6.0,,,,,#00bfa5,,
2026-02-11,Crypto,,,,,91.0,,,,,2.0,,,,,1.0,,,,,#545cf8,
2026-02-11,Commodity,,,,,8.0,,,,,1.0,,,,,3.0,,,,,#904ea6,
2026-02-11,Stock,,,,,8.0,,,,,0.0,,,,,2.0,,,,,#f79009,
2026-02-11,FX,,,,,6.0,,,,,0.0,,,,,4.0,,,,,#63b512,
2026-02-11,Index,,,,,2.0,,,,,0.0,,,,,5.0,,,,,#f0384a,
2026-02-10,Total,,112.0,,,,,0.0,,,,,1.0,,,,,#545cf8,,,,
2026-02-10,GMTrade,,,56.0,,,,,0.0,,,,,2.0,,,,,#f79009,,,
2026-02-10,Drift,,,53.0,,,,,0.0,,,,,,,,,,,,,
2026-02-10,Pacifica,,,50.0,,,,,0.0,,,,,1.0,,,,,#545cf8,,,
2026-02-10,Phoenix,,,38.0,,,,,0.0,,,,,3.0,,,,,#904ea6,,,
2026-02-10,Flash Trade,,,23.0,,,,,0.0,,,,,4.0,,,,,#63b512,,,
2026-02-10,Jupiter,,,3.0,,,,,0.0,,,,,6.0,,,,,#00bfa5,,,
2026-02-10,_GMTrade,GMTrade,,,56.0,,,,,0.0,,,,,2.0,,,,,#f79009,,
2026-02-10,_Drift,Drift,,,53.0,,,,,0.0,,,,,,,,,,,,
2026-02-10,_Pacifica,Pacifica,,,50.0,,,,,0.0,,,,,1.0,,,,,#545cf8,,
2026-02-10,_Phoenix,Phoenix,,,38.0,,,,,0.0,,,,,3.0,,,,,#904ea6,,
2026-02-10,_Flash Trade,Flash Trade,,,23.0,,,,,0.0,,,,,4.0,,,,,#63b512,,
2026-02-10,_Jupiter,Jupiter,,,3.0,,,,,0.0,,,,,6.0,,,,,#00bfa5,,
2026-02-10,Crypto,,,,,89.0,,,,,0.0,,,,,1.0,,,,,#545cf8,
2026-02-10,Stock,,,,,8.0,,,,,0.0,,,,,2.0,,,,,#f79009,
2026-02-10,Commodity,,,,,7.0,,,,,0.0,,,,,3.0,,,,,#904ea6,
2026-02-10,FX,,,,,6.0,,,,,0.0,,,,,4.0,,,,,#63b512,
2026-02-10,Index,,,,,2.0,,,,,0.0,,,,,5.0,,,,,#f0384a,
2026-02-09,Total,,112.0,,,,,0.0,,,,,1.0,,,,,#545cf8,,,,
2026-02-09,GMTrade,,,56.0,,,,,0.0,,,,,2.0,,,,,#f79009,,,
2026-02-09,Drift,,,53.0,,,,,0.0,,,,,,,,,,,,,
2026-02-09,Pacifica,,,50.0,,,,,0.0,,,,,1.0,,,,,#545cf8,,,
2026-02-09,Phoenix,,,38.0,,,,,0.0,,,,,3.0,,,,,#904ea6,,,
2026-02-09,Flash Trade,,,23.0,,,,,0.0,,,,,4.0,,,,,#63b512,,,
2026-02-09,Jupiter,,,3.0,,,,,0.0,,,,,6.0,,,,,#00bfa5,,,
2026-02-09,_GMTrade,GMTrade,,,56.0,,,,,0.0,,,,,2.0,,,,,#f79009,,
2026-02-09,_Drift,Drift,,,53.0,,,,,0.0,,,,,,,,,,,,
2026-02-09,_Pacifica,Pacifica,,,50.0,,,,,0.0,,,,,1.0,,,,,#545cf8,,
2026-02-09,_Phoenix,Phoenix,,,38.0,,,,,0.0,,,,,3.0,,,,,#904ea6,,
2026-02-09,_Flash Trade,Flash Trade,,,23.0,,,,,0.0,,,,,4.0,,,,,#63b512,,
2026-02-09,_Jupiter,Jupiter,,,3.0,,,,,0.0,,,,,6.0,,,,,#00bfa5,,
2026-02-09,Crypto,,,,,89.0,,,,,0.0,,,,,1.0,,,,,#545cf8,
2026-02-09,Stock,,,,,8.0,,,,,0.0,,,,,2.0,,,,,#f79009,
2026-02-09,Commodity,,,,,7.0,,,,,0.0,,,,,3.0,,,,,#904ea6,
2026-02-09,FX,,,,,6.0,,,,,0.0,,,,,4.0,,,,,#63b512,
2026-02-09,Index,,,,,2.0,,,,,0.0,,,,,5.0,,,,,#f0384a,
2026-02-08,Total,,112.0,,,,,0.0,,,,,1.0,,,,,#545cf8,,,,
2026-02-08,GMTrade,,,56.0,,,,,0.0,,,,,2.0,,,,,#f79009,,,
2026-02-08,Drift,,,53.0,,,,,0.0,,,,,,,,,,,,,
2026-02-08,Pacifica,,,50.0,,,,,0.0,,,,,1.0,,,,,#545cf8,,,
2026-02-08,Phoenix,,,38.0,,,,,0.0,,,,,3.0,,,,,#904ea6,,,
2026-02-08,Flash Trade,,,23.0,,,,,0.0,,,,,4.0,,,,,#63b512,,,
2026-02-08,Jupiter,,,3.0,,,,,0.0,,,,,6.0,,,,,#00bfa5,,,
2026-02-08,_GMTrade,GMTrade,,,56.0,,,,,0.0,,,,,2.0,,,,,#f79009,,
2026-02-08,_Drift,Drift,,,53.0,,,,,0.0,,,,,,,,,,,,
2026-02-08,_Pacifica,Pacifica,,,50.0,,,,,0.0,,,,,1.0,,,,,#545cf8,,
2026-02-08,_Phoenix,Phoenix,,,38.0,,,,,0.0,,,,,3.0,,,,,#904ea6,,
2026-02-08,_Flash Trade,Flash Trade,,,23.0,,,,,0.0,,,,,4.0,,,,,#63b512,,
2026-02-08,_Jupiter,Jupiter,,,3.0,,,,,0.0,,,,,6.0,,,,,#00bfa5,,
2026-02-08,Crypto,,,,,89.0,,,,,0.0,,,,,1.0,,,,,#545cf8,
2026-02-08,Stock,,,,,8.0,,,,,0.0,,,,,2.0,,,,,#f79009,
2026-02-08,Commodity,,,,,7.0,,,,,0.0,,,,,3.0,,,,,#904ea6,
2026-02-08,FX,,,,,6.0,,,,,0.0,,,,,4.0,,,,,#63b512,
2026-02-08,Index,,,,,2.0,,,,,0.0,,,,,5.0,,,,,#f0384a,
2026-02-07,Total,,112.0,,,,,-2.0,,,,,1.0,,,,,#545cf8,,,,
2026-02-07,GMTrade,,,56.0,,,,,0.0,,,,,2.0,,,,,#f79009,,,
2026-02-07,Drift,,,53.0,,,,,-2.0,,,,,,,,,,,,,
2026-02-07,Pacifica,,,50.0,,,,,0.0,,,,,1.0,,,,,#545cf8,,,
2026-02-07,Phoenix,,,38.0,,,,,0.0,,,,,3.0,,,,,#904ea6,,,
2026-02-07,Flash Trade,,,23.0,,,,,0.0,,,,,4.0,,,,,#63b512,,,
2026-02-07,Jupiter,,,3.0,,,,,0.0,,,,,6.0,,,,,#00bfa5,,,
2026-02-07,_GMTrade,GMTrade,,,56.0,,,,,0.0,,,,,2.0,,,,,#f79009,,
2026-02-07,_Drift,Drift,,,53.0,,,,,-2.0,,,,,,,,,,,,
2026-02-07,_Pacifica,Pacifica,,,50.0,,,,,0.0,,,,,1.0,,,,,#545cf8,,
2026-02-07,_Phoenix,Phoenix,,,38.0,,,,,0.0,,,,,3.0,,,,,#904ea6,,
2026-02-07,_Flash Trade,Flash Trade,,,23.0,,,,,0.0,,,,,4.0,,,,,#63b512,,
2026-02-07,_Jupiter,Jupiter,,,3.0,,,,,0.0,,,,,6.0,,,,,#00bfa5,,
2026-02-07,Crypto,,,,,89.0,,,,,-2.0,,,,,1.0,,,,,#545cf8,
2026-02-07,Stock,,,,,8.0,,,,,0.0,,,,,2.0,,,,,#f79009,
2026-02-07,Commodity,,,,,7.0,,,,,0.0,,,,,3.0,,,,,#904ea6,
2026-02-07,FX,,,,,6.0,,,,,0.0,,,,,4.0,,,,,#63b512,
2026-02-07,Index,,,,,2.0,,,,,0.0,,,,,5.0,,,,,#f0384a,
2026-02-06,Total,,114.0,,,,,0.0,,,,,1.0,,,,,#545cf8,,,,
2026-02-06,GMTrade,,,56.0,,,,,0.0,,,,,2.0,,,,,#f79009,,,
2026-02-06,Drift,,,55.0,,,,,0.0,,,,,,,,,,,,,
2026-02-06,Pacifica,,,50.0,,,,,0.0,,,,,1.0,,,,,#545cf8,,,
2026-02-06,Phoenix,,,38.0,,,,,0.0,,,,,3.0,,,,,#904ea6,,,
2026-02-06,Flash Trade,,,23.0,,,,,0.0,,,,,4.0,,,,,#63b512,,,
2026-02-06,Jupiter,,,3.0,,,,,0.0,,,,,6.0,,,,,#00bfa5,,,
2026-02-06,_GMTrade,GMTrade,,,56.0,,,,,0.0,,,,,2.0,,,,,#f79009,,
2026-02-06,_Drift,Drift,,,55.0,,,,,0.0,,,,,,,,,,,,
2026-02-06,_Pacifica,Pacifica,,,50.0,,,,,0.0,,,,,1.0,,,,,#545cf8,,
2026-02-06,_Phoenix,Phoenix,,,38.0,,,,,0.0,,,,,3.0,,,,,#904ea6,,
2026-02-06,_Flash Trade,Flash Trade,,,23.0,,,,,0.0,,,,,4.0,,,,,#63b512,,
2026-02-06,_Jupiter,Jupiter,,,3.0,,,,,0.0,,,,,6.0,,,,,#00bfa5,,
2026-02-06,Crypto,,,,,91.0,,,,,0.0,,,,,1.0,,,,,#545cf8,
2026-02-06,Stock,,,,,8.0,,,,,0.0,,,,,2.0,,,,,#f79009,
2026-02-06,Commodity,,,,,7.0,,,,,0.0,,,,,3.0,,,,,#904ea6,
2026-02-06,FX,,,,,6.0,,,,,0.0,,,,,4.0,,,,,#63b512,
2026-02-06,Index,,,,,2.0,,,,,0.0,,,,,5.0,,,,,#f0384a,
2026-02-05,Total,,114.0,,,,,0.0,,,,,1.0,,,,,#545cf8,,,,
2026-02-05,GMTrade,,,56.0,,,,,2.0,,,,,2.0,,,,,#f79009,,,
2026-02-05,Drift,,,55.0,,,,,0.0,,,,,,,,,,,,,
2026-02-05,Pacifica,,,50.0,,,,,0.0,,,,,1.0,,,,,#545cf8,,,
2026-02-05,Phoenix,,,38.0,,,,,0.0,,,,,3.0,,,,,#904ea6,,,
2026-02-05,Flash Trade,,,23.0,,,,,0.0,,,,,4.0,,,,,#63b512,,,
2026-02-05,Jupiter,,,3.0,,,,,0.0,,,,,6.0,,,,,#00bfa5,,,
2026-02-05,_GMTrade,GMTrade,,,56.0,,,,,2.0,,,,,2.0,,,,,#f79009,,
2026-02-05,_Drift,Drift,,,55.0,,,,,0.0,,,,,,,,,,,,
2026-02-05,_Pacifica,Pacifica,,,50.0,,,,,0.0,,,,,1.0,,,,,#545cf8,,
2026-02-05,_Phoenix,Phoenix,,,38.0,,,,,0.0,,,,,3.0,,,,,#904ea6,,
2026-02-05,_Flash Trade,Flash Trade,,,23.0,,,,,0.0,,,,,4.0,,,,,#63b512,,
2026-02-05,_Jupiter,Jupiter,,,3.0,,,,,0.0,,,,,6.0,,,,,#00bfa5,,
2026-02-05,Crypto,,,,,91.0,,,,,0.0,,,,,1.0,,,,,#545cf8,
2026-02-05,Stock,,,,,8.0,,,,,0.0,,,,,2.0,,,,,#f79009,
2026-02-05,Commodity,,,,,7.0,,,,,0.0,,,,,3.0,,,,,#904ea6,
2026-02-05,FX,,,,,6.0,,,,,0.0,,,,,4.0,,,,,#63b512,
2026-02-05,Index,,,,,2.0,,,,,0.0,,,,,5.0,,,,,#f0384a,
2026-02-04,Total,,114.0,,,,,0.0,,,,,1.0,,,,,#545cf8,,,,
2026-02-04,Drift,,,55.0,,,,,0.0,,,,,,,,,,,,,
2026-02-04,GMTrade,,,54.0,,,,,0.0,,,,,2.0,,,,,#f79009,,,
2026-02-04,Pacifica,,,50.0,,,,,0.0,,,,,1.0,,,,,#545cf8,,,
2026-02-04,Phoenix,,,38.0,,,,,0.0,,,,,3.0,,,,,#904ea6,,,
2026-02-04,Flash Trade,,,23.0,,,,,0.0,,,,,4.0,,,,,#63b512,,,
2026-02-04,Jupiter,,,3.0,,,,,0.0,,,,,6.0,,,,,#00bfa5,,,
2026-02-04,_Drift,Drift,,,55.0,,,,,0.0,,,,,,,,,,,,
2026-02-04,_GMTrade,GMTrade,,,54.0,,,,,0.0,,,,,2.0,,,,,#f79009,,
2026-02-04,_Pacifica,Pacifica,,,50.0,,,,,0.0,,,,,1.0,,,,,#545cf8,,
2026-02-04,_Phoenix,Phoenix,,,38.0,,,,,0.0,,,,,3.0,,,,,#904ea6,,
2026-02-04,_Flash Trade,Flash Trade,,,23.0,,,,,0.0,,,,,4.0,,,,,#63b512,,
2026-02-04,_Jupiter,Jupiter,,,3.0,,,,,0.0,,,,,6.0,,,,,#00bfa5,,
2026-02-04,Crypto,,,,,91.0,,,,,0.0,,,,,1.0,,,,,#545cf8,
2026-02-04,Stock,,,,,8.0,,,,,0.0,,,,,2.0,,,,,#f79009,
2026-02-04,Commodity,,,,,7.0,,,,,0.0,,,,,3.0,,,,,#904ea6,
2026-02-04,FX,,,,,6.0,,,,,0.0,,,,,4.0,,,,,#63b512,
2026-02-04,Index,,,,,2.0,,,,,0.0,,,,,5.0,,,,,#f0384a,
2026-02-03,Total,,114.0,,,,,0.0,,,,,1.0,,,,,#545cf8,,,,
2026-02-03,Drift,,,55.0,,,,,-1.0,,,,,,,,,,,,,
2026-02-03,GMTrade,,,54.0,,,,,1.0,,,,,2.0,,,,,#f79009,,,
2026-02-03,Pacifica,,,50.0,,,,,0.0,,,,,1.0,,,,,#545cf8,,,
2026-02-03,Phoenix,,,38.0,,,,,0.0,,,,,3.0,,,,,#904ea6,,,
2026-02-03,Flash Trade,,,23.0,,,,,0.0,,,,,4.0,,,,,#63b512,,,
2026-02-03,Jupiter,,,3.0,,,,,0.0,,,,,6.0,,,,,#00bfa5,,,
2026-02-03,_Drift,Drift,,,55.0,,,,,-1.0,,,,,,,,,,,,
2026-02-03,_GMTrade,GMTrade,,,54.0,,,,,1.0,,,,,2.0,,,,,#f79009,,
2026-02-03,_Pacifica,Pacifica,,,50.0,,,,,0.0,,,,,1.0,,,,,#545cf8,,
2026-02-03,_Phoenix,Phoenix,,,38.0,,,,,0.0,,,,,3.0,,,,,#904ea6,,
2026-02-03,_Flash Trade,Flash Trade,,,23.0,,,,,0.0,,,,,4.0,,,,,#63b512,,
2026-02-03,_Jupiter,Jupiter,,,3.0,,,,,0.0,,,,,6.0,,,,,#00bfa5,,
2026-02-03,Crypto,,,,,91.0,,,,,0.0,,,,,1.0,,,,,#545cf8,
2026-02-03,Stock,,,,,8.0,,,,,0.0,,,,,2.0,,,,,#f79009,
2026-02-03,Commodity,,,,,7.0,,,,,0.0,,,,,3.0,,,,,#904ea6,
2026-02-03,FX,,,,,6.0,,,,,0.0,,,,,4.0,,,,,#63b512,
2026-02-03,Index,,,,,2.0,,,,,0.0,,,,,5.0,,,,,#f0384a,
2026-02-02,Total,,114.0,,,,,1.0,,,,,1.0,,,,,#545cf8,,,,
2026-02-02,Drift,,,56.0,,,,,0.0,,,,,,,,,,,,,
2026-02-02,GMTrade,,,53.0,,,,,0.0,,,,,2.0,,,,,#f79009,,,
2026-02-02,Pacifica,,,50.0,,,,,0.0,,,,,1.0,,,,,#545cf8,,,
2026-02-02,Phoenix,,,38.0,,,,,0.0,,,,,3.0,,,,,#904ea6,,,
2026-02-02,Flash Trade,,,23.0,,,,,2.0,,,,,4.0,,,,,#63b512,,,
2026-02-02,Jupiter,,,3.0,,,,,0.0,,,,,6.0,,,,,#00bfa5,,,
2026-02-02,_Drift,Drift,,,56.0,,,,,0.0,,,,,,,,,,,,
2026-02-02,_GMTrade,GMTrade,,,53.0,,,,,0.0,,,,,2.0,,,,,#f79009,,
2026-02-02,_Pacifica,Pacifica,,,50.0,,,,,0.0,,,,,1.0,,,,,#545cf8,,
2026-02-02,_Phoenix,Phoenix,,,38.0,,,,,0.0,,,,,3.0,,,,,#904ea6,,
2026-02-02,_Flash Trade,Flash Trade,,,23.0,,,,,2.0,,,,,4.0,,,,,#63b512,,
2026-02-02,_Jupiter,Jupiter,,,3.0,,,,,0.0,,,,,6.0,,,,,#00bfa5,,
2026-02-02,Crypto,,,,,91.0,,,,,0.0,,,,,1.0,,,,,#545cf8,
2026-02-02,Stock,,,,,8.0,,,,,0.0,,,,,2.0,,,,,#f79009,
2026-02-02,Commodity,,,,,7.0,,,,,0.0,,,,,3.0,,,,,#904ea6,
2026-02-02,FX,,,,,6.0,,,,,1.0,,,,,4.0,,,,,#63b512,
2026-02-02,Index,,,,,2.0,,,,,0.0,,,,,5.0,,,,,#f0384a,
2026-02-01,Total,,113.0,,,,,-1.0,,,,,1.0,,,,,#545cf8,,,,
2026-02-01,Drift,,,56.0,,,,,-1.0,,,,,,,,,,,,,
2026-02-01,GMTrade,,,53.0,,,,,0.0,,,,,2.0,,,,,#f79009,,,
2026-02-01,Pacifica,,,50.0,,,,,0.0,,,,,1.0,,,,,#545cf8,,,
2026-02-01,Phoenix,,,38.0,,,,,0.0,,,,,3.0,,,,,#904ea6,,,
2026-02-01,Flash Trade,,,21.0,,,,,0.0,,,,,4.0,,,,,#63b512,,,
2026-02-01,Jupiter,,,3.0,,,,,0.0,,,,,6.0,,,,,#00bfa5,,,
2026-02-01,_Drift,Drift,,,56.0,,,,,-1.0,,,,,,,,,,,,
2026-02-01,_GMTrade,GMTrade,,,53.0,,,,,0.0,,,,,2.0,,,,,#f79009,,
2026-02-01,_Pacifica,Pacifica,,,50.0,,,,,0.0,,,,,1.0,,,,,#545cf8,,
2026-02-01,_Phoenix,Phoenix,,,38.0,,,,,0.0,,,,,3.0,,,,,#904ea6,,
2026-02-01,_Flash Trade,Flash Trade,,,21.0,,,,,0.0,,,,,4.0,,,,,#63b512,,
2026-02-01,_Jupiter,Jupiter,,,3.0,,,,,0.0,,,,,6.0,,,,,#00bfa5,,
2026-02-01,Crypto,,,,,91.0,,,,,-1.0,,,,,1.0,,,,,#545cf8,
2026-02-01,Stock,,,,,8.0,,,,,0.0,,,,,2.0,,,,,#f79009,
2026-02-01,Commodity,,,,,7.0,,,,,0.0,,,,,3.0,,,,,#904ea6,
2026-02-01,FX,,,,,5.0,,,,,0.0,,,,,4.0,,,,,#63b512,
2026-02-01,Index,,,,,2.0,,,,,0.0,,,,,5.0,,,,,#f0384a,
2026-01-31,Total,,114.0,,,,,0.0,,,,,1.0,,,,,#545cf8,,,,
2026-01-31,Drift,,,57.0,,,,,0.0,,,,,,,,,,,,,
2026-01-31,GMTrade,,,53.0,,,,,0.0,,,,,2.0,,,,,#f79009,,,
2026-01-31,Pacifica,,,50.0,,,,,0.0,,,,,1.0,,,,,#545cf8,,,
2026-01-31,Phoenix,,,38.0,,,,,0.0,,,,,3.0,,,,,#904ea6,,,
2026-01-31,Flash Trade,,,21.0,,,,,0.0,,,,,4.0,,,,,#63b512,,,
2026-01-31,Jupiter,,,3.0,,,,,0.0,,,,,6.0,,,,,#00bfa5,,,
2026-01-31,_Drift,Drift,,,57.0,,,,,0.0,,,,,,,,,,,,
2026-01-31,_GMTrade,GMTrade,,,53.0,,,,,0.0,,,,,2.0,,,,,#f79009,,
2026-01-31,_Pacifica,Pacifica,,,50.0,,,,,0.0,,,,,1.0,,,,,#545cf8,,
2026-01-31,_Phoenix,Phoenix,,,38.0,,,,,0.0,,,,,3.0,,,,,#904ea6,,
2026-01-31,_Flash Trade,Flash Trade,,,21.0,,,,,0.0,,,,,4.0,,,,,#63b512,,
2026-01-31,_Jupiter,Jupiter,,,3.0,,,,,0.0,,,,,6.0,,,,,#00bfa5,,
2026-01-31,Crypto,,,,,92.0,,,,,0.0,,,,,1.0,,,,,#545cf8,
2026-01-31,Stock,,,,,8.0,,,,,0.0,,,,,2.0,,,,,#f79009,
2026-01-31,Commodity,,,,,7.0,,,,,0.0,,,,,3.0,,,,,#904ea6,
2026-01-31,FX,,,,,5.0,,,,,0.0,,,,,4.0,,,,,#63b512,
2026-01-31,Index,,,,,2.0,,,,,0.0,,,,,5.0,,,,,#f0384a,
2026-01-30,Total,,114.0,,,,,0.0,,,,,1.0,,,,,#545cf8,,,,
2026-01-30,Drift,,,57.0,,,,,0.0,,,,,,,,,,,,,
2026-01-30,GMTrade,,,53.0,,,,,0.0,,,,,2.0,,,,,#f79009,,,
2026-01-30,Pacifica,,,50.0,,,,,0.0,,,,,1.0,,,,,#545cf8,,,
2026-01-30,Phoenix,,,38.0,,,,,1.0,,,,,3.0,,,,,#904ea6,,,
2026-01-30,Flash Trade,,,21.0,,,,,0.0,,,,,4.0,,,,,#63b512,,,
2026-01-30,Jupiter,,,3.0,,,,,0.0,,,,,6.0,,,,,#00bfa5,,,
2026-01-30,_Drift,Drift,,,57.0,,,,,0.0,,,,,,,,,,,,
2026-01-30,_GMTrade,GMTrade,,,53.0,,,,,0.0,,,,,2.0,,,,,#f79009,,
2026-01-30,_Pacifica,Pacifica,,,50.0,,,,,0.0,,,,,1.0,,,,,#545cf8,,
2026-01-30,_Phoenix,Phoenix,,,38.0,,,,,1.0,,,,,3.0,,,,,#904ea6,,
2026-01-30,_Flash Trade,Flash Trade,,,21.0,,,,,0.0,,,,,4.0,,,,,#63b512,,
2026-01-30,_Jupiter,Jupiter,,,3.0,,,,,0.0,,,,,6.0,,,,,#00bfa5,,
2026-01-30,Crypto,,,,,92.0,,,,,0.0,,,,,1.0,,,,,#545cf8,
2026-01-30,Stock,,,,,8.0,,,,,0.0,,,,,2.0,,,,,#f79009,
2026-01-30,Commodity,,,,,7.0,,,,,0.0,,,,,3.0,,,,,#904ea6,
2026-01-30,FX,,,,,5.0,,,,,0.0,,,,,4.0,,,,,#63b512,
2026-01-30,Index,,,,,2.0,,,,,0.0,,,,,5.0,,,,,#f0384a,
2026-01-29,Total,,114.0,,,,,0.0,,,,,1.0,,,,,#545cf8,,,,
2026-01-29,Drift,,,57.0,,,,,0.0,,,,,,,,,,,,,
2026-01-29,GMTrade,,,53.0,,,,,0.0,,,,,2.0,,,,,#f79009,,,
2026-01-29,Pacifica,,,50.0,,,,,0.0,,,,,1.0,,,,,#545cf8,,,
2026-01-29,Phoenix,,,37.0,,,,,0.0,,,,,3.0,,,,,#904ea6,,,
2026-01-29,Flash Trade,,,21.0,,,,,0.0,,,,,4.0,,,,,#63b512,,,
2026-01-29,Jupiter,,,3.0,,,,,0.0,,,,,6.0,,,,,#00bfa5,,,
2026-01-29,_Drift,Drift,,,57.0,,,,,0.0,,,,,,,,,,,,
2026-01-29,_GMTrade,GMTrade,,,53.0,,,,,0.0,,,,,2.0,,,,,#f79009,,
2026-01-29,_Pacifica,Pacifica,,,50.0,,,,,0.0,,,,,1.0,,,,,#545cf8,,
2026-01-29,_Phoenix,Phoenix,,,37.0,,,,,0.0,,,,,3.0,,,,,#904ea6,,
2026-01-29,_Flash Trade,Flash Trade,,,21.0,,,,,0.0,,,,,4.0,,,,,#63b512,,
2026-01-29,_Jupiter,Jupiter,,,3.0,,,,,0.0,,,,,6.0,,,,,#00bfa5,,
2026-01-29,Crypto,,,,,92.0,,,,,0.0,,,,,1.0,,,,,#545cf8,
2026-01-29,Stock,,,,,8.0,,,,,0.0,,,,,2.0,,,,,#f79009,
2026-01-29,Commodity,,,,,7.0,,,,,0.0,,,,,3.0,,,,,#904ea6,
2026-01-29,FX,,,,,5.0,,,,,0.0,,,,,4.0,,,,,#63b512,
2026-01-29,Index,,,,,2.0,,,,,0.0,,,,,5.0,,,,,#f0384a,
2026-01-28,Total,,114.0,,,,,0.0,,,,,1.0,,,,,#545cf8,,,,
2026-01-28,Drift,,,57.0,,,,,0.0,,,,,,,,,,,,,
2026-01-28,GMTrade,,,53.0,,,,,0.0,,,,,2.0,,,,,#f79009,,,
2026-01-28,Pacifica,,,50.0,,,,,0.0,,,,,1.0,,,,,#545cf8,,,
2026-01-28,Phoenix,,,37.0,,,,,0.0,,,,,3.0,,,,,#904ea6,,,
2026-01-28,Flash Trade,,,21.0,,,,,0.0,,,,,4.0,,,,,#63b512,,,
2026-01-28,Jupiter,,,3.0,,,,,0.0,,,,,6.0,,,,,#00bfa5,,,
2026-01-28,_Drift,Drift,,,57.0,,,,,0.0,,,,,,,,,,,,
2026-01-28,_GMTrade,GMTrade,,,53.0,,,,,0.0,,,,,2.0,,,,,#f79009,,
2026-01-28,_Pacifica,Pacifica,,,50.0,,,,,0.0,,,,,1.0,,,,,#545cf8,,
2026-01-28,_Phoenix,Phoenix,,,37.0,,,,,0.0,,,,,3.0,,,,,#904ea6,,
2026-01-28,_Flash Trade,Flash Trade,,,21.0,,,,,0.0,,,,,4.0,,,,,#63b512,,
2026-01-28,_Jupiter,Jupiter,,,3.0,,,,,0.0,,,,,6.0,,,,,#00bfa5,,
2026-01-28,Crypto,,,,,92.0,,,,,0.0,,,,,1.0,,,,,#545cf8,
2026-01-28,Stock,,,,,8.0,,,,,0.0,,,,,2.0,,,,,#f79009,
2026-01-28,Commodity,,,,,7.0,,,,,0.0,,,,,3.0,,,,,#904ea6,
2026-01-28,FX,,,,,5.0,,,,,0.0,,,,,4.0,,,,,#63b512,
2026-01-28,Index,,,,,2.0,,,,,0.0,,,,,5.0,,,,,#f0384a,
2026-01-27,Total,,114.0,,,,,0.0,,,,,1.0,,,,,#545cf8,,,,
2026-01-27,Drift,,,57.0,,,,,0.0,,,,,,,,,,,,,
2026-01-27,GMTrade,,,53.0,,,,,0.0,,,,,2.0,,,,,#f79009,,,
2026-01-27,Pacifica,,,50.0,,,,,0.0,,,,,1.0,,,,,#545cf8,,,
2026-01-27,Phoenix,,,37.0,,,,,0.0,,,,,3.0,,,,,#904ea6,,,
2026-01-27,Flash Trade,,,21.0,,,,,0.0,,,,,4.0,,,,,#63b512,,,
2026-01-27,Jupiter,,,3.0,,,,,0.0,,,,,6.0,,,,,#00bfa5,,,
2026-01-27,_Drift,Drift,,,57.0,,,,,0.0,,,,,,,,,,,,
2026-01-27,_GMTrade,GMTrade,,,53.0,,,,,0.0,,,,,2.0,,,,,#f79009,,
2026-01-27,_Pacifica,Pacifica,,,50.0,,,,,0.0,,,,,1.0,,,,,#545cf8,,
2026-01-27,_Phoenix,Phoenix,,,37.0,,,,,0.0,,,,,3.0,,,,,#904ea6,,
2026-01-27,_Flash Trade,Flash Trade,,,21.0,,,,,0.0,,,,,4.0,,,,,#63b512,,
2026-01-27,_Jupiter,Jupiter,,,3.0,,,,,0.0,,,,,6.0,,,,,#00bfa5,,
2026-01-27,Crypto,,,,,92.0,,,,,0.0,,,,,1.0,,,,,#545cf8,
2026-01-27,Stock,,,,,8.0,,,,,0.0,,,,,2.0,,,,,#f79009,
2026-01-27,Commodity,,,,,7.0,,,,,0.0,,,,,3.0,,,,,#904ea6,
2026-01-27,FX,,,,,5.0,,,,,0.0,,,,,4.0,,,,,#63b512,
2026-01-27,Index,,,,,2.0,,,,,0.0,,,,,5.0,,,,,#f0384a,
2026-01-26,Total,,114.0,,,,,0.0,,,,,1.0,,,,,#545cf8,,,,
2026-01-26,Drift,,,57.0,,,,,0.0,,,,,,,,,,,,,
2026-01-26,GMTrade,,,53.0,,,,,0.0,,,,,2.0,,,,,#f79009,,,
2026-01-26,Pacifica,,,50.0,,,,,0.0,,,,,1.0,,,,,#545cf8,,,
2026-01-26,Phoenix,,,37.0,,,,,0.0,,,,,3.0,,,,,#904ea6,,,
2026-01-26,Flash Trade,,,21.0,,,,,0.0,,,,,4.0,,,,,#63b512,,,
2026-01-26,Jupiter,,,3.0,,,,,0.0,,,,,6.0,,,,,#00bfa5,,,
2026-01-26,_Drift,Drift,,,57.0,,,,,0.0,,,,,,,,,,,,
2026-01-26,_GMTrade,GMTrade,,,53.0,,,,,0.0,,,,,2.0,,,,,#f79009,,
2026-01-26,_Pacifica,Pacifica,,,50.0,,,,,0.0,,,,,1.0,,,,,#545cf8,,
2026-01-26,_Phoenix,Phoenix,,,37.0,,,,,0.0,,,,,3.0,,,,,#904ea6,,
2026-01-26,_Flash Trade,Flash Trade,,,21.0,,,,,0.0,,,,,4.0,,,,,#63b512,,
2026-01-26,_Jupiter,Jupiter,,,3.0,,,,,0.0,,,,,6.0,,,,,#00bfa5,,
2026-01-26,Crypto,,,,,92.0,,,,,0.0,,,,,1.0,,,,,#545cf8,
2026-01-26,Stock,,,,,8.0,,,,,0.0,,,,,2.0,,,,,#f79009,
2026-01-26,Commodity,,,,,7.0,,,,,0.0,,,,,3.0,,,,,#904ea6,
2026-01-26,FX,,,,,5.0,,,,,0.0,,,,,4.0,,,,,#63b512,
2026-01-26,Index,,,,,2.0,,,,,0.0,,,,,5.0,,,,,#f0384a,
2026-01-25,Total,,114.0,,,,,0.0,,,,,1.0,,,,,#545cf8,,,,
2026-01-25,Drift,,,57.0,,,,,0.0,,,,,,,,,,,,,
2026-01-25,GMTrade,,,53.0,,,,,0.0,,,,,2.0,,,,,#f79009,,,
2026-01-25,Pacifica,,,50.0,,,,,0.0,,,,,1.0,,,,,#545cf8,,,
2026-01-25,Phoenix,,,37.0,,,,,0.0,,,,,3.0,,,,,#904ea6,,,
2026-01-25,Flash Trade,,,21.0,,,,,0.0,,,,,4.0,,,,,#63b512,,,
2026-01-25,Jupiter,,,3.0,,,,,0.0,,,,,6.0,,,,,#00bfa5,,,
2026-01-25,_Drift,Drift,,,57.0,,,,,0.0,,,,,,,,,,,,
2026-01-25,_GMTrade,GMTrade,,,53.0,,,,,0.0,,,,,2.0,,,,,#f79009,,
2026-01-25,_Pacifica,Pacifica,,,50.0,,,,,0.0,,,,,1.0,,,,,#545cf8,,
2026-01-25,_Phoenix,Phoenix,,,37.0,,,,,0.0,,,,,3.0,,,,,#904ea6,,
2026-01-25,_Flash Trade,Flash Trade,,,21.0,,,,,0.0,,,,,4.0,,,,,#63b512,,
2026-01-25,_Jupiter,Jupiter,,,3.0,,,,,0.0,,,,,6.0,,,,,#00bfa5,,
2026-01-25,Crypto,,,,,92.0,,,,,0.0,,,,,1.0,,,,,#545cf8,
2026-01-25,Stock,,,,,8.0,,,,,0.0,,,,,2.0,,,,,#f79009,
2026-01-25,Commodity,,,,,7.0,,,,,0.0,,,,,3.0,,,,,#904ea6,
2026-01-25,FX,,,,,5.0,,,,,0.0,,,,,4.0,,,,,#63b512,
2026-01-25,Index,,,,,2.0,,,,,0.0,,,,,5.0,,,,,#f0384a,
2026-01-24,Total,,114.0,,,,,0.0,,,,,1.0,,,,,#545cf8,,,,
2026-01-24,Drift,,,57.0,,,,,0.0,,,,,,,,,,,,,
2026-01-24,GMTrade,,,53.0,,,,,0.0,,,,,2.0,,,,,#f79009,,,
2026-01-24,Pacifica,,,50.0,,,,,0.0,,,,,1.0,,,,,#545cf8,,,
2026-01-24,Phoenix,,,37.0,,,,,0.0,,,,,3.0,,,,,#904ea6,,,
2026-01-24,Flash Trade,,,21.0,,,,,0.0,,,,,4.0,,,,,#63b512,,,
2026-01-24,Jupiter,,,3.0,,,,,0.0,,,,,6.0,,,,,#00bfa5,,,
2026-01-24,_Drift,Drift,,,57.0,,,,,0.0,,,,,,,,,,,,
2026-01-24,_GMTrade,GMTrade,,,53.0,,,,,0.0,,,,,2.0,,,,,#f79009,,
2026-01-24,_Pacifica,Pacifica,,,50.0,,,,,0.0,,,,,1.0,,,,,#545cf8,,
2026-01-24,_Phoenix,Phoenix,,,37.0,,,,,0.0,,,,,3.0,,,,,#904ea6,,
2026-01-24,_Flash Trade,Flash Trade,,,21.0,,,,,0.0,,,,,4.0,,,,,#63b512,,
2026-01-24,_Jupiter,Jupiter,,,3.0,,,,,0.0,,,,,6.0,,,,,#00bfa5,,
2026-01-24,Crypto,,,,,92.0,,,,,0.0,,,,,1.0,,,,,#545cf8,
2026-01-24,Stock,,,,,8.0,,,,,0.0,,,,,2.0,,,,,#f79009,
2026-01-24,Commodity,,,,,7.0,,,,,0.0,,,,,3.0,,,,,#904ea6,
2026-01-24,FX,,,,,5.0,,,,,0.0,,,,,4.0,,,,,#63b512,
2026-01-24,Index,,,,,2.0,,,,,0.0,,,,,5.0,,,,,#f0384a,
2026-01-23,Total,,114.0,,,,,0.0,,,,,1.0,,,,,#545cf8,,,,
2026-01-23,Drift,,,57.0,,,,,0.0,,,,,,,,,,,,,
2026-01-23,GMTrade,,,53.0,,,,,0.0,,,,,2.0,,,,,#f79009,,,
2026-01-23,Pacifica,,,50.0,,,,,0.0,,,,,1.0,,,,,#545cf8,,,
2026-01-23,Phoenix,,,37.0,,,,,0.0,,,,,3.0,,,,,#904ea6,,,
2026-01-23,Flash Trade,,,21.0,,,,,0.0,,,,,4.0,,,,,#63b512,,,
2026-01-23,Jupiter,,,3.0,,,,,0.0,,,,,6.0,,,,,#00bfa5,,,
2026-01-23,_Drift,Drift,,,57.0,,,,,0.0,,,,,,,,,,,,
2026-01-23,_GMTrade,GMTrade,,,53.0,,,,,0.0,,,,,2.0,,,,,#f79009,,
2026-01-23,_Pacifica,Pacifica,,,50.0,,,,,0.0,,,,,1.0,,,,,#545cf8,,
2026-01-23,_Phoenix,Phoenix,,,37.0,,,,,0.0,,,,,3.0,,,,,#904ea6,,
2026-01-23,_Flash Trade,Flash Trade,,,21.0,,,,,0.0,,,,,4.0,,,,,#63b512,,
2026-01-23,_Jupiter,Jupiter,,,3.0,,,,,0.0,,,,,6.0,,,,,#00bfa5,,
2026-01-23,Crypto,,,,,92.0,,,,,0.0,,,,,1.0,,,,,#545cf8,
2026-01-23,Stock,,,,,8.0,,,,,0.0,,,,,2.0,,,,,#f79009,
2026-01-23,Commodity,,,,,7.0,,,,,0.0,,,,,3.0,,,,,#904ea6,
2026-01-23,FX,,,,,5.0,,,,,0.0,,,,,4.0,,,,,#63b512,
2026-01-23,Index,,,,,2.0,,,,,0.0,,,,,5.0,,,,,#f0384a,
2026-01-22,Total,,114.0,,,,,1.0,,,,,1.0,,,,,#545cf8,,,,
2026-01-22,Drift,,,57.0,,,,,0.0,,,,,,,,,,,,,
2026-01-22,GMTrade,,,53.0,,,,,0.0,,,,,2.0,,,,,#f79009,,,
2026-01-22,Pacifica,,,50.0,,,,,0.0,,,,,1.0,,,,,#545cf8,,,
2026-01-22,Phoenix,,,37.0,,,,,1.0,,,,,3.0,,,,,#904ea6,,,
2026-01-22,Flash Trade,,,21.0,,,,,0.0,,,,,4.0,,,,,#63b512,,,
2026-01-22,Jupiter,,,3.0,,,,,0.0,,,,,6.0,,,,,#00bfa5,,,
2026-01-22,_Drift,Drift,,,57.0,,,,,0.0,,,,,,,,,,,,
2026-01-22,_GMTrade,GMTrade,,,53.0,,,,,0.0,,,,,2.0,,,,,#f79009,,
2026-01-22,_Pacifica,Pacifica,,,50.0,,,,,0.0,,,,,1.0,,,,,#545cf8,,
2026-01-22,_Phoenix,Phoenix,,,37.0,,,,,1.0,,,,,3.0,,,,,#904ea6,,
2026-01-22,_Flash Trade,Flash Trade,,,21.0,,,,,0.0,,,,,4.0,,,,,#63b512,,
2026-01-22,_Jupiter,Jupiter,,,3.0,,,,,0.0,,,,,6.0,,,,,#00bfa5,,
2026-01-22,Crypto,,,,,92.0,,,,,1.0,,,,,1.0,,,,,#545cf8,
2026-01-22,Stock,,,,,8.0,,,,,0.0,,,,,2.0,,,,,#f79009,
2026-01-22,Commodity,,,,,7.0,,,,,0.0,,,,,3.0,,,,,#904ea6,
2026-01-22,FX,,,,,5.0,,,,,0.0,,,,,4.0,,,,,#63b512,
2026-01-22,Index,,,,,2.0,,,,,0.0,,,,,5.0,,,,,#f0384a,
2026-01-21,Total,,113.0,,,,,1.0,,,,,1.0,,,,,#545cf8,,,,
2026-01-21,Drift,,,57.0,,,,,0.0,,,,,,,,,,,,,
2026-01-21,GMTrade,,,53.0,,,,,0.0,,,,,2.0,,,,,#f79009,,,
2026-01-21,Pacifica,,,50.0,,,,,1.0,,,,,1.0,,,,,#545cf8,,,
2026-01-21,Phoenix,,,36.0,,,,,0.0,,,,,3.0,,,,,#904ea6,,,
2026-01-21,Flash Trade,,,21.0,,,,,0.0,,,,,4.0,,,,,#63b512,,,
2026-01-21,Jupiter,,,3.0,,,,,0.0,,,,,6.0,,,,,#00bfa5,,,
2026-01-21,_Drift,Drift,,,57.0,,,,,0.0,,,,,,,,,,,,
2026-01-21,_GMTrade,GMTrade,,,53.0,,,,,0.0,,,,,2.0,,,,,#f79009,,
2026-01-21,_Pacifica,Pacifica,,,50.0,,,,,1.0,,,,,1.0,,,,,#545cf8,,
2026-01-21,_Phoenix,Phoenix,,,36.0,,,,,0.0,,,,,3.0,,,,,#904ea6,,
2026-01-21,_Flash Trade,Flash Trade,,,21.0,,,,,0.0,,,,,4.0,,,,,#63b512,,
2026-01-21,_Jupiter,Jupiter,,,3.0,,,,,0.0,,,,,6.0,,,,,#00bfa5,,
2026-01-21,Crypto,,,,,91.0,,,,,1.0,,,,,1.0,,,,,#545cf8,
2026-01-21,Stock,,,,,8.0,,,,,0.0,,,,,2.0,,,,,#f79009,
2026-01-21,Commodity,,,,,7.0,,,,,0.0,,,,,3.0,,,,,#904ea6,
2026-01-21,FX,,,,,5.0,,,,,0.0,,,,,4.0,,,,,#63b512,
2026-01-21,Index,,,,,2.0,,,,,0.0,,,,,5.0,,,,,#f0384a,
2026-01-20,Total,,112.0,,,,,0.0,,,,,1.0,,,,,#545cf8,,,,
2026-01-20,Drift,,,57.0,,,,,0.0,,,,,,,,,,,,,
2026-01-20,GMTrade,,,53.0,,,,,0.0,,,,,2.0,,,,,#f79009,,,
2026-01-20,Pacifica,,,49.0,,,,,0.0,,,,,1.0,,,,,#545cf8,,,
2026-01-20,Phoenix,,,36.0,,,,,0.0,,,,,3.0,,,,,#904ea6,,,
2026-01-20,Flash Trade,,,21.0,,,,,0.0,,,,,4.0,,,,,#63b512,,,
2026-01-20,Jupiter,,,3.0,,,,,0.0,,,,,6.0,,,,,#00bfa5,,,
2026-01-20,_Drift,Drift,,,57.0,,,,,0.0,,,,,,,,,,,,
2026-01-20,_GMTrade,GMTrade,,,53.0,,,,,0.0,,,,,2.0,,,,,#f79009,,
2026-01-20,_Pacifica,Pacifica,,,49.0,,,,,0.0,,,,,1.0,,,,,#545cf8,,
2026-01-20,_Phoenix,Phoenix,,,36.0,,,,,0.0,,,,,3.0,,,,,#904ea6,,
2026-01-20,_Flash Trade,Flash Trade,,,21.0,,,,,0.0,,,,,4.0,,,,,#63b512,,
2026-01-20,_Jupiter,Jupiter,,,3.0,,,,,0.0,,,,,6.0,,,,,#00bfa5,,
2026-01-20,Crypto,,,,,90.0,,,,,0.0,,,,,1.0,,,,,#545cf8,
2026-01-20,Stock,,,,,8.0,,,,,0.0,,,,,2.0,,,,,#f79009,
2026-01-20,Commodity,,,,,7.0,,,,,0.0,,,,,3.0,,,,,#904ea6,
2026-01-20,FX,,,,,5.0,,,,,0.0,,,,,4.0,,,,,#63b512,
2026-01-20,Index,,,,,2.0,,,,,0.0,,,,,5.0,,,,,#f0384a,
2026-01-19,Total,,112.0,,,,,0.0,,,,,1.0,,,,,#545cf8,,,,
2026-01-19,Drift,,,57.0,,,,,0.0,,,,,,,,,,,,,
2026-01-19,GMTrade,,,53.0,,,,,0.0,,,,,2.0,,,,,#f79009,,,
2026-01-19,Pacifica,,,49.0,,,,,0.0,,,,,1.0,,,,,#545cf8,,,
2026-01-19,Phoenix,,,36.0,,,,,0.0,,,,,3.0,,,,,#904ea6,,,
2026-01-19,Flash Trade,,,21.0,,,,,0.0,,,,,4.0,,,,,#63b512,,,
2026-01-19,Jupiter,,,3.0,,,,,0.0,,,,,6.0,,,,,#00bfa5,,,
2026-01-19,_Drift,Drift,,,57.0,,,,,0.0,,,,,,,,,,,,
2026-01-19,_GMTrade,GMTrade,,,53.0,,,,,0.0,,,,,2.0,,,,,#f79009,,
2026-01-19,_Pacifica,Pacifica,,,49.0,,,,,0.0,,,,,1.0,,,,,#545cf8,,
2026-01-19,_Phoenix,Phoenix,,,36.0,,,,,0.0,,,,,3.0,,,,,#904ea6,,
2026-01-19,_Flash Trade,Flash Trade,,,21.0,,,,,0.0,,,,,4.0,,,,,#63b512,,
2026-01-19,_Jupiter,Jupiter,,,3.0,,,,,0.0,,,,,6.0,,,,,#00bfa5,,
2026-01-19,Crypto,,,,,90.0,,,,,0.0,,,,,1.0,,,,,#545cf8,
2026-01-19,Stock,,,,,8.0,,,,,0.0,,,,,2.0,,,,,#f79009,
2026-01-19,Commodity,,,,,7.0,,,,,0.0,,,,,3.0,,,,,#904ea6,
2026-01-19,FX,,,,,5.0,,,,,0.0,,,,,4.0,,,,,#63b512,
2026-01-19,Index,,,,,2.0,,,,,0.0,,,,,5.0,,,,,#f0384a,
2026-01-18,Total,,112.0,,,,,0.0,,,,,1.0,,,,,#545cf8,,,,
2026-01-18,Drift,,,57.0,,,,,0.0,,,,,,,,,,,,,
2026-01-18,GMTrade,,,53.0,,,,,0.0,,,,,2.0,,,,,#f79009,,,
2026-01-18,Pacifica,,,49.0,,,,,0.0,,,,,1.0,,,,,#545cf8,,,
2026-01-18,Phoenix,,,36.0,,,,,0.0,,,,,3.0,,,,,#904ea6,,,
2026-01-18,Flash Trade,,,21.0,,,,,0.0,,,,,4.0,,,,,#63b512,,,
2026-01-18,Jupiter,,,3.0,,,,,0.0,,,,,6.0,,,,,#00bfa5,,,
2026-01-18,_Drift,Drift,,,57.0,,,,,0.0,,,,,,,,,,,,
2026-01-18,_GMTrade,GMTrade,,,53.0,,,,,0.0,,,,,2.0,,,,,#f79009,,
2026-01-18,_Pacifica,Pacifica,,,49.0,,,,,0.0,,,,,1.0,,,,,#545cf8,,
2026-01-18,_Phoenix,Phoenix,,,36.0,,,,,0.0,,,,,3.0,,,,,#904ea6,,
2026-01-18,_Flash Trade,Flash Trade,,,21.0,,,,,0.0,,,,,4.0,,,,,#63b512,,
2026-01-18,_Jupiter,Jupiter,,,3.0,,,,,0.0,,,,,6.0,,,,,#00bfa5,,
2026-01-18,Crypto,,,,,90.0,,,,,0.0,,,,,1.0,,,,,#545cf8,
2026-01-18,Stock,,,,,8.0,,,,,0.0,,,,,2.0,,,,,#f79009,
2026-01-18,Commodity,,,,,7.0,,,,,0.0,,,,,3.0,,,,,#904ea6,
2026-01-18,FX,,,,,5.0,,,,,0.0,,,,,4.0,,,,,#63b512,
2026-01-18,Index,,,,,2.0,,,,,0.0,,,,,5.0,,,,,#f0384a,
2026-01-17,Total,,112.0,,,,,0.0,,,,,1.0,,,,,#545cf8,,,,
2026-01-17,Drift,,,57.0,,,,,0.0,,,,,,,,,,,,,
2026-01-17,GMTrade,,,53.0,,,,,0.0,,,,,2.0,,,,,#f79009,,,
2026-01-17,Pacifica,,,49.0,,,,,0.0,,,,,1.0,,,,,#545cf8,,,
2026-01-17,Phoenix,,,36.0,,,,,0.0,,,,,3.0,,,,,#904ea6,,,
2026-01-17,Flash Trade,,,21.0,,,,,0.0,,,,,4.0,,,,,#63b512,,,
2026-01-17,Jupiter,,,3.0,,,,,0.0,,,,,6.0,,,,,#00bfa5,,,
2026-01-17,_Drift,Drift,,,57.0,,,,,0.0,,,,,,,,,,,,
2026-01-17,_GMTrade,GMTrade,,,53.0,,,,,0.0,,,,,2.0,,,,,#f79009,,
2026-01-17,_Pacifica,Pacifica,,,49.0,,,,,0.0,,,,,1.0,,,,,#545cf8,,
2026-01-17,_Phoenix,Phoenix,,,36.0,,,,,0.0,,,,,3.0,,,,,#904ea6,,
2026-01-17,_Flash Trade,Flash Trade,,,21.0,,,,,0.0,,,,,4.0,,,,,#63b512,,
2026-01-17,_Jupiter,Jupiter,,,3.0,,,,,0.0,,,,,6.0,,,,,#00bfa5,,
2026-01-17,Crypto,,,,,90.0,,,,,0.0,,,,,1.0,,,,,#545cf8,
2026-01-17,Stock,,,,,8.0,,,,,0.0,,,,,2.0,,,,,#f79009,
2026-01-17,Commodity,,,,,7.0,,,,,0.0,,,,,3.0,,,,,#904ea6,
2026-01-17,FX,,,,,5.0,,,,,0.0,,,,,4.0,,,,,#63b512,
2026-01-17,Index,,,,,2.0,,,,,0.0,,,,,5.0,,,,,#f0384a,
2026-01-16,Total,,112.0,,,,,0.0,,,,,1.0,,,,,#545cf8,,,,
2026-01-16,Drift,,,57.0,,,,,0.0,,,,,,,,,,,,,
2026-01-16,GMTrade,,,53.0,,,,,0.0,,,,,2.0,,,,,#f79009,,,
2026-01-16,Pacifica,,,49.0,,,,,0.0,,,,,1.0,,,,,#545cf8,,,
2026-01-16,Phoenix,,,36.0,,,,,0.0,,,,,3.0,,,,,#904ea6,,,
2026-01-16,Flash Trade,,,21.0,,,,,0.0,,,,,4.0,,,,,#63b512,,,
2026-01-16,Jupiter,,,3.0,,,,,0.0,,,,,6.0,,,,,#00bfa5,,,
2026-01-16,_Drift,Drift,,,57.0,,,,,0.0,,,,,,,,,,,,
2026-01-16,_GMTrade,GMTrade,,,53.0,,,,,0.0,,,,,2.0,,,,,#f79009,,
2026-01-16,_Pacifica,Pacifica,,,49.0,,,,,0.0,,,,,1.0,,,,,#545cf8,,
2026-01-16,_Phoenix,Phoenix,,,36.0,,,,,0.0,,,,,3.0,,,,,#904ea6,,
2026-01-16,_Flash Trade,Flash Trade,,,21.0,,,,,0.0,,,,,4.0,,,,,#63b512,,
2026-01-16,_Jupiter,Jupiter,,,3.0,,,,,0.0,,,,,6.0,,,,,#00bfa5,,
2026-01-16,Crypto,,,,,90.0,,,,,0.0,,,,,1.0,,,,,#545cf8,
2026-01-16,Stock,,,,,8.0,,,,,0.0,,,,,2.0,,,,,#f79009,
2026-01-16,Commodity,,,,,7.0,,,,,0.0,,,,,3.0,,,,,#904ea6,
2026-01-16,FX,,,,,5.0,,,,,0.0,,,,,4.0,,,,,#63b512,
2026-01-16,Index,,,,,2.0,,,,,0.0,,,,,5.0,,,,,#f0384a,
2026-01-15,Total,,112.0,,,,,1.0,,,,,1.0,,,,,#545cf8,,,,
2026-01-15,Drift,,,57.0,,,,,0.0,,,,,,,,,,,,,
2026-01-15,GMTrade,,,53.0,,,,,0.0,,,,,2.0,,,,,#f79009,,,
2026-01-15,Pacifica,,,49.0,,,,,2.0,,,,,1.0,,,,,#545cf8,,,
2026-01-15,Phoenix,,,36.0,,,,,0.0,,,,,3.0,,,,,#904ea6,,,
2026-01-15,Flash Trade,,,21.0,,,,,0.0,,,,,4.0,,,,,#63b512,,,
2026-01-15,Jupiter,,,3.0,,,,,0.0,,,,,6.0,,,,,#00bfa5,,,
2026-01-15,_Drift,Drift,,,57.0,,,,,0.0,,,,,,,,,,,,
2026-01-15,_GMTrade,GMTrade,,,53.0,,,,,0.0,,,,,2.0,,,,,#f79009,,
2026-01-15,_Pacifica,Pacifica,,,49.0,,,,,2.0,,,,,1.0,,,,,#545cf8,,
2026-01-15,_Phoenix,Phoenix,,,36.0,,,,,0.0,,,,,3.0,,,,,#904ea6,,
2026-01-15,_Flash Trade,Flash Trade,,,21.0,,,,,0.0,,,,,4.0,,,,,#63b512,,
2026-01-15,_Jupiter,Jupiter,,,3.0,,,,,0.0,,,,,6.0,,,,,#00bfa5,,
2026-01-15,Crypto,,,,,90.0,,,,,0.0,,,,,1.0,,,,,#545cf8,
2026-01-15,Stock,,,,,8.0,,,,,0.0,,,,,2.0,,,,,#f79009,
2026-01-15,Commodity,,,,,7.0,,,,,0.0,,,,,3.0,,,,,#904ea6,
2026-01-15,FX,,,,,5.0,,,,,1.0,,,,,4.0,,,,,#63b512,
2026-01-15,Index,,,,,2.0,,,,,0.0,,,,,5.0,,,,,#f0384a,
2026-01-14,Total,,111.0,,,,,2.0,,,,,1.0,,,,,#545cf8,,,,
2026-01-14,Drift,,,57.0,,,,,0.0,,,,,,,,,,,,,
2026-01-14,GMTrade,,,53.0,,,,,4.0,,,,,2.0,,,,,#f79009,,,
2026-01-14,Pacifica,,,47.0,,,,,0.0,,,,,1.0,,,,,#545cf8,,,
2026-01-14,Phoenix,,,36.0,,,,,0.0,,,,,3.0,,,,,#904ea6,,,
2026-01-14,Flash Trade,,,21.0,,,,,0.0,,,,,4.0,,,,,#63b512,,,
2026-01-14,Jupiter,,,3.0,,,,,0.0,,,,,6.0,,,,,#00bfa5,,,
2026-01-14,_Drift,Drift,,,57.0,,,,,0.0,,,,,,,,,,,,
2026-01-14,_GMTrade,GMTrade,,,53.0,,,,,4.0,,,,,2.0,,,,,#f79009,,
2026-01-14,_Pacifica,Pacifica,,,47.0,,,,,0.0,,,,,1.0,,,,,#545cf8,,
2026-01-14,_Phoenix,Phoenix,,,36.0,,,,,0.0,,,,,3.0,,,,,#904ea6,,
2026-01-14,_Flash Trade,Flash Trade,,,21.0,,,,,0.0,,,,,4.0,,,,,#63b512,,
2026-01-14,_Jupiter,Jupiter,,,3.0,,,,,0.0,,,,,6.0,,,,,#00bfa5,,
2026-01-14,Crypto,,,,,90.0,,,,,0.0,,,,,1.0,,,,,#545cf8,
2026-01-14,Stock,,,,,8.0,,,,,0.0,,,,,2.0,,,,,#f79009,
2026-01-14,Commodity,,,,,7.0,,,,,0.0,,,,,3.0,,,,,#904ea6,
2026-01-14,FX,,,,,4.0,,,,,2.0,,,,,4.0,,,,,#63b512,
2026-01-14,Index,,,,,2.0,,,,,0.0,,,,,5.0,,,,,#f0384a,
2026-01-13,Total,,109.0,,,,,0.0,,,,,1.0,,,,,#545cf8,,,,
2026-01-13,Drift,,,57.0,,,,,0.0,,,,,,,,,,,,,
2026-01-13,GMTrade,,,49.0,,,,,0.0,,,,,2.0,,,,,#f79009,,,
2026-01-13,Pacifica,,,47.0,,,,,0.0,,,,,1.0,,,,,#545cf8,,,
2026-01-13,Phoenix,,,36.0,,,,,0.0,,,,,3.0,,,,,#904ea6,,,
2026-01-13,Flash Trade,,,21.0,,,,,0.0,,,,,4.0,,,,,#63b512,,,
2026-01-13,Jupiter,,,3.0,,,,,0.0,,,,,6.0,,,,,#00bfa5,,,
2026-01-13,_Drift,Drift,,,57.0,,,,,0.0,,,,,,,,,,,,
2026-01-13,_GMTrade,GMTrade,,,49.0,,,,,0.0,,,,,2.0,,,,,#f79009,,
2026-01-13,_Pacifica,Pacifica,,,47.0,,,,,0.0,,,,,1.0,,,,,#545cf8,,
2026-01-13,_Phoenix,Phoenix,,,36.0,,,,,0.0,,,,,3.0,,,,,#904ea6,,
2026-01-13,_Flash Trade,Flash Trade,,,21.0,,,,,0.0,,,,,4.0,,,,,#63b512,,
2026-01-13,_Jupiter,Jupiter,,,3.0,,,,,0.0,,,,,6.0,,,,,#00bfa5,,
2026-01-13,Crypto,,,,,90.0,,,,,0.0,,,,,1.0,,,,,#545cf8,
2026-01-13,Stock,,,,,8.0,,,,,0.0,,,,,2.0,,,,,#f79009,
2026-01-13,Commodity,,,,,7.0,,,,,0.0,,,,,3.0,,,,,#904ea6,
2026-01-13,Index,,,,,2.0,,,,,0.0,,,,,5.0,,,,,#f0384a,
2026-01-13,FX,,,,,2.0,,,,,0.0,,,,,4.0,,,,,#63b512,
2026-01-12,Total,,109.0,,,,,0.0,,,,,1.0,,,,,#545cf8,,,,
2026-01-12,Drift,,,57.0,,,,,0.0,,,,,,,,,,,,,
2026-01-12,GMTrade,,,49.0,,,,,0.0,,,,,2.0,,,,,#f79009,,,
2026-01-12,Pacifica,,,47.0,,,,,0.0,,,,,1.0,,,,,#545cf8,,,
2026-01-12,Phoenix,,,36.0,,,,,0.0,,,,,3.0,,,,,#904ea6,,,
2026-01-12,Flash Trade,,,21.0,,,,,1.0,,,,,4.0,,,,,#63b512,,,
2026-01-12,Jupiter,,,3.0,,,,,0.0,,,,,6.0,,,,,#00bfa5,,,
2026-01-12,_Drift,Drift,,,57.0,,,,,0.0,,,,,,,,,,,,
2026-01-12,_GMTrade,GMTrade,,,49.0,,,,,0.0,,,,,2.0,,,,,#f79009,,
2026-01-12,_Pacifica,Pacifica,,,47.0,,,,,0.0,,,,,1.0,,,,,#545cf8,,
2026-01-12,_Phoenix,Phoenix,,,36.0,,,,,0.0,,,,,3.0,,,,,#904ea6,,
2026-01-12,_Flash Trade,Flash Trade,,,21.0,,,,,1.0,,,,,4.0,,,,,#63b512,,
2026-01-12,_Jupiter,Jupiter,,,3.0,,,,,0.0,,,,,6.0,,,,,#00bfa5,,
2026-01-12,Crypto,,,,,90.0,,,,,0.0,,,,,1.0,,,,,#545cf8,
2026-01-12,Stock,,,,,8.0,,,,,0.0,,,,,2.0,,,,,#f79009,
2026-01-12,Commodity,,,,,7.0,,,,,0.0,,,,,3.0,,,,,#904ea6,
2026-01-12,FX,,,,,2.0,,,,,0.0,,,,,4.0,,,,,#63b512,
2026-01-12,Index,,,,,2.0,,,,,0.0,,,,,5.0,,,,,#f0384a,
2026-01-11,Total,,109.0,,,,,1.0,,,,,1.0,,,,,#545cf8,,,,
2026-01-11,Drift,,,57.0,,,,,0.0,,,,,,,,,,,,,
2026-01-11,GMTrade,,,49.0,,,,,0.0,,,,,2.0,,,,,#f79009,,,
2026-01-11,Pacifica,,,47.0,,,,,1.0,,,,,1.0,,,,,#545cf8,,,
2026-01-11,Phoenix,,,36.0,,,,,0.0,,,,,3.0,,,,,#904ea6,,,
2026-01-11,Flash Trade,,,20.0,,,,,0.0,,,,,4.0,,,,,#63b512,,,
2026-01-11,Jupiter,,,3.0,,,,,0.0,,,,,6.0,,,,,#00bfa5,,,
2026-01-11,_Drift,Drift,,,57.0,,,,,0.0,,,,,,,,,,,,
2026-01-11,_GMTrade,GMTrade,,,49.0,,,,,0.0,,,,,2.0,,,,,#f79009,,
2026-01-11,_Pacifica,Pacifica,,,47.0,,,,,1.0,,,,,1.0,,,,,#545cf8,,
2026-01-11,_Phoenix,Phoenix,,,36.0,,,,,0.0,,,,,3.0,,,,,#904ea6,,
2026-01-11,_Flash Trade,Flash Trade,,,20.0,,,,,0.0,,,,,4.0,,,,,#63b512,,
2026-01-11,_Jupiter,Jupiter,,,3.0,,,,,0.0,,,,,6.0,,,,,#00bfa5,,
2026-01-11,Crypto,,,,,90.0,,,,,0.0,,,,,1.0,,,,,#545cf8,
2026-01-11,Stock,,,,,8.0,,,,,0.0,,,,,2.0,,,,,#f79009,
2026-01-11,Commodity,,,,,7.0,,,,,1.0,,,,,3.0,,,,,#904ea6,
2026-01-11,FX,,,,,2.0,,,,,0.0,,,,,4.0,,,,,#63b512,
2026-01-11,Index,,,,,2.0,,,,,0.0,,,,,5.0,,,,,#f0384a,
2026-01-10,Total,,108.0,,,,,0.0,,,,,1.0,,,,,#545cf8,,,,
2026-01-10,Drift,,,57.0,,,,,0.0,,,,,,,,,,,,,
2026-01-10,GMTrade,,,49.0,,,,,0.0,,,,,2.0,,,,,#f79009,,,
2026-01-10,Pacifica,,,46.0,,,,,0.0,,,,,1.0,,,,,#545cf8,,,
2026-01-10,Phoenix,,,36.0,,,,,0.0,,,,,3.0,,,,,#904ea6,,,
2026-01-10,Flash Trade,,,20.0,,,,,0.0,,,,,4.0,,,,,#63b512,,,
2026-01-10,Jupiter,,,3.0,,,,,0.0,,,,,6.0,,,,,#00bfa5,,,
2026-01-10,_Drift,Drift,,,57.0,,,,,0.0,,,,,,,,,,,,
2026-01-10,_GMTrade,GMTrade,,,49.0,,,,,0.0,,,,,2.0,,,,,#f79009,,
2026-01-10,_Pacifica,Pacifica,,,46.0,,,,,0.0,,,,,1.0,,,,,#545cf8,,
2026-01-10,_Phoenix,Phoenix,,,36.0,,,,,0.0,,,,,3.0,,,,,#904ea6,,
2026-01-10,_Flash Trade,Flash Trade,,,20.0,,,,,0.0,,,,,4.0,,,,,#63b512,,
2026-01-10,_Jupiter,Jupiter,,,3.0,,,,,0.0,,,,,6.0,,,,,#00bfa5,,
2026-01-10,Crypto,,,,,90.0,,,,,0.0,,,,,1.0,,,,,#545cf8,
2026-01-10,Stock,,,,,8.0,,,,,0.0,,,,,2.0,,,,,#f79009,
2026-01-10,Commodity,,,,,6.0,,,,,0.0,,,,,3.0,,,,,#904ea6,
2026-01-10,Index,,,,,2.0,,,,,0.0,,,,,5.0,,,,,#f0384a,
2026-01-10,FX,,,,,2.0,,,,,0.0,,,,,4.0,,,,,#63b512,
2026-01-09,Total,,108.0,,,,,0.0,,,,,1.0,,,,,#545cf8,,,,
2026-01-09,Drift,,,57.0,,,,,0.0,,,,,,,,,,,,,
2026-01-09,GMTrade,,,49.0,,,,,0.0,,,,,2.0,,,,,#f79009,,,
2026-01-09,Pacifica,,,46.0,,,,,0.0,,,,,1.0,,,,,#545cf8,,,
2026-01-09,Phoenix,,,36.0,,,,,0.0,,,,,3.0,,,,,#904ea6,,,
2026-01-09,Flash Trade,,,20.0,,,,,0.0,,,,,4.0,,,,,#63b512,,,
2026-01-09,Jupiter,,,3.0,,,,,0.0,,,,,6.0,,,,,#00bfa5,,,
2026-01-09,_Drift,Drift,,,57.0,,,,,0.0,,,,,,,,,,,,
2026-01-09,_GMTrade,GMTrade,,,49.0,,,,,0.0,,,,,2.0,,,,,#f79009,,
2026-01-09,_Pacifica,Pacifica,,,46.0,,,,,0.0,,,,,1.0,,,,,#545cf8,,
2026-01-09,_Phoenix,Phoenix,,,36.0,,,,,0.0,,,,,3.0,,,,,#904ea6,,
2026-01-09,_Flash Trade,Flash Trade,,,20.0,,,,,0.0,,,,,4.0,,,,,#63b512,,
2026-01-09,_Jupiter,Jupiter,,,3.0,,,,,0.0,,,,,6.0,,,,,#00bfa5,,
2026-01-09,Crypto,,,,,90.0,,,,,0.0,,,,,1.0,,,,,#545cf8,
2026-01-09,Stock,,,,,8.0,,,,,0.0,,,,,2.0,,,,,#f79009,
2026-01-09,Commodity,,,,,6.0,,,,,0.0,,,,,3.0,,,,,#904ea6,
2026-01-09,Index,,,,,2.0,,,,,0.0,,,,,5.0,,,,,#f0384a,
2026-01-09,FX,,,,,2.0,,,,,0.0,,,,,4.0,,,,,#63b512,
2026-01-08,Total,,108.0,,,,,0.0,,,,,1.0,,,,,#545cf8,,,,
2026-01-08,Drift,,,57.0,,,,,0.0,,,,,,,,,,,,,
2026-01-08,GMTrade,,,49.0,,,,,0.0,,,,,2.0,,,,,#f79009,,,
2026-01-08,Pacifica,,,46.0,,,,,0.0,,,,,1.0,,,,,#545cf8,,,
2026-01-08,Phoenix,,,36.0,,,,,0.0,,,,,3.0,,,,,#904ea6,,,
2026-01-08,Flash Trade,,,20.0,,,,,0.0,,,,,4.0,,,,,#63b512,,,
2026-01-08,Jupiter,,,3.0,,,,,0.0,,,,,6.0,,,,,#00bfa5,,,
2026-01-08,_Drift,Drift,,,57.0,,,,,0.0,,,,,,,,,,,,
2026-01-08,_GMTrade,GMTrade,,,49.0,,,,,0.0,,,,,2.0,,,,,#f79009,,
2026-01-08,_Pacifica,Pacifica,,,46.0,,,,,0.0,,,,,1.0,,,,,#545cf8,,
2026-01-08,_Phoenix,Phoenix,,,36.0,,,,,0.0,,,,,3.0,,,,,#904ea6,,
2026-01-08,_Flash Trade,Flash Trade,,,20.0,,,,,0.0,,,,,4.0,,,,,#63b512,,
2026-01-08,_Jupiter,Jupiter,,,3.0,,,,,0.0,,,,,6.0,,,,,#00bfa5,,
2026-01-08,Crypto,,,,,90.0,,,,,0.0,,,,,1.0,,,,,#545cf8,
2026-01-08,Stock,,,,,8.0,,,,,0.0,,,,,2.0,,,,,#f79009,
2026-01-08,Commodity,,,,,6.0,,,,,0.0,,,,,3.0,,,,,#904ea6,
2026-01-08,Index,,,,,2.0,,,,,0.0,,,,,5.0,,,,,#f0384a,
2026-01-08,FX,,,,,2.0,,,,,0.0,,,,,4.0,,,,,#63b512,
2026-01-07,Total,,108.0,,,,,1.0,,,,,1.0,,,,,#545cf8,,,,
2026-01-07,Drift,,,57.0,,,,,0.0,,,,,,,,,,,,,
2026-01-07,GMTrade,,,49.0,,,,,0.0,,,,,2.0,,,,,#f79009,,,
2026-01-07,Pacifica,,,46.0,,,,,0.0,,,,,1.0,,,,,#545cf8,,,
2026-01-07,Phoenix,,,36.0,,,,,1.0,,,,,3.0,,,,,#904ea6,,,
2026-01-07,Flash Trade,,,20.0,,,,,0.0,,,,,4.0,,,,,#63b512,,,
2026-01-07,Jupiter,,,3.0,,,,,0.0,,,,,6.0,,,,,#00bfa5,,,
2026-01-07,_Drift,Drift,,,57.0,,,,,0.0,,,,,,,,,,,,
2026-01-07,_GMTrade,GMTrade,,,49.0,,,,,0.0,,,,,2.0,,,,,#f79009,,
2026-01-07,_Pacifica,Pacifica,,,46.0,,,,,0.0,,,,,1.0,,,,,#545cf8,,
2026-01-07,_Phoenix,Phoenix,,,36.0,,,,,1.0,,,,,3.0,,,,,#904ea6,,
2026-01-07,_Flash Trade,Flash Trade,,,20.0,,,,,0.0,,,,,4.0,,,,,#63b512,,
2026-01-07,_Jupiter,Jupiter,,,3.0,,,,,0.0,,,,,6.0,,,,,#00bfa5,,
2026-01-07,Crypto,,,,,90.0,,,,,0.0,,,,,1.0,,,,,#545cf8,
2026-01-07,Stock,,,,,8.0,,,,,0.0,,,,,2.0,,,,,#f79009,
2026-01-07,Commodity,,,,,6.0,,,,,1.0,,,,,3.0,,,,,#904ea6,
2026-01-07,Index,,,,,2.0,,,,,0.0,,,,,5.0,,,,,#f0384a,
2026-01-07,FX,,,,,2.0,,,,,0.0,,,,,4.0,,,,,#63b512,
2026-01-06,Total,,107.0,,,,,0.0,,,,,1.0,,,,,#545cf8,,,,
2026-01-06,Drift,,,57.0,,,,,1.0,,,,,,,,,,,,,
2026-01-06,GMTrade,,,49.0,,,,,0.0,,,,,2.0,,,,,#f79009,,,
2026-01-06,Pacifica,,,46.0,,,,,0.0,,,,,1.0,,,,,#545cf8,,,
2026-01-06,Phoenix,,,35.0,,,,,0.0,,,,,3.0,,,,,#904ea6,,,
2026-01-06,Flash Trade,,,20.0,,,,,0.0,,,,,4.0,,,,,#63b512,,,
2026-01-06,Jupiter,,,3.0,,,,,0.0,,,,,6.0,,,,,#00bfa5,,,
2026-01-06,_Drift,Drift,,,57.0,,,,,1.0,,,,,,,,,,,,
2026-01-06,_GMTrade,GMTrade,,,49.0,,,,,0.0,,,,,2.0,,,,,#f79009,,
2026-01-06,_Pacifica,Pacifica,,,46.0,,,,,0.0,,,,,1.0,,,,,#545cf8,,
2026-01-06,_Phoenix,Phoenix,,,35.0,,,,,0.0,,,,,3.0,,,,,#904ea6,,
2026-01-06,_Flash Trade,Flash Trade,,,20.0,,,,,0.0,,,,,4.0,,,,,#63b512,,
2026-01-06,_Jupiter,Jupiter,,,3.0,,,,,0.0,,,,,6.0,,,,,#00bfa5,,
2026-01-06,Crypto,,,,,90.0,,,,,0.0,,,,,1.0,,,,,#545cf8,
2026-01-06,Stock,,,,,8.0,,,,,0.0,,,,,2.0,,,,,#f79009,
2026-01-06,Commodity,,,,,5.0,,,,,0.0,,,,,3.0,,,,,#904ea6,
2026-01-06,Index,,,,,2.0,,,,,0.0,,,,,5.0,,,,,#f0384a,
2026-01-06,FX,,,,,2.0,,,,,0.0,,,,,4.0,,,,,#63b512,
2026-01-05,Total,,107.0,,,,,1.0,,,,,1.0,,,,,#545cf8,,,,
2026-01-05,Drift,,,56.0,,,,,0.0,,,,,,,,,,,,,
2026-01-05,GMTrade,,,49.0,,,,,0.0,,,,,2.0,,,,,#f79009,,,
2026-01-05,Pacifica,,,46.0,,,,,3.0,,,,,1.0,,,,,#545cf8,,,
2026-01-05,Phoenix,,,35.0,,,,,0.0,,,,,3.0,,,,,#904ea6,,,
2026-01-05,Flash Trade,,,20.0,,,,,0.0,,,,,4.0,,,,,#63b512,,,
2026-01-05,Jupiter,,,3.0,,,,,0.0,,,,,6.0,,,,,#00bfa5,,,
2026-01-05,_Drift,Drift,,,56.0,,,,,0.0,,,,,,,,,,,,
2026-01-05,_GMTrade,GMTrade,,,49.0,,,,,0.0,,,,,2.0,,,,,#f79009,,
2026-01-05,_Pacifica,Pacifica,,,46.0,,,,,3.0,,,,,1.0,,,,,#545cf8,,
2026-01-05,_Phoenix,Phoenix,,,35.0,,,,,0.0,,,,,3.0,,,,,#904ea6,,
2026-01-05,_Flash Trade,Flash Trade,,,20.0,,,,,0.0,,,,,4.0,,,,,#63b512,,
2026-01-05,_Jupiter,Jupiter,,,3.0,,,,,0.0,,,,,6.0,,,,,#00bfa5,,
2026-01-05,Crypto,,,,,90.0,,,,,1.0,,,,,1.0,,,,,#545cf8,
2026-01-05,Stock,,,,,8.0,,,,,0.0,,,,,2.0,,,,,#f79009,
2026-01-05,Commodity,,,,,5.0,,,,,0.0,,,,,3.0,,,,,#904ea6,
2026-01-05,Index,,,,,2.0,,,,,0.0,,,,,5.0,,,,,#f0384a,
2026-01-05,FX,,,,,2.0,,,,,0.0,,,,,4.0,,,,,#63b512,
2026-01-04,Total,,106.0,,,,,0.0,,,,,1.0,,,,,#545cf8,,,,
2026-01-04,Drift,,,56.0,,,,,0.0,,,,,,,,,,,,,
2026-01-04,GMTrade,,,49.0,,,,,0.0,,,,,2.0,,,,,#f79009,,,
2026-01-04,Pacifica,,,43.0,,,,,0.0,,,,,1.0,,,,,#545cf8,,,
2026-01-04,Phoenix,,,35.0,,,,,0.0,,,,,3.0,,,,,#904ea6,,,
2026-01-04,Flash Trade,,,20.0,,,,,0.0,,,,,4.0,,,,,#63b512,,,
2026-01-04,Jupiter,,,3.0,,,,,0.0,,,,,6.0,,,,,#00bfa5,,,
2026-01-04,_Drift,Drift,,,56.0,,,,,0.0,,,,,,,,,,,,
2026-01-04,_GMTrade,GMTrade,,,49.0,,,,,0.0,,,,,2.0,,,,,#f79009,,
2026-01-04,_Pacifica,Pacifica,,,43.0,,,,,0.0,,,,,1.0,,,,,#545cf8,,
2026-01-04,_Phoenix,Phoenix,,,35.0,,,,,0.0,,,,,3.0,,,,,#904ea6,,
2026-01-04,_Flash Trade,Flash Trade,,,20.0,,,,,0.0,,,,,4.0,,,,,#63b512,,
2026-01-04,_Jupiter,Jupiter,,,3.0,,,,,0.0,,,,,6.0,,,,,#00bfa5,,
2026-01-04,Crypto,,,,,89.0,,,,,0.0,,,,,1.0,,,,,#545cf8,
2026-01-04,Stock,,,,,8.0,,,,,0.0,,,,,2.0,,,,,#f79009,
2026-01-04,Commodity,,,,,5.0,,,,,0.0,,,,,3.0,,,,,#904ea6,
2026-01-04,FX,,,,,2.0,,,,,0.0,,,,,4.0,,,,,#63b512,
2026-01-04,Index,,,,,2.0,,,,,0.0,,,,,5.0,,,,,#f0384a,
2026-01-03,Total,,106.0,,,,,0.0,,,,,1.0,,,,,#545cf8,,,,
2026-01-03,Drift,,,56.0,,,,,0.0,,,,,,,,,,,,,
2026-01-03,GMTrade,,,49.0,,,,,0.0,,,,,2.0,,,,,#f79009,,,
2026-01-03,Pacifica,,,43.0,,,,,0.0,,,,,1.0,,,,,#545cf8,,,
2026-01-03,Phoenix,,,35.0,,,,,0.0,,,,,3.0,,,,,#904ea6,,,
2026-01-03,Flash Trade,,,20.0,,,,,0.0,,,,,4.0,,,,,#63b512,,,
2026-01-03,Jupiter,,,3.0,,,,,0.0,,,,,6.0,,,,,#00bfa5,,,
2026-01-03,_Drift,Drift,,,56.0,,,,,0.0,,,,,,,,,,,,
2026-01-03,_GMTrade,GMTrade,,,49.0,,,,,0.0,,,,,2.0,,,,,#f79009,,
2026-01-03,_Pacifica,Pacifica,,,43.0,,,,,0.0,,,,,1.0,,,,,#545cf8,,
2026-01-03,_Phoenix,Phoenix,,,35.0,,,,,0.0,,,,,3.0,,,,,#904ea6,,
2026-01-03,_Flash Trade,Flash Trade,,,20.0,,,,,0.0,,,,,4.0,,,,,#63b512,,
2026-01-03,_Jupiter,Jupiter,,,3.0,,,,,0.0,,,,,6.0,,,,,#00bfa5,,
2026-01-03,Crypto,,,,,89.0,,,,,0.0,,,,,1.0,,,,,#545cf8,
2026-01-03,Stock,,,,,8.0,,,,,0.0,,,,,2.0,,,,,#f79009,
2026-01-03,Commodity,,,,,5.0,,,,,0.0,,,,,3.0,,,,,#904ea6,
2026-01-03,Index,,,,,2.0,,,,,0.0,,,,,5.0,,,,,#f0384a,
2026-01-03,FX,,,,,2.0,,,,,0.0,,,,,4.0,,,,,#63b512,
2026-01-02,Total,,106.0,,,,,0.0,,,,,1.0,,,,,#545cf8,,,,
2026-01-02,Drift,,,56.0,,,,,0.0,,,,,,,,,,,,,
2026-01-02,GMTrade,,,49.0,,,,,0.0,,,,,2.0,,,,,#f79009,,,
2026-01-02,Pacifica,,,43.0,,,,,0.0,,,,,1.0,,,,,#545cf8,,,
2026-01-02,Phoenix,,,35.0,,,,,0.0,,,,,3.0,,,,,#904ea6,,,
2026-01-02,Flash Trade,,,20.0,,,,,0.0,,,,,4.0,,,,,#63b512,,,
2026-01-02,Jupiter,,,3.0,,,,,0.0,,,,,6.0,,,,,#00bfa5,,,
2026-01-02,_Drift,Drift,,,56.0,,,,,0.0,,,,,,,,,,,,
2026-01-02,_GMTrade,GMTrade,,,49.0,,,,,0.0,,,,,2.0,,,,,#f79009,,
2026-01-02,_Pacifica,Pacifica,,,43.0,,,,,0.0,,,,,1.0,,,,,#545cf8,,
2026-01-02,_Phoenix,Phoenix,,,35.0,,,,,0.0,,,,,3.0,,,,,#904ea6,,
2026-01-02,_Flash Trade,Flash Trade,,,20.0,,,,,0.0,,,,,4.0,,,,,#63b512,,
2026-01-02,_Jupiter,Jupiter,,,3.0,,,,,0.0,,,,,6.0,,,,,#00bfa5,,
2026-01-02,Crypto,,,,,89.0,,,,,0.0,,,,,1.0,,,,,#545cf8,
2026-01-02,Stock,,,,,8.0,,,,,0.0,,,,,2.0,,,,,#f79009,
2026-01-02,Commodity,,,,,5.0,,,,,0.0,,,,,3.0,,,,,#904ea6,
2026-01-02,FX,,,,,2.0,,,,,0.0,,,,,4.0,,,,,#63b512,
2026-01-02,Index,,,,,2.0,,,,,0.0,,,,,5.0,,,,,#f0384a,
2026-01-01,Total,,106.0,,,,,0.0,,,,,1.0,,,,,#545cf8,,,,
2026-01-01,Drift,,,56.0,,,,,0.0,,,,,,,,,,,,,
2026-01-01,GMTrade,,,49.0,,,,,0.0,,,,,2.0,,,,,#f79009,,,
2026-01-01,Pacifica,,,43.0,,,,,0.0,,,,,1.0,,,,,#545cf8,,,
2026-01-01,Phoenix,,,35.0,,,,,0.0,,,,,3.0,,,,,#904ea6,,,
2026-01-01,Flash Trade,,,20.0,,,,,0.0,,,,,4.0,,,,,#63b512,,,
2026-01-01,Jupiter,,,3.0,,,,,0.0,,,,,6.0,,,,,#00bfa5,,,
2026-01-01,_Drift,Drift,,,56.0,,,,,0.0,,,,,,,,,,,,
2026-01-01,_GMTrade,GMTrade,,,49.0,,,,,0.0,,,,,2.0,,,,,#f79009,,
2026-01-01,_Pacifica,Pacifica,,,43.0,,,,,0.0,,,,,1.0,,,,,#545cf8,,
2026-01-01,_Phoenix,Phoenix,,,35.0,,,,,0.0,,,,,3.0,,,,,#904ea6,,
2026-01-01,_Flash Trade,Flash Trade,,,20.0,,,,,0.0,,,,,4.0,,,,,#63b512,,
2026-01-01,_Jupiter,Jupiter,,,3.0,,,,,0.0,,,,,6.0,,,,,#00bfa5,,
2026-01-01,Crypto,,,,,89.0,,,,,0.0,,,,,1.0,,,,,#545cf8,
2026-01-01,Stock,,,,,8.0,,,,,0.0,,,,,2.0,,,,,#f79009,
2026-01-01,Commodity,,,,,5.0,,,,,0.0,,,,,3.0,,,,,#904ea6,
2026-01-01,FX,,,,,2.0,,,,,0.0,,,,,4.0,,,,,#63b512,
2026-01-01,Index,,,,,2.0,,,,,0.0,,,,,5.0,,,,,#f0384a,
2025-12-31,Total,,106.0,,,,,0.0,,,,,1.0,,,,,#545cf8,,,,
2025-12-31,Drift,,,56.0,,,,,0.0,,,,,,,,,,,,,
2025-12-31,GMTrade,,,49.0,,,,,0.0,,,,,2.0,,,,,#f79009,,,
2025-12-31,Pacifica,,,43.0,,,,,1.0,,,,,1.0,,,,,#545cf8,,,
2025-12-31,Phoenix,,,35.0,,,,,0.0,,,,,3.0,,,,,#904ea6,,,
2025-12-31,Flash Trade,,,20.0,,,,,0.0,,,,,4.0,,,,,#63b512,,,
2025-12-31,Jupiter,,,3.0,,,,,0.0,,,,,6.0,,,,,#00bfa5,,,
2025-12-31,_Drift,Drift,,,56.0,,,,,0.0,,,,,,,,,,,,
2025-12-31,_GMTrade,GMTrade,,,49.0,,,,,0.0,,,,,2.0,,,,,#f79009,,
2025-12-31,_Pacifica,Pacifica,,,43.0,,,,,1.0,,,,,1.0,,,,,#545cf8,,
2025-12-31,_Phoenix,Phoenix,,,35.0,,,,,0.0,,,,,3.0,,,,,#904ea6,,
2025-12-31,_Flash Trade,Flash Trade,,,20.0,,,,,0.0,,,,,4.0,,,,,#63b512,,
2025-12-31,_Jupiter,Jupiter,,,3.0,,,,,0.0,,,,,6.0,,,,,#00bfa5,,
2025-12-31,Crypto,,,,,89.0,,,,,0.0,,,,,1.0,,,,,#545cf8,
2025-12-31,Stock,,,,,8.0,,,,,0.0,,,,,2.0,,,,,#f79009,
2025-12-31,Commodity,,,,,5.0,,,,,0.0,,,,,3.0,,,,,#904ea6,
2025-12-31,FX,,,,,2.0,,,,,0.0,,,,,4.0,,,,,#63b512,
2025-12-31,Index,,,,,2.0,,,,,0.0,,,,,5.0,,,,,#f0384a,
2025-12-30,Total,,106.0,,,,,0.0,,,,,1.0,,,,,#545cf8,,,,
2025-12-30,Drift,,,56.0,,,,,0.0,,,,,,,,,,,,,
2025-12-30,GMTrade,,,49.0,,,,,0.0,,,,,2.0,,,,,#f79009,,,
2025-12-30,Pacifica,,,42.0,,,,,1.0,,,,,1.0,,,,,#545cf8,,,
2025-12-30,Phoenix,,,35.0,,,,,0.0,,,,,3.0,,,,,#904ea6,,,
2025-12-30,Flash Trade,,,20.0,,,,,0.0,,,,,4.0,,,,,#63b512,,,
2025-12-30,Jupiter,,,3.0,,,,,0.0,,,,,6.0,,,,,#00bfa5,,,
2025-12-30,_Drift,Drift,,,56.0,,,,,0.0,,,,,,,,,,,,
2025-12-30,_GMTrade,GMTrade,,,49.0,,,,,0.0,,,,,2.0,,,,,#f79009,,
2025-12-30,_Pacifica,Pacifica,,,42.0,,,,,1.0,,,,,1.0,,,,,#545cf8,,
2025-12-30,_Phoenix,Phoenix,,,35.0,,,,,0.0,,,,,3.0,,,,,#904ea6,,
2025-12-30,_Flash Trade,Flash Trade,,,20.0,,,,,0.0,,,,,4.0,,,,,#63b512,,
2025-12-30,_Jupiter,Jupiter,,,3.0,,,,,0.0,,,,,6.0,,,,,#00bfa5,,
2025-12-30,Crypto,,,,,89.0,,,,,0.0,,,,,1.0,,,,,#545cf8,
2025-12-30,Stock,,,,,8.0,,,,,0.0,,,,,2.0,,,,,#f79009,
2025-12-30,Commodity,,,,,5.0,,,,,0.0,,,,,3.0,,,,,#904ea6,
2025-12-30,Index,,,,,2.0,,,,,0.0,,,,,5.0,,,,,#f0384a,
2025-12-30,FX,,,,,2.0,,,,,0.0,,,,,4.0,,,,,#63b512,
2025-12-29,Total,,106.0,,,,,0.0,,,,,1.0,,,,,#545cf8,,,,
2025-12-29,Drift,,,56.0,,,,,0.0,,,,,,,,,,,,,
2025-12-29,GMTrade,,,49.0,,,,,0.0,,,,,2.0,,,,,#f79009,,,
2025-12-29,Pacifica,,,41.0,,,,,0.0,,,,,1.0,,,,,#545cf8,,,
2025-12-29,Phoenix,,,35.0,,,,,0.0,,,,,3.0,,,,,#904ea6,,,
2025-12-29,Flash Trade,,,20.0,,,,,0.0,,,,,4.0,,,,,#63b512,,,
2025-12-29,Jupiter,,,3.0,,,,,0.0,,,,,6.0,,,,,#00bfa5,,,
2025-12-29,_Drift,Drift,,,56.0,,,,,0.0,,,,,,,,,,,,
2025-12-29,_GMTrade,GMTrade,,,49.0,,,,,0.0,,,,,2.0,,,,,#f79009,,
2025-12-29,_Pacifica,Pacifica,,,41.0,,,,,0.0,,,,,1.0,,,,,#545cf8,,
2025-12-29,_Phoenix,Phoenix,,,35.0,,,,,0.0,,,,,3.0,,,,,#904ea6,,
2025-12-29,_Flash Trade,Flash Trade,,,20.0,,,,,0.0,,,,,4.0,,,,,#63b512,,
2025-12-29,_Jupiter,Jupiter,,,3.0,,,,,0.0,,,,,6.0,,,,,#00bfa5,,
2025-12-29,Crypto,,,,,89.0,,,,,0.0,,,,,1.0,,,,,#545cf8,
2025-12-29,Stock,,,,,8.0,,,,,0.0,,,,,2.0,,,,,#f79009,
2025-12-29,Commodity,,,,,5.0,,,,,0.0,,,,,3.0,,,,,#904ea6,
2025-12-29,Index,,,,,2.0,,,,,0.0,,,,,5.0,,,,,#f0384a,
2025-12-29,FX,,,,,2.0,,,,,0.0,,,,,4.0,,,,,#63b512,
2025-12-28,Total,,106.0,,,,,0.0,,,,,1.0,,,,,#545cf8,,,,
2025-12-28,Drift,,,56.0,,,,,0.0,,,,,,,,,,,,,
2025-12-28,GMTrade,,,49.0,,,,,0.0,,,,,2.0,,,,,#f79009,,,
2025-12-28,Pacifica,,,41.0,,,,,1.0,,,,,1.0,,,,,#545cf8,,,
2025-12-28,Phoenix,,,35.0,,,,,0.0,,,,,3.0,,,,,#904ea6,,,
2025-12-28,Flash Trade,,,20.0,,,,,0.0,,,,,4.0,,,,,#63b512,,,
2025-12-28,Jupiter,,,3.0,,,,,0.0,,,,,6.0,,,,,#00bfa5,,,
2025-12-28,_Drift,Drift,,,56.0,,,,,0.0,,,,,,,,,,,,
2025-12-28,_GMTrade,GMTrade,,,49.0,,,,,0.0,,,,,2.0,,,,,#f79009,,
2025-12-28,_Pacifica,Pacifica,,,41.0,,,,,1.0,,,,,1.0,,,,,#545cf8,,
2025-12-28,_Phoenix,Phoenix,,,35.0,,,,,0.0,,,,,3.0,,,,,#904ea6,,
2025-12-28,_Flash Trade,Flash Trade,,,20.0,,,,,0.0,,,,,4.0,,,,,#63b512,,
2025-12-28,_Jupiter,Jupiter,,,3.0,,,,,0.0,,,,,6.0,,,,,#00bfa5,,
2025-12-28,Crypto,,,,,89.0,,,,,0.0,,,,,1.0,,,,,#545cf8,
2025-12-28,Stock,,,,,8.0,,,,,0.0,,,,,2.0,,,,,#f79009,
2025-12-28,Commodity,,,,,5.0,,,,,0.0,,,,,3.0,,,,,#904ea6,
2025-12-28,Index,,,,,2.0,,,,,0.0,,,,,5.0,,,,,#f0384a,
2025-12-28,FX,,,,,2.0,,,,,0.0,,,,,4.0,,,,,#63b512,
2025-12-27,Total,,106.0,,,,,0.0,,,,,1.0,,,,,#545cf8,,,,
2025-12-27,Drift,,,56.0,,,,,0.0,,,,,,,,,,,,,
2025-12-27,GMTrade,,,49.0,,,,,0.0,,,,,2.0,,,,,#f79009,,,
2025-12-27,Pacifica,,,40.0,,,,,0.0,,,,,1.0,,,,,#545cf8,,,
2025-12-27,Phoenix,,,35.0,,,,,0.0,,,,,3.0,,,,,#904ea6,,,
2025-12-27,Flash Trade,,,20.0,,,,,0.0,,,,,4.0,,,,,#63b512,,,
2025-12-27,Jupiter,,,3.0,,,,,0.0,,,,,6.0,,,,,#00bfa5,,,
2025-12-27,_Drift,Drift,,,56.0,,,,,0.0,,,,,,,,,,,,
2025-12-27,_GMTrade,GMTrade,,,49.0,,,,,0.0,,,,,2.0,,,,,#f79009,,
2025-12-27,_Pacifica,Pacifica,,,40.0,,,,,0.0,,,,,1.0,,,,,#545cf8,,
2025-12-27,_Phoenix,Phoenix,,,35.0,,,,,0.0,,,,,3.0,,,,,#904ea6,,
2025-12-27,_Flash Trade,Flash Trade,,,20.0,,,,,0.0,,,,,4.0,,,,,#63b512,,
2025-12-27,_Jupiter,Jupiter,,,3.0,,,,,0.0,,,,,6.0,,,,,#00bfa5,,
2025-12-27,Crypto,,,,,89.0,,,,,0.0,,,,,1.0,,,,,#545cf8,
2025-12-27,Stock,,,,,8.0,,,,,0.0,,,,,2.0,,,,,#f79009,
2025-12-27,Commodity,,,,,5.0,,,,,0.0,,,,,3.0,,,,,#904ea6,
2025-12-27,FX,,,,,2.0,,,,,0.0,,,,,4.0,,,,,#63b512,
2025-12-27,Index,,,,,2.0,,,,,0.0,,,,,5.0,,,,,#f0384a,
2025-12-26,Total,,106.0,,,,,0.0,,,,,1.0,,,,,#545cf8,,,,
2025-12-26,Drift,,,56.0,,,,,0.0,,,,,,,,,,,,,
2025-12-26,GMTrade,,,49.0,,,,,0.0,,,,,2.0,,,,,#f79009,,,
2025-12-26,Pacifica,,,40.0,,,,,0.0,,,,,1.0,,,,,#545cf8,,,
2025-12-26,Phoenix,,,35.0,,,,,0.0,,,,,3.0,,,,,#904ea6,,,
2025-12-26,Flash Trade,,,20.0,,,,,0.0,,,,,4.0,,,,,#63b512,,,
2025-12-26,Jupiter,,,3.0,,,,,0.0,,,,,6.0,,,,,#00bfa5,,,
2025-12-26,_Drift,Drift,,,56.0,,,,,0.0,,,,,,,,,,,,
2025-12-26,_GMTrade,GMTrade,,,49.0,,,,,0.0,,,,,2.0,,,,,#f79009,,
2025-12-26,_Pacifica,Pacifica,,,40.0,,,,,0.0,,,,,1.0,,,,,#545cf8,,
2025-12-26,_Phoenix,Phoenix,,,35.0,,,,,0.0,,,,,3.0,,,,,#904ea6,,
2025-12-26,_Flash Trade,Flash Trade,,,20.0,,,,,0.0,,,,,4.0,,,,,#63b512,,
2025-12-26,_Jupiter,Jupiter,,,3.0,,,,,0.0,,,,,6.0,,,,,#00bfa5,,
2025-12-26,Crypto,,,,,89.0,,,,,0.0,,,,,1.0,,,,,#545cf8,
2025-12-26,Stock,,,,,8.0,,,,,0.0,,,,,2.0,,,,,#f79009,
2025-12-26,Commodity,,,,,5.0,,,,,0.0,,,,,3.0,,,,,#904ea6,
2025-12-26,Index,,,,,2.0,,,,,0.0,,,,,5.0,,,,,#f0384a,
2025-12-26,FX,,,,,2.0,,,,,0.0,,,,,4.0,,,,,#63b512,
2025-12-25,Total,,106.0,,,,,0.0,,,,,1.0,,,,,#545cf8,,,,
2025-12-25,Drift,,,56.0,,,,,0.0,,,,,,,,,,,,,
2025-12-25,GMTrade,,,49.0,,,,,0.0,,,,,2.0,,,,,#f79009,,,
2025-12-25,Pacifica,,,40.0,,,,,0.0,,,,,1.0,,,,,#545cf8,,,
2025-12-25,Phoenix,,,35.0,,,,,0.0,,,,,3.0,,,,,#904ea6,,,
2025-12-25,Flash Trade,,,20.0,,,,,0.0,,,,,4.0,,,,,#63b512,,,
2025-12-25,Jupiter,,,3.0,,,,,0.0,,,,,6.0,,,,,#00bfa5,,,
2025-12-25,_Drift,Drift,,,56.0,,,,,0.0,,,,,,,,,,,,
2025-12-25,_GMTrade,GMTrade,,,49.0,,,,,0.0,,,,,2.0,,,,,#f79009,,
2025-12-25,_Pacifica,Pacifica,,,40.0,,,,,0.0,,,,,1.0,,,,,#545cf8,,
2025-12-25,_Phoenix,Phoenix,,,35.0,,,,,0.0,,,,,3.0,,,,,#904ea6,,
2025-12-25,_Flash Trade,Flash Trade,,,20.0,,,,,0.0,,,,,4.0,,,,,#63b512,,
2025-12-25,_Jupiter,Jupiter,,,3.0,,,,,0.0,,,,,6.0,,,,,#00bfa5,,
2025-12-25,Crypto,,,,,89.0,,,,,0.0,,,,,1.0,,,,,#545cf8,
2025-12-25,Stock,,,,,8.0,,,,,0.0,,,,,2.0,,,,,#f79009,
2025-12-25,Commodity,,,,,5.0,,,,,0.0,,,,,3.0,,,,,#904ea6,
2025-12-25,FX,,,,,2.0,,,,,0.0,,,,,4.0,,,,,#63b512,
2025-12-25,Index,,,,,2.0,,,,,0.0,,,,,5.0,,,,,#f0384a,
2025-12-24,Total,,106.0,,,,,0.0,,,,,1.0,,,,,#545cf8,,,,
2025-12-24,Drift,,,56.0,,,,,0.0,,,,,,,,,,,,,
2025-12-24,GMTrade,,,49.0,,,,,2.0,,,,,2.0,,,,,#f79009,,,
2025-12-24,Pacifica,,,40.0,,,,,0.0,,,,,1.0,,,,,#545cf8,,,
2025-12-24,Phoenix,,,35.0,,,,,0.0,,,,,3.0,,,,,#904ea6,,,
2025-12-24,Flash Trade,,,20.0,,,,,0.0,,,,,4.0,,,,,#63b512,,,
2025-12-24,Jupiter,,,3.0,,,,,0.0,,,,,6.0,,,,,#00bfa5,,,
2025-12-24,_Drift,Drift,,,56.0,,,,,0.0,,,,,,,,,,,,
2025-12-24,_GMTrade,GMTrade,,,49.0,,,,,2.0,,,,,2.0,,,,,#f79009,,
2025-12-24,_Pacifica,Pacifica,,,40.0,,,,,0.0,,,,,1.0,,,,,#545cf8,,
2025-12-24,_Phoenix,Phoenix,,,35.0,,,,,0.0,,,,,3.0,,,,,#904ea6,,
2025-12-24,_Flash Trade,Flash Trade,,,20.0,,,,,0.0,,,,,4.0,,,,,#63b512,,
2025-12-24,_Jupiter,Jupiter,,,3.0,,,,,0.0,,,,,6.0,,,,,#00bfa5,,
2025-12-24,Crypto,,,,,89.0,,,,,0.0,,,,,1.0,,,,,#545cf8,
2025-12-24,Stock,,,,,8.0,,,,,0.0,,,,,2.0,,,,,#f79009,
2025-12-24,Commodity,,,,,5.0,,,,,0.0,,,,,3.0,,,,,#904ea6,
2025-12-24,Index,,,,,2.0,,,,,0.0,,,,,5.0,,,,,#f0384a,
2025-12-24,FX,,,,,2.0,,,,,0.0,,,,,4.0,,,,,#63b512,
2025-12-23,Total,,106.0,,,,,0.0,,,,,1.0,,,,,#545cf8,,,,
2025-12-23,Drift,,,56.0,,,,,0.0,,,,,,,,,,,,,
2025-12-23,GMTrade,,,47.0,,,,,0.0,,,,,2.0,,,,,#f79009,,,
2025-12-23,Pacifica,,,40.0,,,,,0.0,,,,,1.0,,,,,#545cf8,,,
2025-12-23,Phoenix,,,35.0,,,,,1.0,,,,,3.0,,,,,#904ea6,,,
2025-12-23,Flash Trade,,,20.0,,,,,0.0,,,,,4.0,,,,,#63b512,,,
2025-12-23,Jupiter,,,3.0,,,,,0.0,,,,,6.0,,,,,#00bfa5,,,
2025-12-23,_Drift,Drift,,,56.0,,,,,0.0,,,,,,,,,,,,
2025-12-23,_GMTrade,GMTrade,,,47.0,,,,,0.0,,,,,2.0,,,,,#f79009,,
2025-12-23,_Pacifica,Pacifica,,,40.0,,,,,0.0,,,,,1.0,,,,,#545cf8,,
2025-12-23,_Phoenix,Phoenix,,,35.0,,,,,1.0,,,,,3.0,,,,,#904ea6,,
2025-12-23,_Flash Trade,Flash Trade,,,20.0,,,,,0.0,,,,,4.0,,,,,#63b512,,
2025-12-23,_Jupiter,Jupiter,,,3.0,,,,,0.0,,,,,6.0,,,,,#00bfa5,,
2025-12-23,Crypto,,,,,89.0,,,,,0.0,,,,,1.0,,,,,#545cf8,
2025-12-23,Stock,,,,,8.0,,,,,0.0,,,,,2.0,,,,,#f79009,
2025-12-23,Commodity,,,,,5.0,,,,,0.0,,,,,3.0,,,,,#904ea6,
2025-12-23,Index,,,,,2.0,,,,,0.0,,,,,5.0,,,,,#f0384a,
2025-12-23,FX,,,,,2.0,,,,,0.0,,,,,4.0,,,,,#63b512,
2025-12-22,Total,,106.0,,,,,0.0,,,,,1.0,,,,,#545cf8,,,,
2025-12-22,Drift,,,56.0,,,,,0.0,,,,,,,,,,,,,
2025-12-22,GMTrade,,,47.0,,,,,0.0,,,,,2.0,,,,,#f79009,,,
2025-12-22,Pacifica,,,40.0,,,,,0.0,,,,,1.0,,,,,#545cf8,,,
2025-12-22,Phoenix,,,34.0,,,,,0.0,,,,,3.0,,,,,#904ea6,,,
2025-12-22,Flash Trade,,,20.0,,,,,0.0,,,,,4.0,,,,,#63b512,,,
2025-12-22,Jupiter,,,3.0,,,,,0.0,,,,,6.0,,,,,#00bfa5,,,
2025-12-22,_Drift,Drift,,,56.0,,,,,0.0,,,,,,,,,,,,
2025-12-22,_GMTrade,GMTrade,,,47.0,,,,,0.0,,,,,2.0,,,,,#f79009,,
2025-12-22,_Pacifica,Pacifica,,,40.0,,,,,0.0,,,,,1.0,,,,,#545cf8,,
2025-12-22,_Phoenix,Phoenix,,,34.0,,,,,0.0,,,,,3.0,,,,,#904ea6,,
2025-12-22,_Flash Trade,Flash Trade,,,20.0,,,,,0.0,,,,,4.0,,,,,#63b512,,
2025-12-22,_Jupiter,Jupiter,,,3.0,,,,,0.0,,,,,6.0,,,,,#00bfa5,,
2025-12-22,Crypto,,,,,89.0,,,,,0.0,,,,,1.0,,,,,#545cf8,
2025-12-22,Stock,,,,,8.0,,,,,0.0,,,,,2.0,,,,,#f79009,
2025-12-22,Commodity,,,,,5.0,,,,,0.0,,,,,3.0,,,,,#904ea6,
2025-12-22,Index,,,,,2.0,,,,,0.0,,,,,5.0,,,,,#f0384a,
2025-12-22,FX,,,,,2.0,,,,,0.0,,,,,4.0,,,,,#63b512,
2025-12-21,Total,,106.0,,,,,-1.0,,,,,1.0,,,,,#545cf8,,,,
2025-12-21,Drift,,,56.0,,,,,-1.0,,,,,,,,,,,,,
2025-12-21,GMTrade,,,47.0,,,,,0.0,,,,,2.0,,,,,#f79009,,,
2025-12-21,Pacifica,,,40.0,,,,,0.0,,,,,1.0,,,,,#545cf8,,,
2025-12-21,Phoenix,,,34.0,,,,,0.0,,,,,3.0,,,,,#904ea6,,,
2025-12-21,Flash Trade,,,20.0,,,,,0.0,,,,,4.0,,,,,#63b512,,,
2025-12-21,Jupiter,,,3.0,,,,,0.0,,,,,6.0,,,,,#00bfa5,,,
2025-12-21,_Drift,Drift,,,56.0,,,,,-1.0,,,,,,,,,,,,
2025-12-21,_GMTrade,GMTrade,,,47.0,,,,,0.0,,,,,2.0,,,,,#f79009,,
2025-12-21,_Pacifica,Pacifica,,,40.0,,,,,0.0,,,,,1.0,,,,,#545cf8,,
2025-12-21,_Phoenix,Phoenix,,,34.0,,,,,0.0,,,,,3.0,,,,,#904ea6,,
2025-12-21,_Flash Trade,Flash Trade,,,20.0,,,,,0.0,,,,,4.0,,,,,#63b512,,
2025-12-21,_Jupiter,Jupiter,,,3.0,,,,,0.0,,,,,6.0,,,,,#00bfa5,,
2025-12-21,Crypto,,,,,89.0,,,,,-1.0,,,,,1.0,,,,,#545cf8,
2025-12-21,Stock,,,,,8.0,,,,,0.0,,,,,2.0,,,,,#f79009,
2025-12-21,Commodity,,,,,5.0,,,,,0.0,,,,,3.0,,,,,#904ea6,
2025-12-21,FX,,,,,2.0,,,,,0.0,,,,,4.0,,,,,#63b512,
2025-12-21,Index,,,,,2.0,,,,,0.0,,,,,5.0,,,,,#f0384a,
2025-12-20,Total,,107.0,,,,,1.0,,,,,1.0,,,,,#545cf8,,,,
2025-12-20,Drift,,,57.0,,,,,0.0,,,,,,,,,,,,,
2025-12-20,GMTrade,,,47.0,,,,,0.0,,,,,2.0,,,,,#f79009,,,
2025-12-20,Pacifica,,,40.0,,,,,1.0,,,,,1.0,,,,,#545cf8,,,
2025-12-20,Phoenix,,,34.0,,,,,0.0,,,,,3.0,,,,,#904ea6,,,
2025-12-20,Flash Trade,,,20.0,,,,,0.0,,,,,4.0,,,,,#63b512,,,
2025-12-20,Jupiter,,,3.0,,,,,0.0,,,,,6.0,,,,,#00bfa5,,,
2025-12-20,_Drift,Drift,,,57.0,,,,,0.0,,,,,,,,,,,,
2025-12-20,_GMTrade,GMTrade,,,47.0,,,,,0.0,,,,,2.0,,,,,#f79009,,
2025-12-20,_Pacifica,Pacifica,,,40.0,,,,,1.0,,,,,1.0,,,,,#545cf8,,
2025-12-20,_Phoenix,Phoenix,,,34.0,,,,,0.0,,,,,3.0,,,,,#904ea6,,
2025-12-20,_Flash Trade,Flash Trade,,,20.0,,,,,0.0,,,,,4.0,,,,,#63b512,,
2025-12-20,_Jupiter,Jupiter,,,3.0,,,,,0.0,,,,,6.0,,,,,#00bfa5,,
2025-12-20,Crypto,,,,,90.0,,,,,1.0,,,,,1.0,,,,,#545cf8,
2025-12-20,Stock,,,,,8.0,,,,,0.0,,,,,2.0,,,,,#f79009,
2025-12-20,Commodity,,,,,5.0,,,,,0.0,,,,,3.0,,,,,#904ea6,
2025-12-20,Index,,,,,2.0,,,,,0.0,,,,,5.0,,,,,#f0384a,
2025-12-20,FX,,,,,2.0,,,,,0.0,,,,,4.0,,,,,#63b512,
2025-12-19,Total,,106.0,,,,,0.0,,,,,1.0,,,,,#545cf8,,,,
2025-12-19,Drift,,,57.0,,,,,0.0,,,,,,,,,,,,,
2025-12-19,GMTrade,,,47.0,,,,,0.0,,,,,2.0,,,,,#f79009,,,
2025-12-19,Pacifica,,,39.0,,,,,0.0,,,,,1.0,,,,,#545cf8,,,
2025-12-19,Phoenix,,,34.0,,,,,0.0,,,,,3.0,,,,,#904ea6,,,
2025-12-19,Flash Trade,,,20.0,,,,,0.0,,,,,4.0,,,,,#63b512,,,
2025-12-19,Jupiter,,,3.0,,,,,0.0,,,,,6.0,,,,,#00bfa5,,,
2025-12-19,_Drift,Drift,,,57.0,,,,,0.0,,,,,,,,,,,,
2025-12-19,_GMTrade,GMTrade,,,47.0,,,,,0.0,,,,,2.0,,,,,#f79009,,
2025-12-19,_Pacifica,Pacifica,,,39.0,,,,,0.0,,,,,1.0,,,,,#545cf8,,
2025-12-19,_Phoenix,Phoenix,,,34.0,,,,,0.0,,,,,3.0,,,,,#904ea6,,
2025-12-19,_Flash Trade,Flash Trade,,,20.0,,,,,0.0,,,,,4.0,,,,,#63b512,,
2025-12-19,_Jupiter,Jupiter,,,3.0,,,,,0.0,,,,,6.0,,,,,#00bfa5,,
2025-12-19,Crypto,,,,,89.0,,,,,0.0,,,,,1.0,,,,,#545cf8,
2025-12-19,Stock,,,,,8.0,,,,,0.0,,,,,2.0,,,,,#f79009,
2025-12-19,Commodity,,,,,5.0,,,,,0.0,,,,,3.0,,,,,#904ea6,
2025-12-19,FX,,,,,2.0,,,,,0.0,,,,,4.0,,,,,#63b512,
2025-12-19,Index,,,,,2.0,,,,,0.0,,,,,5.0,,,,,#f0384a,
2025-12-18,Total,,106.0,,,,,0.0,,,,,1.0,,,,,#545cf8,,,,
2025-12-18,Drift,,,57.0,,,,,0.0,,,,,,,,,,,,,
2025-12-18,GMTrade,,,47.0,,,,,2.0,,,,,2.0,,,,,#f79009,,,
2025-12-18,Pacifica,,,39.0,,,,,0.0,,,,,1.0,,,,,#545cf8,,,
2025-12-18,Phoenix,,,34.0,,,,,0.0,,,,,3.0,,,,,#904ea6,,,
2025-12-18,Flash Trade,,,20.0,,,,,0.0,,,,,4.0,,,,,#63b512,,,
2025-12-18,Jupiter,,,3.0,,,,,0.0,,,,,6.0,,,,,#00bfa5,,,
2025-12-18,_Drift,Drift,,,57.0,,,,,0.0,,,,,,,,,,,,
2025-12-18,_GMTrade,GMTrade,,,47.0,,,,,2.0,,,,,2.0,,,,,#f79009,,
2025-12-18,_Pacifica,Pacifica,,,39.0,,,,,0.0,,,,,1.0,,,,,#545cf8,,
2025-12-18,_Phoenix,Phoenix,,,34.0,,,,,0.0,,,,,3.0,,,,,#904ea6,,
2025-12-18,_Flash Trade,Flash Trade,,,20.0,,,,,0.0,,,,,4.0,,,,,#63b512,,
2025-12-18,_Jupiter,Jupiter,,,3.0,,,,,0.0,,,,,6.0,,,,,#00bfa5,,
2025-12-18,Crypto,,,,,89.0,,,,,0.0,,,,,1.0,,,,,#545cf8,
2025-12-18,Stock,,,,,8.0,,,,,0.0,,,,,2.0,,,,,#f79009,
2025-12-18,Commodity,,,,,5.0,,,,,0.0,,,,,3.0,,,,,#904ea6,
2025-12-18,Index,,,,,2.0,,,,,0.0,,,,,5.0,,,,,#f0384a,
2025-12-18,FX,,,,,2.0,,,,,0.0,,,,,4.0,,,,,#63b512,
2025-12-17,Total,,106.0,,,,,0.0,,,,,1.0,,,,,#545cf8,,,,
2025-12-17,Drift,,,57.0,,,,,0.0,,,,,,,,,,,,,
2025-12-17,GMTrade,,,45.0,,,,,0.0,,,,,2.0,,,,,#f79009,,,
2025-12-17,Pacifica,,,39.0,,,,,0.0,,,,,1.0,,,,,#545cf8,,,
2025-12-17,Phoenix,,,34.0,,,,,0.0,,,,,3.0,,,,,#904ea6,,,
2025-12-17,Flash Trade,,,20.0,,,,,0.0,,,,,4.0,,,,,#63b512,,,
2025-12-17,Jupiter,,,3.0,,,,,0.0,,,,,6.0,,,,,#00bfa5,,,
2025-12-17,_Drift,Drift,,,57.0,,,,,0.0,,,,,,,,,,,,
2025-12-17,_GMTrade,GMTrade,,,45.0,,,,,0.0,,,,,2.0,,,,,#f79009,,
2025-12-17,_Pacifica,Pacifica,,,39.0,,,,,0.0,,,,,1.0,,,,,#545cf8,,
2025-12-17,_Phoenix,Phoenix,,,34.0,,,,,0.0,,,,,3.0,,,,,#904ea6,,
2025-12-17,_Flash Trade,Flash Trade,,,20.0,,,,,0.0,,,,,4.0,,,,,#63b512,,
2025-12-17,_Jupiter,Jupiter,,,3.0,,,,,0.0,,,,,6.0,,,,,#00bfa5,,
2025-12-17,Crypto,,,,,89.0,,,,,0.0,,,,,1.0,,,,,#545cf8,
2025-12-17,Stock,,,,,8.0,,,,,0.0,,,,,2.0,,,,,#f79009,
2025-12-17,Commodity,,,,,5.0,,,,,0.0,,,,,3.0,,,,,#904ea6,
2025-12-17,Index,,,,,2.0,,,,,0.0,,,,,5.0,,,,,#f0384a,
2025-12-17,FX,,,,,2.0,,,,,0.0,,,,,4.0,,,,,#63b512,
2025-12-16,Total,,106.0,,,,,0.0,,,,,1.0,,,,,#545cf8,,,,
2025-12-16,Drift,,,57.0,,,,,0.0,,,,,,,,,,,,,
2025-12-16,GMTrade,,,45.0,,,,,0.0,,,,,2.0,,,,,#f79009,,,
2025-12-16,Pacifica,,,39.0,,,,,0.0,,,,,1.0,,,,,#545cf8,,,
2025-12-16,Phoenix,,,34.0,,,,,0.0,,,,,3.0,,,,,#904ea6,,,
2025-12-16,Flash Trade,,,20.0,,,,,0.0,,,,,4.0,,,,,#63b512,,,
2025-12-16,Jupiter,,,3.0,,,,,0.0,,,,,6.0,,,,,#00bfa5,,,
2025-12-16,_Drift,Drift,,,57.0,,,,,0.0,,,,,,,,,,,,
2025-12-16,_GMTrade,GMTrade,,,45.0,,,,,0.0,,,,,2.0,,,,,#f79009,,
2025-12-16,_Pacifica,Pacifica,,,39.0,,,,,0.0,,,,,1.0,,,,,#545cf8,,
2025-12-16,_Phoenix,Phoenix,,,34.0,,,,,0.0,,,,,3.0,,,,,#904ea6,,
2025-12-16,_Flash Trade,Flash Trade,,,20.0,,,,,0.0,,,,,4.0,,,,,#63b512,,
2025-12-16,_Jupiter,Jupiter,,,3.0,,,,,0.0,,,,,6.0,,,,,#00bfa5,,
2025-12-16,Crypto,,,,,89.0,,,,,0.0,,,,,1.0,,,,,#545cf8,
2025-12-16,Stock,,,,,8.0,,,,,0.0,,,,,2.0,,,,,#f79009,
2025-12-16,Commodity,,,,,5.0,,,,,0.0,,,,,3.0,,,,,#904ea6,
2025-12-16,FX,,,,,2.0,,,,,0.0,,,,,4.0,,,,,#63b512,
2025-12-16,Index,,,,,2.0,,,,,0.0,,,,,5.0,,,,,#f0384a,
2025-12-15,Total,,106.0,,,,,0.0,,,,,1.0,,,,,#545cf8,,,,
2025-12-15,Drift,,,57.0,,,,,0.0,,,,,,,,,,,,,
2025-12-15,GMTrade,,,45.0,,,,,0.0,,,,,2.0,,,,,#f79009,,,
2025-12-15,Pacifica,,,39.0,,,,,0.0,,,,,1.0,,,,,#545cf8,,,
2025-12-15,Phoenix,,,34.0,,,,,0.0,,,,,3.0,,,,,#904ea6,,,
2025-12-15,Flash Trade,,,20.0,,,,,0.0,,,,,4.0,,,,,#63b512,,,
2025-12-15,Jupiter,,,3.0,,,,,0.0,,,,,6.0,,,,,#00bfa5,,,
2025-12-15,_Drift,Drift,,,57.0,,,,,0.0,,,,,,,,,,,,
2025-12-15,_GMTrade,GMTrade,,,45.0,,,,,0.0,,,,,2.0,,,,,#f79009,,
2025-12-15,_Pacifica,Pacifica,,,39.0,,,,,0.0,,,,,1.0,,,,,#545cf8,,
2025-12-15,_Phoenix,Phoenix,,,34.0,,,,,0.0,,,,,3.0,,,,,#904ea6,,
2025-12-15,_Flash Trade,Flash Trade,,,20.0,,,,,0.0,,,,,4.0,,,,,#63b512,,
2025-12-15,_Jupiter,Jupiter,,,3.0,,,,,0.0,,,,,6.0,,,,,#00bfa5,,
2025-12-15,Crypto,,,,,89.0,,,,,0.0,,,,,1.0,,,,,#545cf8,
2025-12-15,Stock,,,,,8.0,,,,,0.0,,,,,2.0,,,,,#f79009,
2025-12-15,Commodity,,,,,5.0,,,,,0.0,,,,,3.0,,,,,#904ea6,
2025-12-15,Index,,,,,2.0,,,,,0.0,,,,,5.0,,,,,#f0384a,
2025-12-15,FX,,,,,2.0,,,,,0.0,,,,,4.0,,,,,#63b512,
2025-12-14,Total,,106.0,,,,,0.0,,,,,1.0,,,,,#545cf8,,,,
2025-12-14,Drift,,,57.0,,,,,0.0,,,,,,,,,,,,,
2025-12-14,GMTrade,,,45.0,,,,,0.0,,,,,2.0,,,,,#f79009,,,
2025-12-14,Pacifica,,,39.0,,,,,0.0,,,,,1.0,,,,,#545cf8,,,
2025-12-14,Phoenix,,,34.0,,,,,0.0,,,,,3.0,,,,,#904ea6,,,
2025-12-14,Flash Trade,,,20.0,,,,,0.0,,,,,4.0,,,,,#63b512,,,
2025-12-14,Jupiter,,,3.0,,,,,0.0,,,,,6.0,,,,,#00bfa5,,,
2025-12-14,_Drift,Drift,,,57.0,,,,,0.0,,,,,,,,,,,,
2025-12-14,_GMTrade,GMTrade,,,45.0,,,,,0.0,,,,,2.0,,,,,#f79009,,
2025-12-14,_Pacifica,Pacifica,,,39.0,,,,,0.0,,,,,1.0,,,,,#545cf8,,
2025-12-14,_Phoenix,Phoenix,,,34.0,,,,,0.0,,,,,3.0,,,,,#904ea6,,
2025-12-14,_Flash Trade,Flash Trade,,,20.0,,,,,0.0,,,,,4.0,,,,,#63b512,,
2025-12-14,_Jupiter,Jupiter,,,3.0,,,,,0.0,,,,,6.0,,,,,#00bfa5,,
2025-12-14,Crypto,,,,,89.0,,,,,0.0,,,,,1.0,,,,,#545cf8,
2025-12-14,Stock,,,,,8.0,,,,,0.0,,,,,2.0,,,,,#f79009,
2025-12-14,Commodity,,,,,5.0,,,,,0.0,,,,,3.0,,,,,#904ea6,
2025-12-14,FX,,,,,2.0,,,,,0.0,,,,,4.0,,,,,#63b512,
2025-12-14,Index,,,,,2.0,,,,,0.0,,,,,5.0,,,,,#f0384a,
2025-12-13,Total,,106.0,,,,,0.0,,,,,1.0,,,,,#545cf8,,,,
2025-12-13,Drift,,,57.0,,,,,0.0,,,,,,,,,,,,,
2025-12-13,GMTrade,,,45.0,,,,,0.0,,,,,2.0,,,,,#f79009,,,
2025-12-13,Pacifica,,,39.0,,,,,0.0,,,,,1.0,,,,,#545cf8,,,
2025-12-13,Phoenix,,,34.0,,,,,0.0,,,,,3.0,,,,,#904ea6,,,
2025-12-13,Flash Trade,,,20.0,,,,,0.0,,,,,4.0,,,,,#63b512,,,
2025-12-13,Jupiter,,,3.0,,,,,0.0,,,,,6.0,,,,,#00bfa5,,,
2025-12-13,_Drift,Drift,,,57.0,,,,,0.0,,,,,,,,,,,,
2025-12-13,_GMTrade,GMTrade,,,45.0,,,,,0.0,,,,,2.0,,,,,#f79009,,
2025-12-13,_Pacifica,Pacifica,,,39.0,,,,,0.0,,,,,1.0,,,,,#545cf8,,
2025-12-13,_Phoenix,Phoenix,,,34.0,,,,,0.0,,,,,3.0,,,,,#904ea6,,
2025-12-13,_Flash Trade,Flash Trade,,,20.0,,,,,0.0,,,,,4.0,,,,,#63b512,,
2025-12-13,_Jupiter,Jupiter,,,3.0,,,,,0.0,,,,,6.0,,,,,#00bfa5,,
2025-12-13,Crypto,,,,,89.0,,,,,0.0,,,,,1.0,,,,,#545cf8,
2025-12-13,Stock,,,,,8.0,,,,,0.0,,,,,2.0,,,,,#f79009,
2025-12-13,Commodity,,,,,5.0,,,,,0.0,,,,,3.0,,,,,#904ea6,
2025-12-13,FX,,,,,2.0,,,,,0.0,,,,,4.0,,,,,#63b512,
2025-12-13,Index,,,,,2.0,,,,,0.0,,,,,5.0,,,,,#f0384a,
2025-12-12,Total,,106.0,,,,,0.0,,,,,1.0,,,,,#545cf8,,,,
2025-12-12,Drift,,,57.0,,,,,0.0,,,,,,,,,,,,,
2025-12-12,GMTrade,,,45.0,,,,,0.0,,,,,2.0,,,,,#f79009,,,
2025-12-12,Pacifica,,,39.0,,,,,0.0,,,,,1.0,,,,,#545cf8,,,
2025-12-12,Phoenix,,,34.0,,,,,0.0,,,,,3.0,,,,,#904ea6,,,
2025-12-12,Flash Trade,,,20.0,,,,,0.0,,,,,4.0,,,,,#63b512,,,
2025-12-12,Jupiter,,,3.0,,,,,0.0,,,,,6.0,,,,,#00bfa5,,,
2025-12-12,_Drift,Drift,,,57.0,,,,,0.0,,,,,,,,,,,,
2025-12-12,_GMTrade,GMTrade,,,45.0,,,,,0.0,,,,,2.0,,,,,#f79009,,
2025-12-12,_Pacifica,Pacifica,,,39.0,,,,,0.0,,,,,1.0,,,,,#545cf8,,
2025-12-12,_Phoenix,Phoenix,,,34.0,,,,,0.0,,,,,3.0,,,,,#904ea6,,
2025-12-12,_Flash Trade,Flash Trade,,,20.0,,,,,0.0,,,,,4.0,,,,,#63b512,,
2025-12-12,_Jupiter,Jupiter,,,3.0,,,,,0.0,,,,,6.0,,,,,#00bfa5,,
2025-12-12,Crypto,,,,,89.0,,,,,0.0,,,,,1.0,,,,,#545cf8,
2025-12-12,Stock,,,,,8.0,,,,,0.0,,,,,2.0,,,,,#f79009,
2025-12-12,Commodity,,,,,5.0,,,,,0.0,,,,,3.0,,,,,#904ea6,
2025-12-12,FX,,,,,2.0,,,,,0.0,,,,,4.0,,,,,#63b512,
2025-12-12,Index,,,,,2.0,,,,,0.0,,,,,5.0,,,,,#f0384a,
2025-12-11,Total,,106.0,,,,,1.0,,,,,1.0,,,,,#545cf8,,,,
2025-12-11,Drift,,,57.0,,,,,0.0,,,,,,,,,,,,,
2025-12-11,GMTrade,,,45.0,,,,,0.0,,,,,2.0,,,,,#f79009,,,
2025-12-11,Pacifica,,,39.0,,,,,0.0,,,,,1.0,,,,,#545cf8,,,
2025-12-11,Phoenix,,,34.0,,,,,1.0,,,,,3.0,,,,,#904ea6,,,
2025-12-11,Flash Trade,,,20.0,,,,,0.0,,,,,4.0,,,,,#63b512,,,
2025-12-11,Jupiter,,,3.0,,,,,0.0,,,,,6.0,,,,,#00bfa5,,,
2025-12-11,_Drift,Drift,,,57.0,,,,,0.0,,,,,,,,,,,,
2025-12-11,_GMTrade,GMTrade,,,45.0,,,,,0.0,,,,,2.0,,,,,#f79009,,
2025-12-11,_Pacifica,Pacifica,,,39.0,,,,,0.0,,,,,1.0,,,,,#545cf8,,
2025-12-11,_Phoenix,Phoenix,,,34.0,,,,,1.0,,,,,3.0,,,,,#904ea6,,
2025-12-11,_Flash Trade,Flash Trade,,,20.0,,,,,0.0,,,,,4.0,,,,,#63b512,,
2025-12-11,_Jupiter,Jupiter,,,3.0,,,,,0.0,,,,,6.0,,,,,#00bfa5,,
2025-12-11,Crypto,,,,,89.0,,,,,0.0,,,,,1.0,,,,,#545cf8,
2025-12-11,Stock,,,,,8.0,,,,,0.0,,,,,2.0,,,,,#f79009,
2025-12-11,Commodity,,,,,5.0,,,,,1.0,,,,,3.0,,,,,#904ea6,
2025-12-11,Index,,,,,2.0,,,,,0.0,,,,,5.0,,,,,#f0384a,
2025-12-11,FX,,,,,2.0,,,,,0.0,,,,,4.0,,,,,#63b512,
2025-12-10,Total,,105.0,,,,,0.0,,,,,1.0,,,,,#545cf8,,,,
2025-12-10,Drift,,,57.0,,,,,0.0,,,,,,,,,,,,,
2025-12-10,GMTrade,,,45.0,,,,,0.0,,,,,2.0,,,,,#f79009,,,
2025-12-10,Pacifica,,,39.0,,,,,2.0,,,,,1.0,,,,,#545cf8,,,
2025-12-10,Phoenix,,,33.0,,,,,0.0,,,,,3.0,,,,,#904ea6,,,
2025-12-10,Flash Trade,,,20.0,,,,,0.0,,,,,4.0,,,,,#63b512,,,
2025-12-10,Jupiter,,,3.0,,,,,0.0,,,,,6.0,,,,,#00bfa5,,,
2025-12-10,_Drift,Drift,,,57.0,,,,,0.0,,,,,,,,,,,,
2025-12-10,_GMTrade,GMTrade,,,45.0,,,,,0.0,,,,,2.0,,,,,#f79009,,
2025-12-10,_Pacifica,Pacifica,,,39.0,,,,,2.0,,,,,1.0,,,,,#545cf8,,
2025-12-10,_Phoenix,Phoenix,,,33.0,,,,,0.0,,,,,3.0,,,,,#904ea6,,
2025-12-10,_Flash Trade,Flash Trade,,,20.0,,,,,0.0,,,,,4.0,,,,,#63b512,,
2025-12-10,_Jupiter,Jupiter,,,3.0,,,,,0.0,,,,,6.0,,,,,#00bfa5,,
2025-12-10,Crypto,,,,,89.0,,,,,0.0,,,,,1.0,,,,,#545cf8,
2025-12-10,Stock,,,,,8.0,,,,,0.0,,,,,2.0,,,,,#f79009,
2025-12-10,Commodity,,,,,4.0,,,,,0.0,,,,,3.0,,,,,#904ea6,
2025-12-10,FX,,,,,2.0,,,,,0.0,,,,,4.0,,,,,#63b512,
2025-12-10,Index,,,,,2.0,,,,,0.0,,,,,5.0,,,,,#f0384a,
2025-12-09,Total,,105.0,,,,,0.0,,,,,1.0,,,,,#545cf8,,,,
2025-12-09,Drift,,,57.0,,,,,-1.0,,,,,,,,,,,,,
2025-12-09,GMTrade,,,45.0,,,,,0.0,,,,,2.0,,,,,#f79009,,,
2025-12-09,Pacifica,,,37.0,,,,,0.0,,,,,1.0,,,,,#545cf8,,,
2025-12-09,Phoenix,,,33.0,,,,,0.0,,,,,3.0,,,,,#904ea6,,,
2025-12-09,Flash Trade,,,20.0,,,,,0.0,,,,,4.0,,,,,#63b512,,,
2025-12-09,Jupiter,,,3.0,,,,,0.0,,,,,6.0,,,,,#00bfa5,,,
2025-12-09,_Drift,Drift,,,57.0,,,,,-1.0,,,,,,,,,,,,
2025-12-09,_GMTrade,GMTrade,,,45.0,,,,,0.0,,,,,2.0,,,,,#f79009,,
2025-12-09,_Pacifica,Pacifica,,,37.0,,,,,0.0,,,,,1.0,,,,,#545cf8,,
2025-12-09,_Phoenix,Phoenix,,,33.0,,,,,0.0,,,,,3.0,,,,,#904ea6,,
2025-12-09,_Flash Trade,Flash Trade,,,20.0,,,,,0.0,,,,,4.0,,,,,#63b512,,
2025-12-09,_Jupiter,Jupiter,,,3.0,,,,,0.0,,,,,6.0,,,,,#00bfa5,,
2025-12-09,Crypto,,,,,89.0,,,,,0.0,,,,,1.0,,,,,#545cf8,
2025-12-09,Stock,,,,,8.0,,,,,0.0,,,,,2.0,,,,,#f79009,
2025-12-09,Commodity,,,,,4.0,,,,,0.0,,,,,3.0,,,,,#904ea6,
2025-12-09,Index,,,,,2.0,,,,,0.0,,,,,5.0,,,,,#f0384a,
2025-12-09,FX,,,,,2.0,,,,,0.0,,,,,4.0,,,,,#63b512,
2025-12-08,Total,,105.0,,,,,0.0,,,,,1.0,,,,,#545cf8,,,,
2025-12-08,Drift,,,58.0,,,,,0.0,,,,,,,,,,,,,
2025-12-08,GMTrade,,,45.0,,,,,0.0,,,,,2.0,,,,,#f79009,,,
2025-12-08,Pacifica,,,37.0,,,,,0.0,,,,,1.0,,,,,#545cf8,,,
2025-12-08,Phoenix,,,33.0,,,,,0.0,,,,,3.0,,,,,#904ea6,,,
2025-12-08,Flash Trade,,,20.0,,,,,0.0,,,,,4.0,,,,,#63b512,,,
2025-12-08,Jupiter,,,3.0,,,,,0.0,,,,,6.0,,,,,#00bfa5,,,
2025-12-08,_Drift,Drift,,,58.0,,,,,0.0,,,,,,,,,,,,
2025-12-08,_GMTrade,GMTrade,,,45.0,,,,,0.0,,,,,2.0,,,,,#f79009,,
2025-12-08,_Pacifica,Pacifica,,,37.0,,,,,0.0,,,,,1.0,,,,,#545cf8,,
2025-12-08,_Phoenix,Phoenix,,,33.0,,,,,0.0,,,,,3.0,,,,,#904ea6,,
2025-12-08,_Flash Trade,Flash Trade,,,20.0,,,,,0.0,,,,,4.0,,,,,#63b512,,
2025-12-08,_Jupiter,Jupiter,,,3.0,,,,,0.0,,,,,6.0,,,,,#00bfa5,,
2025-12-08,Crypto,,,,,89.0,,,,,0.0,,,,,1.0,,,,,#545cf8,
2025-12-08,Stock,,,,,8.0,,,,,0.0,,,,,2.0,,,,,#f79009,
2025-12-08,Commodity,,,,,4.0,,,,,0.0,,,,,3.0,,,,,#904ea6,
2025-12-08,Index,,,,,2.0,,,,,0.0,,,,,5.0,,,,,#f0384a,
2025-12-08,FX,,,,,2.0,,,,,0.0,,,,,4.0,,,,,#63b512,
2025-12-07,Total,,105.0,,,,,0.0,,,,,1.0,,,,,#545cf8,,,,
2025-12-07,Drift,,,58.0,,,,,0.0,,,,,,,,,,,,,
2025-12-07,GMTrade,,,45.0,,,,,0.0,,,,,2.0,,,,,#f79009,,,
2025-12-07,Pacifica,,,37.0,,,,,0.0,,,,,1.0,,,,,#545cf8,,,
2025-12-07,Phoenix,,,33.0,,,,,0.0,,,,,3.0,,,,,#904ea6,,,
2025-12-07,Flash Trade,,,20.0,,,,,0.0,,,,,4.0,,,,,#63b512,,,
2025-12-07,Jupiter,,,3.0,,,,,0.0,,,,,6.0,,,,,#00bfa5,,,
2025-12-07,_Drift,Drift,,,58.0,,,,,0.0,,,,,,,,,,,,
2025-12-07,_GMTrade,GMTrade,,,45.0,,,,,0.0,,,,,2.0,,,,,#f79009,,
2025-12-07,_Pacifica,Pacifica,,,37.0,,,,,0.0,,,,,1.0,,,,,#545cf8,,
2025-12-07,_Phoenix,Phoenix,,,33.0,,,,,0.0,,,,,3.0,,,,,#904ea6,,
2025-12-07,_Flash Trade,Flash Trade,,,20.0,,,,,0.0,,,,,4.0,,,,,#63b512,,
2025-12-07,_Jupiter,Jupiter,,,3.0,,,,,0.0,,,,,6.0,,,,,#00bfa5,,
2025-12-07,Crypto,,,,,89.0,,,,,0.0,,,,,1.0,,,,,#545cf8,
2025-12-07,Stock,,,,,8.0,,,,,0.0,,,,,2.0,,,,,#f79009,
2025-12-07,Commodity,,,,,4.0,,,,,0.0,,,,,3.0,,,,,#904ea6,
2025-12-07,Index,,,,,2.0,,,,,0.0,,,,,5.0,,,,,#f0384a,
2025-12-07,FX,,,,,2.0,,,,,0.0,,,,,4.0,,,,,#63b512,
2025-12-06,Total,,105.0,,,,,0.0,,,,,1.0,,,,,#545cf8,,,,
2025-12-06,Drift,,,58.0,,,,,0.0,,,,,,,,,,,,,
2025-12-06,GMTrade,,,45.0,,,,,0.0,,,,,2.0,,,,,#f79009,,,
2025-12-06,Pacifica,,,37.0,,,,,0.0,,,,,1.0,,,,,#545cf8,,,
2025-12-06,Phoenix,,,33.0,,,,,0.0,,,,,3.0,,,,,#904ea6,,,
2025-12-06,Flash Trade,,,20.0,,,,,0.0,,,,,4.0,,,,,#63b512,,,
2025-12-06,Jupiter,,,3.0,,,,,0.0,,,,,6.0,,,,,#00bfa5,,,
2025-12-06,_Drift,Drift,,,58.0,,,,,0.0,,,,,,,,,,,,
2025-12-06,_GMTrade,GMTrade,,,45.0,,,,,0.0,,,,,2.0,,,,,#f79009,,
2025-12-06,_Pacifica,Pacifica,,,37.0,,,,,0.0,,,,,1.0,,,,,#545cf8,,
2025-12-06,_Phoenix,Phoenix,,,33.0,,,,,0.0,,,,,3.0,,,,,#904ea6,,
2025-12-06,_Flash Trade,Flash Trade,,,20.0,,,,,0.0,,,,,4.0,,,,,#63b512,,
2025-12-06,_Jupiter,Jupiter,,,3.0,,,,,0.0,,,,,6.0,,,,,#00bfa5,,
2025-12-06,Crypto,,,,,89.0,,,,,0.0,,,,,1.0,,,,,#545cf8,
2025-12-06,Stock,,,,,8.0,,,,,0.0,,,,,2.0,,,,,#f79009,
2025-12-06,Commodity,,,,,4.0,,,,,0.0,,,,,3.0,,,,,#904ea6,
2025-12-06,Index,,,,,2.0,,,,,0.0,,,,,5.0,,,,,#f0384a,
2025-12-06,FX,,,,,2.0,,,,,0.0,,,,,4.0,,,,,#63b512,
2025-12-05,Total,,105.0,,,,,0.0,,,,,1.0,,,,,#545cf8,,,,
2025-12-05,Drift,,,58.0,,,,,0.0,,,,,,,,,,,,,
2025-12-05,GMTrade,,,45.0,,,,,0.0,,,,,2.0,,,,,#f79009,,,
2025-12-05,Pacifica,,,37.0,,,,,0.0,,,,,1.0,,,,,#545cf8,,,
2025-12-05,Phoenix,,,33.0,,,,,0.0,,,,,3.0,,,,,#904ea6,,,
2025-12-05,Flash Trade,,,20.0,,,,,0.0,,,,,4.0,,,,,#63b512,,,
2025-12-05,Jupiter,,,3.0,,,,,0.0,,,,,6.0,,,,,#00bfa5,,,
2025-12-05,_Drift,Drift,,,58.0,,,,,0.0,,,,,,,,,,,,
2025-12-05,_GMTrade,GMTrade,,,45.0,,,,,0.0,,,,,2.0,,,,,#f79009,,
2025-12-05,_Pacifica,Pacifica,,,37.0,,,,,0.0,,,,,1.0,,,,,#545cf8,,
2025-12-05,_Phoenix,Phoenix,,,33.0,,,,,0.0,,,,,3.0,,,,,#904ea6,,
2025-12-05,_Flash Trade,Flash Trade,,,20.0,,,,,0.0,,,,,4.0,,,,,#63b512,,
2025-12-05,_Jupiter,Jupiter,,,3.0,,,,,0.0,,,,,6.0,,,,,#00bfa5,,
2025-12-05,Crypto,,,,,89.0,,,,,0.0,,,,,1.0,,,,,#545cf8,
2025-12-05,Stock,,,,,8.0,,,,,0.0,,,,,2.0,,,,,#f79009,
2025-12-05,Commodity,,,,,4.0,,,,,0.0,,,,,3.0,,,,,#904ea6,
2025-12-05,FX,,,,,2.0,,,,,0.0,,,,,4.0,,,,,#63b512,
2025-12-05,Index,,,,,2.0,,,,,0.0,,,,,5.0,,,,,#f0384a,
2025-12-04,Total,,105.0,,,,,0.0,,,,,1.0,,,,,#545cf8,,,,
2025-12-04,Drift,,,58.0,,,,,0.0,,,,,,,,,,,,,
2025-12-04,GMTrade,,,45.0,,,,,0.0,,,,,2.0,,,,,#f79009,,,
2025-12-04,Pacifica,,,37.0,,,,,0.0,,,,,1.0,,,,,#545cf8,,,
2025-12-04,Phoenix,,,33.0,,,,,0.0,,,,,3.0,,,,,#904ea6,,,
2025-12-04,Flash Trade,,,20.0,,,,,0.0,,,,,4.0,,,,,#63b512,,,
2025-12-04,Jupiter,,,3.0,,,,,0.0,,,,,6.0,,,,,#00bfa5,,,
2025-12-04,_Drift,Drift,,,58.0,,,,,0.0,,,,,,,,,,,,
2025-12-04,_GMTrade,GMTrade,,,45.0,,,,,0.0,,,,,2.0,,,,,#f79009,,
2025-12-04,_Pacifica,Pacifica,,,37.0,,,,,0.0,,,,,1.0,,,,,#545cf8,,
2025-12-04,_Phoenix,Phoenix,,,33.0,,,,,0.0,,,,,3.0,,,,,#904ea6,,
2025-12-04,_Flash Trade,Flash Trade,,,20.0,,,,,0.0,,,,,4.0,,,,,#63b512,,
2025-12-04,_Jupiter,Jupiter,,,3.0,,,,,0.0,,,,,6.0,,,,,#00bfa5,,
2025-12-04,Crypto,,,,,89.0,,,,,0.0,,,,,1.0,,,,,#545cf8,
2025-12-04,Stock,,,,,8.0,,,,,0.0,,,,,2.0,,,,,#f79009,
2025-12-04,Commodity,,,,,4.0,,,,,0.0,,,,,3.0,,,,,#904ea6,
2025-12-04,Index,,,,,2.0,,,,,0.0,,,,,5.0,,,,,#f0384a,
2025-12-04,FX,,,,,2.0,,,,,0.0,,,,,4.0,,,,,#63b512,
2025-12-03,Total,,105.0,,,,,1.0,,,,,1.0,,,,,#545cf8,,,,
2025-12-03,Drift,,,58.0,,,,,0.0,,,,,,,,,,,,,
2025-12-03,GMTrade,,,45.0,,,,,1.0,,,,,2.0,,,,,#f79009,,,
2025-12-03,Pacifica,,,37.0,,,,,2.0,,,,,1.0,,,,,#545cf8,,,
2025-12-03,Phoenix,,,33.0,,,,,0.0,,,,,3.0,,,,,#904ea6,,,
2025-12-03,Flash Trade,,,20.0,,,,,0.0,,,,,4.0,,,,,#63b512,,,
2025-12-03,Jupiter,,,3.0,,,,,0.0,,,,,6.0,,,,,#00bfa5,,,
2025-12-03,_Drift,Drift,,,58.0,,,,,0.0,,,,,,,,,,,,
2025-12-03,_GMTrade,GMTrade,,,45.0,,,,,1.0,,,,,2.0,,,,,#f79009,,
2025-12-03,_Pacifica,Pacifica,,,37.0,,,,,2.0,,,,,1.0,,,,,#545cf8,,
2025-12-03,_Phoenix,Phoenix,,,33.0,,,,,0.0,,,,,3.0,,,,,#904ea6,,
2025-12-03,_Flash Trade,Flash Trade,,,20.0,,,,,0.0,,,,,4.0,,,,,#63b512,,
2025-12-03,_Jupiter,Jupiter,,,3.0,,,,,0.0,,,,,6.0,,,,,#00bfa5,,
2025-12-03,Crypto,,,,,89.0,,,,,1.0,,,,,1.0,,,,,#545cf8,
2025-12-03,Stock,,,,,8.0,,,,,0.0,,,,,2.0,,,,,#f79009,
2025-12-03,Commodity,,,,,4.0,,,,,0.0,,,,,3.0,,,,,#904ea6,
2025-12-03,Index,,,,,2.0,,,,,0.0,,,,,5.0,,,,,#f0384a,
2025-12-03,FX,,,,,2.0,,,,,0.0,,,,,4.0,,,,,#63b512,
2025-12-02,Total,,104.0,,,,,0.0,,,,,1.0,,,,,#545cf8,,,,
2025-12-02,Drift,,,58.0,,,,,0.0,,,,,,,,,,,,,
2025-12-02,GMTrade,,,44.0,,,,,0.0,,,,,2.0,,,,,#f79009,,,
2025-12-02,Pacifica,,,35.0,,,,,0.0,,,,,1.0,,,,,#545cf8,,,
2025-12-02,Phoenix,,,33.0,,,,,0.0,,,,,3.0,,,,,#904ea6,,,
2025-12-02,Flash Trade,,,20.0,,,,,0.0,,,,,4.0,,,,,#63b512,,,
2025-12-02,Jupiter,,,3.0,,,,,0.0,,,,,6.0,,,,,#00bfa5,,,
2025-12-02,_Drift,Drift,,,58.0,,,,,0.0,,,,,,,,,,,,
2025-12-02,_GMTrade,GMTrade,,,44.0,,,,,0.0,,,,,2.0,,,,,#f79009,,
2025-12-02,_Pacifica,Pacifica,,,35.0,,,,,0.0,,,,,1.0,,,,,#545cf8,,
2025-12-02,_Phoenix,Phoenix,,,33.0,,,,,0.0,,,,,3.0,,,,,#904ea6,,
2025-12-02,_Flash Trade,Flash Trade,,,20.0,,,,,0.0,,,,,4.0,,,,,#63b512,,
2025-12-02,_Jupiter,Jupiter,,,3.0,,,,,0.0,,,,,6.0,,,,,#00bfa5,,
2025-12-02,Crypto,,,,,88.0,,,,,0.0,,,,,1.0,,,,,#545cf8,
2025-12-02,Stock,,,,,8.0,,,,,0.0,,,,,2.0,,,,,#f79009,
2025-12-02,Commodity,,,,,4.0,,,,,0.0,,,,,3.0,,,,,#904ea6,
2025-12-02,FX,,,,,2.0,,,,,0.0,,,,,4.0,,,,,#63b512,
2025-12-02,Index,,,,,2.0,,,,,0.0,,,,,5.0,,,,,#f0384a,
2025-12-01,Total,,104.0,,,,,0.0,,,,,1.0,,,,,#545cf8,,,,
2025-12-01,Drift,,,58.0,,,,,0.0,,,,,,,,,,,,,
2025-12-01,GMTrade,,,44.0,,,,,0.0,,,,,2.0,,,,,#f79009,,,
2025-12-01,Pacifica,,,35.0,,,,,0.0,,,,,1.0,,,,,#545cf8,,,
2025-12-01,Phoenix,,,33.0,,,,,0.0,,,,,3.0,,,,,#904ea6,,,
2025-12-01,Flash Trade,,,20.0,,,,,0.0,,,,,4.0,,,,,#63b512,,,
2025-12-01,Jupiter,,,3.0,,,,,0.0,,,,,6.0,,,,,#00bfa5,,,
2025-12-01,_Drift,Drift,,,58.0,,,,,0.0,,,,,,,,,,,,
2025-12-01,_GMTrade,GMTrade,,,44.0,,,,,0.0,,,,,2.0,,,,,#f79009,,
2025-12-01,_Pacifica,Pacifica,,,35.0,,,,,0.0,,,,,1.0,,,,,#545cf8,,
2025-12-01,_Phoenix,Phoenix,,,33.0,,,,,0.0,,,,,3.0,,,,,#904ea6,,
2025-12-01,_Flash Trade,Flash Trade,,,20.0,,,,,0.0,,,,,4.0,,,,,#63b512,,
2025-12-01,_Jupiter,Jupiter,,,3.0,,,,,0.0,,,,,6.0,,,,,#00bfa5,,
2025-12-01,Crypto,,,,,88.0,,,,,0.0,,,,,1.0,,,,,#545cf8,
2025-12-01,Stock,,,,,8.0,,,,,0.0,,,,,2.0,,,,,#f79009,
2025-12-01,Commodity,,,,,4.0,,,,,0.0,,,,,3.0,,,,,#904ea6,
2025-12-01,FX,,,,,2.0,,,,,0.0,,,,,4.0,,,,,#63b512,
2025-12-01,Index,,,,,2.0,,,,,0.0,,,,,5.0,,,,,#f0384a,
2025-11-30,Total,,104.0,,,,,0.0,,,,,1.0,,,,,#545cf8,,,,
2025-11-30,Drift,,,58.0,,,,,0.0,,,,,,,,,,,,,
2025-11-30,GMTrade,,,44.0,,,,,0.0,,,,,2.0,,,,,#f79009,,,
2025-11-30,Pacifica,,,35.0,,,,,0.0,,,,,1.0,,,,,#545cf8,,,
2025-11-30,Phoenix,,,33.0,,,,,0.0,,,,,3.0,,,,,#904ea6,,,
2025-11-30,Flash Trade,,,20.0,,,,,0.0,,,,,4.0,,,,,#63b512,,,
2025-11-30,Jupiter,,,3.0,,,,,0.0,,,,,6.0,,,,,#00bfa5,,,
2025-11-30,_Drift,Drift,,,58.0,,,,,0.0,,,,,,,,,,,,
2025-11-30,_GMTrade,GMTrade,,,44.0,,,,,0.0,,,,,2.0,,,,,#f79009,,
2025-11-30,_Pacifica,Pacifica,,,35.0,,,,,0.0,,,,,1.0,,,,,#545cf8,,
2025-11-30,_Phoenix,Phoenix,,,33.0,,,,,0.0,,,,,3.0,,,,,#904ea6,,
2025-11-30,_Flash Trade,Flash Trade,,,20.0,,,,,0.0,,,,,4.0,,,,,#63b512,,
2025-11-30,_Jupiter,Jupiter,,,3.0,,,,,0.0,,,,,6.0,,,,,#00bfa5,,
2025-11-30,Crypto,,,,,88.0,,,,,0.0,,,,,1.0,,,,,#545cf8,
2025-11-30,Stock,,,,,8.0,,,,,0.0,,,,,2.0,,,,,#f79009,
2025-11-30,Commodity,,,,,4.0,,,,,0.0,,,,,3.0,,,,,#904ea6,
2025-11-30,FX,,,,,2.0,,,,,0.0,,,,,4.0,,,,,#63b512,
2025-11-30,Index,,,,,2.0,,,,,0.0,,,,,5.0,,,,,#f0384a,
2025-11-29,Total,,104.0,,,,,0.0,,,,,1.0,,,,,#545cf8,,,,
2025-11-29,Drift,,,58.0,,,,,0.0,,,,,,,,,,,,,
2025-11-29,GMTrade,,,44.0,,,,,0.0,,,,,2.0,,,,,#f79009,,,
2025-11-29,Pacifica,,,35.0,,,,,0.0,,,,,1.0,,,,,#545cf8,,,
2025-11-29,Phoenix,,,33.0,,,,,0.0,,,,,3.0,,,,,#904ea6,,,
2025-11-29,Flash Trade,,,20.0,,,,,0.0,,,,,4.0,,,,,#63b512,,,
2025-11-29,Jupiter,,,3.0,,,,,0.0,,,,,6.0,,,,,#00bfa5,,,
2025-11-29,_Drift,Drift,,,58.0,,,,,0.0,,,,,,,,,,,,
2025-11-29,_GMTrade,GMTrade,,,44.0,,,,,0.0,,,,,2.0,,,,,#f79009,,
2025-11-29,_Pacifica,Pacifica,,,35.0,,,,,0.0,,,,,1.0,,,,,#545cf8,,
2025-11-29,_Phoenix,Phoenix,,,33.0,,,,,0.0,,,,,3.0,,,,,#904ea6,,
2025-11-29,_Flash Trade,Flash Trade,,,20.0,,,,,0.0,,,,,4.0,,,,,#63b512,,
2025-11-29,_Jupiter,Jupiter,,,3.0,,,,,0.0,,,,,6.0,,,,,#00bfa5,,
2025-11-29,Crypto,,,,,88.0,,,,,0.0,,,,,1.0,,,,,#545cf8,
2025-11-29,Stock,,,,,8.0,,,,,0.0,,,,,2.0,,,,,#f79009,
2025-11-29,Commodity,,,,,4.0,,,,,0.0,,,,,3.0,,,,,#904ea6,
2025-11-29,Index,,,,,2.0,,,,,0.0,,,,,5.0,,,,,#f0384a,
2025-11-29,FX,,,,,2.0,,,,,0.0,,,,,4.0,,,,,#63b512,
2025-11-28,Total,,104.0,,,,,0.0,,,,,1.0,,,,,#545cf8,,,,
2025-11-28,Drift,,,58.0,,,,,0.0,,,,,,,,,,,,,
2025-11-28,GMTrade,,,44.0,,,,,0.0,,,,,2.0,,,,,#f79009,,,
2025-11-28,Pacifica,,,35.0,,,,,0.0,,,,,1.0,,,,,#545cf8,,,
2025-11-28,Phoenix,,,33.0,,,,,0.0,,,,,3.0,,,,,#904ea6,,,
2025-11-28,Flash Trade,,,20.0,,,,,0.0,,,,,4.0,,,,,#63b512,,,
2025-11-28,Jupiter,,,3.0,,,,,0.0,,,,,6.0,,,,,#00bfa5,,,
2025-11-28,_Drift,Drift,,,58.0,,,,,0.0,,,,,,,,,,,,
2025-11-28,_GMTrade,GMTrade,,,44.0,,,,,0.0,,,,,2.0,,,,,#f79009,,
2025-11-28,_Pacifica,Pacifica,,,35.0,,,,,0.0,,,,,1.0,,,,,#545cf8,,
2025-11-28,_Phoenix,Phoenix,,,33.0,,,,,0.0,,,,,3.0,,,,,#904ea6,,
2025-11-28,_Flash Trade,Flash Trade,,,20.0,,,,,0.0,,,,,4.0,,,,,#63b512,,
2025-11-28,_Jupiter,Jupiter,,,3.0,,,,,0.0,,,,,6.0,,,,,#00bfa5,,
2025-11-28,Crypto,,,,,88.0,,,,,0.0,,,,,1.0,,,,,#545cf8,
2025-11-28,Stock,,,,,8.0,,,,,0.0,,,,,2.0,,,,,#f79009,
2025-11-28,Commodity,,,,,4.0,,,,,0.0,,,,,3.0,,,,,#904ea6,
2025-11-28,FX,,,,,2.0,,,,,0.0,,,,,4.0,,,,,#63b512,
2025-11-28,Index,,,,,2.0,,,,,0.0,,,,,5.0,,,,,#f0384a,
2025-11-27,Total,,104.0,,,,,0.0,,,,,1.0,,,,,#545cf8,,,,
2025-11-27,Drift,,,58.0,,,,,0.0,,,,,,,,,,,,,
2025-11-27,GMTrade,,,44.0,,,,,0.0,,,,,2.0,,,,,#f79009,,,
2025-11-27,Pacifica,,,35.0,,,,,0.0,,,,,1.0,,,,,#545cf8,,,
2025-11-27,Phoenix,,,33.0,,,,,0.0,,,,,3.0,,,,,#904ea6,,,
2025-11-27,Flash Trade,,,20.0,,,,,0.0,,,,,4.0,,,,,#63b512,,,
2025-11-27,Jupiter,,,3.0,,,,,0.0,,,,,6.0,,,,,#00bfa5,,,
2025-11-27,_Drift,Drift,,,58.0,,,,,0.0,,,,,,,,,,,,
2025-11-27,_GMTrade,GMTrade,,,44.0,,,,,0.0,,,,,2.0,,,,,#f79009,,
2025-11-27,_Pacifica,Pacifica,,,35.0,,,,,0.0,,,,,1.0,,,,,#545cf8,,
2025-11-27,_Phoenix,Phoenix,,,33.0,,,,,0.0,,,,,3.0,,,,,#904ea6,,
2025-11-27,_Flash Trade,Flash Trade,,,20.0,,,,,0.0,,,,,4.0,,,,,#63b512,,
2025-11-27,_Jupiter,Jupiter,,,3.0,,,,,0.0,,,,,6.0,,,,,#00bfa5,,
2025-11-27,Crypto,,,,,88.0,,,,,0.0,,,,,1.0,,,,,#545cf8,
2025-11-27,Stock,,,,,8.0,,,,,0.0,,,,,2.0,,,,,#f79009,
2025-11-27,Commodity,,,,,4.0,,,,,0.0,,,,,3.0,,,,,#904ea6,
2025-11-27,FX,,,,,2.0,,,,,0.0,,,,,4.0,,,,,#63b512,
2025-11-27,Index,,,,,2.0,,,,,0.0,,,,,5.0,,,,,#f0384a,
2025-11-26,Total,,104.0,,,,,0.0,,,,,1.0,,,,,#545cf8,,,,
2025-11-26,Drift,,,58.0,,,,,0.0,,,,,,,,,,,,,
2025-11-26,GMTrade,,,44.0,,,,,0.0,,,,,2.0,,,,,#f79009,,,
2025-11-26,Pacifica,,,35.0,,,,,0.0,,,,,1.0,,,,,#545cf8,,,
2025-11-26,Phoenix,,,33.0,,,,,0.0,,,,,3.0,,,,,#904ea6,,,
2025-11-26,Flash Trade,,,20.0,,,,,0.0,,,,,4.0,,,,,#63b512,,,
2025-11-26,Jupiter,,,3.0,,,,,0.0,,,,,6.0,,,,,#00bfa5,,,
2025-11-26,_Drift,Drift,,,58.0,,,,,0.0,,,,,,,,,,,,
2025-11-26,_GMTrade,GMTrade,,,44.0,,,,,0.0,,,,,2.0,,,,,#f79009,,
2025-11-26,_Pacifica,Pacifica,,,35.0,,,,,0.0,,,,,1.0,,,,,#545cf8,,
2025-11-26,_Phoenix,Phoenix,,,33.0,,,,,0.0,,,,,3.0,,,,,#904ea6,,
2025-11-26,_Flash Trade,Flash Trade,,,20.0,,,,,0.0,,,,,4.0,,,,,#63b512,,
2025-11-26,_Jupiter,Jupiter,,,3.0,,,,,0.0,,,,,6.0,,,,,#00bfa5,,
2025-11-26,Crypto,,,,,88.0,,,,,0.0,,,,,1.0,,,,,#545cf8,
2025-11-26,Stock,,,,,8.0,,,,,0.0,,,,,2.0,,,,,#f79009,
2025-11-26,Commodity,,,,,4.0,,,,,0.0,,,,,3.0,,,,,#904ea6,
2025-11-26,FX,,,,,2.0,,,,,0.0,,,,,4.0,,,,,#63b512,
2025-11-26,Index,,,,,2.0,,,,,0.0,,,,,5.0,,,,,#f0384a,
2025-11-25,Total,,104.0,,,,,0.0,,,,,1.0,,,,,#545cf8,,,,
2025-11-25,Drift,,,58.0,,,,,0.0,,,,,,,,,,,,,
2025-11-25,GMTrade,,,44.0,,,,,0.0,,,,,2.0,,,,,#f79009,,,
2025-11-25,Pacifica,,,35.0,,,,,0.0,,,,,1.0,,,,,#545cf8,,,
2025-11-25,Phoenix,,,33.0,,,,,0.0,,,,,3.0,,,,,#904ea6,,,
2025-11-25,Flash Trade,,,20.0,,,,,0.0,,,,,4.0,,,,,#63b512,,,
2025-11-25,Jupiter,,,3.0,,,,,0.0,,,,,6.0,,,,,#00bfa5,,,
2025-11-25,_Drift,Drift,,,58.0,,,,,0.0,,,,,,,,,,,,
2025-11-25,_GMTrade,GMTrade,,,44.0,,,,,0.0,,,,,2.0,,,,,#f79009,,
2025-11-25,_Pacifica,Pacifica,,,35.0,,,,,0.0,,,,,1.0,,,,,#545cf8,,
2025-11-25,_Phoenix,Phoenix,,,33.0,,,,,0.0,,,,,3.0,,,,,#904ea6,,
2025-11-25,_Flash Trade,Flash Trade,,,20.0,,,,,0.0,,,,,4.0,,,,,#63b512,,
2025-11-25,_Jupiter,Jupiter,,,3.0,,,,,0.0,,,,,6.0,,,,,#00bfa5,,
2025-11-25,Crypto,,,,,88.0,,,,,0.0,,,,,1.0,,,,,#545cf8,
2025-11-25,Stock,,,,,8.0,,,,,0.0,,,,,2.0,,,,,#f79009,
2025-11-25,Commodity,,,,,4.0,,,,,0.0,,,,,3.0,,,,,#904ea6,
2025-11-25,FX,,,,,2.0,,,,,0.0,,,,,4.0,,,,,#63b512,
2025-11-25,Index,,,,,2.0,,,,,0.0,,,,,5.0,,,,,#f0384a,
2025-11-24,Total,,104.0,,,,,1.0,,,,,1.0,,,,,#545cf8,,,,
2025-11-24,Drift,,,58.0,,,,,1.0,,,,,,,,,,,,,
2025-11-24,GMTrade,,,44.0,,,,,0.0,,,,,2.0,,,,,#f79009,,,
2025-11-24,Pacifica,,,35.0,,,,,0.0,,,,,1.0,,,,,#545cf8,,,
2025-11-24,Phoenix,,,33.0,,,,,0.0,,,,,3.0,,,,,#904ea6,,,
2025-11-24,Flash Trade,,,20.0,,,,,0.0,,,,,4.0,,,,,#63b512,,,
2025-11-24,Jupiter,,,3.0,,,,,0.0,,,,,6.0,,,,,#00bfa5,,,
2025-11-24,_Drift,Drift,,,58.0,,,,,1.0,,,,,,,,,,,,
2025-11-24,_GMTrade,GMTrade,,,44.0,,,,,0.0,,,,,2.0,,,,,#f79009,,
2025-11-24,_Pacifica,Pacifica,,,35.0,,,,,0.0,,,,,1.0,,,,,#545cf8,,
2025-11-24,_Phoenix,Phoenix,,,33.0,,,,,0.0,,,,,3.0,,,,,#904ea6,,
2025-11-24,_Flash Trade,Flash Trade,,,20.0,,,,,0.0,,,,,4.0,,,,,#63b512,,
2025-11-24,_Jupiter,Jupiter,,,3.0,,,,,0.0,,,,,6.0,,,,,#00bfa5,,
2025-11-24,Crypto,,,,,88.0,,,,,1.0,,,,,1.0,,,,,#545cf8,
2025-11-24,Stock,,,,,8.0,,,,,0.0,,,,,2.0,,,,,#f79009,
2025-11-24,Commodity,,,,,4.0,,,,,0.0,,,,,3.0,,,,,#904ea6,
2025-11-24,FX,,,,,2.0,,,,,0.0,,,,,4.0,,,,,#63b512,
2025-11-24,Index,,,,,2.0,,,,,0.0,,,,,5.0,,,,,#f0384a,
2025-11-23,Total,,103.0,,,,,0.0,,,,,1.0,,,,,#545cf8,,,,
2025-11-23,Drift,,,57.0,,,,,0.0,,,,,,,,,,,,,
2025-11-23,GMTrade,,,44.0,,,,,0.0,,,,,2.0,,,,,#f79009,,,
2025-11-23,Pacifica,,,35.0,,,,,0.0,,,,,1.0,,,,,#545cf8,,,
2025-11-23,Phoenix,,,33.0,,,,,0.0,,,,,3.0,,,,,#904ea6,,,
2025-11-23,Flash Trade,,,20.0,,,,,0.0,,,,,4.0,,,,,#63b512,,,
2025-11-23,Jupiter,,,3.0,,,,,0.0,,,,,6.0,,,,,#00bfa5,,,
2025-11-23,_Drift,Drift,,,57.0,,,,,0.0,,,,,,,,,,,,
2025-11-23,_GMTrade,GMTrade,,,44.0,,,,,0.0,,,,,2.0,,,,,#f79009,,
2025-11-23,_Pacifica,Pacifica,,,35.0,,,,,0.0,,,,,1.0,,,,,#545cf8,,
2025-11-23,_Phoenix,Phoenix,,,33.0,,,,,0.0,,,,,3.0,,,,,#904ea6,,
2025-11-23,_Flash Trade,Flash Trade,,,20.0,,,,,0.0,,,,,4.0,,,,,#63b512,,
2025-11-23,_Jupiter,Jupiter,,,3.0,,,,,0.0,,,,,6.0,,,,,#00bfa5,,
2025-11-23,Crypto,,,,,87.0,,,,,0.0,,,,,1.0,,,,,#545cf8,
2025-11-23,Stock,,,,,8.0,,,,,0.0,,,,,2.0,,,,,#f79009,
2025-11-23,Commodity,,,,,4.0,,,,,0.0,,,,,3.0,,,,,#904ea6,
2025-11-23,Index,,,,,2.0,,,,,0.0,,,,,5.0,,,,,#f0384a,
2025-11-23,FX,,,,,2.0,,,,,0.0,,,,,4.0,,,,,#63b512,
2025-11-22,Total,,103.0,,,,,0.0,,,,,1.0,,,,,#545cf8,,,,
2025-11-22,Drift,,,57.0,,,,,0.0,,,,,,,,,,,,,
2025-11-22,GMTrade,,,44.0,,,,,0.0,,,,,2.0,,,,,#f79009,,,
2025-11-22,Pacifica,,,35.0,,,,,0.0,,,,,1.0,,,,,#545cf8,,,
2025-11-22,Phoenix,,,33.0,,,,,0.0,,,,,3.0,,,,,#904ea6,,,
2025-11-22,Flash Trade,,,20.0,,,,,0.0,,,,,4.0,,,,,#63b512,,,
2025-11-22,Jupiter,,,3.0,,,,,0.0,,,,,6.0,,,,,#00bfa5,,,
2025-11-22,_Drift,Drift,,,57.0,,,,,0.0,,,,,,,,,,,,
2025-11-22,_GMTrade,GMTrade,,,44.0,,,,,0.0,,,,,2.0,,,,,#f79009,,
2025-11-22,_Pacifica,Pacifica,,,35.0,,,,,0.0,,,,,1.0,,,,,#545cf8,,
2025-11-22,_Phoenix,Phoenix,,,33.0,,,,,0.0,,,,,3.0,,,,,#904ea6,,
2025-11-22,_Flash Trade,Flash Trade,,,20.0,,,,,0.0,,,,,4.0,,,,,#63b512,,
2025-11-22,_Jupiter,Jupiter,,,3.0,,,,,0.0,,,,,6.0,,,,,#00bfa5,,
2025-11-22,Crypto,,,,,87.0,,,,,0.0,,,,,1.0,,,,,#545cf8,
2025-11-22,Stock,,,,,8.0,,,,,0.0,,,,,2.0,,,,,#f79009,
2025-11-22,Commodity,,,,,4.0,,,,,0.0,,,,,3.0,,,,,#904ea6,
2025-11-22,FX,,,,,2.0,,,,,0.0,,,,,4.0,,,,,#63b512,
2025-11-22,Index,,,,,2.0,,,,,0.0,,,,,5.0,,,,,#f0384a,
2025-11-21,Total,,103.0,,,,,0.0,,,,,1.0,,,,,#545cf8,,,,
2025-11-21,Drift,,,57.0,,,,,0.0,,,,,,,,,,,,,
2025-11-21,GMTrade,,,44.0,,,,,0.0,,,,,2.0,,,,,#f79009,,,
2025-11-21,Pacifica,,,35.0,,,,,0.0,,,,,1.0,,,,,#545cf8,,,
2025-11-21,Phoenix,,,33.0,,,,,1.0,,,,,3.0,,,,,#904ea6,,,
2025-11-21,Flash Trade,,,20.0,,,,,0.0,,,,,4.0,,,,,#63b512,,,
2025-11-21,Jupiter,,,3.0,,,,,0.0,,,,,6.0,,,,,#00bfa5,,,
2025-11-21,_Drift,Drift,,,57.0,,,,,0.0,,,,,,,,,,,,
2025-11-21,_GMTrade,GMTrade,,,44.0,,,,,0.0,,,,,2.0,,,,,#f79009,,
2025-11-21,_Pacifica,Pacifica,,,35.0,,,,,0.0,,,,,1.0,,,,,#545cf8,,
2025-11-21,_Phoenix,Phoenix,,,33.0,,,,,1.0,,,,,3.0,,,,,#904ea6,,
2025-11-21,_Flash Trade,Flash Trade,,,20.0,,,,,0.0,,,,,4.0,,,,,#63b512,,
2025-11-21,_Jupiter,Jupiter,,,3.0,,,,,0.0,,,,,6.0,,,,,#00bfa5,,
2025-11-21,Crypto,,,,,87.0,,,,,0.0,,,,,1.0,,,,,#545cf8,
2025-11-21,Stock,,,,,8.0,,,,,0.0,,,,,2.0,,,,,#f79009,
2025-11-21,Commodity,,,,,4.0,,,,,0.0,,,,,3.0,,,,,#904ea6,
2025-11-21,Index,,,,,2.0,,,,,0.0,,,,,5.0,,,,,#f0384a,
2025-11-21,FX,,,,,2.0,,,,,0.0,,,,,4.0,,,,,#63b512,
2025-11-20,Total,,103.0,,,,,0.0,,,,,1.0,,,,,#545cf8,,,,
2025-11-20,Drift,,,57.0,,,,,0.0,,,,,,,,,,,,,
2025-11-20,GMTrade,,,44.0,,,,,0.0,,,,,2.0,,,,,#f79009,,,
2025-11-20,Pacifica,,,35.0,,,,,0.0,,,,,1.0,,,,,#545cf8,,,
2025-11-20,Phoenix,,,32.0,,,,,0.0,,,,,3.0,,,,,#904ea6,,,
2025-11-20,Flash Trade,,,20.0,,,,,0.0,,,,,4.0,,,,,#63b512,,,
2025-11-20,Jupiter,,,3.0,,,,,0.0,,,,,6.0,,,,,#00bfa5,,,
2025-11-20,_Drift,Drift,,,57.0,,,,,0.0,,,,,,,,,,,,
2025-11-20,_GMTrade,GMTrade,,,44.0,,,,,0.0,,,,,2.0,,,,,#f79009,,
2025-11-20,_Pacifica,Pacifica,,,35.0,,,,,0.0,,,,,1.0,,,,,#545cf8,,
2025-11-20,_Phoenix,Phoenix,,,32.0,,,,,0.0,,,,,3.0,,,,,#904ea6,,
2025-11-20,_Flash Trade,Flash Trade,,,20.0,,,,,0.0,,,,,4.0,,,,,#63b512,,
2025-11-20,_Jupiter,Jupiter,,,3.0,,,,,0.0,,,,,6.0,,,,,#00bfa5,,
2025-11-20,Crypto,,,,,87.0,,,,,0.0,,,,,1.0,,,,,#545cf8,
2025-11-20,Stock,,,,,8.0,,,,,0.0,,,,,2.0,,,,,#f79009,
2025-11-20,Commodity,,,,,4.0,,,,,0.0,,,,,3.0,,,,,#904ea6,
2025-11-20,FX,,,,,2.0,,,,,0.0,,,,,4.0,,,,,#63b512,
2025-11-20,Index,,,,,2.0,,,,,0.0,,,,,5.0,,,,,#f0384a,
2025-11-19,Total,,103.0,,,,,5.0,,,,,1.0,,,,,#545cf8,,,,
2025-11-19,Drift,,,57.0,,,,,0.0,,,,,,,,,,,,,
2025-11-19,GMTrade,,,44.0,,,,,0.0,,,,,2.0,,,,,#f79009,,,
2025-11-19,Pacifica,,,35.0,,,,,0.0,,,,,1.0,,,,,#545cf8,,,
2025-11-19,Phoenix,,,32.0,,,,,,,,,,3.0,,,,,#904ea6,,,
2025-11-19,Flash Trade,,,20.0,,,,,0.0,,,,,4.0,,,,,#63b512,,,
2025-11-19,Jupiter,,,3.0,,,,,0.0,,,,,6.0,,,,,#00bfa5,,,
2025-11-19,_Drift,Drift,,,57.0,,,,,0.0,,,,,,,,,,,,
2025-11-19,_GMTrade,GMTrade,,,44.0,,,,,0.0,,,,,2.0,,,,,#f79009,,
2025-11-19,_Pacifica,Pacifica,,,35.0,,,,,0.0,,,,,1.0,,,,,#545cf8,,
2025-11-19,_Phoenix,Phoenix,,,32.0,,,,,,,,,,3.0,,,,,#904ea6,,
2025-11-19,_Flash Trade,Flash Trade,,,20.0,,,,,0.0,,,,,4.0,,,,,#63b512,,
2025-11-19,_Jupiter,Jupiter,,,3.0,,,,,0.0,,,,,6.0,,,,,#00bfa5,,
2025-11-19,Crypto,,,,,87.0,,,,,5.0,,,,,1.0,,,,,#545cf8,
2025-11-19,Stock,,,,,8.0,,,,,0.0,,,,,2.0,,,,,#f79009,
2025-11-19,Commodity,,,,,4.0,,,,,0.0,,,,,3.0,,,,,#904ea6,
2025-11-19,Index,,,,,2.0,,,,,0.0,,,,,5.0,,,,,#f0384a,
2025-11-19,FX,,,,,2.0,,,,,0.0,,,,,4.0,,,,,#63b512,
2025-11-18,Total,,98.0,,,,,0.0,,,,,1.0,,,,,#545cf8,,,,
2025-11-18,Drift,,,57.0,,,,,0.0,,,,,,,,,,,,,
2025-11-18,GMTrade,,,44.0,,,,,0.0,,,,,2.0,,,,,#f79009,,,
2025-11-18,Pacifica,,,35.0,,,,,0.0,,,,,1.0,,,,,#545cf8,,,
2025-11-18,Flash Trade,,,20.0,,,,,0.0,,,,,4.0,,,,,#63b512,,,
2025-11-18,Jupiter,,,3.0,,,,,0.0,,,,,6.0,,,,,#00bfa5,,,
2025-11-18,_Drift,Drift,,,57.0,,,,,0.0,,,,,,,,,,,,
2025-11-18,_GMTrade,GMTrade,,,44.0,,,,,0.0,,,,,2.0,,,,,#f79009,,
2025-11-18,_Pacifica,Pacifica,,,35.0,,,,,0.0,,,,,1.0,,,,,#545cf8,,
2025-11-18,_Flash Trade,Flash Trade,,,20.0,,,,,0.0,,,,,4.0,,,,,#63b512,,
2025-11-18,_Jupiter,Jupiter,,,3.0,,,,,0.0,,,,,6.0,,,,,#00bfa5,,
2025-11-18,Crypto,,,,,82.0,,,,,0.0,,,,,1.0,,,,,#545cf8,
2025-11-18,Stock,,,,,8.0,,,,,0.0,,,,,2.0,,,,,#f79009,
2025-11-18,Commodity,,,,,4.0,,,,,0.0,,,,,3.0,,,,,#904ea6,
2025-11-18,Index,,,,,2.0,,,,,0.0,,,,,5.0,,,,,#f0384a,
2025-11-18,FX,,,,,2.0,,,,,0.0,,,,,4.0,,,,,#63b512,
2025-11-17,Total,,98.0,,,,,0.0,,,,,1.0,,,,,#545cf8,,,,
2025-11-17,Drift,,,57.0,,,,,0.0,,,,,,,,,,,,,
2025-11-17,GMTrade,,,44.0,,,,,0.0,,,,,2.0,,,,,#f79009,,,
2025-11-17,Pacifica,,,35.0,,,,,0.0,,,,,1.0,,,,,#545cf8,,,
2025-11-17,Flash Trade,,,20.0,,,,,0.0,,,,,4.0,,,,,#63b512,,,
2025-11-17,Jupiter,,,3.0,,,,,0.0,,,,,6.0,,,,,#00bfa5,,,
2025-11-17,_Drift,Drift,,,57.0,,,,,0.0,,,,,,,,,,,,
2025-11-17,_GMTrade,GMTrade,,,44.0,,,,,0.0,,,,,2.0,,,,,#f79009,,
2025-11-17,_Pacifica,Pacifica,,,35.0,,,,,0.0,,,,,1.0,,,,,#545cf8,,
2025-11-17,_Flash Trade,Flash Trade,,,20.0,,,,,0.0,,,,,4.0,,,,,#63b512,,
2025-11-17,_Jupiter,Jupiter,,,3.0,,,,,0.0,,,,,6.0,,,,,#00bfa5,,
2025-11-17,Crypto,,,,,82.0,,,,,0.0,,,,,1.0,,,,,#545cf8,
2025-11-17,Stock,,,,,8.0,,,,,0.0,,,,,2.0,,,,,#f79009,
2025-11-17,Commodity,,,,,4.0,,,,,0.0,,,,,3.0,,,,,#904ea6,
2025-11-17,FX,,,,,2.0,,,,,0.0,,,,,4.0,,,,,#63b512,
2025-11-17,Index,,,,,2.0,,,,,0.0,,,,,5.0,,,,,#f0384a,
2025-11-16,Total,,98.0,,,,,0.0,,,,,1.0,,,,,#545cf8,,,,
2025-11-16,Drift,,,57.0,,,,,0.0,,,,,,,,,,,,,
2025-11-16,GMTrade,,,44.0,,,,,0.0,,,,,2.0,,,,,#f79009,,,
2025-11-16,Pacifica,,,35.0,,,,,0.0,,,,,1.0,,,,,#545cf8,,,
2025-11-16,Flash Trade,,,20.0,,,,,0.0,,,,,4.0,,,,,#63b512,,,
2025-11-16,Jupiter,,,3.0,,,,,0.0,,,,,6.0,,,,,#00bfa5,,,
2025-11-16,_Drift,Drift,,,57.0,,,,,0.0,,,,,,,,,,,,
2025-11-16,_GMTrade,GMTrade,,,44.0,,,,,0.0,,,,,2.0,,,,,#f79009,,
2025-11-16,_Pacifica,Pacifica,,,35.0,,,,,0.0,,,,,1.0,,,,,#545cf8,,
2025-11-16,_Flash Trade,Flash Trade,,,20.0,,,,,0.0,,,,,4.0,,,,,#63b512,,
2025-11-16,_Jupiter,Jupiter,,,3.0,,,,,0.0,,,,,6.0,,,,,#00bfa5,,
2025-11-16,Crypto,,,,,82.0,,,,,0.0,,,,,1.0,,,,,#545cf8,
2025-11-16,Stock,,,,,8.0,,,,,0.0,,,,,2.0,,,,,#f79009,
2025-11-16,Commodity,,,,,4.0,,,,,0.0,,,,,3.0,,,,,#904ea6,
2025-11-16,Index,,,,,2.0,,,,,0.0,,,,,5.0,,,,,#f0384a,
2025-11-16,FX,,,,,2.0,,,,,0.0,,,,,4.0,,,,,#63b512,
2025-11-15,Total,,98.0,,,,,0.0,,,,,1.0,,,,,#545cf8,,,,
2025-11-15,Drift,,,57.0,,,,,0.0,,,,,,,,,,,,,
2025-11-15,GMTrade,,,44.0,,,,,0.0,,,,,2.0,,,,,#f79009,,,
2025-11-15,Pacifica,,,35.0,,,,,0.0,,,,,1.0,,,,,#545cf8,,,
2025-11-15,Flash Trade,,,20.0,,,,,0.0,,,,,4.0,,,,,#63b512,,,
2025-11-15,Jupiter,,,3.0,,,,,0.0,,,,,6.0,,,,,#00bfa5,,,
2025-11-15,_Drift,Drift,,,57.0,,,,,0.0,,,,,,,,,,,,
2025-11-15,_GMTrade,GMTrade,,,44.0,,,,,0.0,,,,,2.0,,,,,#f79009,,
2025-11-15,_Pacifica,Pacifica,,,35.0,,,,,0.0,,,,,1.0,,,,,#545cf8,,
2025-11-15,_Flash Trade,Flash Trade,,,20.0,,,,,0.0,,,,,4.0,,,,,#63b512,,
2025-11-15,_Jupiter,Jupiter,,,3.0,,,,,0.0,,,,,6.0,,,,,#00bfa5,,
2025-11-15,Crypto,,,,,82.0,,,,,0.0,,,,,1.0,,,,,#545cf8,
2025-11-15,Stock,,,,,8.0,,,,,0.0,,,,,2.0,,,,,#f79009,
2025-11-15,Commodity,,,,,4.0,,,,,0.0,,,,,3.0,,,,,#904ea6,
2025-11-15,FX,,,,,2.0,,,,,0.0,,,,,4.0,,,,,#63b512,
2025-11-15,Index,,,,,2.0,,,,,0.0,,,,,5.0,,,,,#f0384a,
2025-11-14,Total,,98.0,,,,,0.0,,,,,1.0,,,,,#545cf8,,,,
2025-11-14,Drift,,,57.0,,,,,0.0,,,,,,,,,,,,,
2025-11-14,GMTrade,,,44.0,,,,,0.0,,,,,2.0,,,,,#f79009,,,
2025-11-14,Pacifica,,,35.0,,,,,0.0,,,,,1.0,,,,,#545cf8,,,
2025-11-14,Flash Trade,,,20.0,,,,,0.0,,,,,4.0,,,,,#63b512,,,
2025-11-14,Jupiter,,,3.0,,,,,0.0,,,,,6.0,,,,,#00bfa5,,,
2025-11-14,_Drift,Drift,,,57.0,,,,,0.0,,,,,,,,,,,,
2025-11-14,_GMTrade,GMTrade,,,44.0,,,,,0.0,,,,,2.0,,,,,#f79009,,
2025-11-14,_Pacifica,Pacifica,,,35.0,,,,,0.0,,,,,1.0,,,,,#545cf8,,
2025-11-14,_Flash Trade,Flash Trade,,,20.0,,,,,0.0,,,,,4.0,,,,,#63b512,,
2025-11-14,_Jupiter,Jupiter,,,3.0,,,,,0.0,,,,,6.0,,,,,#00bfa5,,
2025-11-14,Crypto,,,,,82.0,,,,,0.0,,,,,1.0,,,,,#545cf8,
2025-11-14,Stock,,,,,8.0,,,,,0.0,,,,,2.0,,,,,#f79009,
2025-11-14,Commodity,,,,,4.0,,,,,0.0,,,,,3.0,,,,,#904ea6,
2025-11-14,Index,,,,,2.0,,,,,0.0,,,,,5.0,,,,,#f0384a,
2025-11-14,FX,,,,,2.0,,,,,0.0,,,,,4.0,,,,,#63b512,
2025-11-13,Total,,98.0,,,,,0.0,,,,,1.0,,,,,#545cf8,,,,
2025-11-13,Drift,,,57.0,,,,,0.0,,,,,,,,,,,,,
2025-11-13,GMTrade,,,44.0,,,,,0.0,,,,,2.0,,,,,#f79009,,,
2025-11-13,Pacifica,,,35.0,,,,,0.0,,,,,1.0,,,,,#545cf8,,,
2025-11-13,Flash Trade,,,20.0,,,,,0.0,,,,,4.0,,,,,#63b512,,,
2025-11-13,Jupiter,,,3.0,,,,,0.0,,,,,6.0,,,,,#00bfa5,,,
2025-11-13,_Drift,Drift,,,57.0,,,,,0.0,,,,,,,,,,,,
2025-11-13,_GMTrade,GMTrade,,,44.0,,,,,0.0,,,,,2.0,,,,,#f79009,,
2025-11-13,_Pacifica,Pacifica,,,35.0,,,,,0.0,,,,,1.0,,,,,#545cf8,,
2025-11-13,_Flash Trade,Flash Trade,,,20.0,,,,,0.0,,,,,4.0,,,,,#63b512,,
2025-11-13,_Jupiter,Jupiter,,,3.0,,,,,0.0,,,,,6.0,,,,,#00bfa5,,
2025-11-13,Crypto,,,,,82.0,,,,,0.0,,,,,1.0,,,,,#545cf8,
2025-11-13,Stock,,,,,8.0,,,,,0.0,,,,,2.0,,,,,#f79009,
2025-11-13,Commodity,,,,,4.0,,,,,0.0,,,,,3.0,,,,,#904ea6,
2025-11-13,FX,,,,,2.0,,,,,0.0,,,,,4.0,,,,,#63b512,
2025-11-13,Index,,,,,2.0,,,,,0.0,,,,,5.0,,,,,#f0384a,
2025-11-12,Total,,98.0,,,,,3.0,,,,,1.0,,,,,#545cf8,,,,
2025-11-12,Drift,,,57.0,,,,,0.0,,,,,,,,,,,,,
2025-11-12,GMTrade,,,44.0,,,,,0.0,,,,,2.0,,,,,#f79009,,,
2025-11-12,Pacifica,,,35.0,,,,,3.0,,,,,1.0,,,,,#545cf8,,,
2025-11-12,Flash Trade,,,20.0,,,,,1.0,,,,,4.0,,,,,#63b512,,,
2025-11-12,Jupiter,,,3.0,,,,,0.0,,,,,6.0,,,,,#00bfa5,,,
2025-11-12,_Drift,Drift,,,57.0,,,,,0.0,,,,,,,,,,,,
2025-11-12,_GMTrade,GMTrade,,,44.0,,,,,0.0,,,,,2.0,,,,,#f79009,,
2025-11-12,_Pacifica,Pacifica,,,35.0,,,,,3.0,,,,,1.0,,,,,#545cf8,,
2025-11-12,_Flash Trade,Flash Trade,,,20.0,,,,,1.0,,,,,4.0,,,,,#63b512,,
2025-11-12,_Jupiter,Jupiter,,,3.0,,,,,0.0,,,,,6.0,,,,,#00bfa5,,
2025-11-12,Crypto,,,,,82.0,,,,,3.0,,,,,1.0,,,,,#545cf8,
2025-11-12,Stock,,,,,8.0,,,,,0.0,,,,,2.0,,,,,#f79009,
2025-11-12,Commodity,,,,,4.0,,,,,0.0,,,,,3.0,,,,,#904ea6,
2025-11-12,FX,,,,,2.0,,,,,0.0,,,,,4.0,,,,,#63b512,
2025-11-12,Index,,,,,2.0,,,,,0.0,,,,,5.0,,,,,#f0384a,
2025-11-11,Total,,95.0,,,,,1.0,,,,,1.0,,,,,#545cf8,,,,
2025-11-11,Drift,,,57.0,,,,,0.0,,,,,,,,,,,,,
2025-11-11,GMTrade,,,44.0,,,,,0.0,,,,,2.0,,,,,#f79009,,,
2025-11-11,Pacifica,,,32.0,,,,,1.0,,,,,1.0,,,,,#545cf8,,,
2025-11-11,Flash Trade,,,19.0,,,,,0.0,,,,,4.0,,,,,#63b512,,,
2025-11-11,Jupiter,,,3.0,,,,,0.0,,,,,6.0,,,,,#00bfa5,,,
2025-11-11,_Drift,Drift,,,57.0,,,,,0.0,,,,,,,,,,,,
2025-11-11,_GMTrade,GMTrade,,,44.0,,,,,0.0,,,,,2.0,,,,,#f79009,,
2025-11-11,_Pacifica,Pacifica,,,32.0,,,,,1.0,,,,,1.0,,,,,#545cf8,,
2025-11-11,_Flash Trade,Flash Trade,,,19.0,,,,,0.0,,,,,4.0,,,,,#63b512,,
2025-11-11,_Jupiter,Jupiter,,,3.0,,,,,0.0,,,,,6.0,,,,,#00bfa5,,
2025-11-11,Crypto,,,,,79.0,,,,,1.0,,,,,1.0,,,,,#545cf8,
2025-11-11,Stock,,,,,8.0,,,,,0.0,,,,,2.0,,,,,#f79009,
2025-11-11,Commodity,,,,,4.0,,,,,0.0,,,,,3.0,,,,,#904ea6,
2025-11-11,FX,,,,,2.0,,,,,0.0,,,,,4.0,,,,,#63b512,
2025-11-11,Index,,,,,2.0,,,,,0.0,,,,,5.0,,,,,#f0384a,
2025-11-10,Total,,94.0,,,,,0.0,,,,,1.0,,,,,#545cf8,,,,
2025-11-10,Drift,,,57.0,,,,,0.0,,,,,,,,,,,,,
2025-11-10,GMTrade,,,44.0,,,,,0.0,,,,,2.0,,,,,#f79009,,,
2025-11-10,Pacifica,,,31.0,,,,,0.0,,,,,1.0,,,,,#545cf8,,,
2025-11-10,Flash Trade,,,19.0,,,,,0.0,,,,,4.0,,,,,#63b512,,,
2025-11-10,Jupiter,,,3.0,,,,,0.0,,,,,6.0,,,,,#00bfa5,,,
2025-11-10,_Drift,Drift,,,57.0,,,,,0.0,,,,,,,,,,,,
2025-11-10,_GMTrade,GMTrade,,,44.0,,,,,0.0,,,,,2.0,,,,,#f79009,,
2025-11-10,_Pacifica,Pacifica,,,31.0,,,,,0.0,,,,,1.0,,,,,#545cf8,,
2025-11-10,_Flash Trade,Flash Trade,,,19.0,,,,,0.0,,,,,4.0,,,,,#63b512,,
2025-11-10,_Jupiter,Jupiter,,,3.0,,,,,0.0,,,,,6.0,,,,,#00bfa5,,
2025-11-10,Crypto,,,,,78.0,,,,,0.0,,,,,1.0,,,,,#545cf8,
2025-11-10,Stock,,,,,8.0,,,,,0.0,,,,,2.0,,,,,#f79009,
2025-11-10,Commodity,,,,,4.0,,,,,0.0,,,,,3.0,,,,,#904ea6,
2025-11-10,Index,,,,,2.0,,,,,0.0,,,,,5.0,,,,,#f0384a,
2025-11-10,FX,,,,,2.0,,,,,0.0,,,,,4.0,,,,,#63b512,
2025-11-09,Total,,94.0,,,,,0.0,,,,,1.0,,,,,#545cf8,,,,
2025-11-09,Drift,,,57.0,,,,,0.0,,,,,,,,,,,,,
2025-11-09,GMTrade,,,44.0,,,,,0.0,,,,,2.0,,,,,#f79009,,,
2025-11-09,Pacifica,,,31.0,,,,,0.0,,,,,1.0,,,,,#545cf8,,,
2025-11-09,Flash Trade,,,19.0,,,,,0.0,,,,,4.0,,,,,#63b512,,,
2025-11-09,Jupiter,,,3.0,,,,,0.0,,,,,6.0,,,,,#00bfa5,,,
2025-11-09,_Drift,Drift,,,57.0,,,,,0.0,,,,,,,,,,,,
2025-11-09,_GMTrade,GMTrade,,,44.0,,,,,0.0,,,,,2.0,,,,,#f79009,,
2025-11-09,_Pacifica,Pacifica,,,31.0,,,,,0.0,,,,,1.0,,,,,#545cf8,,
2025-11-09,_Flash Trade,Flash Trade,,,19.0,,,,,0.0,,,,,4.0,,,,,#63b512,,
2025-11-09,_Jupiter,Jupiter,,,3.0,,,,,0.0,,,,,6.0,,,,,#00bfa5,,
2025-11-09,Crypto,,,,,78.0,,,,,0.0,,,,,1.0,,,,,#545cf8,
2025-11-09,Stock,,,,,8.0,,,,,0.0,,,,,2.0,,,,,#f79009,
2025-11-09,Commodity,,,,,4.0,,,,,0.0,,,,,3.0,,,,,#904ea6,
2025-11-09,Index,,,,,2.0,,,,,0.0,,,,,5.0,,,,,#f0384a,
2025-11-09,FX,,,,,2.0,,,,,0.0,,,,,4.0,,,,,#63b512,
2025-11-08,Total,,94.0,,,,,0.0,,,,,1.0,,,,,#545cf8,,,,
2025-11-08,Drift,,,57.0,,,,,0.0,,,,,,,,,,,,,
2025-11-08,GMTrade,,,44.0,,,,,0.0,,,,,2.0,,,,,#f79009,,,
2025-11-08,Pacifica,,,31.0,,,,,0.0,,,,,1.0,,,,,#545cf8,,,
2025-11-08,Flash Trade,,,19.0,,,,,0.0,,,,,4.0,,,,,#63b512,,,
2025-11-08,Jupiter,,,3.0,,,,,0.0,,,,,6.0,,,,,#00bfa5,,,
2025-11-08,_Drift,Drift,,,57.0,,,,,0.0,,,,,,,,,,,,
2025-11-08,_GMTrade,GMTrade,,,44.0,,,,,0.0,,,,,2.0,,,,,#f79009,,
2025-11-08,_Pacifica,Pacifica,,,31.0,,,,,0.0,,,,,1.0,,,,,#545cf8,,
2025-11-08,_Flash Trade,Flash Trade,,,19.0,,,,,0.0,,,,,4.0,,,,,#63b512,,
2025-11-08,_Jupiter,Jupiter,,,3.0,,,,,0.0,,,,,6.0,,,,,#00bfa5,,
2025-11-08,Crypto,,,,,78.0,,,,,0.0,,,,,1.0,,,,,#545cf8,
2025-11-08,Stock,,,,,8.0,,,,,0.0,,,,,2.0,,,,,#f79009,
2025-11-08,Commodity,,,,,4.0,,,,,0.0,,,,,3.0,,,,,#904ea6,
2025-11-08,Index,,,,,2.0,,,,,0.0,,,,,5.0,,,,,#f0384a,
2025-11-08,FX,,,,,2.0,,,,,0.0,,,,,4.0,,,,,#63b512,
2025-11-07,Total,,94.0,,,,,0.0,,,,,1.0,,,,,#545cf8,,,,
2025-11-07,Drift,,,57.0,,,,,0.0,,,,,,,,,,,,,
2025-11-07,GMTrade,,,44.0,,,,,0.0,,,,,2.0,,,,,#f79009,,,
2025-11-07,Pacifica,,,31.0,,,,,0.0,,,,,1.0,,,,,#545cf8,,,
2025-11-07,Flash Trade,,,19.0,,,,,0.0,,,,,4.0,,,,,#63b512,,,
2025-11-07,Jupiter,,,3.0,,,,,0.0,,,,,6.0,,,,,#00bfa5,,,
2025-11-07,_Drift,Drift,,,57.0,,,,,0.0,,,,,,,,,,,,
2025-11-07,_GMTrade,GMTrade,,,44.0,,,,,0.0,,,,,2.0,,,,,#f79009,,
2025-11-07,_Pacifica,Pacifica,,,31.0,,,,,0.0,,,,,1.0,,,,,#545cf8,,
2025-11-07,_Flash Trade,Flash Trade,,,19.0,,,,,0.0,,,,,4.0,,,,,#63b512,,
2025-11-07,_Jupiter,Jupiter,,,3.0,,,,,0.0,,,,,6.0,,,,,#00bfa5,,
2025-11-07,Crypto,,,,,78.0,,,,,0.0,,,,,1.0,,,,,#545cf8,
2025-11-07,Stock,,,,,8.0,,,,,0.0,,,,,2.0,,,,,#f79009,
2025-11-07,Commodity,,,,,4.0,,,,,0.0,,,,,3.0,,,,,#904ea6,
2025-11-07,Index,,,,,2.0,,,,,0.0,,,,,5.0,,,,,#f0384a,
2025-11-07,FX,,,,,2.0,,,,,0.0,,,,,4.0,,,,,#63b512,
2025-11-06,Total,,94.0,,,,,0.0,,,,,1.0,,,,,#545cf8,,,,
2025-11-06,Drift,,,57.0,,,,,0.0,,,,,,,,,,,,,
2025-11-06,GMTrade,,,44.0,,,,,0.0,,,,,2.0,,,,,#f79009,,,
2025-11-06,Pacifica,,,31.0,,,,,0.0,,,,,1.0,,,,,#545cf8,,,
2025-11-06,Flash Trade,,,19.0,,,,,0.0,,,,,4.0,,,,,#63b512,,,
2025-11-06,Jupiter,,,3.0,,,,,0.0,,,,,6.0,,,,,#00bfa5,,,
2025-11-06,_Drift,Drift,,,57.0,,,,,0.0,,,,,,,,,,,,
2025-11-06,_GMTrade,GMTrade,,,44.0,,,,,0.0,,,,,2.0,,,,,#f79009,,
2025-11-06,_Pacifica,Pacifica,,,31.0,,,,,0.0,,,,,1.0,,,,,#545cf8,,
2025-11-06,_Flash Trade,Flash Trade,,,19.0,,,,,0.0,,,,,4.0,,,,,#63b512,,
2025-11-06,_Jupiter,Jupiter,,,3.0,,,,,0.0,,,,,6.0,,,,,#00bfa5,,
2025-11-06,Crypto,,,,,78.0,,,,,0.0,,,,,1.0,,,,,#545cf8,
2025-11-06,Stock,,,,,8.0,,,,,0.0,,,,,2.0,,,,,#f79009,
2025-11-06,Commodity,,,,,4.0,,,,,0.0,,,,,3.0,,,,,#904ea6,
2025-11-06,FX,,,,,2.0,,,,,0.0,,,,,4.0,,,,,#63b512,
2025-11-06,Index,,,,,2.0,,,,,0.0,,,,,5.0,,,,,#f0384a,
2025-11-05,Total,,94.0,,,,,0.0,,,,,1.0,,,,,#545cf8,,,,
2025-11-05,Drift,,,57.0,,,,,0.0,,,,,,,,,,,,,
2025-11-05,GMTrade,,,44.0,,,,,0.0,,,,,2.0,,,,,#f79009,,,
2025-11-05,Pacifica,,,31.0,,,,,0.0,,,,,1.0,,,,,#545cf8,,,
2025-11-05,Flash Trade,,,19.0,,,,,0.0,,,,,4.0,,,,,#63b512,,,
2025-11-05,Jupiter,,,3.0,,,,,0.0,,,,,6.0,,,,,#00bfa5,,,
2025-11-05,_Drift,Drift,,,57.0,,,,,0.0,,,,,,,,,,,,
2025-11-05,_GMTrade,GMTrade,,,44.0,,,,,0.0,,,,,2.0,,,,,#f79009,,
2025-11-05,_Pacifica,Pacifica,,,31.0,,,,,0.0,,,,,1.0,,,,,#545cf8,,
2025-11-05,_Flash Trade,Flash Trade,,,19.0,,,,,0.0,,,,,4.0,,,,,#63b512,,
2025-11-05,_Jupiter,Jupiter,,,3.0,,,,,0.0,,,,,6.0,,,,,#00bfa5,,
2025-11-05,Crypto,,,,,78.0,,,,,0.0,,,,,1.0,,,,,#545cf8,
2025-11-05,Stock,,,,,8.0,,,,,0.0,,,,,2.0,,,,,#f79009,
2025-11-05,Commodity,,,,,4.0,,,,,0.0,,,,,3.0,,,,,#904ea6,
2025-11-05,FX,,,,,2.0,,,,,0.0,,,,,4.0,,,,,#63b512,
2025-11-05,Index,,,,,2.0,,,,,0.0,,,,,5.0,,,,,#f0384a,
2025-11-04,Total,,94.0,,,,,0.0,,,,,1.0,,,,,#545cf8,,,,
2025-11-04,Drift,,,57.0,,,,,0.0,,,,,,,,,,,,,
2025-11-04,GMTrade,,,44.0,,,,,0.0,,,,,2.0,,,,,#f79009,,,
2025-11-04,Pacifica,,,31.0,,,,,0.0,,,,,1.0,,,,,#545cf8,,,
2025-11-04,Flash Trade,,,19.0,,,,,0.0,,,,,4.0,,,,,#63b512,,,
2025-11-04,Jupiter,,,3.0,,,,,0.0,,,,,6.0,,,,,#00bfa5,,,
2025-11-04,_Drift,Drift,,,57.0,,,,,0.0,,,,,,,,,,,,
2025-11-04,_GMTrade,GMTrade,,,44.0,,,,,0.0,,,,,2.0,,,,,#f79009,,
2025-11-04,_Pacifica,Pacifica,,,31.0,,,,,0.0,,,,,1.0,,,,,#545cf8,,
2025-11-04,_Flash Trade,Flash Trade,,,19.0,,,,,0.0,,,,,4.0,,,,,#63b512,,
2025-11-04,_Jupiter,Jupiter,,,3.0,,,,,0.0,,,,,6.0,,,,,#00bfa5,,
2025-11-04,Crypto,,,,,78.0,,,,,0.0,,,,,1.0,,,,,#545cf8,
2025-11-04,Stock,,,,,8.0,,,,,0.0,,,,,2.0,,,,,#f79009,
2025-11-04,Commodity,,,,,4.0,,,,,0.0,,,,,3.0,,,,,#904ea6,
2025-11-04,Index,,,,,2.0,,,,,0.0,,,,,5.0,,,,,#f0384a,
2025-11-04,FX,,,,,2.0,,,,,0.0,,,,,4.0,,,,,#63b512,
2025-11-03,Total,,94.0,,,,,0.0,,,,,1.0,,,,,#545cf8,,,,
2025-11-03,Drift,,,57.0,,,,,0.0,,,,,,,,,,,,,
2025-11-03,GMTrade,,,44.0,,,,,0.0,,,,,2.0,,,,,#f79009,,,
2025-11-03,Pacifica,,,31.0,,,,,0.0,,,,,1.0,,,,,#545cf8,,,
2025-11-03,Flash Trade,,,19.0,,,,,0.0,,,,,4.0,,,,,#63b512,,,
2025-11-03,Jupiter,,,3.0,,,,,0.0,,,,,6.0,,,,,#00bfa5,,,
2025-11-03,_Drift,Drift,,,57.0,,,,,0.0,,,,,,,,,,,,
2025-11-03,_GMTrade,GMTrade,,,44.0,,,,,0.0,,,,,2.0,,,,,#f79009,,
2025-11-03,_Pacifica,Pacifica,,,31.0,,,,,0.0,,,,,1.0,,,,,#545cf8,,
2025-11-03,_Flash Trade,Flash Trade,,,19.0,,,,,0.0,,,,,4.0,,,,,#63b512,,
2025-11-03,_Jupiter,Jupiter,,,3.0,,,,,0.0,,,,,6.0,,,,,#00bfa5,,
2025-11-03,Crypto,,,,,78.0,,,,,0.0,,,,,1.0,,,,,#545cf8,
2025-11-03,Stock,,,,,8.0,,,,,0.0,,,,,2.0,,,,,#f79009,
2025-11-03,Commodity,,,,,4.0,,,,,0.0,,,,,3.0,,,,,#904ea6,
2025-11-03,FX,,,,,2.0,,,,,0.0,,,,,4.0,,,,,#63b512,
2025-11-03,Index,,,,,2.0,,,,,0.0,,,,,5.0,,,,,#f0384a,
2025-11-02,Total,,94.0,,,,,1.0,,,,,1.0,,,,,#545cf8,,,,
2025-11-02,Drift,,,57.0,,,,,0.0,,,,,,,,,,,,,
2025-11-02,GMTrade,,,44.0,,,,,0.0,,,,,2.0,,,,,#f79009,,,
2025-11-02,Pacifica,,,31.0,,,,,1.0,,,,,1.0,,,,,#545cf8,,,
2025-11-02,Flash Trade,,,19.0,,,,,0.0,,,,,4.0,,,,,#63b512,,,
2025-11-02,Jupiter,,,3.0,,,,,0.0,,,,,6.0,,,,,#00bfa5,,,
2025-11-02,_Drift,Drift,,,57.0,,,,,0.0,,,,,,,,,,,,
2025-11-02,_GMTrade,GMTrade,,,44.0,,,,,0.0,,,,,2.0,,,,,#f79009,,
2025-11-02,_Pacifica,Pacifica,,,31.0,,,,,1.0,,,,,1.0,,,,,#545cf8,,
2025-11-02,_Flash Trade,Flash Trade,,,19.0,,,,,0.0,,,,,4.0,,,,,#63b512,,
2025-11-02,_Jupiter,Jupiter,,,3.0,,,,,0.0,,,,,6.0,,,,,#00bfa5,,
2025-11-02,Crypto,,,,,78.0,,,,,1.0,,,,,1.0,,,,,#545cf8,
2025-11-02,Stock,,,,,8.0,,,,,0.0,,,,,2.0,,,,,#f79009,
2025-11-02,Commodity,,,,,4.0,,,,,0.0,,,,,3.0,,,,,#904ea6,
2025-11-02,Index,,,,,2.0,,,,,0.0,,,,,5.0,,,,,#f0384a,
2025-11-02,FX,,,,,2.0,,,,,0.0,,,,,4.0,,,,,#63b512,
2025-11-01,Total,,93.0,,,,,0.0,,,,,1.0,,,,,#545cf8,,,,
2025-11-01,Drift,,,57.0,,,,,0.0,,,,,,,,,,,,,
2025-11-01,GMTrade,,,44.0,,,,,0.0,,,,,2.0,,,,,#f79009,,,
2025-11-01,Pacifica,,,30.0,,,,,1.0,,,,,1.0,,,,,#545cf8,,,
2025-11-01,Flash Trade,,,19.0,,,,,0.0,,,,,4.0,,,,,#63b512,,,
2025-11-01,Jupiter,,,3.0,,,,,0.0,,,,,6.0,,,,,#00bfa5,,,
2025-11-01,_Drift,Drift,,,57.0,,,,,0.0,,,,,,,,,,,,
2025-11-01,_GMTrade,GMTrade,,,44.0,,,,,0.0,,,,,2.0,,,,,#f79009,,
2025-11-01,_Pacifica,Pacifica,,,30.0,,,,,1.0,,,,,1.0,,,,,#545cf8,,
2025-11-01,_Flash Trade,Flash Trade,,,19.0,,,,,0.0,,,,,4.0,,,,,#63b512,,
2025-11-01,_Jupiter,Jupiter,,,3.0,,,,,0.0,,,,,6.0,,,,,#00bfa5,,
2025-11-01,Crypto,,,,,77.0,,,,,0.0,,,,,1.0,,,,,#545cf8,
2025-11-01,Stock,,,,,8.0,,,,,0.0,,,,,2.0,,,,,#f79009,
2025-11-01,Commodity,,,,,4.0,,,,,0.0,,,,,3.0,,,,,#904ea6,
2025-11-01,FX,,,,,2.0,,,,,0.0,,,,,4.0,,,,,#63b512,
2025-11-01,Index,,,,,2.0,,,,,0.0,,,,,5.0,,,,,#f0384a,
2025-10-31,Total,,93.0,,,,,0.0,,,,,1.0,,,,,#545cf8,,,,
2025-10-31,Drift,,,57.0,,,,,0.0,,,,,,,,,,,,,
2025-10-31,GMTrade,,,44.0,,,,,0.0,,,,,2.0,,,,,#f79009,,,
2025-10-31,Pacifica,,,29.0,,,,,0.0,,,,,1.0,,,,,#545cf8,,,
2025-10-31,Flash Trade,,,19.0,,,,,1.0,,,,,4.0,,,,,#63b512,,,
2025-10-31,Jupiter,,,3.0,,,,,0.0,,,,,6.0,,,,,#00bfa5,,,
2025-10-31,_Drift,Drift,,,57.0,,,,,0.0,,,,,,,,,,,,
2025-10-31,_GMTrade,GMTrade,,,44.0,,,,,0.0,,,,,2.0,,,,,#f79009,,
2025-10-31,_Pacifica,Pacifica,,,29.0,,,,,0.0,,,,,1.0,,,,,#545cf8,,
2025-10-31,_Flash Trade,Flash Trade,,,19.0,,,,,1.0,,,,,4.0,,,,,#63b512,,
2025-10-31,_Jupiter,Jupiter,,,3.0,,,,,0.0,,,,,6.0,,,,,#00bfa5,,
2025-10-31,Crypto,,,,,77.0,,,,,0.0,,,,,1.0,,,,,#545cf8,
2025-10-31,Stock,,,,,8.0,,,,,0.0,,,,,2.0,,,,,#f79009,
2025-10-31,Commodity,,,,,4.0,,,,,0.0,,,,,3.0,,,,,#904ea6,
2025-10-31,FX,,,,,2.0,,,,,0.0,,,,,4.0,,,,,#63b512,
2025-10-31,Index,,,,,2.0,,,,,0.0,,,,,5.0,,,,,#f0384a,
2025-10-30,Total,,93.0,,,,,1.0,,,,,1.0,,,,,#545cf8,,,,
2025-10-30,Drift,,,57.0,,,,,0.0,,,,,,,,,,,,,
2025-10-30,GMTrade,,,44.0,,,,,0.0,,,,,2.0,,,,,#f79009,,,
2025-10-30,Pacifica,,,29.0,,,,,1.0,,,,,1.0,,,,,#545cf8,,,
2025-10-30,Flash Trade,,,18.0,,,,,0.0,,,,,4.0,,,,,#63b512,,,
2025-10-30,Jupiter,,,3.0,,,,,0.0,,,,,6.0,,,,,#00bfa5,,,
2025-10-30,_Drift,Drift,,,57.0,,,,,0.0,,,,,,,,,,,,
2025-10-30,_GMTrade,GMTrade,,,44.0,,,,,0.0,,,,,2.0,,,,,#f79009,,
2025-10-30,_Pacifica,Pacifica,,,29.0,,,,,1.0,,,,,1.0,,,,,#545cf8,,
2025-10-30,_Flash Trade,Flash Trade,,,18.0,,,,,0.0,,,,,4.0,,,,,#63b512,,
2025-10-30,_Jupiter,Jupiter,,,3.0,,,,,0.0,,,,,6.0,,,,,#00bfa5,,
2025-10-30,Crypto,,,,,77.0,,,,,1.0,,,,,1.0,,,,,#545cf8,
2025-10-30,Stock,,,,,8.0,,,,,0.0,,,,,2.0,,,,,#f79009,
2025-10-30,Commodity,,,,,4.0,,,,,0.0,,,,,3.0,,,,,#904ea6,
2025-10-30,FX,,,,,2.0,,,,,0.0,,,,,4.0,,,,,#63b512,
2025-10-30,Index,,,,,2.0,,,,,0.0,,,,,5.0,,,,,#f0384a,
2025-10-29,Total,,92.0,,,,,-1.0,,,,,1.0,,,,,#545cf8,,,,
2025-10-29,Drift,,,57.0,,,,,-1.0,,,,,,,,,,,,,
2025-10-29,GMTrade,,,44.0,,,,,0.0,,,,,2.0,,,,,#f79009,,,
2025-10-29,Pacifica,,,28.0,,,,,0.0,,,,,1.0,,,,,#545cf8,,,
2025-10-29,Flash Trade,,,18.0,,,,,0.0,,,,,4.0,,,,,#63b512,,,
2025-10-29,Jupiter,,,3.0,,,,,0.0,,,,,6.0,,,,,#00bfa5,,,
2025-10-29,_Drift,Drift,,,57.0,,,,,-1.0,,,,,,,,,,,,
2025-10-29,_GMTrade,GMTrade,,,44.0,,,,,0.0,,,,,2.0,,,,,#f79009,,
2025-10-29,_Pacifica,Pacifica,,,28.0,,,,,0.0,,,,,1.0,,,,,#545cf8,,
2025-10-29,_Flash Trade,Flash Trade,,,18.0,,,,,0.0,,,,,4.0,,,,,#63b512,,
2025-10-29,_Jupiter,Jupiter,,,3.0,,,,,0.0,,,,,6.0,,,,,#00bfa5,,
2025-10-29,Crypto,,,,,76.0,,,,,-1.0,,,,,1.0,,,,,#545cf8,
2025-10-29,Stock,,,,,8.0,,,,,0.0,,,,,2.0,,,,,#f79009,
2025-10-29,Commodity,,,,,4.0,,,,,0.0,,,,,3.0,,,,,#904ea6,
2025-10-29,Index,,,,,2.0,,,,,0.0,,,,,5.0,,,,,#f0384a,
2025-10-29,FX,,,,,2.0,,,,,0.0,,,,,4.0,,,,,#63b512,
2025-10-28,Total,,93.0,,,,,1.0,,,,,1.0,,,,,#545cf8,,,,
2025-10-28,Drift,,,58.0,,,,,0.0,,,,,,,,,,,,,
2025-10-28,GMTrade,,,44.0,,,,,0.0,,,,,2.0,,,,,#f79009,,,
2025-10-28,Pacifica,,,28.0,,,,,1.0,,,,,1.0,,,,,#545cf8,,,
2025-10-28,Flash Trade,,,18.0,,,,,0.0,,,,,4.0,,,,,#63b512,,,
2025-10-28,Jupiter,,,3.0,,,,,0.0,,,,,6.0,,,,,#00bfa5,,,
2025-10-28,_Drift,Drift,,,58.0,,,,,0.0,,,,,,,,,,,,
2025-10-28,_GMTrade,GMTrade,,,44.0,,,,,0.0,,,,,2.0,,,,,#f79009,,
2025-10-28,_Pacifica,Pacifica,,,28.0,,,,,1.0,,,,,1.0,,,,,#545cf8,,
2025-10-28,_Flash Trade,Flash Trade,,,18.0,,,,,0.0,,,,,4.0,,,,,#63b512,,
2025-10-28,_Jupiter,Jupiter,,,3.0,,,,,0.0,,,,,6.0,,,,,#00bfa5,,
2025-10-28,Crypto,,,,,77.0,,,,,1.0,,,,,1.0,,,,,#545cf8,
2025-10-28,Stock,,,,,8.0,,,,,0.0,,,,,2.0,,,,,#f79009,
2025-10-28,Commodity,,,,,4.0,,,,,0.0,,,,,3.0,,,,,#904ea6,
2025-10-28,Index,,,,,2.0,,,,,0.0,,,,,5.0,,,,,#f0384a,
2025-10-28,FX,,,,,2.0,,,,,0.0,,,,,4.0,,,,,#63b512,
2025-10-27,Total,,92.0,,,,,0.0,,,,,1.0,,,,,#545cf8,,,,
2025-10-27,Drift,,,58.0,,,,,0.0,,,,,,,,,,,,,
2025-10-27,GMTrade,,,44.0,,,,,4.0,,,,,2.0,,,,,#f79009,,,
2025-10-27,Pacifica,,,27.0,,,,,1.0,,,,,1.0,,,,,#545cf8,,,
2025-10-27,Flash Trade,,,18.0,,,,,0.0,,,,,4.0,,,,,#63b512,,,
2025-10-27,Jupiter,,,3.0,,,,,0.0,,,,,6.0,,,,,#00bfa5,,,
2025-10-27,_Drift,Drift,,,58.0,,,,,0.0,,,,,,,,,,,,
2025-10-27,_GMTrade,GMTrade,,,44.0,,,,,4.0,,,,,2.0,,,,,#f79009,,
2025-10-27,_Pacifica,Pacifica,,,27.0,,,,,1.0,,,,,1.0,,,,,#545cf8,,
2025-10-27,_Flash Trade,Flash Trade,,,18.0,,,,,0.0,,,,,4.0,,,,,#63b512,,
2025-10-27,_Jupiter,Jupiter,,,3.0,,,,,0.0,,,,,6.0,,,,,#00bfa5,,
2025-10-27,Crypto,,,,,76.0,,,,,0.0,,,,,1.0,,,,,#545cf8,
2025-10-27,Stock,,,,,8.0,,,,,0.0,,,,,2.0,,,,,#f79009,
2025-10-27,Commodity,,,,,4.0,,,,,0.0,,,,,3.0,,,,,#904ea6,
2025-10-27,Index,,,,,2.0,,,,,0.0,,,,,5.0,,,,,#f0384a,
2025-10-27,FX,,,,,2.0,,,,,0.0,,,,,4.0,,,,,#63b512,
2025-10-26,Total,,92.0,,,,,0.0,,,,,1.0,,,,,#545cf8,,,,
2025-10-26,Drift,,,58.0,,,,,0.0,,,,,,,,,,,,,
2025-10-26,GMTrade,,,40.0,,,,,0.0,,,,,2.0,,,,,#f79009,,,
2025-10-26,Pacifica,,,26.0,,,,,0.0,,,,,1.0,,,,,#545cf8,,,
2025-10-26,Flash Trade,,,18.0,,,,,0.0,,,,,4.0,,,,,#63b512,,,
2025-10-26,Jupiter,,,3.0,,,,,0.0,,,,,6.0,,,,,#00bfa5,,,
2025-10-26,_Drift,Drift,,,58.0,,,,,0.0,,,,,,,,,,,,
2025-10-26,_GMTrade,GMTrade,,,40.0,,,,,0.0,,,,,2.0,,,,,#f79009,,
2025-10-26,_Pacifica,Pacifica,,,26.0,,,,,0.0,,,,,1.0,,,,,#545cf8,,
2025-10-26,_Flash Trade,Flash Trade,,,18.0,,,,,0.0,,,,,4.0,,,,,#63b512,,
2025-10-26,_Jupiter,Jupiter,,,3.0,,,,,0.0,,,,,6.0,,,,,#00bfa5,,
2025-10-26,Crypto,,,,,76.0,,,,,0.0,,,,,1.0,,,,,#545cf8,
2025-10-26,Stock,,,,,8.0,,,,,0.0,,,,,2.0,,,,,#f79009,
2025-10-26,Commodity,,,,,4.0,,,,,0.0,,,,,3.0,,,,,#904ea6,
2025-10-26,Index,,,,,2.0,,,,,0.0,,,,,5.0,,,,,#f0384a,
2025-10-26,FX,,,,,2.0,,,,,0.0,,,,,4.0,,,,,#63b512,
2025-10-25,Total,,92.0,,,,,0.0,,,,,1.0,,,,,#545cf8,,,,
2025-10-25,Drift,,,58.0,,,,,0.0,,,,,,,,,,,,,
2025-10-25,GMTrade,,,40.0,,,,,0.0,,,,,2.0,,,,,#f79009,,,
2025-10-25,Pacifica,,,26.0,,,,,0.0,,,,,1.0,,,,,#545cf8,,,
2025-10-25,Flash Trade,,,18.0,,,,,0.0,,,,,4.0,,,,,#63b512,,,
2025-10-25,Jupiter,,,3.0,,,,,0.0,,,,,6.0,,,,,#00bfa5,,,
2025-10-25,_Drift,Drift,,,58.0,,,,,0.0,,,,,,,,,,,,
2025-10-25,_GMTrade,GMTrade,,,40.0,,,,,0.0,,,,,2.0,,,,,#f79009,,
2025-10-25,_Pacifica,Pacifica,,,26.0,,,,,0.0,,,,,1.0,,,,,#545cf8,,
2025-10-25,_Flash Trade,Flash Trade,,,18.0,,,,,0.0,,,,,4.0,,,,,#63b512,,
2025-10-25,_Jupiter,Jupiter,,,3.0,,,,,0.0,,,,,6.0,,,,,#00bfa5,,
2025-10-25,Crypto,,,,,76.0,,,,,0.0,,,,,1.0,,,,,#545cf8,
2025-10-25,Stock,,,,,8.0,,,,,0.0,,,,,2.0,,,,,#f79009,
2025-10-25,Commodity,,,,,4.0,,,,,0.0,,,,,3.0,,,,,#904ea6,
2025-10-25,FX,,,,,2.0,,,,,0.0,,,,,4.0,,,,,#63b512,
2025-10-25,Index,,,,,2.0,,,,,0.0,,,,,5.0,,,,,#f0384a,
2025-10-24,Total,,92.0,,,,,0.0,,,,,1.0,,,,,#545cf8,,,,
2025-10-24,Drift,,,58.0,,,,,0.0,,,,,,,,,,,,,
2025-10-24,GMTrade,,,40.0,,,,,0.0,,,,,2.0,,,,,#f79009,,,
2025-10-24,Pacifica,,,26.0,,,,,0.0,,,,,1.0,,,,,#545cf8,,,
2025-10-24,Flash Trade,,,18.0,,,,,0.0,,,,,4.0,,,,,#63b512,,,
2025-10-24,Jupiter,,,3.0,,,,,0.0,,,,,6.0,,,,,#00bfa5,,,
2025-10-24,_Drift,Drift,,,58.0,,,,,0.0,,,,,,,,,,,,
2025-10-24,_GMTrade,GMTrade,,,40.0,,,,,0.0,,,,,2.0,,,,,#f79009,,
2025-10-24,_Pacifica,Pacifica,,,26.0,,,,,0.0,,,,,1.0,,,,,#545cf8,,
2025-10-24,_Flash Trade,Flash Trade,,,18.0,,,,,0.0,,,,,4.0,,,,,#63b512,,
2025-10-24,_Jupiter,Jupiter,,,3.0,,,,,0.0,,,,,6.0,,,,,#00bfa5,,
2025-10-24,Crypto,,,,,76.0,,,,,0.0,,,,,1.0,,,,,#545cf8,
2025-10-24,Stock,,,,,8.0,,,,,0.0,,,,,2.0,,,,,#f79009,
2025-10-24,Commodity,,,,,4.0,,,,,0.0,,,,,3.0,,,,,#904ea6,
2025-10-24,FX,,,,,2.0,,,,,0.0,,,,,4.0,,,,,#63b512,
2025-10-24,Index,,,,,2.0,,,,,0.0,,,,,5.0,,,,,#f0384a,
2025-10-23,Total,,92.0,,,,,1.0,,,,,1.0,,,,,#545cf8,,,,
2025-10-23,Drift,,,58.0,,,,,1.0,,,,,,,,,,,,,
2025-10-23,GMTrade,,,40.0,,,,,0.0,,,,,2.0,,,,,#f79009,,,
2025-10-23,Pacifica,,,26.0,,,,,0.0,,,,,1.0,,,,,#545cf8,,,
2025-10-23,Flash Trade,,,18.0,,,,,0.0,,,,,4.0,,,,,#63b512,,,
2025-10-23,Jupiter,,,3.0,,,,,0.0,,,,,6.0,,,,,#00bfa5,,,
2025-10-23,_Drift,Drift,,,58.0,,,,,1.0,,,,,,,,,,,,
2025-10-23,_GMTrade,GMTrade,,,40.0,,,,,0.0,,,,,2.0,,,,,#f79009,,
2025-10-23,_Pacifica,Pacifica,,,26.0,,,,,0.0,,,,,1.0,,,,,#545cf8,,
2025-10-23,_Flash Trade,Flash Trade,,,18.0,,,,,0.0,,,,,4.0,,,,,#63b512,,
2025-10-23,_Jupiter,Jupiter,,,3.0,,,,,0.0,,,,,6.0,,,,,#00bfa5,,
2025-10-23,Crypto,,,,,76.0,,,,,1.0,,,,,1.0,,,,,#545cf8,
2025-10-23,Stock,,,,,8.0,,,,,0.0,,,,,2.0,,,,,#f79009,
2025-10-23,Commodity,,,,,4.0,,,,,0.0,,,,,3.0,,,,,#904ea6,
2025-10-23,FX,,,,,2.0,,,,,0.0,,,,,4.0,,,,,#63b512,
2025-10-23,Index,,,,,2.0,,,,,0.0,,,,,5.0,,,,,#f0384a,
2025-10-22,Total,,91.0,,,,,0.0,,,,,1.0,,,,,#545cf8,,,,
2025-10-22,Drift,,,57.0,,,,,0.0,,,,,,,,,,,,,
2025-10-22,GMTrade,,,40.0,,,,,0.0,,,,,2.0,,,,,#f79009,,,
2025-10-22,Pacifica,,,26.0,,,,,0.0,,,,,1.0,,,,,#545cf8,,,
2025-10-22,Flash Trade,,,18.0,,,,,0.0,,,,,4.0,,,,,#63b512,,,
2025-10-22,Jupiter,,,3.0,,,,,0.0,,,,,6.0,,,,,#00bfa5,,,
2025-10-22,_Drift,Drift,,,57.0,,,,,0.0,,,,,,,,,,,,
2025-10-22,_GMTrade,GMTrade,,,40.0,,,,,0.0,,,,,2.0,,,,,#f79009,,
2025-10-22,_Pacifica,Pacifica,,,26.0,,,,,0.0,,,,,1.0,,,,,#545cf8,,
2025-10-22,_Flash Trade,Flash Trade,,,18.0,,,,,0.0,,,,,4.0,,,,,#63b512,,
2025-10-22,_Jupiter,Jupiter,,,3.0,,,,,0.0,,,,,6.0,,,,,#00bfa5,,
2025-10-22,Crypto,,,,,75.0,,,,,0.0,,,,,1.0,,,,,#545cf8,
2025-10-22,Stock,,,,,8.0,,,,,0.0,,,,,2.0,,,,,#f79009,
2025-10-22,Commodity,,,,,4.0,,,,,0.0,,,,,3.0,,,,,#904ea6,
2025-10-22,FX,,,,,2.0,,,,,0.0,,,,,4.0,,,,,#63b512,
2025-10-22,Index,,,,,2.0,,,,,0.0,,,,,5.0,,,,,#f0384a,
2025-10-21,Total,,91.0,,,,,0.0,,,,,1.0,,,,,#545cf8,,,,
2025-10-21,Drift,,,57.0,,,,,0.0,,,,,,,,,,,,,
2025-10-21,GMTrade,,,40.0,,,,,0.0,,,,,2.0,,,,,#f79009,,,
2025-10-21,Pacifica,,,26.0,,,,,1.0,,,,,1.0,,,,,#545cf8,,,
2025-10-21,Flash Trade,,,18.0,,,,,0.0,,,,,4.0,,,,,#63b512,,,
2025-10-21,Jupiter,,,3.0,,,,,0.0,,,,,6.0,,,,,#00bfa5,,,
2025-10-21,_Drift,Drift,,,57.0,,,,,0.0,,,,,,,,,,,,
2025-10-21,_GMTrade,GMTrade,,,40.0,,,,,0.0,,,,,2.0,,,,,#f79009,,
2025-10-21,_Pacifica,Pacifica,,,26.0,,,,,1.0,,,,,1.0,,,,,#545cf8,,
2025-10-21,_Flash Trade,Flash Trade,,,18.0,,,,,0.0,,,,,4.0,,,,,#63b512,,
2025-10-21,_Jupiter,Jupiter,,,3.0,,,,,0.0,,,,,6.0,,,,,#00bfa5,,
2025-10-21,Crypto,,,,,75.0,,,,,0.0,,,,,1.0,,,,,#545cf8,
2025-10-21,Stock,,,,,8.0,,,,,0.0,,,,,2.0,,,,,#f79009,
2025-10-21,Commodity,,,,,4.0,,,,,0.0,,,,,3.0,,,,,#904ea6,
2025-10-21,Index,,,,,2.0,,,,,0.0,,,,,5.0,,,,,#f0384a,
2025-10-21,FX,,,,,2.0,,,,,0.0,,,,,4.0,,,,,#63b512,
2025-10-20,Total,,91.0,,,,,0.0,,,,,1.0,,,,,#545cf8,,,,
2025-10-20,Drift,,,57.0,,,,,0.0,,,,,,,,,,,,,
2025-10-20,GMTrade,,,40.0,,,,,0.0,,,,,2.0,,,,,#f79009,,,
2025-10-20,Pacifica,,,25.0,,,,,0.0,,,,,1.0,,,,,#545cf8,,,
2025-10-20,Flash Trade,,,18.0,,,,,0.0,,,,,4.0,,,,,#63b512,,,
2025-10-20,Jupiter,,,3.0,,,,,0.0,,,,,6.0,,,,,#00bfa5,,,
2025-10-20,_Drift,Drift,,,57.0,,,,,0.0,,,,,,,,,,,,
2025-10-20,_GMTrade,GMTrade,,,40.0,,,,,0.0,,,,,2.0,,,,,#f79009,,
2025-10-20,_Pacifica,Pacifica,,,25.0,,,,,0.0,,,,,1.0,,,,,#545cf8,,
2025-10-20,_Flash Trade,Flash Trade,,,18.0,,,,,0.0,,,,,4.0,,,,,#63b512,,
2025-10-20,_Jupiter,Jupiter,,,3.0,,,,,0.0,,,,,6.0,,,,,#00bfa5,,
2025-10-20,Crypto,,,,,75.0,,,,,0.0,,,,,1.0,,,,,#545cf8,
2025-10-20,Stock,,,,,8.0,,,,,0.0,,,,,2.0,,,,,#f79009,
2025-10-20,Commodity,,,,,4.0,,,,,0.0,,,,,3.0,,,,,#904ea6,
2025-10-20,FX,,,,,2.0,,,,,0.0,,,,,4.0,,,,,#63b512,
2025-10-20,Index,,,,,2.0,,,,,0.0,,,,,5.0,,,,,#f0384a,
2025-10-19,Total,,91.0,,,,,0.0,,,,,1.0,,,,,#545cf8,,,,
2025-10-19,Drift,,,57.0,,,,,0.0,,,,,,,,,,,,,
2025-10-19,GMTrade,,,40.0,,,,,0.0,,,,,2.0,,,,,#f79009,,,
2025-10-19,Pacifica,,,25.0,,,,,0.0,,,,,1.0,,,,,#545cf8,,,
2025-10-19,Flash Trade,,,18.0,,,,,0.0,,,,,4.0,,,,,#63b512,,,
2025-10-19,Jupiter,,,3.0,,,,,0.0,,,,,6.0,,,,,#00bfa5,,,
2025-10-19,_Drift,Drift,,,57.0,,,,,0.0,,,,,,,,,,,,
2025-10-19,_GMTrade,GMTrade,,,40.0,,,,,0.0,,,,,2.0,,,,,#f79009,,
2025-10-19,_Pacifica,Pacifica,,,25.0,,,,,0.0,,,,,1.0,,,,,#545cf8,,
2025-10-19,_Flash Trade,Flash Trade,,,18.0,,,,,0.0,,,,,4.0,,,,,#63b512,,
2025-10-19,_Jupiter,Jupiter,,,3.0,,,,,0.0,,,,,6.0,,,,,#00bfa5,,
2025-10-19,Crypto,,,,,75.0,,,,,0.0,,,,,1.0,,,,,#545cf8,
2025-10-19,Stock,,,,,8.0,,,,,0.0,,,,,2.0,,,,,#f79009,
2025-10-19,Commodity,,,,,4.0,,,,,0.0,,,,,3.0,,,,,#904ea6,
2025-10-19,FX,,,,,2.0,,,,,0.0,,,,,4.0,,,,,#63b512,
2025-10-19,Index,,,,,2.0,,,,,0.0,,,,,5.0,,,,,#f0384a,
2025-10-18,Total,,91.0,,,,,-1.0,,,,,1.0,,,,,#545cf8,,,,
2025-10-18,Drift,,,57.0,,,,,-1.0,,,,,,,,,,,,,
2025-10-18,GMTrade,,,40.0,,,,,0.0,,,,,2.0,,,,,#f79009,,,
2025-10-18,Pacifica,,,25.0,,,,,0.0,,,,,1.0,,,,,#545cf8,,,
2025-10-18,Flash Trade,,,18.0,,,,,0.0,,,,,4.0,,,,,#63b512,,,
2025-10-18,Jupiter,,,3.0,,,,,0.0,,,,,6.0,,,,,#00bfa5,,,
2025-10-18,_Drift,Drift,,,57.0,,,,,-1.0,,,,,,,,,,,,
2025-10-18,_GMTrade,GMTrade,,,40.0,,,,,0.0,,,,,2.0,,,,,#f79009,,
2025-10-18,_Pacifica,Pacifica,,,25.0,,,,,0.0,,,,,1.0,,,,,#545cf8,,
2025-10-18,_Flash Trade,Flash Trade,,,18.0,,,,,0.0,,,,,4.0,,,,,#63b512,,
2025-10-18,_Jupiter,Jupiter,,,3.0,,,,,0.0,,,,,6.0,,,,,#00bfa5,,
2025-10-18,Crypto,,,,,75.0,,,,,-1.0,,,,,1.0,,,,,#545cf8,
2025-10-18,Stock,,,,,8.0,,,,,0.0,,,,,2.0,,,,,#f79009,
2025-10-18,Commodity,,,,,4.0,,,,,0.0,,,,,3.0,,,,,#904ea6,
2025-10-18,Index,,,,,2.0,,,,,0.0,,,,,5.0,,,,,#f0384a,
2025-10-18,FX,,,,,2.0,,,,,0.0,,,,,4.0,,,,,#63b512,
2025-10-17,Total,,92.0,,,,,0.0,,,,,1.0,,,,,#545cf8,,,,
2025-10-17,Drift,,,58.0,,,,,0.0,,,,,,,,,,,,,
2025-10-17,GMTrade,,,40.0,,,,,0.0,,,,,2.0,,,,,#f79009,,,
2025-10-17,Pacifica,,,25.0,,,,,0.0,,,,,1.0,,,,,#545cf8,,,
2025-10-17,Flash Trade,,,18.0,,,,,0.0,,,,,4.0,,,,,#63b512,,,
2025-10-17,Jupiter,,,3.0,,,,,0.0,,,,,6.0,,,,,#00bfa5,,,
2025-10-17,_Drift,Drift,,,58.0,,,,,0.0,,,,,,,,,,,,
2025-10-17,_GMTrade,GMTrade,,,40.0,,,,,0.0,,,,,2.0,,,,,#f79009,,
2025-10-17,_Pacifica,Pacifica,,,25.0,,,,,0.0,,,,,1.0,,,,,#545cf8,,
2025-10-17,_Flash Trade,Flash Trade,,,18.0,,,,,0.0,,,,,4.0,,,,,#63b512,,
2025-10-17,_Jupiter,Jupiter,,,3.0,,,,,0.0,,,,,6.0,,,,,#00bfa5,,
2025-10-17,Crypto,,,,,76.0,,,,,0.0,,,,,1.0,,,,,#545cf8,
2025-10-17,Stock,,,,,8.0,,,,,0.0,,,,,2.0,,,,,#f79009,
2025-10-17,Commodity,,,,,4.0,,,,,0.0,,,,,3.0,,,,,#904ea6,
2025-10-17,FX,,,,,2.0,,,,,0.0,,,,,4.0,,,,,#63b512,
2025-10-17,Index,,,,,2.0,,,,,0.0,,,,,5.0,,,,,#f0384a,
2025-10-16,Total,,92.0,,,,,-1.0,,,,,1.0,,,,,#545cf8,,,,
2025-10-16,Drift,,,58.0,,,,,-1.0,,,,,,,,,,,,,
2025-10-16,GMTrade,,,40.0,,,,,0.0,,,,,2.0,,,,,#f79009,,,
2025-10-16,Pacifica,,,25.0,,,,,0.0,,,,,1.0,,,,,#545cf8,,,
2025-10-16,Flash Trade,,,18.0,,,,,0.0,,,,,4.0,,,,,#63b512,,,
2025-10-16,Jupiter,,,3.0,,,,,0.0,,,,,6.0,,,,,#00bfa5,,,
2025-10-16,_Drift,Drift,,,58.0,,,,,-1.0,,,,,,,,,,,,
2025-10-16,_GMTrade,GMTrade,,,40.0,,,,,0.0,,,,,2.0,,,,,#f79009,,
2025-10-16,_Pacifica,Pacifica,,,25.0,,,,,0.0,,,,,1.0,,,,,#545cf8,,
2025-10-16,_Flash Trade,Flash Trade,,,18.0,,,,,0.0,,,,,4.0,,,,,#63b512,,
2025-10-16,_Jupiter,Jupiter,,,3.0,,,,,0.0,,,,,6.0,,,,,#00bfa5,,
2025-10-16,Crypto,,,,,76.0,,,,,-1.0,,,,,1.0,,,,,#545cf8,
2025-10-16,Stock,,,,,8.0,,,,,0.0,,,,,2.0,,,,,#f79009,
2025-10-16,Commodity,,,,,4.0,,,,,0.0,,,,,3.0,,,,,#904ea6,
2025-10-16,FX,,,,,2.0,,,,,0.0,,,,,4.0,,,,,#63b512,
2025-10-16,Index,,,,,2.0,,,,,0.0,,,,,5.0,,,,,#f0384a,
2025-10-15,Total,,93.0,,,,,0.0,,,,,1.0,,,,,#545cf8,,,,
2025-10-15,Drift,,,59.0,,,,,0.0,,,,,,,,,,,,,
2025-10-15,GMTrade,,,40.0,,,,,0.0,,,,,2.0,,,,,#f79009,,,
2025-10-15,Pacifica,,,25.0,,,,,0.0,,,,,1.0,,,,,#545cf8,,,
2025-10-15,Flash Trade,,,18.0,,,,,0.0,,,,,4.0,,,,,#63b512,,,
2025-10-15,Jupiter,,,3.0,,,,,0.0,,,,,6.0,,,,,#00bfa5,,,
2025-10-15,_Drift,Drift,,,59.0,,,,,0.0,,,,,,,,,,,,
2025-10-15,_GMTrade,GMTrade,,,40.0,,,,,0.0,,,,,2.0,,,,,#f79009,,
2025-10-15,_Pacifica,Pacifica,,,25.0,,,,,0.0,,,,,1.0,,,,,#545cf8,,
2025-10-15,_Flash Trade,Flash Trade,,,18.0,,,,,0.0,,,,,4.0,,,,,#63b512,,
2025-10-15,_Jupiter,Jupiter,,,3.0,,,,,0.0,,,,,6.0,,,,,#00bfa5,,
2025-10-15,Crypto,,,,,77.0,,,,,0.0,,,,,1.0,,,,,#545cf8,
2025-10-15,Stock,,,,,8.0,,,,,0.0,,,,,2.0,,,,,#f79009,
2025-10-15,Commodity,,,,,4.0,,,,,0.0,,,,,3.0,,,,,#904ea6,
2025-10-15,FX,,,,,2.0,,,,,0.0,,,,,4.0,,,,,#63b512,
2025-10-15,Index,,,,,2.0,,,,,0.0,,,,,5.0,,,,,#f0384a,
2025-10-14,Total,,93.0,,,,,0.0,,,,,1.0,,,,,#545cf8,,,,
2025-10-14,Drift,,,59.0,,,,,0.0,,,,,,,,,,,,,
2025-10-14,GMTrade,,,40.0,,,,,0.0,,,,,2.0,,,,,#f79009,,,
2025-10-14,Pacifica,,,25.0,,,,,0.0,,,,,1.0,,,,,#545cf8,,,
2025-10-14,Flash Trade,,,18.0,,,,,0.0,,,,,4.0,,,,,#63b512,,,
2025-10-14,Jupiter,,,3.0,,,,,0.0,,,,,6.0,,,,,#00bfa5,,,
2025-10-14,_Drift,Drift,,,59.0,,,,,0.0,,,,,,,,,,,,
2025-10-14,_GMTrade,GMTrade,,,40.0,,,,,0.0,,,,,2.0,,,,,#f79009,,
2025-10-14,_Pacifica,Pacifica,,,25.0,,,,,0.0,,,,,1.0,,,,,#545cf8,,
2025-10-14,_Flash Trade,Flash Trade,,,18.0,,,,,0.0,,,,,4.0,,,,,#63b512,,
2025-10-14,_Jupiter,Jupiter,,,3.0,,,,,0.0,,,,,6.0,,,,,#00bfa5,,
2025-10-14,Crypto,,,,,77.0,,,,,0.0,,,,,1.0,,,,,#545cf8,
2025-10-14,Stock,,,,,8.0,,,,,0.0,,,,,2.0,,,,,#f79009,
2025-10-14,Commodity,,,,,4.0,,,,,0.0,,,,,3.0,,,,,#904ea6,
2025-10-14,Index,,,,,2.0,,,,,0.0,,,,,5.0,,,,,#f0384a,
2025-10-14,FX,,,,,2.0,,,,,0.0,,,,,4.0,,,,,#63b512,
2025-10-13,Total,,93.0,,,,,3.0,,,,,1.0,,,,,#545cf8,,,,
2025-10-13,Drift,,,59.0,,,,,3.0,,,,,,,,,,,,,
2025-10-13,GMTrade,,,40.0,,,,,0.0,,,,,2.0,,,,,#f79009,,,
2025-10-13,Pacifica,,,25.0,,,,,0.0,,,,,1.0,,,,,#545cf8,,,
2025-10-13,Flash Trade,,,18.0,,,,,0.0,,,,,4.0,,,,,#63b512,,,
2025-10-13,Jupiter,,,3.0,,,,,0.0,,,,,6.0,,,,,#00bfa5,,,
2025-10-13,_Drift,Drift,,,59.0,,,,,3.0,,,,,,,,,,,,
2025-10-13,_GMTrade,GMTrade,,,40.0,,,,,0.0,,,,,2.0,,,,,#f79009,,
2025-10-13,_Pacifica,Pacifica,,,25.0,,,,,0.0,,,,,1.0,,,,,#545cf8,,
2025-10-13,_Flash Trade,Flash Trade,,,18.0,,,,,0.0,,,,,4.0,,,,,#63b512,,
2025-10-13,_Jupiter,Jupiter,,,3.0,,,,,0.0,,,,,6.0,,,,,#00bfa5,,
2025-10-13,Crypto,,,,,77.0,,,,,3.0,,,,,1.0,,,,,#545cf8,
2025-10-13,Stock,,,,,8.0,,,,,0.0,,,,,2.0,,,,,#f79009,
2025-10-13,Commodity,,,,,4.0,,,,,0.0,,,,,3.0,,,,,#904ea6,
2025-10-13,FX,,,,,2.0,,,,,0.0,,,,,4.0,,,,,#63b512,
2025-10-13,Index,,,,,2.0,,,,,0.0,,,,,5.0,,,,,#f0384a,
2025-10-12,Total,,90.0,,,,,0.0,,,,,1.0,,,,,#545cf8,,,,
2025-10-12,Drift,,,56.0,,,,,0.0,,,,,,,,,,,,,
2025-10-12,GMTrade,,,40.0,,,,,0.0,,,,,2.0,,,,,#f79009,,,
2025-10-12,Pacifica,,,25.0,,,,,0.0,,,,,1.0,,,,,#545cf8,,,
2025-10-12,Flash Trade,,,18.0,,,,,0.0,,,,,4.0,,,,,#63b512,,,
2025-10-12,Jupiter,,,3.0,,,,,0.0,,,,,6.0,,,,,#00bfa5,,,
2025-10-12,_Drift,Drift,,,56.0,,,,,0.0,,,,,,,,,,,,
2025-10-12,_GMTrade,GMTrade,,,40.0,,,,,0.0,,,,,2.0,,,,,#f79009,,
2025-10-12,_Pacifica,Pacifica,,,25.0,,,,,0.0,,,,,1.0,,,,,#545cf8,,
2025-10-12,_Flash Trade,Flash Trade,,,18.0,,,,,0.0,,,,,4.0,,,,,#63b512,,
2025-10-12,_Jupiter,Jupiter,,,3.0,,,,,0.0,,,,,6.0,,,,,#00bfa5,,
2025-10-12,Crypto,,,,,74.0,,,,,0.0,,,,,1.0,,,,,#545cf8,
2025-10-12,Stock,,,,,8.0,,,,,0.0,,,,,2.0,,,,,#f79009,
2025-10-12,Commodity,,,,,4.0,,,,,0.0,,,,,3.0,,,,,#904ea6,
2025-10-12,Index,,,,,2.0,,,,,0.0,,,,,5.0,,,,,#f0384a,
2025-10-12,FX,,,,,2.0,,,,,0.0,,,,,4.0,,,,,#63b512,
2025-10-11,Total,,90.0,,,,,-3.0,,,,,1.0,,,,,#545cf8,,,,
2025-10-11,Drift,,,56.0,,,,,-3.0,,,,,,,,,,,,,
2025-10-11,GMTrade,,,40.0,,,,,0.0,,,,,2.0,,,,,#f79009,,,
2025-10-11,Pacifica,,,25.0,,,,,0.0,,,,,1.0,,,,,#545cf8,,,
2025-10-11,Flash Trade,,,18.0,,,,,0.0,,,,,4.0,,,,,#63b512,,,
2025-10-11,Jupiter,,,3.0,,,,,0.0,,,,,6.0,,,,,#00bfa5,,,
2025-10-11,_Drift,Drift,,,56.0,,,,,-3.0,,,,,,,,,,,,
2025-10-11,_GMTrade,GMTrade,,,40.0,,,,,0.0,,,,,2.0,,,,,#f79009,,
2025-10-11,_Pacifica,Pacifica,,,25.0,,,,,0.0,,,,,1.0,,,,,#545cf8,,
2025-10-11,_Flash Trade,Flash Trade,,,18.0,,,,,0.0,,,,,4.0,,,,,#63b512,,
2025-10-11,_Jupiter,Jupiter,,,3.0,,,,,0.0,,,,,6.0,,,,,#00bfa5,,
2025-10-11,Crypto,,,,,74.0,,,,,-3.0,,,,,1.0,,,,,#545cf8,
2025-10-11,Stock,,,,,8.0,,,,,0.0,,,,,2.0,,,,,#f79009,
2025-10-11,Commodity,,,,,4.0,,,,,0.0,,,,,3.0,,,,,#904ea6,
2025-10-11,Index,,,,,2.0,,,,,0.0,,,,,5.0,,,,,#f0384a,
2025-10-11,FX,,,,,2.0,,,,,0.0,,,,,4.0,,,,,#63b512,
2025-10-10,Total,,93.0,,,,,0.0,,,,,1.0,,,,,#545cf8,,,,
2025-10-10,Drift,,,59.0,,,,,0.0,,,,,,,,,,,,,
2025-10-10,GMTrade,,,40.0,,,,,0.0,,,,,2.0,,,,,#f79009,,,
2025-10-10,Pacifica,,,25.0,,,,,0.0,,,,,1.0,,,,,#545cf8,,,
2025-10-10,Flash Trade,,,18.0,,,,,0.0,,,,,4.0,,,,,#63b512,,,
2025-10-10,Jupiter,,,3.0,,,,,0.0,,,,,6.0,,,,,#00bfa5,,,
2025-10-10,_Drift,Drift,,,59.0,,,,,0.0,,,,,,,,,,,,
2025-10-10,_GMTrade,GMTrade,,,40.0,,,,,0.0,,,,,2.0,,,,,#f79009,,
2025-10-10,_Pacifica,Pacifica,,,25.0,,,,,0.0,,,,,1.0,,,,,#545cf8,,
2025-10-10,_Flash Trade,Flash Trade,,,18.0,,,,,0.0,,,,,4.0,,,,,#63b512,,
2025-10-10,_Jupiter,Jupiter,,,3.0,,,,,0.0,,,,,6.0,,,,,#00bfa5,,
2025-10-10,Crypto,,,,,77.0,,,,,0.0,,,,,1.0,,,,,#545cf8,
2025-10-10,Stock,,,,,8.0,,,,,0.0,,,,,2.0,,,,,#f79009,
2025-10-10,Commodity,,,,,4.0,,,,,0.0,,,,,3.0,,,,,#904ea6,
2025-10-10,Index,,,,,2.0,,,,,0.0,,,,,5.0,,,,,#f0384a,
2025-10-10,FX,,,,,2.0,,,,,0.0,,,,,4.0,,,,,#63b512,
2025-10-09,Total,,93.0,,,,,0.0,,,,,1.0,,,,,#545cf8,,,,
2025-10-09,Drift,,,59.0,,,,,0.0,,,,,,,,,,,,,
2025-10-09,GMTrade,,,40.0,,,,,0.0,,,,,2.0,,,,,#f79009,,,
2025-10-09,Pacifica,,,25.0,,,,,0.0,,,,,1.0,,,,,#545cf8,,,
2025-10-09,Flash Trade,,,18.0,,,,,0.0,,,,,4.0,,,,,#63b512,,,
2025-10-09,Jupiter,,,3.0,,,,,0.0,,,,,6.0,,,,,#00bfa5,,,
2025-10-09,_Drift,Drift,,,59.0,,,,,0.0,,,,,,,,,,,,
2025-10-09,_GMTrade,GMTrade,,,40.0,,,,,0.0,,,,,2.0,,,,,#f79009,,
2025-10-09,_Pacifica,Pacifica,,,25.0,,,,,0.0,,,,,1.0,,,,,#545cf8,,
2025-10-09,_Flash Trade,Flash Trade,,,18.0,,,,,0.0,,,,,4.0,,,,,#63b512,,
2025-10-09,_Jupiter,Jupiter,,,3.0,,,,,0.0,,,,,6.0,,,,,#00bfa5,,
2025-10-09,Crypto,,,,,77.0,,,,,0.0,,,,,1.0,,,,,#545cf8,
2025-10-09,Stock,,,,,8.0,,,,,0.0,,,,,2.0,,,,,#f79009,
2025-10-09,Commodity,,,,,4.0,,,,,0.0,,,,,3.0,,,,,#904ea6,
2025-10-09,Index,,,,,2.0,,,,,0.0,,,,,5.0,,,,,#f0384a,
2025-10-09,FX,,,,,2.0,,,,,0.0,,,,,4.0,,,,,#63b512,
2025-10-08,Total,,93.0,,,,,0.0,,,,,1.0,,,,,#545cf8,,,,
2025-10-08,Drift,,,59.0,,,,,0.0,,,,,,,,,,,,,
2025-10-08,GMTrade,,,40.0,,,,,0.0,,,,,2.0,,,,,#f79009,,,
2025-10-08,Pacifica,,,25.0,,,,,0.0,,,,,1.0,,,,,#545cf8,,,
2025-10-08,Flash Trade,,,18.0,,,,,0.0,,,,,4.0,,,,,#63b512,,,
2025-10-08,Jupiter,,,3.0,,,,,0.0,,,,,6.0,,,,,#00bfa5,,,
2025-10-08,_Drift,Drift,,,59.0,,,,,0.0,,,,,,,,,,,,
2025-10-08,_GMTrade,GMTrade,,,40.0,,,,,0.0,,,,,2.0,,,,,#f79009,,
2025-10-08,_Pacifica,Pacifica,,,25.0,,,,,0.0,,,,,1.0,,,,,#545cf8,,
2025-10-08,_Flash Trade,Flash Trade,,,18.0,,,,,0.0,,,,,4.0,,,,,#63b512,,
2025-10-08,_Jupiter,Jupiter,,,3.0,,,,,0.0,,,,,6.0,,,,,#00bfa5,,
2025-10-08,Crypto,,,,,77.0,,,,,0.0,,,,,1.0,,,,,#545cf8,
2025-10-08,Stock,,,,,8.0,,,,,0.0,,,,,2.0,,,,,#f79009,
2025-10-08,Commodity,,,,,4.0,,,,,0.0,,,,,3.0,,,,,#904ea6,
2025-10-08,Index,,,,,2.0,,,,,0.0,,,,,5.0,,,,,#f0384a,
2025-10-08,FX,,,,,2.0,,,,,0.0,,,,,4.0,,,,,#63b512,
2025-10-07,Total,,93.0,,,,,0.0,,,,,1.0,,,,,#545cf8,,,,
2025-10-07,Drift,,,59.0,,,,,0.0,,,,,,,,,,,,,
2025-10-07,GMTrade,,,40.0,,,,,0.0,,,,,2.0,,,,,#f79009,,,
2025-10-07,Pacifica,,,25.0,,,,,0.0,,,,,1.0,,,,,#545cf8,,,
2025-10-07,Flash Trade,,,18.0,,,,,0.0,,,,,4.0,,,,,#63b512,,,
2025-10-07,Jupiter,,,3.0,,,,,0.0,,,,,6.0,,,,,#00bfa5,,,
2025-10-07,_Drift,Drift,,,59.0,,,,,0.0,,,,,,,,,,,,
2025-10-07,_GMTrade,GMTrade,,,40.0,,,,,0.0,,,,,2.0,,,,,#f79009,,
2025-10-07,_Pacifica,Pacifica,,,25.0,,,,,0.0,,,,,1.0,,,,,#545cf8,,
2025-10-07,_Flash Trade,Flash Trade,,,18.0,,,,,0.0,,,,,4.0,,,,,#63b512,,
2025-10-07,_Jupiter,Jupiter,,,3.0,,,,,0.0,,,,,6.0,,,,,#00bfa5,,
2025-10-07,Crypto,,,,,77.0,,,,,0.0,,,,,1.0,,,,,#545cf8,
2025-10-07,Stock,,,,,8.0,,,,,0.0,,,,,2.0,,,,,#f79009,
2025-10-07,Commodity,,,,,4.0,,,,,0.0,,,,,3.0,,,,,#904ea6,
2025-10-07,Index,,,,,2.0,,,,,0.0,,,,,5.0,,,,,#f0384a,
2025-10-07,FX,,,,,2.0,,,,,0.0,,,,,4.0,,,,,#63b512,
2025-10-06,Total,,93.0,,,,,0.0,,,,,1.0,,,,,#545cf8,,,,
2025-10-06,Drift,,,59.0,,,,,0.0,,,,,,,,,,,,,
2025-10-06,GMTrade,,,40.0,,,,,0.0,,,,,2.0,,,,,#f79009,,,
2025-10-06,Pacifica,,,25.0,,,,,0.0,,,,,1.0,,,,,#545cf8,,,
2025-10-06,Flash Trade,,,18.0,,,,,0.0,,,,,4.0,,,,,#63b512,,,
2025-10-06,Jupiter,,,3.0,,,,,0.0,,,,,6.0,,,,,#00bfa5,,,
2025-10-06,_Drift,Drift,,,59.0,,,,,0.0,,,,,,,,,,,,
2025-10-06,_GMTrade,GMTrade,,,40.0,,,,,0.0,,,,,2.0,,,,,#f79009,,
2025-10-06,_Pacifica,Pacifica,,,25.0,,,,,0.0,,,,,1.0,,,,,#545cf8,,
2025-10-06,_Flash Trade,Flash Trade,,,18.0,,,,,0.0,,,,,4.0,,,,,#63b512,,
2025-10-06,_Jupiter,Jupiter,,,3.0,,,,,0.0,,,,,6.0,,,,,#00bfa5,,
2025-10-06,Crypto,,,,,77.0,,,,,0.0,,,,,1.0,,,,,#545cf8,
2025-10-06,Stock,,,,,8.0,,,,,0.0,,,,,2.0,,,,,#f79009,
2025-10-06,Commodity,,,,,4.0,,,,,0.0,,,,,3.0,,,,,#904ea6,
2025-10-06,Index,,,,,2.0,,,,,0.0,,,,,5.0,,,,,#f0384a,
2025-10-06,FX,,,,,2.0,,,,,0.0,,,,,4.0,,,,,#63b512,
2025-10-05,Total,,93.0,,,,,0.0,,,,,1.0,,,,,#545cf8,,,,
2025-10-05,Drift,,,59.0,,,,,0.0,,,,,,,,,,,,,
2025-10-05,GMTrade,,,40.0,,,,,0.0,,,,,2.0,,,,,#f79009,,,
2025-10-05,Pacifica,,,25.0,,,,,0.0,,,,,1.0,,,,,#545cf8,,,
2025-10-05,Flash Trade,,,18.0,,,,,0.0,,,,,4.0,,,,,#63b512,,,
2025-10-05,Jupiter,,,3.0,,,,,0.0,,,,,6.0,,,,,#00bfa5,,,
2025-10-05,_Drift,Drift,,,59.0,,,,,0.0,,,,,,,,,,,,
2025-10-05,_GMTrade,GMTrade,,,40.0,,,,,0.0,,,,,2.0,,,,,#f79009,,
2025-10-05,_Pacifica,Pacifica,,,25.0,,,,,0.0,,,,,1.0,,,,,#545cf8,,
2025-10-05,_Flash Trade,Flash Trade,,,18.0,,,,,0.0,,,,,4.0,,,,,#63b512,,
2025-10-05,_Jupiter,Jupiter,,,3.0,,,,,0.0,,,,,6.0,,,,,#00bfa5,,
2025-10-05,Crypto,,,,,77.0,,,,,0.0,,,,,1.0,,,,,#545cf8,
2025-10-05,Stock,,,,,8.0,,,,,0.0,,,,,2.0,,,,,#f79009,
2025-10-05,Commodity,,,,,4.0,,,,,0.0,,,,,3.0,,,,,#904ea6,
2025-10-05,Index,,,,,2.0,,,,,0.0,,,,,5.0,,,,,#f0384a,
2025-10-05,FX,,,,,2.0,,,,,0.0,,,,,4.0,,,,,#63b512,
2025-10-04,Total,,93.0,,,,,0.0,,,,,1.0,,,,,#545cf8,,,,
2025-10-04,Drift,,,59.0,,,,,0.0,,,,,,,,,,,,,
2025-10-04,GMTrade,,,40.0,,,,,0.0,,,,,2.0,,,,,#f79009,,,
2025-10-04,Pacifica,,,25.0,,,,,0.0,,,,,1.0,,,,,#545cf8,,,
2025-10-04,Flash Trade,,,18.0,,,,,0.0,,,,,4.0,,,,,#63b512,,,
2025-10-04,Jupiter,,,3.0,,,,,0.0,,,,,6.0,,,,,#00bfa5,,,
2025-10-04,_Drift,Drift,,,59.0,,,,,0.0,,,,,,,,,,,,
2025-10-04,_GMTrade,GMTrade,,,40.0,,,,,0.0,,,,,2.0,,,,,#f79009,,
2025-10-04,_Pacifica,Pacifica,,,25.0,,,,,0.0,,,,,1.0,,,,,#545cf8,,
2025-10-04,_Flash Trade,Flash Trade,,,18.0,,,,,0.0,,,,,4.0,,,,,#63b512,,
2025-10-04,_Jupiter,Jupiter,,,3.0,,,,,0.0,,,,,6.0,,,,,#00bfa5,,
2025-10-04,Crypto,,,,,77.0,,,,,0.0,,,,,1.0,,,,,#545cf8,
2025-10-04,Stock,,,,,8.0,,,,,0.0,,,,,2.0,,,,,#f79009,
2025-10-04,Commodity,,,,,4.0,,,,,0.0,,,,,3.0,,,,,#904ea6,
2025-10-04,Index,,,,,2.0,,,,,0.0,,,,,5.0,,,,,#f0384a,
2025-10-04,FX,,,,,2.0,,,,,0.0,,,,,4.0,,,,,#63b512,
2025-10-03,Total,,93.0,,,,,0.0,,,,,1.0,,,,,#545cf8,,,,
2025-10-03,Drift,,,59.0,,,,,0.0,,,,,,,,,,,,,
2025-10-03,GMTrade,,,40.0,,,,,0.0,,,,,2.0,,,,,#f79009,,,
2025-10-03,Pacifica,,,25.0,,,,,0.0,,,,,1.0,,,,,#545cf8,,,
2025-10-03,Flash Trade,,,18.0,,,,,0.0,,,,,4.0,,,,,#63b512,,,
2025-10-03,Jupiter,,,3.0,,,,,0.0,,,,,6.0,,,,,#00bfa5,,,
2025-10-03,_Drift,Drift,,,59.0,,,,,0.0,,,,,,,,,,,,
2025-10-03,_GMTrade,GMTrade,,,40.0,,,,,0.0,,,,,2.0,,,,,#f79009,,
2025-10-03,_Pacifica,Pacifica,,,25.0,,,,,0.0,,,,,1.0,,,,,#545cf8,,
2025-10-03,_Flash Trade,Flash Trade,,,18.0,,,,,0.0,,,,,4.0,,,,,#63b512,,
2025-10-03,_Jupiter,Jupiter,,,3.0,,,,,0.0,,,,,6.0,,,,,#00bfa5,,
2025-10-03,Crypto,,,,,77.0,,,,,0.0,,,,,1.0,,,,,#545cf8,
2025-10-03,Stock,,,,,8.0,,,,,0.0,,,,,2.0,,,,,#f79009,
2025-10-03,Commodity,,,,,4.0,,,,,0.0,,,,,3.0,,,,,#904ea6,
2025-10-03,FX,,,,,2.0,,,,,0.0,,,,,4.0,,,,,#63b512,
2025-10-03,Index,,,,,2.0,,,,,0.0,,,,,5.0,,,,,#f0384a,
2025-10-02,Total,,93.0,,,,,1.0,,,,,1.0,,,,,#545cf8,,,,
2025-10-02,Drift,,,59.0,,,,,1.0,,,,,,,,,,,,,
2025-10-02,GMTrade,,,40.0,,,,,0.0,,,,,2.0,,,,,#f79009,,,
2025-10-02,Pacifica,,,25.0,,,,,1.0,,,,,1.0,,,,,#545cf8,,,
2025-10-02,Flash Trade,,,18.0,,,,,0.0,,,,,4.0,,,,,#63b512,,,
2025-10-02,Jupiter,,,3.0,,,,,0.0,,,,,6.0,,,,,#00bfa5,,,
2025-10-02,_Drift,Drift,,,59.0,,,,,1.0,,,,,,,,,,,,
2025-10-02,_GMTrade,GMTrade,,,40.0,,,,,0.0,,,,,2.0,,,,,#f79009,,
2025-10-02,_Pacifica,Pacifica,,,25.0,,,,,1.0,,,,,1.0,,,,,#545cf8,,
2025-10-02,_Flash Trade,Flash Trade,,,18.0,,,,,0.0,,,,,4.0,,,,,#63b512,,
2025-10-02,_Jupiter,Jupiter,,,3.0,,,,,0.0,,,,,6.0,,,,,#00bfa5,,
2025-10-02,Crypto,,,,,77.0,,,,,1.0,,,,,1.0,,,,,#545cf8,
2025-10-02,Stock,,,,,8.0,,,,,0.0,,,,,2.0,,,,,#f79009,
2025-10-02,Commodity,,,,,4.0,,,,,0.0,,,,,3.0,,,,,#904ea6,
2025-10-02,Index,,,,,2.0,,,,,0.0,,,,,5.0,,,,,#f0384a,
2025-10-02,FX,,,,,2.0,,,,,0.0,,,,,4.0,,,,,#63b512,
2025-10-01,Total,,92.0,,,,,0.0,,,,,1.0,,,,,#545cf8,,,,
2025-10-01,Drift,,,58.0,,,,,0.0,,,,,,,,,,,,,
2025-10-01,GMTrade,,,40.0,,,,,0.0,,,,,2.0,,,,,#f79009,,,
2025-10-01,Pacifica,,,24.0,,,,,0.0,,,,,1.0,,,,,#545cf8,,,
2025-10-01,Flash Trade,,,18.0,,,,,0.0,,,,,4.0,,,,,#63b512,,,
2025-10-01,Jupiter,,,3.0,,,,,0.0,,,,,6.0,,,,,#00bfa5,,,
2025-10-01,_Drift,Drift,,,58.0,,,,,0.0,,,,,,,,,,,,
2025-10-01,_GMTrade,GMTrade,,,40.0,,,,,0.0,,,,,2.0,,,,,#f79009,,
2025-10-01,_Pacifica,Pacifica,,,24.0,,,,,0.0,,,,,1.0,,,,,#545cf8,,
2025-10-01,_Flash Trade,Flash Trade,,,18.0,,,,,0.0,,,,,4.0,,,,,#63b512,,
2025-10-01,_Jupiter,Jupiter,,,3.0,,,,,0.0,,,,,6.0,,,,,#00bfa5,,
2025-10-01,Crypto,,,,,76.0,,,,,0.0,,,,,1.0,,,,,#545cf8,
2025-10-01,Stock,,,,,8.0,,,,,0.0,,,,,2.0,,,,,#f79009,
2025-10-01,Commodity,,,,,4.0,,,,,0.0,,,,,3.0,,,,,#904ea6,
2025-10-01,FX,,,,,2.0,,,,,0.0,,,,,4.0,,,,,#63b512,
2025-10-01,Index,,,,,2.0,,,,,0.0,,,,,5.0,,,,,#f0384a,
2025-09-30,Total,,92.0,,,,,0.0,,,,,1.0,,,,,#545cf8,,,,
2025-09-30,Drift,,,58.0,,,,,0.0,,,,,,,,,,,,,
2025-09-30,GMTrade,,,40.0,,,,,0.0,,,,,2.0,,,,,#f79009,,,
2025-09-30,Pacifica,,,24.0,,,,,0.0,,,,,1.0,,,,,#545cf8,,,
2025-09-30,Flash Trade,,,18.0,,,,,0.0,,,,,4.0,,,,,#63b512,,,
2025-09-30,Jupiter,,,3.0,,,,,0.0,,,,,6.0,,,,,#00bfa5,,,
2025-09-30,_Drift,Drift,,,58.0,,,,,0.0,,,,,,,,,,,,
2025-09-30,_GMTrade,GMTrade,,,40.0,,,,,0.0,,,,,2.0,,,,,#f79009,,
2025-09-30,_Pacifica,Pacifica,,,24.0,,,,,0.0,,,,,1.0,,,,,#545cf8,,
2025-09-30,_Flash Trade,Flash Trade,,,18.0,,,,,0.0,,,,,4.0,,,,,#63b512,,
2025-09-30,_Jupiter,Jupiter,,,3.0,,,,,0.0,,,,,6.0,,,,,#00bfa5,,
2025-09-30,Crypto,,,,,76.0,,,,,0.0,,,,,1.0,,,,,#545cf8,
2025-09-30,Stock,,,,,8.0,,,,,0.0,,,,,2.0,,,,,#f79009,
2025-09-30,Commodity,,,,,4.0,,,,,0.0,,,,,3.0,,,,,#904ea6,
2025-09-30,Index,,,,,2.0,,,,,0.0,,,,,5.0,,,,,#f0384a,
2025-09-30,FX,,,,,2.0,,,,,0.0,,,,,4.0,,,,,#63b512,
2025-09-29,Total,,92.0,,,,,0.0,,,,,1.0,,,,,#545cf8,,,,
2025-09-29,Drift,,,58.0,,,,,0.0,,,,,,,,,,,,,
2025-09-29,GMTrade,,,40.0,,,,,0.0,,,,,2.0,,,,,#f79009,,,
2025-09-29,Pacifica,,,24.0,,,,,0.0,,,,,1.0,,,,,#545cf8,,,
2025-09-29,Flash Trade,,,18.0,,,,,0.0,,,,,4.0,,,,,#63b512,,,
2025-09-29,Jupiter,,,3.0,,,,,0.0,,,,,6.0,,,,,#00bfa5,,,
2025-09-29,_Drift,Drift,,,58.0,,,,,0.0,,,,,,,,,,,,
2025-09-29,_GMTrade,GMTrade,,,40.0,,,,,0.0,,,,,2.0,,,,,#f79009,,
2025-09-29,_Pacifica,Pacifica,,,24.0,,,,,0.0,,,,,1.0,,,,,#545cf8,,
2025-09-29,_Flash Trade,Flash Trade,,,18.0,,,,,0.0,,,,,4.0,,,,,#63b512,,
2025-09-29,_Jupiter,Jupiter,,,3.0,,,,,0.0,,,,,6.0,,,,,#00bfa5,,
2025-09-29,Crypto,,,,,76.0,,,,,0.0,,,,,1.0,,,,,#545cf8,
2025-09-29,Stock,,,,,8.0,,,,,0.0,,,,,2.0,,,,,#f79009,
2025-09-29,Commodity,,,,,4.0,,,,,0.0,,,,,3.0,,,,,#904ea6,
2025-09-29,FX,,,,,2.0,,,,,0.0,,,,,4.0,,,,,#63b512,
2025-09-29,Index,,,,,2.0,,,,,0.0,,,,,5.0,,,,,#f0384a,
2025-09-28,Total,,92.0,,,,,0.0,,,,,1.0,,,,,#545cf8,,,,
2025-09-28,Drift,,,58.0,,,,,0.0,,,,,,,,,,,,,
2025-09-28,GMTrade,,,40.0,,,,,0.0,,,,,2.0,,,,,#f79009,,,
2025-09-28,Pacifica,,,24.0,,,,,0.0,,,,,1.0,,,,,#545cf8,,,
2025-09-28,Flash Trade,,,18.0,,,,,0.0,,,,,4.0,,,,,#63b512,,,
2025-09-28,Jupiter,,,3.0,,,,,0.0,,,,,6.0,,,,,#00bfa5,,,
2025-09-28,_Drift,Drift,,,58.0,,,,,0.0,,,,,,,,,,,,
2025-09-28,_GMTrade,GMTrade,,,40.0,,,,,0.0,,,,,2.0,,,,,#f79009,,
2025-09-28,_Pacifica,Pacifica,,,24.0,,,,,0.0,,,,,1.0,,,,,#545cf8,,
2025-09-28,_Flash Trade,Flash Trade,,,18.0,,,,,0.0,,,,,4.0,,,,,#63b512,,
2025-09-28,_Jupiter,Jupiter,,,3.0,,,,,0.0,,,,,6.0,,,,,#00bfa5,,
2025-09-28,Crypto,,,,,76.0,,,,,0.0,,,,,1.0,,,,,#545cf8,
2025-09-28,Stock,,,,,8.0,,,,,0.0,,,,,2.0,,,,,#f79009,
2025-09-28,Commodity,,,,,4.0,,,,,0.0,,,,,3.0,,,,,#904ea6,
2025-09-28,Index,,,,,2.0,,,,,0.0,,,,,5.0,,,,,#f0384a,
2025-09-28,FX,,,,,2.0,,,,,0.0,,,,,4.0,,,,,#63b512,
2025-09-27,Total,,92.0,,,,,0.0,,,,,1.0,,,,,#545cf8,,,,
2025-09-27,Drift,,,58.0,,,,,0.0,,,,,,,,,,,,,
2025-09-27,GMTrade,,,40.0,,,,,0.0,,,,,2.0,,,,,#f79009,,,
2025-09-27,Pacifica,,,24.0,,,,,0.0,,,,,1.0,,,,,#545cf8,,,
2025-09-27,Flash Trade,,,18.0,,,,,0.0,,,,,4.0,,,,,#63b512,,,
2025-09-27,Jupiter,,,3.0,,,,,0.0,,,,,6.0,,,,,#00bfa5,,,
2025-09-27,_Drift,Drift,,,58.0,,,,,0.0,,,,,,,,,,,,
2025-09-27,_GMTrade,GMTrade,,,40.0,,,,,0.0,,,,,2.0,,,,,#f79009,,
2025-09-27,_Pacifica,Pacifica,,,24.0,,,,,0.0,,,,,1.0,,,,,#545cf8,,
2025-09-27,_Flash Trade,Flash Trade,,,18.0,,,,,0.0,,,,,4.0,,,,,#63b512,,
2025-09-27,_Jupiter,Jupiter,,,3.0,,,,,0.0,,,,,6.0,,,,,#00bfa5,,
2025-09-27,Crypto,,,,,76.0,,,,,0.0,,,,,1.0,,,,,#545cf8,
2025-09-27,Stock,,,,,8.0,,,,,0.0,,,,,2.0,,,,,#f79009,
2025-09-27,Commodity,,,,,4.0,,,,,0.0,,,,,3.0,,,,,#904ea6,
2025-09-27,FX,,,,,2.0,,,,,0.0,,,,,4.0,,,,,#63b512,
2025-09-27,Index,,,,,2.0,,,,,0.0,,,,,5.0,,,,,#f0384a,
2025-09-26,Total,,92.0,,,,,0.0,,,,,1.0,,,,,#545cf8,,,,
2025-09-26,Drift,,,58.0,,,,,1.0,,,,,,,,,,,,,
2025-09-26,GMTrade,,,40.0,,,,,0.0,,,,,2.0,,,,,#f79009,,,
2025-09-26,Pacifica,,,24.0,,,,,0.0,,,,,1.0,,,,,#545cf8,,,
2025-09-26,Flash Trade,,,18.0,,,,,0.0,,,,,4.0,,,,,#63b512,,,
2025-09-26,Jupiter,,,3.0,,,,,0.0,,,,,6.0,,,,,#00bfa5,,,
2025-09-26,_Drift,Drift,,,58.0,,,,,1.0,,,,,,,,,,,,
2025-09-26,_GMTrade,GMTrade,,,40.0,,,,,0.0,,,,,2.0,,,,,#f79009,,
2025-09-26,_Pacifica,Pacifica,,,24.0,,,,,0.0,,,,,1.0,,,,,#545cf8,,
2025-09-26,_Flash Trade,Flash Trade,,,18.0,,,,,0.0,,,,,4.0,,,,,#63b512,,
2025-09-26,_Jupiter,Jupiter,,,3.0,,,,,0.0,,,,,6.0,,,,,#00bfa5,,
2025-09-26,Crypto,,,,,76.0,,,,,0.0,,,,,1.0,,,,,#545cf8,
2025-09-26,Stock,,,,,8.0,,,,,0.0,,,,,2.0,,,,,#f79009,
2025-09-26,Commodity,,,,,4.0,,,,,0.0,,,,,3.0,,,,,#904ea6,
2025-09-26,Index,,,,,2.0,,,,,0.0,,,,,5.0,,,,,#f0384a,
2025-09-26,FX,,,,,2.0,,,,,0.0,,,,,4.0,,,,,#63b512,
2025-09-25,Total,,92.0,,,,,1.0,,,,,1.0,,,,,#545cf8,,,,
2025-09-25,Drift,,,57.0,,,,,0.0,,,,,,,,,,,,,
2025-09-25,GMTrade,,,40.0,,,,,0.0,,,,,2.0,,,,,#f79009,,,
2025-09-25,Pacifica,,,24.0,,,,,1.0,,,,,1.0,,,,,#545cf8,,,
2025-09-25,Flash Trade,,,18.0,,,,,0.0,,,,,4.0,,,,,#63b512,,,
2025-09-25,Jupiter,,,3.0,,,,,0.0,,,,,6.0,,,,,#00bfa5,,,
2025-09-25,_Drift,Drift,,,57.0,,,,,0.0,,,,,,,,,,,,
2025-09-25,_GMTrade,GMTrade,,,40.0,,,,,0.0,,,,,2.0,,,,,#f79009,,
2025-09-25,_Pacifica,Pacifica,,,24.0,,,,,1.0,,,,,1.0,,,,,#545cf8,,
2025-09-25,_Flash Trade,Flash Trade,,,18.0,,,,,0.0,,,,,4.0,,,,,#63b512,,
2025-09-25,_Jupiter,Jupiter,,,3.0,,,,,0.0,,,,,6.0,,,,,#00bfa5,,
2025-09-25,Crypto,,,,,76.0,,,,,1.0,,,,,1.0,,,,,#545cf8,
2025-09-25,Stock,,,,,8.0,,,,,0.0,,,,,2.0,,,,,#f79009,
2025-09-25,Commodity,,,,,4.0,,,,,0.0,,,,,3.0,,,,,#904ea6,
2025-09-25,Index,,,,,2.0,,,,,0.0,,,,,5.0,,,,,#f0384a,
2025-09-25,FX,,,,,2.0,,,,,0.0,,,,,4.0,,,,,#63b512,
2025-09-24,Total,,91.0,,,,,0.0,,,,,1.0,,,,,#545cf8,,,,
2025-09-24,Drift,,,57.0,,,,,1.0,,,,,,,,,,,,,
2025-09-24,GMTrade,,,40.0,,,,,0.0,,,,,2.0,,,,,#f79009,,,
2025-09-24,Pacifica,,,23.0,,,,,0.0,,,,,1.0,,,,,#545cf8,,,
2025-09-24,Flash Trade,,,18.0,,,,,0.0,,,,,4.0,,,,,#63b512,,,
2025-09-24,Jupiter,,,3.0,,,,,0.0,,,,,6.0,,,,,#00bfa5,,,
2025-09-24,_Drift,Drift,,,57.0,,,,,1.0,,,,,,,,,,,,
2025-09-24,_GMTrade,GMTrade,,,40.0,,,,,0.0,,,,,2.0,,,,,#f79009,,
2025-09-24,_Pacifica,Pacifica,,,23.0,,,,,0.0,,,,,1.0,,,,,#545cf8,,
2025-09-24,_Flash Trade,Flash Trade,,,18.0,,,,,0.0,,,,,4.0,,,,,#63b512,,
2025-09-24,_Jupiter,Jupiter,,,3.0,,,,,0.0,,,,,6.0,,,,,#00bfa5,,
2025-09-24,Crypto,,,,,75.0,,,,,0.0,,,,,1.0,,,,,#545cf8,
2025-09-24,Stock,,,,,8.0,,,,,0.0,,,,,2.0,,,,,#f79009,
2025-09-24,Commodity,,,,,4.0,,,,,0.0,,,,,3.0,,,,,#904ea6,
2025-09-24,FX,,,,,2.0,,,,,0.0,,,,,4.0,,,,,#63b512,
2025-09-24,Index,,,,,2.0,,,,,0.0,,,,,5.0,,,,,#f0384a,
2025-09-23,Total,,91.0,,,,,0.0,,,,,1.0,,,,,#545cf8,,,,
2025-09-23,Drift,,,56.0,,,,,0.0,,,,,,,,,,,,,
2025-09-23,GMTrade,,,40.0,,,,,0.0,,,,,2.0,,,,,#f79009,,,
2025-09-23,Pacifica,,,23.0,,,,,0.0,,,,,1.0,,,,,#545cf8,,,
2025-09-23,Flash Trade,,,18.0,,,,,0.0,,,,,4.0,,,,,#63b512,,,
2025-09-23,Jupiter,,,3.0,,,,,0.0,,,,,6.0,,,,,#00bfa5,,,
2025-09-23,_Drift,Drift,,,56.0,,,,,0.0,,,,,,,,,,,,
2025-09-23,_GMTrade,GMTrade,,,40.0,,,,,0.0,,,,,2.0,,,,,#f79009,,
2025-09-23,_Pacifica,Pacifica,,,23.0,,,,,0.0,,,,,1.0,,,,,#545cf8,,
2025-09-23,_Flash Trade,Flash Trade,,,18.0,,,,,0.0,,,,,4.0,,,,,#63b512,,
2025-09-23,_Jupiter,Jupiter,,,3.0,,,,,0.0,,,,,6.0,,,,,#00bfa5,,
2025-09-23,Crypto,,,,,75.0,,,,,0.0,,,,,1.0,,,,,#545cf8,
2025-09-23,Stock,,,,,8.0,,,,,0.0,,,,,2.0,,,,,#f79009,
2025-09-23,Commodity,,,,,4.0,,,,,0.0,,,,,3.0,,,,,#904ea6,
2025-09-23,FX,,,,,2.0,,,,,0.0,,,,,4.0,,,,,#63b512,
2025-09-23,Index,,,,,2.0,,,,,0.0,,,,,5.0,,,,,#f0384a,
2025-09-22,Total,,91.0,,,,,0.0,,,,,1.0,,,,,#545cf8,,,,
2025-09-22,Drift,,,56.0,,,,,0.0,,,,,,,,,,,,,
2025-09-22,GMTrade,,,40.0,,,,,0.0,,,,,2.0,,,,,#f79009,,,
2025-09-22,Pacifica,,,23.0,,,,,0.0,,,,,1.0,,,,,#545cf8,,,
2025-09-22,Flash Trade,,,18.0,,,,,0.0,,,,,4.0,,,,,#63b512,,,
2025-09-22,Jupiter,,,3.0,,,,,0.0,,,,,6.0,,,,,#00bfa5,,,
2025-09-22,_Drift,Drift,,,56.0,,,,,0.0,,,,,,,,,,,,
2025-09-22,_GMTrade,GMTrade,,,40.0,,,,,0.0,,,,,2.0,,,,,#f79009,,
2025-09-22,_Pacifica,Pacifica,,,23.0,,,,,0.0,,,,,1.0,,,,,#545cf8,,
2025-09-22,_Flash Trade,Flash Trade,,,18.0,,,,,0.0,,,,,4.0,,,,,#63b512,,
2025-09-22,_Jupiter,Jupiter,,,3.0,,,,,0.0,,,,,6.0,,,,,#00bfa5,,
2025-09-22,Crypto,,,,,75.0,,,,,0.0,,,,,1.0,,,,,#545cf8,
2025-09-22,Stock,,,,,8.0,,,,,0.0,,,,,2.0,,,,,#f79009,
2025-09-22,Commodity,,,,,4.0,,,,,0.0,,,,,3.0,,,,,#904ea6,
2025-09-22,FX,,,,,2.0,,,,,0.0,,,,,4.0,,,,,#63b512,
2025-09-22,Index,,,,,2.0,,,,,0.0,,,,,5.0,,,,,#f0384a,
2025-09-21,Total,,91.0,,,,,0.0,,,,,1.0,,,,,#545cf8,,,,
2025-09-21,Drift,,,56.0,,,,,0.0,,,,,,,,,,,,,
2025-09-21,GMTrade,,,40.0,,,,,0.0,,,,,2.0,,,,,#f79009,,,
2025-09-21,Pacifica,,,23.0,,,,,0.0,,,,,1.0,,,,,#545cf8,,,
2025-09-21,Flash Trade,,,18.0,,,,,0.0,,,,,4.0,,,,,#63b512,,,
2025-09-21,Jupiter,,,3.0,,,,,0.0,,,,,6.0,,,,,#00bfa5,,,
2025-09-21,_Drift,Drift,,,56.0,,,,,0.0,,,,,,,,,,,,
2025-09-21,_GMTrade,GMTrade,,,40.0,,,,,0.0,,,,,2.0,,,,,#f79009,,
2025-09-21,_Pacifica,Pacifica,,,23.0,,,,,0.0,,,,,1.0,,,,,#545cf8,,
2025-09-21,_Flash Trade,Flash Trade,,,18.0,,,,,0.0,,,,,4.0,,,,,#63b512,,
2025-09-21,_Jupiter,Jupiter,,,3.0,,,,,0.0,,,,,6.0,,,,,#00bfa5,,
2025-09-21,Crypto,,,,,75.0,,,,,0.0,,,,,1.0,,,,,#545cf8,
2025-09-21,Stock,,,,,8.0,,,,,0.0,,,,,2.0,,,,,#f79009,
2025-09-21,Commodity,,,,,4.0,,,,,0.0,,,,,3.0,,,,,#904ea6,
2025-09-21,Index,,,,,2.0,,,,,0.0,,,,,5.0,,,,,#f0384a,
2025-09-21,FX,,,,,2.0,,,,,0.0,,,,,4.0,,,,,#63b512,
2025-09-20,Total,,91.0,,,,,1.0,,,,,1.0,,,,,#545cf8,,,,
2025-09-20,Drift,,,56.0,,,,,0.0,,,,,,,,,,,,,
2025-09-20,GMTrade,,,40.0,,,,,0.0,,,,,2.0,,,,,#f79009,,,
2025-09-20,Pacifica,,,23.0,,,,,1.0,,,,,1.0,,,,,#545cf8,,,
2025-09-20,Flash Trade,,,18.0,,,,,0.0,,,,,4.0,,,,,#63b512,,,
2025-09-20,Jupiter,,,3.0,,,,,0.0,,,,,6.0,,,,,#00bfa5,,,
2025-09-20,_Drift,Drift,,,56.0,,,,,0.0,,,,,,,,,,,,
2025-09-20,_GMTrade,GMTrade,,,40.0,,,,,0.0,,,,,2.0,,,,,#f79009,,
2025-09-20,_Pacifica,Pacifica,,,23.0,,,,,1.0,,,,,1.0,,,,,#545cf8,,
2025-09-20,_Flash Trade,Flash Trade,,,18.0,,,,,0.0,,,,,4.0,,,,,#63b512,,
2025-09-20,_Jupiter,Jupiter,,,3.0,,,,,0.0,,,,,6.0,,,,,#00bfa5,,
2025-09-20,Crypto,,,,,75.0,,,,,1.0,,,,,1.0,,,,,#545cf8,
2025-09-20,Stock,,,,,8.0,,,,,0.0,,,,,2.0,,,,,#f79009,
2025-09-20,Commodity,,,,,4.0,,,,,0.0,,,,,3.0,,,,,#904ea6,
2025-09-20,Index,,,,,2.0,,,,,0.0,,,,,5.0,,,,,#f0384a,
2025-09-20,FX,,,,,2.0,,,,,0.0,,,,,4.0,,,,,#63b512,
2025-09-19,Total,,90.0,,,,,0.0,,,,,1.0,,,,,#545cf8,,,,
2025-09-19,Drift,,,56.0,,,,,0.0,,,,,,,,,,,,,
2025-09-19,GMTrade,,,40.0,,,,,0.0,,,,,2.0,,,,,#f79009,,,
2025-09-19,Pacifica,,,22.0,,,,,0.0,,,,,1.0,,,,,#545cf8,,,
2025-09-19,Flash Trade,,,18.0,,,,,0.0,,,,,4.0,,,,,#63b512,,,
2025-09-19,Jupiter,,,3.0,,,,,0.0,,,,,6.0,,,,,#00bfa5,,,
2025-09-19,_Drift,Drift,,,56.0,,,,,0.0,,,,,,,,,,,,
2025-09-19,_GMTrade,GMTrade,,,40.0,,,,,0.0,,,,,2.0,,,,,#f79009,,
2025-09-19,_Pacifica,Pacifica,,,22.0,,,,,0.0,,,,,1.0,,,,,#545cf8,,
2025-09-19,_Flash Trade,Flash Trade,,,18.0,,,,,0.0,,,,,4.0,,,,,#63b512,,
2025-09-19,_Jupiter,Jupiter,,,3.0,,,,,0.0,,,,,6.0,,,,,#00bfa5,,
2025-09-19,Crypto,,,,,74.0,,,,,0.0,,,,,1.0,,,,,#545cf8,
2025-09-19,Stock,,,,,8.0,,,,,0.0,,,,,2.0,,,,,#f79009,
2025-09-19,Commodity,,,,,4.0,,,,,0.0,,,,,3.0,,,,,#904ea6,
2025-09-19,Index,,,,,2.0,,,,,0.0,,,,,5.0,,,,,#f0384a,
2025-09-19,FX,,,,,2.0,,,,,0.0,,,,,4.0,,,,,#63b512,
2025-09-18,Total,,90.0,,,,,0.0,,,,,1.0,,,,,#545cf8,,,,
2025-09-18,Drift,,,56.0,,,,,0.0,,,,,,,,,,,,,
2025-09-18,GMTrade,,,40.0,,,,,0.0,,,,,2.0,,,,,#f79009,,,
2025-09-18,Pacifica,,,22.0,,,,,1.0,,,,,1.0,,,,,#545cf8,,,
2025-09-18,Flash Trade,,,18.0,,,,,0.0,,,,,4.0,,,,,#63b512,,,
2025-09-18,Jupiter,,,3.0,,,,,0.0,,,,,6.0,,,,,#00bfa5,,,
2025-09-18,_Drift,Drift,,,56.0,,,,,0.0,,,,,,,,,,,,
2025-09-18,_GMTrade,GMTrade,,,40.0,,,,,0.0,,,,,2.0,,,,,#f79009,,
2025-09-18,_Pacifica,Pacifica,,,22.0,,,,,1.0,,,,,1.0,,,,,#545cf8,,
2025-09-18,_Flash Trade,Flash Trade,,,18.0,,,,,0.0,,,,,4.0,,,,,#63b512,,
2025-09-18,_Jupiter,Jupiter,,,3.0,,,,,0.0,,,,,6.0,,,,,#00bfa5,,
2025-09-18,Crypto,,,,,74.0,,,,,0.0,,,,,1.0,,,,,#545cf8,
2025-09-18,Stock,,,,,8.0,,,,,0.0,,,,,2.0,,,,,#f79009,
2025-09-18,Commodity,,,,,4.0,,,,,0.0,,,,,3.0,,,,,#904ea6,
2025-09-18,FX,,,,,2.0,,,,,0.0,,,,,4.0,,,,,#63b512,
2025-09-18,Index,,,,,2.0,,,,,0.0,,,,,5.0,,,,,#f0384a,
2025-09-17,Total,,90.0,,,,,0.0,,,,,1.0,,,,,#545cf8,,,,
2025-09-17,Drift,,,56.0,,,,,0.0,,,,,,,,,,,,,
2025-09-17,GMTrade,,,40.0,,,,,0.0,,,,,2.0,,,,,#f79009,,,
2025-09-17,Pacifica,,,21.0,,,,,0.0,,,,,1.0,,,,,#545cf8,,,
2025-09-17,Flash Trade,,,18.0,,,,,0.0,,,,,4.0,,,,,#63b512,,,
2025-09-17,Jupiter,,,3.0,,,,,0.0,,,,,6.0,,,,,#00bfa5,,,
2025-09-17,_Drift,Drift,,,56.0,,,,,0.0,,,,,,,,,,,,
2025-09-17,_GMTrade,GMTrade,,,40.0,,,,,0.0,,,,,2.0,,,,,#f79009,,
2025-09-17,_Pacifica,Pacifica,,,21.0,,,,,0.0,,,,,1.0,,,,,#545cf8,,
2025-09-17,_Flash Trade,Flash Trade,,,18.0,,,,,0.0,,,,,4.0,,,,,#63b512,,
2025-09-17,_Jupiter,Jupiter,,,3.0,,,,,0.0,,,,,6.0,,,,,#00bfa5,,
2025-09-17,Crypto,,,,,74.0,,,,,0.0,,,,,1.0,,,,,#545cf8,
2025-09-17,Stock,,,,,8.0,,,,,0.0,,,,,2.0,,,,,#f79009,
2025-09-17,Commodity,,,,,4.0,,,,,0.0,,,,,3.0,,,,,#904ea6,
2025-09-17,Index,,,,,2.0,,,,,0.0,,,,,5.0,,,,,#f0384a,
2025-09-17,FX,,,,,2.0,,,,,0.0,,,,,4.0,,,,,#63b512,
2025-09-16,Total,,90.0,,,,,0.0,,,,,1.0,,,,,#545cf8,,,,
2025-09-16,Drift,,,56.0,,,,,0.0,,,,,,,,,,,,,
2025-09-16,GMTrade,,,40.0,,,,,0.0,,,,,2.0,,,,,#f79009,,,
2025-09-16,Pacifica,,,21.0,,,,,0.0,,,,,1.0,,,,,#545cf8,,,
2025-09-16,Flash Trade,,,18.0,,,,,0.0,,,,,4.0,,,,,#63b512,,,
2025-09-16,Jupiter,,,3.0,,,,,0.0,,,,,6.0,,,,,#00bfa5,,,
2025-09-16,_Drift,Drift,,,56.0,,,,,0.0,,,,,,,,,,,,
2025-09-16,_GMTrade,GMTrade,,,40.0,,,,,0.0,,,,,2.0,,,,,#f79009,,
2025-09-16,_Pacifica,Pacifica,,,21.0,,,,,0.0,,,,,1.0,,,,,#545cf8,,
2025-09-16,_Flash Trade,Flash Trade,,,18.0,,,,,0.0,,,,,4.0,,,,,#63b512,,
2025-09-16,_Jupiter,Jupiter,,,3.0,,,,,0.0,,,,,6.0,,,,,#00bfa5,,
2025-09-16,Crypto,,,,,74.0,,,,,0.0,,,,,1.0,,,,,#545cf8,
2025-09-16,Stock,,,,,8.0,,,,,0.0,,,,,2.0,,,,,#f79009,
2025-09-16,Commodity,,,,,4.0,,,,,0.0,,,,,3.0,,,,,#904ea6,
2025-09-16,FX,,,,,2.0,,,,,0.0,,,,,4.0,,,,,#63b512,
2025-09-16,Index,,,,,2.0,,,,,0.0,,,,,5.0,,,,,#f0384a,
2025-09-15,Total,,90.0,,,,,0.0,,,,,1.0,,,,,#545cf8,,,,
2025-09-15,Drift,,,56.0,,,,,0.0,,,,,,,,,,,,,
2025-09-15,GMTrade,,,40.0,,,,,0.0,,,,,2.0,,,,,#f79009,,,
2025-09-15,Pacifica,,,21.0,,,,,0.0,,,,,1.0,,,,,#545cf8,,,
2025-09-15,Flash Trade,,,18.0,,,,,0.0,,,,,4.0,,,,,#63b512,,,
2025-09-15,Jupiter,,,3.0,,,,,0.0,,,,,6.0,,,,,#00bfa5,,,
2025-09-15,_Drift,Drift,,,56.0,,,,,0.0,,,,,,,,,,,,
2025-09-15,_GMTrade,GMTrade,,,40.0,,,,,0.0,,,,,2.0,,,,,#f79009,,
2025-09-15,_Pacifica,Pacifica,,,21.0,,,,,0.0,,,,,1.0,,,,,#545cf8,,
2025-09-15,_Flash Trade,Flash Trade,,,18.0,,,,,0.0,,,,,4.0,,,,,#63b512,,
2025-09-15,_Jupiter,Jupiter,,,3.0,,,,,0.0,,,,,6.0,,,,,#00bfa5,,
2025-09-15,Crypto,,,,,74.0,,,,,0.0,,,,,1.0,,,,,#545cf8,
2025-09-15,Stock,,,,,8.0,,,,,0.0,,,,,2.0,,,,,#f79009,
2025-09-15,Commodity,,,,,4.0,,,,,0.0,,,,,3.0,,,,,#904ea6,
2025-09-15,Index,,,,,2.0,,,,,0.0,,,,,5.0,,,,,#f0384a,
2025-09-15,FX,,,,,2.0,,,,,0.0,,,,,4.0,,,,,#63b512,
2025-09-14,Total,,90.0,,,,,0.0,,,,,1.0,,,,,#545cf8,,,,
2025-09-14,Drift,,,56.0,,,,,0.0,,,,,,,,,,,,,
2025-09-14,GMTrade,,,40.0,,,,,0.0,,,,,2.0,,,,,#f79009,,,
2025-09-14,Pacifica,,,21.0,,,,,0.0,,,,,1.0,,,,,#545cf8,,,
2025-09-14,Flash Trade,,,18.0,,,,,0.0,,,,,4.0,,,,,#63b512,,,
2025-09-14,Jupiter,,,3.0,,,,,0.0,,,,,6.0,,,,,#00bfa5,,,
2025-09-14,_Drift,Drift,,,56.0,,,,,0.0,,,,,,,,,,,,
2025-09-14,_GMTrade,GMTrade,,,40.0,,,,,0.0,,,,,2.0,,,,,#f79009,,
2025-09-14,_Pacifica,Pacifica,,,21.0,,,,,0.0,,,,,1.0,,,,,#545cf8,,
2025-09-14,_Flash Trade,Flash Trade,,,18.0,,,,,0.0,,,,,4.0,,,,,#63b512,,
2025-09-14,_Jupiter,Jupiter,,,3.0,,,,,0.0,,,,,6.0,,,,,#00bfa5,,
2025-09-14,Crypto,,,,,74.0,,,,,0.0,,,,,1.0,,,,,#545cf8,
2025-09-14,Stock,,,,,8.0,,,,,0.0,,,,,2.0,,,,,#f79009,
2025-09-14,Commodity,,,,,4.0,,,,,0.0,,,,,3.0,,,,,#904ea6,
2025-09-14,FX,,,,,2.0,,,,,0.0,,,,,4.0,,,,,#63b512,
2025-09-14,Index,,,,,2.0,,,,,0.0,,,,,5.0,,,,,#f0384a,
2025-09-13,Total,,90.0,,,,,0.0,,,,,1.0,,,,,#545cf8,,,,
2025-09-13,Drift,,,56.0,,,,,0.0,,,,,,,,,,,,,
2025-09-13,GMTrade,,,40.0,,,,,0.0,,,,,2.0,,,,,#f79009,,,
2025-09-13,Pacifica,,,21.0,,,,,0.0,,,,,1.0,,,,,#545cf8,,,
2025-09-13,Flash Trade,,,18.0,,,,,0.0,,,,,4.0,,,,,#63b512,,,
2025-09-13,Jupiter,,,3.0,,,,,0.0,,,,,6.0,,,,,#00bfa5,,,
2025-09-13,_Drift,Drift,,,56.0,,,,,0.0,,,,,,,,,,,,
2025-09-13,_GMTrade,GMTrade,,,40.0,,,,,0.0,,,,,2.0,,,,,#f79009,,
2025-09-13,_Pacifica,Pacifica,,,21.0,,,,,0.0,,,,,1.0,,,,,#545cf8,,
2025-09-13,_Flash Trade,Flash Trade,,,18.0,,,,,0.0,,,,,4.0,,,,,#63b512,,
2025-09-13,_Jupiter,Jupiter,,,3.0,,,,,0.0,,,,,6.0,,,,,#00bfa5,,
2025-09-13,Crypto,,,,,74.0,,,,,0.0,,,,,1.0,,,,,#545cf8,
2025-09-13,Stock,,,,,8.0,,,,,0.0,,,,,2.0,,,,,#f79009,
2025-09-13,Commodity,,,,,4.0,,,,,0.0,,,,,3.0,,,,,#904ea6,
2025-09-13,FX,,,,,2.0,,,,,0.0,,,,,4.0,,,,,#63b512,
2025-09-13,Index,,,,,2.0,,,,,0.0,,,,,5.0,,,,,#f0384a,
2025-09-12,Total,,90.0,,,,,0.0,,,,,1.0,,,,,#545cf8,,,,
2025-09-12,Drift,,,56.0,,,,,0.0,,,,,,,,,,,,,
2025-09-12,GMTrade,,,40.0,,,,,0.0,,,,,2.0,,,,,#f79009,,,
2025-09-12,Pacifica,,,21.0,,,,,0.0,,,,,1.0,,,,,#545cf8,,,
2025-09-12,Flash Trade,,,18.0,,,,,0.0,,,,,4.0,,,,,#63b512,,,
2025-09-12,Jupiter,,,3.0,,,,,0.0,,,,,6.0,,,,,#00bfa5,,,
2025-09-12,_Drift,Drift,,,56.0,,,,,0.0,,,,,,,,,,,,
2025-09-12,_GMTrade,GMTrade,,,40.0,,,,,0.0,,,,,2.0,,,,,#f79009,,
2025-09-12,_Pacifica,Pacifica,,,21.0,,,,,0.0,,,,,1.0,,,,,#545cf8,,
2025-09-12,_Flash Trade,Flash Trade,,,18.0,,,,,0.0,,,,,4.0,,,,,#63b512,,
2025-09-12,_Jupiter,Jupiter,,,3.0,,,,,0.0,,,,,6.0,,,,,#00bfa5,,
2025-09-12,Crypto,,,,,74.0,,,,,0.0,,,,,1.0,,,,,#545cf8,
2025-09-12,Stock,,,,,8.0,,,,,0.0,,,,,2.0,,,,,#f79009,
2025-09-12,Commodity,,,,,4.0,,,,,0.0,,,,,3.0,,,,,#904ea6,
2025-09-12,FX,,,,,2.0,,,,,0.0,,,,,4.0,,,,,#63b512,
2025-09-12,Index,,,,,2.0,,,,,0.0,,,,,5.0,,,,,#f0384a,
2025-09-11,Total,,90.0,,,,,0.0,,,,,1.0,,,,,#545cf8,,,,
2025-09-11,Drift,,,56.0,,,,,0.0,,,,,,,,,,,,,
2025-09-11,GMTrade,,,40.0,,,,,0.0,,,,,2.0,,,,,#f79009,,,
2025-09-11,Pacifica,,,21.0,,,,,0.0,,,,,1.0,,,,,#545cf8,,,
2025-09-11,Flash Trade,,,18.0,,,,,0.0,,,,,4.0,,,,,#63b512,,,
2025-09-11,Jupiter,,,3.0,,,,,0.0,,,,,6.0,,,,,#00bfa5,,,
2025-09-11,_Drift,Drift,,,56.0,,,,,0.0,,,,,,,,,,,,
2025-09-11,_GMTrade,GMTrade,,,40.0,,,,,0.0,,,,,2.0,,,,,#f79009,,
2025-09-11,_Pacifica,Pacifica,,,21.0,,,,,0.0,,,,,1.0,,,,,#545cf8,,
2025-09-11,_Flash Trade,Flash Trade,,,18.0,,,,,0.0,,,,,4.0,,,,,#63b512,,
2025-09-11,_Jupiter,Jupiter,,,3.0,,,,,0.0,,,,,6.0,,,,,#00bfa5,,
2025-09-11,Crypto,,,,,74.0,,,,,0.0,,,,,1.0,,,,,#545cf8,
2025-09-11,Stock,,,,,8.0,,,,,0.0,,,,,2.0,,,,,#f79009,
2025-09-11,Commodity,,,,,4.0,,,,,0.0,,,,,3.0,,,,,#904ea6,
2025-09-11,FX,,,,,2.0,,,,,0.0,,,,,4.0,,,,,#63b512,
2025-09-11,Index,,,,,2.0,,,,,0.0,,,,,5.0,,,,,#f0384a,
2025-09-10,Total,,90.0,,,,,0.0,,,,,1.0,,,,,#545cf8,,,,
2025-09-10,Drift,,,56.0,,,,,0.0,,,,,,,,,,,,,
2025-09-10,GMTrade,,,40.0,,,,,0.0,,,,,2.0,,,,,#f79009,,,
2025-09-10,Pacifica,,,21.0,,,,,0.0,,,,,1.0,,,,,#545cf8,,,
2025-09-10,Flash Trade,,,18.0,,,,,0.0,,,,,4.0,,,,,#63b512,,,
2025-09-10,Jupiter,,,3.0,,,,,0.0,,,,,6.0,,,,,#00bfa5,,,
2025-09-10,_Drift,Drift,,,56.0,,,,,0.0,,,,,,,,,,,,
2025-09-10,_GMTrade,GMTrade,,,40.0,,,,,0.0,,,,,2.0,,,,,#f79009,,
2025-09-10,_Pacifica,Pacifica,,,21.0,,,,,0.0,,,,,1.0,,,,,#545cf8,,
2025-09-10,_Flash Trade,Flash Trade,,,18.0,,,,,0.0,,,,,4.0,,,,,#63b512,,
2025-09-10,_Jupiter,Jupiter,,,3.0,,,,,0.0,,,,,6.0,,,,,#00bfa5,,
2025-09-10,Crypto,,,,,74.0,,,,,0.0,,,,,1.0,,,,,#545cf8,
2025-09-10,Stock,,,,,8.0,,,,,0.0,,,,,2.0,,,,,#f79009,
2025-09-10,Commodity,,,,,4.0,,,,,0.0,,,,,3.0,,,,,#904ea6,
2025-09-10,FX,,,,,2.0,,,,,0.0,,,,,4.0,,,,,#63b512,
2025-09-10,Index,,,,,2.0,,,,,0.0,,,,,5.0,,,,,#f0384a,
2025-09-09,Total,,90.0,,,,,1.0,,,,,1.0,,,,,#545cf8,,,,
2025-09-09,Drift,,,56.0,,,,,0.0,,,,,,,,,,,,,
2025-09-09,GMTrade,,,40.0,,,,,1.0,,,,,2.0,,,,,#f79009,,,
2025-09-09,Pacifica,,,21.0,,,,,0.0,,,,,1.0,,,,,#545cf8,,,
2025-09-09,Flash Trade,,,18.0,,,,,0.0,,,,,4.0,,,,,#63b512,,,
2025-09-09,Jupiter,,,3.0,,,,,0.0,,,,,6.0,,,,,#00bfa5,,,
2025-09-09,_Drift,Drift,,,56.0,,,,,0.0,,,,,,,,,,,,
2025-09-09,_GMTrade,GMTrade,,,40.0,,,,,1.0,,,,,2.0,,,,,#f79009,,
2025-09-09,_Pacifica,Pacifica,,,21.0,,,,,0.0,,,,,1.0,,,,,#545cf8,,
2025-09-09,_Flash Trade,Flash Trade,,,18.0,,,,,0.0,,,,,4.0,,,,,#63b512,,
2025-09-09,_Jupiter,Jupiter,,,3.0,,,,,0.0,,,,,6.0,,,,,#00bfa5,,
2025-09-09,Crypto,,,,,74.0,,,,,1.0,,,,,1.0,,,,,#545cf8,
2025-09-09,Stock,,,,,8.0,,,,,0.0,,,,,2.0,,,,,#f79009,
2025-09-09,Commodity,,,,,4.0,,,,,0.0,,,,,3.0,,,,,#904ea6,
2025-09-09,FX,,,,,2.0,,,,,0.0,,,,,4.0,,,,,#63b512,
2025-09-09,Index,,,,,2.0,,,,,0.0,,,,,5.0,,,,,#f0384a,
2025-09-08,Total,,89.0,,,,,0.0,,,,,1.0,,,,,#545cf8,,,,
2025-09-08,Drift,,,56.0,,,,,0.0,,,,,,,,,,,,,
2025-09-08,GMTrade,,,39.0,,,,,0.0,,,,,2.0,,,,,#f79009,,,
2025-09-08,Pacifica,,,21.0,,,,,0.0,,,,,1.0,,,,,#545cf8,,,
2025-09-08,Flash Trade,,,18.0,,,,,0.0,,,,,4.0,,,,,#63b512,,,
2025-09-08,Jupiter,,,3.0,,,,,0.0,,,,,6.0,,,,,#00bfa5,,,
2025-09-08,_Drift,Drift,,,56.0,,,,,0.0,,,,,,,,,,,,
2025-09-08,_GMTrade,GMTrade,,,39.0,,,,,0.0,,,,,2.0,,,,,#f79009,,
2025-09-08,_Pacifica,Pacifica,,,21.0,,,,,0.0,,,,,1.0,,,,,#545cf8,,
2025-09-08,_Flash Trade,Flash Trade,,,18.0,,,,,0.0,,,,,4.0,,,,,#63b512,,
2025-09-08,_Jupiter,Jupiter,,,3.0,,,,,0.0,,,,,6.0,,,,,#00bfa5,,
2025-09-08,Crypto,,,,,73.0,,,,,0.0,,,,,1.0,,,,,#545cf8,
2025-09-08,Stock,,,,,8.0,,,,,0.0,,,,,2.0,,,,,#f79009,
2025-09-08,Commodity,,,,,4.0,,,,,0.0,,,,,3.0,,,,,#904ea6,
2025-09-08,FX,,,,,2.0,,,,,0.0,,,,,4.0,,,,,#63b512,
2025-09-08,Index,,,,,2.0,,,,,0.0,,,,,5.0,,,,,#f0384a,
2025-09-07,Total,,89.0,,,,,0.0,,,,,1.0,,,,,#545cf8,,,,
2025-09-07,Drift,,,56.0,,,,,0.0,,,,,,,,,,,,,
2025-09-07,GMTrade,,,39.0,,,,,0.0,,,,,2.0,,,,,#f79009,,,
2025-09-07,Pacifica,,,21.0,,,,,0.0,,,,,1.0,,,,,#545cf8,,,
2025-09-07,Flash Trade,,,18.0,,,,,0.0,,,,,4.0,,,,,#63b512,,,
2025-09-07,Jupiter,,,3.0,,,,,0.0,,,,,6.0,,,,,#00bfa5,,,
2025-09-07,_Drift,Drift,,,56.0,,,,,0.0,,,,,,,,,,,,
2025-09-07,_GMTrade,GMTrade,,,39.0,,,,,0.0,,,,,2.0,,,,,#f79009,,
2025-09-07,_Pacifica,Pacifica,,,21.0,,,,,0.0,,,,,1.0,,,,,#545cf8,,
2025-09-07,_Flash Trade,Flash Trade,,,18.0,,,,,0.0,,,,,4.0,,,,,#63b512,,
2025-09-07,_Jupiter,Jupiter,,,3.0,,,,,0.0,,,,,6.0,,,,,#00bfa5,,
2025-09-07,Crypto,,,,,73.0,,,,,0.0,,,,,1.0,,,,,#545cf8,
2025-09-07,Stock,,,,,8.0,,,,,0.0,,,,,2.0,,,,,#f79009,
2025-09-07,Commodity,,,,,4.0,,,,,0.0,,,,,3.0,,,,,#904ea6,
2025-09-07,Index,,,,,2.0,,,,,0.0,,,,,5.0,,,,,#f0384a,
2025-09-07,FX,,,,,2.0,,,,,0.0,,,,,4.0,,,,,#63b512,
2025-09-06,Total,,89.0,,,,,0.0,,,,,1.0,,,,,#545cf8,,,,
2025-09-06,Drift,,,56.0,,,,,0.0,,,,,,,,,,,,,
2025-09-06,GMTrade,,,39.0,,,,,0.0,,,,,2.0,,,,,#f79009,,,
2025-09-06,Pacifica,,,21.0,,,,,0.0,,,,,1.0,,,,,#545cf8,,,
2025-09-06,Flash Trade,,,18.0,,,,,0.0,,,,,4.0,,,,,#63b512,,,
2025-09-06,Jupiter,,,3.0,,,,,0.0,,,,,6.0,,,,,#00bfa5,,,
2025-09-06,_Drift,Drift,,,56.0,,,,,0.0,,,,,,,,,,,,
2025-09-06,_GMTrade,GMTrade,,,39.0,,,,,0.0,,,,,2.0,,,,,#f79009,,
2025-09-06,_Pacifica,Pacifica,,,21.0,,,,,0.0,,,,,1.0,,,,,#545cf8,,
2025-09-06,_Flash Trade,Flash Trade,,,18.0,,,,,0.0,,,,,4.0,,,,,#63b512,,
2025-09-06,_Jupiter,Jupiter,,,3.0,,,,,0.0,,,,,6.0,,,,,#00bfa5,,
2025-09-06,Crypto,,,,,73.0,,,,,0.0,,,,,1.0,,,,,#545cf8,
2025-09-06,Stock,,,,,8.0,,,,,0.0,,,,,2.0,,,,,#f79009,
2025-09-06,Commodity,,,,,4.0,,,,,0.0,,,,,3.0,,,,,#904ea6,
2025-09-06,FX,,,,,2.0,,,,,0.0,,,,,4.0,,,,,#63b512,
2025-09-06,Index,,,,,2.0,,,,,0.0,,,,,5.0,,,,,#f0384a,
2025-09-05,Total,,89.0,,,,,0.0,,,,,1.0,,,,,#545cf8,,,,
2025-09-05,Drift,,,56.0,,,,,0.0,,,,,,,,,,,,,
2025-09-05,GMTrade,,,39.0,,,,,0.0,,,,,2.0,,,,,#f79009,,,
2025-09-05,Pacifica,,,21.0,,,,,0.0,,,,,1.0,,,,,#545cf8,,,
2025-09-05,Flash Trade,,,18.0,,,,,0.0,,,,,4.0,,,,,#63b512,,,
2025-09-05,Jupiter,,,3.0,,,,,0.0,,,,,6.0,,,,,#00bfa5,,,
2025-09-05,_Drift,Drift,,,56.0,,,,,0.0,,,,,,,,,,,,
2025-09-05,_GMTrade,GMTrade,,,39.0,,,,,0.0,,,,,2.0,,,,,#f79009,,
2025-09-05,_Pacifica,Pacifica,,,21.0,,,,,0.0,,,,,1.0,,,,,#545cf8,,
2025-09-05,_Flash Trade,Flash Trade,,,18.0,,,,,0.0,,,,,4.0,,,,,#63b512,,
2025-09-05,_Jupiter,Jupiter,,,3.0,,,,,0.0,,,,,6.0,,,,,#00bfa5,,
2025-09-05,Crypto,,,,,73.0,,,,,0.0,,,,,1.0,,,,,#545cf8,
2025-09-05,Stock,,,,,8.0,,,,,0.0,,,,,2.0,,,,,#f79009,
2025-09-05,Commodity,,,,,4.0,,,,,0.0,,,,,3.0,,,,,#904ea6,
2025-09-05,Index,,,,,2.0,,,,,0.0,,,,,5.0,,,,,#f0384a,
2025-09-05,FX,,,,,2.0,,,,,0.0,,,,,4.0,,,,,#63b512,
2025-09-04,Total,,89.0,,,,,0.0,,,,,1.0,,,,,#545cf8,,,,
2025-09-04,Drift,,,56.0,,,,,0.0,,,,,,,,,,,,,
2025-09-04,GMTrade,,,39.0,,,,,1.0,,,,,2.0,,,,,#f79009,,,
2025-09-04,Pacifica,,,21.0,,,,,0.0,,,,,1.0,,,,,#545cf8,,,
2025-09-04,Flash Trade,,,18.0,,,,,0.0,,,,,4.0,,,,,#63b512,,,
2025-09-04,Jupiter,,,3.0,,,,,0.0,,,,,6.0,,,,,#00bfa5,,,
2025-09-04,_Drift,Drift,,,56.0,,,,,0.0,,,,,,,,,,,,
2025-09-04,_GMTrade,GMTrade,,,39.0,,,,,1.0,,,,,2.0,,,,,#f79009,,
2025-09-04,_Pacifica,Pacifica,,,21.0,,,,,0.0,,,,,1.0,,,,,#545cf8,,
2025-09-04,_Flash Trade,Flash Trade,,,18.0,,,,,0.0,,,,,4.0,,,,,#63b512,,
2025-09-04,_Jupiter,Jupiter,,,3.0,,,,,0.0,,,,,6.0,,,,,#00bfa5,,
2025-09-04,Crypto,,,,,73.0,,,,,0.0,,,,,1.0,,,,,#545cf8,
2025-09-04,Stock,,,,,8.0,,,,,0.0,,,,,2.0,,,,,#f79009,
2025-09-04,Commodity,,,,,4.0,,,,,0.0,,,,,3.0,,,,,#904ea6,
2025-09-04,Index,,,,,2.0,,,,,0.0,,,,,5.0,,,,,#f0384a,
2025-09-04,FX,,,,,2.0,,,,,0.0,,,,,4.0,,,,,#63b512,
2025-09-03,Total,,89.0,,,,,0.0,,,,,1.0,,,,,#545cf8,,,,
2025-09-03,Drift,,,56.0,,,,,0.0,,,,,,,,,,,,,
2025-09-03,GMTrade,,,38.0,,,,,0.0,,,,,2.0,,,,,#f79009,,,
2025-09-03,Pacifica,,,21.0,,,,,0.0,,,,,1.0,,,,,#545cf8,,,
2025-09-03,Flash Trade,,,18.0,,,,,0.0,,,,,4.0,,,,,#63b512,,,
2025-09-03,Jupiter,,,3.0,,,,,0.0,,,,,6.0,,,,,#00bfa5,,,
2025-09-03,_Drift,Drift,,,56.0,,,,,0.0,,,,,,,,,,,,
2025-09-03,_GMTrade,GMTrade,,,38.0,,,,,0.0,,,,,2.0,,,,,#f79009,,
2025-09-03,_Pacifica,Pacifica,,,21.0,,,,,0.0,,,,,1.0,,,,,#545cf8,,
2025-09-03,_Flash Trade,Flash Trade,,,18.0,,,,,0.0,,,,,4.0,,,,,#63b512,,
2025-09-03,_Jupiter,Jupiter,,,3.0,,,,,0.0,,,,,6.0,,,,,#00bfa5,,
2025-09-03,Crypto,,,,,73.0,,,,,0.0,,,,,1.0,,,,,#545cf8,
2025-09-03,Stock,,,,,8.0,,,,,0.0,,,,,2.0,,,,,#f79009,
2025-09-03,Commodity,,,,,4.0,,,,,0.0,,,,,3.0,,,,,#904ea6,
2025-09-03,Index,,,,,2.0,,,,,0.0,,,,,5.0,,,,,#f0384a,
2025-09-03,FX,,,,,2.0,,,,,0.0,,,,,4.0,,,,,#63b512,
2025-09-02,Total,,89.0,,,,,0.0,,,,,1.0,,,,,#545cf8,,,,
2025-09-02,Drift,,,56.0,,,,,0.0,,,,,,,,,,,,,
2025-09-02,GMTrade,,,38.0,,,,,0.0,,,,,2.0,,,,,#f79009,,,
2025-09-02,Pacifica,,,21.0,,,,,0.0,,,,,1.0,,,,,#545cf8,,,
2025-09-02,Flash Trade,,,18.0,,,,,0.0,,,,,4.0,,,,,#63b512,,,
2025-09-02,Jupiter,,,3.0,,,,,0.0,,,,,6.0,,,,,#00bfa5,,,
2025-09-02,_Drift,Drift,,,56.0,,,,,0.0,,,,,,,,,,,,
2025-09-02,_GMTrade,GMTrade,,,38.0,,,,,0.0,,,,,2.0,,,,,#f79009,,
2025-09-02,_Pacifica,Pacifica,,,21.0,,,,,0.0,,,,,1.0,,,,,#545cf8,,
2025-09-02,_Flash Trade,Flash Trade,,,18.0,,,,,0.0,,,,,4.0,,,,,#63b512,,
2025-09-02,_Jupiter,Jupiter,,,3.0,,,,,0.0,,,,,6.0,,,,,#00bfa5,,
2025-09-02,Crypto,,,,,73.0,,,,,0.0,,,,,1.0,,,,,#545cf8,
2025-09-02,Stock,,,,,8.0,,,,,0.0,,,,,2.0,,,,,#f79009,
2025-09-02,Commodity,,,,,4.0,,,,,0.0,,,,,3.0,,,,,#904ea6,
2025-09-02,FX,,,,,2.0,,,,,0.0,,,,,4.0,,,,,#63b512,
2025-09-02,Index,,,,,2.0,,,,,0.0,,,,,5.0,,,,,#f0384a,
2025-09-01,Total,,89.0,,,,,0.0,,,,,1.0,,,,,#545cf8,,,,
2025-09-01,Drift,,,56.0,,,,,0.0,,,,,,,,,,,,,
2025-09-01,GMTrade,,,38.0,,,,,0.0,,,,,2.0,,,,,#f79009,,,
2025-09-01,Pacifica,,,21.0,,,,,0.0,,,,,1.0,,,,,#545cf8,,,
2025-09-01,Flash Trade,,,18.0,,,,,0.0,,,,,4.0,,,,,#63b512,,,
2025-09-01,Jupiter,,,3.0,,,,,0.0,,,,,6.0,,,,,#00bfa5,,,
2025-09-01,_Drift,Drift,,,56.0,,,,,0.0,,,,,,,,,,,,
2025-09-01,_GMTrade,GMTrade,,,38.0,,,,,0.0,,,,,2.0,,,,,#f79009,,
2025-09-01,_Pacifica,Pacifica,,,21.0,,,,,0.0,,,,,1.0,,,,,#545cf8,,
2025-09-01,_Flash Trade,Flash Trade,,,18.0,,,,,0.0,,,,,4.0,,,,,#63b512,,
2025-09-01,_Jupiter,Jupiter,,,3.0,,,,,0.0,,,,,6.0,,,,,#00bfa5,,
2025-09-01,Crypto,,,,,73.0,,,,,0.0,,,,,1.0,,,,,#545cf8,
2025-09-01,Stock,,,,,8.0,,,,,0.0,,,,,2.0,,,,,#f79009,
2025-09-01,Commodity,,,,,4.0,,,,,0.0,,,,,3.0,,,,,#904ea6,
2025-09-01,FX,,,,,2.0,,,,,0.0,,,,,4.0,,,,,#63b512,
2025-09-01,Index,,,,,2.0,,,,,0.0,,,,,5.0,,,,,#f0384a,
2025-08-31,Total,,89.0,,,,,0.0,,,,,1.0,,,,,#545cf8,,,,
2025-08-31,Drift,,,56.0,,,,,0.0,,,,,,,,,,,,,
2025-08-31,GMTrade,,,38.0,,,,,0.0,,,,,2.0,,,,,#f79009,,,
2025-08-31,Pacifica,,,21.0,,,,,0.0,,,,,1.0,,,,,#545cf8,,,
2025-08-31,Flash Trade,,,18.0,,,,,0.0,,,,,4.0,,,,,#63b512,,,
2025-08-31,Jupiter,,,3.0,,,,,0.0,,,,,6.0,,,,,#00bfa5,,,
2025-08-31,_Drift,Drift,,,56.0,,,,,0.0,,,,,,,,,,,,
2025-08-31,_GMTrade,GMTrade,,,38.0,,,,,0.0,,,,,2.0,,,,,#f79009,,
2025-08-31,_Pacifica,Pacifica,,,21.0,,,,,0.0,,,,,1.0,,,,,#545cf8,,
2025-08-31,_Flash Trade,Flash Trade,,,18.0,,,,,0.0,,,,,4.0,,,,,#63b512,,
2025-08-31,_Jupiter,Jupiter,,,3.0,,,,,0.0,,,,,6.0,,,,,#00bfa5,,
2025-08-31,Crypto,,,,,73.0,,,,,0.0,,,,,1.0,,,,,#545cf8,
2025-08-31,Stock,,,,,8.0,,,,,0.0,,,,,2.0,,,,,#f79009,
2025-08-31,Commodity,,,,,4.0,,,,,0.0,,,,,3.0,,,,,#904ea6,
2025-08-31,FX,,,,,2.0,,,,,0.0,,,,,4.0,,,,,#63b512,
2025-08-31,Index,,,,,2.0,,,,,0.0,,,,,5.0,,,,,#f0384a,
2025-08-30,Total,,89.0,,,,,0.0,,,,,1.0,,,,,#545cf8,,,,
2025-08-30,Drift,,,56.0,,,,,0.0,,,,,,,,,,,,,
2025-08-30,GMTrade,,,38.0,,,,,0.0,,,,,2.0,,,,,#f79009,,,
2025-08-30,Pacifica,,,21.0,,,,,0.0,,,,,1.0,,,,,#545cf8,,,
2025-08-30,Flash Trade,,,18.0,,,,,0.0,,,,,4.0,,,,,#63b512,,,
2025-08-30,Jupiter,,,3.0,,,,,0.0,,,,,6.0,,,,,#00bfa5,,,
2025-08-30,_Drift,Drift,,,56.0,,,,,0.0,,,,,,,,,,,,
2025-08-30,_GMTrade,GMTrade,,,38.0,,,,,0.0,,,,,2.0,,,,,#f79009,,
2025-08-30,_Pacifica,Pacifica,,,21.0,,,,,0.0,,,,,1.0,,,,,#545cf8,,
2025-08-30,_Flash Trade,Flash Trade,,,18.0,,,,,0.0,,,,,4.0,,,,,#63b512,,
2025-08-30,_Jupiter,Jupiter,,,3.0,,,,,0.0,,,,,6.0,,,,,#00bfa5,,
2025-08-30,Crypto,,,,,73.0,,,,,0.0,,,,,1.0,,,,,#545cf8,
2025-08-30,Stock,,,,,8.0,,,,,0.0,,,,,2.0,,,,,#f79009,
2025-08-30,Commodity,,,,,4.0,,,,,0.0,,,,,3.0,,,,,#904ea6,
2025-08-30,FX,,,,,2.0,,,,,0.0,,,,,4.0,,,,,#63b512,
2025-08-30,Index,,,,,2.0,,,,,0.0,,,,,5.0,,,,,#f0384a,
2025-08-29,Total,,89.0,,,,,0.0,,,,,1.0,,,,,#545cf8,,,,
2025-08-29,Drift,,,56.0,,,,,0.0,,,,,,,,,,,,,
2025-08-29,GMTrade,,,38.0,,,,,0.0,,,,,2.0,,,,,#f79009,,,
2025-08-29,Pacifica,,,21.0,,,,,0.0,,,,,1.0,,,,,#545cf8,,,
2025-08-29,Flash Trade,,,18.0,,,,,0.0,,,,,4.0,,,,,#63b512,,,
2025-08-29,Jupiter,,,3.0,,,,,0.0,,,,,6.0,,,,,#00bfa5,,,
2025-08-29,_Drift,Drift,,,56.0,,,,,0.0,,,,,,,,,,,,
2025-08-29,_GMTrade,GMTrade,,,38.0,,,,,0.0,,,,,2.0,,,,,#f79009,,
2025-08-29,_Pacifica,Pacifica,,,21.0,,,,,0.0,,,,,1.0,,,,,#545cf8,,
2025-08-29,_Flash Trade,Flash Trade,,,18.0,,,,,0.0,,,,,4.0,,,,,#63b512,,
2025-08-29,_Jupiter,Jupiter,,,3.0,,,,,0.0,,,,,6.0,,,,,#00bfa5,,
2025-08-29,Crypto,,,,,73.0,,,,,0.0,,,,,1.0,,,,,#545cf8,
2025-08-29,Stock,,,,,8.0,,,,,0.0,,,,,2.0,,,,,#f79009,
2025-08-29,Commodity,,,,,4.0,,,,,0.0,,,,,3.0,,,,,#904ea6,
2025-08-29,Index,,,,,2.0,,,,,0.0,,,,,5.0,,,,,#f0384a,
2025-08-29,FX,,,,,2.0,,,,,0.0,,,,,4.0,,,,,#63b512,
2025-08-28,Total,,89.0,,,,,0.0,,,,,1.0,,,,,#545cf8,,,,
2025-08-28,Drift,,,56.0,,,,,0.0,,,,,,,,,,,,,
2025-08-28,GMTrade,,,38.0,,,,,0.0,,,,,2.0,,,,,#f79009,,,
2025-08-28,Pacifica,,,21.0,,,,,0.0,,,,,1.0,,,,,#545cf8,,,
2025-08-28,Flash Trade,,,18.0,,,,,0.0,,,,,4.0,,,,,#63b512,,,
2025-08-28,Jupiter,,,3.0,,,,,0.0,,,,,6.0,,,,,#00bfa5,,,
2025-08-28,_Drift,Drift,,,56.0,,,,,0.0,,,,,,,,,,,,
2025-08-28,_GMTrade,GMTrade,,,38.0,,,,,0.0,,,,,2.0,,,,,#f79009,,
2025-08-28,_Pacifica,Pacifica,,,21.0,,,,,0.0,,,,,1.0,,,,,#545cf8,,
2025-08-28,_Flash Trade,Flash Trade,,,18.0,,,,,0.0,,,,,4.0,,,,,#63b512,,
2025-08-28,_Jupiter,Jupiter,,,3.0,,,,,0.0,,,,,6.0,,,,,#00bfa5,,
2025-08-28,Crypto,,,,,73.0,,,,,0.0,,,,,1.0,,,,,#545cf8,
2025-08-28,Stock,,,,,8.0,,,,,0.0,,,,,2.0,,,,,#f79009,
2025-08-28,Commodity,,,,,4.0,,,,,0.0,,,,,3.0,,,,,#904ea6,
2025-08-28,FX,,,,,2.0,,,,,0.0,,,,,4.0,,,,,#63b512,
2025-08-28,Index,,,,,2.0,,,,,0.0,,,,,5.0,,,,,#f0384a,
2025-08-27,Total,,89.0,,,,,0.0,,,,,1.0,,,,,#545cf8,,,,
2025-08-27,Drift,,,56.0,,,,,0.0,,,,,,,,,,,,,
2025-08-27,GMTrade,,,38.0,,,,,0.0,,,,,2.0,,,,,#f79009,,,
2025-08-27,Pacifica,,,21.0,,,,,0.0,,,,,1.0,,,,,#545cf8,,,
2025-08-27,Flash Trade,,,18.0,,,,,0.0,,,,,4.0,,,,,#63b512,,,
2025-08-27,Jupiter,,,3.0,,,,,0.0,,,,,6.0,,,,,#00bfa5,,,
2025-08-27,_Drift,Drift,,,56.0,,,,,0.0,,,,,,,,,,,,
2025-08-27,_GMTrade,GMTrade,,,38.0,,,,,0.0,,,,,2.0,,,,,#f79009,,
2025-08-27,_Pacifica,Pacifica,,,21.0,,,,,0.0,,,,,1.0,,,,,#545cf8,,
2025-08-27,_Flash Trade,Flash Trade,,,18.0,,,,,0.0,,,,,4.0,,,,,#63b512,,
2025-08-27,_Jupiter,Jupiter,,,3.0,,,,,0.0,,,,,6.0,,,,,#00bfa5,,
2025-08-27,Crypto,,,,,73.0,,,,,0.0,,,,,1.0,,,,,#545cf8,
2025-08-27,Stock,,,,,8.0,,,,,0.0,,,,,2.0,,,,,#f79009,
2025-08-27,Commodity,,,,,4.0,,,,,0.0,,,,,3.0,,,,,#904ea6,
2025-08-27,Index,,,,,2.0,,,,,0.0,,,,,5.0,,,,,#f0384a,
2025-08-27,FX,,,,,2.0,,,,,0.0,,,,,4.0,,,,,#63b512,
2025-08-26,Total,,89.0,,,,,0.0,,,,,1.0,,,,,#545cf8,,,,
2025-08-26,Drift,,,56.0,,,,,0.0,,,,,,,,,,,,,
2025-08-26,GMTrade,,,38.0,,,,,0.0,,,,,2.0,,,,,#f79009,,,
2025-08-26,Pacifica,,,21.0,,,,,0.0,,,,,1.0,,,,,#545cf8,,,
2025-08-26,Flash Trade,,,18.0,,,,,0.0,,,,,4.0,,,,,#63b512,,,
2025-08-26,Jupiter,,,3.0,,,,,0.0,,,,,6.0,,,,,#00bfa5,,,
2025-08-26,_Drift,Drift,,,56.0,,,,,0.0,,,,,,,,,,,,
2025-08-26,_GMTrade,GMTrade,,,38.0,,,,,0.0,,,,,2.0,,,,,#f79009,,
2025-08-26,_Pacifica,Pacifica,,,21.0,,,,,0.0,,,,,1.0,,,,,#545cf8,,
2025-08-26,_Flash Trade,Flash Trade,,,18.0,,,,,0.0,,,,,4.0,,,,,#63b512,,
2025-08-26,_Jupiter,Jupiter,,,3.0,,,,,0.0,,,,,6.0,,,,,#00bfa5,,
2025-08-26,Crypto,,,,,73.0,,,,,0.0,,,,,1.0,,,,,#545cf8,
2025-08-26,Stock,,,,,8.0,,,,,0.0,,,,,2.0,,,,,#f79009,
2025-08-26,Commodity,,,,,4.0,,,,,0.0,,,,,3.0,,,,,#904ea6,
2025-08-26,FX,,,,,2.0,,,,,0.0,,,,,4.0,,,,,#63b512,
2025-08-26,Index,,,,,2.0,,,,,0.0,,,,,5.0,,,,,#f0384a,
2025-08-25,Total,,89.0,,,,,0.0,,,,,1.0,,,,,#545cf8,,,,
2025-08-25,Drift,,,56.0,,,,,0.0,,,,,,,,,,,,,
2025-08-25,GMTrade,,,38.0,,,,,0.0,,,,,2.0,,,,,#f79009,,,
2025-08-25,Pacifica,,,21.0,,,,,0.0,,,,,1.0,,,,,#545cf8,,,
2025-08-25,Flash Trade,,,18.0,,,,,0.0,,,,,4.0,,,,,#63b512,,,
2025-08-25,Jupiter,,,3.0,,,,,0.0,,,,,6.0,,,,,#00bfa5,,,
2025-08-25,_Drift,Drift,,,56.0,,,,,0.0,,,,,,,,,,,,
2025-08-25,_GMTrade,GMTrade,,,38.0,,,,,0.0,,,,,2.0,,,,,#f79009,,
2025-08-25,_Pacifica,Pacifica,,,21.0,,,,,0.0,,,,,1.0,,,,,#545cf8,,
2025-08-25,_Flash Trade,Flash Trade,,,18.0,,,,,0.0,,,,,4.0,,,,,#63b512,,
2025-08-25,_Jupiter,Jupiter,,,3.0,,,,,0.0,,,,,6.0,,,,,#00bfa5,,
2025-08-25,Crypto,,,,,73.0,,,,,0.0,,,,,1.0,,,,,#545cf8,
2025-08-25,Stock,,,,,8.0,,,,,0.0,,,,,2.0,,,,,#f79009,
2025-08-25,Commodity,,,,,4.0,,,,,0.0,,,,,3.0,,,,,#904ea6,
2025-08-25,Index,,,,,2.0,,,,,0.0,,,,,5.0,,,,,#f0384a,
2025-08-25,FX,,,,,2.0,,,,,0.0,,,,,4.0,,,,,#63b512,
2025-08-24,Total,,89.0,,,,,1.0,,,,,1.0,,,,,#545cf8,,,,
2025-08-24,Drift,,,56.0,,,,,0.0,,,,,,,,,,,,,
2025-08-24,GMTrade,,,38.0,,,,,0.0,,,,,2.0,,,,,#f79009,,,
2025-08-24,Pacifica,,,21.0,,,,,1.0,,,,,1.0,,,,,#545cf8,,,
2025-08-24,Flash Trade,,,18.0,,,,,0.0,,,,,4.0,,,,,#63b512,,,
2025-08-24,Jupiter,,,3.0,,,,,0.0,,,,,6.0,,,,,#00bfa5,,,
2025-08-24,_Drift,Drift,,,56.0,,,,,0.0,,,,,,,,,,,,
2025-08-24,_GMTrade,GMTrade,,,38.0,,,,,0.0,,,,,2.0,,,,,#f79009,,
2025-08-24,_Pacifica,Pacifica,,,21.0,,,,,1.0,,,,,1.0,,,,,#545cf8,,
2025-08-24,_Flash Trade,Flash Trade,,,18.0,,,,,0.0,,,,,4.0,,,,,#63b512,,
2025-08-24,_Jupiter,Jupiter,,,3.0,,,,,0.0,,,,,6.0,,,,,#00bfa5,,
2025-08-24,Crypto,,,,,73.0,,,,,1.0,,,,,1.0,,,,,#545cf8,
2025-08-24,Stock,,,,,8.0,,,,,0.0,,,,,2.0,,,,,#f79009,
2025-08-24,Commodity,,,,,4.0,,,,,0.0,,,,,3.0,,,,,#904ea6,
2025-08-24,FX,,,,,2.0,,,,,0.0,,,,,4.0,,,,,#63b512,
2025-08-24,Index,,,,,2.0,,,,,0.0,,,,,5.0,,,,,#f0384a,
2025-08-23,Total,,88.0,,,,,0.0,,,,,1.0,,,,,#545cf8,,,,
2025-08-23,Drift,,,56.0,,,,,0.0,,,,,,,,,,,,,
2025-08-23,GMTrade,,,38.0,,,,,0.0,,,,,2.0,,,,,#f79009,,,
2025-08-23,Pacifica,,,20.0,,,,,0.0,,,,,1.0,,,,,#545cf8,,,
2025-08-23,Flash Trade,,,18.0,,,,,0.0,,,,,4.0,,,,,#63b512,,,
2025-08-23,Jupiter,,,3.0,,,,,0.0,,,,,6.0,,,,,#00bfa5,,,
2025-08-23,_Drift,Drift,,,56.0,,,,,0.0,,,,,,,,,,,,
2025-08-23,_GMTrade,GMTrade,,,38.0,,,,,0.0,,,,,2.0,,,,,#f79009,,
2025-08-23,_Pacifica,Pacifica,,,20.0,,,,,0.0,,,,,1.0,,,,,#545cf8,,
2025-08-23,_Flash Trade,Flash Trade,,,18.0,,,,,0.0,,,,,4.0,,,,,#63b512,,
2025-08-23,_Jupiter,Jupiter,,,3.0,,,,,0.0,,,,,6.0,,,,,#00bfa5,,
2025-08-23,Crypto,,,,,72.0,,,,,0.0,,,,,1.0,,,,,#545cf8,
2025-08-23,Stock,,,,,8.0,,,,,0.0,,,,,2.0,,,,,#f79009,
2025-08-23,Commodity,,,,,4.0,,,,,0.0,,,,,3.0,,,,,#904ea6,
2025-08-23,FX,,,,,2.0,,,,,0.0,,,,,4.0,,,,,#63b512,
2025-08-23,Index,,,,,2.0,,,,,0.0,,,,,5.0,,,,,#f0384a,
2025-08-22,Total,,88.0,,,,,0.0,,,,,1.0,,,,,#545cf8,,,,
2025-08-22,Drift,,,56.0,,,,,0.0,,,,,,,,,,,,,
2025-08-22,GMTrade,,,38.0,,,,,0.0,,,,,2.0,,,,,#f79009,,,
2025-08-22,Pacifica,,,20.0,,,,,0.0,,,,,1.0,,,,,#545cf8,,,
2025-08-22,Flash Trade,,,18.0,,,,,0.0,,,,,4.0,,,,,#63b512,,,
2025-08-22,Jupiter,,,3.0,,,,,0.0,,,,,6.0,,,,,#00bfa5,,,
2025-08-22,_Drift,Drift,,,56.0,,,,,0.0,,,,,,,,,,,,
2025-08-22,_GMTrade,GMTrade,,,38.0,,,,,0.0,,,,,2.0,,,,,#f79009,,
2025-08-22,_Pacifica,Pacifica,,,20.0,,,,,0.0,,,,,1.0,,,,,#545cf8,,
2025-08-22,_Flash Trade,Flash Trade,,,18.0,,,,,0.0,,,,,4.0,,,,,#63b512,,
2025-08-22,_Jupiter,Jupiter,,,3.0,,,,,0.0,,,,,6.0,,,,,#00bfa5,,
2025-08-22,Crypto,,,,,72.0,,,,,0.0,,,,,1.0,,,,,#545cf8,
2025-08-22,Stock,,,,,8.0,,,,,0.0,,,,,2.0,,,,,#f79009,
2025-08-22,Commodity,,,,,4.0,,,,,0.0,,,,,3.0,,,,,#904ea6,
2025-08-22,Index,,,,,2.0,,,,,0.0,,,,,5.0,,,,,#f0384a,
2025-08-22,FX,,,,,2.0,,,,,0.0,,,,,4.0,,,,,#63b512,
2025-08-21,Total,,88.0,,,,,0.0,,,,,1.0,,,,,#545cf8,,,,
2025-08-21,Drift,,,56.0,,,,,0.0,,,,,,,,,,,,,
2025-08-21,GMTrade,,,38.0,,,,,0.0,,,,,2.0,,,,,#f79009,,,
2025-08-21,Pacifica,,,20.0,,,,,0.0,,,,,1.0,,,,,#545cf8,,,
2025-08-21,Flash Trade,,,18.0,,,,,0.0,,,,,4.0,,,,,#63b512,,,
2025-08-21,Jupiter,,,3.0,,,,,0.0,,,,,6.0,,,,,#00bfa5,,,
2025-08-21,_Drift,Drift,,,56.0,,,,,0.0,,,,,,,,,,,,
2025-08-21,_GMTrade,GMTrade,,,38.0,,,,,0.0,,,,,2.0,,,,,#f79009,,
2025-08-21,_Pacifica,Pacifica,,,20.0,,,,,0.0,,,,,1.0,,,,,#545cf8,,
2025-08-21,_Flash Trade,Flash Trade,,,18.0,,,,,0.0,,,,,4.0,,,,,#63b512,,
2025-08-21,_Jupiter,Jupiter,,,3.0,,,,,0.0,,,,,6.0,,,,,#00bfa5,,
2025-08-21,Crypto,,,,,72.0,,,,,0.0,,,,,1.0,,,,,#545cf8,
2025-08-21,Stock,,,,,8.0,,,,,0.0,,,,,2.0,,,,,#f79009,
2025-08-21,Commodity,,,,,4.0,,,,,0.0,,,,,3.0,,,,,#904ea6,
2025-08-21,Index,,,,,2.0,,,,,0.0,,,,,5.0,,,,,#f0384a,
2025-08-21,FX,,,,,2.0,,,,,0.0,,,,,4.0,,,,,#63b512,
2025-08-20,Total,,88.0,,,,,0.0,,,,,1.0,,,,,#545cf8,,,,
2025-08-20,Drift,,,56.0,,,,,0.0,,,,,,,,,,,,,
2025-08-20,GMTrade,,,38.0,,,,,0.0,,,,,2.0,,,,,#f79009,,,
2025-08-20,Pacifica,,,20.0,,,,,0.0,,,,,1.0,,,,,#545cf8,,,
2025-08-20,Flash Trade,,,18.0,,,,,0.0,,,,,4.0,,,,,#63b512,,,
2025-08-20,Jupiter,,,3.0,,,,,0.0,,,,,6.0,,,,,#00bfa5,,,
2025-08-20,_Drift,Drift,,,56.0,,,,,0.0,,,,,,,,,,,,
2025-08-20,_GMTrade,GMTrade,,,38.0,,,,,0.0,,,,,2.0,,,,,#f79009,,
2025-08-20,_Pacifica,Pacifica,,,20.0,,,,,0.0,,,,,1.0,,,,,#545cf8,,
2025-08-20,_Flash Trade,Flash Trade,,,18.0,,,,,0.0,,,,,4.0,,,,,#63b512,,
2025-08-20,_Jupiter,Jupiter,,,3.0,,,,,0.0,,,,,6.0,,,,,#00bfa5,,
2025-08-20,Crypto,,,,,72.0,,,,,0.0,,,,,1.0,,,,,#545cf8,
2025-08-20,Stock,,,,,8.0,,,,,0.0,,,,,2.0,,,,,#f79009,
2025-08-20,Commodity,,,,,4.0,,,,,0.0,,,,,3.0,,,,,#904ea6,
2025-08-20,FX,,,,,2.0,,,,,0.0,,,,,4.0,,,,,#63b512,
2025-08-20,Index,,,,,2.0,,,,,0.0,,,,,5.0,,,,,#f0384a,
2025-08-19,Total,,88.0,,,,,-5.0,,,,,1.0,,,,,#545cf8,,,,
2025-08-19,Drift,,,56.0,,,,,-5.0,,,,,,,,,,,,,
2025-08-19,GMTrade,,,38.0,,,,,0.0,,,,,2.0,,,,,#f79009,,,
2025-08-19,Pacifica,,,20.0,,,,,0.0,,,,,1.0,,,,,#545cf8,,,
2025-08-19,Flash Trade,,,18.0,,,,,0.0,,,,,4.0,,,,,#63b512,,,
2025-08-19,Jupiter,,,3.0,,,,,0.0,,,,,6.0,,,,,#00bfa5,,,
2025-08-19,_Drift,Drift,,,56.0,,,,,-5.0,,,,,,,,,,,,
2025-08-19,_GMTrade,GMTrade,,,38.0,,,,,0.0,,,,,2.0,,,,,#f79009,,
2025-08-19,_Pacifica,Pacifica,,,20.0,,,,,0.0,,,,,1.0,,,,,#545cf8,,
2025-08-19,_Flash Trade,Flash Trade,,,18.0,,,,,0.0,,,,,4.0,,,,,#63b512,,
2025-08-19,_Jupiter,Jupiter,,,3.0,,,,,0.0,,,,,6.0,,,,,#00bfa5,,
2025-08-19,Crypto,,,,,72.0,,,,,-5.0,,,,,1.0,,,,,#545cf8,
2025-08-19,Stock,,,,,8.0,,,,,0.0,,,,,2.0,,,,,#f79009,
2025-08-19,Commodity,,,,,4.0,,,,,0.0,,,,,3.0,,,,,#904ea6,
2025-08-19,Index,,,,,2.0,,,,,0.0,,,,,5.0,,,,,#f0384a,
2025-08-19,FX,,,,,2.0,,,,,0.0,,,,,4.0,,,,,#63b512,
2025-08-18,Total,,93.0,,,,,0.0,,,,,1.0,,,,,#545cf8,,,,
2025-08-18,Drift,,,61.0,,,,,0.0,,,,,,,,,,,,,
2025-08-18,GMTrade,,,38.0,,,,,0.0,,,,,2.0,,,,,#f79009,,,
2025-08-18,Pacifica,,,20.0,,,,,0.0,,,,,1.0,,,,,#545cf8,,,
2025-08-18,Flash Trade,,,18.0,,,,,0.0,,,,,4.0,,,,,#63b512,,,
2025-08-18,Jupiter,,,3.0,,,,,0.0,,,,,6.0,,,,,#00bfa5,,,
2025-08-18,_Drift,Drift,,,61.0,,,,,0.0,,,,,,,,,,,,
2025-08-18,_GMTrade,GMTrade,,,38.0,,,,,0.0,,,,,2.0,,,,,#f79009,,
2025-08-18,_Pacifica,Pacifica,,,20.0,,,,,0.0,,,,,1.0,,,,,#545cf8,,
2025-08-18,_Flash Trade,Flash Trade,,,18.0,,,,,0.0,,,,,4.0,,,,,#63b512,,
2025-08-18,_Jupiter,Jupiter,,,3.0,,,,,0.0,,,,,6.0,,,,,#00bfa5,,
2025-08-18,Crypto,,,,,77.0,,,,,0.0,,,,,1.0,,,,,#545cf8,
2025-08-18,Stock,,,,,8.0,,,,,0.0,,,,,2.0,,,,,#f79009,
2025-08-18,Commodity,,,,,4.0,,,,,0.0,,,,,3.0,,,,,#904ea6,
2025-08-18,Index,,,,,2.0,,,,,0.0,,,,,5.0,,,,,#f0384a,
2025-08-18,FX,,,,,2.0,,,,,0.0,,,,,4.0,,,,,#63b512,
2025-08-17,Total,,93.0,,,,,0.0,,,,,1.0,,,,,#545cf8,,,,
2025-08-17,Drift,,,61.0,,,,,0.0,,,,,,,,,,,,,
2025-08-17,GMTrade,,,38.0,,,,,0.0,,,,,2.0,,,,,#f79009,,,
2025-08-17,Pacifica,,,20.0,,,,,0.0,,,,,1.0,,,,,#545cf8,,,
2025-08-17,Flash Trade,,,18.0,,,,,0.0,,,,,4.0,,,,,#63b512,,,
2025-08-17,Jupiter,,,3.0,,,,,0.0,,,,,6.0,,,,,#00bfa5,,,
2025-08-17,_Drift,Drift,,,61.0,,,,,0.0,,,,,,,,,,,,
2025-08-17,_GMTrade,GMTrade,,,38.0,,,,,0.0,,,,,2.0,,,,,#f79009,,
2025-08-17,_Pacifica,Pacifica,,,20.0,,,,,0.0,,,,,1.0,,,,,#545cf8,,
2025-08-17,_Flash Trade,Flash Trade,,,18.0,,,,,0.0,,,,,4.0,,,,,#63b512,,
2025-08-17,_Jupiter,Jupiter,,,3.0,,,,,0.0,,,,,6.0,,,,,#00bfa5,,
2025-08-17,Crypto,,,,,77.0,,,,,0.0,,,,,1.0,,,,,#545cf8,
2025-08-17,Stock,,,,,8.0,,,,,0.0,,,,,2.0,,,,,#f79009,
2025-08-17,Commodity,,,,,4.0,,,,,0.0,,,,,3.0,,,,,#904ea6,
2025-08-17,FX,,,,,2.0,,,,,0.0,,,,,4.0,,,,,#63b512,
2025-08-17,Index,,,,,2.0,,,,,0.0,,,,,5.0,,,,,#f0384a,
2025-08-16,Total,,93.0,,,,,0.0,,,,,1.0,,,,,#545cf8,,,,
2025-08-16,Drift,,,61.0,,,,,0.0,,,,,,,,,,,,,
2025-08-16,GMTrade,,,38.0,,,,,0.0,,,,,2.0,,,,,#f79009,,,
2025-08-16,Pacifica,,,20.0,,,,,0.0,,,,,1.0,,,,,#545cf8,,,
2025-08-16,Flash Trade,,,18.0,,,,,0.0,,,,,4.0,,,,,#63b512,,,
2025-08-16,Jupiter,,,3.0,,,,,0.0,,,,,6.0,,,,,#00bfa5,,,
2025-08-16,_Drift,Drift,,,61.0,,,,,0.0,,,,,,,,,,,,
2025-08-16,_GMTrade,GMTrade,,,38.0,,,,,0.0,,,,,2.0,,,,,#f79009,,
2025-08-16,_Pacifica,Pacifica,,,20.0,,,,,0.0,,,,,1.0,,,,,#545cf8,,
2025-08-16,_Flash Trade,Flash Trade,,,18.0,,,,,0.0,,,,,4.0,,,,,#63b512,,
2025-08-16,_Jupiter,Jupiter,,,3.0,,,,,0.0,,,,,6.0,,,,,#00bfa5,,
2025-08-16,Crypto,,,,,77.0,,,,,0.0,,,,,1.0,,,,,#545cf8,
2025-08-16,Stock,,,,,8.0,,,,,0.0,,,,,2.0,,,,,#f79009,
2025-08-16,Commodity,,,,,4.0,,,,,0.0,,,,,3.0,,,,,#904ea6,
2025-08-16,Index,,,,,2.0,,,,,0.0,,,,,5.0,,,,,#f0384a,
2025-08-16,FX,,,,,2.0,,,,,0.0,,,,,4.0,,,,,#63b512,
2025-08-15,Total,,93.0,,,,,1.0,,,,,1.0,,,,,#545cf8,,,,
2025-08-15,Drift,,,61.0,,,,,0.0,,,,,,,,,,,,,
2025-08-15,GMTrade,,,38.0,,,,,0.0,,,,,2.0,,,,,#f79009,,,
2025-08-15,Pacifica,,,20.0,,,,,2.0,,,,,1.0,,,,,#545cf8,,,
2025-08-15,Flash Trade,,,18.0,,,,,0.0,,,,,4.0,,,,,#63b512,,,
2025-08-15,Jupiter,,,3.0,,,,,0.0,,,,,6.0,,,,,#00bfa5,,,
2025-08-15,_Drift,Drift,,,61.0,,,,,0.0,,,,,,,,,,,,
2025-08-15,_GMTrade,GMTrade,,,38.0,,,,,0.0,,,,,2.0,,,,,#f79009,,
2025-08-15,_Pacifica,Pacifica,,,20.0,,,,,2.0,,,,,1.0,,,,,#545cf8,,
2025-08-15,_Flash Trade,Flash Trade,,,18.0,,,,,0.0,,,,,4.0,,,,,#63b512,,
2025-08-15,_Jupiter,Jupiter,,,3.0,,,,,0.0,,,,,6.0,,,,,#00bfa5,,
2025-08-15,Crypto,,,,,77.0,,,,,1.0,,,,,1.0,,,,,#545cf8,
2025-08-15,Stock,,,,,8.0,,,,,0.0,,,,,2.0,,,,,#f79009,
2025-08-15,Commodity,,,,,4.0,,,,,0.0,,,,,3.0,,,,,#904ea6,
2025-08-15,Index,,,,,2.0,,,,,0.0,,,,,5.0,,,,,#f0384a,
2025-08-15,FX,,,,,2.0,,,,,0.0,,,,,4.0,,,,,#63b512,
2025-08-14,Total,,92.0,,,,,1.0,,,,,1.0,,,,,#545cf8,,,,
2025-08-14,Drift,,,61.0,,,,,0.0,,,,,,,,,,,,,
2025-08-14,GMTrade,,,38.0,,,,,0.0,,,,,2.0,,,,,#f79009,,,
2025-08-14,Flash Trade,,,18.0,,,,,0.0,,,,,4.0,,,,,#63b512,,,
2025-08-14,Pacifica,,,18.0,,,,,1.0,,,,,1.0,,,,,#545cf8,,,
2025-08-14,Jupiter,,,3.0,,,,,0.0,,,,,6.0,,,,,#00bfa5,,,
2025-08-14,_Drift,Drift,,,61.0,,,,,0.0,,,,,,,,,,,,
2025-08-14,_GMTrade,GMTrade,,,38.0,,,,,0.0,,,,,2.0,,,,,#f79009,,
2025-08-14,_Flash Trade,Flash Trade,,,18.0,,,,,0.0,,,,,4.0,,,,,#63b512,,
2025-08-14,_Pacifica,Pacifica,,,18.0,,,,,1.0,,,,,1.0,,,,,#545cf8,,
2025-08-14,_Jupiter,Jupiter,,,3.0,,,,,0.0,,,,,6.0,,,,,#00bfa5,,
2025-08-14,Crypto,,,,,76.0,,,,,1.0,,,,,1.0,,,,,#545cf8,
2025-08-14,Stock,,,,,8.0,,,,,0.0,,,,,2.0,,,,,#f79009,
2025-08-14,Commodity,,,,,4.0,,,,,0.0,,,,,3.0,,,,,#904ea6,
2025-08-14,Index,,,,,2.0,,,,,0.0,,,,,5.0,,,,,#f0384a,
2025-08-14,FX,,,,,2.0,,,,,0.0,,,,,4.0,,,,,#63b512,
2025-08-13,Total,,91.0,,,,,0.0,,,,,1.0,,,,,#545cf8,,,,
2025-08-13,Drift,,,61.0,,,,,0.0,,,,,,,,,,,,,
2025-08-13,GMTrade,,,38.0,,,,,0.0,,,,,2.0,,,,,#f79009,,,
2025-08-13,Flash Trade,,,18.0,,,,,0.0,,,,,4.0,,,,,#63b512,,,
2025-08-13,Pacifica,,,17.0,,,,,1.0,,,,,1.0,,,,,#545cf8,,,
2025-08-13,Jupiter,,,3.0,,,,,0.0,,,,,6.0,,,,,#00bfa5,,,
2025-08-13,_Drift,Drift,,,61.0,,,,,0.0,,,,,,,,,,,,
2025-08-13,_GMTrade,GMTrade,,,38.0,,,,,0.0,,,,,2.0,,,,,#f79009,,
2025-08-13,_Flash Trade,Flash Trade,,,18.0,,,,,0.0,,,,,4.0,,,,,#63b512,,
2025-08-13,_Pacifica,Pacifica,,,17.0,,,,,1.0,,,,,1.0,,,,,#545cf8,,
2025-08-13,_Jupiter,Jupiter,,,3.0,,,,,0.0,,,,,6.0,,,,,#00bfa5,,
2025-08-13,Crypto,,,,,75.0,,,,,0.0,,,,,1.0,,,,,#545cf8,
2025-08-13,Stock,,,,,8.0,,,,,0.0,,,,,2.0,,,,,#f79009,
2025-08-13,Commodity,,,,,4.0,,,,,0.0,,,,,3.0,,,,,#904ea6,
2025-08-13,Index,,,,,2.0,,,,,0.0,,,,,5.0,,,,,#f0384a,
2025-08-13,FX,,,,,2.0,,,,,0.0,,,,,4.0,,,,,#63b512,
2025-08-12,Total,,91.0,,,,,0.0,,,,,1.0,,,,,#545cf8,,,,
2025-08-12,Drift,,,61.0,,,,,0.0,,,,,,,,,,,,,
2025-08-12,GMTrade,,,38.0,,,,,0.0,,,,,2.0,,,,,#f79009,,,
2025-08-12,Flash Trade,,,18.0,,,,,0.0,,,,,4.0,,,,,#63b512,,,
2025-08-12,Pacifica,,,16.0,,,,,0.0,,,,,1.0,,,,,#545cf8,,,
2025-08-12,Jupiter,,,3.0,,,,,0.0,,,,,6.0,,,,,#00bfa5,,,
2025-08-12,_Drift,Drift,,,61.0,,,,,0.0,,,,,,,,,,,,
2025-08-12,_GMTrade,GMTrade,,,38.0,,,,,0.0,,,,,2.0,,,,,#f79009,,
2025-08-12,_Flash Trade,Flash Trade,,,18.0,,,,,0.0,,,,,4.0,,,,,#63b512,,
2025-08-12,_Pacifica,Pacifica,,,16.0,,,,,0.0,,,,,1.0,,,,,#545cf8,,
2025-08-12,_Jupiter,Jupiter,,,3.0,,,,,0.0,,,,,6.0,,,,,#00bfa5,,
2025-08-12,Crypto,,,,,75.0,,,,,0.0,,,,,1.0,,,,,#545cf8,
2025-08-12,Stock,,,,,8.0,,,,,0.0,,,,,2.0,,,,,#f79009,
2025-08-12,Commodity,,,,,4.0,,,,,0.0,,,,,3.0,,,,,#904ea6,
2025-08-12,Index,,,,,2.0,,,,,0.0,,,,,5.0,,,,,#f0384a,
2025-08-12,FX,,,,,2.0,,,,,0.0,,,,,4.0,,,,,#63b512,
2025-08-11,Total,,91.0,,,,,1.0,,,,,1.0,,,,,#545cf8,,,,
2025-08-11,Drift,,,61.0,,,,,0.0,,,,,,,,,,,,,
2025-08-11,GMTrade,,,38.0,,,,,0.0,,,,,2.0,,,,,#f79009,,,
2025-08-11,Flash Trade,,,18.0,,,,,0.0,,,,,4.0,,,,,#63b512,,,
2025-08-11,Pacifica,,,16.0,,,,,1.0,,,,,1.0,,,,,#545cf8,,,
2025-08-11,Jupiter,,,3.0,,,,,0.0,,,,,6.0,,,,,#00bfa5,,,
2025-08-11,_Drift,Drift,,,61.0,,,,,0.0,,,,,,,,,,,,
2025-08-11,_GMTrade,GMTrade,,,38.0,,,,,0.0,,,,,2.0,,,,,#f79009,,
2025-08-11,_Flash Trade,Flash Trade,,,18.0,,,,,0.0,,,,,4.0,,,,,#63b512,,
2025-08-11,_Pacifica,Pacifica,,,16.0,,,,,1.0,,,,,1.0,,,,,#545cf8,,
2025-08-11,_Jupiter,Jupiter,,,3.0,,,,,0.0,,,,,6.0,,,,,#00bfa5,,
2025-08-11,Crypto,,,,,75.0,,,,,1.0,,,,,1.0,,,,,#545cf8,
2025-08-11,Stock,,,,,8.0,,,,,0.0,,,,,2.0,,,,,#f79009,
2025-08-11,Commodity,,,,,4.0,,,,,0.0,,,,,3.0,,,,,#904ea6,
2025-08-11,Index,,,,,2.0,,,,,0.0,,,,,5.0,,,,,#f0384a,
2025-08-11,FX,,,,,2.0,,,,,0.0,,,,,4.0,,,,,#63b512,
2025-08-10,Total,,90.0,,,,,0.0,,,,,1.0,,,,,#545cf8,,,,
2025-08-10,Drift,,,61.0,,,,,0.0,,,,,,,,,,,,,
2025-08-10,GMTrade,,,38.0,,,,,0.0,,,,,2.0,,,,,#f79009,,,
2025-08-10,Flash Trade,,,18.0,,,,,0.0,,,,,4.0,,,,,#63b512,,,
2025-08-10,Pacifica,,,15.0,,,,,0.0,,,,,1.0,,,,,#545cf8,,,
2025-08-10,Jupiter,,,3.0,,,,,0.0,,,,,6.0,,,,,#00bfa5,,,
2025-08-10,_Drift,Drift,,,61.0,,,,,0.0,,,,,,,,,,,,
2025-08-10,_GMTrade,GMTrade,,,38.0,,,,,0.0,,,,,2.0,,,,,#f79009,,
2025-08-10,_Flash Trade,Flash Trade,,,18.0,,,,,0.0,,,,,4.0,,,,,#63b512,,
2025-08-10,_Pacifica,Pacifica,,,15.0,,,,,0.0,,,,,1.0,,,,,#545cf8,,
2025-08-10,_Jupiter,Jupiter,,,3.0,,,,,0.0,,,,,6.0,,,,,#00bfa5,,
2025-08-10,Crypto,,,,,74.0,,,,,0.0,,,,,1.0,,,,,#545cf8,
2025-08-10,Stock,,,,,8.0,,,,,0.0,,,,,2.0,,,,,#f79009,
2025-08-10,Commodity,,,,,4.0,,,,,0.0,,,,,3.0,,,,,#904ea6,
2025-08-10,FX,,,,,2.0,,,,,0.0,,,,,4.0,,,,,#63b512,
2025-08-10,Index,,,,,2.0,,,,,0.0,,,,,5.0,,,,,#f0384a,
2025-08-09,Total,,90.0,,,,,0.0,,,,,1.0,,,,,#545cf8,,,,
2025-08-09,Drift,,,61.0,,,,,0.0,,,,,,,,,,,,,
2025-08-09,GMTrade,,,38.0,,,,,0.0,,,,,2.0,,,,,#f79009,,,
2025-08-09,Flash Trade,,,18.0,,,,,0.0,,,,,4.0,,,,,#63b512,,,
2025-08-09,Pacifica,,,15.0,,,,,0.0,,,,,1.0,,,,,#545cf8,,,
2025-08-09,Jupiter,,,3.0,,,,,0.0,,,,,6.0,,,,,#00bfa5,,,
2025-08-09,_Drift,Drift,,,61.0,,,,,0.0,,,,,,,,,,,,
2025-08-09,_GMTrade,GMTrade,,,38.0,,,,,0.0,,,,,2.0,,,,,#f79009,,
2025-08-09,_Flash Trade,Flash Trade,,,18.0,,,,,0.0,,,,,4.0,,,,,#63b512,,
2025-08-09,_Pacifica,Pacifica,,,15.0,,,,,0.0,,,,,1.0,,,,,#545cf8,,
2025-08-09,_Jupiter,Jupiter,,,3.0,,,,,0.0,,,,,6.0,,,,,#00bfa5,,
2025-08-09,Crypto,,,,,74.0,,,,,0.0,,,,,1.0,,,,,#545cf8,
2025-08-09,Stock,,,,,8.0,,,,,0.0,,,,,2.0,,,,,#f79009,
2025-08-09,Commodity,,,,,4.0,,,,,0.0,,,,,3.0,,,,,#904ea6,
2025-08-09,FX,,,,,2.0,,,,,0.0,,,,,4.0,,,,,#63b512,
2025-08-09,Index,,,,,2.0,,,,,0.0,,,,,5.0,,,,,#f0384a,
2025-08-08,Total,,90.0,,,,,0.0,,,,,1.0,,,,,#545cf8,,,,
2025-08-08,Drift,,,61.0,,,,,0.0,,,,,,,,,,,,,
2025-08-08,GMTrade,,,38.0,,,,,0.0,,,,,2.0,,,,,#f79009,,,
2025-08-08,Flash Trade,,,18.0,,,,,0.0,,,,,4.0,,,,,#63b512,,,
2025-08-08,Pacifica,,,15.0,,,,,1.0,,,,,1.0,,,,,#545cf8,,,
2025-08-08,Jupiter,,,3.0,,,,,0.0,,,,,6.0,,,,,#00bfa5,,,
2025-08-08,_Drift,Drift,,,61.0,,,,,0.0,,,,,,,,,,,,
2025-08-08,_GMTrade,GMTrade,,,38.0,,,,,0.0,,,,,2.0,,,,,#f79009,,
2025-08-08,_Flash Trade,Flash Trade,,,18.0,,,,,0.0,,,,,4.0,,,,,#63b512,,
2025-08-08,_Pacifica,Pacifica,,,15.0,,,,,1.0,,,,,1.0,,,,,#545cf8,,
2025-08-08,_Jupiter,Jupiter,,,3.0,,,,,0.0,,,,,6.0,,,,,#00bfa5,,
2025-08-08,Crypto,,,,,74.0,,,,,0.0,,,,,1.0,,,,,#545cf8,
2025-08-08,Stock,,,,,8.0,,,,,0.0,,,,,2.0,,,,,#f79009,
2025-08-08,Commodity,,,,,4.0,,,,,0.0,,,,,3.0,,,,,#904ea6,
2025-08-08,Index,,,,,2.0,,,,,0.0,,,,,5.0,,,,,#f0384a,
2025-08-08,FX,,,,,2.0,,,,,0.0,,,,,4.0,,,,,#63b512,
2025-08-07,Total,,90.0,,,,,0.0,,,,,1.0,,,,,#545cf8,,,,
2025-08-07,Drift,,,61.0,,,,,0.0,,,,,,,,,,,,,
2025-08-07,GMTrade,,,38.0,,,,,0.0,,,,,2.0,,,,,#f79009,,,
2025-08-07,Flash Trade,,,18.0,,,,,0.0,,,,,4.0,,,,,#63b512,,,
2025-08-07,Pacifica,,,14.0,,,,,0.0,,,,,1.0,,,,,#545cf8,,,
2025-08-07,Jupiter,,,3.0,,,,,0.0,,,,,6.0,,,,,#00bfa5,,,
2025-08-07,_Drift,Drift,,,61.0,,,,,0.0,,,,,,,,,,,,
2025-08-07,_GMTrade,GMTrade,,,38.0,,,,,0.0,,,,,2.0,,,,,#f79009,,
2025-08-07,_Flash Trade,Flash Trade,,,18.0,,,,,0.0,,,,,4.0,,,,,#63b512,,
2025-08-07,_Pacifica,Pacifica,,,14.0,,,,,0.0,,,,,1.0,,,,,#545cf8,,
2025-08-07,_Jupiter,Jupiter,,,3.0,,,,,0.0,,,,,6.0,,,,,#00bfa5,,
2025-08-07,Crypto,,,,,74.0,,,,,0.0,,,,,1.0,,,,,#545cf8,
2025-08-07,Stock,,,,,8.0,,,,,0.0,,,,,2.0,,,,,#f79009,
2025-08-07,Commodity,,,,,4.0,,,,,0.0,,,,,3.0,,,,,#904ea6,
2025-08-07,FX,,,,,2.0,,,,,0.0,,,,,4.0,,,,,#63b512,
2025-08-07,Index,,,,,2.0,,,,,0.0,,,,,5.0,,,,,#f0384a,
2025-08-06,Total,,90.0,,,,,0.0,,,,,1.0,,,,,#545cf8,,,,
2025-08-06,Drift,,,61.0,,,,,0.0,,,,,,,,,,,,,
2025-08-06,GMTrade,,,38.0,,,,,0.0,,,,,2.0,,,,,#f79009,,,
2025-08-06,Flash Trade,,,18.0,,,,,0.0,,,,,4.0,,,,,#63b512,,,
2025-08-06,Pacifica,,,14.0,,,,,1.0,,,,,1.0,,,,,#545cf8,,,
2025-08-06,Jupiter,,,3.0,,,,,0.0,,,,,6.0,,,,,#00bfa5,,,
2025-08-06,_Drift,Drift,,,61.0,,,,,0.0,,,,,,,,,,,,
2025-08-06,_GMTrade,GMTrade,,,38.0,,,,,0.0,,,,,2.0,,,,,#f79009,,
2025-08-06,_Flash Trade,Flash Trade,,,18.0,,,,,0.0,,,,,4.0,,,,,#63b512,,
2025-08-06,_Pacifica,Pacifica,,,14.0,,,,,1.0,,,,,1.0,,,,,#545cf8,,
2025-08-06,_Jupiter,Jupiter,,,3.0,,,,,0.0,,,,,6.0,,,,,#00bfa5,,
2025-08-06,Crypto,,,,,74.0,,,,,0.0,,,,,1.0,,,,,#545cf8,
2025-08-06,Stock,,,,,8.0,,,,,0.0,,,,,2.0,,,,,#f79009,
2025-08-06,Commodity,,,,,4.0,,,,,0.0,,,,,3.0,,,,,#904ea6,
2025-08-06,FX,,,,,2.0,,,,,0.0,,,,,4.0,,,,,#63b512,
2025-08-06,Index,,,,,2.0,,,,,0.0,,,,,5.0,,,,,#f0384a,
2025-08-05,Total,,90.0,,,,,10.0,,,,,1.0,,,,,#545cf8,,,,
2025-08-05,Drift,,,61.0,,,,,0.0,,,,,,,,,,,,,
2025-08-05,GMTrade,,,38.0,,,,,10.0,,,,,2.0,,,,,#f79009,,,
2025-08-05,Flash Trade,,,18.0,,,,,0.0,,,,,4.0,,,,,#63b512,,,
2025-08-05,Pacifica,,,13.0,,,,,0.0,,,,,1.0,,,,,#545cf8,,,
2025-08-05,Jupiter,,,3.0,,,,,0.0,,,,,6.0,,,,,#00bfa5,,,
2025-08-05,_Drift,Drift,,,61.0,,,,,0.0,,,,,,,,,,,,
2025-08-05,_GMTrade,GMTrade,,,38.0,,,,,10.0,,,,,2.0,,,,,#f79009,,
2025-08-05,_Flash Trade,Flash Trade,,,18.0,,,,,0.0,,,,,4.0,,,,,#63b512,,
2025-08-05,_Pacifica,Pacifica,,,13.0,,,,,0.0,,,,,1.0,,,,,#545cf8,,
2025-08-05,_Jupiter,Jupiter,,,3.0,,,,,0.0,,,,,6.0,,,,,#00bfa5,,
2025-08-05,Crypto,,,,,74.0,,,,,0.0,,,,,1.0,,,,,#545cf8,
2025-08-05,Stock,,,,,8.0,,,,,,,,,,2.0,,,,,#f79009,
2025-08-05,Commodity,,,,,4.0,,,,,0.0,,,,,3.0,,,,,#904ea6,
2025-08-05,FX,,,,,2.0,,,,,0.0,,,,,4.0,,,,,#63b512,
2025-08-05,Index,,,,,2.0,,,,,,,,,,5.0,,,,,#f0384a,
2025-08-04,Total,,80.0,,,,,0.0,,,,,1.0,,,,,#545cf8,,,,
2025-08-04,Drift,,,61.0,,,,,0.0,,,,,,,,,,,,,
2025-08-04,GMTrade,,,28.0,,,,,0.0,,,,,2.0,,,,,#f79009,,,
2025-08-04,Flash Trade,,,18.0,,,,,0.0,,,,,4.0,,,,,#63b512,,,
2025-08-04,Pacifica,,,13.0,,,,,0.0,,,,,1.0,,,,,#545cf8,,,
2025-08-04,Jupiter,,,3.0,,,,,0.0,,,,,6.0,,,,,#00bfa5,,,
2025-08-04,_Drift,Drift,,,61.0,,,,,0.0,,,,,,,,,,,,
2025-08-04,_GMTrade,GMTrade,,,28.0,,,,,0.0,,,,,2.0,,,,,#f79009,,
2025-08-04,_Flash Trade,Flash Trade,,,18.0,,,,,0.0,,,,,4.0,,,,,#63b512,,
2025-08-04,_Pacifica,Pacifica,,,13.0,,,,,0.0,,,,,1.0,,,,,#545cf8,,
2025-08-04,_Jupiter,Jupiter,,,3.0,,,,,0.0,,,,,6.0,,,,,#00bfa5,,
2025-08-04,Crypto,,,,,74.0,,,,,0.0,,,,,1.0,,,,,#545cf8,
2025-08-04,Commodity,,,,,4.0,,,,,0.0,,,,,3.0,,,,,#904ea6,
2025-08-04,FX,,,,,2.0,,,,,0.0,,,,,4.0,,,,,#63b512,
2025-08-03,Total,,80.0,,,,,0.0,,,,,1.0,,,,,#545cf8,,,,
2025-08-03,Drift,,,61.0,,,,,0.0,,,,,,,,,,,,,
2025-08-03,GMTrade,,,28.0,,,,,0.0,,,,,2.0,,,,,#f79009,,,
2025-08-03,Flash Trade,,,18.0,,,,,0.0,,,,,4.0,,,,,#63b512,,,
2025-08-03,Pacifica,,,13.0,,,,,0.0,,,,,1.0,,,,,#545cf8,,,
2025-08-03,Jupiter,,,3.0,,,,,0.0,,,,,6.0,,,,,#00bfa5,,,
2025-08-03,_Drift,Drift,,,61.0,,,,,0.0,,,,,,,,,,,,
2025-08-03,_GMTrade,GMTrade,,,28.0,,,,,0.0,,,,,2.0,,,,,#f79009,,
2025-08-03,_Flash Trade,Flash Trade,,,18.0,,,,,0.0,,,,,4.0,,,,,#63b512,,
2025-08-03,_Pacifica,Pacifica,,,13.0,,,,,0.0,,,,,1.0,,,,,#545cf8,,
2025-08-03,_Jupiter,Jupiter,,,3.0,,,,,0.0,,,,,6.0,,,,,#00bfa5,,
2025-08-03,Crypto,,,,,74.0,,,,,0.0,,,,,1.0,,,,,#545cf8,
2025-08-03,Commodity,,,,,4.0,,,,,0.0,,,,,3.0,,,,,#904ea6,
2025-08-03,FX,,,,,2.0,,,,,0.0,,,,,4.0,,,,,#63b512,
2025-08-02,Total,,80.0,,,,,0.0,,,,,1.0,,,,,#545cf8,,,,
2025-08-02,Drift,,,61.0,,,,,0.0,,,,,,,,,,,,,
2025-08-02,GMTrade,,,28.0,,,,,0.0,,,,,2.0,,,,,#f79009,,,
2025-08-02,Flash Trade,,,18.0,,,,,0.0,,,,,4.0,,,,,#63b512,,,
2025-08-02,Pacifica,,,13.0,,,,,0.0,,,,,1.0,,,,,#545cf8,,,
2025-08-02,Jupiter,,,3.0,,,,,0.0,,,,,6.0,,,,,#00bfa5,,,
2025-08-02,_Drift,Drift,,,61.0,,,,,0.0,,,,,,,,,,,,
2025-08-02,_GMTrade,GMTrade,,,28.0,,,,,0.0,,,,,2.0,,,,,#f79009,,
2025-08-02,_Flash Trade,Flash Trade,,,18.0,,,,,0.0,,,,,4.0,,,,,#63b512,,
2025-08-02,_Pacifica,Pacifica,,,13.0,,,,,0.0,,,,,1.0,,,,,#545cf8,,
2025-08-02,_Jupiter,Jupiter,,,3.0,,,,,0.0,,,,,6.0,,,,,#00bfa5,,
2025-08-02,Crypto,,,,,74.0,,,,,0.0,,,,,1.0,,,,,#545cf8,
2025-08-02,Commodity,,,,,4.0,,,,,0.0,,,,,3.0,,,,,#904ea6,
2025-08-02,FX,,,,,2.0,,,,,0.0,,,,,4.0,,,,,#63b512,
2025-08-01,Total,,80.0,,,,,1.0,,,,,1.0,,,,,#545cf8,,,,
2025-08-01,Drift,,,61.0,,,,,0.0,,,,,,,,,,,,,
2025-08-01,GMTrade,,,28.0,,,,,0.0,,,,,2.0,,,,,#f79009,,,
2025-08-01,Flash Trade,,,18.0,,,,,0.0,,,,,4.0,,,,,#63b512,,,
2025-08-01,Pacifica,,,13.0,,,,,2.0,,,,,1.0,,,,,#545cf8,,,
2025-08-01,Jupiter,,,3.0,,,,,0.0,,,,,6.0,,,,,#00bfa5,,,
2025-08-01,_Drift,Drift,,,61.0,,,,,0.0,,,,,,,,,,,,
2025-08-01,_GMTrade,GMTrade,,,28.0,,,,,0.0,,,,,2.0,,,,,#f79009,,
2025-08-01,_Flash Trade,Flash Trade,,,18.0,,,,,0.0,,,,,4.0,,,,,#63b512,,
2025-08-01,_Pacifica,Pacifica,,,13.0,,,,,2.0,,,,,1.0,,,,,#545cf8,,
2025-08-01,_Jupiter,Jupiter,,,3.0,,,,,0.0,,,,,6.0,,,,,#00bfa5,,
2025-08-01,Crypto,,,,,74.0,,,,,1.0,,,,,1.0,,,,,#545cf8,
2025-08-01,Commodity,,,,,4.0,,,,,0.0,,,,,3.0,,,,,#904ea6,
2025-08-01,FX,,,,,2.0,,,,,0.0,,,,,4.0,,,,,#63b512,
2025-07-31,Total,,79.0,,,,,0.0,,,,,1.0,,,,,#545cf8,,,,
2025-07-31,Drift,,,61.0,,,,,0.0,,,,,,,,,,,,,
2025-07-31,GMTrade,,,28.0,,,,,0.0,,,,,2.0,,,,,#f79009,,,
2025-07-31,Flash Trade,,,18.0,,,,,0.0,,,,,4.0,,,,,#63b512,,,
2025-07-31,Pacifica,,,11.0,,,,,0.0,,,,,1.0,,,,,#545cf8,,,
2025-07-31,Jupiter,,,3.0,,,,,0.0,,,,,6.0,,,,,#00bfa5,,,
2025-07-31,_Drift,Drift,,,61.0,,,,,0.0,,,,,,,,,,,,
2025-07-31,_GMTrade,GMTrade,,,28.0,,,,,0.0,,,,,2.0,,,,,#f79009,,
2025-07-31,_Flash Trade,Flash Trade,,,18.0,,,,,0.0,,,,,4.0,,,,,#63b512,,
2025-07-31,_Pacifica,Pacifica,,,11.0,,,,,0.0,,,,,1.0,,,,,#545cf8,,
2025-07-31,_Jupiter,Jupiter,,,3.0,,,,,0.0,,,,,6.0,,,,,#00bfa5,,
2025-07-31,Crypto,,,,,73.0,,,,,0.0,,,,,1.0,,,,,#545cf8,
2025-07-31,Commodity,,,,,4.0,,,,,0.0,,,,,3.0,,,,,#904ea6,
2025-07-31,FX,,,,,2.0,,,,,0.0,,,,,4.0,,,,,#63b512,
2025-07-30,Total,,79.0,,,,,0.0,,,,,1.0,,,,,#545cf8,,,,
2025-07-30,Drift,,,61.0,,,,,0.0,,,,,,,,,,,,,
2025-07-30,GMTrade,,,28.0,,,,,0.0,,,,,2.0,,,,,#f79009,,,
2025-07-30,Flash Trade,,,18.0,,,,,0.0,,,,,4.0,,,,,#63b512,,,
2025-07-30,Pacifica,,,11.0,,,,,2.0,,,,,1.0,,,,,#545cf8,,,
2025-07-30,Jupiter,,,3.0,,,,,0.0,,,,,6.0,,,,,#00bfa5,,,
2025-07-30,_Drift,Drift,,,61.0,,,,,0.0,,,,,,,,,,,,
2025-07-30,_GMTrade,GMTrade,,,28.0,,,,,0.0,,,,,2.0,,,,,#f79009,,
2025-07-30,_Flash Trade,Flash Trade,,,18.0,,,,,0.0,,,,,4.0,,,,,#63b512,,
2025-07-30,_Pacifica,Pacifica,,,11.0,,,,,2.0,,,,,1.0,,,,,#545cf8,,
2025-07-30,_Jupiter,Jupiter,,,3.0,,,,,0.0,,,,,6.0,,,,,#00bfa5,,
2025-07-30,Crypto,,,,,73.0,,,,,0.0,,,,,1.0,,,,,#545cf8,
2025-07-30,Commodity,,,,,4.0,,,,,0.0,,,,,3.0,,,,,#904ea6,
2025-07-30,FX,,,,,2.0,,,,,0.0,,,,,4.0,,,,,#63b512,
2025-07-29,Total,,79.0,,,,,0.0,,,,,1.0,,,,,#545cf8,,,,
2025-07-29,Drift,,,61.0,,,,,0.0,,,,,,,,,,,,,
2025-07-29,GMTrade,,,28.0,,,,,0.0,,,,,2.0,,,,,#f79009,,,
2025-07-29,Flash Trade,,,18.0,,,,,0.0,,,,,4.0,,,,,#63b512,,,
2025-07-29,Pacifica,,,9.0,,,,,0.0,,,,,1.0,,,,,#545cf8,,,
2025-07-29,Jupiter,,,3.0,,,,,0.0,,,,,6.0,,,,,#00bfa5,,,
2025-07-29,_Drift,Drift,,,61.0,,,,,0.0,,,,,,,,,,,,
2025-07-29,_GMTrade,GMTrade,,,28.0,,,,,0.0,,,,,2.0,,,,,#f79009,,
2025-07-29,_Flash Trade,Flash Trade,,,18.0,,,,,0.0,,,,,4.0,,,,,#63b512,,
2025-07-29,_Pacifica,Pacifica,,,9.0,,,,,0.0,,,,,1.0,,,,,#545cf8,,
2025-07-29,_Jupiter,Jupiter,,,3.0,,,,,0.0,,,,,6.0,,,,,#00bfa5,,
2025-07-29,Crypto,,,,,73.0,,,,,0.0,,,,,1.0,,,,,#545cf8,
2025-07-29,Commodity,,,,,4.0,,,,,0.0,,,,,3.0,,,,,#904ea6,
2025-07-29,FX,,,,,2.0,,,,,0.0,,,,,4.0,,,,,#63b512,
2025-07-28,Total,,79.0,,,,,0.0,,,,,1.0,,,,,#545cf8,,,,
2025-07-28,Drift,,,61.0,,,,,0.0,,,,,,,,,,,,,
2025-07-28,GMTrade,,,28.0,,,,,0.0,,,,,2.0,,,,,#f79009,,,
2025-07-28,Flash Trade,,,18.0,,,,,0.0,,,,,4.0,,,,,#63b512,,,
2025-07-28,Pacifica,,,9.0,,,,,0.0,,,,,1.0,,,,,#545cf8,,,
2025-07-28,Jupiter,,,3.0,,,,,0.0,,,,,6.0,,,,,#00bfa5,,,
2025-07-28,_Drift,Drift,,,61.0,,,,,0.0,,,,,,,,,,,,
2025-07-28,_GMTrade,GMTrade,,,28.0,,,,,0.0,,,,,2.0,,,,,#f79009,,
2025-07-28,_Flash Trade,Flash Trade,,,18.0,,,,,0.0,,,,,4.0,,,,,#63b512,,
2025-07-28,_Pacifica,Pacifica,,,9.0,,,,,0.0,,,,,1.0,,,,,#545cf8,,
2025-07-28,_Jupiter,Jupiter,,,3.0,,,,,0.0,,,,,6.0,,,,,#00bfa5,,
2025-07-28,Crypto,,,,,73.0,,,,,0.0,,,,,1.0,,,,,#545cf8,
2025-07-28,Commodity,,,,,4.0,,,,,0.0,,,,,3.0,,,,,#904ea6,
2025-07-28,FX,,,,,2.0,,,,,0.0,,,,,4.0,,,,,#63b512,
2025-07-27,Total,,79.0,,,,,1.0,,,,,1.0,,,,,#545cf8,,,,
2025-07-27,Drift,,,61.0,,,,,0.0,,,,,,,,,,,,,
2025-07-27,GMTrade,,,28.0,,,,,0.0,,,,,2.0,,,,,#f79009,,,
2025-07-27,Flash Trade,,,18.0,,,,,0.0,,,,,4.0,,,,,#63b512,,,
2025-07-27,Pacifica,,,9.0,,,,,1.0,,,,,1.0,,,,,#545cf8,,,
2025-07-27,Jupiter,,,3.0,,,,,0.0,,,,,6.0,,,,,#00bfa5,,,
2025-07-27,_Drift,Drift,,,61.0,,,,,0.0,,,,,,,,,,,,
2025-07-27,_GMTrade,GMTrade,,,28.0,,,,,0.0,,,,,2.0,,,,,#f79009,,
2025-07-27,_Flash Trade,Flash Trade,,,18.0,,,,,0.0,,,,,4.0,,,,,#63b512,,
2025-07-27,_Pacifica,Pacifica,,,9.0,,,,,1.0,,,,,1.0,,,,,#545cf8,,
2025-07-27,_Jupiter,Jupiter,,,3.0,,,,,0.0,,,,,6.0,,,,,#00bfa5,,
2025-07-27,Crypto,,,,,73.0,,,,,1.0,,,,,1.0,,,,,#545cf8,
2025-07-27,Commodity,,,,,4.0,,,,,0.0,,,,,3.0,,,,,#904ea6,
2025-07-27,FX,,,,,2.0,,,,,0.0,,,,,4.0,,,,,#63b512,
2025-07-26,Total,,78.0,,,,,0.0,,,,,1.0,,,,,#545cf8,,,,
2025-07-26,Drift,,,61.0,,,,,0.0,,,,,,,,,,,,,
2025-07-26,GMTrade,,,28.0,,,,,0.0,,,,,2.0,,,,,#f79009,,,
2025-07-26,Flash Trade,,,18.0,,,,,0.0,,,,,4.0,,,,,#63b512,,,
2025-07-26,Pacifica,,,8.0,,,,,0.0,,,,,1.0,,,,,#545cf8,,,
2025-07-26,Jupiter,,,3.0,,,,,0.0,,,,,6.0,,,,,#00bfa5,,,
2025-07-26,_Drift,Drift,,,61.0,,,,,0.0,,,,,,,,,,,,
2025-07-26,_GMTrade,GMTrade,,,28.0,,,,,0.0,,,,,2.0,,,,,#f79009,,
2025-07-26,_Flash Trade,Flash Trade,,,18.0,,,,,0.0,,,,,4.0,,,,,#63b512,,
2025-07-26,_Pacifica,Pacifica,,,8.0,,,,,0.0,,,,,1.0,,,,,#545cf8,,
2025-07-26,_Jupiter,Jupiter,,,3.0,,,,,0.0,,,,,6.0,,,,,#00bfa5,,
2025-07-26,Crypto,,,,,72.0,,,,,0.0,,,,,1.0,,,,,#545cf8,
2025-07-26,Commodity,,,,,4.0,,,,,0.0,,,,,3.0,,,,,#904ea6,
2025-07-26,FX,,,,,2.0,,,,,0.0,,,,,4.0,,,,,#63b512,
2025-07-25,Total,,78.0,,,,,0.0,,,,,1.0,,,,,#545cf8,,,,
2025-07-25,Drift,,,61.0,,,,,0.0,,,,,,,,,,,,,
2025-07-25,GMTrade,,,28.0,,,,,0.0,,,,,2.0,,,,,#f79009,,,
2025-07-25,Flash Trade,,,18.0,,,,,0.0,,,,,4.0,,,,,#63b512,,,
2025-07-25,Pacifica,,,8.0,,,,,1.0,,,,,1.0,,,,,#545cf8,,,
2025-07-25,Jupiter,,,3.0,,,,,0.0,,,,,6.0,,,,,#00bfa5,,,
2025-07-25,_Drift,Drift,,,61.0,,,,,0.0,,,,,,,,,,,,
2025-07-25,_GMTrade,GMTrade,,,28.0,,,,,0.0,,,,,2.0,,,,,#f79009,,
2025-07-25,_Flash Trade,Flash Trade,,,18.0,,,,,0.0,,,,,4.0,,,,,#63b512,,
2025-07-25,_Pacifica,Pacifica,,,8.0,,,,,1.0,,,,,1.0,,,,,#545cf8,,
2025-07-25,_Jupiter,Jupiter,,,3.0,,,,,0.0,,,,,6.0,,,,,#00bfa5,,
2025-07-25,Crypto,,,,,72.0,,,,,0.0,,,,,1.0,,,,,#545cf8,
2025-07-25,Commodity,,,,,4.0,,,,,0.0,,,,,3.0,,,,,#904ea6,
2025-07-25,FX,,,,,2.0,,,,,0.0,,,,,4.0,,,,,#63b512,
2025-07-24,Total,,78.0,,,,,0.0,,,,,1.0,,,,,#545cf8,,,,
2025-07-24,Drift,,,61.0,,,,,0.0,,,,,,,,,,,,,
2025-07-24,GMTrade,,,28.0,,,,,0.0,,,,,2.0,,,,,#f79009,,,
2025-07-24,Flash Trade,,,18.0,,,,,0.0,,,,,4.0,,,,,#63b512,,,
2025-07-24,Pacifica,,,7.0,,,,,0.0,,,,,1.0,,,,,#545cf8,,,
2025-07-24,Jupiter,,,3.0,,,,,0.0,,,,,6.0,,,,,#00bfa5,,,
2025-07-24,_Drift,Drift,,,61.0,,,,,0.0,,,,,,,,,,,,
2025-07-24,_GMTrade,GMTrade,,,28.0,,,,,0.0,,,,,2.0,,,,,#f79009,,
2025-07-24,_Flash Trade,Flash Trade,,,18.0,,,,,0.0,,,,,4.0,,,,,#63b512,,
2025-07-24,_Pacifica,Pacifica,,,7.0,,,,,0.0,,,,,1.0,,,,,#545cf8,,
2025-07-24,_Jupiter,Jupiter,,,3.0,,,,,0.0,,,,,6.0,,,,,#00bfa5,,
2025-07-24,Crypto,,,,,72.0,,,,,0.0,,,,,1.0,,,,,#545cf8,
2025-07-24,Commodity,,,,,4.0,,,,,0.0,,,,,3.0,,,,,#904ea6,
2025-07-24,FX,,,,,2.0,,,,,0.0,,,,,4.0,,,,,#63b512,
2025-07-23,Total,,78.0,,,,,0.0,,,,,1.0,,,,,#545cf8,,,,
2025-07-23,Drift,,,61.0,,,,,0.0,,,,,,,,,,,,,
2025-07-23,GMTrade,,,28.0,,,,,0.0,,,,,2.0,,,,,#f79009,,,
2025-07-23,Flash Trade,,,18.0,,,,,0.0,,,,,4.0,,,,,#63b512,,,
2025-07-23,Pacifica,,,7.0,,,,,1.0,,,,,1.0,,,,,#545cf8,,,
2025-07-23,Jupiter,,,3.0,,,,,0.0,,,,,6.0,,,,,#00bfa5,,,
2025-07-23,_Drift,Drift,,,61.0,,,,,0.0,,,,,,,,,,,,
2025-07-23,_GMTrade,GMTrade,,,28.0,,,,,0.0,,,,,2.0,,,,,#f79009,,
2025-07-23,_Flash Trade,Flash Trade,,,18.0,,,,,0.0,,,,,4.0,,,,,#63b512,,
2025-07-23,_Pacifica,Pacifica,,,7.0,,,,,1.0,,,,,1.0,,,,,#545cf8,,
2025-07-23,_Jupiter,Jupiter,,,3.0,,,,,0.0,,,,,6.0,,,,,#00bfa5,,
2025-07-23,Crypto,,,,,72.0,,,,,0.0,,,,,1.0,,,,,#545cf8,
2025-07-23,Commodity,,,,,4.0,,,,,0.0,,,,,3.0,,,,,#904ea6,
2025-07-23,FX,,,,,2.0,,,,,0.0,,,,,4.0,,,,,#63b512,
2025-07-22,Total,,78.0,,,,,0.0,,,,,1.0,,,,,#545cf8,,,,
2025-07-22,Drift,,,61.0,,,,,0.0,,,,,,,,,,,,,
2025-07-22,GMTrade,,,28.0,,,,,0.0,,,,,2.0,,,,,#f79009,,,
2025-07-22,Flash Trade,,,18.0,,,,,0.0,,,,,4.0,,,,,#63b512,,,
2025-07-22,Pacifica,,,6.0,,,,,0.0,,,,,1.0,,,,,#545cf8,,,
2025-07-22,Jupiter,,,3.0,,,,,0.0,,,,,6.0,,,,,#00bfa5,,,
2025-07-22,_Drift,Drift,,,61.0,,,,,0.0,,,,,,,,,,,,
2025-07-22,_GMTrade,GMTrade,,,28.0,,,,,0.0,,,,,2.0,,,,,#f79009,,
2025-07-22,_Flash Trade,Flash Trade,,,18.0,,,,,0.0,,,,,4.0,,,,,#63b512,,
2025-07-22,_Pacifica,Pacifica,,,6.0,,,,,0.0,,,,,1.0,,,,,#545cf8,,
2025-07-22,_Jupiter,Jupiter,,,3.0,,,,,0.0,,,,,6.0,,,,,#00bfa5,,
2025-07-22,Crypto,,,,,72.0,,,,,0.0,,,,,1.0,,,,,#545cf8,
2025-07-22,Commodity,,,,,4.0,,,,,0.0,,,,,3.0,,,,,#904ea6,
2025-07-22,FX,,,,,2.0,,,,,0.0,,,,,4.0,,,,,#63b512,
2025-07-21,Total,,78.0,,,,,0.0,,,,,1.0,,,,,#545cf8,,,,
2025-07-21,Drift,,,61.0,,,,,0.0,,,,,,,,,,,,,
2025-07-21,GMTrade,,,28.0,,,,,0.0,,,,,2.0,,,,,#f79009,,,
2025-07-21,Flash Trade,,,18.0,,,,,0.0,,,,,4.0,,,,,#63b512,,,
2025-07-21,Pacifica,,,6.0,,,,,0.0,,,,,1.0,,,,,#545cf8,,,
2025-07-21,Jupiter,,,3.0,,,,,0.0,,,,,6.0,,,,,#00bfa5,,,
2025-07-21,_Drift,Drift,,,61.0,,,,,0.0,,,,,,,,,,,,
2025-07-21,_GMTrade,GMTrade,,,28.0,,,,,0.0,,,,,2.0,,,,,#f79009,,
2025-07-21,_Flash Trade,Flash Trade,,,18.0,,,,,0.0,,,,,4.0,,,,,#63b512,,
2025-07-21,_Pacifica,Pacifica,,,6.0,,,,,0.0,,,,,1.0,,,,,#545cf8,,
2025-07-21,_Jupiter,Jupiter,,,3.0,,,,,0.0,,,,,6.0,,,,,#00bfa5,,
2025-07-21,Crypto,,,,,72.0,,,,,0.0,,,,,1.0,,,,,#545cf8,
2025-07-21,Commodity,,,,,4.0,,,,,0.0,,,,,3.0,,,,,#904ea6,
2025-07-21,FX,,,,,2.0,,,,,0.0,,,,,4.0,,,,,#63b512,
2025-07-20,Total,,78.0,,,,,0.0,,,,,1.0,,,,,#545cf8,,,,
2025-07-20,Drift,,,61.0,,,,,0.0,,,,,,,,,,,,,
2025-07-20,GMTrade,,,28.0,,,,,0.0,,,,,2.0,,,,,#f79009,,,
2025-07-20,Flash Trade,,,18.0,,,,,0.0,,,,,4.0,,,,,#63b512,,,
2025-07-20,Pacifica,,,6.0,,,,,0.0,,,,,1.0,,,,,#545cf8,,,
2025-07-20,Jupiter,,,3.0,,,,,0.0,,,,,6.0,,,,,#00bfa5,,,
2025-07-20,_Drift,Drift,,,61.0,,,,,0.0,,,,,,,,,,,,
2025-07-20,_GMTrade,GMTrade,,,28.0,,,,,0.0,,,,,2.0,,,,,#f79009,,
2025-07-20,_Flash Trade,Flash Trade,,,18.0,,,,,0.0,,,,,4.0,,,,,#63b512,,
2025-07-20,_Pacifica,Pacifica,,,6.0,,,,,0.0,,,,,1.0,,,,,#545cf8,,
2025-07-20,_Jupiter,Jupiter,,,3.0,,,,,0.0,,,,,6.0,,,,,#00bfa5,,
2025-07-20,Crypto,,,,,72.0,,,,,0.0,,,,,1.0,,,,,#545cf8,
2025-07-20,Commodity,,,,,4.0,,,,,0.0,,,,,3.0,,,,,#904ea6,
2025-07-20,FX,,,,,2.0,,,,,0.0,,,,,4.0,,,,,#63b512,
2025-07-19,Total,,78.0,,,,,0.0,,,,,1.0,,,,,#545cf8,,,,
2025-07-19,Drift,,,61.0,,,,,0.0,,,,,,,,,,,,,
2025-07-19,GMTrade,,,28.0,,,,,0.0,,,,,2.0,,,,,#f79009,,,
2025-07-19,Flash Trade,,,18.0,,,,,0.0,,,,,4.0,,,,,#63b512,,,
2025-07-19,Pacifica,,,6.0,,,,,2.0,,,,,1.0,,,,,#545cf8,,,
2025-07-19,Jupiter,,,3.0,,,,,0.0,,,,,6.0,,,,,#00bfa5,,,
2025-07-19,_Drift,Drift,,,61.0,,,,,0.0,,,,,,,,,,,,
2025-07-19,_GMTrade,GMTrade,,,28.0,,,,,0.0,,,,,2.0,,,,,#f79009,,
2025-07-19,_Flash Trade,Flash Trade,,,18.0,,,,,0.0,,,,,4.0,,,,,#63b512,,
2025-07-19,_Pacifica,Pacifica,,,6.0,,,,,2.0,,,,,1.0,,,,,#545cf8,,
2025-07-19,_Jupiter,Jupiter,,,3.0,,,,,0.0,,,,,6.0,,,,,#00bfa5,,
2025-07-19,Crypto,,,,,72.0,,,,,0.0,,,,,1.0,,,,,#545cf8,
2025-07-19,Commodity,,,,,4.0,,,,,0.0,,,,,3.0,,,,,#904ea6,
2025-07-19,FX,,,,,2.0,,,,,0.0,,,,,4.0,,,,,#63b512,
2025-07-18,Total,,78.0,,,,,0.0,,,,,1.0,,,,,#545cf8,,,,
2025-07-18,Drift,,,61.0,,,,,0.0,,,,,,,,,,,,,
2025-07-18,GMTrade,,,28.0,,,,,0.0,,,,,2.0,,,,,#f79009,,,
2025-07-18,Flash Trade,,,18.0,,,,,0.0,,,,,4.0,,,,,#63b512,,,
2025-07-18,Pacifica,,,4.0,,,,,0.0,,,,,1.0,,,,,#545cf8,,,
2025-07-18,Jupiter,,,3.0,,,,,0.0,,,,,6.0,,,,,#00bfa5,,,
2025-07-18,_Drift,Drift,,,61.0,,,,,0.0,,,,,,,,,,,,
2025-07-18,_GMTrade,GMTrade,,,28.0,,,,,0.0,,,,,2.0,,,,,#f79009,,
2025-07-18,_Flash Trade,Flash Trade,,,18.0,,,,,0.0,,,,,4.0,,,,,#63b512,,
2025-07-18,_Pacifica,Pacifica,,,4.0,,,,,0.0,,,,,1.0,,,,,#545cf8,,
2025-07-18,_Jupiter,Jupiter,,,3.0,,,,,0.0,,,,,6.0,,,,,#00bfa5,,
2025-07-18,Crypto,,,,,72.0,,,,,0.0,,,,,1.0,,,,,#545cf8,
2025-07-18,Commodity,,,,,4.0,,,,,0.0,,,,,3.0,,,,,#904ea6,
2025-07-18,FX,,,,,2.0,,,,,0.0,,,,,4.0,,,,,#63b512,
2025-07-17,Total,,78.0,,,,,0.0,,,,,1.0,,,,,#545cf8,,,,
2025-07-17,Drift,,,61.0,,,,,0.0,,,,,,,,,,,,,
2025-07-17,GMTrade,,,28.0,,,,,0.0,,,,,2.0,,,,,#f79009,,,
2025-07-17,Flash Trade,,,18.0,,,,,0.0,,,,,4.0,,,,,#63b512,,,
2025-07-17,Pacifica,,,4.0,,,,,0.0,,,,,1.0,,,,,#545cf8,,,
2025-07-17,Jupiter,,,3.0,,,,,0.0,,,,,6.0,,,,,#00bfa5,,,
2025-07-17,_Drift,Drift,,,61.0,,,,,0.0,,,,,,,,,,,,
2025-07-17,_GMTrade,GMTrade,,,28.0,,,,,0.0,,,,,2.0,,,,,#f79009,,
2025-07-17,_Flash Trade,Flash Trade,,,18.0,,,,,0.0,,,,,4.0,,,,,#63b512,,
2025-07-17,_Pacifica,Pacifica,,,4.0,,,,,0.0,,,,,1.0,,,,,#545cf8,,
2025-07-17,_Jupiter,Jupiter,,,3.0,,,,,0.0,,,,,6.0,,,,,#00bfa5,,
2025-07-17,Crypto,,,,,72.0,,,,,0.0,,,,,1.0,,,,,#545cf8,
2025-07-17,Commodity,,,,,4.0,,,,,0.0,,,,,3.0,,,,,#904ea6,
2025-07-17,FX,,,,,2.0,,,,,0.0,,,,,4.0,,,,,#63b512,
2025-07-16,Total,,78.0,,,,,0.0,,,,,1.0,,,,,#545cf8,,,,
2025-07-16,Drift,,,61.0,,,,,0.0,,,,,,,,,,,,,
2025-07-16,GMTrade,,,28.0,,,,,0.0,,,,,2.0,,,,,#f79009,,,
2025-07-16,Flash Trade,,,18.0,,,,,0.0,,,,,4.0,,,,,#63b512,,,
2025-07-16,Pacifica,,,4.0,,,,,0.0,,,,,1.0,,,,,#545cf8,,,
2025-07-16,Jupiter,,,3.0,,,,,0.0,,,,,6.0,,,,,#00bfa5,,,
2025-07-16,_Drift,Drift,,,61.0,,,,,0.0,,,,,,,,,,,,
2025-07-16,_GMTrade,GMTrade,,,28.0,,,,,0.0,,,,,2.0,,,,,#f79009,,
2025-07-16,_Flash Trade,Flash Trade,,,18.0,,,,,0.0,,,,,4.0,,,,,#63b512,,
2025-07-16,_Pacifica,Pacifica,,,4.0,,,,,0.0,,,,,1.0,,,,,#545cf8,,
2025-07-16,_Jupiter,Jupiter,,,3.0,,,,,0.0,,,,,6.0,,,,,#00bfa5,,
2025-07-16,Crypto,,,,,72.0,,,,,0.0,,,,,1.0,,,,,#545cf8,
2025-07-16,Commodity,,,,,4.0,,,,,0.0,,,,,3.0,,,,,#904ea6,
2025-07-16,FX,,,,,2.0,,,,,0.0,,,,,4.0,,,,,#63b512,
2025-07-15,Total,,78.0,,,,,0.0,,,,,1.0,,,,,#545cf8,,,,
2025-07-15,Drift,,,61.0,,,,,0.0,,,,,,,,,,,,,
2025-07-15,GMTrade,,,28.0,,,,,1.0,,,,,2.0,,,,,#f79009,,,
2025-07-15,Flash Trade,,,18.0,,,,,1.0,,,,,4.0,,,,,#63b512,,,
2025-07-15,Pacifica,,,4.0,,,,,0.0,,,,,1.0,,,,,#545cf8,,,
2025-07-15,Jupiter,,,3.0,,,,,0.0,,,,,6.0,,,,,#00bfa5,,,
2025-07-15,_Drift,Drift,,,61.0,,,,,0.0,,,,,,,,,,,,
2025-07-15,_GMTrade,GMTrade,,,28.0,,,,,1.0,,,,,2.0,,,,,#f79009,,
2025-07-15,_Flash Trade,Flash Trade,,,18.0,,,,,1.0,,,,,4.0,,,,,#63b512,,
2025-07-15,_Pacifica,Pacifica,,,4.0,,,,,0.0,,,,,1.0,,,,,#545cf8,,
2025-07-15,_Jupiter,Jupiter,,,3.0,,,,,0.0,,,,,6.0,,,,,#00bfa5,,
2025-07-15,Crypto,,,,,72.0,,,,,0.0,,,,,1.0,,,,,#545cf8,
2025-07-15,Commodity,,,,,4.0,,,,,0.0,,,,,3.0,,,,,#904ea6,
2025-07-15,FX,,,,,2.0,,,,,0.0,,,,,4.0,,,,,#63b512,
2025-07-14,Total,,78.0,,,,,0.0,,,,,1.0,,,,,#545cf8,,,,
2025-07-14,Drift,,,61.0,,,,,0.0,,,,,,,,,,,,,
2025-07-14,GMTrade,,,27.0,,,,,0.0,,,,,2.0,,,,,#f79009,,,
2025-07-14,Flash Trade,,,17.0,,,,,0.0,,,,,4.0,,,,,#63b512,,,
2025-07-14,Pacifica,,,4.0,,,,,1.0,,,,,1.0,,,,,#545cf8,,,
2025-07-14,Jupiter,,,3.0,,,,,0.0,,,,,6.0,,,,,#00bfa5,,,
2025-07-14,_Drift,Drift,,,61.0,,,,,0.0,,,,,,,,,,,,
2025-07-14,_GMTrade,GMTrade,,,27.0,,,,,0.0,,,,,2.0,,,,,#f79009,,
2025-07-14,_Flash Trade,Flash Trade,,,17.0,,,,,0.0,,,,,4.0,,,,,#63b512,,
2025-07-14,_Pacifica,Pacifica,,,4.0,,,,,1.0,,,,,1.0,,,,,#545cf8,,
2025-07-14,_Jupiter,Jupiter,,,3.0,,,,,0.0,,,,,6.0,,,,,#00bfa5,,
2025-07-14,Crypto,,,,,72.0,,,,,0.0,,,,,1.0,,,,,#545cf8,
2025-07-14,Commodity,,,,,4.0,,,,,0.0,,,,,3.0,,,,,#904ea6,
2025-07-14,FX,,,,,2.0,,,,,0.0,,,,,4.0,,,,,#63b512,
2025-07-13,Total,,78.0,,,,,0.0,,,,,1.0,,,,,#545cf8,,,,
2025-07-13,Drift,,,61.0,,,,,0.0,,,,,,,,,,,,,
2025-07-13,GMTrade,,,27.0,,,,,0.0,,,,,2.0,,,,,#f79009,,,
2025-07-13,Flash Trade,,,17.0,,,,,0.0,,,,,4.0,,,,,#63b512,,,
2025-07-13,Jupiter,,,3.0,,,,,0.0,,,,,6.0,,,,,#00bfa5,,,
2025-07-13,Pacifica,,,3.0,,,,,0.0,,,,,1.0,,,,,#545cf8,,,
2025-07-13,_Drift,Drift,,,61.0,,,,,0.0,,,,,,,,,,,,
2025-07-13,_GMTrade,GMTrade,,,27.0,,,,,0.0,,,,,2.0,,,,,#f79009,,
2025-07-13,_Flash Trade,Flash Trade,,,17.0,,,,,0.0,,,,,4.0,,,,,#63b512,,
2025-07-13,_Jupiter,Jupiter,,,3.0,,,,,0.0,,,,,6.0,,,,,#00bfa5,,
2025-07-13,_Pacifica,Pacifica,,,3.0,,,,,0.0,,,,,1.0,,,,,#545cf8,,
2025-07-13,Crypto,,,,,72.0,,,,,0.0,,,,,1.0,,,,,#545cf8,
2025-07-13,Commodity,,,,,4.0,,,,,0.0,,,,,3.0,,,,,#904ea6,
2025-07-13,FX,,,,,2.0,,,,,0.0,,,,,4.0,,,,,#63b512,
2025-07-12,Total,,78.0,,,,,0.0,,,,,1.0,,,,,#545cf8,,,,
2025-07-12,Drift,,,61.0,,,,,0.0,,,,,,,,,,,,,
2025-07-12,GMTrade,,,27.0,,,,,0.0,,,,,2.0,,,,,#f79009,,,
2025-07-12,Flash Trade,,,17.0,,,,,0.0,,,,,4.0,,,,,#63b512,,,
2025-07-12,Jupiter,,,3.0,,,,,0.0,,,,,6.0,,,,,#00bfa5,,,
2025-07-12,Pacifica,,,3.0,,,,,0.0,,,,,1.0,,,,,#545cf8,,,
2025-07-12,_Drift,Drift,,,61.0,,,,,0.0,,,,,,,,,,,,
2025-07-12,_GMTrade,GMTrade,,,27.0,,,,,0.0,,,,,2.0,,,,,#f79009,,
2025-07-12,_Flash Trade,Flash Trade,,,17.0,,,,,0.0,,,,,4.0,,,,,#63b512,,
2025-07-12,_Jupiter,Jupiter,,,3.0,,,,,0.0,,,,,6.0,,,,,#00bfa5,,
2025-07-12,_Pacifica,Pacifica,,,3.0,,,,,0.0,,,,,1.0,,,,,#545cf8,,
2025-07-12,Crypto,,,,,72.0,,,,,0.0,,,,,1.0,,,,,#545cf8,
2025-07-12,Commodity,,,,,4.0,,,,,0.0,,,,,3.0,,,,,#904ea6,
2025-07-12,FX,,,,,2.0,,,,,0.0,,,,,4.0,,,,,#63b512,
2025-07-11,Total,,78.0,,,,,1.0,,,,,1.0,,,,,#545cf8,,,,
2025-07-11,Drift,,,61.0,,,,,1.0,,,,,,,,,,,,,
2025-07-11,GMTrade,,,27.0,,,,,0.0,,,,,2.0,,,,,#f79009,,,
2025-07-11,Flash Trade,,,17.0,,,,,0.0,,,,,4.0,,,,,#63b512,,,
2025-07-11,Jupiter,,,3.0,,,,,0.0,,,,,6.0,,,,,#00bfa5,,,
2025-07-11,Pacifica,,,3.0,,,,,0.0,,,,,1.0,,,,,#545cf8,,,
2025-07-11,_Drift,Drift,,,61.0,,,,,1.0,,,,,,,,,,,,
2025-07-11,_GMTrade,GMTrade,,,27.0,,,,,0.0,,,,,2.0,,,,,#f79009,,
2025-07-11,_Flash Trade,Flash Trade,,,17.0,,,,,0.0,,,,,4.0,,,,,#63b512,,
2025-07-11,_Jupiter,Jupiter,,,3.0,,,,,0.0,,,,,6.0,,,,,#00bfa5,,
2025-07-11,_Pacifica,Pacifica,,,3.0,,,,,0.0,,,,,1.0,,,,,#545cf8,,
2025-07-11,Crypto,,,,,72.0,,,,,1.0,,,,,1.0,,,,,#545cf8,
2025-07-11,Commodity,,,,,4.0,,,,,0.0,,,,,3.0,,,,,#904ea6,
2025-07-11,FX,,,,,2.0,,,,,0.0,,,,,4.0,,,,,#63b512,
2025-07-10,Total,,77.0,,,,,0.0,,,,,1.0,,,,,#545cf8,,,,
2025-07-10,Drift,,,60.0,,,,,0.0,,,,,,,,,,,,,
2025-07-10,GMTrade,,,27.0,,,,,0.0,,,,,2.0,,,,,#f79009,,,
2025-07-10,Flash Trade,,,17.0,,,,,0.0,,,,,4.0,,,,,#63b512,,,
2025-07-10,Pacifica,,,3.0,,,,,0.0,,,,,1.0,,,,,#545cf8,,,
2025-07-10,Jupiter,,,3.0,,,,,0.0,,,,,6.0,,,,,#00bfa5,,,
2025-07-10,_Drift,Drift,,,60.0,,,,,0.0,,,,,,,,,,,,
2025-07-10,_GMTrade,GMTrade,,,27.0,,,,,0.0,,,,,2.0,,,,,#f79009,,
2025-07-10,_Flash Trade,Flash Trade,,,17.0,,,,,0.0,,,,,4.0,,,,,#63b512,,
2025-07-10,_Pacifica,Pacifica,,,3.0,,,,,0.0,,,,,1.0,,,,,#545cf8,,
2025-07-10,_Jupiter,Jupiter,,,3.0,,,,,0.0,,,,,6.0,,,,,#00bfa5,,
2025-07-10,Crypto,,,,,71.0,,,,,0.0,,,,,1.0,,,,,#545cf8,
2025-07-10,Commodity,,,,,4.0,,,,,0.0,,,,,3.0,,,,,#904ea6,
2025-07-10,FX,,,,,2.0,,,,,0.0,,,,,4.0,,,,,#63b512,
2025-07-09,Total,,77.0,,,,,0.0,,,,,1.0,,,,,#545cf8,,,,
2025-07-09,Drift,,,60.0,,,,,0.0,,,,,,,,,,,,,
2025-07-09,GMTrade,,,27.0,,,,,0.0,,,,,2.0,,,,,#f79009,,,
2025-07-09,Flash Trade,,,17.0,,,,,0.0,,,,,4.0,,,,,#63b512,,,
2025-07-09,Jupiter,,,3.0,,,,,0.0,,,,,6.0,,,,,#00bfa5,,,
2025-07-09,Pacifica,,,3.0,,,,,0.0,,,,,1.0,,,,,#545cf8,,,
2025-07-09,_Drift,Drift,,,60.0,,,,,0.0,,,,,,,,,,,,
2025-07-09,_GMTrade,GMTrade,,,27.0,,,,,0.0,,,,,2.0,,,,,#f79009,,
2025-07-09,_Flash Trade,Flash Trade,,,17.0,,,,,0.0,,,,,4.0,,,,,#63b512,,
2025-07-09,_Pacifica,Pacifica,,,3.0,,,,,0.0,,,,,1.0,,,,,#545cf8,,
2025-07-09,_Jupiter,Jupiter,,,3.0,,,,,0.0,,,,,6.0,,,,,#00bfa5,,
2025-07-09,Crypto,,,,,71.0,,,,,0.0,,,,,1.0,,,,,#545cf8,
2025-07-09,Commodity,,,,,4.0,,,,,0.0,,,,,3.0,,,,,#904ea6,
2025-07-09,FX,,,,,2.0,,,,,0.0,,,,,4.0,,,,,#63b512,
2025-07-08,Total,,77.0,,,,,0.0,,,,,1.0,,,,,#545cf8,,,,
2025-07-08,Drift,,,60.0,,,,,0.0,,,,,,,,,,,,,
2025-07-08,GMTrade,,,27.0,,,,,0.0,,,,,2.0,,,,,#f79009,,,
2025-07-08,Flash Trade,,,17.0,,,,,0.0,,,,,4.0,,,,,#63b512,,,
2025-07-08,Pacifica,,,3.0,,,,,0.0,,,,,1.0,,,,,#545cf8,,,
2025-07-08,Jupiter,,,3.0,,,,,0.0,,,,,6.0,,,,,#00bfa5,,,
2025-07-08,_Drift,Drift,,,60.0,,,,,0.0,,,,,,,,,,,,
2025-07-08,_GMTrade,GMTrade,,,27.0,,,,,0.0,,,,,2.0,,,,,#f79009,,
2025-07-08,_Flash Trade,Flash Trade,,,17.0,,,,,0.0,,,,,4.0,,,,,#63b512,,
2025-07-08,_Jupiter,Jupiter,,,3.0,,,,,0.0,,,,,6.0,,,,,#00bfa5,,
2025-07-08,_Pacifica,Pacifica,,,3.0,,,,,0.0,,,,,1.0,,,,,#545cf8,,
2025-07-08,Crypto,,,,,71.0,,,,,0.0,,,,,1.0,,,,,#545cf8,
2025-07-08,Commodity,,,,,4.0,,,,,0.0,,,,,3.0,,,,,#904ea6,
2025-07-08,FX,,,,,2.0,,,,,0.0,,,,,4.0,,,,,#63b512,
2025-07-07,Total,,77.0,,,,,0.0,,,,,1.0,,,,,#545cf8,,,,
2025-07-07,Drift,,,60.0,,,,,0.0,,,,,,,,,,,,,
2025-07-07,GMTrade,,,27.0,,,,,0.0,,,,,2.0,,,,,#f79009,,,
2025-07-07,Flash Trade,,,17.0,,,,,0.0,,,,,4.0,,,,,#63b512,,,
2025-07-07,Pacifica,,,3.0,,,,,0.0,,,,,1.0,,,,,#545cf8,,,
2025-07-07,Jupiter,,,3.0,,,,,0.0,,,,,6.0,,,,,#00bfa5,,,
2025-07-07,_Drift,Drift,,,60.0,,,,,0.0,,,,,,,,,,,,
2025-07-07,_GMTrade,GMTrade,,,27.0,,,,,0.0,,,,,2.0,,,,,#f79009,,
2025-07-07,_Flash Trade,Flash Trade,,,17.0,,,,,0.0,,,,,4.0,,,,,#63b512,,
2025-07-07,_Jupiter,Jupiter,,,3.0,,,,,0.0,,,,,6.0,,,,,#00bfa5,,
2025-07-07,_Pacifica,Pacifica,,,3.0,,,,,0.0,,,,,1.0,,,,,#545cf8,,
2025-07-07,Crypto,,,,,71.0,,,,,0.0,,,,,1.0,,,,,#545cf8,
2025-07-07,Commodity,,,,,4.0,,,,,0.0,,,,,3.0,,,,,#904ea6,
2025-07-07,FX,,,,,2.0,,,,,0.0,,,,,4.0,,,,,#63b512,
2025-07-06,Total,,77.0,,,,,0.0,,,,,1.0,,,,,#545cf8,,,,
2025-07-06,Drift,,,60.0,,,,,0.0,,,,,,,,,,,,,
2025-07-06,GMTrade,,,27.0,,,,,0.0,,,,,2.0,,,,,#f79009,,,
2025-07-06,Flash Trade,,,17.0,,,,,0.0,,,,,4.0,,,,,#63b512,,,
2025-07-06,Pacifica,,,3.0,,,,,0.0,,,,,1.0,,,,,#545cf8,,,
2025-07-06,Jupiter,,,3.0,,,,,0.0,,,,,6.0,,,,,#00bfa5,,,
2025-07-06,_Drift,Drift,,,60.0,,,,,0.0,,,,,,,,,,,,
2025-07-06,_GMTrade,GMTrade,,,27.0,,,,,0.0,,,,,2.0,,,,,#f79009,,
2025-07-06,_Flash Trade,Flash Trade,,,17.0,,,,,0.0,,,,,4.0,,,,,#63b512,,
2025-07-06,_Pacifica,Pacifica,,,3.0,,,,,0.0,,,,,1.0,,,,,#545cf8,,
2025-07-06,_Jupiter,Jupiter,,,3.0,,,,,0.0,,,,,6.0,,,,,#00bfa5,,
2025-07-06,Crypto,,,,,71.0,,,,,0.0,,,,,1.0,,,,,#545cf8,
2025-07-06,Commodity,,,,,4.0,,,,,0.0,,,,,3.0,,,,,#904ea6,
2025-07-06,FX,,,,,2.0,,,,,0.0,,,,,4.0,,,,,#63b512,
2025-07-05,Total,,77.0,,,,,0.0,,,,,1.0,,,,,#545cf8,,,,
2025-07-05,Drift,,,60.0,,,,,0.0,,,,,,,,,,,,,
2025-07-05,GMTrade,,,27.0,,,,,0.0,,,,,2.0,,,,,#f79009,,,
2025-07-05,Flash Trade,,,17.0,,,,,0.0,,,,,4.0,,,,,#63b512,,,
2025-07-05,Jupiter,,,3.0,,,,,0.0,,,,,6.0,,,,,#00bfa5,,,
2025-07-05,Pacifica,,,3.0,,,,,0.0,,,,,1.0,,,,,#545cf8,,,
2025-07-05,_Drift,Drift,,,60.0,,,,,0.0,,,,,,,,,,,,
2025-07-05,_GMTrade,GMTrade,,,27.0,,,,,0.0,,,,,2.0,,,,,#f79009,,
2025-07-05,_Flash Trade,Flash Trade,,,17.0,,,,,0.0,,,,,4.0,,,,,#63b512,,
2025-07-05,_Pacifica,Pacifica,,,3.0,,,,,0.0,,,,,1.0,,,,,#545cf8,,
2025-07-05,_Jupiter,Jupiter,,,3.0,,,,,0.0,,,,,6.0,,,,,#00bfa5,,
2025-07-05,Crypto,,,,,71.0,,,,,0.0,,,,,1.0,,,,,#545cf8,
2025-07-05,Commodity,,,,,4.0,,,,,0.0,,,,,3.0,,,,,#904ea6,
2025-07-05,FX,,,,,2.0,,,,,0.0,,,,,4.0,,,,,#63b512,
2025-07-04,Total,,77.0,,,,,0.0,,,,,1.0,,,,,#545cf8,,,,
2025-07-04,Drift,,,60.0,,,,,0.0,,,,,,,,,,,,,
2025-07-04,GMTrade,,,27.0,,,,,0.0,,,,,2.0,,,,,#f79009,,,
2025-07-04,Flash Trade,,,17.0,,,,,0.0,,,,,4.0,,,,,#63b512,,,
2025-07-04,Pacifica,,,3.0,,,,,0.0,,,,,1.0,,,,,#545cf8,,,
2025-07-04,Jupiter,,,3.0,,,,,0.0,,,,,6.0,,,,,#00bfa5,,,
2025-07-04,_Drift,Drift,,,60.0,,,,,0.0,,,,,,,,,,,,
2025-07-04,_GMTrade,GMTrade,,,27.0,,,,,0.0,,,,,2.0,,,,,#f79009,,
2025-07-04,_Flash Trade,Flash Trade,,,17.0,,,,,0.0,,,,,4.0,,,,,#63b512,,
2025-07-04,_Pacifica,Pacifica,,,3.0,,,,,0.0,,,,,1.0,,,,,#545cf8,,
2025-07-04,_Jupiter,Jupiter,,,3.0,,,,,0.0,,,,,6.0,,,,,#00bfa5,,
2025-07-04,Crypto,,,,,71.0,,,,,0.0,,,,,1.0,,,,,#545cf8,
2025-07-04,Commodity,,,,,4.0,,,,,0.0,,,,,3.0,,,,,#904ea6,
2025-07-04,FX,,,,,2.0,,,,,0.0,,,,,4.0,,,,,#63b512,
2025-07-03,Total,,77.0,,,,,0.0,,,,,1.0,,,,,#545cf8,,,,
2025-07-03,Drift,,,60.0,,,,,0.0,,,,,,,,,,,,,
2025-07-03,GMTrade,,,27.0,,,,,0.0,,,,,2.0,,,,,#f79009,,,
2025-07-03,Flash Trade,,,17.0,,,,,0.0,,,,,4.0,,,,,#63b512,,,
2025-07-03,Jupiter,,,3.0,,,,,0.0,,,,,6.0,,,,,#00bfa5,,,
2025-07-03,Pacifica,,,3.0,,,,,0.0,,,,,1.0,,,,,#545cf8,,,
2025-07-03,_Drift,Drift,,,60.0,,,,,0.0,,,,,,,,,,,,
2025-07-03,_GMTrade,GMTrade,,,27.0,,,,,0.0,,,,,2.0,,,,,#f79009,,
2025-07-03,_Flash Trade,Flash Trade,,,17.0,,,,,0.0,,,,,4.0,,,,,#63b512,,
2025-07-03,_Pacifica,Pacifica,,,3.0,,,,,0.0,,,,,1.0,,,,,#545cf8,,
2025-07-03,_Jupiter,Jupiter,,,3.0,,,,,0.0,,,,,6.0,,,,,#00bfa5,,
2025-07-03,Crypto,,,,,71.0,,,,,0.0,,,,,1.0,,,,,#545cf8,
2025-07-03,Commodity,,,,,4.0,,,,,0.0,,,,,3.0,,,,,#904ea6,
2025-07-03,FX,,,,,2.0,,,,,0.0,,,,,4.0,,,,,#63b512,
2025-07-02,Total,,77.0,,,,,0.0,,,,,1.0,,,,,#545cf8,,,,
2025-07-02,Drift,,,60.0,,,,,0.0,,,,,,,,,,,,,
2025-07-02,GMTrade,,,27.0,,,,,0.0,,,,,2.0,,,,,#f79009,,,
2025-07-02,Flash Trade,,,17.0,,,,,0.0,,,,,4.0,,,,,#63b512,,,
2025-07-02,Jupiter,,,3.0,,,,,0.0,,,,,6.0,,,,,#00bfa5,,,
2025-07-02,Pacifica,,,3.0,,,,,0.0,,,,,1.0,,,,,#545cf8,,,
2025-07-02,_Drift,Drift,,,60.0,,,,,0.0,,,,,,,,,,,,
2025-07-02,_GMTrade,GMTrade,,,27.0,,,,,0.0,,,,,2.0,,,,,#f79009,,
2025-07-02,_Flash Trade,Flash Trade,,,17.0,,,,,0.0,,,,,4.0,,,,,#63b512,,
2025-07-02,_Jupiter,Jupiter,,,3.0,,,,,0.0,,,,,6.0,,,,,#00bfa5,,
2025-07-02,_Pacifica,Pacifica,,,3.0,,,,,0.0,,,,,1.0,,,,,#545cf8,,
2025-07-02,Crypto,,,,,71.0,,,,,0.0,,,,,1.0,,,,,#545cf8,
2025-07-02,Commodity,,,,,4.0,,,,,0.0,,,,,3.0,,,,,#904ea6,
2025-07-02,FX,,,,,2.0,,,,,0.0,,,,,4.0,,,,,#63b512,
2025-07-01,Total,,77.0,,,,,0.0,,,,,1.0,,,,,#545cf8,,,,
2025-07-01,Drift,,,60.0,,,,,0.0,,,,,,,,,,,,,
2025-07-01,GMTrade,,,27.0,,,,,0.0,,,,,2.0,,,,,#f79009,,,
2025-07-01,Flash Trade,,,17.0,,,,,0.0,,,,,4.0,,,,,#63b512,,,
2025-07-01,Jupiter,,,3.0,,,,,0.0,,,,,6.0,,,,,#00bfa5,,,
2025-07-01,Pacifica,,,3.0,,,,,0.0,,,,,1.0,,,,,#545cf8,,,
2025-07-01,_Drift,Drift,,,60.0,,,,,0.0,,,,,,,,,,,,
2025-07-01,_GMTrade,GMTrade,,,27.0,,,,,0.0,,,,,2.0,,,,,#f79009,,
2025-07-01,_Flash Trade,Flash Trade,,,17.0,,,,,0.0,,,,,4.0,,,,,#63b512,,
2025-07-01,_Pacifica,Pacifica,,,3.0,,,,,0.0,,,,,1.0,,,,,#545cf8,,
2025-07-01,_Jupiter,Jupiter,,,3.0,,,,,0.0,,,,,6.0,,,,,#00bfa5,,
2025-07-01,Crypto,,,,,71.0,,,,,0.0,,,,,1.0,,,,,#545cf8,
2025-07-01,Commodity,,,,,4.0,,,,,0.0,,,,,3.0,,,,,#904ea6,
2025-07-01,FX,,,,,2.0,,,,,0.0,,,,,4.0,,,,,#63b512,
2025-06-30,Total,,77.0,,,,,0.0,,,,,1.0,,,,,#545cf8,,,,
2025-06-30,Drift,,,60.0,,,,,0.0,,,,,,,,,,,,,
2025-06-30,GMTrade,,,27.0,,,,,0.0,,,,,2.0,,,,,#f79009,,,
2025-06-30,Flash Trade,,,17.0,,,,,0.0,,,,,4.0,,,,,#63b512,,,
2025-06-30,Jupiter,,,3.0,,,,,0.0,,,,,6.0,,,,,#00bfa5,,,
2025-06-30,Pacifica,,,3.0,,,,,0.0,,,,,1.0,,,,,#545cf8,,,
2025-06-30,_Drift,Drift,,,60.0,,,,,0.0,,,,,,,,,,,,
2025-06-30,_GMTrade,GMTrade,,,27.0,,,,,0.0,,,,,2.0,,,,,#f79009,,
2025-06-30,_Flash Trade,Flash Trade,,,17.0,,,,,0.0,,,,,4.0,,,,,#63b512,,
2025-06-30,_Pacifica,Pacifica,,,3.0,,,,,0.0,,,,,1.0,,,,,#545cf8,,
2025-06-30,_Jupiter,Jupiter,,,3.0,,,,,0.0,,,,,6.0,,,,,#00bfa5,,
2025-06-30,Crypto,,,,,71.0,,,,,0.0,,,,,1.0,,,,,#545cf8,
2025-06-30,Commodity,,,,,4.0,,,,,0.0,,,,,3.0,,,,,#904ea6,
2025-06-30,FX,,,,,2.0,,,,,0.0,,,,,4.0,,,,,#63b512,
2025-06-29,Total,,77.0,,,,,0.0,,,,,1.0,,,,,#545cf8,,,,
2025-06-29,Drift,,,60.0,,,,,0.0,,,,,,,,,,,,,
2025-06-29,GMTrade,,,27.0,,,,,0.0,,,,,2.0,,,,,#f79009,,,
2025-06-29,Flash Trade,,,17.0,,,,,0.0,,,,,4.0,,,,,#63b512,,,
2025-06-29,Pacifica,,,3.0,,,,,0.0,,,,,1.0,,,,,#545cf8,,,
2025-06-29,Jupiter,,,3.0,,,,,0.0,,,,,6.0,,,,,#00bfa5,,,
2025-06-29,_Drift,Drift,,,60.0,,,,,0.0,,,,,,,,,,,,
2025-06-29,_GMTrade,GMTrade,,,27.0,,,,,0.0,,,,,2.0,,,,,#f79009,,
2025-06-29,_Flash Trade,Flash Trade,,,17.0,,,,,0.0,,,,,4.0,,,,,#63b512,,
2025-06-29,_Jupiter,Jupiter,,,3.0,,,,,0.0,,,,,6.0,,,,,#00bfa5,,
2025-06-29,_Pacifica,Pacifica,,,3.0,,,,,0.0,,,,,1.0,,,,,#545cf8,,
2025-06-29,Crypto,,,,,71.0,,,,,0.0,,,,,1.0,,,,,#545cf8,
2025-06-29,Commodity,,,,,4.0,,,,,0.0,,,,,3.0,,,,,#904ea6,
2025-06-29,FX,,,,,2.0,,,,,0.0,,,,,4.0,,,,,#63b512,
2025-06-28,Total,,77.0,,,,,0.0,,,,,1.0,,,,,#545cf8,,,,
2025-06-28,Drift,,,60.0,,,,,0.0,,,,,,,,,,,,,
2025-06-28,GMTrade,,,27.0,,,,,0.0,,,,,2.0,,,,,#f79009,,,
2025-06-28,Flash Trade,,,17.0,,,,,0.0,,,,,4.0,,,,,#63b512,,,
2025-06-28,Pacifica,,,3.0,,,,,0.0,,,,,1.0,,,,,#545cf8,,,
2025-06-28,Jupiter,,,3.0,,,,,0.0,,,,,6.0,,,,,#00bfa5,,,
2025-06-28,_Drift,Drift,,,60.0,,,,,0.0,,,,,,,,,,,,
2025-06-28,_GMTrade,GMTrade,,,27.0,,,,,0.0,,,,,2.0,,,,,#f79009,,
2025-06-28,_Flash Trade,Flash Trade,,,17.0,,,,,0.0,,,,,4.0,,,,,#63b512,,
2025-06-28,_Jupiter,Jupiter,,,3.0,,,,,0.0,,,,,6.0,,,,,#00bfa5,,
2025-06-28,_Pacifica,Pacifica,,,3.0,,,,,0.0,,,,,1.0,,,,,#545cf8,,
2025-06-28,Crypto,,,,,71.0,,,,,0.0,,,,,1.0,,,,,#545cf8,
2025-06-28,Commodity,,,,,4.0,,,,,0.0,,,,,3.0,,,,,#904ea6,
2025-06-28,FX,,,,,2.0,,,,,0.0,,,,,4.0,,,,,#63b512,
2025-06-27,Total,,77.0,,,,,0.0,,,,,1.0,,,,,#545cf8,,,,
2025-06-27,Drift,,,60.0,,,,,0.0,,,,,,,,,,,,,
2025-06-27,GMTrade,,,27.0,,,,,0.0,,,,,2.0,,,,,#f79009,,,
2025-06-27,Flash Trade,,,17.0,,,,,0.0,,,,,4.0,,,,,#63b512,,,
2025-06-27,Jupiter,,,3.0,,,,,0.0,,,,,6.0,,,,,#00bfa5,,,
2025-06-27,Pacifica,,,3.0,,,,,0.0,,,,,1.0,,,,,#545cf8,,,
2025-06-27,_Drift,Drift,,,60.0,,,,,0.0,,,,,,,,,,,,
2025-06-27,_GMTrade,GMTrade,,,27.0,,,,,0.0,,,,,2.0,,,,,#f79009,,
2025-06-27,_Flash Trade,Flash Trade,,,17.0,,,,,0.0,,,,,4.0,,,,,#63b512,,
2025-06-27,_Pacifica,Pacifica,,,3.0,,,,,0.0,,,,,1.0,,,,,#545cf8,,
2025-06-27,_Jupiter,Jupiter,,,3.0,,,,,0.0,,,,,6.0,,,,,#00bfa5,,
2025-06-27,Crypto,,,,,71.0,,,,,0.0,,,,,1.0,,,,,#545cf8,
2025-06-27,Commodity,,,,,4.0,,,,,0.0,,,,,3.0,,,,,#904ea6,
2025-06-27,FX,,,,,2.0,,,,,0.0,,,,,4.0,,,,,#63b512,
2025-06-26,Total,,77.0,,,,,0.0,,,,,1.0,,,,,#545cf8,,,,
2025-06-26,Drift,,,60.0,,,,,0.0,,,,,,,,,,,,,
2025-06-26,GMTrade,,,27.0,,,,,0.0,,,,,2.0,,,,,#f79009,,,
2025-06-26,Flash Trade,,,17.0,,,,,0.0,,,,,4.0,,,,,#63b512,,,
2025-06-26,Pacifica,,,3.0,,,,,0.0,,,,,1.0,,,,,#545cf8,,,
2025-06-26,Jupiter,,,3.0,,,,,0.0,,,,,6.0,,,,,#00bfa5,,,
2025-06-26,_Drift,Drift,,,60.0,,,,,0.0,,,,,,,,,,,,
2025-06-26,_GMTrade,GMTrade,,,27.0,,,,,0.0,,,,,2.0,,,,,#f79009,,
2025-06-26,_Flash Trade,Flash Trade,,,17.0,,,,,0.0,,,,,4.0,,,,,#63b512,,
2025-06-26,_Pacifica,Pacifica,,,3.0,,,,,0.0,,,,,1.0,,,,,#545cf8,,
2025-06-26,_Jupiter,Jupiter,,,3.0,,,,,0.0,,,,,6.0,,,,,#00bfa5,,
2025-06-26,Crypto,,,,,71.0,,,,,0.0,,,,,1.0,,,,,#545cf8,
2025-06-26,Commodity,,,,,4.0,,,,,0.0,,,,,3.0,,,,,#904ea6,
2025-06-26,FX,,,,,2.0,,,,,0.0,,,,,4.0,,,,,#63b512,
2025-06-25,Total,,77.0,,,,,0.0,,,,,1.0,,,,,#545cf8,,,,
2025-06-25,Drift,,,60.0,,,,,0.0,,,,,,,,,,,,,
2025-06-25,GMTrade,,,27.0,,,,,0.0,,,,,2.0,,,,,#f79009,,,
2025-06-25,Flash Trade,,,17.0,,,,,0.0,,,,,4.0,,,,,#63b512,,,
2025-06-25,Jupiter,,,3.0,,,,,0.0,,,,,6.0,,,,,#00bfa5,,,
2025-06-25,Pacifica,,,3.0,,,,,0.0,,,,,1.0,,,,,#545cf8,,,
2025-06-25,_Drift,Drift,,,60.0,,,,,0.0,,,,,,,,,,,,
2025-06-25,_GMTrade,GMTrade,,,27.0,,,,,0.0,,,,,2.0,,,,,#f79009,,
2025-06-25,_Flash Trade,Flash Trade,,,17.0,,,,,0.0,,,,,4.0,,,,,#63b512,,
2025-06-25,_Pacifica,Pacifica,,,3.0,,,,,0.0,,,,,1.0,,,,,#545cf8,,
2025-06-25,_Jupiter,Jupiter,,,3.0,,,,,0.0,,,,,6.0,,,,,#00bfa5,,
2025-06-25,Crypto,,,,,71.0,,,,,0.0,,,,,1.0,,,,,#545cf8,
2025-06-25,Commodity,,,,,4.0,,,,,0.0,,,,,3.0,,,,,#904ea6,
2025-06-25,FX,,,,,2.0,,,,,0.0,,,,,4.0,,,,,#63b512,
2025-06-24,Total,,77.0,,,,,0.0,,,,,1.0,,,,,#545cf8,,,,
2025-06-24,Drift,,,60.0,,,,,0.0,,,,,,,,,,,,,
2025-06-24,GMTrade,,,27.0,,,,,0.0,,,,,2.0,,,,,#f79009,,,
2025-06-24,Flash Trade,,,17.0,,,,,0.0,,,,,4.0,,,,,#63b512,,,
2025-06-24,Jupiter,,,3.0,,,,,0.0,,,,,6.0,,,,,#00bfa5,,,
2025-06-24,Pacifica,,,3.0,,,,,0.0,,,,,1.0,,,,,#545cf8,,,
2025-06-24,_Drift,Drift,,,60.0,,,,,0.0,,,,,,,,,,,,
2025-06-24,_GMTrade,GMTrade,,,27.0,,,,,0.0,,,,,2.0,,,,,#f79009,,
2025-06-24,_Flash Trade,Flash Trade,,,17.0,,,,,0.0,,,,,4.0,,,,,#63b512,,
2025-06-24,_Pacifica,Pacifica,,,3.0,,,,,0.0,,,,,1.0,,,,,#545cf8,,
2025-06-24,_Jupiter,Jupiter,,,3.0,,,,,0.0,,,,,6.0,,,,,#00bfa5,,
2025-06-24,Crypto,,,,,71.0,,,,,0.0,,,,,1.0,,,,,#545cf8,
2025-06-24,Commodity,,,,,4.0,,,,,0.0,,,,,3.0,,,,,#904ea6,
2025-06-24,FX,,,,,2.0,,,,,0.0,,,,,4.0,,,,,#63b512,
2025-06-23,Total,,77.0,,,,,0.0,,,,,1.0,,,,,#545cf8,,,,
2025-06-23,Drift,,,60.0,,,,,0.0,,,,,,,,,,,,,
2025-06-23,GMTrade,,,27.0,,,,,0.0,,,,,2.0,,,,,#f79009,,,
2025-06-23,Flash Trade,,,17.0,,,,,0.0,,,,,4.0,,,,,#63b512,,,
2025-06-23,Jupiter,,,3.0,,,,,0.0,,,,,6.0,,,,,#00bfa5,,,
2025-06-23,Pacifica,,,3.0,,,,,0.0,,,,,1.0,,,,,#545cf8,,,
2025-06-23,_Drift,Drift,,,60.0,,,,,0.0,,,,,,,,,,,,
2025-06-23,_GMTrade,GMTrade,,,27.0,,,,,0.0,,,,,2.0,,,,,#f79009,,
2025-06-23,_Flash Trade,Flash Trade,,,17.0,,,,,0.0,,,,,4.0,,,,,#63b512,,
2025-06-23,_Pacifica,Pacifica,,,3.0,,,,,0.0,,,,,1.0,,,,,#545cf8,,
2025-06-23,_Jupiter,Jupiter,,,3.0,,,,,0.0,,,,,6.0,,,,,#00bfa5,,
2025-06-23,Crypto,,,,,71.0,,,,,0.0,,,,,1.0,,,,,#545cf8,
2025-06-23,Commodity,,,,,4.0,,,,,0.0,,,,,3.0,,,,,#904ea6,
2025-06-23,FX,,,,,2.0,,,,,0.0,,,,,4.0,,,,,#63b512,
2025-06-22,Total,,77.0,,,,,0.0,,,,,1.0,,,,,#545cf8,,,,
2025-06-22,Drift,,,60.0,,,,,0.0,,,,,,,,,,,,,
2025-06-22,GMTrade,,,27.0,,,,,0.0,,,,,2.0,,,,,#f79009,,,
2025-06-22,Flash Trade,,,17.0,,,,,0.0,,,,,4.0,,,,,#63b512,,,
2025-06-22,Pacifica,,,3.0,,,,,0.0,,,,,1.0,,,,,#545cf8,,,
2025-06-22,Jupiter,,,3.0,,,,,0.0,,,,,6.0,,,,,#00bfa5,,,
2025-06-22,_Drift,Drift,,,60.0,,,,,0.0,,,,,,,,,,,,
2025-06-22,_GMTrade,GMTrade,,,27.0,,,,,0.0,,,,,2.0,,,,,#f79009,,
2025-06-22,_Flash Trade,Flash Trade,,,17.0,,,,,0.0,,,,,4.0,,,,,#63b512,,
2025-06-22,_Jupiter,Jupiter,,,3.0,,,,,0.0,,,,,6.0,,,,,#00bfa5,,
2025-06-22,_Pacifica,Pacifica,,,3.0,,,,,0.0,,,,,1.0,,,,,#545cf8,,
2025-06-22,Crypto,,,,,71.0,,,,,0.0,,,,,1.0,,,,,#545cf8,
2025-06-22,Commodity,,,,,4.0,,,,,0.0,,,,,3.0,,,,,#904ea6,
2025-06-22,FX,,,,,2.0,,,,,0.0,,,,,4.0,,,,,#63b512,
2025-06-21,Total,,77.0,,,,,0.0,,,,,1.0,,,,,#545cf8,,,,
2025-06-21,Drift,,,60.0,,,,,0.0,,,,,,,,,,,,,
2025-06-21,GMTrade,,,27.0,,,,,0.0,,,,,2.0,,,,,#f79009,,,
2025-06-21,Flash Trade,,,17.0,,,,,0.0,,,,,4.0,,,,,#63b512,,,
2025-06-21,Pacifica,,,3.0,,,,,0.0,,,,,1.0,,,,,#545cf8,,,
2025-06-21,Jupiter,,,3.0,,,,,0.0,,,,,6.0,,,,,#00bfa5,,,
2025-06-21,_Drift,Drift,,,60.0,,,,,0.0,,,,,,,,,,,,
2025-06-21,_GMTrade,GMTrade,,,27.0,,,,,0.0,,,,,2.0,,,,,#f79009,,
2025-06-21,_Flash Trade,Flash Trade,,,17.0,,,,,0.0,,,,,4.0,,,,,#63b512,,
2025-06-21,_Jupiter,Jupiter,,,3.0,,,,,0.0,,,,,6.0,,,,,#00bfa5,,
2025-06-21,_Pacifica,Pacifica,,,3.0,,,,,0.0,,,,,1.0,,,,,#545cf8,,
2025-06-21,Crypto,,,,,71.0,,,,,0.0,,,,,1.0,,,,,#545cf8,
2025-06-21,Commodity,,,,,4.0,,,,,0.0,,,,,3.0,,,,,#904ea6,
2025-06-21,FX,,,,,2.0,,,,,0.0,,,,,4.0,,,,,#63b512,
2025-06-20,Total,,77.0,,,,,0.0,,,,,1.0,,,,,#545cf8,,,,
2025-06-20,Drift,,,60.0,,,,,0.0,,,,,,,,,,,,,
2025-06-20,GMTrade,,,27.0,,,,,0.0,,,,,2.0,,,,,#f79009,,,
2025-06-20,Flash Trade,,,17.0,,,,,0.0,,,,,4.0,,,,,#63b512,,,
2025-06-20,Pacifica,,,3.0,,,,,0.0,,,,,1.0,,,,,#545cf8,,,
2025-06-20,Jupiter,,,3.0,,,,,0.0,,,,,6.0,,,,,#00bfa5,,,
2025-06-20,_Drift,Drift,,,60.0,,,,,0.0,,,,,,,,,,,,
2025-06-20,_GMTrade,GMTrade,,,27.0,,,,,0.0,,,,,2.0,,,,,#f79009,,
2025-06-20,_Flash Trade,Flash Trade,,,17.0,,,,,0.0,,,,,4.0,,,,,#63b512,,
2025-06-20,_Pacifica,Pacifica,,,3.0,,,,,0.0,,,,,1.0,,,,,#545cf8,,
2025-06-20,_Jupiter,Jupiter,,,3.0,,,,,0.0,,,,,6.0,,,,,#00bfa5,,
2025-06-20,Crypto,,,,,71.0,,,,,0.0,,,,,1.0,,,,,#545cf8,
2025-06-20,Commodity,,,,,4.0,,,,,0.0,,,,,3.0,,,,,#904ea6,
2025-06-20,FX,,,,,2.0,,,,,0.0,,,,,4.0,,,,,#63b512,
2025-06-19,Total,,77.0,,,,,0.0,,,,,1.0,,,,,#545cf8,,,,
2025-06-19,Drift,,,60.0,,,,,0.0,,,,,,,,,,,,,
2025-06-19,GMTrade,,,27.0,,,,,0.0,,,,,2.0,,,,,#f79009,,,
2025-06-19,Flash Trade,,,17.0,,,,,0.0,,,,,4.0,,,,,#63b512,,,
2025-06-19,Pacifica,,,3.0,,,,,0.0,,,,,1.0,,,,,#545cf8,,,
2025-06-19,Jupiter,,,3.0,,,,,0.0,,,,,6.0,,,,,#00bfa5,,,
2025-06-19,_Drift,Drift,,,60.0,,,,,0.0,,,,,,,,,,,,
2025-06-19,_GMTrade,GMTrade,,,27.0,,,,,0.0,,,,,2.0,,,,,#f79009,,
2025-06-19,_Flash Trade,Flash Trade,,,17.0,,,,,0.0,,,,,4.0,,,,,#63b512,,
2025-06-19,_Jupiter,Jupiter,,,3.0,,,,,0.0,,,,,6.0,,,,,#00bfa5,,
2025-06-19,_Pacifica,Pacifica,,,3.0,,,,,0.0,,,,,1.0,,,,,#545cf8,,
2025-06-19,Crypto,,,,,71.0,,,,,0.0,,,,,1.0,,,,,#545cf8,
2025-06-19,Commodity,,,,,4.0,,,,,0.0,,,,,3.0,,,,,#904ea6,
2025-06-19,FX,,,,,2.0,,,,,0.0,,,,,4.0,,,,,#63b512,
2025-06-18,Total,,77.0,,,,,0.0,,,,,1.0,,,,,#545cf8,,,,
2025-06-18,Drift,,,60.0,,,,,0.0,,,,,,,,,,,,,
2025-06-18,GMTrade,,,27.0,,,,,0.0,,,,,2.0,,,,,#f79009,,,
2025-06-18,Flash Trade,,,17.0,,,,,0.0,,,,,4.0,,,,,#63b512,,,
2025-06-18,Pacifica,,,3.0,,,,,0.0,,,,,1.0,,,,,#545cf8,,,
2025-06-18,Jupiter,,,3.0,,,,,0.0,,,,,6.0,,,,,#00bfa5,,,
2025-06-18,_Drift,Drift,,,60.0,,,,,0.0,,,,,,,,,,,,
2025-06-18,_GMTrade,GMTrade,,,27.0,,,,,0.0,,,,,2.0,,,,,#f79009,,
2025-06-18,_Flash Trade,Flash Trade,,,17.0,,,,,0.0,,,,,4.0,,,,,#63b512,,
2025-06-18,_Pacifica,Pacifica,,,3.0,,,,,0.0,,,,,1.0,,,,,#545cf8,,
2025-06-18,_Jupiter,Jupiter,,,3.0,,,,,0.0,,,,,6.0,,,,,#00bfa5,,
2025-06-18,Crypto,,,,,71.0,,,,,0.0,,,,,1.0,,,,,#545cf8,
2025-06-18,Commodity,,,,,4.0,,,,,0.0,,,,,3.0,,,,,#904ea6,
2025-06-18,FX,,,,,2.0,,,,,0.0,,,,,4.0,,,,,#63b512,
2025-06-17,Total,,77.0,,,,,0.0,,,,,1.0,,,,,#545cf8,,,,
2025-06-17,Drift,,,60.0,,,,,0.0,,,,,,,,,,,,,
2025-06-17,GMTrade,,,27.0,,,,,0.0,,,,,2.0,,,,,#f79009,,,
2025-06-17,Flash Trade,,,17.0,,,,,0.0,,,,,4.0,,,,,#63b512,,,
2025-06-17,Pacifica,,,3.0,,,,,0.0,,,,,1.0,,,,,#545cf8,,,
2025-06-17,Jupiter,,,3.0,,,,,0.0,,,,,6.0,,,,,#00bfa5,,,
2025-06-17,_Drift,Drift,,,60.0,,,,,0.0,,,,,,,,,,,,
2025-06-17,_GMTrade,GMTrade,,,27.0,,,,,0.0,,,,,2.0,,,,,#f79009,,
2025-06-17,_Flash Trade,Flash Trade,,,17.0,,,,,0.0,,,,,4.0,,,,,#63b512,,
2025-06-17,_Pacifica,Pacifica,,,3.0,,,,,0.0,,,,,1.0,,,,,#545cf8,,
2025-06-17,_Jupiter,Jupiter,,,3.0,,,,,0.0,,,,,6.0,,,,,#00bfa5,,
2025-06-17,Crypto,,,,,71.0,,,,,0.0,,,,,1.0,,,,,#545cf8,
2025-06-17,Commodity,,,,,4.0,,,,,0.0,,,,,3.0,,,,,#904ea6,
2025-06-17,FX,,,,,2.0,,,,,0.0,,,,,4.0,,,,,#63b512,
2025-06-16,Total,,77.0,,,,,1.0,,,,,1.0,,,,,#545cf8,,,,
2025-06-16,Drift,,,60.0,,,,,0.0,,,,,,,,,,,,,
2025-06-16,GMTrade,,,27.0,,,,,0.0,,,,,2.0,,,,,#f79009,,,
2025-06-16,Flash Trade,,,17.0,,,,,1.0,,,,,4.0,,,,,#63b512,,,
2025-06-16,Jupiter,,,3.0,,,,,0.0,,,,,6.0,,,,,#00bfa5,,,
2025-06-16,Pacifica,,,3.0,,,,,0.0,,,,,1.0,,,,,#545cf8,,,
2025-06-16,_Drift,Drift,,,60.0,,,,,0.0,,,,,,,,,,,,
2025-06-16,_GMTrade,GMTrade,,,27.0,,,,,0.0,,,,,2.0,,,,,#f79009,,
2025-06-16,_Flash Trade,Flash Trade,,,17.0,,,,,1.0,,,,,4.0,,,,,#63b512,,
2025-06-16,_Pacifica,Pacifica,,,3.0,,,,,0.0,,,,,1.0,,,,,#545cf8,,
2025-06-16,_Jupiter,Jupiter,,,3.0,,,,,0.0,,,,,6.0,,,,,#00bfa5,,
2025-06-16,Crypto,,,,,71.0,,,,,0.0,,,,,1.0,,,,,#545cf8,
2025-06-16,Commodity,,,,,4.0,,,,,1.0,,,,,3.0,,,,,#904ea6,
2025-06-16,FX,,,,,2.0,,,,,0.0,,,,,4.0,,,,,#63b512,
2025-06-15,Total,,76.0,,,,,0.0,,,,,1.0,,,,,#545cf8,,,,
2025-06-15,Drift,,,60.0,,,,,0.0,,,,,,,,,,,,,
2025-06-15,GMTrade,,,27.0,,,,,0.0,,,,,2.0,,,,,#f79009,,,
2025-06-15,Flash Trade,,,16.0,,,,,0.0,,,,,4.0,,,,,#63b512,,,
2025-06-15,Jupiter,,,3.0,,,,,0.0,,,,,6.0,,,,,#00bfa5,,,
2025-06-15,Pacifica,,,3.0,,,,,0.0,,,,,1.0,,,,,#545cf8,,,
2025-06-15,_Drift,Drift,,,60.0,,,,,0.0,,,,,,,,,,,,
2025-06-15,_GMTrade,GMTrade,,,27.0,,,,,0.0,,,,,2.0,,,,,#f79009,,
2025-06-15,_Flash Trade,Flash Trade,,,16.0,,,,,0.0,,,,,4.0,,,,,#63b512,,
2025-06-15,_Pacifica,Pacifica,,,3.0,,,,,0.0,,,,,1.0,,,,,#545cf8,,
2025-06-15,_Jupiter,Jupiter,,,3.0,,,,,0.0,,,,,6.0,,,,,#00bfa5,,
2025-06-15,Crypto,,,,,71.0,,,,,0.0,,,,,1.0,,,,,#545cf8,
2025-06-15,Commodity,,,,,3.0,,,,,0.0,,,,,3.0,,,,,#904ea6,
2025-06-15,FX,,,,,2.0,,,,,0.0,,,,,4.0,,,,,#63b512,
2025-06-14,Total,,76.0,,,,,0.0,,,,,1.0,,,,,#545cf8,,,,
2025-06-14,Drift,,,60.0,,,,,0.0,,,,,,,,,,,,,
2025-06-14,GMTrade,,,27.0,,,,,0.0,,,,,2.0,,,,,#f79009,,,
2025-06-14,Flash Trade,,,16.0,,,,,0.0,,,,,4.0,,,,,#63b512,,,
2025-06-14,Pacifica,,,3.0,,,,,0.0,,,,,1.0,,,,,#545cf8,,,
2025-06-14,Jupiter,,,3.0,,,,,0.0,,,,,6.0,,,,,#00bfa5,,,
2025-06-14,_Drift,Drift,,,60.0,,,,,0.0,,,,,,,,,,,,
2025-06-14,_GMTrade,GMTrade,,,27.0,,,,,0.0,,,,,2.0,,,,,#f79009,,
2025-06-14,_Flash Trade,Flash Trade,,,16.0,,,,,0.0,,,,,4.0,,,,,#63b512,,
2025-06-14,_Jupiter,Jupiter,,,3.0,,,,,0.0,,,,,6.0,,,,,#00bfa5,,
2025-06-14,_Pacifica,Pacifica,,,3.0,,,,,0.0,,,,,1.0,,,,,#545cf8,,
2025-06-14,Crypto,,,,,71.0,,,,,0.0,,,,,1.0,,,,,#545cf8,
2025-06-14,Commodity,,,,,3.0,,,,,0.0,,,,,3.0,,,,,#904ea6,
2025-06-14,FX,,,,,2.0,,,,,0.0,,,,,4.0,,,,,#63b512,
2025-06-13,Total,,76.0,,,,,0.0,,,,,1.0,,,,,#545cf8,,,,
2025-06-13,Drift,,,60.0,,,,,0.0,,,,,,,,,,,,,
2025-06-13,GMTrade,,,27.0,,,,,0.0,,,,,2.0,,,,,#f79009,,,
2025-06-13,Flash Trade,,,16.0,,,,,0.0,,,,,4.0,,,,,#63b512,,,
2025-06-13,Jupiter,,,3.0,,,,,0.0,,,,,6.0,,,,,#00bfa5,,,
2025-06-13,Pacifica,,,3.0,,,,,0.0,,,,,1.0,,,,,#545cf8,,,
2025-06-13,_Drift,Drift,,,60.0,,,,,0.0,,,,,,,,,,,,
2025-06-13,_GMTrade,GMTrade,,,27.0,,,,,0.0,,,,,2.0,,,,,#f79009,,
2025-06-13,_Flash Trade,Flash Trade,,,16.0,,,,,0.0,,,,,4.0,,,,,#63b512,,
2025-06-13,_Pacifica,Pacifica,,,3.0,,,,,0.0,,,,,1.0,,,,,#545cf8,,
2025-06-13,_Jupiter,Jupiter,,,3.0,,,,,0.0,,,,,6.0,,,,,#00bfa5,,
2025-06-13,Crypto,,,,,71.0,,,,,0.0,,,,,1.0,,,,,#545cf8,
2025-06-13,Commodity,,,,,3.0,,,,,0.0,,,,,3.0,,,,,#904ea6,
2025-06-13,FX,,,,,2.0,,,,,0.0,,,,,4.0,,,,,#63b512,
2025-06-12,Total,,76.0,,,,,0.0,,,,,1.0,,,,,#545cf8,,,,
2025-06-12,Drift,,,60.0,,,,,0.0,,,,,,,,,,,,,
2025-06-12,GMTrade,,,27.0,,,,,0.0,,,,,2.0,,,,,#f79009,,,
2025-06-12,Flash Trade,,,16.0,,,,,0.0,,,,,4.0,,,,,#63b512,,,
2025-06-12,Jupiter,,,3.0,,,,,0.0,,,,,6.0,,,,,#00bfa5,,,
2025-06-12,Pacifica,,,3.0,,,,,0.0,,,,,1.0,,,,,#545cf8,,,
2025-06-12,_Drift,Drift,,,60.0,,,,,0.0,,,,,,,,,,,,
2025-06-12,_GMTrade,GMTrade,,,27.0,,,,,0.0,,,,,2.0,,,,,#f79009,,
2025-06-12,_Flash Trade,Flash Trade,,,16.0,,,,,0.0,,,,,4.0,,,,,#63b512,,
2025-06-12,_Pacifica,Pacifica,,,3.0,,,,,0.0,,,,,1.0,,,,,#545cf8,,
2025-06-12,_Jupiter,Jupiter,,,3.0,,,,,0.0,,,,,6.0,,,,,#00bfa5,,
2025-06-12,Crypto,,,,,71.0,,,,,0.0,,,,,1.0,,,,,#545cf8,
2025-06-12,Commodity,,,,,3.0,,,,,0.0,,,,,3.0,,,,,#904ea6,
2025-06-12,FX,,,,,2.0,,,,,0.0,,,,,4.0,,,,,#63b512,
2025-06-11,Total,,76.0,,,,,0.0,,,,,1.0,,,,,#545cf8,,,,
2025-06-11,Drift,,,60.0,,,,,0.0,,,,,,,,,,,,,
2025-06-11,GMTrade,,,27.0,,,,,0.0,,,,,2.0,,,,,#f79009,,,
2025-06-11,Flash Trade,,,16.0,,,,,0.0,,,,,4.0,,,,,#63b512,,,
2025-06-11,Pacifica,,,3.0,,,,,0.0,,,,,1.0,,,,,#545cf8,,,
2025-06-11,Jupiter,,,3.0,,,,,0.0,,,,,6.0,,,,,#00bfa5,,,
2025-06-11,_Drift,Drift,,,60.0,,,,,0.0,,,,,,,,,,,,
2025-06-11,_GMTrade,GMTrade,,,27.0,,,,,0.0,,,,,2.0,,,,,#f79009,,
2025-06-11,_Flash Trade,Flash Trade,,,16.0,,,,,0.0,,,,,4.0,,,,,#63b512,,
2025-06-11,_Jupiter,Jupiter,,,3.0,,,,,0.0,,,,,6.0,,,,,#00bfa5,,
2025-06-11,_Pacifica,Pacifica,,,3.0,,,,,0.0,,,,,1.0,,,,,#545cf8,,
2025-06-11,Crypto,,,,,71.0,,,,,0.0,,,,,1.0,,,,,#545cf8,
2025-06-11,Commodity,,,,,3.0,,,,,0.0,,,,,3.0,,,,,#904ea6,
2025-06-11,FX,,,,,2.0,,,,,0.0,,,,,4.0,,,,,#63b512,
2025-06-10,Total,,76.0,,,,,0.0,,,,,1.0,,,,,#545cf8,,,,
2025-06-10,Drift,,,60.0,,,,,0.0,,,,,,,,,,,,,
2025-06-10,GMTrade,,,27.0,,,,,0.0,,,,,2.0,,,,,#f79009,,,
2025-06-10,Flash Trade,,,16.0,,,,,0.0,,,,,4.0,,,,,#63b512,,,
2025-06-10,Jupiter,,,3.0,,,,,0.0,,,,,6.0,,,,,#00bfa5,,,
2025-06-10,Pacifica,,,3.0,,,,,1.0,,,,,1.0,,,,,#545cf8,,,
2025-06-10,_Drift,Drift,,,60.0,,,,,0.0,,,,,,,,,,,,
2025-06-10,_GMTrade,GMTrade,,,27.0,,,,,0.0,,,,,2.0,,,,,#f79009,,
2025-06-10,_Flash Trade,Flash Trade,,,16.0,,,,,0.0,,,,,4.0,,,,,#63b512,,
2025-06-10,_Pacifica,Pacifica,,,3.0,,,,,1.0,,,,,1.0,,,,,#545cf8,,
2025-06-10,_Jupiter,Jupiter,,,3.0,,,,,0.0,,,,,6.0,,,,,#00bfa5,,
2025-06-10,Crypto,,,,,71.0,,,,,0.0,,,,,1.0,,,,,#545cf8,
2025-06-10,Commodity,,,,,3.0,,,,,0.0,,,,,3.0,,,,,#904ea6,
2025-06-10,FX,,,,,2.0,,,,,0.0,,,,,4.0,,,,,#63b512,
2025-06-09,Total,,76.0,,,,,0.0,,,,,1.0,,,,,#545cf8,,,,
2025-06-09,Drift,,,60.0,,,,,0.0,,,,,,,,,,,,,
2025-06-09,GMTrade,,,27.0,,,,,0.0,,,,,2.0,,,,,#f79009,,,
2025-06-09,Flash Trade,,,16.0,,,,,0.0,,,,,4.0,,,,,#63b512,,,
2025-06-09,Jupiter,,,3.0,,,,,0.0,,,,,6.0,,,,,#00bfa5,,,
2025-06-09,Pacifica,,,2.0,,,,,1.0,,,,,1.0,,,,,#545cf8,,,
2025-06-09,_Drift,Drift,,,60.0,,,,,0.0,,,,,,,,,,,,
2025-06-09,_GMTrade,GMTrade,,,27.0,,,,,0.0,,,,,2.0,,,,,#f79009,,
2025-06-09,_Flash Trade,Flash Trade,,,16.0,,,,,0.0,,,,,4.0,,,,,#63b512,,
2025-06-09,_Jupiter,Jupiter,,,3.0,,,,,0.0,,,,,6.0,,,,,#00bfa5,,
2025-06-09,_Pacifica,Pacifica,,,2.0,,,,,1.0,,,,,1.0,,,,,#545cf8,,
2025-06-09,Crypto,,,,,71.0,,,,,0.0,,,,,1.0,,,,,#545cf8,
2025-06-09,Commodity,,,,,3.0,,,,,0.0,,,,,3.0,,,,,#904ea6,
2025-06-09,FX,,,,,2.0,,,,,0.0,,,,,4.0,,,,,#63b512,
2025-06-08,Total,,76.0,,,,,0.0,,,,,1.0,,,,,#545cf8,,,,
2025-06-08,Drift,,,60.0,,,,,0.0,,,,,,,,,,,,,
2025-06-08,GMTrade,,,27.0,,,,,0.0,,,,,2.0,,,,,#f79009,,,
2025-06-08,Flash Trade,,,16.0,,,,,0.0,,,,,4.0,,,,,#63b512,,,
2025-06-08,Jupiter,,,3.0,,,,,0.0,,,,,6.0,,,,,#00bfa5,,,
2025-06-08,Pacifica,,,1.0,,,,,0.0,,,,,1.0,,,,,#545cf8,,,
2025-06-08,_Drift,Drift,,,60.0,,,,,0.0,,,,,,,,,,,,
2025-06-08,_GMTrade,GMTrade,,,27.0,,,,,0.0,,,,,2.0,,,,,#f79009,,
2025-06-08,_Flash Trade,Flash Trade,,,16.0,,,,,0.0,,,,,4.0,,,,,#63b512,,
2025-06-08,_Jupiter,Jupiter,,,3.0,,,,,0.0,,,,,6.0,,,,,#00bfa5,,
2025-06-08,_Pacifica,Pacifica,,,1.0,,,,,0.0,,,,,1.0,,,,,#545cf8,,
2025-06-08,Crypto,,,,,71.0,,,,,0.0,,,,,1.0,,,,,#545cf8,
2025-06-08,Commodity,,,,,3.0,,,,,0.0,,,,,3.0,,,,,#904ea6,
2025-06-08,FX,,,,,2.0,,,,,0.0,,,,,4.0,,,,,#63b512,
2025-06-07,Total,,76.0,,,,,0.0,,,,,1.0,,,,,#545cf8,,,,
2025-06-07,Drift,,,60.0,,,,,0.0,,,,,,,,,,,,,
2025-06-07,GMTrade,,,27.0,,,,,0.0,,,,,2.0,,,,,#f79009,,,
2025-06-07,Flash Trade,,,16.0,,,,,0.0,,,,,4.0,,,,,#63b512,,,
2025-06-07,Jupiter,,,3.0,,,,,0.0,,,,,6.0,,,,,#00bfa5,,,
2025-06-07,Pacifica,,,1.0,,,,,0.0,,,,,1.0,,,,,#545cf8,,,
2025-06-07,_Drift,Drift,,,60.0,,,,,0.0,,,,,,,,,,,,
2025-06-07,_GMTrade,GMTrade,,,27.0,,,,,0.0,,,,,2.0,,,,,#f79009,,
2025-06-07,_Flash Trade,Flash Trade,,,16.0,,,,,0.0,,,,,4.0,,,,,#63b512,,
2025-06-07,_Jupiter,Jupiter,,,3.0,,,,,0.0,,,,,6.0,,,,,#00bfa5,,
2025-06-07,_Pacifica,Pacifica,,,1.0,,,,,0.0,,,,,1.0,,,,,#545cf8,,
2025-06-07,Crypto,,,,,71.0,,,,,0.0,,,,,1.0,,,,,#545cf8,
2025-06-07,Commodity,,,,,3.0,,,,,0.0,,,,,3.0,,,,,#904ea6,
2025-06-07,FX,,,,,2.0,,,,,0.0,,,,,4.0,,,,,#63b512,
2025-06-06,Total,,76.0,,,,,0.0,,,,,1.0,,,,,#545cf8,,,,
2025-06-06,Drift,,,60.0,,,,,0.0,,,,,,,,,,,,,
2025-06-06,GMTrade,,,27.0,,,,,0.0,,,,,2.0,,,,,#f79009,,,
2025-06-06,Flash Trade,,,16.0,,,,,0.0,,,,,4.0,,,,,#63b512,,,
2025-06-06,Jupiter,,,3.0,,,,,0.0,,,,,6.0,,,,,#00bfa5,,,
2025-06-06,Pacifica,,,1.0,,,,,0.0,,,,,1.0,,,,,#545cf8,,,
2025-06-06,_Drift,Drift,,,60.0,,,,,0.0,,,,,,,,,,,,
2025-06-06,_GMTrade,GMTrade,,,27.0,,,,,0.0,,,,,2.0,,,,,#f79009,,
2025-06-06,_Flash Trade,Flash Trade,,,16.0,,,,,0.0,,,,,4.0,,,,,#63b512,,
2025-06-06,_Jupiter,Jupiter,,,3.0,,,,,0.0,,,,,6.0,,,,,#00bfa5,,
2025-06-06,_Pacifica,Pacifica,,,1.0,,,,,0.0,,,,,1.0,,,,,#545cf8,,
2025-06-06,Crypto,,,,,71.0,,,,,0.0,,,,,1.0,,,,,#545cf8,
2025-06-06,Commodity,,,,,3.0,,,,,0.0,,,,,3.0,,,,,#904ea6,
2025-06-06,FX,,,,,2.0,,,,,0.0,,,,,4.0,,,,,#63b512,
2025-06-05,Total,,76.0,,,,,0.0,,,,,1.0,,,,,#545cf8,,,,
2025-06-05,Drift,,,60.0,,,,,0.0,,,,,,,,,,,,,
2025-06-05,GMTrade,,,27.0,,,,,0.0,,,,,2.0,,,,,#f79009,,,
2025-06-05,Flash Trade,,,16.0,,,,,0.0,,,,,4.0,,,,,#63b512,,,
2025-06-05,Jupiter,,,3.0,,,,,0.0,,,,,6.0,,,,,#00bfa5,,,
2025-06-05,Pacifica,,,1.0,,,,,0.0,,,,,1.0,,,,,#545cf8,,,
2025-06-05,_Drift,Drift,,,60.0,,,,,0.0,,,,,,,,,,,,
2025-06-05,_GMTrade,GMTrade,,,27.0,,,,,0.0,,,,,2.0,,,,,#f79009,,
2025-06-05,_Flash Trade,Flash Trade,,,16.0,,,,,0.0,,,,,4.0,,,,,#63b512,,
2025-06-05,_Jupiter,Jupiter,,,3.0,,,,,0.0,,,,,6.0,,,,,#00bfa5,,
2025-06-05,_Pacifica,Pacifica,,,1.0,,,,,0.0,,,,,1.0,,,,,#545cf8,,
2025-06-05,Crypto,,,,,71.0,,,,,0.0,,,,,1.0,,,,,#545cf8,
2025-06-05,Commodity,,,,,3.0,,,,,0.0,,,,,3.0,,,,,#904ea6,
2025-06-05,FX,,,,,2.0,,,,,0.0,,,,,4.0,,,,,#63b512,
2025-06-04,Total,,76.0,,,,,0.0,,,,,1.0,,,,,#545cf8,,,,
2025-06-04,Drift,,,60.0,,,,,0.0,,,,,,,,,,,,,
2025-06-04,GMTrade,,,27.0,,,,,0.0,,,,,2.0,,,,,#f79009,,,
2025-06-04,Flash Trade,,,16.0,,,,,0.0,,,,,4.0,,,,,#63b512,,,
2025-06-04,Jupiter,,,3.0,,,,,0.0,,,,,6.0,,,,,#00bfa5,,,
2025-06-04,Pacifica,,,1.0,,,,,0.0,,,,,1.0,,,,,#545cf8,,,
2025-06-04,_Drift,Drift,,,60.0,,,,,0.0,,,,,,,,,,,,
2025-06-04,_GMTrade,GMTrade,,,27.0,,,,,0.0,,,,,2.0,,,,,#f79009,,
2025-06-04,_Flash Trade,Flash Trade,,,16.0,,,,,0.0,,,,,4.0,,,,,#63b512,,
2025-06-04,_Jupiter,Jupiter,,,3.0,,,,,0.0,,,,,6.0,,,,,#00bfa5,,
2025-06-04,_Pacifica,Pacifica,,,1.0,,,,,0.0,,,,,1.0,,,,,#545cf8,,
2025-06-04,Crypto,,,,,71.0,,,,,0.0,,,,,1.0,,,,,#545cf8,
2025-06-04,Commodity,,,,,3.0,,,,,0.0,,,,,3.0,,,,,#904ea6,
2025-06-04,FX,,,,,2.0,,,,,0.0,,,,,4.0,,,,,#63b512,
2025-06-03,Total,,76.0,,,,,0.0,,,,,1.0,,,,,#545cf8,,,,
2025-06-03,Drift,,,60.0,,,,,0.0,,,,,,,,,,,,,
2025-06-03,GMTrade,,,27.0,,,,,0.0,,,,,2.0,,,,,#f79009,,,
2025-06-03,Flash Trade,,,16.0,,,,,0.0,,,,,4.0,,,,,#63b512,,,
2025-06-03,Jupiter,,,3.0,,,,,0.0,,,,,6.0,,,,,#00bfa5,,,
2025-06-03,Pacifica,,,1.0,,,,,,,,,,1.0,,,,,#545cf8,,,
2025-06-03,_Drift,Drift,,,60.0,,,,,0.0,,,,,,,,,,,,
2025-06-03,_GMTrade,GMTrade,,,27.0,,,,,0.0,,,,,2.0,,,,,#f79009,,
2025-06-03,_Flash Trade,Flash Trade,,,16.0,,,,,0.0,,,,,4.0,,,,,#63b512,,
2025-06-03,_Jupiter,Jupiter,,,3.0,,,,,0.0,,,,,6.0,,,,,#00bfa5,,
2025-06-03,_Pacifica,Pacifica,,,1.0,,,,,,,,,,1.0,,,,,#545cf8,,
2025-06-03,Crypto,,,,,71.0,,,,,0.0,,,,,1.0,,,,,#545cf8,
2025-06-03,Commodity,,,,,3.0,,,,,0.0,,,,,3.0,,,,,#904ea6,
2025-06-03,FX,,,,,2.0,,,,,0.0,,,,,4.0,,,,,#63b512,
2025-06-02,Total,,76.0,,,,,0.0,,,,,1.0,,,,,#545cf8,,,,
2025-06-02,Drift,,,60.0,,,,,0.0,,,,,,,,,,,,,
2025-06-02,GMTrade,,,27.0,,,,,0.0,,,,,2.0,,,,,#f79009,,,
2025-06-02,Flash Trade,,,16.0,,,,,0.0,,,,,4.0,,,,,#63b512,,,
2025-06-02,Jupiter,,,3.0,,,,,0.0,,,,,6.0,,,,,#00bfa5,,,
2025-06-02,_Drift,Drift,,,60.0,,,,,0.0,,,,,,,,,,,,
2025-06-02,_GMTrade,GMTrade,,,27.0,,,,,0.0,,,,,2.0,,,,,#f79009,,
2025-06-02,_Flash Trade,Flash Trade,,,16.0,,,,,0.0,,,,,4.0,,,,,#63b512,,
2025-06-02,_Jupiter,Jupiter,,,3.0,,,,,0.0,,,,,6.0,,,,,#00bfa5,,
2025-06-02,Crypto,,,,,71.0,,,,,0.0,,,,,1.0,,,,,#545cf8,
2025-06-02,Commodity,,,,,3.0,,,,,0.0,,,,,3.0,,,,,#904ea6,
2025-06-02,FX,,,,,2.0,,,,,0.0,,,,,4.0,,,,,#63b512,
2025-06-01,Total,,76.0,,,,,0.0,,,,,1.0,,,,,#545cf8,,,,
2025-06-01,Drift,,,60.0,,,,,0.0,,,,,,,,,,,,,
2025-06-01,GMTrade,,,27.0,,,,,0.0,,,,,2.0,,,,,#f79009,,,
2025-06-01,Flash Trade,,,16.0,,,,,0.0,,,,,4.0,,,,,#63b512,,,
2025-06-01,Jupiter,,,3.0,,,,,0.0,,,,,6.0,,,,,#00bfa5,,,
2025-06-01,_Drift,Drift,,,60.0,,,,,0.0,,,,,,,,,,,,
2025-06-01,_GMTrade,GMTrade,,,27.0,,,,,0.0,,,,,2.0,,,,,#f79009,,
2025-06-01,_Flash Trade,Flash Trade,,,16.0,,,,,0.0,,,,,4.0,,,,,#63b512,,
2025-06-01,_Jupiter,Jupiter,,,3.0,,,,,0.0,,,,,6.0,,,,,#00bfa5,,
2025-06-01,Crypto,,,,,71.0,,,,,0.0,,,,,1.0,,,,,#545cf8,
2025-06-01,Commodity,,,,,3.0,,,,,0.0,,,,,3.0,,,,,#904ea6,
2025-06-01,FX,,,,,2.0,,,,,0.0,,,,,4.0,,,,,#63b512,
2025-05-31,Total,,76.0,,,,,0.0,,,,,1.0,,,,,#545cf8,,,,
2025-05-31,Drift,,,60.0,,,,,0.0,,,,,,,,,,,,,
2025-05-31,GMTrade,,,27.0,,,,,0.0,,,,,2.0,,,,,#f79009,,,
2025-05-31,Flash Trade,,,16.0,,,,,0.0,,,,,4.0,,,,,#63b512,,,
2025-05-31,Jupiter,,,3.0,,,,,0.0,,,,,6.0,,,,,#00bfa5,,,
2025-05-31,_Drift,Drift,,,60.0,,,,,0.0,,,,,,,,,,,,
2025-05-31,_GMTrade,GMTrade,,,27.0,,,,,0.0,,,,,2.0,,,,,#f79009,,
2025-05-31,_Flash Trade,Flash Trade,,,16.0,,,,,0.0,,,,,4.0,,,,,#63b512,,
2025-05-31,_Jupiter,Jupiter,,,3.0,,,,,0.0,,,,,6.0,,,,,#00bfa5,,
2025-05-31,Crypto,,,,,71.0,,,,,0.0,,,,,1.0,,,,,#545cf8,
2025-05-31,Commodity,,,,,3.0,,,,,0.0,,,,,3.0,,,,,#904ea6,
2025-05-31,FX,,,,,2.0,,,,,0.0,,,,,4.0,,,,,#63b512,
2025-05-30,Total,,76.0,,,,,0.0,,,,,1.0,,,,,#545cf8,,,,
2025-05-30,Drift,,,60.0,,,,,0.0,,,,,,,,,,,,,
2025-05-30,GMTrade,,,27.0,,,,,0.0,,,,,2.0,,,,,#f79009,,,
2025-05-30,Flash Trade,,,16.0,,,,,0.0,,,,,4.0,,,,,#63b512,,,
2025-05-30,Jupiter,,,3.0,,,,,0.0,,,,,6.0,,,,,#00bfa5,,,
2025-05-30,_Drift,Drift,,,60.0,,,,,0.0,,,,,,,,,,,,
2025-05-30,_GMTrade,GMTrade,,,27.0,,,,,0.0,,,,,2.0,,,,,#f79009,,
2025-05-30,_Flash Trade,Flash Trade,,,16.0,,,,,0.0,,,,,4.0,,,,,#63b512,,
2025-05-30,_Jupiter,Jupiter,,,3.0,,,,,0.0,,,,,6.0,,,,,#00bfa5,,
2025-05-30,Crypto,,,,,71.0,,,,,0.0,,,,,1.0,,,,,#545cf8,
2025-05-30,Commodity,,,,,3.0,,,,,0.0,,,,,3.0,,,,,#904ea6,
2025-05-30,FX,,,,,2.0,,,,,0.0,,,,,4.0,,,,,#63b512,
2025-05-29,Total,,76.0,,,,,0.0,,,,,1.0,,,,,#545cf8,,,,
2025-05-29,Drift,,,60.0,,,,,0.0,,,,,,,,,,,,,
2025-05-29,GMTrade,,,27.0,,,,,0.0,,,,,2.0,,,,,#f79009,,,
2025-05-29,Flash Trade,,,16.0,,,,,0.0,,,,,4.0,,,,,#63b512,,,
2025-05-29,Jupiter,,,3.0,,,,,0.0,,,,,6.0,,,,,#00bfa5,,,
2025-05-29,_Drift,Drift,,,60.0,,,,,0.0,,,,,,,,,,,,
2025-05-29,_GMTrade,GMTrade,,,27.0,,,,,0.0,,,,,2.0,,,,,#f79009,,
2025-05-29,_Flash Trade,Flash Trade,,,16.0,,,,,0.0,,,,,4.0,,,,,#63b512,,
2025-05-29,_Jupiter,Jupiter,,,3.0,,,,,0.0,,,,,6.0,,,,,#00bfa5,,
2025-05-29,Crypto,,,,,71.0,,,,,0.0,,,,,1.0,,,,,#545cf8,
2025-05-29,Commodity,,,,,3.0,,,,,0.0,,,,,3.0,,,,,#904ea6,
2025-05-29,FX,,,,,2.0,,,,,0.0,,,,,4.0,,,,,#63b512,
2025-05-28,Total,,76.0,,,,,0.0,,,,,1.0,,,,,#545cf8,,,,
2025-05-28,Drift,,,60.0,,,,,0.0,,,,,,,,,,,,,
2025-05-28,GMTrade,,,27.0,,,,,0.0,,,,,2.0,,,,,#f79009,,,
2025-05-28,Flash Trade,,,16.0,,,,,0.0,,,,,4.0,,,,,#63b512,,,
2025-05-28,Jupiter,,,3.0,,,,,0.0,,,,,6.0,,,,,#00bfa5,,,
2025-05-28,_Drift,Drift,,,60.0,,,,,0.0,,,,,,,,,,,,
2025-05-28,_GMTrade,GMTrade,,,27.0,,,,,0.0,,,,,2.0,,,,,#f79009,,
2025-05-28,_Flash Trade,Flash Trade,,,16.0,,,,,0.0,,,,,4.0,,,,,#63b512,,
2025-05-28,_Jupiter,Jupiter,,,3.0,,,,,0.0,,,,,6.0,,,,,#00bfa5,,
2025-05-28,Crypto,,,,,71.0,,,,,0.0,,,,,1.0,,,,,#545cf8,
2025-05-28,Commodity,,,,,3.0,,,,,0.0,,,,,3.0,,,,,#904ea6,
2025-05-28,FX,,,,,2.0,,,,,0.0,,,,,4.0,,,,,#63b512,
2025-05-27,Total,,76.0,,,,,0.0,,,,,1.0,,,,,#545cf8,,,,
2025-05-27,Drift,,,60.0,,,,,0.0,,,,,,,,,,,,,
2025-05-27,GMTrade,,,27.0,,,,,0.0,,,,,2.0,,,,,#f79009,,,
2025-05-27,Flash Trade,,,16.0,,,,,0.0,,,,,4.0,,,,,#63b512,,,
2025-05-27,Jupiter,,,3.0,,,,,0.0,,,,,6.0,,,,,#00bfa5,,,
2025-05-27,_Drift,Drift,,,60.0,,,,,0.0,,,,,,,,,,,,
2025-05-27,_GMTrade,GMTrade,,,27.0,,,,,0.0,,,,,2.0,,,,,#f79009,,
2025-05-27,_Flash Trade,Flash Trade,,,16.0,,,,,0.0,,,,,4.0,,,,,#63b512,,
2025-05-27,_Jupiter,Jupiter,,,3.0,,,,,0.0,,,,,6.0,,,,,#00bfa5,,
2025-05-27,Crypto,,,,,71.0,,,,,0.0,,,,,1.0,,,,,#545cf8,
2025-05-27,Commodity,,,,,3.0,,,,,0.0,,,,,3.0,,,,,#904ea6,
2025-05-27,FX,,,,,2.0,,,,,0.0,,,,,4.0,,,,,#63b512,
2025-05-26,Total,,76.0,,,,,0.0,,,,,1.0,,,,,#545cf8,,,,
2025-05-26,Drift,,,60.0,,,,,0.0,,,,,,,,,,,,,
2025-05-26,GMTrade,,,27.0,,,,,0.0,,,,,2.0,,,,,#f79009,,,
2025-05-26,Flash Trade,,,16.0,,,,,0.0,,,,,4.0,,,,,#63b512,,,
2025-05-26,Jupiter,,,3.0,,,,,0.0,,,,,6.0,,,,,#00bfa5,,,
2025-05-26,_Drift,Drift,,,60.0,,,,,0.0,,,,,,,,,,,,
2025-05-26,_GMTrade,GMTrade,,,27.0,,,,,0.0,,,,,2.0,,,,,#f79009,,
2025-05-26,_Flash Trade,Flash Trade,,,16.0,,,,,0.0,,,,,4.0,,,,,#63b512,,
2025-05-26,_Jupiter,Jupiter,,,3.0,,,,,0.0,,,,,6.0,,,,,#00bfa5,,
2025-05-26,Crypto,,,,,71.0,,,,,0.0,,,,,1.0,,,,,#545cf8,
2025-05-26,Commodity,,,,,3.0,,,,,0.0,,,,,3.0,,,,,#904ea6,
2025-05-26,FX,,,,,2.0,,,,,0.0,,,,,4.0,,,,,#63b512,
2025-05-25,Total,,76.0,,,,,0.0,,,,,1.0,,,,,#545cf8,,,,
2025-05-25,Drift,,,60.0,,,,,0.0,,,,,,,,,,,,,
2025-05-25,GMTrade,,,27.0,,,,,0.0,,,,,2.0,,,,,#f79009,,,
2025-05-25,Flash Trade,,,16.0,,,,,0.0,,,,,4.0,,,,,#63b512,,,
2025-05-25,Jupiter,,,3.0,,,,,0.0,,,,,6.0,,,,,#00bfa5,,,
2025-05-25,_Drift,Drift,,,60.0,,,,,0.0,,,,,,,,,,,,
2025-05-25,_GMTrade,GMTrade,,,27.0,,,,,0.0,,,,,2.0,,,,,#f79009,,
2025-05-25,_Flash Trade,Flash Trade,,,16.0,,,,,0.0,,,,,4.0,,,,,#63b512,,
2025-05-25,_Jupiter,Jupiter,,,3.0,,,,,0.0,,,,,6.0,,,,,#00bfa5,,
2025-05-25,Crypto,,,,,71.0,,,,,0.0,,,,,1.0,,,,,#545cf8,
2025-05-25,Commodity,,,,,3.0,,,,,0.0,,,,,3.0,,,,,#904ea6,
2025-05-25,FX,,,,,2.0,,,,,0.0,,,,,4.0,,,,,#63b512,
2025-05-24,Total,,76.0,,,,,0.0,,,,,1.0,,,,,#545cf8,,,,
2025-05-24,Drift,,,60.0,,,,,0.0,,,,,,,,,,,,,
2025-05-24,GMTrade,,,27.0,,,,,0.0,,,,,2.0,,,,,#f79009,,,
2025-05-24,Flash Trade,,,16.0,,,,,0.0,,,,,4.0,,,,,#63b512,,,
2025-05-24,Jupiter,,,3.0,,,,,0.0,,,,,6.0,,,,,#00bfa5,,,
2025-05-24,_Drift,Drift,,,60.0,,,,,0.0,,,,,,,,,,,,
2025-05-24,_GMTrade,GMTrade,,,27.0,,,,,0.0,,,,,2.0,,,,,#f79009,,
2025-05-24,_Flash Trade,Flash Trade,,,16.0,,,,,0.0,,,,,4.0,,,,,#63b512,,
2025-05-24,_Jupiter,Jupiter,,,3.0,,,,,0.0,,,,,6.0,,,,,#00bfa5,,
2025-05-24,Crypto,,,,,71.0,,,,,0.0,,,,,1.0,,,,,#545cf8,
2025-05-24,Commodity,,,,,3.0,,,,,0.0,,,,,3.0,,,,,#904ea6,
2025-05-24,FX,,,,,2.0,,,,,0.0,,,,,4.0,,,,,#63b512,
2025-05-23,Total,,76.0,,,,,0.0,,,,,1.0,,,,,#545cf8,,,,
2025-05-23,Drift,,,60.0,,,,,0.0,,,,,,,,,,,,,
2025-05-23,GMTrade,,,27.0,,,,,0.0,,,,,2.0,,,,,#f79009,,,
2025-05-23,Flash Trade,,,16.0,,,,,0.0,,,,,4.0,,,,,#63b512,,,
2025-05-23,Jupiter,,,3.0,,,,,0.0,,,,,6.0,,,,,#00bfa5,,,
2025-05-23,_Drift,Drift,,,60.0,,,,,0.0,,,,,,,,,,,,
2025-05-23,_GMTrade,GMTrade,,,27.0,,,,,0.0,,,,,2.0,,,,,#f79009,,
2025-05-23,_Flash Trade,Flash Trade,,,16.0,,,,,0.0,,,,,4.0,,,,,#63b512,,
2025-05-23,_Jupiter,Jupiter,,,3.0,,,,,0.0,,,,,6.0,,,,,#00bfa5,,
2025-05-23,Crypto,,,,,71.0,,,,,0.0,,,,,1.0,,,,,#545cf8,
2025-05-23,Commodity,,,,,3.0,,,,,0.0,,,,,3.0,,,,,#904ea6,
2025-05-23,FX,,,,,2.0,,,,,0.0,,,,,4.0,,,,,#63b512,
2025-05-22,Total,,76.0,,,,,0.0,,,,,1.0,,,,,#545cf8,,,,
2025-05-22,Drift,,,60.0,,,,,0.0,,,,,,,,,,,,,
2025-05-22,GMTrade,,,27.0,,,,,0.0,,,,,2.0,,,,,#f79009,,,
2025-05-22,Flash Trade,,,16.0,,,,,0.0,,,,,4.0,,,,,#63b512,,,
2025-05-22,Jupiter,,,3.0,,,,,0.0,,,,,6.0,,,,,#00bfa5,,,
2025-05-22,_Drift,Drift,,,60.0,,,,,0.0,,,,,,,,,,,,
2025-05-22,_GMTrade,GMTrade,,,27.0,,,,,0.0,,,,,2.0,,,,,#f79009,,
2025-05-22,_Flash Trade,Flash Trade,,,16.0,,,,,0.0,,,,,4.0,,,,,#63b512,,
2025-05-22,_Jupiter,Jupiter,,,3.0,,,,,0.0,,,,,6.0,,,,,#00bfa5,,
2025-05-22,Crypto,,,,,71.0,,,,,0.0,,,,,1.0,,,,,#545cf8,
2025-05-22,Commodity,,,,,3.0,,,,,0.0,,,,,3.0,,,,,#904ea6,
2025-05-22,FX,,,,,2.0,,,,,0.0,,,,,4.0,,,,,#63b512,
2025-05-21,Total,,76.0,,,,,0.0,,,,,1.0,,,,,#545cf8,,,,
2025-05-21,Drift,,,60.0,,,,,0.0,,,,,,,,,,,,,
2025-05-21,GMTrade,,,27.0,,,,,0.0,,,,,2.0,,,,,#f79009,,,
2025-05-21,Flash Trade,,,16.0,,,,,0.0,,,,,4.0,,,,,#63b512,,,
2025-05-21,Jupiter,,,3.0,,,,,0.0,,,,,6.0,,,,,#00bfa5,,,
2025-05-21,_Drift,Drift,,,60.0,,,,,0.0,,,,,,,,,,,,
2025-05-21,_GMTrade,GMTrade,,,27.0,,,,,0.0,,,,,2.0,,,,,#f79009,,
2025-05-21,_Flash Trade,Flash Trade,,,16.0,,,,,0.0,,,,,4.0,,,,,#63b512,,
2025-05-21,_Jupiter,Jupiter,,,3.0,,,,,0.0,,,,,6.0,,,,,#00bfa5,,
2025-05-21,Crypto,,,,,71.0,,,,,0.0,,,,,1.0,,,,,#545cf8,
2025-05-21,Commodity,,,,,3.0,,,,,0.0,,,,,3.0,,,,,#904ea6,
2025-05-21,FX,,,,,2.0,,,,,0.0,,,,,4.0,,,,,#63b512,
2025-05-20,Total,,76.0,,,,,0.0,,,,,1.0,,,,,#545cf8,,,,
2025-05-20,Drift,,,60.0,,,,,0.0,,,,,,,,,,,,,
2025-05-20,GMTrade,,,27.0,,,,,0.0,,,,,2.0,,,,,#f79009,,,
2025-05-20,Flash Trade,,,16.0,,,,,0.0,,,,,4.0,,,,,#63b512,,,
2025-05-20,Jupiter,,,3.0,,,,,0.0,,,,,6.0,,,,,#00bfa5,,,
2025-05-20,_Drift,Drift,,,60.0,,,,,0.0,,,,,,,,,,,,
2025-05-20,_GMTrade,GMTrade,,,27.0,,,,,0.0,,,,,2.0,,,,,#f79009,,
2025-05-20,_Flash Trade,Flash Trade,,,16.0,,,,,0.0,,,,,4.0,,,,,#63b512,,
2025-05-20,_Jupiter,Jupiter,,,3.0,,,,,0.0,,,,,6.0,,,,,#00bfa5,,
2025-05-20,Crypto,,,,,71.0,,,,,0.0,,,,,1.0,,,,,#545cf8,
2025-05-20,Commodity,,,,,3.0,,,,,0.0,,,,,3.0,,,,,#904ea6,
2025-05-20,FX,,,,,2.0,,,,,0.0,,,,,4.0,,,,,#63b512,
2025-05-19,Total,,76.0,,,,,0.0,,,,,1.0,,,,,#545cf8,,,,
2025-05-19,Drift,,,60.0,,,,,0.0,,,,,,,,,,,,,
2025-05-19,GMTrade,,,27.0,,,,,0.0,,,,,2.0,,,,,#f79009,,,
2025-05-19,Flash Trade,,,16.0,,,,,0.0,,,,,4.0,,,,,#63b512,,,
2025-05-19,Jupiter,,,3.0,,,,,0.0,,,,,6.0,,,,,#00bfa5,,,
2025-05-19,_Drift,Drift,,,60.0,,,,,0.0,,,,,,,,,,,,
2025-05-19,_GMTrade,GMTrade,,,27.0,,,,,0.0,,,,,2.0,,,,,#f79009,,
2025-05-19,_Flash Trade,Flash Trade,,,16.0,,,,,0.0,,,,,4.0,,,,,#63b512,,
2025-05-19,_Jupiter,Jupiter,,,3.0,,,,,0.0,,,,,6.0,,,,,#00bfa5,,
2025-05-19,Crypto,,,,,71.0,,,,,0.0,,,,,1.0,,,,,#545cf8,
2025-05-19,Commodity,,,,,3.0,,,,,0.0,,,,,3.0,,,,,#904ea6,
2025-05-19,FX,,,,,2.0,,,,,0.0,,,,,4.0,,,,,#63b512,
2025-05-18,Total,,76.0,,,,,0.0,,,,,1.0,,,,,#545cf8,,,,
2025-05-18,Drift,,,60.0,,,,,0.0,,,,,,,,,,,,,
2025-05-18,GMTrade,,,27.0,,,,,0.0,,,,,2.0,,,,,#f79009,,,
2025-05-18,Flash Trade,,,16.0,,,,,0.0,,,,,4.0,,,,,#63b512,,,
2025-05-18,Jupiter,,,3.0,,,,,0.0,,,,,6.0,,,,,#00bfa5,,,
2025-05-18,_Drift,Drift,,,60.0,,,,,0.0,,,,,,,,,,,,
2025-05-18,_GMTrade,GMTrade,,,27.0,,,,,0.0,,,,,2.0,,,,,#f79009,,
2025-05-18,_Flash Trade,Flash Trade,,,16.0,,,,,0.0,,,,,4.0,,,,,#63b512,,
2025-05-18,_Jupiter,Jupiter,,,3.0,,,,,0.0,,,,,6.0,,,,,#00bfa5,,
2025-05-18,Crypto,,,,,71.0,,,,,0.0,,,,,1.0,,,,,#545cf8,
2025-05-18,Commodity,,,,,3.0,,,,,0.0,,,,,3.0,,,,,#904ea6,
2025-05-18,FX,,,,,2.0,,,,,0.0,,,,,4.0,,,,,#63b512,
2025-05-17,Total,,76.0,,,,,0.0,,,,,1.0,,,,,#545cf8,,,,
2025-05-17,Drift,,,60.0,,,,,0.0,,,,,,,,,,,,,
2025-05-17,GMTrade,,,27.0,,,,,0.0,,,,,2.0,,,,,#f79009,,,
2025-05-17,Flash Trade,,,16.0,,,,,0.0,,,,,4.0,,,,,#63b512,,,
2025-05-17,Jupiter,,,3.0,,,,,0.0,,,,,6.0,,,,,#00bfa5,,,
2025-05-17,_Drift,Drift,,,60.0,,,,,0.0,,,,,,,,,,,,
2025-05-17,_GMTrade,GMTrade,,,27.0,,,,,0.0,,,,,2.0,,,,,#f79009,,
2025-05-17,_Flash Trade,Flash Trade,,,16.0,,,,,0.0,,,,,4.0,,,,,#63b512,,
2025-05-17,_Jupiter,Jupiter,,,3.0,,,,,0.0,,,,,6.0,,,,,#00bfa5,,
2025-05-17,Crypto,,,,,71.0,,,,,0.0,,,,,1.0,,,,,#545cf8,
2025-05-17,Commodity,,,,,3.0,,,,,0.0,,,,,3.0,,,,,#904ea6,
2025-05-17,FX,,,,,2.0,,,,,0.0,,,,,4.0,,,,,#63b512,
2025-05-16,Total,,76.0,,,,,0.0,,,,,1.0,,,,,#545cf8,,,,
2025-05-16,Drift,,,60.0,,,,,0.0,,,,,,,,,,,,,
2025-05-16,GMTrade,,,27.0,,,,,0.0,,,,,2.0,,,,,#f79009,,,
2025-05-16,Flash Trade,,,16.0,,,,,0.0,,,,,4.0,,,,,#63b512,,,
2025-05-16,Jupiter,,,3.0,,,,,0.0,,,,,6.0,,,,,#00bfa5,,,
2025-05-16,_Drift,Drift,,,60.0,,,,,0.0,,,,,,,,,,,,
2025-05-16,_GMTrade,GMTrade,,,27.0,,,,,0.0,,,,,2.0,,,,,#f79009,,
2025-05-16,_Flash Trade,Flash Trade,,,16.0,,,,,0.0,,,,,4.0,,,,,#63b512,,
2025-05-16,_Jupiter,Jupiter,,,3.0,,,,,0.0,,,,,6.0,,,,,#00bfa5,,
2025-05-16,Crypto,,,,,71.0,,,,,0.0,,,,,1.0,,,,,#545cf8,
2025-05-16,Commodity,,,,,3.0,,,,,0.0,,,,,3.0,,,,,#904ea6,
2025-05-16,FX,,,,,2.0,,,,,0.0,,,,,4.0,,,,,#63b512,
2025-05-15,Total,,76.0,,,,,1.0,,,,,1.0,,,,,#545cf8,,,,
2025-05-15,Drift,,,60.0,,,,,1.0,,,,,,,,,,,,,
2025-05-15,GMTrade,,,27.0,,,,,0.0,,,,,2.0,,,,,#f79009,,,
2025-05-15,Flash Trade,,,16.0,,,,,0.0,,,,,4.0,,,,,#63b512,,,
2025-05-15,Jupiter,,,3.0,,,,,0.0,,,,,6.0,,,,,#00bfa5,,,
2025-05-15,_Drift,Drift,,,60.0,,,,,1.0,,,,,,,,,,,,
2025-05-15,_GMTrade,GMTrade,,,27.0,,,,,0.0,,,,,2.0,,,,,#f79009,,
2025-05-15,_Flash Trade,Flash Trade,,,16.0,,,,,0.0,,,,,4.0,,,,,#63b512,,
2025-05-15,_Jupiter,Jupiter,,,3.0,,,,,0.0,,,,,6.0,,,,,#00bfa5,,
2025-05-15,Crypto,,,,,71.0,,,,,1.0,,,,,1.0,,,,,#545cf8,
2025-05-15,Commodity,,,,,3.0,,,,,0.0,,,,,3.0,,,,,#904ea6,
2025-05-15,FX,,,,,2.0,,,,,0.0,,,,,4.0,,,,,#63b512,
2025-05-14,Total,,75.0,,,,,0.0,,,,,1.0,,,,,#545cf8,,,,
2025-05-14,Drift,,,59.0,,,,,0.0,,,,,,,,,,,,,
2025-05-14,GMTrade,,,27.0,,,,,0.0,,,,,2.0,,,,,#f79009,,,
2025-05-14,Flash Trade,,,16.0,,,,,0.0,,,,,4.0,,,,,#63b512,,,
2025-05-14,Jupiter,,,3.0,,,,,0.0,,,,,6.0,,,,,#00bfa5,,,
2025-05-14,_Drift,Drift,,,59.0,,,,,0.0,,,,,,,,,,,,
2025-05-14,_GMTrade,GMTrade,,,27.0,,,,,0.0,,,,,2.0,,,,,#f79009,,
2025-05-14,_Flash Trade,Flash Trade,,,16.0,,,,,0.0,,,,,4.0,,,,,#63b512,,
2025-05-14,_Jupiter,Jupiter,,,3.0,,,,,0.0,,,,,6.0,,,,,#00bfa5,,
2025-05-14,Crypto,,,,,70.0,,,,,0.0,,,,,1.0,,,,,#545cf8,
2025-05-14,Commodity,,,,,3.0,,,,,0.0,,,,,3.0,,,,,#904ea6,
2025-05-14,FX,,,,,2.0,,,,,0.0,,,,,4.0,,,,,#63b512,
2025-05-13,Total,,75.0,,,,,0.0,,,,,1.0,,,,,#545cf8,,,,
2025-05-13,Drift,,,59.0,,,,,0.0,,,,,,,,,,,,,
2025-05-13,GMTrade,,,27.0,,,,,0.0,,,,,2.0,,,,,#f79009,,,
2025-05-13,Flash Trade,,,16.0,,,,,0.0,,,,,4.0,,,,,#63b512,,,
2025-05-13,Jupiter,,,3.0,,,,,0.0,,,,,6.0,,,,,#00bfa5,,,
2025-05-13,_Drift,Drift,,,59.0,,,,,0.0,,,,,,,,,,,,
2025-05-13,_GMTrade,GMTrade,,,27.0,,,,,0.0,,,,,2.0,,,,,#f79009,,
2025-05-13,_Flash Trade,Flash Trade,,,16.0,,,,,0.0,,,,,4.0,,,,,#63b512,,
2025-05-13,_Jupiter,Jupiter,,,3.0,,,,,0.0,,,,,6.0,,,,,#00bfa5,,
2025-05-13,Crypto,,,,,70.0,,,,,0.0,,,,,1.0,,,,,#545cf8,
2025-05-13,Commodity,,,,,3.0,,,,,0.0,,,,,3.0,,,,,#904ea6,
2025-05-13,FX,,,,,2.0,,,,,0.0,,,,,4.0,,,,,#63b512,
2025-05-12,Total,,75.0,,,,,0.0,,,,,1.0,,,,,#545cf8,,,,
2025-05-12,Drift,,,59.0,,,,,0.0,,,,,,,,,,,,,
2025-05-12,GMTrade,,,27.0,,,,,0.0,,,,,2.0,,,,,#f79009,,,
2025-05-12,Flash Trade,,,16.0,,,,,0.0,,,,,4.0,,,,,#63b512,,,
2025-05-12,Jupiter,,,3.0,,,,,0.0,,,,,6.0,,,,,#00bfa5,,,
2025-05-12,_Drift,Drift,,,59.0,,,,,0.0,,,,,,,,,,,,
2025-05-12,_GMTrade,GMTrade,,,27.0,,,,,0.0,,,,,2.0,,,,,#f79009,,
2025-05-12,_Flash Trade,Flash Trade,,,16.0,,,,,0.0,,,,,4.0,,,,,#63b512,,
2025-05-12,_Jupiter,Jupiter,,,3.0,,,,,0.0,,,,,6.0,,,,,#00bfa5,,
2025-05-12,Crypto,,,,,70.0,,,,,0.0,,,,,1.0,,,,,#545cf8,
2025-05-12,Commodity,,,,,3.0,,,,,0.0,,,,,3.0,,,,,#904ea6,
2025-05-12,FX,,,,,2.0,,,,,0.0,,,,,4.0,,,,,#63b512,
2025-05-11,Total,,75.0,,,,,0.0,,,,,1.0,,,,,#545cf8,,,,
2025-05-11,Drift,,,59.0,,,,,0.0,,,,,,,,,,,,,
2025-05-11,GMTrade,,,27.0,,,,,0.0,,,,,2.0,,,,,#f79009,,,
2025-05-11,Flash Trade,,,16.0,,,,,0.0,,,,,4.0,,,,,#63b512,,,
2025-05-11,Jupiter,,,3.0,,,,,0.0,,,,,6.0,,,,,#00bfa5,,,
2025-05-11,_Drift,Drift,,,59.0,,,,,0.0,,,,,,,,,,,,
2025-05-11,_GMTrade,GMTrade,,,27.0,,,,,0.0,,,,,2.0,,,,,#f79009,,
2025-05-11,_Flash Trade,Flash Trade,,,16.0,,,,,0.0,,,,,4.0,,,,,#63b512,,
2025-05-11,_Jupiter,Jupiter,,,3.0,,,,,0.0,,,,,6.0,,,,,#00bfa5,,
2025-05-11,Crypto,,,,,70.0,,,,,0.0,,,,,1.0,,,,,#545cf8,
2025-05-11,Commodity,,,,,3.0,,,,,0.0,,,,,3.0,,,,,#904ea6,
2025-05-11,FX,,,,,2.0,,,,,0.0,,,,,4.0,,,,,#63b512,
2025-05-10,Total,,75.0,,,,,0.0,,,,,1.0,,,,,#545cf8,,,,
2025-05-10,Drift,,,59.0,,,,,0.0,,,,,,,,,,,,,
2025-05-10,GMTrade,,,27.0,,,,,0.0,,,,,2.0,,,,,#f79009,,,
2025-05-10,Flash Trade,,,16.0,,,,,0.0,,,,,4.0,,,,,#63b512,,,
2025-05-10,Jupiter,,,3.0,,,,,0.0,,,,,6.0,,,,,#00bfa5,,,
2025-05-10,_Drift,Drift,,,59.0,,,,,0.0,,,,,,,,,,,,
2025-05-10,_GMTrade,GMTrade,,,27.0,,,,,0.0,,,,,2.0,,,,,#f79009,,
2025-05-10,_Flash Trade,Flash Trade,,,16.0,,,,,0.0,,,,,4.0,,,,,#63b512,,
2025-05-10,_Jupiter,Jupiter,,,3.0,,,,,0.0,,,,,6.0,,,,,#00bfa5,,
2025-05-10,Crypto,,,,,70.0,,,,,0.0,,,,,1.0,,,,,#545cf8,
2025-05-10,Commodity,,,,,3.0,,,,,0.0,,,,,3.0,,,,,#904ea6,
2025-05-10,FX,,,,,2.0,,,,,0.0,,,,,4.0,,,,,#63b512,
2025-05-09,Total,,75.0,,,,,0.0,,,,,1.0,,,,,#545cf8,,,,
2025-05-09,Drift,,,59.0,,,,,0.0,,,,,,,,,,,,,
2025-05-09,GMTrade,,,27.0,,,,,0.0,,,,,2.0,,,,,#f79009,,,
2025-05-09,Flash Trade,,,16.0,,,,,0.0,,,,,4.0,,,,,#63b512,,,
2025-05-09,Jupiter,,,3.0,,,,,0.0,,,,,6.0,,,,,#00bfa5,,,
2025-05-09,_Drift,Drift,,,59.0,,,,,0.0,,,,,,,,,,,,
2025-05-09,_GMTrade,GMTrade,,,27.0,,,,,0.0,,,,,2.0,,,,,#f79009,,
2025-05-09,_Flash Trade,Flash Trade,,,16.0,,,,,0.0,,,,,4.0,,,,,#63b512,,
2025-05-09,_Jupiter,Jupiter,,,3.0,,,,,0.0,,,,,6.0,,,,,#00bfa5,,
2025-05-09,Crypto,,,,,70.0,,,,,0.0,,,,,1.0,,,,,#545cf8,
2025-05-09,Commodity,,,,,3.0,,,,,0.0,,,,,3.0,,,,,#904ea6,
2025-05-09,FX,,,,,2.0,,,,,0.0,,,,,4.0,,,,,#63b512,
2025-05-08,Total,,75.0,,,,,0.0,,,,,1.0,,,,,#545cf8,,,,
2025-05-08,Drift,,,59.0,,,,,0.0,,,,,,,,,,,,,
2025-05-08,GMTrade,,,27.0,,,,,0.0,,,,,2.0,,,,,#f79009,,,
2025-05-08,Flash Trade,,,16.0,,,,,0.0,,,,,4.0,,,,,#63b512,,,
2025-05-08,Jupiter,,,3.0,,,,,0.0,,,,,6.0,,,,,#00bfa5,,,
2025-05-08,_Drift,Drift,,,59.0,,,,,0.0,,,,,,,,,,,,
2025-05-08,_GMTrade,GMTrade,,,27.0,,,,,0.0,,,,,2.0,,,,,#f79009,,
2025-05-08,_Flash Trade,Flash Trade,,,16.0,,,,,0.0,,,,,4.0,,,,,#63b512,,
2025-05-08,_Jupiter,Jupiter,,,3.0,,,,,0.0,,,,,6.0,,,,,#00bfa5,,
2025-05-08,Crypto,,,,,70.0,,,,,0.0,,,,,1.0,,,,,#545cf8,
2025-05-08,Commodity,,,,,3.0,,,,,0.0,,,,,3.0,,,,,#904ea6,
2025-05-08,FX,,,,,2.0,,,,,0.0,,,,,4.0,,,,,#63b512,
2025-05-07,Total,,75.0,,,,,0.0,,,,,1.0,,,,,#545cf8,,,,
2025-05-07,Drift,,,59.0,,,,,0.0,,,,,,,,,,,,,
2025-05-07,GMTrade,,,27.0,,,,,0.0,,,,,2.0,,,,,#f79009,,,
2025-05-07,Flash Trade,,,16.0,,,,,0.0,,,,,4.0,,,,,#63b512,,,
2025-05-07,Jupiter,,,3.0,,,,,0.0,,,,,6.0,,,,,#00bfa5,,,
2025-05-07,_Drift,Drift,,,59.0,,,,,0.0,,,,,,,,,,,,
2025-05-07,_GMTrade,GMTrade,,,27.0,,,,,0.0,,,,,2.0,,,,,#f79009,,
2025-05-07,_Flash Trade,Flash Trade,,,16.0,,,,,0.0,,,,,4.0,,,,,#63b512,,
2025-05-07,_Jupiter,Jupiter,,,3.0,,,,,0.0,,,,,6.0,,,,,#00bfa5,,
2025-05-07,Crypto,,,,,70.0,,,,,0.0,,,,,1.0,,,,,#545cf8,
2025-05-07,Commodity,,,,,3.0,,,,,0.0,,,,,3.0,,,,,#904ea6,
2025-05-07,FX,,,,,2.0,,,,,0.0,,,,,4.0,,,,,#63b512,
2025-05-06,Total,,75.0,,,,,0.0,,,,,1.0,,,,,#545cf8,,,,
2025-05-06,Drift,,,59.0,,,,,0.0,,,,,,,,,,,,,
2025-05-06,GMTrade,,,27.0,,,,,0.0,,,,,2.0,,,,,#f79009,,,
2025-05-06,Flash Trade,,,16.0,,,,,0.0,,,,,4.0,,,,,#63b512,,,
2025-05-06,Jupiter,,,3.0,,,,,0.0,,,,,6.0,,,,,#00bfa5,,,
2025-05-06,_Drift,Drift,,,59.0,,,,,0.0,,,,,,,,,,,,
2025-05-06,_GMTrade,GMTrade,,,27.0,,,,,0.0,,,,,2.0,,,,,#f79009,,
2025-05-06,_Flash Trade,Flash Trade,,,16.0,,,,,0.0,,,,,4.0,,,,,#63b512,,
2025-05-06,_Jupiter,Jupiter,,,3.0,,,,,0.0,,,,,6.0,,,,,#00bfa5,,
2025-05-06,Crypto,,,,,70.0,,,,,0.0,,,,,1.0,,,,,#545cf8,
2025-05-06,Commodity,,,,,3.0,,,,,0.0,,,,,3.0,,,,,#904ea6,
2025-05-06,FX,,,,,2.0,,,,,0.0,,,,,4.0,,,,,#63b512,
2025-05-05,Total,,75.0,,,,,0.0,,,,,1.0,,,,,#545cf8,,,,
2025-05-05,Drift,,,59.0,,,,,0.0,,,,,,,,,,,,,
2025-05-05,GMTrade,,,27.0,,,,,0.0,,,,,2.0,,,,,#f79009,,,
2025-05-05,Flash Trade,,,16.0,,,,,0.0,,,,,4.0,,,,,#63b512,,,
2025-05-05,Jupiter,,,3.0,,,,,0.0,,,,,6.0,,,,,#00bfa5,,,
2025-05-05,_Drift,Drift,,,59.0,,,,,0.0,,,,,,,,,,,,
2025-05-05,_GMTrade,GMTrade,,,27.0,,,,,0.0,,,,,2.0,,,,,#f79009,,
2025-05-05,_Flash Trade,Flash Trade,,,16.0,,,,,0.0,,,,,4.0,,,,,#63b512,,
2025-05-05,_Jupiter,Jupiter,,,3.0,,,,,0.0,,,,,6.0,,,,,#00bfa5,,
2025-05-05,Crypto,,,,,70.0,,,,,0.0,,,,,1.0,,,,,#545cf8,
2025-05-05,Commodity,,,,,3.0,,,,,0.0,,,,,3.0,,,,,#904ea6,
2025-05-05,FX,,,,,2.0,,,,,0.0,,,,,4.0,,,,,#63b512,
2025-05-04,Total,,75.0,,,,,0.0,,,,,1.0,,,,,#545cf8,,,,
2025-05-04,Drift,,,59.0,,,,,0.0,,,,,,,,,,,,,
2025-05-04,GMTrade,,,27.0,,,,,0.0,,,,,2.0,,,,,#f79009,,,
2025-05-04,Flash Trade,,,16.0,,,,,0.0,,,,,4.0,,,,,#63b512,,,
2025-05-04,Jupiter,,,3.0,,,,,0.0,,,,,6.0,,,,,#00bfa5,,,
2025-05-04,_Drift,Drift,,,59.0,,,,,0.0,,,,,,,,,,,,
2025-05-04,_GMTrade,GMTrade,,,27.0,,,,,0.0,,,,,2.0,,,,,#f79009,,
2025-05-04,_Flash Trade,Flash Trade,,,16.0,,,,,0.0,,,,,4.0,,,,,#63b512,,
2025-05-04,_Jupiter,Jupiter,,,3.0,,,,,0.0,,,,,6.0,,,,,#00bfa5,,
2025-05-04,Crypto,,,,,70.0,,,,,0.0,,,,,1.0,,,,,#545cf8,
2025-05-04,Commodity,,,,,3.0,,,,,0.0,,,,,3.0,,,,,#904ea6,
2025-05-04,FX,,,,,2.0,,,,,0.0,,,,,4.0,,,,,#63b512,
2025-05-03,Total,,75.0,,,,,0.0,,,,,1.0,,,,,#545cf8,,,,
2025-05-03,Drift,,,59.0,,,,,0.0,,,,,,,,,,,,,
2025-05-03,GMTrade,,,27.0,,,,,0.0,,,,,2.0,,,,,#f79009,,,
2025-05-03,Flash Trade,,,16.0,,,,,0.0,,,,,4.0,,,,,#63b512,,,
2025-05-03,Jupiter,,,3.0,,,,,0.0,,,,,6.0,,,,,#00bfa5,,,
2025-05-03,_Drift,Drift,,,59.0,,,,,0.0,,,,,,,,,,,,
2025-05-03,_GMTrade,GMTrade,,,27.0,,,,,0.0,,,,,2.0,,,,,#f79009,,
2025-05-03,_Flash Trade,Flash Trade,,,16.0,,,,,0.0,,,,,4.0,,,,,#63b512,,
2025-05-03,_Jupiter,Jupiter,,,3.0,,,,,0.0,,,,,6.0,,,,,#00bfa5,,
2025-05-03,Crypto,,,,,70.0,,,,,0.0,,,,,1.0,,,,,#545cf8,
2025-05-03,Commodity,,,,,3.0,,,,,0.0,,,,,3.0,,,,,#904ea6,
2025-05-03,FX,,,,,2.0,,,,,0.0,,,,,4.0,,,,,#63b512,
2025-05-02,Total,,75.0,,,,,0.0,,,,,1.0,,,,,#545cf8,,,,
2025-05-02,Drift,,,59.0,,,,,0.0,,,,,,,,,,,,,
2025-05-02,GMTrade,,,27.0,,,,,0.0,,,,,2.0,,,,,#f79009,,,
2025-05-02,Flash Trade,,,16.0,,,,,0.0,,,,,4.0,,,,,#63b512,,,
2025-05-02,Jupiter,,,3.0,,,,,0.0,,,,,6.0,,,,,#00bfa5,,,
2025-05-02,_Drift,Drift,,,59.0,,,,,0.0,,,,,,,,,,,,
2025-05-02,_GMTrade,GMTrade,,,27.0,,,,,0.0,,,,,2.0,,,,,#f79009,,
2025-05-02,_Flash Trade,Flash Trade,,,16.0,,,,,0.0,,,,,4.0,,,,,#63b512,,
2025-05-02,_Jupiter,Jupiter,,,3.0,,,,,0.0,,,,,6.0,,,,,#00bfa5,,
2025-05-02,Crypto,,,,,70.0,,,,,0.0,,,,,1.0,,,,,#545cf8,
2025-05-02,Commodity,,,,,3.0,,,,,0.0,,,,,3.0,,,,,#904ea6,
2025-05-02,FX,,,,,2.0,,,,,0.0,,,,,4.0,,,,,#63b512,
2025-05-01,Total,,75.0,,,,,0.0,,,,,1.0,,,,,#545cf8,,,,
2025-05-01,Drift,,,59.0,,,,,0.0,,,,,,,,,,,,,
2025-05-01,GMTrade,,,27.0,,,,,0.0,,,,,2.0,,,,,#f79009,,,
2025-05-01,Flash Trade,,,16.0,,,,,0.0,,,,,4.0,,,,,#63b512,,,
2025-05-01,Jupiter,,,3.0,,,,,0.0,,,,,6.0,,,,,#00bfa5,,,
2025-05-01,_Drift,Drift,,,59.0,,,,,0.0,,,,,,,,,,,,
2025-05-01,_GMTrade,GMTrade,,,27.0,,,,,0.0,,,,,2.0,,,,,#f79009,,
2025-05-01,_Flash Trade,Flash Trade,,,16.0,,,,,0.0,,,,,4.0,,,,,#63b512,,
2025-05-01,_Jupiter,Jupiter,,,3.0,,,,,0.0,,,,,6.0,,,,,#00bfa5,,
2025-05-01,Crypto,,,,,70.0,,,,,0.0,,,,,1.0,,,,,#545cf8,
2025-05-01,Commodity,,,,,3.0,,,,,0.0,,,,,3.0,,,,,#904ea6,
2025-05-01,FX,,,,,2.0,,,,,0.0,,,,,4.0,,,,,#63b512,
2025-04-30,Total,,75.0,,,,,0.0,,,,,1.0,,,,,#545cf8,,,,
2025-04-30,Drift,,,59.0,,,,,0.0,,,,,,,,,,,,,
2025-04-30,GMTrade,,,27.0,,,,,0.0,,,,,2.0,,,,,#f79009,,,
2025-04-30,Flash Trade,,,16.0,,,,,0.0,,,,,4.0,,,,,#63b512,,,
2025-04-30,Jupiter,,,3.0,,,,,0.0,,,,,6.0,,,,,#00bfa5,,,
2025-04-30,_Drift,Drift,,,59.0,,,,,0.0,,,,,,,,,,,,
2025-04-30,_GMTrade,GMTrade,,,27.0,,,,,0.0,,,,,2.0,,,,,#f79009,,
2025-04-30,_Flash Trade,Flash Trade,,,16.0,,,,,0.0,,,,,4.0,,,,,#63b512,,
2025-04-30,_Jupiter,Jupiter,,,3.0,,,,,0.0,,,,,6.0,,,,,#00bfa5,,
2025-04-30,Crypto,,,,,70.0,,,,,0.0,,,,,1.0,,,,,#545cf8,
2025-04-30,Commodity,,,,,3.0,,,,,0.0,,,,,3.0,,,,,#904ea6,
2025-04-30,FX,,,,,2.0,,,,,0.0,,,,,4.0,,,,,#63b512,
2025-04-29,Total,,75.0,,,,,0.0,,,,,1.0,,,,,#545cf8,,,,
2025-04-29,Drift,,,59.0,,,,,0.0,,,,,,,,,,,,,
2025-04-29,GMTrade,,,27.0,,,,,0.0,,,,,2.0,,,,,#f79009,,,
2025-04-29,Flash Trade,,,16.0,,,,,0.0,,,,,4.0,,,,,#63b512,,,
2025-04-29,Jupiter,,,3.0,,,,,0.0,,,,,6.0,,,,,#00bfa5,,,
2025-04-29,_Drift,Drift,,,59.0,,,,,0.0,,,,,,,,,,,,
2025-04-29,_GMTrade,GMTrade,,,27.0,,,,,0.0,,,,,2.0,,,,,#f79009,,
2025-04-29,_Flash Trade,Flash Trade,,,16.0,,,,,0.0,,,,,4.0,,,,,#63b512,,
2025-04-29,_Jupiter,Jupiter,,,3.0,,,,,0.0,,,,,6.0,,,,,#00bfa5,,
2025-04-29,Crypto,,,,,70.0,,,,,0.0,,,,,1.0,,,,,#545cf8,
2025-04-29,Commodity,,,,,3.0,,,,,0.0,,,,,3.0,,,,,#904ea6,
2025-04-29,FX,,,,,2.0,,,,,0.0,,,,,4.0,,,,,#63b512,
2025-04-28,Total,,75.0,,,,,0.0,,,,,1.0,,,,,#545cf8,,,,
2025-04-28,Drift,,,59.0,,,,,0.0,,,,,,,,,,,,,
2025-04-28,GMTrade,,,27.0,,,,,0.0,,,,,2.0,,,,,#f79009,,,
2025-04-28,Flash Trade,,,16.0,,,,,0.0,,,,,4.0,,,,,#63b512,,,
2025-04-28,Jupiter,,,3.0,,,,,0.0,,,,,6.0,,,,,#00bfa5,,,
2025-04-28,_Drift,Drift,,,59.0,,,,,0.0,,,,,,,,,,,,
2025-04-28,_GMTrade,GMTrade,,,27.0,,,,,0.0,,,,,2.0,,,,,#f79009,,
2025-04-28,_Flash Trade,Flash Trade,,,16.0,,,,,0.0,,,,,4.0,,,,,#63b512,,
2025-04-28,_Jupiter,Jupiter,,,3.0,,,,,0.0,,,,,6.0,,,,,#00bfa5,,
2025-04-28,Crypto,,,,,70.0,,,,,0.0,,,,,1.0,,,,,#545cf8,
2025-04-28,Commodity,,,,,3.0,,,,,0.0,,,,,3.0,,,,,#904ea6,
2025-04-28,FX,,,,,2.0,,,,,0.0,,,,,4.0,,,,,#63b512,
2025-04-27,Total,,75.0,,,,,0.0,,,,,1.0,,,,,#545cf8,,,,
2025-04-27,Drift,,,59.0,,,,,0.0,,,,,,,,,,,,,
2025-04-27,GMTrade,,,27.0,,,,,0.0,,,,,2.0,,,,,#f79009,,,
2025-04-27,Flash Trade,,,16.0,,,,,0.0,,,,,4.0,,,,,#63b512,,,
2025-04-27,Jupiter,,,3.0,,,,,0.0,,,,,6.0,,,,,#00bfa5,,,
2025-04-27,_Drift,Drift,,,59.0,,,,,0.0,,,,,,,,,,,,
2025-04-27,_GMTrade,GMTrade,,,27.0,,,,,0.0,,,,,2.0,,,,,#f79009,,
2025-04-27,_Flash Trade,Flash Trade,,,16.0,,,,,0.0,,,,,4.0,,,,,#63b512,,
2025-04-27,_Jupiter,Jupiter,,,3.0,,,,,0.0,,,,,6.0,,,,,#00bfa5,,
2025-04-27,Crypto,,,,,70.0,,,,,0.0,,,,,1.0,,,,,#545cf8,
2025-04-27,Commodity,,,,,3.0,,,,,0.0,,,,,3.0,,,,,#904ea6,
2025-04-27,FX,,,,,2.0,,,,,0.0,,,,,4.0,,,,,#63b512,
2025-04-26,Total,,75.0,,,,,0.0,,,,,1.0,,,,,#545cf8,,,,
2025-04-26,Drift,,,59.0,,,,,0.0,,,,,,,,,,,,,
2025-04-26,GMTrade,,,27.0,,,,,0.0,,,,,2.0,,,,,#f79009,,,
2025-04-26,Flash Trade,,,16.0,,,,,0.0,,,,,4.0,,,,,#63b512,,,
2025-04-26,Jupiter,,,3.0,,,,,0.0,,,,,6.0,,,,,#00bfa5,,,
2025-04-26,_Drift,Drift,,,59.0,,,,,0.0,,,,,,,,,,,,
2025-04-26,_GMTrade,GMTrade,,,27.0,,,,,0.0,,,,,2.0,,,,,#f79009,,
2025-04-26,_Flash Trade,Flash Trade,,,16.0,,,,,0.0,,,,,4.0,,,,,#63b512,,
2025-04-26,_Jupiter,Jupiter,,,3.0,,,,,0.0,,,,,6.0,,,,,#00bfa5,,
2025-04-26,Crypto,,,,,70.0,,,,,0.0,,,,,1.0,,,,,#545cf8,
2025-04-26,Commodity,,,,,3.0,,,,,0.0,,,,,3.0,,,,,#904ea6,
2025-04-26,FX,,,,,2.0,,,,,0.0,,,,,4.0,,,,,#63b512,
2025-04-25,Total,,75.0,,,,,0.0,,,,,1.0,,,,,#545cf8,,,,
2025-04-25,Drift,,,59.0,,,,,0.0,,,,,,,,,,,,,
2025-04-25,GMTrade,,,27.0,,,,,0.0,,,,,2.0,,,,,#f79009,,,
2025-04-25,Flash Trade,,,16.0,,,,,1.0,,,,,4.0,,,,,#63b512,,,
2025-04-25,Jupiter,,,3.0,,,,,0.0,,,,,6.0,,,,,#00bfa5,,,
2025-04-25,_Drift,Drift,,,59.0,,,,,0.0,,,,,,,,,,,,
2025-04-25,_GMTrade,GMTrade,,,27.0,,,,,0.0,,,,,2.0,,,,,#f79009,,
2025-04-25,_Flash Trade,Flash Trade,,,16.0,,,,,1.0,,,,,4.0,,,,,#63b512,,
2025-04-25,_Jupiter,Jupiter,,,3.0,,,,,0.0,,,,,6.0,,,,,#00bfa5,,
2025-04-25,Crypto,,,,,70.0,,,,,0.0,,,,,1.0,,,,,#545cf8,
2025-04-25,Commodity,,,,,3.0,,,,,0.0,,,,,3.0,,,,,#904ea6,
2025-04-25,FX,,,,,2.0,,,,,0.0,,,,,4.0,,,,,#63b512,
2025-04-24,Total,,75.0,,,,,0.0,,,,,1.0,,,,,#545cf8,,,,
2025-04-24,Drift,,,59.0,,,,,0.0,,,,,,,,,,,,,
2025-04-24,GMTrade,,,27.0,,,,,0.0,,,,,2.0,,,,,#f79009,,,
2025-04-24,Flash Trade,,,15.0,,,,,0.0,,,,,4.0,,,,,#63b512,,,
2025-04-24,Jupiter,,,3.0,,,,,0.0,,,,,6.0,,,,,#00bfa5,,,
2025-04-24,_Drift,Drift,,,59.0,,,,,0.0,,,,,,,,,,,,
2025-04-24,_GMTrade,GMTrade,,,27.0,,,,,0.0,,,,,2.0,,,,,#f79009,,
2025-04-24,_Flash Trade,Flash Trade,,,15.0,,,,,0.0,,,,,4.0,,,,,#63b512,,
2025-04-24,_Jupiter,Jupiter,,,3.0,,,,,0.0,,,,,6.0,,,,,#00bfa5,,
2025-04-24,Crypto,,,,,70.0,,,,,0.0,,,,,1.0,,,,,#545cf8,
2025-04-24,Commodity,,,,,3.0,,,,,0.0,,,,,3.0,,,,,#904ea6,
2025-04-24,FX,,,,,2.0,,,,,0.0,,,,,4.0,,,,,#63b512,
2025-04-23,Total,,75.0,,,,,4.0,,,,,1.0,,,,,#545cf8,,,,
2025-04-23,Drift,,,59.0,,,,,0.0,,,,,,,,,,,,,
2025-04-23,GMTrade,,,27.0,,,,,6.0,,,,,2.0,,,,,#f79009,,,
2025-04-23,Flash Trade,,,15.0,,,,,0.0,,,,,4.0,,,,,#63b512,,,
2025-04-23,Jupiter,,,3.0,,,,,0.0,,,,,6.0,,,,,#00bfa5,,,
2025-04-23,_Drift,Drift,,,59.0,,,,,0.0,,,,,,,,,,,,
2025-04-23,_GMTrade,GMTrade,,,27.0,,,,,6.0,,,,,2.0,,,,,#f79009,,
2025-04-23,_Flash Trade,Flash Trade,,,15.0,,,,,0.0,,,,,4.0,,,,,#63b512,,
2025-04-23,_Jupiter,Jupiter,,,3.0,,,,,0.0,,,,,6.0,,,,,#00bfa5,,
2025-04-23,Crypto,,,,,70.0,,,,,4.0,,,,,1.0,,,,,#545cf8,
2025-04-23,Commodity,,,,,3.0,,,,,0.0,,,,,3.0,,,,,#904ea6,
2025-04-23,FX,,,,,2.0,,,,,0.0,,,,,4.0,,,,,#63b512,
2025-04-22,Total,,71.0,,,,,0.0,,,,,1.0,,,,,#545cf8,,,,
2025-04-22,Drift,,,59.0,,,,,0.0,,,,,,,,,,,,,
2025-04-22,GMTrade,,,21.0,,,,,0.0,,,,,2.0,,,,,#f79009,,,
2025-04-22,Flash Trade,,,15.0,,,,,0.0,,,,,4.0,,,,,#63b512,,,
2025-04-22,Jupiter,,,3.0,,,,,0.0,,,,,6.0,,,,,#00bfa5,,,
2025-04-22,_Drift,Drift,,,59.0,,,,,0.0,,,,,,,,,,,,
2025-04-22,_GMTrade,GMTrade,,,21.0,,,,,0.0,,,,,2.0,,,,,#f79009,,
2025-04-22,_Flash Trade,Flash Trade,,,15.0,,,,,0.0,,,,,4.0,,,,,#63b512,,
2025-04-22,_Jupiter,Jupiter,,,3.0,,,,,0.0,,,,,6.0,,,,,#00bfa5,,
2025-04-22,Crypto,,,,,66.0,,,,,0.0,,,,,1.0,,,,,#545cf8,
2025-04-22,Commodity,,,,,3.0,,,,,0.0,,,,,3.0,,,,,#904ea6,
2025-04-22,FX,,,,,2.0,,,,,0.0,,,,,4.0,,,,,#63b512,
2025-04-21,Total,,71.0,,,,,0.0,,,,,1.0,,,,,#545cf8,,,,
2025-04-21,Drift,,,59.0,,,,,0.0,,,,,,,,,,,,,
2025-04-21,GMTrade,,,21.0,,,,,0.0,,,,,2.0,,,,,#f79009,,,
2025-04-21,Flash Trade,,,15.0,,,,,0.0,,,,,4.0,,,,,#63b512,,,
2025-04-21,Jupiter,,,3.0,,,,,0.0,,,,,6.0,,,,,#00bfa5,,,
2025-04-21,_Drift,Drift,,,59.0,,,,,0.0,,,,,,,,,,,,
2025-04-21,_GMTrade,GMTrade,,,21.0,,,,,0.0,,,,,2.0,,,,,#f79009,,
2025-04-21,_Flash Trade,Flash Trade,,,15.0,,,,,0.0,,,,,4.0,,,,,#63b512,,
2025-04-21,_Jupiter,Jupiter,,,3.0,,,,,0.0,,,,,6.0,,,,,#00bfa5,,
2025-04-21,Crypto,,,,,66.0,,,,,0.0,,,,,1.0,,,,,#545cf8,
2025-04-21,Commodity,,,,,3.0,,,,,0.0,,,,,3.0,,,,,#904ea6,
2025-04-21,FX,,,,,2.0,,,,,0.0,,,,,4.0,,,,,#63b512,
2025-04-20,Total,,71.0,,,,,0.0,,,,,1.0,,,,,#545cf8,,,,
2025-04-20,Drift,,,59.0,,,,,0.0,,,,,,,,,,,,,
2025-04-20,GMTrade,,,21.0,,,,,0.0,,,,,2.0,,,,,#f79009,,,
2025-04-20,Flash Trade,,,15.0,,,,,0.0,,,,,4.0,,,,,#63b512,,,
2025-04-20,Jupiter,,,3.0,,,,,0.0,,,,,6.0,,,,,#00bfa5,,,
2025-04-20,_Drift,Drift,,,59.0,,,,,0.0,,,,,,,,,,,,
2025-04-20,_GMTrade,GMTrade,,,21.0,,,,,0.0,,,,,2.0,,,,,#f79009,,
2025-04-20,_Flash Trade,Flash Trade,,,15.0,,,,,0.0,,,,,4.0,,,,,#63b512,,
2025-04-20,_Jupiter,Jupiter,,,3.0,,,,,0.0,,,,,6.0,,,,,#00bfa5,,
2025-04-20,Crypto,,,,,66.0,,,,,0.0,,,,,1.0,,,,,#545cf8,
2025-04-20,Commodity,,,,,3.0,,,,,0.0,,,,,3.0,,,,,#904ea6,
2025-04-20,FX,,,,,2.0,,,,,0.0,,,,,4.0,,,,,#63b512,
2025-04-19,Total,,71.0,,,,,0.0,,,,,1.0,,,,,#545cf8,,,,
2025-04-19,Drift,,,59.0,,,,,0.0,,,,,,,,,,,,,
2025-04-19,GMTrade,,,21.0,,,,,0.0,,,,,2.0,,,,,#f79009,,,
2025-04-19,Flash Trade,,,15.0,,,,,0.0,,,,,4.0,,,,,#63b512,,,
2025-04-19,Jupiter,,,3.0,,,,,0.0,,,,,6.0,,,,,#00bfa5,,,
2025-04-19,_Drift,Drift,,,59.0,,,,,0.0,,,,,,,,,,,,
2025-04-19,_GMTrade,GMTrade,,,21.0,,,,,0.0,,,,,2.0,,,,,#f79009,,
2025-04-19,_Flash Trade,Flash Trade,,,15.0,,,,,0.0,,,,,4.0,,,,,#63b512,,
2025-04-19,_Jupiter,Jupiter,,,3.0,,,,,0.0,,,,,6.0,,,,,#00bfa5,,
2025-04-19,Crypto,,,,,66.0,,,,,0.0,,,,,1.0,,,,,#545cf8,
2025-04-19,Commodity,,,,,3.0,,,,,0.0,,,,,3.0,,,,,#904ea6,
2025-04-19,FX,,,,,2.0,,,,,0.0,,,,,4.0,,,,,#63b512,
2025-04-18,Total,,71.0,,,,,0.0,,,,,1.0,,,,,#545cf8,,,,
2025-04-18,Drift,,,59.0,,,,,0.0,,,,,,,,,,,,,
2025-04-18,GMTrade,,,21.0,,,,,0.0,,,,,2.0,,,,,#f79009,,,
2025-04-18,Flash Trade,,,15.0,,,,,0.0,,,,,4.0,,,,,#63b512,,,
2025-04-18,Jupiter,,,3.0,,,,,0.0,,,,,6.0,,,,,#00bfa5,,,
2025-04-18,_Drift,Drift,,,59.0,,,,,0.0,,,,,,,,,,,,
2025-04-18,_GMTrade,GMTrade,,,21.0,,,,,0.0,,,,,2.0,,,,,#f79009,,
2025-04-18,_Flash Trade,Flash Trade,,,15.0,,,,,0.0,,,,,4.0,,,,,#63b512,,
2025-04-18,_Jupiter,Jupiter,,,3.0,,,,,0.0,,,,,6.0,,,,,#00bfa5,,
2025-04-18,Crypto,,,,,66.0,,,,,0.0,,,,,1.0,,,,,#545cf8,
2025-04-18,Commodity,,,,,3.0,,,,,0.0,,,,,3.0,,,,,#904ea6,
2025-04-18,FX,,,,,2.0,,,,,0.0,,,,,4.0,,,,,#63b512,
2025-04-17,Total,,71.0,,,,,0.0,,,,,1.0,,,,,#545cf8,,,,
2025-04-17,Drift,,,59.0,,,,,0.0,,,,,,,,,,,,,
2025-04-17,GMTrade,,,21.0,,,,,0.0,,,,,2.0,,,,,#f79009,,,
2025-04-17,Flash Trade,,,15.0,,,,,0.0,,,,,4.0,,,,,#63b512,,,
2025-04-17,Jupiter,,,3.0,,,,,0.0,,,,,6.0,,,,,#00bfa5,,,
2025-04-17,_Drift,Drift,,,59.0,,,,,0.0,,,,,,,,,,,,
2025-04-17,_GMTrade,GMTrade,,,21.0,,,,,0.0,,,,,2.0,,,,,#f79009,,
2025-04-17,_Flash Trade,Flash Trade,,,15.0,,,,,0.0,,,,,4.0,,,,,#63b512,,
2025-04-17,_Jupiter,Jupiter,,,3.0,,,,,0.0,,,,,6.0,,,,,#00bfa5,,
2025-04-17,Crypto,,,,,66.0,,,,,0.0,,,,,1.0,,,,,#545cf8,
2025-04-17,Commodity,,,,,3.0,,,,,0.0,,,,,3.0,,,,,#904ea6,
2025-04-17,FX,,,,,2.0,,,,,0.0,,,,,4.0,,,,,#63b512,
2025-04-16,Total,,71.0,,,,,0.0,,,,,1.0,,,,,#545cf8,,,,
2025-04-16,Drift,,,59.0,,,,,0.0,,,,,,,,,,,,,
2025-04-16,GMTrade,,,21.0,,,,,0.0,,,,,2.0,,,,,#f79009,,,
2025-04-16,Flash Trade,,,15.0,,,,,0.0,,,,,4.0,,,,,#63b512,,,
2025-04-16,Jupiter,,,3.0,,,,,0.0,,,,,6.0,,,,,#00bfa5,,,
2025-04-16,_Drift,Drift,,,59.0,,,,,0.0,,,,,,,,,,,,
2025-04-16,_GMTrade,GMTrade,,,21.0,,,,,0.0,,,,,2.0,,,,,#f79009,,
2025-04-16,_Flash Trade,Flash Trade,,,15.0,,,,,0.0,,,,,4.0,,,,,#63b512,,
2025-04-16,_Jupiter,Jupiter,,,3.0,,,,,0.0,,,,,6.0,,,,,#00bfa5,,
2025-04-16,Crypto,,,,,66.0,,,,,0.0,,,,,1.0,,,,,#545cf8,
2025-04-16,Commodity,,,,,3.0,,,,,0.0,,,,,3.0,,,,,#904ea6,
2025-04-16,FX,,,,,2.0,,,,,0.0,,,,,4.0,,,,,#63b512,
2025-04-15,Total,,71.0,,,,,0.0,,,,,1.0,,,,,#545cf8,,,,
2025-04-15,Drift,,,59.0,,,,,0.0,,,,,,,,,,,,,
2025-04-15,GMTrade,,,21.0,,,,,0.0,,,,,2.0,,,,,#f79009,,,
2025-04-15,Flash Trade,,,15.0,,,,,0.0,,,,,4.0,,,,,#63b512,,,
2025-04-15,Jupiter,,,3.0,,,,,0.0,,,,,6.0,,,,,#00bfa5,,,
2025-04-15,_Drift,Drift,,,59.0,,,,,0.0,,,,,,,,,,,,
2025-04-15,_GMTrade,GMTrade,,,21.0,,,,,0.0,,,,,2.0,,,,,#f79009,,
2025-04-15,_Flash Trade,Flash Trade,,,15.0,,,,,0.0,,,,,4.0,,,,,#63b512,,
2025-04-15,_Jupiter,Jupiter,,,3.0,,,,,0.0,,,,,6.0,,,,,#00bfa5,,
2025-04-15,Crypto,,,,,66.0,,,,,0.0,,,,,1.0,,,,,#545cf8,
2025-04-15,Commodity,,,,,3.0,,,,,0.0,,,,,3.0,,,,,#904ea6,
2025-04-15,FX,,,,,2.0,,,,,0.0,,,,,4.0,,,,,#63b512,
2025-04-14,Total,,71.0,,,,,1.0,,,,,1.0,,,,,#545cf8,,,,
2025-04-14,Drift,,,59.0,,,,,1.0,,,,,,,,,,,,,
2025-04-14,GMTrade,,,21.0,,,,,0.0,,,,,2.0,,,,,#f79009,,,
2025-04-14,Flash Trade,,,15.0,,,,,0.0,,,,,4.0,,,,,#63b512,,,
2025-04-14,Jupiter,,,3.0,,,,,0.0,,,,,6.0,,,,,#00bfa5,,,
2025-04-14,_Drift,Drift,,,59.0,,,,,1.0,,,,,,,,,,,,
2025-04-14,_GMTrade,GMTrade,,,21.0,,,,,0.0,,,,,2.0,,,,,#f79009,,
2025-04-14,_Flash Trade,Flash Trade,,,15.0,,,,,0.0,,,,,4.0,,,,,#63b512,,
2025-04-14,_Jupiter,Jupiter,,,3.0,,,,,0.0,,,,,6.0,,,,,#00bfa5,,
2025-04-14,Crypto,,,,,66.0,,,,,0.0,,,,,1.0,,,,,#545cf8,
2025-04-14,Commodity,,,,,3.0,,,,,1.0,,,,,3.0,,,,,#904ea6,
2025-04-14,FX,,,,,2.0,,,,,0.0,,,,,4.0,,,,,#63b512,
2025-04-13,Total,,70.0,,,,,0.0,,,,,1.0,,,,,#545cf8,,,,
2025-04-13,Drift,,,58.0,,,,,0.0,,,,,,,,,,,,,
2025-04-13,GMTrade,,,21.0,,,,,0.0,,,,,2.0,,,,,#f79009,,,
2025-04-13,Flash Trade,,,15.0,,,,,0.0,,,,,4.0,,,,,#63b512,,,
2025-04-13,Jupiter,,,3.0,,,,,0.0,,,,,6.0,,,,,#00bfa5,,,
2025-04-13,_Drift,Drift,,,58.0,,,,,0.0,,,,,,,,,,,,
2025-04-13,_GMTrade,GMTrade,,,21.0,,,,,0.0,,,,,2.0,,,,,#f79009,,
2025-04-13,_Flash Trade,Flash Trade,,,15.0,,,,,0.0,,,,,4.0,,,,,#63b512,,
2025-04-13,_Jupiter,Jupiter,,,3.0,,,,,0.0,,,,,6.0,,,,,#00bfa5,,
2025-04-13,Crypto,,,,,66.0,,,,,0.0,,,,,1.0,,,,,#545cf8,
2025-04-13,FX,,,,,2.0,,,,,0.0,,,,,4.0,,,,,#63b512,
2025-04-13,Commodity,,,,,2.0,,,,,0.0,,,,,3.0,,,,,#904ea6,
2025-04-12,Total,,70.0,,,,,0.0,,,,,1.0,,,,,#545cf8,,,,
2025-04-12,Drift,,,58.0,,,,,0.0,,,,,,,,,,,,,
2025-04-12,GMTrade,,,21.0,,,,,0.0,,,,,2.0,,,,,#f79009,,,
2025-04-12,Flash Trade,,,15.0,,,,,0.0,,,,,4.0,,,,,#63b512,,,
2025-04-12,Jupiter,,,3.0,,,,,0.0,,,,,6.0,,,,,#00bfa5,,,
2025-04-12,_Drift,Drift,,,58.0,,,,,0.0,,,,,,,,,,,,
2025-04-12,_GMTrade,GMTrade,,,21.0,,,,,0.0,,,,,2.0,,,,,#f79009,,
2025-04-12,_Flash Trade,Flash Trade,,,15.0,,,,,0.0,,,,,4.0,,,,,#63b512,,
2025-04-12,_Jupiter,Jupiter,,,3.0,,,,,0.0,,,,,6.0,,,,,#00bfa5,,
2025-04-12,Crypto,,,,,66.0,,,,,0.0,,,,,1.0,,,,,#545cf8,
2025-04-12,Commodity,,,,,2.0,,,,,0.0,,,,,3.0,,,,,#904ea6,
2025-04-12,FX,,,,,2.0,,,,,0.0,,,,,4.0,,,,,#63b512,
2025-04-11,Total,,70.0,,,,,0.0,,,,,1.0,,,,,#545cf8,,,,
2025-04-11,Drift,,,58.0,,,,,0.0,,,,,,,,,,,,,
2025-04-11,GMTrade,,,21.0,,,,,0.0,,,,,2.0,,,,,#f79009,,,
2025-04-11,Flash Trade,,,15.0,,,,,0.0,,,,,4.0,,,,,#63b512,,,
2025-04-11,Jupiter,,,3.0,,,,,0.0,,,,,6.0,,,,,#00bfa5,,,
2025-04-11,_Drift,Drift,,,58.0,,,,,0.0,,,,,,,,,,,,
2025-04-11,_GMTrade,GMTrade,,,21.0,,,,,0.0,,,,,2.0,,,,,#f79009,,
2025-04-11,_Flash Trade,Flash Trade,,,15.0,,,,,0.0,,,,,4.0,,,,,#63b512,,
2025-04-11,_Jupiter,Jupiter,,,3.0,,,,,0.0,,,,,6.0,,,,,#00bfa5,,
2025-04-11,Crypto,,,,,66.0,,,,,0.0,,,,,1.0,,,,,#545cf8,
2025-04-11,Commodity,,,,,2.0,,,,,0.0,,,,,3.0,,,,,#904ea6,
2025-04-11,FX,,,,,2.0,,,,,0.0,,,,,4.0,,,,,#63b512,
2025-04-10,Total,,70.0,,,,,0.0,,,,,1.0,,,,,#545cf8,,,,
2025-04-10,Drift,,,58.0,,,,,0.0,,,,,,,,,,,,,
2025-04-10,GMTrade,,,21.0,,,,,0.0,,,,,2.0,,,,,#f79009,,,
2025-04-10,Flash Trade,,,15.0,,,,,0.0,,,,,4.0,,,,,#63b512,,,
2025-04-10,Jupiter,,,3.0,,,,,0.0,,,,,6.0,,,,,#00bfa5,,,
2025-04-10,_Drift,Drift,,,58.0,,,,,0.0,,,,,,,,,,,,
2025-04-10,_GMTrade,GMTrade,,,21.0,,,,,0.0,,,,,2.0,,,,,#f79009,,
2025-04-10,_Flash Trade,Flash Trade,,,15.0,,,,,0.0,,,,,4.0,,,,,#63b512,,
2025-04-10,_Jupiter,Jupiter,,,3.0,,,,,0.0,,,,,6.0,,,,,#00bfa5,,
2025-04-10,Crypto,,,,,66.0,,,,,0.0,,,,,1.0,,,,,#545cf8,
2025-04-10,FX,,,,,2.0,,,,,0.0,,,,,4.0,,,,,#63b512,
2025-04-10,Commodity,,,,,2.0,,,,,0.0,,,,,3.0,,,,,#904ea6,
2025-04-09,Total,,70.0,,,,,0.0,,,,,1.0,,,,,#545cf8,,,,
2025-04-09,Drift,,,58.0,,,,,0.0,,,,,,,,,,,,,
2025-04-09,GMTrade,,,21.0,,,,,0.0,,,,,2.0,,,,,#f79009,,,
2025-04-09,Flash Trade,,,15.0,,,,,0.0,,,,,4.0,,,,,#63b512,,,
2025-04-09,Jupiter,,,3.0,,,,,0.0,,,,,6.0,,,,,#00bfa5,,,
2025-04-09,_Drift,Drift,,,58.0,,,,,0.0,,,,,,,,,,,,
2025-04-09,_GMTrade,GMTrade,,,21.0,,,,,0.0,,,,,2.0,,,,,#f79009,,
2025-04-09,_Flash Trade,Flash Trade,,,15.0,,,,,0.0,,,,,4.0,,,,,#63b512,,
2025-04-09,_Jupiter,Jupiter,,,3.0,,,,,0.0,,,,,6.0,,,,,#00bfa5,,
2025-04-09,Crypto,,,,,66.0,,,,,0.0,,,,,1.0,,,,,#545cf8,
2025-04-09,Commodity,,,,,2.0,,,,,0.0,,,,,3.0,,,,,#904ea6,
2025-04-09,FX,,,,,2.0,,,,,0.0,,,,,4.0,,,,,#63b512,
2025-04-08,Total,,70.0,,,,,0.0,,,,,1.0,,,,,#545cf8,,,,
2025-04-08,Drift,,,58.0,,,,,0.0,,,,,,,,,,,,,
2025-04-08,GMTrade,,,21.0,,,,,0.0,,,,,2.0,,,,,#f79009,,,
2025-04-08,Flash Trade,,,15.0,,,,,0.0,,,,,4.0,,,,,#63b512,,,
2025-04-08,Jupiter,,,3.0,,,,,0.0,,,,,6.0,,,,,#00bfa5,,,
2025-04-08,_Drift,Drift,,,58.0,,,,,0.0,,,,,,,,,,,,
2025-04-08,_GMTrade,GMTrade,,,21.0,,,,,0.0,,,,,2.0,,,,,#f79009,,
2025-04-08,_Flash Trade,Flash Trade,,,15.0,,,,,0.0,,,,,4.0,,,,,#63b512,,
2025-04-08,_Jupiter,Jupiter,,,3.0,,,,,0.0,,,,,6.0,,,,,#00bfa5,,
2025-04-08,Crypto,,,,,66.0,,,,,0.0,,,,,1.0,,,,,#545cf8,
2025-04-08,FX,,,,,2.0,,,,,0.0,,,,,4.0,,,,,#63b512,
2025-04-08,Commodity,,,,,2.0,,,,,0.0,,,,,3.0,,,,,#904ea6,
2025-04-07,Total,,70.0,,,,,0.0,,,,,1.0,,,,,#545cf8,,,,
2025-04-07,Drift,,,58.0,,,,,0.0,,,,,,,,,,,,,
2025-04-07,GMTrade,,,21.0,,,,,0.0,,,,,2.0,,,,,#f79009,,,
2025-04-07,Flash Trade,,,15.0,,,,,0.0,,,,,4.0,,,,,#63b512,,,
2025-04-07,Jupiter,,,3.0,,,,,0.0,,,,,6.0,,,,,#00bfa5,,,
2025-04-07,_Drift,Drift,,,58.0,,,,,0.0,,,,,,,,,,,,
2025-04-07,_GMTrade,GMTrade,,,21.0,,,,,0.0,,,,,2.0,,,,,#f79009,,
2025-04-07,_Flash Trade,Flash Trade,,,15.0,,,,,0.0,,,,,4.0,,,,,#63b512,,
2025-04-07,_Jupiter,Jupiter,,,3.0,,,,,0.0,,,,,6.0,,,,,#00bfa5,,
2025-04-07,Crypto,,,,,66.0,,,,,0.0,,,,,1.0,,,,,#545cf8,
2025-04-07,FX,,,,,2.0,,,,,0.0,,,,,4.0,,,,,#63b512,
2025-04-07,Commodity,,,,,2.0,,,,,0.0,,,,,3.0,,,,,#904ea6,
2025-04-06,Total,,70.0,,,,,0.0,,,,,1.0,,,,,#545cf8,,,,
2025-04-06,Drift,,,58.0,,,,,0.0,,,,,,,,,,,,,
2025-04-06,GMTrade,,,21.0,,,,,0.0,,,,,2.0,,,,,#f79009,,,
2025-04-06,Flash Trade,,,15.0,,,,,0.0,,,,,4.0,,,,,#63b512,,,
2025-04-06,Jupiter,,,3.0,,,,,0.0,,,,,6.0,,,,,#00bfa5,,,
2025-04-06,_Drift,Drift,,,58.0,,,,,0.0,,,,,,,,,,,,
2025-04-06,_GMTrade,GMTrade,,,21.0,,,,,0.0,,,,,2.0,,,,,#f79009,,
2025-04-06,_Flash Trade,Flash Trade,,,15.0,,,,,0.0,,,,,4.0,,,,,#63b512,,
2025-04-06,_Jupiter,Jupiter,,,3.0,,,,,0.0,,,,,6.0,,,,,#00bfa5,,
2025-04-06,Crypto,,,,,66.0,,,,,0.0,,,,,1.0,,,,,#545cf8,
2025-04-06,FX,,,,,2.0,,,,,0.0,,,,,4.0,,,,,#63b512,
2025-04-06,Commodity,,,,,2.0,,,,,0.0,,,,,3.0,,,,,#904ea6,
2025-04-05,Total,,70.0,,,,,0.0,,,,,1.0,,,,,#545cf8,,,,
2025-04-05,Drift,,,58.0,,,,,0.0,,,,,,,,,,,,,
2025-04-05,GMTrade,,,21.0,,,,,0.0,,,,,2.0,,,,,#f79009,,,
2025-04-05,Flash Trade,,,15.0,,,,,0.0,,,,,4.0,,,,,#63b512,,,
2025-04-05,Jupiter,,,3.0,,,,,0.0,,,,,6.0,,,,,#00bfa5,,,
2025-04-05,_Drift,Drift,,,58.0,,,,,0.0,,,,,,,,,,,,
2025-04-05,_GMTrade,GMTrade,,,21.0,,,,,0.0,,,,,2.0,,,,,#f79009,,
2025-04-05,_Flash Trade,Flash Trade,,,15.0,,,,,0.0,,,,,4.0,,,,,#63b512,,
2025-04-05,_Jupiter,Jupiter,,,3.0,,,,,0.0,,,,,6.0,,,,,#00bfa5,,
2025-04-05,Crypto,,,,,66.0,,,,,0.0,,,,,1.0,,,,,#545cf8,
2025-04-05,Commodity,,,,,2.0,,,,,0.0,,,,,3.0,,,,,#904ea6,
2025-04-05,FX,,,,,2.0,,,,,0.0,,,,,4.0,,,,,#63b512,
2025-04-04,Total,,70.0,,,,,1.0,,,,,1.0,,,,,#545cf8,,,,
2025-04-04,Drift,,,58.0,,,,,1.0,,,,,,,,,,,,,
2025-04-04,GMTrade,,,21.0,,,,,0.0,,,,,2.0,,,,,#f79009,,,
2025-04-04,Flash Trade,,,15.0,,,,,0.0,,,,,4.0,,,,,#63b512,,,
2025-04-04,Jupiter,,,3.0,,,,,0.0,,,,,6.0,,,,,#00bfa5,,,
2025-04-04,_Drift,Drift,,,58.0,,,,,1.0,,,,,,,,,,,,
2025-04-04,_GMTrade,GMTrade,,,21.0,,,,,0.0,,,,,2.0,,,,,#f79009,,
2025-04-04,_Flash Trade,Flash Trade,,,15.0,,,,,0.0,,,,,4.0,,,,,#63b512,,
2025-04-04,_Jupiter,Jupiter,,,3.0,,,,,0.0,,,,,6.0,,,,,#00bfa5,,
2025-04-04,Crypto,,,,,66.0,,,,,1.0,,,,,1.0,,,,,#545cf8,
2025-04-04,FX,,,,,2.0,,,,,0.0,,,,,4.0,,,,,#63b512,
2025-04-04,Commodity,,,,,2.0,,,,,0.0,,,,,3.0,,,,,#904ea6,
2025-04-03,Total,,69.0,,,,,0.0,,,,,1.0,,,,,#545cf8,,,,
2025-04-03,Drift,,,57.0,,,,,0.0,,,,,,,,,,,,,
2025-04-03,GMTrade,,,21.0,,,,,0.0,,,,,2.0,,,,,#f79009,,,
2025-04-03,Flash Trade,,,15.0,,,,,0.0,,,,,4.0,,,,,#63b512,,,
2025-04-03,Jupiter,,,3.0,,,,,0.0,,,,,6.0,,,,,#00bfa5,,,
2025-04-03,_Drift,Drift,,,57.0,,,,,0.0,,,,,,,,,,,,
2025-04-03,_GMTrade,GMTrade,,,21.0,,,,,0.0,,,,,2.0,,,,,#f79009,,
2025-04-03,_Flash Trade,Flash Trade,,,15.0,,,,,0.0,,,,,4.0,,,,,#63b512,,
2025-04-03,_Jupiter,Jupiter,,,3.0,,,,,0.0,,,,,6.0,,,,,#00bfa5,,
2025-04-03,Crypto,,,,,65.0,,,,,0.0,,,,,1.0,,,,,#545cf8,
2025-04-03,Commodity,,,,,2.0,,,,,0.0,,,,,3.0,,,,,#904ea6,
2025-04-03,FX,,,,,2.0,,,,,0.0,,,,,4.0,,,,,#63b512,
2025-04-02,Total,,69.0,,,,,0.0,,,,,1.0,,,,,#545cf8,,,,
2025-04-02,Drift,,,57.0,,,,,0.0,,,,,,,,,,,,,
2025-04-02,GMTrade,,,21.0,,,,,0.0,,,,,2.0,,,,,#f79009,,,
2025-04-02,Flash Trade,,,15.0,,,,,0.0,,,,,4.0,,,,,#63b512,,,
2025-04-02,Jupiter,,,3.0,,,,,0.0,,,,,6.0,,,,,#00bfa5,,,
2025-04-02,_Drift,Drift,,,57.0,,,,,0.0,,,,,,,,,,,,
2025-04-02,_GMTrade,GMTrade,,,21.0,,,,,0.0,,,,,2.0,,,,,#f79009,,
2025-04-02,_Flash Trade,Flash Trade,,,15.0,,,,,0.0,,,,,4.0,,,,,#63b512,,
2025-04-02,_Jupiter,Jupiter,,,3.0,,,,,0.0,,,,,6.0,,,,,#00bfa5,,
2025-04-02,Crypto,,,,,65.0,,,,,0.0,,,,,1.0,,,,,#545cf8,
2025-04-02,FX,,,,,2.0,,,,,0.0,,,,,4.0,,,,,#63b512,
2025-04-02,Commodity,,,,,2.0,,,,,0.0,,,,,3.0,,,,,#904ea6,
2025-04-01,Total,,69.0,,,,,0.0,,,,,1.0,,,,,#545cf8,,,,
2025-04-01,Drift,,,57.0,,,,,0.0,,,,,,,,,,,,,
2025-04-01,GMTrade,,,21.0,,,,,0.0,,,,,2.0,,,,,#f79009,,,
2025-04-01,Flash Trade,,,15.0,,,,,0.0,,,,,4.0,,,,,#63b512,,,
2025-04-01,Jupiter,,,3.0,,,,,0.0,,,,,6.0,,,,,#00bfa5,,,
2025-04-01,_Drift,Drift,,,57.0,,,,,0.0,,,,,,,,,,,,
2025-04-01,_GMTrade,GMTrade,,,21.0,,,,,0.0,,,,,2.0,,,,,#f79009,,
2025-04-01,_Flash Trade,Flash Trade,,,15.0,,,,,0.0,,,,,4.0,,,,,#63b512,,
2025-04-01,_Jupiter,Jupiter,,,3.0,,,,,0.0,,,,,6.0,,,,,#00bfa5,,
2025-04-01,Crypto,,,,,65.0,,,,,0.0,,,,,1.0,,,,,#545cf8,
2025-04-01,Commodity,,,,,2.0,,,,,0.0,,,,,3.0,,,,,#904ea6,
2025-04-01,FX,,,,,2.0,,,,,0.0,,,,,4.0,,,,,#63b512,
2025-03-31,Total,,69.0,,,,,0.0,,,,,1.0,,,,,#545cf8,,,,
2025-03-31,Drift,,,57.0,,,,,0.0,,,,,,,,,,,,,
2025-03-31,GMTrade,,,21.0,,,,,0.0,,,,,2.0,,,,,#f79009,,,
2025-03-31,Flash Trade,,,15.0,,,,,0.0,,,,,4.0,,,,,#63b512,,,
2025-03-31,Jupiter,,,3.0,,,,,0.0,,,,,6.0,,,,,#00bfa5,,,
2025-03-31,_Drift,Drift,,,57.0,,,,,0.0,,,,,,,,,,,,
2025-03-31,_GMTrade,GMTrade,,,21.0,,,,,0.0,,,,,2.0,,,,,#f79009,,
2025-03-31,_Flash Trade,Flash Trade,,,15.0,,,,,0.0,,,,,4.0,,,,,#63b512,,
2025-03-31,_Jupiter,Jupiter,,,3.0,,,,,0.0,,,,,6.0,,,,,#00bfa5,,
2025-03-31,Crypto,,,,,65.0,,,,,0.0,,,,,1.0,,,,,#545cf8,
2025-03-31,FX,,,,,2.0,,,,,0.0,,,,,4.0,,,,,#63b512,
2025-03-31,Commodity,,,,,2.0,,,,,0.0,,,,,3.0,,,,,#904ea6,
2025-03-30,Total,,69.0,,,,,0.0,,,,,1.0,,,,,#545cf8,,,,
2025-03-30,Drift,,,57.0,,,,,0.0,,,,,,,,,,,,,
2025-03-30,GMTrade,,,21.0,,,,,0.0,,,,,2.0,,,,,#f79009,,,
2025-03-30,Flash Trade,,,15.0,,,,,0.0,,,,,4.0,,,,,#63b512,,,
2025-03-30,Jupiter,,,3.0,,,,,0.0,,,,,6.0,,,,,#00bfa5,,,
2025-03-30,_Drift,Drift,,,57.0,,,,,0.0,,,,,,,,,,,,
2025-03-30,_GMTrade,GMTrade,,,21.0,,,,,0.0,,,,,2.0,,,,,#f79009,,
2025-03-30,_Flash Trade,Flash Trade,,,15.0,,,,,0.0,,,,,4.0,,,,,#63b512,,
2025-03-30,_Jupiter,Jupiter,,,3.0,,,,,0.0,,,,,6.0,,,,,#00bfa5,,
2025-03-30,Crypto,,,,,65.0,,,,,0.0,,,,,1.0,,,,,#545cf8,
2025-03-30,FX,,,,,2.0,,,,,0.0,,,,,4.0,,,,,#63b512,
2025-03-30,Commodity,,,,,2.0,,,,,0.0,,,,,3.0,,,,,#904ea6,
2025-03-29,Total,,69.0,,,,,0.0,,,,,1.0,,,,,#545cf8,,,,
2025-03-29,Drift,,,57.0,,,,,0.0,,,,,,,,,,,,,
2025-03-29,GMTrade,,,21.0,,,,,0.0,,,,,2.0,,,,,#f79009,,,
2025-03-29,Flash Trade,,,15.0,,,,,0.0,,,,,4.0,,,,,#63b512,,,
2025-03-29,Jupiter,,,3.0,,,,,0.0,,,,,6.0,,,,,#00bfa5,,,
2025-03-29,_Drift,Drift,,,57.0,,,,,0.0,,,,,,,,,,,,
2025-03-29,_GMTrade,GMTrade,,,21.0,,,,,0.0,,,,,2.0,,,,,#f79009,,
2025-03-29,_Flash Trade,Flash Trade,,,15.0,,,,,0.0,,,,,4.0,,,,,#63b512,,
2025-03-29,_Jupiter,Jupiter,,,3.0,,,,,0.0,,,,,6.0,,,,,#00bfa5,,
2025-03-29,Crypto,,,,,65.0,,,,,0.0,,,,,1.0,,,,,#545cf8,
2025-03-29,FX,,,,,2.0,,,,,0.0,,,,,4.0,,,,,#63b512,
2025-03-29,Commodity,,,,,2.0,,,,,0.0,,,,,3.0,,,,,#904ea6,
2025-03-28,Total,,69.0,,,,,0.0,,,,,1.0,,,,,#545cf8,,,,
2025-03-28,Drift,,,57.0,,,,,0.0,,,,,,,,,,,,,
2025-03-28,GMTrade,,,21.0,,,,,0.0,,,,,2.0,,,,,#f79009,,,
2025-03-28,Flash Trade,,,15.0,,,,,0.0,,,,,4.0,,,,,#63b512,,,
2025-03-28,Jupiter,,,3.0,,,,,0.0,,,,,6.0,,,,,#00bfa5,,,
2025-03-28,_Drift,Drift,,,57.0,,,,,0.0,,,,,,,,,,,,
2025-03-28,_GMTrade,GMTrade,,,21.0,,,,,0.0,,,,,2.0,,,,,#f79009,,
2025-03-28,_Flash Trade,Flash Trade,,,15.0,,,,,0.0,,,,,4.0,,,,,#63b512,,
2025-03-28,_Jupiter,Jupiter,,,3.0,,,,,0.0,,,,,6.0,,,,,#00bfa5,,
2025-03-28,Crypto,,,,,65.0,,,,,0.0,,,,,1.0,,,,,#545cf8,
2025-03-28,FX,,,,,2.0,,,,,0.0,,,,,4.0,,,,,#63b512,
2025-03-28,Commodity,,,,,2.0,,,,,0.0,,,,,3.0,,,,,#904ea6,
2025-03-27,Total,,69.0,,,,,0.0,,,,,1.0,,,,,#545cf8,,,,
2025-03-27,Drift,,,57.0,,,,,1.0,,,,,,,,,,,,,
2025-03-27,GMTrade,,,21.0,,,,,0.0,,,,,2.0,,,,,#f79009,,,
2025-03-27,Flash Trade,,,15.0,,,,,0.0,,,,,4.0,,,,,#63b512,,,
2025-03-27,Jupiter,,,3.0,,,,,0.0,,,,,6.0,,,,,#00bfa5,,,
2025-03-27,_Drift,Drift,,,57.0,,,,,1.0,,,,,,,,,,,,
2025-03-27,_GMTrade,GMTrade,,,21.0,,,,,0.0,,,,,2.0,,,,,#f79009,,
2025-03-27,_Flash Trade,Flash Trade,,,15.0,,,,,0.0,,,,,4.0,,,,,#63b512,,
2025-03-27,_Jupiter,Jupiter,,,3.0,,,,,0.0,,,,,6.0,,,,,#00bfa5,,
2025-03-27,Crypto,,,,,65.0,,,,,0.0,,,,,1.0,,,,,#545cf8,
2025-03-27,FX,,,,,2.0,,,,,0.0,,,,,4.0,,,,,#63b512,
2025-03-27,Commodity,,,,,2.0,,,,,0.0,,,,,3.0,,,,,#904ea6,
2025-03-26,Total,,69.0,,,,,0.0,,,,,1.0,,,,,#545cf8,,,,
2025-03-26,Drift,,,56.0,,,,,0.0,,,,,,,,,,,,,
2025-03-26,GMTrade,,,21.0,,,,,0.0,,,,,2.0,,,,,#f79009,,,
2025-03-26,Flash Trade,,,15.0,,,,,0.0,,,,,4.0,,,,,#63b512,,,
2025-03-26,Jupiter,,,3.0,,,,,0.0,,,,,6.0,,,,,#00bfa5,,,
2025-03-26,_Drift,Drift,,,56.0,,,,,0.0,,,,,,,,,,,,
2025-03-26,_GMTrade,GMTrade,,,21.0,,,,,0.0,,,,,2.0,,,,,#f79009,,
2025-03-26,_Flash Trade,Flash Trade,,,15.0,,,,,0.0,,,,,4.0,,,,,#63b512,,
2025-03-26,_Jupiter,Jupiter,,,3.0,,,,,0.0,,,,,6.0,,,,,#00bfa5,,
2025-03-26,Crypto,,,,,65.0,,,,,0.0,,,,,1.0,,,,,#545cf8,
2025-03-26,FX,,,,,2.0,,,,,0.0,,,,,4.0,,,,,#63b512,
2025-03-26,Commodity,,,,,2.0,,,,,0.0,,,,,3.0,,,,,#904ea6,
2025-03-25,Total,,69.0,,,,,0.0,,,,,1.0,,,,,#545cf8,,,,
2025-03-25,Drift,,,56.0,,,,,0.0,,,,,,,,,,,,,
2025-03-25,GMTrade,,,21.0,,,,,0.0,,,,,2.0,,,,,#f79009,,,
2025-03-25,Flash Trade,,,15.0,,,,,0.0,,,,,4.0,,,,,#63b512,,,
2025-03-25,Jupiter,,,3.0,,,,,0.0,,,,,6.0,,,,,#00bfa5,,,
2025-03-25,_Drift,Drift,,,56.0,,,,,0.0,,,,,,,,,,,,
2025-03-25,_GMTrade,GMTrade,,,21.0,,,,,0.0,,,,,2.0,,,,,#f79009,,
2025-03-25,_Flash Trade,Flash Trade,,,15.0,,,,,0.0,,,,,4.0,,,,,#63b512,,
2025-03-25,_Jupiter,Jupiter,,,3.0,,,,,0.0,,,,,6.0,,,,,#00bfa5,,
2025-03-25,Crypto,,,,,65.0,,,,,0.0,,,,,1.0,,,,,#545cf8,
2025-03-25,FX,,,,,2.0,,,,,0.0,,,,,4.0,,,,,#63b512,
2025-03-25,Commodity,,,,,2.0,,,,,0.0,,,,,3.0,,,,,#904ea6,
2025-03-24,Total,,69.0,,,,,0.0,,,,,1.0,,,,,#545cf8,,,,
2025-03-24,Drift,,,56.0,,,,,0.0,,,,,,,,,,,,,
2025-03-24,GMTrade,,,21.0,,,,,0.0,,,,,2.0,,,,,#f79009,,,
2025-03-24,Flash Trade,,,15.0,,,,,0.0,,,,,4.0,,,,,#63b512,,,
2025-03-24,Jupiter,,,3.0,,,,,0.0,,,,,6.0,,,,,#00bfa5,,,
2025-03-24,_Drift,Drift,,,56.0,,,,,0.0,,,,,,,,,,,,
2025-03-24,_GMTrade,GMTrade,,,21.0,,,,,0.0,,,,,2.0,,,,,#f79009,,
2025-03-24,_Flash Trade,Flash Trade,,,15.0,,,,,0.0,,,,,4.0,,,,,#63b512,,
2025-03-24,_Jupiter,Jupiter,,,3.0,,,,,0.0,,,,,6.0,,,,,#00bfa5,,
2025-03-24,Crypto,,,,,65.0,,,,,0.0,,,,,1.0,,,,,#545cf8,
2025-03-24,Commodity,,,,,2.0,,,,,0.0,,,,,3.0,,,,,#904ea6,
2025-03-24,FX,,,,,2.0,,,,,0.0,,,,,4.0,,,,,#63b512,
2025-03-23,Total,,69.0,,,,,0.0,,,,,1.0,,,,,#545cf8,,,,
2025-03-23,Drift,,,56.0,,,,,0.0,,,,,,,,,,,,,
2025-03-23,GMTrade,,,21.0,,,,,0.0,,,,,2.0,,,,,#f79009,,,
2025-03-23,Flash Trade,,,15.0,,,,,0.0,,,,,4.0,,,,,#63b512,,,
2025-03-23,Jupiter,,,3.0,,,,,0.0,,,,,6.0,,,,,#00bfa5,,,
2025-03-23,_Drift,Drift,,,56.0,,,,,0.0,,,,,,,,,,,,
2025-03-23,_GMTrade,GMTrade,,,21.0,,,,,0.0,,,,,2.0,,,,,#f79009,,
2025-03-23,_Flash Trade,Flash Trade,,,15.0,,,,,0.0,,,,,4.0,,,,,#63b512,,
2025-03-23,_Jupiter,Jupiter,,,3.0,,,,,0.0,,,,,6.0,,,,,#00bfa5,,
2025-03-23,Crypto,,,,,65.0,,,,,0.0,,,,,1.0,,,,,#545cf8,
2025-03-23,FX,,,,,2.0,,,,,0.0,,,,,4.0,,,,,#63b512,
2025-03-23,Commodity,,,,,2.0,,,,,0.0,,,,,3.0,,,,,#904ea6,
2025-03-22,Total,,69.0,,,,,0.0,,,,,1.0,,,,,#545cf8,,,,
2025-03-22,Drift,,,56.0,,,,,0.0,,,,,,,,,,,,,
2025-03-22,GMTrade,,,21.0,,,,,0.0,,,,,2.0,,,,,#f79009,,,
2025-03-22,Flash Trade,,,15.0,,,,,0.0,,,,,4.0,,,,,#63b512,,,
2025-03-22,Jupiter,,,3.0,,,,,0.0,,,,,6.0,,,,,#00bfa5,,,
2025-03-22,_Drift,Drift,,,56.0,,,,,0.0,,,,,,,,,,,,
2025-03-22,_GMTrade,GMTrade,,,21.0,,,,,0.0,,,,,2.0,,,,,#f79009,,
2025-03-22,_Flash Trade,Flash Trade,,,15.0,,,,,0.0,,,,,4.0,,,,,#63b512,,
2025-03-22,_Jupiter,Jupiter,,,3.0,,,,,0.0,,,,,6.0,,,,,#00bfa5,,
2025-03-22,Crypto,,,,,65.0,,,,,0.0,,,,,1.0,,,,,#545cf8,
2025-03-22,FX,,,,,2.0,,,,,0.0,,,,,4.0,,,,,#63b512,
2025-03-22,Commodity,,,,,2.0,,,,,0.0,,,,,3.0,,,,,#904ea6,
2025-03-21,Total,,69.0,,,,,0.0,,,,,1.0,,,,,#545cf8,,,,
2025-03-21,Drift,,,56.0,,,,,0.0,,,,,,,,,,,,,
2025-03-21,GMTrade,,,21.0,,,,,0.0,,,,,2.0,,,,,#f79009,,,
2025-03-21,Flash Trade,,,15.0,,,,,0.0,,,,,4.0,,,,,#63b512,,,
2025-03-21,Jupiter,,,3.0,,,,,0.0,,,,,6.0,,,,,#00bfa5,,,
2025-03-21,_Drift,Drift,,,56.0,,,,,0.0,,,,,,,,,,,,
2025-03-21,_GMTrade,GMTrade,,,21.0,,,,,0.0,,,,,2.0,,,,,#f79009,,
2025-03-21,_Flash Trade,Flash Trade,,,15.0,,,,,0.0,,,,,4.0,,,,,#63b512,,
2025-03-21,_Jupiter,Jupiter,,,3.0,,,,,0.0,,,,,6.0,,,,,#00bfa5,,
2025-03-21,Crypto,,,,,65.0,,,,,0.0,,,,,1.0,,,,,#545cf8,
2025-03-21,FX,,,,,2.0,,,,,0.0,,,,,4.0,,,,,#63b512,
2025-03-21,Commodity,,,,,2.0,,,,,0.0,,,,,3.0,,,,,#904ea6,
2025-03-20,Total,,69.0,,,,,0.0,,,,,1.0,,,,,#545cf8,,,,
2025-03-20,Drift,,,56.0,,,,,0.0,,,,,,,,,,,,,
2025-03-20,GMTrade,,,21.0,,,,,0.0,,,,,2.0,,,,,#f79009,,,
2025-03-20,Flash Trade,,,15.0,,,,,0.0,,,,,4.0,,,,,#63b512,,,
2025-03-20,Jupiter,,,3.0,,,,,0.0,,,,,6.0,,,,,#00bfa5,,,
2025-03-20,_Drift,Drift,,,56.0,,,,,0.0,,,,,,,,,,,,
2025-03-20,_GMTrade,GMTrade,,,21.0,,,,,0.0,,,,,2.0,,,,,#f79009,,
2025-03-20,_Flash Trade,Flash Trade,,,15.0,,,,,0.0,,,,,4.0,,,,,#63b512,,
2025-03-20,_Jupiter,Jupiter,,,3.0,,,,,0.0,,,,,6.0,,,,,#00bfa5,,
2025-03-20,Crypto,,,,,65.0,,,,,0.0,,,,,1.0,,,,,#545cf8,
2025-03-20,Commodity,,,,,2.0,,,,,0.0,,,,,3.0,,,,,#904ea6,
2025-03-20,FX,,,,,2.0,,,,,0.0,,,,,4.0,,,,,#63b512,
2025-03-19,Total,,69.0,,,,,0.0,,,,,1.0,,,,,#545cf8,,,,
2025-03-19,Drift,,,56.0,,,,,0.0,,,,,,,,,,,,,
2025-03-19,GMTrade,,,21.0,,,,,0.0,,,,,2.0,,,,,#f79009,,,
2025-03-19,Flash Trade,,,15.0,,,,,0.0,,,,,4.0,,,,,#63b512,,,
2025-03-19,Jupiter,,,3.0,,,,,0.0,,,,,6.0,,,,,#00bfa5,,,
2025-03-19,_Drift,Drift,,,56.0,,,,,0.0,,,,,,,,,,,,
2025-03-19,_GMTrade,GMTrade,,,21.0,,,,,0.0,,,,,2.0,,,,,#f79009,,
2025-03-19,_Flash Trade,Flash Trade,,,15.0,,,,,0.0,,,,,4.0,,,,,#63b512,,
2025-03-19,_Jupiter,Jupiter,,,3.0,,,,,0.0,,,,,6.0,,,,,#00bfa5,,
2025-03-19,Crypto,,,,,65.0,,,,,0.0,,,,,1.0,,,,,#545cf8,
2025-03-19,FX,,,,,2.0,,,,,0.0,,,,,4.0,,,,,#63b512,
2025-03-19,Commodity,,,,,2.0,,,,,0.0,,,,,3.0,,,,,#904ea6,
2025-03-18,Total,,69.0,,,,,0.0,,,,,1.0,,,,,#545cf8,,,,
2025-03-18,Drift,,,56.0,,,,,0.0,,,,,,,,,,,,,
2025-03-18,GMTrade,,,21.0,,,,,0.0,,,,,2.0,,,,,#f79009,,,
2025-03-18,Flash Trade,,,15.0,,,,,0.0,,,,,4.0,,,,,#63b512,,,
2025-03-18,Jupiter,,,3.0,,,,,0.0,,,,,6.0,,,,,#00bfa5,,,
2025-03-18,_Drift,Drift,,,56.0,,,,,0.0,,,,,,,,,,,,
2025-03-18,_GMTrade,GMTrade,,,21.0,,,,,0.0,,,,,2.0,,,,,#f79009,,
2025-03-18,_Flash Trade,Flash Trade,,,15.0,,,,,0.0,,,,,4.0,,,,,#63b512,,
2025-03-18,_Jupiter,Jupiter,,,3.0,,,,,0.0,,,,,6.0,,,,,#00bfa5,,
2025-03-18,Crypto,,,,,65.0,,,,,0.0,,,,,1.0,,,,,#545cf8,
2025-03-18,FX,,,,,2.0,,,,,0.0,,,,,4.0,,,,,#63b512,
2025-03-18,Commodity,,,,,2.0,,,,,0.0,,,,,3.0,,,,,#904ea6,
2025-03-17,Total,,69.0,,,,,0.0,,,,,1.0,,,,,#545cf8,,,,
2025-03-17,Drift,,,56.0,,,,,0.0,,,,,,,,,,,,,
2025-03-17,GMTrade,,,21.0,,,,,0.0,,,,,2.0,,,,,#f79009,,,
2025-03-17,Flash Trade,,,15.0,,,,,0.0,,,,,4.0,,,,,#63b512,,,
2025-03-17,Jupiter,,,3.0,,,,,0.0,,,,,6.0,,,,,#00bfa5,,,
2025-03-17,_Drift,Drift,,,56.0,,,,,0.0,,,,,,,,,,,,
2025-03-17,_GMTrade,GMTrade,,,21.0,,,,,0.0,,,,,2.0,,,,,#f79009,,
2025-03-17,_Flash Trade,Flash Trade,,,15.0,,,,,0.0,,,,,4.0,,,,,#63b512,,
2025-03-17,_Jupiter,Jupiter,,,3.0,,,,,0.0,,,,,6.0,,,,,#00bfa5,,
2025-03-17,Crypto,,,,,65.0,,,,,0.0,,,,,1.0,,,,,#545cf8,
2025-03-17,FX,,,,,2.0,,,,,0.0,,,,,4.0,,,,,#63b512,
2025-03-17,Commodity,,,,,2.0,,,,,0.0,,,,,3.0,,,,,#904ea6,
2025-03-16,Total,,69.0,,,,,0.0,,,,,1.0,,,,,#545cf8,,,,
2025-03-16,Drift,,,56.0,,,,,0.0,,,,,,,,,,,,,
2025-03-16,GMTrade,,,21.0,,,,,0.0,,,,,2.0,,,,,#f79009,,,
2025-03-16,Flash Trade,,,15.0,,,,,0.0,,,,,4.0,,,,,#63b512,,,
2025-03-16,Jupiter,,,3.0,,,,,0.0,,,,,6.0,,,,,#00bfa5,,,
2025-03-16,_Drift,Drift,,,56.0,,,,,0.0,,,,,,,,,,,,
2025-03-16,_GMTrade,GMTrade,,,21.0,,,,,0.0,,,,,2.0,,,,,#f79009,,
2025-03-16,_Flash Trade,Flash Trade,,,15.0,,,,,0.0,,,,,4.0,,,,,#63b512,,
2025-03-16,_Jupiter,Jupiter,,,3.0,,,,,0.0,,,,,6.0,,,,,#00bfa5,,
2025-03-16,Crypto,,,,,65.0,,,,,0.0,,,,,1.0,,,,,#545cf8,
2025-03-16,Commodity,,,,,2.0,,,,,0.0,,,,,3.0,,,,,#904ea6,
2025-03-16,FX,,,,,2.0,,,,,0.0,,,,,4.0,,,,,#63b512,
2025-03-15,Total,,69.0,,,,,0.0,,,,,1.0,,,,,#545cf8,,,,
2025-03-15,Drift,,,56.0,,,,,0.0,,,,,,,,,,,,,
2025-03-15,GMTrade,,,21.0,,,,,0.0,,,,,2.0,,,,,#f79009,,,
2025-03-15,Flash Trade,,,15.0,,,,,0.0,,,,,4.0,,,,,#63b512,,,
2025-03-15,Jupiter,,,3.0,,,,,0.0,,,,,6.0,,,,,#00bfa5,,,
2025-03-15,_Drift,Drift,,,56.0,,,,,0.0,,,,,,,,,,,,
2025-03-15,_GMTrade,GMTrade,,,21.0,,,,,0.0,,,,,2.0,,,,,#f79009,,
2025-03-15,_Flash Trade,Flash Trade,,,15.0,,,,,0.0,,,,,4.0,,,,,#63b512,,
2025-03-15,_Jupiter,Jupiter,,,3.0,,,,,0.0,,,,,6.0,,,,,#00bfa5,,
2025-03-15,Crypto,,,,,65.0,,,,,0.0,,,,,1.0,,,,,#545cf8,
2025-03-15,FX,,,,,2.0,,,,,0.0,,,,,4.0,,,,,#63b512,
2025-03-15,Commodity,,,,,2.0,,,,,0.0,,,,,3.0,,,,,#904ea6,
2025-03-14,Total,,69.0,,,,,0.0,,,,,1.0,,,,,#545cf8,,,,
2025-03-14,Drift,,,56.0,,,,,0.0,,,,,,,,,,,,,
2025-03-14,GMTrade,,,21.0,,,,,0.0,,,,,2.0,,,,,#f79009,,,
2025-03-14,Flash Trade,,,15.0,,,,,0.0,,,,,4.0,,,,,#63b512,,,
2025-03-14,Jupiter,,,3.0,,,,,0.0,,,,,6.0,,,,,#00bfa5,,,
2025-03-14,_Drift,Drift,,,56.0,,,,,0.0,,,,,,,,,,,,
2025-03-14,_GMTrade,GMTrade,,,21.0,,,,,0.0,,,,,2.0,,,,,#f79009,,
2025-03-14,_Flash Trade,Flash Trade,,,15.0,,,,,0.0,,,,,4.0,,,,,#63b512,,
2025-03-14,_Jupiter,Jupiter,,,3.0,,,,,0.0,,,,,6.0,,,,,#00bfa5,,
2025-03-14,Crypto,,,,,65.0,,,,,0.0,,,,,1.0,,,,,#545cf8,
2025-03-14,Commodity,,,,,2.0,,,,,0.0,,,,,3.0,,,,,#904ea6,
2025-03-14,FX,,,,,2.0,,,,,0.0,,,,,4.0,,,,,#63b512,
2025-03-13,Total,,69.0,,,,,0.0,,,,,1.0,,,,,#545cf8,,,,
2025-03-13,Drift,,,56.0,,,,,0.0,,,,,,,,,,,,,
2025-03-13,GMTrade,,,21.0,,,,,0.0,,,,,2.0,,,,,#f79009,,,
2025-03-13,Flash Trade,,,15.0,,,,,0.0,,,,,4.0,,,,,#63b512,,,
2025-03-13,Jupiter,,,3.0,,,,,0.0,,,,,6.0,,,,,#00bfa5,,,
2025-03-13,_Drift,Drift,,,56.0,,,,,0.0,,,,,,,,,,,,
2025-03-13,_GMTrade,GMTrade,,,21.0,,,,,0.0,,,,,2.0,,,,,#f79009,,
2025-03-13,_Flash Trade,Flash Trade,,,15.0,,,,,0.0,,,,,4.0,,,,,#63b512,,
2025-03-13,_Jupiter,Jupiter,,,3.0,,,,,0.0,,,,,6.0,,,,,#00bfa5,,
2025-03-13,Crypto,,,,,65.0,,,,,0.0,,,,,1.0,,,,,#545cf8,
2025-03-13,Commodity,,,,,2.0,,,,,0.0,,,,,3.0,,,,,#904ea6,
2025-03-13,FX,,,,,2.0,,,,,0.0,,,,,4.0,,,,,#63b512,
2025-03-12,Total,,69.0,,,,,0.0,,,,,1.0,,,,,#545cf8,,,,
2025-03-12,Drift,,,56.0,,,,,0.0,,,,,,,,,,,,,
2025-03-12,GMTrade,,,21.0,,,,,0.0,,,,,2.0,,,,,#f79009,,,
2025-03-12,Flash Trade,,,15.0,,,,,0.0,,,,,4.0,,,,,#63b512,,,
2025-03-12,Jupiter,,,3.0,,,,,0.0,,,,,6.0,,,,,#00bfa5,,,
2025-03-12,_Drift,Drift,,,56.0,,,,,0.0,,,,,,,,,,,,
2025-03-12,_GMTrade,GMTrade,,,21.0,,,,,0.0,,,,,2.0,,,,,#f79009,,
2025-03-12,_Flash Trade,Flash Trade,,,15.0,,,,,0.0,,,,,4.0,,,,,#63b512,,
2025-03-12,_Jupiter,Jupiter,,,3.0,,,,,0.0,,,,,6.0,,,,,#00bfa5,,
2025-03-12,Crypto,,,,,65.0,,,,,0.0,,,,,1.0,,,,,#545cf8,
2025-03-12,Commodity,,,,,2.0,,,,,0.0,,,,,3.0,,,,,#904ea6,
2025-03-12,FX,,,,,2.0,,,,,0.0,,,,,4.0,,,,,#63b512,
2025-03-11,Total,,69.0,,,,,0.0,,,,,1.0,,,,,#545cf8,,,,
2025-03-11,Drift,,,56.0,,,,,0.0,,,,,,,,,,,,,
2025-03-11,GMTrade,,,21.0,,,,,0.0,,,,,2.0,,,,,#f79009,,,
2025-03-11,Flash Trade,,,15.0,,,,,0.0,,,,,4.0,,,,,#63b512,,,
2025-03-11,Jupiter,,,3.0,,,,,0.0,,,,,6.0,,,,,#00bfa5,,,
2025-03-11,_Drift,Drift,,,56.0,,,,,0.0,,,,,,,,,,,,
2025-03-11,_GMTrade,GMTrade,,,21.0,,,,,0.0,,,,,2.0,,,,,#f79009,,
2025-03-11,_Flash Trade,Flash Trade,,,15.0,,,,,0.0,,,,,4.0,,,,,#63b512,,
2025-03-11,_Jupiter,Jupiter,,,3.0,,,,,0.0,,,,,6.0,,,,,#00bfa5,,
2025-03-11,Crypto,,,,,65.0,,,,,0.0,,,,,1.0,,,,,#545cf8,
2025-03-11,Commodity,,,,,2.0,,,,,0.0,,,,,3.0,,,,,#904ea6,
2025-03-11,FX,,,,,2.0,,,,,0.0,,,,,4.0,,,,,#63b512,
2025-03-10,Total,,69.0,,,,,0.0,,,,,1.0,,,,,#545cf8,,,,
2025-03-10,Drift,,,56.0,,,,,0.0,,,,,,,,,,,,,
2025-03-10,GMTrade,,,21.0,,,,,0.0,,,,,2.0,,,,,#f79009,,,
2025-03-10,Flash Trade,,,15.0,,,,,0.0,,,,,4.0,,,,,#63b512,,,
2025-03-10,Jupiter,,,3.0,,,,,0.0,,,,,6.0,,,,,#00bfa5,,,
2025-03-10,_Drift,Drift,,,56.0,,,,,0.0,,,,,,,,,,,,
2025-03-10,_GMTrade,GMTrade,,,21.0,,,,,0.0,,,,,2.0,,,,,#f79009,,
2025-03-10,_Flash Trade,Flash Trade,,,15.0,,,,,0.0,,,,,4.0,,,,,#63b512,,
2025-03-10,_Jupiter,Jupiter,,,3.0,,,,,0.0,,,,,6.0,,,,,#00bfa5,,
2025-03-10,Crypto,,,,,65.0,,,,,0.0,,,,,1.0,,,,,#545cf8,
2025-03-10,Commodity,,,,,2.0,,,,,0.0,,,,,3.0,,,,,#904ea6,
2025-03-10,FX,,,,,2.0,,,,,0.0,,,,,4.0,,,,,#63b512,
2025-03-09,Total,,69.0,,,,,0.0,,,,,1.0,,,,,#545cf8,,,,
2025-03-09,Drift,,,56.0,,,,,0.0,,,,,,,,,,,,,
2025-03-09,GMTrade,,,21.0,,,,,0.0,,,,,2.0,,,,,#f79009,,,
2025-03-09,Flash Trade,,,15.0,,,,,0.0,,,,,4.0,,,,,#63b512,,,
2025-03-09,Jupiter,,,3.0,,,,,0.0,,,,,6.0,,,,,#00bfa5,,,
2025-03-09,_Drift,Drift,,,56.0,,,,,0.0,,,,,,,,,,,,
2025-03-09,_GMTrade,GMTrade,,,21.0,,,,,0.0,,,,,2.0,,,,,#f79009,,
2025-03-09,_Flash Trade,Flash Trade,,,15.0,,,,,0.0,,,,,4.0,,,,,#63b512,,
2025-03-09,_Jupiter,Jupiter,,,3.0,,,,,0.0,,,,,6.0,,,,,#00bfa5,,
2025-03-09,Crypto,,,,,65.0,,,,,0.0,,,,,1.0,,,,,#545cf8,
2025-03-09,Commodity,,,,,2.0,,,,,0.0,,,,,3.0,,,,,#904ea6,
2025-03-09,FX,,,,,2.0,,,,,0.0,,,,,4.0,,,,,#63b512,
2025-03-08,Total,,69.0,,,,,0.0,,,,,1.0,,,,,#545cf8,,,,
2025-03-08,Drift,,,56.0,,,,,0.0,,,,,,,,,,,,,
2025-03-08,GMTrade,,,21.0,,,,,0.0,,,,,2.0,,,,,#f79009,,,
2025-03-08,Flash Trade,,,15.0,,,,,0.0,,,,,4.0,,,,,#63b512,,,
2025-03-08,Jupiter,,,3.0,,,,,0.0,,,,,6.0,,,,,#00bfa5,,,
2025-03-08,_Drift,Drift,,,56.0,,,,,0.0,,,,,,,,,,,,
2025-03-08,_GMTrade,GMTrade,,,21.0,,,,,0.0,,,,,2.0,,,,,#f79009,,
2025-03-08,_Flash Trade,Flash Trade,,,15.0,,,,,0.0,,,,,4.0,,,,,#63b512,,
2025-03-08,_Jupiter,Jupiter,,,3.0,,,,,0.0,,,,,6.0,,,,,#00bfa5,,
2025-03-08,Crypto,,,,,65.0,,,,,0.0,,,,,1.0,,,,,#545cf8,
2025-03-08,Commodity,,,,,2.0,,,,,0.0,,,,,3.0,,,,,#904ea6,
2025-03-08,FX,,,,,2.0,,,,,0.0,,,,,4.0,,,,,#63b512,
2025-03-07,Total,,69.0,,,,,0.0,,,,,1.0,,,,,#545cf8,,,,
2025-03-07,Drift,,,56.0,,,,,0.0,,,,,,,,,,,,,
2025-03-07,GMTrade,,,21.0,,,,,0.0,,,,,2.0,,,,,#f79009,,,
2025-03-07,Flash Trade,,,15.0,,,,,0.0,,,,,4.0,,,,,#63b512,,,
2025-03-07,Jupiter,,,3.0,,,,,0.0,,,,,6.0,,,,,#00bfa5,,,
2025-03-07,_Drift,Drift,,,56.0,,,,,0.0,,,,,,,,,,,,
2025-03-07,_GMTrade,GMTrade,,,21.0,,,,,0.0,,,,,2.0,,,,,#f79009,,
2025-03-07,_Flash Trade,Flash Trade,,,15.0,,,,,0.0,,,,,4.0,,,,,#63b512,,
2025-03-07,_Jupiter,Jupiter,,,3.0,,,,,0.0,,,,,6.0,,,,,#00bfa5,,
2025-03-07,Crypto,,,,,65.0,,,,,0.0,,,,,1.0,,,,,#545cf8,
2025-03-07,FX,,,,,2.0,,,,,0.0,,,,,4.0,,,,,#63b512,
2025-03-07,Commodity,,,,,2.0,,,,,0.0,,,,,3.0,,,,,#904ea6,
2025-03-06,Total,,69.0,,,,,0.0,,,,,1.0,,,,,#545cf8,,,,
2025-03-06,Drift,,,56.0,,,,,0.0,,,,,,,,,,,,,
2025-03-06,GMTrade,,,21.0,,,,,0.0,,,,,2.0,,,,,#f79009,,,
2025-03-06,Flash Trade,,,15.0,,,,,0.0,,,,,4.0,,,,,#63b512,,,
2025-03-06,Jupiter,,,3.0,,,,,0.0,,,,,6.0,,,,,#00bfa5,,,
2025-03-06,_Drift,Drift,,,56.0,,,,,0.0,,,,,,,,,,,,
2025-03-06,_GMTrade,GMTrade,,,21.0,,,,,0.0,,,,,2.0,,,,,#f79009,,
2025-03-06,_Flash Trade,Flash Trade,,,15.0,,,,,0.0,,,,,4.0,,,,,#63b512,,
2025-03-06,_Jupiter,Jupiter,,,3.0,,,,,0.0,,,,,6.0,,,,,#00bfa5,,
2025-03-06,Crypto,,,,,65.0,,,,,0.0,,,,,1.0,,,,,#545cf8,
2025-03-06,FX,,,,,2.0,,,,,0.0,,,,,4.0,,,,,#63b512,
2025-03-06,Commodity,,,,,2.0,,,,,0.0,,,,,3.0,,,,,#904ea6,
2025-03-05,Total,,69.0,,,,,0.0,,,,,1.0,,,,,#545cf8,,,,
2025-03-05,Drift,,,56.0,,,,,0.0,,,,,,,,,,,,,
2025-03-05,GMTrade,,,21.0,,,,,0.0,,,,,2.0,,,,,#f79009,,,
2025-03-05,Flash Trade,,,15.0,,,,,0.0,,,,,4.0,,,,,#63b512,,,
2025-03-05,Jupiter,,,3.0,,,,,0.0,,,,,6.0,,,,,#00bfa5,,,
2025-03-05,_Drift,Drift,,,56.0,,,,,0.0,,,,,,,,,,,,
2025-03-05,_GMTrade,GMTrade,,,21.0,,,,,0.0,,,,,2.0,,,,,#f79009,,
2025-03-05,_Flash Trade,Flash Trade,,,15.0,,,,,0.0,,,,,4.0,,,,,#63b512,,
2025-03-05,_Jupiter,Jupiter,,,3.0,,,,,0.0,,,,,6.0,,,,,#00bfa5,,
2025-03-05,Crypto,,,,,65.0,,,,,0.0,,,,,1.0,,,,,#545cf8,
2025-03-05,Commodity,,,,,2.0,,,,,0.0,,,,,3.0,,,,,#904ea6,
2025-03-05,FX,,,,,2.0,,,,,0.0,,,,,4.0,,,,,#63b512,
2025-03-04,Total,,69.0,,,,,0.0,,,,,1.0,,,,,#545cf8,,,,
2025-03-04,Drift,,,56.0,,,,,0.0,,,,,,,,,,,,,
2025-03-04,GMTrade,,,21.0,,,,,0.0,,,,,2.0,,,,,#f79009,,,
2025-03-04,Flash Trade,,,15.0,,,,,0.0,,,,,4.0,,,,,#63b512,,,
2025-03-04,Jupiter,,,3.0,,,,,0.0,,,,,6.0,,,,,#00bfa5,,,
2025-03-04,_Drift,Drift,,,56.0,,,,,0.0,,,,,,,,,,,,
2025-03-04,_GMTrade,GMTrade,,,21.0,,,,,0.0,,,,,2.0,,,,,#f79009,,
2025-03-04,_Flash Trade,Flash Trade,,,15.0,,,,,0.0,,,,,4.0,,,,,#63b512,,
2025-03-04,_Jupiter,Jupiter,,,3.0,,,,,0.0,,,,,6.0,,,,,#00bfa5,,
2025-03-04,Crypto,,,,,65.0,,,,,0.0,,,,,1.0,,,,,#545cf8,
2025-03-04,FX,,,,,2.0,,,,,0.0,,,,,4.0,,,,,#63b512,
2025-03-04,Commodity,,,,,2.0,,,,,0.0,,,,,3.0,,,,,#904ea6,
2025-03-03,Total,,69.0,,,,,0.0,,,,,1.0,,,,,#545cf8,,,,
2025-03-03,Drift,,,56.0,,,,,0.0,,,,,,,,,,,,,
2025-03-03,GMTrade,,,21.0,,,,,0.0,,,,,2.0,,,,,#f79009,,,
2025-03-03,Flash Trade,,,15.0,,,,,0.0,,,,,4.0,,,,,#63b512,,,
2025-03-03,Jupiter,,,3.0,,,,,0.0,,,,,6.0,,,,,#00bfa5,,,
2025-03-03,_Drift,Drift,,,56.0,,,,,0.0,,,,,,,,,,,,
2025-03-03,_GMTrade,GMTrade,,,21.0,,,,,0.0,,,,,2.0,,,,,#f79009,,
2025-03-03,_Flash Trade,Flash Trade,,,15.0,,,,,0.0,,,,,4.0,,,,,#63b512,,
2025-03-03,_Jupiter,Jupiter,,,3.0,,,,,0.0,,,,,6.0,,,,,#00bfa5,,
2025-03-03,Crypto,,,,,65.0,,,,,0.0,,,,,1.0,,,,,#545cf8,
2025-03-03,Commodity,,,,,2.0,,,,,0.0,,,,,3.0,,,,,#904ea6,
2025-03-03,FX,,,,,2.0,,,,,0.0,,,,,4.0,,,,,#63b512,
2025-03-02,Total,,69.0,,,,,0.0,,,,,1.0,,,,,#545cf8,,,,
2025-03-02,Drift,,,56.0,,,,,0.0,,,,,,,,,,,,,
2025-03-02,GMTrade,,,21.0,,,,,0.0,,,,,2.0,,,,,#f79009,,,
2025-03-02,Flash Trade,,,15.0,,,,,0.0,,,,,4.0,,,,,#63b512,,,
2025-03-02,Jupiter,,,3.0,,,,,0.0,,,,,6.0,,,,,#00bfa5,,,
2025-03-02,_Drift,Drift,,,56.0,,,,,0.0,,,,,,,,,,,,
2025-03-02,_GMTrade,GMTrade,,,21.0,,,,,0.0,,,,,2.0,,,,,#f79009,,
2025-03-02,_Flash Trade,Flash Trade,,,15.0,,,,,0.0,,,,,4.0,,,,,#63b512,,
2025-03-02,_Jupiter,Jupiter,,,3.0,,,,,0.0,,,,,6.0,,,,,#00bfa5,,
2025-03-02,Crypto,,,,,65.0,,,,,0.0,,,,,1.0,,,,,#545cf8,
2025-03-02,FX,,,,,2.0,,,,,0.0,,,,,4.0,,,,,#63b512,
2025-03-02,Commodity,,,,,2.0,,,,,0.0,,,,,3.0,,,,,#904ea6,
2025-03-01,Total,,69.0,,,,,4.0,,,,,1.0,,,,,#545cf8,,,,
2025-03-01,Drift,,,56.0,,,,,0.0,,,,,,,,,,,,,
2025-03-01,GMTrade,,,21.0,,,,,10.0,,,,,2.0,,,,,#f79009,,,
2025-03-01,Flash Trade,,,15.0,,,,,0.0,,,,,4.0,,,,,#63b512,,,
2025-03-01,Jupiter,,,3.0,,,,,0.0,,,,,6.0,,,,,#00bfa5,,,
2025-03-01,_Drift,Drift,,,56.0,,,,,0.0,,,,,,,,,,,,
2025-03-01,_GMTrade,GMTrade,,,21.0,,,,,10.0,,,,,2.0,,,,,#f79009,,
2025-03-01,_Flash Trade,Flash Trade,,,15.0,,,,,0.0,,,,,4.0,,,,,#63b512,,
2025-03-01,_Jupiter,Jupiter,,,3.0,,,,,0.0,,,,,6.0,,,,,#00bfa5,,
2025-03-01,Crypto,,,,,65.0,,,,,4.0,,,,,1.0,,,,,#545cf8,
2025-03-01,FX,,,,,2.0,,,,,0.0,,,,,4.0,,,,,#63b512,
2025-03-01,Commodity,,,,,2.0,,,,,0.0,,,,,3.0,,,,,#904ea6,
2025-02-28,Total,,65.0,,,,,0.0,,,,,1.0,,,,,#545cf8,,,,
2025-02-28,Drift,,,56.0,,,,,0.0,,,,,,,,,,,,,
2025-02-28,Flash Trade,,,15.0,,,,,0.0,,,,,4.0,,,,,#63b512,,,
2025-02-28,GMTrade,,,11.0,,,,,0.0,,,,,2.0,,,,,#f79009,,,
2025-02-28,Jupiter,,,3.0,,,,,0.0,,,,,6.0,,,,,#00bfa5,,,
2025-02-28,_Drift,Drift,,,56.0,,,,,0.0,,,,,,,,,,,,
2025-02-28,_Flash Trade,Flash Trade,,,15.0,,,,,0.0,,,,,4.0,,,,,#63b512,,
2025-02-28,_GMTrade,GMTrade,,,11.0,,,,,0.0,,,,,2.0,,,,,#f79009,,
2025-02-28,_Jupiter,Jupiter,,,3.0,,,,,0.0,,,,,6.0,,,,,#00bfa5,,
2025-02-28,Crypto,,,,,61.0,,,,,0.0,,,,,1.0,,,,,#545cf8,
2025-02-28,Commodity,,,,,2.0,,,,,0.0,,,,,3.0,,,,,#904ea6,
2025-02-28,FX,,,,,2.0,,,,,0.0,,,,,4.0,,,,,#63b512,
2025-02-27,Total,,65.0,,,,,0.0,,,,,1.0,,,,,#545cf8,,,,
2025-02-27,Drift,,,56.0,,,,,0.0,,,,,,,,,,,,,
2025-02-27,Flash Trade,,,15.0,,,,,0.0,,,,,4.0,,,,,#63b512,,,
2025-02-27,GMTrade,,,11.0,,,,,0.0,,,,,2.0,,,,,#f79009,,,
2025-02-27,Jupiter,,,3.0,,,,,0.0,,,,,6.0,,,,,#00bfa5,,,
2025-02-27,_Drift,Drift,,,56.0,,,,,0.0,,,,,,,,,,,,
2025-02-27,_Flash Trade,Flash Trade,,,15.0,,,,,0.0,,,,,4.0,,,,,#63b512,,
2025-02-27,_GMTrade,GMTrade,,,11.0,,,,,0.0,,,,,2.0,,,,,#f79009,,
2025-02-27,_Jupiter,Jupiter,,,3.0,,,,,0.0,,,,,6.0,,,,,#00bfa5,,
2025-02-27,Crypto,,,,,61.0,,,,,0.0,,,,,1.0,,,,,#545cf8,
2025-02-27,Commodity,,,,,2.0,,,,,0.0,,,,,3.0,,,,,#904ea6,
2025-02-27,FX,,,,,2.0,,,,,0.0,,,,,4.0,,,,,#63b512,
2025-02-26,Total,,65.0,,,,,0.0,,,,,1.0,,,,,#545cf8,,,,
2025-02-26,Drift,,,56.0,,,,,0.0,,,,,,,,,,,,,
2025-02-26,Flash Trade,,,15.0,,,,,0.0,,,,,4.0,,,,,#63b512,,,
2025-02-26,GMTrade,,,11.0,,,,,0.0,,,,,2.0,,,,,#f79009,,,
2025-02-26,Jupiter,,,3.0,,,,,0.0,,,,,6.0,,,,,#00bfa5,,,
2025-02-26,_Drift,Drift,,,56.0,,,,,0.0,,,,,,,,,,,,
2025-02-26,_Flash Trade,Flash Trade,,,15.0,,,,,0.0,,,,,4.0,,,,,#63b512,,
2025-02-26,_GMTrade,GMTrade,,,11.0,,,,,0.0,,,,,2.0,,,,,#f79009,,
2025-02-26,_Jupiter,Jupiter,,,3.0,,,,,0.0,,,,,6.0,,,,,#00bfa5,,
2025-02-26,Crypto,,,,,61.0,,,,,0.0,,,,,1.0,,,,,#545cf8,
2025-02-26,Commodity,,,,,2.0,,,,,0.0,,,,,3.0,,,,,#904ea6,
2025-02-26,FX,,,,,2.0,,,,,0.0,,,,,4.0,,,,,#63b512,
2025-02-25,Total,,65.0,,,,,0.0,,,,,1.0,,,,,#545cf8,,,,
2025-02-25,Drift,,,56.0,,,,,0.0,,,,,,,,,,,,,
2025-02-25,Flash Trade,,,15.0,,,,,0.0,,,,,4.0,,,,,#63b512,,,
2025-02-25,GMTrade,,,11.0,,,,,0.0,,,,,2.0,,,,,#f79009,,,
2025-02-25,Jupiter,,,3.0,,,,,0.0,,,,,6.0,,,,,#00bfa5,,,
2025-02-25,_Drift,Drift,,,56.0,,,,,0.0,,,,,,,,,,,,
2025-02-25,_Flash Trade,Flash Trade,,,15.0,,,,,0.0,,,,,4.0,,,,,#63b512,,
2025-02-25,_GMTrade,GMTrade,,,11.0,,,,,0.0,,,,,2.0,,,,,#f79009,,
2025-02-25,_Jupiter,Jupiter,,,3.0,,,,,0.0,,,,,6.0,,,,,#00bfa5,,
2025-02-25,Crypto,,,,,61.0,,,,,0.0,,,,,1.0,,,,,#545cf8,
2025-02-25,FX,,,,,2.0,,,,,0.0,,,,,4.0,,,,,#63b512,
2025-02-25,Commodity,,,,,2.0,,,,,0.0,,,,,3.0,,,,,#904ea6,
2025-02-24,Total,,65.0,,,,,0.0,,,,,1.0,,,,,#545cf8,,,,
2025-02-24,Drift,,,56.0,,,,,0.0,,,,,,,,,,,,,
2025-02-24,Flash Trade,,,15.0,,,,,0.0,,,,,4.0,,,,,#63b512,,,
2025-02-24,GMTrade,,,11.0,,,,,0.0,,,,,2.0,,,,,#f79009,,,
2025-02-24,Jupiter,,,3.0,,,,,0.0,,,,,6.0,,,,,#00bfa5,,,
2025-02-24,_Drift,Drift,,,56.0,,,,,0.0,,,,,,,,,,,,
2025-02-24,_Flash Trade,Flash Trade,,,15.0,,,,,0.0,,,,,4.0,,,,,#63b512,,
2025-02-24,_GMTrade,GMTrade,,,11.0,,,,,0.0,,,,,2.0,,,,,#f79009,,
2025-02-24,_Jupiter,Jupiter,,,3.0,,,,,0.0,,,,,6.0,,,,,#00bfa5,,
2025-02-24,Crypto,,,,,61.0,,,,,0.0,,,,,1.0,,,,,#545cf8,
2025-02-24,FX,,,,,2.0,,,,,0.0,,,,,4.0,,,,,#63b512,
2025-02-24,Commodity,,,,,2.0,,,,,0.0,,,,,3.0,,,,,#904ea6,
2025-02-23,Total,,65.0,,,,,0.0,,,,,1.0,,,,,#545cf8,,,,
2025-02-23,Drift,,,56.0,,,,,0.0,,,,,,,,,,,,,
2025-02-23,Flash Trade,,,15.0,,,,,0.0,,,,,4.0,,,,,#63b512,,,
2025-02-23,GMTrade,,,11.0,,,,,0.0,,,,,2.0,,,,,#f79009,,,
2025-02-23,Jupiter,,,3.0,,,,,0.0,,,,,6.0,,,,,#00bfa5,,,
2025-02-23,_Drift,Drift,,,56.0,,,,,0.0,,,,,,,,,,,,
2025-02-23,_Flash Trade,Flash Trade,,,15.0,,,,,0.0,,,,,4.0,,,,,#63b512,,
2025-02-23,_GMTrade,GMTrade,,,11.0,,,,,0.0,,,,,2.0,,,,,#f79009,,
2025-02-23,_Jupiter,Jupiter,,,3.0,,,,,0.0,,,,,6.0,,,,,#00bfa5,,
2025-02-23,Crypto,,,,,61.0,,,,,0.0,,,,,1.0,,,,,#545cf8,
2025-02-23,FX,,,,,2.0,,,,,0.0,,,,,4.0,,,,,#63b512,
2025-02-23,Commodity,,,,,2.0,,,,,0.0,,,,,3.0,,,,,#904ea6,
2025-02-22,Total,,65.0,,,,,0.0,,,,,1.0,,,,,#545cf8,,,,
2025-02-22,Drift,,,56.0,,,,,0.0,,,,,,,,,,,,,
2025-02-22,Flash Trade,,,15.0,,,,,0.0,,,,,4.0,,,,,#63b512,,,
2025-02-22,GMTrade,,,11.0,,,,,0.0,,,,,2.0,,,,,#f79009,,,
2025-02-22,Jupiter,,,3.0,,,,,0.0,,,,,6.0,,,,,#00bfa5,,,
2025-02-22,_Drift,Drift,,,56.0,,,,,0.0,,,,,,,,,,,,
2025-02-22,_Flash Trade,Flash Trade,,,15.0,,,,,0.0,,,,,4.0,,,,,#63b512,,
2025-02-22,_GMTrade,GMTrade,,,11.0,,,,,0.0,,,,,2.0,,,,,#f79009,,
2025-02-22,_Jupiter,Jupiter,,,3.0,,,,,0.0,,,,,6.0,,,,,#00bfa5,,
2025-02-22,Crypto,,,,,61.0,,,,,0.0,,,,,1.0,,,,,#545cf8,
2025-02-22,Commodity,,,,,2.0,,,,,0.0,,,,,3.0,,,,,#904ea6,
2025-02-22,FX,,,,,2.0,,,,,0.0,,,,,4.0,,,,,#63b512,
2025-02-21,Total,,65.0,,,,,1.0,,,,,1.0,,,,,#545cf8,,,,
2025-02-21,Drift,,,56.0,,,,,1.0,,,,,,,,,,,,,
2025-02-21,Flash Trade,,,15.0,,,,,0.0,,,,,4.0,,,,,#63b512,,,
2025-02-21,GMTrade,,,11.0,,,,,0.0,,,,,2.0,,,,,#f79009,,,
2025-02-21,Jupiter,,,3.0,,,,,0.0,,,,,6.0,,,,,#00bfa5,,,
2025-02-21,_Drift,Drift,,,56.0,,,,,1.0,,,,,,,,,,,,
2025-02-21,_Flash Trade,Flash Trade,,,15.0,,,,,0.0,,,,,4.0,,,,,#63b512,,
2025-02-21,_GMTrade,GMTrade,,,11.0,,,,,0.0,,,,,2.0,,,,,#f79009,,
2025-02-21,_Jupiter,Jupiter,,,3.0,,,,,0.0,,,,,6.0,,,,,#00bfa5,,
2025-02-21,Crypto,,,,,61.0,,,,,1.0,,,,,1.0,,,,,#545cf8,
2025-02-21,FX,,,,,2.0,,,,,0.0,,,,,4.0,,,,,#63b512,
2025-02-21,Commodity,,,,,2.0,,,,,0.0,,,,,3.0,,,,,#904ea6,
2025-02-20,Total,,64.0,,,,,0.0,,,,,1.0,,,,,#545cf8,,,,
2025-02-20,Drift,,,55.0,,,,,0.0,,,,,,,,,,,,,
2025-02-20,Flash Trade,,,15.0,,,,,0.0,,,,,4.0,,,,,#63b512,,,
2025-02-20,GMTrade,,,11.0,,,,,0.0,,,,,2.0,,,,,#f79009,,,
2025-02-20,Jupiter,,,3.0,,,,,0.0,,,,,6.0,,,,,#00bfa5,,,
2025-02-20,_Drift,Drift,,,55.0,,,,,0.0,,,,,,,,,,,,
2025-02-20,_Flash Trade,Flash Trade,,,15.0,,,,,0.0,,,,,4.0,,,,,#63b512,,
2025-02-20,_GMTrade,GMTrade,,,11.0,,,,,0.0,,,,,2.0,,,,,#f79009,,
2025-02-20,_Jupiter,Jupiter,,,3.0,,,,,0.0,,,,,6.0,,,,,#00bfa5,,
2025-02-20,Crypto,,,,,60.0,,,,,0.0,,,,,1.0,,,,,#545cf8,
2025-02-20,FX,,,,,2.0,,,,,0.0,,,,,4.0,,,,,#63b512,
2025-02-20,Commodity,,,,,2.0,,,,,0.0,,,,,3.0,,,,,#904ea6,
2025-02-19,Total,,64.0,,,,,0.0,,,,,1.0,,,,,#545cf8,,,,
2025-02-19,Drift,,,55.0,,,,,0.0,,,,,,,,,,,,,
2025-02-19,Flash Trade,,,15.0,,,,,0.0,,,,,4.0,,,,,#63b512,,,
2025-02-19,GMTrade,,,11.0,,,,,0.0,,,,,2.0,,,,,#f79009,,,
2025-02-19,Jupiter,,,3.0,,,,,0.0,,,,,6.0,,,,,#00bfa5,,,
2025-02-19,_Drift,Drift,,,55.0,,,,,0.0,,,,,,,,,,,,
2025-02-19,_Flash Trade,Flash Trade,,,15.0,,,,,0.0,,,,,4.0,,,,,#63b512,,
2025-02-19,_GMTrade,GMTrade,,,11.0,,,,,0.0,,,,,2.0,,,,,#f79009,,
2025-02-19,_Jupiter,Jupiter,,,3.0,,,,,0.0,,,,,6.0,,,,,#00bfa5,,
2025-02-19,Crypto,,,,,60.0,,,,,0.0,,,,,1.0,,,,,#545cf8,
2025-02-19,Commodity,,,,,2.0,,,,,0.0,,,,,3.0,,,,,#904ea6,
2025-02-19,FX,,,,,2.0,,,,,0.0,,,,,4.0,,,,,#63b512,
2025-02-18,Total,,64.0,,,,,0.0,,,,,1.0,,,,,#545cf8,,,,
2025-02-18,Drift,,,55.0,,,,,0.0,,,,,,,,,,,,,
2025-02-18,Flash Trade,,,15.0,,,,,0.0,,,,,4.0,,,,,#63b512,,,
2025-02-18,GMTrade,,,11.0,,,,,0.0,,,,,2.0,,,,,#f79009,,,
2025-02-18,Jupiter,,,3.0,,,,,0.0,,,,,6.0,,,,,#00bfa5,,,
2025-02-18,_Drift,Drift,,,55.0,,,,,0.0,,,,,,,,,,,,
2025-02-18,_Flash Trade,Flash Trade,,,15.0,,,,,0.0,,,,,4.0,,,,,#63b512,,
2025-02-18,_GMTrade,GMTrade,,,11.0,,,,,0.0,,,,,2.0,,,,,#f79009,,
2025-02-18,_Jupiter,Jupiter,,,3.0,,,,,0.0,,,,,6.0,,,,,#00bfa5,,
2025-02-18,Crypto,,,,,60.0,,,,,0.0,,,,,1.0,,,,,#545cf8,
2025-02-18,FX,,,,,2.0,,,,,0.0,,,,,4.0,,,,,#63b512,
2025-02-18,Commodity,,,,,2.0,,,,,0.0,,,,,3.0,,,,,#904ea6,
2025-02-17,Total,,64.0,,,,,0.0,,,,,1.0,,,,,#545cf8,,,,
2025-02-17,Drift,,,55.0,,,,,0.0,,,,,,,,,,,,,
2025-02-17,Flash Trade,,,15.0,,,,,0.0,,,,,4.0,,,,,#63b512,,,
2025-02-17,GMTrade,,,11.0,,,,,0.0,,,,,2.0,,,,,#f79009,,,
2025-02-17,Jupiter,,,3.0,,,,,0.0,,,,,6.0,,,,,#00bfa5,,,
2025-02-17,_Drift,Drift,,,55.0,,,,,0.0,,,,,,,,,,,,
2025-02-17,_Flash Trade,Flash Trade,,,15.0,,,,,0.0,,,,,4.0,,,,,#63b512,,
2025-02-17,_GMTrade,GMTrade,,,11.0,,,,,0.0,,,,,2.0,,,,,#f79009,,
2025-02-17,_Jupiter,Jupiter,,,3.0,,,,,0.0,,,,,6.0,,,,,#00bfa5,,
2025-02-17,Crypto,,,,,60.0,,,,,0.0,,,,,1.0,,,,,#545cf8,
2025-02-17,Commodity,,,,,2.0,,,,,0.0,,,,,3.0,,,,,#904ea6,
2025-02-17,FX,,,,,2.0,,,,,0.0,,,,,4.0,,,,,#63b512,
2025-02-16,Total,,64.0,,,,,0.0,,,,,1.0,,,,,#545cf8,,,,
2025-02-16,Drift,,,55.0,,,,,0.0,,,,,,,,,,,,,
2025-02-16,Flash Trade,,,15.0,,,,,0.0,,,,,4.0,,,,,#63b512,,,
2025-02-16,GMTrade,,,11.0,,,,,0.0,,,,,2.0,,,,,#f79009,,,
2025-02-16,Jupiter,,,3.0,,,,,0.0,,,,,6.0,,,,,#00bfa5,,,
2025-02-16,_Drift,Drift,,,55.0,,,,,0.0,,,,,,,,,,,,
2025-02-16,_Flash Trade,Flash Trade,,,15.0,,,,,0.0,,,,,4.0,,,,,#63b512,,
2025-02-16,_GMTrade,GMTrade,,,11.0,,,,,0.0,,,,,2.0,,,,,#f79009,,
2025-02-16,_Jupiter,Jupiter,,,3.0,,,,,0.0,,,,,6.0,,,,,#00bfa5,,
2025-02-16,Crypto,,,,,60.0,,,,,0.0,,,,,1.0,,,,,#545cf8,
2025-02-16,Commodity,,,,,2.0,,,,,0.0,,,,,3.0,,,,,#904ea6,
2025-02-16,FX,,,,,2.0,,,,,0.0,,,,,4.0,,,,,#63b512,
2025-02-15,Total,,64.0,,,,,0.0,,,,,1.0,,,,,#545cf8,,,,
2025-02-15,Drift,,,55.0,,,,,0.0,,,,,,,,,,,,,
2025-02-15,Flash Trade,,,15.0,,,,,0.0,,,,,4.0,,,,,#63b512,,,
2025-02-15,GMTrade,,,11.0,,,,,0.0,,,,,2.0,,,,,#f79009,,,
2025-02-15,Jupiter,,,3.0,,,,,0.0,,,,,6.0,,,,,#00bfa5,,,
2025-02-15,_Drift,Drift,,,55.0,,,,,0.0,,,,,,,,,,,,
2025-02-15,_Flash Trade,Flash Trade,,,15.0,,,,,0.0,,,,,4.0,,,,,#63b512,,
2025-02-15,_GMTrade,GMTrade,,,11.0,,,,,0.0,,,,,2.0,,,,,#f79009,,
2025-02-15,_Jupiter,Jupiter,,,3.0,,,,,0.0,,,,,6.0,,,,,#00bfa5,,
2025-02-15,Crypto,,,,,60.0,,,,,0.0,,,,,1.0,,,,,#545cf8,
2025-02-15,Commodity,,,,,2.0,,,,,0.0,,,,,3.0,,,,,#904ea6,
2025-02-15,FX,,,,,2.0,,,,,0.0,,,,,4.0,,,,,#63b512,
2025-02-14,Total,,64.0,,,,,3.0,,,,,1.0,,,,,#545cf8,,,,
2025-02-14,Drift,,,55.0,,,,,1.0,,,,,,,,,,,,,
2025-02-14,Flash Trade,,,15.0,,,,,0.0,,,,,4.0,,,,,#63b512,,,
2025-02-14,GMTrade,,,11.0,,,,,2.0,,,,,2.0,,,,,#f79009,,,
2025-02-14,Jupiter,,,3.0,,,,,0.0,,,,,6.0,,,,,#00bfa5,,,
2025-02-14,_Drift,Drift,,,55.0,,,,,1.0,,,,,,,,,,,,
2025-02-14,_Flash Trade,Flash Trade,,,15.0,,,,,0.0,,,,,4.0,,,,,#63b512,,
2025-02-14,_GMTrade,GMTrade,,,11.0,,,,,2.0,,,,,2.0,,,,,#f79009,,
2025-02-14,_Jupiter,Jupiter,,,3.0,,,,,0.0,,,,,6.0,,,,,#00bfa5,,
2025-02-14,Crypto,,,,,60.0,,,,,3.0,,,,,1.0,,,,,#545cf8,
2025-02-14,FX,,,,,2.0,,,,,0.0,,,,,4.0,,,,,#63b512,
2025-02-14,Commodity,,,,,2.0,,,,,0.0,,,,,3.0,,,,,#904ea6,
2025-02-13,Total,,61.0,,,,,0.0,,,,,1.0,,,,,#545cf8,,,,
2025-02-13,Drift,,,54.0,,,,,0.0,,,,,,,,,,,,,
2025-02-13,Flash Trade,,,15.0,,,,,0.0,,,,,4.0,,,,,#63b512,,,
2025-02-13,GMTrade,,,9.0,,,,,0.0,,,,,2.0,,,,,#f79009,,,
2025-02-13,Jupiter,,,3.0,,,,,0.0,,,,,6.0,,,,,#00bfa5,,,
2025-02-13,_Drift,Drift,,,54.0,,,,,0.0,,,,,,,,,,,,
2025-02-13,_Flash Trade,Flash Trade,,,15.0,,,,,0.0,,,,,4.0,,,,,#63b512,,
2025-02-13,_GMTrade,GMTrade,,,9.0,,,,,0.0,,,,,2.0,,,,,#f79009,,
2025-02-13,_Jupiter,Jupiter,,,3.0,,,,,0.0,,,,,6.0,,,,,#00bfa5,,
2025-02-13,Crypto,,,,,57.0,,,,,0.0,,,,,1.0,,,,,#545cf8,
2025-02-13,Commodity,,,,,2.0,,,,,0.0,,,,,3.0,,,,,#904ea6,
2025-02-13,FX,,,,,2.0,,,,,0.0,,,,,4.0,,,,,#63b512,
2025-02-12,Total,,61.0,,,,,1.0,,,,,1.0,,,,,#545cf8,,,,
2025-02-12,Drift,,,54.0,,,,,0.0,,,,,,,,,,,,,
2025-02-12,Flash Trade,,,15.0,,,,,0.0,,,,,4.0,,,,,#63b512,,,
2025-02-12,GMTrade,,,9.0,,,,,,,,,,2.0,,,,,#f79009,,,
2025-02-12,Jupiter,,,3.0,,,,,0.0,,,,,6.0,,,,,#00bfa5,,,
2025-02-12,_Drift,Drift,,,54.0,,,,,0.0,,,,,,,,,,,,
2025-02-12,_Flash Trade,Flash Trade,,,15.0,,,,,0.0,,,,,4.0,,,,,#63b512,,
2025-02-12,_GMTrade,GMTrade,,,9.0,,,,,,,,,,2.0,,,,,#f79009,,
2025-02-12,_Jupiter,Jupiter,,,3.0,,,,,0.0,,,,,6.0,,,,,#00bfa5,,
2025-02-12,Crypto,,,,,57.0,,,,,1.0,,,,,1.0,,,,,#545cf8,
2025-02-12,FX,,,,,2.0,,,,,0.0,,,,,4.0,,,,,#63b512,
2025-02-12,Commodity,,,,,2.0,,,,,0.0,,,,,3.0,,,,,#904ea6,
2025-02-11,Total,,60.0,,,,,0.0,,,,,1.0,,,,,#545cf8,,,,
2025-02-11,Drift,,,54.0,,,,,0.0,,,,,,,,,,,,,
2025-02-11,Flash Trade,,,15.0,,,,,0.0,,,,,4.0,,,,,#63b512,,,
2025-02-11,Jupiter,,,3.0,,,,,0.0,,,,,6.0,,,,,#00bfa5,,,
2025-02-11,_Drift,Drift,,,54.0,,,,,0.0,,,,,,,,,,,,
2025-02-11,_Flash Trade,Flash Trade,,,15.0,,,,,0.0,,,,,4.0,,,,,#63b512,,
2025-02-11,_Jupiter,Jupiter,,,3.0,,,,,0.0,,,,,6.0,,,,,#00bfa5,,
2025-02-11,Crypto,,,,,56.0,,,,,0.0,,,,,1.0,,,,,#545cf8,
2025-02-11,FX,,,,,2.0,,,,,0.0,,,,,4.0,,,,,#63b512,
2025-02-11,Commodity,,,,,2.0,,,,,0.0,,,,,3.0,,,,,#904ea6,
2025-02-10,Total,,60.0,,,,,0.0,,,,,1.0,,,,,#545cf8,,,,
2025-02-10,Drift,,,54.0,,,,,0.0,,,,,,,,,,,,,
2025-02-10,Flash Trade,,,15.0,,,,,0.0,,,,,4.0,,,,,#63b512,,,
2025-02-10,Jupiter,,,3.0,,,,,0.0,,,,,6.0,,,,,#00bfa5,,,
2025-02-10,_Drift,Drift,,,54.0,,,,,0.0,,,,,,,,,,,,
2025-02-10,_Flash Trade,Flash Trade,,,15.0,,,,,0.0,,,,,4.0,,,,,#63b512,,
2025-02-10,_Jupiter,Jupiter,,,3.0,,,,,0.0,,,,,6.0,,,,,#00bfa5,,
2025-02-10,Crypto,,,,,56.0,,,,,0.0,,,,,1.0,,,,,#545cf8,
2025-02-10,FX,,,,,2.0,,,,,0.0,,,,,4.0,,,,,#63b512,
2025-02-10,Commodity,,,,,2.0,,,,,0.0,,,,,3.0,,,,,#904ea6,
2025-02-09,Total,,60.0,,,,,0.0,,,,,1.0,,,,,#545cf8,,,,
2025-02-09,Drift,,,54.0,,,,,0.0,,,,,,,,,,,,,
2025-02-09,Flash Trade,,,15.0,,,,,0.0,,,,,4.0,,,,,#63b512,,,
2025-02-09,Jupiter,,,3.0,,,,,0.0,,,,,6.0,,,,,#00bfa5,,,
2025-02-09,_Drift,Drift,,,54.0,,,,,0.0,,,,,,,,,,,,
2025-02-09,_Flash Trade,Flash Trade,,,15.0,,,,,0.0,,,,,4.0,,,,,#63b512,,
2025-02-09,_Jupiter,Jupiter,,,3.0,,,,,0.0,,,,,6.0,,,,,#00bfa5,,
2025-02-09,Crypto,,,,,56.0,,,,,0.0,,,,,1.0,,,,,#545cf8,
2025-02-09,Commodity,,,,,2.0,,,,,0.0,,,,,3.0,,,,,#904ea6,
2025-02-09,FX,,,,,2.0,,,,,0.0,,,,,4.0,,,,,#63b512,
2025-02-08,Total,,60.0,,,,,0.0,,,,,1.0,,,,,#545cf8,,,,
2025-02-08,Drift,,,54.0,,,,,0.0,,,,,,,,,,,,,
2025-02-08,Flash Trade,,,15.0,,,,,0.0,,,,,4.0,,,,,#63b512,,,
2025-02-08,Jupiter,,,3.0,,,,,0.0,,,,,6.0,,,,,#00bfa5,,,
2025-02-08,_Drift,Drift,,,54.0,,,,,0.0,,,,,,,,,,,,
2025-02-08,_Flash Trade,Flash Trade,,,15.0,,,,,0.0,,,,,4.0,,,,,#63b512,,
2025-02-08,_Jupiter,Jupiter,,,3.0,,,,,0.0,,,,,6.0,,,,,#00bfa5,,
2025-02-08,Crypto,,,,,56.0,,,,,0.0,,,,,1.0,,,,,#545cf8,
2025-02-08,FX,,,,,2.0,,,,,0.0,,,,,4.0,,,,,#63b512,
2025-02-08,Commodity,,,,,2.0,,,,,0.0,,,,,3.0,,,,,#904ea6,
2025-02-07,Total,,60.0,,,,,0.0,,,,,1.0,,,,,#545cf8,,,,
2025-02-07,Drift,,,54.0,,,,,0.0,,,,,,,,,,,,,
2025-02-07,Flash Trade,,,15.0,,,,,0.0,,,,,4.0,,,,,#63b512,,,
2025-02-07,Jupiter,,,3.0,,,,,0.0,,,,,6.0,,,,,#00bfa5,,,
2025-02-07,_Drift,Drift,,,54.0,,,,,0.0,,,,,,,,,,,,
2025-02-07,_Flash Trade,Flash Trade,,,15.0,,,,,0.0,,,,,4.0,,,,,#63b512,,
2025-02-07,_Jupiter,Jupiter,,,3.0,,,,,0.0,,,,,6.0,,,,,#00bfa5,,
2025-02-07,Crypto,,,,,56.0,,,,,0.0,,,,,1.0,,,,,#545cf8,
2025-02-07,Commodity,,,,,2.0,,,,,0.0,,,,,3.0,,,,,#904ea6,
2025-02-07,FX,,,,,2.0,,,,,0.0,,,,,4.0,,,,,#63b512,
2025-02-06,Total,,60.0,,,,,1.0,,,,,1.0,,,,,#545cf8,,,,
2025-02-06,Drift,,,54.0,,,,,1.0,,,,,,,,,,,,,
2025-02-06,Flash Trade,,,15.0,,,,,0.0,,,,,4.0,,,,,#63b512,,,
2025-02-06,Jupiter,,,3.0,,,,,0.0,,,,,6.0,,,,,#00bfa5,,,
2025-02-06,_Drift,Drift,,,54.0,,,,,1.0,,,,,,,,,,,,
2025-02-06,_Flash Trade,Flash Trade,,,15.0,,,,,0.0,,,,,4.0,,,,,#63b512,,
2025-02-06,_Jupiter,Jupiter,,,3.0,,,,,0.0,,,,,6.0,,,,,#00bfa5,,
2025-02-06,Crypto,,,,,56.0,,,,,1.0,,,,,1.0,,,,,#545cf8,
2025-02-06,Commodity,,,,,2.0,,,,,0.0,,,,,3.0,,,,,#904ea6,
2025-02-06,FX,,,,,2.0,,,,,0.0,,,,,4.0,,,,,#63b512,
2025-02-05,Total,,59.0,,,,,0.0,,,,,1.0,,,,,#545cf8,,,,
2025-02-05,Drift,,,53.0,,,,,0.0,,,,,,,,,,,,,
2025-02-05,Flash Trade,,,15.0,,,,,0.0,,,,,4.0,,,,,#63b512,,,
2025-02-05,Jupiter,,,3.0,,,,,0.0,,,,,6.0,,,,,#00bfa5,,,
2025-02-05,_Drift,Drift,,,53.0,,,,,0.0,,,,,,,,,,,,
2025-02-05,_Flash Trade,Flash Trade,,,15.0,,,,,0.0,,,,,4.0,,,,,#63b512,,
2025-02-05,_Jupiter,Jupiter,,,3.0,,,,,0.0,,,,,6.0,,,,,#00bfa5,,
2025-02-05,Crypto,,,,,55.0,,,,,0.0,,,,,1.0,,,,,#545cf8,
2025-02-05,FX,,,,,2.0,,,,,0.0,,,,,4.0,,,,,#63b512,
2025-02-05,Commodity,,,,,2.0,,,,,0.0,,,,,3.0,,,,,#904ea6,
2025-02-04,Total,,59.0,,,,,0.0,,,,,1.0,,,,,#545cf8,,,,
2025-02-04,Drift,,,53.0,,,,,0.0,,,,,,,,,,,,,
2025-02-04,Flash Trade,,,15.0,,,,,0.0,,,,,4.0,,,,,#63b512,,,
2025-02-04,Jupiter,,,3.0,,,,,0.0,,,,,6.0,,,,,#00bfa5,,,
2025-02-04,_Drift,Drift,,,53.0,,,,,0.0,,,,,,,,,,,,
2025-02-04,_Flash Trade,Flash Trade,,,15.0,,,,,0.0,,,,,4.0,,,,,#63b512,,
2025-02-04,_Jupiter,Jupiter,,,3.0,,,,,0.0,,,,,6.0,,,,,#00bfa5,,
2025-02-04,Crypto,,,,,55.0,,,,,0.0,,,,,1.0,,,,,#545cf8,
2025-02-04,FX,,,,,2.0,,,,,0.0,,,,,4.0,,,,,#63b512,
2025-02-04,Commodity,,,,,2.0,,,,,0.0,,,,,3.0,,,,,#904ea6,
2025-02-03,Total,,59.0,,,,,0.0,,,,,1.0,,,,,#545cf8,,,,
2025-02-03,Drift,,,53.0,,,,,0.0,,,,,,,,,,,,,
2025-02-03,Flash Trade,,,15.0,,,,,0.0,,,,,4.0,,,,,#63b512,,,
2025-02-03,Jupiter,,,3.0,,,,,0.0,,,,,6.0,,,,,#00bfa5,,,
2025-02-03,_Drift,Drift,,,53.0,,,,,0.0,,,,,,,,,,,,
2025-02-03,_Flash Trade,Flash Trade,,,15.0,,,,,0.0,,,,,4.0,,,,,#63b512,,
2025-02-03,_Jupiter,Jupiter,,,3.0,,,,,0.0,,,,,6.0,,,,,#00bfa5,,
2025-02-03,Crypto,,,,,55.0,,,,,0.0,,,,,1.0,,,,,#545cf8,
2025-02-03,FX,,,,,2.0,,,,,0.0,,,,,4.0,,,,,#63b512,
2025-02-03,Commodity,,,,,2.0,,,,,0.0,,,,,3.0,,,,,#904ea6,
2025-02-02,Total,,59.0,,,,,0.0,,,,,1.0,,,,,#545cf8,,,,
2025-02-02,Drift,,,53.0,,,,,0.0,,,,,,,,,,,,,
2025-02-02,Flash Trade,,,15.0,,,,,0.0,,,,,4.0,,,,,#63b512,,,
2025-02-02,Jupiter,,,3.0,,,,,0.0,,,,,6.0,,,,,#00bfa5,,,
2025-02-02,_Drift,Drift,,,53.0,,,,,0.0,,,,,,,,,,,,
2025-02-02,_Flash Trade,Flash Trade,,,15.0,,,,,0.0,,,,,4.0,,,,,#63b512,,
2025-02-02,_Jupiter,Jupiter,,,3.0,,,,,0.0,,,,,6.0,,,,,#00bfa5,,
2025-02-02,Crypto,,,,,55.0,,,,,0.0,,,,,1.0,,,,,#545cf8,
2025-02-02,FX,,,,,2.0,,,,,0.0,,,,,4.0,,,,,#63b512,
2025-02-02,Commodity,,,,,2.0,,,,,0.0,,,,,3.0,,,,,#904ea6,
2025-02-01,Total,,59.0,,,,,0.0,,,,,1.0,,,,,#545cf8,,,,
2025-02-01,Drift,,,53.0,,,,,0.0,,,,,,,,,,,,,
2025-02-01,Flash Trade,,,15.0,,,,,0.0,,,,,4.0,,,,,#63b512,,,
2025-02-01,Jupiter,,,3.0,,,,,0.0,,,,,6.0,,,,,#00bfa5,,,
2025-02-01,_Drift,Drift,,,53.0,,,,,0.0,,,,,,,,,,,,
2025-02-01,_Flash Trade,Flash Trade,,,15.0,,,,,0.0,,,,,4.0,,,,,#63b512,,
2025-02-01,_Jupiter,Jupiter,,,3.0,,,,,0.0,,,,,6.0,,,,,#00bfa5,,
2025-02-01,Crypto,,,,,55.0,,,,,0.0,,,,,1.0,,,,,#545cf8,
2025-02-01,Commodity,,,,,2.0,,,,,0.0,,,,,3.0,,,,,#904ea6,
2025-02-01,FX,,,,,2.0,,,,,0.0,,,,,4.0,,,,,#63b512,
2025-01-31,Total,,59.0,,,,,0.0,,,,,1.0,,,,,#545cf8,,,,
2025-01-31,Drift,,,53.0,,,,,0.0,,,,,,,,,,,,,
2025-01-31,Flash Trade,,,15.0,,,,,0.0,,,,,4.0,,,,,#63b512,,,
2025-01-31,Jupiter,,,3.0,,,,,0.0,,,,,6.0,,,,,#00bfa5,,,
2025-01-31,_Drift,Drift,,,53.0,,,,,0.0,,,,,,,,,,,,
2025-01-31,_Flash Trade,Flash Trade,,,15.0,,,,,0.0,,,,,4.0,,,,,#63b512,,
2025-01-31,_Jupiter,Jupiter,,,3.0,,,,,0.0,,,,,6.0,,,,,#00bfa5,,
2025-01-31,Crypto,,,,,55.0,,,,,0.0,,,,,1.0,,,,,#545cf8,
2025-01-31,FX,,,,,2.0,,,,,0.0,,,,,4.0,,,,,#63b512,
2025-01-31,Commodity,,,,,2.0,,,,,0.0,,,,,3.0,,,,,#904ea6,
2025-01-30,Total,,59.0,,,,,0.0,,,,,1.0,,,,,#545cf8,,,,
2025-01-30,Drift,,,53.0,,,,,0.0,,,,,,,,,,,,,
2025-01-30,Flash Trade,,,15.0,,,,,0.0,,,,,4.0,,,,,#63b512,,,
2025-01-30,Jupiter,,,3.0,,,,,0.0,,,,,6.0,,,,,#00bfa5,,,
2025-01-30,_Drift,Drift,,,53.0,,,,,0.0,,,,,,,,,,,,
2025-01-30,_Flash Trade,Flash Trade,,,15.0,,,,,0.0,,,,,4.0,,,,,#63b512,,
2025-01-30,_Jupiter,Jupiter,,,3.0,,,,,0.0,,,,,6.0,,,,,#00bfa5,,
2025-01-30,Crypto,,,,,55.0,,,,,0.0,,,,,1.0,,,,,#545cf8,
2025-01-30,Commodity,,,,,2.0,,,,,0.0,,,,,3.0,,,,,#904ea6,
2025-01-30,FX,,,,,2.0,,,,,0.0,,,,,4.0,,,,,#63b512,
2025-01-29,Total,,59.0,,,,,0.0,,,,,1.0,,,,,#545cf8,,,,
2025-01-29,Drift,,,53.0,,,,,0.0,,,,,,,,,,,,,
2025-01-29,Flash Trade,,,15.0,,,,,0.0,,,,,4.0,,,,,#63b512,,,
2025-01-29,Jupiter,,,3.0,,,,,0.0,,,,,6.0,,,,,#00bfa5,,,
2025-01-29,_Drift,Drift,,,53.0,,,,,0.0,,,,,,,,,,,,
2025-01-29,_Flash Trade,Flash Trade,,,15.0,,,,,0.0,,,,,4.0,,,,,#63b512,,
2025-01-29,_Jupiter,Jupiter,,,3.0,,,,,0.0,,,,,6.0,,,,,#00bfa5,,
2025-01-29,Crypto,,,,,55.0,,,,,0.0,,,,,1.0,,,,,#545cf8,
2025-01-29,Commodity,,,,,2.0,,,,,0.0,,,,,3.0,,,,,#904ea6,
2025-01-29,FX,,,,,2.0,,,,,0.0,,,,,4.0,,,,,#63b512,
2025-01-28,Total,,59.0,,,,,0.0,,,,,1.0,,,,,#545cf8,,,,
2025-01-28,Drift,,,53.0,,,,,0.0,,,,,,,,,,,,,
2025-01-28,Flash Trade,,,15.0,,,,,0.0,,,,,4.0,,,,,#63b512,,,
2025-01-28,Jupiter,,,3.0,,,,,0.0,,,,,6.0,,,,,#00bfa5,,,
2025-01-28,_Drift,Drift,,,53.0,,,,,0.0,,,,,,,,,,,,
2025-01-28,_Flash Trade,Flash Trade,,,15.0,,,,,0.0,,,,,4.0,,,,,#63b512,,
2025-01-28,_Jupiter,Jupiter,,,3.0,,,,,0.0,,,,,6.0,,,,,#00bfa5,,
2025-01-28,Crypto,,,,,55.0,,,,,0.0,,,,,1.0,,,,,#545cf8,
2025-01-28,FX,,,,,2.0,,,,,0.0,,,,,4.0,,,,,#63b512,
2025-01-28,Commodity,,,,,2.0,,,,,0.0,,,,,3.0,,,,,#904ea6,
2025-01-27,Total,,59.0,,,,,0.0,,,,,1.0,,,,,#545cf8,,,,
2025-01-27,Drift,,,53.0,,,,,0.0,,,,,,,,,,,,,
2025-01-27,Flash Trade,,,15.0,,,,,0.0,,,,,4.0,,,,,#63b512,,,
2025-01-27,Jupiter,,,3.0,,,,,0.0,,,,,6.0,,,,,#00bfa5,,,
2025-01-27,_Drift,Drift,,,53.0,,,,,0.0,,,,,,,,,,,,
2025-01-27,_Flash Trade,Flash Trade,,,15.0,,,,,0.0,,,,,4.0,,,,,#63b512,,
2025-01-27,_Jupiter,Jupiter,,,3.0,,,,,0.0,,,,,6.0,,,,,#00bfa5,,
2025-01-27,Crypto,,,,,55.0,,,,,0.0,,,,,1.0,,,,,#545cf8,
2025-01-27,Commodity,,,,,2.0,,,,,0.0,,,,,3.0,,,,,#904ea6,
2025-01-27,FX,,,,,2.0,,,,,0.0,,,,,4.0,,,,,#63b512,
2025-01-26,Total,,59.0,,,,,0.0,,,,,1.0,,,,,#545cf8,,,,
2025-01-26,Drift,,,53.0,,,,,0.0,,,,,,,,,,,,,
2025-01-26,Flash Trade,,,15.0,,,,,0.0,,,,,4.0,,,,,#63b512,,,
2025-01-26,Jupiter,,,3.0,,,,,0.0,,,,,6.0,,,,,#00bfa5,,,
2025-01-26,_Drift,Drift,,,53.0,,,,,0.0,,,,,,,,,,,,
2025-01-26,_Flash Trade,Flash Trade,,,15.0,,,,,0.0,,,,,4.0,,,,,#63b512,,
2025-01-26,_Jupiter,Jupiter,,,3.0,,,,,0.0,,,,,6.0,,,,,#00bfa5,,
2025-01-26,Crypto,,,,,55.0,,,,,0.0,,,,,1.0,,,,,#545cf8,
2025-01-26,Commodity,,,,,2.0,,,,,0.0,,,,,3.0,,,,,#904ea6,
2025-01-26,FX,,,,,2.0,,,,,0.0,,,,,4.0,,,,,#63b512,
2025-01-25,Total,,59.0,,,,,0.0,,,,,1.0,,,,,#545cf8,,,,
2025-01-25,Drift,,,53.0,,,,,0.0,,,,,,,,,,,,,
2025-01-25,Flash Trade,,,15.0,,,,,0.0,,,,,4.0,,,,,#63b512,,,
2025-01-25,Jupiter,,,3.0,,,,,0.0,,,,,6.0,,,,,#00bfa5,,,
2025-01-25,_Drift,Drift,,,53.0,,,,,0.0,,,,,,,,,,,,
2025-01-25,_Flash Trade,Flash Trade,,,15.0,,,,,0.0,,,,,4.0,,,,,#63b512,,
2025-01-25,_Jupiter,Jupiter,,,3.0,,,,,0.0,,,,,6.0,,,,,#00bfa5,,
2025-01-25,Crypto,,,,,55.0,,,,,0.0,,,,,1.0,,,,,#545cf8,
2025-01-25,FX,,,,,2.0,,,,,0.0,,,,,4.0,,,,,#63b512,
2025-01-25,Commodity,,,,,2.0,,,,,0.0,,,,,3.0,,,,,#904ea6,
2025-01-24,Total,,59.0,,,,,0.0,,,,,1.0,,,,,#545cf8,,,,
2025-01-24,Drift,,,53.0,,,,,0.0,,,,,,,,,,,,,
2025-01-24,Flash Trade,,,15.0,,,,,0.0,,,,,4.0,,,,,#63b512,,,
2025-01-24,Jupiter,,,3.0,,,,,0.0,,,,,6.0,,,,,#00bfa5,,,
2025-01-24,_Drift,Drift,,,53.0,,,,,0.0,,,,,,,,,,,,
2025-01-24,_Flash Trade,Flash Trade,,,15.0,,,,,0.0,,,,,4.0,,,,,#63b512,,
2025-01-24,_Jupiter,Jupiter,,,3.0,,,,,0.0,,,,,6.0,,,,,#00bfa5,,
2025-01-24,Crypto,,,,,55.0,,,,,0.0,,,,,1.0,,,,,#545cf8,
2025-01-24,Commodity,,,,,2.0,,,,,0.0,,,,,3.0,,,,,#904ea6,
2025-01-24,FX,,,,,2.0,,,,,0.0,,,,,4.0,,,,,#63b512,
2025-01-23,Total,,59.0,,,,,0.0,,,,,1.0,,,,,#545cf8,,,,
2025-01-23,Drift,,,53.0,,,,,0.0,,,,,,,,,,,,,
2025-01-23,Flash Trade,,,15.0,,,,,0.0,,,,,4.0,,,,,#63b512,,,
2025-01-23,Jupiter,,,3.0,,,,,0.0,,,,,6.0,,,,,#00bfa5,,,
2025-01-23,_Drift,Drift,,,53.0,,,,,0.0,,,,,,,,,,,,
2025-01-23,_Flash Trade,Flash Trade,,,15.0,,,,,0.0,,,,,4.0,,,,,#63b512,,
2025-01-23,_Jupiter,Jupiter,,,3.0,,,,,0.0,,,,,6.0,,,,,#00bfa5,,
2025-01-23,Crypto,,,,,55.0,,,,,0.0,,,,,1.0,,,,,#545cf8,
2025-01-23,Commodity,,,,,2.0,,,,,0.0,,,,,3.0,,,,,#904ea6,
2025-01-23,FX,,,,,2.0,,,,,0.0,,,,,4.0,,,,,#63b512,
2025-01-22,Total,,59.0,,,,,0.0,,,,,1.0,,,,,#545cf8,,,,
2025-01-22,Drift,,,53.0,,,,,0.0,,,,,,,,,,,,,
2025-01-22,Flash Trade,,,15.0,,,,,0.0,,,,,4.0,,,,,#63b512,,,
2025-01-22,Jupiter,,,3.0,,,,,0.0,,,,,6.0,,,,,#00bfa5,,,
2025-01-22,_Drift,Drift,,,53.0,,,,,0.0,,,,,,,,,,,,
2025-01-22,_Flash Trade,Flash Trade,,,15.0,,,,,0.0,,,,,4.0,,,,,#63b512,,
2025-01-22,_Jupiter,Jupiter,,,3.0,,,,,0.0,,,,,6.0,,,,,#00bfa5,,
2025-01-22,Crypto,,,,,55.0,,,,,0.0,,,,,1.0,,,,,#545cf8,
2025-01-22,FX,,,,,2.0,,,,,0.0,,,,,4.0,,,,,#63b512,
2025-01-22,Commodity,,,,,2.0,,,,,0.0,,,,,3.0,,,,,#904ea6,
2025-01-21,Total,,59.0,,,,,0.0,,,,,1.0,,,,,#545cf8,,,,
2025-01-21,Drift,,,53.0,,,,,0.0,,,,,,,,,,,,,
2025-01-21,Flash Trade,,,15.0,,,,,0.0,,,,,4.0,,,,,#63b512,,,
2025-01-21,Jupiter,,,3.0,,,,,0.0,,,,,6.0,,,,,#00bfa5,,,
2025-01-21,_Drift,Drift,,,53.0,,,,,0.0,,,,,,,,,,,,
2025-01-21,_Flash Trade,Flash Trade,,,15.0,,,,,0.0,,,,,4.0,,,,,#63b512,,
2025-01-21,_Jupiter,Jupiter,,,3.0,,,,,0.0,,,,,6.0,,,,,#00bfa5,,
2025-01-21,Crypto,,,,,55.0,,,,,0.0,,,,,1.0,,,,,#545cf8,
2025-01-21,Commodity,,,,,2.0,,,,,0.0,,,,,3.0,,,,,#904ea6,
2025-01-21,FX,,,,,2.0,,,,,0.0,,,,,4.0,,,,,#63b512,
2025-01-20,Total,,59.0,,,,,1.0,,,,,1.0,,,,,#545cf8,,,,
2025-01-20,Drift,,,53.0,,,,,1.0,,,,,,,,,,,,,
2025-01-20,Flash Trade,,,15.0,,,,,0.0,,,,,4.0,,,,,#63b512,,,
2025-01-20,Jupiter,,,3.0,,,,,0.0,,,,,6.0,,,,,#00bfa5,,,
2025-01-20,_Drift,Drift,,,53.0,,,,,1.0,,,,,,,,,,,,
2025-01-20,_Flash Trade,Flash Trade,,,15.0,,,,,0.0,,,,,4.0,,,,,#63b512,,
2025-01-20,_Jupiter,Jupiter,,,3.0,,,,,0.0,,,,,6.0,,,,,#00bfa5,,
2025-01-20,Crypto,,,,,55.0,,,,,1.0,,,,,1.0,,,,,#545cf8,
2025-01-20,Commodity,,,,,2.0,,,,,0.0,,,,,3.0,,,,,#904ea6,
2025-01-20,FX,,,,,2.0,,,,,0.0,,,,,4.0,,,,,#63b512,
2025-01-19,Total,,58.0,,,,,0.0,,,,,1.0,,,,,#545cf8,,,,
2025-01-19,Drift,,,52.0,,,,,0.0,,,,,,,,,,,,,
2025-01-19,Flash Trade,,,15.0,,,,,0.0,,,,,4.0,,,,,#63b512,,,
2025-01-19,Jupiter,,,3.0,,,,,0.0,,,,,6.0,,,,,#00bfa5,,,
2025-01-19,_Drift,Drift,,,52.0,,,,,0.0,,,,,,,,,,,,
2025-01-19,_Flash Trade,Flash Trade,,,15.0,,,,,0.0,,,,,4.0,,,,,#63b512,,
2025-01-19,_Jupiter,Jupiter,,,3.0,,,,,0.0,,,,,6.0,,,,,#00bfa5,,
2025-01-19,Crypto,,,,,54.0,,,,,0.0,,,,,1.0,,,,,#545cf8,
2025-01-19,FX,,,,,2.0,,,,,0.0,,,,,4.0,,,,,#63b512,
2025-01-19,Commodity,,,,,2.0,,,,,0.0,,,,,3.0,,,,,#904ea6,
2025-01-18,Total,,58.0,,,,,1.0,,,,,1.0,,,,,#545cf8,,,,
2025-01-18,Drift,,,52.0,,,,,1.0,,,,,,,,,,,,,
2025-01-18,Flash Trade,,,15.0,,,,,0.0,,,,,4.0,,,,,#63b512,,,
2025-01-18,Jupiter,,,3.0,,,,,0.0,,,,,6.0,,,,,#00bfa5,,,
2025-01-18,_Drift,Drift,,,52.0,,,,,1.0,,,,,,,,,,,,
2025-01-18,_Flash Trade,Flash Trade,,,15.0,,,,,0.0,,,,,4.0,,,,,#63b512,,
2025-01-18,_Jupiter,Jupiter,,,3.0,,,,,0.0,,,,,6.0,,,,,#00bfa5,,
2025-01-18,Crypto,,,,,54.0,,,,,1.0,,,,,1.0,,,,,#545cf8,
2025-01-18,Commodity,,,,,2.0,,,,,0.0,,,,,3.0,,,,,#904ea6,
2025-01-18,FX,,,,,2.0,,,,,0.0,,,,,4.0,,,,,#63b512,
2025-01-17,Total,,57.0,,,,,0.0,,,,,1.0,,,,,#545cf8,,,,
2025-01-17,Drift,,,51.0,,,,,0.0,,,,,,,,,,,,,
2025-01-17,Flash Trade,,,15.0,,,,,0.0,,,,,4.0,,,,,#63b512,,,
2025-01-17,Jupiter,,,3.0,,,,,0.0,,,,,6.0,,,,,#00bfa5,,,
2025-01-17,_Drift,Drift,,,51.0,,,,,0.0,,,,,,,,,,,,
2025-01-17,_Flash Trade,Flash Trade,,,15.0,,,,,0.0,,,,,4.0,,,,,#63b512,,
2025-01-17,_Jupiter,Jupiter,,,3.0,,,,,0.0,,,,,6.0,,,,,#00bfa5,,
2025-01-17,Crypto,,,,,53.0,,,,,0.0,,,,,1.0,,,,,#545cf8,
2025-01-17,Commodity,,,,,2.0,,,,,0.0,,,,,3.0,,,,,#904ea6,
2025-01-17,FX,,,,,2.0,,,,,0.0,,,,,4.0,,,,,#63b512,
2025-01-16,Total,,57.0,,,,,0.0,,,,,1.0,,,,,#545cf8,,,,
2025-01-16,Drift,,,51.0,,,,,0.0,,,,,,,,,,,,,
2025-01-16,Flash Trade,,,15.0,,,,,0.0,,,,,4.0,,,,,#63b512,,,
2025-01-16,Jupiter,,,3.0,,,,,0.0,,,,,6.0,,,,,#00bfa5,,,
2025-01-16,_Drift,Drift,,,51.0,,,,,0.0,,,,,,,,,,,,
2025-01-16,_Flash Trade,Flash Trade,,,15.0,,,,,0.0,,,,,4.0,,,,,#63b512,,
2025-01-16,_Jupiter,Jupiter,,,3.0,,,,,0.0,,,,,6.0,,,,,#00bfa5,,
2025-01-16,Crypto,,,,,53.0,,,,,0.0,,,,,1.0,,,,,#545cf8,
2025-01-16,Commodity,,,,,2.0,,,,,0.0,,,,,3.0,,,,,#904ea6,
2025-01-16,FX,,,,,2.0,,,,,0.0,,,,,4.0,,,,,#63b512,
2025-01-15,Total,,57.0,,,,,0.0,,,,,1.0,,,,,#545cf8,,,,
2025-01-15,Drift,,,51.0,,,,,0.0,,,,,,,,,,,,,
2025-01-15,Flash Trade,,,15.0,,,,,0.0,,,,,4.0,,,,,#63b512,,,
2025-01-15,Jupiter,,,3.0,,,,,0.0,,,,,6.0,,,,,#00bfa5,,,
2025-01-15,_Drift,Drift,,,51.0,,,,,0.0,,,,,,,,,,,,
2025-01-15,_Flash Trade,Flash Trade,,,15.0,,,,,0.0,,,,,4.0,,,,,#63b512,,
2025-01-15,_Jupiter,Jupiter,,,3.0,,,,,0.0,,,,,6.0,,,,,#00bfa5,,
2025-01-15,Crypto,,,,,53.0,,,,,0.0,,,,,1.0,,,,,#545cf8,
2025-01-15,Commodity,,,,,2.0,,,,,0.0,,,,,3.0,,,,,#904ea6,
2025-01-15,FX,,,,,2.0,,,,,0.0,,,,,4.0,,,,,#63b512,
2025-01-14,Total,,57.0,,,,,0.0,,,,,1.0,,,,,#545cf8,,,,
2025-01-14,Drift,,,51.0,,,,,0.0,,,,,,,,,,,,,
2025-01-14,Flash Trade,,,15.0,,,,,0.0,,,,,4.0,,,,,#63b512,,,
2025-01-14,Jupiter,,,3.0,,,,,0.0,,,,,6.0,,,,,#00bfa5,,,
2025-01-14,_Drift,Drift,,,51.0,,,,,0.0,,,,,,,,,,,,
2025-01-14,_Flash Trade,Flash Trade,,,15.0,,,,,0.0,,,,,4.0,,,,,#63b512,,
2025-01-14,_Jupiter,Jupiter,,,3.0,,,,,0.0,,,,,6.0,,,,,#00bfa5,,
2025-01-14,Crypto,,,,,53.0,,,,,0.0,,,,,1.0,,,,,#545cf8,
2025-01-14,Commodity,,,,,2.0,,,,,0.0,,,,,3.0,,,,,#904ea6,
2025-01-14,FX,,,,,2.0,,,,,0.0,,,,,4.0,,,,,#63b512,
2025-01-13,Total,,57.0,,,,,0.0,,,,,1.0,,,,,#545cf8,,,,
2025-01-13,Drift,,,51.0,,,,,0.0,,,,,,,,,,,,,
2025-01-13,Flash Trade,,,15.0,,,,,0.0,,,,,4.0,,,,,#63b512,,,
2025-01-13,Jupiter,,,3.0,,,,,0.0,,,,,6.0,,,,,#00bfa5,,,
2025-01-13,_Drift,Drift,,,51.0,,,,,0.0,,,,,,,,,,,,
2025-01-13,_Flash Trade,Flash Trade,,,15.0,,,,,0.0,,,,,4.0,,,,,#63b512,,
2025-01-13,_Jupiter,Jupiter,,,3.0,,,,,0.0,,,,,6.0,,,,,#00bfa5,,
2025-01-13,Crypto,,,,,53.0,,,,,0.0,,,,,1.0,,,,,#545cf8,
2025-01-13,FX,,,,,2.0,,,,,0.0,,,,,4.0,,,,,#63b512,
2025-01-13,Commodity,,,,,2.0,,,,,0.0,,,,,3.0,,,,,#904ea6,
2025-01-12,Total,,57.0,,,,,0.0,,,,,1.0,,,,,#545cf8,,,,
2025-01-12,Drift,,,51.0,,,,,0.0,,,,,,,,,,,,,
2025-01-12,Flash Trade,,,15.0,,,,,0.0,,,,,4.0,,,,,#63b512,,,
2025-01-12,Jupiter,,,3.0,,,,,0.0,,,,,6.0,,,,,#00bfa5,,,
2025-01-12,_Drift,Drift,,,51.0,,,,,0.0,,,,,,,,,,,,
2025-01-12,_Flash Trade,Flash Trade,,,15.0,,,,,0.0,,,,,4.0,,,,,#63b512,,
2025-01-12,_Jupiter,Jupiter,,,3.0,,,,,0.0,,,,,6.0,,,,,#00bfa5,,
2025-01-12,Crypto,,,,,53.0,,,,,0.0,,,,,1.0,,,,,#545cf8,
2025-01-12,Commodity,,,,,2.0,,,,,0.0,,,,,3.0,,,,,#904ea6,
2025-01-12,FX,,,,,2.0,,,,,0.0,,,,,4.0,,,,,#63b512,
2025-01-11,Total,,57.0,,,,,0.0,,,,,1.0,,,,,#545cf8,,,,
2025-01-11,Drift,,,51.0,,,,,0.0,,,,,,,,,,,,,
2025-01-11,Flash Trade,,,15.0,,,,,0.0,,,,,4.0,,,,,#63b512,,,
2025-01-11,Jupiter,,,3.0,,,,,0.0,,,,,6.0,,,,,#00bfa5,,,
2025-01-11,_Drift,Drift,,,51.0,,,,,0.0,,,,,,,,,,,,
2025-01-11,_Flash Trade,Flash Trade,,,15.0,,,,,0.0,,,,,4.0,,,,,#63b512,,
2025-01-11,_Jupiter,Jupiter,,,3.0,,,,,0.0,,,,,6.0,,,,,#00bfa5,,
2025-01-11,Crypto,,,,,53.0,,,,,0.0,,,,,1.0,,,,,#545cf8,
2025-01-11,Commodity,,,,,2.0,,,,,0.0,,,,,3.0,,,,,#904ea6,
2025-01-11,FX,,,,,2.0,,,,,0.0,,,,,4.0,,,,,#63b512,
2025-01-10,Total,,57.0,,,,,0.0,,,,,1.0,,,,,#545cf8,,,,
2025-01-10,Drift,,,51.0,,,,,0.0,,,,,,,,,,,,,
2025-01-10,Flash Trade,,,15.0,,,,,0.0,,,,,4.0,,,,,#63b512,,,
2025-01-10,Jupiter,,,3.0,,,,,0.0,,,,,6.0,,,,,#00bfa5,,,
2025-01-10,_Drift,Drift,,,51.0,,,,,0.0,,,,,,,,,,,,
2025-01-10,_Flash Trade,Flash Trade,,,15.0,,,,,0.0,,,,,4.0,,,,,#63b512,,
2025-01-10,_Jupiter,Jupiter,,,3.0,,,,,0.0,,,,,6.0,,,,,#00bfa5,,
2025-01-10,Crypto,,,,,53.0,,,,,0.0,,,,,1.0,,,,,#545cf8,
2025-01-10,FX,,,,,2.0,,,,,0.0,,,,,4.0,,,,,#63b512,
2025-01-10,Commodity,,,,,2.0,,,,,0.0,,,,,3.0,,,,,#904ea6,
2025-01-09,Total,,57.0,,,,,1.0,,,,,1.0,,,,,#545cf8,,,,
2025-01-09,Drift,,,51.0,,,,,1.0,,,,,,,,,,,,,
2025-01-09,Flash Trade,,,15.0,,,,,0.0,,,,,4.0,,,,,#63b512,,,
2025-01-09,Jupiter,,,3.0,,,,,0.0,,,,,6.0,,,,,#00bfa5,,,
2025-01-09,_Drift,Drift,,,51.0,,,,,1.0,,,,,,,,,,,,
2025-01-09,_Flash Trade,Flash Trade,,,15.0,,,,,0.0,,,,,4.0,,,,,#63b512,,
2025-01-09,_Jupiter,Jupiter,,,3.0,,,,,0.0,,,,,6.0,,,,,#00bfa5,,
2025-01-09,Crypto,,,,,53.0,,,,,1.0,,,,,1.0,,,,,#545cf8,
2025-01-09,Commodity,,,,,2.0,,,,,0.0,,,,,3.0,,,,,#904ea6,
2025-01-09,FX,,,,,2.0,,,,,0.0,,,,,4.0,,,,,#63b512,
2025-01-08,Total,,56.0,,,,,0.0,,,,,1.0,,,,,#545cf8,,,,
2025-01-08,Drift,,,50.0,,,,,0.0,,,,,,,,,,,,,
2025-01-08,Flash Trade,,,15.0,,,,,0.0,,,,,4.0,,,,,#63b512,,,
2025-01-08,Jupiter,,,3.0,,,,,0.0,,,,,6.0,,,,,#00bfa5,,,
2025-01-08,_Drift,Drift,,,50.0,,,,,0.0,,,,,,,,,,,,
2025-01-08,_Flash Trade,Flash Trade,,,15.0,,,,,0.0,,,,,4.0,,,,,#63b512,,
2025-01-08,_Jupiter,Jupiter,,,3.0,,,,,0.0,,,,,6.0,,,,,#00bfa5,,
2025-01-08,Crypto,,,,,52.0,,,,,0.0,,,,,1.0,,,,,#545cf8,
2025-01-08,FX,,,,,2.0,,,,,0.0,,,,,4.0,,,,,#63b512,
2025-01-08,Commodity,,,,,2.0,,,,,0.0,,,,,3.0,,,,,#904ea6,
2025-01-07,Total,,56.0,,,,,0.0,,,,,1.0,,,,,#545cf8,,,,
2025-01-07,Drift,,,50.0,,,,,0.0,,,,,,,,,,,,,
2025-01-07,Flash Trade,,,15.0,,,,,0.0,,,,,4.0,,,,,#63b512,,,
2025-01-07,Jupiter,,,3.0,,,,,0.0,,,,,6.0,,,,,#00bfa5,,,
2025-01-07,_Drift,Drift,,,50.0,,,,,0.0,,,,,,,,,,,,
2025-01-07,_Flash Trade,Flash Trade,,,15.0,,,,,0.0,,,,,4.0,,,,,#63b512,,
2025-01-07,_Jupiter,Jupiter,,,3.0,,,,,0.0,,,,,6.0,,,,,#00bfa5,,
2025-01-07,Crypto,,,,,52.0,,,,,0.0,,,,,1.0,,,,,#545cf8,
2025-01-07,Commodity,,,,,2.0,,,,,0.0,,,,,3.0,,,,,#904ea6,
2025-01-07,FX,,,,,2.0,,,,,0.0,,,,,4.0,,,,,#63b512,
2025-01-06,Total,,56.0,,,,,0.0,,,,,1.0,,,,,#545cf8,,,,
2025-01-06,Drift,,,50.0,,,,,0.0,,,,,,,,,,,,,
2025-01-06,Flash Trade,,,15.0,,,,,0.0,,,,,4.0,,,,,#63b512,,,
2025-01-06,Jupiter,,,3.0,,,,,0.0,,,,,6.0,,,,,#00bfa5,,,
2025-01-06,_Drift,Drift,,,50.0,,,,,0.0,,,,,,,,,,,,
2025-01-06,_Flash Trade,Flash Trade,,,15.0,,,,,0.0,,,,,4.0,,,,,#63b512,,
2025-01-06,_Jupiter,Jupiter,,,3.0,,,,,0.0,,,,,6.0,,,,,#00bfa5,,
2025-01-06,Crypto,,,,,52.0,,,,,0.0,,,,,1.0,,,,,#545cf8,
2025-01-06,Commodity,,,,,2.0,,,,,0.0,,,,,3.0,,,,,#904ea6,
2025-01-06,FX,,,,,2.0,,,,,0.0,,,,,4.0,,,,,#63b512,
2025-01-05,Total,,56.0,,,,,0.0,,,,,1.0,,,,,#545cf8,,,,
2025-01-05,Drift,,,50.0,,,,,0.0,,,,,,,,,,,,,
2025-01-05,Flash Trade,,,15.0,,,,,0.0,,,,,4.0,,,,,#63b512,,,
2025-01-05,Jupiter,,,3.0,,,,,0.0,,,,,6.0,,,,,#00bfa5,,,
2025-01-05,_Drift,Drift,,,50.0,,,,,0.0,,,,,,,,,,,,
2025-01-05,_Flash Trade,Flash Trade,,,15.0,,,,,0.0,,,,,4.0,,,,,#63b512,,
2025-01-05,_Jupiter,Jupiter,,,3.0,,,,,0.0,,,,,6.0,,,,,#00bfa5,,
2025-01-05,Crypto,,,,,52.0,,,,,0.0,,,,,1.0,,,,,#545cf8,
2025-01-05,Commodity,,,,,2.0,,,,,0.0,,,,,3.0,,,,,#904ea6,
2025-01-05,FX,,,,,2.0,,,,,0.0,,,,,4.0,,,,,#63b512,
2025-01-04,Total,,56.0,,,,,0.0,,,,,1.0,,,,,#545cf8,,,,
2025-01-04,Drift,,,50.0,,,,,0.0,,,,,,,,,,,,,
2025-01-04,Flash Trade,,,15.0,,,,,0.0,,,,,4.0,,,,,#63b512,,,
2025-01-04,Jupiter,,,3.0,,,,,0.0,,,,,6.0,,,,,#00bfa5,,,
2025-01-04,_Drift,Drift,,,50.0,,,,,0.0,,,,,,,,,,,,
2025-01-04,_Flash Trade,Flash Trade,,,15.0,,,,,0.0,,,,,4.0,,,,,#63b512,,
2025-01-04,_Jupiter,Jupiter,,,3.0,,,,,0.0,,,,,6.0,,,,,#00bfa5,,
2025-01-04,Crypto,,,,,52.0,,,,,0.0,,,,,1.0,,,,,#545cf8,
2025-01-04,Commodity,,,,,2.0,,,,,0.0,,,,,3.0,,,,,#904ea6,
2025-01-04,FX,,,,,2.0,,,,,0.0,,,,,4.0,,,,,#63b512,
2025-01-03,Total,,56.0,,,,,0.0,,,,,1.0,,,,,#545cf8,,,,
2025-01-03,Drift,,,50.0,,,,,0.0,,,,,,,,,,,,,
2025-01-03,Flash Trade,,,15.0,,,,,0.0,,,,,4.0,,,,,#63b512,,,
2025-01-03,Jupiter,,,3.0,,,,,0.0,,,,,6.0,,,,,#00bfa5,,,
2025-01-03,_Drift,Drift,,,50.0,,,,,0.0,,,,,,,,,,,,
2025-01-03,_Flash Trade,Flash Trade,,,15.0,,,,,0.0,,,,,4.0,,,,,#63b512,,
2025-01-03,_Jupiter,Jupiter,,,3.0,,,,,0.0,,,,,6.0,,,,,#00bfa5,,
2025-01-03,Crypto,,,,,52.0,,,,,0.0,,,,,1.0,,,,,#545cf8,
2025-01-03,FX,,,,,2.0,,,,,0.0,,,,,4.0,,,,,#63b512,
2025-01-03,Commodity,,,,,2.0,,,,,0.0,,,,,3.0,,,,,#904ea6,
2025-01-02,Total,,56.0,,,,,0.0,,,,,1.0,,,,,#545cf8,,,,
2025-01-02,Drift,,,50.0,,,,,0.0,,,,,,,,,,,,,
2025-01-02,Flash Trade,,,15.0,,,,,0.0,,,,,4.0,,,,,#63b512,,,
2025-01-02,Jupiter,,,3.0,,,,,0.0,,,,,6.0,,,,,#00bfa5,,,
2025-01-02,_Drift,Drift,,,50.0,,,,,0.0,,,,,,,,,,,,
2025-01-02,_Flash Trade,Flash Trade,,,15.0,,,,,0.0,,,,,4.0,,,,,#63b512,,
2025-01-02,_Jupiter,Jupiter,,,3.0,,,,,0.0,,,,,6.0,,,,,#00bfa5,,
2025-01-02,Crypto,,,,,52.0,,,,,0.0,,,,,1.0,,,,,#545cf8,
2025-01-02,FX,,,,,2.0,,,,,0.0,,,,,4.0,,,,,#63b512,
2025-01-02,Commodity,,,,,2.0,,,,,0.0,,,,,3.0,,,,,#904ea6,
2025-01-01,Total,,56.0,,,,,0.0,,,,,1.0,,,,,#545cf8,,,,
2025-01-01,Drift,,,50.0,,,,,0.0,,,,,,,,,,,,,
2025-01-01,Flash Trade,,,15.0,,,,,0.0,,,,,4.0,,,,,#63b512,,,
2025-01-01,Jupiter,,,3.0,,,,,0.0,,,,,6.0,,,,,#00bfa5,,,
2025-01-01,_Drift,Drift,,,50.0,,,,,0.0,,,,,,,,,,,,
2025-01-01,_Flash Trade,Flash Trade,,,15.0,,,,,0.0,,,,,4.0,,,,,#63b512,,
2025-01-01,_Jupiter,Jupiter,,,3.0,,,,,0.0,,,,,6.0,,,,,#00bfa5,,
2025-01-01,Crypto,,,,,52.0,,,,,0.0,,,,,1.0,,,,,#545cf8,
2025-01-01,FX,,,,,2.0,,,,,0.0,,,,,4.0,,,,,#63b512,
2025-01-01,Commodity,,,,,2.0,,,,,0.0,,,,,3.0,,,,,#904ea6,
2024-12-31,Total,,56.0,,,,,0.0,,,,,1.0,,,,,#545cf8,,,,
2024-12-31,Drift,,,50.0,,,,,0.0,,,,,,,,,,,,,
2024-12-31,Flash Trade,,,15.0,,,,,0.0,,,,,4.0,,,,,#63b512,,,
2024-12-31,Jupiter,,,3.0,,,,,0.0,,,,,6.0,,,,,#00bfa5,,,
2024-12-31,_Drift,Drift,,,50.0,,,,,0.0,,,,,,,,,,,,
2024-12-31,_Flash Trade,Flash Trade,,,15.0,,,,,0.0,,,,,4.0,,,,,#63b512,,
2024-12-31,_Jupiter,Jupiter,,,3.0,,,,,0.0,,,,,6.0,,,,,#00bfa5,,
2024-12-31,Crypto,,,,,52.0,,,,,0.0,,,,,1.0,,,,,#545cf8,
2024-12-31,FX,,,,,2.0,,,,,0.0,,,,,4.0,,,,,#63b512,
2024-12-31,Commodity,,,,,2.0,,,,,0.0,,,,,3.0,,,,,#904ea6,
2024-12-30,Total,,56.0,,,,,0.0,,,,,1.0,,,,,#545cf8,,,,
2024-12-30,Drift,,,50.0,,,,,0.0,,,,,,,,,,,,,
2024-12-30,Flash Trade,,,15.0,,,,,0.0,,,,,4.0,,,,,#63b512,,,
2024-12-30,Jupiter,,,3.0,,,,,0.0,,,,,6.0,,,,,#00bfa5,,,
2024-12-30,_Drift,Drift,,,50.0,,,,,0.0,,,,,,,,,,,,
2024-12-30,_Flash Trade,Flash Trade,,,15.0,,,,,0.0,,,,,4.0,,,,,#63b512,,
2024-12-30,_Jupiter,Jupiter,,,3.0,,,,,0.0,,,,,6.0,,,,,#00bfa5,,
2024-12-30,Crypto,,,,,52.0,,,,,0.0,,,,,1.0,,,,,#545cf8,
2024-12-30,FX,,,,,2.0,,,,,0.0,,,,,4.0,,,,,#63b512,
2024-12-30,Commodity,,,,,2.0,,,,,0.0,,,,,3.0,,,,,#904ea6,
2024-12-29,Total,,56.0,,,,,0.0,,,,,1.0,,,,,#545cf8,,,,
2024-12-29,Drift,,,50.0,,,,,0.0,,,,,,,,,,,,,
2024-12-29,Flash Trade,,,15.0,,,,,0.0,,,,,4.0,,,,,#63b512,,,
2024-12-29,Jupiter,,,3.0,,,,,0.0,,,,,6.0,,,,,#00bfa5,,,
2024-12-29,_Drift,Drift,,,50.0,,,,,0.0,,,,,,,,,,,,
2024-12-29,_Flash Trade,Flash Trade,,,15.0,,,,,0.0,,,,,4.0,,,,,#63b512,,
2024-12-29,_Jupiter,Jupiter,,,3.0,,,,,0.0,,,,,6.0,,,,,#00bfa5,,
2024-12-29,Crypto,,,,,52.0,,,,,0.0,,,,,1.0,,,,,#545cf8,
2024-12-29,FX,,,,,2.0,,,,,0.0,,,,,4.0,,,,,#63b512,
2024-12-29,Commodity,,,,,2.0,,,,,0.0,,,,,3.0,,,,,#904ea6,
2024-12-28,Total,,56.0,,,,,0.0,,,,,1.0,,,,,#545cf8,,,,
2024-12-28,Drift,,,50.0,,,,,0.0,,,,,,,,,,,,,
2024-12-28,Flash Trade,,,15.0,,,,,0.0,,,,,4.0,,,,,#63b512,,,
2024-12-28,Jupiter,,,3.0,,,,,0.0,,,,,6.0,,,,,#00bfa5,,,
2024-12-28,_Drift,Drift,,,50.0,,,,,0.0,,,,,,,,,,,,
2024-12-28,_Flash Trade,Flash Trade,,,15.0,,,,,0.0,,,,,4.0,,,,,#63b512,,
2024-12-28,_Jupiter,Jupiter,,,3.0,,,,,0.0,,,,,6.0,,,,,#00bfa5,,
2024-12-28,Crypto,,,,,52.0,,,,,0.0,,,,,1.0,,,,,#545cf8,
2024-12-28,FX,,,,,2.0,,,,,0.0,,,,,4.0,,,,,#63b512,
2024-12-28,Commodity,,,,,2.0,,,,,0.0,,,,,3.0,,,,,#904ea6,
2024-12-27,Total,,56.0,,,,,0.0,,,,,1.0,,,,,#545cf8,,,,
2024-12-27,Drift,,,50.0,,,,,0.0,,,,,,,,,,,,,
2024-12-27,Flash Trade,,,15.0,,,,,0.0,,,,,4.0,,,,,#63b512,,,
2024-12-27,Jupiter,,,3.0,,,,,0.0,,,,,6.0,,,,,#00bfa5,,,
2024-12-27,_Drift,Drift,,,50.0,,,,,0.0,,,,,,,,,,,,
2024-12-27,_Flash Trade,Flash Trade,,,15.0,,,,,0.0,,,,,4.0,,,,,#63b512,,
2024-12-27,_Jupiter,Jupiter,,,3.0,,,,,0.0,,,,,6.0,,,,,#00bfa5,,
2024-12-27,Crypto,,,,,52.0,,,,,0.0,,,,,1.0,,,,,#545cf8,
2024-12-27,Commodity,,,,,2.0,,,,,0.0,,,,,3.0,,,,,#904ea6,
2024-12-27,FX,,,,,2.0,,,,,0.0,,,,,4.0,,,,,#63b512,
2024-12-26,Total,,56.0,,,,,0.0,,,,,1.0,,,,,#545cf8,,,,
2024-12-26,Drift,,,50.0,,,,,0.0,,,,,,,,,,,,,
2024-12-26,Flash Trade,,,15.0,,,,,0.0,,,,,4.0,,,,,#63b512,,,
2024-12-26,Jupiter,,,3.0,,,,,0.0,,,,,6.0,,,,,#00bfa5,,,
2024-12-26,_Drift,Drift,,,50.0,,,,,0.0,,,,,,,,,,,,
2024-12-26,_Flash Trade,Flash Trade,,,15.0,,,,,0.0,,,,,4.0,,,,,#63b512,,
2024-12-26,_Jupiter,Jupiter,,,3.0,,,,,0.0,,,,,6.0,,,,,#00bfa5,,
2024-12-26,Crypto,,,,,52.0,,,,,0.0,,,,,1.0,,,,,#545cf8,
2024-12-26,FX,,,,,2.0,,,,,0.0,,,,,4.0,,,,,#63b512,
2024-12-26,Commodity,,,,,2.0,,,,,0.0,,,,,3.0,,,,,#904ea6,
2024-12-25,Total,,56.0,,,,,0.0,,,,,1.0,,,,,#545cf8,,,,
2024-12-25,Drift,,,50.0,,,,,0.0,,,,,,,,,,,,,
2024-12-25,Flash Trade,,,15.0,,,,,0.0,,,,,4.0,,,,,#63b512,,,
2024-12-25,Jupiter,,,3.0,,,,,0.0,,,,,6.0,,,,,#00bfa5,,,
2024-12-25,_Drift,Drift,,,50.0,,,,,0.0,,,,,,,,,,,,
2024-12-25,_Flash Trade,Flash Trade,,,15.0,,,,,0.0,,,,,4.0,,,,,#63b512,,
2024-12-25,_Jupiter,Jupiter,,,3.0,,,,,0.0,,,,,6.0,,,,,#00bfa5,,
2024-12-25,Crypto,,,,,52.0,,,,,0.0,,,,,1.0,,,,,#545cf8,
2024-12-25,FX,,,,,2.0,,,,,0.0,,,,,4.0,,,,,#63b512,
2024-12-25,Commodity,,,,,2.0,,,,,0.0,,,,,3.0,,,,,#904ea6,
2024-12-24,Total,,56.0,,,,,0.0,,,,,1.0,,,,,#545cf8,,,,
2024-12-24,Drift,,,50.0,,,,,0.0,,,,,,,,,,,,,
2024-12-24,Flash Trade,,,15.0,,,,,1.0,,,,,4.0,,,,,#63b512,,,
2024-12-24,Jupiter,,,3.0,,,,,0.0,,,,,6.0,,,,,#00bfa5,,,
2024-12-24,_Drift,Drift,,,50.0,,,,,0.0,,,,,,,,,,,,
2024-12-24,_Flash Trade,Flash Trade,,,15.0,,,,,1.0,,,,,4.0,,,,,#63b512,,
2024-12-24,_Jupiter,Jupiter,,,3.0,,,,,0.0,,,,,6.0,,,,,#00bfa5,,
2024-12-24,Crypto,,,,,52.0,,,,,0.0,,,,,1.0,,,,,#545cf8,
2024-12-24,Commodity,,,,,2.0,,,,,0.0,,,,,3.0,,,,,#904ea6,
2024-12-24,FX,,,,,2.0,,,,,0.0,,,,,4.0,,,,,#63b512,
2024-12-23,Total,,56.0,,,,,0.0,,,,,1.0,,,,,#545cf8,,,,
2024-12-23,Drift,,,50.0,,,,,0.0,,,,,,,,,,,,,
2024-12-23,Flash Trade,,,14.0,,,,,0.0,,,,,4.0,,,,,#63b512,,,
2024-12-23,Jupiter,,,3.0,,,,,0.0,,,,,6.0,,,,,#00bfa5,,,
2024-12-23,_Drift,Drift,,,50.0,,,,,0.0,,,,,,,,,,,,
2024-12-23,_Flash Trade,Flash Trade,,,14.0,,,,,0.0,,,,,4.0,,,,,#63b512,,
2024-12-23,_Jupiter,Jupiter,,,3.0,,,,,0.0,,,,,6.0,,,,,#00bfa5,,
2024-12-23,Crypto,,,,,52.0,,,,,0.0,,,,,1.0,,,,,#545cf8,
2024-12-23,Commodity,,,,,2.0,,,,,0.0,,,,,3.0,,,,,#904ea6,
2024-12-23,FX,,,,,2.0,,,,,0.0,,,,,4.0,,,,,#63b512,
2024-12-22,Total,,56.0,,,,,0.0,,,,,1.0,,,,,#545cf8,,,,
2024-12-22,Drift,,,50.0,,,,,0.0,,,,,,,,,,,,,
2024-12-22,Flash Trade,,,14.0,,,,,0.0,,,,,4.0,,,,,#63b512,,,
2024-12-22,Jupiter,,,3.0,,,,,0.0,,,,,6.0,,,,,#00bfa5,,,
2024-12-22,_Drift,Drift,,,50.0,,,,,0.0,,,,,,,,,,,,
2024-12-22,_Flash Trade,Flash Trade,,,14.0,,,,,0.0,,,,,4.0,,,,,#63b512,,
2024-12-22,_Jupiter,Jupiter,,,3.0,,,,,0.0,,,,,6.0,,,,,#00bfa5,,
2024-12-22,Crypto,,,,,52.0,,,,,0.0,,,,,1.0,,,,,#545cf8,
2024-12-22,FX,,,,,2.0,,,,,0.0,,,,,4.0,,,,,#63b512,
2024-12-22,Commodity,,,,,2.0,,,,,0.0,,,,,3.0,,,,,#904ea6,
2024-12-21,Total,,56.0,,,,,0.0,,,,,1.0,,,,,#545cf8,,,,
2024-12-21,Drift,,,50.0,,,,,0.0,,,,,,,,,,,,,
2024-12-21,Flash Trade,,,14.0,,,,,0.0,,,,,4.0,,,,,#63b512,,,
2024-12-21,Jupiter,,,3.0,,,,,0.0,,,,,6.0,,,,,#00bfa5,,,
2024-12-21,_Drift,Drift,,,50.0,,,,,0.0,,,,,,,,,,,,
2024-12-21,_Flash Trade,Flash Trade,,,14.0,,,,,0.0,,,,,4.0,,,,,#63b512,,
2024-12-21,_Jupiter,Jupiter,,,3.0,,,,,0.0,,,,,6.0,,,,,#00bfa5,,
2024-12-21,Crypto,,,,,52.0,,,,,0.0,,,,,1.0,,,,,#545cf8,
2024-12-21,FX,,,,,2.0,,,,,0.0,,,,,4.0,,,,,#63b512,
2024-12-21,Commodity,,,,,2.0,,,,,0.0,,,,,3.0,,,,,#904ea6,
2024-12-20,Total,,56.0,,,,,0.0,,,,,1.0,,,,,#545cf8,,,,
2024-12-20,Drift,,,50.0,,,,,0.0,,,,,,,,,,,,,
2024-12-20,Flash Trade,,,14.0,,,,,0.0,,,,,4.0,,,,,#63b512,,,
2024-12-20,Jupiter,,,3.0,,,,,0.0,,,,,6.0,,,,,#00bfa5,,,
2024-12-20,_Drift,Drift,,,50.0,,,,,0.0,,,,,,,,,,,,
2024-12-20,_Flash Trade,Flash Trade,,,14.0,,,,,0.0,,,,,4.0,,,,,#63b512,,
2024-12-20,_Jupiter,Jupiter,,,3.0,,,,,0.0,,,,,6.0,,,,,#00bfa5,,
2024-12-20,Crypto,,,,,52.0,,,,,0.0,,,,,1.0,,,,,#545cf8,
2024-12-20,FX,,,,,2.0,,,,,0.0,,,,,4.0,,,,,#63b512,
2024-12-20,Commodity,,,,,2.0,,,,,0.0,,,,,3.0,,,,,#904ea6,
2024-12-19,Total,,56.0,,,,,0.0,,,,,1.0,,,,,#545cf8,,,,
2024-12-19,Drift,,,50.0,,,,,0.0,,,,,,,,,,,,,
2024-12-19,Flash Trade,,,14.0,,,,,0.0,,,,,4.0,,,,,#63b512,,,
2024-12-19,Jupiter,,,3.0,,,,,0.0,,,,,6.0,,,,,#00bfa5,,,
2024-12-19,_Drift,Drift,,,50.0,,,,,0.0,,,,,,,,,,,,
2024-12-19,_Flash Trade,Flash Trade,,,14.0,,,,,0.0,,,,,4.0,,,,,#63b512,,
2024-12-19,_Jupiter,Jupiter,,,3.0,,,,,0.0,,,,,6.0,,,,,#00bfa5,,
2024-12-19,Crypto,,,,,52.0,,,,,0.0,,,,,1.0,,,,,#545cf8,
2024-12-19,FX,,,,,2.0,,,,,0.0,,,,,4.0,,,,,#63b512,
2024-12-19,Commodity,,,,,2.0,,,,,0.0,,,,,3.0,,,,,#904ea6,
2024-12-18,Total,,56.0,,,,,0.0,,,,,1.0,,,,,#545cf8,,,,
2024-12-18,Drift,,,50.0,,,,,0.0,,,,,,,,,,,,,
2024-12-18,Flash Trade,,,14.0,,,,,0.0,,,,,4.0,,,,,#63b512,,,
2024-12-18,Jupiter,,,3.0,,,,,0.0,,,,,6.0,,,,,#00bfa5,,,
2024-12-18,_Drift,Drift,,,50.0,,,,,0.0,,,,,,,,,,,,
2024-12-18,_Flash Trade,Flash Trade,,,14.0,,,,,0.0,,,,,4.0,,,,,#63b512,,
2024-12-18,_Jupiter,Jupiter,,,3.0,,,,,0.0,,,,,6.0,,,,,#00bfa5,,
2024-12-18,Crypto,,,,,52.0,,,,,0.0,,,,,1.0,,,,,#545cf8,
2024-12-18,FX,,,,,2.0,,,,,0.0,,,,,4.0,,,,,#63b512,
2024-12-18,Commodity,,,,,2.0,,,,,0.0,,,,,3.0,,,,,#904ea6,
2024-12-17,Total,,56.0,,,,,1.0,,,,,1.0,,,,,#545cf8,,,,
2024-12-17,Drift,,,50.0,,,,,1.0,,,,,,,,,,,,,
2024-12-17,Flash Trade,,,14.0,,,,,0.0,,,,,4.0,,,,,#63b512,,,
2024-12-17,Jupiter,,,3.0,,,,,0.0,,,,,6.0,,,,,#00bfa5,,,
2024-12-17,_Drift,Drift,,,50.0,,,,,1.0,,,,,,,,,,,,
2024-12-17,_Flash Trade,Flash Trade,,,14.0,,,,,0.0,,,,,4.0,,,,,#63b512,,
2024-12-17,_Jupiter,Jupiter,,,3.0,,,,,0.0,,,,,6.0,,,,,#00bfa5,,
2024-12-17,Crypto,,,,,52.0,,,,,1.0,,,,,1.0,,,,,#545cf8,
2024-12-17,FX,,,,,2.0,,,,,0.0,,,,,4.0,,,,,#63b512,
2024-12-17,Commodity,,,,,2.0,,,,,0.0,,,,,3.0,,,,,#904ea6,
2024-12-16,Total,,55.0,,,,,0.0,,,,,1.0,,,,,#545cf8,,,,
2024-12-16,Drift,,,49.0,,,,,0.0,,,,,,,,,,,,,
2024-12-16,Flash Trade,,,14.0,,,,,0.0,,,,,4.0,,,,,#63b512,,,
2024-12-16,Jupiter,,,3.0,,,,,0.0,,,,,6.0,,,,,#00bfa5,,,
2024-12-16,_Drift,Drift,,,49.0,,,,,0.0,,,,,,,,,,,,
2024-12-16,_Flash Trade,Flash Trade,,,14.0,,,,,0.0,,,,,4.0,,,,,#63b512,,
2024-12-16,_Jupiter,Jupiter,,,3.0,,,,,0.0,,,,,6.0,,,,,#00bfa5,,
2024-12-16,Crypto,,,,,51.0,,,,,0.0,,,,,1.0,,,,,#545cf8,
2024-12-16,FX,,,,,2.0,,,,,0.0,,,,,4.0,,,,,#63b512,
2024-12-16,Commodity,,,,,2.0,,,,,0.0,,,,,3.0,,,,,#904ea6,
2024-12-15,Total,,55.0,,,,,0.0,,,,,1.0,,,,,#545cf8,,,,
2024-12-15,Drift,,,49.0,,,,,0.0,,,,,,,,,,,,,
2024-12-15,Flash Trade,,,14.0,,,,,0.0,,,,,4.0,,,,,#63b512,,,
2024-12-15,Jupiter,,,3.0,,,,,0.0,,,,,6.0,,,,,#00bfa5,,,
2024-12-15,_Drift,Drift,,,49.0,,,,,0.0,,,,,,,,,,,,
2024-12-15,_Flash Trade,Flash Trade,,,14.0,,,,,0.0,,,,,4.0,,,,,#63b512,,
2024-12-15,_Jupiter,Jupiter,,,3.0,,,,,0.0,,,,,6.0,,,,,#00bfa5,,
2024-12-15,Crypto,,,,,51.0,,,,,0.0,,,,,1.0,,,,,#545cf8,
2024-12-15,FX,,,,,2.0,,,,,0.0,,,,,4.0,,,,,#63b512,
2024-12-15,Commodity,,,,,2.0,,,,,0.0,,,,,3.0,,,,,#904ea6,
2024-12-14,Total,,55.0,,,,,0.0,,,,,1.0,,,,,#545cf8,,,,
2024-12-14,Drift,,,49.0,,,,,0.0,,,,,,,,,,,,,
2024-12-14,Flash Trade,,,14.0,,,,,0.0,,,,,4.0,,,,,#63b512,,,
2024-12-14,Jupiter,,,3.0,,,,,0.0,,,,,6.0,,,,,#00bfa5,,,
2024-12-14,_Drift,Drift,,,49.0,,,,,0.0,,,,,,,,,,,,
2024-12-14,_Flash Trade,Flash Trade,,,14.0,,,,,0.0,,,,,4.0,,,,,#63b512,,
2024-12-14,_Jupiter,Jupiter,,,3.0,,,,,0.0,,,,,6.0,,,,,#00bfa5,,
2024-12-14,Crypto,,,,,51.0,,,,,0.0,,,,,1.0,,,,,#545cf8,
2024-12-14,Commodity,,,,,2.0,,,,,0.0,,,,,3.0,,,,,#904ea6,
2024-12-14,FX,,,,,2.0,,,,,0.0,,,,,4.0,,,,,#63b512,
2024-12-13,Total,,55.0,,,,,0.0,,,,,1.0,,,,,#545cf8,,,,
2024-12-13,Drift,,,49.0,,,,,0.0,,,,,,,,,,,,,
2024-12-13,Flash Trade,,,14.0,,,,,0.0,,,,,4.0,,,,,#63b512,,,
2024-12-13,Jupiter,,,3.0,,,,,0.0,,,,,6.0,,,,,#00bfa5,,,
2024-12-13,_Drift,Drift,,,49.0,,,,,0.0,,,,,,,,,,,,
2024-12-13,_Flash Trade,Flash Trade,,,14.0,,,,,0.0,,,,,4.0,,,,,#63b512,,
2024-12-13,_Jupiter,Jupiter,,,3.0,,,,,0.0,,,,,6.0,,,,,#00bfa5,,
2024-12-13,Crypto,,,,,51.0,,,,,0.0,,,,,1.0,,,,,#545cf8,
2024-12-13,Commodity,,,,,2.0,,,,,0.0,,,,,3.0,,,,,#904ea6,
2024-12-13,FX,,,,,2.0,,,,,0.0,,,,,4.0,,,,,#63b512,
2024-12-12,Total,,55.0,,,,,0.0,,,,,1.0,,,,,#545cf8,,,,
2024-12-12,Drift,,,49.0,,,,,0.0,,,,,,,,,,,,,
2024-12-12,Flash Trade,,,14.0,,,,,0.0,,,,,4.0,,,,,#63b512,,,
2024-12-12,Jupiter,,,3.0,,,,,0.0,,,,,6.0,,,,,#00bfa5,,,
2024-12-12,_Drift,Drift,,,49.0,,,,,0.0,,,,,,,,,,,,
2024-12-12,_Flash Trade,Flash Trade,,,14.0,,,,,0.0,,,,,4.0,,,,,#63b512,,
2024-12-12,_Jupiter,Jupiter,,,3.0,,,,,0.0,,,,,6.0,,,,,#00bfa5,,
2024-12-12,Crypto,,,,,51.0,,,,,0.0,,,,,1.0,,,,,#545cf8,
2024-12-12,Commodity,,,,,2.0,,,,,0.0,,,,,3.0,,,,,#904ea6,
2024-12-12,FX,,,,,2.0,,,,,0.0,,,,,4.0,,,,,#63b512,
2024-12-11,Total,,55.0,,,,,0.0,,,,,1.0,,,,,#545cf8,,,,
2024-12-11,Drift,,,49.0,,,,,0.0,,,,,,,,,,,,,
2024-12-11,Flash Trade,,,14.0,,,,,0.0,,,,,4.0,,,,,#63b512,,,
2024-12-11,Jupiter,,,3.0,,,,,0.0,,,,,6.0,,,,,#00bfa5,,,
2024-12-11,_Drift,Drift,,,49.0,,,,,0.0,,,,,,,,,,,,
2024-12-11,_Flash Trade,Flash Trade,,,14.0,,,,,0.0,,,,,4.0,,,,,#63b512,,
2024-12-11,_Jupiter,Jupiter,,,3.0,,,,,0.0,,,,,6.0,,,,,#00bfa5,,
2024-12-11,Crypto,,,,,51.0,,,,,0.0,,,,,1.0,,,,,#545cf8,
2024-12-11,Commodity,,,,,2.0,,,,,0.0,,,,,3.0,,,,,#904ea6,
2024-12-11,FX,,,,,2.0,,,,,0.0,,,,,4.0,,,,,#63b512,
2024-12-10,Total,,55.0,,,,,1.0,,,,,1.0,,,,,#545cf8,,,,
2024-12-10,Drift,,,49.0,,,,,1.0,,,,,,,,,,,,,
2024-12-10,Flash Trade,,,14.0,,,,,0.0,,,,,4.0,,,,,#63b512,,,
2024-12-10,Jupiter,,,3.0,,,,,0.0,,,,,6.0,,,,,#00bfa5,,,
2024-12-10,_Drift,Drift,,,49.0,,,,,1.0,,,,,,,,,,,,
2024-12-10,_Flash Trade,Flash Trade,,,14.0,,,,,0.0,,,,,4.0,,,,,#63b512,,
2024-12-10,_Jupiter,Jupiter,,,3.0,,,,,0.0,,,,,6.0,,,,,#00bfa5,,
2024-12-10,Crypto,,,,,51.0,,,,,1.0,,,,,1.0,,,,,#545cf8,
2024-12-10,FX,,,,,2.0,,,,,0.0,,,,,4.0,,,,,#63b512,
2024-12-10,Commodity,,,,,2.0,,,,,0.0,,,,,3.0,,,,,#904ea6,
2024-12-09,Total,,54.0,,,,,0.0,,,,,1.0,,,,,#545cf8,,,,
2024-12-09,Drift,,,48.0,,,,,0.0,,,,,,,,,,,,,
2024-12-09,Flash Trade,,,14.0,,,,,0.0,,,,,4.0,,,,,#63b512,,,
2024-12-09,Jupiter,,,3.0,,,,,0.0,,,,,6.0,,,,,#00bfa5,,,
2024-12-09,_Drift,Drift,,,48.0,,,,,0.0,,,,,,,,,,,,
2024-12-09,_Flash Trade,Flash Trade,,,14.0,,,,,0.0,,,,,4.0,,,,,#63b512,,
2024-12-09,_Jupiter,Jupiter,,,3.0,,,,,0.0,,,,,6.0,,,,,#00bfa5,,
2024-12-09,Crypto,,,,,50.0,,,,,0.0,,,,,1.0,,,,,#545cf8,
2024-12-09,FX,,,,,2.0,,,,,0.0,,,,,4.0,,,,,#63b512,
2024-12-09,Commodity,,,,,2.0,,,,,0.0,,,,,3.0,,,,,#904ea6,
2024-12-08,Total,,54.0,,,,,0.0,,,,,1.0,,,,,#545cf8,,,,
2024-12-08,Drift,,,48.0,,,,,0.0,,,,,,,,,,,,,
2024-12-08,Flash Trade,,,14.0,,,,,0.0,,,,,4.0,,,,,#63b512,,,
2024-12-08,Jupiter,,,3.0,,,,,0.0,,,,,6.0,,,,,#00bfa5,,,
2024-12-08,_Drift,Drift,,,48.0,,,,,0.0,,,,,,,,,,,,
2024-12-08,_Flash Trade,Flash Trade,,,14.0,,,,,0.0,,,,,4.0,,,,,#63b512,,
2024-12-08,_Jupiter,Jupiter,,,3.0,,,,,0.0,,,,,6.0,,,,,#00bfa5,,
2024-12-08,Crypto,,,,,50.0,,,,,0.0,,,,,1.0,,,,,#545cf8,
2024-12-08,FX,,,,,2.0,,,,,0.0,,,,,4.0,,,,,#63b512,
2024-12-08,Commodity,,,,,2.0,,,,,0.0,,,,,3.0,,,,,#904ea6,
2024-12-07,Total,,54.0,,,,,0.0,,,,,1.0,,,,,#545cf8,,,,
2024-12-07,Drift,,,48.0,,,,,0.0,,,,,,,,,,,,,
2024-12-07,Flash Trade,,,14.0,,,,,0.0,,,,,4.0,,,,,#63b512,,,
2024-12-07,Jupiter,,,3.0,,,,,0.0,,,,,6.0,,,,,#00bfa5,,,
2024-12-07,_Drift,Drift,,,48.0,,,,,0.0,,,,,,,,,,,,
2024-12-07,_Flash Trade,Flash Trade,,,14.0,,,,,0.0,,,,,4.0,,,,,#63b512,,
2024-12-07,_Jupiter,Jupiter,,,3.0,,,,,0.0,,,,,6.0,,,,,#00bfa5,,
2024-12-07,Crypto,,,,,50.0,,,,,0.0,,,,,1.0,,,,,#545cf8,
2024-12-07,Commodity,,,,,2.0,,,,,0.0,,,,,3.0,,,,,#904ea6,
2024-12-07,FX,,,,,2.0,,,,,0.0,,,,,4.0,,,,,#63b512,
2024-12-06,Total,,54.0,,,,,2.0,,,,,1.0,,,,,#545cf8,,,,
2024-12-06,Drift,,,48.0,,,,,2.0,,,,,,,,,,,,,
2024-12-06,Flash Trade,,,14.0,,,,,0.0,,,,,4.0,,,,,#63b512,,,
2024-12-06,Jupiter,,,3.0,,,,,0.0,,,,,6.0,,,,,#00bfa5,,,
2024-12-06,_Drift,Drift,,,48.0,,,,,2.0,,,,,,,,,,,,
2024-12-06,_Flash Trade,Flash Trade,,,14.0,,,,,0.0,,,,,4.0,,,,,#63b512,,
2024-12-06,_Jupiter,Jupiter,,,3.0,,,,,0.0,,,,,6.0,,,,,#00bfa5,,
2024-12-06,Crypto,,,,,50.0,,,,,2.0,,,,,1.0,,,,,#545cf8,
2024-12-06,FX,,,,,2.0,,,,,0.0,,,,,4.0,,,,,#63b512,
2024-12-06,Commodity,,,,,2.0,,,,,0.0,,,,,3.0,,,,,#904ea6,
2024-12-05,Total,,52.0,,,,,0.0,,,,,1.0,,,,,#545cf8,,,,
2024-12-05,Drift,,,46.0,,,,,0.0,,,,,,,,,,,,,
2024-12-05,Flash Trade,,,14.0,,,,,0.0,,,,,4.0,,,,,#63b512,,,
2024-12-05,Jupiter,,,3.0,,,,,0.0,,,,,6.0,,,,,#00bfa5,,,
2024-12-05,_Drift,Drift,,,46.0,,,,,0.0,,,,,,,,,,,,
2024-12-05,_Flash Trade,Flash Trade,,,14.0,,,,,0.0,,,,,4.0,,,,,#63b512,,
2024-12-05,_Jupiter,Jupiter,,,3.0,,,,,0.0,,,,,6.0,,,,,#00bfa5,,
2024-12-05,Crypto,,,,,48.0,,,,,0.0,,,,,1.0,,,,,#545cf8,
2024-12-05,FX,,,,,2.0,,,,,0.0,,,,,4.0,,,,,#63b512,
2024-12-05,Commodity,,,,,2.0,,,,,0.0,,,,,3.0,,,,,#904ea6,
2024-12-04,Total,,52.0,,,,,0.0,,,,,1.0,,,,,#545cf8,,,,
2024-12-04,Drift,,,46.0,,,,,0.0,,,,,,,,,,,,,
2024-12-04,Flash Trade,,,14.0,,,,,0.0,,,,,4.0,,,,,#63b512,,,
2024-12-04,Jupiter,,,3.0,,,,,0.0,,,,,6.0,,,,,#00bfa5,,,
2024-12-04,_Drift,Drift,,,46.0,,,,,0.0,,,,,,,,,,,,
2024-12-04,_Flash Trade,Flash Trade,,,14.0,,,,,0.0,,,,,4.0,,,,,#63b512,,
2024-12-04,_Jupiter,Jupiter,,,3.0,,,,,0.0,,,,,6.0,,,,,#00bfa5,,
2024-12-04,Crypto,,,,,48.0,,,,,0.0,,,,,1.0,,,,,#545cf8,
2024-12-04,Commodity,,,,,2.0,,,,,0.0,,,,,3.0,,,,,#904ea6,
2024-12-04,FX,,,,,2.0,,,,,0.0,,,,,4.0,,,,,#63b512,
2024-12-03,Total,,52.0,,,,,0.0,,,,,1.0,,,,,#545cf8,,,,
2024-12-03,Drift,,,46.0,,,,,0.0,,,,,,,,,,,,,
2024-12-03,Flash Trade,,,14.0,,,,,0.0,,,,,4.0,,,,,#63b512,,,
2024-12-03,Jupiter,,,3.0,,,,,0.0,,,,,6.0,,,,,#00bfa5,,,
2024-12-03,_Drift,Drift,,,46.0,,,,,0.0,,,,,,,,,,,,
2024-12-03,_Flash Trade,Flash Trade,,,14.0,,,,,0.0,,,,,4.0,,,,,#63b512,,
2024-12-03,_Jupiter,Jupiter,,,3.0,,,,,0.0,,,,,6.0,,,,,#00bfa5,,
2024-12-03,Crypto,,,,,48.0,,,,,0.0,,,,,1.0,,,,,#545cf8,
2024-12-03,FX,,,,,2.0,,,,,0.0,,,,,4.0,,,,,#63b512,
2024-12-03,Commodity,,,,,2.0,,,,,0.0,,,,,3.0,,,,,#904ea6,
2024-12-02,Total,,52.0,,,,,1.0,,,,,1.0,,,,,#545cf8,,,,
2024-12-02,Drift,,,46.0,,,,,1.0,,,,,,,,,,,,,
2024-12-02,Flash Trade,,,14.0,,,,,0.0,,,,,4.0,,,,,#63b512,,,
2024-12-02,Jupiter,,,3.0,,,,,0.0,,,,,6.0,,,,,#00bfa5,,,
2024-12-02,_Drift,Drift,,,46.0,,,,,1.0,,,,,,,,,,,,
2024-12-02,_Flash Trade,Flash Trade,,,14.0,,,,,0.0,,,,,4.0,,,,,#63b512,,
2024-12-02,_Jupiter,Jupiter,,,3.0,,,,,0.0,,,,,6.0,,,,,#00bfa5,,
2024-12-02,Crypto,,,,,48.0,,,,,1.0,,,,,1.0,,,,,#545cf8,
2024-12-02,Commodity,,,,,2.0,,,,,0.0,,,,,3.0,,,,,#904ea6,
2024-12-02,FX,,,,,2.0,,,,,0.0,,,,,4.0,,,,,#63b512,
2024-12-01,Total,,51.0,,,,,0.0,,,,,1.0,,,,,#545cf8,,,,
2024-12-01,Drift,,,45.0,,,,,0.0,,,,,,,,,,,,,
2024-12-01,Flash Trade,,,14.0,,,,,0.0,,,,,4.0,,,,,#63b512,,,
2024-12-01,Jupiter,,,3.0,,,,,0.0,,,,,6.0,,,,,#00bfa5,,,
2024-12-01,_Drift,Drift,,,45.0,,,,,0.0,,,,,,,,,,,,
2024-12-01,_Flash Trade,Flash Trade,,,14.0,,,,,0.0,,,,,4.0,,,,,#63b512,,
2024-12-01,_Jupiter,Jupiter,,,3.0,,,,,0.0,,,,,6.0,,,,,#00bfa5,,
2024-12-01,Crypto,,,,,47.0,,,,,0.0,,,,,1.0,,,,,#545cf8,
2024-12-01,Commodity,,,,,2.0,,,,,0.0,,,,,3.0,,,,,#904ea6,
2024-12-01,FX,,,,,2.0,,,,,0.0,,,,,4.0,,,,,#63b512,
2024-11-30,Total,,51.0,,,,,0.0,,,,,1.0,,,,,#545cf8,,,,
2024-11-30,Drift,,,45.0,,,,,0.0,,,,,,,,,,,,,
2024-11-30,Flash Trade,,,14.0,,,,,0.0,,,,,4.0,,,,,#63b512,,,
2024-11-30,Jupiter,,,3.0,,,,,0.0,,,,,6.0,,,,,#00bfa5,,,
2024-11-30,_Drift,Drift,,,45.0,,,,,0.0,,,,,,,,,,,,
2024-11-30,_Flash Trade,Flash Trade,,,14.0,,,,,0.0,,,,,4.0,,,,,#63b512,,
2024-11-30,_Jupiter,Jupiter,,,3.0,,,,,0.0,,,,,6.0,,,,,#00bfa5,,
2024-11-30,Crypto,,,,,47.0,,,,,0.0,,,,,1.0,,,,,#545cf8,
2024-11-30,Commodity,,,,,2.0,,,,,0.0,,,,,3.0,,,,,#904ea6,
2024-11-30,FX,,,,,2.0,,,,,0.0,,,,,4.0,,,,,#63b512,
2024-11-29,Total,,51.0,,,,,0.0,,,,,1.0,,,,,#545cf8,,,,
2024-11-29,Drift,,,45.0,,,,,0.0,,,,,,,,,,,,,
2024-11-29,Flash Trade,,,14.0,,,,,0.0,,,,,4.0,,,,,#63b512,,,
2024-11-29,Jupiter,,,3.0,,,,,0.0,,,,,6.0,,,,,#00bfa5,,,
2024-11-29,_Drift,Drift,,,45.0,,,,,0.0,,,,,,,,,,,,
2024-11-29,_Flash Trade,Flash Trade,,,14.0,,,,,0.0,,,,,4.0,,,,,#63b512,,
2024-11-29,_Jupiter,Jupiter,,,3.0,,,,,0.0,,,,,6.0,,,,,#00bfa5,,
2024-11-29,Crypto,,,,,47.0,,,,,0.0,,,,,1.0,,,,,#545cf8,
2024-11-29,Commodity,,,,,2.0,,,,,0.0,,,,,3.0,,,,,#904ea6,
2024-11-29,FX,,,,,2.0,,,,,0.0,,,,,4.0,,,,,#63b512,
2024-11-28,Total,,51.0,,,,,0.0,,,,,1.0,,,,,#545cf8,,,,
2024-11-28,Drift,,,45.0,,,,,0.0,,,,,,,,,,,,,
2024-11-28,Flash Trade,,,14.0,,,,,0.0,,,,,4.0,,,,,#63b512,,,
2024-11-28,Jupiter,,,3.0,,,,,0.0,,,,,6.0,,,,,#00bfa5,,,
2024-11-28,_Drift,Drift,,,45.0,,,,,0.0,,,,,,,,,,,,
2024-11-28,_Flash Trade,Flash Trade,,,14.0,,,,,0.0,,,,,4.0,,,,,#63b512,,
2024-11-28,_Jupiter,Jupiter,,,3.0,,,,,0.0,,,,,6.0,,,,,#00bfa5,,
2024-11-28,Crypto,,,,,47.0,,,,,0.0,,,,,1.0,,,,,#545cf8,
2024-11-28,Commodity,,,,,2.0,,,,,0.0,,,,,3.0,,,,,#904ea6,
2024-11-28,FX,,,,,2.0,,,,,0.0,,,,,4.0,,,,,#63b512,
2024-11-27,Total,,51.0,,,,,0.0,,,,,1.0,,,,,#545cf8,,,,
2024-11-27,Drift,,,45.0,,,,,0.0,,,,,,,,,,,,,
2024-11-27,Flash Trade,,,14.0,,,,,0.0,,,,,4.0,,,,,#63b512,,,
2024-11-27,Jupiter,,,3.0,,,,,0.0,,,,,6.0,,,,,#00bfa5,,,
2024-11-27,_Drift,Drift,,,45.0,,,,,0.0,,,,,,,,,,,,
2024-11-27,_Flash Trade,Flash Trade,,,14.0,,,,,0.0,,,,,4.0,,,,,#63b512,,
2024-11-27,_Jupiter,Jupiter,,,3.0,,,,,0.0,,,,,6.0,,,,,#00bfa5,,
2024-11-27,Crypto,,,,,47.0,,,,,0.0,,,,,1.0,,,,,#545cf8,
2024-11-27,Commodity,,,,,2.0,,,,,0.0,,,,,3.0,,,,,#904ea6,
2024-11-27,FX,,,,,2.0,,,,,0.0,,,,,4.0,,,,,#63b512,
2024-11-26,Total,,51.0,,,,,0.0,,,,,1.0,,,,,#545cf8,,,,
2024-11-26,Drift,,,45.0,,,,,0.0,,,,,,,,,,,,,
2024-11-26,Flash Trade,,,14.0,,,,,0.0,,,,,4.0,,,,,#63b512,,,
2024-11-26,Jupiter,,,3.0,,,,,0.0,,,,,6.0,,,,,#00bfa5,,,
2024-11-26,_Drift,Drift,,,45.0,,,,,0.0,,,,,,,,,,,,
2024-11-26,_Flash Trade,Flash Trade,,,14.0,,,,,0.0,,,,,4.0,,,,,#63b512,,
2024-11-26,_Jupiter,Jupiter,,,3.0,,,,,0.0,,,,,6.0,,,,,#00bfa5,,
2024-11-26,Crypto,,,,,47.0,,,,,0.0,,,,,1.0,,,,,#545cf8,
2024-11-26,FX,,,,,2.0,,,,,0.0,,,,,4.0,,,,,#63b512,
2024-11-26,Commodity,,,,,2.0,,,,,0.0,,,,,3.0,,,,,#904ea6,
2024-11-25,Total,,51.0,,,,,0.0,,,,,1.0,,,,,#545cf8,,,,
2024-11-25,Drift,,,45.0,,,,,0.0,,,,,,,,,,,,,
2024-11-25,Flash Trade,,,14.0,,,,,0.0,,,,,4.0,,,,,#63b512,,,
2024-11-25,Jupiter,,,3.0,,,,,0.0,,,,,6.0,,,,,#00bfa5,,,
2024-11-25,_Drift,Drift,,,45.0,,,,,0.0,,,,,,,,,,,,
2024-11-25,_Flash Trade,Flash Trade,,,14.0,,,,,0.0,,,,,4.0,,,,,#63b512,,
2024-11-25,_Jupiter,Jupiter,,,3.0,,,,,0.0,,,,,6.0,,,,,#00bfa5,,
2024-11-25,Crypto,,,,,47.0,,,,,0.0,,,,,1.0,,,,,#545cf8,
2024-11-25,Commodity,,,,,2.0,,,,,0.0,,,,,3.0,,,,,#904ea6,
2024-11-25,FX,,,,,2.0,,,,,0.0,,,,,4.0,,,,,#63b512,
2024-11-24,Total,,51.0,,,,,0.0,,,,,1.0,,,,,#545cf8,,,,
2024-11-24,Drift,,,45.0,,,,,0.0,,,,,,,,,,,,,
2024-11-24,Flash Trade,,,14.0,,,,,0.0,,,,,4.0,,,,,#63b512,,,
2024-11-24,Jupiter,,,3.0,,,,,0.0,,,,,6.0,,,,,#00bfa5,,,
2024-11-24,_Drift,Drift,,,45.0,,,,,0.0,,,,,,,,,,,,
2024-11-24,_Flash Trade,Flash Trade,,,14.0,,,,,0.0,,,,,4.0,,,,,#63b512,,
2024-11-24,_Jupiter,Jupiter,,,3.0,,,,,0.0,,,,,6.0,,,,,#00bfa5,,
2024-11-24,Crypto,,,,,47.0,,,,,0.0,,,,,1.0,,,,,#545cf8,
2024-11-24,FX,,,,,2.0,,,,,0.0,,,,,4.0,,,,,#63b512,
2024-11-24,Commodity,,,,,2.0,,,,,0.0,,,,,3.0,,,,,#904ea6,
2024-11-23,Total,,51.0,,,,,0.0,,,,,1.0,,,,,#545cf8,,,,
2024-11-23,Drift,,,45.0,,,,,0.0,,,,,,,,,,,,,
2024-11-23,Flash Trade,,,14.0,,,,,0.0,,,,,4.0,,,,,#63b512,,,
2024-11-23,Jupiter,,,3.0,,,,,0.0,,,,,6.0,,,,,#00bfa5,,,
2024-11-23,_Drift,Drift,,,45.0,,,,,0.0,,,,,,,,,,,,
2024-11-23,_Flash Trade,Flash Trade,,,14.0,,,,,0.0,,,,,4.0,,,,,#63b512,,
2024-11-23,_Jupiter,Jupiter,,,3.0,,,,,0.0,,,,,6.0,,,,,#00bfa5,,
2024-11-23,Crypto,,,,,47.0,,,,,0.0,,,,,1.0,,,,,#545cf8,
2024-11-23,Commodity,,,,,2.0,,,,,0.0,,,,,3.0,,,,,#904ea6,
2024-11-23,FX,,,,,2.0,,,,,0.0,,,,,4.0,,,,,#63b512,
2024-11-22,Total,,51.0,,,,,0.0,,,,,1.0,,,,,#545cf8,,,,
2024-11-22,Drift,,,45.0,,,,,0.0,,,,,,,,,,,,,
2024-11-22,Flash Trade,,,14.0,,,,,0.0,,,,,4.0,,,,,#63b512,,,
2024-11-22,Jupiter,,,3.0,,,,,0.0,,,,,6.0,,,,,#00bfa5,,,
2024-11-22,_Drift,Drift,,,45.0,,,,,0.0,,,,,,,,,,,,
2024-11-22,_Flash Trade,Flash Trade,,,14.0,,,,,0.0,,,,,4.0,,,,,#63b512,,
2024-11-22,_Jupiter,Jupiter,,,3.0,,,,,0.0,,,,,6.0,,,,,#00bfa5,,
2024-11-22,Crypto,,,,,47.0,,,,,0.0,,,,,1.0,,,,,#545cf8,
2024-11-22,FX,,,,,2.0,,,,,0.0,,,,,4.0,,,,,#63b512,
2024-11-22,Commodity,,,,,2.0,,,,,0.0,,,,,3.0,,,,,#904ea6,
2024-11-21,Total,,51.0,,,,,0.0,,,,,1.0,,,,,#545cf8,,,,
2024-11-21,Drift,,,45.0,,,,,0.0,,,,,,,,,,,,,
2024-11-21,Flash Trade,,,14.0,,,,,0.0,,,,,4.0,,,,,#63b512,,,
2024-11-21,Jupiter,,,3.0,,,,,0.0,,,,,6.0,,,,,#00bfa5,,,
2024-11-21,_Drift,Drift,,,45.0,,,,,0.0,,,,,,,,,,,,
2024-11-21,_Flash Trade,Flash Trade,,,14.0,,,,,0.0,,,,,4.0,,,,,#63b512,,
2024-11-21,_Jupiter,Jupiter,,,3.0,,,,,0.0,,,,,6.0,,,,,#00bfa5,,
2024-11-21,Crypto,,,,,47.0,,,,,0.0,,,,,1.0,,,,,#545cf8,
2024-11-21,Commodity,,,,,2.0,,,,,0.0,,,,,3.0,,,,,#904ea6,
2024-11-21,FX,,,,,2.0,,,,,0.0,,,,,4.0,,,,,#63b512,
2024-11-20,Total,,51.0,,,,,0.0,,,,,1.0,,,,,#545cf8,,,,
2024-11-20,Drift,,,45.0,,,,,0.0,,,,,,,,,,,,,
2024-11-20,Flash Trade,,,14.0,,,,,0.0,,,,,4.0,,,,,#63b512,,,
2024-11-20,Jupiter,,,3.0,,,,,0.0,,,,,6.0,,,,,#00bfa5,,,
2024-11-20,_Drift,Drift,,,45.0,,,,,0.0,,,,,,,,,,,,
2024-11-20,_Flash Trade,Flash Trade,,,14.0,,,,,0.0,,,,,4.0,,,,,#63b512,,
2024-11-20,_Jupiter,Jupiter,,,3.0,,,,,0.0,,,,,6.0,,,,,#00bfa5,,
2024-11-20,Crypto,,,,,47.0,,,,,0.0,,,,,1.0,,,,,#545cf8,
2024-11-20,Commodity,,,,,2.0,,,,,0.0,,,,,3.0,,,,,#904ea6,
2024-11-20,FX,,,,,2.0,,,,,0.0,,,,,4.0,,,,,#63b512,
2024-11-19,Total,,51.0,,,,,0.0,,,,,1.0,,,,,#545cf8,,,,
2024-11-19,Drift,,,45.0,,,,,0.0,,,,,,,,,,,,,
2024-11-19,Flash Trade,,,14.0,,,,,0.0,,,,,4.0,,,,,#63b512,,,
2024-11-19,Jupiter,,,3.0,,,,,0.0,,,,,6.0,,,,,#00bfa5,,,
2024-11-19,_Drift,Drift,,,45.0,,,,,0.0,,,,,,,,,,,,
2024-11-19,_Flash Trade,Flash Trade,,,14.0,,,,,0.0,,,,,4.0,,,,,#63b512,,
2024-11-19,_Jupiter,Jupiter,,,3.0,,,,,0.0,,,,,6.0,,,,,#00bfa5,,
2024-11-19,Crypto,,,,,47.0,,,,,0.0,,,,,1.0,,,,,#545cf8,
2024-11-19,FX,,,,,2.0,,,,,0.0,,,,,4.0,,,,,#63b512,
2024-11-19,Commodity,,,,,2.0,,,,,0.0,,,,,3.0,,,,,#904ea6,
2024-11-18,Total,,51.0,,,,,0.0,,,,,1.0,,,,,#545cf8,,,,
2024-11-18,Drift,,,45.0,,,,,0.0,,,,,,,,,,,,,
2024-11-18,Flash Trade,,,14.0,,,,,0.0,,,,,4.0,,,,,#63b512,,,
2024-11-18,Jupiter,,,3.0,,,,,0.0,,,,,6.0,,,,,#00bfa5,,,
2024-11-18,_Drift,Drift,,,45.0,,,,,0.0,,,,,,,,,,,,
2024-11-18,_Flash Trade,Flash Trade,,,14.0,,,,,0.0,,,,,4.0,,,,,#63b512,,
2024-11-18,_Jupiter,Jupiter,,,3.0,,,,,0.0,,,,,6.0,,,,,#00bfa5,,
2024-11-18,Crypto,,,,,47.0,,,,,0.0,,,,,1.0,,,,,#545cf8,
2024-11-18,FX,,,,,2.0,,,,,0.0,,,,,4.0,,,,,#63b512,
2024-11-18,Commodity,,,,,2.0,,,,,0.0,,,,,3.0,,,,,#904ea6,
2024-11-17,Total,,51.0,,,,,0.0,,,,,1.0,,,,,#545cf8,,,,
2024-11-17,Drift,,,45.0,,,,,0.0,,,,,,,,,,,,,
2024-11-17,Flash Trade,,,14.0,,,,,0.0,,,,,4.0,,,,,#63b512,,,
2024-11-17,Jupiter,,,3.0,,,,,0.0,,,,,6.0,,,,,#00bfa5,,,
2024-11-17,_Drift,Drift,,,45.0,,,,,0.0,,,,,,,,,,,,
2024-11-17,_Flash Trade,Flash Trade,,,14.0,,,,,0.0,,,,,4.0,,,,,#63b512,,
2024-11-17,_Jupiter,Jupiter,,,3.0,,,,,0.0,,,,,6.0,,,,,#00bfa5,,
2024-11-17,Crypto,,,,,47.0,,,,,0.0,,,,,1.0,,,,,#545cf8,
2024-11-17,Commodity,,,,,2.0,,,,,0.0,,,,,3.0,,,,,#904ea6,
2024-11-17,FX,,,,,2.0,,,,,0.0,,,,,4.0,,,,,#63b512,
2024-11-16,Total,,51.0,,,,,0.0,,,,,1.0,,,,,#545cf8,,,,
2024-11-16,Drift,,,45.0,,,,,0.0,,,,,,,,,,,,,
2024-11-16,Flash Trade,,,14.0,,,,,0.0,,,,,4.0,,,,,#63b512,,,
2024-11-16,Jupiter,,,3.0,,,,,0.0,,,,,6.0,,,,,#00bfa5,,,
2024-11-16,_Drift,Drift,,,45.0,,,,,0.0,,,,,,,,,,,,
2024-11-16,_Flash Trade,Flash Trade,,,14.0,,,,,0.0,,,,,4.0,,,,,#63b512,,
2024-11-16,_Jupiter,Jupiter,,,3.0,,,,,0.0,,,,,6.0,,,,,#00bfa5,,
2024-11-16,Crypto,,,,,47.0,,,,,0.0,,,,,1.0,,,,,#545cf8,
2024-11-16,Commodity,,,,,2.0,,,,,0.0,,,,,3.0,,,,,#904ea6,
2024-11-16,FX,,,,,2.0,,,,,0.0,,,,,4.0,,,,,#63b512,
2024-11-15,Total,,51.0,,,,,2.0,,,,,1.0,,,,,#545cf8,,,,
2024-11-15,Drift,,,45.0,,,,,2.0,,,,,,,,,,,,,
2024-11-15,Flash Trade,,,14.0,,,,,0.0,,,,,4.0,,,,,#63b512,,,
2024-11-15,Jupiter,,,3.0,,,,,0.0,,,,,6.0,,,,,#00bfa5,,,
2024-11-15,_Drift,Drift,,,45.0,,,,,2.0,,,,,,,,,,,,
2024-11-15,_Flash Trade,Flash Trade,,,14.0,,,,,0.0,,,,,4.0,,,,,#63b512,,
2024-11-15,_Jupiter,Jupiter,,,3.0,,,,,0.0,,,,,6.0,,,,,#00bfa5,,
2024-11-15,Crypto,,,,,47.0,,,,,2.0,,,,,1.0,,,,,#545cf8,
2024-11-15,FX,,,,,2.0,,,,,0.0,,,,,4.0,,,,,#63b512,
2024-11-15,Commodity,,,,,2.0,,,,,0.0,,,,,3.0,,,,,#904ea6,
2024-11-14,Total,,49.0,,,,,0.0,,,,,1.0,,,,,#545cf8,,,,
2024-11-14,Drift,,,43.0,,,,,0.0,,,,,,,,,,,,,
2024-11-14,Flash Trade,,,14.0,,,,,0.0,,,,,4.0,,,,,#63b512,,,
2024-11-14,Jupiter,,,3.0,,,,,0.0,,,,,6.0,,,,,#00bfa5,,,
2024-11-14,_Drift,Drift,,,43.0,,,,,0.0,,,,,,,,,,,,
2024-11-14,_Flash Trade,Flash Trade,,,14.0,,,,,0.0,,,,,4.0,,,,,#63b512,,
2024-11-14,_Jupiter,Jupiter,,,3.0,,,,,0.0,,,,,6.0,,,,,#00bfa5,,
2024-11-14,Crypto,,,,,45.0,,,,,0.0,,,,,1.0,,,,,#545cf8,
2024-11-14,FX,,,,,2.0,,,,,0.0,,,,,4.0,,,,,#63b512,
2024-11-14,Commodity,,,,,2.0,,,,,0.0,,,,,3.0,,,,,#904ea6,
2024-11-13,Total,,49.0,,,,,1.0,,,,,1.0,,,,,#545cf8,,,,
2024-11-13,Drift,,,43.0,,,,,1.0,,,,,,,,,,,,,
2024-11-13,Flash Trade,,,14.0,,,,,0.0,,,,,4.0,,,,,#63b512,,,
2024-11-13,Jupiter,,,3.0,,,,,0.0,,,,,6.0,,,,,#00bfa5,,,
2024-11-13,_Drift,Drift,,,43.0,,,,,1.0,,,,,,,,,,,,
2024-11-13,_Flash Trade,Flash Trade,,,14.0,,,,,0.0,,,,,4.0,,,,,#63b512,,
2024-11-13,_Jupiter,Jupiter,,,3.0,,,,,0.0,,,,,6.0,,,,,#00bfa5,,
2024-11-13,Crypto,,,,,45.0,,,,,1.0,,,,,1.0,,,,,#545cf8,
2024-11-13,Commodity,,,,,2.0,,,,,0.0,,,,,3.0,,,,,#904ea6,
2024-11-13,FX,,,,,2.0,,,,,0.0,,,,,4.0,,,,,#63b512,
2024-11-12,Total,,48.0,,,,,0.0,,,,,1.0,,,,,#545cf8,,,,
2024-11-12,Drift,,,42.0,,,,,0.0,,,,,,,,,,,,,
2024-11-12,Flash Trade,,,14.0,,,,,0.0,,,,,4.0,,,,,#63b512,,,
2024-11-12,Jupiter,,,3.0,,,,,0.0,,,,,6.0,,,,,#00bfa5,,,
2024-11-12,_Drift,Drift,,,42.0,,,,,0.0,,,,,,,,,,,,
2024-11-12,_Flash Trade,Flash Trade,,,14.0,,,,,0.0,,,,,4.0,,,,,#63b512,,
2024-11-12,_Jupiter,Jupiter,,,3.0,,,,,0.0,,,,,6.0,,,,,#00bfa5,,
2024-11-12,Crypto,,,,,44.0,,,,,0.0,,,,,1.0,,,,,#545cf8,
2024-11-12,Commodity,,,,,2.0,,,,,0.0,,,,,3.0,,,,,#904ea6,
2024-11-12,FX,,,,,2.0,,,,,0.0,,,,,4.0,,,,,#63b512,
2024-11-11,Total,,48.0,,,,,0.0,,,,,1.0,,,,,#545cf8,,,,
2024-11-11,Drift,,,42.0,,,,,0.0,,,,,,,,,,,,,
2024-11-11,Flash Trade,,,14.0,,,,,0.0,,,,,4.0,,,,,#63b512,,,
2024-11-11,Jupiter,,,3.0,,,,,0.0,,,,,6.0,,,,,#00bfa5,,,
2024-11-11,_Drift,Drift,,,42.0,,,,,0.0,,,,,,,,,,,,
2024-11-11,_Flash Trade,Flash Trade,,,14.0,,,,,0.0,,,,,4.0,,,,,#63b512,,
2024-11-11,_Jupiter,Jupiter,,,3.0,,,,,0.0,,,,,6.0,,,,,#00bfa5,,
2024-11-11,Crypto,,,,,44.0,,,,,0.0,,,,,1.0,,,,,#545cf8,
2024-11-11,FX,,,,,2.0,,,,,0.0,,,,,4.0,,,,,#63b512,
2024-11-11,Commodity,,,,,2.0,,,,,0.0,,,,,3.0,,,,,#904ea6,
2024-11-10,Total,,48.0,,,,,0.0,,,,,1.0,,,,,#545cf8,,,,
2024-11-10,Drift,,,42.0,,,,,0.0,,,,,,,,,,,,,
2024-11-10,Flash Trade,,,14.0,,,,,0.0,,,,,4.0,,,,,#63b512,,,
2024-11-10,Jupiter,,,3.0,,,,,0.0,,,,,6.0,,,,,#00bfa5,,,
2024-11-10,_Drift,Drift,,,42.0,,,,,0.0,,,,,,,,,,,,
2024-11-10,_Flash Trade,Flash Trade,,,14.0,,,,,0.0,,,,,4.0,,,,,#63b512,,
2024-11-10,_Jupiter,Jupiter,,,3.0,,,,,0.0,,,,,6.0,,,,,#00bfa5,,
2024-11-10,Crypto,,,,,44.0,,,,,0.0,,,,,1.0,,,,,#545cf8,
2024-11-10,Commodity,,,,,2.0,,,,,0.0,,,,,3.0,,,,,#904ea6,
2024-11-10,FX,,,,,2.0,,,,,0.0,,,,,4.0,,,,,#63b512,
2024-11-09,Total,,48.0,,,,,0.0,,,,,1.0,,,,,#545cf8,,,,
2024-11-09,Drift,,,42.0,,,,,0.0,,,,,,,,,,,,,
2024-11-09,Flash Trade,,,14.0,,,,,0.0,,,,,4.0,,,,,#63b512,,,
2024-11-09,Jupiter,,,3.0,,,,,0.0,,,,,6.0,,,,,#00bfa5,,,
2024-11-09,_Drift,Drift,,,42.0,,,,,0.0,,,,,,,,,,,,
2024-11-09,_Flash Trade,Flash Trade,,,14.0,,,,,0.0,,,,,4.0,,,,,#63b512,,
2024-11-09,_Jupiter,Jupiter,,,3.0,,,,,0.0,,,,,6.0,,,,,#00bfa5,,
2024-11-09,Crypto,,,,,44.0,,,,,0.0,,,,,1.0,,,,,#545cf8,
2024-11-09,FX,,,,,2.0,,,,,0.0,,,,,4.0,,,,,#63b512,
2024-11-09,Commodity,,,,,2.0,,,,,0.0,,,,,3.0,,,,,#904ea6,
2024-11-08,Total,,48.0,,,,,0.0,,,,,1.0,,,,,#545cf8,,,,
2024-11-08,Drift,,,42.0,,,,,0.0,,,,,,,,,,,,,
2024-11-08,Flash Trade,,,14.0,,,,,0.0,,,,,4.0,,,,,#63b512,,,
2024-11-08,Jupiter,,,3.0,,,,,0.0,,,,,6.0,,,,,#00bfa5,,,
2024-11-08,_Drift,Drift,,,42.0,,,,,0.0,,,,,,,,,,,,
2024-11-08,_Flash Trade,Flash Trade,,,14.0,,,,,0.0,,,,,4.0,,,,,#63b512,,
2024-11-08,_Jupiter,Jupiter,,,3.0,,,,,0.0,,,,,6.0,,,,,#00bfa5,,
2024-11-08,Crypto,,,,,44.0,,,,,0.0,,,,,1.0,,,,,#545cf8,
2024-11-08,FX,,,,,2.0,,,,,0.0,,,,,4.0,,,,,#63b512,
2024-11-08,Commodity,,,,,2.0,,,,,0.0,,,,,3.0,,,,,#904ea6,
2024-11-07,Total,,48.0,,,,,0.0,,,,,1.0,,,,,#545cf8,,,,
2024-11-07,Drift,,,42.0,,,,,0.0,,,,,,,,,,,,,
2024-11-07,Flash Trade,,,14.0,,,,,0.0,,,,,4.0,,,,,#63b512,,,
2024-11-07,Jupiter,,,3.0,,,,,0.0,,,,,6.0,,,,,#00bfa5,,,
2024-11-07,_Drift,Drift,,,42.0,,,,,0.0,,,,,,,,,,,,
2024-11-07,_Flash Trade,Flash Trade,,,14.0,,,,,0.0,,,,,4.0,,,,,#63b512,,
2024-11-07,_Jupiter,Jupiter,,,3.0,,,,,0.0,,,,,6.0,,,,,#00bfa5,,
2024-11-07,Crypto,,,,,44.0,,,,,0.0,,,,,1.0,,,,,#545cf8,
2024-11-07,FX,,,,,2.0,,,,,0.0,,,,,4.0,,,,,#63b512,
2024-11-07,Commodity,,,,,2.0,,,,,0.0,,,,,3.0,,,,,#904ea6,
2024-11-06,Total,,48.0,,,,,0.0,,,,,1.0,,,,,#545cf8,,,,
2024-11-06,Drift,,,42.0,,,,,0.0,,,,,,,,,,,,,
2024-11-06,Flash Trade,,,14.0,,,,,0.0,,,,,4.0,,,,,#63b512,,,
2024-11-06,Jupiter,,,3.0,,,,,0.0,,,,,6.0,,,,,#00bfa5,,,
2024-11-06,_Drift,Drift,,,42.0,,,,,0.0,,,,,,,,,,,,
2024-11-06,_Flash Trade,Flash Trade,,,14.0,,,,,0.0,,,,,4.0,,,,,#63b512,,
2024-11-06,_Jupiter,Jupiter,,,3.0,,,,,0.0,,,,,6.0,,,,,#00bfa5,,
2024-11-06,Crypto,,,,,44.0,,,,,0.0,,,,,1.0,,,,,#545cf8,
2024-11-06,Commodity,,,,,2.0,,,,,0.0,,,,,3.0,,,,,#904ea6,
2024-11-06,FX,,,,,2.0,,,,,0.0,,,,,4.0,,,,,#63b512,
2024-11-05,Total,,48.0,,,,,0.0,,,,,1.0,,,,,#545cf8,,,,
2024-11-05,Drift,,,42.0,,,,,0.0,,,,,,,,,,,,,
2024-11-05,Flash Trade,,,14.0,,,,,0.0,,,,,4.0,,,,,#63b512,,,
2024-11-05,Jupiter,,,3.0,,,,,0.0,,,,,6.0,,,,,#00bfa5,,,
2024-11-05,_Drift,Drift,,,42.0,,,,,0.0,,,,,,,,,,,,
2024-11-05,_Flash Trade,Flash Trade,,,14.0,,,,,0.0,,,,,4.0,,,,,#63b512,,
2024-11-05,_Jupiter,Jupiter,,,3.0,,,,,0.0,,,,,6.0,,,,,#00bfa5,,
2024-11-05,Crypto,,,,,44.0,,,,,0.0,,,,,1.0,,,,,#545cf8,
2024-11-05,Commodity,,,,,2.0,,,,,0.0,,,,,3.0,,,,,#904ea6,
2024-11-05,FX,,,,,2.0,,,,,0.0,,,,,4.0,,,,,#63b512,
2024-11-04,Total,,48.0,,,,,0.0,,,,,1.0,,,,,#545cf8,,,,
2024-11-04,Drift,,,42.0,,,,,0.0,,,,,,,,,,,,,
2024-11-04,Flash Trade,,,14.0,,,,,0.0,,,,,4.0,,,,,#63b512,,,
2024-11-04,Jupiter,,,3.0,,,,,0.0,,,,,6.0,,,,,#00bfa5,,,
2024-11-04,_Drift,Drift,,,42.0,,,,,0.0,,,,,,,,,,,,
2024-11-04,_Flash Trade,Flash Trade,,,14.0,,,,,0.0,,,,,4.0,,,,,#63b512,,
2024-11-04,_Jupiter,Jupiter,,,3.0,,,,,0.0,,,,,6.0,,,,,#00bfa5,,
2024-11-04,Crypto,,,,,44.0,,,,,0.0,,,,,1.0,,,,,#545cf8,
2024-11-04,Commodity,,,,,2.0,,,,,0.0,,,,,3.0,,,,,#904ea6,
2024-11-04,FX,,,,,2.0,,,,,0.0,,,,,4.0,,,,,#63b512,
2024-11-03,Total,,48.0,,,,,0.0,,,,,1.0,,,,,#545cf8,,,,
2024-11-03,Drift,,,42.0,,,,,0.0,,,,,,,,,,,,,
2024-11-03,Flash Trade,,,14.0,,,,,0.0,,,,,4.0,,,,,#63b512,,,
2024-11-03,Jupiter,,,3.0,,,,,0.0,,,,,6.0,,,,,#00bfa5,,,
2024-11-03,_Drift,Drift,,,42.0,,,,,0.0,,,,,,,,,,,,
2024-11-03,_Flash Trade,Flash Trade,,,14.0,,,,,0.0,,,,,4.0,,,,,#63b512,,
2024-11-03,_Jupiter,Jupiter,,,3.0,,,,,0.0,,,,,6.0,,,,,#00bfa5,,
2024-11-03,Crypto,,,,,44.0,,,,,0.0,,,,,1.0,,,,,#545cf8,
2024-11-03,FX,,,,,2.0,,,,,0.0,,,,,4.0,,,,,#63b512,
2024-11-03,Commodity,,,,,2.0,,,,,0.0,,,,,3.0,,,,,#904ea6,
2024-11-02,Total,,48.0,,,,,0.0,,,,,1.0,,,,,#545cf8,,,,
2024-11-02,Drift,,,42.0,,,,,0.0,,,,,,,,,,,,,
2024-11-02,Flash Trade,,,14.0,,,,,0.0,,,,,4.0,,,,,#63b512,,,
2024-11-02,Jupiter,,,3.0,,,,,0.0,,,,,6.0,,,,,#00bfa5,,,
2024-11-02,_Drift,Drift,,,42.0,,,,,0.0,,,,,,,,,,,,
2024-11-02,_Flash Trade,Flash Trade,,,14.0,,,,,0.0,,,,,4.0,,,,,#63b512,,
2024-11-02,_Jupiter,Jupiter,,,3.0,,,,,0.0,,,,,6.0,,,,,#00bfa5,,
2024-11-02,Crypto,,,,,44.0,,,,,0.0,,,,,1.0,,,,,#545cf8,
2024-11-02,Commodity,,,,,2.0,,,,,0.0,,,,,3.0,,,,,#904ea6,
2024-11-02,FX,,,,,2.0,,,,,0.0,,,,,4.0,,,,,#63b512,
2024-11-01,Total,,48.0,,,,,0.0,,,,,1.0,,,,,#545cf8,,,,
2024-11-01,Drift,,,42.0,,,,,0.0,,,,,,,,,,,,,
2024-11-01,Flash Trade,,,14.0,,,,,0.0,,,,,4.0,,,,,#63b512,,,
2024-11-01,Jupiter,,,3.0,,,,,0.0,,,,,6.0,,,,,#00bfa5,,,
2024-11-01,_Drift,Drift,,,42.0,,,,,0.0,,,,,,,,,,,,
2024-11-01,_Flash Trade,Flash Trade,,,14.0,,,,,0.0,,,,,4.0,,,,,#63b512,,
2024-11-01,_Jupiter,Jupiter,,,3.0,,,,,0.0,,,,,6.0,,,,,#00bfa5,,
2024-11-01,Crypto,,,,,44.0,,,,,0.0,,,,,1.0,,,,,#545cf8,
2024-11-01,Commodity,,,,,2.0,,,,,0.0,,,,,3.0,,,,,#904ea6,
2024-11-01,FX,,,,,2.0,,,,,0.0,,,,,4.0,,,,,#63b512,
2024-10-31,Total,,48.0,,,,,1.0,,,,,1.0,,,,,#545cf8,,,,
2024-10-31,Drift,,,42.0,,,,,1.0,,,,,,,,,,,,,
2024-10-31,Flash Trade,,,14.0,,,,,0.0,,,,,4.0,,,,,#63b512,,,
2024-10-31,Jupiter,,,3.0,,,,,0.0,,,,,6.0,,,,,#00bfa5,,,
2024-10-31,_Drift,Drift,,,42.0,,,,,1.0,,,,,,,,,,,,
2024-10-31,_Flash Trade,Flash Trade,,,14.0,,,,,0.0,,,,,4.0,,,,,#63b512,,
2024-10-31,_Jupiter,Jupiter,,,3.0,,,,,0.0,,,,,6.0,,,,,#00bfa5,,
2024-10-31,Crypto,,,,,44.0,,,,,1.0,,,,,1.0,,,,,#545cf8,
2024-10-31,FX,,,,,2.0,,,,,0.0,,,,,4.0,,,,,#63b512,
2024-10-31,Commodity,,,,,2.0,,,,,0.0,,,,,3.0,,,,,#904ea6,
2024-10-30,Total,,47.0,,,,,0.0,,,,,1.0,,,,,#545cf8,,,,
2024-10-30,Drift,,,41.0,,,,,0.0,,,,,,,,,,,,,
2024-10-30,Flash Trade,,,14.0,,,,,0.0,,,,,4.0,,,,,#63b512,,,
2024-10-30,Jupiter,,,3.0,,,,,0.0,,,,,6.0,,,,,#00bfa5,,,
2024-10-30,_Drift,Drift,,,41.0,,,,,0.0,,,,,,,,,,,,
2024-10-30,_Flash Trade,Flash Trade,,,14.0,,,,,0.0,,,,,4.0,,,,,#63b512,,
2024-10-30,_Jupiter,Jupiter,,,3.0,,,,,0.0,,,,,6.0,,,,,#00bfa5,,
2024-10-30,Crypto,,,,,43.0,,,,,0.0,,,,,1.0,,,,,#545cf8,
2024-10-30,FX,,,,,2.0,,,,,0.0,,,,,4.0,,,,,#63b512,
2024-10-30,Commodity,,,,,2.0,,,,,0.0,,,,,3.0,,,,,#904ea6,
2024-10-29,Total,,47.0,,,,,0.0,,,,,1.0,,,,,#545cf8,,,,
2024-10-29,Drift,,,41.0,,,,,0.0,,,,,,,,,,,,,
2024-10-29,Flash Trade,,,14.0,,,,,0.0,,,,,4.0,,,,,#63b512,,,
2024-10-29,Jupiter,,,3.0,,,,,0.0,,,,,6.0,,,,,#00bfa5,,,
2024-10-29,_Drift,Drift,,,41.0,,,,,0.0,,,,,,,,,,,,
2024-10-29,_Flash Trade,Flash Trade,,,14.0,,,,,0.0,,,,,4.0,,,,,#63b512,,
2024-10-29,_Jupiter,Jupiter,,,3.0,,,,,0.0,,,,,6.0,,,,,#00bfa5,,
2024-10-29,Crypto,,,,,43.0,,,,,0.0,,,,,1.0,,,,,#545cf8,
2024-10-29,FX,,,,,2.0,,,,,0.0,,,,,4.0,,,,,#63b512,
2024-10-29,Commodity,,,,,2.0,,,,,0.0,,,,,3.0,,,,,#904ea6,
2024-10-28,Total,,47.0,,,,,0.0,,,,,1.0,,,,,#545cf8,,,,
2024-10-28,Drift,,,41.0,,,,,0.0,,,,,,,,,,,,,
2024-10-28,Flash Trade,,,14.0,,,,,0.0,,,,,4.0,,,,,#63b512,,,
2024-10-28,Jupiter,,,3.0,,,,,0.0,,,,,6.0,,,,,#00bfa5,,,
2024-10-28,_Drift,Drift,,,41.0,,,,,0.0,,,,,,,,,,,,
2024-10-28,_Flash Trade,Flash Trade,,,14.0,,,,,0.0,,,,,4.0,,,,,#63b512,,
2024-10-28,_Jupiter,Jupiter,,,3.0,,,,,0.0,,,,,6.0,,,,,#00bfa5,,
2024-10-28,Crypto,,,,,43.0,,,,,0.0,,,,,1.0,,,,,#545cf8,
2024-10-28,Commodity,,,,,2.0,,,,,0.0,,,,,3.0,,,,,#904ea6,
2024-10-28,FX,,,,,2.0,,,,,0.0,,,,,4.0,,,,,#63b512,
2024-10-27,Total,,47.0,,,,,0.0,,,,,1.0,,,,,#545cf8,,,,
2024-10-27,Drift,,,41.0,,,,,0.0,,,,,,,,,,,,,
2024-10-27,Flash Trade,,,14.0,,,,,0.0,,,,,4.0,,,,,#63b512,,,
2024-10-27,Jupiter,,,3.0,,,,,0.0,,,,,6.0,,,,,#00bfa5,,,
2024-10-27,_Drift,Drift,,,41.0,,,,,0.0,,,,,,,,,,,,
2024-10-27,_Flash Trade,Flash Trade,,,14.0,,,,,0.0,,,,,4.0,,,,,#63b512,,
2024-10-27,_Jupiter,Jupiter,,,3.0,,,,,0.0,,,,,6.0,,,,,#00bfa5,,
2024-10-27,Crypto,,,,,43.0,,,,,0.0,,,,,1.0,,,,,#545cf8,
2024-10-27,Commodity,,,,,2.0,,,,,0.0,,,,,3.0,,,,,#904ea6,
2024-10-27,FX,,,,,2.0,,,,,0.0,,,,,4.0,,,,,#63b512,
2024-10-26,Total,,47.0,,,,,0.0,,,,,1.0,,,,,#545cf8,,,,
2024-10-26,Drift,,,41.0,,,,,0.0,,,,,,,,,,,,,
2024-10-26,Flash Trade,,,14.0,,,,,0.0,,,,,4.0,,,,,#63b512,,,
2024-10-26,Jupiter,,,3.0,,,,,0.0,,,,,6.0,,,,,#00bfa5,,,
2024-10-26,_Drift,Drift,,,41.0,,,,,0.0,,,,,,,,,,,,
2024-10-26,_Flash Trade,Flash Trade,,,14.0,,,,,0.0,,,,,4.0,,,,,#63b512,,
2024-10-26,_Jupiter,Jupiter,,,3.0,,,,,0.0,,,,,6.0,,,,,#00bfa5,,
2024-10-26,Crypto,,,,,43.0,,,,,0.0,,,,,1.0,,,,,#545cf8,
2024-10-26,Commodity,,,,,2.0,,,,,0.0,,,,,3.0,,,,,#904ea6,
2024-10-26,FX,,,,,2.0,,,,,0.0,,,,,4.0,,,,,#63b512,
2024-10-25,Total,,47.0,,,,,0.0,,,,,1.0,,,,,#545cf8,,,,
2024-10-25,Drift,,,41.0,,,,,0.0,,,,,,,,,,,,,
2024-10-25,Flash Trade,,,14.0,,,,,0.0,,,,,4.0,,,,,#63b512,,,
2024-10-25,Jupiter,,,3.0,,,,,0.0,,,,,6.0,,,,,#00bfa5,,,
2024-10-25,_Drift,Drift,,,41.0,,,,,0.0,,,,,,,,,,,,
2024-10-25,_Flash Trade,Flash Trade,,,14.0,,,,,0.0,,,,,4.0,,,,,#63b512,,
2024-10-25,_Jupiter,Jupiter,,,3.0,,,,,0.0,,,,,6.0,,,,,#00bfa5,,
2024-10-25,Crypto,,,,,43.0,,,,,0.0,,,,,1.0,,,,,#545cf8,
2024-10-25,Commodity,,,,,2.0,,,,,0.0,,,,,3.0,,,,,#904ea6,
2024-10-25,FX,,,,,2.0,,,,,0.0,,,,,4.0,,,,,#63b512,
2024-10-24,Total,,47.0,,,,,0.0,,,,,1.0,,,,,#545cf8,,,,
2024-10-24,Drift,,,41.0,,,,,0.0,,,,,,,,,,,,,
2024-10-24,Flash Trade,,,14.0,,,,,0.0,,,,,4.0,,,,,#63b512,,,
2024-10-24,Jupiter,,,3.0,,,,,0.0,,,,,6.0,,,,,#00bfa5,,,
2024-10-24,_Drift,Drift,,,41.0,,,,,0.0,,,,,,,,,,,,
2024-10-24,_Flash Trade,Flash Trade,,,14.0,,,,,0.0,,,,,4.0,,,,,#63b512,,
2024-10-24,_Jupiter,Jupiter,,,3.0,,,,,0.0,,,,,6.0,,,,,#00bfa5,,
2024-10-24,Crypto,,,,,43.0,,,,,0.0,,,,,1.0,,,,,#545cf8,
2024-10-24,Commodity,,,,,2.0,,,,,0.0,,,,,3.0,,,,,#904ea6,
2024-10-24,FX,,,,,2.0,,,,,0.0,,,,,4.0,,,,,#63b512,
2024-10-23,Total,,47.0,,,,,1.0,,,,,1.0,,,,,#545cf8,,,,
2024-10-23,Drift,,,41.0,,,,,1.0,,,,,,,,,,,,,
2024-10-23,Flash Trade,,,14.0,,,,,0.0,,,,,4.0,,,,,#63b512,,,
2024-10-23,Jupiter,,,3.0,,,,,0.0,,,,,6.0,,,,,#00bfa5,,,
2024-10-23,_Drift,Drift,,,41.0,,,,,1.0,,,,,,,,,,,,
2024-10-23,_Flash Trade,Flash Trade,,,14.0,,,,,0.0,,,,,4.0,,,,,#63b512,,
2024-10-23,_Jupiter,Jupiter,,,3.0,,,,,0.0,,,,,6.0,,,,,#00bfa5,,
2024-10-23,Crypto,,,,,43.0,,,,,1.0,,,,,1.0,,,,,#545cf8,
2024-10-23,FX,,,,,2.0,,,,,0.0,,,,,4.0,,,,,#63b512,
2024-10-23,Commodity,,,,,2.0,,,,,0.0,,,,,3.0,,,,,#904ea6,
2024-10-22,Total,,46.0,,,,,0.0,,,,,1.0,,,,,#545cf8,,,,
2024-10-22,Drift,,,40.0,,,,,0.0,,,,,,,,,,,,,
2024-10-22,Flash Trade,,,14.0,,,,,0.0,,,,,4.0,,,,,#63b512,,,
2024-10-22,Jupiter,,,3.0,,,,,0.0,,,,,6.0,,,,,#00bfa5,,,
2024-10-22,_Drift,Drift,,,40.0,,,,,0.0,,,,,,,,,,,,
2024-10-22,_Flash Trade,Flash Trade,,,14.0,,,,,0.0,,,,,4.0,,,,,#63b512,,
2024-10-22,_Jupiter,Jupiter,,,3.0,,,,,0.0,,,,,6.0,,,,,#00bfa5,,
2024-10-22,Crypto,,,,,42.0,,,,,0.0,,,,,1.0,,,,,#545cf8,
2024-10-22,FX,,,,,2.0,,,,,0.0,,,,,4.0,,,,,#63b512,
2024-10-22,Commodity,,,,,2.0,,,,,0.0,,,,,3.0,,,,,#904ea6,
2024-10-21,Total,,46.0,,,,,0.0,,,,,1.0,,,,,#545cf8,,,,
2024-10-21,Drift,,,40.0,,,,,0.0,,,,,,,,,,,,,
2024-10-21,Flash Trade,,,14.0,,,,,0.0,,,,,4.0,,,,,#63b512,,,
2024-10-21,Jupiter,,,3.0,,,,,0.0,,,,,6.0,,,,,#00bfa5,,,
2024-10-21,_Drift,Drift,,,40.0,,,,,0.0,,,,,,,,,,,,
2024-10-21,_Flash Trade,Flash Trade,,,14.0,,,,,0.0,,,,,4.0,,,,,#63b512,,
2024-10-21,_Jupiter,Jupiter,,,3.0,,,,,0.0,,,,,6.0,,,,,#00bfa5,,
2024-10-21,Crypto,,,,,42.0,,,,,0.0,,,,,1.0,,,,,#545cf8,
2024-10-21,Commodity,,,,,2.0,,,,,0.0,,,,,3.0,,,,,#904ea6,
2024-10-21,FX,,,,,2.0,,,,,0.0,,,,,4.0,,,,,#63b512,
2024-10-20,Total,,46.0,,,,,0.0,,,,,1.0,,,,,#545cf8,,,,
2024-10-20,Drift,,,40.0,,,,,0.0,,,,,,,,,,,,,
2024-10-20,Flash Trade,,,14.0,,,,,0.0,,,,,4.0,,,,,#63b512,,,
2024-10-20,Jupiter,,,3.0,,,,,0.0,,,,,6.0,,,,,#00bfa5,,,
2024-10-20,_Drift,Drift,,,40.0,,,,,0.0,,,,,,,,,,,,
2024-10-20,_Flash Trade,Flash Trade,,,14.0,,,,,0.0,,,,,4.0,,,,,#63b512,,
2024-10-20,_Jupiter,Jupiter,,,3.0,,,,,0.0,,,,,6.0,,,,,#00bfa5,,
2024-10-20,Crypto,,,,,42.0,,,,,0.0,,,,,1.0,,,,,#545cf8,
2024-10-20,Commodity,,,,,2.0,,,,,0.0,,,,,3.0,,,,,#904ea6,
2024-10-20,FX,,,,,2.0,,,,,0.0,,,,,4.0,,,,,#63b512,
2024-10-19,Total,,46.0,,,,,0.0,,,,,1.0,,,,,#545cf8,,,,
2024-10-19,Drift,,,40.0,,,,,0.0,,,,,,,,,,,,,
2024-10-19,Flash Trade,,,14.0,,,,,0.0,,,,,4.0,,,,,#63b512,,,
2024-10-19,Jupiter,,,3.0,,,,,0.0,,,,,6.0,,,,,#00bfa5,,,
2024-10-19,_Drift,Drift,,,40.0,,,,,0.0,,,,,,,,,,,,
2024-10-19,_Flash Trade,Flash Trade,,,14.0,,,,,0.0,,,,,4.0,,,,,#63b512,,
2024-10-19,_Jupiter,Jupiter,,,3.0,,,,,0.0,,,,,6.0,,,,,#00bfa5,,
2024-10-19,Crypto,,,,,42.0,,,,,0.0,,,,,1.0,,,,,#545cf8,
2024-10-19,FX,,,,,2.0,,,,,0.0,,,,,4.0,,,,,#63b512,
2024-10-19,Commodity,,,,,2.0,,,,,0.0,,,,,3.0,,,,,#904ea6,
2024-10-18,Total,,46.0,,,,,0.0,,,,,1.0,,,,,#545cf8,,,,
2024-10-18,Drift,,,40.0,,,,,0.0,,,,,,,,,,,,,
2024-10-18,Flash Trade,,,14.0,,,,,0.0,,,,,4.0,,,,,#63b512,,,
2024-10-18,Jupiter,,,3.0,,,,,0.0,,,,,6.0,,,,,#00bfa5,,,
2024-10-18,_Drift,Drift,,,40.0,,,,,0.0,,,,,,,,,,,,
2024-10-18,_Flash Trade,Flash Trade,,,14.0,,,,,0.0,,,,,4.0,,,,,#63b512,,
2024-10-18,_Jupiter,Jupiter,,,3.0,,,,,0.0,,,,,6.0,,,,,#00bfa5,,
2024-10-18,Crypto,,,,,42.0,,,,,0.0,,,,,1.0,,,,,#545cf8,
2024-10-18,Commodity,,,,,2.0,,,,,0.0,,,,,3.0,,,,,#904ea6,
2024-10-18,FX,,,,,2.0,,,,,0.0,,,,,4.0,,,,,#63b512,
2024-10-17,Total,,46.0,,,,,0.0,,,,,1.0,,,,,#545cf8,,,,
2024-10-17,Drift,,,40.0,,,,,0.0,,,,,,,,,,,,,
2024-10-17,Flash Trade,,,14.0,,,,,0.0,,,,,4.0,,,,,#63b512,,,
2024-10-17,Jupiter,,,3.0,,,,,0.0,,,,,6.0,,,,,#00bfa5,,,
2024-10-17,_Drift,Drift,,,40.0,,,,,0.0,,,,,,,,,,,,
2024-10-17,_Flash Trade,Flash Trade,,,14.0,,,,,0.0,,,,,4.0,,,,,#63b512,,
2024-10-17,_Jupiter,Jupiter,,,3.0,,,,,0.0,,,,,6.0,,,,,#00bfa5,,
2024-10-17,Crypto,,,,,42.0,,,,,0.0,,,,,1.0,,,,,#545cf8,
2024-10-17,FX,,,,,2.0,,,,,0.0,,,,,4.0,,,,,#63b512,
2024-10-17,Commodity,,,,,2.0,,,,,0.0,,,,,3.0,,,,,#904ea6,
2024-10-16,Total,,46.0,,,,,0.0,,,,,1.0,,,,,#545cf8,,,,
2024-10-16,Drift,,,40.0,,,,,0.0,,,,,,,,,,,,,
2024-10-16,Flash Trade,,,14.0,,,,,0.0,,,,,4.0,,,,,#63b512,,,
2024-10-16,Jupiter,,,3.0,,,,,0.0,,,,,6.0,,,,,#00bfa5,,,
2024-10-16,_Drift,Drift,,,40.0,,,,,0.0,,,,,,,,,,,,
2024-10-16,_Flash Trade,Flash Trade,,,14.0,,,,,0.0,,,,,4.0,,,,,#63b512,,
2024-10-16,_Jupiter,Jupiter,,,3.0,,,,,0.0,,,,,6.0,,,,,#00bfa5,,
2024-10-16,Crypto,,,,,42.0,,,,,0.0,,,,,1.0,,,,,#545cf8,
2024-10-16,Commodity,,,,,2.0,,,,,0.0,,,,,3.0,,,,,#904ea6,
2024-10-16,FX,,,,,2.0,,,,,0.0,,,,,4.0,,,,,#63b512,
2024-10-15,Total,,46.0,,,,,0.0,,,,,1.0,,,,,#545cf8,,,,
2024-10-15,Drift,,,40.0,,,,,0.0,,,,,,,,,,,,,
2024-10-15,Flash Trade,,,14.0,,,,,0.0,,,,,4.0,,,,,#63b512,,,
2024-10-15,Jupiter,,,3.0,,,,,0.0,,,,,6.0,,,,,#00bfa5,,,
2024-10-15,_Drift,Drift,,,40.0,,,,,0.0,,,,,,,,,,,,
2024-10-15,_Flash Trade,Flash Trade,,,14.0,,,,,0.0,,,,,4.0,,,,,#63b512,,
2024-10-15,_Jupiter,Jupiter,,,3.0,,,,,0.0,,,,,6.0,,,,,#00bfa5,,
2024-10-15,Crypto,,,,,42.0,,,,,0.0,,,,,1.0,,,,,#545cf8,
2024-10-15,FX,,,,,2.0,,,,,0.0,,,,,4.0,,,,,#63b512,
2024-10-15,Commodity,,,,,2.0,,,,,0.0,,,,,3.0,,,,,#904ea6,
2024-10-14,Total,,46.0,,,,,0.0,,,,,1.0,,,,,#545cf8,,,,
2024-10-14,Drift,,,40.0,,,,,0.0,,,,,,,,,,,,,
2024-10-14,Flash Trade,,,14.0,,,,,0.0,,,,,4.0,,,,,#63b512,,,
2024-10-14,Jupiter,,,3.0,,,,,0.0,,,,,6.0,,,,,#00bfa5,,,
2024-10-14,_Drift,Drift,,,40.0,,,,,0.0,,,,,,,,,,,,
2024-10-14,_Flash Trade,Flash Trade,,,14.0,,,,,0.0,,,,,4.0,,,,,#63b512,,
2024-10-14,_Jupiter,Jupiter,,,3.0,,,,,0.0,,,,,6.0,,,,,#00bfa5,,
2024-10-14,Crypto,,,,,42.0,,,,,0.0,,,,,1.0,,,,,#545cf8,
2024-10-14,Commodity,,,,,2.0,,,,,0.0,,,,,3.0,,,,,#904ea6,
2024-10-14,FX,,,,,2.0,,,,,0.0,,,,,4.0,,,,,#63b512,
2024-10-13,Total,,46.0,,,,,0.0,,,,,1.0,,,,,#545cf8,,,,
2024-10-13,Drift,,,40.0,,,,,0.0,,,,,,,,,,,,,
2024-10-13,Flash Trade,,,14.0,,,,,0.0,,,,,4.0,,,,,#63b512,,,
2024-10-13,Jupiter,,,3.0,,,,,0.0,,,,,6.0,,,,,#00bfa5,,,
2024-10-13,_Drift,Drift,,,40.0,,,,,0.0,,,,,,,,,,,,
2024-10-13,_Flash Trade,Flash Trade,,,14.0,,,,,0.0,,,,,4.0,,,,,#63b512,,
2024-10-13,_Jupiter,Jupiter,,,3.0,,,,,0.0,,,,,6.0,,,,,#00bfa5,,
2024-10-13,Crypto,,,,,42.0,,,,,0.0,,,,,1.0,,,,,#545cf8,
2024-10-13,FX,,,,,2.0,,,,,0.0,,,,,4.0,,,,,#63b512,
2024-10-13,Commodity,,,,,2.0,,,,,0.0,,,,,3.0,,,,,#904ea6,
2024-10-12,Total,,46.0,,,,,0.0,,,,,1.0,,,,,#545cf8,,,,
2024-10-12,Drift,,,40.0,,,,,0.0,,,,,,,,,,,,,
2024-10-12,Flash Trade,,,14.0,,,,,0.0,,,,,4.0,,,,,#63b512,,,
2024-10-12,Jupiter,,,3.0,,,,,0.0,,,,,6.0,,,,,#00bfa5,,,
2024-10-12,_Drift,Drift,,,40.0,,,,,0.0,,,,,,,,,,,,
2024-10-12,_Flash Trade,Flash Trade,,,14.0,,,,,0.0,,,,,4.0,,,,,#63b512,,
2024-10-12,_Jupiter,Jupiter,,,3.0,,,,,0.0,,,,,6.0,,,,,#00bfa5,,
2024-10-12,Crypto,,,,,42.0,,,,,0.0,,,,,1.0,,,,,#545cf8,
2024-10-12,FX,,,,,2.0,,,,,0.0,,,,,4.0,,,,,#63b512,
2024-10-12,Commodity,,,,,2.0,,,,,0.0,,,,,3.0,,,,,#904ea6,
2024-10-11,Total,,46.0,,,,,0.0,,,,,1.0,,,,,#545cf8,,,,
2024-10-11,Drift,,,40.0,,,,,0.0,,,,,,,,,,,,,
2024-10-11,Flash Trade,,,14.0,,,,,0.0,,,,,4.0,,,,,#63b512,,,
2024-10-11,Jupiter,,,3.0,,,,,0.0,,,,,6.0,,,,,#00bfa5,,,
2024-10-11,_Drift,Drift,,,40.0,,,,,0.0,,,,,,,,,,,,
2024-10-11,_Flash Trade,Flash Trade,,,14.0,,,,,0.0,,,,,4.0,,,,,#63b512,,
2024-10-11,_Jupiter,Jupiter,,,3.0,,,,,0.0,,,,,6.0,,,,,#00bfa5,,
2024-10-11,Crypto,,,,,42.0,,,,,0.0,,,,,1.0,,,,,#545cf8,
2024-10-11,Commodity,,,,,2.0,,,,,0.0,,,,,3.0,,,,,#904ea6,
2024-10-11,FX,,,,,2.0,,,,,0.0,,,,,4.0,,,,,#63b512,
2024-10-10,Total,,46.0,,,,,1.0,,,,,1.0,,,,,#545cf8,,,,
2024-10-10,Drift,,,40.0,,,,,1.0,,,,,,,,,,,,,
2024-10-10,Flash Trade,,,14.0,,,,,0.0,,,,,4.0,,,,,#63b512,,,
2024-10-10,Jupiter,,,3.0,,,,,0.0,,,,,6.0,,,,,#00bfa5,,,
2024-10-10,_Drift,Drift,,,40.0,,,,,1.0,,,,,,,,,,,,
2024-10-10,_Flash Trade,Flash Trade,,,14.0,,,,,0.0,,,,,4.0,,,,,#63b512,,
2024-10-10,_Jupiter,Jupiter,,,3.0,,,,,0.0,,,,,6.0,,,,,#00bfa5,,
2024-10-10,Crypto,,,,,42.0,,,,,1.0,,,,,1.0,,,,,#545cf8,
2024-10-10,FX,,,,,2.0,,,,,0.0,,,,,4.0,,,,,#63b512,
2024-10-10,Commodity,,,,,2.0,,,,,0.0,,,,,3.0,,,,,#904ea6,
2024-10-09,Total,,45.0,,,,,0.0,,,,,1.0,,,,,#545cf8,,,,
2024-10-09,Drift,,,39.0,,,,,0.0,,,,,,,,,,,,,
2024-10-09,Flash Trade,,,14.0,,,,,0.0,,,,,4.0,,,,,#63b512,,,
2024-10-09,Jupiter,,,3.0,,,,,0.0,,,,,6.0,,,,,#00bfa5,,,
2024-10-09,_Drift,Drift,,,39.0,,,,,0.0,,,,,,,,,,,,
2024-10-09,_Flash Trade,Flash Trade,,,14.0,,,,,0.0,,,,,4.0,,,,,#63b512,,
2024-10-09,_Jupiter,Jupiter,,,3.0,,,,,0.0,,,,,6.0,,,,,#00bfa5,,
2024-10-09,Crypto,,,,,41.0,,,,,0.0,,,,,1.0,,,,,#545cf8,
2024-10-09,Commodity,,,,,2.0,,,,,0.0,,,,,3.0,,,,,#904ea6,
2024-10-09,FX,,,,,2.0,,,,,0.0,,,,,4.0,,,,,#63b512,
2024-10-08,Total,,45.0,,,,,0.0,,,,,1.0,,,,,#545cf8,,,,
2024-10-08,Drift,,,39.0,,,,,0.0,,,,,,,,,,,,,
2024-10-08,Flash Trade,,,14.0,,,,,0.0,,,,,4.0,,,,,#63b512,,,
2024-10-08,Jupiter,,,3.0,,,,,0.0,,,,,6.0,,,,,#00bfa5,,,
2024-10-08,_Drift,Drift,,,39.0,,,,,0.0,,,,,,,,,,,,
2024-10-08,_Flash Trade,Flash Trade,,,14.0,,,,,0.0,,,,,4.0,,,,,#63b512,,
2024-10-08,_Jupiter,Jupiter,,,3.0,,,,,0.0,,,,,6.0,,,,,#00bfa5,,
2024-10-08,Crypto,,,,,41.0,,,,,0.0,,,,,1.0,,,,,#545cf8,
2024-10-08,FX,,,,,2.0,,,,,0.0,,,,,4.0,,,,,#63b512,
2024-10-08,Commodity,,,,,2.0,,,,,0.0,,,,,3.0,,,,,#904ea6,
2024-10-07,Total,,45.0,,,,,0.0,,,,,1.0,,,,,#545cf8,,,,
2024-10-07,Drift,,,39.0,,,,,0.0,,,,,,,,,,,,,
2024-10-07,Flash Trade,,,14.0,,,,,0.0,,,,,4.0,,,,,#63b512,,,
2024-10-07,Jupiter,,,3.0,,,,,0.0,,,,,6.0,,,,,#00bfa5,,,
2024-10-07,_Drift,Drift,,,39.0,,,,,0.0,,,,,,,,,,,,
2024-10-07,_Flash Trade,Flash Trade,,,14.0,,,,,0.0,,,,,4.0,,,,,#63b512,,
2024-10-07,_Jupiter,Jupiter,,,3.0,,,,,0.0,,,,,6.0,,,,,#00bfa5,,
2024-10-07,Crypto,,,,,41.0,,,,,0.0,,,,,1.0,,,,,#545cf8,
2024-10-07,FX,,,,,2.0,,,,,0.0,,,,,4.0,,,,,#63b512,
2024-10-07,Commodity,,,,,2.0,,,,,0.0,,,,,3.0,,,,,#904ea6,
2024-10-06,Total,,45.0,,,,,0.0,,,,,1.0,,,,,#545cf8,,,,
2024-10-06,Drift,,,39.0,,,,,0.0,,,,,,,,,,,,,
2024-10-06,Flash Trade,,,14.0,,,,,0.0,,,,,4.0,,,,,#63b512,,,
2024-10-06,Jupiter,,,3.0,,,,,0.0,,,,,6.0,,,,,#00bfa5,,,
2024-10-06,_Drift,Drift,,,39.0,,,,,0.0,,,,,,,,,,,,
2024-10-06,_Flash Trade,Flash Trade,,,14.0,,,,,0.0,,,,,4.0,,,,,#63b512,,
2024-10-06,_Jupiter,Jupiter,,,3.0,,,,,0.0,,,,,6.0,,,,,#00bfa5,,
2024-10-06,Crypto,,,,,41.0,,,,,0.0,,,,,1.0,,,,,#545cf8,
2024-10-06,FX,,,,,2.0,,,,,0.0,,,,,4.0,,,,,#63b512,
2024-10-06,Commodity,,,,,2.0,,,,,0.0,,,,,3.0,,,,,#904ea6,
2024-10-05,Total,,45.0,,,,,0.0,,,,,1.0,,,,,#545cf8,,,,
2024-10-05,Drift,,,39.0,,,,,0.0,,,,,,,,,,,,,
2024-10-05,Flash Trade,,,14.0,,,,,0.0,,,,,4.0,,,,,#63b512,,,
2024-10-05,Jupiter,,,3.0,,,,,0.0,,,,,6.0,,,,,#00bfa5,,,
2024-10-05,_Drift,Drift,,,39.0,,,,,0.0,,,,,,,,,,,,
2024-10-05,_Flash Trade,Flash Trade,,,14.0,,,,,0.0,,,,,4.0,,,,,#63b512,,
2024-10-05,_Jupiter,Jupiter,,,3.0,,,,,0.0,,,,,6.0,,,,,#00bfa5,,
2024-10-05,Crypto,,,,,41.0,,,,,0.0,,,,,1.0,,,,,#545cf8,
2024-10-05,Commodity,,,,,2.0,,,,,0.0,,,,,3.0,,,,,#904ea6,
2024-10-05,FX,,,,,2.0,,,,,0.0,,,,,4.0,,,,,#63b512,
2024-10-04,Total,,45.0,,,,,0.0,,,,,1.0,,,,,#545cf8,,,,
2024-10-04,Drift,,,39.0,,,,,0.0,,,,,,,,,,,,,
2024-10-04,Flash Trade,,,14.0,,,,,0.0,,,,,4.0,,,,,#63b512,,,
2024-10-04,Jupiter,,,3.0,,,,,0.0,,,,,6.0,,,,,#00bfa5,,,
2024-10-04,_Drift,Drift,,,39.0,,,,,0.0,,,,,,,,,,,,
2024-10-04,_Flash Trade,Flash Trade,,,14.0,,,,,0.0,,,,,4.0,,,,,#63b512,,
2024-10-04,_Jupiter,Jupiter,,,3.0,,,,,0.0,,,,,6.0,,,,,#00bfa5,,
2024-10-04,Crypto,,,,,41.0,,,,,0.0,,,,,1.0,,,,,#545cf8,
2024-10-04,Commodity,,,,,2.0,,,,,0.0,,,,,3.0,,,,,#904ea6,
2024-10-04,FX,,,,,2.0,,,,,0.0,,,,,4.0,,,,,#63b512,
2024-10-03,Total,,45.0,,,,,1.0,,,,,1.0,,,,,#545cf8,,,,
2024-10-03,Drift,,,39.0,,,,,1.0,,,,,,,,,,,,,
2024-10-03,Flash Trade,,,14.0,,,,,0.0,,,,,4.0,,,,,#63b512,,,
2024-10-03,Jupiter,,,3.0,,,,,0.0,,,,,6.0,,,,,#00bfa5,,,
2024-10-03,_Drift,Drift,,,39.0,,,,,1.0,,,,,,,,,,,,
2024-10-03,_Flash Trade,Flash Trade,,,14.0,,,,,0.0,,,,,4.0,,,,,#63b512,,
2024-10-03,_Jupiter,Jupiter,,,3.0,,,,,0.0,,,,,6.0,,,,,#00bfa5,,
2024-10-03,Crypto,,,,,41.0,,,,,1.0,,,,,1.0,,,,,#545cf8,
2024-10-03,FX,,,,,2.0,,,,,0.0,,,,,4.0,,,,,#63b512,
2024-10-03,Commodity,,,,,2.0,,,,,0.0,,,,,3.0,,,,,#904ea6,
2024-10-02,Total,,44.0,,,,,0.0,,,,,1.0,,,,,#545cf8,,,,
2024-10-02,Drift,,,38.0,,,,,0.0,,,,,,,,,,,,,
2024-10-02,Flash Trade,,,14.0,,,,,0.0,,,,,4.0,,,,,#63b512,,,
2024-10-02,Jupiter,,,3.0,,,,,0.0,,,,,6.0,,,,,#00bfa5,,,
2024-10-02,_Drift,Drift,,,38.0,,,,,0.0,,,,,,,,,,,,
2024-10-02,_Flash Trade,Flash Trade,,,14.0,,,,,0.0,,,,,4.0,,,,,#63b512,,
2024-10-02,_Jupiter,Jupiter,,,3.0,,,,,0.0,,,,,6.0,,,,,#00bfa5,,
2024-10-02,Crypto,,,,,40.0,,,,,0.0,,,,,1.0,,,,,#545cf8,
2024-10-02,FX,,,,,2.0,,,,,0.0,,,,,4.0,,,,,#63b512,
2024-10-02,Commodity,,,,,2.0,,,,,0.0,,,,,3.0,,,,,#904ea6,
2024-10-01,Total,,44.0,,,,,0.0,,,,,1.0,,,,,#545cf8,,,,
2024-10-01,Drift,,,38.0,,,,,0.0,,,,,,,,,,,,,
2024-10-01,Flash Trade,,,14.0,,,,,0.0,,,,,4.0,,,,,#63b512,,,
2024-10-01,Jupiter,,,3.0,,,,,0.0,,,,,6.0,,,,,#00bfa5,,,
2024-10-01,_Drift,Drift,,,38.0,,,,,0.0,,,,,,,,,,,,
2024-10-01,_Flash Trade,Flash Trade,,,14.0,,,,,0.0,,,,,4.0,,,,,#63b512,,
2024-10-01,_Jupiter,Jupiter,,,3.0,,,,,0.0,,,,,6.0,,,,,#00bfa5,,
2024-10-01,Crypto,,,,,40.0,,,,,0.0,,,,,1.0,,,,,#545cf8,
2024-10-01,Commodity,,,,,2.0,,,,,0.0,,,,,3.0,,,,,#904ea6,
2024-10-01,FX,,,,,2.0,,,,,0.0,,,,,4.0,,,,,#63b512,
2024-09-30,Total,,44.0,,,,,0.0,,,,,1.0,,,,,#545cf8,,,,
2024-09-30,Drift,,,38.0,,,,,0.0,,,,,,,,,,,,,
2024-09-30,Flash Trade,,,14.0,,,,,0.0,,,,,4.0,,,,,#63b512,,,
2024-09-30,Jupiter,,,3.0,,,,,0.0,,,,,6.0,,,,,#00bfa5,,,
2024-09-30,_Drift,Drift,,,38.0,,,,,0.0,,,,,,,,,,,,
2024-09-30,_Flash Trade,Flash Trade,,,14.0,,,,,0.0,,,,,4.0,,,,,#63b512,,
2024-09-30,_Jupiter,Jupiter,,,3.0,,,,,0.0,,,,,6.0,,,,,#00bfa5,,
2024-09-30,Crypto,,,,,40.0,,,,,0.0,,,,,1.0,,,,,#545cf8,
2024-09-30,Commodity,,,,,2.0,,,,,0.0,,,,,3.0,,,,,#904ea6,
2024-09-30,FX,,,,,2.0,,,,,0.0,,,,,4.0,,,,,#63b512,
2024-09-29,Total,,44.0,,,,,0.0,,,,,1.0,,,,,#545cf8,,,,
2024-09-29,Drift,,,38.0,,,,,0.0,,,,,,,,,,,,,
2024-09-29,Flash Trade,,,14.0,,,,,0.0,,,,,4.0,,,,,#63b512,,,
2024-09-29,Jupiter,,,3.0,,,,,0.0,,,,,6.0,,,,,#00bfa5,,,
2024-09-29,_Drift,Drift,,,38.0,,,,,0.0,,,,,,,,,,,,
2024-09-29,_Flash Trade,Flash Trade,,,14.0,,,,,0.0,,,,,4.0,,,,,#63b512,,
2024-09-29,_Jupiter,Jupiter,,,3.0,,,,,0.0,,,,,6.0,,,,,#00bfa5,,
2024-09-29,Crypto,,,,,40.0,,,,,0.0,,,,,1.0,,,,,#545cf8,
2024-09-29,Commodity,,,,,2.0,,,,,0.0,,,,,3.0,,,,,#904ea6,
2024-09-29,FX,,,,,2.0,,,,,0.0,,,,,4.0,,,,,#63b512,
2024-09-28,Total,,44.0,,,,,0.0,,,,,1.0,,,,,#545cf8,,,,
2024-09-28,Drift,,,38.0,,,,,0.0,,,,,,,,,,,,,
2024-09-28,Flash Trade,,,14.0,,,,,0.0,,,,,4.0,,,,,#63b512,,,
2024-09-28,Jupiter,,,3.0,,,,,0.0,,,,,6.0,,,,,#00bfa5,,,
2024-09-28,_Drift,Drift,,,38.0,,,,,0.0,,,,,,,,,,,,
2024-09-28,_Flash Trade,Flash Trade,,,14.0,,,,,0.0,,,,,4.0,,,,,#63b512,,
2024-09-28,_Jupiter,Jupiter,,,3.0,,,,,0.0,,,,,6.0,,,,,#00bfa5,,
2024-09-28,Crypto,,,,,40.0,,,,,0.0,,,,,1.0,,,,,#545cf8,
2024-09-28,Commodity,,,,,2.0,,,,,0.0,,,,,3.0,,,,,#904ea6,
2024-09-28,FX,,,,,2.0,,,,,0.0,,,,,4.0,,,,,#63b512,
2024-09-27,Total,,44.0,,,,,0.0,,,,,1.0,,,,,#545cf8,,,,
2024-09-27,Drift,,,38.0,,,,,0.0,,,,,,,,,,,,,
2024-09-27,Flash Trade,,,14.0,,,,,0.0,,,,,4.0,,,,,#63b512,,,
2024-09-27,Jupiter,,,3.0,,,,,0.0,,,,,6.0,,,,,#00bfa5,,,
2024-09-27,_Drift,Drift,,,38.0,,,,,0.0,,,,,,,,,,,,
2024-09-27,_Flash Trade,Flash Trade,,,14.0,,,,,0.0,,,,,4.0,,,,,#63b512,,
2024-09-27,_Jupiter,Jupiter,,,3.0,,,,,0.0,,,,,6.0,,,,,#00bfa5,,
2024-09-27,Crypto,,,,,40.0,,,,,0.0,,,,,1.0,,,,,#545cf8,
2024-09-27,Commodity,,,,,2.0,,,,,0.0,,,,,3.0,,,,,#904ea6,
2024-09-27,FX,,,,,2.0,,,,,0.0,,,,,4.0,,,,,#63b512,
2024-09-26,Total,,44.0,,,,,1.0,,,,,1.0,,,,,#545cf8,,,,
2024-09-26,Drift,,,38.0,,,,,1.0,,,,,,,,,,,,,
2024-09-26,Flash Trade,,,14.0,,,,,0.0,,,,,4.0,,,,,#63b512,,,
2024-09-26,Jupiter,,,3.0,,,,,0.0,,,,,6.0,,,,,#00bfa5,,,
2024-09-26,_Drift,Drift,,,38.0,,,,,1.0,,,,,,,,,,,,
2024-09-26,_Flash Trade,Flash Trade,,,14.0,,,,,0.0,,,,,4.0,,,,,#63b512,,
2024-09-26,_Jupiter,Jupiter,,,3.0,,,,,0.0,,,,,6.0,,,,,#00bfa5,,
2024-09-26,Crypto,,,,,40.0,,,,,1.0,,,,,1.0,,,,,#545cf8,
2024-09-26,FX,,,,,2.0,,,,,0.0,,,,,4.0,,,,,#63b512,
2024-09-26,Commodity,,,,,2.0,,,,,0.0,,,,,3.0,,,,,#904ea6,
2024-09-25,Total,,43.0,,,,,0.0,,,,,1.0,,,,,#545cf8,,,,
2024-09-25,Drift,,,37.0,,,,,0.0,,,,,,,,,,,,,
2024-09-25,Flash Trade,,,14.0,,,,,0.0,,,,,4.0,,,,,#63b512,,,
2024-09-25,Jupiter,,,3.0,,,,,0.0,,,,,6.0,,,,,#00bfa5,,,
2024-09-25,_Drift,Drift,,,37.0,,,,,0.0,,,,,,,,,,,,
2024-09-25,_Flash Trade,Flash Trade,,,14.0,,,,,0.0,,,,,4.0,,,,,#63b512,,
2024-09-25,_Jupiter,Jupiter,,,3.0,,,,,0.0,,,,,6.0,,,,,#00bfa5,,
2024-09-25,Crypto,,,,,39.0,,,,,0.0,,,,,1.0,,,,,#545cf8,
2024-09-25,FX,,,,,2.0,,,,,0.0,,,,,4.0,,,,,#63b512,
2024-09-25,Commodity,,,,,2.0,,,,,0.0,,,,,3.0,,,,,#904ea6,
2024-09-24,Total,,43.0,,,,,0.0,,,,,1.0,,,,,#545cf8,,,,
2024-09-24,Drift,,,37.0,,,,,0.0,,,,,,,,,,,,,
2024-09-24,Flash Trade,,,14.0,,,,,0.0,,,,,4.0,,,,,#63b512,,,
2024-09-24,Jupiter,,,3.0,,,,,0.0,,,,,6.0,,,,,#00bfa5,,,
2024-09-24,_Drift,Drift,,,37.0,,,,,0.0,,,,,,,,,,,,
2024-09-24,_Flash Trade,Flash Trade,,,14.0,,,,,0.0,,,,,4.0,,,,,#63b512,,
2024-09-24,_Jupiter,Jupiter,,,3.0,,,,,0.0,,,,,6.0,,,,,#00bfa5,,
2024-09-24,Crypto,,,,,39.0,,,,,0.0,,,,,1.0,,,,,#545cf8,
2024-09-24,FX,,,,,2.0,,,,,0.0,,,,,4.0,,,,,#63b512,
2024-09-24,Commodity,,,,,2.0,,,,,0.0,,,,,3.0,,,,,#904ea6,
2024-09-23,Total,,43.0,,,,,0.0,,,,,1.0,,,,,#545cf8,,,,
2024-09-23,Drift,,,37.0,,,,,0.0,,,,,,,,,,,,,
2024-09-23,Flash Trade,,,14.0,,,,,0.0,,,,,4.0,,,,,#63b512,,,
2024-09-23,Jupiter,,,3.0,,,,,0.0,,,,,6.0,,,,,#00bfa5,,,
2024-09-23,_Drift,Drift,,,37.0,,,,,0.0,,,,,,,,,,,,
2024-09-23,_Flash Trade,Flash Trade,,,14.0,,,,,0.0,,,,,4.0,,,,,#63b512,,
2024-09-23,_Jupiter,Jupiter,,,3.0,,,,,0.0,,,,,6.0,,,,,#00bfa5,,
2024-09-23,Crypto,,,,,39.0,,,,,0.0,,,,,1.0,,,,,#545cf8,
2024-09-23,FX,,,,,2.0,,,,,0.0,,,,,4.0,,,,,#63b512,
2024-09-23,Commodity,,,,,2.0,,,,,0.0,,,,,3.0,,,,,#904ea6,
2024-09-22,Total,,43.0,,,,,0.0,,,,,1.0,,,,,#545cf8,,,,
2024-09-22,Drift,,,37.0,,,,,0.0,,,,,,,,,,,,,
2024-09-22,Flash Trade,,,14.0,,,,,0.0,,,,,4.0,,,,,#63b512,,,
2024-09-22,Jupiter,,,3.0,,,,,0.0,,,,,6.0,,,,,#00bfa5,,,
2024-09-22,_Drift,Drift,,,37.0,,,,,0.0,,,,,,,,,,,,
2024-09-22,_Flash Trade,Flash Trade,,,14.0,,,,,0.0,,,,,4.0,,,,,#63b512,,
2024-09-22,_Jupiter,Jupiter,,,3.0,,,,,0.0,,,,,6.0,,,,,#00bfa5,,
2024-09-22,Crypto,,,,,39.0,,,,,0.0,,,,,1.0,,,,,#545cf8,
2024-09-22,FX,,,,,2.0,,,,,0.0,,,,,4.0,,,,,#63b512,
2024-09-22,Commodity,,,,,2.0,,,,,0.0,,,,,3.0,,,,,#904ea6,
2024-09-21,Total,,43.0,,,,,0.0,,,,,1.0,,,,,#545cf8,,,,
2024-09-21,Drift,,,37.0,,,,,0.0,,,,,,,,,,,,,
2024-09-21,Flash Trade,,,14.0,,,,,0.0,,,,,4.0,,,,,#63b512,,,
2024-09-21,Jupiter,,,3.0,,,,,0.0,,,,,6.0,,,,,#00bfa5,,,
2024-09-21,_Drift,Drift,,,37.0,,,,,0.0,,,,,,,,,,,,
2024-09-21,_Flash Trade,Flash Trade,,,14.0,,,,,0.0,,,,,4.0,,,,,#63b512,,
2024-09-21,_Jupiter,Jupiter,,,3.0,,,,,0.0,,,,,6.0,,,,,#00bfa5,,
2024-09-21,Crypto,,,,,39.0,,,,,0.0,,,,,1.0,,,,,#545cf8,
2024-09-21,FX,,,,,2.0,,,,,0.0,,,,,4.0,,,,,#63b512,
2024-09-21,Commodity,,,,,2.0,,,,,0.0,,,,,3.0,,,,,#904ea6,
2024-09-20,Total,,43.0,,,,,0.0,,,,,1.0,,,,,#545cf8,,,,
2024-09-20,Drift,,,37.0,,,,,0.0,,,,,,,,,,,,,
2024-09-20,Flash Trade,,,14.0,,,,,0.0,,,,,4.0,,,,,#63b512,,,
2024-09-20,Jupiter,,,3.0,,,,,0.0,,,,,6.0,,,,,#00bfa5,,,
2024-09-20,_Drift,Drift,,,37.0,,,,,0.0,,,,,,,,,,,,
2024-09-20,_Flash Trade,Flash Trade,,,14.0,,,,,0.0,,,,,4.0,,,,,#63b512,,
2024-09-20,_Jupiter,Jupiter,,,3.0,,,,,0.0,,,,,6.0,,,,,#00bfa5,,
2024-09-20,Crypto,,,,,39.0,,,,,0.0,,,,,1.0,,,,,#545cf8,
2024-09-20,Commodity,,,,,2.0,,,,,0.0,,,,,3.0,,,,,#904ea6,
2024-09-20,FX,,,,,2.0,,,,,0.0,,,,,4.0,,,,,#63b512,
2024-09-19,Total,,43.0,,,,,0.0,,,,,1.0,,,,,#545cf8,,,,
2024-09-19,Drift,,,37.0,,,,,0.0,,,,,,,,,,,,,
2024-09-19,Flash Trade,,,14.0,,,,,0.0,,,,,4.0,,,,,#63b512,,,
2024-09-19,Jupiter,,,3.0,,,,,0.0,,,,,6.0,,,,,#00bfa5,,,
2024-09-19,_Drift,Drift,,,37.0,,,,,0.0,,,,,,,,,,,,
2024-09-19,_Flash Trade,Flash Trade,,,14.0,,,,,0.0,,,,,4.0,,,,,#63b512,,
2024-09-19,_Jupiter,Jupiter,,,3.0,,,,,0.0,,,,,6.0,,,,,#00bfa5,,
2024-09-19,Crypto,,,,,39.0,,,,,0.0,,,,,1.0,,,,,#545cf8,
2024-09-19,FX,,,,,2.0,,,,,0.0,,,,,4.0,,,,,#63b512,
2024-09-19,Commodity,,,,,2.0,,,,,0.0,,,,,3.0,,,,,#904ea6,
2024-09-18,Total,,43.0,,,,,0.0,,,,,1.0,,,,,#545cf8,,,,
2024-09-18,Drift,,,37.0,,,,,0.0,,,,,,,,,,,,,
2024-09-18,Flash Trade,,,14.0,,,,,0.0,,,,,4.0,,,,,#63b512,,,
2024-09-18,Jupiter,,,3.0,,,,,0.0,,,,,6.0,,,,,#00bfa5,,,
2024-09-18,_Drift,Drift,,,37.0,,,,,0.0,,,,,,,,,,,,
2024-09-18,_Flash Trade,Flash Trade,,,14.0,,,,,0.0,,,,,4.0,,,,,#63b512,,
2024-09-18,_Jupiter,Jupiter,,,3.0,,,,,0.0,,,,,6.0,,,,,#00bfa5,,
2024-09-18,Crypto,,,,,39.0,,,,,0.0,,,,,1.0,,,,,#545cf8,
2024-09-18,FX,,,,,2.0,,,,,0.0,,,,,4.0,,,,,#63b512,
2024-09-18,Commodity,,,,,2.0,,,,,0.0,,,,,3.0,,,,,#904ea6,
2024-09-17,Total,,43.0,,,,,0.0,,,,,1.0,,,,,#545cf8,,,,
2024-09-17,Drift,,,37.0,,,,,0.0,,,,,,,,,,,,,
2024-09-17,Flash Trade,,,14.0,,,,,0.0,,,,,4.0,,,,,#63b512,,,
2024-09-17,Jupiter,,,3.0,,,,,0.0,,,,,6.0,,,,,#00bfa5,,,
2024-09-17,_Drift,Drift,,,37.0,,,,,0.0,,,,,,,,,,,,
2024-09-17,_Flash Trade,Flash Trade,,,14.0,,,,,0.0,,,,,4.0,,,,,#63b512,,
2024-09-17,_Jupiter,Jupiter,,,3.0,,,,,0.0,,,,,6.0,,,,,#00bfa5,,
2024-09-17,Crypto,,,,,39.0,,,,,0.0,,,,,1.0,,,,,#545cf8,
2024-09-17,Commodity,,,,,2.0,,,,,0.0,,,,,3.0,,,,,#904ea6,
2024-09-17,FX,,,,,2.0,,,,,0.0,,,,,4.0,,,,,#63b512,
2024-09-16,Total,,43.0,,,,,0.0,,,,,1.0,,,,,#545cf8,,,,
2024-09-16,Drift,,,37.0,,,,,0.0,,,,,,,,,,,,,
2024-09-16,Flash Trade,,,14.0,,,,,0.0,,,,,4.0,,,,,#63b512,,,
2024-09-16,Jupiter,,,3.0,,,,,0.0,,,,,6.0,,,,,#00bfa5,,,
2024-09-16,_Drift,Drift,,,37.0,,,,,0.0,,,,,,,,,,,,
2024-09-16,_Flash Trade,Flash Trade,,,14.0,,,,,0.0,,,,,4.0,,,,,#63b512,,
2024-09-16,_Jupiter,Jupiter,,,3.0,,,,,0.0,,,,,6.0,,,,,#00bfa5,,
2024-09-16,Crypto,,,,,39.0,,,,,0.0,,,,,1.0,,,,,#545cf8,
2024-09-16,FX,,,,,2.0,,,,,0.0,,,,,4.0,,,,,#63b512,
2024-09-16,Commodity,,,,,2.0,,,,,0.0,,,,,3.0,,,,,#904ea6,
2024-09-15,Total,,43.0,,,,,0.0,,,,,1.0,,,,,#545cf8,,,,
2024-09-15,Drift,,,37.0,,,,,0.0,,,,,,,,,,,,,
2024-09-15,Flash Trade,,,14.0,,,,,0.0,,,,,4.0,,,,,#63b512,,,
2024-09-15,Jupiter,,,3.0,,,,,0.0,,,,,6.0,,,,,#00bfa5,,,
2024-09-15,_Drift,Drift,,,37.0,,,,,0.0,,,,,,,,,,,,
2024-09-15,_Flash Trade,Flash Trade,,,14.0,,,,,0.0,,,,,4.0,,,,,#63b512,,
2024-09-15,_Jupiter,Jupiter,,,3.0,,,,,0.0,,,,,6.0,,,,,#00bfa5,,
2024-09-15,Crypto,,,,,39.0,,,,,0.0,,,,,1.0,,,,,#545cf8,
2024-09-15,FX,,,,,2.0,,,,,0.0,,,,,4.0,,,,,#63b512,
2024-09-15,Commodity,,,,,2.0,,,,,0.0,,,,,3.0,,,,,#904ea6,
2024-09-14,Total,,43.0,,,,,0.0,,,,,1.0,,,,,#545cf8,,,,
2024-09-14,Drift,,,37.0,,,,,0.0,,,,,,,,,,,,,
2024-09-14,Flash Trade,,,14.0,,,,,0.0,,,,,4.0,,,,,#63b512,,,
2024-09-14,Jupiter,,,3.0,,,,,0.0,,,,,6.0,,,,,#00bfa5,,,
2024-09-14,_Drift,Drift,,,37.0,,,,,0.0,,,,,,,,,,,,
2024-09-14,_Flash Trade,Flash Trade,,,14.0,,,,,0.0,,,,,4.0,,,,,#63b512,,
2024-09-14,_Jupiter,Jupiter,,,3.0,,,,,0.0,,,,,6.0,,,,,#00bfa5,,
2024-09-14,Crypto,,,,,39.0,,,,,0.0,,,,,1.0,,,,,#545cf8,
2024-09-14,FX,,,,,2.0,,,,,0.0,,,,,4.0,,,,,#63b512,
2024-09-14,Commodity,,,,,2.0,,,,,0.0,,,,,3.0,,,,,#904ea6,
2024-09-13,Total,,43.0,,,,,0.0,,,,,1.0,,,,,#545cf8,,,,
2024-09-13,Drift,,,37.0,,,,,0.0,,,,,,,,,,,,,
2024-09-13,Flash Trade,,,14.0,,,,,0.0,,,,,4.0,,,,,#63b512,,,
2024-09-13,Jupiter,,,3.0,,,,,0.0,,,,,6.0,,,,,#00bfa5,,,
2024-09-13,_Drift,Drift,,,37.0,,,,,0.0,,,,,,,,,,,,
2024-09-13,_Flash Trade,Flash Trade,,,14.0,,,,,0.0,,,,,4.0,,,,,#63b512,,
2024-09-13,_Jupiter,Jupiter,,,3.0,,,,,0.0,,,,,6.0,,,,,#00bfa5,,
2024-09-13,Crypto,,,,,39.0,,,,,0.0,,,,,1.0,,,,,#545cf8,
2024-09-13,Commodity,,,,,2.0,,,,,0.0,,,,,3.0,,,,,#904ea6,
2024-09-13,FX,,,,,2.0,,,,,0.0,,,,,4.0,,,,,#63b512,
2024-09-12,Total,,43.0,,,,,0.0,,,,,1.0,,,,,#545cf8,,,,
2024-09-12,Drift,,,37.0,,,,,0.0,,,,,,,,,,,,,
2024-09-12,Flash Trade,,,14.0,,,,,0.0,,,,,4.0,,,,,#63b512,,,
2024-09-12,Jupiter,,,3.0,,,,,0.0,,,,,6.0,,,,,#00bfa5,,,
2024-09-12,_Drift,Drift,,,37.0,,,,,0.0,,,,,,,,,,,,
2024-09-12,_Flash Trade,Flash Trade,,,14.0,,,,,0.0,,,,,4.0,,,,,#63b512,,
2024-09-12,_Jupiter,Jupiter,,,3.0,,,,,0.0,,,,,6.0,,,,,#00bfa5,,
2024-09-12,Crypto,,,,,39.0,,,,,0.0,,,,,1.0,,,,,#545cf8,
2024-09-12,FX,,,,,2.0,,,,,0.0,,,,,4.0,,,,,#63b512,
2024-09-12,Commodity,,,,,2.0,,,,,0.0,,,,,3.0,,,,,#904ea6,
2024-09-11,Total,,43.0,,,,,0.0,,,,,1.0,,,,,#545cf8,,,,
2024-09-11,Drift,,,37.0,,,,,0.0,,,,,,,,,,,,,
2024-09-11,Flash Trade,,,14.0,,,,,0.0,,,,,4.0,,,,,#63b512,,,
2024-09-11,Jupiter,,,3.0,,,,,0.0,,,,,6.0,,,,,#00bfa5,,,
2024-09-11,_Drift,Drift,,,37.0,,,,,0.0,,,,,,,,,,,,
2024-09-11,_Flash Trade,Flash Trade,,,14.0,,,,,0.0,,,,,4.0,,,,,#63b512,,
2024-09-11,_Jupiter,Jupiter,,,3.0,,,,,0.0,,,,,6.0,,,,,#00bfa5,,
2024-09-11,Crypto,,,,,39.0,,,,,0.0,,,,,1.0,,,,,#545cf8,
2024-09-11,Commodity,,,,,2.0,,,,,0.0,,,,,3.0,,,,,#904ea6,
2024-09-11,FX,,,,,2.0,,,,,0.0,,,,,4.0,,,,,#63b512,
2024-09-10,Total,,43.0,,,,,0.0,,,,,1.0,,,,,#545cf8,,,,
2024-09-10,Drift,,,37.0,,,,,0.0,,,,,,,,,,,,,
2024-09-10,Flash Trade,,,14.0,,,,,0.0,,,,,4.0,,,,,#63b512,,,
2024-09-10,Jupiter,,,3.0,,,,,0.0,,,,,6.0,,,,,#00bfa5,,,
2024-09-10,_Drift,Drift,,,37.0,,,,,0.0,,,,,,,,,,,,
2024-09-10,_Flash Trade,Flash Trade,,,14.0,,,,,0.0,,,,,4.0,,,,,#63b512,,
2024-09-10,_Jupiter,Jupiter,,,3.0,,,,,0.0,,,,,6.0,,,,,#00bfa5,,
2024-09-10,Crypto,,,,,39.0,,,,,0.0,,,,,1.0,,,,,#545cf8,
2024-09-10,Commodity,,,,,2.0,,,,,0.0,,,,,3.0,,,,,#904ea6,
2024-09-10,FX,,,,,2.0,,,,,0.0,,,,,4.0,,,,,#63b512,
2024-09-09,Total,,43.0,,,,,0.0,,,,,1.0,,,,,#545cf8,,,,
2024-09-09,Drift,,,37.0,,,,,0.0,,,,,,,,,,,,,
2024-09-09,Flash Trade,,,14.0,,,,,0.0,,,,,4.0,,,,,#63b512,,,
2024-09-09,Jupiter,,,3.0,,,,,0.0,,,,,6.0,,,,,#00bfa5,,,
2024-09-09,_Drift,Drift,,,37.0,,,,,0.0,,,,,,,,,,,,
2024-09-09,_Flash Trade,Flash Trade,,,14.0,,,,,0.0,,,,,4.0,,,,,#63b512,,
2024-09-09,_Jupiter,Jupiter,,,3.0,,,,,0.0,,,,,6.0,,,,,#00bfa5,,
2024-09-09,Crypto,,,,,39.0,,,,,0.0,,,,,1.0,,,,,#545cf8,
2024-09-09,Commodity,,,,,2.0,,,,,0.0,,,,,3.0,,,,,#904ea6,
2024-09-09,FX,,,,,2.0,,,,,0.0,,,,,4.0,,,,,#63b512,
2024-09-08,Total,,43.0,,,,,0.0,,,,,1.0,,,,,#545cf8,,,,
2024-09-08,Drift,,,37.0,,,,,0.0,,,,,,,,,,,,,
2024-09-08,Flash Trade,,,14.0,,,,,0.0,,,,,4.0,,,,,#63b512,,,
2024-09-08,Jupiter,,,3.0,,,,,0.0,,,,,6.0,,,,,#00bfa5,,,
2024-09-08,_Drift,Drift,,,37.0,,,,,0.0,,,,,,,,,,,,
2024-09-08,_Flash Trade,Flash Trade,,,14.0,,,,,0.0,,,,,4.0,,,,,#63b512,,
2024-09-08,_Jupiter,Jupiter,,,3.0,,,,,0.0,,,,,6.0,,,,,#00bfa5,,
2024-09-08,Crypto,,,,,39.0,,,,,0.0,,,,,1.0,,,,,#545cf8,
2024-09-08,FX,,,,,2.0,,,,,0.0,,,,,4.0,,,,,#63b512,
2024-09-08,Commodity,,,,,2.0,,,,,0.0,,,,,3.0,,,,,#904ea6,
2024-09-07,Total,,43.0,,,,,0.0,,,,,1.0,,,,,#545cf8,,,,
2024-09-07,Drift,,,37.0,,,,,0.0,,,,,,,,,,,,,
2024-09-07,Flash Trade,,,14.0,,,,,0.0,,,,,4.0,,,,,#63b512,,,
2024-09-07,Jupiter,,,3.0,,,,,0.0,,,,,6.0,,,,,#00bfa5,,,
2024-09-07,_Drift,Drift,,,37.0,,,,,0.0,,,,,,,,,,,,
2024-09-07,_Flash Trade,Flash Trade,,,14.0,,,,,0.0,,,,,4.0,,,,,#63b512,,
2024-09-07,_Jupiter,Jupiter,,,3.0,,,,,0.0,,,,,6.0,,,,,#00bfa5,,
2024-09-07,Crypto,,,,,39.0,,,,,0.0,,,,,1.0,,,,,#545cf8,
2024-09-07,Commodity,,,,,2.0,,,,,0.0,,,,,3.0,,,,,#904ea6,
2024-09-07,FX,,,,,2.0,,,,,0.0,,,,,4.0,,,,,#63b512,
2024-09-06,Total,,43.0,,,,,1.0,,,,,1.0,,,,,#545cf8,,,,
2024-09-06,Drift,,,37.0,,,,,1.0,,,,,,,,,,,,,
2024-09-06,Flash Trade,,,14.0,,,,,1.0,,,,,4.0,,,,,#63b512,,,
2024-09-06,Jupiter,,,3.0,,,,,0.0,,,,,6.0,,,,,#00bfa5,,,
2024-09-06,_Drift,Drift,,,37.0,,,,,1.0,,,,,,,,,,,,
2024-09-06,_Flash Trade,Flash Trade,,,14.0,,,,,1.0,,,,,4.0,,,,,#63b512,,
2024-09-06,_Jupiter,Jupiter,,,3.0,,,,,0.0,,,,,6.0,,,,,#00bfa5,,
2024-09-06,Crypto,,,,,39.0,,,,,1.0,,,,,1.0,,,,,#545cf8,
2024-09-06,FX,,,,,2.0,,,,,0.0,,,,,4.0,,,,,#63b512,
2024-09-06,Commodity,,,,,2.0,,,,,0.0,,,,,3.0,,,,,#904ea6,
2024-09-05,Total,,42.0,,,,,0.0,,,,,1.0,,,,,#545cf8,,,,
2024-09-05,Drift,,,36.0,,,,,0.0,,,,,,,,,,,,,
2024-09-05,Flash Trade,,,13.0,,,,,0.0,,,,,4.0,,,,,#63b512,,,
2024-09-05,Jupiter,,,3.0,,,,,0.0,,,,,6.0,,,,,#00bfa5,,,
2024-09-05,_Drift,Drift,,,36.0,,,,,0.0,,,,,,,,,,,,
2024-09-05,_Flash Trade,Flash Trade,,,13.0,,,,,0.0,,,,,4.0,,,,,#63b512,,
2024-09-05,_Jupiter,Jupiter,,,3.0,,,,,0.0,,,,,6.0,,,,,#00bfa5,,
2024-09-05,Crypto,,,,,38.0,,,,,0.0,,,,,1.0,,,,,#545cf8,
2024-09-05,Commodity,,,,,2.0,,,,,0.0,,,,,3.0,,,,,#904ea6,
2024-09-05,FX,,,,,2.0,,,,,0.0,,,,,4.0,,,,,#63b512,
2024-09-04,Total,,42.0,,,,,0.0,,,,,1.0,,,,,#545cf8,,,,
2024-09-04,Drift,,,36.0,,,,,0.0,,,,,,,,,,,,,
2024-09-04,Flash Trade,,,13.0,,,,,0.0,,,,,4.0,,,,,#63b512,,,
2024-09-04,Jupiter,,,3.0,,,,,0.0,,,,,6.0,,,,,#00bfa5,,,
2024-09-04,_Drift,Drift,,,36.0,,,,,0.0,,,,,,,,,,,,
2024-09-04,_Flash Trade,Flash Trade,,,13.0,,,,,0.0,,,,,4.0,,,,,#63b512,,
2024-09-04,_Jupiter,Jupiter,,,3.0,,,,,0.0,,,,,6.0,,,,,#00bfa5,,
2024-09-04,Crypto,,,,,38.0,,,,,0.0,,,,,1.0,,,,,#545cf8,
2024-09-04,FX,,,,,2.0,,,,,0.0,,,,,4.0,,,,,#63b512,
2024-09-04,Commodity,,,,,2.0,,,,,0.0,,,,,3.0,,,,,#904ea6,
2024-09-03,Total,,42.0,,,,,0.0,,,,,1.0,,,,,#545cf8,,,,
2024-09-03,Drift,,,36.0,,,,,0.0,,,,,,,,,,,,,
2024-09-03,Flash Trade,,,13.0,,,,,0.0,,,,,4.0,,,,,#63b512,,,
2024-09-03,Jupiter,,,3.0,,,,,0.0,,,,,6.0,,,,,#00bfa5,,,
2024-09-03,_Drift,Drift,,,36.0,,,,,0.0,,,,,,,,,,,,
2024-09-03,_Flash Trade,Flash Trade,,,13.0,,,,,0.0,,,,,4.0,,,,,#63b512,,
2024-09-03,_Jupiter,Jupiter,,,3.0,,,,,0.0,,,,,6.0,,,,,#00bfa5,,
2024-09-03,Crypto,,,,,38.0,,,,,0.0,,,,,1.0,,,,,#545cf8,
2024-09-03,Commodity,,,,,2.0,,,,,0.0,,,,,3.0,,,,,#904ea6,
2024-09-03,FX,,,,,2.0,,,,,0.0,,,,,4.0,,,,,#63b512,
2024-09-02,Total,,42.0,,,,,0.0,,,,,1.0,,,,,#545cf8,,,,
2024-09-02,Drift,,,36.0,,,,,0.0,,,,,,,,,,,,,
2024-09-02,Flash Trade,,,13.0,,,,,0.0,,,,,4.0,,,,,#63b512,,,
2024-09-02,Jupiter,,,3.0,,,,,0.0,,,,,6.0,,,,,#00bfa5,,,
2024-09-02,_Drift,Drift,,,36.0,,,,,0.0,,,,,,,,,,,,
2024-09-02,_Flash Trade,Flash Trade,,,13.0,,,,,0.0,,,,,4.0,,,,,#63b512,,
2024-09-02,_Jupiter,Jupiter,,,3.0,,,,,0.0,,,,,6.0,,,,,#00bfa5,,
2024-09-02,Crypto,,,,,38.0,,,,,0.0,,,,,1.0,,,,,#545cf8,
2024-09-02,Commodity,,,,,2.0,,,,,0.0,,,,,3.0,,,,,#904ea6,
2024-09-02,FX,,,,,2.0,,,,,0.0,,,,,4.0,,,,,#63b512,
2024-09-01,Total,,42.0,,,,,0.0,,,,,1.0,,,,,#545cf8,,,,
2024-09-01,Drift,,,36.0,,,,,0.0,,,,,,,,,,,,,
2024-09-01,Flash Trade,,,13.0,,,,,0.0,,,,,4.0,,,,,#63b512,,,
2024-09-01,Jupiter,,,3.0,,,,,0.0,,,,,6.0,,,,,#00bfa5,,,
2024-09-01,_Drift,Drift,,,36.0,,,,,0.0,,,,,,,,,,,,
2024-09-01,_Flash Trade,Flash Trade,,,13.0,,,,,0.0,,,,,4.0,,,,,#63b512,,
2024-09-01,_Jupiter,Jupiter,,,3.0,,,,,0.0,,,,,6.0,,,,,#00bfa5,,
2024-09-01,Crypto,,,,,38.0,,,,,0.0,,,,,1.0,,,,,#545cf8,
2024-09-01,Commodity,,,,,2.0,,,,,0.0,,,,,3.0,,,,,#904ea6,
2024-09-01,FX,,,,,2.0,,,,,0.0,,,,,4.0,,,,,#63b512,
2024-08-31,Total,,42.0,,,,,0.0,,,,,1.0,,,,,#545cf8,,,,
2024-08-31,Drift,,,36.0,,,,,0.0,,,,,,,,,,,,,
2024-08-31,Flash Trade,,,13.0,,,,,0.0,,,,,4.0,,,,,#63b512,,,
2024-08-31,Jupiter,,,3.0,,,,,0.0,,,,,6.0,,,,,#00bfa5,,,
2024-08-31,_Drift,Drift,,,36.0,,,,,0.0,,,,,,,,,,,,
2024-08-31,_Flash Trade,Flash Trade,,,13.0,,,,,0.0,,,,,4.0,,,,,#63b512,,
2024-08-31,_Jupiter,Jupiter,,,3.0,,,,,0.0,,,,,6.0,,,,,#00bfa5,,
2024-08-31,Crypto,,,,,38.0,,,,,0.0,,,,,1.0,,,,,#545cf8,
2024-08-31,FX,,,,,2.0,,,,,0.0,,,,,4.0,,,,,#63b512,
2024-08-31,Commodity,,,,,2.0,,,,,0.0,,,,,3.0,,,,,#904ea6,
2024-08-30,Total,,42.0,,,,,0.0,,,,,1.0,,,,,#545cf8,,,,
2024-08-30,Drift,,,36.0,,,,,0.0,,,,,,,,,,,,,
2024-08-30,Flash Trade,,,13.0,,,,,0.0,,,,,4.0,,,,,#63b512,,,
2024-08-30,Jupiter,,,3.0,,,,,0.0,,,,,6.0,,,,,#00bfa5,,,
2024-08-30,_Drift,Drift,,,36.0,,,,,0.0,,,,,,,,,,,,
2024-08-30,_Flash Trade,Flash Trade,,,13.0,,,,,0.0,,,,,4.0,,,,,#63b512,,
2024-08-30,_Jupiter,Jupiter,,,3.0,,,,,0.0,,,,,6.0,,,,,#00bfa5,,
2024-08-30,Crypto,,,,,38.0,,,,,0.0,,,,,1.0,,,,,#545cf8,
2024-08-30,FX,,,,,2.0,,,,,0.0,,,,,4.0,,,,,#63b512,
2024-08-30,Commodity,,,,,2.0,,,,,0.0,,,,,3.0,,,,,#904ea6,
2024-08-29,Total,,42.0,,,,,0.0,,,,,1.0,,,,,#545cf8,,,,
2024-08-29,Drift,,,36.0,,,,,0.0,,,,,,,,,,,,,
2024-08-29,Flash Trade,,,13.0,,,,,0.0,,,,,4.0,,,,,#63b512,,,
2024-08-29,Jupiter,,,3.0,,,,,0.0,,,,,6.0,,,,,#00bfa5,,,
2024-08-29,_Drift,Drift,,,36.0,,,,,0.0,,,,,,,,,,,,
2024-08-29,_Flash Trade,Flash Trade,,,13.0,,,,,0.0,,,,,4.0,,,,,#63b512,,
2024-08-29,_Jupiter,Jupiter,,,3.0,,,,,0.0,,,,,6.0,,,,,#00bfa5,,
2024-08-29,Crypto,,,,,38.0,,,,,0.0,,,,,1.0,,,,,#545cf8,
2024-08-29,FX,,,,,2.0,,,,,0.0,,,,,4.0,,,,,#63b512,
2024-08-29,Commodity,,,,,2.0,,,,,0.0,,,,,3.0,,,,,#904ea6,
2024-08-28,Total,,42.0,,,,,0.0,,,,,1.0,,,,,#545cf8,,,,
2024-08-28,Drift,,,36.0,,,,,0.0,,,,,,,,,,,,,
2024-08-28,Flash Trade,,,13.0,,,,,0.0,,,,,4.0,,,,,#63b512,,,
2024-08-28,Jupiter,,,3.0,,,,,0.0,,,,,6.0,,,,,#00bfa5,,,
2024-08-28,_Drift,Drift,,,36.0,,,,,0.0,,,,,,,,,,,,
2024-08-28,_Flash Trade,Flash Trade,,,13.0,,,,,0.0,,,,,4.0,,,,,#63b512,,
2024-08-28,_Jupiter,Jupiter,,,3.0,,,,,0.0,,,,,6.0,,,,,#00bfa5,,
2024-08-28,Crypto,,,,,38.0,,,,,0.0,,,,,1.0,,,,,#545cf8,
2024-08-28,Commodity,,,,,2.0,,,,,0.0,,,,,3.0,,,,,#904ea6,
2024-08-28,FX,,,,,2.0,,,,,0.0,,,,,4.0,,,,,#63b512,
2024-08-27,Total,,42.0,,,,,0.0,,,,,1.0,,,,,#545cf8,,,,
2024-08-27,Drift,,,36.0,,,,,0.0,,,,,,,,,,,,,
2024-08-27,Flash Trade,,,13.0,,,,,0.0,,,,,4.0,,,,,#63b512,,,
2024-08-27,Jupiter,,,3.0,,,,,0.0,,,,,6.0,,,,,#00bfa5,,,
2024-08-27,_Drift,Drift,,,36.0,,,,,0.0,,,,,,,,,,,,
2024-08-27,_Flash Trade,Flash Trade,,,13.0,,,,,0.0,,,,,4.0,,,,,#63b512,,
2024-08-27,_Jupiter,Jupiter,,,3.0,,,,,0.0,,,,,6.0,,,,,#00bfa5,,
2024-08-27,Crypto,,,,,38.0,,,,,0.0,,,,,1.0,,,,,#545cf8,
2024-08-27,Commodity,,,,,2.0,,,,,0.0,,,,,3.0,,,,,#904ea6,
2024-08-27,FX,,,,,2.0,,,,,0.0,,,,,4.0,,,,,#63b512,
2024-08-26,Total,,42.0,,,,,0.0,,,,,1.0,,,,,#545cf8,,,,
2024-08-26,Drift,,,36.0,,,,,0.0,,,,,,,,,,,,,
2024-08-26,Flash Trade,,,13.0,,,,,0.0,,,,,4.0,,,,,#63b512,,,
2024-08-26,Jupiter,,,3.0,,,,,0.0,,,,,6.0,,,,,#00bfa5,,,
2024-08-26,_Drift,Drift,,,36.0,,,,,0.0,,,,,,,,,,,,
2024-08-26,_Flash Trade,Flash Trade,,,13.0,,,,,0.0,,,,,4.0,,,,,#63b512,,
2024-08-26,_Jupiter,Jupiter,,,3.0,,,,,0.0,,,,,6.0,,,,,#00bfa5,,
2024-08-26,Crypto,,,,,38.0,,,,,0.0,,,,,1.0,,,,,#545cf8,
2024-08-26,FX,,,,,2.0,,,,,0.0,,,,,4.0,,,,,#63b512,
2024-08-26,Commodity,,,,,2.0,,,,,0.0,,,,,3.0,,,,,#904ea6,
2024-08-25,Total,,42.0,,,,,0.0,,,,,1.0,,,,,#545cf8,,,,
2024-08-25,Drift,,,36.0,,,,,0.0,,,,,,,,,,,,,
2024-08-25,Flash Trade,,,13.0,,,,,0.0,,,,,4.0,,,,,#63b512,,,
2024-08-25,Jupiter,,,3.0,,,,,0.0,,,,,6.0,,,,,#00bfa5,,,
2024-08-25,_Drift,Drift,,,36.0,,,,,0.0,,,,,,,,,,,,
2024-08-25,_Flash Trade,Flash Trade,,,13.0,,,,,0.0,,,,,4.0,,,,,#63b512,,
2024-08-25,_Jupiter,Jupiter,,,3.0,,,,,0.0,,,,,6.0,,,,,#00bfa5,,
2024-08-25,Crypto,,,,,38.0,,,,,0.0,,,,,1.0,,,,,#545cf8,
2024-08-25,FX,,,,,2.0,,,,,0.0,,,,,4.0,,,,,#63b512,
2024-08-25,Commodity,,,,,2.0,,,,,0.0,,,,,3.0,,,,,#904ea6,
2024-08-24,Total,,42.0,,,,,0.0,,,,,1.0,,,,,#545cf8,,,,
2024-08-24,Drift,,,36.0,,,,,0.0,,,,,,,,,,,,,
2024-08-24,Flash Trade,,,13.0,,,,,0.0,,,,,4.0,,,,,#63b512,,,
2024-08-24,Jupiter,,,3.0,,,,,0.0,,,,,6.0,,,,,#00bfa5,,,
2024-08-24,_Drift,Drift,,,36.0,,,,,0.0,,,,,,,,,,,,
2024-08-24,_Flash Trade,Flash Trade,,,13.0,,,,,0.0,,,,,4.0,,,,,#63b512,,
2024-08-24,_Jupiter,Jupiter,,,3.0,,,,,0.0,,,,,6.0,,,,,#00bfa5,,
2024-08-24,Crypto,,,,,38.0,,,,,0.0,,,,,1.0,,,,,#545cf8,
2024-08-24,Commodity,,,,,2.0,,,,,0.0,,,,,3.0,,,,,#904ea6,
2024-08-24,FX,,,,,2.0,,,,,0.0,,,,,4.0,,,,,#63b512,
2024-08-23,Total,,42.0,,,,,0.0,,,,,1.0,,,,,#545cf8,,,,
2024-08-23,Drift,,,36.0,,,,,0.0,,,,,,,,,,,,,
2024-08-23,Flash Trade,,,13.0,,,,,0.0,,,,,4.0,,,,,#63b512,,,
2024-08-23,Jupiter,,,3.0,,,,,0.0,,,,,6.0,,,,,#00bfa5,,,
2024-08-23,_Drift,Drift,,,36.0,,,,,0.0,,,,,,,,,,,,
2024-08-23,_Flash Trade,Flash Trade,,,13.0,,,,,0.0,,,,,4.0,,,,,#63b512,,
2024-08-23,_Jupiter,Jupiter,,,3.0,,,,,0.0,,,,,6.0,,,,,#00bfa5,,
2024-08-23,Crypto,,,,,38.0,,,,,0.0,,,,,1.0,,,,,#545cf8,
2024-08-23,Commodity,,,,,2.0,,,,,0.0,,,,,3.0,,,,,#904ea6,
2024-08-23,FX,,,,,2.0,,,,,0.0,,,,,4.0,,,,,#63b512,
2024-08-22,Total,,42.0,,,,,0.0,,,,,1.0,,,,,#545cf8,,,,
2024-08-22,Drift,,,36.0,,,,,0.0,,,,,,,,,,,,,
2024-08-22,Flash Trade,,,13.0,,,,,0.0,,,,,4.0,,,,,#63b512,,,
2024-08-22,Jupiter,,,3.0,,,,,0.0,,,,,6.0,,,,,#00bfa5,,,
2024-08-22,_Drift,Drift,,,36.0,,,,,0.0,,,,,,,,,,,,
2024-08-22,_Flash Trade,Flash Trade,,,13.0,,,,,0.0,,,,,4.0,,,,,#63b512,,
2024-08-22,_Jupiter,Jupiter,,,3.0,,,,,0.0,,,,,6.0,,,,,#00bfa5,,
2024-08-22,Crypto,,,,,38.0,,,,,0.0,,,,,1.0,,,,,#545cf8,
2024-08-22,FX,,,,,2.0,,,,,0.0,,,,,4.0,,,,,#63b512,
2024-08-22,Commodity,,,,,2.0,,,,,0.0,,,,,3.0,,,,,#904ea6,
2024-08-21,Total,,42.0,,,,,0.0,,,,,1.0,,,,,#545cf8,,,,
2024-08-21,Drift,,,36.0,,,,,0.0,,,,,,,,,,,,,
2024-08-21,Flash Trade,,,13.0,,,,,0.0,,,,,4.0,,,,,#63b512,,,
2024-08-21,Jupiter,,,3.0,,,,,0.0,,,,,6.0,,,,,#00bfa5,,,
2024-08-21,_Drift,Drift,,,36.0,,,,,0.0,,,,,,,,,,,,
2024-08-21,_Flash Trade,Flash Trade,,,13.0,,,,,0.0,,,,,4.0,,,,,#63b512,,
2024-08-21,_Jupiter,Jupiter,,,3.0,,,,,0.0,,,,,6.0,,,,,#00bfa5,,
2024-08-21,Crypto,,,,,38.0,,,,,0.0,,,,,1.0,,,,,#545cf8,
2024-08-21,Commodity,,,,,2.0,,,,,0.0,,,,,3.0,,,,,#904ea6,
2024-08-21,FX,,,,,2.0,,,,,0.0,,,,,4.0,,,,,#63b512,
2024-08-20,Total,,42.0,,,,,0.0,,,,,1.0,,,,,#545cf8,,,,
2024-08-20,Drift,,,36.0,,,,,0.0,,,,,,,,,,,,,
2024-08-20,Flash Trade,,,13.0,,,,,0.0,,,,,4.0,,,,,#63b512,,,
2024-08-20,Jupiter,,,3.0,,,,,0.0,,,,,6.0,,,,,#00bfa5,,,
2024-08-20,_Drift,Drift,,,36.0,,,,,0.0,,,,,,,,,,,,
2024-08-20,_Flash Trade,Flash Trade,,,13.0,,,,,0.0,,,,,4.0,,,,,#63b512,,
2024-08-20,_Jupiter,Jupiter,,,3.0,,,,,0.0,,,,,6.0,,,,,#00bfa5,,
2024-08-20,Crypto,,,,,38.0,,,,,0.0,,,,,1.0,,,,,#545cf8,
2024-08-20,Commodity,,,,,2.0,,,,,0.0,,,,,3.0,,,,,#904ea6,
2024-08-20,FX,,,,,2.0,,,,,0.0,,,,,4.0,,,,,#63b512,
2024-08-19,Total,,42.0,,,,,0.0,,,,,1.0,,,,,#545cf8,,,,
2024-08-19,Drift,,,36.0,,,,,0.0,,,,,,,,,,,,,
2024-08-19,Flash Trade,,,13.0,,,,,0.0,,,,,4.0,,,,,#63b512,,,
2024-08-19,Jupiter,,,3.0,,,,,0.0,,,,,6.0,,,,,#00bfa5,,,
2024-08-19,_Drift,Drift,,,36.0,,,,,0.0,,,,,,,,,,,,
2024-08-19,_Flash Trade,Flash Trade,,,13.0,,,,,0.0,,,,,4.0,,,,,#63b512,,
2024-08-19,_Jupiter,Jupiter,,,3.0,,,,,0.0,,,,,6.0,,,,,#00bfa5,,
2024-08-19,Crypto,,,,,38.0,,,,,0.0,,,,,1.0,,,,,#545cf8,
2024-08-19,FX,,,,,2.0,,,,,0.0,,,,,4.0,,,,,#63b512,
2024-08-19,Commodity,,,,,2.0,,,,,0.0,,,,,3.0,,,,,#904ea6,
2024-08-18,Total,,42.0,,,,,0.0,,,,,1.0,,,,,#545cf8,,,,
2024-08-18,Drift,,,36.0,,,,,0.0,,,,,,,,,,,,,
2024-08-18,Flash Trade,,,13.0,,,,,0.0,,,,,4.0,,,,,#63b512,,,
2024-08-18,Jupiter,,,3.0,,,,,0.0,,,,,6.0,,,,,#00bfa5,,,
2024-08-18,_Drift,Drift,,,36.0,,,,,0.0,,,,,,,,,,,,
2024-08-18,_Flash Trade,Flash Trade,,,13.0,,,,,0.0,,,,,4.0,,,,,#63b512,,
2024-08-18,_Jupiter,Jupiter,,,3.0,,,,,0.0,,,,,6.0,,,,,#00bfa5,,
2024-08-18,Crypto,,,,,38.0,,,,,0.0,,,,,1.0,,,,,#545cf8,
2024-08-18,Commodity,,,,,2.0,,,,,0.0,,,,,3.0,,,,,#904ea6,
2024-08-18,FX,,,,,2.0,,,,,0.0,,,,,4.0,,,,,#63b512,
2024-08-17,Total,,42.0,,,,,0.0,,,,,1.0,,,,,#545cf8,,,,
2024-08-17,Drift,,,36.0,,,,,0.0,,,,,,,,,,,,,
2024-08-17,Flash Trade,,,13.0,,,,,0.0,,,,,4.0,,,,,#63b512,,,
2024-08-17,Jupiter,,,3.0,,,,,0.0,,,,,6.0,,,,,#00bfa5,,,
2024-08-17,_Drift,Drift,,,36.0,,,,,0.0,,,,,,,,,,,,
2024-08-17,_Flash Trade,Flash Trade,,,13.0,,,,,0.0,,,,,4.0,,,,,#63b512,,
2024-08-17,_Jupiter,Jupiter,,,3.0,,,,,0.0,,,,,6.0,,,,,#00bfa5,,
2024-08-17,Crypto,,,,,38.0,,,,,0.0,,,,,1.0,,,,,#545cf8,
2024-08-17,FX,,,,,2.0,,,,,0.0,,,,,4.0,,,,,#63b512,
2024-08-17,Commodity,,,,,2.0,,,,,0.0,,,,,3.0,,,,,#904ea6,
2024-08-16,Total,,42.0,,,,,0.0,,,,,1.0,,,,,#545cf8,,,,
2024-08-16,Drift,,,36.0,,,,,0.0,,,,,,,,,,,,,
2024-08-16,Flash Trade,,,13.0,,,,,1.0,,,,,4.0,,,,,#63b512,,,
2024-08-16,Jupiter,,,3.0,,,,,0.0,,,,,6.0,,,,,#00bfa5,,,
2024-08-16,_Drift,Drift,,,36.0,,,,,0.0,,,,,,,,,,,,
2024-08-16,_Flash Trade,Flash Trade,,,13.0,,,,,1.0,,,,,4.0,,,,,#63b512,,
2024-08-16,_Jupiter,Jupiter,,,3.0,,,,,0.0,,,,,6.0,,,,,#00bfa5,,
2024-08-16,Crypto,,,,,38.0,,,,,0.0,,,,,1.0,,,,,#545cf8,
2024-08-16,Commodity,,,,,2.0,,,,,0.0,,,,,3.0,,,,,#904ea6,
2024-08-16,FX,,,,,2.0,,,,,0.0,,,,,4.0,,,,,#63b512,
2024-08-15,Total,,42.0,,,,,0.0,,,,,1.0,,,,,#545cf8,,,,
2024-08-15,Drift,,,36.0,,,,,0.0,,,,,,,,,,,,,
2024-08-15,Flash Trade,,,12.0,,,,,0.0,,,,,4.0,,,,,#63b512,,,
2024-08-15,Jupiter,,,3.0,,,,,0.0,,,,,6.0,,,,,#00bfa5,,,
2024-08-15,_Drift,Drift,,,36.0,,,,,0.0,,,,,,,,,,,,
2024-08-15,_Flash Trade,Flash Trade,,,12.0,,,,,0.0,,,,,4.0,,,,,#63b512,,
2024-08-15,_Jupiter,Jupiter,,,3.0,,,,,0.0,,,,,6.0,,,,,#00bfa5,,
2024-08-15,Crypto,,,,,38.0,,,,,0.0,,,,,1.0,,,,,#545cf8,
2024-08-15,FX,,,,,2.0,,,,,0.0,,,,,4.0,,,,,#63b512,
2024-08-15,Commodity,,,,,2.0,,,,,0.0,,,,,3.0,,,,,#904ea6,
2024-08-14,Total,,42.0,,,,,0.0,,,,,1.0,,,,,#545cf8,,,,
2024-08-14,Drift,,,36.0,,,,,0.0,,,,,,,,,,,,,
2024-08-14,Flash Trade,,,12.0,,,,,0.0,,,,,4.0,,,,,#63b512,,,
2024-08-14,Jupiter,,,3.0,,,,,0.0,,,,,6.0,,,,,#00bfa5,,,
2024-08-14,_Drift,Drift,,,36.0,,,,,0.0,,,,,,,,,,,,
2024-08-14,_Flash Trade,Flash Trade,,,12.0,,,,,0.0,,,,,4.0,,,,,#63b512,,
2024-08-14,_Jupiter,Jupiter,,,3.0,,,,,0.0,,,,,6.0,,,,,#00bfa5,,
2024-08-14,Crypto,,,,,38.0,,,,,0.0,,,,,1.0,,,,,#545cf8,
2024-08-14,FX,,,,,2.0,,,,,0.0,,,,,4.0,,,,,#63b512,
2024-08-14,Commodity,,,,,2.0,,,,,0.0,,,,,3.0,,,,,#904ea6,
2024-08-13,Total,,42.0,,,,,0.0,,,,,1.0,,,,,#545cf8,,,,
2024-08-13,Drift,,,36.0,,,,,0.0,,,,,,,,,,,,,
2024-08-13,Flash Trade,,,12.0,,,,,0.0,,,,,4.0,,,,,#63b512,,,
2024-08-13,Jupiter,,,3.0,,,,,0.0,,,,,6.0,,,,,#00bfa5,,,
2024-08-13,_Drift,Drift,,,36.0,,,,,0.0,,,,,,,,,,,,
2024-08-13,_Flash Trade,Flash Trade,,,12.0,,,,,0.0,,,,,4.0,,,,,#63b512,,
2024-08-13,_Jupiter,Jupiter,,,3.0,,,,,0.0,,,,,6.0,,,,,#00bfa5,,
2024-08-13,Crypto,,,,,38.0,,,,,0.0,,,,,1.0,,,,,#545cf8,
2024-08-13,FX,,,,,2.0,,,,,0.0,,,,,4.0,,,,,#63b512,
2024-08-13,Commodity,,,,,2.0,,,,,0.0,,,,,3.0,,,,,#904ea6,
2024-08-12,Total,,42.0,,,,,0.0,,,,,1.0,,,,,#545cf8,,,,
2024-08-12,Drift,,,36.0,,,,,0.0,,,,,,,,,,,,,
2024-08-12,Flash Trade,,,12.0,,,,,0.0,,,,,4.0,,,,,#63b512,,,
2024-08-12,Jupiter,,,3.0,,,,,0.0,,,,,6.0,,,,,#00bfa5,,,
2024-08-12,_Drift,Drift,,,36.0,,,,,0.0,,,,,,,,,,,,
2024-08-12,_Flash Trade,Flash Trade,,,12.0,,,,,0.0,,,,,4.0,,,,,#63b512,,
2024-08-12,_Jupiter,Jupiter,,,3.0,,,,,0.0,,,,,6.0,,,,,#00bfa5,,
2024-08-12,Crypto,,,,,38.0,,,,,0.0,,,,,1.0,,,,,#545cf8,
2024-08-12,Commodity,,,,,2.0,,,,,0.0,,,,,3.0,,,,,#904ea6,
2024-08-12,FX,,,,,2.0,,,,,0.0,,,,,4.0,,,,,#63b512,
2024-08-11,Total,,42.0,,,,,0.0,,,,,1.0,,,,,#545cf8,,,,
2024-08-11,Drift,,,36.0,,,,,0.0,,,,,,,,,,,,,
2024-08-11,Flash Trade,,,12.0,,,,,0.0,,,,,4.0,,,,,#63b512,,,
2024-08-11,Jupiter,,,3.0,,,,,0.0,,,,,6.0,,,,,#00bfa5,,,
2024-08-11,_Drift,Drift,,,36.0,,,,,0.0,,,,,,,,,,,,
2024-08-11,_Flash Trade,Flash Trade,,,12.0,,,,,0.0,,,,,4.0,,,,,#63b512,,
2024-08-11,_Jupiter,Jupiter,,,3.0,,,,,0.0,,,,,6.0,,,,,#00bfa5,,
2024-08-11,Crypto,,,,,38.0,,,,,0.0,,,,,1.0,,,,,#545cf8,
2024-08-11,FX,,,,,2.0,,,,,0.0,,,,,4.0,,,,,#63b512,
2024-08-11,Commodity,,,,,2.0,,,,,0.0,,,,,3.0,,,,,#904ea6,
2024-08-10,Total,,42.0,,,,,0.0,,,,,1.0,,,,,#545cf8,,,,
2024-08-10,Drift,,,36.0,,,,,0.0,,,,,,,,,,,,,
2024-08-10,Flash Trade,,,12.0,,,,,0.0,,,,,4.0,,,,,#63b512,,,
2024-08-10,Jupiter,,,3.0,,,,,0.0,,,,,6.0,,,,,#00bfa5,,,
2024-08-10,_Drift,Drift,,,36.0,,,,,0.0,,,,,,,,,,,,
2024-08-10,_Flash Trade,Flash Trade,,,12.0,,,,,0.0,,,,,4.0,,,,,#63b512,,
2024-08-10,_Jupiter,Jupiter,,,3.0,,,,,0.0,,,,,6.0,,,,,#00bfa5,,
2024-08-10,Crypto,,,,,38.0,,,,,0.0,,,,,1.0,,,,,#545cf8,
2024-08-10,FX,,,,,2.0,,,,,0.0,,,,,4.0,,,,,#63b512,
2024-08-10,Commodity,,,,,2.0,,,,,0.0,,,,,3.0,,,,,#904ea6,
2024-08-09,Total,,42.0,,,,,0.0,,,,,1.0,,,,,#545cf8,,,,
2024-08-09,Drift,,,36.0,,,,,0.0,,,,,,,,,,,,,
2024-08-09,Flash Trade,,,12.0,,,,,0.0,,,,,4.0,,,,,#63b512,,,
2024-08-09,Jupiter,,,3.0,,,,,0.0,,,,,6.0,,,,,#00bfa5,,,
2024-08-09,_Drift,Drift,,,36.0,,,,,0.0,,,,,,,,,,,,
2024-08-09,_Flash Trade,Flash Trade,,,12.0,,,,,0.0,,,,,4.0,,,,,#63b512,,
2024-08-09,_Jupiter,Jupiter,,,3.0,,,,,0.0,,,,,6.0,,,,,#00bfa5,,
2024-08-09,Crypto,,,,,38.0,,,,,0.0,,,,,1.0,,,,,#545cf8,
2024-08-09,FX,,,,,2.0,,,,,0.0,,,,,4.0,,,,,#63b512,
2024-08-09,Commodity,,,,,2.0,,,,,0.0,,,,,3.0,,,,,#904ea6,
2024-08-08,Total,,42.0,,,,,0.0,,,,,1.0,,,,,#545cf8,,,,
2024-08-08,Drift,,,36.0,,,,,0.0,,,,,,,,,,,,,
2024-08-08,Flash Trade,,,12.0,,,,,0.0,,,,,4.0,,,,,#63b512,,,
2024-08-08,Jupiter,,,3.0,,,,,0.0,,,,,6.0,,,,,#00bfa5,,,
2024-08-08,_Drift,Drift,,,36.0,,,,,0.0,,,,,,,,,,,,
2024-08-08,_Flash Trade,Flash Trade,,,12.0,,,,,0.0,,,,,4.0,,,,,#63b512,,
2024-08-08,_Jupiter,Jupiter,,,3.0,,,,,0.0,,,,,6.0,,,,,#00bfa5,,
2024-08-08,Crypto,,,,,38.0,,,,,0.0,,,,,1.0,,,,,#545cf8,
2024-08-08,Commodity,,,,,2.0,,,,,0.0,,,,,3.0,,,,,#904ea6,
2024-08-08,FX,,,,,2.0,,,,,0.0,,,,,4.0,,,,,#63b512,
2024-08-07,Total,,42.0,,,,,0.0,,,,,1.0,,,,,#545cf8,,,,
2024-08-07,Drift,,,36.0,,,,,0.0,,,,,,,,,,,,,
2024-08-07,Flash Trade,,,12.0,,,,,0.0,,,,,4.0,,,,,#63b512,,,
2024-08-07,Jupiter,,,3.0,,,,,0.0,,,,,6.0,,,,,#00bfa5,,,
2024-08-07,_Drift,Drift,,,36.0,,,,,0.0,,,,,,,,,,,,
2024-08-07,_Flash Trade,Flash Trade,,,12.0,,,,,0.0,,,,,4.0,,,,,#63b512,,
2024-08-07,_Jupiter,Jupiter,,,3.0,,,,,0.0,,,,,6.0,,,,,#00bfa5,,
2024-08-07,Crypto,,,,,38.0,,,,,0.0,,,,,1.0,,,,,#545cf8,
2024-08-07,FX,,,,,2.0,,,,,0.0,,,,,4.0,,,,,#63b512,
2024-08-07,Commodity,,,,,2.0,,,,,0.0,,,,,3.0,,,,,#904ea6,
2024-08-06,Total,,42.0,,,,,0.0,,,,,1.0,,,,,#545cf8,,,,
2024-08-06,Drift,,,36.0,,,,,0.0,,,,,,,,,,,,,
2024-08-06,Flash Trade,,,12.0,,,,,0.0,,,,,4.0,,,,,#63b512,,,
2024-08-06,Jupiter,,,3.0,,,,,0.0,,,,,6.0,,,,,#00bfa5,,,
2024-08-06,_Drift,Drift,,,36.0,,,,,0.0,,,,,,,,,,,,
2024-08-06,_Flash Trade,Flash Trade,,,12.0,,,,,0.0,,,,,4.0,,,,,#63b512,,
2024-08-06,_Jupiter,Jupiter,,,3.0,,,,,0.0,,,,,6.0,,,,,#00bfa5,,
2024-08-06,Crypto,,,,,38.0,,,,,0.0,,,,,1.0,,,,,#545cf8,
2024-08-06,Commodity,,,,,2.0,,,,,0.0,,,,,3.0,,,,,#904ea6,
2024-08-06,FX,,,,,2.0,,,,,0.0,,,,,4.0,,,,,#63b512,
2024-08-05,Total,,42.0,,,,,0.0,,,,,1.0,,,,,#545cf8,,,,
2024-08-05,Drift,,,36.0,,,,,0.0,,,,,,,,,,,,,
2024-08-05,Flash Trade,,,12.0,,,,,0.0,,,,,4.0,,,,,#63b512,,,
2024-08-05,Jupiter,,,3.0,,,,,0.0,,,,,6.0,,,,,#00bfa5,,,
2024-08-05,_Drift,Drift,,,36.0,,,,,0.0,,,,,,,,,,,,
2024-08-05,_Flash Trade,Flash Trade,,,12.0,,,,,0.0,,,,,4.0,,,,,#63b512,,
2024-08-05,_Jupiter,Jupiter,,,3.0,,,,,0.0,,,,,6.0,,,,,#00bfa5,,
2024-08-05,Crypto,,,,,38.0,,,,,0.0,,,,,1.0,,,,,#545cf8,
2024-08-05,FX,,,,,2.0,,,,,0.0,,,,,4.0,,,,,#63b512,
2024-08-05,Commodity,,,,,2.0,,,,,0.0,,,,,3.0,,,,,#904ea6,
2024-08-04,Total,,42.0,,,,,0.0,,,,,1.0,,,,,#545cf8,,,,
2024-08-04,Drift,,,36.0,,,,,0.0,,,,,,,,,,,,,
2024-08-04,Flash Trade,,,12.0,,,,,0.0,,,,,4.0,,,,,#63b512,,,
2024-08-04,Jupiter,,,3.0,,,,,0.0,,,,,6.0,,,,,#00bfa5,,,
2024-08-04,_Drift,Drift,,,36.0,,,,,0.0,,,,,,,,,,,,
2024-08-04,_Flash Trade,Flash Trade,,,12.0,,,,,0.0,,,,,4.0,,,,,#63b512,,
2024-08-04,_Jupiter,Jupiter,,,3.0,,,,,0.0,,,,,6.0,,,,,#00bfa5,,
2024-08-04,Crypto,,,,,38.0,,,,,0.0,,,,,1.0,,,,,#545cf8,
2024-08-04,FX,,,,,2.0,,,,,0.0,,,,,4.0,,,,,#63b512,
2024-08-04,Commodity,,,,,2.0,,,,,0.0,,,,,3.0,,,,,#904ea6,
2024-08-03,Total,,42.0,,,,,0.0,,,,,1.0,,,,,#545cf8,,,,
2024-08-03,Drift,,,36.0,,,,,0.0,,,,,,,,,,,,,
2024-08-03,Flash Trade,,,12.0,,,,,0.0,,,,,4.0,,,,,#63b512,,,
2024-08-03,Jupiter,,,3.0,,,,,0.0,,,,,6.0,,,,,#00bfa5,,,
2024-08-03,_Drift,Drift,,,36.0,,,,,0.0,,,,,,,,,,,,
2024-08-03,_Flash Trade,Flash Trade,,,12.0,,,,,0.0,,,,,4.0,,,,,#63b512,,
2024-08-03,_Jupiter,Jupiter,,,3.0,,,,,0.0,,,,,6.0,,,,,#00bfa5,,
2024-08-03,Crypto,,,,,38.0,,,,,0.0,,,,,1.0,,,,,#545cf8,
2024-08-03,FX,,,,,2.0,,,,,0.0,,,,,4.0,,,,,#63b512,
2024-08-03,Commodity,,,,,2.0,,,,,0.0,,,,,3.0,,,,,#904ea6,
2024-08-02,Total,,42.0,,,,,0.0,,,,,1.0,,,,,#545cf8,,,,
2024-08-02,Drift,,,36.0,,,,,0.0,,,,,,,,,,,,,
2024-08-02,Flash Trade,,,12.0,,,,,0.0,,,,,4.0,,,,,#63b512,,,
2024-08-02,Jupiter,,,3.0,,,,,0.0,,,,,6.0,,,,,#00bfa5,,,
2024-08-02,_Drift,Drift,,,36.0,,,,,0.0,,,,,,,,,,,,
2024-08-02,_Flash Trade,Flash Trade,,,12.0,,,,,0.0,,,,,4.0,,,,,#63b512,,
2024-08-02,_Jupiter,Jupiter,,,3.0,,,,,0.0,,,,,6.0,,,,,#00bfa5,,
2024-08-02,Crypto,,,,,38.0,,,,,0.0,,,,,1.0,,,,,#545cf8,
2024-08-02,Commodity,,,,,2.0,,,,,0.0,,,,,3.0,,,,,#904ea6,
2024-08-02,FX,,,,,2.0,,,,,0.0,,,,,4.0,,,,,#63b512,
2024-08-01,Total,,42.0,,,,,0.0,,,,,1.0,,,,,#545cf8,,,,
2024-08-01,Drift,,,36.0,,,,,0.0,,,,,,,,,,,,,
2024-08-01,Flash Trade,,,12.0,,,,,0.0,,,,,4.0,,,,,#63b512,,,
2024-08-01,Jupiter,,,3.0,,,,,0.0,,,,,6.0,,,,,#00bfa5,,,
2024-08-01,_Drift,Drift,,,36.0,,,,,0.0,,,,,,,,,,,,
2024-08-01,_Flash Trade,Flash Trade,,,12.0,,,,,0.0,,,,,4.0,,,,,#63b512,,
2024-08-01,_Jupiter,Jupiter,,,3.0,,,,,0.0,,,,,6.0,,,,,#00bfa5,,
2024-08-01,Crypto,,,,,38.0,,,,,0.0,,,,,1.0,,,,,#545cf8,
2024-08-01,FX,,,,,2.0,,,,,0.0,,,,,4.0,,,,,#63b512,
2024-08-01,Commodity,,,,,2.0,,,,,0.0,,,,,3.0,,,,,#904ea6,
2024-07-31,Total,,42.0,,,,,0.0,,,,,1.0,,,,,#545cf8,,,,
2024-07-31,Drift,,,36.0,,,,,0.0,,,,,,,,,,,,,
2024-07-31,Flash Trade,,,12.0,,,,,0.0,,,,,4.0,,,,,#63b512,,,
2024-07-31,Jupiter,,,3.0,,,,,0.0,,,,,6.0,,,,,#00bfa5,,,
2024-07-31,_Drift,Drift,,,36.0,,,,,0.0,,,,,,,,,,,,
2024-07-31,_Flash Trade,Flash Trade,,,12.0,,,,,0.0,,,,,4.0,,,,,#63b512,,
2024-07-31,_Jupiter,Jupiter,,,3.0,,,,,0.0,,,,,6.0,,,,,#00bfa5,,
2024-07-31,Crypto,,,,,38.0,,,,,0.0,,,,,1.0,,,,,#545cf8,
2024-07-31,Commodity,,,,,2.0,,,,,0.0,,,,,3.0,,,,,#904ea6,
2024-07-31,FX,,,,,2.0,,,,,0.0,,,,,4.0,,,,,#63b512,
2024-07-30,Total,,42.0,,,,,0.0,,,,,1.0,,,,,#545cf8,,,,
2024-07-30,Drift,,,36.0,,,,,0.0,,,,,,,,,,,,,
2024-07-30,Flash Trade,,,12.0,,,,,0.0,,,,,4.0,,,,,#63b512,,,
2024-07-30,Jupiter,,,3.0,,,,,0.0,,,,,6.0,,,,,#00bfa5,,,
2024-07-30,_Drift,Drift,,,36.0,,,,,0.0,,,,,,,,,,,,
2024-07-30,_Flash Trade,Flash Trade,,,12.0,,,,,0.0,,,,,4.0,,,,,#63b512,,
2024-07-30,_Jupiter,Jupiter,,,3.0,,,,,0.0,,,,,6.0,,,,,#00bfa5,,
2024-07-30,Crypto,,,,,38.0,,,,,0.0,,,,,1.0,,,,,#545cf8,
2024-07-30,Commodity,,,,,2.0,,,,,0.0,,,,,3.0,,,,,#904ea6,
2024-07-30,FX,,,,,2.0,,,,,0.0,,,,,4.0,,,,,#63b512,
2024-07-29,Total,,42.0,,,,,0.0,,,,,1.0,,,,,#545cf8,,,,
2024-07-29,Drift,,,36.0,,,,,0.0,,,,,,,,,,,,,
2024-07-29,Flash Trade,,,12.0,,,,,0.0,,,,,4.0,,,,,#63b512,,,
2024-07-29,Jupiter,,,3.0,,,,,0.0,,,,,6.0,,,,,#00bfa5,,,
2024-07-29,_Drift,Drift,,,36.0,,,,,0.0,,,,,,,,,,,,
2024-07-29,_Flash Trade,Flash Trade,,,12.0,,,,,0.0,,,,,4.0,,,,,#63b512,,
2024-07-29,_Jupiter,Jupiter,,,3.0,,,,,0.0,,,,,6.0,,,,,#00bfa5,,
2024-07-29,Crypto,,,,,38.0,,,,,0.0,,,,,1.0,,,,,#545cf8,
2024-07-29,Commodity,,,,,2.0,,,,,0.0,,,,,3.0,,,,,#904ea6,
2024-07-29,FX,,,,,2.0,,,,,0.0,,,,,4.0,,,,,#63b512,
2024-07-28,Total,,42.0,,,,,0.0,,,,,1.0,,,,,#545cf8,,,,
2024-07-28,Drift,,,36.0,,,,,0.0,,,,,,,,,,,,,
2024-07-28,Flash Trade,,,12.0,,,,,0.0,,,,,4.0,,,,,#63b512,,,
2024-07-28,Jupiter,,,3.0,,,,,0.0,,,,,6.0,,,,,#00bfa5,,,
2024-07-28,_Drift,Drift,,,36.0,,,,,0.0,,,,,,,,,,,,
2024-07-28,_Flash Trade,Flash Trade,,,12.0,,,,,0.0,,,,,4.0,,,,,#63b512,,
2024-07-28,_Jupiter,Jupiter,,,3.0,,,,,0.0,,,,,6.0,,,,,#00bfa5,,
2024-07-28,Crypto,,,,,38.0,,,,,0.0,,,,,1.0,,,,,#545cf8,
2024-07-28,Commodity,,,,,2.0,,,,,0.0,,,,,3.0,,,,,#904ea6,
2024-07-28,FX,,,,,2.0,,,,,0.0,,,,,4.0,,,,,#63b512,
2024-07-27,Total,,42.0,,,,,0.0,,,,,1.0,,,,,#545cf8,,,,
2024-07-27,Drift,,,36.0,,,,,0.0,,,,,,,,,,,,,
2024-07-27,Flash Trade,,,12.0,,,,,0.0,,,,,4.0,,,,,#63b512,,,
2024-07-27,Jupiter,,,3.0,,,,,0.0,,,,,6.0,,,,,#00bfa5,,,
2024-07-27,_Drift,Drift,,,36.0,,,,,0.0,,,,,,,,,,,,
2024-07-27,_Flash Trade,Flash Trade,,,12.0,,,,,0.0,,,,,4.0,,,,,#63b512,,
2024-07-27,_Jupiter,Jupiter,,,3.0,,,,,0.0,,,,,6.0,,,,,#00bfa5,,
2024-07-27,Crypto,,,,,38.0,,,,,0.0,,,,,1.0,,,,,#545cf8,
2024-07-27,Commodity,,,,,2.0,,,,,0.0,,,,,3.0,,,,,#904ea6,
2024-07-27,FX,,,,,2.0,,,,,0.0,,,,,4.0,,,,,#63b512,
2024-07-26,Total,,42.0,,,,,0.0,,,,,1.0,,,,,#545cf8,,,,
2024-07-26,Drift,,,36.0,,,,,0.0,,,,,,,,,,,,,
2024-07-26,Flash Trade,,,12.0,,,,,0.0,,,,,4.0,,,,,#63b512,,,
2024-07-26,Jupiter,,,3.0,,,,,0.0,,,,,6.0,,,,,#00bfa5,,,
2024-07-26,_Drift,Drift,,,36.0,,,,,0.0,,,,,,,,,,,,
2024-07-26,_Flash Trade,Flash Trade,,,12.0,,,,,0.0,,,,,4.0,,,,,#63b512,,
2024-07-26,_Jupiter,Jupiter,,,3.0,,,,,0.0,,,,,6.0,,,,,#00bfa5,,
2024-07-26,Crypto,,,,,38.0,,,,,0.0,,,,,1.0,,,,,#545cf8,
2024-07-26,Commodity,,,,,2.0,,,,,0.0,,,,,3.0,,,,,#904ea6,
2024-07-26,FX,,,,,2.0,,,,,0.0,,,,,4.0,,,,,#63b512,
2024-07-25,Total,,42.0,,,,,0.0,,,,,1.0,,,,,#545cf8,,,,
2024-07-25,Drift,,,36.0,,,,,0.0,,,,,,,,,,,,,
2024-07-25,Flash Trade,,,12.0,,,,,0.0,,,,,4.0,,,,,#63b512,,,
2024-07-25,Jupiter,,,3.0,,,,,0.0,,,,,6.0,,,,,#00bfa5,,,
2024-07-25,_Drift,Drift,,,36.0,,,,,0.0,,,,,,,,,,,,
2024-07-25,_Flash Trade,Flash Trade,,,12.0,,,,,0.0,,,,,4.0,,,,,#63b512,,
2024-07-25,_Jupiter,Jupiter,,,3.0,,,,,0.0,,,,,6.0,,,,,#00bfa5,,
2024-07-25,Crypto,,,,,38.0,,,,,0.0,,,,,1.0,,,,,#545cf8,
2024-07-25,FX,,,,,2.0,,,,,0.0,,,,,4.0,,,,,#63b512,
2024-07-25,Commodity,,,,,2.0,,,,,0.0,,,,,3.0,,,,,#904ea6,
2024-07-24,Total,,42.0,,,,,0.0,,,,,1.0,,,,,#545cf8,,,,
2024-07-24,Drift,,,36.0,,,,,0.0,,,,,,,,,,,,,
2024-07-24,Flash Trade,,,12.0,,,,,0.0,,,,,4.0,,,,,#63b512,,,
2024-07-24,Jupiter,,,3.0,,,,,0.0,,,,,6.0,,,,,#00bfa5,,,
2024-07-24,_Drift,Drift,,,36.0,,,,,0.0,,,,,,,,,,,,
2024-07-24,_Flash Trade,Flash Trade,,,12.0,,,,,0.0,,,,,4.0,,,,,#63b512,,
2024-07-24,_Jupiter,Jupiter,,,3.0,,,,,0.0,,,,,6.0,,,,,#00bfa5,,
2024-07-24,Crypto,,,,,38.0,,,,,0.0,,,,,1.0,,,,,#545cf8,
2024-07-24,Commodity,,,,,2.0,,,,,0.0,,,,,3.0,,,,,#904ea6,
2024-07-24,FX,,,,,2.0,,,,,0.0,,,,,4.0,,,,,#63b512,
2024-07-23,Total,,42.0,,,,,0.0,,,,,1.0,,,,,#545cf8,,,,
2024-07-23,Drift,,,36.0,,,,,0.0,,,,,,,,,,,,,
2024-07-23,Flash Trade,,,12.0,,,,,0.0,,,,,4.0,,,,,#63b512,,,
2024-07-23,Jupiter,,,3.0,,,,,0.0,,,,,6.0,,,,,#00bfa5,,,
2024-07-23,_Drift,Drift,,,36.0,,,,,0.0,,,,,,,,,,,,
2024-07-23,_Flash Trade,Flash Trade,,,12.0,,,,,0.0,,,,,4.0,,,,,#63b512,,
2024-07-23,_Jupiter,Jupiter,,,3.0,,,,,0.0,,,,,6.0,,,,,#00bfa5,,
2024-07-23,Crypto,,,,,38.0,,,,,0.0,,,,,1.0,,,,,#545cf8,
2024-07-23,FX,,,,,2.0,,,,,0.0,,,,,4.0,,,,,#63b512,
2024-07-23,Commodity,,,,,2.0,,,,,0.0,,,,,3.0,,,,,#904ea6,
2024-07-22,Total,,42.0,,,,,0.0,,,,,1.0,,,,,#545cf8,,,,
2024-07-22,Drift,,,36.0,,,,,0.0,,,,,,,,,,,,,
2024-07-22,Flash Trade,,,12.0,,,,,0.0,,,,,4.0,,,,,#63b512,,,
2024-07-22,Jupiter,,,3.0,,,,,0.0,,,,,6.0,,,,,#00bfa5,,,
2024-07-22,_Drift,Drift,,,36.0,,,,,0.0,,,,,,,,,,,,
2024-07-22,_Flash Trade,Flash Trade,,,12.0,,,,,0.0,,,,,4.0,,,,,#63b512,,
2024-07-22,_Jupiter,Jupiter,,,3.0,,,,,0.0,,,,,6.0,,,,,#00bfa5,,
2024-07-22,Crypto,,,,,38.0,,,,,0.0,,,,,1.0,,,,,#545cf8,
2024-07-22,FX,,,,,2.0,,,,,0.0,,,,,4.0,,,,,#63b512,
2024-07-22,Commodity,,,,,2.0,,,,,0.0,,,,,3.0,,,,,#904ea6,
2024-07-21,Total,,42.0,,,,,0.0,,,,,1.0,,,,,#545cf8,,,,
2024-07-21,Drift,,,36.0,,,,,0.0,,,,,,,,,,,,,
2024-07-21,Flash Trade,,,12.0,,,,,0.0,,,,,4.0,,,,,#63b512,,,
2024-07-21,Jupiter,,,3.0,,,,,0.0,,,,,6.0,,,,,#00bfa5,,,
2024-07-21,_Drift,Drift,,,36.0,,,,,0.0,,,,,,,,,,,,
2024-07-21,_Flash Trade,Flash Trade,,,12.0,,,,,0.0,,,,,4.0,,,,,#63b512,,
2024-07-21,_Jupiter,Jupiter,,,3.0,,,,,0.0,,,,,6.0,,,,,#00bfa5,,
2024-07-21,Crypto,,,,,38.0,,,,,0.0,,,,,1.0,,,,,#545cf8,
2024-07-21,FX,,,,,2.0,,,,,0.0,,,,,4.0,,,,,#63b512,
2024-07-21,Commodity,,,,,2.0,,,,,0.0,,,,,3.0,,,,,#904ea6,
2024-07-20,Total,,42.0,,,,,0.0,,,,,1.0,,,,,#545cf8,,,,
2024-07-20,Drift,,,36.0,,,,,0.0,,,,,,,,,,,,,
2024-07-20,Flash Trade,,,12.0,,,,,0.0,,,,,4.0,,,,,#63b512,,,
2024-07-20,Jupiter,,,3.0,,,,,0.0,,,,,6.0,,,,,#00bfa5,,,
2024-07-20,_Drift,Drift,,,36.0,,,,,0.0,,,,,,,,,,,,
2024-07-20,_Flash Trade,Flash Trade,,,12.0,,,,,0.0,,,,,4.0,,,,,#63b512,,
2024-07-20,_Jupiter,Jupiter,,,3.0,,,,,0.0,,,,,6.0,,,,,#00bfa5,,
2024-07-20,Crypto,,,,,38.0,,,,,0.0,,,,,1.0,,,,,#545cf8,
2024-07-20,FX,,,,,2.0,,,,,0.0,,,,,4.0,,,,,#63b512,
2024-07-20,Commodity,,,,,2.0,,,,,0.0,,,,,3.0,,,,,#904ea6,
2024-07-19,Total,,42.0,,,,,0.0,,,,,1.0,,,,,#545cf8,,,,
2024-07-19,Drift,,,36.0,,,,,0.0,,,,,,,,,,,,,
2024-07-19,Flash Trade,,,12.0,,,,,0.0,,,,,4.0,,,,,#63b512,,,
2024-07-19,Jupiter,,,3.0,,,,,0.0,,,,,6.0,,,,,#00bfa5,,,
2024-07-19,_Drift,Drift,,,36.0,,,,,0.0,,,,,,,,,,,,
2024-07-19,_Flash Trade,Flash Trade,,,12.0,,,,,0.0,,,,,4.0,,,,,#63b512,,
2024-07-19,_Jupiter,Jupiter,,,3.0,,,,,0.0,,,,,6.0,,,,,#00bfa5,,
2024-07-19,Crypto,,,,,38.0,,,,,0.0,,,,,1.0,,,,,#545cf8,
2024-07-19,FX,,,,,2.0,,,,,0.0,,,,,4.0,,,,,#63b512,
2024-07-19,Commodity,,,,,2.0,,,,,0.0,,,,,3.0,,,,,#904ea6,
2024-07-18,Total,,42.0,,,,,0.0,,,,,1.0,,,,,#545cf8,,,,
2024-07-18,Drift,,,36.0,,,,,0.0,,,,,,,,,,,,,
2024-07-18,Flash Trade,,,12.0,,,,,0.0,,,,,4.0,,,,,#63b512,,,
2024-07-18,Jupiter,,,3.0,,,,,0.0,,,,,6.0,,,,,#00bfa5,,,
2024-07-18,_Drift,Drift,,,36.0,,,,,0.0,,,,,,,,,,,,
2024-07-18,_Flash Trade,Flash Trade,,,12.0,,,,,0.0,,,,,4.0,,,,,#63b512,,
2024-07-18,_Jupiter,Jupiter,,,3.0,,,,,0.0,,,,,6.0,,,,,#00bfa5,,
2024-07-18,Crypto,,,,,38.0,,,,,0.0,,,,,1.0,,,,,#545cf8,
2024-07-18,FX,,,,,2.0,,,,,0.0,,,,,4.0,,,,,#63b512,
2024-07-18,Commodity,,,,,2.0,,,,,0.0,,,,,3.0,,,,,#904ea6,
2024-07-17,Total,,42.0,,,,,0.0,,,,,1.0,,,,,#545cf8,,,,
2024-07-17,Drift,,,36.0,,,,,0.0,,,,,,,,,,,,,
2024-07-17,Flash Trade,,,12.0,,,,,0.0,,,,,4.0,,,,,#63b512,,,
2024-07-17,Jupiter,,,3.0,,,,,0.0,,,,,6.0,,,,,#00bfa5,,,
2024-07-17,_Drift,Drift,,,36.0,,,,,0.0,,,,,,,,,,,,
2024-07-17,_Flash Trade,Flash Trade,,,12.0,,,,,0.0,,,,,4.0,,,,,#63b512,,
2024-07-17,_Jupiter,Jupiter,,,3.0,,,,,0.0,,,,,6.0,,,,,#00bfa5,,
2024-07-17,Crypto,,,,,38.0,,,,,0.0,,,,,1.0,,,,,#545cf8,
2024-07-17,FX,,,,,2.0,,,,,0.0,,,,,4.0,,,,,#63b512,
2024-07-17,Commodity,,,,,2.0,,,,,0.0,,,,,3.0,,,,,#904ea6,
2024-07-16,Total,,42.0,,,,,0.0,,,,,1.0,,,,,#545cf8,,,,
2024-07-16,Drift,,,36.0,,,,,0.0,,,,,,,,,,,,,
2024-07-16,Flash Trade,,,12.0,,,,,0.0,,,,,4.0,,,,,#63b512,,,
2024-07-16,Jupiter,,,3.0,,,,,0.0,,,,,6.0,,,,,#00bfa5,,,
2024-07-16,_Drift,Drift,,,36.0,,,,,0.0,,,,,,,,,,,,
2024-07-16,_Flash Trade,Flash Trade,,,12.0,,,,,0.0,,,,,4.0,,,,,#63b512,,
2024-07-16,_Jupiter,Jupiter,,,3.0,,,,,0.0,,,,,6.0,,,,,#00bfa5,,
2024-07-16,Crypto,,,,,38.0,,,,,0.0,,,,,1.0,,,,,#545cf8,
2024-07-16,FX,,,,,2.0,,,,,0.0,,,,,4.0,,,,,#63b512,
2024-07-16,Commodity,,,,,2.0,,,,,0.0,,,,,3.0,,,,,#904ea6,
2024-07-15,Total,,42.0,,,,,0.0,,,,,1.0,,,,,#545cf8,,,,
2024-07-15,Drift,,,36.0,,,,,0.0,,,,,,,,,,,,,
2024-07-15,Flash Trade,,,12.0,,,,,0.0,,,,,4.0,,,,,#63b512,,,
2024-07-15,Jupiter,,,3.0,,,,,0.0,,,,,6.0,,,,,#00bfa5,,,
2024-07-15,_Drift,Drift,,,36.0,,,,,0.0,,,,,,,,,,,,
2024-07-15,_Flash Trade,Flash Trade,,,12.0,,,,,0.0,,,,,4.0,,,,,#63b512,,
2024-07-15,_Jupiter,Jupiter,,,3.0,,,,,0.0,,,,,6.0,,,,,#00bfa5,,
2024-07-15,Crypto,,,,,38.0,,,,,0.0,,,,,1.0,,,,,#545cf8,
2024-07-15,Commodity,,,,,2.0,,,,,0.0,,,,,3.0,,,,,#904ea6,
2024-07-15,FX,,,,,2.0,,,,,0.0,,,,,4.0,,,,,#63b512,
2024-07-14,Total,,42.0,,,,,0.0,,,,,1.0,,,,,#545cf8,,,,
2024-07-14,Drift,,,36.0,,,,,0.0,,,,,,,,,,,,,
2024-07-14,Flash Trade,,,12.0,,,,,0.0,,,,,4.0,,,,,#63b512,,,
2024-07-14,Jupiter,,,3.0,,,,,0.0,,,,,6.0,,,,,#00bfa5,,,
2024-07-14,_Drift,Drift,,,36.0,,,,,0.0,,,,,,,,,,,,
2024-07-14,_Flash Trade,Flash Trade,,,12.0,,,,,0.0,,,,,4.0,,,,,#63b512,,
2024-07-14,_Jupiter,Jupiter,,,3.0,,,,,0.0,,,,,6.0,,,,,#00bfa5,,
2024-07-14,Crypto,,,,,38.0,,,,,0.0,,,,,1.0,,,,,#545cf8,
2024-07-14,Commodity,,,,,2.0,,,,,0.0,,,,,3.0,,,,,#904ea6,
2024-07-14,FX,,,,,2.0,,,,,0.0,,,,,4.0,,,,,#63b512,
2024-07-13,Total,,42.0,,,,,0.0,,,,,1.0,,,,,#545cf8,,,,
2024-07-13,Drift,,,36.0,,,,,0.0,,,,,,,,,,,,,
2024-07-13,Flash Trade,,,12.0,,,,,0.0,,,,,4.0,,,,,#63b512,,,
2024-07-13,Jupiter,,,3.0,,,,,0.0,,,,,6.0,,,,,#00bfa5,,,
2024-07-13,_Drift,Drift,,,36.0,,,,,0.0,,,,,,,,,,,,
2024-07-13,_Flash Trade,Flash Trade,,,12.0,,,,,0.0,,,,,4.0,,,,,#63b512,,
2024-07-13,_Jupiter,Jupiter,,,3.0,,,,,0.0,,,,,6.0,,,,,#00bfa5,,
2024-07-13,Crypto,,,,,38.0,,,,,0.0,,,,,1.0,,,,,#545cf8,
2024-07-13,FX,,,,,2.0,,,,,0.0,,,,,4.0,,,,,#63b512,
2024-07-13,Commodity,,,,,2.0,,,,,0.0,,,,,3.0,,,,,#904ea6,
2024-07-12,Total,,42.0,,,,,0.0,,,,,1.0,,,,,#545cf8,,,,
2024-07-12,Drift,,,36.0,,,,,0.0,,,,,,,,,,,,,
2024-07-12,Flash Trade,,,12.0,,,,,0.0,,,,,4.0,,,,,#63b512,,,
2024-07-12,Jupiter,,,3.0,,,,,0.0,,,,,6.0,,,,,#00bfa5,,,
2024-07-12,_Drift,Drift,,,36.0,,,,,0.0,,,,,,,,,,,,
2024-07-12,_Flash Trade,Flash Trade,,,12.0,,,,,0.0,,,,,4.0,,,,,#63b512,,
2024-07-12,_Jupiter,Jupiter,,,3.0,,,,,0.0,,,,,6.0,,,,,#00bfa5,,
2024-07-12,Crypto,,,,,38.0,,,,,0.0,,,,,1.0,,,,,#545cf8,
2024-07-12,Commodity,,,,,2.0,,,,,0.0,,,,,3.0,,,,,#904ea6,
2024-07-12,FX,,,,,2.0,,,,,0.0,,,,,4.0,,,,,#63b512,
2024-07-11,Total,,42.0,,,,,0.0,,,,,1.0,,,,,#545cf8,,,,
2024-07-11,Drift,,,36.0,,,,,0.0,,,,,,,,,,,,,
2024-07-11,Flash Trade,,,12.0,,,,,0.0,,,,,4.0,,,,,#63b512,,,
2024-07-11,Jupiter,,,3.0,,,,,0.0,,,,,6.0,,,,,#00bfa5,,,
2024-07-11,_Drift,Drift,,,36.0,,,,,0.0,,,,,,,,,,,,
2024-07-11,_Flash Trade,Flash Trade,,,12.0,,,,,0.0,,,,,4.0,,,,,#63b512,,
2024-07-11,_Jupiter,Jupiter,,,3.0,,,,,0.0,,,,,6.0,,,,,#00bfa5,,
2024-07-11,Crypto,,,,,38.0,,,,,0.0,,,,,1.0,,,,,#545cf8,
2024-07-11,Commodity,,,,,2.0,,,,,0.0,,,,,3.0,,,,,#904ea6,
2024-07-11,FX,,,,,2.0,,,,,0.0,,,,,4.0,,,,,#63b512,
2024-07-10,Total,,42.0,,,,,1.0,,,,,1.0,,,,,#545cf8,,,,
2024-07-10,Drift,,,36.0,,,,,1.0,,,,,,,,,,,,,
2024-07-10,Flash Trade,,,12.0,,,,,0.0,,,,,4.0,,,,,#63b512,,,
2024-07-10,Jupiter,,,3.0,,,,,0.0,,,,,6.0,,,,,#00bfa5,,,
2024-07-10,_Drift,Drift,,,36.0,,,,,1.0,,,,,,,,,,,,
2024-07-10,_Flash Trade,Flash Trade,,,12.0,,,,,0.0,,,,,4.0,,,,,#63b512,,
2024-07-10,_Jupiter,Jupiter,,,3.0,,,,,0.0,,,,,6.0,,,,,#00bfa5,,
2024-07-10,Crypto,,,,,38.0,,,,,1.0,,,,,1.0,,,,,#545cf8,
2024-07-10,FX,,,,,2.0,,,,,0.0,,,,,4.0,,,,,#63b512,
2024-07-10,Commodity,,,,,2.0,,,,,0.0,,,,,3.0,,,,,#904ea6,
2024-07-09,Total,,41.0,,,,,0.0,,,,,1.0,,,,,#545cf8,,,,
2024-07-09,Drift,,,35.0,,,,,0.0,,,,,,,,,,,,,
2024-07-09,Flash Trade,,,12.0,,,,,0.0,,,,,4.0,,,,,#63b512,,,
2024-07-09,Jupiter,,,3.0,,,,,0.0,,,,,6.0,,,,,#00bfa5,,,
2024-07-09,_Drift,Drift,,,35.0,,,,,0.0,,,,,,,,,,,,
2024-07-09,_Flash Trade,Flash Trade,,,12.0,,,,,0.0,,,,,4.0,,,,,#63b512,,
2024-07-09,_Jupiter,Jupiter,,,3.0,,,,,0.0,,,,,6.0,,,,,#00bfa5,,
2024-07-09,Crypto,,,,,37.0,,,,,0.0,,,,,1.0,,,,,#545cf8,
2024-07-09,Commodity,,,,,2.0,,,,,0.0,,,,,3.0,,,,,#904ea6,
2024-07-09,FX,,,,,2.0,,,,,0.0,,,,,4.0,,,,,#63b512,
2024-07-08,Total,,41.0,,,,,0.0,,,,,1.0,,,,,#545cf8,,,,
2024-07-08,Drift,,,35.0,,,,,0.0,,,,,,,,,,,,,
2024-07-08,Flash Trade,,,12.0,,,,,0.0,,,,,4.0,,,,,#63b512,,,
2024-07-08,Jupiter,,,3.0,,,,,0.0,,,,,6.0,,,,,#00bfa5,,,
2024-07-08,_Drift,Drift,,,35.0,,,,,0.0,,,,,,,,,,,,
2024-07-08,_Flash Trade,Flash Trade,,,12.0,,,,,0.0,,,,,4.0,,,,,#63b512,,
2024-07-08,_Jupiter,Jupiter,,,3.0,,,,,0.0,,,,,6.0,,,,,#00bfa5,,
2024-07-08,Crypto,,,,,37.0,,,,,0.0,,,,,1.0,,,,,#545cf8,
2024-07-08,Commodity,,,,,2.0,,,,,0.0,,,,,3.0,,,,,#904ea6,
2024-07-08,FX,,,,,2.0,,,,,0.0,,,,,4.0,,,,,#63b512,
2024-07-07,Total,,41.0,,,,,0.0,,,,,1.0,,,,,#545cf8,,,,
2024-07-07,Drift,,,35.0,,,,,0.0,,,,,,,,,,,,,
2024-07-07,Flash Trade,,,12.0,,,,,0.0,,,,,4.0,,,,,#63b512,,,
2024-07-07,Jupiter,,,3.0,,,,,0.0,,,,,6.0,,,,,#00bfa5,,,
2024-07-07,_Drift,Drift,,,35.0,,,,,0.0,,,,,,,,,,,,
2024-07-07,_Flash Trade,Flash Trade,,,12.0,,,,,0.0,,,,,4.0,,,,,#63b512,,
2024-07-07,_Jupiter,Jupiter,,,3.0,,,,,0.0,,,,,6.0,,,,,#00bfa5,,
2024-07-07,Crypto,,,,,37.0,,,,,0.0,,,,,1.0,,,,,#545cf8,
2024-07-07,FX,,,,,2.0,,,,,0.0,,,,,4.0,,,,,#63b512,
2024-07-07,Commodity,,,,,2.0,,,,,0.0,,,,,3.0,,,,,#904ea6,
2024-07-06,Total,,41.0,,,,,0.0,,,,,1.0,,,,,#545cf8,,,,
2024-07-06,Drift,,,35.0,,,,,0.0,,,,,,,,,,,,,
2024-07-06,Flash Trade,,,12.0,,,,,0.0,,,,,4.0,,,,,#63b512,,,
2024-07-06,Jupiter,,,3.0,,,,,0.0,,,,,6.0,,,,,#00bfa5,,,
2024-07-06,_Drift,Drift,,,35.0,,,,,0.0,,,,,,,,,,,,
2024-07-06,_Flash Trade,Flash Trade,,,12.0,,,,,0.0,,,,,4.0,,,,,#63b512,,
2024-07-06,_Jupiter,Jupiter,,,3.0,,,,,0.0,,,,,6.0,,,,,#00bfa5,,
2024-07-06,Crypto,,,,,37.0,,,,,0.0,,,,,1.0,,,,,#545cf8,
2024-07-06,FX,,,,,2.0,,,,,0.0,,,,,4.0,,,,,#63b512,
2024-07-06,Commodity,,,,,2.0,,,,,0.0,,,,,3.0,,,,,#904ea6,
2024-07-05,Total,,41.0,,,,,0.0,,,,,1.0,,,,,#545cf8,,,,
2024-07-05,Drift,,,35.0,,,,,0.0,,,,,,,,,,,,,
2024-07-05,Flash Trade,,,12.0,,,,,0.0,,,,,4.0,,,,,#63b512,,,
2024-07-05,Jupiter,,,3.0,,,,,0.0,,,,,6.0,,,,,#00bfa5,,,
2024-07-05,_Drift,Drift,,,35.0,,,,,0.0,,,,,,,,,,,,
2024-07-05,_Flash Trade,Flash Trade,,,12.0,,,,,0.0,,,,,4.0,,,,,#63b512,,
2024-07-05,_Jupiter,Jupiter,,,3.0,,,,,0.0,,,,,6.0,,,,,#00bfa5,,
2024-07-05,Crypto,,,,,37.0,,,,,0.0,,,,,1.0,,,,,#545cf8,
2024-07-05,Commodity,,,,,2.0,,,,,0.0,,,,,3.0,,,,,#904ea6,
2024-07-05,FX,,,,,2.0,,,,,0.0,,,,,4.0,,,,,#63b512,
2024-07-04,Total,,41.0,,,,,0.0,,,,,1.0,,,,,#545cf8,,,,
2024-07-04,Drift,,,35.0,,,,,0.0,,,,,,,,,,,,,
2024-07-04,Flash Trade,,,12.0,,,,,0.0,,,,,4.0,,,,,#63b512,,,
2024-07-04,Jupiter,,,3.0,,,,,0.0,,,,,6.0,,,,,#00bfa5,,,
2024-07-04,_Drift,Drift,,,35.0,,,,,0.0,,,,,,,,,,,,
2024-07-04,_Flash Trade,Flash Trade,,,12.0,,,,,0.0,,,,,4.0,,,,,#63b512,,
2024-07-04,_Jupiter,Jupiter,,,3.0,,,,,0.0,,,,,6.0,,,,,#00bfa5,,
2024-07-04,Crypto,,,,,37.0,,,,,0.0,,,,,1.0,,,,,#545cf8,
2024-07-04,FX,,,,,2.0,,,,,0.0,,,,,4.0,,,,,#63b512,
2024-07-04,Commodity,,,,,2.0,,,,,0.0,,,,,3.0,,,,,#904ea6,
2024-07-03,Total,,41.0,,,,,1.0,,,,,1.0,,,,,#545cf8,,,,
2024-07-03,Drift,,,35.0,,,,,1.0,,,,,,,,,,,,,
2024-07-03,Flash Trade,,,12.0,,,,,0.0,,,,,4.0,,,,,#63b512,,,
2024-07-03,Jupiter,,,3.0,,,,,0.0,,,,,6.0,,,,,#00bfa5,,,
2024-07-03,_Drift,Drift,,,35.0,,,,,1.0,,,,,,,,,,,,
2024-07-03,_Flash Trade,Flash Trade,,,12.0,,,,,0.0,,,,,4.0,,,,,#63b512,,
2024-07-03,_Jupiter,Jupiter,,,3.0,,,,,0.0,,,,,6.0,,,,,#00bfa5,,
2024-07-03,Crypto,,,,,37.0,,,,,1.0,,,,,1.0,,,,,#545cf8,
2024-07-03,FX,,,,,2.0,,,,,0.0,,,,,4.0,,,,,#63b512,
2024-07-03,Commodity,,,,,2.0,,,,,0.0,,,,,3.0,,,,,#904ea6,
2024-07-02,Total,,40.0,,,,,0.0,,,,,1.0,,,,,#545cf8,,,,
2024-07-02,Drift,,,34.0,,,,,0.0,,,,,,,,,,,,,
2024-07-02,Flash Trade,,,12.0,,,,,0.0,,,,,4.0,,,,,#63b512,,,
2024-07-02,Jupiter,,,3.0,,,,,0.0,,,,,6.0,,,,,#00bfa5,,,
2024-07-02,_Drift,Drift,,,34.0,,,,,0.0,,,,,,,,,,,,
2024-07-02,_Flash Trade,Flash Trade,,,12.0,,,,,0.0,,,,,4.0,,,,,#63b512,,
2024-07-02,_Jupiter,Jupiter,,,3.0,,,,,0.0,,,,,6.0,,,,,#00bfa5,,
2024-07-02,Crypto,,,,,36.0,,,,,0.0,,,,,1.0,,,,,#545cf8,
2024-07-02,Commodity,,,,,2.0,,,,,0.0,,,,,3.0,,,,,#904ea6,
2024-07-02,FX,,,,,2.0,,,,,0.0,,,,,4.0,,,,,#63b512,
2024-07-01,Total,,40.0,,,,,0.0,,,,,1.0,,,,,#545cf8,,,,
2024-07-01,Drift,,,34.0,,,,,0.0,,,,,,,,,,,,,
2024-07-01,Flash Trade,,,12.0,,,,,0.0,,,,,4.0,,,,,#63b512,,,
2024-07-01,Jupiter,,,3.0,,,,,0.0,,,,,6.0,,,,,#00bfa5,,,
2024-07-01,_Drift,Drift,,,34.0,,,,,0.0,,,,,,,,,,,,
2024-07-01,_Flash Trade,Flash Trade,,,12.0,,,,,0.0,,,,,4.0,,,,,#63b512,,
2024-07-01,_Jupiter,Jupiter,,,3.0,,,,,0.0,,,,,6.0,,,,,#00bfa5,,
2024-07-01,Crypto,,,,,36.0,,,,,0.0,,,,,1.0,,,,,#545cf8,
2024-07-01,FX,,,,,2.0,,,,,0.0,,,,,4.0,,,,,#63b512,
2024-07-01,Commodity,,,,,2.0,,,,,0.0,,,,,3.0,,,,,#904ea6,
2024-06-30,Total,,40.0,,,,,0.0,,,,,1.0,,,,,#545cf8,,,,
2024-06-30,Drift,,,34.0,,,,,0.0,,,,,,,,,,,,,
2024-06-30,Flash Trade,,,12.0,,,,,0.0,,,,,4.0,,,,,#63b512,,,
2024-06-30,Jupiter,,,3.0,,,,,0.0,,,,,6.0,,,,,#00bfa5,,,
2024-06-30,_Drift,Drift,,,34.0,,,,,0.0,,,,,,,,,,,,
2024-06-30,_Flash Trade,Flash Trade,,,12.0,,,,,0.0,,,,,4.0,,,,,#63b512,,
2024-06-30,_Jupiter,Jupiter,,,3.0,,,,,0.0,,,,,6.0,,,,,#00bfa5,,
2024-06-30,Crypto,,,,,36.0,,,,,0.0,,,,,1.0,,,,,#545cf8,
2024-06-30,FX,,,,,2.0,,,,,0.0,,,,,4.0,,,,,#63b512,
2024-06-30,Commodity,,,,,2.0,,,,,0.0,,,,,3.0,,,,,#904ea6,
2024-06-29,Total,,40.0,,,,,0.0,,,,,1.0,,,,,#545cf8,,,,
2024-06-29,Drift,,,34.0,,,,,0.0,,,,,,,,,,,,,
2024-06-29,Flash Trade,,,12.0,,,,,0.0,,,,,4.0,,,,,#63b512,,,
2024-06-29,Jupiter,,,3.0,,,,,0.0,,,,,6.0,,,,,#00bfa5,,,
2024-06-29,_Drift,Drift,,,34.0,,,,,0.0,,,,,,,,,,,,
2024-06-29,_Flash Trade,Flash Trade,,,12.0,,,,,0.0,,,,,4.0,,,,,#63b512,,
2024-06-29,_Jupiter,Jupiter,,,3.0,,,,,0.0,,,,,6.0,,,,,#00bfa5,,
2024-06-29,Crypto,,,,,36.0,,,,,0.0,,,,,1.0,,,,,#545cf8,
2024-06-29,FX,,,,,2.0,,,,,0.0,,,,,4.0,,,,,#63b512,
2024-06-29,Commodity,,,,,2.0,,,,,0.0,,,,,3.0,,,,,#904ea6,
2024-06-28,Total,,40.0,,,,,0.0,,,,,1.0,,,,,#545cf8,,,,
2024-06-28,Drift,,,34.0,,,,,0.0,,,,,,,,,,,,,
2024-06-28,Flash Trade,,,12.0,,,,,0.0,,,,,4.0,,,,,#63b512,,,
2024-06-28,Jupiter,,,3.0,,,,,0.0,,,,,6.0,,,,,#00bfa5,,,
2024-06-28,_Drift,Drift,,,34.0,,,,,0.0,,,,,,,,,,,,
2024-06-28,_Flash Trade,Flash Trade,,,12.0,,,,,0.0,,,,,4.0,,,,,#63b512,,
2024-06-28,_Jupiter,Jupiter,,,3.0,,,,,0.0,,,,,6.0,,,,,#00bfa5,,
2024-06-28,Crypto,,,,,36.0,,,,,0.0,,,,,1.0,,,,,#545cf8,
2024-06-28,FX,,,,,2.0,,,,,0.0,,,,,4.0,,,,,#63b512,
2024-06-28,Commodity,,,,,2.0,,,,,0.0,,,,,3.0,,,,,#904ea6,
2024-06-27,Total,,40.0,,,,,0.0,,,,,1.0,,,,,#545cf8,,,,
2024-06-27,Drift,,,34.0,,,,,0.0,,,,,,,,,,,,,
2024-06-27,Flash Trade,,,12.0,,,,,0.0,,,,,4.0,,,,,#63b512,,,
2024-06-27,Jupiter,,,3.0,,,,,0.0,,,,,6.0,,,,,#00bfa5,,,
2024-06-27,_Drift,Drift,,,34.0,,,,,0.0,,,,,,,,,,,,
2024-06-27,_Flash Trade,Flash Trade,,,12.0,,,,,0.0,,,,,4.0,,,,,#63b512,,
2024-06-27,_Jupiter,Jupiter,,,3.0,,,,,0.0,,,,,6.0,,,,,#00bfa5,,
2024-06-27,Crypto,,,,,36.0,,,,,0.0,,,,,1.0,,,,,#545cf8,
2024-06-27,FX,,,,,2.0,,,,,0.0,,,,,4.0,,,,,#63b512,
2024-06-27,Commodity,,,,,2.0,,,,,0.0,,,,,3.0,,,,,#904ea6,
2024-06-26,Total,,40.0,,,,,1.0,,,,,1.0,,,,,#545cf8,,,,
2024-06-26,Drift,,,34.0,,,,,1.0,,,,,,,,,,,,,
2024-06-26,Flash Trade,,,12.0,,,,,0.0,,,,,4.0,,,,,#63b512,,,
2024-06-26,Jupiter,,,3.0,,,,,0.0,,,,,6.0,,,,,#00bfa5,,,
2024-06-26,_Drift,Drift,,,34.0,,,,,1.0,,,,,,,,,,,,
2024-06-26,_Flash Trade,Flash Trade,,,12.0,,,,,0.0,,,,,4.0,,,,,#63b512,,
2024-06-26,_Jupiter,Jupiter,,,3.0,,,,,0.0,,,,,6.0,,,,,#00bfa5,,
2024-06-26,Crypto,,,,,36.0,,,,,1.0,,,,,1.0,,,,,#545cf8,
2024-06-26,Commodity,,,,,2.0,,,,,0.0,,,,,3.0,,,,,#904ea6,
2024-06-26,FX,,,,,2.0,,,,,0.0,,,,,4.0,,,,,#63b512,
2024-06-25,Total,,39.0,,,,,0.0,,,,,1.0,,,,,#545cf8,,,,
2024-06-25,Drift,,,33.0,,,,,0.0,,,,,,,,,,,,,
2024-06-25,Flash Trade,,,12.0,,,,,0.0,,,,,4.0,,,,,#63b512,,,
2024-06-25,Jupiter,,,3.0,,,,,0.0,,,,,6.0,,,,,#00bfa5,,,
2024-06-25,_Drift,Drift,,,33.0,,,,,0.0,,,,,,,,,,,,
2024-06-25,_Flash Trade,Flash Trade,,,12.0,,,,,0.0,,,,,4.0,,,,,#63b512,,
2024-06-25,_Jupiter,Jupiter,,,3.0,,,,,0.0,,,,,6.0,,,,,#00bfa5,,
2024-06-25,Crypto,,,,,35.0,,,,,0.0,,,,,1.0,,,,,#545cf8,
2024-06-25,Commodity,,,,,2.0,,,,,0.0,,,,,3.0,,,,,#904ea6,
2024-06-25,FX,,,,,2.0,,,,,0.0,,,,,4.0,,,,,#63b512,
2024-06-24,Total,,39.0,,,,,0.0,,,,,1.0,,,,,#545cf8,,,,
2024-06-24,Drift,,,33.0,,,,,0.0,,,,,,,,,,,,,
2024-06-24,Flash Trade,,,12.0,,,,,0.0,,,,,4.0,,,,,#63b512,,,
2024-06-24,Jupiter,,,3.0,,,,,0.0,,,,,6.0,,,,,#00bfa5,,,
2024-06-24,_Drift,Drift,,,33.0,,,,,0.0,,,,,,,,,,,,
2024-06-24,_Flash Trade,Flash Trade,,,12.0,,,,,0.0,,,,,4.0,,,,,#63b512,,
2024-06-24,_Jupiter,Jupiter,,,3.0,,,,,0.0,,,,,6.0,,,,,#00bfa5,,
2024-06-24,Crypto,,,,,35.0,,,,,0.0,,,,,1.0,,,,,#545cf8,
2024-06-24,FX,,,,,2.0,,,,,0.0,,,,,4.0,,,,,#63b512,
2024-06-24,Commodity,,,,,2.0,,,,,0.0,,,,,3.0,,,,,#904ea6,
2024-06-23,Total,,39.0,,,,,0.0,,,,,1.0,,,,,#545cf8,,,,
2024-06-23,Drift,,,33.0,,,,,0.0,,,,,,,,,,,,,
2024-06-23,Flash Trade,,,12.0,,,,,0.0,,,,,4.0,,,,,#63b512,,,
2024-06-23,Jupiter,,,3.0,,,,,0.0,,,,,6.0,,,,,#00bfa5,,,
2024-06-23,_Drift,Drift,,,33.0,,,,,0.0,,,,,,,,,,,,
2024-06-23,_Flash Trade,Flash Trade,,,12.0,,,,,0.0,,,,,4.0,,,,,#63b512,,
2024-06-23,_Jupiter,Jupiter,,,3.0,,,,,0.0,,,,,6.0,,,,,#00bfa5,,
2024-06-23,Crypto,,,,,35.0,,,,,0.0,,,,,1.0,,,,,#545cf8,
2024-06-23,FX,,,,,2.0,,,,,0.0,,,,,4.0,,,,,#63b512,
2024-06-23,Commodity,,,,,2.0,,,,,0.0,,,,,3.0,,,,,#904ea6,
2024-06-22,Total,,39.0,,,,,0.0,,,,,1.0,,,,,#545cf8,,,,
2024-06-22,Drift,,,33.0,,,,,0.0,,,,,,,,,,,,,
2024-06-22,Flash Trade,,,12.0,,,,,0.0,,,,,4.0,,,,,#63b512,,,
2024-06-22,Jupiter,,,3.0,,,,,0.0,,,,,6.0,,,,,#00bfa5,,,
2024-06-22,_Drift,Drift,,,33.0,,,,,0.0,,,,,,,,,,,,
2024-06-22,_Flash Trade,Flash Trade,,,12.0,,,,,0.0,,,,,4.0,,,,,#63b512,,
2024-06-22,_Jupiter,Jupiter,,,3.0,,,,,0.0,,,,,6.0,,,,,#00bfa5,,
2024-06-22,Crypto,,,,,35.0,,,,,0.0,,,,,1.0,,,,,#545cf8,
2024-06-22,FX,,,,,2.0,,,,,0.0,,,,,4.0,,,,,#63b512,
2024-06-22,Commodity,,,,,2.0,,,,,0.0,,,,,3.0,,,,,#904ea6,
2024-06-21,Total,,39.0,,,,,0.0,,,,,1.0,,,,,#545cf8,,,,
2024-06-21,Drift,,,33.0,,,,,0.0,,,,,,,,,,,,,
2024-06-21,Flash Trade,,,12.0,,,,,0.0,,,,,4.0,,,,,#63b512,,,
2024-06-21,Jupiter,,,3.0,,,,,0.0,,,,,6.0,,,,,#00bfa5,,,
2024-06-21,_Drift,Drift,,,33.0,,,,,0.0,,,,,,,,,,,,
2024-06-21,_Flash Trade,Flash Trade,,,12.0,,,,,0.0,,,,,4.0,,,,,#63b512,,
2024-06-21,_Jupiter,Jupiter,,,3.0,,,,,0.0,,,,,6.0,,,,,#00bfa5,,
2024-06-21,Crypto,,,,,35.0,,,,,0.0,,,,,1.0,,,,,#545cf8,
2024-06-21,Commodity,,,,,2.0,,,,,0.0,,,,,3.0,,,,,#904ea6,
2024-06-21,FX,,,,,2.0,,,,,0.0,,,,,4.0,,,,,#63b512,
2024-06-20,Total,,39.0,,,,,0.0,,,,,1.0,,,,,#545cf8,,,,
2024-06-20,Drift,,,33.0,,,,,0.0,,,,,,,,,,,,,
2024-06-20,Flash Trade,,,12.0,,,,,0.0,,,,,4.0,,,,,#63b512,,,
2024-06-20,Jupiter,,,3.0,,,,,0.0,,,,,6.0,,,,,#00bfa5,,,
2024-06-20,_Drift,Drift,,,33.0,,,,,0.0,,,,,,,,,,,,
2024-06-20,_Flash Trade,Flash Trade,,,12.0,,,,,0.0,,,,,4.0,,,,,#63b512,,
2024-06-20,_Jupiter,Jupiter,,,3.0,,,,,0.0,,,,,6.0,,,,,#00bfa5,,
2024-06-20,Crypto,,,,,35.0,,,,,0.0,,,,,1.0,,,,,#545cf8,
2024-06-20,FX,,,,,2.0,,,,,0.0,,,,,4.0,,,,,#63b512,
2024-06-20,Commodity,,,,,2.0,,,,,0.0,,,,,3.0,,,,,#904ea6,
2024-06-19,Total,,39.0,,,,,0.0,,,,,1.0,,,,,#545cf8,,,,
2024-06-19,Drift,,,33.0,,,,,0.0,,,,,,,,,,,,,
2024-06-19,Flash Trade,,,12.0,,,,,0.0,,,,,4.0,,,,,#63b512,,,
2024-06-19,Jupiter,,,3.0,,,,,0.0,,,,,6.0,,,,,#00bfa5,,,
2024-06-19,_Drift,Drift,,,33.0,,,,,0.0,,,,,,,,,,,,
2024-06-19,_Flash Trade,Flash Trade,,,12.0,,,,,0.0,,,,,4.0,,,,,#63b512,,
2024-06-19,_Jupiter,Jupiter,,,3.0,,,,,0.0,,,,,6.0,,,,,#00bfa5,,
2024-06-19,Crypto,,,,,35.0,,,,,0.0,,,,,1.0,,,,,#545cf8,
2024-06-19,FX,,,,,2.0,,,,,0.0,,,,,4.0,,,,,#63b512,
2024-06-19,Commodity,,,,,2.0,,,,,0.0,,,,,3.0,,,,,#904ea6,
2024-06-18,Total,,39.0,,,,,0.0,,,,,1.0,,,,,#545cf8,,,,
2024-06-18,Drift,,,33.0,,,,,0.0,,,,,,,,,,,,,
2024-06-18,Flash Trade,,,12.0,,,,,0.0,,,,,4.0,,,,,#63b512,,,
2024-06-18,Jupiter,,,3.0,,,,,0.0,,,,,6.0,,,,,#00bfa5,,,
2024-06-18,_Drift,Drift,,,33.0,,,,,0.0,,,,,,,,,,,,
2024-06-18,_Flash Trade,Flash Trade,,,12.0,,,,,0.0,,,,,4.0,,,,,#63b512,,
2024-06-18,_Jupiter,Jupiter,,,3.0,,,,,0.0,,,,,6.0,,,,,#00bfa5,,
2024-06-18,Crypto,,,,,35.0,,,,,0.0,,,,,1.0,,,,,#545cf8,
2024-06-18,Commodity,,,,,2.0,,,,,0.0,,,,,3.0,,,,,#904ea6,
2024-06-18,FX,,,,,2.0,,,,,0.0,,,,,4.0,,,,,#63b512,
2024-06-17,Total,,39.0,,,,,0.0,,,,,1.0,,,,,#545cf8,,,,
2024-06-17,Drift,,,33.0,,,,,0.0,,,,,,,,,,,,,
2024-06-17,Flash Trade,,,12.0,,,,,0.0,,,,,4.0,,,,,#63b512,,,
2024-06-17,Jupiter,,,3.0,,,,,0.0,,,,,6.0,,,,,#00bfa5,,,
2024-06-17,_Drift,Drift,,,33.0,,,,,0.0,,,,,,,,,,,,
2024-06-17,_Flash Trade,Flash Trade,,,12.0,,,,,0.0,,,,,4.0,,,,,#63b512,,
2024-06-17,_Jupiter,Jupiter,,,3.0,,,,,0.0,,,,,6.0,,,,,#00bfa5,,
2024-06-17,Crypto,,,,,35.0,,,,,0.0,,,,,1.0,,,,,#545cf8,
2024-06-17,Commodity,,,,,2.0,,,,,0.0,,,,,3.0,,,,,#904ea6,
2024-06-17,FX,,,,,2.0,,,,,0.0,,,,,4.0,,,,,#63b512,
2024-06-16,Total,,39.0,,,,,0.0,,,,,1.0,,,,,#545cf8,,,,
2024-06-16,Drift,,,33.0,,,,,0.0,,,,,,,,,,,,,
2024-06-16,Flash Trade,,,12.0,,,,,0.0,,,,,4.0,,,,,#63b512,,,
2024-06-16,Jupiter,,,3.0,,,,,0.0,,,,,6.0,,,,,#00bfa5,,,
2024-06-16,_Drift,Drift,,,33.0,,,,,0.0,,,,,,,,,,,,
2024-06-16,_Flash Trade,Flash Trade,,,12.0,,,,,0.0,,,,,4.0,,,,,#63b512,,
2024-06-16,_Jupiter,Jupiter,,,3.0,,,,,0.0,,,,,6.0,,,,,#00bfa5,,
2024-06-16,Crypto,,,,,35.0,,,,,0.0,,,,,1.0,,,,,#545cf8,
2024-06-16,Commodity,,,,,2.0,,,,,0.0,,,,,3.0,,,,,#904ea6,
2024-06-16,FX,,,,,2.0,,,,,0.0,,,,,4.0,,,,,#63b512,
2024-06-15,Total,,39.0,,,,,0.0,,,,,1.0,,,,,#545cf8,,,,
2024-06-15,Drift,,,33.0,,,,,0.0,,,,,,,,,,,,,
2024-06-15,Flash Trade,,,12.0,,,,,0.0,,,,,4.0,,,,,#63b512,,,
2024-06-15,Jupiter,,,3.0,,,,,0.0,,,,,6.0,,,,,#00bfa5,,,
2024-06-15,_Drift,Drift,,,33.0,,,,,0.0,,,,,,,,,,,,
2024-06-15,_Flash Trade,Flash Trade,,,12.0,,,,,0.0,,,,,4.0,,,,,#63b512,,
2024-06-15,_Jupiter,Jupiter,,,3.0,,,,,0.0,,,,,6.0,,,,,#00bfa5,,
2024-06-15,Crypto,,,,,35.0,,,,,0.0,,,,,1.0,,,,,#545cf8,
2024-06-15,Commodity,,,,,2.0,,,,,0.0,,,,,3.0,,,,,#904ea6,
2024-06-15,FX,,,,,2.0,,,,,0.0,,,,,4.0,,,,,#63b512,
2024-06-14,Total,,39.0,,,,,0.0,,,,,1.0,,,,,#545cf8,,,,
2024-06-14,Drift,,,33.0,,,,,0.0,,,,,,,,,,,,,
2024-06-14,Flash Trade,,,12.0,,,,,0.0,,,,,4.0,,,,,#63b512,,,
2024-06-14,Jupiter,,,3.0,,,,,0.0,,,,,6.0,,,,,#00bfa5,,,
2024-06-14,_Drift,Drift,,,33.0,,,,,0.0,,,,,,,,,,,,
2024-06-14,_Flash Trade,Flash Trade,,,12.0,,,,,0.0,,,,,4.0,,,,,#63b512,,
2024-06-14,_Jupiter,Jupiter,,,3.0,,,,,0.0,,,,,6.0,,,,,#00bfa5,,
2024-06-14,Crypto,,,,,35.0,,,,,0.0,,,,,1.0,,,,,#545cf8,
2024-06-14,FX,,,,,2.0,,,,,0.0,,,,,4.0,,,,,#63b512,
2024-06-14,Commodity,,,,,2.0,,,,,0.0,,,,,3.0,,,,,#904ea6,
2024-06-13,Total,,39.0,,,,,0.0,,,,,1.0,,,,,#545cf8,,,,
2024-06-13,Drift,,,33.0,,,,,0.0,,,,,,,,,,,,,
2024-06-13,Flash Trade,,,12.0,,,,,0.0,,,,,4.0,,,,,#63b512,,,
2024-06-13,Jupiter,,,3.0,,,,,0.0,,,,,6.0,,,,,#00bfa5,,,
2024-06-13,_Drift,Drift,,,33.0,,,,,0.0,,,,,,,,,,,,
2024-06-13,_Flash Trade,Flash Trade,,,12.0,,,,,0.0,,,,,4.0,,,,,#63b512,,
2024-06-13,_Jupiter,Jupiter,,,3.0,,,,,0.0,,,,,6.0,,,,,#00bfa5,,
2024-06-13,Crypto,,,,,35.0,,,,,0.0,,,,,1.0,,,,,#545cf8,
2024-06-13,FX,,,,,2.0,,,,,0.0,,,,,4.0,,,,,#63b512,
2024-06-13,Commodity,,,,,2.0,,,,,0.0,,,,,3.0,,,,,#904ea6,
2024-06-12,Total,,39.0,,,,,0.0,,,,,1.0,,,,,#545cf8,,,,
2024-06-12,Drift,,,33.0,,,,,0.0,,,,,,,,,,,,,
2024-06-12,Flash Trade,,,12.0,,,,,0.0,,,,,4.0,,,,,#63b512,,,
2024-06-12,Jupiter,,,3.0,,,,,0.0,,,,,6.0,,,,,#00bfa5,,,
2024-06-12,_Drift,Drift,,,33.0,,,,,0.0,,,,,,,,,,,,
2024-06-12,_Flash Trade,Flash Trade,,,12.0,,,,,0.0,,,,,4.0,,,,,#63b512,,
2024-06-12,_Jupiter,Jupiter,,,3.0,,,,,0.0,,,,,6.0,,,,,#00bfa5,,
2024-06-12,Crypto,,,,,35.0,,,,,0.0,,,,,1.0,,,,,#545cf8,
2024-06-12,FX,,,,,2.0,,,,,0.0,,,,,4.0,,,,,#63b512,
2024-06-12,Commodity,,,,,2.0,,,,,0.0,,,,,3.0,,,,,#904ea6,
2024-06-11,Total,,39.0,,,,,0.0,,,,,1.0,,,,,#545cf8,,,,
2024-06-11,Drift,,,33.0,,,,,0.0,,,,,,,,,,,,,
2024-06-11,Flash Trade,,,12.0,,,,,0.0,,,,,4.0,,,,,#63b512,,,
2024-06-11,Jupiter,,,3.0,,,,,0.0,,,,,6.0,,,,,#00bfa5,,,
2024-06-11,_Drift,Drift,,,33.0,,,,,0.0,,,,,,,,,,,,
2024-06-11,_Flash Trade,Flash Trade,,,12.0,,,,,0.0,,,,,4.0,,,,,#63b512,,
2024-06-11,_Jupiter,Jupiter,,,3.0,,,,,0.0,,,,,6.0,,,,,#00bfa5,,
2024-06-11,Crypto,,,,,35.0,,,,,0.0,,,,,1.0,,,,,#545cf8,
2024-06-11,FX,,,,,2.0,,,,,0.0,,,,,4.0,,,,,#63b512,
2024-06-11,Commodity,,,,,2.0,,,,,0.0,,,,,3.0,,,,,#904ea6,
2024-06-10,Total,,39.0,,,,,1.0,,,,,1.0,,,,,#545cf8,,,,
2024-06-10,Drift,,,33.0,,,,,1.0,,,,,,,,,,,,,
2024-06-10,Flash Trade,,,12.0,,,,,0.0,,,,,4.0,,,,,#63b512,,,
2024-06-10,Jupiter,,,3.0,,,,,0.0,,,,,6.0,,,,,#00bfa5,,,
2024-06-10,_Drift,Drift,,,33.0,,,,,1.0,,,,,,,,,,,,
2024-06-10,_Flash Trade,Flash Trade,,,12.0,,,,,0.0,,,,,4.0,,,,,#63b512,,
2024-06-10,_Jupiter,Jupiter,,,3.0,,,,,0.0,,,,,6.0,,,,,#00bfa5,,
2024-06-10,Crypto,,,,,35.0,,,,,1.0,,,,,1.0,,,,,#545cf8,
2024-06-10,Commodity,,,,,2.0,,,,,0.0,,,,,3.0,,,,,#904ea6,
2024-06-10,FX,,,,,2.0,,,,,0.0,,,,,4.0,,,,,#63b512,
2024-06-09,Total,,38.0,,,,,0.0,,,,,1.0,,,,,#545cf8,,,,
2024-06-09,Drift,,,32.0,,,,,0.0,,,,,,,,,,,,,
2024-06-09,Flash Trade,,,12.0,,,,,0.0,,,,,4.0,,,,,#63b512,,,
2024-06-09,Jupiter,,,3.0,,,,,0.0,,,,,6.0,,,,,#00bfa5,,,
2024-06-09,_Drift,Drift,,,32.0,,,,,0.0,,,,,,,,,,,,
2024-06-09,_Flash Trade,Flash Trade,,,12.0,,,,,0.0,,,,,4.0,,,,,#63b512,,
2024-06-09,_Jupiter,Jupiter,,,3.0,,,,,0.0,,,,,6.0,,,,,#00bfa5,,
2024-06-09,Crypto,,,,,34.0,,,,,0.0,,,,,1.0,,,,,#545cf8,
2024-06-09,FX,,,,,2.0,,,,,0.0,,,,,4.0,,,,,#63b512,
2024-06-09,Commodity,,,,,2.0,,,,,0.0,,,,,3.0,,,,,#904ea6,
2024-06-08,Total,,38.0,,,,,0.0,,,,,1.0,,,,,#545cf8,,,,
2024-06-08,Drift,,,32.0,,,,,0.0,,,,,,,,,,,,,
2024-06-08,Flash Trade,,,12.0,,,,,0.0,,,,,4.0,,,,,#63b512,,,
2024-06-08,Jupiter,,,3.0,,,,,0.0,,,,,6.0,,,,,#00bfa5,,,
2024-06-08,_Drift,Drift,,,32.0,,,,,0.0,,,,,,,,,,,,
2024-06-08,_Flash Trade,Flash Trade,,,12.0,,,,,0.0,,,,,4.0,,,,,#63b512,,
2024-06-08,_Jupiter,Jupiter,,,3.0,,,,,0.0,,,,,6.0,,,,,#00bfa5,,
2024-06-08,Crypto,,,,,34.0,,,,,0.0,,,,,1.0,,,,,#545cf8,
2024-06-08,FX,,,,,2.0,,,,,0.0,,,,,4.0,,,,,#63b512,
2024-06-08,Commodity,,,,,2.0,,,,,0.0,,,,,3.0,,,,,#904ea6,
2024-06-07,Total,,38.0,,,,,0.0,,,,,1.0,,,,,#545cf8,,,,
2024-06-07,Drift,,,32.0,,,,,0.0,,,,,,,,,,,,,
2024-06-07,Flash Trade,,,12.0,,,,,0.0,,,,,4.0,,,,,#63b512,,,
2024-06-07,Jupiter,,,3.0,,,,,0.0,,,,,6.0,,,,,#00bfa5,,,
2024-06-07,_Drift,Drift,,,32.0,,,,,0.0,,,,,,,,,,,,
2024-06-07,_Flash Trade,Flash Trade,,,12.0,,,,,0.0,,,,,4.0,,,,,#63b512,,
2024-06-07,_Jupiter,Jupiter,,,3.0,,,,,0.0,,,,,6.0,,,,,#00bfa5,,
2024-06-07,Crypto,,,,,34.0,,,,,0.0,,,,,1.0,,,,,#545cf8,
2024-06-07,FX,,,,,2.0,,,,,0.0,,,,,4.0,,,,,#63b512,
2024-06-07,Commodity,,,,,2.0,,,,,0.0,,,,,3.0,,,,,#904ea6,
2024-06-06,Total,,38.0,,,,,0.0,,,,,1.0,,,,,#545cf8,,,,
2024-06-06,Drift,,,32.0,,,,,0.0,,,,,,,,,,,,,
2024-06-06,Flash Trade,,,12.0,,,,,0.0,,,,,4.0,,,,,#63b512,,,
2024-06-06,Jupiter,,,3.0,,,,,0.0,,,,,6.0,,,,,#00bfa5,,,
2024-06-06,_Drift,Drift,,,32.0,,,,,0.0,,,,,,,,,,,,
2024-06-06,_Flash Trade,Flash Trade,,,12.0,,,,,0.0,,,,,4.0,,,,,#63b512,,
2024-06-06,_Jupiter,Jupiter,,,3.0,,,,,0.0,,,,,6.0,,,,,#00bfa5,,
2024-06-06,Crypto,,,,,34.0,,,,,0.0,,,,,1.0,,,,,#545cf8,
2024-06-06,Commodity,,,,,2.0,,,,,0.0,,,,,3.0,,,,,#904ea6,
2024-06-06,FX,,,,,2.0,,,,,0.0,,,,,4.0,,,,,#63b512,
2024-06-05,Total,,38.0,,,,,1.0,,,,,1.0,,,,,#545cf8,,,,
2024-06-05,Drift,,,32.0,,,,,1.0,,,,,,,,,,,,,
2024-06-05,Flash Trade,,,12.0,,,,,0.0,,,,,4.0,,,,,#63b512,,,
2024-06-05,Jupiter,,,3.0,,,,,0.0,,,,,6.0,,,,,#00bfa5,,,
2024-06-05,_Drift,Drift,,,32.0,,,,,1.0,,,,,,,,,,,,
2024-06-05,_Flash Trade,Flash Trade,,,12.0,,,,,0.0,,,,,4.0,,,,,#63b512,,
2024-06-05,_Jupiter,Jupiter,,,3.0,,,,,0.0,,,,,6.0,,,,,#00bfa5,,
2024-06-05,Crypto,,,,,34.0,,,,,1.0,,,,,1.0,,,,,#545cf8,
2024-06-05,Commodity,,,,,2.0,,,,,0.0,,,,,3.0,,,,,#904ea6,
2024-06-05,FX,,,,,2.0,,,,,0.0,,,,,4.0,,,,,#63b512,
2024-06-04,Total,,37.0,,,,,0.0,,,,,1.0,,,,,#545cf8,,,,
2024-06-04,Drift,,,31.0,,,,,0.0,,,,,,,,,,,,,
2024-06-04,Flash Trade,,,12.0,,,,,0.0,,,,,4.0,,,,,#63b512,,,
2024-06-04,Jupiter,,,3.0,,,,,0.0,,,,,6.0,,,,,#00bfa5,,,
2024-06-04,_Drift,Drift,,,31.0,,,,,0.0,,,,,,,,,,,,
2024-06-04,_Flash Trade,Flash Trade,,,12.0,,,,,0.0,,,,,4.0,,,,,#63b512,,
2024-06-04,_Jupiter,Jupiter,,,3.0,,,,,0.0,,,,,6.0,,,,,#00bfa5,,
2024-06-04,Crypto,,,,,33.0,,,,,0.0,,,,,1.0,,,,,#545cf8,
2024-06-04,FX,,,,,2.0,,,,,0.0,,,,,4.0,,,,,#63b512,
2024-06-04,Commodity,,,,,2.0,,,,,0.0,,,,,3.0,,,,,#904ea6,
2024-06-03,Total,,37.0,,,,,0.0,,,,,1.0,,,,,#545cf8,,,,
2024-06-03,Drift,,,31.0,,,,,0.0,,,,,,,,,,,,,
2024-06-03,Flash Trade,,,12.0,,,,,0.0,,,,,4.0,,,,,#63b512,,,
2024-06-03,Jupiter,,,3.0,,,,,0.0,,,,,6.0,,,,,#00bfa5,,,
2024-06-03,_Drift,Drift,,,31.0,,,,,0.0,,,,,,,,,,,,
2024-06-03,_Flash Trade,Flash Trade,,,12.0,,,,,0.0,,,,,4.0,,,,,#63b512,,
2024-06-03,_Jupiter,Jupiter,,,3.0,,,,,0.0,,,,,6.0,,,,,#00bfa5,,
2024-06-03,Crypto,,,,,33.0,,,,,0.0,,,,,1.0,,,,,#545cf8,
2024-06-03,FX,,,,,2.0,,,,,0.0,,,,,4.0,,,,,#63b512,
2024-06-03,Commodity,,,,,2.0,,,,,0.0,,,,,3.0,,,,,#904ea6,
2024-06-02,Total,,37.0,,,,,0.0,,,,,1.0,,,,,#545cf8,,,,
2024-06-02,Drift,,,31.0,,,,,0.0,,,,,,,,,,,,,
2024-06-02,Flash Trade,,,12.0,,,,,0.0,,,,,4.0,,,,,#63b512,,,
2024-06-02,Jupiter,,,3.0,,,,,0.0,,,,,6.0,,,,,#00bfa5,,,
2024-06-02,_Drift,Drift,,,31.0,,,,,0.0,,,,,,,,,,,,
2024-06-02,_Flash Trade,Flash Trade,,,12.0,,,,,0.0,,,,,4.0,,,,,#63b512,,
2024-06-02,_Jupiter,Jupiter,,,3.0,,,,,0.0,,,,,6.0,,,,,#00bfa5,,
2024-06-02,Crypto,,,,,33.0,,,,,0.0,,,,,1.0,,,,,#545cf8,
2024-06-02,FX,,,,,2.0,,,,,0.0,,,,,4.0,,,,,#63b512,
2024-06-02,Commodity,,,,,2.0,,,,,0.0,,,,,3.0,,,,,#904ea6,
2024-06-01,Total,,37.0,,,,,0.0,,,,,1.0,,,,,#545cf8,,,,
2024-06-01,Drift,,,31.0,,,,,0.0,,,,,,,,,,,,,
2024-06-01,Flash Trade,,,12.0,,,,,0.0,,,,,4.0,,,,,#63b512,,,
2024-06-01,Jupiter,,,3.0,,,,,0.0,,,,,6.0,,,,,#00bfa5,,,
2024-06-01,_Drift,Drift,,,31.0,,,,,0.0,,,,,,,,,,,,
2024-06-01,_Flash Trade,Flash Trade,,,12.0,,,,,0.0,,,,,4.0,,,,,#63b512,,
2024-06-01,_Jupiter,Jupiter,,,3.0,,,,,0.0,,,,,6.0,,,,,#00bfa5,,
2024-06-01,Crypto,,,,,33.0,,,,,0.0,,,,,1.0,,,,,#545cf8,
2024-06-01,Commodity,,,,,2.0,,,,,0.0,,,,,3.0,,,,,#904ea6,
2024-06-01,FX,,,,,2.0,,,,,0.0,,,,,4.0,,,,,#63b512,
2024-05-31,Total,,37.0,,,,,1.0,,,,,1.0,,,,,#545cf8,,,,
2024-05-31,Drift,,,31.0,,,,,0.0,,,,,,,,,,,,,
2024-05-31,Flash Trade,,,12.0,,,,,1.0,,,,,4.0,,,,,#63b512,,,
2024-05-31,Jupiter,,,3.0,,,,,0.0,,,,,6.0,,,,,#00bfa5,,,
2024-05-31,_Drift,Drift,,,31.0,,,,,0.0,,,,,,,,,,,,
2024-05-31,_Flash Trade,Flash Trade,,,12.0,,,,,1.0,,,,,4.0,,,,,#63b512,,
2024-05-31,_Jupiter,Jupiter,,,3.0,,,,,0.0,,,,,6.0,,,,,#00bfa5,,
2024-05-31,Crypto,,,,,33.0,,,,,1.0,,,,,1.0,,,,,#545cf8,
2024-05-31,FX,,,,,2.0,,,,,0.0,,,,,4.0,,,,,#63b512,
2024-05-31,Commodity,,,,,2.0,,,,,0.0,,,,,3.0,,,,,#904ea6,
2024-05-30,Total,,36.0,,,,,0.0,,,,,1.0,,,,,#545cf8,,,,
2024-05-30,Drift,,,31.0,,,,,0.0,,,,,,,,,,,,,
2024-05-30,Flash Trade,,,11.0,,,,,0.0,,,,,4.0,,,,,#63b512,,,
2024-05-30,Jupiter,,,3.0,,,,,0.0,,,,,6.0,,,,,#00bfa5,,,
2024-05-30,_Drift,Drift,,,31.0,,,,,0.0,,,,,,,,,,,,
2024-05-30,_Flash Trade,Flash Trade,,,11.0,,,,,0.0,,,,,4.0,,,,,#63b512,,
2024-05-30,_Jupiter,Jupiter,,,3.0,,,,,0.0,,,,,6.0,,,,,#00bfa5,,
2024-05-30,Crypto,,,,,32.0,,,,,0.0,,,,,1.0,,,,,#545cf8,
2024-05-30,Commodity,,,,,2.0,,,,,0.0,,,,,3.0,,,,,#904ea6,
2024-05-30,FX,,,,,2.0,,,,,0.0,,,,,4.0,,,,,#63b512,
2024-05-29,Total,,36.0,,,,,0.0,,,,,1.0,,,,,#545cf8,,,,
2024-05-29,Drift,,,31.0,,,,,0.0,,,,,,,,,,,,,
2024-05-29,Flash Trade,,,11.0,,,,,0.0,,,,,4.0,,,,,#63b512,,,
2024-05-29,Jupiter,,,3.0,,,,,0.0,,,,,6.0,,,,,#00bfa5,,,
2024-05-29,_Drift,Drift,,,31.0,,,,,0.0,,,,,,,,,,,,
2024-05-29,_Flash Trade,Flash Trade,,,11.0,,,,,0.0,,,,,4.0,,,,,#63b512,,
2024-05-29,_Jupiter,Jupiter,,,3.0,,,,,0.0,,,,,6.0,,,,,#00bfa5,,
2024-05-29,Crypto,,,,,32.0,,,,,0.0,,,,,1.0,,,,,#545cf8,
2024-05-29,Commodity,,,,,2.0,,,,,0.0,,,,,3.0,,,,,#904ea6,
2024-05-29,FX,,,,,2.0,,,,,0.0,,,,,4.0,,,,,#63b512,
2024-05-28,Total,,36.0,,,,,1.0,,,,,1.0,,,,,#545cf8,,,,
2024-05-28,Drift,,,31.0,,,,,1.0,,,,,,,,,,,,,
2024-05-28,Flash Trade,,,11.0,,,,,0.0,,,,,4.0,,,,,#63b512,,,
2024-05-28,Jupiter,,,3.0,,,,,0.0,,,,,6.0,,,,,#00bfa5,,,
2024-05-28,_Drift,Drift,,,31.0,,,,,1.0,,,,,,,,,,,,
2024-05-28,_Flash Trade,Flash Trade,,,11.0,,,,,0.0,,,,,4.0,,,,,#63b512,,
2024-05-28,_Jupiter,Jupiter,,,3.0,,,,,0.0,,,,,6.0,,,,,#00bfa5,,
2024-05-28,Crypto,,,,,32.0,,,,,1.0,,,,,1.0,,,,,#545cf8,
2024-05-28,FX,,,,,2.0,,,,,0.0,,,,,4.0,,,,,#63b512,
2024-05-28,Commodity,,,,,2.0,,,,,0.0,,,,,3.0,,,,,#904ea6,
2024-05-27,Total,,35.0,,,,,0.0,,,,,1.0,,,,,#545cf8,,,,
2024-05-27,Drift,,,30.0,,,,,0.0,,,,,,,,,,,,,
2024-05-27,Flash Trade,,,11.0,,,,,0.0,,,,,4.0,,,,,#63b512,,,
2024-05-27,Jupiter,,,3.0,,,,,0.0,,,,,6.0,,,,,#00bfa5,,,
2024-05-27,_Drift,Drift,,,30.0,,,,,0.0,,,,,,,,,,,,
2024-05-27,_Flash Trade,Flash Trade,,,11.0,,,,,0.0,,,,,4.0,,,,,#63b512,,
2024-05-27,_Jupiter,Jupiter,,,3.0,,,,,0.0,,,,,6.0,,,,,#00bfa5,,
2024-05-27,Crypto,,,,,31.0,,,,,0.0,,,,,1.0,,,,,#545cf8,
2024-05-27,Commodity,,,,,2.0,,,,,0.0,,,,,3.0,,,,,#904ea6,
2024-05-27,FX,,,,,2.0,,,,,0.0,,,,,4.0,,,,,#63b512,
2024-05-26,Total,,35.0,,,,,0.0,,,,,1.0,,,,,#545cf8,,,,
2024-05-26,Drift,,,30.0,,,,,0.0,,,,,,,,,,,,,
2024-05-26,Flash Trade,,,11.0,,,,,0.0,,,,,4.0,,,,,#63b512,,,
2024-05-26,Jupiter,,,3.0,,,,,0.0,,,,,6.0,,,,,#00bfa5,,,
2024-05-26,_Drift,Drift,,,30.0,,,,,0.0,,,,,,,,,,,,
2024-05-26,_Flash Trade,Flash Trade,,,11.0,,,,,0.0,,,,,4.0,,,,,#63b512,,
2024-05-26,_Jupiter,Jupiter,,,3.0,,,,,0.0,,,,,6.0,,,,,#00bfa5,,
2024-05-26,Crypto,,,,,31.0,,,,,0.0,,,,,1.0,,,,,#545cf8,
2024-05-26,FX,,,,,2.0,,,,,0.0,,,,,4.0,,,,,#63b512,
2024-05-26,Commodity,,,,,2.0,,,,,0.0,,,,,3.0,,,,,#904ea6,
2024-05-25,Total,,35.0,,,,,0.0,,,,,1.0,,,,,#545cf8,,,,
2024-05-25,Drift,,,30.0,,,,,0.0,,,,,,,,,,,,,
2024-05-25,Flash Trade,,,11.0,,,,,0.0,,,,,4.0,,,,,#63b512,,,
2024-05-25,Jupiter,,,3.0,,,,,0.0,,,,,6.0,,,,,#00bfa5,,,
2024-05-25,_Drift,Drift,,,30.0,,,,,0.0,,,,,,,,,,,,
2024-05-25,_Flash Trade,Flash Trade,,,11.0,,,,,0.0,,,,,4.0,,,,,#63b512,,
2024-05-25,_Jupiter,Jupiter,,,3.0,,,,,0.0,,,,,6.0,,,,,#00bfa5,,
2024-05-25,Crypto,,,,,31.0,,,,,0.0,,,,,1.0,,,,,#545cf8,
2024-05-25,Commodity,,,,,2.0,,,,,0.0,,,,,3.0,,,,,#904ea6,
2024-05-25,FX,,,,,2.0,,,,,0.0,,,,,4.0,,,,,#63b512,
2024-05-24,Total,,35.0,,,,,0.0,,,,,1.0,,,,,#545cf8,,,,
2024-05-24,Drift,,,30.0,,,,,0.0,,,,,,,,,,,,,
2024-05-24,Flash Trade,,,11.0,,,,,0.0,,,,,4.0,,,,,#63b512,,,
2024-05-24,Jupiter,,,3.0,,,,,0.0,,,,,6.0,,,,,#00bfa5,,,
2024-05-24,_Drift,Drift,,,30.0,,,,,0.0,,,,,,,,,,,,
2024-05-24,_Flash Trade,Flash Trade,,,11.0,,,,,0.0,,,,,4.0,,,,,#63b512,,
2024-05-24,_Jupiter,Jupiter,,,3.0,,,,,0.0,,,,,6.0,,,,,#00bfa5,,
2024-05-24,Crypto,,,,,31.0,,,,,0.0,,,,,1.0,,,,,#545cf8,
2024-05-24,Commodity,,,,,2.0,,,,,0.0,,,,,3.0,,,,,#904ea6,
2024-05-24,FX,,,,,2.0,,,,,0.0,,,,,4.0,,,,,#63b512,
2024-05-23,Total,,35.0,,,,,0.0,,,,,1.0,,,,,#545cf8,,,,
2024-05-23,Drift,,,30.0,,,,,0.0,,,,,,,,,,,,,
2024-05-23,Flash Trade,,,11.0,,,,,0.0,,,,,4.0,,,,,#63b512,,,
2024-05-23,Jupiter,,,3.0,,,,,0.0,,,,,6.0,,,,,#00bfa5,,,
2024-05-23,_Drift,Drift,,,30.0,,,,,0.0,,,,,,,,,,,,
2024-05-23,_Flash Trade,Flash Trade,,,11.0,,,,,0.0,,,,,4.0,,,,,#63b512,,
2024-05-23,_Jupiter,Jupiter,,,3.0,,,,,0.0,,,,,6.0,,,,,#00bfa5,,
2024-05-23,Crypto,,,,,31.0,,,,,0.0,,,,,1.0,,,,,#545cf8,
2024-05-23,FX,,,,,2.0,,,,,0.0,,,,,4.0,,,,,#63b512,
2024-05-23,Commodity,,,,,2.0,,,,,0.0,,,,,3.0,,,,,#904ea6,
2024-05-22,Total,,35.0,,,,,0.0,,,,,1.0,,,,,#545cf8,,,,
2024-05-22,Drift,,,30.0,,,,,0.0,,,,,,,,,,,,,
2024-05-22,Flash Trade,,,11.0,,,,,0.0,,,,,4.0,,,,,#63b512,,,
2024-05-22,Jupiter,,,3.0,,,,,0.0,,,,,6.0,,,,,#00bfa5,,,
2024-05-22,_Drift,Drift,,,30.0,,,,,0.0,,,,,,,,,,,,
2024-05-22,_Flash Trade,Flash Trade,,,11.0,,,,,0.0,,,,,4.0,,,,,#63b512,,
2024-05-22,_Jupiter,Jupiter,,,3.0,,,,,0.0,,,,,6.0,,,,,#00bfa5,,
2024-05-22,Crypto,,,,,31.0,,,,,0.0,,,,,1.0,,,,,#545cf8,
2024-05-22,FX,,,,,2.0,,,,,0.0,,,,,4.0,,,,,#63b512,
2024-05-22,Commodity,,,,,2.0,,,,,0.0,,,,,3.0,,,,,#904ea6,
2024-05-21,Total,,35.0,,,,,0.0,,,,,1.0,,,,,#545cf8,,,,
2024-05-21,Drift,,,30.0,,,,,0.0,,,,,,,,,,,,,
2024-05-21,Flash Trade,,,11.0,,,,,0.0,,,,,4.0,,,,,#63b512,,,
2024-05-21,Jupiter,,,3.0,,,,,0.0,,,,,6.0,,,,,#00bfa5,,,
2024-05-21,_Drift,Drift,,,30.0,,,,,0.0,,,,,,,,,,,,
2024-05-21,_Flash Trade,Flash Trade,,,11.0,,,,,0.0,,,,,4.0,,,,,#63b512,,
2024-05-21,_Jupiter,Jupiter,,,3.0,,,,,0.0,,,,,6.0,,,,,#00bfa5,,
2024-05-21,Crypto,,,,,31.0,,,,,0.0,,,,,1.0,,,,,#545cf8,
2024-05-21,Commodity,,,,,2.0,,,,,0.0,,,,,3.0,,,,,#904ea6,
2024-05-21,FX,,,,,2.0,,,,,0.0,,,,,4.0,,,,,#63b512,
2024-05-20,Total,,35.0,,,,,0.0,,,,,1.0,,,,,#545cf8,,,,
2024-05-20,Drift,,,30.0,,,,,0.0,,,,,,,,,,,,,
2024-05-20,Flash Trade,,,11.0,,,,,0.0,,,,,4.0,,,,,#63b512,,,
2024-05-20,Jupiter,,,3.0,,,,,0.0,,,,,6.0,,,,,#00bfa5,,,
2024-05-20,_Drift,Drift,,,30.0,,,,,0.0,,,,,,,,,,,,
2024-05-20,_Flash Trade,Flash Trade,,,11.0,,,,,0.0,,,,,4.0,,,,,#63b512,,
2024-05-20,_Jupiter,Jupiter,,,3.0,,,,,0.0,,,,,6.0,,,,,#00bfa5,,
2024-05-20,Crypto,,,,,31.0,,,,,0.0,,,,,1.0,,,,,#545cf8,
2024-05-20,FX,,,,,2.0,,,,,0.0,,,,,4.0,,,,,#63b512,
2024-05-20,Commodity,,,,,2.0,,,,,0.0,,,,,3.0,,,,,#904ea6,
2024-05-19,Total,,35.0,,,,,0.0,,,,,1.0,,,,,#545cf8,,,,
2024-05-19,Drift,,,30.0,,,,,0.0,,,,,,,,,,,,,
2024-05-19,Flash Trade,,,11.0,,,,,0.0,,,,,4.0,,,,,#63b512,,,
2024-05-19,Jupiter,,,3.0,,,,,0.0,,,,,6.0,,,,,#00bfa5,,,
2024-05-19,_Drift,Drift,,,30.0,,,,,0.0,,,,,,,,,,,,
2024-05-19,_Flash Trade,Flash Trade,,,11.0,,,,,0.0,,,,,4.0,,,,,#63b512,,
2024-05-19,_Jupiter,Jupiter,,,3.0,,,,,0.0,,,,,6.0,,,,,#00bfa5,,
2024-05-19,Crypto,,,,,31.0,,,,,0.0,,,,,1.0,,,,,#545cf8,
2024-05-19,Commodity,,,,,2.0,,,,,0.0,,,,,3.0,,,,,#904ea6,
2024-05-19,FX,,,,,2.0,,,,,0.0,,,,,4.0,,,,,#63b512,
2024-05-18,Total,,35.0,,,,,0.0,,,,,1.0,,,,,#545cf8,,,,
2024-05-18,Drift,,,30.0,,,,,0.0,,,,,,,,,,,,,
2024-05-18,Flash Trade,,,11.0,,,,,0.0,,,,,4.0,,,,,#63b512,,,
2024-05-18,Jupiter,,,3.0,,,,,0.0,,,,,6.0,,,,,#00bfa5,,,
2024-05-18,_Drift,Drift,,,30.0,,,,,0.0,,,,,,,,,,,,
2024-05-18,_Flash Trade,Flash Trade,,,11.0,,,,,0.0,,,,,4.0,,,,,#63b512,,
2024-05-18,_Jupiter,Jupiter,,,3.0,,,,,0.0,,,,,6.0,,,,,#00bfa5,,
2024-05-18,Crypto,,,,,31.0,,,,,0.0,,,,,1.0,,,,,#545cf8,
2024-05-18,FX,,,,,2.0,,,,,0.0,,,,,4.0,,,,,#63b512,
2024-05-18,Commodity,,,,,2.0,,,,,0.0,,,,,3.0,,,,,#904ea6,
2024-05-17,Total,,35.0,,,,,0.0,,,,,1.0,,,,,#545cf8,,,,
2024-05-17,Drift,,,30.0,,,,,0.0,,,,,,,,,,,,,
2024-05-17,Flash Trade,,,11.0,,,,,0.0,,,,,4.0,,,,,#63b512,,,
2024-05-17,Jupiter,,,3.0,,,,,0.0,,,,,6.0,,,,,#00bfa5,,,
2024-05-17,_Drift,Drift,,,30.0,,,,,0.0,,,,,,,,,,,,
2024-05-17,_Flash Trade,Flash Trade,,,11.0,,,,,0.0,,,,,4.0,,,,,#63b512,,
2024-05-17,_Jupiter,Jupiter,,,3.0,,,,,0.0,,,,,6.0,,,,,#00bfa5,,
2024-05-17,Crypto,,,,,31.0,,,,,0.0,,,,,1.0,,,,,#545cf8,
2024-05-17,FX,,,,,2.0,,,,,0.0,,,,,4.0,,,,,#63b512,
2024-05-17,Commodity,,,,,2.0,,,,,0.0,,,,,3.0,,,,,#904ea6,
2024-05-16,Total,,35.0,,,,,0.0,,,,,1.0,,,,,#545cf8,,,,
2024-05-16,Drift,,,30.0,,,,,0.0,,,,,,,,,,,,,
2024-05-16,Flash Trade,,,11.0,,,,,0.0,,,,,4.0,,,,,#63b512,,,
2024-05-16,Jupiter,,,3.0,,,,,0.0,,,,,6.0,,,,,#00bfa5,,,
2024-05-16,_Drift,Drift,,,30.0,,,,,0.0,,,,,,,,,,,,
2024-05-16,_Flash Trade,Flash Trade,,,11.0,,,,,0.0,,,,,4.0,,,,,#63b512,,
2024-05-16,_Jupiter,Jupiter,,,3.0,,,,,0.0,,,,,6.0,,,,,#00bfa5,,
2024-05-16,Crypto,,,,,31.0,,,,,0.0,,,,,1.0,,,,,#545cf8,
2024-05-16,FX,,,,,2.0,,,,,0.0,,,,,4.0,,,,,#63b512,
2024-05-16,Commodity,,,,,2.0,,,,,0.0,,,,,3.0,,,,,#904ea6,
2024-05-15,Total,,35.0,,,,,0.0,,,,,1.0,,,,,#545cf8,,,,
2024-05-15,Drift,,,30.0,,,,,0.0,,,,,,,,,,,,,
2024-05-15,Flash Trade,,,11.0,,,,,0.0,,,,,4.0,,,,,#63b512,,,
2024-05-15,Jupiter,,,3.0,,,,,0.0,,,,,6.0,,,,,#00bfa5,,,
2024-05-15,_Drift,Drift,,,30.0,,,,,0.0,,,,,,,,,,,,
2024-05-15,_Flash Trade,Flash Trade,,,11.0,,,,,0.0,,,,,4.0,,,,,#63b512,,
2024-05-15,_Jupiter,Jupiter,,,3.0,,,,,0.0,,,,,6.0,,,,,#00bfa5,,
2024-05-15,Crypto,,,,,31.0,,,,,0.0,,,,,1.0,,,,,#545cf8,
2024-05-15,Commodity,,,,,2.0,,,,,0.0,,,,,3.0,,,,,#904ea6,
2024-05-15,FX,,,,,2.0,,,,,0.0,,,,,4.0,,,,,#63b512,
2024-05-14,Total,,35.0,,,,,0.0,,,,,1.0,,,,,#545cf8,,,,
2024-05-14,Drift,,,30.0,,,,,0.0,,,,,,,,,,,,,
2024-05-14,Flash Trade,,,11.0,,,,,0.0,,,,,4.0,,,,,#63b512,,,
2024-05-14,Jupiter,,,3.0,,,,,0.0,,,,,6.0,,,,,#00bfa5,,,
2024-05-14,_Drift,Drift,,,30.0,,,,,0.0,,,,,,,,,,,,
2024-05-14,_Flash Trade,Flash Trade,,,11.0,,,,,0.0,,,,,4.0,,,,,#63b512,,
2024-05-14,_Jupiter,Jupiter,,,3.0,,,,,0.0,,,,,6.0,,,,,#00bfa5,,
2024-05-14,Crypto,,,,,31.0,,,,,0.0,,,,,1.0,,,,,#545cf8,
2024-05-14,Commodity,,,,,2.0,,,,,0.0,,,,,3.0,,,,,#904ea6,
2024-05-14,FX,,,,,2.0,,,,,0.0,,,,,4.0,,,,,#63b512,
2024-05-13,Total,,35.0,,,,,0.0,,,,,1.0,,,,,#545cf8,,,,
2024-05-13,Drift,,,30.0,,,,,0.0,,,,,,,,,,,,,
2024-05-13,Flash Trade,,,11.0,,,,,0.0,,,,,4.0,,,,,#63b512,,,
2024-05-13,Jupiter,,,3.0,,,,,0.0,,,,,6.0,,,,,#00bfa5,,,
2024-05-13,_Drift,Drift,,,30.0,,,,,0.0,,,,,,,,,,,,
2024-05-13,_Flash Trade,Flash Trade,,,11.0,,,,,0.0,,,,,4.0,,,,,#63b512,,
2024-05-13,_Jupiter,Jupiter,,,3.0,,,,,0.0,,,,,6.0,,,,,#00bfa5,,
2024-05-13,Crypto,,,,,31.0,,,,,0.0,,,,,1.0,,,,,#545cf8,
2024-05-13,FX,,,,,2.0,,,,,0.0,,,,,4.0,,,,,#63b512,
2024-05-13,Commodity,,,,,2.0,,,,,0.0,,,,,3.0,,,,,#904ea6,
2024-05-12,Total,,35.0,,,,,0.0,,,,,1.0,,,,,#545cf8,,,,
2024-05-12,Drift,,,30.0,,,,,0.0,,,,,,,,,,,,,
2024-05-12,Flash Trade,,,11.0,,,,,0.0,,,,,4.0,,,,,#63b512,,,
2024-05-12,Jupiter,,,3.0,,,,,0.0,,,,,6.0,,,,,#00bfa5,,,
2024-05-12,_Drift,Drift,,,30.0,,,,,0.0,,,,,,,,,,,,
2024-05-12,_Flash Trade,Flash Trade,,,11.0,,,,,0.0,,,,,4.0,,,,,#63b512,,
2024-05-12,_Jupiter,Jupiter,,,3.0,,,,,0.0,,,,,6.0,,,,,#00bfa5,,
2024-05-12,Crypto,,,,,31.0,,,,,0.0,,,,,1.0,,,,,#545cf8,
2024-05-12,Commodity,,,,,2.0,,,,,0.0,,,,,3.0,,,,,#904ea6,
2024-05-12,FX,,,,,2.0,,,,,0.0,,,,,4.0,,,,,#63b512,
2024-05-11,Total,,35.0,,,,,0.0,,,,,1.0,,,,,#545cf8,,,,
2024-05-11,Drift,,,30.0,,,,,0.0,,,,,,,,,,,,,
2024-05-11,Flash Trade,,,11.0,,,,,0.0,,,,,4.0,,,,,#63b512,,,
2024-05-11,Jupiter,,,3.0,,,,,0.0,,,,,6.0,,,,,#00bfa5,,,
2024-05-11,_Drift,Drift,,,30.0,,,,,0.0,,,,,,,,,,,,
2024-05-11,_Flash Trade,Flash Trade,,,11.0,,,,,0.0,,,,,4.0,,,,,#63b512,,
2024-05-11,_Jupiter,Jupiter,,,3.0,,,,,0.0,,,,,6.0,,,,,#00bfa5,,
2024-05-11,Crypto,,,,,31.0,,,,,0.0,,,,,1.0,,,,,#545cf8,
2024-05-11,Commodity,,,,,2.0,,,,,0.0,,,,,3.0,,,,,#904ea6,
2024-05-11,FX,,,,,2.0,,,,,0.0,,,,,4.0,,,,,#63b512,
2024-05-10,Total,,35.0,,,,,0.0,,,,,1.0,,,,,#545cf8,,,,
2024-05-10,Drift,,,30.0,,,,,0.0,,,,,,,,,,,,,
2024-05-10,Flash Trade,,,11.0,,,,,0.0,,,,,4.0,,,,,#63b512,,,
2024-05-10,Jupiter,,,3.0,,,,,0.0,,,,,6.0,,,,,#00bfa5,,,
2024-05-10,_Drift,Drift,,,30.0,,,,,0.0,,,,,,,,,,,,
2024-05-10,_Flash Trade,Flash Trade,,,11.0,,,,,0.0,,,,,4.0,,,,,#63b512,,
2024-05-10,_Jupiter,Jupiter,,,3.0,,,,,0.0,,,,,6.0,,,,,#00bfa5,,
2024-05-10,Crypto,,,,,31.0,,,,,0.0,,,,,1.0,,,,,#545cf8,
2024-05-10,FX,,,,,2.0,,,,,0.0,,,,,4.0,,,,,#63b512,
2024-05-10,Commodity,,,,,2.0,,,,,0.0,,,,,3.0,,,,,#904ea6,
2024-05-09,Total,,35.0,,,,,0.0,,,,,1.0,,,,,#545cf8,,,,
2024-05-09,Drift,,,30.0,,,,,0.0,,,,,,,,,,,,,
2024-05-09,Flash Trade,,,11.0,,,,,0.0,,,,,4.0,,,,,#63b512,,,
2024-05-09,Jupiter,,,3.0,,,,,0.0,,,,,6.0,,,,,#00bfa5,,,
2024-05-09,_Drift,Drift,,,30.0,,,,,0.0,,,,,,,,,,,,
2024-05-09,_Flash Trade,Flash Trade,,,11.0,,,,,0.0,,,,,4.0,,,,,#63b512,,
2024-05-09,_Jupiter,Jupiter,,,3.0,,,,,0.0,,,,,6.0,,,,,#00bfa5,,
2024-05-09,Crypto,,,,,31.0,,,,,0.0,,,,,1.0,,,,,#545cf8,
2024-05-09,FX,,,,,2.0,,,,,0.0,,,,,4.0,,,,,#63b512,
2024-05-09,Commodity,,,,,2.0,,,,,0.0,,,,,3.0,,,,,#904ea6,
2024-05-08,Total,,35.0,,,,,0.0,,,,,1.0,,,,,#545cf8,,,,
2024-05-08,Drift,,,30.0,,,,,0.0,,,,,,,,,,,,,
2024-05-08,Flash Trade,,,11.0,,,,,0.0,,,,,4.0,,,,,#63b512,,,
2024-05-08,Jupiter,,,3.0,,,,,0.0,,,,,6.0,,,,,#00bfa5,,,
2024-05-08,_Drift,Drift,,,30.0,,,,,0.0,,,,,,,,,,,,
2024-05-08,_Flash Trade,Flash Trade,,,11.0,,,,,0.0,,,,,4.0,,,,,#63b512,,
2024-05-08,_Jupiter,Jupiter,,,3.0,,,,,0.0,,,,,6.0,,,,,#00bfa5,,
2024-05-08,Crypto,,,,,31.0,,,,,0.0,,,,,1.0,,,,,#545cf8,
2024-05-08,Commodity,,,,,2.0,,,,,0.0,,,,,3.0,,,,,#904ea6,
2024-05-08,FX,,,,,2.0,,,,,0.0,,,,,4.0,,,,,#63b512,
2024-05-07,Total,,35.0,,,,,0.0,,,,,1.0,,,,,#545cf8,,,,
2024-05-07,Drift,,,30.0,,,,,0.0,,,,,,,,,,,,,
2024-05-07,Flash Trade,,,11.0,,,,,0.0,,,,,4.0,,,,,#63b512,,,
2024-05-07,Jupiter,,,3.0,,,,,0.0,,,,,6.0,,,,,#00bfa5,,,
2024-05-07,_Drift,Drift,,,30.0,,,,,0.0,,,,,,,,,,,,
2024-05-07,_Flash Trade,Flash Trade,,,11.0,,,,,0.0,,,,,4.0,,,,,#63b512,,
2024-05-07,_Jupiter,Jupiter,,,3.0,,,,,0.0,,,,,6.0,,,,,#00bfa5,,
2024-05-07,Crypto,,,,,31.0,,,,,0.0,,,,,1.0,,,,,#545cf8,
2024-05-07,FX,,,,,2.0,,,,,0.0,,,,,4.0,,,,,#63b512,
2024-05-07,Commodity,,,,,2.0,,,,,0.0,,,,,3.0,,,,,#904ea6,
2024-05-06,Total,,35.0,,,,,0.0,,,,,1.0,,,,,#545cf8,,,,
2024-05-06,Drift,,,30.0,,,,,0.0,,,,,,,,,,,,,
2024-05-06,Flash Trade,,,11.0,,,,,0.0,,,,,4.0,,,,,#63b512,,,
2024-05-06,Jupiter,,,3.0,,,,,0.0,,,,,6.0,,,,,#00bfa5,,,
2024-05-06,_Drift,Drift,,,30.0,,,,,0.0,,,,,,,,,,,,
2024-05-06,_Flash Trade,Flash Trade,,,11.0,,,,,0.0,,,,,4.0,,,,,#63b512,,
2024-05-06,_Jupiter,Jupiter,,,3.0,,,,,0.0,,,,,6.0,,,,,#00bfa5,,
2024-05-06,Crypto,,,,,31.0,,,,,0.0,,,,,1.0,,,,,#545cf8,
2024-05-06,FX,,,,,2.0,,,,,0.0,,,,,4.0,,,,,#63b512,
2024-05-06,Commodity,,,,,2.0,,,,,0.0,,,,,3.0,,,,,#904ea6,
2024-05-05,Total,,35.0,,,,,0.0,,,,,1.0,,,,,#545cf8,,,,
2024-05-05,Drift,,,30.0,,,,,0.0,,,,,,,,,,,,,
2024-05-05,Flash Trade,,,11.0,,,,,0.0,,,,,4.0,,,,,#63b512,,,
2024-05-05,Jupiter,,,3.0,,,,,0.0,,,,,6.0,,,,,#00bfa5,,,
2024-05-05,_Drift,Drift,,,30.0,,,,,0.0,,,,,,,,,,,,
2024-05-05,_Flash Trade,Flash Trade,,,11.0,,,,,0.0,,,,,4.0,,,,,#63b512,,
2024-05-05,_Jupiter,Jupiter,,,3.0,,,,,0.0,,,,,6.0,,,,,#00bfa5,,
2024-05-05,Crypto,,,,,31.0,,,,,0.0,,,,,1.0,,,,,#545cf8,
2024-05-05,Commodity,,,,,2.0,,,,,0.0,,,,,3.0,,,,,#904ea6,
2024-05-05,FX,,,,,2.0,,,,,0.0,,,,,4.0,,,,,#63b512,
2024-05-04,Total,,35.0,,,,,0.0,,,,,1.0,,,,,#545cf8,,,,
2024-05-04,Drift,,,30.0,,,,,0.0,,,,,,,,,,,,,
2024-05-04,Flash Trade,,,11.0,,,,,0.0,,,,,4.0,,,,,#63b512,,,
2024-05-04,Jupiter,,,3.0,,,,,0.0,,,,,6.0,,,,,#00bfa5,,,
2024-05-04,_Drift,Drift,,,30.0,,,,,0.0,,,,,,,,,,,,
2024-05-04,_Flash Trade,Flash Trade,,,11.0,,,,,0.0,,,,,4.0,,,,,#63b512,,
2024-05-04,_Jupiter,Jupiter,,,3.0,,,,,0.0,,,,,6.0,,,,,#00bfa5,,
2024-05-04,Crypto,,,,,31.0,,,,,0.0,,,,,1.0,,,,,#545cf8,
2024-05-04,FX,,,,,2.0,,,,,0.0,,,,,4.0,,,,,#63b512,
2024-05-04,Commodity,,,,,2.0,,,,,0.0,,,,,3.0,,,,,#904ea6,
2024-05-03,Total,,35.0,,,,,0.0,,,,,1.0,,,,,#545cf8,,,,
2024-05-03,Drift,,,30.0,,,,,0.0,,,,,,,,,,,,,
2024-05-03,Flash Trade,,,11.0,,,,,0.0,,,,,4.0,,,,,#63b512,,,
2024-05-03,Jupiter,,,3.0,,,,,0.0,,,,,6.0,,,,,#00bfa5,,,
2024-05-03,_Drift,Drift,,,30.0,,,,,0.0,,,,,,,,,,,,
2024-05-03,_Flash Trade,Flash Trade,,,11.0,,,,,0.0,,,,,4.0,,,,,#63b512,,
2024-05-03,_Jupiter,Jupiter,,,3.0,,,,,0.0,,,,,6.0,,,,,#00bfa5,,
2024-05-03,Crypto,,,,,31.0,,,,,0.0,,,,,1.0,,,,,#545cf8,
2024-05-03,FX,,,,,2.0,,,,,0.0,,,,,4.0,,,,,#63b512,
2024-05-03,Commodity,,,,,2.0,,,,,0.0,,,,,3.0,,,,,#904ea6,
2024-05-02,Total,,35.0,,,,,0.0,,,,,1.0,,,,,#545cf8,,,,
2024-05-02,Drift,,,30.0,,,,,0.0,,,,,,,,,,,,,
2024-05-02,Flash Trade,,,11.0,,,,,0.0,,,,,4.0,,,,,#63b512,,,
2024-05-02,Jupiter,,,3.0,,,,,0.0,,,,,6.0,,,,,#00bfa5,,,
2024-05-02,_Drift,Drift,,,30.0,,,,,0.0,,,,,,,,,,,,
2024-05-02,_Flash Trade,Flash Trade,,,11.0,,,,,0.0,,,,,4.0,,,,,#63b512,,
2024-05-02,_Jupiter,Jupiter,,,3.0,,,,,0.0,,,,,6.0,,,,,#00bfa5,,
2024-05-02,Crypto,,,,,31.0,,,,,0.0,,,,,1.0,,,,,#545cf8,
2024-05-02,Commodity,,,,,2.0,,,,,0.0,,,,,3.0,,,,,#904ea6,
2024-05-02,FX,,,,,2.0,,,,,0.0,,,,,4.0,,,,,#63b512,
2024-05-01,Total,,35.0,,,,,0.0,,,,,1.0,,,,,#545cf8,,,,
2024-05-01,Drift,,,30.0,,,,,0.0,,,,,,,,,,,,,
2024-05-01,Flash Trade,,,11.0,,,,,0.0,,,,,4.0,,,,,#63b512,,,
2024-05-01,Jupiter,,,3.0,,,,,0.0,,,,,6.0,,,,,#00bfa5,,,
2024-05-01,_Drift,Drift,,,30.0,,,,,0.0,,,,,,,,,,,,
2024-05-01,_Flash Trade,Flash Trade,,,11.0,,,,,0.0,,,,,4.0,,,,,#63b512,,
2024-05-01,_Jupiter,Jupiter,,,3.0,,,,,0.0,,,,,6.0,,,,,#00bfa5,,
2024-05-01,Crypto,,,,,31.0,,,,,0.0,,,,,1.0,,,,,#545cf8,
2024-05-01,Commodity,,,,,2.0,,,,,0.0,,,,,3.0,,,,,#904ea6,
2024-05-01,FX,,,,,2.0,,,,,0.0,,,,,4.0,,,,,#63b512,
2024-04-30,Total,,35.0,,,,,0.0,,,,,1.0,,,,,#545cf8,,,,
2024-04-30,Drift,,,30.0,,,,,0.0,,,,,,,,,,,,,
2024-04-30,Flash Trade,,,11.0,,,,,0.0,,,,,4.0,,,,,#63b512,,,
2024-04-30,Jupiter,,,3.0,,,,,0.0,,,,,6.0,,,,,#00bfa5,,,
2024-04-30,_Drift,Drift,,,30.0,,,,,0.0,,,,,,,,,,,,
2024-04-30,_Flash Trade,Flash Trade,,,11.0,,,,,0.0,,,,,4.0,,,,,#63b512,,
2024-04-30,_Jupiter,Jupiter,,,3.0,,,,,0.0,,,,,6.0,,,,,#00bfa5,,
2024-04-30,Crypto,,,,,31.0,,,,,0.0,,,,,1.0,,,,,#545cf8,
2024-04-30,Commodity,,,,,2.0,,,,,0.0,,,,,3.0,,,,,#904ea6,
2024-04-30,FX,,,,,2.0,,,,,0.0,,,,,4.0,,,,,#63b512,
2024-04-29,Total,,35.0,,,,,0.0,,,,,1.0,,,,,#545cf8,,,,
2024-04-29,Drift,,,30.0,,,,,0.0,,,,,,,,,,,,,
2024-04-29,Flash Trade,,,11.0,,,,,0.0,,,,,4.0,,,,,#63b512,,,
2024-04-29,Jupiter,,,3.0,,,,,0.0,,,,,6.0,,,,,#00bfa5,,,
2024-04-29,_Drift,Drift,,,30.0,,,,,0.0,,,,,,,,,,,,
2024-04-29,_Flash Trade,Flash Trade,,,11.0,,,,,0.0,,,,,4.0,,,,,#63b512,,
2024-04-29,_Jupiter,Jupiter,,,3.0,,,,,0.0,,,,,6.0,,,,,#00bfa5,,
2024-04-29,Crypto,,,,,31.0,,,,,0.0,,,,,1.0,,,,,#545cf8,
2024-04-29,FX,,,,,2.0,,,,,0.0,,,,,4.0,,,,,#63b512,
2024-04-29,Commodity,,,,,2.0,,,,,0.0,,,,,3.0,,,,,#904ea6,
2024-04-28,Total,,35.0,,,,,0.0,,,,,1.0,,,,,#545cf8,,,,
2024-04-28,Drift,,,30.0,,,,,0.0,,,,,,,,,,,,,
2024-04-28,Flash Trade,,,11.0,,,,,0.0,,,,,4.0,,,,,#63b512,,,
2024-04-28,Jupiter,,,3.0,,,,,0.0,,,,,6.0,,,,,#00bfa5,,,
2024-04-28,_Drift,Drift,,,30.0,,,,,0.0,,,,,,,,,,,,
2024-04-28,_Flash Trade,Flash Trade,,,11.0,,,,,0.0,,,,,4.0,,,,,#63b512,,
2024-04-28,_Jupiter,Jupiter,,,3.0,,,,,0.0,,,,,6.0,,,,,#00bfa5,,
2024-04-28,Crypto,,,,,31.0,,,,,0.0,,,,,1.0,,,,,#545cf8,
2024-04-28,FX,,,,,2.0,,,,,0.0,,,,,4.0,,,,,#63b512,
2024-04-28,Commodity,,,,,2.0,,,,,0.0,,,,,3.0,,,,,#904ea6,
2024-04-27,Total,,35.0,,,,,0.0,,,,,1.0,,,,,#545cf8,,,,
2024-04-27,Drift,,,30.0,,,,,0.0,,,,,,,,,,,,,
2024-04-27,Flash Trade,,,11.0,,,,,0.0,,,,,4.0,,,,,#63b512,,,
2024-04-27,Jupiter,,,3.0,,,,,0.0,,,,,6.0,,,,,#00bfa5,,,
2024-04-27,_Drift,Drift,,,30.0,,,,,0.0,,,,,,,,,,,,
2024-04-27,_Flash Trade,Flash Trade,,,11.0,,,,,0.0,,,,,4.0,,,,,#63b512,,
2024-04-27,_Jupiter,Jupiter,,,3.0,,,,,0.0,,,,,6.0,,,,,#00bfa5,,
2024-04-27,Crypto,,,,,31.0,,,,,0.0,,,,,1.0,,,,,#545cf8,
2024-04-27,FX,,,,,2.0,,,,,0.0,,,,,4.0,,,,,#63b512,
2024-04-27,Commodity,,,,,2.0,,,,,0.0,,,,,3.0,,,,,#904ea6,
2024-04-26,Total,,35.0,,,,,0.0,,,,,1.0,,,,,#545cf8,,,,
2024-04-26,Drift,,,30.0,,,,,0.0,,,,,,,,,,,,,
2024-04-26,Flash Trade,,,11.0,,,,,0.0,,,,,4.0,,,,,#63b512,,,
2024-04-26,Jupiter,,,3.0,,,,,0.0,,,,,6.0,,,,,#00bfa5,,,
2024-04-26,_Drift,Drift,,,30.0,,,,,0.0,,,,,,,,,,,,
2024-04-26,_Flash Trade,Flash Trade,,,11.0,,,,,0.0,,,,,4.0,,,,,#63b512,,
2024-04-26,_Jupiter,Jupiter,,,3.0,,,,,0.0,,,,,6.0,,,,,#00bfa5,,
2024-04-26,Crypto,,,,,31.0,,,,,0.0,,,,,1.0,,,,,#545cf8,
2024-04-26,FX,,,,,2.0,,,,,0.0,,,,,4.0,,,,,#63b512,
2024-04-26,Commodity,,,,,2.0,,,,,0.0,,,,,3.0,,,,,#904ea6,
2024-04-25,Total,,35.0,,,,,0.0,,,,,1.0,,,,,#545cf8,,,,
2024-04-25,Drift,,,30.0,,,,,0.0,,,,,,,,,,,,,
2024-04-25,Flash Trade,,,11.0,,,,,0.0,,,,,4.0,,,,,#63b512,,,
2024-04-25,Jupiter,,,3.0,,,,,0.0,,,,,6.0,,,,,#00bfa5,,,
2024-04-25,_Drift,Drift,,,30.0,,,,,0.0,,,,,,,,,,,,
2024-04-25,_Flash Trade,Flash Trade,,,11.0,,,,,0.0,,,,,4.0,,,,,#63b512,,
2024-04-25,_Jupiter,Jupiter,,,3.0,,,,,0.0,,,,,6.0,,,,,#00bfa5,,
2024-04-25,Crypto,,,,,31.0,,,,,0.0,,,,,1.0,,,,,#545cf8,
2024-04-25,FX,,,,,2.0,,,,,0.0,,,,,4.0,,,,,#63b512,
2024-04-25,Commodity,,,,,2.0,,,,,0.0,,,,,3.0,,,,,#904ea6,
2024-04-24,Total,,35.0,,,,,0.0,,,,,1.0,,,,,#545cf8,,,,
2024-04-24,Drift,,,30.0,,,,,0.0,,,,,,,,,,,,,
2024-04-24,Flash Trade,,,11.0,,,,,0.0,,,,,4.0,,,,,#63b512,,,
2024-04-24,Jupiter,,,3.0,,,,,0.0,,,,,6.0,,,,,#00bfa5,,,
2024-04-24,_Drift,Drift,,,30.0,,,,,0.0,,,,,,,,,,,,
2024-04-24,_Flash Trade,Flash Trade,,,11.0,,,,,0.0,,,,,4.0,,,,,#63b512,,
2024-04-24,_Jupiter,Jupiter,,,3.0,,,,,0.0,,,,,6.0,,,,,#00bfa5,,
2024-04-24,Crypto,,,,,31.0,,,,,0.0,,,,,1.0,,,,,#545cf8,
2024-04-24,FX,,,,,2.0,,,,,0.0,,,,,4.0,,,,,#63b512,
2024-04-24,Commodity,,,,,2.0,,,,,0.0,,,,,3.0,,,,,#904ea6,
2024-04-23,Total,,35.0,,,,,0.0,,,,,1.0,,,,,#545cf8,,,,
2024-04-23,Drift,,,30.0,,,,,0.0,,,,,,,,,,,,,
2024-04-23,Flash Trade,,,11.0,,,,,0.0,,,,,4.0,,,,,#63b512,,,
2024-04-23,Jupiter,,,3.0,,,,,0.0,,,,,6.0,,,,,#00bfa5,,,
2024-04-23,_Drift,Drift,,,30.0,,,,,0.0,,,,,,,,,,,,
2024-04-23,_Flash Trade,Flash Trade,,,11.0,,,,,0.0,,,,,4.0,,,,,#63b512,,
2024-04-23,_Jupiter,Jupiter,,,3.0,,,,,0.0,,,,,6.0,,,,,#00bfa5,,
2024-04-23,Crypto,,,,,31.0,,,,,0.0,,,,,1.0,,,,,#545cf8,
2024-04-23,Commodity,,,,,2.0,,,,,0.0,,,,,3.0,,,,,#904ea6,
2024-04-23,FX,,,,,2.0,,,,,0.0,,,,,4.0,,,,,#63b512,
2024-04-22,Total,,35.0,,,,,0.0,,,,,1.0,,,,,#545cf8,,,,
2024-04-22,Drift,,,30.0,,,,,0.0,,,,,,,,,,,,,
2024-04-22,Flash Trade,,,11.0,,,,,0.0,,,,,4.0,,,,,#63b512,,,
2024-04-22,Jupiter,,,3.0,,,,,0.0,,,,,6.0,,,,,#00bfa5,,,
2024-04-22,_Drift,Drift,,,30.0,,,,,0.0,,,,,,,,,,,,
2024-04-22,_Flash Trade,Flash Trade,,,11.0,,,,,0.0,,,,,4.0,,,,,#63b512,,
2024-04-22,_Jupiter,Jupiter,,,3.0,,,,,0.0,,,,,6.0,,,,,#00bfa5,,
2024-04-22,Crypto,,,,,31.0,,,,,0.0,,,,,1.0,,,,,#545cf8,
2024-04-22,Commodity,,,,,2.0,,,,,0.0,,,,,3.0,,,,,#904ea6,
2024-04-22,FX,,,,,2.0,,,,,0.0,,,,,4.0,,,,,#63b512,
2024-04-21,Total,,35.0,,,,,0.0,,,,,1.0,,,,,#545cf8,,,,
2024-04-21,Drift,,,30.0,,,,,0.0,,,,,,,,,,,,,
2024-04-21,Flash Trade,,,11.0,,,,,0.0,,,,,4.0,,,,,#63b512,,,
2024-04-21,Jupiter,,,3.0,,,,,0.0,,,,,6.0,,,,,#00bfa5,,,
2024-04-21,_Drift,Drift,,,30.0,,,,,0.0,,,,,,,,,,,,
2024-04-21,_Flash Trade,Flash Trade,,,11.0,,,,,0.0,,,,,4.0,,,,,#63b512,,
2024-04-21,_Jupiter,Jupiter,,,3.0,,,,,0.0,,,,,6.0,,,,,#00bfa5,,
2024-04-21,Crypto,,,,,31.0,,,,,0.0,,,,,1.0,,,,,#545cf8,
2024-04-21,Commodity,,,,,2.0,,,,,0.0,,,,,3.0,,,,,#904ea6,
2024-04-21,FX,,,,,2.0,,,,,0.0,,,,,4.0,,,,,#63b512,
2024-04-20,Total,,35.0,,,,,0.0,,,,,1.0,,,,,#545cf8,,,,
2024-04-20,Drift,,,30.0,,,,,0.0,,,,,,,,,,,,,
2024-04-20,Flash Trade,,,11.0,,,,,0.0,,,,,4.0,,,,,#63b512,,,
2024-04-20,Jupiter,,,3.0,,,,,0.0,,,,,6.0,,,,,#00bfa5,,,
2024-04-20,_Drift,Drift,,,30.0,,,,,0.0,,,,,,,,,,,,
2024-04-20,_Flash Trade,Flash Trade,,,11.0,,,,,0.0,,,,,4.0,,,,,#63b512,,
2024-04-20,_Jupiter,Jupiter,,,3.0,,,,,0.0,,,,,6.0,,,,,#00bfa5,,
2024-04-20,Crypto,,,,,31.0,,,,,0.0,,,,,1.0,,,,,#545cf8,
2024-04-20,Commodity,,,,,2.0,,,,,0.0,,,,,3.0,,,,,#904ea6,
2024-04-20,FX,,,,,2.0,,,,,0.0,,,,,4.0,,,,,#63b512,
2024-04-19,Total,,35.0,,,,,0.0,,,,,1.0,,,,,#545cf8,,,,
2024-04-19,Drift,,,30.0,,,,,0.0,,,,,,,,,,,,,
2024-04-19,Flash Trade,,,11.0,,,,,0.0,,,,,4.0,,,,,#63b512,,,
2024-04-19,Jupiter,,,3.0,,,,,0.0,,,,,6.0,,,,,#00bfa5,,,
2024-04-19,_Drift,Drift,,,30.0,,,,,0.0,,,,,,,,,,,,
2024-04-19,_Flash Trade,Flash Trade,,,11.0,,,,,0.0,,,,,4.0,,,,,#63b512,,
2024-04-19,_Jupiter,Jupiter,,,3.0,,,,,0.0,,,,,6.0,,,,,#00bfa5,,
2024-04-19,Crypto,,,,,31.0,,,,,0.0,,,,,1.0,,,,,#545cf8,
2024-04-19,FX,,,,,2.0,,,,,0.0,,,,,4.0,,,,,#63b512,
2024-04-19,Commodity,,,,,2.0,,,,,0.0,,,,,3.0,,,,,#904ea6,
2024-04-18,Total,,35.0,,,,,0.0,,,,,1.0,,,,,#545cf8,,,,
2024-04-18,Drift,,,30.0,,,,,0.0,,,,,,,,,,,,,
2024-04-18,Flash Trade,,,11.0,,,,,0.0,,,,,4.0,,,,,#63b512,,,
2024-04-18,Jupiter,,,3.0,,,,,0.0,,,,,6.0,,,,,#00bfa5,,,
2024-04-18,_Drift,Drift,,,30.0,,,,,0.0,,,,,,,,,,,,
2024-04-18,_Flash Trade,Flash Trade,,,11.0,,,,,0.0,,,,,4.0,,,,,#63b512,,
2024-04-18,_Jupiter,Jupiter,,,3.0,,,,,0.0,,,,,6.0,,,,,#00bfa5,,
2024-04-18,Crypto,,,,,31.0,,,,,0.0,,,,,1.0,,,,,#545cf8,
2024-04-18,FX,,,,,2.0,,,,,0.0,,,,,4.0,,,,,#63b512,
2024-04-18,Commodity,,,,,2.0,,,,,0.0,,,,,3.0,,,,,#904ea6,
2024-04-17,Total,,35.0,,,,,0.0,,,,,1.0,,,,,#545cf8,,,,
2024-04-17,Drift,,,30.0,,,,,0.0,,,,,,,,,,,,,
2024-04-17,Flash Trade,,,11.0,,,,,0.0,,,,,4.0,,,,,#63b512,,,
2024-04-17,Jupiter,,,3.0,,,,,0.0,,,,,6.0,,,,,#00bfa5,,,
2024-04-17,_Drift,Drift,,,30.0,,,,,0.0,,,,,,,,,,,,
2024-04-17,_Flash Trade,Flash Trade,,,11.0,,,,,0.0,,,,,4.0,,,,,#63b512,,
2024-04-17,_Jupiter,Jupiter,,,3.0,,,,,0.0,,,,,6.0,,,,,#00bfa5,,
2024-04-17,Crypto,,,,,31.0,,,,,0.0,,,,,1.0,,,,,#545cf8,
2024-04-17,FX,,,,,2.0,,,,,0.0,,,,,4.0,,,,,#63b512,
2024-04-17,Commodity,,,,,2.0,,,,,0.0,,,,,3.0,,,,,#904ea6,
2024-04-16,Total,,35.0,,,,,0.0,,,,,1.0,,,,,#545cf8,,,,
2024-04-16,Drift,,,30.0,,,,,0.0,,,,,,,,,,,,,
2024-04-16,Flash Trade,,,11.0,,,,,0.0,,,,,4.0,,,,,#63b512,,,
2024-04-16,Jupiter,,,3.0,,,,,0.0,,,,,6.0,,,,,#00bfa5,,,
2024-04-16,_Drift,Drift,,,30.0,,,,,0.0,,,,,,,,,,,,
2024-04-16,_Flash Trade,Flash Trade,,,11.0,,,,,0.0,,,,,4.0,,,,,#63b512,,
2024-04-16,_Jupiter,Jupiter,,,3.0,,,,,0.0,,,,,6.0,,,,,#00bfa5,,
2024-04-16,Crypto,,,,,31.0,,,,,0.0,,,,,1.0,,,,,#545cf8,
2024-04-16,Commodity,,,,,2.0,,,,,0.0,,,,,3.0,,,,,#904ea6,
2024-04-16,FX,,,,,2.0,,,,,0.0,,,,,4.0,,,,,#63b512,
2024-04-15,Total,,35.0,,,,,0.0,,,,,1.0,,,,,#545cf8,,,,
2024-04-15,Drift,,,30.0,,,,,0.0,,,,,,,,,,,,,
2024-04-15,Flash Trade,,,11.0,,,,,0.0,,,,,4.0,,,,,#63b512,,,
2024-04-15,Jupiter,,,3.0,,,,,0.0,,,,,6.0,,,,,#00bfa5,,,
2024-04-15,_Drift,Drift,,,30.0,,,,,0.0,,,,,,,,,,,,
2024-04-15,_Flash Trade,Flash Trade,,,11.0,,,,,0.0,,,,,4.0,,,,,#63b512,,
2024-04-15,_Jupiter,Jupiter,,,3.0,,,,,0.0,,,,,6.0,,,,,#00bfa5,,
2024-04-15,Crypto,,,,,31.0,,,,,0.0,,,,,1.0,,,,,#545cf8,
2024-04-15,Commodity,,,,,2.0,,,,,0.0,,,,,3.0,,,,,#904ea6,
2024-04-15,FX,,,,,2.0,,,,,0.0,,,,,4.0,,,,,#63b512,
2024-04-14,Total,,35.0,,,,,0.0,,,,,1.0,,,,,#545cf8,,,,
2024-04-14,Drift,,,30.0,,,,,0.0,,,,,,,,,,,,,
2024-04-14,Flash Trade,,,11.0,,,,,0.0,,,,,4.0,,,,,#63b512,,,
2024-04-14,Jupiter,,,3.0,,,,,0.0,,,,,6.0,,,,,#00bfa5,,,
2024-04-14,_Drift,Drift,,,30.0,,,,,0.0,,,,,,,,,,,,
2024-04-14,_Flash Trade,Flash Trade,,,11.0,,,,,0.0,,,,,4.0,,,,,#63b512,,
2024-04-14,_Jupiter,Jupiter,,,3.0,,,,,0.0,,,,,6.0,,,,,#00bfa5,,
2024-04-14,Crypto,,,,,31.0,,,,,0.0,,,,,1.0,,,,,#545cf8,
2024-04-14,FX,,,,,2.0,,,,,0.0,,,,,4.0,,,,,#63b512,
2024-04-14,Commodity,,,,,2.0,,,,,0.0,,,,,3.0,,,,,#904ea6,
2024-04-13,Total,,35.0,,,,,0.0,,,,,1.0,,,,,#545cf8,,,,
2024-04-13,Drift,,,30.0,,,,,0.0,,,,,,,,,,,,,
2024-04-13,Flash Trade,,,11.0,,,,,0.0,,,,,4.0,,,,,#63b512,,,
2024-04-13,Jupiter,,,3.0,,,,,0.0,,,,,6.0,,,,,#00bfa5,,,
2024-04-13,_Drift,Drift,,,30.0,,,,,0.0,,,,,,,,,,,,
2024-04-13,_Flash Trade,Flash Trade,,,11.0,,,,,0.0,,,,,4.0,,,,,#63b512,,
2024-04-13,_Jupiter,Jupiter,,,3.0,,,,,0.0,,,,,6.0,,,,,#00bfa5,,
2024-04-13,Crypto,,,,,31.0,,,,,0.0,,,,,1.0,,,,,#545cf8,
2024-04-13,Commodity,,,,,2.0,,,,,0.0,,,,,3.0,,,,,#904ea6,
2024-04-13,FX,,,,,2.0,,,,,0.0,,,,,4.0,,,,,#63b512,
2024-04-12,Total,,35.0,,,,,0.0,,,,,1.0,,,,,#545cf8,,,,
2024-04-12,Drift,,,30.0,,,,,0.0,,,,,,,,,,,,,
2024-04-12,Flash Trade,,,11.0,,,,,0.0,,,,,4.0,,,,,#63b512,,,
2024-04-12,Jupiter,,,3.0,,,,,0.0,,,,,6.0,,,,,#00bfa5,,,
2024-04-12,_Drift,Drift,,,30.0,,,,,0.0,,,,,,,,,,,,
2024-04-12,_Flash Trade,Flash Trade,,,11.0,,,,,0.0,,,,,4.0,,,,,#63b512,,
2024-04-12,_Jupiter,Jupiter,,,3.0,,,,,0.0,,,,,6.0,,,,,#00bfa5,,
2024-04-12,Crypto,,,,,31.0,,,,,0.0,,,,,1.0,,,,,#545cf8,
2024-04-12,FX,,,,,2.0,,,,,0.0,,,,,4.0,,,,,#63b512,
2024-04-12,Commodity,,,,,2.0,,,,,0.0,,,,,3.0,,,,,#904ea6,
2024-04-11,Total,,35.0,,,,,0.0,,,,,1.0,,,,,#545cf8,,,,
2024-04-11,Drift,,,30.0,,,,,0.0,,,,,,,,,,,,,
2024-04-11,Flash Trade,,,11.0,,,,,0.0,,,,,4.0,,,,,#63b512,,,
2024-04-11,Jupiter,,,3.0,,,,,0.0,,,,,6.0,,,,,#00bfa5,,,
2024-04-11,_Drift,Drift,,,30.0,,,,,0.0,,,,,,,,,,,,
2024-04-11,_Flash Trade,Flash Trade,,,11.0,,,,,0.0,,,,,4.0,,,,,#63b512,,
2024-04-11,_Jupiter,Jupiter,,,3.0,,,,,0.0,,,,,6.0,,,,,#00bfa5,,
2024-04-11,Crypto,,,,,31.0,,,,,0.0,,,,,1.0,,,,,#545cf8,
2024-04-11,Commodity,,,,,2.0,,,,,0.0,,,,,3.0,,,,,#904ea6,
2024-04-11,FX,,,,,2.0,,,,,0.0,,,,,4.0,,,,,#63b512,
2024-04-10,Total,,35.0,,,,,0.0,,,,,1.0,,,,,#545cf8,,,,
2024-04-10,Drift,,,30.0,,,,,0.0,,,,,,,,,,,,,
2024-04-10,Flash Trade,,,11.0,,,,,0.0,,,,,4.0,,,,,#63b512,,,
2024-04-10,Jupiter,,,3.0,,,,,0.0,,,,,6.0,,,,,#00bfa5,,,
2024-04-10,_Drift,Drift,,,30.0,,,,,0.0,,,,,,,,,,,,
2024-04-10,_Flash Trade,Flash Trade,,,11.0,,,,,0.0,,,,,4.0,,,,,#63b512,,
2024-04-10,_Jupiter,Jupiter,,,3.0,,,,,0.0,,,,,6.0,,,,,#00bfa5,,
2024-04-10,Crypto,,,,,31.0,,,,,0.0,,,,,1.0,,,,,#545cf8,
2024-04-10,Commodity,,,,,2.0,,,,,0.0,,,,,3.0,,,,,#904ea6,
2024-04-10,FX,,,,,2.0,,,,,0.0,,,,,4.0,,,,,#63b512,
2024-04-09,Total,,35.0,,,,,1.0,,,,,1.0,,,,,#545cf8,,,,
2024-04-09,Drift,,,30.0,,,,,1.0,,,,,,,,,,,,,
2024-04-09,Flash Trade,,,11.0,,,,,0.0,,,,,4.0,,,,,#63b512,,,
2024-04-09,Jupiter,,,3.0,,,,,0.0,,,,,6.0,,,,,#00bfa5,,,
2024-04-09,_Drift,Drift,,,30.0,,,,,1.0,,,,,,,,,,,,
2024-04-09,_Flash Trade,Flash Trade,,,11.0,,,,,0.0,,,,,4.0,,,,,#63b512,,
2024-04-09,_Jupiter,Jupiter,,,3.0,,,,,0.0,,,,,6.0,,,,,#00bfa5,,
2024-04-09,Crypto,,,,,31.0,,,,,1.0,,,,,1.0,,,,,#545cf8,
2024-04-09,FX,,,,,2.0,,,,,0.0,,,,,4.0,,,,,#63b512,
2024-04-09,Commodity,,,,,2.0,,,,,0.0,,,,,3.0,,,,,#904ea6,
2024-04-08,Total,,34.0,,,,,0.0,,,,,1.0,,,,,#545cf8,,,,
2024-04-08,Drift,,,29.0,,,,,0.0,,,,,,,,,,,,,
2024-04-08,Flash Trade,,,11.0,,,,,0.0,,,,,4.0,,,,,#63b512,,,
2024-04-08,Jupiter,,,3.0,,,,,0.0,,,,,6.0,,,,,#00bfa5,,,
2024-04-08,_Drift,Drift,,,29.0,,,,,0.0,,,,,,,,,,,,
2024-04-08,_Flash Trade,Flash Trade,,,11.0,,,,,0.0,,,,,4.0,,,,,#63b512,,
2024-04-08,_Jupiter,Jupiter,,,3.0,,,,,0.0,,,,,6.0,,,,,#00bfa5,,
2024-04-08,Crypto,,,,,30.0,,,,,0.0,,,,,1.0,,,,,#545cf8,
2024-04-08,Commodity,,,,,2.0,,,,,0.0,,,,,3.0,,,,,#904ea6,
2024-04-08,FX,,,,,2.0,,,,,0.0,,,,,4.0,,,,,#63b512,
2024-04-07,Total,,34.0,,,,,0.0,,,,,1.0,,,,,#545cf8,,,,
2024-04-07,Drift,,,29.0,,,,,0.0,,,,,,,,,,,,,
2024-04-07,Flash Trade,,,11.0,,,,,0.0,,,,,4.0,,,,,#63b512,,,
2024-04-07,Jupiter,,,3.0,,,,,0.0,,,,,6.0,,,,,#00bfa5,,,
2024-04-07,_Drift,Drift,,,29.0,,,,,0.0,,,,,,,,,,,,
2024-04-07,_Flash Trade,Flash Trade,,,11.0,,,,,0.0,,,,,4.0,,,,,#63b512,,
2024-04-07,_Jupiter,Jupiter,,,3.0,,,,,0.0,,,,,6.0,,,,,#00bfa5,,
2024-04-07,Crypto,,,,,30.0,,,,,0.0,,,,,1.0,,,,,#545cf8,
2024-04-07,Commodity,,,,,2.0,,,,,0.0,,,,,3.0,,,,,#904ea6,
2024-04-07,FX,,,,,2.0,,,,,0.0,,,,,4.0,,,,,#63b512,
2024-04-06,Total,,34.0,,,,,0.0,,,,,1.0,,,,,#545cf8,,,,
2024-04-06,Drift,,,29.0,,,,,0.0,,,,,,,,,,,,,
2024-04-06,Flash Trade,,,11.0,,,,,0.0,,,,,4.0,,,,,#63b512,,,
2024-04-06,Jupiter,,,3.0,,,,,0.0,,,,,6.0,,,,,#00bfa5,,,
2024-04-06,_Drift,Drift,,,29.0,,,,,0.0,,,,,,,,,,,,
2024-04-06,_Flash Trade,Flash Trade,,,11.0,,,,,0.0,,,,,4.0,,,,,#63b512,,
2024-04-06,_Jupiter,Jupiter,,,3.0,,,,,0.0,,,,,6.0,,,,,#00bfa5,,
2024-04-06,Crypto,,,,,30.0,,,,,0.0,,,,,1.0,,,,,#545cf8,
2024-04-06,Commodity,,,,,2.0,,,,,0.0,,,,,3.0,,,,,#904ea6,
2024-04-06,FX,,,,,2.0,,,,,0.0,,,,,4.0,,,,,#63b512,
2024-04-05,Total,,34.0,,,,,0.0,,,,,1.0,,,,,#545cf8,,,,
2024-04-05,Drift,,,29.0,,,,,0.0,,,,,,,,,,,,,
2024-04-05,Flash Trade,,,11.0,,,,,0.0,,,,,4.0,,,,,#63b512,,,
2024-04-05,Jupiter,,,3.0,,,,,0.0,,,,,6.0,,,,,#00bfa5,,,
2024-04-05,_Drift,Drift,,,29.0,,,,,0.0,,,,,,,,,,,,
2024-04-05,_Flash Trade,Flash Trade,,,11.0,,,,,0.0,,,,,4.0,,,,,#63b512,,
2024-04-05,_Jupiter,Jupiter,,,3.0,,,,,0.0,,,,,6.0,,,,,#00bfa5,,
2024-04-05,Crypto,,,,,30.0,,,,,0.0,,,,,1.0,,,,,#545cf8,
2024-04-05,FX,,,,,2.0,,,,,0.0,,,,,4.0,,,,,#63b512,
2024-04-05,Commodity,,,,,2.0,,,,,0.0,,,,,3.0,,,,,#904ea6,
2024-04-04,Total,,34.0,,,,,1.0,,,,,1.0,,,,,#545cf8,,,,
2024-04-04,Drift,,,29.0,,,,,1.0,,,,,,,,,,,,,
2024-04-04,Flash Trade,,,11.0,,,,,0.0,,,,,4.0,,,,,#63b512,,,
2024-04-04,Jupiter,,,3.0,,,,,0.0,,,,,6.0,,,,,#00bfa5,,,
2024-04-04,_Drift,Drift,,,29.0,,,,,1.0,,,,,,,,,,,,
2024-04-04,_Flash Trade,Flash Trade,,,11.0,,,,,0.0,,,,,4.0,,,,,#63b512,,
2024-04-04,_Jupiter,Jupiter,,,3.0,,,,,0.0,,,,,6.0,,,,,#00bfa5,,
2024-04-04,Crypto,,,,,30.0,,,,,1.0,,,,,1.0,,,,,#545cf8,
2024-04-04,FX,,,,,2.0,,,,,0.0,,,,,4.0,,,,,#63b512,
2024-04-04,Commodity,,,,,2.0,,,,,0.0,,,,,3.0,,,,,#904ea6,
2024-04-03,Total,,33.0,,,,,0.0,,,,,1.0,,,,,#545cf8,,,,
2024-04-03,Drift,,,28.0,,,,,0.0,,,,,,,,,,,,,
2024-04-03,Flash Trade,,,11.0,,,,,0.0,,,,,4.0,,,,,#63b512,,,
2024-04-03,Jupiter,,,3.0,,,,,0.0,,,,,6.0,,,,,#00bfa5,,,
2024-04-03,_Drift,Drift,,,28.0,,,,,0.0,,,,,,,,,,,,
2024-04-03,_Flash Trade,Flash Trade,,,11.0,,,,,0.0,,,,,4.0,,,,,#63b512,,
2024-04-03,_Jupiter,Jupiter,,,3.0,,,,,0.0,,,,,6.0,,,,,#00bfa5,,
2024-04-03,Crypto,,,,,29.0,,,,,0.0,,,,,1.0,,,,,#545cf8,
2024-04-03,FX,,,,,2.0,,,,,0.0,,,,,4.0,,,,,#63b512,
2024-04-03,Commodity,,,,,2.0,,,,,0.0,,,,,3.0,,,,,#904ea6,
2024-04-02,Total,,33.0,,,,,0.0,,,,,1.0,,,,,#545cf8,,,,
2024-04-02,Drift,,,28.0,,,,,0.0,,,,,,,,,,,,,
2024-04-02,Flash Trade,,,11.0,,,,,0.0,,,,,4.0,,,,,#63b512,,,
2024-04-02,Jupiter,,,3.0,,,,,0.0,,,,,6.0,,,,,#00bfa5,,,
2024-04-02,_Drift,Drift,,,28.0,,,,,0.0,,,,,,,,,,,,
2024-04-02,_Flash Trade,Flash Trade,,,11.0,,,,,0.0,,,,,4.0,,,,,#63b512,,
2024-04-02,_Jupiter,Jupiter,,,3.0,,,,,0.0,,,,,6.0,,,,,#00bfa5,,
2024-04-02,Crypto,,,,,29.0,,,,,0.0,,,,,1.0,,,,,#545cf8,
2024-04-02,FX,,,,,2.0,,,,,0.0,,,,,4.0,,,,,#63b512,
2024-04-02,Commodity,,,,,2.0,,,,,0.0,,,,,3.0,,,,,#904ea6,
2024-04-01,Total,,33.0,,,,,0.0,,,,,1.0,,,,,#545cf8,,,,
2024-04-01,Drift,,,28.0,,,,,0.0,,,,,,,,,,,,,
2024-04-01,Flash Trade,,,11.0,,,,,0.0,,,,,4.0,,,,,#63b512,,,
2024-04-01,Jupiter,,,3.0,,,,,0.0,,,,,6.0,,,,,#00bfa5,,,
2024-04-01,_Drift,Drift,,,28.0,,,,,0.0,,,,,,,,,,,,
2024-04-01,_Flash Trade,Flash Trade,,,11.0,,,,,0.0,,,,,4.0,,,,,#63b512,,
2024-04-01,_Jupiter,Jupiter,,,3.0,,,,,0.0,,,,,6.0,,,,,#00bfa5,,
2024-04-01,Crypto,,,,,29.0,,,,,0.0,,,,,1.0,,,,,#545cf8,
2024-04-01,Commodity,,,,,2.0,,,,,0.0,,,,,3.0,,,,,#904ea6,
2024-04-01,FX,,,,,2.0,,,,,0.0,,,,,4.0,,,,,#63b512,
2024-03-31,Total,,33.0,,,,,0.0,,,,,1.0,,,,,#545cf8,,,,
2024-03-31,Drift,,,28.0,,,,,0.0,,,,,,,,,,,,,
2024-03-31,Flash Trade,,,11.0,,,,,0.0,,,,,4.0,,,,,#63b512,,,
2024-03-31,Jupiter,,,3.0,,,,,0.0,,,,,6.0,,,,,#00bfa5,,,
2024-03-31,_Drift,Drift,,,28.0,,,,,0.0,,,,,,,,,,,,
2024-03-31,_Flash Trade,Flash Trade,,,11.0,,,,,0.0,,,,,4.0,,,,,#63b512,,
2024-03-31,_Jupiter,Jupiter,,,3.0,,,,,0.0,,,,,6.0,,,,,#00bfa5,,
2024-03-31,Crypto,,,,,29.0,,,,,0.0,,,,,1.0,,,,,#545cf8,
2024-03-31,Commodity,,,,,2.0,,,,,0.0,,,,,3.0,,,,,#904ea6,
2024-03-31,FX,,,,,2.0,,,,,0.0,,,,,4.0,,,,,#63b512,
2024-03-30,Total,,33.0,,,,,0.0,,,,,1.0,,,,,#545cf8,,,,
2024-03-30,Drift,,,28.0,,,,,0.0,,,,,,,,,,,,,
2024-03-30,Flash Trade,,,11.0,,,,,0.0,,,,,4.0,,,,,#63b512,,,
2024-03-30,Jupiter,,,3.0,,,,,0.0,,,,,6.0,,,,,#00bfa5,,,
2024-03-30,_Drift,Drift,,,28.0,,,,,0.0,,,,,,,,,,,,
2024-03-30,_Flash Trade,Flash Trade,,,11.0,,,,,0.0,,,,,4.0,,,,,#63b512,,
2024-03-30,_Jupiter,Jupiter,,,3.0,,,,,0.0,,,,,6.0,,,,,#00bfa5,,
2024-03-30,Crypto,,,,,29.0,,,,,0.0,,,,,1.0,,,,,#545cf8,
2024-03-30,FX,,,,,2.0,,,,,0.0,,,,,4.0,,,,,#63b512,
2024-03-30,Commodity,,,,,2.0,,,,,0.0,,,,,3.0,,,,,#904ea6,
2024-03-29,Total,,33.0,,,,,0.0,,,,,1.0,,,,,#545cf8,,,,
2024-03-29,Drift,,,28.0,,,,,0.0,,,,,,,,,,,,,
2024-03-29,Flash Trade,,,11.0,,,,,0.0,,,,,4.0,,,,,#63b512,,,
2024-03-29,Jupiter,,,3.0,,,,,0.0,,,,,6.0,,,,,#00bfa5,,,
2024-03-29,_Drift,Drift,,,28.0,,,,,0.0,,,,,,,,,,,,
2024-03-29,_Flash Trade,Flash Trade,,,11.0,,,,,0.0,,,,,4.0,,,,,#63b512,,
2024-03-29,_Jupiter,Jupiter,,,3.0,,,,,0.0,,,,,6.0,,,,,#00bfa5,,
2024-03-29,Crypto,,,,,29.0,,,,,0.0,,,,,1.0,,,,,#545cf8,
2024-03-29,Commodity,,,,,2.0,,,,,0.0,,,,,3.0,,,,,#904ea6,
2024-03-29,FX,,,,,2.0,,,,,0.0,,,,,4.0,,,,,#63b512,
2024-03-28,Total,,33.0,,,,,0.0,,,,,1.0,,,,,#545cf8,,,,
2024-03-28,Drift,,,28.0,,,,,0.0,,,,,,,,,,,,,
2024-03-28,Flash Trade,,,11.0,,,,,0.0,,,,,4.0,,,,,#63b512,,,
2024-03-28,Jupiter,,,3.0,,,,,0.0,,,,,6.0,,,,,#00bfa5,,,
2024-03-28,_Drift,Drift,,,28.0,,,,,0.0,,,,,,,,,,,,
2024-03-28,_Flash Trade,Flash Trade,,,11.0,,,,,0.0,,,,,4.0,,,,,#63b512,,
2024-03-28,_Jupiter,Jupiter,,,3.0,,,,,0.0,,,,,6.0,,,,,#00bfa5,,
2024-03-28,Crypto,,,,,29.0,,,,,0.0,,,,,1.0,,,,,#545cf8,
2024-03-28,FX,,,,,2.0,,,,,0.0,,,,,4.0,,,,,#63b512,
2024-03-28,Commodity,,,,,2.0,,,,,0.0,,,,,3.0,,,,,#904ea6,
2024-03-27,Total,,33.0,,,,,0.0,,,,,1.0,,,,,#545cf8,,,,
2024-03-27,Drift,,,28.0,,,,,0.0,,,,,,,,,,,,,
2024-03-27,Flash Trade,,,11.0,,,,,0.0,,,,,4.0,,,,,#63b512,,,
2024-03-27,Jupiter,,,3.0,,,,,0.0,,,,,6.0,,,,,#00bfa5,,,
2024-03-27,_Drift,Drift,,,28.0,,,,,0.0,,,,,,,,,,,,
2024-03-27,_Flash Trade,Flash Trade,,,11.0,,,,,0.0,,,,,4.0,,,,,#63b512,,
2024-03-27,_Jupiter,Jupiter,,,3.0,,,,,0.0,,,,,6.0,,,,,#00bfa5,,
2024-03-27,Crypto,,,,,29.0,,,,,0.0,,,,,1.0,,,,,#545cf8,
2024-03-27,Commodity,,,,,2.0,,,,,0.0,,,,,3.0,,,,,#904ea6,
2024-03-27,FX,,,,,2.0,,,,,0.0,,,,,4.0,,,,,#63b512,
2024-03-26,Total,,33.0,,,,,0.0,,,,,1.0,,,,,#545cf8,,,,
2024-03-26,Drift,,,28.0,,,,,0.0,,,,,,,,,,,,,
2024-03-26,Flash Trade,,,11.0,,,,,0.0,,,,,4.0,,,,,#63b512,,,
2024-03-26,Jupiter,,,3.0,,,,,0.0,,,,,6.0,,,,,#00bfa5,,,
2024-03-26,_Drift,Drift,,,28.0,,,,,0.0,,,,,,,,,,,,
2024-03-26,_Flash Trade,Flash Trade,,,11.0,,,,,0.0,,,,,4.0,,,,,#63b512,,
2024-03-26,_Jupiter,Jupiter,,,3.0,,,,,0.0,,,,,6.0,,,,,#00bfa5,,
2024-03-26,Crypto,,,,,29.0,,,,,0.0,,,,,1.0,,,,,#545cf8,
2024-03-26,Commodity,,,,,2.0,,,,,0.0,,,,,3.0,,,,,#904ea6,
2024-03-26,FX,,,,,2.0,,,,,0.0,,,,,4.0,,,,,#63b512,
2024-03-25,Total,,33.0,,,,,0.0,,,,,1.0,,,,,#545cf8,,,,
2024-03-25,Drift,,,28.0,,,,,0.0,,,,,,,,,,,,,
2024-03-25,Flash Trade,,,11.0,,,,,0.0,,,,,4.0,,,,,#63b512,,,
2024-03-25,Jupiter,,,3.0,,,,,0.0,,,,,6.0,,,,,#00bfa5,,,
2024-03-25,_Drift,Drift,,,28.0,,,,,0.0,,,,,,,,,,,,
2024-03-25,_Flash Trade,Flash Trade,,,11.0,,,,,0.0,,,,,4.0,,,,,#63b512,,
2024-03-25,_Jupiter,Jupiter,,,3.0,,,,,0.0,,,,,6.0,,,,,#00bfa5,,
2024-03-25,Crypto,,,,,29.0,,,,,0.0,,,,,1.0,,,,,#545cf8,
2024-03-25,FX,,,,,2.0,,,,,0.0,,,,,4.0,,,,,#63b512,
2024-03-25,Commodity,,,,,2.0,,,,,0.0,,,,,3.0,,,,,#904ea6,
2024-03-24,Total,,33.0,,,,,0.0,,,,,1.0,,,,,#545cf8,,,,
2024-03-24,Drift,,,28.0,,,,,0.0,,,,,,,,,,,,,
2024-03-24,Flash Trade,,,11.0,,,,,0.0,,,,,4.0,,,,,#63b512,,,
2024-03-24,Jupiter,,,3.0,,,,,0.0,,,,,6.0,,,,,#00bfa5,,,
2024-03-24,_Drift,Drift,,,28.0,,,,,0.0,,,,,,,,,,,,
2024-03-24,_Flash Trade,Flash Trade,,,11.0,,,,,0.0,,,,,4.0,,,,,#63b512,,
2024-03-24,_Jupiter,Jupiter,,,3.0,,,,,0.0,,,,,6.0,,,,,#00bfa5,,
2024-03-24,Crypto,,,,,29.0,,,,,0.0,,,,,1.0,,,,,#545cf8,
2024-03-24,Commodity,,,,,2.0,,,,,0.0,,,,,3.0,,,,,#904ea6,
2024-03-24,FX,,,,,2.0,,,,,0.0,,,,,4.0,,,,,#63b512,
2024-03-23,Total,,33.0,,,,,0.0,,,,,1.0,,,,,#545cf8,,,,
2024-03-23,Drift,,,28.0,,,,,0.0,,,,,,,,,,,,,
2024-03-23,Flash Trade,,,11.0,,,,,0.0,,,,,4.0,,,,,#63b512,,,
2024-03-23,Jupiter,,,3.0,,,,,0.0,,,,,6.0,,,,,#00bfa5,,,
2024-03-23,_Drift,Drift,,,28.0,,,,,0.0,,,,,,,,,,,,
2024-03-23,_Flash Trade,Flash Trade,,,11.0,,,,,0.0,,,,,4.0,,,,,#63b512,,
2024-03-23,_Jupiter,Jupiter,,,3.0,,,,,0.0,,,,,6.0,,,,,#00bfa5,,
2024-03-23,Crypto,,,,,29.0,,,,,0.0,,,,,1.0,,,,,#545cf8,
2024-03-23,FX,,,,,2.0,,,,,0.0,,,,,4.0,,,,,#63b512,
2024-03-23,Commodity,,,,,2.0,,,,,0.0,,,,,3.0,,,,,#904ea6,
2024-03-22,Total,,33.0,,,,,0.0,,,,,1.0,,,,,#545cf8,,,,
2024-03-22,Drift,,,28.0,,,,,0.0,,,,,,,,,,,,,
2024-03-22,Flash Trade,,,11.0,,,,,0.0,,,,,4.0,,,,,#63b512,,,
2024-03-22,Jupiter,,,3.0,,,,,0.0,,,,,6.0,,,,,#00bfa5,,,
2024-03-22,_Drift,Drift,,,28.0,,,,,0.0,,,,,,,,,,,,
2024-03-22,_Flash Trade,Flash Trade,,,11.0,,,,,0.0,,,,,4.0,,,,,#63b512,,
2024-03-22,_Jupiter,Jupiter,,,3.0,,,,,0.0,,,,,6.0,,,,,#00bfa5,,
2024-03-22,Crypto,,,,,29.0,,,,,0.0,,,,,1.0,,,,,#545cf8,
2024-03-22,Commodity,,,,,2.0,,,,,0.0,,,,,3.0,,,,,#904ea6,
2024-03-22,FX,,,,,2.0,,,,,0.0,,,,,4.0,,,,,#63b512,
2024-03-21,Total,,33.0,,,,,0.0,,,,,1.0,,,,,#545cf8,,,,
2024-03-21,Drift,,,28.0,,,,,0.0,,,,,,,,,,,,,
2024-03-21,Flash Trade,,,11.0,,,,,0.0,,,,,4.0,,,,,#63b512,,,
2024-03-21,Jupiter,,,3.0,,,,,0.0,,,,,6.0,,,,,#00bfa5,,,
2024-03-21,_Drift,Drift,,,28.0,,,,,0.0,,,,,,,,,,,,
2024-03-21,_Flash Trade,Flash Trade,,,11.0,,,,,0.0,,,,,4.0,,,,,#63b512,,
2024-03-21,_Jupiter,Jupiter,,,3.0,,,,,0.0,,,,,6.0,,,,,#00bfa5,,
2024-03-21,Crypto,,,,,29.0,,,,,0.0,,,,,1.0,,,,,#545cf8,
2024-03-21,Commodity,,,,,2.0,,,,,0.0,,,,,3.0,,,,,#904ea6,
2024-03-21,FX,,,,,2.0,,,,,0.0,,,,,4.0,,,,,#63b512,
2024-03-20,Total,,33.0,,,,,0.0,,,,,1.0,,,,,#545cf8,,,,
2024-03-20,Drift,,,28.0,,,,,0.0,,,,,,,,,,,,,
2024-03-20,Flash Trade,,,11.0,,,,,0.0,,,,,4.0,,,,,#63b512,,,
2024-03-20,Jupiter,,,3.0,,,,,0.0,,,,,6.0,,,,,#00bfa5,,,
2024-03-20,_Drift,Drift,,,28.0,,,,,0.0,,,,,,,,,,,,
2024-03-20,_Flash Trade,Flash Trade,,,11.0,,,,,0.0,,,,,4.0,,,,,#63b512,,
2024-03-20,_Jupiter,Jupiter,,,3.0,,,,,0.0,,,,,6.0,,,,,#00bfa5,,
2024-03-20,Crypto,,,,,29.0,,,,,0.0,,,,,1.0,,,,,#545cf8,
2024-03-20,FX,,,,,2.0,,,,,0.0,,,,,4.0,,,,,#63b512,
2024-03-20,Commodity,,,,,2.0,,,,,0.0,,,,,3.0,,,,,#904ea6,
2024-03-19,Total,,33.0,,,,,0.0,,,,,1.0,,,,,#545cf8,,,,
2024-03-19,Drift,,,28.0,,,,,0.0,,,,,,,,,,,,,
2024-03-19,Flash Trade,,,11.0,,,,,0.0,,,,,4.0,,,,,#63b512,,,
2024-03-19,Jupiter,,,3.0,,,,,0.0,,,,,6.0,,,,,#00bfa5,,,
2024-03-19,_Drift,Drift,,,28.0,,,,,0.0,,,,,,,,,,,,
2024-03-19,_Flash Trade,Flash Trade,,,11.0,,,,,0.0,,,,,4.0,,,,,#63b512,,
2024-03-19,_Jupiter,Jupiter,,,3.0,,,,,0.0,,,,,6.0,,,,,#00bfa5,,
2024-03-19,Crypto,,,,,29.0,,,,,0.0,,,,,1.0,,,,,#545cf8,
2024-03-19,FX,,,,,2.0,,,,,0.0,,,,,4.0,,,,,#63b512,
2024-03-19,Commodity,,,,,2.0,,,,,0.0,,,,,3.0,,,,,#904ea6,
2024-03-18,Total,,33.0,,,,,0.0,,,,,1.0,,,,,#545cf8,,,,
2024-03-18,Drift,,,28.0,,,,,0.0,,,,,,,,,,,,,
2024-03-18,Flash Trade,,,11.0,,,,,0.0,,,,,4.0,,,,,#63b512,,,
2024-03-18,Jupiter,,,3.0,,,,,0.0,,,,,6.0,,,,,#00bfa5,,,
2024-03-18,_Drift,Drift,,,28.0,,,,,0.0,,,,,,,,,,,,
2024-03-18,_Flash Trade,Flash Trade,,,11.0,,,,,0.0,,,,,4.0,,,,,#63b512,,
2024-03-18,_Jupiter,Jupiter,,,3.0,,,,,0.0,,,,,6.0,,,,,#00bfa5,,
2024-03-18,Crypto,,,,,29.0,,,,,0.0,,,,,1.0,,,,,#545cf8,
2024-03-18,FX,,,,,2.0,,,,,0.0,,,,,4.0,,,,,#63b512,
2024-03-18,Commodity,,,,,2.0,,,,,0.0,,,,,3.0,,,,,#904ea6,
2024-03-17,Total,,33.0,,,,,0.0,,,,,1.0,,,,,#545cf8,,,,
2024-03-17,Drift,,,28.0,,,,,0.0,,,,,,,,,,,,,
2024-03-17,Flash Trade,,,11.0,,,,,0.0,,,,,4.0,,,,,#63b512,,,
2024-03-17,Jupiter,,,3.0,,,,,0.0,,,,,6.0,,,,,#00bfa5,,,
2024-03-17,_Drift,Drift,,,28.0,,,,,0.0,,,,,,,,,,,,
2024-03-17,_Flash Trade,Flash Trade,,,11.0,,,,,0.0,,,,,4.0,,,,,#63b512,,
2024-03-17,_Jupiter,Jupiter,,,3.0,,,,,0.0,,,,,6.0,,,,,#00bfa5,,
2024-03-17,Crypto,,,,,29.0,,,,,0.0,,,,,1.0,,,,,#545cf8,
2024-03-17,Commodity,,,,,2.0,,,,,0.0,,,,,3.0,,,,,#904ea6,
2024-03-17,FX,,,,,2.0,,,,,0.0,,,,,4.0,,,,,#63b512,
2024-03-16,Total,,33.0,,,,,0.0,,,,,1.0,,,,,#545cf8,,,,
2024-03-16,Drift,,,28.0,,,,,0.0,,,,,,,,,,,,,
2024-03-16,Flash Trade,,,11.0,,,,,0.0,,,,,4.0,,,,,#63b512,,,
2024-03-16,Jupiter,,,3.0,,,,,0.0,,,,,6.0,,,,,#00bfa5,,,
2024-03-16,_Drift,Drift,,,28.0,,,,,0.0,,,,,,,,,,,,
2024-03-16,_Flash Trade,Flash Trade,,,11.0,,,,,0.0,,,,,4.0,,,,,#63b512,,
2024-03-16,_Jupiter,Jupiter,,,3.0,,,,,0.0,,,,,6.0,,,,,#00bfa5,,
2024-03-16,Crypto,,,,,29.0,,,,,0.0,,,,,1.0,,,,,#545cf8,
2024-03-16,Commodity,,,,,2.0,,,,,0.0,,,,,3.0,,,,,#904ea6,
2024-03-16,FX,,,,,2.0,,,,,0.0,,,,,4.0,,,,,#63b512,
2024-03-15,Total,,33.0,,,,,0.0,,,,,1.0,,,,,#545cf8,,,,
2024-03-15,Drift,,,28.0,,,,,0.0,,,,,,,,,,,,,
2024-03-15,Flash Trade,,,11.0,,,,,0.0,,,,,4.0,,,,,#63b512,,,
2024-03-15,Jupiter,,,3.0,,,,,0.0,,,,,6.0,,,,,#00bfa5,,,
2024-03-15,_Drift,Drift,,,28.0,,,,,0.0,,,,,,,,,,,,
2024-03-15,_Flash Trade,Flash Trade,,,11.0,,,,,0.0,,,,,4.0,,,,,#63b512,,
2024-03-15,_Jupiter,Jupiter,,,3.0,,,,,0.0,,,,,6.0,,,,,#00bfa5,,
2024-03-15,Crypto,,,,,29.0,,,,,0.0,,,,,1.0,,,,,#545cf8,
2024-03-15,FX,,,,,2.0,,,,,0.0,,,,,4.0,,,,,#63b512,
2024-03-15,Commodity,,,,,2.0,,,,,0.0,,,,,3.0,,,,,#904ea6,
2024-03-14,Total,,33.0,,,,,1.0,,,,,1.0,,,,,#545cf8,,,,
2024-03-14,Drift,,,28.0,,,,,1.0,,,,,,,,,,,,,
2024-03-14,Flash Trade,,,11.0,,,,,0.0,,,,,4.0,,,,,#63b512,,,
2024-03-14,Jupiter,,,3.0,,,,,0.0,,,,,6.0,,,,,#00bfa5,,,
2024-03-14,_Drift,Drift,,,28.0,,,,,1.0,,,,,,,,,,,,
2024-03-14,_Flash Trade,Flash Trade,,,11.0,,,,,0.0,,,,,4.0,,,,,#63b512,,
2024-03-14,_Jupiter,Jupiter,,,3.0,,,,,0.0,,,,,6.0,,,,,#00bfa5,,
2024-03-14,Crypto,,,,,29.0,,,,,1.0,,,,,1.0,,,,,#545cf8,
2024-03-14,FX,,,,,2.0,,,,,0.0,,,,,4.0,,,,,#63b512,
2024-03-14,Commodity,,,,,2.0,,,,,0.0,,,,,3.0,,,,,#904ea6,
2024-03-13,Total,,32.0,,,,,0.0,,,,,1.0,,,,,#545cf8,,,,
2024-03-13,Drift,,,27.0,,,,,0.0,,,,,,,,,,,,,
2024-03-13,Flash Trade,,,11.0,,,,,0.0,,,,,4.0,,,,,#63b512,,,
2024-03-13,Jupiter,,,3.0,,,,,0.0,,,,,6.0,,,,,#00bfa5,,,
2024-03-13,_Drift,Drift,,,27.0,,,,,0.0,,,,,,,,,,,,
2024-03-13,_Flash Trade,Flash Trade,,,11.0,,,,,0.0,,,,,4.0,,,,,#63b512,,
2024-03-13,_Jupiter,Jupiter,,,3.0,,,,,0.0,,,,,6.0,,,,,#00bfa5,,
2024-03-13,Crypto,,,,,28.0,,,,,0.0,,,,,1.0,,,,,#545cf8,
2024-03-13,FX,,,,,2.0,,,,,0.0,,,,,4.0,,,,,#63b512,
2024-03-13,Commodity,,,,,2.0,,,,,0.0,,,,,3.0,,,,,#904ea6,
2024-03-12,Total,,32.0,,,,,0.0,,,,,1.0,,,,,#545cf8,,,,
2024-03-12,Drift,,,27.0,,,,,0.0,,,,,,,,,,,,,
2024-03-12,Flash Trade,,,11.0,,,,,0.0,,,,,4.0,,,,,#63b512,,,
2024-03-12,Jupiter,,,3.0,,,,,0.0,,,,,6.0,,,,,#00bfa5,,,
2024-03-12,_Drift,Drift,,,27.0,,,,,0.0,,,,,,,,,,,,
2024-03-12,_Flash Trade,Flash Trade,,,11.0,,,,,0.0,,,,,4.0,,,,,#63b512,,
2024-03-12,_Jupiter,Jupiter,,,3.0,,,,,0.0,,,,,6.0,,,,,#00bfa5,,
2024-03-12,Crypto,,,,,28.0,,,,,0.0,,,,,1.0,,,,,#545cf8,
2024-03-12,FX,,,,,2.0,,,,,0.0,,,,,4.0,,,,,#63b512,
2024-03-12,Commodity,,,,,2.0,,,,,0.0,,,,,3.0,,,,,#904ea6,
2024-03-11,Total,,32.0,,,,,0.0,,,,,1.0,,,,,#545cf8,,,,
2024-03-11,Drift,,,27.0,,,,,0.0,,,,,,,,,,,,,
2024-03-11,Flash Trade,,,11.0,,,,,0.0,,,,,4.0,,,,,#63b512,,,
2024-03-11,Jupiter,,,3.0,,,,,0.0,,,,,6.0,,,,,#00bfa5,,,
2024-03-11,_Drift,Drift,,,27.0,,,,,0.0,,,,,,,,,,,,
2024-03-11,_Flash Trade,Flash Trade,,,11.0,,,,,0.0,,,,,4.0,,,,,#63b512,,
2024-03-11,_Jupiter,Jupiter,,,3.0,,,,,0.0,,,,,6.0,,,,,#00bfa5,,
2024-03-11,Crypto,,,,,28.0,,,,,0.0,,,,,1.0,,,,,#545cf8,
2024-03-11,Commodity,,,,,2.0,,,,,0.0,,,,,3.0,,,,,#904ea6,
2024-03-11,FX,,,,,2.0,,,,,0.0,,,,,4.0,,,,,#63b512,
2024-03-10,Total,,32.0,,,,,0.0,,,,,1.0,,,,,#545cf8,,,,
2024-03-10,Drift,,,27.0,,,,,0.0,,,,,,,,,,,,,
2024-03-10,Flash Trade,,,11.0,,,,,0.0,,,,,4.0,,,,,#63b512,,,
2024-03-10,Jupiter,,,3.0,,,,,0.0,,,,,6.0,,,,,#00bfa5,,,
2024-03-10,_Drift,Drift,,,27.0,,,,,0.0,,,,,,,,,,,,
2024-03-10,_Flash Trade,Flash Trade,,,11.0,,,,,0.0,,,,,4.0,,,,,#63b512,,
2024-03-10,_Jupiter,Jupiter,,,3.0,,,,,0.0,,,,,6.0,,,,,#00bfa5,,
2024-03-10,Crypto,,,,,28.0,,,,,0.0,,,,,1.0,,,,,#545cf8,
2024-03-10,Commodity,,,,,2.0,,,,,0.0,,,,,3.0,,,,,#904ea6,
2024-03-10,FX,,,,,2.0,,,,,0.0,,,,,4.0,,,,,#63b512,
2024-03-09,Total,,32.0,,,,,0.0,,,,,1.0,,,,,#545cf8,,,,
2024-03-09,Drift,,,27.0,,,,,0.0,,,,,,,,,,,,,
2024-03-09,Flash Trade,,,11.0,,,,,0.0,,,,,4.0,,,,,#63b512,,,
2024-03-09,Jupiter,,,3.0,,,,,0.0,,,,,6.0,,,,,#00bfa5,,,
2024-03-09,_Drift,Drift,,,27.0,,,,,0.0,,,,,,,,,,,,
2024-03-09,_Flash Trade,Flash Trade,,,11.0,,,,,0.0,,,,,4.0,,,,,#63b512,,
2024-03-09,_Jupiter,Jupiter,,,3.0,,,,,0.0,,,,,6.0,,,,,#00bfa5,,
2024-03-09,Crypto,,,,,28.0,,,,,0.0,,,,,1.0,,,,,#545cf8,
2024-03-09,FX,,,,,2.0,,,,,0.0,,,,,4.0,,,,,#63b512,
2024-03-09,Commodity,,,,,2.0,,,,,0.0,,,,,3.0,,,,,#904ea6,
2024-03-08,Total,,32.0,,,,,0.0,,,,,1.0,,,,,#545cf8,,,,
2024-03-08,Drift,,,27.0,,,,,0.0,,,,,,,,,,,,,
2024-03-08,Flash Trade,,,11.0,,,,,0.0,,,,,4.0,,,,,#63b512,,,
2024-03-08,Jupiter,,,3.0,,,,,0.0,,,,,6.0,,,,,#00bfa5,,,
2024-03-08,_Drift,Drift,,,27.0,,,,,0.0,,,,,,,,,,,,
2024-03-08,_Flash Trade,Flash Trade,,,11.0,,,,,0.0,,,,,4.0,,,,,#63b512,,
2024-03-08,_Jupiter,Jupiter,,,3.0,,,,,0.0,,,,,6.0,,,,,#00bfa5,,
2024-03-08,Crypto,,,,,28.0,,,,,0.0,,,,,1.0,,,,,#545cf8,
2024-03-08,FX,,,,,2.0,,,,,0.0,,,,,4.0,,,,,#63b512,
2024-03-08,Commodity,,,,,2.0,,,,,0.0,,,,,3.0,,,,,#904ea6,
2024-03-07,Total,,32.0,,,,,0.0,,,,,1.0,,,,,#545cf8,,,,
2024-03-07,Drift,,,27.0,,,,,0.0,,,,,,,,,,,,,
2024-03-07,Flash Trade,,,11.0,,,,,0.0,,,,,4.0,,,,,#63b512,,,
2024-03-07,Jupiter,,,3.0,,,,,0.0,,,,,6.0,,,,,#00bfa5,,,
2024-03-07,_Drift,Drift,,,27.0,,,,,0.0,,,,,,,,,,,,
2024-03-07,_Flash Trade,Flash Trade,,,11.0,,,,,0.0,,,,,4.0,,,,,#63b512,,
2024-03-07,_Jupiter,Jupiter,,,3.0,,,,,0.0,,,,,6.0,,,,,#00bfa5,,
2024-03-07,Crypto,,,,,28.0,,,,,0.0,,,,,1.0,,,,,#545cf8,
2024-03-07,Commodity,,,,,2.0,,,,,0.0,,,,,3.0,,,,,#904ea6,
2024-03-07,FX,,,,,2.0,,,,,0.0,,,,,4.0,,,,,#63b512,
2024-03-06,Total,,32.0,,,,,0.0,,,,,1.0,,,,,#545cf8,,,,
2024-03-06,Drift,,,27.0,,,,,0.0,,,,,,,,,,,,,
2024-03-06,Flash Trade,,,11.0,,,,,0.0,,,,,4.0,,,,,#63b512,,,
2024-03-06,Jupiter,,,3.0,,,,,0.0,,,,,6.0,,,,,#00bfa5,,,
2024-03-06,_Drift,Drift,,,27.0,,,,,0.0,,,,,,,,,,,,
2024-03-06,_Flash Trade,Flash Trade,,,11.0,,,,,0.0,,,,,4.0,,,,,#63b512,,
2024-03-06,_Jupiter,Jupiter,,,3.0,,,,,0.0,,,,,6.0,,,,,#00bfa5,,
2024-03-06,Crypto,,,,,28.0,,,,,0.0,,,,,1.0,,,,,#545cf8,
2024-03-06,FX,,,,,2.0,,,,,0.0,,,,,4.0,,,,,#63b512,
2024-03-06,Commodity,,,,,2.0,,,,,0.0,,,,,3.0,,,,,#904ea6,
2024-03-05,Total,,32.0,,,,,0.0,,,,,1.0,,,,,#545cf8,,,,
2024-03-05,Drift,,,27.0,,,,,0.0,,,,,,,,,,,,,
2024-03-05,Flash Trade,,,11.0,,,,,0.0,,,,,4.0,,,,,#63b512,,,
2024-03-05,Jupiter,,,3.0,,,,,0.0,,,,,6.0,,,,,#00bfa5,,,
2024-03-05,_Drift,Drift,,,27.0,,,,,0.0,,,,,,,,,,,,
2024-03-05,_Flash Trade,Flash Trade,,,11.0,,,,,0.0,,,,,4.0,,,,,#63b512,,
2024-03-05,_Jupiter,Jupiter,,,3.0,,,,,0.0,,,,,6.0,,,,,#00bfa5,,
2024-03-05,Crypto,,,,,28.0,,,,,0.0,,,,,1.0,,,,,#545cf8,
2024-03-05,Commodity,,,,,2.0,,,,,0.0,,,,,3.0,,,,,#904ea6,
2024-03-05,FX,,,,,2.0,,,,,0.0,,,,,4.0,,,,,#63b512,
2024-03-04,Total,,32.0,,,,,0.0,,,,,1.0,,,,,#545cf8,,,,
2024-03-04,Drift,,,27.0,,,,,0.0,,,,,,,,,,,,,
2024-03-04,Flash Trade,,,11.0,,,,,0.0,,,,,4.0,,,,,#63b512,,,
2024-03-04,Jupiter,,,3.0,,,,,0.0,,,,,6.0,,,,,#00bfa5,,,
2024-03-04,_Drift,Drift,,,27.0,,,,,0.0,,,,,,,,,,,,
2024-03-04,_Flash Trade,Flash Trade,,,11.0,,,,,0.0,,,,,4.0,,,,,#63b512,,
2024-03-04,_Jupiter,Jupiter,,,3.0,,,,,0.0,,,,,6.0,,,,,#00bfa5,,
2024-03-04,Crypto,,,,,28.0,,,,,0.0,,,,,1.0,,,,,#545cf8,
2024-03-04,Commodity,,,,,2.0,,,,,0.0,,,,,3.0,,,,,#904ea6,
2024-03-04,FX,,,,,2.0,,,,,0.0,,,,,4.0,,,,,#63b512,
2024-03-03,Total,,32.0,,,,,0.0,,,,,1.0,,,,,#545cf8,,,,
2024-03-03,Drift,,,27.0,,,,,0.0,,,,,,,,,,,,,
2024-03-03,Flash Trade,,,11.0,,,,,0.0,,,,,4.0,,,,,#63b512,,,
2024-03-03,Jupiter,,,3.0,,,,,0.0,,,,,6.0,,,,,#00bfa5,,,
2024-03-03,_Drift,Drift,,,27.0,,,,,0.0,,,,,,,,,,,,
2024-03-03,_Flash Trade,Flash Trade,,,11.0,,,,,0.0,,,,,4.0,,,,,#63b512,,
2024-03-03,_Jupiter,Jupiter,,,3.0,,,,,0.0,,,,,6.0,,,,,#00bfa5,,
2024-03-03,Crypto,,,,,28.0,,,,,0.0,,,,,1.0,,,,,#545cf8,
2024-03-03,Commodity,,,,,2.0,,,,,0.0,,,,,3.0,,,,,#904ea6,
2024-03-03,FX,,,,,2.0,,,,,0.0,,,,,4.0,,,,,#63b512,
2024-03-02,Total,,32.0,,,,,0.0,,,,,1.0,,,,,#545cf8,,,,
2024-03-02,Drift,,,27.0,,,,,0.0,,,,,,,,,,,,,
2024-03-02,Flash Trade,,,11.0,,,,,0.0,,,,,4.0,,,,,#63b512,,,
2024-03-02,Jupiter,,,3.0,,,,,0.0,,,,,6.0,,,,,#00bfa5,,,
2024-03-02,_Drift,Drift,,,27.0,,,,,0.0,,,,,,,,,,,,
2024-03-02,_Flash Trade,Flash Trade,,,11.0,,,,,0.0,,,,,4.0,,,,,#63b512,,
2024-03-02,_Jupiter,Jupiter,,,3.0,,,,,0.0,,,,,6.0,,,,,#00bfa5,,
2024-03-02,Crypto,,,,,28.0,,,,,0.0,,,,,1.0,,,,,#545cf8,
2024-03-02,FX,,,,,2.0,,,,,0.0,,,,,4.0,,,,,#63b512,
2024-03-02,Commodity,,,,,2.0,,,,,0.0,,,,,3.0,,,,,#904ea6,
2024-03-01,Total,,32.0,,,,,0.0,,,,,1.0,,,,,#545cf8,,,,
2024-03-01,Drift,,,27.0,,,,,0.0,,,,,,,,,,,,,
2024-03-01,Flash Trade,,,11.0,,,,,0.0,,,,,4.0,,,,,#63b512,,,
2024-03-01,Jupiter,,,3.0,,,,,0.0,,,,,6.0,,,,,#00bfa5,,,
2024-03-01,_Drift,Drift,,,27.0,,,,,0.0,,,,,,,,,,,,
2024-03-01,_Flash Trade,Flash Trade,,,11.0,,,,,0.0,,,,,4.0,,,,,#63b512,,
2024-03-01,_Jupiter,Jupiter,,,3.0,,,,,0.0,,,,,6.0,,,,,#00bfa5,,
2024-03-01,Crypto,,,,,28.0,,,,,0.0,,,,,1.0,,,,,#545cf8,
2024-03-01,FX,,,,,2.0,,,,,0.0,,,,,4.0,,,,,#63b512,
2024-03-01,Commodity,,,,,2.0,,,,,0.0,,,,,3.0,,,,,#904ea6,
2024-02-29,Total,,32.0,,,,,0.0,,,,,1.0,,,,,#545cf8,,,,
2024-02-29,Drift,,,27.0,,,,,0.0,,,,,,,,,,,,,
2024-02-29,Flash Trade,,,11.0,,,,,3.0,,,,,4.0,,,,,#63b512,,,
2024-02-29,Jupiter,,,3.0,,,,,0.0,,,,,6.0,,,,,#00bfa5,,,
2024-02-29,_Drift,Drift,,,27.0,,,,,0.0,,,,,,,,,,,,
2024-02-29,_Flash Trade,Flash Trade,,,11.0,,,,,3.0,,,,,4.0,,,,,#63b512,,
2024-02-29,_Jupiter,Jupiter,,,3.0,,,,,0.0,,,,,6.0,,,,,#00bfa5,,
2024-02-29,Crypto,,,,,28.0,,,,,0.0,,,,,1.0,,,,,#545cf8,
2024-02-29,Commodity,,,,,2.0,,,,,0.0,,,,,3.0,,,,,#904ea6,
2024-02-29,FX,,,,,2.0,,,,,0.0,,,,,4.0,,,,,#63b512,
2024-02-28,Total,,32.0,,,,,1.0,,,,,1.0,,,,,#545cf8,,,,
2024-02-28,Drift,,,27.0,,,,,1.0,,,,,,,,,,,,,
2024-02-28,Flash Trade,,,8.0,,,,,0.0,,,,,4.0,,,,,#63b512,,,
2024-02-28,Jupiter,,,3.0,,,,,0.0,,,,,6.0,,,,,#00bfa5,,,
2024-02-28,_Drift,Drift,,,27.0,,,,,1.0,,,,,,,,,,,,
2024-02-28,_Flash Trade,Flash Trade,,,8.0,,,,,0.0,,,,,4.0,,,,,#63b512,,
2024-02-28,_Jupiter,Jupiter,,,3.0,,,,,0.0,,,,,6.0,,,,,#00bfa5,,
2024-02-28,Crypto,,,,,28.0,,,,,1.0,,,,,1.0,,,,,#545cf8,
2024-02-28,FX,,,,,2.0,,,,,0.0,,,,,4.0,,,,,#63b512,
2024-02-28,Commodity,,,,,2.0,,,,,0.0,,,,,3.0,,,,,#904ea6,
2024-02-27,Total,,31.0,,,,,0.0,,,,,1.0,,,,,#545cf8,,,,
2024-02-27,Drift,,,26.0,,,,,0.0,,,,,,,,,,,,,
2024-02-27,Flash Trade,,,8.0,,,,,0.0,,,,,4.0,,,,,#63b512,,,
2024-02-27,Jupiter,,,3.0,,,,,0.0,,,,,6.0,,,,,#00bfa5,,,
2024-02-27,_Drift,Drift,,,26.0,,,,,0.0,,,,,,,,,,,,
2024-02-27,_Flash Trade,Flash Trade,,,8.0,,,,,0.0,,,,,4.0,,,,,#63b512,,
2024-02-27,_Jupiter,Jupiter,,,3.0,,,,,0.0,,,,,6.0,,,,,#00bfa5,,
2024-02-27,Crypto,,,,,27.0,,,,,0.0,,,,,1.0,,,,,#545cf8,
2024-02-27,FX,,,,,2.0,,,,,0.0,,,,,4.0,,,,,#63b512,
2024-02-27,Commodity,,,,,2.0,,,,,0.0,,,,,3.0,,,,,#904ea6,
2024-02-26,Total,,31.0,,,,,0.0,,,,,1.0,,,,,#545cf8,,,,
2024-02-26,Drift,,,26.0,,,,,0.0,,,,,,,,,,,,,
2024-02-26,Flash Trade,,,8.0,,,,,0.0,,,,,4.0,,,,,#63b512,,,
2024-02-26,Jupiter,,,3.0,,,,,0.0,,,,,6.0,,,,,#00bfa5,,,
2024-02-26,_Drift,Drift,,,26.0,,,,,0.0,,,,,,,,,,,,
2024-02-26,_Flash Trade,Flash Trade,,,8.0,,,,,0.0,,,,,4.0,,,,,#63b512,,
2024-02-26,_Jupiter,Jupiter,,,3.0,,,,,0.0,,,,,6.0,,,,,#00bfa5,,
2024-02-26,Crypto,,,,,27.0,,,,,0.0,,,,,1.0,,,,,#545cf8,
2024-02-26,Commodity,,,,,2.0,,,,,0.0,,,,,3.0,,,,,#904ea6,
2024-02-26,FX,,,,,2.0,,,,,0.0,,,,,4.0,,,,,#63b512,
2024-02-25,Total,,31.0,,,,,0.0,,,,,1.0,,,,,#545cf8,,,,
2024-02-25,Drift,,,26.0,,,,,0.0,,,,,,,,,,,,,
2024-02-25,Flash Trade,,,8.0,,,,,0.0,,,,,4.0,,,,,#63b512,,,
2024-02-25,Jupiter,,,3.0,,,,,0.0,,,,,6.0,,,,,#00bfa5,,,
2024-02-25,_Drift,Drift,,,26.0,,,,,0.0,,,,,,,,,,,,
2024-02-25,_Flash Trade,Flash Trade,,,8.0,,,,,0.0,,,,,4.0,,,,,#63b512,,
2024-02-25,_Jupiter,Jupiter,,,3.0,,,,,0.0,,,,,6.0,,,,,#00bfa5,,
2024-02-25,Crypto,,,,,27.0,,,,,0.0,,,,,1.0,,,,,#545cf8,
2024-02-25,Commodity,,,,,2.0,,,,,0.0,,,,,3.0,,,,,#904ea6,
2024-02-25,FX,,,,,2.0,,,,,0.0,,,,,4.0,,,,,#63b512,
2024-02-24,Total,,31.0,,,,,0.0,,,,,1.0,,,,,#545cf8,,,,
2024-02-24,Drift,,,26.0,,,,,0.0,,,,,,,,,,,,,
2024-02-24,Flash Trade,,,8.0,,,,,0.0,,,,,4.0,,,,,#63b512,,,
2024-02-24,Jupiter,,,3.0,,,,,0.0,,,,,6.0,,,,,#00bfa5,,,
2024-02-24,_Drift,Drift,,,26.0,,,,,0.0,,,,,,,,,,,,
2024-02-24,_Flash Trade,Flash Trade,,,8.0,,,,,0.0,,,,,4.0,,,,,#63b512,,
2024-02-24,_Jupiter,Jupiter,,,3.0,,,,,0.0,,,,,6.0,,,,,#00bfa5,,
2024-02-24,Crypto,,,,,27.0,,,,,0.0,,,,,1.0,,,,,#545cf8,
2024-02-24,Commodity,,,,,2.0,,,,,0.0,,,,,3.0,,,,,#904ea6,
2024-02-24,FX,,,,,2.0,,,,,0.0,,,,,4.0,,,,,#63b512,
2024-02-23,Total,,31.0,,,,,0.0,,,,,1.0,,,,,#545cf8,,,,
2024-02-23,Drift,,,26.0,,,,,0.0,,,,,,,,,,,,,
2024-02-23,Flash Trade,,,8.0,,,,,0.0,,,,,4.0,,,,,#63b512,,,
2024-02-23,Jupiter,,,3.0,,,,,0.0,,,,,6.0,,,,,#00bfa5,,,
2024-02-23,_Drift,Drift,,,26.0,,,,,0.0,,,,,,,,,,,,
2024-02-23,_Flash Trade,Flash Trade,,,8.0,,,,,0.0,,,,,4.0,,,,,#63b512,,
2024-02-23,_Jupiter,Jupiter,,,3.0,,,,,0.0,,,,,6.0,,,,,#00bfa5,,
2024-02-23,Crypto,,,,,27.0,,,,,0.0,,,,,1.0,,,,,#545cf8,
2024-02-23,Commodity,,,,,2.0,,,,,0.0,,,,,3.0,,,,,#904ea6,
2024-02-23,FX,,,,,2.0,,,,,0.0,,,,,4.0,,,,,#63b512,
2024-02-22,Total,,31.0,,,,,0.0,,,,,1.0,,,,,#545cf8,,,,
2024-02-22,Drift,,,26.0,,,,,0.0,,,,,,,,,,,,,
2024-02-22,Flash Trade,,,8.0,,,,,0.0,,,,,4.0,,,,,#63b512,,,
2024-02-22,Jupiter,,,3.0,,,,,0.0,,,,,6.0,,,,,#00bfa5,,,
2024-02-22,_Drift,Drift,,,26.0,,,,,0.0,,,,,,,,,,,,
2024-02-22,_Flash Trade,Flash Trade,,,8.0,,,,,0.0,,,,,4.0,,,,,#63b512,,
2024-02-22,_Jupiter,Jupiter,,,3.0,,,,,0.0,,,,,6.0,,,,,#00bfa5,,
2024-02-22,Crypto,,,,,27.0,,,,,0.0,,,,,1.0,,,,,#545cf8,
2024-02-22,FX,,,,,2.0,,,,,0.0,,,,,4.0,,,,,#63b512,
2024-02-22,Commodity,,,,,2.0,,,,,0.0,,,,,3.0,,,,,#904ea6,
2024-02-21,Total,,31.0,,,,,0.0,,,,,1.0,,,,,#545cf8,,,,
2024-02-21,Drift,,,26.0,,,,,0.0,,,,,,,,,,,,,
2024-02-21,Flash Trade,,,8.0,,,,,0.0,,,,,4.0,,,,,#63b512,,,
2024-02-21,Jupiter,,,3.0,,,,,0.0,,,,,6.0,,,,,#00bfa5,,,
2024-02-21,_Drift,Drift,,,26.0,,,,,0.0,,,,,,,,,,,,
2024-02-21,_Flash Trade,Flash Trade,,,8.0,,,,,0.0,,,,,4.0,,,,,#63b512,,
2024-02-21,_Jupiter,Jupiter,,,3.0,,,,,0.0,,,,,6.0,,,,,#00bfa5,,
2024-02-21,Crypto,,,,,27.0,,,,,0.0,,,,,1.0,,,,,#545cf8,
2024-02-21,Commodity,,,,,2.0,,,,,0.0,,,,,3.0,,,,,#904ea6,
2024-02-21,FX,,,,,2.0,,,,,0.0,,,,,4.0,,,,,#63b512,
2024-02-20,Total,,31.0,,,,,1.0,,,,,1.0,,,,,#545cf8,,,,
2024-02-20,Drift,,,26.0,,,,,1.0,,,,,,,,,,,,,
2024-02-20,Flash Trade,,,8.0,,,,,0.0,,,,,4.0,,,,,#63b512,,,
2024-02-20,Jupiter,,,3.0,,,,,0.0,,,,,6.0,,,,,#00bfa5,,,
2024-02-20,_Drift,Drift,,,26.0,,,,,1.0,,,,,,,,,,,,
2024-02-20,_Flash Trade,Flash Trade,,,8.0,,,,,0.0,,,,,4.0,,,,,#63b512,,
2024-02-20,_Jupiter,Jupiter,,,3.0,,,,,0.0,,,,,6.0,,,,,#00bfa5,,
2024-02-20,Crypto,,,,,27.0,,,,,1.0,,,,,1.0,,,,,#545cf8,
2024-02-20,FX,,,,,2.0,,,,,0.0,,,,,4.0,,,,,#63b512,
2024-02-20,Commodity,,,,,2.0,,,,,0.0,,,,,3.0,,,,,#904ea6,
2024-02-19,Total,,30.0,,,,,0.0,,,,,1.0,,,,,#545cf8,,,,
2024-02-19,Drift,,,25.0,,,,,0.0,,,,,,,,,,,,,
2024-02-19,Flash Trade,,,8.0,,,,,0.0,,,,,4.0,,,,,#63b512,,,
2024-02-19,Jupiter,,,3.0,,,,,0.0,,,,,6.0,,,,,#00bfa5,,,
2024-02-19,_Drift,Drift,,,25.0,,,,,0.0,,,,,,,,,,,,
2024-02-19,_Flash Trade,Flash Trade,,,8.0,,,,,0.0,,,,,4.0,,,,,#63b512,,
2024-02-19,_Jupiter,Jupiter,,,3.0,,,,,0.0,,,,,6.0,,,,,#00bfa5,,
2024-02-19,Crypto,,,,,26.0,,,,,0.0,,,,,1.0,,,,,#545cf8,
2024-02-19,FX,,,,,2.0,,,,,0.0,,,,,4.0,,,,,#63b512,
2024-02-19,Commodity,,,,,2.0,,,,,0.0,,,,,3.0,,,,,#904ea6,
2024-02-18,Total,,30.0,,,,,0.0,,,,,1.0,,,,,#545cf8,,,,
2024-02-18,Drift,,,25.0,,,,,0.0,,,,,,,,,,,,,
2024-02-18,Flash Trade,,,8.0,,,,,0.0,,,,,4.0,,,,,#63b512,,,
2024-02-18,Jupiter,,,3.0,,,,,0.0,,,,,6.0,,,,,#00bfa5,,,
2024-02-18,_Drift,Drift,,,25.0,,,,,0.0,,,,,,,,,,,,
2024-02-18,_Flash Trade,Flash Trade,,,8.0,,,,,0.0,,,,,4.0,,,,,#63b512,,
2024-02-18,_Jupiter,Jupiter,,,3.0,,,,,0.0,,,,,6.0,,,,,#00bfa5,,
2024-02-18,Crypto,,,,,26.0,,,,,0.0,,,,,1.0,,,,,#545cf8,
2024-02-18,FX,,,,,2.0,,,,,0.0,,,,,4.0,,,,,#63b512,
2024-02-18,Commodity,,,,,2.0,,,,,0.0,,,,,3.0,,,,,#904ea6,
2024-02-17,Total,,30.0,,,,,0.0,,,,,1.0,,,,,#545cf8,,,,
2024-02-17,Drift,,,25.0,,,,,0.0,,,,,,,,,,,,,
2024-02-17,Flash Trade,,,8.0,,,,,0.0,,,,,4.0,,,,,#63b512,,,
2024-02-17,Jupiter,,,3.0,,,,,0.0,,,,,6.0,,,,,#00bfa5,,,
2024-02-17,_Drift,Drift,,,25.0,,,,,0.0,,,,,,,,,,,,
2024-02-17,_Flash Trade,Flash Trade,,,8.0,,,,,0.0,,,,,4.0,,,,,#63b512,,
2024-02-17,_Jupiter,Jupiter,,,3.0,,,,,0.0,,,,,6.0,,,,,#00bfa5,,
2024-02-17,Crypto,,,,,26.0,,,,,0.0,,,,,1.0,,,,,#545cf8,
2024-02-17,FX,,,,,2.0,,,,,0.0,,,,,4.0,,,,,#63b512,
2024-02-17,Commodity,,,,,2.0,,,,,0.0,,,,,3.0,,,,,#904ea6,
2024-02-16,Total,,30.0,,,,,0.0,,,,,1.0,,,,,#545cf8,,,,
2024-02-16,Drift,,,25.0,,,,,0.0,,,,,,,,,,,,,
2024-02-16,Flash Trade,,,8.0,,,,,0.0,,,,,4.0,,,,,#63b512,,,
2024-02-16,Jupiter,,,3.0,,,,,0.0,,,,,6.0,,,,,#00bfa5,,,
2024-02-16,_Drift,Drift,,,25.0,,,,,0.0,,,,,,,,,,,,
2024-02-16,_Flash Trade,Flash Trade,,,8.0,,,,,0.0,,,,,4.0,,,,,#63b512,,
2024-02-16,_Jupiter,Jupiter,,,3.0,,,,,0.0,,,,,6.0,,,,,#00bfa5,,
2024-02-16,Crypto,,,,,26.0,,,,,0.0,,,,,1.0,,,,,#545cf8,
2024-02-16,Commodity,,,,,2.0,,,,,0.0,,,,,3.0,,,,,#904ea6,
2024-02-16,FX,,,,,2.0,,,,,0.0,,,,,4.0,,,,,#63b512,
2024-02-15,Total,,30.0,,,,,0.0,,,,,1.0,,,,,#545cf8,,,,
2024-02-15,Drift,,,25.0,,,,,0.0,,,,,,,,,,,,,
2024-02-15,Flash Trade,,,8.0,,,,,0.0,,,,,4.0,,,,,#63b512,,,
2024-02-15,Jupiter,,,3.0,,,,,0.0,,,,,6.0,,,,,#00bfa5,,,
2024-02-15,_Drift,Drift,,,25.0,,,,,0.0,,,,,,,,,,,,
2024-02-15,_Flash Trade,Flash Trade,,,8.0,,,,,0.0,,,,,4.0,,,,,#63b512,,
2024-02-15,_Jupiter,Jupiter,,,3.0,,,,,0.0,,,,,6.0,,,,,#00bfa5,,
2024-02-15,Crypto,,,,,26.0,,,,,0.0,,,,,1.0,,,,,#545cf8,
2024-02-15,Commodity,,,,,2.0,,,,,0.0,,,,,3.0,,,,,#904ea6,
2024-02-15,FX,,,,,2.0,,,,,0.0,,,,,4.0,,,,,#63b512,
2024-02-14,Total,,30.0,,,,,0.0,,,,,1.0,,,,,#545cf8,,,,
2024-02-14,Drift,,,25.0,,,,,0.0,,,,,,,,,,,,,
2024-02-14,Flash Trade,,,8.0,,,,,0.0,,,,,4.0,,,,,#63b512,,,
2024-02-14,Jupiter,,,3.0,,,,,0.0,,,,,6.0,,,,,#00bfa5,,,
2024-02-14,_Drift,Drift,,,25.0,,,,,0.0,,,,,,,,,,,,
2024-02-14,_Flash Trade,Flash Trade,,,8.0,,,,,0.0,,,,,4.0,,,,,#63b512,,
2024-02-14,_Jupiter,Jupiter,,,3.0,,,,,0.0,,,,,6.0,,,,,#00bfa5,,
2024-02-14,Crypto,,,,,26.0,,,,,0.0,,,,,1.0,,,,,#545cf8,
2024-02-14,Commodity,,,,,2.0,,,,,0.0,,,,,3.0,,,,,#904ea6,
2024-02-14,FX,,,,,2.0,,,,,0.0,,,,,4.0,,,,,#63b512,
2024-02-13,Total,,30.0,,,,,0.0,,,,,1.0,,,,,#545cf8,,,,
2024-02-13,Drift,,,25.0,,,,,0.0,,,,,,,,,,,,,
2024-02-13,Flash Trade,,,8.0,,,,,0.0,,,,,4.0,,,,,#63b512,,,
2024-02-13,Jupiter,,,3.0,,,,,0.0,,,,,6.0,,,,,#00bfa5,,,
2024-02-13,_Drift,Drift,,,25.0,,,,,0.0,,,,,,,,,,,,
2024-02-13,_Flash Trade,Flash Trade,,,8.0,,,,,0.0,,,,,4.0,,,,,#63b512,,
2024-02-13,_Jupiter,Jupiter,,,3.0,,,,,0.0,,,,,6.0,,,,,#00bfa5,,
2024-02-13,Crypto,,,,,26.0,,,,,0.0,,,,,1.0,,,,,#545cf8,
2024-02-13,Commodity,,,,,2.0,,,,,0.0,,,,,3.0,,,,,#904ea6,
2024-02-13,FX,,,,,2.0,,,,,0.0,,,,,4.0,,,,,#63b512,
2024-02-12,Total,,30.0,,,,,0.0,,,,,1.0,,,,,#545cf8,,,,
2024-02-12,Drift,,,25.0,,,,,0.0,,,,,,,,,,,,,
2024-02-12,Flash Trade,,,8.0,,,,,0.0,,,,,4.0,,,,,#63b512,,,
2024-02-12,Jupiter,,,3.0,,,,,0.0,,,,,6.0,,,,,#00bfa5,,,
2024-02-12,_Drift,Drift,,,25.0,,,,,0.0,,,,,,,,,,,,
2024-02-12,_Flash Trade,Flash Trade,,,8.0,,,,,0.0,,,,,4.0,,,,,#63b512,,
2024-02-12,_Jupiter,Jupiter,,,3.0,,,,,0.0,,,,,6.0,,,,,#00bfa5,,
2024-02-12,Crypto,,,,,26.0,,,,,0.0,,,,,1.0,,,,,#545cf8,
2024-02-12,FX,,,,,2.0,,,,,0.0,,,,,4.0,,,,,#63b512,
2024-02-12,Commodity,,,,,2.0,,,,,0.0,,,,,3.0,,,,,#904ea6,
2024-02-11,Total,,30.0,,,,,0.0,,,,,1.0,,,,,#545cf8,,,,
2024-02-11,Drift,,,25.0,,,,,0.0,,,,,,,,,,,,,
2024-02-11,Flash Trade,,,8.0,,,,,0.0,,,,,4.0,,,,,#63b512,,,
2024-02-11,Jupiter,,,3.0,,,,,0.0,,,,,6.0,,,,,#00bfa5,,,
2024-02-11,_Drift,Drift,,,25.0,,,,,0.0,,,,,,,,,,,,
2024-02-11,_Flash Trade,Flash Trade,,,8.0,,,,,0.0,,,,,4.0,,,,,#63b512,,
2024-02-11,_Jupiter,Jupiter,,,3.0,,,,,0.0,,,,,6.0,,,,,#00bfa5,,
2024-02-11,Crypto,,,,,26.0,,,,,0.0,,,,,1.0,,,,,#545cf8,
2024-02-11,FX,,,,,2.0,,,,,0.0,,,,,4.0,,,,,#63b512,
2024-02-11,Commodity,,,,,2.0,,,,,0.0,,,,,3.0,,,,,#904ea6,
2024-02-10,Total,,30.0,,,,,0.0,,,,,1.0,,,,,#545cf8,,,,
2024-02-10,Drift,,,25.0,,,,,0.0,,,,,,,,,,,,,
2024-02-10,Flash Trade,,,8.0,,,,,0.0,,,,,4.0,,,,,#63b512,,,
2024-02-10,Jupiter,,,3.0,,,,,0.0,,,,,6.0,,,,,#00bfa5,,,
2024-02-10,_Drift,Drift,,,25.0,,,,,0.0,,,,,,,,,,,,
2024-02-10,_Flash Trade,Flash Trade,,,8.0,,,,,0.0,,,,,4.0,,,,,#63b512,,
2024-02-10,_Jupiter,Jupiter,,,3.0,,,,,0.0,,,,,6.0,,,,,#00bfa5,,
2024-02-10,Crypto,,,,,26.0,,,,,0.0,,,,,1.0,,,,,#545cf8,
2024-02-10,Commodity,,,,,2.0,,,,,0.0,,,,,3.0,,,,,#904ea6,
2024-02-10,FX,,,,,2.0,,,,,0.0,,,,,4.0,,,,,#63b512,
2024-02-09,Total,,30.0,,,,,0.0,,,,,1.0,,,,,#545cf8,,,,
2024-02-09,Drift,,,25.0,,,,,0.0,,,,,,,,,,,,,
2024-02-09,Flash Trade,,,8.0,,,,,0.0,,,,,4.0,,,,,#63b512,,,
2024-02-09,Jupiter,,,3.0,,,,,0.0,,,,,6.0,,,,,#00bfa5,,,
2024-02-09,_Drift,Drift,,,25.0,,,,,0.0,,,,,,,,,,,,
2024-02-09,_Flash Trade,Flash Trade,,,8.0,,,,,0.0,,,,,4.0,,,,,#63b512,,
2024-02-09,_Jupiter,Jupiter,,,3.0,,,,,0.0,,,,,6.0,,,,,#00bfa5,,
2024-02-09,Crypto,,,,,26.0,,,,,0.0,,,,,1.0,,,,,#545cf8,
2024-02-09,FX,,,,,2.0,,,,,0.0,,,,,4.0,,,,,#63b512,
2024-02-09,Commodity,,,,,2.0,,,,,0.0,,,,,3.0,,,,,#904ea6,
2024-02-08,Total,,30.0,,,,,0.0,,,,,1.0,,,,,#545cf8,,,,
2024-02-08,Drift,,,25.0,,,,,0.0,,,,,,,,,,,,,
2024-02-08,Flash Trade,,,8.0,,,,,0.0,,,,,4.0,,,,,#63b512,,,
2024-02-08,Jupiter,,,3.0,,,,,0.0,,,,,6.0,,,,,#00bfa5,,,
2024-02-08,_Drift,Drift,,,25.0,,,,,0.0,,,,,,,,,,,,
2024-02-08,_Flash Trade,Flash Trade,,,8.0,,,,,0.0,,,,,4.0,,,,,#63b512,,
2024-02-08,_Jupiter,Jupiter,,,3.0,,,,,0.0,,,,,6.0,,,,,#00bfa5,,
2024-02-08,Crypto,,,,,26.0,,,,,0.0,,,,,1.0,,,,,#545cf8,
2024-02-08,Commodity,,,,,2.0,,,,,0.0,,,,,3.0,,,,,#904ea6,
2024-02-08,FX,,,,,2.0,,,,,0.0,,,,,4.0,,,,,#63b512,
2024-02-07,Total,,30.0,,,,,0.0,,,,,1.0,,,,,#545cf8,,,,
2024-02-07,Drift,,,25.0,,,,,0.0,,,,,,,,,,,,,
2024-02-07,Flash Trade,,,8.0,,,,,0.0,,,,,4.0,,,,,#63b512,,,
2024-02-07,Jupiter,,,3.0,,,,,0.0,,,,,6.0,,,,,#00bfa5,,,
2024-02-07,_Drift,Drift,,,25.0,,,,,0.0,,,,,,,,,,,,
2024-02-07,_Flash Trade,Flash Trade,,,8.0,,,,,0.0,,,,,4.0,,,,,#63b512,,
2024-02-07,_Jupiter,Jupiter,,,3.0,,,,,0.0,,,,,6.0,,,,,#00bfa5,,
2024-02-07,Crypto,,,,,26.0,,,,,0.0,,,,,1.0,,,,,#545cf8,
2024-02-07,FX,,,,,2.0,,,,,0.0,,,,,4.0,,,,,#63b512,
2024-02-07,Commodity,,,,,2.0,,,,,0.0,,,,,3.0,,,,,#904ea6,
2024-02-06,Total,,30.0,,,,,0.0,,,,,1.0,,,,,#545cf8,,,,
2024-02-06,Drift,,,25.0,,,,,0.0,,,,,,,,,,,,,
2024-02-06,Flash Trade,,,8.0,,,,,0.0,,,,,4.0,,,,,#63b512,,,
2024-02-06,Jupiter,,,3.0,,,,,0.0,,,,,6.0,,,,,#00bfa5,,,
2024-02-06,_Drift,Drift,,,25.0,,,,,0.0,,,,,,,,,,,,
2024-02-06,_Flash Trade,Flash Trade,,,8.0,,,,,0.0,,,,,4.0,,,,,#63b512,,
2024-02-06,_Jupiter,Jupiter,,,3.0,,,,,0.0,,,,,6.0,,,,,#00bfa5,,
2024-02-06,Crypto,,,,,26.0,,,,,0.0,,,,,1.0,,,,,#545cf8,
2024-02-06,FX,,,,,2.0,,,,,0.0,,,,,4.0,,,,,#63b512,
2024-02-06,Commodity,,,,,2.0,,,,,0.0,,,,,3.0,,,,,#904ea6,
2024-02-05,Total,,30.0,,,,,0.0,,,,,1.0,,,,,#545cf8,,,,
2024-02-05,Drift,,,25.0,,,,,0.0,,,,,,,,,,,,,
2024-02-05,Flash Trade,,,8.0,,,,,0.0,,,,,4.0,,,,,#63b512,,,
2024-02-05,Jupiter,,,3.0,,,,,0.0,,,,,6.0,,,,,#00bfa5,,,
2024-02-05,_Drift,Drift,,,25.0,,,,,0.0,,,,,,,,,,,,
2024-02-05,_Flash Trade,Flash Trade,,,8.0,,,,,0.0,,,,,4.0,,,,,#63b512,,
2024-02-05,_Jupiter,Jupiter,,,3.0,,,,,0.0,,,,,6.0,,,,,#00bfa5,,
2024-02-05,Crypto,,,,,26.0,,,,,0.0,,,,,1.0,,,,,#545cf8,
2024-02-05,Commodity,,,,,2.0,,,,,0.0,,,,,3.0,,,,,#904ea6,
2024-02-05,FX,,,,,2.0,,,,,0.0,,,,,4.0,,,,,#63b512,
2024-02-04,Total,,30.0,,,,,0.0,,,,,1.0,,,,,#545cf8,,,,
2024-02-04,Drift,,,25.0,,,,,0.0,,,,,,,,,,,,,
2024-02-04,Flash Trade,,,8.0,,,,,0.0,,,,,4.0,,,,,#63b512,,,
2024-02-04,Jupiter,,,3.0,,,,,0.0,,,,,6.0,,,,,#00bfa5,,,
2024-02-04,_Drift,Drift,,,25.0,,,,,0.0,,,,,,,,,,,,
2024-02-04,_Flash Trade,Flash Trade,,,8.0,,,,,0.0,,,,,4.0,,,,,#63b512,,
2024-02-04,_Jupiter,Jupiter,,,3.0,,,,,0.0,,,,,6.0,,,,,#00bfa5,,
2024-02-04,Crypto,,,,,26.0,,,,,0.0,,,,,1.0,,,,,#545cf8,
2024-02-04,FX,,,,,2.0,,,,,0.0,,,,,4.0,,,,,#63b512,
2024-02-04,Commodity,,,,,2.0,,,,,0.0,,,,,3.0,,,,,#904ea6,
2024-02-03,Total,,30.0,,,,,0.0,,,,,1.0,,,,,#545cf8,,,,
2024-02-03,Drift,,,25.0,,,,,0.0,,,,,,,,,,,,,
2024-02-03,Flash Trade,,,8.0,,,,,0.0,,,,,4.0,,,,,#63b512,,,
2024-02-03,Jupiter,,,3.0,,,,,0.0,,,,,6.0,,,,,#00bfa5,,,
2024-02-03,_Drift,Drift,,,25.0,,,,,0.0,,,,,,,,,,,,
2024-02-03,_Flash Trade,Flash Trade,,,8.0,,,,,0.0,,,,,4.0,,,,,#63b512,,
2024-02-03,_Jupiter,Jupiter,,,3.0,,,,,0.0,,,,,6.0,,,,,#00bfa5,,
2024-02-03,Crypto,,,,,26.0,,,,,0.0,,,,,1.0,,,,,#545cf8,
2024-02-03,Commodity,,,,,2.0,,,,,0.0,,,,,3.0,,,,,#904ea6,
2024-02-03,FX,,,,,2.0,,,,,0.0,,,,,4.0,,,,,#63b512,
2024-02-02,Total,,30.0,,,,,0.0,,,,,1.0,,,,,#545cf8,,,,
2024-02-02,Drift,,,25.0,,,,,0.0,,,,,,,,,,,,,
2024-02-02,Flash Trade,,,8.0,,,,,0.0,,,,,4.0,,,,,#63b512,,,
2024-02-02,Jupiter,,,3.0,,,,,0.0,,,,,6.0,,,,,#00bfa5,,,
2024-02-02,_Drift,Drift,,,25.0,,,,,0.0,,,,,,,,,,,,
2024-02-02,_Flash Trade,Flash Trade,,,8.0,,,,,0.0,,,,,4.0,,,,,#63b512,,
2024-02-02,_Jupiter,Jupiter,,,3.0,,,,,0.0,,,,,6.0,,,,,#00bfa5,,
2024-02-02,Crypto,,,,,26.0,,,,,0.0,,,,,1.0,,,,,#545cf8,
2024-02-02,Commodity,,,,,2.0,,,,,0.0,,,,,3.0,,,,,#904ea6,
2024-02-02,FX,,,,,2.0,,,,,0.0,,,,,4.0,,,,,#63b512,
2024-02-01,Total,,30.0,,,,,0.0,,,,,1.0,,,,,#545cf8,,,,
2024-02-01,Drift,,,25.0,,,,,0.0,,,,,,,,,,,,,
2024-02-01,Flash Trade,,,8.0,,,,,0.0,,,,,4.0,,,,,#63b512,,,
2024-02-01,Jupiter,,,3.0,,,,,0.0,,,,,6.0,,,,,#00bfa5,,,
2024-02-01,_Drift,Drift,,,25.0,,,,,0.0,,,,,,,,,,,,
2024-02-01,_Flash Trade,Flash Trade,,,8.0,,,,,0.0,,,,,4.0,,,,,#63b512,,
2024-02-01,_Jupiter,Jupiter,,,3.0,,,,,0.0,,,,,6.0,,,,,#00bfa5,,
2024-02-01,Crypto,,,,,26.0,,,,,0.0,,,,,1.0,,,,,#545cf8,
2024-02-01,Commodity,,,,,2.0,,,,,0.0,,,,,3.0,,,,,#904ea6,
2024-02-01,FX,,,,,2.0,,,,,0.0,,,,,4.0,,,,,#63b512,
2024-01-31,Total,,30.0,,,,,1.0,,,,,1.0,,,,,#545cf8,,,,
2024-01-31,Drift,,,25.0,,,,,1.0,,,,,,,,,,,,,
2024-01-31,Flash Trade,,,8.0,,,,,0.0,,,,,4.0,,,,,#63b512,,,
2024-01-31,Jupiter,,,3.0,,,,,0.0,,,,,6.0,,,,,#00bfa5,,,
2024-01-31,_Drift,Drift,,,25.0,,,,,1.0,,,,,,,,,,,,
2024-01-31,_Flash Trade,Flash Trade,,,8.0,,,,,0.0,,,,,4.0,,,,,#63b512,,
2024-01-31,_Jupiter,Jupiter,,,3.0,,,,,0.0,,,,,6.0,,,,,#00bfa5,,
2024-01-31,Crypto,,,,,26.0,,,,,1.0,,,,,1.0,,,,,#545cf8,
2024-01-31,FX,,,,,2.0,,,,,0.0,,,,,4.0,,,,,#63b512,
2024-01-31,Commodity,,,,,2.0,,,,,0.0,,,,,3.0,,,,,#904ea6,
2024-01-30,Total,,29.0,,,,,0.0,,,,,1.0,,,,,#545cf8,,,,
2024-01-30,Drift,,,24.0,,,,,0.0,,,,,,,,,,,,,
2024-01-30,Flash Trade,,,8.0,,,,,0.0,,,,,4.0,,,,,#63b512,,,
2024-01-30,Jupiter,,,3.0,,,,,0.0,,,,,6.0,,,,,#00bfa5,,,
2024-01-30,_Drift,Drift,,,24.0,,,,,0.0,,,,,,,,,,,,
2024-01-30,_Flash Trade,Flash Trade,,,8.0,,,,,0.0,,,,,4.0,,,,,#63b512,,
2024-01-30,_Jupiter,Jupiter,,,3.0,,,,,0.0,,,,,6.0,,,,,#00bfa5,,
2024-01-30,Crypto,,,,,25.0,,,,,0.0,,,,,1.0,,,,,#545cf8,
2024-01-30,Commodity,,,,,2.0,,,,,0.0,,,,,3.0,,,,,#904ea6,
2024-01-30,FX,,,,,2.0,,,,,0.0,,,,,4.0,,,,,#63b512,
2024-01-29,Total,,29.0,,,,,0.0,,,,,1.0,,,,,#545cf8,,,,
2024-01-29,Drift,,,24.0,,,,,0.0,,,,,,,,,,,,,
2024-01-29,Flash Trade,,,8.0,,,,,0.0,,,,,4.0,,,,,#63b512,,,
2024-01-29,Jupiter,,,3.0,,,,,0.0,,,,,6.0,,,,,#00bfa5,,,
2024-01-29,_Drift,Drift,,,24.0,,,,,0.0,,,,,,,,,,,,
2024-01-29,_Flash Trade,Flash Trade,,,8.0,,,,,0.0,,,,,4.0,,,,,#63b512,,
2024-01-29,_Jupiter,Jupiter,,,3.0,,,,,0.0,,,,,6.0,,,,,#00bfa5,,
2024-01-29,Crypto,,,,,25.0,,,,,0.0,,,,,1.0,,,,,#545cf8,
2024-01-29,FX,,,,,2.0,,,,,0.0,,,,,4.0,,,,,#63b512,
2024-01-29,Commodity,,,,,2.0,,,,,0.0,,,,,3.0,,,,,#904ea6,
2024-01-28,Total,,29.0,,,,,0.0,,,,,1.0,,,,,#545cf8,,,,
2024-01-28,Drift,,,24.0,,,,,0.0,,,,,,,,,,,,,
2024-01-28,Flash Trade,,,8.0,,,,,0.0,,,,,4.0,,,,,#63b512,,,
2024-01-28,Jupiter,,,3.0,,,,,0.0,,,,,6.0,,,,,#00bfa5,,,
2024-01-28,_Drift,Drift,,,24.0,,,,,0.0,,,,,,,,,,,,
2024-01-28,_Flash Trade,Flash Trade,,,8.0,,,,,0.0,,,,,4.0,,,,,#63b512,,
2024-01-28,_Jupiter,Jupiter,,,3.0,,,,,0.0,,,,,6.0,,,,,#00bfa5,,
2024-01-28,Crypto,,,,,25.0,,,,,0.0,,,,,1.0,,,,,#545cf8,
2024-01-28,FX,,,,,2.0,,,,,0.0,,,,,4.0,,,,,#63b512,
2024-01-28,Commodity,,,,,2.0,,,,,0.0,,,,,3.0,,,,,#904ea6,
2024-01-27,Total,,29.0,,,,,0.0,,,,,1.0,,,,,#545cf8,,,,
2024-01-27,Drift,,,24.0,,,,,0.0,,,,,,,,,,,,,
2024-01-27,Flash Trade,,,8.0,,,,,0.0,,,,,4.0,,,,,#63b512,,,
2024-01-27,Jupiter,,,3.0,,,,,0.0,,,,,6.0,,,,,#00bfa5,,,
2024-01-27,_Drift,Drift,,,24.0,,,,,0.0,,,,,,,,,,,,
2024-01-27,_Flash Trade,Flash Trade,,,8.0,,,,,0.0,,,,,4.0,,,,,#63b512,,
2024-01-27,_Jupiter,Jupiter,,,3.0,,,,,0.0,,,,,6.0,,,,,#00bfa5,,
2024-01-27,Crypto,,,,,25.0,,,,,0.0,,,,,1.0,,,,,#545cf8,
2024-01-27,FX,,,,,2.0,,,,,0.0,,,,,4.0,,,,,#63b512,
2024-01-27,Commodity,,,,,2.0,,,,,0.0,,,,,3.0,,,,,#904ea6,
2024-01-26,Total,,29.0,,,,,1.0,,,,,1.0,,,,,#545cf8,,,,
2024-01-26,Drift,,,24.0,,,,,1.0,,,,,,,,,,,,,
2024-01-26,Flash Trade,,,8.0,,,,,0.0,,,,,4.0,,,,,#63b512,,,
2024-01-26,Jupiter,,,3.0,,,,,0.0,,,,,6.0,,,,,#00bfa5,,,
2024-01-26,_Drift,Drift,,,24.0,,,,,1.0,,,,,,,,,,,,
2024-01-26,_Flash Trade,Flash Trade,,,8.0,,,,,0.0,,,,,4.0,,,,,#63b512,,
2024-01-26,_Jupiter,Jupiter,,,3.0,,,,,0.0,,,,,6.0,,,,,#00bfa5,,
2024-01-26,Crypto,,,,,25.0,,,,,1.0,,,,,1.0,,,,,#545cf8,
2024-01-26,Commodity,,,,,2.0,,,,,0.0,,,,,3.0,,,,,#904ea6,
2024-01-26,FX,,,,,2.0,,,,,0.0,,,,,4.0,,,,,#63b512,
2024-01-25,Total,,28.0,,,,,0.0,,,,,1.0,,,,,#545cf8,,,,
2024-01-25,Drift,,,23.0,,,,,0.0,,,,,,,,,,,,,
2024-01-25,Flash Trade,,,8.0,,,,,0.0,,,,,4.0,,,,,#63b512,,,
2024-01-25,Jupiter,,,3.0,,,,,0.0,,,,,6.0,,,,,#00bfa5,,,
2024-01-25,_Drift,Drift,,,23.0,,,,,0.0,,,,,,,,,,,,
2024-01-25,_Flash Trade,Flash Trade,,,8.0,,,,,0.0,,,,,4.0,,,,,#63b512,,
2024-01-25,_Jupiter,Jupiter,,,3.0,,,,,0.0,,,,,6.0,,,,,#00bfa5,,
2024-01-25,Crypto,,,,,24.0,,,,,0.0,,,,,1.0,,,,,#545cf8,
2024-01-25,Commodity,,,,,2.0,,,,,0.0,,,,,3.0,,,,,#904ea6,
2024-01-25,FX,,,,,2.0,,,,,0.0,,,,,4.0,,,,,#63b512,
2024-01-24,Total,,28.0,,,,,0.0,,,,,1.0,,,,,#545cf8,,,,
2024-01-24,Drift,,,23.0,,,,,0.0,,,,,,,,,,,,,
2024-01-24,Flash Trade,,,8.0,,,,,0.0,,,,,4.0,,,,,#63b512,,,
2024-01-24,Jupiter,,,3.0,,,,,0.0,,,,,6.0,,,,,#00bfa5,,,
2024-01-24,_Drift,Drift,,,23.0,,,,,0.0,,,,,,,,,,,,
2024-01-24,_Flash Trade,Flash Trade,,,8.0,,,,,0.0,,,,,4.0,,,,,#63b512,,
2024-01-24,_Jupiter,Jupiter,,,3.0,,,,,0.0,,,,,6.0,,,,,#00bfa5,,
2024-01-24,Crypto,,,,,24.0,,,,,0.0,,,,,1.0,,,,,#545cf8,
2024-01-24,Commodity,,,,,2.0,,,,,0.0,,,,,3.0,,,,,#904ea6,
2024-01-24,FX,,,,,2.0,,,,,0.0,,,,,4.0,,,,,#63b512,
2024-01-23,Total,,28.0,,,,,2.0,,,,,1.0,,,,,#545cf8,,,,
2024-01-23,Drift,,,23.0,,,,,0.0,,,,,,,,,,,,,
2024-01-23,Flash Trade,,,8.0,,,,,2.0,,,,,4.0,,,,,#63b512,,,
2024-01-23,Jupiter,,,3.0,,,,,0.0,,,,,6.0,,,,,#00bfa5,,,
2024-01-23,_Drift,Drift,,,23.0,,,,,0.0,,,,,,,,,,,,
2024-01-23,_Flash Trade,Flash Trade,,,8.0,,,,,2.0,,,,,4.0,,,,,#63b512,,
2024-01-23,_Jupiter,Jupiter,,,3.0,,,,,0.0,,,,,6.0,,,,,#00bfa5,,
2024-01-23,Crypto,,,,,24.0,,,,,0.0,,,,,1.0,,,,,#545cf8,
2024-01-23,FX,,,,,2.0,,,,,0.0,,,,,4.0,,,,,#63b512,
2024-01-23,Commodity,,,,,2.0,,,,,,,,,,3.0,,,,,#904ea6,
2024-01-22,Total,,26.0,,,,,0.0,,,,,1.0,,,,,#545cf8,,,,
2024-01-22,Drift,,,23.0,,,,,0.0,,,,,,,,,,,,,
2024-01-22,Flash Trade,,,6.0,,,,,0.0,,,,,4.0,,,,,#63b512,,,
2024-01-22,Jupiter,,,3.0,,,,,0.0,,,,,6.0,,,,,#00bfa5,,,
2024-01-22,_Drift,Drift,,,23.0,,,,,0.0,,,,,,,,,,,,
2024-01-22,_Flash Trade,Flash Trade,,,6.0,,,,,0.0,,,,,4.0,,,,,#63b512,,
2024-01-22,_Jupiter,Jupiter,,,3.0,,,,,0.0,,,,,6.0,,,,,#00bfa5,,
2024-01-22,Crypto,,,,,24.0,,,,,0.0,,,,,1.0,,,,,#545cf8,
2024-01-22,FX,,,,,2.0,,,,,0.0,,,,,4.0,,,,,#63b512,
2024-01-21,Total,,26.0,,,,,0.0,,,,,1.0,,,,,#545cf8,,,,
2024-01-21,Drift,,,23.0,,,,,0.0,,,,,,,,,,,,,
2024-01-21,Flash Trade,,,6.0,,,,,0.0,,,,,4.0,,,,,#63b512,,,
2024-01-21,Jupiter,,,3.0,,,,,0.0,,,,,6.0,,,,,#00bfa5,,,
2024-01-21,_Drift,Drift,,,23.0,,,,,0.0,,,,,,,,,,,,
2024-01-21,_Flash Trade,Flash Trade,,,6.0,,,,,0.0,,,,,4.0,,,,,#63b512,,
2024-01-21,_Jupiter,Jupiter,,,3.0,,,,,0.0,,,,,6.0,,,,,#00bfa5,,
2024-01-21,Crypto,,,,,24.0,,,,,0.0,,,,,1.0,,,,,#545cf8,
2024-01-21,FX,,,,,2.0,,,,,0.0,,,,,4.0,,,,,#63b512,
2024-01-20,Total,,26.0,,,,,0.0,,,,,1.0,,,,,#545cf8,,,,
2024-01-20,Drift,,,23.0,,,,,0.0,,,,,,,,,,,,,
2024-01-20,Flash Trade,,,6.0,,,,,0.0,,,,,4.0,,,,,#63b512,,,
2024-01-20,Jupiter,,,3.0,,,,,0.0,,,,,6.0,,,,,#00bfa5,,,
2024-01-20,_Drift,Drift,,,23.0,,,,,0.0,,,,,,,,,,,,
2024-01-20,_Flash Trade,Flash Trade,,,6.0,,,,,0.0,,,,,4.0,,,,,#63b512,,
2024-01-20,_Jupiter,Jupiter,,,3.0,,,,,0.0,,,,,6.0,,,,,#00bfa5,,
2024-01-20,Crypto,,,,,24.0,,,,,0.0,,,,,1.0,,,,,#545cf8,
2024-01-20,FX,,,,,2.0,,,,,0.0,,,,,4.0,,,,,#63b512,
2024-01-19,Total,,26.0,,,,,0.0,,,,,1.0,,,,,#545cf8,,,,
2024-01-19,Drift,,,23.0,,,,,0.0,,,,,,,,,,,,,
2024-01-19,Flash Trade,,,6.0,,,,,0.0,,,,,4.0,,,,,#63b512,,,
2024-01-19,Jupiter,,,3.0,,,,,0.0,,,,,6.0,,,,,#00bfa5,,,
2024-01-19,_Drift,Drift,,,23.0,,,,,0.0,,,,,,,,,,,,
2024-01-19,_Flash Trade,Flash Trade,,,6.0,,,,,0.0,,,,,4.0,,,,,#63b512,,
2024-01-19,_Jupiter,Jupiter,,,3.0,,,,,0.0,,,,,6.0,,,,,#00bfa5,,
2024-01-19,Crypto,,,,,24.0,,,,,0.0,,,,,1.0,,,,,#545cf8,
2024-01-19,FX,,,,,2.0,,,,,0.0,,,,,4.0,,,,,#63b512,
2024-01-18,Total,,26.0,,,,,0.0,,,,,1.0,,,,,#545cf8,,,,
2024-01-18,Drift,,,23.0,,,,,0.0,,,,,,,,,,,,,
2024-01-18,Flash Trade,,,6.0,,,,,0.0,,,,,4.0,,,,,#63b512,,,
2024-01-18,Jupiter,,,3.0,,,,,0.0,,,,,6.0,,,,,#00bfa5,,,
2024-01-18,_Drift,Drift,,,23.0,,,,,0.0,,,,,,,,,,,,
2024-01-18,_Flash Trade,Flash Trade,,,6.0,,,,,0.0,,,,,4.0,,,,,#63b512,,
2024-01-18,_Jupiter,Jupiter,,,3.0,,,,,0.0,,,,,6.0,,,,,#00bfa5,,
2024-01-18,Crypto,,,,,24.0,,,,,0.0,,,,,1.0,,,,,#545cf8,
2024-01-18,FX,,,,,2.0,,,,,0.0,,,,,4.0,,,,,#63b512,
2024-01-17,Total,,26.0,,,,,2.0,,,,,1.0,,,,,#545cf8,,,,
2024-01-17,Drift,,,23.0,,,,,0.0,,,,,,,,,,,,,
2024-01-17,Flash Trade,,,6.0,,,,,2.0,,,,,4.0,,,,,#63b512,,,
2024-01-17,Jupiter,,,3.0,,,,,0.0,,,,,6.0,,,,,#00bfa5,,,
2024-01-17,_Drift,Drift,,,23.0,,,,,0.0,,,,,,,,,,,,
2024-01-17,_Flash Trade,Flash Trade,,,6.0,,,,,2.0,,,,,4.0,,,,,#63b512,,
2024-01-17,_Jupiter,Jupiter,,,3.0,,,,,0.0,,,,,6.0,,,,,#00bfa5,,
2024-01-17,Crypto,,,,,24.0,,,,,0.0,,,,,1.0,,,,,#545cf8,
2024-01-17,FX,,,,,2.0,,,,,,,,,,4.0,,,,,#63b512,
2024-01-16,Total,,24.0,,,,,1.0,,,,,1.0,,,,,#545cf8,,,,
2024-01-16,Drift,,,23.0,,,,,0.0,,,,,,,,,,,,,
2024-01-16,Flash Trade,,,4.0,,,,,1.0,,,,,4.0,,,,,#63b512,,,
2024-01-16,Jupiter,,,3.0,,,,,0.0,,,,,6.0,,,,,#00bfa5,,,
2024-01-16,_Drift,Drift,,,23.0,,,,,0.0,,,,,,,,,,,,
2024-01-16,_Flash Trade,Flash Trade,,,4.0,,,,,1.0,,,,,4.0,,,,,#63b512,,
2024-01-16,_Jupiter,Jupiter,,,3.0,,,,,0.0,,,,,6.0,,,,,#00bfa5,,
2024-01-16,Crypto,,,,,24.0,,,,,1.0,,,,,1.0,,,,,#545cf8,
2024-01-15,Total,,23.0,,,,,0.0,,,,,1.0,,,,,#545cf8,,,,
2024-01-15,Drift,,,23.0,,,,,0.0,,,,,,,,,,,,,
2024-01-15,Flash Trade,,,3.0,,,,,0.0,,,,,4.0,,,,,#63b512,,,
2024-01-15,Jupiter,,,3.0,,,,,0.0,,,,,6.0,,,,,#00bfa5,,,
2024-01-15,_Drift,Drift,,,23.0,,,,,0.0,,,,,,,,,,,,
2024-01-15,_Flash Trade,Flash Trade,,,3.0,,,,,0.0,,,,,4.0,,,,,#63b512,,
2024-01-15,_Jupiter,Jupiter,,,3.0,,,,,0.0,,,,,6.0,,,,,#00bfa5,,
2024-01-15,Crypto,,,,,23.0,,,,,0.0,,,,,1.0,,,,,#545cf8,
2024-01-14,Total,,23.0,,,,,0.0,,,,,1.0,,,,,#545cf8,,,,
2024-01-14,Drift,,,23.0,,,,,0.0,,,,,,,,,,,,,
2024-01-14,Flash Trade,,,3.0,,,,,0.0,,,,,4.0,,,,,#63b512,,,
2024-01-14,Jupiter,,,3.0,,,,,0.0,,,,,6.0,,,,,#00bfa5,,,
2024-01-14,_Drift,Drift,,,23.0,,,,,0.0,,,,,,,,,,,,
2024-01-14,_Flash Trade,Flash Trade,,,3.0,,,,,0.0,,,,,4.0,,,,,#63b512,,
2024-01-14,_Jupiter,Jupiter,,,3.0,,,,,0.0,,,,,6.0,,,,,#00bfa5,,
2024-01-14,Crypto,,,,,23.0,,,,,0.0,,,,,1.0,,,,,#545cf8,
2024-01-13,Total,,23.0,,,,,0.0,,,,,1.0,,,,,#545cf8,,,,
2024-01-13,Drift,,,23.0,,,,,0.0,,,,,,,,,,,,,
2024-01-13,Jupiter,,,3.0,,,,,0.0,,,,,6.0,,,,,#00bfa5,,,
2024-01-13,Flash Trade,,,3.0,,,,,0.0,,,,,4.0,,,,,#63b512,,,
2024-01-13,_Drift,Drift,,,23.0,,,,,0.0,,,,,,,,,,,,
2024-01-13,_Flash Trade,Flash Trade,,,3.0,,,,,0.0,,,,,4.0,,,,,#63b512,,
2024-01-13,_Jupiter,Jupiter,,,3.0,,,,,0.0,,,,,6.0,,,,,#00bfa5,,
2024-01-13,Crypto,,,,,23.0,,,,,0.0,,,,,1.0,,,,,#545cf8,
2024-01-12,Total,,23.0,,,,,0.0,,,,,1.0,,,,,#545cf8,,,,
2024-01-12,Drift,,,23.0,,,,,0.0,,,,,,,,,,,,,
2024-01-12,Flash Trade,,,3.0,,,,,0.0,,,,,4.0,,,,,#63b512,,,
2024-01-12,Jupiter,,,3.0,,,,,0.0,,,,,6.0,,,,,#00bfa5,,,
2024-01-12,_Drift,Drift,,,23.0,,,,,0.0,,,,,,,,,,,,
2024-01-12,_Jupiter,Jupiter,,,3.0,,,,,0.0,,,,,6.0,,,,,#00bfa5,,
2024-01-12,_Flash Trade,Flash Trade,,,3.0,,,,,0.0,,,,,4.0,,,,,#63b512,,
2024-01-12,Crypto,,,,,23.0,,,,,0.0,,,,,1.0,,,,,#545cf8,
2024-01-11,Total,,23.0,,,,,0.0,,,,,1.0,,,,,#545cf8,,,,
2024-01-11,Drift,,,23.0,,,,,0.0,,,,,,,,,,,,,
2024-01-11,Jupiter,,,3.0,,,,,0.0,,,,,6.0,,,,,#00bfa5,,,
2024-01-11,Flash Trade,,,3.0,,,,,0.0,,,,,4.0,,,,,#63b512,,,
2024-01-11,_Drift,Drift,,,23.0,,,,,0.0,,,,,,,,,,,,
2024-01-11,_Jupiter,Jupiter,,,3.0,,,,,0.0,,,,,6.0,,,,,#00bfa5,,
2024-01-11,_Flash Trade,Flash Trade,,,3.0,,,,,0.0,,,,,4.0,,,,,#63b512,,
2024-01-11,Crypto,,,,,23.0,,,,,0.0,,,,,1.0,,,,,#545cf8,
2024-01-10,Total,,23.0,,,,,0.0,,,,,1.0,,,,,#545cf8,,,,
2024-01-10,Drift,,,23.0,,,,,0.0,,,,,,,,,,,,,
2024-01-10,Jupiter,,,3.0,,,,,0.0,,,,,6.0,,,,,#00bfa5,,,
2024-01-10,Flash Trade,,,3.0,,,,,0.0,,,,,4.0,,,,,#63b512,,,
2024-01-10,_Drift,Drift,,,23.0,,,,,0.0,,,,,,,,,,,,
2024-01-10,_Flash Trade,Flash Trade,,,3.0,,,,,0.0,,,,,4.0,,,,,#63b512,,
2024-01-10,_Jupiter,Jupiter,,,3.0,,,,,0.0,,,,,6.0,,,,,#00bfa5,,
2024-01-10,Crypto,,,,,23.0,,,,,0.0,,,,,1.0,,,,,#545cf8,
2024-01-09,Total,,23.0,,,,,0.0,,,,,1.0,,,,,#545cf8,,,,
2024-01-09,Drift,,,23.0,,,,,0.0,,,,,,,,,,,,,
2024-01-09,Jupiter,,,3.0,,,,,0.0,,,,,6.0,,,,,#00bfa5,,,
2024-01-09,Flash Trade,,,3.0,,,,,0.0,,,,,4.0,,,,,#63b512,,,
2024-01-09,_Drift,Drift,,,23.0,,,,,0.0,,,,,,,,,,,,
2024-01-09,_Flash Trade,Flash Trade,,,3.0,,,,,0.0,,,,,4.0,,,,,#63b512,,
2024-01-09,_Jupiter,Jupiter,,,3.0,,,,,0.0,,,,,6.0,,,,,#00bfa5,,
2024-01-09,Crypto,,,,,23.0,,,,,0.0,,,,,1.0,,,,,#545cf8,
2024-01-08,Total,,23.0,,,,,0.0,,,,,1.0,,,,,#545cf8,,,,
2024-01-08,Drift,,,23.0,,,,,0.0,,,,,,,,,,,,,
2024-01-08,Flash Trade,,,3.0,,,,,0.0,,,,,4.0,,,,,#63b512,,,
2024-01-08,Jupiter,,,3.0,,,,,0.0,,,,,6.0,,,,,#00bfa5,,,
2024-01-08,_Drift,Drift,,,23.0,,,,,0.0,,,,,,,,,,,,
2024-01-08,_Jupiter,Jupiter,,,3.0,,,,,0.0,,,,,6.0,,,,,#00bfa5,,
2024-01-08,_Flash Trade,Flash Trade,,,3.0,,,,,0.0,,,,,4.0,,,,,#63b512,,
2024-01-08,Crypto,,,,,23.0,,,,,0.0,,,,,1.0,,,,,#545cf8,
2024-01-07,Total,,23.0,,,,,0.0,,,,,1.0,,,,,#545cf8,,,,
2024-01-07,Drift,,,23.0,,,,,0.0,,,,,,,,,,,,,
2024-01-07,Flash Trade,,,3.0,,,,,0.0,,,,,4.0,,,,,#63b512,,,
2024-01-07,Jupiter,,,3.0,,,,,0.0,,,,,6.0,,,,,#00bfa5,,,
2024-01-07,_Drift,Drift,,,23.0,,,,,0.0,,,,,,,,,,,,
2024-01-07,_Flash Trade,Flash Trade,,,3.0,,,,,0.0,,,,,4.0,,,,,#63b512,,
2024-01-07,_Jupiter,Jupiter,,,3.0,,,,,0.0,,,,,6.0,,,,,#00bfa5,,
2024-01-07,Crypto,,,,,23.0,,,,,0.0,,,,,1.0,,,,,#545cf8,
2024-01-06,Total,,23.0,,,,,0.0,,,,,1.0,,,,,#545cf8,,,,
2024-01-06,Drift,,,23.0,,,,,0.0,,,,,,,,,,,,,
2024-01-06,Jupiter,,,3.0,,,,,0.0,,,,,6.0,,,,,#00bfa5,,,
2024-01-06,Flash Trade,,,3.0,,,,,0.0,,,,,4.0,,,,,#63b512,,,
2024-01-06,_Drift,Drift,,,23.0,,,,,0.0,,,,,,,,,,,,
2024-01-06,_Flash Trade,Flash Trade,,,3.0,,,,,0.0,,,,,4.0,,,,,#63b512,,
2024-01-06,_Jupiter,Jupiter,,,3.0,,,,,0.0,,,,,6.0,,,,,#00bfa5,,
2024-01-06,Crypto,,,,,23.0,,,,,0.0,,,,,1.0,,,,,#545cf8,
2024-01-05,Total,,23.0,,,,,0.0,,,,,1.0,,,,,#545cf8,,,,
2024-01-05,Drift,,,23.0,,,,,0.0,,,,,,,,,,,,,
2024-01-05,Flash Trade,,,3.0,,,,,0.0,,,,,4.0,,,,,#63b512,,,
2024-01-05,Jupiter,,,3.0,,,,,0.0,,,,,6.0,,,,,#00bfa5,,,
2024-01-05,_Drift,Drift,,,23.0,,,,,0.0,,,,,,,,,,,,
2024-01-05,_Jupiter,Jupiter,,,3.0,,,,,0.0,,,,,6.0,,,,,#00bfa5,,
2024-01-05,_Flash Trade,Flash Trade,,,3.0,,,,,0.0,,,,,4.0,,,,,#63b512,,
2024-01-05,Crypto,,,,,23.0,,,,,0.0,,,,,1.0,,,,,#545cf8,
2024-01-04,Total,,23.0,,,,,0.0,,,,,1.0,,,,,#545cf8,,,,
2024-01-04,Drift,,,23.0,,,,,0.0,,,,,,,,,,,,,
2024-01-04,Jupiter,,,3.0,,,,,0.0,,,,,6.0,,,,,#00bfa5,,,
2024-01-04,Flash Trade,,,3.0,,,,,0.0,,,,,4.0,,,,,#63b512,,,
2024-01-04,_Drift,Drift,,,23.0,,,,,0.0,,,,,,,,,,,,
2024-01-04,_Flash Trade,Flash Trade,,,3.0,,,,,0.0,,,,,4.0,,,,,#63b512,,
2024-01-04,_Jupiter,Jupiter,,,3.0,,,,,0.0,,,,,6.0,,,,,#00bfa5,,
2024-01-04,Crypto,,,,,23.0,,,,,0.0,,,,,1.0,,,,,#545cf8,
2024-01-03,Total,,23.0,,,,,0.0,,,,,1.0,,,,,#545cf8,,,,
2024-01-03,Drift,,,23.0,,,,,0.0,,,,,,,,,,,,,
2024-01-03,Flash Trade,,,3.0,,,,,0.0,,,,,4.0,,,,,#63b512,,,
2024-01-03,Jupiter,,,3.0,,,,,0.0,,,,,6.0,,,,,#00bfa5,,,
2024-01-03,_Drift,Drift,,,23.0,,,,,0.0,,,,,,,,,,,,
2024-01-03,_Flash Trade,Flash Trade,,,3.0,,,,,0.0,,,,,4.0,,,,,#63b512,,
2024-01-03,_Jupiter,Jupiter,,,3.0,,,,,0.0,,,,,6.0,,,,,#00bfa5,,
2024-01-03,Crypto,,,,,23.0,,,,,0.0,,,,,1.0,,,,,#545cf8,
2024-01-02,Total,,23.0,,,,,1.0,,,,,1.0,,,,,#545cf8,,,,
2024-01-02,Drift,,,23.0,,,,,1.0,,,,,,,,,,,,,
2024-01-02,Jupiter,,,3.0,,,,,0.0,,,,,6.0,,,,,#00bfa5,,,
2024-01-02,Flash Trade,,,3.0,,,,,0.0,,,,,4.0,,,,,#63b512,,,
2024-01-02,_Drift,Drift,,,23.0,,,,,1.0,,,,,,,,,,,,
2024-01-02,_Jupiter,Jupiter,,,3.0,,,,,0.0,,,,,6.0,,,,,#00bfa5,,
2024-01-02,_Flash Trade,Flash Trade,,,3.0,,,,,0.0,,,,,4.0,,,,,#63b512,,
2024-01-02,Crypto,,,,,23.0,,,,,1.0,,,,,1.0,,,,,#545cf8,
2024-01-01,Total,,22.0,,,,,0.0,,,,,1.0,,,,,#545cf8,,,,
2024-01-01,Drift,,,22.0,,,,,0.0,,,,,,,,,,,,,
2024-01-01,Jupiter,,,3.0,,,,,0.0,,,,,6.0,,,,,#00bfa5,,,
2024-01-01,Flash Trade,,,3.0,,,,,0.0,,,,,4.0,,,,,#63b512,,,
2024-01-01,_Drift,Drift,,,22.0,,,,,0.0,,,,,,,,,,,,
2024-01-01,_Flash Trade,Flash Trade,,,3.0,,,,,0.0,,,,,4.0,,,,,#63b512,,
2024-01-01,_Jupiter,Jupiter,,,3.0,,,,,0.0,,,,,6.0,,,,,#00bfa5,,
2024-01-01,Crypto,,,,,22.0,,,,,0.0,,,,,1.0,,,,,#545cf8,
2023-12-31,Total,,22.0,,,,,0.0,,,,,1.0,,,,,#545cf8,,,,
2023-12-31,Drift,,,22.0,,,,,0.0,,,,,,,,,,,,,
2023-12-31,Flash Trade,,,3.0,,,,,0.0,,,,,4.0,,,,,#63b512,,,
2023-12-31,Jupiter,,,3.0,,,,,0.0,,,,,6.0,,,,,#00bfa5,,,
2023-12-31,_Drift,Drift,,,22.0,,,,,0.0,,,,,,,,,,,,
2023-12-31,_Flash Trade,Flash Trade,,,3.0,,,,,0.0,,,,,4.0,,,,,#63b512,,
2023-12-31,_Jupiter,Jupiter,,,3.0,,,,,0.0,,,,,6.0,,,,,#00bfa5,,
2023-12-31,Crypto,,,,,22.0,,,,,0.0,,,,,1.0,,,,,#545cf8,
2023-12-30,Total,,22.0,,,,,0.0,,,,,1.0,,,,,#545cf8,,,,
2023-12-30,Drift,,,22.0,,,,,0.0,,,,,,,,,,,,,
2023-12-30,Flash Trade,,,3.0,,,,,0.0,,,,,4.0,,,,,#63b512,,,
2023-12-30,Jupiter,,,3.0,,,,,0.0,,,,,6.0,,,,,#00bfa5,,,
2023-12-30,_Drift,Drift,,,22.0,,,,,0.0,,,,,,,,,,,,
2023-12-30,_Flash Trade,Flash Trade,,,3.0,,,,,0.0,,,,,4.0,,,,,#63b512,,
2023-12-30,_Jupiter,Jupiter,,,3.0,,,,,0.0,,,,,6.0,,,,,#00bfa5,,
2023-12-30,Crypto,,,,,22.0,,,,,0.0,,,,,1.0,,,,,#545cf8,
2023-12-29,Total,,22.0,,,,,0.0,,,,,1.0,,,,,#545cf8,,,,
2023-12-29,Drift,,,22.0,,,,,0.0,,,,,,,,,,,,,
2023-12-29,Flash Trade,,,3.0,,,,,,,,,,4.0,,,,,#63b512,,,
2023-12-29,Jupiter,,,3.0,,,,,0.0,,,,,6.0,,,,,#00bfa5,,,
2023-12-29,_Drift,Drift,,,22.0,,,,,0.0,,,,,,,,,,,,
2023-12-29,_Jupiter,Jupiter,,,3.0,,,,,0.0,,,,,6.0,,,,,#00bfa5,,
2023-12-29,_Flash Trade,Flash Trade,,,3.0,,,,,,,,,,4.0,,,,,#63b512,,
2023-12-29,Crypto,,,,,22.0,,,,,0.0,,,,,1.0,,,,,#545cf8,
2023-12-28,Total,,22.0,,,,,0.0,,,,,1.0,,,,,#545cf8,,,,
2023-12-28,Drift,,,22.0,,,,,0.0,,,,,,,,,,,,,
2023-12-28,Jupiter,,,3.0,,,,,0.0,,,,,6.0,,,,,#00bfa5,,,
2023-12-28,_Drift,Drift,,,22.0,,,,,0.0,,,,,,,,,,,,
2023-12-28,_Jupiter,Jupiter,,,3.0,,,,,0.0,,,,,6.0,,,,,#00bfa5,,
2023-12-28,Crypto,,,,,22.0,,,,,0.0,,,,,1.0,,,,,#545cf8,
2023-12-27,Total,,22.0,,,,,0.0,,,,,1.0,,,,,#545cf8,,,,
2023-12-27,Drift,,,22.0,,,,,0.0,,,,,,,,,,,,,
2023-12-27,Jupiter,,,3.0,,,,,0.0,,,,,6.0,,,,,#00bfa5,,,
2023-12-27,_Drift,Drift,,,22.0,,,,,0.0,,,,,,,,,,,,
2023-12-27,_Jupiter,Jupiter,,,3.0,,,,,0.0,,,,,6.0,,,,,#00bfa5,,
2023-12-27,Crypto,,,,,22.0,,,,,0.0,,,,,1.0,,,,,#545cf8,
2023-12-26,Total,,22.0,,,,,0.0,,,,,1.0,,,,,#545cf8,,,,
2023-12-26,Drift,,,22.0,,,,,0.0,,,,,,,,,,,,,
2023-12-26,Jupiter,,,3.0,,,,,0.0,,,,,6.0,,,,,#00bfa5,,,
2023-12-26,_Drift,Drift,,,22.0,,,,,0.0,,,,,,,,,,,,
2023-12-26,_Jupiter,Jupiter,,,3.0,,,,,0.0,,,,,6.0,,,,,#00bfa5,,
2023-12-26,Crypto,,,,,22.0,,,,,0.0,,,,,1.0,,,,,#545cf8,
2023-12-25,Total,,22.0,,,,,0.0,,,,,1.0,,,,,#545cf8,,,,
2023-12-25,Drift,,,22.0,,,,,0.0,,,,,,,,,,,,,
2023-12-25,Jupiter,,,3.0,,,,,0.0,,,,,6.0,,,,,#00bfa5,,,
2023-12-25,_Drift,Drift,,,22.0,,,,,0.0,,,,,,,,,,,,
2023-12-25,_Jupiter,Jupiter,,,3.0,,,,,0.0,,,,,6.0,,,,,#00bfa5,,
2023-12-25,Crypto,,,,,22.0,,,,,0.0,,,,,1.0,,,,,#545cf8,
2023-12-24,Total,,22.0,,,,,0.0,,,,,1.0,,,,,#545cf8,,,,
2023-12-24,Drift,,,22.0,,,,,0.0,,,,,,,,,,,,,
2023-12-24,Jupiter,,,3.0,,,,,0.0,,,,,6.0,,,,,#00bfa5,,,
2023-12-24,_Drift,Drift,,,22.0,,,,,0.0,,,,,,,,,,,,
2023-12-24,_Jupiter,Jupiter,,,3.0,,,,,0.0,,,,,6.0,,,,,#00bfa5,,
2023-12-24,Crypto,,,,,22.0,,,,,0.0,,,,,1.0,,,,,#545cf8,
2023-12-23,Total,,22.0,,,,,0.0,,,,,1.0,,,,,#545cf8,,,,
2023-12-23,Drift,,,22.0,,,,,0.0,,,,,,,,,,,,,
2023-12-23,Jupiter,,,3.0,,,,,0.0,,,,,6.0,,,,,#00bfa5,,,
2023-12-23,_Drift,Drift,,,22.0,,,,,0.0,,,,,,,,,,,,
2023-12-23,_Jupiter,Jupiter,,,3.0,,,,,0.0,,,,,6.0,,,,,#00bfa5,,
2023-12-23,Crypto,,,,,22.0,,,,,0.0,,,,,1.0,,,,,#545cf8,
2023-12-22,Total,,22.0,,,,,0.0,,,,,1.0,,,,,#545cf8,,,,
2023-12-22,Drift,,,22.0,,,,,0.0,,,,,,,,,,,,,
2023-12-22,Jupiter,,,3.0,,,,,0.0,,,,,6.0,,,,,#00bfa5,,,
2023-12-22,_Drift,Drift,,,22.0,,,,,0.0,,,,,,,,,,,,
2023-12-22,_Jupiter,Jupiter,,,3.0,,,,,0.0,,,,,6.0,,,,,#00bfa5,,
2023-12-22,Crypto,,,,,22.0,,,,,0.0,,,,,1.0,,,,,#545cf8,
2023-12-21,Total,,22.0,,,,,1.0,,,,,1.0,,,,,#545cf8,,,,
2023-12-21,Drift,,,22.0,,,,,1.0,,,,,,,,,,,,,
2023-12-21,Jupiter,,,3.0,,,,,0.0,,,,,6.0,,,,,#00bfa5,,,
2023-12-21,_Drift,Drift,,,22.0,,,,,1.0,,,,,,,,,,,,
2023-12-21,_Jupiter,Jupiter,,,3.0,,,,,0.0,,,,,6.0,,,,,#00bfa5,,
2023-12-21,Crypto,,,,,22.0,,,,,1.0,,,,,1.0,,,,,#545cf8,
2023-12-20,Total,,21.0,,,,,0.0,,,,,1.0,,,,,#545cf8,,,,
2023-12-20,Drift,,,21.0,,,,,0.0,,,,,,,,,,,,,
2023-12-20,Jupiter,,,3.0,,,,,0.0,,,,,6.0,,,,,#00bfa5,,,
2023-12-20,_Drift,Drift,,,21.0,,,,,0.0,,,,,,,,,,,,
2023-12-20,_Jupiter,Jupiter,,,3.0,,,,,0.0,,,,,6.0,,,,,#00bfa5,,
2023-12-20,Crypto,,,,,21.0,,,,,0.0,,,,,1.0,,,,,#545cf8,
2023-12-19,Total,,21.0,,,,,0.0,,,,,1.0,,,,,#545cf8,,,,
2023-12-19,Drift,,,21.0,,,,,0.0,,,,,,,,,,,,,
2023-12-19,Jupiter,,,3.0,,,,,0.0,,,,,6.0,,,,,#00bfa5,,,
2023-12-19,_Drift,Drift,,,21.0,,,,,0.0,,,,,,,,,,,,
2023-12-19,_Jupiter,Jupiter,,,3.0,,,,,0.0,,,,,6.0,,,,,#00bfa5,,
2023-12-19,Crypto,,,,,21.0,,,,,0.0,,,,,1.0,,,,,#545cf8,
2023-12-18,Total,,21.0,,,,,0.0,,,,,1.0,,,,,#545cf8,,,,
2023-12-18,Drift,,,21.0,,,,,0.0,,,,,,,,,,,,,
2023-12-18,Jupiter,,,3.0,,,,,0.0,,,,,6.0,,,,,#00bfa5,,,
2023-12-18,_Drift,Drift,,,21.0,,,,,0.0,,,,,,,,,,,,
2023-12-18,_Jupiter,Jupiter,,,3.0,,,,,0.0,,,,,6.0,,,,,#00bfa5,,
2023-12-18,Crypto,,,,,21.0,,,,,0.0,,,,,1.0,,,,,#545cf8,
2023-12-17,Total,,21.0,,,,,0.0,,,,,1.0,,,,,#545cf8,,,,
2023-12-17,Drift,,,21.0,,,,,0.0,,,,,,,,,,,,,
2023-12-17,Jupiter,,,3.0,,,,,0.0,,,,,6.0,,,,,#00bfa5,,,
2023-12-17,_Drift,Drift,,,21.0,,,,,0.0,,,,,,,,,,,,
2023-12-17,_Jupiter,Jupiter,,,3.0,,,,,0.0,,,,,6.0,,,,,#00bfa5,,
2023-12-17,Crypto,,,,,21.0,,,,,0.0,,,,,1.0,,,,,#545cf8,
2023-12-16,Total,,21.0,,,,,0.0,,,,,1.0,,,,,#545cf8,,,,
2023-12-16,Drift,,,21.0,,,,,0.0,,,,,,,,,,,,,
2023-12-16,Jupiter,,,3.0,,,,,0.0,,,,,6.0,,,,,#00bfa5,,,
2023-12-16,_Drift,Drift,,,21.0,,,,,0.0,,,,,,,,,,,,
2023-12-16,_Jupiter,Jupiter,,,3.0,,,,,0.0,,,,,6.0,,,,,#00bfa5,,
2023-12-16,Crypto,,,,,21.0,,,,,0.0,,,,,1.0,,,,,#545cf8,
2023-12-15,Total,,21.0,,,,,0.0,,,,,1.0,,,,,#545cf8,,,,
2023-12-15,Drift,,,21.0,,,,,0.0,,,,,,,,,,,,,
2023-12-15,Jupiter,,,3.0,,,,,0.0,,,,,6.0,,,,,#00bfa5,,,
2023-12-15,_Drift,Drift,,,21.0,,,,,0.0,,,,,,,,,,,,
2023-12-15,_Jupiter,Jupiter,,,3.0,,,,,0.0,,,,,6.0,,,,,#00bfa5,,
2023-12-15,Crypto,,,,,21.0,,,,,0.0,,,,,1.0,,,,,#545cf8,
2023-12-14,Total,,21.0,,,,,0.0,,,,,1.0,,,,,#545cf8,,,,
2023-12-14,Drift,,,21.0,,,,,0.0,,,,,,,,,,,,,
2023-12-14,Jupiter,,,3.0,,,,,0.0,,,,,6.0,,,,,#00bfa5,,,
2023-12-14,_Drift,Drift,,,21.0,,,,,0.0,,,,,,,,,,,,
2023-12-14,_Jupiter,Jupiter,,,3.0,,,,,0.0,,,,,6.0,,,,,#00bfa5,,
2023-12-14,Crypto,,,,,21.0,,,,,0.0,,,,,1.0,,,,,#545cf8,
2023-12-13,Total,,21.0,,,,,0.0,,,,,1.0,,,,,#545cf8,,,,
2023-12-13,Drift,,,21.0,,,,,0.0,,,,,,,,,,,,,
2023-12-13,Jupiter,,,3.0,,,,,0.0,,,,,6.0,,,,,#00bfa5,,,
2023-12-13,_Drift,Drift,,,21.0,,,,,0.0,,,,,,,,,,,,
2023-12-13,_Jupiter,Jupiter,,,3.0,,,,,0.0,,,,,6.0,,,,,#00bfa5,,
2023-12-13,Crypto,,,,,21.0,,,,,0.0,,,,,1.0,,,,,#545cf8,
2023-12-12,Total,,21.0,,,,,0.0,,,,,1.0,,,,,#545cf8,,,,
2023-12-12,Drift,,,21.0,,,,,0.0,,,,,,,,,,,,,
2023-12-12,Jupiter,,,3.0,,,,,0.0,,,,,6.0,,,,,#00bfa5,,,
2023-12-12,_Drift,Drift,,,21.0,,,,,0.0,,,,,,,,,,,,
2023-12-12,_Jupiter,Jupiter,,,3.0,,,,,0.0,,,,,6.0,,,,,#00bfa5,,
2023-12-12,Crypto,,,,,21.0,,,,,0.0,,,,,1.0,,,,,#545cf8,
2023-12-11,Total,,21.0,,,,,0.0,,,,,1.0,,,,,#545cf8,,,,
2023-12-11,Drift,,,21.0,,,,,0.0,,,,,,,,,,,,,
2023-12-11,Jupiter,,,3.0,,,,,0.0,,,,,6.0,,,,,#00bfa5,,,
2023-12-11,_Drift,Drift,,,21.0,,,,,0.0,,,,,,,,,,,,
2023-12-11,_Jupiter,Jupiter,,,3.0,,,,,0.0,,,,,6.0,,,,,#00bfa5,,
2023-12-11,Crypto,,,,,21.0,,,,,0.0,,,,,1.0,,,,,#545cf8,
2023-12-10,Total,,21.0,,,,,0.0,,,,,1.0,,,,,#545cf8,,,,
2023-12-10,Drift,,,21.0,,,,,0.0,,,,,,,,,,,,,
2023-12-10,Jupiter,,,3.0,,,,,0.0,,,,,6.0,,,,,#00bfa5,,,
2023-12-10,_Drift,Drift,,,21.0,,,,,0.0,,,,,,,,,,,,
2023-12-10,_Jupiter,Jupiter,,,3.0,,,,,0.0,,,,,6.0,,,,,#00bfa5,,
2023-12-10,Crypto,,,,,21.0,,,,,0.0,,,,,1.0,,,,,#545cf8,
2023-12-09,Total,,21.0,,,,,0.0,,,,,1.0,,,,,#545cf8,,,,
2023-12-09,Drift,,,21.0,,,,,0.0,,,,,,,,,,,,,
2023-12-09,Jupiter,,,3.0,,,,,0.0,,,,,6.0,,,,,#00bfa5,,,
2023-12-09,_Drift,Drift,,,21.0,,,,,0.0,,,,,,,,,,,,
2023-12-09,_Jupiter,Jupiter,,,3.0,,,,,0.0,,,,,6.0,,,,,#00bfa5,,
2023-12-09,Crypto,,,,,21.0,,,,,0.0,,,,,1.0,,,,,#545cf8,
2023-12-08,Total,,21.0,,,,,0.0,,,,,1.0,,,,,#545cf8,,,,
2023-12-08,Drift,,,21.0,,,,,0.0,,,,,,,,,,,,,
2023-12-08,Jupiter,,,3.0,,,,,0.0,,,,,6.0,,,,,#00bfa5,,,
2023-12-08,_Drift,Drift,,,21.0,,,,,0.0,,,,,,,,,,,,
2023-12-08,_Jupiter,Jupiter,,,3.0,,,,,0.0,,,,,6.0,,,,,#00bfa5,,
2023-12-08,Crypto,,,,,21.0,,,,,0.0,,,,,1.0,,,,,#545cf8,
2023-12-07,Total,,21.0,,,,,1.0,,,,,1.0,,,,,#545cf8,,,,
2023-12-07,Drift,,,21.0,,,,,1.0,,,,,,,,,,,,,
2023-12-07,Jupiter,,,3.0,,,,,0.0,,,,,6.0,,,,,#00bfa5,,,
2023-12-07,_Drift,Drift,,,21.0,,,,,1.0,,,,,,,,,,,,
2023-12-07,_Jupiter,Jupiter,,,3.0,,,,,0.0,,,,,6.0,,,,,#00bfa5,,
2023-12-07,Crypto,,,,,21.0,,,,,1.0,,,,,1.0,,,,,#545cf8,
2023-12-06,Total,,20.0,,,,,1.0,,,,,1.0,,,,,#545cf8,,,,
2023-12-06,Drift,,,20.0,,,,,1.0,,,,,,,,,,,,,
2023-12-06,Jupiter,,,3.0,,,,,0.0,,,,,6.0,,,,,#00bfa5,,,
2023-12-06,_Drift,Drift,,,20.0,,,,,1.0,,,,,,,,,,,,
2023-12-06,_Jupiter,Jupiter,,,3.0,,,,,0.0,,,,,6.0,,,,,#00bfa5,,
2023-12-06,Crypto,,,,,20.0,,,,,1.0,,,,,1.0,,,,,#545cf8,
2023-12-05,Total,,19.0,,,,,0.0,,,,,1.0,,,,,#545cf8,,,,
2023-12-05,Drift,,,19.0,,,,,0.0,,,,,,,,,,,,,
2023-12-05,Jupiter,,,3.0,,,,,0.0,,,,,6.0,,,,,#00bfa5,,,
2023-12-05,_Drift,Drift,,,19.0,,,,,0.0,,,,,,,,,,,,
2023-12-05,_Jupiter,Jupiter,,,3.0,,,,,0.0,,,,,6.0,,,,,#00bfa5,,
2023-12-05,Crypto,,,,,19.0,,,,,0.0,,,,,1.0,,,,,#545cf8,
2023-12-04,Total,,19.0,,,,,0.0,,,,,1.0,,,,,#545cf8,,,,
2023-12-04,Drift,,,19.0,,,,,0.0,,,,,,,,,,,,,
2023-12-04,Jupiter,,,3.0,,,,,0.0,,,,,6.0,,,,,#00bfa5,,,
2023-12-04,_Drift,Drift,,,19.0,,,,,0.0,,,,,,,,,,,,
2023-12-04,_Jupiter,Jupiter,,,3.0,,,,,0.0,,,,,6.0,,,,,#00bfa5,,
2023-12-04,Crypto,,,,,19.0,,,,,0.0,,,,,1.0,,,,,#545cf8,
2023-12-03,Total,,19.0,,,,,0.0,,,,,1.0,,,,,#545cf8,,,,
2023-12-03,Drift,,,19.0,,,,,0.0,,,,,,,,,,,,,
2023-12-03,Jupiter,,,3.0,,,,,0.0,,,,,6.0,,,,,#00bfa5,,,
2023-12-03,_Drift,Drift,,,19.0,,,,,0.0,,,,,,,,,,,,
2023-12-03,_Jupiter,Jupiter,,,3.0,,,,,0.0,,,,,6.0,,,,,#00bfa5,,
2023-12-03,Crypto,,,,,19.0,,,,,0.0,,,,,1.0,,,,,#545cf8,
2023-12-02,Total,,19.0,,,,,0.0,,,,,1.0,,,,,#545cf8,,,,
2023-12-02,Drift,,,19.0,,,,,0.0,,,,,,,,,,,,,
2023-12-02,Jupiter,,,3.0,,,,,0.0,,,,,6.0,,,,,#00bfa5,,,
2023-12-02,_Drift,Drift,,,19.0,,,,,0.0,,,,,,,,,,,,
2023-12-02,_Jupiter,Jupiter,,,3.0,,,,,0.0,,,,,6.0,,,,,#00bfa5,,
2023-12-02,Crypto,,,,,19.0,,,,,0.0,,,,,1.0,,,,,#545cf8,
2023-12-01,Total,,19.0,,,,,0.0,,,,,1.0,,,,,#545cf8,,,,
2023-12-01,Drift,,,19.0,,,,,0.0,,,,,,,,,,,,,
2023-12-01,Jupiter,,,3.0,,,,,0.0,,,,,6.0,,,,,#00bfa5,,,
2023-12-01,_Drift,Drift,,,19.0,,,,,0.0,,,,,,,,,,,,
2023-12-01,_Jupiter,Jupiter,,,3.0,,,,,0.0,,,,,6.0,,,,,#00bfa5,,
2023-12-01,Crypto,,,,,19.0,,,,,0.0,,,,,1.0,,,,,#545cf8,
2023-11-30,Total,,19.0,,,,,0.0,,,,,1.0,,,,,#545cf8,,,,
2023-11-30,Drift,,,19.0,,,,,0.0,,,,,,,,,,,,,
2023-11-30,Jupiter,,,3.0,,,,,0.0,,,,,6.0,,,,,#00bfa5,,,
2023-11-30,_Drift,Drift,,,19.0,,,,,0.0,,,,,,,,,,,,
2023-11-30,_Jupiter,Jupiter,,,3.0,,,,,0.0,,,,,6.0,,,,,#00bfa5,,
2023-11-30,Crypto,,,,,19.0,,,,,0.0,,,,,1.0,,,,,#545cf8,
2023-11-29,Total,,19.0,,,,,0.0,,,,,1.0,,,,,#545cf8,,,,
2023-11-29,Drift,,,19.0,,,,,0.0,,,,,,,,,,,,,
2023-11-29,Jupiter,,,3.0,,,,,0.0,,,,,6.0,,,,,#00bfa5,,,
2023-11-29,_Drift,Drift,,,19.0,,,,,0.0,,,,,,,,,,,,
2023-11-29,_Jupiter,Jupiter,,,3.0,,,,,0.0,,,,,6.0,,,,,#00bfa5,,
2023-11-29,Crypto,,,,,19.0,,,,,0.0,,,,,1.0,,,,,#545cf8,
2023-11-28,Total,,19.0,,,,,0.0,,,,,1.0,,,,,#545cf8,,,,
2023-11-28,Drift,,,19.0,,,,,0.0,,,,,,,,,,,,,
2023-11-28,Jupiter,,,3.0,,,,,0.0,,,,,6.0,,,,,#00bfa5,,,
2023-11-28,_Drift,Drift,,,19.0,,,,,0.0,,,,,,,,,,,,
2023-11-28,_Jupiter,Jupiter,,,3.0,,,,,0.0,,,,,6.0,,,,,#00bfa5,,
2023-11-28,Crypto,,,,,19.0,,,,,0.0,,,,,1.0,,,,,#545cf8,
2023-11-27,Total,,19.0,,,,,0.0,,,,,1.0,,,,,#545cf8,,,,
2023-11-27,Drift,,,19.0,,,,,0.0,,,,,,,,,,,,,
2023-11-27,Jupiter,,,3.0,,,,,0.0,,,,,6.0,,,,,#00bfa5,,,
2023-11-27,_Drift,Drift,,,19.0,,,,,0.0,,,,,,,,,,,,
2023-11-27,_Jupiter,Jupiter,,,3.0,,,,,0.0,,,,,6.0,,,,,#00bfa5,,
2023-11-27,Crypto,,,,,19.0,,,,,0.0,,,,,1.0,,,,,#545cf8,
2023-11-26,Total,,19.0,,,,,0.0,,,,,1.0,,,,,#545cf8,,,,
2023-11-26,Drift,,,19.0,,,,,0.0,,,,,,,,,,,,,
2023-11-26,Jupiter,,,3.0,,,,,0.0,,,,,6.0,,,,,#00bfa5,,,
2023-11-26,_Drift,Drift,,,19.0,,,,,0.0,,,,,,,,,,,,
2023-11-26,_Jupiter,Jupiter,,,3.0,,,,,0.0,,,,,6.0,,,,,#00bfa5,,
2023-11-26,Crypto,,,,,19.0,,,,,0.0,,,,,1.0,,,,,#545cf8,
2023-11-25,Total,,19.0,,,,,0.0,,,,,1.0,,,,,#545cf8,,,,
2023-11-25,Drift,,,19.0,,,,,0.0,,,,,,,,,,,,,
2023-11-25,Jupiter,,,3.0,,,,,0.0,,,,,6.0,,,,,#00bfa5,,,
2023-11-25,_Drift,Drift,,,19.0,,,,,0.0,,,,,,,,,,,,
2023-11-25,_Jupiter,Jupiter,,,3.0,,,,,0.0,,,,,6.0,,,,,#00bfa5,,
2023-11-25,Crypto,,,,,19.0,,,,,0.0,,,,,1.0,,,,,#545cf8,
2023-11-24,Total,,19.0,,,,,0.0,,,,,1.0,,,,,#545cf8,,,,
2023-11-24,Drift,,,19.0,,,,,0.0,,,,,,,,,,,,,
2023-11-24,Jupiter,,,3.0,,,,,0.0,,,,,6.0,,,,,#00bfa5,,,
2023-11-24,_Drift,Drift,,,19.0,,,,,0.0,,,,,,,,,,,,
2023-11-24,_Jupiter,Jupiter,,,3.0,,,,,0.0,,,,,6.0,,,,,#00bfa5,,
2023-11-24,Crypto,,,,,19.0,,,,,0.0,,,,,1.0,,,,,#545cf8,
2023-11-23,Total,,19.0,,,,,0.0,,,,,1.0,,,,,#545cf8,,,,
2023-11-23,Drift,,,19.0,,,,,0.0,,,,,,,,,,,,,
2023-11-23,Jupiter,,,3.0,,,,,0.0,,,,,6.0,,,,,#00bfa5,,,
2023-11-23,_Drift,Drift,,,19.0,,,,,0.0,,,,,,,,,,,,
2023-11-23,_Jupiter,Jupiter,,,3.0,,,,,0.0,,,,,6.0,,,,,#00bfa5,,
2023-11-23,Crypto,,,,,19.0,,,,,0.0,,,,,1.0,,,,,#545cf8,
2023-11-22,Total,,19.0,,,,,0.0,,,,,1.0,,,,,#545cf8,,,,
2023-11-22,Drift,,,19.0,,,,,0.0,,,,,,,,,,,,,
2023-11-22,Jupiter,,,3.0,,,,,0.0,,,,,6.0,,,,,#00bfa5,,,
2023-11-22,_Drift,Drift,,,19.0,,,,,0.0,,,,,,,,,,,,
2023-11-22,_Jupiter,Jupiter,,,3.0,,,,,0.0,,,,,6.0,,,,,#00bfa5,,
2023-11-22,Crypto,,,,,19.0,,,,,0.0,,,,,1.0,,,,,#545cf8,
2023-11-21,Total,,19.0,,,,,0.0,,,,,1.0,,,,,#545cf8,,,,
2023-11-21,Drift,,,19.0,,,,,0.0,,,,,,,,,,,,,
2023-11-21,Jupiter,,,3.0,,,,,0.0,,,,,6.0,,,,,#00bfa5,,,
2023-11-21,_Drift,Drift,,,19.0,,,,,0.0,,,,,,,,,,,,
2023-11-21,_Jupiter,Jupiter,,,3.0,,,,,0.0,,,,,6.0,,,,,#00bfa5,,
2023-11-21,Crypto,,,,,19.0,,,,,0.0,,,,,1.0,,,,,#545cf8,
2023-11-20,Total,,19.0,,,,,1.0,,,,,1.0,,,,,#545cf8,,,,
2023-11-20,Drift,,,19.0,,,,,1.0,,,,,,,,,,,,,
2023-11-20,Jupiter,,,3.0,,,,,0.0,,,,,6.0,,,,,#00bfa5,,,
2023-11-20,_Drift,Drift,,,19.0,,,,,1.0,,,,,,,,,,,,
2023-11-20,_Jupiter,Jupiter,,,3.0,,,,,0.0,,,,,6.0,,,,,#00bfa5,,
2023-11-20,Crypto,,,,,19.0,,,,,1.0,,,,,1.0,,,,,#545cf8,
2023-11-19,Total,,18.0,,,,,0.0,,,,,1.0,,,,,#545cf8,,,,
2023-11-19,Drift,,,18.0,,,,,0.0,,,,,,,,,,,,,
2023-11-19,Jupiter,,,3.0,,,,,0.0,,,,,6.0,,,,,#00bfa5,,,
2023-11-19,_Drift,Drift,,,18.0,,,,,0.0,,,,,,,,,,,,
2023-11-19,_Jupiter,Jupiter,,,3.0,,,,,0.0,,,,,6.0,,,,,#00bfa5,,
2023-11-19,Crypto,,,,,18.0,,,,,0.0,,,,,1.0,,,,,#545cf8,
2023-11-18,Total,,18.0,,,,,0.0,,,,,1.0,,,,,#545cf8,,,,
2023-11-18,Drift,,,18.0,,,,,0.0,,,,,,,,,,,,,
2023-11-18,Jupiter,,,3.0,,,,,0.0,,,,,6.0,,,,,#00bfa5,,,
2023-11-18,_Drift,Drift,,,18.0,,,,,0.0,,,,,,,,,,,,
2023-11-18,_Jupiter,Jupiter,,,3.0,,,,,0.0,,,,,6.0,,,,,#00bfa5,,
2023-11-18,Crypto,,,,,18.0,,,,,0.0,,,,,1.0,,,,,#545cf8,
2023-11-17,Total,,18.0,,,,,0.0,,,,,1.0,,,,,#545cf8,,,,
2023-11-17,Drift,,,18.0,,,,,0.0,,,,,,,,,,,,,
2023-11-17,Jupiter,,,3.0,,,,,0.0,,,,,6.0,,,,,#00bfa5,,,
2023-11-17,_Drift,Drift,,,18.0,,,,,0.0,,,,,,,,,,,,
2023-11-17,_Jupiter,Jupiter,,,3.0,,,,,0.0,,,,,6.0,,,,,#00bfa5,,
2023-11-17,Crypto,,,,,18.0,,,,,0.0,,,,,1.0,,,,,#545cf8,
2023-11-16,Total,,18.0,,,,,0.0,,,,,1.0,,,,,#545cf8,,,,
2023-11-16,Drift,,,18.0,,,,,0.0,,,,,,,,,,,,,
2023-11-16,Jupiter,,,3.0,,,,,0.0,,,,,6.0,,,,,#00bfa5,,,
2023-11-16,_Drift,Drift,,,18.0,,,,,0.0,,,,,,,,,,,,
2023-11-16,_Jupiter,Jupiter,,,3.0,,,,,0.0,,,,,6.0,,,,,#00bfa5,,
2023-11-16,Crypto,,,,,18.0,,,,,0.0,,,,,1.0,,,,,#545cf8,
2023-11-15,Total,,18.0,,,,,0.0,,,,,1.0,,,,,#545cf8,,,,
2023-11-15,Drift,,,18.0,,,,,0.0,,,,,,,,,,,,,
2023-11-15,Jupiter,,,3.0,,,,,0.0,,,,,6.0,,,,,#00bfa5,,,
2023-11-15,_Drift,Drift,,,18.0,,,,,0.0,,,,,,,,,,,,
2023-11-15,_Jupiter,Jupiter,,,3.0,,,,,0.0,,,,,6.0,,,,,#00bfa5,,
2023-11-15,Crypto,,,,,18.0,,,,,0.0,,,,,1.0,,,,,#545cf8,
2023-11-14,Total,,18.0,,,,,0.0,,,,,1.0,,,,,#545cf8,,,,
2023-11-14,Drift,,,18.0,,,,,0.0,,,,,,,,,,,,,
2023-11-14,Jupiter,,,3.0,,,,,0.0,,,,,6.0,,,,,#00bfa5,,,
2023-11-14,_Drift,Drift,,,18.0,,,,,0.0,,,,,,,,,,,,
2023-11-14,_Jupiter,Jupiter,,,3.0,,,,,0.0,,,,,6.0,,,,,#00bfa5,,
2023-11-14,Crypto,,,,,18.0,,,,,0.0,,,,,1.0,,,,,#545cf8,
2023-11-13,Total,,18.0,,,,,0.0,,,,,1.0,,,,,#545cf8,,,,
2023-11-13,Drift,,,18.0,,,,,0.0,,,,,,,,,,,,,
2023-11-13,Jupiter,,,3.0,,,,,0.0,,,,,6.0,,,,,#00bfa5,,,
2023-11-13,_Drift,Drift,,,18.0,,,,,0.0,,,,,,,,,,,,
2023-11-13,_Jupiter,Jupiter,,,3.0,,,,,0.0,,,,,6.0,,,,,#00bfa5,,
2023-11-13,Crypto,,,,,18.0,,,,,0.0,,,,,1.0,,,,,#545cf8,
2023-11-12,Total,,18.0,,,,,0.0,,,,,1.0,,,,,#545cf8,,,,
2023-11-12,Drift,,,18.0,,,,,0.0,,,,,,,,,,,,,
2023-11-12,Jupiter,,,3.0,,,,,0.0,,,,,6.0,,,,,#00bfa5,,,
2023-11-12,_Drift,Drift,,,18.0,,,,,0.0,,,,,,,,,,,,
2023-11-12,_Jupiter,Jupiter,,,3.0,,,,,0.0,,,,,6.0,,,,,#00bfa5,,
2023-11-12,Crypto,,,,,18.0,,,,,0.0,,,,,1.0,,,,,#545cf8,
2023-11-11,Total,,18.0,,,,,0.0,,,,,1.0,,,,,#545cf8,,,,
2023-11-11,Drift,,,18.0,,,,,0.0,,,,,,,,,,,,,
2023-11-11,Jupiter,,,3.0,,,,,0.0,,,,,6.0,,,,,#00bfa5,,,
2023-11-11,_Drift,Drift,,,18.0,,,,,0.0,,,,,,,,,,,,
2023-11-11,_Jupiter,Jupiter,,,3.0,,,,,0.0,,,,,6.0,,,,,#00bfa5,,
2023-11-11,Crypto,,,,,18.0,,,,,0.0,,,,,1.0,,,,,#545cf8,
2023-11-10,Total,,18.0,,,,,0.0,,,,,1.0,,,,,#545cf8,,,,
2023-11-10,Drift,,,18.0,,,,,0.0,,,,,,,,,,,,,
2023-11-10,Jupiter,,,3.0,,,,,0.0,,,,,6.0,,,,,#00bfa5,,,
2023-11-10,_Drift,Drift,,,18.0,,,,,0.0,,,,,,,,,,,,
2023-11-10,_Jupiter,Jupiter,,,3.0,,,,,0.0,,,,,6.0,,,,,#00bfa5,,
2023-11-10,Crypto,,,,,18.0,,,,,0.0,,,,,1.0,,,,,#545cf8,
2023-11-09,Total,,18.0,,,,,0.0,,,,,1.0,,,,,#545cf8,,,,
2023-11-09,Drift,,,18.0,,,,,0.0,,,,,,,,,,,,,
2023-11-09,Jupiter,,,3.0,,,,,0.0,,,,,6.0,,,,,#00bfa5,,,
2023-11-09,_Drift,Drift,,,18.0,,,,,0.0,,,,,,,,,,,,
2023-11-09,_Jupiter,Jupiter,,,3.0,,,,,0.0,,,,,6.0,,,,,#00bfa5,,
2023-11-09,Crypto,,,,,18.0,,,,,0.0,,,,,1.0,,,,,#545cf8,
2023-11-08,Total,,18.0,,,,,0.0,,,,,1.0,,,,,#545cf8,,,,
2023-11-08,Drift,,,18.0,,,,,0.0,,,,,,,,,,,,,
2023-11-08,Jupiter,,,3.0,,,,,0.0,,,,,6.0,,,,,#00bfa5,,,
2023-11-08,_Drift,Drift,,,18.0,,,,,0.0,,,,,,,,,,,,
2023-11-08,_Jupiter,Jupiter,,,3.0,,,,,0.0,,,,,6.0,,,,,#00bfa5,,
2023-11-08,Crypto,,,,,18.0,,,,,0.0,,,,,1.0,,,,,#545cf8,
2023-11-07,Total,,18.0,,,,,1.0,,,,,1.0,,,,,#545cf8,,,,
2023-11-07,Drift,,,18.0,,,,,1.0,,,,,,,,,,,,,
2023-11-07,Jupiter,,,3.0,,,,,0.0,,,,,6.0,,,,,#00bfa5,,,
2023-11-07,_Drift,Drift,,,18.0,,,,,1.0,,,,,,,,,,,,
2023-11-07,_Jupiter,Jupiter,,,3.0,,,,,0.0,,,,,6.0,,,,,#00bfa5,,
2023-11-07,Crypto,,,,,18.0,,,,,1.0,,,,,1.0,,,,,#545cf8,
2023-11-06,Total,,17.0,,,,,0.0,,,,,1.0,,,,,#545cf8,,,,
2023-11-06,Drift,,,17.0,,,,,0.0,,,,,,,,,,,,,
2023-11-06,Jupiter,,,3.0,,,,,0.0,,,,,6.0,,,,,#00bfa5,,,
2023-11-06,_Drift,Drift,,,17.0,,,,,0.0,,,,,,,,,,,,
2023-11-06,_Jupiter,Jupiter,,,3.0,,,,,0.0,,,,,6.0,,,,,#00bfa5,,
2023-11-06,Crypto,,,,,17.0,,,,,0.0,,,,,1.0,,,,,#545cf8,
2023-11-05,Total,,17.0,,,,,0.0,,,,,1.0,,,,,#545cf8,,,,
2023-11-05,Drift,,,17.0,,,,,0.0,,,,,,,,,,,,,
2023-11-05,Jupiter,,,3.0,,,,,0.0,,,,,6.0,,,,,#00bfa5,,,
2023-11-05,_Drift,Drift,,,17.0,,,,,0.0,,,,,,,,,,,,
2023-11-05,_Jupiter,Jupiter,,,3.0,,,,,0.0,,,,,6.0,,,,,#00bfa5,,
2023-11-05,Crypto,,,,,17.0,,,,,0.0,,,,,1.0,,,,,#545cf8,
2023-11-04,Total,,17.0,,,,,0.0,,,,,1.0,,,,,#545cf8,,,,
2023-11-04,Drift,,,17.0,,,,,0.0,,,,,,,,,,,,,
2023-11-04,Jupiter,,,3.0,,,,,0.0,,,,,6.0,,,,,#00bfa5,,,
2023-11-04,_Drift,Drift,,,17.0,,,,,0.0,,,,,,,,,,,,
2023-11-04,_Jupiter,Jupiter,,,3.0,,,,,0.0,,,,,6.0,,,,,#00bfa5,,
2023-11-04,Crypto,,,,,17.0,,,,,0.0,,,,,1.0,,,,,#545cf8,
2023-11-03,Total,,17.0,,,,,0.0,,,,,1.0,,,,,#545cf8,,,,
2023-11-03,Drift,,,17.0,,,,,0.0,,,,,,,,,,,,,
2023-11-03,Jupiter,,,3.0,,,,,0.0,,,,,6.0,,,,,#00bfa5,,,
2023-11-03,_Drift,Drift,,,17.0,,,,,0.0,,,,,,,,,,,,
2023-11-03,_Jupiter,Jupiter,,,3.0,,,,,0.0,,,,,6.0,,,,,#00bfa5,,
2023-11-03,Crypto,,,,,17.0,,,,,0.0,,,,,1.0,,,,,#545cf8,
2023-11-02,Total,,17.0,,,,,0.0,,,,,1.0,,,,,#545cf8,,,,
2023-11-02,Drift,,,17.0,,,,,0.0,,,,,,,,,,,,,
2023-11-02,Jupiter,,,3.0,,,,,0.0,,,,,6.0,,,,,#00bfa5,,,
2023-11-02,_Drift,Drift,,,17.0,,,,,0.0,,,,,,,,,,,,
2023-11-02,_Jupiter,Jupiter,,,3.0,,,,,0.0,,,,,6.0,,,,,#00bfa5,,
2023-11-02,Crypto,,,,,17.0,,,,,0.0,,,,,1.0,,,,,#545cf8,
2023-11-01,Total,,17.0,,,,,0.0,,,,,1.0,,,,,#545cf8,,,,
2023-11-01,Drift,,,17.0,,,,,0.0,,,,,,,,,,,,,
2023-11-01,Jupiter,,,3.0,,,,,0.0,,,,,6.0,,,,,#00bfa5,,,
2023-11-01,_Drift,Drift,,,17.0,,,,,0.0,,,,,,,,,,,,
2023-11-01,_Jupiter,Jupiter,,,3.0,,,,,0.0,,,,,6.0,,,,,#00bfa5,,
2023-11-01,Crypto,,,,,17.0,,,,,0.0,,,,,1.0,,,,,#545cf8,
2023-10-31,Total,,17.0,,,,,0.0,,,,,1.0,,,,,#545cf8,,,,
2023-10-31,Drift,,,17.0,,,,,0.0,,,,,,,,,,,,,
2023-10-31,Jupiter,,,3.0,,,,,0.0,,,,,6.0,,,,,#00bfa5,,,
2023-10-31,_Drift,Drift,,,17.0,,,,,0.0,,,,,,,,,,,,
2023-10-31,_Jupiter,Jupiter,,,3.0,,,,,0.0,,,,,6.0,,,,,#00bfa5,,
2023-10-31,Crypto,,,,,17.0,,,,,0.0,,,,,1.0,,,,,#545cf8,
2023-10-30,Total,,17.0,,,,,0.0,,,,,1.0,,,,,#545cf8,,,,
2023-10-30,Drift,,,17.0,,,,,0.0,,,,,,,,,,,,,
2023-10-30,Jupiter,,,3.0,,,,,0.0,,,,,6.0,,,,,#00bfa5,,,
2023-10-30,_Drift,Drift,,,17.0,,,,,0.0,,,,,,,,,,,,
2023-10-30,_Jupiter,Jupiter,,,3.0,,,,,0.0,,,,,6.0,,,,,#00bfa5,,
2023-10-30,Crypto,,,,,17.0,,,,,0.0,,,,,1.0,,,,,#545cf8,
2023-10-29,Total,,17.0,,,,,0.0,,,,,1.0,,,,,#545cf8,,,,
2023-10-29,Drift,,,17.0,,,,,0.0,,,,,,,,,,,,,
2023-10-29,Jupiter,,,3.0,,,,,0.0,,,,,6.0,,,,,#00bfa5,,,
2023-10-29,_Drift,Drift,,,17.0,,,,,0.0,,,,,,,,,,,,
2023-10-29,_Jupiter,Jupiter,,,3.0,,,,,0.0,,,,,6.0,,,,,#00bfa5,,
2023-10-29,Crypto,,,,,17.0,,,,,0.0,,,,,1.0,,,,,#545cf8,
2023-10-28,Total,,17.0,,,,,0.0,,,,,1.0,,,,,#545cf8,,,,
2023-10-28,Drift,,,17.0,,,,,0.0,,,,,,,,,,,,,
2023-10-28,Jupiter,,,3.0,,,,,0.0,,,,,6.0,,,,,#00bfa5,,,
2023-10-28,_Drift,Drift,,,17.0,,,,,0.0,,,,,,,,,,,,
2023-10-28,_Jupiter,Jupiter,,,3.0,,,,,0.0,,,,,6.0,,,,,#00bfa5,,
2023-10-28,Crypto,,,,,17.0,,,,,0.0,,,,,1.0,,,,,#545cf8,
2023-10-27,Total,,17.0,,,,,0.0,,,,,1.0,,,,,#545cf8,,,,
2023-10-27,Drift,,,17.0,,,,,0.0,,,,,,,,,,,,,
2023-10-27,Jupiter,,,3.0,,,,,0.0,,,,,6.0,,,,,#00bfa5,,,
2023-10-27,_Drift,Drift,,,17.0,,,,,0.0,,,,,,,,,,,,
2023-10-27,_Jupiter,Jupiter,,,3.0,,,,,0.0,,,,,6.0,,,,,#00bfa5,,
2023-10-27,Crypto,,,,,17.0,,,,,0.0,,,,,1.0,,,,,#545cf8,
2023-10-26,Total,,17.0,,,,,0.0,,,,,1.0,,,,,#545cf8,,,,
2023-10-26,Drift,,,17.0,,,,,0.0,,,,,,,,,,,,,
2023-10-26,Jupiter,,,3.0,,,,,0.0,,,,,6.0,,,,,#00bfa5,,,
2023-10-26,_Drift,Drift,,,17.0,,,,,0.0,,,,,,,,,,,,
2023-10-26,_Jupiter,Jupiter,,,3.0,,,,,0.0,,,,,6.0,,,,,#00bfa5,,
2023-10-26,Crypto,,,,,17.0,,,,,0.0,,,,,1.0,,,,,#545cf8,
2023-10-25,Total,,17.0,,,,,0.0,,,,,1.0,,,,,#545cf8,,,,
2023-10-25,Drift,,,17.0,,,,,0.0,,,,,,,,,,,,,
2023-10-25,Jupiter,,,3.0,,,,,0.0,,,,,6.0,,,,,#00bfa5,,,
2023-10-25,_Drift,Drift,,,17.0,,,,,0.0,,,,,,,,,,,,
2023-10-25,_Jupiter,Jupiter,,,3.0,,,,,0.0,,,,,6.0,,,,,#00bfa5,,
2023-10-25,Crypto,,,,,17.0,,,,,0.0,,,,,1.0,,,,,#545cf8,
2023-10-24,Total,,17.0,,,,,0.0,,,,,1.0,,,,,#545cf8,,,,
2023-10-24,Drift,,,17.0,,,,,0.0,,,,,,,,,,,,,
2023-10-24,Jupiter,,,3.0,,,,,0.0,,,,,6.0,,,,,#00bfa5,,,
2023-10-24,_Drift,Drift,,,17.0,,,,,0.0,,,,,,,,,,,,
2023-10-24,_Jupiter,Jupiter,,,3.0,,,,,0.0,,,,,6.0,,,,,#00bfa5,,
2023-10-24,Crypto,,,,,17.0,,,,,0.0,,,,,1.0,,,,,#545cf8,
2023-10-23,Total,,17.0,,,,,2.0,,,,,1.0,,,,,#545cf8,,,,
2023-10-23,Drift,,,17.0,,,,,2.0,,,,,,,,,,,,,
2023-10-23,Jupiter,,,3.0,,,,,0.0,,,,,6.0,,,,,#00bfa5,,,
2023-10-23,_Drift,Drift,,,17.0,,,,,2.0,,,,,,,,,,,,
2023-10-23,_Jupiter,Jupiter,,,3.0,,,,,0.0,,,,,6.0,,,,,#00bfa5,,
2023-10-23,Crypto,,,,,17.0,,,,,2.0,,,,,1.0,,,,,#545cf8,
2023-10-22,Total,,15.0,,,,,0.0,,,,,1.0,,,,,#545cf8,,,,
2023-10-22,Drift,,,15.0,,,,,0.0,,,,,,,,,,,,,
2023-10-22,Jupiter,,,3.0,,,,,0.0,,,,,6.0,,,,,#00bfa5,,,
2023-10-22,_Drift,Drift,,,15.0,,,,,0.0,,,,,,,,,,,,
2023-10-22,_Jupiter,Jupiter,,,3.0,,,,,0.0,,,,,6.0,,,,,#00bfa5,,
2023-10-22,Crypto,,,,,15.0,,,,,0.0,,,,,1.0,,,,,#545cf8,
2023-10-21,Total,,15.0,,,,,0.0,,,,,1.0,,,,,#545cf8,,,,
2023-10-21,Drift,,,15.0,,,,,0.0,,,,,,,,,,,,,
2023-10-21,Jupiter,,,3.0,,,,,0.0,,,,,6.0,,,,,#00bfa5,,,
2023-10-21,_Drift,Drift,,,15.0,,,,,0.0,,,,,,,,,,,,
2023-10-21,_Jupiter,Jupiter,,,3.0,,,,,0.0,,,,,6.0,,,,,#00bfa5,,
2023-10-21,Crypto,,,,,15.0,,,,,0.0,,,,,1.0,,,,,#545cf8,
2023-10-20,Total,,15.0,,,,,0.0,,,,,1.0,,,,,#545cf8,,,,
2023-10-20,Drift,,,15.0,,,,,0.0,,,,,,,,,,,,,
2023-10-20,Jupiter,,,3.0,,,,,0.0,,,,,6.0,,,,,#00bfa5,,,
2023-10-20,_Drift,Drift,,,15.0,,,,,0.0,,,,,,,,,,,,
2023-10-20,_Jupiter,Jupiter,,,3.0,,,,,0.0,,,,,6.0,,,,,#00bfa5,,
2023-10-20,Crypto,,,,,15.0,,,,,0.0,,,,,1.0,,,,,#545cf8,
2023-10-19,Total,,15.0,,,,,0.0,,,,,1.0,,,,,#545cf8,,,,
2023-10-19,Drift,,,15.0,,,,,0.0,,,,,,,,,,,,,
2023-10-19,Jupiter,,,3.0,,,,,0.0,,,,,6.0,,,,,#00bfa5,,,
2023-10-19,_Drift,Drift,,,15.0,,,,,0.0,,,,,,,,,,,,
2023-10-19,_Jupiter,Jupiter,,,3.0,,,,,0.0,,,,,6.0,,,,,#00bfa5,,
2023-10-19,Crypto,,,,,15.0,,,,,0.0,,,,,1.0,,,,,#545cf8,
2023-10-18,Total,,15.0,,,,,0.0,,,,,1.0,,,,,#545cf8,,,,
2023-10-18,Drift,,,15.0,,,,,0.0,,,,,,,,,,,,,
2023-10-18,Jupiter,,,3.0,,,,,0.0,,,,,6.0,,,,,#00bfa5,,,
2023-10-18,_Drift,Drift,,,15.0,,,,,0.0,,,,,,,,,,,,
2023-10-18,_Jupiter,Jupiter,,,3.0,,,,,0.0,,,,,6.0,,,,,#00bfa5,,
2023-10-18,Crypto,,,,,15.0,,,,,0.0,,,,,1.0,,,,,#545cf8,
2023-10-17,Total,,15.0,,,,,0.0,,,,,1.0,,,,,#545cf8,,,,
2023-10-17,Drift,,,15.0,,,,,0.0,,,,,,,,,,,,,
2023-10-17,Jupiter,,,3.0,,,,,0.0,,,,,6.0,,,,,#00bfa5,,,
2023-10-17,_Drift,Drift,,,15.0,,,,,0.0,,,,,,,,,,,,
2023-10-17,_Jupiter,Jupiter,,,3.0,,,,,0.0,,,,,6.0,,,,,#00bfa5,,
2023-10-17,Crypto,,,,,15.0,,,,,0.0,,,,,1.0,,,,,#545cf8,
2023-10-16,Total,,15.0,,,,,0.0,,,,,1.0,,,,,#545cf8,,,,
2023-10-16,Drift,,,15.0,,,,,0.0,,,,,,,,,,,,,
2023-10-16,Jupiter,,,3.0,,,,,0.0,,,,,6.0,,,,,#00bfa5,,,
2023-10-16,_Drift,Drift,,,15.0,,,,,0.0,,,,,,,,,,,,
2023-10-16,_Jupiter,Jupiter,,,3.0,,,,,0.0,,,,,6.0,,,,,#00bfa5,,
2023-10-16,Crypto,,,,,15.0,,,,,0.0,,,,,1.0,,,,,#545cf8,
2023-10-15,Total,,15.0,,,,,0.0,,,,,1.0,,,,,#545cf8,,,,
2023-10-15,Drift,,,15.0,,,,,0.0,,,,,,,,,,,,,
2023-10-15,Jupiter,,,3.0,,,,,0.0,,,,,6.0,,,,,#00bfa5,,,
2023-10-15,_Drift,Drift,,,15.0,,,,,0.0,,,,,,,,,,,,
2023-10-15,_Jupiter,Jupiter,,,3.0,,,,,0.0,,,,,6.0,,,,,#00bfa5,,
2023-10-15,Crypto,,,,,15.0,,,,,0.0,,,,,1.0,,,,,#545cf8,
2023-10-14,Total,,15.0,,,,,0.0,,,,,1.0,,,,,#545cf8,,,,
2023-10-14,Drift,,,15.0,,,,,0.0,,,,,,,,,,,,,
2023-10-14,Jupiter,,,3.0,,,,,0.0,,,,,6.0,,,,,#00bfa5,,,
2023-10-14,_Drift,Drift,,,15.0,,,,,0.0,,,,,,,,,,,,
2023-10-14,_Jupiter,Jupiter,,,3.0,,,,,0.0,,,,,6.0,,,,,#00bfa5,,
2023-10-14,Crypto,,,,,15.0,,,,,0.0,,,,,1.0,,,,,#545cf8,
2023-10-13,Total,,15.0,,,,,0.0,,,,,1.0,,,,,#545cf8,,,,
2023-10-13,Drift,,,15.0,,,,,0.0,,,,,,,,,,,,,
2023-10-13,Jupiter,,,3.0,,,,,0.0,,,,,6.0,,,,,#00bfa5,,,
2023-10-13,_Drift,Drift,,,15.0,,,,,0.0,,,,,,,,,,,,
2023-10-13,_Jupiter,Jupiter,,,3.0,,,,,0.0,,,,,6.0,,,,,#00bfa5,,
2023-10-13,Crypto,,,,,15.0,,,,,0.0,,,,,1.0,,,,,#545cf8,
2023-10-12,Total,,15.0,,,,,0.0,,,,,1.0,,,,,#545cf8,,,,
2023-10-12,Drift,,,15.0,,,,,0.0,,,,,,,,,,,,,
2023-10-12,Jupiter,,,3.0,,,,,0.0,,,,,6.0,,,,,#00bfa5,,,
2023-10-12,_Drift,Drift,,,15.0,,,,,0.0,,,,,,,,,,,,
2023-10-12,_Jupiter,Jupiter,,,3.0,,,,,0.0,,,,,6.0,,,,,#00bfa5,,
2023-10-12,Crypto,,,,,15.0,,,,,0.0,,,,,1.0,,,,,#545cf8,
2023-10-11,Total,,15.0,,,,,0.0,,,,,1.0,,,,,#545cf8,,,,
2023-10-11,Drift,,,15.0,,,,,0.0,,,,,,,,,,,,,
2023-10-11,Jupiter,,,3.0,,,,,0.0,,,,,6.0,,,,,#00bfa5,,,
2023-10-11,_Drift,Drift,,,15.0,,,,,0.0,,,,,,,,,,,,
2023-10-11,_Jupiter,Jupiter,,,3.0,,,,,0.0,,,,,6.0,,,,,#00bfa5,,
2023-10-11,Crypto,,,,,15.0,,,,,0.0,,,,,1.0,,,,,#545cf8,
2023-10-10,Total,,15.0,,,,,0.0,,,,,1.0,,,,,#545cf8,,,,
2023-10-10,Drift,,,15.0,,,,,0.0,,,,,,,,,,,,,
2023-10-10,Jupiter,,,3.0,,,,,0.0,,,,,6.0,,,,,#00bfa5,,,
2023-10-10,_Drift,Drift,,,15.0,,,,,0.0,,,,,,,,,,,,
2023-10-10,_Jupiter,Jupiter,,,3.0,,,,,0.0,,,,,6.0,,,,,#00bfa5,,
2023-10-10,Crypto,,,,,15.0,,,,,0.0,,,,,1.0,,,,,#545cf8,
2023-10-09,Total,,15.0,,,,,0.0,,,,,1.0,,,,,#545cf8,,,,
2023-10-09,Drift,,,15.0,,,,,0.0,,,,,,,,,,,,,
2023-10-09,Jupiter,,,3.0,,,,,0.0,,,,,6.0,,,,,#00bfa5,,,
2023-10-09,_Drift,Drift,,,15.0,,,,,0.0,,,,,,,,,,,,
2023-10-09,_Jupiter,Jupiter,,,3.0,,,,,0.0,,,,,6.0,,,,,#00bfa5,,
2023-10-09,Crypto,,,,,15.0,,,,,0.0,,,,,1.0,,,,,#545cf8,
2023-10-08,Total,,15.0,,,,,0.0,,,,,1.0,,,,,#545cf8,,,,
2023-10-08,Drift,,,15.0,,,,,0.0,,,,,,,,,,,,,
2023-10-08,Jupiter,,,3.0,,,,,0.0,,,,,6.0,,,,,#00bfa5,,,
2023-10-08,_Drift,Drift,,,15.0,,,,,0.0,,,,,,,,,,,,
2023-10-08,_Jupiter,Jupiter,,,3.0,,,,,0.0,,,,,6.0,,,,,#00bfa5,,
2023-10-08,Crypto,,,,,15.0,,,,,0.0,,,,,1.0,,,,,#545cf8,
2023-10-07,Total,,15.0,,,,,0.0,,,,,1.0,,,,,#545cf8,,,,
2023-10-07,Drift,,,15.0,,,,,0.0,,,,,,,,,,,,,
2023-10-07,Jupiter,,,3.0,,,,,0.0,,,,,6.0,,,,,#00bfa5,,,
2023-10-07,_Drift,Drift,,,15.0,,,,,0.0,,,,,,,,,,,,
2023-10-07,_Jupiter,Jupiter,,,3.0,,,,,0.0,,,,,6.0,,,,,#00bfa5,,
2023-10-07,Crypto,,,,,15.0,,,,,0.0,,,,,1.0,,,,,#545cf8,
2023-10-06,Total,,15.0,,,,,0.0,,,,,1.0,,,,,#545cf8,,,,
2023-10-06,Drift,,,15.0,,,,,0.0,,,,,,,,,,,,,
2023-10-06,Jupiter,,,3.0,,,,,0.0,,,,,6.0,,,,,#00bfa5,,,
2023-10-06,_Drift,Drift,,,15.0,,,,,0.0,,,,,,,,,,,,
2023-10-06,_Jupiter,Jupiter,,,3.0,,,,,0.0,,,,,6.0,,,,,#00bfa5,,
2023-10-06,Crypto,,,,,15.0,,,,,0.0,,,,,1.0,,,,,#545cf8,
2023-10-05,Total,,15.0,,,,,0.0,,,,,1.0,,,,,#545cf8,,,,
2023-10-05,Drift,,,15.0,,,,,0.0,,,,,,,,,,,,,
2023-10-05,Jupiter,,,3.0,,,,,0.0,,,,,6.0,,,,,#00bfa5,,,
2023-10-05,_Drift,Drift,,,15.0,,,,,0.0,,,,,,,,,,,,
2023-10-05,_Jupiter,Jupiter,,,3.0,,,,,0.0,,,,,6.0,,,,,#00bfa5,,
2023-10-05,Crypto,,,,,15.0,,,,,0.0,,,,,1.0,,,,,#545cf8,
2023-10-04,Total,,15.0,,,,,0.0,,,,,1.0,,,,,#545cf8,,,,
2023-10-04,Drift,,,15.0,,,,,0.0,,,,,,,,,,,,,
2023-10-04,Jupiter,,,3.0,,,,,0.0,,,,,6.0,,,,,#00bfa5,,,
2023-10-04,_Drift,Drift,,,15.0,,,,,0.0,,,,,,,,,,,,
2023-10-04,_Jupiter,Jupiter,,,3.0,,,,,0.0,,,,,6.0,,,,,#00bfa5,,
2023-10-04,Crypto,,,,,15.0,,,,,0.0,,,,,1.0,,,,,#545cf8,
2023-10-03,Total,,15.0,,,,,0.0,,,,,1.0,,,,,#545cf8,,,,
2023-10-03,Drift,,,15.0,,,,,0.0,,,,,,,,,,,,,
2023-10-03,Jupiter,,,3.0,,,,,0.0,,,,,6.0,,,,,#00bfa5,,,
2023-10-03,_Drift,Drift,,,15.0,,,,,0.0,,,,,,,,,,,,
2023-10-03,_Jupiter,Jupiter,,,3.0,,,,,0.0,,,,,6.0,,,,,#00bfa5,,
2023-10-03,Crypto,,,,,15.0,,,,,0.0,,,,,1.0,,,,,#545cf8,
2023-10-02,Total,,15.0,,,,,0.0,,,,,1.0,,,,,#545cf8,,,,
2023-10-02,Drift,,,15.0,,,,,0.0,,,,,,,,,,,,,
2023-10-02,Jupiter,,,3.0,,,,,0.0,,,,,6.0,,,,,#00bfa5,,,
2023-10-02,_Drift,Drift,,,15.0,,,,,0.0,,,,,,,,,,,,
2023-10-02,_Jupiter,Jupiter,,,3.0,,,,,0.0,,,,,6.0,,,,,#00bfa5,,
2023-10-02,Crypto,,,,,15.0,,,,,0.0,,,,,1.0,,,,,#545cf8,
2023-10-01,Total,,15.0,,,,,0.0,,,,,1.0,,,,,#545cf8,,,,
2023-10-01,Drift,,,15.0,,,,,0.0,,,,,,,,,,,,,
2023-10-01,Jupiter,,,3.0,,,,,0.0,,,,,6.0,,,,,#00bfa5,,,
2023-10-01,_Drift,Drift,,,15.0,,,,,0.0,,,,,,,,,,,,
2023-10-01,_Jupiter,Jupiter,,,3.0,,,,,0.0,,,,,6.0,,,,,#00bfa5,,
2023-10-01,Crypto,,,,,15.0,,,,,0.0,,,,,1.0,,,,,#545cf8,
2023-09-30,Total,,15.0,,,,,0.0,,,,,1.0,,,,,#545cf8,,,,
2023-09-30,Drift,,,15.0,,,,,0.0,,,,,,,,,,,,,
2023-09-30,Jupiter,,,3.0,,,,,0.0,,,,,6.0,,,,,#00bfa5,,,
2023-09-30,_Drift,Drift,,,15.0,,,,,0.0,,,,,,,,,,,,
2023-09-30,_Jupiter,Jupiter,,,3.0,,,,,0.0,,,,,6.0,,,,,#00bfa5,,
2023-09-30,Crypto,,,,,15.0,,,,,0.0,,,,,1.0,,,,,#545cf8,
2023-09-29,Total,,15.0,,,,,0.0,,,,,1.0,,,,,#545cf8,,,,
2023-09-29,Drift,,,15.0,,,,,0.0,,,,,,,,,,,,,
2023-09-29,Jupiter,,,3.0,,,,,0.0,,,,,6.0,,,,,#00bfa5,,,
2023-09-29,_Drift,Drift,,,15.0,,,,,0.0,,,,,,,,,,,,
2023-09-29,_Jupiter,Jupiter,,,3.0,,,,,0.0,,,,,6.0,,,,,#00bfa5,,
2023-09-29,Crypto,,,,,15.0,,,,,0.0,,,,,1.0,,,,,#545cf8,
2023-09-28,Total,,15.0,,,,,0.0,,,,,1.0,,,,,#545cf8,,,,
2023-09-28,Drift,,,15.0,,,,,0.0,,,,,,,,,,,,,
2023-09-28,Jupiter,,,3.0,,,,,0.0,,,,,6.0,,,,,#00bfa5,,,
2023-09-28,_Drift,Drift,,,15.0,,,,,0.0,,,,,,,,,,,,
2023-09-28,_Jupiter,Jupiter,,,3.0,,,,,0.0,,,,,6.0,,,,,#00bfa5,,
2023-09-28,Crypto,,,,,15.0,,,,,0.0,,,,,1.0,,,,,#545cf8,
2023-09-27,Total,,15.0,,,,,0.0,,,,,1.0,,,,,#545cf8,,,,
2023-09-27,Drift,,,15.0,,,,,0.0,,,,,,,,,,,,,
2023-09-27,Jupiter,,,3.0,,,,,0.0,,,,,6.0,,,,,#00bfa5,,,
2023-09-27,_Drift,Drift,,,15.0,,,,,0.0,,,,,,,,,,,,
2023-09-27,_Jupiter,Jupiter,,,3.0,,,,,0.0,,,,,6.0,,,,,#00bfa5,,
2023-09-27,Crypto,,,,,15.0,,,,,0.0,,,,,1.0,,,,,#545cf8,
2023-09-26,Total,,15.0,,,,,0.0,,,,,1.0,,,,,#545cf8,,,,
2023-09-26,Drift,,,15.0,,,,,0.0,,,,,,,,,,,,,
2023-09-26,Jupiter,,,3.0,,,,,0.0,,,,,6.0,,,,,#00bfa5,,,
2023-09-26,_Drift,Drift,,,15.0,,,,,0.0,,,,,,,,,,,,
2023-09-26,_Jupiter,Jupiter,,,3.0,,,,,0.0,,,,,6.0,,,,,#00bfa5,,
2023-09-26,Crypto,,,,,15.0,,,,,0.0,,,,,1.0,,,,,#545cf8,
2023-09-25,Total,,15.0,,,,,0.0,,,,,1.0,,,,,#545cf8,,,,
2023-09-25,Drift,,,15.0,,,,,0.0,,,,,,,,,,,,,
2023-09-25,Jupiter,,,3.0,,,,,0.0,,,,,6.0,,,,,#00bfa5,,,
2023-09-25,_Drift,Drift,,,15.0,,,,,0.0,,,,,,,,,,,,
2023-09-25,_Jupiter,Jupiter,,,3.0,,,,,0.0,,,,,6.0,,,,,#00bfa5,,
2023-09-25,Crypto,,,,,15.0,,,,,0.0,,,,,1.0,,,,,#545cf8,
2023-09-24,Total,,15.0,,,,,0.0,,,,,1.0,,,,,#545cf8,,,,
2023-09-24,Drift,,,15.0,,,,,0.0,,,,,,,,,,,,,
2023-09-24,Jupiter,,,3.0,,,,,0.0,,,,,6.0,,,,,#00bfa5,,,
2023-09-24,_Drift,Drift,,,15.0,,,,,0.0,,,,,,,,,,,,
2023-09-24,_Jupiter,Jupiter,,,3.0,,,,,0.0,,,,,6.0,,,,,#00bfa5,,
2023-09-24,Crypto,,,,,15.0,,,,,0.0,,,,,1.0,,,,,#545cf8,
2023-09-23,Total,,15.0,,,,,0.0,,,,,1.0,,,,,#545cf8,,,,
2023-09-23,Drift,,,15.0,,,,,0.0,,,,,,,,,,,,,
2023-09-23,Jupiter,,,3.0,,,,,0.0,,,,,6.0,,,,,#00bfa5,,,
2023-09-23,_Drift,Drift,,,15.0,,,,,0.0,,,,,,,,,,,,
2023-09-23,_Jupiter,Jupiter,,,3.0,,,,,0.0,,,,,6.0,,,,,#00bfa5,,
2023-09-23,Crypto,,,,,15.0,,,,,0.0,,,,,1.0,,,,,#545cf8,
2023-09-22,Total,,15.0,,,,,0.0,,,,,1.0,,,,,#545cf8,,,,
2023-09-22,Drift,,,15.0,,,,,0.0,,,,,,,,,,,,,
2023-09-22,Jupiter,,,3.0,,,,,0.0,,,,,6.0,,,,,#00bfa5,,,
2023-09-22,_Drift,Drift,,,15.0,,,,,0.0,,,,,,,,,,,,
2023-09-22,_Jupiter,Jupiter,,,3.0,,,,,0.0,,,,,6.0,,,,,#00bfa5,,
2023-09-22,Crypto,,,,,15.0,,,,,0.0,,,,,1.0,,,,,#545cf8,
2023-09-21,Total,,15.0,,,,,0.0,,,,,1.0,,,,,#545cf8,,,,
2023-09-21,Drift,,,15.0,,,,,0.0,,,,,,,,,,,,,
2023-09-21,Jupiter,,,3.0,,,,,0.0,,,,,6.0,,,,,#00bfa5,,,
2023-09-21,_Drift,Drift,,,15.0,,,,,0.0,,,,,,,,,,,,
2023-09-21,_Jupiter,Jupiter,,,3.0,,,,,0.0,,,,,6.0,,,,,#00bfa5,,
2023-09-21,Crypto,,,,,15.0,,,,,0.0,,,,,1.0,,,,,#545cf8,
2023-09-20,Total,,15.0,,,,,0.0,,,,,1.0,,,,,#545cf8,,,,
2023-09-20,Drift,,,15.0,,,,,0.0,,,,,,,,,,,,,
2023-09-20,Jupiter,,,3.0,,,,,0.0,,,,,6.0,,,,,#00bfa5,,,
2023-09-20,_Drift,Drift,,,15.0,,,,,0.0,,,,,,,,,,,,
2023-09-20,_Jupiter,Jupiter,,,3.0,,,,,0.0,,,,,6.0,,,,,#00bfa5,,
2023-09-20,Crypto,,,,,15.0,,,,,0.0,,,,,1.0,,,,,#545cf8,
2023-09-19,Total,,15.0,,,,,0.0,,,,,1.0,,,,,#545cf8,,,,
2023-09-19,Drift,,,15.0,,,,,0.0,,,,,,,,,,,,,
2023-09-19,Jupiter,,,3.0,,,,,0.0,,,,,6.0,,,,,#00bfa5,,,
2023-09-19,_Drift,Drift,,,15.0,,,,,0.0,,,,,,,,,,,,
2023-09-19,_Jupiter,Jupiter,,,3.0,,,,,0.0,,,,,6.0,,,,,#00bfa5,,
2023-09-19,Crypto,,,,,15.0,,,,,0.0,,,,,1.0,,,,,#545cf8,
2023-09-18,Total,,15.0,,,,,0.0,,,,,1.0,,,,,#545cf8,,,,
2023-09-18,Drift,,,15.0,,,,,0.0,,,,,,,,,,,,,
2023-09-18,Jupiter,,,3.0,,,,,0.0,,,,,6.0,,,,,#00bfa5,,,
2023-09-18,_Drift,Drift,,,15.0,,,,,0.0,,,,,,,,,,,,
2023-09-18,_Jupiter,Jupiter,,,3.0,,,,,0.0,,,,,6.0,,,,,#00bfa5,,
2023-09-18,Crypto,,,,,15.0,,,,,0.0,,,,,1.0,,,,,#545cf8,
2023-09-17,Total,,15.0,,,,,0.0,,,,,1.0,,,,,#545cf8,,,,
2023-09-17,Drift,,,15.0,,,,,0.0,,,,,,,,,,,,,
2023-09-17,Jupiter,,,3.0,,,,,0.0,,,,,6.0,,,,,#00bfa5,,,
2023-09-17,_Drift,Drift,,,15.0,,,,,0.0,,,,,,,,,,,,
2023-09-17,_Jupiter,Jupiter,,,3.0,,,,,0.0,,,,,6.0,,,,,#00bfa5,,
2023-09-17,Crypto,,,,,15.0,,,,,0.0,,,,,1.0,,,,,#545cf8,
2023-09-16,Total,,15.0,,,,,0.0,,,,,1.0,,,,,#545cf8,,,,
2023-09-16,Drift,,,15.0,,,,,0.0,,,,,,,,,,,,,
2023-09-16,Jupiter,,,3.0,,,,,0.0,,,,,6.0,,,,,#00bfa5,,,
2023-09-16,_Drift,Drift,,,15.0,,,,,0.0,,,,,,,,,,,,
2023-09-16,_Jupiter,Jupiter,,,3.0,,,,,0.0,,,,,6.0,,,,,#00bfa5,,
2023-09-16,Crypto,,,,,15.0,,,,,0.0,,,,,1.0,,,,,#545cf8,
2023-09-15,Total,,15.0,,,,,0.0,,,,,1.0,,,,,#545cf8,,,,
2023-09-15,Drift,,,15.0,,,,,0.0,,,,,,,,,,,,,
2023-09-15,Jupiter,,,3.0,,,,,0.0,,,,,6.0,,,,,#00bfa5,,,
2023-09-15,_Drift,Drift,,,15.0,,,,,0.0,,,,,,,,,,,,
2023-09-15,_Jupiter,Jupiter,,,3.0,,,,,0.0,,,,,6.0,,,,,#00bfa5,,
2023-09-15,Crypto,,,,,15.0,,,,,0.0,,,,,1.0,,,,,#545cf8,
2023-09-14,Total,,15.0,,,,,0.0,,,,,1.0,,,,,#545cf8,,,,
2023-09-14,Drift,,,15.0,,,,,0.0,,,,,,,,,,,,,
2023-09-14,Jupiter,,,3.0,,,,,0.0,,,,,6.0,,,,,#00bfa5,,,
2023-09-14,_Drift,Drift,,,15.0,,,,,0.0,,,,,,,,,,,,
2023-09-14,_Jupiter,Jupiter,,,3.0,,,,,0.0,,,,,6.0,,,,,#00bfa5,,
2023-09-14,Crypto,,,,,15.0,,,,,0.0,,,,,1.0,,,,,#545cf8,
2023-09-13,Total,,15.0,,,,,0.0,,,,,1.0,,,,,#545cf8,,,,
2023-09-13,Drift,,,15.0,,,,,0.0,,,,,,,,,,,,,
2023-09-13,Jupiter,,,3.0,,,,,0.0,,,,,6.0,,,,,#00bfa5,,,
2023-09-13,_Drift,Drift,,,15.0,,,,,0.0,,,,,,,,,,,,
2023-09-13,_Jupiter,Jupiter,,,3.0,,,,,0.0,,,,,6.0,,,,,#00bfa5,,
2023-09-13,Crypto,,,,,15.0,,,,,0.0,,,,,1.0,,,,,#545cf8,
2023-09-12,Total,,15.0,,,,,0.0,,,,,1.0,,,,,#545cf8,,,,
2023-09-12,Drift,,,15.0,,,,,0.0,,,,,,,,,,,,,
2023-09-12,Jupiter,,,3.0,,,,,0.0,,,,,6.0,,,,,#00bfa5,,,
2023-09-12,_Drift,Drift,,,15.0,,,,,0.0,,,,,,,,,,,,
2023-09-12,_Jupiter,Jupiter,,,3.0,,,,,0.0,,,,,6.0,,,,,#00bfa5,,
2023-09-12,Crypto,,,,,15.0,,,,,0.0,,,,,1.0,,,,,#545cf8,
2023-09-11,Total,,15.0,,,,,0.0,,,,,1.0,,,,,#545cf8,,,,
2023-09-11,Drift,,,15.0,,,,,0.0,,,,,,,,,,,,,
2023-09-11,Jupiter,,,3.0,,,,,0.0,,,,,6.0,,,,,#00bfa5,,,
2023-09-11,_Drift,Drift,,,15.0,,,,,0.0,,,,,,,,,,,,
2023-09-11,_Jupiter,Jupiter,,,3.0,,,,,0.0,,,,,6.0,,,,,#00bfa5,,
2023-09-11,Crypto,,,,,15.0,,,,,0.0,,,,,1.0,,,,,#545cf8,
2023-09-10,Total,,15.0,,,,,0.0,,,,,1.0,,,,,#545cf8,,,,
2023-09-10,Drift,,,15.0,,,,,0.0,,,,,,,,,,,,,
2023-09-10,Jupiter,,,3.0,,,,,0.0,,,,,6.0,,,,,#00bfa5,,,
2023-09-10,_Drift,Drift,,,15.0,,,,,0.0,,,,,,,,,,,,
2023-09-10,_Jupiter,Jupiter,,,3.0,,,,,0.0,,,,,6.0,,,,,#00bfa5,,
2023-09-10,Crypto,,,,,15.0,,,,,0.0,,,,,1.0,,,,,#545cf8,
2023-09-09,Total,,15.0,,,,,0.0,,,,,1.0,,,,,#545cf8,,,,
2023-09-09,Drift,,,15.0,,,,,0.0,,,,,,,,,,,,,
2023-09-09,Jupiter,,,3.0,,,,,0.0,,,,,6.0,,,,,#00bfa5,,,
2023-09-09,_Drift,Drift,,,15.0,,,,,0.0,,,,,,,,,,,,
2023-09-09,_Jupiter,Jupiter,,,3.0,,,,,0.0,,,,,6.0,,,,,#00bfa5,,
2023-09-09,Crypto,,,,,15.0,,,,,0.0,,,,,1.0,,,,,#545cf8,
2023-09-08,Total,,15.0,,,,,0.0,,,,,1.0,,,,,#545cf8,,,,
2023-09-08,Drift,,,15.0,,,,,0.0,,,,,,,,,,,,,
2023-09-08,Jupiter,,,3.0,,,,,0.0,,,,,6.0,,,,,#00bfa5,,,
2023-09-08,_Drift,Drift,,,15.0,,,,,0.0,,,,,,,,,,,,
2023-09-08,_Jupiter,Jupiter,,,3.0,,,,,0.0,,,,,6.0,,,,,#00bfa5,,
2023-09-08,Crypto,,,,,15.0,,,,,0.0,,,,,1.0,,,,,#545cf8,
2023-09-07,Total,,15.0,,,,,0.0,,,,,1.0,,,,,#545cf8,,,,
2023-09-07,Drift,,,15.0,,,,,0.0,,,,,,,,,,,,,
2023-09-07,Jupiter,,,3.0,,,,,0.0,,,,,6.0,,,,,#00bfa5,,,
2023-09-07,_Drift,Drift,,,15.0,,,,,0.0,,,,,,,,,,,,
2023-09-07,_Jupiter,Jupiter,,,3.0,,,,,0.0,,,,,6.0,,,,,#00bfa5,,
2023-09-07,Crypto,,,,,15.0,,,,,0.0,,,,,1.0,,,,,#545cf8,
2023-09-06,Total,,15.0,,,,,0.0,,,,,1.0,,,,,#545cf8,,,,
2023-09-06,Drift,,,15.0,,,,,0.0,,,,,,,,,,,,,
2023-09-06,Jupiter,,,3.0,,,,,0.0,,,,,6.0,,,,,#00bfa5,,,
2023-09-06,_Drift,Drift,,,15.0,,,,,0.0,,,,,,,,,,,,
2023-09-06,_Jupiter,Jupiter,,,3.0,,,,,0.0,,,,,6.0,,,,,#00bfa5,,
2023-09-06,Crypto,,,,,15.0,,,,,0.0,,,,,1.0,,,,,#545cf8,
2023-09-05,Total,,15.0,,,,,0.0,,,,,1.0,,,,,#545cf8,,,,
2023-09-05,Drift,,,15.0,,,,,0.0,,,,,,,,,,,,,
2023-09-05,Jupiter,,,3.0,,,,,0.0,,,,,6.0,,,,,#00bfa5,,,
2023-09-05,_Drift,Drift,,,15.0,,,,,0.0,,,,,,,,,,,,
2023-09-05,_Jupiter,Jupiter,,,3.0,,,,,0.0,,,,,6.0,,,,,#00bfa5,,
2023-09-05,Crypto,,,,,15.0,,,,,0.0,,,,,1.0,,,,,#545cf8,
2023-09-04,Total,,15.0,,,,,0.0,,,,,1.0,,,,,#545cf8,,,,
2023-09-04,Drift,,,15.0,,,,,0.0,,,,,,,,,,,,,
2023-09-04,Jupiter,,,3.0,,,,,0.0,,,,,6.0,,,,,#00bfa5,,,
2023-09-04,_Drift,Drift,,,15.0,,,,,0.0,,,,,,,,,,,,
2023-09-04,_Jupiter,Jupiter,,,3.0,,,,,0.0,,,,,6.0,,,,,#00bfa5,,
2023-09-04,Crypto,,,,,15.0,,,,,0.0,,,,,1.0,,,,,#545cf8,
2023-09-03,Total,,15.0,,,,,0.0,,,,,1.0,,,,,#545cf8,,,,
2023-09-03,Drift,,,15.0,,,,,0.0,,,,,,,,,,,,,
2023-09-03,Jupiter,,,3.0,,,,,0.0,,,,,6.0,,,,,#00bfa5,,,
2023-09-03,_Drift,Drift,,,15.0,,,,,0.0,,,,,,,,,,,,
2023-09-03,_Jupiter,Jupiter,,,3.0,,,,,0.0,,,,,6.0,,,,,#00bfa5,,
2023-09-03,Crypto,,,,,15.0,,,,,0.0,,,,,1.0,,,,,#545cf8,
2023-09-02,Total,,15.0,,,,,0.0,,,,,1.0,,,,,#545cf8,,,,
2023-09-02,Drift,,,15.0,,,,,0.0,,,,,,,,,,,,,
2023-09-02,Jupiter,,,3.0,,,,,0.0,,,,,6.0,,,,,#00bfa5,,,
2023-09-02,_Drift,Drift,,,15.0,,,,,0.0,,,,,,,,,,,,
2023-09-02,_Jupiter,Jupiter,,,3.0,,,,,0.0,,,,,6.0,,,,,#00bfa5,,
2023-09-02,Crypto,,,,,15.0,,,,,0.0,,,,,1.0,,,,,#545cf8,
2023-09-01,Total,,15.0,,,,,0.0,,,,,1.0,,,,,#545cf8,,,,
2023-09-01,Drift,,,15.0,,,,,0.0,,,,,,,,,,,,,
2023-09-01,Jupiter,,,3.0,,,,,0.0,,,,,6.0,,,,,#00bfa5,,,
2023-09-01,_Drift,Drift,,,15.0,,,,,0.0,,,,,,,,,,,,
2023-09-01,_Jupiter,Jupiter,,,3.0,,,,,0.0,,,,,6.0,,,,,#00bfa5,,
2023-09-01,Crypto,,,,,15.0,,,,,0.0,,,,,1.0,,,,,#545cf8,
2023-08-31,Total,,15.0,,,,,0.0,,,,,1.0,,,,,#545cf8,,,,
2023-08-31,Drift,,,15.0,,,,,0.0,,,,,,,,,,,,,
2023-08-31,Jupiter,,,3.0,,,,,0.0,,,,,6.0,,,,,#00bfa5,,,
2023-08-31,_Drift,Drift,,,15.0,,,,,0.0,,,,,,,,,,,,
2023-08-31,_Jupiter,Jupiter,,,3.0,,,,,0.0,,,,,6.0,,,,,#00bfa5,,
2023-08-31,Crypto,,,,,15.0,,,,,0.0,,,,,1.0,,,,,#545cf8,
2023-08-30,Total,,15.0,,,,,0.0,,,,,1.0,,,,,#545cf8,,,,
2023-08-30,Drift,,,15.0,,,,,0.0,,,,,,,,,,,,,
2023-08-30,Jupiter,,,3.0,,,,,0.0,,,,,6.0,,,,,#00bfa5,,,
2023-08-30,_Drift,Drift,,,15.0,,,,,0.0,,,,,,,,,,,,
2023-08-30,_Jupiter,Jupiter,,,3.0,,,,,0.0,,,,,6.0,,,,,#00bfa5,,
2023-08-30,Crypto,,,,,15.0,,,,,0.0,,,,,1.0,,,,,#545cf8,
2023-08-29,Total,,15.0,,,,,0.0,,,,,1.0,,,,,#545cf8,,,,
2023-08-29,Drift,,,15.0,,,,,0.0,,,,,,,,,,,,,
2023-08-29,Jupiter,,,3.0,,,,,0.0,,,,,6.0,,,,,#00bfa5,,,
2023-08-29,_Drift,Drift,,,15.0,,,,,0.0,,,,,,,,,,,,
2023-08-29,_Jupiter,Jupiter,,,3.0,,,,,0.0,,,,,6.0,,,,,#00bfa5,,
2023-08-29,Crypto,,,,,15.0,,,,,0.0,,,,,1.0,,,,,#545cf8,
2023-08-28,Total,,15.0,,,,,0.0,,,,,1.0,,,,,#545cf8,,,,
2023-08-28,Drift,,,15.0,,,,,0.0,,,,,,,,,,,,,
2023-08-28,Jupiter,,,3.0,,,,,0.0,,,,,6.0,,,,,#00bfa5,,,
2023-08-28,_Drift,Drift,,,15.0,,,,,0.0,,,,,,,,,,,,
2023-08-28,_Jupiter,Jupiter,,,3.0,,,,,0.0,,,,,6.0,,,,,#00bfa5,,
2023-08-28,Crypto,,,,,15.0,,,,,0.0,,,,,1.0,,,,,#545cf8,
2023-08-27,Total,,15.0,,,,,0.0,,,,,1.0,,,,,#545cf8,,,,
2023-08-27,Drift,,,15.0,,,,,0.0,,,,,,,,,,,,,
2023-08-27,Jupiter,,,3.0,,,,,0.0,,,,,6.0,,,,,#00bfa5,,,
2023-08-27,_Drift,Drift,,,15.0,,,,,0.0,,,,,,,,,,,,
2023-08-27,_Jupiter,Jupiter,,,3.0,,,,,0.0,,,,,6.0,,,,,#00bfa5,,
2023-08-27,Crypto,,,,,15.0,,,,,0.0,,,,,1.0,,,,,#545cf8,
2023-08-26,Total,,15.0,,,,,0.0,,,,,1.0,,,,,#545cf8,,,,
2023-08-26,Drift,,,15.0,,,,,0.0,,,,,,,,,,,,,
2023-08-26,Jupiter,,,3.0,,,,,0.0,,,,,6.0,,,,,#00bfa5,,,
2023-08-26,_Drift,Drift,,,15.0,,,,,0.0,,,,,,,,,,,,
2023-08-26,_Jupiter,Jupiter,,,3.0,,,,,0.0,,,,,6.0,,,,,#00bfa5,,
2023-08-26,Crypto,,,,,15.0,,,,,0.0,,,,,1.0,,,,,#545cf8,
2023-08-25,Total,,15.0,,,,,0.0,,,,,1.0,,,,,#545cf8,,,,
2023-08-25,Drift,,,15.0,,,,,0.0,,,,,,,,,,,,,
2023-08-25,Jupiter,,,3.0,,,,,0.0,,,,,6.0,,,,,#00bfa5,,,
2023-08-25,_Drift,Drift,,,15.0,,,,,0.0,,,,,,,,,,,,
2023-08-25,_Jupiter,Jupiter,,,3.0,,,,,0.0,,,,,6.0,,,,,#00bfa5,,
2023-08-25,Crypto,,,,,15.0,,,,,0.0,,,,,1.0,,,,,#545cf8,
2023-08-24,Total,,15.0,,,,,0.0,,,,,1.0,,,,,#545cf8,,,,
2023-08-24,Drift,,,15.0,,,,,0.0,,,,,,,,,,,,,
2023-08-24,Jupiter,,,3.0,,,,,0.0,,,,,6.0,,,,,#00bfa5,,,
2023-08-24,_Drift,Drift,,,15.0,,,,,0.0,,,,,,,,,,,,
2023-08-24,_Jupiter,Jupiter,,,3.0,,,,,0.0,,,,,6.0,,,,,#00bfa5,,
2023-08-24,Crypto,,,,,15.0,,,,,0.0,,,,,1.0,,,,,#545cf8,
2023-08-23,Total,,15.0,,,,,0.0,,,,,1.0,,,,,#545cf8,,,,
2023-08-23,Drift,,,15.0,,,,,0.0,,,,,,,,,,,,,
2023-08-23,Jupiter,,,3.0,,,,,0.0,,,,,6.0,,,,,#00bfa5,,,
2023-08-23,_Drift,Drift,,,15.0,,,,,0.0,,,,,,,,,,,,
2023-08-23,_Jupiter,Jupiter,,,3.0,,,,,0.0,,,,,6.0,,,,,#00bfa5,,
2023-08-23,Crypto,,,,,15.0,,,,,0.0,,,,,1.0,,,,,#545cf8,
2023-08-22,Total,,15.0,,,,,1.0,,,,,1.0,,,,,#545cf8,,,,
2023-08-22,Drift,,,15.0,,,,,1.0,,,,,,,,,,,,,
2023-08-22,Jupiter,,,3.0,,,,,0.0,,,,,6.0,,,,,#00bfa5,,,
2023-08-22,_Drift,Drift,,,15.0,,,,,1.0,,,,,,,,,,,,
2023-08-22,_Jupiter,Jupiter,,,3.0,,,,,0.0,,,,,6.0,,,,,#00bfa5,,
2023-08-22,Crypto,,,,,15.0,,,,,1.0,,,,,1.0,,,,,#545cf8,
2023-08-21,Total,,14.0,,,,,0.0,,,,,1.0,,,,,#545cf8,,,,
2023-08-21,Drift,,,14.0,,,,,0.0,,,,,,,,,,,,,
2023-08-21,Jupiter,,,3.0,,,,,0.0,,,,,6.0,,,,,#00bfa5,,,
2023-08-21,_Drift,Drift,,,14.0,,,,,0.0,,,,,,,,,,,,
2023-08-21,_Jupiter,Jupiter,,,3.0,,,,,0.0,,,,,6.0,,,,,#00bfa5,,
2023-08-21,Crypto,,,,,14.0,,,,,0.0,,,,,1.0,,,,,#545cf8,
2023-08-20,Total,,14.0,,,,,0.0,,,,,1.0,,,,,#545cf8,,,,
2023-08-20,Drift,,,14.0,,,,,0.0,,,,,,,,,,,,,
2023-08-20,Jupiter,,,3.0,,,,,0.0,,,,,6.0,,,,,#00bfa5,,,
2023-08-20,_Drift,Drift,,,14.0,,,,,0.0,,,,,,,,,,,,
2023-08-20,_Jupiter,Jupiter,,,3.0,,,,,0.0,,,,,6.0,,,,,#00bfa5,,
2023-08-20,Crypto,,,,,14.0,,,,,0.0,,,,,1.0,,,,,#545cf8,
2023-08-19,Total,,14.0,,,,,0.0,,,,,1.0,,,,,#545cf8,,,,
2023-08-19,Drift,,,14.0,,,,,0.0,,,,,,,,,,,,,
2023-08-19,Jupiter,,,3.0,,,,,0.0,,,,,6.0,,,,,#00bfa5,,,
2023-08-19,_Drift,Drift,,,14.0,,,,,0.0,,,,,,,,,,,,
2023-08-19,_Jupiter,Jupiter,,,3.0,,,,,0.0,,,,,6.0,,,,,#00bfa5,,
2023-08-19,Crypto,,,,,14.0,,,,,0.0,,,,,1.0,,,,,#545cf8,
2023-08-18,Total,,14.0,,,,,0.0,,,,,1.0,,,,,#545cf8,,,,
2023-08-18,Drift,,,14.0,,,,,0.0,,,,,,,,,,,,,
2023-08-18,Jupiter,,,3.0,,,,,0.0,,,,,6.0,,,,,#00bfa5,,,
2023-08-18,_Drift,Drift,,,14.0,,,,,0.0,,,,,,,,,,,,
2023-08-18,_Jupiter,Jupiter,,,3.0,,,,,0.0,,,,,6.0,,,,,#00bfa5,,
2023-08-18,Crypto,,,,,14.0,,,,,0.0,,,,,1.0,,,,,#545cf8,
2023-08-17,Total,,14.0,,,,,0.0,,,,,1.0,,,,,#545cf8,,,,
2023-08-17,Drift,,,14.0,,,,,0.0,,,,,,,,,,,,,
2023-08-17,Jupiter,,,3.0,,,,,0.0,,,,,6.0,,,,,#00bfa5,,,
2023-08-17,_Drift,Drift,,,14.0,,,,,0.0,,,,,,,,,,,,
2023-08-17,_Jupiter,Jupiter,,,3.0,,,,,0.0,,,,,6.0,,,,,#00bfa5,,
2023-08-17,Crypto,,,,,14.0,,,,,0.0,,,,,1.0,,,,,#545cf8,
2023-08-16,Total,,14.0,,,,,0.0,,,,,1.0,,,,,#545cf8,,,,
2023-08-16,Drift,,,14.0,,,,,0.0,,,,,,,,,,,,,
2023-08-16,Jupiter,,,3.0,,,,,0.0,,,,,6.0,,,,,#00bfa5,,,
2023-08-16,_Drift,Drift,,,14.0,,,,,0.0,,,,,,,,,,,,
2023-08-16,_Jupiter,Jupiter,,,3.0,,,,,0.0,,,,,6.0,,,,,#00bfa5,,
2023-08-16,Crypto,,,,,14.0,,,,,0.0,,,,,1.0,,,,,#545cf8,
2023-08-15,Total,,14.0,,,,,0.0,,,,,1.0,,,,,#545cf8,,,,
2023-08-15,Drift,,,14.0,,,,,0.0,,,,,,,,,,,,,
2023-08-15,Jupiter,,,3.0,,,,,0.0,,,,,6.0,,,,,#00bfa5,,,
2023-08-15,_Drift,Drift,,,14.0,,,,,0.0,,,,,,,,,,,,
2023-08-15,_Jupiter,Jupiter,,,3.0,,,,,0.0,,,,,6.0,,,,,#00bfa5,,
2023-08-15,Crypto,,,,,14.0,,,,,0.0,,,,,1.0,,,,,#545cf8,
2023-08-14,Total,,14.0,,,,,0.0,,,,,1.0,,,,,#545cf8,,,,
2023-08-14,Drift,,,14.0,,,,,0.0,,,,,,,,,,,,,
2023-08-14,Jupiter,,,3.0,,,,,0.0,,,,,6.0,,,,,#00bfa5,,,
2023-08-14,_Drift,Drift,,,14.0,,,,,0.0,,,,,,,,,,,,
2023-08-14,_Jupiter,Jupiter,,,3.0,,,,,0.0,,,,,6.0,,,,,#00bfa5,,
2023-08-14,Crypto,,,,,14.0,,,,,0.0,,,,,1.0,,,,,#545cf8,
2023-08-13,Total,,14.0,,,,,0.0,,,,,1.0,,,,,#545cf8,,,,
2023-08-13,Drift,,,14.0,,,,,0.0,,,,,,,,,,,,,
2023-08-13,Jupiter,,,3.0,,,,,0.0,,,,,6.0,,,,,#00bfa5,,,
2023-08-13,_Drift,Drift,,,14.0,,,,,0.0,,,,,,,,,,,,
2023-08-13,_Jupiter,Jupiter,,,3.0,,,,,0.0,,,,,6.0,,,,,#00bfa5,,
2023-08-13,Crypto,,,,,14.0,,,,,0.0,,,,,1.0,,,,,#545cf8,
2023-08-12,Total,,14.0,,,,,0.0,,,,,1.0,,,,,#545cf8,,,,
2023-08-12,Drift,,,14.0,,,,,0.0,,,,,,,,,,,,,
2023-08-12,Jupiter,,,3.0,,,,,0.0,,,,,6.0,,,,,#00bfa5,,,
2023-08-12,_Drift,Drift,,,14.0,,,,,0.0,,,,,,,,,,,,
2023-08-12,_Jupiter,Jupiter,,,3.0,,,,,0.0,,,,,6.0,,,,,#00bfa5,,
2023-08-12,Crypto,,,,,14.0,,,,,0.0,,,,,1.0,,,,,#545cf8,
2023-08-11,Total,,14.0,,,,,0.0,,,,,1.0,,,,,#545cf8,,,,
2023-08-11,Drift,,,14.0,,,,,0.0,,,,,,,,,,,,,
2023-08-11,Jupiter,,,3.0,,,,,0.0,,,,,6.0,,,,,#00bfa5,,,
2023-08-11,_Drift,Drift,,,14.0,,,,,0.0,,,,,,,,,,,,
2023-08-11,_Jupiter,Jupiter,,,3.0,,,,,0.0,,,,,6.0,,,,,#00bfa5,,
2023-08-11,Crypto,,,,,14.0,,,,,0.0,,,,,1.0,,,,,#545cf8,
2023-08-10,Total,,14.0,,,,,0.0,,,,,1.0,,,,,#545cf8,,,,
2023-08-10,Drift,,,14.0,,,,,0.0,,,,,,,,,,,,,
2023-08-10,Jupiter,,,3.0,,,,,0.0,,,,,6.0,,,,,#00bfa5,,,
2023-08-10,_Drift,Drift,,,14.0,,,,,0.0,,,,,,,,,,,,
2023-08-10,_Jupiter,Jupiter,,,3.0,,,,,0.0,,,,,6.0,,,,,#00bfa5,,
2023-08-10,Crypto,,,,,14.0,,,,,0.0,,,,,1.0,,,,,#545cf8,
2023-08-09,Total,,14.0,,,,,0.0,,,,,1.0,,,,,#545cf8,,,,
2023-08-09,Drift,,,14.0,,,,,0.0,,,,,,,,,,,,,
2023-08-09,Jupiter,,,3.0,,,,,0.0,,,,,6.0,,,,,#00bfa5,,,
2023-08-09,_Drift,Drift,,,14.0,,,,,0.0,,,,,,,,,,,,
2023-08-09,_Jupiter,Jupiter,,,3.0,,,,,0.0,,,,,6.0,,,,,#00bfa5,,
2023-08-09,Crypto,,,,,14.0,,,,,0.0,,,,,1.0,,,,,#545cf8,
2023-08-08,Total,,14.0,,,,,0.0,,,,,1.0,,,,,#545cf8,,,,
2023-08-08,Drift,,,14.0,,,,,0.0,,,,,,,,,,,,,
2023-08-08,Jupiter,,,3.0,,,,,0.0,,,,,6.0,,,,,#00bfa5,,,
2023-08-08,_Drift,Drift,,,14.0,,,,,0.0,,,,,,,,,,,,
2023-08-08,_Jupiter,Jupiter,,,3.0,,,,,0.0,,,,,6.0,,,,,#00bfa5,,
2023-08-08,Crypto,,,,,14.0,,,,,0.0,,,,,1.0,,,,,#545cf8,
2023-08-07,Total,,14.0,,,,,0.0,,,,,1.0,,,,,#545cf8,,,,
2023-08-07,Drift,,,14.0,,,,,0.0,,,,,,,,,,,,,
2023-08-07,Jupiter,,,3.0,,,,,0.0,,,,,6.0,,,,,#00bfa5,,,
2023-08-07,_Drift,Drift,,,14.0,,,,,0.0,,,,,,,,,,,,
2023-08-07,_Jupiter,Jupiter,,,3.0,,,,,0.0,,,,,6.0,,,,,#00bfa5,,
2023-08-07,Crypto,,,,,14.0,,,,,0.0,,,,,1.0,,,,,#545cf8,
2023-08-06,Total,,14.0,,,,,0.0,,,,,1.0,,,,,#545cf8,,,,
2023-08-06,Drift,,,14.0,,,,,0.0,,,,,,,,,,,,,
2023-08-06,Jupiter,,,3.0,,,,,0.0,,,,,6.0,,,,,#00bfa5,,,
2023-08-06,_Drift,Drift,,,14.0,,,,,0.0,,,,,,,,,,,,
2023-08-06,_Jupiter,Jupiter,,,3.0,,,,,0.0,,,,,6.0,,,,,#00bfa5,,
2023-08-06,Crypto,,,,,14.0,,,,,0.0,,,,,1.0,,,,,#545cf8,
2023-08-05,Total,,14.0,,,,,0.0,,,,,1.0,,,,,#545cf8,,,,
2023-08-05,Drift,,,14.0,,,,,0.0,,,,,,,,,,,,,
2023-08-05,Jupiter,,,3.0,,,,,0.0,,,,,6.0,,,,,#00bfa5,,,
2023-08-05,_Drift,Drift,,,14.0,,,,,0.0,,,,,,,,,,,,
2023-08-05,_Jupiter,Jupiter,,,3.0,,,,,0.0,,,,,6.0,,,,,#00bfa5,,
2023-08-05,Crypto,,,,,14.0,,,,,0.0,,,,,1.0,,,,,#545cf8,
2023-08-04,Total,,14.0,,,,,0.0,,,,,1.0,,,,,#545cf8,,,,
2023-08-04,Drift,,,14.0,,,,,0.0,,,,,,,,,,,,,
2023-08-04,Jupiter,,,3.0,,,,,0.0,,,,,6.0,,,,,#00bfa5,,,
2023-08-04,_Drift,Drift,,,14.0,,,,,0.0,,,,,,,,,,,,
2023-08-04,_Jupiter,Jupiter,,,3.0,,,,,0.0,,,,,6.0,,,,,#00bfa5,,
2023-08-04,Crypto,,,,,14.0,,,,,0.0,,,,,1.0,,,,,#545cf8,
2023-08-03,Total,,14.0,,,,,0.0,,,,,1.0,,,,,#545cf8,,,,
2023-08-03,Drift,,,14.0,,,,,0.0,,,,,,,,,,,,,
2023-08-03,Jupiter,,,3.0,,,,,0.0,,,,,6.0,,,,,#00bfa5,,,
2023-08-03,_Drift,Drift,,,14.0,,,,,0.0,,,,,,,,,,,,
2023-08-03,_Jupiter,Jupiter,,,3.0,,,,,0.0,,,,,6.0,,,,,#00bfa5,,
2023-08-03,Crypto,,,,,14.0,,,,,0.0,,,,,1.0,,,,,#545cf8,
2023-08-02,Total,,14.0,,,,,0.0,,,,,1.0,,,,,#545cf8,,,,
2023-08-02,Drift,,,14.0,,,,,0.0,,,,,,,,,,,,,
2023-08-02,Jupiter,,,3.0,,,,,0.0,,,,,6.0,,,,,#00bfa5,,,
2023-08-02,_Drift,Drift,,,14.0,,,,,0.0,,,,,,,,,,,,
2023-08-02,_Jupiter,Jupiter,,,3.0,,,,,0.0,,,,,6.0,,,,,#00bfa5,,
2023-08-02,Crypto,,,,,14.0,,,,,0.0,,,,,1.0,,,,,#545cf8,
2023-08-01,Total,,14.0,,,,,0.0,,,,,1.0,,,,,#545cf8,,,,
2023-08-01,Drift,,,14.0,,,,,0.0,,,,,,,,,,,,,
2023-08-01,Jupiter,,,3.0,,,,,0.0,,,,,6.0,,,,,#00bfa5,,,
2023-08-01,_Drift,Drift,,,14.0,,,,,0.0,,,,,,,,,,,,
2023-08-01,_Jupiter,Jupiter,,,3.0,,,,,0.0,,,,,6.0,,,,,#00bfa5,,
2023-08-01,Crypto,,,,,14.0,,,,,0.0,,,,,1.0,,,,,#545cf8,
2023-07-31,Total,,14.0,,,,,0.0,,,,,1.0,,,,,#545cf8,,,,
2023-07-31,Drift,,,14.0,,,,,0.0,,,,,,,,,,,,,
2023-07-31,Jupiter,,,3.0,,,,,0.0,,,,,6.0,,,,,#00bfa5,,,
2023-07-31,_Drift,Drift,,,14.0,,,,,0.0,,,,,,,,,,,,
2023-07-31,_Jupiter,Jupiter,,,3.0,,,,,0.0,,,,,6.0,,,,,#00bfa5,,
2023-07-31,Crypto,,,,,14.0,,,,,0.0,,,,,1.0,,,,,#545cf8,
2023-07-30,Total,,14.0,,,,,0.0,,,,,1.0,,,,,#545cf8,,,,
2023-07-30,Drift,,,14.0,,,,,0.0,,,,,,,,,,,,,
2023-07-30,Jupiter,,,3.0,,,,,0.0,,,,,6.0,,,,,#00bfa5,,,
2023-07-30,_Drift,Drift,,,14.0,,,,,0.0,,,,,,,,,,,,
2023-07-30,_Jupiter,Jupiter,,,3.0,,,,,0.0,,,,,6.0,,,,,#00bfa5,,
2023-07-30,Crypto,,,,,14.0,,,,,0.0,,,,,1.0,,,,,#545cf8,
2023-07-29,Total,,14.0,,,,,0.0,,,,,1.0,,,,,#545cf8,,,,
2023-07-29,Drift,,,14.0,,,,,0.0,,,,,,,,,,,,,
2023-07-29,Jupiter,,,3.0,,,,,0.0,,,,,6.0,,,,,#00bfa5,,,
2023-07-29,_Drift,Drift,,,14.0,,,,,0.0,,,,,,,,,,,,
2023-07-29,_Jupiter,Jupiter,,,3.0,,,,,0.0,,,,,6.0,,,,,#00bfa5,,
2023-07-29,Crypto,,,,,14.0,,,,,0.0,,,,,1.0,,,,,#545cf8,
2023-07-28,Total,,14.0,,,,,0.0,,,,,1.0,,,,,#545cf8,,,,
2023-07-28,Drift,,,14.0,,,,,0.0,,,,,,,,,,,,,
2023-07-28,Jupiter,,,3.0,,,,,0.0,,,,,6.0,,,,,#00bfa5,,,
2023-07-28,_Drift,Drift,,,14.0,,,,,0.0,,,,,,,,,,,,
2023-07-28,_Jupiter,Jupiter,,,3.0,,,,,0.0,,,,,6.0,,,,,#00bfa5,,
2023-07-28,Crypto,,,,,14.0,,,,,0.0,,,,,1.0,,,,,#545cf8,
2023-07-27,Total,,14.0,,,,,0.0,,,,,1.0,,,,,#545cf8,,,,
2023-07-27,Drift,,,14.0,,,,,0.0,,,,,,,,,,,,,
2023-07-27,Jupiter,,,3.0,,,,,0.0,,,,,6.0,,,,,#00bfa5,,,
2023-07-27,_Drift,Drift,,,14.0,,,,,0.0,,,,,,,,,,,,
2023-07-27,_Jupiter,Jupiter,,,3.0,,,,,0.0,,,,,6.0,,,,,#00bfa5,,
2023-07-27,Crypto,,,,,14.0,,,,,0.0,,,,,1.0,,,,,#545cf8,
2023-07-26,Total,,14.0,,,,,0.0,,,,,1.0,,,,,#545cf8,,,,
2023-07-26,Drift,,,14.0,,,,,0.0,,,,,,,,,,,,,
2023-07-26,Jupiter,,,3.0,,,,,0.0,,,,,6.0,,,,,#00bfa5,,,
2023-07-26,_Drift,Drift,,,14.0,,,,,0.0,,,,,,,,,,,,
2023-07-26,_Jupiter,Jupiter,,,3.0,,,,,0.0,,,,,6.0,,,,,#00bfa5,,
2023-07-26,Crypto,,,,,14.0,,,,,0.0,,,,,1.0,,,,,#545cf8,
2023-07-25,Total,,14.0,,,,,0.0,,,,,1.0,,,,,#545cf8,,,,
2023-07-25,Drift,,,14.0,,,,,0.0,,,,,,,,,,,,,
2023-07-25,Jupiter,,,3.0,,,,,0.0,,,,,6.0,,,,,#00bfa5,,,
2023-07-25,_Drift,Drift,,,14.0,,,,,0.0,,,,,,,,,,,,
2023-07-25,_Jupiter,Jupiter,,,3.0,,,,,0.0,,,,,6.0,,,,,#00bfa5,,
2023-07-25,Crypto,,,,,14.0,,,,,0.0,,,,,1.0,,,,,#545cf8,
2023-07-24,Total,,14.0,,,,,0.0,,,,,1.0,,,,,#545cf8,,,,
2023-07-24,Drift,,,14.0,,,,,0.0,,,,,,,,,,,,,
2023-07-24,Jupiter,,,3.0,,,,,0.0,,,,,6.0,,,,,#00bfa5,,,
2023-07-24,_Drift,Drift,,,14.0,,,,,0.0,,,,,,,,,,,,
2023-07-24,_Jupiter,Jupiter,,,3.0,,,,,0.0,,,,,6.0,,,,,#00bfa5,,
2023-07-24,Crypto,,,,,14.0,,,,,0.0,,,,,1.0,,,,,#545cf8,
2023-07-23,Total,,14.0,,,,,0.0,,,,,1.0,,,,,#545cf8,,,,
2023-07-23,Drift,,,14.0,,,,,0.0,,,,,,,,,,,,,
2023-07-23,Jupiter,,,3.0,,,,,0.0,,,,,6.0,,,,,#00bfa5,,,
2023-07-23,_Drift,Drift,,,14.0,,,,,0.0,,,,,,,,,,,,
2023-07-23,_Jupiter,Jupiter,,,3.0,,,,,0.0,,,,,6.0,,,,,#00bfa5,,
2023-07-23,Crypto,,,,,14.0,,,,,0.0,,,,,1.0,,,,,#545cf8,
2023-07-22,Total,,14.0,,,,,0.0,,,,,1.0,,,,,#545cf8,,,,
2023-07-22,Drift,,,14.0,,,,,0.0,,,,,,,,,,,,,
2023-07-22,Jupiter,,,3.0,,,,,0.0,,,,,6.0,,,,,#00bfa5,,,
2023-07-22,_Drift,Drift,,,14.0,,,,,0.0,,,,,,,,,,,,
2023-07-22,_Jupiter,Jupiter,,,3.0,,,,,0.0,,,,,6.0,,,,,#00bfa5,,
2023-07-22,Crypto,,,,,14.0,,,,,0.0,,,,,1.0,,,,,#545cf8,
2023-07-21,Total,,14.0,,,,,0.0,,,,,1.0,,,,,#545cf8,,,,
2023-07-21,Drift,,,14.0,,,,,0.0,,,,,,,,,,,,,
2023-07-21,Jupiter,,,3.0,,,,,0.0,,,,,6.0,,,,,#00bfa5,,,
2023-07-21,_Drift,Drift,,,14.0,,,,,0.0,,,,,,,,,,,,
2023-07-21,_Jupiter,Jupiter,,,3.0,,,,,0.0,,,,,6.0,,,,,#00bfa5,,
2023-07-21,Crypto,,,,,14.0,,,,,0.0,,,,,1.0,,,,,#545cf8,
2023-07-20,Total,,14.0,,,,,0.0,,,,,1.0,,,,,#545cf8,,,,
2023-07-20,Drift,,,14.0,,,,,0.0,,,,,,,,,,,,,
2023-07-20,Jupiter,,,3.0,,,,,0.0,,,,,6.0,,,,,#00bfa5,,,
2023-07-20,_Drift,Drift,,,14.0,,,,,0.0,,,,,,,,,,,,
2023-07-20,_Jupiter,Jupiter,,,3.0,,,,,0.0,,,,,6.0,,,,,#00bfa5,,
2023-07-20,Crypto,,,,,14.0,,,,,0.0,,,,,1.0,,,,,#545cf8,
2023-07-19,Total,,14.0,,,,,0.0,,,,,1.0,,,,,#545cf8,,,,
2023-07-19,Drift,,,14.0,,,,,0.0,,,,,,,,,,,,,
2023-07-19,Jupiter,,,3.0,,,,,1.0,,,,,6.0,,,,,#00bfa5,,,
2023-07-19,_Drift,Drift,,,14.0,,,,,0.0,,,,,,,,,,,,
2023-07-19,_Jupiter,Jupiter,,,3.0,,,,,1.0,,,,,6.0,,,,,#00bfa5,,
2023-07-19,Crypto,,,,,14.0,,,,,0.0,,,,,1.0,,,,,#545cf8,
2023-07-18,Total,,14.0,,,,,0.0,,,,,1.0,,,,,#545cf8,,,,
2023-07-18,Drift,,,14.0,,,,,0.0,,,,,,,,,,,,,
2023-07-18,Jupiter,,,2.0,,,,,,,,,,6.0,,,,,#00bfa5,,,
2023-07-18,_Drift,Drift,,,14.0,,,,,0.0,,,,,,,,,,,,
2023-07-18,_Jupiter,Jupiter,,,2.0,,,,,,,,,,6.0,,,,,#00bfa5,,
2023-07-18,Crypto,,,,,14.0,,,,,0.0,,,,,1.0,,,,,#545cf8,
2023-07-17,Total,,14.0,,,,,0.0,,,,,1.0,,,,,#545cf8,,,,
2023-07-17,Drift,,,14.0,,,,,0.0,,,,,,,,,,,,,
2023-07-17,_Drift,Drift,,,14.0,,,,,0.0,,,,,,,,,,,,
2023-07-17,Crypto,,,,,14.0,,,,,0.0,,,,,1.0,,,,,#545cf8,
2023-07-16,Total,,14.0,,,,,0.0,,,,,1.0,,,,,#545cf8,,,,
2023-07-16,Drift,,,14.0,,,,,0.0,,,,,,,,,,,,,
2023-07-16,_Drift,Drift,,,14.0,,,,,0.0,,,,,,,,,,,,
2023-07-16,Crypto,,,,,14.0,,,,,0.0,,,,,1.0,,,,,#545cf8,
2023-07-15,Total,,14.0,,,,,0.0,,,,,1.0,,,,,#545cf8,,,,
2023-07-15,Drift,,,14.0,,,,,0.0,,,,,,,,,,,,,
2023-07-15,_Drift,Drift,,,14.0,,,,,0.0,,,,,,,,,,,,
2023-07-15,Crypto,,,,,14.0,,,,,0.0,,,,,1.0,,,,,#545cf8,
2023-07-14,Total,,14.0,,,,,0.0,,,,,1.0,,,,,#545cf8,,,,
2023-07-14,Drift,,,14.0,,,,,0.0,,,,,,,,,,,,,
2023-07-14,_Drift,Drift,,,14.0,,,,,0.0,,,,,,,,,,,,
2023-07-14,Crypto,,,,,14.0,,,,,0.0,,,,,1.0,,,,,#545cf8,
2023-07-13,Total,,14.0,,,,,1.0,,,,,1.0,,,,,#545cf8,,,,
2023-07-13,Drift,,,14.0,,,,,1.0,,,,,,,,,,,,,
2023-07-13,_Drift,Drift,,,14.0,,,,,1.0,,,,,,,,,,,,
2023-07-13,Crypto,,,,,14.0,,,,,1.0,,,,,1.0,,,,,#545cf8,
2023-07-12,Total,,13.0,,,,,0.0,,,,,1.0,,,,,#545cf8,,,,
2023-07-12,Drift,,,13.0,,,,,0.0,,,,,,,,,,,,,
2023-07-12,_Drift,Drift,,,13.0,,,,,0.0,,,,,,,,,,,,
2023-07-12,Crypto,,,,,13.0,,,,,0.0,,,,,1.0,,,,,#545cf8,
2023-07-11,Total,,13.0,,,,,0.0,,,,,1.0,,,,,#545cf8,,,,
2023-07-11,Drift,,,13.0,,,,,0.0,,,,,,,,,,,,,
2023-07-11,_Drift,Drift,,,13.0,,,,,0.0,,,,,,,,,,,,
2023-07-11,Crypto,,,,,13.0,,,,,0.0,,,,,1.0,,,,,#545cf8,
2023-07-10,Total,,13.0,,,,,0.0,,,,,1.0,,,,,#545cf8,,,,
2023-07-10,Drift,,,13.0,,,,,0.0,,,,,,,,,,,,,
2023-07-10,_Drift,Drift,,,13.0,,,,,0.0,,,,,,,,,,,,
2023-07-10,Crypto,,,,,13.0,,,,,0.0,,,,,1.0,,,,,#545cf8,
2023-07-09,Total,,13.0,,,,,0.0,,,,,1.0,,,,,#545cf8,,,,
2023-07-09,Drift,,,13.0,,,,,0.0,,,,,,,,,,,,,
2023-07-09,_Drift,Drift,,,13.0,,,,,0.0,,,,,,,,,,,,
2023-07-09,Crypto,,,,,13.0,,,,,0.0,,,,,1.0,,,,,#545cf8,
2023-07-08,Total,,13.0,,,,,0.0,,,,,1.0,,,,,#545cf8,,,,
2023-07-08,Drift,,,13.0,,,,,0.0,,,,,,,,,,,,,
2023-07-08,_Drift,Drift,,,13.0,,,,,0.0,,,,,,,,,,,,
2023-07-08,Crypto,,,,,13.0,,,,,0.0,,,,,1.0,,,,,#545cf8,
2023-07-07,Total,,13.0,,,,,0.0,,,,,1.0,,,,,#545cf8,,,,
2023-07-07,Drift,,,13.0,,,,,0.0,,,,,,,,,,,,,
2023-07-07,_Drift,Drift,,,13.0,,,,,0.0,,,,,,,,,,,,
2023-07-07,Crypto,,,,,13.0,,,,,0.0,,,,,1.0,,,,,#545cf8,
2023-07-06,Total,,13.0,,,,,0.0,,,,,1.0,,,,,#545cf8,,,,
2023-07-06,Drift,,,13.0,,,,,0.0,,,,,,,,,,,,,
2023-07-06,_Drift,Drift,,,13.0,,,,,0.0,,,,,,,,,,,,
2023-07-06,Crypto,,,,,13.0,,,,,0.0,,,,,1.0,,,,,#545cf8,
2023-07-05,Total,,13.0,,,,,0.0,,,,,1.0,,,,,#545cf8,,,,
2023-07-05,Drift,,,13.0,,,,,0.0,,,,,,,,,,,,,
2023-07-05,_Drift,Drift,,,13.0,,,,,0.0,,,,,,,,,,,,
2023-07-05,Crypto,,,,,13.0,,,,,0.0,,,,,1.0,,,,,#545cf8,
2023-07-04,Total,,13.0,,,,,0.0,,,,,1.0,,,,,#545cf8,,,,
2023-07-04,Drift,,,13.0,,,,,0.0,,,,,,,,,,,,,
2023-07-04,_Drift,Drift,,,13.0,,,,,0.0,,,,,,,,,,,,
2023-07-04,Crypto,,,,,13.0,,,,,0.0,,,,,1.0,,,,,#545cf8,
2023-07-03,Total,,13.0,,,,,0.0,,,,,1.0,,,,,#545cf8,,,,
2023-07-03,Drift,,,13.0,,,,,0.0,,,,,,,,,,,,,
2023-07-03,_Drift,Drift,,,13.0,,,,,0.0,,,,,,,,,,,,
2023-07-03,Crypto,,,,,13.0,,,,,0.0,,,,,1.0,,,,,#545cf8,
2023-07-02,Total,,13.0,,,,,0.0,,,,,1.0,,,,,#545cf8,,,,
2023-07-02,Drift,,,13.0,,,,,0.0,,,,,,,,,,,,,
2023-07-02,_Drift,Drift,,,13.0,,,,,0.0,,,,,,,,,,,,
2023-07-02,Crypto,,,,,13.0,,,,,0.0,,,,,1.0,,,,,#545cf8,
2023-07-01,Total,,13.0,,,,,0.0,,,,,1.0,,,,,#545cf8,,,,
2023-07-01,Drift,,,13.0,,,,,0.0,,,,,,,,,,,,,
2023-07-01,_Drift,Drift,,,13.0,,,,,0.0,,,,,,,,,,,,
2023-07-01,Crypto,,,,,13.0,,,,,0.0,,,,,1.0,,,,,#545cf8,
2023-06-30,Total,,13.0,,,,,0.0,,,,,1.0,,,,,#545cf8,,,,
2023-06-30,Drift,,,13.0,,,,,0.0,,,,,,,,,,,,,
2023-06-30,_Drift,Drift,,,13.0,,,,,0.0,,,,,,,,,,,,
2023-06-30,Crypto,,,,,13.0,,,,,0.0,,,,,1.0,,,,,#545cf8,
2023-06-29,Total,,13.0,,,,,0.0,,,,,1.0,,,,,#545cf8,,,,
2023-06-29,Drift,,,13.0,,,,,0.0,,,,,,,,,,,,,
2023-06-29,_Drift,Drift,,,13.0,,,,,0.0,,,,,,,,,,,,
2023-06-29,Crypto,,,,,13.0,,,,,0.0,,,,,1.0,,,,,#545cf8,
2023-06-28,Total,,13.0,,,,,0.0,,,,,1.0,,,,,#545cf8,,,,
2023-06-28,Drift,,,13.0,,,,,0.0,,,,,,,,,,,,,
2023-06-28,_Drift,Drift,,,13.0,,,,,0.0,,,,,,,,,,,,
2023-06-28,Crypto,,,,,13.0,,,,,0.0,,,,,1.0,,,,,#545cf8,
2023-06-27,Total,,13.0,,,,,0.0,,,,,1.0,,,,,#545cf8,,,,
2023-06-27,Drift,,,13.0,,,,,0.0,,,,,,,,,,,,,
2023-06-27,_Drift,Drift,,,13.0,,,,,0.0,,,,,,,,,,,,
2023-06-27,Crypto,,,,,13.0,,,,,0.0,,,,,1.0,,,,,#545cf8,
2023-06-26,Total,,13.0,,,,,0.0,,,,,1.0,,,,,#545cf8,,,,
2023-06-26,Drift,,,13.0,,,,,0.0,,,,,,,,,,,,,
2023-06-26,_Drift,Drift,,,13.0,,,,,0.0,,,,,,,,,,,,
2023-06-26,Crypto,,,,,13.0,,,,,0.0,,,,,1.0,,,,,#545cf8,
2023-06-25,Total,,13.0,,,,,0.0,,,,,1.0,,,,,#545cf8,,,,
2023-06-25,Drift,,,13.0,,,,,0.0,,,,,,,,,,,,,
2023-06-25,_Drift,Drift,,,13.0,,,,,0.0,,,,,,,,,,,,
2023-06-25,Crypto,,,,,13.0,,,,,0.0,,,,,1.0,,,,,#545cf8,
2023-06-24,Total,,13.0,,,,,0.0,,,,,1.0,,,,,#545cf8,,,,
2023-06-24,Drift,,,13.0,,,,,0.0,,,,,,,,,,,,,
2023-06-24,_Drift,Drift,,,13.0,,,,,0.0,,,,,,,,,,,,
2023-06-24,Crypto,,,,,13.0,,,,,0.0,,,,,1.0,,,,,#545cf8,
2023-06-23,Total,,13.0,,,,,0.0,,,,,1.0,,,,,#545cf8,,,,
2023-06-23,Drift,,,13.0,,,,,0.0,,,,,,,,,,,,,
2023-06-23,_Drift,Drift,,,13.0,,,,,0.0,,,,,,,,,,,,
2023-06-23,Crypto,,,,,13.0,,,,,0.0,,,,,1.0,,,,,#545cf8,
2023-06-22,Total,,13.0,,,,,0.0,,,,,1.0,,,,,#545cf8,,,,
2023-06-22,Drift,,,13.0,,,,,0.0,,,,,,,,,,,,,
2023-06-22,_Drift,Drift,,,13.0,,,,,0.0,,,,,,,,,,,,
2023-06-22,Crypto,,,,,13.0,,,,,0.0,,,,,1.0,,,,,#545cf8,
2023-06-21,Total,,13.0,,,,,0.0,,,,,1.0,,,,,#545cf8,,,,
2023-06-21,Drift,,,13.0,,,,,0.0,,,,,,,,,,,,,
2023-06-21,_Drift,Drift,,,13.0,,,,,0.0,,,,,,,,,,,,
2023-06-21,Crypto,,,,,13.0,,,,,0.0,,,,,1.0,,,,,#545cf8,
2023-06-20,Total,,13.0,,,,,0.0,,,,,1.0,,,,,#545cf8,,,,
2023-06-20,Drift,,,13.0,,,,,0.0,,,,,,,,,,,,,
2023-06-20,_Drift,Drift,,,13.0,,,,,0.0,,,,,,,,,,,,
2023-06-20,Crypto,,,,,13.0,,,,,0.0,,,,,1.0,,,,,#545cf8,
2023-06-19,Total,,13.0,,,,,1.0,,,,,1.0,,,,,#545cf8,,,,
2023-06-19,Drift,,,13.0,,,,,1.0,,,,,,,,,,,,,
2023-06-19,_Drift,Drift,,,13.0,,,,,1.0,,,,,,,,,,,,
2023-06-19,Crypto,,,,,13.0,,,,,1.0,,,,,1.0,,,,,#545cf8,
2023-06-18,Total,,12.0,,,,,0.0,,,,,1.0,,,,,#545cf8,,,,
2023-06-18,Drift,,,12.0,,,,,0.0,,,,,,,,,,,,,
2023-06-18,_Drift,Drift,,,12.0,,,,,0.0,,,,,,,,,,,,
2023-06-18,Crypto,,,,,12.0,,,,,0.0,,,,,1.0,,,,,#545cf8,
2023-06-17,Total,,12.0,,,,,0.0,,,,,1.0,,,,,#545cf8,,,,
2023-06-17,Drift,,,12.0,,,,,0.0,,,,,,,,,,,,,
2023-06-17,_Drift,Drift,,,12.0,,,,,0.0,,,,,,,,,,,,
2023-06-17,Crypto,,,,,12.0,,,,,0.0,,,,,1.0,,,,,#545cf8,
2023-06-16,Total,,12.0,,,,,0.0,,,,,1.0,,,,,#545cf8,,,,
2023-06-16,Drift,,,12.0,,,,,0.0,,,,,,,,,,,,,
2023-06-16,_Drift,Drift,,,12.0,,,,,0.0,,,,,,,,,,,,
2023-06-16,Crypto,,,,,12.0,,,,,0.0,,,,,1.0,,,,,#545cf8,
2023-06-15,Total,,12.0,,,,,0.0,,,,,1.0,,,,,#545cf8,,,,
2023-06-15,Drift,,,12.0,,,,,0.0,,,,,,,,,,,,,
2023-06-15,_Drift,Drift,,,12.0,,,,,0.0,,,,,,,,,,,,
2023-06-15,Crypto,,,,,12.0,,,,,0.0,,,,,1.0,,,,,#545cf8,
2023-06-14,Total,,12.0,,,,,0.0,,,,,1.0,,,,,#545cf8,,,,
2023-06-14,Drift,,,12.0,,,,,0.0,,,,,,,,,,,,,
2023-06-14,_Drift,Drift,,,12.0,,,,,0.0,,,,,,,,,,,,
2023-06-14,Crypto,,,,,12.0,,,,,0.0,,,,,1.0,,,,,#545cf8,
2023-06-13,Total,,12.0,,,,,0.0,,,,,1.0,,,,,#545cf8,,,,
2023-06-13,Drift,,,12.0,,,,,0.0,,,,,,,,,,,,,
2023-06-13,_Drift,Drift,,,12.0,,,,,0.0,,,,,,,,,,,,
2023-06-13,Crypto,,,,,12.0,,,,,0.0,,,,,1.0,,,,,#545cf8,
2023-06-12,Total,,12.0,,,,,0.0,,,,,1.0,,,,,#545cf8,,,,
2023-06-12,Drift,,,12.0,,,,,0.0,,,,,,,,,,,,,
2023-06-12,_Drift,Drift,,,12.0,,,,,0.0,,,,,,,,,,,,
2023-06-12,Crypto,,,,,12.0,,,,,0.0,,,,,1.0,,,,,#545cf8,
2023-06-11,Total,,12.0,,,,,0.0,,,,,1.0,,,,,#545cf8,,,,
2023-06-11,Drift,,,12.0,,,,,0.0,,,,,,,,,,,,,
2023-06-11,_Drift,Drift,,,12.0,,,,,0.0,,,,,,,,,,,,
2023-06-11,Crypto,,,,,12.0,,,,,0.0,,,,,1.0,,,,,#545cf8,
2023-06-10,Total,,12.0,,,,,0.0,,,,,1.0,,,,,#545cf8,,,,
2023-06-10,Drift,,,12.0,,,,,0.0,,,,,,,,,,,,,
2023-06-10,_Drift,Drift,,,12.0,,,,,0.0,,,,,,,,,,,,
2023-06-10,Crypto,,,,,12.0,,,,,0.0,,,,,1.0,,,,,#545cf8,
2023-06-09,Total,,12.0,,,,,0.0,,,,,1.0,,,,,#545cf8,,,,
2023-06-09,Drift,,,12.0,,,,,0.0,,,,,,,,,,,,,
2023-06-09,_Drift,Drift,,,12.0,,,,,0.0,,,,,,,,,,,,
2023-06-09,Crypto,,,,,12.0,,,,,0.0,,,,,1.0,,,,,#545cf8,
2023-06-08,Total,,12.0,,,,,0.0,,,,,1.0,,,,,#545cf8,,,,
2023-06-08,Drift,,,12.0,,,,,0.0,,,,,,,,,,,,,
2023-06-08,_Drift,Drift,,,12.0,,,,,0.0,,,,,,,,,,,,
2023-06-08,Crypto,,,,,12.0,,,,,0.0,,,,,1.0,,,,,#545cf8,
2023-06-07,Total,,12.0,,,,,0.0,,,,,1.0,,,,,#545cf8,,,,
2023-06-07,Drift,,,12.0,,,,,0.0,,,,,,,,,,,,,
2023-06-07,_Drift,Drift,,,12.0,,,,,0.0,,,,,,,,,,,,
2023-06-07,Crypto,,,,,12.0,,,,,0.0,,,,,1.0,,,,,#545cf8,
2023-06-06,Total,,12.0,,,,,1.0,,,,,1.0,,,,,#545cf8,,,,
2023-06-06,Drift,,,12.0,,,,,1.0,,,,,,,,,,,,,
2023-06-06,_Drift,Drift,,,12.0,,,,,1.0,,,,,,,,,,,,
2023-06-06,Crypto,,,,,12.0,,,,,1.0,,,,,1.0,,,,,#545cf8,
2023-06-05,Total,,11.0,,,,,0.0,,,,,1.0,,,,,#545cf8,,,,
2023-06-05,Drift,,,11.0,,,,,0.0,,,,,,,,,,,,,
2023-06-05,_Drift,Drift,,,11.0,,,,,0.0,,,,,,,,,,,,
2023-06-05,Crypto,,,,,11.0,,,,,0.0,,,,,1.0,,,,,#545cf8,
2023-06-04,Total,,11.0,,,,,0.0,,,,,1.0,,,,,#545cf8,,,,
2023-06-04,Drift,,,11.0,,,,,0.0,,,,,,,,,,,,,
2023-06-04,_Drift,Drift,,,11.0,,,,,0.0,,,,,,,,,,,,
2023-06-04,Crypto,,,,,11.0,,,,,0.0,,,,,1.0,,,,,#545cf8,
2023-06-03,Total,,11.0,,,,,0.0,,,,,1.0,,,,,#545cf8,,,,
2023-06-03,Drift,,,11.0,,,,,0.0,,,,,,,,,,,,,
2023-06-03,_Drift,Drift,,,11.0,,,,,0.0,,,,,,,,,,,,
2023-06-03,Crypto,,,,,11.0,,,,,0.0,,,,,1.0,,,,,#545cf8,
2023-06-02,Total,,11.0,,,,,0.0,,,,,1.0,,,,,#545cf8,,,,
2023-06-02,Drift,,,11.0,,,,,0.0,,,,,,,,,,,,,
2023-06-02,_Drift,Drift,,,11.0,,,,,0.0,,,,,,,,,,,,
2023-06-02,Crypto,,,,,11.0,,,,,0.0,,,,,1.0,,,,,#545cf8,
2023-06-01,Total,,11.0,,,,,0.0,,,,,1.0,,,,,#545cf8,,,,
2023-06-01,Drift,,,11.0,,,,,0.0,,,,,,,,,,,,,
2023-06-01,_Drift,Drift,,,11.0,,,,,0.0,,,,,,,,,,,,
2023-06-01,Crypto,,,,,11.0,,,,,0.0,,,,,1.0,,,,,#545cf8,
2023-05-31,Total,,11.0,,,,,0.0,,,,,1.0,,,,,#545cf8,,,,
2023-05-31,Drift,,,11.0,,,,,0.0,,,,,,,,,,,,,
2023-05-31,_Drift,Drift,,,11.0,,,,,0.0,,,,,,,,,,,,
2023-05-31,Crypto,,,,,11.0,,,,,0.0,,,,,1.0,,,,,#545cf8,
2023-05-30,Total,,11.0,,,,,0.0,,,,,1.0,,,,,#545cf8,,,,
2023-05-30,Drift,,,11.0,,,,,0.0,,,,,,,,,,,,,
2023-05-30,_Drift,Drift,,,11.0,,,,,0.0,,,,,,,,,,,,
2023-05-30,Crypto,,,,,11.0,,,,,0.0,,,,,1.0,,,,,#545cf8,
2023-05-29,Total,,11.0,,,,,0.0,,,,,1.0,,,,,#545cf8,,,,
2023-05-29,Drift,,,11.0,,,,,0.0,,,,,,,,,,,,,
2023-05-29,_Drift,Drift,,,11.0,,,,,0.0,,,,,,,,,,,,
2023-05-29,Crypto,,,,,11.0,,,,,0.0,,,,,1.0,,,,,#545cf8,
2023-05-28,Total,,11.0,,,,,0.0,,,,,1.0,,,,,#545cf8,,,,
2023-05-28,Drift,,,11.0,,,,,0.0,,,,,,,,,,,,,
2023-05-28,_Drift,Drift,,,11.0,,,,,0.0,,,,,,,,,,,,
2023-05-28,Crypto,,,,,11.0,,,,,0.0,,,,,1.0,,,,,#545cf8,
2023-05-27,Total,,11.0,,,,,0.0,,,,,1.0,,,,,#545cf8,,,,
2023-05-27,Drift,,,11.0,,,,,0.0,,,,,,,,,,,,,
2023-05-27,_Drift,Drift,,,11.0,,,,,0.0,,,,,,,,,,,,
2023-05-27,Crypto,,,,,11.0,,,,,0.0,,,,,1.0,,,,,#545cf8,
2023-05-26,Total,,11.0,,,,,0.0,,,,,1.0,,,,,#545cf8,,,,
2023-05-26,Drift,,,11.0,,,,,0.0,,,,,,,,,,,,,
2023-05-26,_Drift,Drift,,,11.0,,,,,0.0,,,,,,,,,,,,
2023-05-26,Crypto,,,,,11.0,,,,,0.0,,,,,1.0,,,,,#545cf8,
2023-05-25,Total,,11.0,,,,,0.0,,,,,1.0,,,,,#545cf8,,,,
2023-05-25,Drift,,,11.0,,,,,0.0,,,,,,,,,,,,,
2023-05-25,_Drift,Drift,,,11.0,,,,,0.0,,,,,,,,,,,,
2023-05-25,Crypto,,,,,11.0,,,,,0.0,,,,,1.0,,,,,#545cf8,
2023-05-24,Total,,11.0,,,,,0.0,,,,,1.0,,,,,#545cf8,,,,
2023-05-24,Drift,,,11.0,,,,,0.0,,,,,,,,,,,,,
2023-05-24,_Drift,Drift,,,11.0,,,,,0.0,,,,,,,,,,,,
2023-05-24,Crypto,,,,,11.0,,,,,0.0,,,,,1.0,,,,,#545cf8,
2023-05-23,Total,,11.0,,,,,0.0,,,,,1.0,,,,,#545cf8,,,,
2023-05-23,Drift,,,11.0,,,,,0.0,,,,,,,,,,,,,
2023-05-23,_Drift,Drift,,,11.0,,,,,0.0,,,,,,,,,,,,
2023-05-23,Crypto,,,,,11.0,,,,,0.0,,,,,1.0,,,,,#545cf8,
2023-05-22,Total,,11.0,,,,,0.0,,,,,1.0,,,,,#545cf8,,,,
2023-05-22,Drift,,,11.0,,,,,0.0,,,,,,,,,,,,,
2023-05-22,_Drift,Drift,,,11.0,,,,,0.0,,,,,,,,,,,,
2023-05-22,Crypto,,,,,11.0,,,,,0.0,,,,,1.0,,,,,#545cf8,
2023-05-21,Total,,11.0,,,,,0.0,,,,,1.0,,,,,#545cf8,,,,
2023-05-21,Drift,,,11.0,,,,,0.0,,,,,,,,,,,,,
2023-05-21,_Drift,Drift,,,11.0,,,,,0.0,,,,,,,,,,,,
2023-05-21,Crypto,,,,,11.0,,,,,0.0,,,,,1.0,,,,,#545cf8,
2023-05-20,Total,,11.0,,,,,0.0,,,,,1.0,,,,,#545cf8,,,,
2023-05-20,Drift,,,11.0,,,,,0.0,,,,,,,,,,,,,
2023-05-20,_Drift,Drift,,,11.0,,,,,0.0,,,,,,,,,,,,
2023-05-20,Crypto,,,,,11.0,,,,,0.0,,,,,1.0,,,,,#545cf8,
2023-05-19,Total,,11.0,,,,,0.0,,,,,1.0,,,,,#545cf8,,,,
2023-05-19,Drift,,,11.0,,,,,0.0,,,,,,,,,,,,,
2023-05-19,_Drift,Drift,,,11.0,,,,,0.0,,,,,,,,,,,,
2023-05-19,Crypto,,,,,11.0,,,,,0.0,,,,,1.0,,,,,#545cf8,
2023-05-18,Total,,11.0,,,,,0.0,,,,,1.0,,,,,#545cf8,,,,
2023-05-18,Drift,,,11.0,,,,,0.0,,,,,,,,,,,,,
2023-05-18,_Drift,Drift,,,11.0,,,,,0.0,,,,,,,,,,,,
2023-05-18,Crypto,,,,,11.0,,,,,0.0,,,,,1.0,,,,,#545cf8,
2023-05-17,Total,,11.0,,,,,0.0,,,,,1.0,,,,,#545cf8,,,,
2023-05-17,Drift,,,11.0,,,,,0.0,,,,,,,,,,,,,
2023-05-17,_Drift,Drift,,,11.0,,,,,0.0,,,,,,,,,,,,
2023-05-17,Crypto,,,,,11.0,,,,,0.0,,,,,1.0,,,,,#545cf8,
2023-05-16,Total,,11.0,,,,,0.0,,,,,1.0,,,,,#545cf8,,,,
2023-05-16,Drift,,,11.0,,,,,0.0,,,,,,,,,,,,,
2023-05-16,_Drift,Drift,,,11.0,,,,,0.0,,,,,,,,,,,,
2023-05-16,Crypto,,,,,11.0,,,,,0.0,,,,,1.0,,,,,#545cf8,
2023-05-15,Total,,11.0,,,,,0.0,,,,,1.0,,,,,#545cf8,,,,
2023-05-15,Drift,,,11.0,,,,,0.0,,,,,,,,,,,,,
2023-05-15,_Drift,Drift,,,11.0,,,,,0.0,,,,,,,,,,,,
2023-05-15,Crypto,,,,,11.0,,,,,0.0,,,,,1.0,,,,,#545cf8,
2023-05-14,Total,,11.0,,,,,0.0,,,,,1.0,,,,,#545cf8,,,,
2023-05-14,Drift,,,11.0,,,,,0.0,,,,,,,,,,,,,
2023-05-14,_Drift,Drift,,,11.0,,,,,0.0,,,,,,,,,,,,
2023-05-14,Crypto,,,,,11.0,,,,,0.0,,,,,1.0,,,,,#545cf8,
2023-05-13,Total,,11.0,,,,,0.0,,,,,1.0,,,,,#545cf8,,,,
2023-05-13,Drift,,,11.0,,,,,0.0,,,,,,,,,,,,,
2023-05-13,_Drift,Drift,,,11.0,,,,,0.0,,,,,,,,,,,,
2023-05-13,Crypto,,,,,11.0,,,,,0.0,,,,,1.0,,,,,#545cf8,
2023-05-12,Total,,11.0,,,,,0.0,,,,,1.0,,,,,#545cf8,,,,
2023-05-12,Drift,,,11.0,,,,,0.0,,,,,,,,,,,,,
2023-05-12,_Drift,Drift,,,11.0,,,,,0.0,,,,,,,,,,,,
2023-05-12,Crypto,,,,,11.0,,,,,0.0,,,,,1.0,,,,,#545cf8,
2023-05-11,Total,,11.0,,,,,1.0,,,,,1.0,,,,,#545cf8,,,,
2023-05-11,Drift,,,11.0,,,,,1.0,,,,,,,,,,,,,
2023-05-11,_Drift,Drift,,,11.0,,,,,1.0,,,,,,,,,,,,
2023-05-11,Crypto,,,,,11.0,,,,,1.0,,,,,1.0,,,,,#545cf8,
2023-05-10,Total,,10.0,,,,,0.0,,,,,1.0,,,,,#545cf8,,,,
2023-05-10,Drift,,,10.0,,,,,0.0,,,,,,,,,,,,,
2023-05-10,_Drift,Drift,,,10.0,,,,,0.0,,,,,,,,,,,,
2023-05-10,Crypto,,,,,10.0,,,,,0.0,,,,,1.0,,,,,#545cf8,
2023-05-09,Total,,10.0,,,,,0.0,,,,,1.0,,,,,#545cf8,,,,
2023-05-09,Drift,,,10.0,,,,,0.0,,,,,,,,,,,,,
2023-05-09,_Drift,Drift,,,10.0,,,,,0.0,,,,,,,,,,,,
2023-05-09,Crypto,,,,,10.0,,,,,0.0,,,,,1.0,,,,,#545cf8,
2023-05-08,Total,,10.0,,,,,0.0,,,,,1.0,,,,,#545cf8,,,,
2023-05-08,Drift,,,10.0,,,,,0.0,,,,,,,,,,,,,
2023-05-08,_Drift,Drift,,,10.0,,,,,0.0,,,,,,,,,,,,
2023-05-08,Crypto,,,,,10.0,,,,,0.0,,,,,1.0,,,,,#545cf8,
2023-05-07,Total,,10.0,,,,,0.0,,,,,1.0,,,,,#545cf8,,,,
2023-05-07,Drift,,,10.0,,,,,0.0,,,,,,,,,,,,,
2023-05-07,_Drift,Drift,,,10.0,,,,,0.0,,,,,,,,,,,,
2023-05-07,Crypto,,,,,10.0,,,,,0.0,,,,,1.0,,,,,#545cf8,
2023-05-06,Total,,10.0,,,,,0.0,,,,,1.0,,,,,#545cf8,,,,
2023-05-06,Drift,,,10.0,,,,,0.0,,,,,,,,,,,,,
2023-05-06,_Drift,Drift,,,10.0,,,,,0.0,,,,,,,,,,,,
2023-05-06,Crypto,,,,,10.0,,,,,0.0,,,,,1.0,,,,,#545cf8,
2023-05-05,Total,,10.0,,,,,0.0,,,,,1.0,,,,,#545cf8,,,,
2023-05-05,Drift,,,10.0,,,,,0.0,,,,,,,,,,,,,
2023-05-05,_Drift,Drift,,,10.0,,,,,0.0,,,,,,,,,,,,
2023-05-05,Crypto,,,,,10.0,,,,,0.0,,,,,1.0,,,,,#545cf8,
2023-05-04,Total,,10.0,,,,,0.0,,,,,1.0,,,,,#545cf8,,,,
2023-05-04,Drift,,,10.0,,,,,0.0,,,,,,,,,,,,,
2023-05-04,_Drift,Drift,,,10.0,,,,,0.0,,,,,,,,,,,,
2023-05-04,Crypto,,,,,10.0,,,,,0.0,,,,,1.0,,,,,#545cf8,
2023-05-03,Total,,10.0,,,,,1.0,,,,,1.0,,,,,#545cf8,,,,
2023-05-03,Drift,,,10.0,,,,,1.0,,,,,,,,,,,,,
2023-05-03,_Drift,Drift,,,10.0,,,,,1.0,,,,,,,,,,,,
2023-05-03,Crypto,,,,,10.0,,,,,1.0,,,,,1.0,,,,,#545cf8,
2023-05-02,Total,,9.0,,,,,0.0,,,,,1.0,,,,,#545cf8,,,,
2023-05-02,Drift,,,9.0,,,,,0.0,,,,,,,,,,,,,
2023-05-02,_Drift,Drift,,,9.0,,,,,0.0,,,,,,,,,,,,
2023-05-02,Crypto,,,,,9.0,,,,,0.0,,,,,1.0,,,,,#545cf8,
2023-05-01,Total,,9.0,,,,,0.0,,,,,1.0,,,,,#545cf8,,,,
2023-05-01,Drift,,,9.0,,,,,0.0,,,,,,,,,,,,,
2023-05-01,_Drift,Drift,,,9.0,,,,,0.0,,,,,,,,,,,,
2023-05-01,Crypto,,,,,9.0,,,,,0.0,,,,,1.0,,,,,#545cf8,
2023-04-30,Total,,9.0,,,,,0.0,,,,,1.0,,,,,#545cf8,,,,
2023-04-30,Drift,,,9.0,,,,,0.0,,,,,,,,,,,,,
2023-04-30,_Drift,Drift,,,9.0,,,,,0.0,,,,,,,,,,,,
2023-04-30,Crypto,,,,,9.0,,,,,0.0,,,,,1.0,,,,,#545cf8,
2023-04-29,Total,,9.0,,,,,0.0,,,,,1.0,,,,,#545cf8,,,,
2023-04-29,Drift,,,9.0,,,,,0.0,,,,,,,,,,,,,
2023-04-29,_Drift,Drift,,,9.0,,,,,0.0,,,,,,,,,,,,
2023-04-29,Crypto,,,,,9.0,,,,,0.0,,,,,1.0,,,,,#545cf8,
2023-04-28,Total,,9.0,,,,,0.0,,,,,1.0,,,,,#545cf8,,,,
2023-04-28,Drift,,,9.0,,,,,0.0,,,,,,,,,,,,,
2023-04-28,_Drift,Drift,,,9.0,,,,,0.0,,,,,,,,,,,,
2023-04-28,Crypto,,,,,9.0,,,,,0.0,,,,,1.0,,,,,#545cf8,
2023-04-27,Total,,9.0,,,,,0.0,,,,,1.0,,,,,#545cf8,,,,
2023-04-27,Drift,,,9.0,,,,,0.0,,,,,,,,,,,,,
2023-04-27,_Drift,Drift,,,9.0,,,,,0.0,,,,,,,,,,,,
2023-04-27,Crypto,,,,,9.0,,,,,0.0,,,,,1.0,,,,,#545cf8,
2023-04-26,Total,,9.0,,,,,0.0,,,,,1.0,,,,,#545cf8,,,,
2023-04-26,Drift,,,9.0,,,,,0.0,,,,,,,,,,,,,
2023-04-26,_Drift,Drift,,,9.0,,,,,0.0,,,,,,,,,,,,
2023-04-26,Crypto,,,,,9.0,,,,,0.0,,,,,1.0,,,,,#545cf8,
2023-04-25,Total,,9.0,,,,,0.0,,,,,1.0,,,,,#545cf8,,,,
2023-04-25,Drift,,,9.0,,,,,0.0,,,,,,,,,,,,,
2023-04-25,_Drift,Drift,,,9.0,,,,,0.0,,,,,,,,,,,,
2023-04-25,Crypto,,,,,9.0,,,,,0.0,,,,,1.0,,,,,#545cf8,
2023-04-24,Total,,9.0,,,,,0.0,,,,,1.0,,,,,#545cf8,,,,
2023-04-24,Drift,,,9.0,,,,,0.0,,,,,,,,,,,,,
2023-04-24,_Drift,Drift,,,9.0,,,,,0.0,,,,,,,,,,,,
2023-04-24,Crypto,,,,,9.0,,,,,0.0,,,,,1.0,,,,,#545cf8,
2023-04-23,Total,,9.0,,,,,0.0,,,,,1.0,,,,,#545cf8,,,,
2023-04-23,Drift,,,9.0,,,,,0.0,,,,,,,,,,,,,
2023-04-23,_Drift,Drift,,,9.0,,,,,0.0,,,,,,,,,,,,
2023-04-23,Crypto,,,,,9.0,,,,,0.0,,,,,1.0,,,,,#545cf8,
2023-04-22,Total,,9.0,,,,,0.0,,,,,1.0,,,,,#545cf8,,,,
2023-04-22,Drift,,,9.0,,,,,0.0,,,,,,,,,,,,,
2023-04-22,_Drift,Drift,,,9.0,,,,,0.0,,,,,,,,,,,,
2023-04-22,Crypto,,,,,9.0,,,,,0.0,,,,,1.0,,,,,#545cf8,
2023-04-21,Total,,9.0,,,,,0.0,,,,,1.0,,,,,#545cf8,,,,
2023-04-21,Drift,,,9.0,,,,,0.0,,,,,,,,,,,,,
2023-04-21,_Drift,Drift,,,9.0,,,,,0.0,,,,,,,,,,,,
2023-04-21,Crypto,,,,,9.0,,,,,0.0,,,,,1.0,,,,,#545cf8,
2023-04-20,Total,,9.0,,,,,0.0,,,,,1.0,,,,,#545cf8,,,,
2023-04-20,Drift,,,9.0,,,,,0.0,,,,,,,,,,,,,
2023-04-20,_Drift,Drift,,,9.0,,,,,0.0,,,,,,,,,,,,
2023-04-20,Crypto,,,,,9.0,,,,,0.0,,,,,1.0,,,,,#545cf8,
2023-04-19,Total,,9.0,,,,,0.0,,,,,1.0,,,,,#545cf8,,,,
2023-04-19,Drift,,,9.0,,,,,0.0,,,,,,,,,,,,,
2023-04-19,_Drift,Drift,,,9.0,,,,,0.0,,,,,,,,,,,,
2023-04-19,Crypto,,,,,9.0,,,,,0.0,,,,,1.0,,,,,#545cf8,
2023-04-18,Total,,9.0,,,,,0.0,,,,,1.0,,,,,#545cf8,,,,
2023-04-18,Drift,,,9.0,,,,,0.0,,,,,,,,,,,,,
2023-04-18,_Drift,Drift,,,9.0,,,,,0.0,,,,,,,,,,,,
2023-04-18,Crypto,,,,,9.0,,,,,0.0,,,,,1.0,,,,,#545cf8,
2023-04-17,Total,,9.0,,,,,0.0,,,,,1.0,,,,,#545cf8,,,,
2023-04-17,Drift,,,9.0,,,,,0.0,,,,,,,,,,,,,
2023-04-17,_Drift,Drift,,,9.0,,,,,0.0,,,,,,,,,,,,
2023-04-17,Crypto,,,,,9.0,,,,,0.0,,,,,1.0,,,,,#545cf8,
2023-04-16,Total,,9.0,,,,,0.0,,,,,1.0,,,,,#545cf8,,,,
2023-04-16,Drift,,,9.0,,,,,0.0,,,,,,,,,,,,,
2023-04-16,_Drift,Drift,,,9.0,,,,,0.0,,,,,,,,,,,,
2023-04-16,Crypto,,,,,9.0,,,,,0.0,,,,,1.0,,,,,#545cf8,
2023-04-15,Total,,9.0,,,,,0.0,,,,,1.0,,,,,#545cf8,,,,
2023-04-15,Drift,,,9.0,,,,,0.0,,,,,,,,,,,,,
2023-04-15,_Drift,Drift,,,9.0,,,,,0.0,,,,,,,,,,,,
2023-04-15,Crypto,,,,,9.0,,,,,0.0,,,,,1.0,,,,,#545cf8,
2023-04-14,Total,,9.0,,,,,1.0,,,,,1.0,,,,,#545cf8,,,,
2023-04-14,Drift,,,9.0,,,,,1.0,,,,,,,,,,,,,
2023-04-14,_Drift,Drift,,,9.0,,,,,1.0,,,,,,,,,,,,
2023-04-14,Crypto,,,,,9.0,,,,,1.0,,,,,1.0,,,,,#545cf8,
2023-04-13,Total,,8.0,,,,,0.0,,,,,1.0,,,,,#545cf8,,,,
2023-04-13,Drift,,,8.0,,,,,0.0,,,,,,,,,,,,,
2023-04-13,_Drift,Drift,,,8.0,,,,,0.0,,,,,,,,,,,,
2023-04-13,Crypto,,,,,8.0,,,,,0.0,,,,,1.0,,,,,#545cf8,
2023-04-12,Total,,8.0,,,,,0.0,,,,,1.0,,,,,#545cf8,,,,
2023-04-12,Drift,,,8.0,,,,,0.0,,,,,,,,,,,,,
2023-04-12,_Drift,Drift,,,8.0,,,,,0.0,,,,,,,,,,,,
2023-04-12,Crypto,,,,,8.0,,,,,0.0,,,,,1.0,,,,,#545cf8,
2023-04-11,Total,,8.0,,,,,0.0,,,,,1.0,,,,,#545cf8,,,,
2023-04-11,Drift,,,8.0,,,,,0.0,,,,,,,,,,,,,
2023-04-11,_Drift,Drift,,,8.0,,,,,0.0,,,,,,,,,,,,
2023-04-11,Crypto,,,,,8.0,,,,,0.0,,,,,1.0,,,,,#545cf8,
2023-04-10,Total,,8.0,,,,,0.0,,,,,1.0,,,,,#545cf8,,,,
2023-04-10,Drift,,,8.0,,,,,0.0,,,,,,,,,,,,,
2023-04-10,_Drift,Drift,,,8.0,,,,,0.0,,,,,,,,,,,,
2023-04-10,Crypto,,,,,8.0,,,,,0.0,,,,,1.0,,,,,#545cf8,
2023-04-09,Total,,8.0,,,,,0.0,,,,,1.0,,,,,#545cf8,,,,
2023-04-09,Drift,,,8.0,,,,,0.0,,,,,,,,,,,,,
2023-04-09,_Drift,Drift,,,8.0,,,,,0.0,,,,,,,,,,,,
2023-04-09,Crypto,,,,,8.0,,,,,0.0,,,,,1.0,,,,,#545cf8,
2023-04-08,Total,,8.0,,,,,0.0,,,,,1.0,,,,,#545cf8,,,,
2023-04-08,Drift,,,8.0,,,,,0.0,,,,,,,,,,,,,
2023-04-08,_Drift,Drift,,,8.0,,,,,0.0,,,,,,,,,,,,
2023-04-08,Crypto,,,,,8.0,,,,,0.0,,,,,1.0,,,,,#545cf8,
2023-04-07,Total,,8.0,,,,,0.0,,,,,1.0,,,,,#545cf8,,,,
2023-04-07,Drift,,,8.0,,,,,0.0,,,,,,,,,,,,,
2023-04-07,_Drift,Drift,,,8.0,,,,,0.0,,,,,,,,,,,,
2023-04-07,Crypto,,,,,8.0,,,,,0.0,,,,,1.0,,,,,#545cf8,
2023-04-06,Total,,8.0,,,,,1.0,,,,,1.0,,,,,#545cf8,,,,
2023-04-06,Drift,,,8.0,,,,,1.0,,,,,,,,,,,,,
2023-04-06,_Drift,Drift,,,8.0,,,,,1.0,,,,,,,,,,,,
2023-04-06,Crypto,,,,,8.0,,,,,1.0,,,,,1.0,,,,,#545cf8,
2023-04-05,Total,,7.0,,,,,0.0,,,,,1.0,,,,,#545cf8,,,,
2023-04-05,Drift,,,7.0,,,,,0.0,,,,,,,,,,,,,
2023-04-05,_Drift,Drift,,,7.0,,,,,0.0,,,,,,,,,,,,
2023-04-05,Crypto,,,,,7.0,,,,,0.0,,,,,1.0,,,,,#545cf8,
2023-04-04,Total,,7.0,,,,,0.0,,,,,1.0,,,,,#545cf8,,,,
2023-04-04,Drift,,,7.0,,,,,0.0,,,,,,,,,,,,,
2023-04-04,_Drift,Drift,,,7.0,,,,,0.0,,,,,,,,,,,,
2023-04-04,Crypto,,,,,7.0,,,,,0.0,,,,,1.0,,,,,#545cf8,
2023-04-03,Total,,7.0,,,,,0.0,,,,,1.0,,,,,#545cf8,,,,
2023-04-03,Drift,,,7.0,,,,,0.0,,,,,,,,,,,,,
2023-04-03,_Drift,Drift,,,7.0,,,,,0.0,,,,,,,,,,,,
2023-04-03,Crypto,,,,,7.0,,,,,0.0,,,,,1.0,,,,,#545cf8,
2023-04-02,Total,,7.0,,,,,0.0,,,,,1.0,,,,,#545cf8,,,,
2023-04-02,Drift,,,7.0,,,,,0.0,,,,,,,,,,,,,
2023-04-02,_Drift,Drift,,,7.0,,,,,0.0,,,,,,,,,,,,
2023-04-02,Crypto,,,,,7.0,,,,,0.0,,,,,1.0,,,,,#545cf8,
2023-04-01,Total,,7.0,,,,,0.0,,,,,1.0,,,,,#545cf8,,,,
2023-04-01,Drift,,,7.0,,,,,0.0,,,,,,,,,,,,,
2023-04-01,_Drift,Drift,,,7.0,,,,,0.0,,,,,,,,,,,,
2023-04-01,Crypto,,,,,7.0,,,,,0.0,,,,,1.0,,,,,#545cf8,
2023-03-31,Total,,7.0,,,,,0.0,,,,,1.0,,,,,#545cf8,,,,
2023-03-31,Drift,,,7.0,,,,,0.0,,,,,,,,,,,,,
2023-03-31,_Drift,Drift,,,7.0,,,,,0.0,,,,,,,,,,,,
2023-03-31,Crypto,,,,,7.0,,,,,0.0,,,,,1.0,,,,,#545cf8,
2023-03-30,Total,,7.0,,,,,0.0,,,,,1.0,,,,,#545cf8,,,,
2023-03-30,Drift,,,7.0,,,,,0.0,,,,,,,,,,,,,
2023-03-30,_Drift,Drift,,,7.0,,,,,0.0,,,,,,,,,,,,
2023-03-30,Crypto,,,,,7.0,,,,,0.0,,,,,1.0,,,,,#545cf8,
2023-03-29,Total,,7.0,,,,,0.0,,,,,1.0,,,,,#545cf8,,,,
2023-03-29,Drift,,,7.0,,,,,0.0,,,,,,,,,,,,,
2023-03-29,_Drift,Drift,,,7.0,,,,,0.0,,,,,,,,,,,,
2023-03-29,Crypto,,,,,7.0,,,,,0.0,,,,,1.0,,,,,#545cf8,
2023-03-28,Total,,7.0,,,,,0.0,,,,,1.0,,,,,#545cf8,,,,
2023-03-28,Drift,,,7.0,,,,,0.0,,,,,,,,,,,,,
2023-03-28,_Drift,Drift,,,7.0,,,,,0.0,,,,,,,,,,,,
2023-03-28,Crypto,,,,,7.0,,,,,0.0,,,,,1.0,,,,,#545cf8,
2023-03-27,Total,,7.0,,,,,0.0,,,,,1.0,,,,,#545cf8,,,,
2023-03-27,Drift,,,7.0,,,,,0.0,,,,,,,,,,,,,
2023-03-27,_Drift,Drift,,,7.0,,,,,0.0,,,,,,,,,,,,
2023-03-27,Crypto,,,,,7.0,,,,,0.0,,,,,1.0,,,,,#545cf8,
2023-03-26,Total,,7.0,,,,,0.0,,,,,1.0,,,,,#545cf8,,,,
2023-03-26,Drift,,,7.0,,,,,0.0,,,,,,,,,,,,,
2023-03-26,_Drift,Drift,,,7.0,,,,,0.0,,,,,,,,,,,,
2023-03-26,Crypto,,,,,7.0,,,,,0.0,,,,,1.0,,,,,#545cf8,
2023-03-25,Total,,7.0,,,,,0.0,,,,,1.0,,,,,#545cf8,,,,
2023-03-25,Drift,,,7.0,,,,,0.0,,,,,,,,,,,,,
2023-03-25,_Drift,Drift,,,7.0,,,,,0.0,,,,,,,,,,,,
2023-03-25,Crypto,,,,,7.0,,,,,0.0,,,,,1.0,,,,,#545cf8,
2023-03-24,Total,,7.0,,,,,0.0,,,,,1.0,,,,,#545cf8,,,,
2023-03-24,Drift,,,7.0,,,,,0.0,,,,,,,,,,,,,
2023-03-24,_Drift,Drift,,,7.0,,,,,0.0,,,,,,,,,,,,
2023-03-24,Crypto,,,,,7.0,,,,,0.0,,,,,1.0,,,,,#545cf8,
2023-03-23,Total,,7.0,,,,,1.0,,,,,1.0,,,,,#545cf8,,,,
2023-03-23,Drift,,,7.0,,,,,1.0,,,,,,,,,,,,,
2023-03-23,_Drift,Drift,,,7.0,,,,,1.0,,,,,,,,,,,,
2023-03-23,Crypto,,,,,7.0,,,,,1.0,,,,,1.0,,,,,#545cf8,
2023-03-22,Total,,6.0,,,,,0.0,,,,,1.0,,,,,#545cf8,,,,
2023-03-22,Drift,,,6.0,,,,,0.0,,,,,,,,,,,,,
2023-03-22,_Drift,Drift,,,6.0,,,,,0.0,,,,,,,,,,,,
2023-03-22,Crypto,,,,,6.0,,,,,0.0,,,,,1.0,,,,,#545cf8,
2023-03-21,Total,,6.0,,,,,0.0,,,,,1.0,,,,,#545cf8,,,,
2023-03-21,Drift,,,6.0,,,,,0.0,,,,,,,,,,,,,
2023-03-21,_Drift,Drift,,,6.0,,,,,0.0,,,,,,,,,,,,
2023-03-21,Crypto,,,,,6.0,,,,,0.0,,,,,1.0,,,,,#545cf8,
2023-03-20,Total,,6.0,,,,,0.0,,,,,1.0,,,,,#545cf8,,,,
2023-03-20,Drift,,,6.0,,,,,0.0,,,,,,,,,,,,,
2023-03-20,_Drift,Drift,,,6.0,,,,,0.0,,,,,,,,,,,,
2023-03-20,Crypto,,,,,6.0,,,,,0.0,,,,,1.0,,,,,#545cf8,
2023-03-19,Total,,6.0,,,,,0.0,,,,,1.0,,,,,#545cf8,,,,
2023-03-19,Drift,,,6.0,,,,,0.0,,,,,,,,,,,,,
2023-03-19,_Drift,Drift,,,6.0,,,,,0.0,,,,,,,,,,,,
2023-03-19,Crypto,,,,,6.0,,,,,0.0,,,,,1.0,,,,,#545cf8,
2023-03-18,Total,,6.0,,,,,0.0,,,,,1.0,,,,,#545cf8,,,,
2023-03-18,Drift,,,6.0,,,,,0.0,,,,,,,,,,,,,
2023-03-18,_Drift,Drift,,,6.0,,,,,0.0,,,,,,,,,,,,
2023-03-18,Crypto,,,,,6.0,,,,,0.0,,,,,1.0,,,,,#545cf8,
2023-03-17,Total,,6.0,,,,,0.0,,,,,1.0,,,,,#545cf8,,,,
2023-03-17,Drift,,,6.0,,,,,0.0,,,,,,,,,,,,,
2023-03-17,_Drift,Drift,,,6.0,,,,,0.0,,,,,,,,,,,,
2023-03-17,Crypto,,,,,6.0,,,,,0.0,,,,,1.0,,,,,#545cf8,
2023-03-16,Total,,6.0,,,,,0.0,,,,,1.0,,,,,#545cf8,,,,
2023-03-16,Drift,,,6.0,,,,,0.0,,,,,,,,,,,,,
2023-03-16,_Drift,Drift,,,6.0,,,,,0.0,,,,,,,,,,,,
2023-03-16,Crypto,,,,,6.0,,,,,0.0,,,,,1.0,,,,,#545cf8,
2023-03-15,Total,,6.0,,,,,0.0,,,,,1.0,,,,,#545cf8,,,,
2023-03-15,Drift,,,6.0,,,,,0.0,,,,,,,,,,,,,
2023-03-15,_Drift,Drift,,,6.0,,,,,0.0,,,,,,,,,,,,
2023-03-15,Crypto,,,,,6.0,,,,,0.0,,,,,1.0,,,,,#545cf8,
2023-03-14,Total,,6.0,,,,,0.0,,,,,1.0,,,,,#545cf8,,,,
2023-03-14,Drift,,,6.0,,,,,0.0,,,,,,,,,,,,,
2023-03-14,_Drift,Drift,,,6.0,,,,,0.0,,,,,,,,,,,,
2023-03-14,Crypto,,,,,6.0,,,,,0.0,,,,,1.0,,,,,#545cf8,
2023-03-13,Total,,6.0,,,,,0.0,,,,,1.0,,,,,#545cf8,,,,
2023-03-13,Drift,,,6.0,,,,,0.0,,,,,,,,,,,,,
2023-03-13,_Drift,Drift,,,6.0,,,,,0.0,,,,,,,,,,,,
2023-03-13,Crypto,,,,,6.0,,,,,0.0,,,,,1.0,,,,,#545cf8,
2023-03-12,Total,,6.0,,,,,0.0,,,,,1.0,,,,,#545cf8,,,,
2023-03-12,Drift,,,6.0,,,,,0.0,,,,,,,,,,,,,
2023-03-12,_Drift,Drift,,,6.0,,,,,0.0,,,,,,,,,,,,
2023-03-12,Crypto,,,,,6.0,,,,,0.0,,,,,1.0,,,,,#545cf8,
2023-03-11,Total,,6.0,,,,,0.0,,,,,1.0,,,,,#545cf8,,,,
2023-03-11,Drift,,,6.0,,,,,0.0,,,,,,,,,,,,,
2023-03-11,_Drift,Drift,,,6.0,,,,,0.0,,,,,,,,,,,,
2023-03-11,Crypto,,,,,6.0,,,,,0.0,,,,,1.0,,,,,#545cf8,
2023-03-10,Total,,6.0,,,,,1.0,,,,,1.0,,,,,#545cf8,,,,
2023-03-10,Drift,,,6.0,,,,,1.0,,,,,,,,,,,,,
2023-03-10,_Drift,Drift,,,6.0,,,,,1.0,,,,,,,,,,,,
2023-03-10,Crypto,,,,,6.0,,,,,1.0,,,,,1.0,,,,,#545cf8,
2023-03-09,Total,,5.0,,,,,0.0,,,,,1.0,,,,,#545cf8,,,,
2023-03-09,Drift,,,5.0,,,,,0.0,,,,,,,,,,,,,
2023-03-09,_Drift,Drift,,,5.0,,,,,0.0,,,,,,,,,,,,
2023-03-09,Crypto,,,,,5.0,,,,,0.0,,,,,1.0,,,,,#545cf8,
2023-03-08,Total,,5.0,,,,,0.0,,,,,1.0,,,,,#545cf8,,,,
2023-03-08,Drift,,,5.0,,,,,0.0,,,,,,,,,,,,,
2023-03-08,_Drift,Drift,,,5.0,,,,,0.0,,,,,,,,,,,,
2023-03-08,Crypto,,,,,5.0,,,,,0.0,,,,,1.0,,,,,#545cf8,
2023-03-07,Total,,5.0,,,,,0.0,,,,,1.0,,,,,#545cf8,,,,
2023-03-07,Drift,,,5.0,,,,,0.0,,,,,,,,,,,,,
2023-03-07,_Drift,Drift,,,5.0,,,,,0.0,,,,,,,,,,,,
2023-03-07,Crypto,,,,,5.0,,,,,0.0,,,,,1.0,,,,,#545cf8,
2023-03-06,Total,,5.0,,,,,0.0,,,,,1.0,,,,,#545cf8,,,,
2023-03-06,Drift,,,5.0,,,,,0.0,,,,,,,,,,,,,
2023-03-06,_Drift,Drift,,,5.0,,,,,0.0,,,,,,,,,,,,
2023-03-06,Crypto,,,,,5.0,,,,,0.0,,,,,1.0,,,,,#545cf8,
2023-03-05,Total,,5.0,,,,,0.0,,,,,1.0,,,,,#545cf8,,,,
2023-03-05,Drift,,,5.0,,,,,0.0,,,,,,,,,,,,,
2023-03-05,_Drift,Drift,,,5.0,,,,,0.0,,,,,,,,,,,,
2023-03-05,Crypto,,,,,5.0,,,,,0.0,,,,,1.0,,,,,#545cf8,
2023-03-04,Total,,5.0,,,,,0.0,,,,,1.0,,,,,#545cf8,,,,
2023-03-04,Drift,,,5.0,,,,,0.0,,,,,,,,,,,,,
2023-03-04,_Drift,Drift,,,5.0,,,,,0.0,,,,,,,,,,,,
2023-03-04,Crypto,,,,,5.0,,,,,0.0,,,,,1.0,,,,,#545cf8,
2023-03-03,Total,,5.0,,,,,0.0,,,,,1.0,,,,,#545cf8,,,,
2023-03-03,Drift,,,5.0,,,,,0.0,,,,,,,,,,,,,
2023-03-03,_Drift,Drift,,,5.0,,,,,0.0,,,,,,,,,,,,
2023-03-03,Crypto,,,,,5.0,,,,,0.0,,,,,1.0,,,,,#545cf8,
2023-03-02,Total,,5.0,,,,,0.0,,,,,1.0,,,,,#545cf8,,,,
2023-03-02,Drift,,,5.0,,,,,0.0,,,,,,,,,,,,,
2023-03-02,_Drift,Drift,,,5.0,,,,,0.0,,,,,,,,,,,,
2023-03-02,Crypto,,,,,5.0,,,,,0.0,,,,,1.0,,,,,#545cf8,
2023-03-01,Total,,5.0,,,,,1.0,,,,,1.0,,,,,#545cf8,,,,
2023-03-01,Drift,,,5.0,,,,,1.0,,,,,,,,,,,,,
2023-03-01,_Drift,Drift,,,5.0,,,,,1.0,,,,,,,,,,,,
2023-03-01,Crypto,,,,,5.0,,,,,1.0,,,,,1.0,,,,,#545cf8,
2023-02-28,Total,,4.0,,,,,0.0,,,,,1.0,,,,,#545cf8,,,,
2023-02-28,Drift,,,4.0,,,,,0.0,,,,,,,,,,,,,
2023-02-28,_Drift,Drift,,,4.0,,,,,0.0,,,,,,,,,,,,
2023-02-28,Crypto,,,,,4.0,,,,,0.0,,,,,1.0,,,,,#545cf8,
2023-02-27,Total,,4.0,,,,,0.0,,,,,1.0,,,,,#545cf8,,,,
2023-02-27,Drift,,,4.0,,,,,0.0,,,,,,,,,,,,,
2023-02-27,_Drift,Drift,,,4.0,,,,,0.0,,,,,,,,,,,,
2023-02-27,Crypto,,,,,4.0,,,,,0.0,,,,,1.0,,,,,#545cf8,
2023-02-26,Total,,4.0,,,,,0.0,,,,,1.0,,,,,#545cf8,,,,
2023-02-26,Drift,,,4.0,,,,,0.0,,,,,,,,,,,,,
2023-02-26,_Drift,Drift,,,4.0,,,,,0.0,,,,,,,,,,,,
2023-02-26,Crypto,,,,,4.0,,,,,0.0,,,,,1.0,,,,,#545cf8,
2023-02-25,Total,,4.0,,,,,0.0,,,,,1.0,,,,,#545cf8,,,,
2023-02-25,Drift,,,4.0,,,,,0.0,,,,,,,,,,,,,
2023-02-25,_Drift,Drift,,,4.0,,,,,0.0,,,,,,,,,,,,
2023-02-25,Crypto,,,,,4.0,,,,,0.0,,,,,1.0,,,,,#545cf8,
2023-02-24,Total,,4.0,,,,,0.0,,,,,1.0,,,,,#545cf8,,,,
2023-02-24,Drift,,,4.0,,,,,0.0,,,,,,,,,,,,,
2023-02-24,_Drift,Drift,,,4.0,,,,,0.0,,,,,,,,,,,,
2023-02-24,Crypto,,,,,4.0,,,,,0.0,,,,,1.0,,,,,#545cf8,
2023-02-23,Total,,4.0,,,,,0.0,,,,,1.0,,,,,#545cf8,,,,
2023-02-23,Drift,,,4.0,,,,,0.0,,,,,,,,,,,,,
2023-02-23,_Drift,Drift,,,4.0,,,,,0.0,,,,,,,,,,,,
2023-02-23,Crypto,,,,,4.0,,,,,0.0,,,,,1.0,,,,,#545cf8,
2023-02-22,Total,,4.0,,,,,0.0,,,,,1.0,,,,,#545cf8,,,,
2023-02-22,Drift,,,4.0,,,,,0.0,,,,,,,,,,,,,
2023-02-22,_Drift,Drift,,,4.0,,,,,0.0,,,,,,,,,,,,
2023-02-22,Crypto,,,,,4.0,,,,,0.0,,,,,1.0,,,,,#545cf8,
2023-02-21,Total,,4.0,,,,,0.0,,,,,1.0,,,,,#545cf8,,,,
2023-02-21,Drift,,,4.0,,,,,0.0,,,,,,,,,,,,,
2023-02-21,_Drift,Drift,,,4.0,,,,,0.0,,,,,,,,,,,,
2023-02-21,Crypto,,,,,4.0,,,,,0.0,,,,,1.0,,,,,#545cf8,
2023-02-20,Total,,4.0,,,,,0.0,,,,,1.0,,,,,#545cf8,,,,
2023-02-20,Drift,,,4.0,,,,,0.0,,,,,,,,,,,,,
2023-02-20,_Drift,Drift,,,4.0,,,,,0.0,,,,,,,,,,,,
2023-02-20,Crypto,,,,,4.0,,,,,0.0,,,,,1.0,,,,,#545cf8,
2023-02-19,Total,,4.0,,,,,0.0,,,,,1.0,,,,,#545cf8,,,,
2023-02-19,Drift,,,4.0,,,,,0.0,,,,,,,,,,,,,
2023-02-19,_Drift,Drift,,,4.0,,,,,0.0,,,,,,,,,,,,
2023-02-19,Crypto,,,,,4.0,,,,,0.0,,,,,1.0,,,,,#545cf8,
2023-02-18,Total,,4.0,,,,,0.0,,,,,1.0,,,,,#545cf8,,,,
2023-02-18,Drift,,,4.0,,,,,0.0,,,,,,,,,,,,,
2023-02-18,_Drift,Drift,,,4.0,,,,,0.0,,,,,,,,,,,,
2023-02-18,Crypto,,,,,4.0,,,,,0.0,,,,,1.0,,,,,#545cf8,
2023-02-17,Total,,4.0,,,,,0.0,,,,,1.0,,,,,#545cf8,,,,
2023-02-17,Drift,,,4.0,,,,,0.0,,,,,,,,,,,,,
2023-02-17,_Drift,Drift,,,4.0,,,,,0.0,,,,,,,,,,,,
2023-02-17,Crypto,,,,,4.0,,,,,0.0,,,,,1.0,,,,,#545cf8,
2023-02-16,Total,,4.0,,,,,0.0,,,,,1.0,,,,,#545cf8,,,,
2023-02-16,Drift,,,4.0,,,,,0.0,,,,,,,,,,,,,
2023-02-16,_Drift,Drift,,,4.0,,,,,0.0,,,,,,,,,,,,
2023-02-16,Crypto,,,,,4.0,,,,,0.0,,,,,1.0,,,,,#545cf8,
2023-02-15,Total,,4.0,,,,,0.0,,,,,1.0,,,,,#545cf8,,,,
2023-02-15,Drift,,,4.0,,,,,0.0,,,,,,,,,,,,,
2023-02-15,_Drift,Drift,,,4.0,,,,,0.0,,,,,,,,,,,,
2023-02-15,Crypto,,,,,4.0,,,,,0.0,,,,,1.0,,,,,#545cf8,
2023-02-14,Total,,4.0,,,,,0.0,,,,,1.0,,,,,#545cf8,,,,
2023-02-14,Drift,,,4.0,,,,,0.0,,,,,,,,,,,,,
2023-02-14,_Drift,Drift,,,4.0,,,,,0.0,,,,,,,,,,,,
2023-02-14,Crypto,,,,,4.0,,,,,0.0,,,,,1.0,,,,,#545cf8,
2023-02-13,Total,,4.0,,,,,0.0,,,,,1.0,,,,,#545cf8,,,,
2023-02-13,Drift,,,4.0,,,,,0.0,,,,,,,,,,,,,
2023-02-13,_Drift,Drift,,,4.0,,,,,0.0,,,,,,,,,,,,
2023-02-13,Crypto,,,,,4.0,,,,,0.0,,,,,1.0,,,,,#545cf8,
2023-02-12,Total,,4.0,,,,,0.0,,,,,1.0,,,,,#545cf8,,,,
2023-02-12,Drift,,,4.0,,,,,0.0,,,,,,,,,,,,,
2023-02-12,_Drift,Drift,,,4.0,,,,,0.0,,,,,,,,,,,,
2023-02-12,Crypto,,,,,4.0,,,,,0.0,,,,,1.0,,,,,#545cf8,
2023-02-11,Total,,4.0,,,,,0.0,,,,,1.0,,,,,#545cf8,,,,
2023-02-11,Drift,,,4.0,,,,,0.0,,,,,,,,,,,,,
2023-02-11,_Drift,Drift,,,4.0,,,,,0.0,,,,,,,,,,,,
2023-02-11,Crypto,,,,,4.0,,,,,0.0,,,,,1.0,,,,,#545cf8,
2023-02-10,Total,,4.0,,,,,0.0,,,,,1.0,,,,,#545cf8,,,,
2023-02-10,Drift,,,4.0,,,,,0.0,,,,,,,,,,,,,
2023-02-10,_Drift,Drift,,,4.0,,,,,0.0,,,,,,,,,,,,
2023-02-10,Crypto,,,,,4.0,,,,,0.0,,,,,1.0,,,,,#545cf8,
2023-02-09,Total,,4.0,,,,,0.0,,,,,1.0,,,,,#545cf8,,,,
2023-02-09,Drift,,,4.0,,,,,0.0,,,,,,,,,,,,,
2023-02-09,_Drift,Drift,,,4.0,,,,,0.0,,,,,,,,,,,,
2023-02-09,Crypto,,,,,4.0,,,,,0.0,,,,,1.0,,,,,#545cf8,
2023-02-08,Total,,4.0,,,,,1.0,,,,,1.0,,,,,#545cf8,,,,
2023-02-08,Drift,,,4.0,,,,,1.0,,,,,,,,,,,,,
2023-02-08,_Drift,Drift,,,4.0,,,,,1.0,,,,,,,,,,,,
2023-02-08,Crypto,,,,,4.0,,,,,1.0,,,,,1.0,,,,,#545cf8,
2023-02-07,Total,,3.0,,,,,0.0,,,,,1.0,,,,,#545cf8,,,,
2023-02-07,Drift,,,3.0,,,,,0.0,,,,,,,,,,,,,
2023-02-07,_Drift,Drift,,,3.0,,,,,0.0,,,,,,,,,,,,
2023-02-07,Crypto,,,,,3.0,,,,,0.0,,,,,1.0,,,,,#545cf8,
2023-02-06,Total,,3.0,,,,,0.0,,,,,1.0,,,,,#545cf8,,,,
2023-02-06,Drift,,,3.0,,,,,0.0,,,,,,,,,,,,,
2023-02-06,_Drift,Drift,,,3.0,,,,,0.0,,,,,,,,,,,,
2023-02-06,Crypto,,,,,3.0,,,,,0.0,,,,,1.0,,,,,#545cf8,
2023-02-05,Total,,3.0,,,,,0.0,,,,,1.0,,,,,#545cf8,,,,
2023-02-05,Drift,,,3.0,,,,,0.0,,,,,,,,,,,,,
2023-02-05,_Drift,Drift,,,3.0,,,,,0.0,,,,,,,,,,,,
2023-02-05,Crypto,,,,,3.0,,,,,0.0,,,,,1.0,,,,,#545cf8,
2023-02-04,Total,,3.0,,,,,0.0,,,,,1.0,,,,,#545cf8,,,,
2023-02-04,Drift,,,3.0,,,,,0.0,,,,,,,,,,,,,
2023-02-04,_Drift,Drift,,,3.0,,,,,0.0,,,,,,,,,,,,
2023-02-04,Crypto,,,,,3.0,,,,,0.0,,,,,1.0,,,,,#545cf8,
2023-02-03,Total,,3.0,,,,,0.0,,,,,1.0,,,,,#545cf8,,,,
2023-02-03,Drift,,,3.0,,,,,0.0,,,,,,,,,,,,,
2023-02-03,_Drift,Drift,,,3.0,,,,,0.0,,,,,,,,,,,,
2023-02-03,Crypto,,,,,3.0,,,,,0.0,,,,,1.0,,,,,#545cf8,
2023-02-02,Total,,3.0,,,,,0.0,,,,,1.0,,,,,#545cf8,,,,
2023-02-02,Drift,,,3.0,,,,,0.0,,,,,,,,,,,,,
2023-02-02,_Drift,Drift,,,3.0,,,,,0.0,,,,,,,,,,,,
2023-02-02,Crypto,,,,,3.0,,,,,0.0,,,,,1.0,,,,,#545cf8,
2023-02-01,Total,,3.0,,,,,0.0,,,,,1.0,,,,,#545cf8,,,,
2023-02-01,Drift,,,3.0,,,,,0.0,,,,,,,,,,,,,
2023-02-01,_Drift,Drift,,,3.0,,,,,0.0,,,,,,,,,,,,
2023-02-01,Crypto,,,,,3.0,,,,,0.0,,,,,1.0,,,,,#545cf8,
2023-01-31,Total,,3.0,,,,,0.0,,,,,1.0,,,,,#545cf8,,,,
2023-01-31,Drift,,,3.0,,,,,0.0,,,,,,,,,,,,,
2023-01-31,_Drift,Drift,,,3.0,,,,,0.0,,,,,,,,,,,,
2023-01-31,Crypto,,,,,3.0,,,,,0.0,,,,,1.0,,,,,#545cf8,
2023-01-30,Total,,3.0,,,,,0.0,,,,,1.0,,,,,#545cf8,,,,
2023-01-30,Drift,,,3.0,,,,,0.0,,,,,,,,,,,,,
2023-01-30,_Drift,Drift,,,3.0,,,,,0.0,,,,,,,,,,,,
2023-01-30,Crypto,,,,,3.0,,,,,0.0,,,,,1.0,,,,,#545cf8,
2023-01-29,Total,,3.0,,,,,0.0,,,,,1.0,,,,,#545cf8,,,,
2023-01-29,Drift,,,3.0,,,,,0.0,,,,,,,,,,,,,
2023-01-29,_Drift,Drift,,,3.0,,,,,0.0,,,,,,,,,,,,
2023-01-29,Crypto,,,,,3.0,,,,,0.0,,,,,1.0,,,,,#545cf8,
2023-01-28,Total,,3.0,,,,,0.0,,,,,1.0,,,,,#545cf8,,,,
2023-01-28,Drift,,,3.0,,,,,0.0,,,,,,,,,,,,,
2023-01-28,_Drift,Drift,,,3.0,,,,,0.0,,,,,,,,,,,,
2023-01-28,Crypto,,,,,3.0,,,,,0.0,,,,,1.0,,,,,#545cf8,
2023-01-27,Total,,3.0,,,,,0.0,,,,,1.0,,,,,#545cf8,,,,
2023-01-27,Drift,,,3.0,,,,,0.0,,,,,,,,,,,,,
2023-01-27,_Drift,Drift,,,3.0,,,,,0.0,,,,,,,,,,,,
2023-01-27,Crypto,,,,,3.0,,,,,0.0,,,,,1.0,,,,,#545cf8,
2023-01-26,Total,,3.0,,,,,0.0,,,,,1.0,,,,,#545cf8,,,,
2023-01-26,Drift,,,3.0,,,,,0.0,,,,,,,,,,,,,
2023-01-26,_Drift,Drift,,,3.0,,,,,0.0,,,,,,,,,,,,
2023-01-26,Crypto,,,,,3.0,,,,,0.0,,,,,1.0,,,,,#545cf8,
2023-01-25,Total,,3.0,,,,,0.0,,,,,1.0,,,,,#545cf8,,,,
2023-01-25,Drift,,,3.0,,,,,0.0,,,,,,,,,,,,,
2023-01-25,_Drift,Drift,,,3.0,,,,,0.0,,,,,,,,,,,,
2023-01-25,Crypto,,,,,3.0,,,,,0.0,,,,,1.0,,,,,#545cf8,
2023-01-24,Total,,3.0,,,,,0.0,,,,,1.0,,,,,#545cf8,,,,
2023-01-24,Drift,,,3.0,,,,,0.0,,,,,,,,,,,,,
2023-01-24,_Drift,Drift,,,3.0,,,,,0.0,,,,,,,,,,,,
2023-01-24,Crypto,,,,,3.0,,,,,0.0,,,,,1.0,,,,,#545cf8,
2023-01-23,Total,,3.0,,,,,0.0,,,,,1.0,,,,,#545cf8,,,,
2023-01-23,Drift,,,3.0,,,,,0.0,,,,,,,,,,,,,
2023-01-23,_Drift,Drift,,,3.0,,,,,0.0,,,,,,,,,,,,
2023-01-23,Crypto,,,,,3.0,,,,,0.0,,,,,1.0,,,,,#545cf8,
2023-01-22,Total,,3.0,,,,,0.0,,,,,1.0,,,,,#545cf8,,,,
2023-01-22,Drift,,,3.0,,,,,0.0,,,,,,,,,,,,,
2023-01-22,_Drift,Drift,,,3.0,,,,,0.0,,,,,,,,,,,,
2023-01-22,Crypto,,,,,3.0,,,,,0.0,,,,,1.0,,,,,#545cf8,
2023-01-21,Total,,3.0,,,,,0.0,,,,,1.0,,,,,#545cf8,,,,
2023-01-21,Drift,,,3.0,,,,,0.0,,,,,,,,,,,,,
2023-01-21,_Drift,Drift,,,3.0,,,,,0.0,,,,,,,,,,,,
2023-01-21,Crypto,,,,,3.0,,,,,0.0,,,,,1.0,,,,,#545cf8,
2023-01-20,Total,,3.0,,,,,0.0,,,,,1.0,,,,,#545cf8,,,,
2023-01-20,Drift,,,3.0,,,,,0.0,,,,,,,,,,,,,
2023-01-20,_Drift,Drift,,,3.0,,,,,0.0,,,,,,,,,,,,
2023-01-20,Crypto,,,,,3.0,,,,,0.0,,,,,1.0,,,,,#545cf8,
2023-01-19,Total,,3.0,,,,,0.0,,,,,1.0,,,,,#545cf8,,,,
2023-01-19,Drift,,,3.0,,,,,0.0,,,,,,,,,,,,,
2023-01-19,_Drift,Drift,,,3.0,,,,,0.0,,,,,,,,,,,,
2023-01-19,Crypto,,,,,3.0,,,,,0.0,,,,,1.0,,,,,#545cf8,
2023-01-18,Total,,3.0,,,,,0.0,,,,,1.0,,,,,#545cf8,,,,
2023-01-18,Drift,,,3.0,,,,,0.0,,,,,,,,,,,,,
2023-01-18,_Drift,Drift,,,3.0,,,,,0.0,,,,,,,,,,,,
2023-01-18,Crypto,,,,,3.0,,,,,0.0,,,,,1.0,,,,,#545cf8,
2023-01-17,Total,,3.0,,,,,0.0,,,,,1.0,,,,,#545cf8,,,,
2023-01-17,Drift,,,3.0,,,,,0.0,,,,,,,,,,,,,
2023-01-17,_Drift,Drift,,,3.0,,,,,0.0,,,,,,,,,,,,
2023-01-17,Crypto,,,,,3.0,,,,,0.0,,,,,1.0,,,,,#545cf8,
2023-01-16,Total,,3.0,,,,,0.0,,,,,1.0,,,,,#545cf8,,,,
2023-01-16,Drift,,,3.0,,,,,0.0,,,,,,,,,,,,,
2023-01-16,_Drift,Drift,,,3.0,,,,,0.0,,,,,,,,,,,,
2023-01-16,Crypto,,,,,3.0,,,,,0.0,,,,,1.0,,,,,#545cf8,
2023-01-15,Total,,3.0,,,,,0.0,,,,,1.0,,,,,#545cf8,,,,
2023-01-15,Drift,,,3.0,,,,,0.0,,,,,,,,,,,,,
2023-01-15,_Drift,Drift,,,3.0,,,,,0.0,,,,,,,,,,,,
2023-01-15,Crypto,,,,,3.0,,,,,0.0,,,,,1.0,,,,,#545cf8,
2023-01-14,Total,,3.0,,,,,0.0,,,,,1.0,,,,,#545cf8,,,,
2023-01-14,Drift,,,3.0,,,,,0.0,,,,,,,,,,,,,
2023-01-14,_Drift,Drift,,,3.0,,,,,0.0,,,,,,,,,,,,
2023-01-14,Crypto,,,,,3.0,,,,,0.0,,,,,1.0,,,,,#545cf8,
2023-01-13,Total,,3.0,,,,,0.0,,,,,1.0,,,,,#545cf8,,,,
2023-01-13,Drift,,,3.0,,,,,0.0,,,,,,,,,,,,,
2023-01-13,_Drift,Drift,,,3.0,,,,,0.0,,,,,,,,,,,,
2023-01-13,Crypto,,,,,3.0,,,,,0.0,,,,,1.0,,,,,#545cf8,
2023-01-12,Total,,3.0,,,,,0.0,,,,,1.0,,,,,#545cf8,,,,
2023-01-12,Drift,,,3.0,,,,,0.0,,,,,,,,,,,,,
2023-01-12,_Drift,Drift,,,3.0,,,,,0.0,,,,,,,,,,,,
2023-01-12,Crypto,,,,,3.0,,,,,0.0,,,,,1.0,,,,,#545cf8,
2023-01-11,Total,,3.0,,,,,0.0,,,,,1.0,,,,,#545cf8,,,,
2023-01-11,Drift,,,3.0,,,,,0.0,,,,,,,,,,,,,
2023-01-11,_Drift,Drift,,,3.0,,,,,0.0,,,,,,,,,,,,
2023-01-11,Crypto,,,,,3.0,,,,,0.0,,,,,1.0,,,,,#545cf8,
2023-01-10,Total,,3.0,,,,,0.0,,,,,1.0,,,,,#545cf8,,,,
2023-01-10,Drift,,,3.0,,,,,0.0,,,,,,,,,,,,,
2023-01-10,_Drift,Drift,,,3.0,,,,,0.0,,,,,,,,,,,,
2023-01-10,Crypto,,,,,3.0,,,,,0.0,,,,,1.0,,,,,#545cf8,
2023-01-09,Total,,3.0,,,,,0.0,,,,,1.0,,,,,#545cf8,,,,
2023-01-09,Drift,,,3.0,,,,,0.0,,,,,,,,,,,,,
2023-01-09,_Drift,Drift,,,3.0,,,,,0.0,,,,,,,,,,,,
2023-01-09,Crypto,,,,,3.0,,,,,0.0,,,,,1.0,,,,,#545cf8,
2023-01-08,Total,,3.0,,,,,0.0,,,,,1.0,,,,,#545cf8,,,,
2023-01-08,Drift,,,3.0,,,,,0.0,,,,,,,,,,,,,
2023-01-08,_Drift,Drift,,,3.0,,,,,0.0,,,,,,,,,,,,
2023-01-08,Crypto,,,,,3.0,,,,,0.0,,,,,1.0,,,,,#545cf8,
2023-01-07,Total,,3.0,,,,,0.0,,,,,1.0,,,,,#545cf8,,,,
2023-01-07,Drift,,,3.0,,,,,0.0,,,,,,,,,,,,,
2023-01-07,_Drift,Drift,,,3.0,,,,,0.0,,,,,,,,,,,,
2023-01-07,Crypto,,,,,3.0,,,,,0.0,,,,,1.0,,,,,#545cf8,
2023-01-06,Total,,3.0,,,,,0.0,,,,,1.0,,,,,#545cf8,,,,
2023-01-06,Drift,,,3.0,,,,,0.0,,,,,,,,,,,,,
2023-01-06,_Drift,Drift,,,3.0,,,,,0.0,,,,,,,,,,,,
2023-01-06,Crypto,,,,,3.0,,,,,0.0,,,,,1.0,,,,,#545cf8,
2023-01-05,Total,,3.0,,,,,0.0,,,,,1.0,,,,,#545cf8,,,,
2023-01-05,Drift,,,3.0,,,,,0.0,,,,,,,,,,,,,
2023-01-05,_Drift,Drift,,,3.0,,,,,0.0,,,,,,,,,,,,
2023-01-05,Crypto,,,,,3.0,,,,,0.0,,,,,1.0,,,,,#545cf8,
2023-01-04,Total,,3.0,,,,,0.0,,,,,1.0,,,,,#545cf8,,,,
2023-01-04,Drift,,,3.0,,,,,0.0,,,,,,,,,,,,,
2023-01-04,_Drift,Drift,,,3.0,,,,,0.0,,,,,,,,,,,,
2023-01-04,Crypto,,,,,3.0,,,,,0.0,,,,,1.0,,,,,#545cf8,
2023-01-03,Total,,3.0,,,,,0.0,,,,,1.0,,,,,#545cf8,,,,
2023-01-03,Drift,,,3.0,,,,,0.0,,,,,,,,,,,,,
2023-01-03,_Drift,Drift,,,3.0,,,,,0.0,,,,,,,,,,,,
2023-01-03,Crypto,,,,,3.0,,,,,0.0,,,,,1.0,,,,,#545cf8,
2023-01-02,Total,,3.0,,,,,0.0,,,,,1.0,,,,,#545cf8,,,,
2023-01-02,Drift,,,3.0,,,,,0.0,,,,,,,,,,,,,
2023-01-02,_Drift,Drift,,,3.0,,,,,0.0,,,,,,,,,,,,
2023-01-02,Crypto,,,,,3.0,,,,,0.0,,,,,1.0,,,,,#545cf8,
2023-01-01,Total,,3.0,,,,,0.0,,,,,1.0,,,,,#545cf8,,,,
2023-01-01,Drift,,,3.0,,,,,0.0,,,,,,,,,,,,,
2023-01-01,_Drift,Drift,,,3.0,,,,,0.0,,,,,,,,,,,,
2023-01-01,Crypto,,,,,3.0,,,,,0.0,,,,,1.0,,,,,#545cf8,
2022-12-31,Total,,3.0,,,,,0.0,,,,,1.0,,,,,#545cf8,,,,
2022-12-31,Drift,,,3.0,,,,,0.0,,,,,,,,,,,,,
2022-12-31,_Drift,Drift,,,3.0,,,,,0.0,,,,,,,,,,,,
2022-12-31,Crypto,,,,,3.0,,,,,0.0,,,,,1.0,,,,,#545cf8,
2022-12-30,Total,,3.0,,,,,0.0,,,,,1.0,,,,,#545cf8,,,,
2022-12-30,Drift,,,3.0,,,,,0.0,,,,,,,,,,,,,
2022-12-30,_Drift,Drift,,,3.0,,,,,0.0,,,,,,,,,,,,
2022-12-30,Crypto,,,,,3.0,,,,,0.0,,,,,1.0,,,,,#545cf8,
2022-12-29,Total,,3.0,,,,,0.0,,,,,1.0,,,,,#545cf8,,,,
2022-12-29,Drift,,,3.0,,,,,0.0,,,,,,,,,,,,,
2022-12-29,_Drift,Drift,,,3.0,,,,,0.0,,,,,,,,,,,,
2022-12-29,Crypto,,,,,3.0,,,,,0.0,,,,,1.0,,,,,#545cf8,
2022-12-28,Total,,3.0,,,,,0.0,,,,,1.0,,,,,#545cf8,,,,
2022-12-28,Drift,,,3.0,,,,,0.0,,,,,,,,,,,,,
2022-12-28,_Drift,Drift,,,3.0,,,,,0.0,,,,,,,,,,,,
2022-12-28,Crypto,,,,,3.0,,,,,0.0,,,,,1.0,,,,,#545cf8,
2022-12-27,Total,,3.0,,,,,0.0,,,,,1.0,,,,,#545cf8,,,,
2022-12-27,Drift,,,3.0,,,,,0.0,,,,,,,,,,,,,
2022-12-27,_Drift,Drift,,,3.0,,,,,0.0,,,,,,,,,,,,
2022-12-27,Crypto,,,,,3.0,,,,,0.0,,,,,1.0,,,,,#545cf8,
2022-12-26,Total,,3.0,,,,,0.0,,,,,1.0,,,,,#545cf8,,,,
2022-12-26,Drift,,,3.0,,,,,0.0,,,,,,,,,,,,,
2022-12-26,_Drift,Drift,,,3.0,,,,,0.0,,,,,,,,,,,,
2022-12-26,Crypto,,,,,3.0,,,,,0.0,,,,,1.0,,,,,#545cf8,
2022-12-25,Total,,3.0,,,,,0.0,,,,,1.0,,,,,#545cf8,,,,
2022-12-25,Drift,,,3.0,,,,,0.0,,,,,,,,,,,,,
2022-12-25,_Drift,Drift,,,3.0,,,,,0.0,,,,,,,,,,,,
2022-12-25,Crypto,,,,,3.0,,,,,0.0,,,,,1.0,,,,,#545cf8,
2022-12-24,Total,,3.0,,,,,0.0,,,,,1.0,,,,,#545cf8,,,,
2022-12-24,Drift,,,3.0,,,,,0.0,,,,,,,,,,,,,
2022-12-24,_Drift,Drift,,,3.0,,,,,0.0,,,,,,,,,,,,
2022-12-24,Crypto,,,,,3.0,,,,,0.0,,,,,1.0,,,,,#545cf8,
2022-12-23,Total,,3.0,,,,,0.0,,,,,1.0,,,,,#545cf8,,,,
2022-12-23,Drift,,,3.0,,,,,0.0,,,,,,,,,,,,,
2022-12-23,_Drift,Drift,,,3.0,,,,,0.0,,,,,,,,,,,,
2022-12-23,Crypto,,,,,3.0,,,,,0.0,,,,,1.0,,,,,#545cf8,
2022-12-22,Total,,3.0,,,,,0.0,,,,,1.0,,,,,#545cf8,,,,
2022-12-22,Drift,,,3.0,,,,,0.0,,,,,,,,,,,,,
2022-12-22,_Drift,Drift,,,3.0,,,,,0.0,,,,,,,,,,,,
2022-12-22,Crypto,,,,,3.0,,,,,0.0,,,,,1.0,,,,,#545cf8,
2022-12-21,Total,,3.0,,,,,0.0,,,,,1.0,,,,,#545cf8,,,,
2022-12-21,Drift,,,3.0,,,,,0.0,,,,,,,,,,,,,
2022-12-21,_Drift,Drift,,,3.0,,,,,0.0,,,,,,,,,,,,
2022-12-21,Crypto,,,,,3.0,,,,,0.0,,,,,1.0,,,,,#545cf8,
2022-12-20,Total,,3.0,,,,,0.0,,,,,1.0,,,,,#545cf8,,,,
2022-12-20,Drift,,,3.0,,,,,0.0,,,,,,,,,,,,,
2022-12-20,_Drift,Drift,,,3.0,,,,,0.0,,,,,,,,,,,,
2022-12-20,Crypto,,,,,3.0,,,,,0.0,,,,,1.0,,,,,#545cf8,
2022-12-19,Total,,3.0,,,,,0.0,,,,,1.0,,,,,#545cf8,,,,
2022-12-19,Drift,,,3.0,,,,,0.0,,,,,,,,,,,,,
2022-12-19,_Drift,Drift,,,3.0,,,,,0.0,,,,,,,,,,,,
2022-12-19,Crypto,,,,,3.0,,,,,0.0,,,,,1.0,,,,,#545cf8,
2022-12-18,Total,,3.0,,,,,0.0,,,,,1.0,,,,,#545cf8,,,,
2022-12-18,Drift,,,3.0,,,,,0.0,,,,,,,,,,,,,
2022-12-18,_Drift,Drift,,,3.0,,,,,0.0,,,,,,,,,,,,
2022-12-18,Crypto,,,,,3.0,,,,,0.0,,,,,1.0,,,,,#545cf8,
2022-12-17,Total,,3.0,,,,,0.0,,,,,1.0,,,,,#545cf8,,,,
2022-12-17,Drift,,,3.0,,,,,0.0,,,,,,,,,,,,,
2022-12-17,_Drift,Drift,,,3.0,,,,,0.0,,,,,,,,,,,,
2022-12-17,Crypto,,,,,3.0,,,,,0.0,,,,,1.0,,,,,#545cf8,
2022-12-16,Total,,3.0,,,,,0.0,,,,,1.0,,,,,#545cf8,,,,
2022-12-16,Drift,,,3.0,,,,,0.0,,,,,,,,,,,,,
2022-12-16,_Drift,Drift,,,3.0,,,,,0.0,,,,,,,,,,,,
2022-12-16,Crypto,,,,,3.0,,,,,0.0,,,,,1.0,,,,,#545cf8,
2022-12-15,Total,,3.0,,,,,0.0,,,,,1.0,,,,,#545cf8,,,,
2022-12-15,Drift,,,3.0,,,,,0.0,,,,,,,,,,,,,
2022-12-15,_Drift,Drift,,,3.0,,,,,0.0,,,,,,,,,,,,
2022-12-15,Crypto,,,,,3.0,,,,,0.0,,,,,1.0,,,,,#545cf8,
2022-12-14,Total,,3.0,,,,,0.0,,,,,1.0,,,,,#545cf8,,,,
2022-12-14,Drift,,,3.0,,,,,0.0,,,,,,,,,,,,,
2022-12-14,_Drift,Drift,,,3.0,,,,,0.0,,,,,,,,,,,,
2022-12-14,Crypto,,,,,3.0,,,,,0.0,,,,,1.0,,,,,#545cf8,
2022-12-13,Total,,3.0,,,,,0.0,,,,,1.0,,,,,#545cf8,,,,
2022-12-13,Drift,,,3.0,,,,,0.0,,,,,,,,,,,,,
2022-12-13,_Drift,Drift,,,3.0,,,,,0.0,,,,,,,,,,,,
2022-12-13,Crypto,,,,,3.0,,,,,0.0,,,,,1.0,,,,,#545cf8,
2022-12-12,Total,,3.0,,,,,0.0,,,,,1.0,,,,,#545cf8,,,,
2022-12-12,Drift,,,3.0,,,,,0.0,,,,,,,,,,,,,
2022-12-12,_Drift,Drift,,,3.0,,,,,0.0,,,,,,,,,,,,
2022-12-12,Crypto,,,,,3.0,,,,,0.0,,,,,1.0,,,,,#545cf8,
2022-12-11,Total,,3.0,,,,,0.0,,,,,1.0,,,,,#545cf8,,,,
2022-12-11,Drift,,,3.0,,,,,0.0,,,,,,,,,,,,,
2022-12-11,_Drift,Drift,,,3.0,,,,,0.0,,,,,,,,,,,,
2022-12-11,Crypto,,,,,3.0,,,,,0.0,,,,,1.0,,,,,#545cf8,
2022-12-10,Total,,3.0,,,,,0.0,,,,,1.0,,,,,#545cf8,,,,
2022-12-10,Drift,,,3.0,,,,,0.0,,,,,,,,,,,,,
2022-12-10,_Drift,Drift,,,3.0,,,,,0.0,,,,,,,,,,,,
2022-12-10,Crypto,,,,,3.0,,,,,0.0,,,,,1.0,,,,,#545cf8,
2022-12-09,Total,,3.0,,,,,0.0,,,,,1.0,,,,,#545cf8,,,,
2022-12-09,Drift,,,3.0,,,,,0.0,,,,,,,,,,,,,
2022-12-09,_Drift,Drift,,,3.0,,,,,0.0,,,,,,,,,,,,
2022-12-09,Crypto,,,,,3.0,,,,,0.0,,,,,1.0,,,,,#545cf8,
2022-12-08,Total,,3.0,,,,,0.0,,,,,1.0,,,,,#545cf8,,,,
2022-12-08,Drift,,,3.0,,,,,0.0,,,,,,,,,,,,,
2022-12-08,_Drift,Drift,,,3.0,,,,,0.0,,,,,,,,,,,,
2022-12-08,Crypto,,,,,3.0,,,,,0.0,,,,,1.0,,,,,#545cf8,
2022-12-07,Total,,3.0,,,,,2.0,,,,,1.0,,,,,#545cf8,,,,
2022-12-07,Drift,,,3.0,,,,,2.0,,,,,,,,,,,,,
2022-12-07,_Drift,Drift,,,3.0,,,,,2.0,,,,,,,,,,,,
2022-12-07,Crypto,,,,,3.0,,,,,2.0,,,,,1.0,,,,,#545cf8,
2022-12-06,Total,,1.0,,,,,0.0,,,,,1.0,,,,,#545cf8,,,,
2022-12-06,Drift,,,1.0,,,,,0.0,,,,,,,,,,,,,
2022-12-06,_Drift,Drift,,,1.0,,,,,0.0,,,,,,,,,,,,
2022-12-06,Crypto,,,,,1.0,,,,,0.0,,,,,1.0,,,,,#545cf8,
2022-12-05,Total,,1.0,,,,,0.0,,,,,1.0,,,,,#545cf8,,,,
2022-12-05,Drift,,,1.0,,,,,0.0,,,,,,,,,,,,,
2022-12-05,_Drift,Drift,,,1.0,,,,,0.0,,,,,,,,,,,,
2022-12-05,Crypto,,,,,1.0,,,,,0.0,,,,,1.0,,,,,#545cf8,
2022-12-04,Total,,1.0,,,,,0.0,,,,,1.0,,,,,#545cf8,,,,
2022-12-04,Drift,,,1.0,,,,,0.0,,,,,,,,,,,,,
2022-12-04,_Drift,Drift,,,1.0,,,,,0.0,,,,,,,,,,,,
2022-12-04,Crypto,,,,,1.0,,,,,0.0,,,,,1.0,,,,,#545cf8,
2022-12-03,Total,,1.0,,,,,0.0,,,,,1.0,,,,,#545cf8,,,,
2022-12-03,Drift,,,1.0,,,,,0.0,,,,,,,,,,,,,
2022-12-03,_Drift,Drift,,,1.0,,,,,0.0,,,,,,,,,,,,
2022-12-03,Crypto,,,,,1.0,,,,,0.0,,,,,1.0,,,,,#545cf8,
2022-12-02,Total,,1.0,,,,,0.0,,,,,1.0,,,,,#545cf8,,,,
2022-12-02,Drift,,,1.0,,,,,0.0,,,,,,,,,,,,,
2022-12-02,_Drift,Drift,,,1.0,,,,,0.0,,,,,,,,,,,,
2022-12-02,Crypto,,,,,1.0,,,,,0.0,,,,,1.0,,,,,#545cf8,
2022-12-01,Total,,1.0,,,,,0.0,,,,,1.0,,,,,#545cf8,,,,
2022-12-01,Drift,,,1.0,,,,,0.0,,,,,,,,,,,,,
2022-12-01,_Drift,Drift,,,1.0,,,,,0.0,,,,,,,,,,,,
2022-12-01,Crypto,,,,,1.0,,,,,0.0,,,,,1.0,,,,,#545cf8,
2022-11-30,Total,,1.0,,,,,0.0,,,,,1.0,,,,,#545cf8,,,,
2022-11-30,Drift,,,1.0,,,,,0.0,,,,,,,,,,,,,
2022-11-30,_Drift,Drift,,,1.0,,,,,0.0,,,,,,,,,,,,
2022-11-30,Crypto,,,,,1.0,,,,,0.0,,,,,1.0,,,,,#545cf8,
2022-11-29,Total,,1.0,,,,,0.0,,,,,1.0,,,,,#545cf8,,,,
2022-11-29,Drift,,,1.0,,,,,0.0,,,,,,,,,,,,,
2022-11-29,_Drift,Drift,,,1.0,,,,,0.0,,,,,,,,,,,,
2022-11-29,Crypto,,,,,1.0,,,,,0.0,,,,,1.0,,,,,#545cf8,
2022-11-28,Total,,1.0,,,,,0.0,,,,,1.0,,,,,#545cf8,,,,
2022-11-28,Drift,,,1.0,,,,,0.0,,,,,,,,,,,,,
2022-11-28,_Drift,Drift,,,1.0,,,,,0.0,,,,,,,,,,,,
2022-11-28,Crypto,,,,,1.0,,,,,0.0,,,,,1.0,,,,,#545cf8,
2022-11-27,Total,,1.0,,,,,0.0,,,,,1.0,,,,,#545cf8,,,,
2022-11-27,Drift,,,1.0,,,,,0.0,,,,,,,,,,,,,
2022-11-27,_Drift,Drift,,,1.0,,,,,0.0,,,,,,,,,,,,
2022-11-27,Crypto,,,,,1.0,,,,,0.0,,,,,1.0,,,,,#545cf8,
2022-11-26,Total,,1.0,,,,,0.0,,,,,1.0,,,,,#545cf8,,,,
2022-11-26,Drift,,,1.0,,,,,0.0,,,,,,,,,,,,,
2022-11-26,_Drift,Drift,,,1.0,,,,,0.0,,,,,,,,,,,,
2022-11-26,Crypto,,,,,1.0,,,,,0.0,,,,,1.0,,,,,#545cf8,
2022-11-25,Total,,1.0,,,,,0.0,,,,,1.0,,,,,#545cf8,,,,
2022-11-25,Drift,,,1.0,,,,,0.0,,,,,,,,,,,,,
2022-11-25,_Drift,Drift,,,1.0,,,,,0.0,,,,,,,,,,,,
2022-11-25,Crypto,,,,,1.0,,,,,0.0,,,,,1.0,,,,,#545cf8,
2022-11-24,Total,,1.0,,,,,0.0,,,,,1.0,,,,,#545cf8,,,,
2022-11-24,Drift,,,1.0,,,,,0.0,,,,,,,,,,,,,
2022-11-24,_Drift,Drift,,,1.0,,,,,0.0,,,,,,,,,,,,
2022-11-24,Crypto,,,,,1.0,,,,,0.0,,,,,1.0,,,,,#545cf8,
2022-11-23,Total,,1.0,,,,,0.0,,,,,1.0,,,,,#545cf8,,,,
2022-11-23,Drift,,,1.0,,,,,0.0,,,,,,,,,,,,,
2022-11-23,_Drift,Drift,,,1.0,,,,,0.0,,,,,,,,,,,,
2022-11-23,Crypto,,,,,1.0,,,,,0.0,,,,,1.0,,,,,#545cf8,
2022-11-22,Total,,1.0,,,,,0.0,,,,,1.0,,,,,#545cf8,,,,
2022-11-22,Drift,,,1.0,,,,,0.0,,,,,,,,,,,,,
2022-11-22,_Drift,Drift,,,1.0,,,,,0.0,,,,,,,,,,,,
2022-11-22,Crypto,,,,,1.0,,,,,0.0,,,,,1.0,,,,,#545cf8,
2022-11-21,Total,,1.0,,,,,0.0,,,,,1.0,,,,,#545cf8,,,,
2022-11-21,Drift,,,1.0,,,,,0.0,,,,,,,,,,,,,
2022-11-21,_Drift,Drift,,,1.0,,,,,0.0,,,,,,,,,,,,
2022-11-21,Crypto,,,,,1.0,,,,,0.0,,,,,1.0,,,,,#545cf8,
2022-11-20,Total,,1.0,,,,,0.0,,,,,1.0,,,,,#545cf8,,,,
2022-11-20,Drift,,,1.0,,,,,0.0,,,,,,,,,,,,,
2022-11-20,_Drift,Drift,,,1.0,,,,,0.0,,,,,,,,,,,,
2022-11-20,Crypto,,,,,1.0,,,,,0.0,,,,,1.0,,,,,#545cf8,
2022-11-19,Total,,1.0,,,,,0.0,,,,,1.0,,,,,#545cf8,,,,
2022-11-19,Drift,,,1.0,,,,,0.0,,,,,,,,,,,,,
2022-11-19,_Drift,Drift,,,1.0,,,,,0.0,,,,,,,,,,,,
2022-11-19,Crypto,,,,,1.0,,,,,0.0,,,,,1.0,,,,,#545cf8,
2022-11-18,Total,,1.0,,,,,0.0,,,,,1.0,,,,,#545cf8,,,,
2022-11-18,Drift,,,1.0,,,,,0.0,,,,,,,,,,,,,
2022-11-18,_Drift,Drift,,,1.0,,,,,0.0,,,,,,,,,,,,
2022-11-18,Crypto,,,,,1.0,,,,,0.0,,,,,1.0,,,,,#545cf8,
2022-11-17,Total,,1.0,,,,,0.0,,,,,1.0,,,,,#545cf8,,,,
2022-11-17,Drift,,,1.0,,,,,0.0,,,,,,,,,,,,,
2022-11-17,_Drift,Drift,,,1.0,,,,,0.0,,,,,,,,,,,,
2022-11-17,Crypto,,,,,1.0,,,,,0.0,,,,,1.0,,,,,#545cf8,
2022-11-16,Total,,1.0,,,,,0.0,,,,,1.0,,,,,#545cf8,,,,
2022-11-16,Drift,,,1.0,,,,,0.0,,,,,,,,,,,,,
2022-11-16,_Drift,Drift,,,1.0,,,,,0.0,,,,,,,,,,,,
2022-11-16,Crypto,,,,,1.0,,,,,0.0,,,,,1.0,,,,,#545cf8,
2022-11-15,Total,,1.0,,,,,0.0,,,,,1.0,,,,,#545cf8,,,,
2022-11-15,Drift,,,1.0,,,,,0.0,,,,,,,,,,,,,
2022-11-15,_Drift,Drift,,,1.0,,,,,0.0,,,,,,,,,,,,
2022-11-15,Crypto,,,,,1.0,,,,,0.0,,,,,1.0,,,,,#545cf8,
2022-11-14,Total,,1.0,,,,,0.0,,,,,1.0,,,,,#545cf8,,,,
2022-11-14,Drift,,,1.0,,,,,0.0,,,,,,,,,,,,,
2022-11-14,_Drift,Drift,,,1.0,,,,,0.0,,,,,,,,,,,,
2022-11-14,Crypto,,,,,1.0,,,,,0.0,,,,,1.0,,,,,#545cf8,
2022-11-13,Total,,1.0,,,,,0.0,,,,,1.0,,,,,#545cf8,,,,
2022-11-13,Drift,,,1.0,,,,,0.0,,,,,,,,,,,,,
2022-11-13,_Drift,Drift,,,1.0,,,,,0.0,,,,,,,,,,,,
2022-11-13,Crypto,,,,,1.0,,,,,0.0,,,,,1.0,,,,,#545cf8,
2022-11-12,Total,,1.0,,,,,0.0,,,,,1.0,,,,,#545cf8,,,,
2022-11-12,Drift,,,1.0,,,,,0.0,,,,,,,,,,,,,
2022-11-12,_Drift,Drift,,,1.0,,,,,0.0,,,,,,,,,,,,
2022-11-12,Crypto,,,,,1.0,,,,,0.0,,,,,1.0,,,,,#545cf8,
2022-11-11,Total,,1.0,,,,,0.0,,,,,1.0,,,,,#545cf8,,,,
2022-11-11,Drift,,,1.0,,,,,0.0,,,,,,,,,,,,,
2022-11-11,_Drift,Drift,,,1.0,,,,,0.0,,,,,,,,,,,,
2022-11-11,Crypto,,,,,1.0,,,,,0.0,,,,,1.0,,,,,#545cf8,
2022-11-10,Total,,1.0,,,,,0.0,,,,,1.0,,,,,#545cf8,,,,
2022-11-10,Drift,,,1.0,,,,,0.0,,,,,,,,,,,,,
2022-11-10,_Drift,Drift,,,1.0,,,,,0.0,,,,,,,,,,,,
2022-11-10,Crypto,,,,,1.0,,,,,0.0,,,,,1.0,,,,,#545cf8,
2022-11-09,Total,,1.0,,,,,0.0,,,,,1.0,,,,,#545cf8,,,,
2022-11-09,Drift,,,1.0,,,,,0.0,,,,,,,,,,,,,
2022-11-09,_Drift,Drift,,,1.0,,,,,0.0,,,,,,,,,,,,
2022-11-09,Crypto,,,,,1.0,,,,,0.0,,,,,1.0,,,,,#545cf8,
2022-11-08,Total,,1.0,,,,,0.0,,,,,1.0,,,,,#545cf8,,,,
2022-11-08,Drift,,,1.0,,,,,0.0,,,,,,,,,,,,,
2022-11-08,_Drift,Drift,,,1.0,,,,,0.0,,,,,,,,,,,,
2022-11-08,Crypto,,,,,1.0,,,,,0.0,,,,,1.0,,,,,#545cf8,
2022-11-07,Total,,1.0,,,,,0.0,,,,,1.0,,,,,#545cf8,,,,
2022-11-07,Drift,,,1.0,,,,,0.0,,,,,,,,,,,,,
2022-11-07,_Drift,Drift,,,1.0,,,,,0.0,,,,,,,,,,,,
2022-11-07,Crypto,,,,,1.0,,,,,0.0,,,,,1.0,,,,,#545cf8,
2022-11-06,Total,,1.0,,,,,0.0,,,,,1.0,,,,,#545cf8,,,,
2022-11-06,Drift,,,1.0,,,,,0.0,,,,,,,,,,,,,
2022-11-06,_Drift,Drift,,,1.0,,,,,0.0,,,,,,,,,,,,
2022-11-06,Crypto,,,,,1.0,,,,,0.0,,,,,1.0,,,,,#545cf8,
2022-11-05,Total,,1.0,,,,,0.0,,,,,1.0,,,,,#545cf8,,,,
2022-11-05,Drift,,,1.0,,,,,0.0,,,,,,,,,,,,,
2022-11-05,_Drift,Drift,,,1.0,,,,,0.0,,,,,,,,,,,,
2022-11-05,Crypto,,,,,1.0,,,,,0.0,,,,,1.0,,,,,#545cf8,
2022-11-04,Total,,1.0,,,,,,,,,,1.0,,,,,#545cf8,,,,
2022-11-04,Drift,,,1.0,,,,,,,,,,,,,,,,,,
2022-11-04,_Drift,Drift,,,1.0,,,,,,,,,,,,,,,,,
2022-11-04,Crypto,,,,,1.0,,,,,,,,,,1.0,,,,,#545cf8,
