date,coin,open_interest_usd,avg_oracle_price
2026-05-01,xyz:SP500,497592107.64180946,7231.492842251564
2026-05-01,xyz:CL,319111331.3454348,103.770720639333
2026-05-01,xyz:XYZ100,318709560.1367365,27567.586518415566
2026-05-01,xyz:BRENTOIL,253156528.0859833,110.061097984712
2026-05-01,xyz:GOLD,160751008.26035884,4609.718624044475
2026-05-01,xyz:NVDA,75206726.56854014,199.923516330785
2026-05-01,xyz:SILVER,65088776.76330571,74.658542738013
2026-05-01,xyz:MU,64277066.86648069,521.178957609451
2026-05-01,xyz:GOOGL,45951099.279506475,386.011021542738
2026-05-01,xyz:SNDK,35389855.340516746,1085.473592772759
2026-05-01,xyz:AMZN,29641117.815102834,266.066782487839
2026-05-01,xyz:TSLA,29092411.889449384,386.164322446143
2026-05-01,xyz:INTC,18348588.53767255,95.972034746352
2026-05-01,xyz:MSTR,16910848.49500891,171.796483669215
2026-05-01,xyz:META,16131449.4765328,613.046066712995
2026-05-01,xyz:AMD,15665827.309070077,354.939916608756
2026-05-01,xyz:MSFT,15537510.608214134,411.407373175817
2026-05-01,xyz:COPPER,15527906.054814415,5.9909676164
2026-05-01,xyz:HOOD,15491299.965018025,73.831054204309
2026-05-01,xyz:CRCL,13715244.429932052,94.794603196664
2026-05-01,xyz:EUR,13208013.794357248,1.173657887422
2026-05-01,xyz:SKHX,13077709.186099153,903.023544127867
2026-05-01,xyz:AAPL,12255005.6202267,279.956761640028
2026-05-01,xyz:ORCL,11285713.508444475,167.064336344684
2026-05-01,xyz:TSM,10150083.513952676,396.48042390549
2026-05-01,xyz:NATGAS,9961168.92230624,2.783579638638
2026-05-01,xyz:JPY,8586100.268708965,156.876747741487
2026-05-01,xyz:PLTR,5360046.833402377,142.561598332175
2026-05-01,xyz:BABA,5171997.9592496315,131.848068102849
2026-05-01,xyz:EWY,5002002.344520098,160.639722029187
2026-05-01,xyz:HIMS,4596998.962867505,27.283492008339
2026-05-01,xyz:CRWV,4587693.34026171,115.80213342599
2026-05-01,xyz:PLATINUM,4090918.394236067,1987.559763724809
2026-05-01,xyz:COIN,4022643.4293629187,190.597331480195
2026-05-01,xyz:RIVN,3106189.659093412,15.525411396803
2026-05-01,xyz:NFLX,2873899.532356236,93.313908964559
2026-05-01,xyz:SMSN,2449890.0860107574,151.491535788742
2026-05-01,xyz:USAR,1744307.044246852,25.971587213343
2026-05-01,xyz:URNM,1440585.1784833495,67.516883947186
2026-05-01,xyz:HYUNDAI,1001695.0227883809,368.764183460737
2026-05-01,xyz:PALLADIUM,983250.5219796943,1528.771438498958
2026-05-01,xyz:CBRS,838572.1013293954,223.42298818624
2026-05-01,xyz:JP225,751419.6306654899,59387.32592077832
2026-05-01,xyz:LLY,668465.3278983253,950.392522585129
2026-05-01,xyz:EWJ,457206.59276370675,88.569366921473
2026-05-01,xyz:COST,211783.22703013202,1012.871091035441
2026-05-01,xyz:KR200,113368.09066016678,1024.145656706046
2026-05-01,xyz:DKNG,99711.27307013204,23.255310632384
2026-05-01,xyz:BIRD,80953.88239888812,6.398998540653
2026-05-02,xyz:SP500,495572115.17904633,7212.721294363257
2026-05-02,xyz:XYZ100,349504680.11879516,27551.894919972165
2026-05-02,xyz:CL,319342829.9799675,102.487132915797
2026-05-02,xyz:BRENTOIL,262965381.9839911,108.890368823939
2026-05-02,xyz:GOLD,157049854.63744628,4612.517258176757
2026-05-02,xyz:NVDA,73547340.90054119,198.392853166319
2026-05-02,xyz:SILVER,62624725.12738449,75.459803061935
2026-05-02,xyz:SNDK,47836659.112094775,1194.091301322199
2026-05-02,xyz:MU,45224822.35424122,541.330236604036
2026-05-02,xyz:GOOGL,44436814.39218544,385.081475295755
2026-05-02,xyz:AMZN,28808801.200677983,267.650549756437
2026-05-02,xyz:TSLA,24420408.299215116,391.748329853862
2026-05-02,xyz:INTC,21333170.826202504,100.772296450939
2026-05-02,xyz:MSTR,19691014.93462725,177.546597077244
2026-05-02,xyz:META,16659538.31498142,609.140222686152
2026-05-02,xyz:MSFT,15801549.893579151,413.285762004175
2026-05-02,xyz:COPPER,15680645.122949319,5.968621155184
2026-05-02,xyz:AMD,15609252.6348206,362.420737647878
2026-05-02,xyz:HOOD,15282467.984870117,73.589784968685
2026-05-02,xyz:CRCL,14360935.622751107,100.759610299235
2026-05-02,xyz:SKHX,13768718.12795094,930.233103688239
2026-05-02,xyz:EUR,13177098.378150286,1.172256924148
2026-05-02,xyz:AAPL,11374069.808836952,280.18773138483
2026-05-02,xyz:ORCL,10942711.879017118,171.768009742519
2026-05-02,xyz:TSM,8986116.86572384,397.485789839944
2026-05-02,xyz:NATGAS,8950509.53263627,2.79300605428
2026-05-02,xyz:JPY,8733216.399617398,156.750675017397
2026-05-02,xyz:PLTR,5643092.006940905,144.621941544885
2026-05-02,xyz:EWY,5052799.549640641,162.756812804454
2026-05-02,xyz:HIMS,4820993.574334169,27.544544189283
2026-05-02,xyz:CRWV,4785276.334872512,119.429290187891
2026-05-02,xyz:COIN,4679755.955235268,193.094613778706
2026-05-02,xyz:BABA,4590391.973744565,131.446089074461
2026-05-02,xyz:PLATINUM,4282501.3694775505,1986.816423103688
2026-05-02,xyz:NFLX,3390067.1254962226,92.00406750174
2026-05-02,xyz:RIVN,2925305.9271682953,15.102653444676
2026-05-02,xyz:CBRS,2805034.10536952,282.115803757829
2026-05-02,xyz:SMSN,2459619.537957467,155.567042449548
2026-05-02,xyz:USAR,1492173.5158524564,26.479117606124
2026-05-02,xyz:URNM,1399181.9346374949,66.902698677801
2026-05-02,xyz:HYUNDAI,1021415.0835049965,373.206569241475
2026-05-02,xyz:PALLADIUM,988332.1507040083,1526.317536534447
2026-05-02,xyz:JP225,790803.6646622408,59263.702853166316
2026-05-02,xyz:LLY,611954.864903041,961.657522616562
2026-05-02,xyz:EWJ,427072.1389231232,88.308038970077
2026-05-02,xyz:COST,240555.50603638135,1009.4
2026-05-02,xyz:BIRD,158204.6669224913,6.148436534447
2026-05-02,xyz:KR200,113930.95183956854,1040.966597077244
2026-05-02,xyz:DKNG,98791.8003473904,22.965
2026-05-03,xyz:SP500,498099907.4812302,7228.955555555556
2026-05-03,xyz:XYZ100,348854927.73488015,27645.355555555558
2026-05-03,xyz:CL,306499097.0719693,101.496630555556
2026-05-03,xyz:BRENTOIL,258002083.73395678,107.963868055556
2026-05-03,xyz:GOLD,155699677.5614289,4617.083819444444
2026-05-03,xyz:NVDA,73694795.01980229,199.512458333333
2026-05-03,xyz:SILVER,67111581.75539625,75.857121527778
2026-05-03,xyz:SNDK,50251647.77408222,1208.464583333333
2026-05-03,xyz:MU,45509975.55313953,545.763430555556
2026-05-03,xyz:GOOGL,44497263.32595583,386.218645833333
2026-05-03,xyz:AMZN,28920159.215419516,268.343138888889
2026-05-03,xyz:TSLA,24688407.17669075,393.069368055556
2026-05-03,xyz:INTC,22203007.679331526,101.405965277778
2026-05-03,xyz:MSTR,19444140.693454444,178.308680555556
2026-05-03,xyz:META,16969389.538672943,610.640847222222
2026-05-03,xyz:MSFT,16408291.630857736,414.278194444444
2026-05-03,xyz:AMD,16063511.325459959,365.177486111111
2026-05-03,xyz:COPPER,15793267.685774207,5.968331597222
2026-05-03,xyz:HOOD,15364946.57909384,74.003209027778
2026-05-03,xyz:CRCL,14791646.920188181,101.080375
2026-05-03,xyz:SKHX,14345316.833011376,940.348013888889
2026-05-03,xyz:EUR,13217647.382618764,1.173335208333
2026-05-03,xyz:AAPL,11573632.080767985,280.681895833333
2026-05-03,xyz:ORCL,10907269.033815347,172.392604166667
2026-05-03,xyz:JPY,8913493.308685834,157.065256944444
2026-05-03,xyz:NATGAS,8794397.450955791,2.797139652778
2026-05-03,xyz:TSM,8681539.012908444,400.1271875
2026-05-03,xyz:PLTR,5662705.9798834445,145.328270833333
2026-05-03,xyz:EWY,5398552.08153357,163.333479166667
2026-05-03,xyz:COIN,5161544.740967916,193.895951388889
2026-05-03,xyz:HIMS,4889476.375927445,27.733706944444
2026-05-03,xyz:CRWV,4758027.382946805,119.993979166667
2026-05-03,xyz:BABA,4592876.736675667,131.936590277778
2026-05-03,xyz:PLATINUM,4303228.848932139,1992.334444444444
2026-05-03,xyz:CBRS,4271270.308949444,292.700861111111
2026-05-03,xyz:NFLX,3442225.535626172,92.092455555556
2026-05-03,xyz:RIVN,3008326.170975778,15.016070138889
2026-05-03,xyz:SMSN,2498762.135499653,156.232951388889
2026-05-03,xyz:USAR,1506836.1504154862,26.636402777778
2026-05-03,xyz:URNM,1356912.8651516805,66.689161805556
2026-05-03,xyz:HYUNDAI,1054178.3412330416,375.265229166667
2026-05-03,xyz:PALLADIUM,1013732.2507328611,1530.395277777778
2026-05-03,xyz:JP225,786238.3861451806,59304.15069444444
2026-05-03,xyz:LLY,607784.4606468361,962.074944444444
2026-05-03,xyz:EWJ,412853.385012775,88.018055555556
2026-05-03,xyz:COST,241058.22451025,1009.4
2026-05-03,xyz:BIRD,215079.80742544445,6.194538819444
2026-05-03,xyz:KR200,114677.57721966667,1039.521597222222
2026-05-03,xyz:DKNG,99003.34490333333,22.965
2026-05-04,xyz:SP500,480224142.54439694,7221.598262682418
2026-05-04,xyz:CL,321915535.27987224,103.613300903405
2026-05-04,xyz:XYZ100,320282785.14688766,27720.12222222222
2026-05-04,xyz:BRENTOIL,299693944.85581267,111.139881862404
2026-05-04,xyz:GOLD,139897121.2943492,4561.758402777778
2026-05-04,xyz:NVDA,73863368.30566958,198.525625
2026-05-04,xyz:SILVER,64629114.04600735,73.983109798471
2026-05-04,xyz:MU,60036073.27744371,567.292486111111
2026-05-04,xyz:SNDK,48442880.92189014,1232.432152777778
2026-05-04,xyz:GOOGL,45260048.062043406,385.217402777778
2026-05-04,xyz:AMZN,30002620.7521479,270.006090277778
2026-05-04,xyz:TSLA,25334184.78236232,391.797833333333
2026-05-04,xyz:INTC,21851034.77419164,98.930642361111
2026-05-04,xyz:MSFT,18202833.842814863,413.925229166667
2026-05-04,xyz:COPPER,17966767.65788826,5.914735927728
2026-05-04,xyz:MSTR,17076536.047471832,182.9065625
2026-05-04,xyz:AMD,16913225.044506736,354.4636875
2026-05-04,xyz:CRCL,16514095.291231578,110.664530924253
2026-05-04,xyz:META,16472840.082265278,610.478347222222
2026-05-04,xyz:SKHX,16184488.308447728,979.160257123002
2026-05-04,xyz:HOOD,15074512.56956298,75.985370138889
2026-05-04,xyz:EUR,13578996.2953939,1.170946907575
2026-05-04,xyz:ORCL,12215512.881991014,177.597263888889
2026-05-04,xyz:AAPL,11506002.87158275,278.24025
2026-05-04,xyz:JPY,8977423.2826549,157.052786657401
2026-05-04,xyz:NATGAS,8827460.294140792,2.841733912439
2026-05-04,xyz:TSM,8555834.028168283,402.805934676859
2026-05-04,xyz:EWY,7132475.564235372,164.319979152189
2026-05-04,xyz:PLTR,6617363.901160916,146.591444444444
2026-05-04,xyz:CRWV,5918341.765071995,123.757060458652
2026-05-04,xyz:PLATINUM,4892187.080953662,1970.85128561501
2026-05-04,xyz:BABA,4866328.285407463,134.38276580959
2026-05-04,xyz:COIN,4864068.187978986,200.405729166667
2026-05-04,xyz:HIMS,4797404.64493943,27.505491313412
2026-05-04,xyz:CBRS,4118399.9304886726,264.030667129951
2026-05-04,xyz:NFLX,3484889.3302166266,91.673628908965
2026-05-04,xyz:SMSN,2907959.922131397,156.239041000695
2026-05-04,xyz:RIVN,2311922.6816656706,14.886332175122
2026-05-04,xyz:USAR,1574421.2240619597,26.609699791522
2026-05-04,xyz:URNM,1357641.6631944962,67.128799166088
2026-05-04,xyz:GME,1137384.531120681,25.97241209173
2026-05-04,xyz:PALLADIUM,1001962.9932331619,1499.839680333565
2026-05-04,xyz:HYUNDAI,996327.1027037387,363.621938846421
2026-05-04,xyz:JP225,793588.2711377762,59631.283530229324
2026-05-04,xyz:LLY,567738.7186223072,961.893280055594
2026-05-04,xyz:EWJ,435652.968213041,88.445123002085
2026-05-04,xyz:LITE,245519.9601907436,980.160750521195
2026-05-04,xyz:COST,161168.57483751216,1010.486726893676
2026-05-04,xyz:BIRD,150915.30086511467,6.170168936762
2026-05-04,xyz:KR200,106491.31497886032,1042.872689367616
2026-05-04,xyz:DKNG,103504.87467695621,23.225407227241
2026-05-04,xyz:DRAM,90108.3316362752,42.340091035441
2026-05-04,xyz:XLE,37262.30237086866,59.021068797776
2026-05-04,xyz:MRVL,17631.15547282835,165.155142460042
2026-05-04,xyz:RKLB,1322.16597866574,79.957270326616
2026-05-04,xyz:BX,310.553848644892,124.579937456567
2026-05-04,xyz:EWZ,79.373276928423,39.481343988881
2026-05-05,xyz:SP500,475011662.3474001,7240.020876826722
2026-05-05,xyz:BRENTOIL,329836647.026875,111.792164231037
2026-05-05,xyz:CL,327018307.9658605,103.247597077244
2026-05-05,xyz:XYZ100,292711220.03988534,27892.63952679193
2026-05-05,xyz:GOLD,120621465.87417547,4554.580097425191
2026-05-05,xyz:MU,83850947.83007388,614.686938065414
2026-05-05,xyz:NVDA,73959763.17733303,197.978100208768
2026-05-05,xyz:SILVER,65374448.03452141,73.231051496173
2026-05-05,xyz:SNDK,52215781.874745585,1326.744954766875
2026-05-05,xyz:GOOGL,46244108.12247427,386.596151704941
2026-05-05,xyz:AMZN,32328559.51768551,273.437153792624
2026-05-05,xyz:TSLA,27426850.630808827,392.148517745303
2026-05-05,xyz:AMD,25867388.691993415,355.359276270007
2026-05-05,xyz:INTC,24452364.504576843,103.31941684064
2026-05-05,xyz:CRCL,20414616.465139624,120.722226861517
2026-05-05,xyz:MSFT,18071781.9651282,412.897613082811
2026-05-05,xyz:COPPER,17746925.02400335,5.95583368128
2026-05-05,xyz:SKHX,17562056.40177325,1025.234488517745
2026-05-05,xyz:META,16700951.980886236,608.380229645094
2026-05-05,xyz:MSTR,15130823.67063506,186.433395963814
2026-05-05,xyz:HOOD,14291348.256422196,77.483751565762
2026-05-05,xyz:EUR,13770062.905389868,1.169369311065
2026-05-05,xyz:ORCL,11805444.456853807,183.643305497564
2026-05-05,xyz:AAPL,11340870.550742185,279.112087682672
2026-05-05,xyz:NATGAS,8927466.028062185,2.813707376479
2026-05-05,xyz:JPY,8855595.483658595,157.565546276966
2026-05-05,xyz:EWY,8606110.025045136,169.415010438413
2026-05-05,xyz:TSM,7792361.250310383,399.151537926235
2026-05-05,xyz:PLTR,7306297.163213403,139.774043145442
2026-05-05,xyz:CRWV,7039049.101718302,127.165699373695
2026-05-05,xyz:COIN,5185159.596454822,202.699631176061
2026-05-05,xyz:PLATINUM,4859215.997303479,1971.101878914405
2026-05-05,xyz:BABA,4787686.796629631,133.71819763396
2026-05-05,xyz:HIMS,4640656.622746388,26.905770354906
2026-05-05,xyz:CBRS,4145743.286986639,230.046172581768
2026-05-05,xyz:NFLX,3341715.5855893376,89.869684064022
2026-05-05,xyz:SMSN,3007346.5044736397,160.625755045233
2026-05-05,xyz:LITE,2294742.71687183,985.19490605428
2026-05-05,xyz:USAR,1516073.7055750731,26.350920668058
2026-05-05,xyz:DRAM,1395902.2925920668,44.994585247042
2026-05-05,xyz:URNM,1269764.2025426861,66.070088378566
2026-05-05,xyz:RIVN,1126220.8320898677,14.656382045929
2026-05-05,xyz:GME,1113211.874427766,23.867102992345
2026-05-05,xyz:PALLADIUM,1095093.1142583995,1501.426861517049
2026-05-05,xyz:HYUNDAI,933257.5386601114,357.88475295755
2026-05-05,xyz:JP225,829530.1132509394,60089.54279749478
2026-05-05,xyz:EWJ,475275.3010222617,88.631746694502
2026-05-05,xyz:LLY,469680.1927363368,974.643862212944
2026-05-05,xyz:MRVL,226400.83610605428,167.058990953375
2026-05-05,xyz:KR200,145936.73361724426,1056.103688239388
2026-05-05,xyz:XLE,137168.36553938763,59.40473138483
2026-05-05,xyz:BIRD,124397.9589206124,5.756124425887
2026-05-05,xyz:RKLB,122781.51938751565,79.692457898399
2026-05-05,xyz:DKNG,108254.5845030341,23.730796798887
2026-05-05,xyz:COST,106893.6848239666,1013.996798886569
2026-05-05,xyz:EWZ,28848.79526,39.44214335421
2026-05-05,xyz:EBAY,14084.579834948097,105.485519031142
2026-05-05,xyz:BX,8432.966818510786,123.546506610995
2026-05-05,xyz:ZM,920.44550197634,105.633910925539
2026-05-06,xyz:SP500,455400572.5189688,7317.454001391788
2026-05-06,xyz:BRENTOIL,297649297.44330794,104.010427974948
2026-05-06,xyz:CL,289606388.2190513,96.916978442281
2026-05-06,xyz:XYZ100,285220418.16024894,28366.940931202225
2026-05-06,xyz:GOLD,111986025.78329512,4676.228144544823
2026-05-06,xyz:MU,92696132.00223443,666.575635858235
2026-05-06,xyz:SILVER,81483040.35393988,76.546590403338
2026-05-06,xyz:NVDA,79778991.9224815,201.384753300903
2026-05-06,xyz:SNDK,59987379.65753342,1439.653161917999
2026-05-06,xyz:GOOGL,51275180.73000248,395.579082696317
2026-05-06,xyz:AMD,44234269.27302311,415.831501042391
2026-05-06,xyz:INTC,31816897.409755107,112.514079221682
2026-05-06,xyz:AMZN,31712443.89304506,274.149562195969
2026-05-06,xyz:TSLA,30207921.791196276,391.618603196664
2026-05-06,xyz:CRCL,24030048.788920972,117.828068102849
2026-05-06,xyz:SKHX,22826640.12231391,1132.116828929068
2026-05-06,xyz:META,19574762.573878262,606.961125781793
2026-05-06,xyz:ORCL,17930135.174633566,187.962404447533
2026-05-06,xyz:COPPER,17173077.0939338,6.142104450626
2026-05-06,xyz:MSFT,17062445.95608567,410.998700486449
2026-05-06,xyz:HOOD,14233564.918703353,77.765528839472
2026-05-06,xyz:MSTR,13769649.029384322,184.63
2026-05-06,xyz:EUR,13054434.548586091,1.174534561892
2026-05-06,xyz:NATGAS,12063066.80209929,2.741901668985
2026-05-06,xyz:AAPL,11771223.205755288,284.071966643502
2026-05-06,xyz:EWY,10880146.651850702,180.280431454419
2026-05-06,xyz:CRWV,9250621.970421419,133.596098748261
2026-05-06,xyz:TSM,8844538.173180375,406.429102920723
2026-05-06,xyz:JPY,8790595.562459527,156.532232267038
2026-05-06,xyz:PLTR,6984267.999564684,134.07872133426
2026-05-06,xyz:BABA,5673589.376977399,138.893852573018
2026-05-06,xyz:COIN,5437665.425860542,197.831438498958
2026-05-06,xyz:CBRS,4912952.478252888,246.782456506611
2026-05-06,xyz:HIMS,4603949.711494906,26.560855254001
2026-05-06,xyz:PLATINUM,4537756.5121197915,2028.791515994437
2026-05-06,xyz:SMSN,4456433.552733602,185.945994436718
2026-05-06,xyz:DRAM,3772617.6322931107,48.783617258177
2026-05-06,xyz:LITE,3637124.578422171,952.508169798191
2026-05-06,xyz:NFLX,3111242.5531744435,87.799099374566
2026-05-06,xyz:USAR,2574500.387781655,27.864600139082
2026-05-06,xyz:URNM,1498932.0025134075,66.73178511822
2026-05-06,xyz:GME,1242209.123929478,24.614167014614
2026-05-06,xyz:PALLADIUM,1172388.616554868,1534.129207232267
2026-05-06,xyz:JP225,906203.5928906193,61662.57341684064
2026-05-06,xyz:RIVN,904201.2251794297,14.647099443672
2026-05-06,xyz:HYUNDAI,699161.2919736673,383.905574112735
2026-05-06,xyz:EWJ,623148.7586724078,91.163173973556
2026-05-06,xyz:LLY,506015.0578467719,987.895841446453
2026-05-06,xyz:MRVL,457257.6085887265,170.73046624913
2026-05-06,xyz:RKLB,436700.1841815449,80.762700069589
2026-05-06,xyz:BIRD,398718.1160554906,5.75920967293
2026-05-06,xyz:KR200,222799.07598189282,1134.978427279054
2026-05-06,xyz:ZM,158169.02047574113,107.419763395964
2026-05-06,xyz:XLE,143740.18032744605,57.818009046625
2026-05-06,xyz:COST,108997.40204265369,1004.969193324061
2026-05-06,xyz:DKNG,105675.63836546973,24.282393876131
2026-05-06,xyz:EWZ,95248.88658182324,39.952005567154
2026-05-06,xyz:EBAY,55459.65641169102,106.60798190675
2026-05-06,xyz:BX,14344.242634516355,124.094154488518
2026-05-07,xyz:SP500,422923270.3027407,7356.922771587744
2026-05-07,xyz:XYZ100,290486082.45624286,28592.03061934586
2026-05-07,xyz:BRENTOIL,287988758.2226378,100.403087743733
2026-05-07,xyz:CL,234916255.96233958,94.502278551532
2026-05-07,xyz:GOLD,115441482.4729559,4717.795894224078
2026-05-07,xyz:MU,94997844.43525632,653.849352818372
2026-05-07,xyz:SILVER,91939222.56017965,79.330335654596
2026-05-07,xyz:NVDA,90284869.81938705,209.564251913709
2026-05-07,xyz:GOOGL,55914646.94943299,398.229088378566
2026-05-07,xyz:SNDK,47744935.26983535,1357.210647181628
2026-05-07,xyz:AMD,41506838.15230163,413.480612386917
2026-05-07,xyz:AMZN,30871080.99135783,273.749693806541
2026-05-07,xyz:INTC,30296645.680426583,110.721092553932
2026-05-07,xyz:ORCL,29582978.684750803,194.392171189979
2026-05-07,xyz:TSLA,26107714.55881542,403.984787752262
2026-05-07,xyz:SKHX,23517273.968053065,1111.34282729805
2026-05-07,xyz:CRCL,23146718.232400753,117.360737647878
2026-05-07,xyz:META,21253457.773344316,615.073576896312
2026-05-07,xyz:COPPER,19397241.613959838,6.188063231198
2026-05-07,xyz:MSFT,19046032.95361343,417.856249130132
2026-05-07,xyz:NATGAS,18009985.22868213,2.746789763231
2026-05-07,xyz:MSTR,14428176.24583133,182.625574112735
2026-05-07,xyz:HOOD,13711947.267027697,77.688150313152
2026-05-07,xyz:AAPL,12743015.97970668,287.901217814892
2026-05-07,xyz:EUR,12028305.865970014,1.17550229805
2026-05-07,xyz:TSM,11192118.4346555,416.674247910864
2026-05-07,xyz:CRWV,9273294.690464066,132.108091922006
2026-05-07,xyz:JPY,9261646.739448886,156.481364902507
2026-05-07,xyz:EWY,9128117.066851087,179.801650417827
2026-05-07,xyz:BABA,7879167.596482563,142.122200557103
2026-05-07,xyz:PLTR,6765555.713927126,135.695407098121
2026-05-07,xyz:CBRS,5330512.506079248,253.233328690808
2026-05-07,xyz:SMSN,5012808.481580501,183.273098885794
2026-05-07,xyz:COIN,4985500.611782185,193.981106471816
2026-05-07,xyz:HIMS,4155694.802248189,26.380656685237
2026-05-07,xyz:PLATINUM,4149355.7961941645,2062.189484679666
2026-05-07,xyz:LITE,3554170.356939499,907.357256267409
2026-05-07,xyz:DRAM,3405610.5400937325,47.614722841226
2026-05-07,xyz:NFLX,3332259.433544632,88.422370911621
2026-05-07,xyz:USAR,3096259.551456727,27.606933844011
2026-05-07,xyz:URNM,2032075.681055014,68.607732590529
2026-05-07,xyz:GME,1316501.4365513928,24.640979108635
2026-05-07,xyz:RKLB,1238512.9916040946,83.132106545961
2026-05-07,xyz:PALLADIUM,1185409.726501379,1527.609749303621
2026-05-07,xyz:JP225,1016104.3274108635,62533.74582172702
2026-05-07,xyz:HYUNDAI,802762.2828937047,393.417179665738
2026-05-07,xyz:RIVN,799994.4803595683,14.447971448468
2026-05-07,xyz:EWJ,698186.2087198356,91.743901114206
2026-05-07,xyz:LLY,584174.0154958009,981.642186629526
2026-05-07,xyz:BIRD,516761.60214771586,6.060911281337
2026-05-07,xyz:MRVL,487120.2609020891,166.968913649025
2026-05-07,xyz:ZM,442923.00477927574,106.468990250696
2026-05-07,xyz:XLE,366306.88213708915,56.374191504178
2026-05-07,xyz:KR200,264683.8821790529,1135.2356545961
2026-05-07,xyz:COST,113742.62245736211,1000.856142061281
2026-05-07,xyz:DKNG,109752.64565626741,24.479030640669
2026-05-07,xyz:EBAY,103928.4227775766,107.569282729805
2026-05-07,xyz:EWZ,38083.68591169916,39.479493036212
2026-05-07,xyz:BX,13119.381563649025,123.768405292479
2026-05-08,xyz:SP500,415927420.1298581,7376.241000694927
2026-05-08,xyz:XYZ100,317624921.1161434,28901.7595552467
2026-05-08,xyz:BRENTOIL,295964343.45977813,100.015125086866
2026-05-08,xyz:CL,236191262.4077405,94.414730368311
2026-05-08,xyz:GOLD,104916112.36329108,4718.2617095205
2026-05-08,xyz:MU,101814025.5270156,691.711327310632
2026-05-08,xyz:NVDA,92075339.27807249,214.007032661571
2026-05-08,xyz:SILVER,78284340.37492584,80.271401667825
2026-05-08,xyz:GOOGL,55534056.853383556,399.097394023628
2026-05-08,xyz:SNDK,50522619.398542605,1428.185684503127
2026-05-08,xyz:AMD,37912338.687056676,428.048450312717
2026-05-08,xyz:AMZN,31348748.924734887,272.143592772759
2026-05-08,xyz:INTC,29691814.51440584,115.748255733148
2026-05-08,xyz:TSLA,28665888.996981304,419.614822793607
2026-05-08,xyz:NATGAS,27534434.677519806,2.838729534399
2026-05-08,xyz:ORCL,27234016.072866168,193.108151494093
2026-05-08,xyz:SKHX,23823016.211033773,1175.068241834607
2026-05-08,xyz:COPPER,22886463.06073699,6.258729186935
2026-05-08,xyz:CRCL,22033306.02737615,113.684218207088
2026-05-08,xyz:META,21496494.05645059,614.785601111883
2026-05-08,xyz:MSFT,18643883.87460143,418.878769979152
2026-05-08,xyz:MSTR,15586002.88450139,182.122182070883
2026-05-08,xyz:AAPL,13859570.888292842,290.52659485754
2026-05-08,xyz:HOOD,12561456.961943436,76.204368311327
2026-05-08,xyz:TSM,10902044.718761655,413.549937456567
2026-05-08,xyz:EUR,10762916.61397932,1.176191938846
2026-05-08,xyz:EWY,10299921.045134066,184.265969423211
2026-05-08,xyz:JPY,9815002.54697526,156.742453092425
2026-05-08,xyz:CRWV,7386095.710366504,115.982265462126
2026-05-08,xyz:BABA,7385995.139637984,141.315385684503
2026-05-08,xyz:PLTR,6422144.394089353,136.734857539958
2026-05-08,xyz:CBRS,5839339.129228492,253.797956914524
2026-05-08,xyz:COIN,5455654.780959611,190.36361362057
2026-05-08,xyz:SMSN,5093433.514225698,190.721042390549
2026-05-08,xyz:HIMS,4776552.195499708,26.537166782488
2026-05-08,xyz:DRAM,4541187.209083947,49.884096594858
2026-05-08,xyz:NFLX,3598401.8493572786,87.977410006949
2026-05-08,xyz:PLATINUM,3414918.4291610285,2049.908269631689
2026-05-08,xyz:LITE,3183125.9902404863,899.824544822794
2026-05-08,xyz:USAR,2991669.2521837945,26.41760180681
2026-05-08,xyz:RKLB,2371942.8283716054,91.657601111883
2026-05-08,xyz:URNM,2224934.6423152327,66.637859624739
2026-05-08,xyz:PALLADIUM,1290809.6160940654,1496.619596942321
2026-05-08,xyz:GME,1100581.6017539958,24.096646977067
2026-05-08,xyz:HYUNDAI,1053694.6750381377,425.969770674079
2026-05-08,xyz:JP225,850763.9821276024,63034.62473940236
2026-05-08,xyz:LLY,767296.7394208256,965.484808895066
2026-05-08,xyz:EWJ,596126.8288864294,91.777749131341
2026-05-08,xyz:BIRD,572903.3626716748,5.926439471855
2026-05-08,xyz:XLE,552952.223074663,55.941659485754
2026-05-08,xyz:RIVN,551273.93633041,14.201496872828
2026-05-08,xyz:ZM,458546.0121448228,108.442786657401
2026-05-08,xyz:MRVL,448933.8186468381,165.108457261987
2026-05-08,xyz:KR200,267031.64823962474,1172.399652536484
2026-05-08,xyz:COST,145560.57325861015,1009.804030576789
2026-05-08,xyz:EBAY,113145.05941695622,106.761452397498
2026-05-08,xyz:DKNG,112785.83692832523,25.338621959694
2026-05-08,xyz:EWZ,32863.725517734536,39.11974009729
2026-05-08,xyz:BX,6508.702404447533,123.071514940931
2026-05-09,xyz:SP500,413125683.1054967,7406.539610840862
2026-05-09,xyz:XYZ100,337852006.3325358,29355.525364836692
2026-05-09,xyz:BRENTOIL,271253083.2040998,98.406266851981
2026-05-09,xyz:CL,225941037.86513692,92.967916608756
2026-05-09,xyz:MU,121408989.74418238,766.734454482279
2026-05-09,xyz:GOLD,101401131.37525478,4719.138568450313
2026-05-09,xyz:NVDA,90007677.11117463,215.401966643502
2026-05-09,xyz:SILVER,70476832.20603,80.550684503127
2026-05-09,xyz:SNDK,53948882.241672695,1565.602223766505
2026-05-09,xyz:GOOGL,53516104.49702958,400.254579569145
2026-05-09,xyz:AMD,36458397.97205949,460.786205698402
2026-05-09,xyz:INTC,32139024.040787492,126.366330785268
2026-05-09,xyz:AMZN,32126252.116708715,273.200917303683
2026-05-09,xyz:SKHX,28154289.71906421,1255.580820013899
2026-05-09,xyz:TSLA,27545586.72782902,428.131077136901
2026-05-09,xyz:ORCL,27346226.51720139,195.476455872133
2026-05-09,xyz:NATGAS,23914691.262888893,2.879956845031
2026-05-09,xyz:COPPER,23868795.562817905,6.243502362752
2026-05-09,xyz:CRCL,21959516.709042795,116.000952050035
2026-05-09,xyz:META,20837972.741577208,609.784398888117
2026-05-09,xyz:EWY,18727238.09128589,193.634496177901
2026-05-09,xyz:MSTR,16397083.606058124,189.309221681723
2026-05-09,xyz:MSFT,15948389.862673746,415.511751216122
2026-05-09,xyz:AAPL,14749987.484297138,294.045691452397
2026-05-09,xyz:HOOD,12646984.700301476,77.207952744962
2026-05-09,xyz:TSM,11280620.730561057,411.308658790827
2026-05-09,xyz:JPY,10131513.935637804,156.674496177901
2026-05-09,xyz:EUR,9937057.427748006,1.178915566366
2026-05-09,xyz:HIMS,9580476.828781765,30.682041000695
2026-05-09,xyz:BABA,8353429.541400348,140.608026407227
2026-05-09,xyz:CBRS,7767962.466549271,283.833988881167
2026-05-09,xyz:DRAM,7383112.201461849,55.879459346769
2026-05-09,xyz:CRWV,6864484.946351216,114.048825573315
2026-05-09,xyz:PLTR,5924483.334645378,137.14255038221
2026-05-09,xyz:SMSN,5615657.698439764,206.21893676164
2026-05-09,xyz:COIN,4996632.910194148,201.546671299514
2026-05-09,xyz:LITE,4094505.4220184437,964.547178596247
2026-05-09,xyz:NFLX,3634533.7611260694,87.478544127867
2026-05-09,xyz:PLATINUM,3173472.6036314107,2045.168658790827
2026-05-09,xyz:USAR,3055027.8756685616,26.8043161918
2026-05-09,xyz:RKLB,2795389.411589159,106.353981931897
2026-05-09,xyz:URNM,2114007.6200953717,65.231253648367
2026-05-09,xyz:GME,1292943.8271612648,24.815264767199
2026-05-09,xyz:PALLADIUM,1201360.6524366783,1499.030576789437
2026-05-09,xyz:HYUNDAI,1078435.1992488394,437.221938846421
2026-05-09,xyz:JP225,813400.6115785685,64063.83669214733
2026-05-09,xyz:LLY,777683.8224434649,949.048978457262
2026-05-09,xyz:BIRD,661304.9081162474,5.505254134816
2026-05-09,xyz:EWJ,602495.4573076317,92.365149409312
2026-05-09,xyz:RIVN,581855.5696813343,14.233068797776
2026-05-09,xyz:XLE,528874.4195460042,55.665404447533
2026-05-09,xyz:ZM,467750.53243931895,110.166900625434
2026-05-09,xyz:MRVL,342076.6163638638,171.082703266157
2026-05-09,xyz:KR200,254405.87796528146,1209.990062543433
2026-05-09,xyz:COST,156381.57580419735,1010.132800555942
2026-05-09,xyz:EBAY,131720.11672036137,108.000444753301
2026-05-09,xyz:DKNG,110973.04249221682,25.645
2026-05-09,xyz:BX,43082.1262543433,123.123099374566
2026-05-09,xyz:EWZ,36301.88340514246,39.355
2026-05-10,xyz:SP500,418711905.18123305,7414.710972222222
2026-05-10,xyz:XYZ100,337258150.55811363,29393.009027777778
2026-05-10,xyz:BRENTOIL,272539306.5262781,99.026543055556
2026-05-10,xyz:CL,230840881.8298188,93.578993055556
2026-05-10,xyz:MU,126187893.52016623,772.843451388889
2026-05-10,xyz:GOLD,109094175.74374522,4725.920972222222
2026-05-10,xyz:NVDA,96125192.27921516,216.945694444444
2026-05-10,xyz:SILVER,73193539.43090698,80.760808333333
2026-05-10,xyz:SNDK,53828089.77694041,1568.795555555556
2026-05-10,xyz:GOOGL,53730381.28911512,401.170284722222
2026-05-10,xyz:AMD,36788263.58198223,463.786756944444
2026-05-10,xyz:INTC,33392915.98000278,127.468041666667
2026-05-10,xyz:AMZN,32075699.9030109,273.752895833333
2026-05-10,xyz:SKHX,28977209.28307472,1260.367013888889
2026-05-10,xyz:ORCL,26542137.056987345,195.907104166667
2026-05-10,xyz:TSLA,26148843.486494057,428.444583333333
2026-05-10,xyz:COPPER,25255302.36920008,6.380149097222
2026-05-10,xyz:NATGAS,23305028.808343917,2.876054513889
2026-05-10,xyz:CRCL,22816324.78636743,116.866138888889
2026-05-10,xyz:META,20909871.0623335,610.363402777778
2026-05-10,xyz:EWY,19200442.61937325,194.820784722222
2026-05-10,xyz:MSTR,17331260.86736315,190.840493055556
2026-05-10,xyz:MSFT,15613919.273690265,415.828243055556
2026-05-10,xyz:AAPL,14684166.882706875,294.341006944444
2026-05-10,xyz:HOOD,13202979.501673864,77.588858333333
2026-05-10,xyz:HIMS,11384329.449007472,31.5960375
2026-05-10,xyz:TSM,10820519.963921236,411.413409722222
2026-05-10,xyz:EUR,10051997.950970888,1.178439513889
2026-05-10,xyz:JPY,10036336.34256375,156.714715277778
2026-05-10,xyz:DRAM,9257355.477439167,56.265419444444
2026-05-10,xyz:BABA,8701910.780903736,140.896597222222
2026-05-10,xyz:CBRS,8573036.810498472,292.918034722222
2026-05-10,xyz:CRWV,7191657.591951805,115.6604375
2026-05-10,xyz:PLTR,5882816.715889611,137.516791666667
2026-05-10,xyz:SMSN,5774436.6687446665,206.846541666667
2026-05-10,xyz:COIN,5649785.984294388,202.913875
2026-05-10,xyz:LITE,4025492.469091653,982.274472222222
2026-05-10,xyz:NFLX,3634872.5991940056,87.665817361111
2026-05-10,xyz:PLATINUM,3219845.831820917,2056.324722222222
2026-05-10,xyz:USAR,3047707.5652615973,26.740240277778
2026-05-10,xyz:RKLB,3036663.9149325,108.966854166667
2026-05-10,xyz:URNM,2151241.922780889,65.8078875
2026-05-10,xyz:GME,1317345.8222910278,24.872607638889
2026-05-10,xyz:PALLADIUM,1247601.4830199305,1499.599236111111
2026-05-10,xyz:HYUNDAI,1083193.3778653194,440.085631944444
2026-05-10,xyz:JP225,822971.6432999722,64431.75
2026-05-10,xyz:LLY,804356.5136030903,951.043666666667
2026-05-10,xyz:EWJ,608347.9762640416,92.452786111111
2026-05-10,xyz:RIVN,588278.7387656944,14.263665972222
2026-05-10,xyz:BIRD,497025.0695191528,5.450305694444
2026-05-10,xyz:XLE,492947.21764436114,55.610360416667
2026-05-10,xyz:ZM,461217.10153808334,110.103222222222
2026-05-10,xyz:MRVL,352784.80659069447,171.576069444444
2026-05-10,xyz:KR200,262862.2169383889,1215.716319444444
2026-05-10,xyz:COST,158663.74376359722,1013.74375
2026-05-10,xyz:EBAY,139897.94892833332,108.06
2026-05-10,xyz:DKNG,120499.30305868055,25.645
2026-05-10,xyz:BX,38806.97698777778,123.08
2026-05-10,xyz:EWZ,36057.83523170833,39.35626875
2026-05-11,xyz:SP500,416186512.5306319,7400.622160278746
2026-05-11,xyz:XYZ100,341032366.11585397,29258.267037552156
2026-05-11,xyz:BRENTOIL,314457647.31657577,102.729770034843
2026-05-11,xyz:CL,204628847.03661972,96.931660167131
2026-05-11,xyz:MU,127757936.51704627,785.87059151009
2026-05-11,xyz:GOLD,124087547.8914215,4701.850104384134
2026-05-11,xyz:NVDA,94284134.87314576,216.771877607789
2026-05-11,xyz:SILVER,86496449.73978244,82.986267223382
2026-05-11,xyz:SNDK,69334391.2000128,1572.244328462074
2026-05-11,xyz:GOOGL,49719412.5304824,394.948267223382
2026-05-11,xyz:INTC,40999627.9902881,128.141461377871
2026-05-11,xyz:AMD,39936579.90380222,461.54133611691
2026-05-11,xyz:SKHX,34411370.37489589,1308.397494780793
2026-05-11,xyz:TSLA,32492642.787634064,431.454422809458
2026-05-11,xyz:AMZN,30926058.771763828,270.782915796799
2026-05-11,xyz:COPPER,29341826.109034427,6.400909198606
2026-05-11,xyz:NATGAS,27218761.09038608,2.952665017422
2026-05-11,xyz:CRCL,22624089.19075847,122.800508002784
2026-05-11,xyz:META,21194845.216151565,604.218594293667
2026-05-11,xyz:EWY,18299199.572855737,191.132041811847
2026-05-11,xyz:MSTR,17486959.289852872,191.158141962422
2026-05-11,xyz:ORCL,17424338.628093738,193.655803757829
2026-05-11,xyz:MSFT,15291326.10450881,412.008489909534
2026-05-11,xyz:AAPL,14522740.371728448,292.457167710508
2026-05-11,xyz:DRAM,14201746.74551596,54.653613937282
2026-05-11,xyz:HOOD,13173386.682993742,78.078112734864
2026-05-11,xyz:HIMS,12953837.966731679,29.026875261324
2026-05-11,xyz:EUR,10132711.2434243,1.17725177453
2026-05-11,xyz:CBRS,9877925.150289895,294.365902439024
2026-05-11,xyz:TSM,9275269.041441364,404.957967988866
2026-05-11,xyz:JPY,9098862.034561587,157.10965901183
2026-05-11,xyz:COIN,8273169.718659945,206.049839944328
2026-05-11,xyz:BABA,8265226.415733956,137.639011142061
2026-05-11,xyz:CRWV,6917164.110252543,114.471337979094
2026-05-11,xyz:SMSN,6210322.703626397,196.747595818815
2026-05-11,xyz:LITE,5952133.165508529,990.689080139373
2026-05-11,xyz:PLTR,5700844.753671983,135.698350730689
2026-05-11,xyz:PLATINUM,4021418.3014598605,2080.057630662021
2026-05-11,xyz:RKLB,3670492.6940550525,110.776418118467
2026-05-11,xyz:NFLX,3571290.255217886,86.537054279749
2026-05-11,xyz:USAR,2872221.6125872754,26.56371010453
2026-05-11,xyz:URNM,2109259.226508627,66.904410452962
2026-05-11,xyz:PALLADIUM,1364457.6046858397,1496.8593728223
2026-05-11,xyz:GME,1304315.868267136,23.788407665505
2026-05-11,xyz:HYUNDAI,1000262.5081931568,437.641644599303
2026-05-11,xyz:JP225,953598.2398290174,62691.43763066202
2026-05-11,xyz:LLY,925460.9934749575,957.684244954767
2026-05-11,xyz:RIVN,603263.4003891579,14.190980514962
2026-05-11,xyz:EWJ,559890.3099473143,91.946634843206
2026-05-11,xyz:ZM,476991.34319722647,108.27568641115
2026-05-11,xyz:BIRD,445046.0222624251,5.547182508711
2026-05-11,xyz:MRVL,385157.40537421603,168.198097560976
2026-05-11,xyz:KR200,257897.75479683623,1223.240278745645
2026-05-11,xyz:XLE,256999.38306136586,56.63574912892
2026-05-11,xyz:COST,169757.40628881002,1001.29636743215
2026-05-11,xyz:EBAY,159362.18013156793,107.559616724739
2026-05-11,xyz:DKNG,110462.82291198606,25.116866202091
2026-05-11,xyz:EWZ,35884.8738052683,38.960170731707
2026-05-11,xyz:BX,30607.9431102439,122.901693379791
2026-05-12,xyz:SP500,424188060.42357844,7386.899512874043
2026-05-12,xyz:BRENTOIL,334440372.25910497,104.284418928323
2026-05-12,xyz:XYZ100,333840109.31492877,29057.402226861515
2026-05-12,xyz:CL,182636236.20004335,98.651713987474
2026-05-12,xyz:GOLD,128953007.93528931,4705.838970076548
2026-05-12,xyz:MU,114937160.96418178,765.460514961726
2026-05-12,xyz:SILVER,93315495.76098153,85.330120389701
2026-05-12,xyz:NVDA,91378897.813618,218.532832289492
2026-05-12,xyz:SNDK,62137697.574685596,1468.82282533055
2026-05-12,xyz:GOOGL,44686157.48708491,386.935539318024
2026-05-12,xyz:AMD,41177470.807302475,446.937362560891
2026-05-12,xyz:INTC,40387136.21534697,122.57046624913
2026-05-12,xyz:TSLA,36260416.28851335,435.717306889353
2026-05-12,xyz:COPPER,35971456.20711525,6.532253444676
2026-05-12,xyz:SKHX,33170246.918389842,1225.218719554628
2026-05-12,xyz:AMZN,28801841.473449618,266.509164926931
2026-05-12,xyz:NATGAS,28517023.929264467,3.012186499652
2026-05-12,xyz:CRCL,22864223.014784817,128.054370215727
2026-05-12,xyz:META,20164211.55073879,599.007167710508
2026-05-12,xyz:MSTR,17904965.481951106,188.619248434238
2026-05-12,xyz:MSFT,15652364.179926861,410.111920668058
2026-05-12,xyz:DRAM,15446135.26394805,51.798048746518
2026-05-12,xyz:AAPL,14231690.369515741,293.339568545581
2026-05-12,xyz:ORCL,13694761.453913584,188.987042449548
2026-05-12,xyz:COIN,13055323.096353054,209.996638830898
2026-05-12,xyz:CBRS,12760026.235551532,294.997743732591
2026-05-12,xyz:HOOD,12710773.866542904,78.719704244955
2026-05-12,xyz:EWY,12289069.05812369,181.305254001392
2026-05-12,xyz:HIMS,10066044.181142101,24.844310368824
2026-05-12,xyz:EUR,9725803.05472874,1.174581628392
2026-05-12,xyz:BABA,9425859.926327085,136.19798190675
2026-05-12,xyz:TSM,8726657.806233278,397.76363256785
2026-05-12,xyz:JPY,8511247.17025623,157.584913013222
2026-05-12,xyz:LITE,7570197.654085455,1011.962881002088
2026-05-12,xyz:SMSN,6272988.81275254,183.785240083507
2026-05-12,xyz:CRWV,5735791.844712595,110.065539318024
2026-05-12,xyz:PLTR,5583331.3101765765,135.388858733473
2026-05-12,xyz:PLATINUM,4638960.100953932,2102.969450243563
2026-05-12,xyz:RKLB,4443832.641737509,115.201871955463
2026-05-12,xyz:NFLX,3664997.081267019,86.493329157968
2026-05-12,xyz:USAR,2769740.267713556,25.873022964509
2026-05-12,xyz:PALLADIUM,1966531.4793992762,1491.005358385525
2026-05-12,xyz:URNM,1955473.4174773416,66.542518441197
2026-05-12,xyz:GME,1070941.3944758803,22.368583855254
2026-05-12,xyz:JP225,985331.2345646346,62470.03340292275
2026-05-12,xyz:LLY,879411.9862666805,977.386534446764
2026-05-12,xyz:EWJ,878026.1362778163,91.976482254697
2026-05-12,xyz:HYUNDAI,860608.9028850939,429.453472512178
2026-05-12,xyz:RIVN,600316.2408141963,14.003248434238
2026-05-12,xyz:ZM,556562.155244624,104.93245821727
2026-05-12,xyz:MRVL,525710.9450379958,165.377091162143
2026-05-12,xyz:BIRD,353823.39777606126,5.210443771747
2026-05-12,xyz:KR200,330183.9675011691,1174.132776617954
2026-05-12,xyz:XLE,244793.30734981212,57.517312456507
2026-05-12,xyz:COST,163202.33797124843,1007.774919972164
2026-05-12,xyz:EBAY,128591.8460045961,108.346399721448
2026-05-12,xyz:DKNG,105644.66303972164,24.664558107168
2026-05-12,xyz:EWZ,52057.777135069635,38.45620264624
2026-05-12,xyz:BX,22903.287702853166,121.748503827418
2026-05-13,xyz:SP500,453982122.13551664,7423.817972027972
2026-05-13,xyz:XYZ100,342511420.49380124,29260.900139664805
2026-05-13,xyz:BRENTOIL,322275723.0408522,103.34972027972
2026-05-13,xyz:CL,165675510.62636366,98.239678321678
2026-05-13,xyz:MU,141404311.084168,796.695576519916
2026-05-13,xyz:GOLD,131908103.68572284,4696.636941340782
2026-05-13,xyz:NVDA,105344352.69391862,225.165377094972
2026-05-13,xyz:SILVER,95526708.54871334,87.287148951049
2026-05-13,xyz:SNDK,56180144.42809015,1473.284067085954
2026-05-13,xyz:COPPER,54606197.296524584,6.644152307692
2026-05-13,xyz:GOOGL,47093744.09322002,394.008491620112
2026-05-13,xyz:INTC,44712157.251720116,121.90280726257
2026-05-13,xyz:AMD,41219472.20622463,450.661236897275
2026-05-13,xyz:TSLA,38775752.29128197,440.353177374302
2026-05-13,xyz:SKHX,31760014.97559455,1324.773165618449
2026-05-13,xyz:AMZN,28163128.220223017,267.696282320056
2026-05-13,xyz:NATGAS,25246463.825354155,3.013918391608
2026-05-13,xyz:CRCL,24146205.356149156,126.416254367575
2026-05-13,xyz:META,20498062.072068658,607.083631284916
2026-05-13,xyz:MSTR,18376796.325713053,182.859245283019
2026-05-13,xyz:DRAM,16399913.268641537,54.137569230769
2026-05-13,xyz:MSFT,15787506.677960923,406.047472067039
2026-05-13,xyz:AAPL,15322041.57914458,295.937925977654
2026-05-13,xyz:CBRS,14824934.701004336,303.013818181818
2026-05-13,xyz:COIN,12488810.151171941,205.682430167598
2026-05-13,xyz:HOOD,12265899.913375383,77.795055865922
2026-05-13,xyz:EWY,11847038.395637454,187.258223776224
2026-05-13,xyz:ORCL,11725029.865355322,188.52625
2026-05-13,xyz:EUR,9805861.913969181,1.171754018169
2026-05-13,xyz:SMSN,9693305.63341744,191.074643356643
2026-05-13,xyz:BABA,9306038.382534197,139.119447552448
2026-05-13,xyz:TSM,8811739.165319776,399.250859538784
2026-05-13,xyz:JPY,8707611.84327044,157.791474493361
2026-05-13,xyz:HIMS,7701147.777824587,24.536155244755
2026-05-13,xyz:LITE,7388323.243245301,1028.171972027972
2026-05-13,xyz:CRWV,6391047.766408112,110.006783216783
2026-05-13,xyz:RKLB,5932542.132121399,123.090503496503
2026-05-13,xyz:PLTR,5898834.629357947,133.596997206704
2026-05-13,xyz:PLATINUM,4911103.300818797,2138.517202797203
2026-05-13,xyz:NFLX,3622165.400162605,87.531341020266
2026-05-13,xyz:USAR,2706698.387433846,25.770334965035
2026-05-13,xyz:URNM,2393109.6509686993,65.080859440559
2026-05-13,xyz:PALLADIUM,2081852.9147002099,1499.833496503497
2026-05-13,xyz:MRVL,1219929.849396923,172.554853146853
2026-05-13,xyz:JP225,1002913.1576296363,63118.18041958042
2026-05-13,xyz:LLY,942267.9844762334,998.96142557652
2026-05-13,xyz:HYUNDAI,937186.0001435664,477.713118881119
2026-05-13,xyz:EWJ,749059.2542652867,92.892130769231
2026-05-13,xyz:GME,745000.274027902,22.343323076923
2026-05-13,xyz:RIVN,677992.6257341258,14.150484615385
2026-05-13,xyz:ZM,665449.1507508112,103.164090909091
2026-05-13,xyz:BIRD,389782.9176805035,4.917859090909
2026-05-13,xyz:COST,309101.91657819704,1021.999790356394
2026-05-13,xyz:KR200,268269.35731731466,1215.621538461538
2026-05-13,xyz:XLE,261224.986616,57.373725874126
2026-05-13,xyz:EBAY,141320.81654937062,111.299699300699
2026-05-13,xyz:DKNG,111239.55619264336,24.813735664336
2026-05-13,xyz:EWZ,78207.74620651748,37.883555944056
2026-05-13,xyz:BX,28181.941764475523,121.612307692308
2026-05-14,xyz:SP500,506835904.54701805,7477.281597222222
2026-05-14,xyz:XYZ100,374076512.6580635,29525.043055555558
2026-05-14,xyz:BRENTOIL,301993772.62878394,101.625558333333
2026-05-14,xyz:CL,146314849.6035852,97.017936805556
2026-05-14,xyz:MU,142516138.88817316,792.046097222222
2026-05-14,xyz:GOLD,129695413.10020001,4684.051944444444
2026-05-14,xyz:NVDA,119712999.24614199,232.048743055556
2026-05-14,xyz:SILVER,81314203.2064107,85.812425694444
2026-05-14,xyz:SNDK,58247114.91167056,1409.028125
2026-05-14,xyz:GOOGL,51157090.29920887,401.825923611111
2026-05-14,xyz:COPPER,47526318.42807393,6.598467847222
2026-05-14,xyz:TSLA,40394224.810402095,446.548631944444
2026-05-14,xyz:INTC,39994482.62736389,116.754118055556
2026-05-14,xyz:CBRS,38726969.282513335,306.504666666667
2026-05-14,xyz:AMD,38671750.310393445,445.0003125
2026-05-14,xyz:SKHX,31959091.21029625,1316.972291666667
2026-05-14,xyz:AMZN,29137159.202029236,269.132944444444
2026-05-14,xyz:META,26407894.241797693,617.142833333333
2026-05-14,xyz:CRCL,25161592.546856154,125.083041666667
2026-05-14,xyz:DRAM,18811482.54379181,54.172215972222
2026-05-14,xyz:MSFT,17288599.431682624,406.297923611111
2026-05-14,xyz:MSTR,17219743.350630123,182.065722222222
2026-05-14,xyz:AAPL,14907797.457188291,298.664902777778
2026-05-14,xyz:EWY,14821014.457260778,189.988472222222
2026-05-14,xyz:NATGAS,13315696.929190833,3.075886111111
2026-05-14,xyz:ORCL,12736425.758276291,192.631666666667
2026-05-14,xyz:HOOD,11940453.743985092,78.174997916667
2026-05-14,xyz:SMSN,10732126.691212473,196.651291666667
2026-05-14,xyz:COIN,10467954.540491084,206.638645833333
2026-05-14,xyz:EUR,10099374.090256944,1.169541597222
2026-05-14,xyz:TSM,9362787.198270028,409.725784722222
2026-05-14,xyz:BABA,9158635.46741082,142.139958333333
2026-05-14,xyz:JPY,9036304.905438056,158.043534722222
2026-05-14,xyz:LITE,7435132.028724723,1013.907479166667
2026-05-14,xyz:CRWV,7420039.3188941665,113.107256944444
2026-05-14,xyz:PLTR,6148701.094062152,131.537840277778
2026-05-14,xyz:RKLB,6052929.429544167,126.674715277778
2026-05-14,xyz:HIMS,5594105.901806944,24.121340972222
2026-05-14,xyz:PLATINUM,4594736.14013082,2101.125486111111
2026-05-14,xyz:NFLX,3632212.343202017,87.547193055556
2026-05-14,xyz:URNM,2666759.705134611,63.492059722222
2026-05-14,xyz:MRVL,2491547.513028889,183.794541666667
2026-05-14,xyz:USAR,2442569.7085428196,25.086732638889
2026-05-14,xyz:PALLADIUM,1659387.1612586668,1471.596875
2026-05-14,xyz:LLY,1133919.395647125,1011.649694444444
2026-05-14,xyz:HYUNDAI,1085715.2766892777,481.249520833333
2026-05-14,xyz:JP225,844417.2898009167,62989.67847222222
2026-05-14,xyz:GME,794292.0840173333,21.993350694444
2026-05-14,xyz:RIVN,764051.4703616945,14.4075625
2026-05-14,xyz:ZM,700479.3575597958,101.144789583333
2026-05-14,xyz:EWJ,582088.2962628084,92.235365972222
2026-05-14,xyz:COST,380653.98088525,1031.975208333333
2026-05-14,xyz:BIRD,300738.05096894444,4.584551875
2026-05-14,xyz:XLE,225829.63702941666,57.730336111111
2026-05-14,xyz:KR200,184634.66562056943,1236.867083333333
2026-05-14,xyz:EBAY,116196.11101138889,113.167604166667
2026-05-14,xyz:DKNG,112816.11667233333,24.96263125
2026-05-14,xyz:EWZ,77081.9962774861,37.018175694444
2026-05-14,xyz:PURRDAT,58079.46389666667,6.52581375
2026-05-14,xyz:BX,54697.26806125,121.199840277778
2026-05-15,xyz:SP500,516238219.58232975,7438.080027932961
2026-05-15,xyz:XYZ100,369095355.59379333,29243.818688981868
2026-05-15,xyz:BRENTOIL,306123475.18365717,103.782388268156
2026-05-15,xyz:CL,147393427.15869722,99.810204608939
2026-05-15,xyz:GOLD,126547273.4381686,4567.140794979079
2026-05-15,xyz:MU,115125075.16876717,745.478228730823
2026-05-15,xyz:NVDA,102821915.34875791,230.299177126918
2026-05-15,xyz:SILVER,93987465.81003943,78.180793296089
2026-05-15,xyz:CBRS,58121464.75782667,306.618596368715
2026-05-15,xyz:SNDK,56116024.72123598,1372.701046025105
2026-05-15,xyz:GOOGL,44584433.03269071,396.275843793584
2026-05-15,xyz:TSLA,39865995.33542039,430.545906555091
2026-05-15,xyz:AMD,35384709.74998149,433.691813110181
2026-05-15,xyz:CRCL,32714296.90369686,116.976276150628
2026-05-15,xyz:COPPER,32333366.8003368,6.343753561453
2026-05-15,xyz:INTC,31678369.369585913,109.912880055788
2026-05-15,xyz:META,28757649.01701407,612.836527196653
2026-05-15,xyz:SKHX,28501385.184678297,1242.403628750872
2026-05-15,xyz:AMZN,26097049.0785747,263.898472803347
2026-05-15,xyz:DRAM,20600597.499756426,51.313775837989
2026-05-15,xyz:MSFT,17905906.84610403,414.408926080893
2026-05-15,xyz:MSTR,16880658.443364434,180.595048814505
2026-05-15,xyz:AAPL,14131054.968404518,298.703709902371
2026-05-15,xyz:ORCL,13367987.963660516,192.752336122734
2026-05-15,xyz:EWY,12527379.185580684,180.557206703911
2026-05-15,xyz:HOOD,11651755.865086673,78.210234309623
2026-05-15,xyz:NATGAS,10765976.853124162,3.11838952514
2026-05-15,xyz:EUR,9686150.15719292,1.163507960894
2026-05-15,xyz:TSM,9326511.846446559,407.820648988137
2026-05-15,xyz:SMSN,8985072.642024875,184.647716480447
2026-05-15,xyz:JPY,8607907.107385345,158.584214933706
2026-05-15,xyz:BABA,8137191.698157583,135.087863128492
2026-05-15,xyz:COIN,7382058.747317713,203.252887029289
2026-05-15,xyz:LITE,6416574.285619637,967.273177374302
2026-05-15,xyz:RKLB,6307429.123304609,127.292304469274
2026-05-15,xyz:CRWV,6264392.065692179,109.912472067039
2026-05-15,xyz:PLTR,5670602.97988834,132.879679218968
2026-05-15,xyz:HIMS,5381893.107358813,24.310998603352
2026-05-15,xyz:MRVL,3805136.8130585197,177.250293296089
2026-05-15,xyz:NFLX,3567988.4883851563,87.002337517434
2026-05-15,xyz:PLATINUM,3244769.565169176,1999.993715083799
2026-05-15,xyz:URNM,2290970.3247548044,61.386572625698
2026-05-15,xyz:USAR,2071851.2660541341,24.399134776536
2026-05-15,xyz:PALLADIUM,1754734.038738366,1424.076396648045
2026-05-15,xyz:LLY,1150179.653402106,1002.986743375174
2026-05-15,xyz:HYUNDAI,922461.974795447,472.273805865922
2026-05-15,xyz:XLE,915868.4662092598,58.642222765363
2026-05-15,xyz:ZM,886768.9381412752,99.046727653631
2026-05-15,xyz:JP225,857096.8165057541,61821.550977653635
2026-05-15,xyz:GME,820554.2928710475,21.644988826816
2026-05-15,xyz:EWJ,656881.5469239162,91.105608240223
2026-05-15,xyz:RIVN,649767.7531406843,14.152440642458
2026-05-15,xyz:PURRDAT,632894.4510515364,7.107114036313
2026-05-15,xyz:BIRD,420119.19578561455,4.427751536313
2026-05-15,xyz:COST,281423.6256344212,1044.558437935844
2026-05-15,xyz:KR200,178296.88705614526,1177.660265363128
2026-05-15,xyz:DKNG,112935.47895955307,25.048456703911
2026-05-15,xyz:EBAY,80575.96891941341,113.948903631285
2026-05-15,xyz:EWZ,76849.67749162011,36.445491620112
2026-05-15,xyz:BX,47970.54626452514,120.327409217877
2026-05-16,xyz:SP500,478881482.4172394,7385.122083333333
2026-05-16,xyz:XYZ100,345097796.17684513,29001.786111111112
2026-05-16,xyz:BRENTOIL,307279026.26588005,104.969930555556
2026-05-16,xyz:CL,151315364.22203982,101.442472222222
2026-05-16,xyz:GOLD,126672153.51891133,4537.154861111111
2026-05-16,xyz:MU,113220054.18833403,715.122923611111
2026-05-16,xyz:SILVER,104373209.82420284,75.872434722222
2026-05-16,xyz:NVDA,91966796.54780851,223.900263888889
2026-05-16,xyz:CBRS,52176183.48228875,272.697784722222
2026-05-16,xyz:SNDK,51807656.63816361,1383.473888888889
2026-05-16,xyz:TSLA,42275948.034774944,418.621791666667
2026-05-16,xyz:GOOGL,42089372.69556386,395.852020833333
2026-05-16,xyz:CRCL,32899889.17628389,111.204534722222
2026-05-16,xyz:AMD,32536491.610360805,418.867458333333
2026-05-16,xyz:INTC,31134525.88327028,106.766076388889
2026-05-16,xyz:SKHX,27663881.96050403,1210.926875
2026-05-16,xyz:COPPER,27081354.45905993,6.299603263889
2026-05-16,xyz:META,26113308.138025027,609.655590277778
2026-05-16,xyz:AMZN,23987069.63297207,262.108611111111
2026-05-16,xyz:MSFT,17673617.957088374,419.608319444444
2026-05-16,xyz:MSTR,16809816.364448722,174.00825
2026-05-16,xyz:AAPL,13635785.028031792,299.015597222222
2026-05-16,xyz:ORCL,13613581.927432986,191.085236111111
2026-05-16,xyz:DRAM,13585722.530326944,50.229834722222
2026-05-16,xyz:EWY,12075553.864311459,176.851944444444
2026-05-16,xyz:HOOD,11283214.067980075,76.527365277778
2026-05-16,xyz:NATGAS,10854333.937523194,3.12594375
2026-05-16,xyz:EUR,8845321.721505111,1.162595972222
2026-05-16,xyz:TSM,8770572.710878903,400.285375
2026-05-16,xyz:JPY,8577372.09827736,158.604680555556
2026-05-16,xyz:SMSN,8568520.426065,182.495236111111
2026-05-16,xyz:BABA,7612121.146455,132.183347222222
2026-05-16,xyz:LITE,6482141.239715417,955.035076388889
2026-05-16,xyz:COIN,5955769.279747709,192.537416666667
2026-05-16,xyz:RKLB,5890147.993439167,123.619597222222
2026-05-16,xyz:PLTR,5736975.228250819,132.736006944444
2026-05-16,xyz:HIMS,5666308.497346833,24.768386111111
2026-05-16,xyz:CRWV,5665007.318225278,106.538416666667
2026-05-16,xyz:MRVL,3743193.182915556,176.093694444444
2026-05-16,xyz:NFLX,3599365.5354267373,86.845359722222
2026-05-16,xyz:PLATINUM,3194148.705577417,1985.335347222222
2026-05-16,xyz:XLE,2162007.994934375,59.677298611111
2026-05-16,xyz:USAR,1981915.6239096667,24.1897875
2026-05-16,xyz:URNM,1904237.2227336806,59.338914583333
2026-05-16,xyz:PALLADIUM,1669005.993898264,1424.729583333333
2026-05-16,xyz:LLY,1131145.013502139,1003.500347222222
2026-05-16,xyz:HYUNDAI,1081109.5892236945,473.068486111111
2026-05-16,xyz:BIRD,963107.4414317778,4.085680416667
2026-05-16,xyz:ZM,922618.3546811527,99.034863194444
2026-05-16,xyz:GME,873430.4041068889,21.633858333333
2026-05-16,xyz:JP225,859833.7248071111,61692.47986111111
2026-05-16,xyz:PURRDAT,706285.0128601389,6.807249097222
2026-05-16,xyz:EWJ,646655.1103609764,90.493756944444
2026-05-16,xyz:RIVN,609090.3483420556,13.680305555556
2026-05-16,xyz:KR200,188183.9238019722,1160.980763888889
2026-05-16,xyz:COST,186444.0744295139,1047.5
2026-05-16,xyz:DKNG,120683.38189805555,24.98
2026-05-16,xyz:EWZ,79145.52766819444,36.17
2026-05-16,xyz:EBAY,38619.61501097222,116.139097222222
2026-05-16,xyz:BX,33088.338915555556,117.76
2026-05-17,xyz:SP500,482130665.354044,7396.280347222222
2026-05-17,xyz:XYZ100,346835457.1659075,29056.661111111112
2026-05-17,xyz:BRENTOIL,311534548.17249364,105.385270833333
2026-05-17,xyz:CL,158854254.68281022,101.759375
2026-05-17,xyz:GOLD,120907022.62893699,4535.781944444444
2026-05-17,xyz:MU,115755260.07753406,721.2545
2026-05-17,xyz:SILVER,105412727.13002953,75.827246527778
2026-05-17,xyz:NVDA,93342369.29853413,224.623993055556
2026-05-17,xyz:SNDK,53065390.96074861,1396.357291666667
2026-05-17,xyz:CBRS,52056968.28964417,273.600104166667
2026-05-17,xyz:TSLA,42975677.65195693,420.079347222222
2026-05-17,xyz:GOOGL,42716613.09244639,396.851583333333
2026-05-17,xyz:CRCL,33671537.40968619,110.604909722222
2026-05-17,xyz:AMD,32651008.68616886,420.124965277778
2026-05-17,xyz:INTC,31261759.275542498,107.328875
2026-05-17,xyz:SKHX,28567182.35320639,1233.007430555556
2026-05-17,xyz:META,26682233.519330263,611.2750625
2026-05-17,xyz:COPPER,26559197.934324794,6.281424722222
2026-05-17,xyz:AMZN,23935675.824909333,262.479673611111
2026-05-17,xyz:MSFT,18032287.422023207,419.998555555556
2026-05-17,xyz:AAPL,16276352.24012832,298.748270833333
2026-05-17,xyz:MSTR,16049644.128910096,173.575923611111
2026-05-17,xyz:ORCL,13772946.769525861,191.568875
2026-05-17,xyz:DRAM,13053608.018259445,51.256859027778
2026-05-17,xyz:EWY,12614343.51330239,178.625326388889
2026-05-17,xyz:HOOD,11496120.548989264,76.62341875
2026-05-17,xyz:NATGAS,11436430.578362638,3.141285763889
2026-05-17,xyz:EUR,8935604.934019445,1.162451527778
2026-05-17,xyz:SMSN,8860057.696195027,184.216770833333
2026-05-17,xyz:JPY,8536889.318191528,158.675944444444
2026-05-17,xyz:TSM,8515143.962863652,400.722381944444
2026-05-17,xyz:BABA,7665338.091145097,132.406256944444
2026-05-17,xyz:LITE,6716754.929963028,968.525888888889
2026-05-17,xyz:RKLB,6354024.319595,126.510861111111
2026-05-17,xyz:COIN,6129107.049778417,191.665041666667
2026-05-17,xyz:CRWV,5910571.466585834,107.4860625
2026-05-17,xyz:PLTR,5777249.1756701805,133.070111111111
2026-05-17,xyz:HIMS,5629276.447300416,24.573724305556
2026-05-17,xyz:MRVL,4673857.007764027,178.949555555556
2026-05-17,xyz:NFLX,3575091.478205833,86.835489583333
2026-05-17,xyz:PLATINUM,3237224.676293403,1987.035
2026-05-17,xyz:XLE,2195911.9870263888,60.094076388889
2026-05-17,xyz:USAR,1983310.7545014445,24.378338888889
2026-05-17,xyz:URNM,1824027.436815625,59.746303472222
2026-05-17,xyz:PALLADIUM,1651450.9768449862,1418.57375
2026-05-17,xyz:BIRD,1213409.4433686805,4.120123958333
2026-05-17,xyz:LLY,1135438.3948457222,1005.814444444444
2026-05-17,xyz:HYUNDAI,1097155.8261053888,471.205395833333
2026-05-17,xyz:ZM,920753.3271866,99.048
2026-05-17,xyz:GME,868058.752961625,21.65585
2026-05-17,xyz:JP225,867578.7251262639,61674.072916666664
2026-05-17,xyz:PURRDAT,713182.8788398611,6.854156875
2026-05-17,xyz:EWJ,617487.0823796556,90.541092361111
2026-05-17,xyz:RIVN,599100.1379028333,13.648144444444
2026-05-17,xyz:SPCX,415866.86192635377,153.489945848375
2026-05-17,xyz:KR200,340008.1732781111,1152.737569444444
2026-05-17,xyz:COST,190975.64903766668,1047.884930555556
2026-05-17,xyz:DKNG,112660.10526745833,24.977077083333
2026-05-17,xyz:EWZ,79372.930981875,36.170121527778
2026-05-17,xyz:EBAY,38376.89432972222,116.387583333333
2026-05-17,xyz:BX,33262.4896,117.76
2026-05-18,xyz:SP500,488952563.79473233,7385.839027777778
2026-05-18,xyz:XYZ100,359717062.50433624,28992.45763888889
2026-05-18,xyz:BRENTOIL,317494730.1478202,105.696076388889
2026-05-18,xyz:CL,166805097.40721485,102.407620833333
2026-05-18,xyz:MU,117766959.49698214,712.614104166667
2026-05-18,xyz:GOLD,115621327.01441784,4547.664861111111
2026-05-18,xyz:SILVER,103818510.4591181,76.402328472222
2026-05-18,xyz:NVDA,94572847.1414416,223.886583333333
2026-05-18,xyz:SNDK,51537385.23456764,1362.400138888889
2026-05-18,xyz:CBRS,48251474.795745134,284.220854166667
2026-05-18,xyz:GOOGL,44974610.96259256,396.7995
2026-05-18,xyz:TSLA,43144014.01176621,413.744756944444
2026-05-18,xyz:CRCL,35285784.391837925,110.326555555556
2026-05-18,xyz:INTC,31419805.36957639,107.573375
2026-05-18,xyz:AMD,29646952.290862873,420.958625
2026-05-18,xyz:SKHX,28230340.60685139,1214.772847222222
2026-05-18,xyz:META,26453030.485393513,609.598701388889
2026-05-18,xyz:COPPER,25881952.790226404,6.279613125
2026-05-18,xyz:SPCX,24983730.99577389,205.595583333333
2026-05-18,xyz:AMZN,23471932.91646343,263.455791666667
2026-05-18,xyz:MSFT,19071204.20831432,420.448076388889
2026-05-18,xyz:AAPL,17041972.05547415,297.965673611111
2026-05-18,xyz:MSTR,15479927.226768889,168.390493055556
2026-05-18,xyz:EWY,15312938.151033806,177.818576388889
2026-05-18,xyz:DRAM,13371320.342506526,50.637369444444
2026-05-18,xyz:ORCL,12005097.52483432,188.843083333333
2026-05-18,xyz:HOOD,11465865.899461288,76.278059722222
2026-05-18,xyz:NATGAS,11374328.543312777,3.187620416667
2026-05-18,xyz:SMSN,9244478.125069791,185.463277777778
2026-05-18,xyz:EUR,8957281.877856638,1.163864166667
2026-05-18,xyz:JPY,8451622.266446527,158.879423611111
2026-05-18,xyz:TSM,8152603.42984375,400.335604166667
2026-05-18,xyz:BABA,7491214.8380885,133.544034722222
2026-05-18,xyz:LITE,7392953.392478945,921.881666666667
2026-05-18,xyz:RKLB,7303967.478338611,127.200763888889
2026-05-18,xyz:COIN,5806320.207080458,189.637451388889
2026-05-18,xyz:CRWV,5701434.646332639,104.685475694444
2026-05-18,xyz:PLTR,5626834.096187931,133.2446875
2026-05-18,xyz:HIMS,5312686.081214222,23.779972916667
2026-05-18,xyz:MRVL,4863851.136275695,173.663090277778
2026-05-18,xyz:NFLX,3485912.6192206596,87.927808333333
2026-05-18,xyz:PLATINUM,2952812.854583736,1975.612638888889
2026-05-18,xyz:XLE,2340008.461495722,59.950194444444
2026-05-18,xyz:USAR,1985748.732460403,23.012680555556
2026-05-18,xyz:PALLADIUM,1732151.4869740417,1412.040069444444
2026-05-18,xyz:URNM,1595209.0222153473,59.528301388889
2026-05-18,xyz:BIRD,1100070.922021125,4.285483402778
2026-05-18,xyz:LLY,1031854.259103725,994.146770833333
2026-05-18,xyz:HYUNDAI,1004243.6846568611,440.332673611111
2026-05-18,xyz:GME,903593.0856432917,21.690254166667
2026-05-18,xyz:ZM,899453.3522630375,99.407685416667
2026-05-18,xyz:JP225,798134.5067519723,61145.9
2026-05-18,xyz:PURRDAT,773380.8351016666,7.146169166667
2026-05-18,xyz:EWJ,575630.8962007723,90.422570833333
2026-05-18,xyz:RIVN,560224.0289901666,13.579585416667
2026-05-18,xyz:KR200,303171.617901375,1163.546805555556
2026-05-18,xyz:COST,282601.3294755278,1057.774236111111
2026-05-18,xyz:DKNG,101939.38606452777,25.279422916667
2026-05-18,xyz:EWZ,79695.87510095834,36.446745833333
2026-05-18,xyz:EBAY,38442.297029305555,115.272236111111
2026-05-18,xyz:BX,31876.77242027778,117.230451388889
2026-05-18,xyz:GBP,18515.594207083333,1.334565
2026-05-19,xyz:SP500,487796968.93518287,7375.976097560976
2026-05-19,xyz:XYZ100,347081421.8368153,28856.975643702157
2026-05-19,xyz:BRENTOIL,310067832.3551583,106.025916376307
2026-05-19,xyz:CL,188926326.93789685,103.489240418118
2026-05-19,xyz:MU,125497382.75113311,685.92745821727
2026-05-19,xyz:GOLD,120225964.39166532,4523.202157272095
2026-05-19,xyz:SILVER,105081431.40277207,75.390266202091
2026-05-19,xyz:NVDA,98258169.90182708,221.296318719555
2026-05-19,xyz:SNDK,50765026.9205305,1329.663161559889
2026-05-19,xyz:CBRS,46822370.72222132,304.521470383275
2026-05-19,xyz:GOOGL,46697671.87892214,395.044182324287
2026-05-19,xyz:TSLA,44817402.87911606,404.619269311065
2026-05-19,xyz:SPCX,31064433.97070411,200.71768641115
2026-05-19,xyz:INTC,30119815.04609116,108.332393876131
2026-05-19,xyz:CRCL,28496955.148478188,111.061908077994
2026-05-19,xyz:SKHX,27077164.846846133,1171.314773519164
2026-05-19,xyz:COPPER,26113186.703048293,6.232719372822
2026-05-19,xyz:META,25495978.354234654,607.101837160752
2026-05-19,xyz:AMZN,22875517.56017497,261.358774373259
2026-05-19,xyz:AMD,21011365.52905539,415.527263231198
2026-05-19,xyz:MSFT,19311420.33328498,421.901391788448
2026-05-19,xyz:AAPL,17074187.572612792,297.358963117606
2026-05-19,xyz:MSTR,15124588.713969931,165.911469359331
2026-05-19,xyz:DRAM,15105790.219585227,48.919136585366
2026-05-19,xyz:EWY,13249208.078858592,172.843547038328
2026-05-19,xyz:HOOD,11084676.804453809,75.858883785665
2026-05-19,xyz:NATGAS,10839450.518553296,3.229478675958
2026-05-19,xyz:ORCL,9758274.319629185,184.219540709812
2026-05-19,xyz:EUR,9183948.051944405,1.162137979094
2026-05-19,xyz:JPY,8473773.003203206,159.034216027875
2026-05-19,xyz:TSM,8049308.909115401,392.900968641115
2026-05-19,xyz:LITE,7949213.599816376,878.41206271777
2026-05-19,xyz:SMSN,7929838.370750844,184.090885017422
2026-05-19,xyz:BABA,7290875.265326564,135.71312195122
2026-05-19,xyz:RKLB,6832721.079653519,127.044041811847
2026-05-19,xyz:COIN,5757747.803206082,190.906471816284
2026-05-19,xyz:PLTR,5346227.178376395,134.540292275574
2026-05-19,xyz:CRWV,5094854.761216028,100.100812543554
2026-05-19,xyz:HIMS,4630327.282196795,22.297990940767
2026-05-19,xyz:MRVL,4148958.9839630662,171.133944250871
2026-05-19,xyz:NFLX,3618956.787969345,89.611828690808
2026-05-19,xyz:PLATINUM,2822974.8411565577,1955.178536585366
2026-05-19,xyz:XLE,2381768.4186763903,60.844685714286
2026-05-19,xyz:USAR,1848343.845149547,20.710356097561
2026-05-19,xyz:PALLADIUM,1827900.7298466482,1385.411428571429
2026-05-19,xyz:PURRDAT,1583250.5208360977,7.727784111498
2026-05-19,xyz:URNM,1512109.108491554,58.364522648084
2026-05-19,xyz:LLY,1076730.975961557,998.589337979094
2026-05-19,xyz:JP225,1027215.5817628014,60579.3456445993
2026-05-19,xyz:HYUNDAI,904264.0070883763,404.407324041812
2026-05-19,xyz:GME,898991.8559709408,21.944268989547
2026-05-19,xyz:BIRD,880036.5801428292,4.021846341463
2026-05-19,xyz:ZM,876453.4148926146,98.659540766551
2026-05-19,xyz:EWJ,618472.2278767066,90.38403554007
2026-05-19,xyz:RIVN,571141.3069279024,13.145229965157
2026-05-19,xyz:COST,326117.10259697563,1081.806550522648
2026-05-19,xyz:KR200,308800.21870533796,1137.222229965157
2026-05-19,xyz:EWZ,86837.46675229269,36.343404181185
2026-05-19,xyz:GBP,81824.85612710801,1.340439581882
2026-05-19,xyz:DKNG,48211.051654898954,25.709574216028
2026-05-19,xyz:EBAY,45318.71446522648,114.254794425087
2026-05-19,xyz:BX,30533.829890313587,116.634599303136
2026-05-20,xyz:SP500,485672931.59230083,7385.049513888889
2026-05-20,xyz:XYZ100,339870766.1161849,29026.44027777778
2026-05-20,xyz:BRENTOIL,304124877.829686,103.800949305556
2026-05-20,xyz:CL,199140409.03450614,101.266677777778
2026-05-20,xyz:SILVER,128790405.27702811,75.189396527778
2026-05-20,xyz:MU,125234959.36854984,718.458319444444
2026-05-20,xyz:GOLD,111879791.70677218,4504.276666666667
2026-05-20,xyz:NVDA,109569524.07105196,222.893708333333
2026-05-20,xyz:GOOGL,48655014.140068114,387.681131944444
2026-05-20,xyz:TSLA,48070222.01467524,408.951708333333
2026-05-20,xyz:CBRS,45082130.82416889,305.437138888889
2026-05-20,xyz:SNDK,40570774.29872861,1398.307083333333
2026-05-20,xyz:INTC,33793550.457964025,115.158722222222
2026-05-20,xyz:SPCX,33783392.87595042,203.374625
2026-05-20,xyz:SKHX,30347574.020563334,1182.981388888889
2026-05-20,xyz:CRCL,27194168.245186556,111.858875
2026-05-20,xyz:META,26725242.593888443,603.51875
2026-05-20,xyz:COPPER,25824651.705627717,6.260523472222
2026-05-20,xyz:AMZN,22854312.69906271,261.319208333333
2026-05-20,xyz:AMD,19566951.55169843,429.008847222222
2026-05-20,xyz:AAPL,19327700.22751843,299.531666666667
2026-05-20,xyz:MSFT,19015984.613602735,417.430805555556
2026-05-20,xyz:MSTR,16000695.127968041,166.421534722222
2026-05-20,xyz:DRAM,15499697.738203194,50.340117361111
2026-05-20,xyz:HOOD,11083502.08538416,74.994017361111
2026-05-20,xyz:NATGAS,10788131.924735945,3.229712083333
2026-05-20,xyz:ORCL,9719621.243738903,183.139791666667
2026-05-20,xyz:EWY,9516810.409911653,174.496847222222
2026-05-20,xyz:EUR,9291937.037218472,1.160901180556
2026-05-20,xyz:BABA,8637656.273104861,134.985340277778
2026-05-20,xyz:JPY,8531928.826171389,158.944243055556
2026-05-20,xyz:LITE,8357007.889901583,888.2828125
2026-05-20,xyz:TSM,8180371.593639875,397.517902777778
2026-05-20,xyz:SMSN,7935600.6794736935,188.627986111111
2026-05-20,xyz:COIN,5621021.061409903,194.0195625
2026-05-20,xyz:PLTR,5221195.780972764,135.233895833333
2026-05-20,xyz:CRWV,5189923.898809597,100.90101875
2026-05-20,xyz:RKLB,4867055.976129722,127.840486111111
2026-05-20,xyz:HIMS,4327930.337005,22.620282638889
2026-05-20,xyz:MRVL,3776062.581169861,183.782284722222
2026-05-20,xyz:PLATINUM,3348993.349688611,1941.309722222222
2026-05-20,xyz:NFLX,3263598.3805798055,88.635001388889
2026-05-20,xyz:PURRDAT,2697377.1496095834,8.016505763889
2026-05-20,xyz:PALLADIUM,2031035.1751017084,1372.307986111111
2026-05-20,xyz:XLE,1914695.8222774167,60.641531944444
2026-05-20,xyz:USAR,1834179.5265164722,21.126106944444
2026-05-20,xyz:URNM,1555383.9465454584,57.570502777778
2026-05-20,xyz:LLY,1340060.6400635417,1016.646527777778
2026-05-20,xyz:JP225,1153471.363769361,60463.92847222222
2026-05-20,xyz:GME,962509.0452190278,22.322235416667
2026-05-20,xyz:HYUNDAI,940630.6768785694,401.275819444444
2026-05-20,xyz:ZM,894242.4497517333,98.080833333333
2026-05-20,xyz:BIRD,812137.4821431806,4.019457361111
2026-05-20,xyz:RIVN,672733.7049774445,13.182176388889
2026-05-20,xyz:EWJ,554902.7461788722,90.0451375
2026-05-20,xyz:COST,333554.947745125,1086.586458333333
2026-05-20,xyz:KR200,322870.6491740278,1146.746736111111
2026-05-20,xyz:EWZ,114474.19616134722,36.305668055556
2026-05-20,xyz:GBP,109644.22519583334,1.34116
2026-05-20,xyz:DKNG,45765.16123308333,25.388658333333
2026-05-20,xyz:EBAY,41304.871329444446,115.950222222222
2026-05-20,xyz:BX,38478.51188527778,115.370375
2026-05-21,xyz:SP500,490171504.61679655,7425.687430555556
2026-05-21,xyz:XYZ100,334432633.11298794,29259.82222222222
2026-05-21,xyz:BRENTOIL,306865675.9197137,102.017553472222
2026-05-21,xyz:CL,195919836.49371868,99.105984722222
2026-05-21,xyz:MU,131145132.28447047,748.924756944444
2026-05-21,xyz:SILVER,127929599.01133369,75.766190972222
2026-05-21,xyz:NVDA,123672863.88255909,221.294270833333
2026-05-21,xyz:GOLD,103363345.96642788,4530.462569444444
2026-05-21,xyz:TSLA,50212589.38306497,420.381368055556
2026-05-21,xyz:GOOGL,48317055.39405492,388.781840277778
2026-05-21,xyz:CBRS,39435093.833154306,287.414805555556
2026-05-21,xyz:INTC,38969301.63487889,117.564569444444
2026-05-21,xyz:SNDK,37703882.93947444,1453.413055555556
2026-05-21,xyz:SPCX,34961824.386450835,206.605555555556
2026-05-21,xyz:SKHX,34096376.86918667,1280.896666666667
2026-05-21,xyz:CRCL,28357840.604605388,113.378861111111
2026-05-21,xyz:META,27747623.4779255,604.145159722222
2026-05-21,xyz:COPPER,27035392.335934844,6.306232638889
2026-05-21,xyz:AMZN,23499186.449428584,265.879847222222
2026-05-21,xyz:AAPL,22362753.387423888,302.490291666667
2026-05-21,xyz:DRAM,21703425.33585639,53.224602777778
2026-05-21,xyz:MSFT,19620426.700293485,419.018118055556
2026-05-21,xyz:AMD,18784857.721454557,444.471076388889
2026-05-21,xyz:MSTR,16558557.948690167,166.168506944444
2026-05-21,xyz:ORCL,11335092.344546806,189.279201388889
2026-05-21,xyz:HOOD,11131660.362694917,75.809473611111
2026-05-21,xyz:EWY,9700648.539991235,184.6925
2026-05-21,xyz:LITE,9283976.623165973,912.99025
2026-05-21,xyz:EUR,9255771.971409569,1.161402916667
2026-05-21,xyz:NATGAS,9206384.276113043,3.160956805556
2026-05-21,xyz:SMSN,8812589.739571305,197.116944444444
2026-05-21,xyz:JPY,8438824.568441667,159.022527777778
2026-05-21,xyz:BABA,8275744.179448069,130.630291666667
2026-05-21,xyz:TSM,8262050.156666375,403.9790625
2026-05-21,xyz:CRWV,6577875.689105555,105.426347222222
2026-05-21,xyz:COIN,5460313.238766972,192.394034722222
2026-05-21,xyz:RKLB,5457208.32708375,126.082555555556
2026-05-21,xyz:PLTR,5192645.783865083,136.560729166667
2026-05-21,xyz:MRVL,4540422.383280278,190.766138888889
2026-05-21,xyz:HIMS,4370317.061144333,23.305713888889
2026-05-21,xyz:PURRDAT,4229440.7054716665,8.679644861111
2026-05-21,xyz:NFLX,3272696.8237939808,88.581420833333
2026-05-21,xyz:PLATINUM,3210139.118211153,1949.271666666667
2026-05-21,xyz:PALLADIUM,2065317.487768861,1374.819861111111
2026-05-21,xyz:USAR,1677892.878935611,23.466813888889
2026-05-21,xyz:URNM,1675164.5427022083,57.83373125
2026-05-21,xyz:LLY,1621679.650143639,1028.898194444444
2026-05-21,xyz:JP225,1277957.5588714583,61743.08611111111
2026-05-21,xyz:GME,988980.4899545417,22.500636805556
2026-05-21,xyz:HYUNDAI,969524.8392574862,437.236541666667
2026-05-21,xyz:XLE,959007.6234829583,59.625179166667
2026-05-21,xyz:ZM,819565.1996979514,99.601651388889
2026-05-21,xyz:RIVN,814357.6574387917,13.857472222222
2026-05-21,xyz:BIRD,762943.4082321528,4.005766458333
2026-05-21,xyz:EWJ,602892.552429425,90.829078472222
2026-05-21,xyz:KR200,395020.68255840277,1216.709930555556
2026-05-21,xyz:COST,242879.57070133334,1062.378472222222
2026-05-21,xyz:GBP,242306.25046402778,1.342805694444
2026-05-21,xyz:EWZ,161359.66187625,36.778652083333
2026-05-21,xyz:BX,61077.8078675,117.209944444444
2026-05-21,xyz:DKNG,46017.29913879167,25.176297222222
2026-05-21,xyz:EBAY,39914.8635475,118.097166666667
2026-05-21,xyz:ARM,5723.587988194444,274.769055555556
2026-05-21,xyz:EWT,5506.435652694444,93.895040277778
2026-05-22,xyz:SP500,514562654.07997835,7471.554412786657
2026-05-22,xyz:XYZ100,347379734.5151179,29486.432244614316
2026-05-22,xyz:BRENTOIL,322495479.8276134,101.011717859625
2026-05-22,xyz:CL,200112685.6185,97.499863794302
2026-05-22,xyz:NVDA,123002284.02002363,218.537338429465
2026-05-22,xyz:MU,119705807.65067616,757.551313412092
2026-05-22,xyz:SILVER,100647853.26317237,75.960931202224
2026-05-22,xyz:GOLD,99452734.04527634,4519.258443363447
2026-05-22,xyz:GOOGL,49462860.26543268,387.324496177901
2026-05-22,xyz:TSLA,48470668.10528289,422.437831827658
2026-05-22,xyz:INTC,45483124.07048214,119.668749131341
2026-05-22,xyz:SNDK,39661502.66234037,1512.262265462126
2026-05-22,xyz:SPCX,38446369.70377666,204.963808200139
2026-05-22,xyz:SKHX,37281351.30122946,1277.570604586518
2026-05-22,xyz:CBRS,36973216.20674162,272.422223766505
2026-05-22,xyz:COPPER,28105085.789142825,6.368595830438
2026-05-22,xyz:META,27632910.317106545,608.352494788047
2026-05-22,xyz:CRCL,26689338.3008169,115.28617790132
2026-05-22,xyz:AAPL,25434464.000520043,307.226532314107
2026-05-22,xyz:AMZN,22717095.388363946,268.225142460042
2026-05-22,xyz:AMD,19760683.250862736,461.513592772759
2026-05-22,xyz:DRAM,19603693.31884781,53.449808200139
2026-05-22,xyz:MSFT,19304460.495313648,419.578978457262
2026-05-22,xyz:MSTR,15186854.351151507,163.447032661571
2026-05-22,xyz:ORCL,11810057.513322126,191.481501042391
2026-05-22,xyz:HOOD,11504450.4761481,75.313813064628
2026-05-22,xyz:EWY,9595570.062624767,184.955121612231
2026-05-22,xyz:LITE,9452296.488874316,959.813134120917
2026-05-22,xyz:SMSN,9220550.44560706,192.023432939541
2026-05-22,xyz:EUR,9015497.1118815,1.160689645587
2026-05-22,xyz:TSM,8906480.278182613,407.0636066713
2026-05-22,xyz:JPY,8795850.67889173,159.114113968033
2026-05-22,xyz:NATGAS,7676368.485899722,3.090030368311
2026-05-22,xyz:BABA,7556393.767106755,129.387804030577
2026-05-22,xyz:CRWV,7203590.053081584,107.851410701876
2026-05-22,xyz:RKLB,5838649.444819736,132.353384294649
2026-05-22,xyz:COIN,5513461.662536248,190.984079221682
2026-05-22,xyz:MRVL,5452522.900831549,195.121369006254
2026-05-22,xyz:PLTR,5224733.662692412,137.256045865184
2026-05-22,xyz:PURRDAT,4492510.096483392,8.22968637943
2026-05-22,xyz:HIMS,4064900.634088464,23.952362056984
2026-05-22,xyz:PLATINUM,3512996.9773589578,1941.322793606671
2026-05-22,xyz:NFLX,3299975.704033084,89.12075399583
2026-05-22,xyz:PALLADIUM,2045203.0173944128,1365.491591382905
2026-05-22,xyz:URNM,1846681.6042845726,58.757687977762
2026-05-22,xyz:LLY,1841761.3019758582,1053.970952050035
2026-05-22,xyz:USAR,1597497.2229229049,24.948342599027
2026-05-22,xyz:JP225,1341830.9514247256,63257.94162612926
2026-05-22,xyz:XLE,1288901.4461640723,59.287228630994
2026-05-22,xyz:GME,1103901.0160222794,22.252646977067
2026-05-22,xyz:HYUNDAI,1018518.054685893,436.175462126477
2026-05-22,xyz:ZM,847042.1644584989,105.443571924948
2026-05-22,xyz:RIVN,794864.7563738846,14.176310632384
2026-05-22,xyz:BIRD,776969.0285402363,4.054464767199
2026-05-22,xyz:EWJ,596274.6628889159,91.558397498263
2026-05-22,xyz:KR200,406070.2662397915,1222.99277275886
2026-05-22,xyz:GBP,372216.5322411397,1.343180264072
2026-05-22,xyz:ARM,349040.0844722724,299.798693537179
2026-05-22,xyz:COST,258890.6536971647,1041.547046560111
2026-05-22,xyz:EWZ,107071.17806917304,36.784096594858
2026-05-22,xyz:BX,64420.64505920778,118.741507991661
2026-05-22,xyz:DKNG,45306.41037152189,25.39215218902
2026-05-22,xyz:EBAY,38946.93934649062,117.092070882557
2026-05-22,xyz:EWT,36757.50532679639,96.669086170952
2026-05-23,xyz:SP500,517260637.495445,7474.232731063238
2026-05-23,xyz:BRENTOIL,359915789.84076464,101.011211952745
2026-05-23,xyz:XYZ100,357067037.79346144,29438.986101459348
2026-05-23,xyz:CL,193969134.24563798,96.773660875608
2026-05-23,xyz:MU,110180142.43355547,750.574447533009
2026-05-23,xyz:NVDA,105855790.52677889,215.171841556637
2026-05-23,xyz:SILVER,98413155.72182934,75.786760945101
2026-05-23,xyz:GOLD,96109616.59540954,4512.38978457262
2026-05-23,xyz:GOOGL,49708855.986798264,383.182717164698
2026-05-23,xyz:INTC,46101361.79250424,118.73532314107
2026-05-23,xyz:SPCX,45525440.65232523,200.12637248089
2026-05-23,xyz:TSLA,43065499.78040021,425.034093120222
2026-05-23,xyz:CBRS,36740679.06895594,251.722466990966
2026-05-23,xyz:SNDK,36658521.80396706,1484.230229325921
2026-05-23,xyz:SKHX,35810033.95357443,1238.644961779013
2026-05-23,xyz:COPPER,28675289.83595649,6.335419179986
2026-05-23,xyz:AAPL,28408973.51472803,308.261841556637
2026-05-23,xyz:META,26614767.574252173,609.253377345379
2026-05-23,xyz:CRCL,25638274.918565586,112.558248783878
2026-05-23,xyz:AMD,20667365.935007505,465.600986796386
2026-05-23,xyz:AMZN,19966103.353142668,266.06915913829
2026-05-23,xyz:MSFT,18318115.221017636,418.284079221682
2026-05-23,xyz:DRAM,16782736.697359834,52.377345378735
2026-05-23,xyz:MSTR,13608597.376669075,158.17170257123
2026-05-23,xyz:HOOD,11437035.91833518,73.607571230021
2026-05-23,xyz:EWY,10143191.395324795,181.439749826268
2026-05-23,xyz:TSM,10076356.142499208,405.307157748436
2026-05-23,xyz:ORCL,10044493.36723601,191.650868658791
2026-05-23,xyz:JPY,9246982.689025434,158.962883947186
2026-05-23,xyz:EUR,8877794.843021043,1.160960736623
2026-05-23,xyz:SMSN,8827123.645427143,185.987838776928
2026-05-23,xyz:LITE,8499525.783457957,940.878874218207
2026-05-23,xyz:NATGAS,7215590.558031313,3.04052981237
2026-05-23,xyz:BABA,6666328.264671244,129.689193884642
2026-05-23,xyz:CRWV,6463660.652925921,104.897060458652
2026-05-23,xyz:RKLB,5944535.842592633,135.913571924948
2026-05-23,xyz:MRVL,5179657.686548436,195.071320361362
2026-05-23,xyz:COIN,5056457.2976701595,184.00808200139
2026-05-23,xyz:PLTR,5044239.76548795,136.4793676164
2026-05-23,xyz:HIMS,3826748.0440341625,23.652748436414
2026-05-23,xyz:PLATINUM,3723643.1496626823,1928.737526059764
2026-05-23,xyz:PURRDAT,3614843.5499958303,7.794768033356
2026-05-23,xyz:NFLX,3257299.2664132314,88.507369701181
2026-05-23,xyz:LLY,2253434.660929312,1067.978526754691
2026-05-23,xyz:PALLADIUM,2061126.2718622377,1356.52744961779
2026-05-23,xyz:URNM,1816775.22211672,58.43121542738
2026-05-23,xyz:XLE,1671531.9310684782,59.96101181376
2026-05-23,xyz:JP225,1521370.9594071994,62956.88116747741
2026-05-23,xyz:USAR,1304791.170514788,25.466075747047
2026-05-23,xyz:GME,1084561.0498670745,21.87244266852
2026-05-23,xyz:HYUNDAI,1005276.2571019318,436.968234885337
2026-05-23,xyz:BIRD,877389.813534941,3.762550243224
2026-05-23,xyz:ZM,864137.1074840862,105.4
2026-05-23,xyz:RIVN,628458.7817808061,14.116286309937
2026-05-23,xyz:EWJ,550679.5753268339,91.135002779708
2026-05-23,xyz:ARM,446130.3597505212,303.091466296039
2026-05-23,xyz:KR200,433328.3140478249,1213.883113273106
2026-05-23,xyz:GBP,363905.57784308546,1.343700833912
2026-05-23,xyz:COST,254671.7656702432,1034.762821403753
2026-05-23,xyz:EWZ,76683.08681695622,36.485
2026-05-23,xyz:BX,58716.57534120917,118.280055594163
2026-05-23,xyz:EWT,57088.82040084781,96.952848505907
2026-05-23,xyz:EBAY,52564.34063252259,115.37
2026-05-23,xyz:DKNG,50765.06748981237,25.050040305768
2026-05-24,xyz:SP500,502160466.8013899,7555.139027777778
2026-05-24,xyz:XYZ100,347419954.87889683,29815.989583333332
2026-05-24,xyz:BRENTOIL,314996886.06499904,95.241793055556
2026-05-24,xyz:CL,183919946.87682098,91.454207638889
2026-05-24,xyz:GOLD,122848884.14411935,4543.593611111111
2026-05-24,xyz:MU,116286534.44691795,776.327548611111
2026-05-24,xyz:SILVER,109990343.68255599,77.122122916667
2026-05-24,xyz:NVDA,109067107.61787488,219.396888888889
2026-05-24,xyz:GOOGL,50167851.02573721,388.117770833333
2026-05-24,xyz:INTC,48761998.00487471,122.512861111111
2026-05-24,xyz:SPCX,47715338.07958264,205.478159722222
2026-05-24,xyz:TSLA,40920383.57681386,432.148833333333
2026-05-24,xyz:SKHX,38951218.41649,1317.431805555556
2026-05-24,xyz:CBRS,38263618.64893,260.205451388889
2026-05-24,xyz:SNDK,37254857.71711667,1512.579305555556
2026-05-24,xyz:AAPL,29370952.11905018,311.675965277778
2026-05-24,xyz:COPPER,29140931.677126948,6.400225
2026-05-24,xyz:CRCL,27320635.567611568,115.394541666667
2026-05-24,xyz:META,26238149.37293939,616.247611111111
2026-05-24,xyz:AMD,22093371.556192596,476.680618055556
2026-05-24,xyz:AMZN,20096452.067336015,269.642194444444
2026-05-24,xyz:DRAM,18216314.020838056,54.915154861111
2026-05-24,xyz:MSFT,17917502.470996138,421.631111111111
2026-05-24,xyz:MSTR,14659438.89741568,162.451868055556
2026-05-24,xyz:HOOD,11541380.386458248,75.27586875
2026-05-24,xyz:ORCL,11158649.741869736,195.277173611111
2026-05-24,xyz:EWY,11083556.325863,187.758583333333
2026-05-24,xyz:TSM,10483010.118159639,412.8883125
2026-05-24,xyz:EUR,9558774.714263847,1.164367916667
2026-05-24,xyz:JPY,9443793.249332916,158.696236111111
2026-05-24,xyz:SMSN,9400868.02130089,198.083729166667
2026-05-24,xyz:LITE,8952722.74982082,976.866958333333
2026-05-24,xyz:NATGAS,7169384.627783778,3.037907569444
2026-05-24,xyz:BABA,7087293.3864314165,131.475472222222
2026-05-24,xyz:CRWV,6729045.088390139,108.240666666667
2026-05-24,xyz:COIN,5879328.223532861,188.365388888889
2026-05-24,xyz:RKLB,5611232.211972083,141.156034722222
2026-05-24,xyz:MRVL,5138955.719999166,198.185534722222
2026-05-24,xyz:PLTR,5085196.126308028,139.575486111111
2026-05-24,xyz:HIMS,3774710.9819195555,23.549626388889
2026-05-24,xyz:PLATINUM,3729823.086820625,1940.052013888889
2026-05-24,xyz:PURRDAT,3530114.651542639,8.339592847222
2026-05-24,xyz:NFLX,3433982.940558404,89.058764583333
2026-05-24,xyz:LLY,2242083.9719684445,1070.861319444444
2026-05-24,xyz:PALLADIUM,2079915.7410818057,1374.035
2026-05-24,xyz:URNM,1833249.8886548611,59.069425
2026-05-24,xyz:XLE,1596865.873030625,58.730532638889
2026-05-24,xyz:JP225,1483351.2964523889,64012.717361111114
2026-05-24,xyz:USAR,1299725.4246654306,25.591134722222
2026-05-24,xyz:GME,1084746.9031054166,22.046466666667
2026-05-24,xyz:HYUNDAI,1007643.7419120972,448.143444444444
2026-05-24,xyz:BIRD,924880.0697348055,3.727468541667
2026-05-24,xyz:ZM,878613.9701174861,106.2871875
2026-05-24,xyz:RIVN,617936.0987274306,14.2815
2026-05-24,xyz:EWJ,613400.1845644541,93.024434722222
2026-05-24,xyz:ARM,444533.70078375,311.033888888889
2026-05-24,xyz:KR200,382731.41109005554,1244.475555555556
2026-05-24,xyz:GBP,361769.7965319444,1.344502986111
2026-05-24,xyz:COST,248125.39732595833,1037.405
2026-05-24,xyz:DKNG,96745.13007956944,25.070466666667
2026-05-24,xyz:EWZ,81696.76923645833,36.42274375
2026-05-24,xyz:EWT,80537.59631654166,97.05023125
2026-05-24,xyz:BX,67771.34781833334,118.279736111111
2026-05-24,xyz:EBAY,52705.128496805555,115.586
2026-05-25,xyz:SP500,489417674.0155171,7541.919444444444
2026-05-25,xyz:XYZ100,352247904.76053613,29882.189583333333
2026-05-25,xyz:BRENTOIL,308473568.2120483,94.886288194444
2026-05-25,xyz:CL,150246911.59938034,91.150899305556
2026-05-25,xyz:MU,121641158.47741826,788.867965277778
2026-05-25,xyz:NVDA,114481564.58622386,220.875513888889
2026-05-25,xyz:GOLD,105198272.6733484,4566.422777777778
2026-05-25,xyz:SILVER,101215196.73198566,77.938161805556
2026-05-25,xyz:GOOGL,50409406.68125761,388.4031875
2026-05-25,xyz:INTC,50110061.001089446,123.302756944444
2026-05-25,xyz:SPCX,47273954.46498402,207.443354166667
2026-05-25,xyz:SKHX,45362028.229136385,1352.282361111111
2026-05-25,xyz:CBRS,39361994.24179236,264.127701388889
2026-05-25,xyz:SNDK,38884998.67260625,1534.448611111111
2026-05-25,xyz:TSLA,38416222.090473235,433.860729166667
2026-05-25,xyz:COPPER,29417899.747474495,6.449133402778
2026-05-25,xyz:AAPL,29292725.787978027,311.678097222222
2026-05-25,xyz:CRCL,27146394.85327643,115.330319444444
2026-05-25,xyz:META,26238485.14266489,617.090145833333
2026-05-25,xyz:AMD,22493763.99302875,477.698604166667
2026-05-25,xyz:AMZN,20498796.951400887,270.244069444444
2026-05-25,xyz:DRAM,18891569.938137777,55.185408333333
2026-05-25,xyz:MSFT,17917564.20818164,422.140659722222
2026-05-25,xyz:MSTR,15289379.23181211,164.655069444444
2026-05-25,xyz:HOOD,11808055.219401265,75.627648611111
2026-05-25,xyz:EWY,11112962.168106694,190.20975
2026-05-25,xyz:TSM,10571929.507164555,415.0801875
2026-05-25,xyz:SMSN,10571030.569207028,200.4296875
2026-05-25,xyz:ORCL,10465057.478079237,195.276854166667
2026-05-25,xyz:LITE,10244986.825743083,1008.595958333333
2026-05-25,xyz:JPY,9254034.798012638,158.908631944444
2026-05-25,xyz:EUR,9226492.81298643,1.164168958333
2026-05-25,xyz:BABA,7590786.258400111,131.997319444444
2026-05-25,xyz:CRWV,6947827.9808852775,108.999451388889
2026-05-25,xyz:RKLB,5607296.314582917,141.442
2026-05-25,xyz:COIN,5569132.729016125,189.931298611111
2026-05-25,xyz:NATGAS,5516483.491792681,3.027525
2026-05-25,xyz:MRVL,5323937.351872778,202.939604166667
2026-05-25,xyz:PLTR,5061540.335499389,139.916166666667
2026-05-25,xyz:HIMS,3734296.5106174443,23.408996527778
2026-05-25,xyz:PLATINUM,3707265.169615514,1968.923472222222
2026-05-25,xyz:PURRDAT,3649169.2165651387,8.365396944444
2026-05-25,xyz:NFLX,3445859.1926843943,88.932797916667
2026-05-25,xyz:LLY,2142485.453964,1067.229861111111
2026-05-25,xyz:PALLADIUM,2046436.5768234027,1391.909375
2026-05-25,xyz:URNM,1818886.5616866944,58.845140972222
2026-05-25,xyz:JP225,1715993.407559014,65344.30069444444
2026-05-25,xyz:XLE,1679009.9588971806,58.728886111111
2026-05-25,xyz:USAR,1468795.8723943334,26.271845833333
2026-05-25,xyz:HYUNDAI,1110685.3881054583,452.756354166667
2026-05-25,xyz:GME,1086218.606988014,22.154684027778
2026-05-25,xyz:ZM,882202.1404659722,107.35
2026-05-25,xyz:BIRD,840214.9104009306,3.719259583333
2026-05-25,xyz:EWJ,722998.9868948625,95.051800694444
2026-05-25,xyz:RIVN,598011.9867566528,14.28395625
2026-05-25,xyz:ARM,570890.0258930556,314.274569444444
2026-05-25,xyz:KR200,401043.8513353889,1261.000763888889
2026-05-25,xyz:GBP,368184.8066122222,1.34939125
2026-05-25,xyz:COST,242742.68402230556,1030.640486111111
2026-05-25,xyz:EWZ,162027.3406868889,36.199117361111
2026-05-25,xyz:EWT,142873.95340438889,97.742584722222
2026-05-25,xyz:DKNG,72619.02044606944,25.703050694444
2026-05-25,xyz:BX,69457.73360611111,118.28
2026-05-25,xyz:EBAY,53124.41636333333,115.67
2026-05-26,xyz:SP500,476698011.393385,7521.237083333333
2026-05-26,xyz:XYZ100,354556053.0570129,29845.43472222222
2026-05-26,xyz:BRENTOIL,333489232.7184877,96.14206875
2026-05-26,xyz:CL,169783458.48781908,92.852345138889
2026-05-26,xyz:MU,138120137.09070966,834.033548611111
2026-05-26,xyz:NVDA,116064199.89427151,216.005861111111
2026-05-26,xyz:GOLD,95371781.62882121,4520.378055555556
2026-05-26,xyz:SILVER,91675580.46676567,76.521351388889
2026-05-26,xyz:SKHX,54402377.986120425,1419.241458333333
2026-05-26,xyz:GOOGL,50659476.711807705,386.293020833333
2026-05-26,xyz:INTC,50354399.29536736,122.174388888889
2026-05-26,xyz:SPCX,45259042.94588028,204.104638888889
2026-05-26,xyz:SNDK,41859168.74940597,1554.34
2026-05-26,xyz:CBRS,38687222.81777625,251.438875
2026-05-26,xyz:TSLA,38561570.088727154,430.623340277778
2026-05-26,xyz:AAPL,29586305.483658556,309.951388888889
2026-05-26,xyz:CRCL,28754426.950775806,110.162791666667
2026-05-26,xyz:COPPER,28361054.017653387,6.403568819444
2026-05-26,xyz:META,27927351.69344675,610.913326388889
2026-05-26,xyz:AMD,23321847.472322818,487.653041666667
2026-05-26,xyz:DRAM,21701917.74078764,57.896361111111
2026-05-26,xyz:AMZN,20864683.009925168,266.518527777778
2026-05-26,xyz:MSFT,17917491.955877014,417.6189375
2026-05-26,xyz:MSTR,15269408.015037278,161.960118055556
2026-05-26,xyz:EWY,12340290.754778972,196.024777777778
2026-05-26,xyz:HOOD,11439484.488934932,74.345304861111
2026-05-26,xyz:SMSN,10714124.267294236,203.352298611111
2026-05-26,xyz:LITE,10528900.14712961,941.520652777778
2026-05-26,xyz:TSM,10394615.977668472,412.0326875
2026-05-26,xyz:ORCL,10026554.957606263,192.953361111111
2026-05-26,xyz:EUR,9352314.264404569,1.163241666667
2026-05-26,xyz:JPY,9167522.794922221,159.177513888889
2026-05-26,xyz:BABA,7924619.387917291,130.068027777778
2026-05-26,xyz:MRVL,7816897.428233889,206.887840277778
2026-05-26,xyz:CRWV,7312363.035684861,107.29375
2026-05-26,xyz:RKLB,5984145.412946667,142.285291666667
2026-05-26,xyz:NATGAS,5499861.642249055,3.053996319444
2026-05-26,xyz:PLTR,4863785.258958556,136.532125
2026-05-26,xyz:COIN,4852299.190878278,185.126284722222
2026-05-26,xyz:HIMS,3921331.408137514,23.98455625
2026-05-26,xyz:PLATINUM,3687545.906559236,1953.705555555556
2026-05-26,xyz:PURRDAT,3602775.85460875,8.329343611111
2026-05-26,xyz:NFLX,3368108.1046983846,88.147934027778
2026-05-26,xyz:LLY,2810924.1635281667,1074.172638888889
2026-05-26,xyz:PALLADIUM,1948260.75968,1384.126319444444
2026-05-26,xyz:JP225,1874376.3933979166,65289.291666666664
2026-05-26,xyz:URNM,1718047.52306525,59.969861111111
2026-05-26,xyz:XLE,1681855.522938875,58.506638194444
2026-05-26,xyz:USAR,1456395.3126299027,26.549431944444
2026-05-26,xyz:GME,1091993.888713361,21.963539583333
2026-05-26,xyz:ZM,1047442.8789643055,103.807159722222
2026-05-26,xyz:HYUNDAI,962562.870556125,462.189819444444
2026-05-26,xyz:ARM,802341.5330354166,316.163201388889
2026-05-26,xyz:BIRD,752842.9032266806,3.852789444444
2026-05-26,xyz:EWJ,614663.1161759833,92.88044375
2026-05-26,xyz:RIVN,570526.5629706944,14.369582638889
2026-05-26,xyz:BB,488899.2914693759,8.556312898752
2026-05-26,xyz:KR200,438339.00041247223,1287.842222222222
2026-05-26,xyz:GBP,365648.8514447222,1.346686458333
2026-05-26,xyz:COST,234667.43303549723,1016.420354166667
2026-05-26,xyz:EWT,132513.38034541666,101.42253125
2026-05-26,xyz:EWZ,108173.87410922222,36.563516666667
2026-05-26,xyz:DKNG,93410.28201722223,24.756991666667
2026-05-26,xyz:BX,57933.11589347222,119.128131944444
2026-05-26,xyz:EBAY,50084.696325833334,115.846472222222
2026-05-27,xyz:SP500,470726799.92523825,7528.358831710709
2026-05-27,xyz:XYZ100,396757655.73146826,30030.45378735233
2026-05-27,xyz:BRENTOIL,302896331.99190265,93.969509040334
2026-05-27,xyz:MU,186392244.89825246,931.3676580959
2026-05-27,xyz:CL,166509384.96488532,90.615001390821
2026-05-27,xyz:NVDA,138736320.0721427,213.249499652536
2026-05-27,xyz:GOLD,94329430.87155287,4470.180333564976
2026-05-27,xyz:SILVER,93468191.78500119,75.285135605007
2026-05-27,xyz:SKHX,62302158.99072428,1519.245031271716
2026-05-27,xyz:INTC,51211142.43449271,121.648227936067
2026-05-27,xyz:SNDK,49326333.68418499,1601.873175816539
2026-05-27,xyz:GOOGL,48747728.945823975,388.953314801946
2026-05-27,xyz:SPCX,43947753.964628235,202.430514603616
2026-05-27,xyz:CBRS,41110928.38819833,251.271133518776
2026-05-27,xyz:TSLA,37876013.91342132,438.42276580959
2026-05-27,xyz:CRCL,34932908.28817994,103.941931897151
2026-05-27,xyz:META,34060714.95121457,615.955615010424
2026-05-27,xyz:DRAM,31155350.58925104,61.260102920723
2026-05-27,xyz:AAPL,30150518.672005728,309.595232800556
2026-05-27,xyz:COPPER,26453550.840423446,6.37924123783
2026-05-27,xyz:AMD,26194434.63131454,502.462487838777
2026-05-27,xyz:AMZN,21187920.05058553,267.763481584434
2026-05-27,xyz:MSFT,16786610.788364545,413.815587213343
2026-05-27,xyz:MSTR,16067371.437773913,157.338158443363
2026-05-27,xyz:MRVL,13568072.504133658,210.125674547983
2026-05-27,xyz:EWY,13113860.725317802,200.01933240612
2026-05-27,xyz:TSM,12260676.087779278,420.551375955525
2026-05-27,xyz:LITE,11727204.54423153,904.164012517385
2026-05-27,xyz:HOOD,11687171.560692163,74.888551077137
2026-05-27,xyz:SMSN,10581337.9965516,207.052531293463
2026-05-27,xyz:EUR,9784752.8879132,1.163643880389
2026-05-27,xyz:ORCL,9630652.569519542,191.551195274496
2026-05-27,xyz:JPY,9047286.596528422,159.396122307158
2026-05-27,xyz:RKLB,8162902.725022948,148.435104311544
2026-05-27,xyz:CRWV,7237960.227090779,104.939045897079
2026-05-27,xyz:NATGAS,6670718.630444215,3.046449095967
2026-05-27,xyz:BABA,5839817.142724938,127.517121001391
2026-05-27,xyz:PLTR,4700267.424745309,134.234308547603
2026-05-27,xyz:COIN,4374229.072048867,178.131146629604
2026-05-27,xyz:HIMS,4338479.64812516,24.684351182197
2026-05-27,xyz:BB,4296339.385945091,8.512875382476
2026-05-27,xyz:PLATINUM,4075996.102237385,1932.248678720445
2026-05-27,xyz:NFLX,3279761.638760844,87.450237665045
2026-05-27,xyz:PURRDAT,3234131.787905563,8.481275104312
2026-05-27,xyz:LLY,2899875.3094630856,1073.903683113273
2026-05-27,xyz:JP225,2116265.2748483587,65287.58692628651
2026-05-27,xyz:PALLADIUM,1923465.4224103754,1386.177468706537
2026-05-27,xyz:URNM,1682362.0748564117,60.725045201669
2026-05-27,xyz:XLE,1520788.4906577747,57.333967315716
2026-05-27,xyz:USAR,1325722.2657307927,27.408148122392
2026-05-27,xyz:GME,1125780.5869461752,21.819621696801
2026-05-27,xyz:ZM,1031417.9826627315,100.272649513213
2026-05-27,xyz:HYUNDAI,920856.4346859249,458.349972183588
2026-05-27,xyz:RIVN,729321.0004047705,14.557874826147
2026-05-27,xyz:ARM,673199.6484349096,312.951801112656
2026-05-27,xyz:EWJ,596987.9352918331,92.413291376912
2026-05-27,xyz:KR200,467100.50978260086,1308.178789986092
2026-05-27,xyz:BIRD,399006.959165758,3.854768706537
2026-05-27,xyz:GBP,353401.624094854,1.344041376912
2026-05-27,xyz:DKNG,213500.08916383865,24.350634909597
2026-05-27,xyz:COST,185769.56296577206,1005.018408617095
2026-05-27,xyz:EWT,91984.8158325452,103.318636995828
2026-05-27,xyz:EBAY,84809.54338136301,114.094082058414
2026-05-27,xyz:EWZ,82463.2825196662,36.321216272601
2026-05-27,xyz:BX,55750.70750876217,118.317280945758
2026-05-28,xyz:SP500,495066109.75284874,7533.495486111111
2026-05-28,xyz:XYZ100,407156978.41583765,30014.311805555557
2026-05-28,xyz:BRENTOIL,322154638.20391166,93.791330555556
2026-05-28,xyz:MU,199068272.6029294,919.751791666667
2026-05-28,xyz:CL,163554347.5701348,90.158575
2026-05-28,xyz:NVDA,159802474.0060653,212.234611111111
2026-05-28,xyz:GOLD,105951328.41940077,4437.742916666667
2026-05-28,xyz:SILVER,99715742.29347087,74.148086805556
2026-05-28,xyz:SKHX,58930099.929227374,1533.383263888889
2026-05-28,xyz:GOOGL,49353917.70034365,388.635229166667
2026-05-28,xyz:INTC,48290430.17855625,119.516909722222
2026-05-28,xyz:SPCX,45359288.33446805,198.741361111111
2026-05-28,xyz:CBRS,42029311.073992915,257.071729166667
2026-05-28,xyz:SNDK,41863833.00023986,1597.125902777778
2026-05-28,xyz:META,38747745.59674218,632.9420625
2026-05-28,xyz:CRCL,35967311.84948795,103.315138194444
2026-05-28,xyz:TSLA,35337471.09493947,437.542840277778
2026-05-28,xyz:DRAM,32624290.614447918,61.116188194444
2026-05-28,xyz:AAPL,30759515.720651485,311.137111111111
2026-05-28,xyz:AMD,25740012.013887804,501.137618055556
2026-05-28,xyz:COPPER,22626564.9163709,6.354434305556
2026-05-28,xyz:AMZN,22218027.323425833,271.792576388889
2026-05-28,xyz:MSFT,17259182.360278584,419.662416666667
2026-05-28,xyz:MRVL,15292408.739389028,198.368972222222
2026-05-28,xyz:MSTR,14971274.08911907,150.333319444444
2026-05-28,xyz:EWY,14426749.398419764,199.708305555556
2026-05-28,xyz:TSM,13542242.381487513,419.09875
2026-05-28,xyz:LITE,12209932.203196153,882.912965277778
2026-05-28,xyz:HOOD,11869668.946279319,78.500722222222
2026-05-28,xyz:ORCL,11302959.712950833,197.680888888889
2026-05-28,xyz:SMSN,10760680.004937056,201.961729166667
2026-05-28,xyz:EUR,9928909.622233223,1.162809097222
2026-05-28,xyz:BB,9301370.558117362,8.734049930556
2026-05-28,xyz:JPY,8670807.264865,159.392881944444
2026-05-28,xyz:RKLB,8236252.712813195,146.930222222222
2026-05-28,xyz:CRWV,8158931.303899722,105.645715277778
2026-05-28,xyz:NATGAS,7105206.338369653,3.159795138889
2026-05-28,xyz:BABA,5125789.877692361,125.110055555556
2026-05-28,xyz:PLTR,4988114.943592347,136.737465277778
2026-05-28,xyz:HIMS,4477572.865375056,25.232867361111
2026-05-28,xyz:COIN,4338687.859590833,175.777666666667
2026-05-28,xyz:PLATINUM,3839344.9941796944,1906.794166666667
2026-05-28,xyz:NFLX,3177276.3432884277,86.959545138889
2026-05-28,xyz:LLY,3144601.2154633054,1102.912847222222
2026-05-28,xyz:PURRDAT,2444141.742336528,8.256102361111
2026-05-28,xyz:JP225,2002365.5307105277,65052.313888888886
2026-05-28,xyz:PALLADIUM,1858128.6054322084,1370.308680555556
2026-05-28,xyz:URNM,1627664.4267307362,60.591658333333
2026-05-28,xyz:GME,1568604.72558375,21.721504166667
2026-05-28,xyz:XLE,1508544.4828504862,57.23299375
2026-05-28,xyz:USAR,1338406.656609625,26.928025
2026-05-28,xyz:ARM,1169975.1434170834,317.547715277778
2026-05-28,xyz:ZM,985028.3357998778,100.188428472222
2026-05-28,xyz:RIVN,975311.3726817223,14.863427777778
2026-05-28,xyz:HYUNDAI,916268.6268755139,457.795472222222
2026-05-28,xyz:EWJ,608642.7218517791,92.080926388889
2026-05-28,xyz:KR200,559547.5664496666,1304.874305555556
2026-05-28,xyz:BIRD,365703.527568875,4.015409791667
2026-05-28,xyz:GBP,351862.29287930555,1.341732638889
2026-05-28,xyz:QNT,299440.8796467361,64.380322222222
2026-05-28,xyz:EBAY,290866.80580416665,111.079368055556
2026-05-28,xyz:DKNG,215754.29471580556,24.9497625
2026-05-28,xyz:COST,170264.3425994486,1004.49175
2026-05-28,xyz:EWZ,97011.66622152778,36.090279166667
2026-05-28,xyz:EWT,75480.10234777778,101.94109375
2026-05-28,xyz:BX,53447.70267138889,117.222493055556
2026-05-29,xyz:SP500,501652360.6519025,7573.559052924791
2026-05-29,xyz:XYZ100,398506543.0202419,30267.315240083506
2026-05-29,xyz:BRENTOIL,303626862.3597507,91.577757660167
2026-05-29,xyz:MU,203370190.8472945,950.016086350975
2026-05-29,xyz:NVDA,173942479.00164768,214.715984690327
2026-05-29,xyz:CL,172001641.52335384,87.790289693593
2026-05-29,xyz:GOLD,95373398.50119585,4531.0248434238
2026-05-29,xyz:SILVER,89099525.5118174,75.602164345404
2026-05-29,xyz:SKHX,59775656.39636017,1547.293941504178
2026-05-29,xyz:SPCX,53772282.74896449,194.859213091922
2026-05-29,xyz:GOOGL,50815611.56758304,385.433182451253
2026-05-29,xyz:INTC,47559091.86731866,119.513189415042
2026-05-29,xyz:SNDK,42204798.94556351,1668.907799442897
2026-05-29,xyz:CBRS,37933506.17479749,241.316622562674
2026-05-29,xyz:CRCL,35720182.086467594,109.796274373259
2026-05-29,xyz:DRAM,34288343.843564205,62.850772284123
2026-05-29,xyz:TSLA,33848619.52456924,437.928378566458
2026-05-29,xyz:META,32156414.45944508,631.222722841226
2026-05-29,xyz:AAPL,31931311.62920454,311.356267409471
2026-05-29,xyz:MSFT,30211072.91474387,436.159498607242
2026-05-29,xyz:ORCL,26612032.014249332,216.755821727019
2026-05-29,xyz:AMD,26039594.67947277,517.141364902507
2026-05-29,xyz:AMZN,21512525.121805113,271.481573816156
2026-05-29,xyz:COPPER,20558638.779869206,6.402992061281
2026-05-29,xyz:MSTR,16166110.872804038,154.695814763231
2026-05-29,xyz:HOOD,15850556.229279304,88.441842032011
2026-05-29,xyz:EWY,15696506.74189117,205.359540389972
2026-05-29,xyz:MRVL,14977905.780948328,203.73438718663
2026-05-29,xyz:TSM,14194793.60087929,423.845842618384
2026-05-29,xyz:BB,13894300.336538399,9.202997075209
2026-05-29,xyz:LITE,12772507.678308189,857.231142061281
2026-05-29,xyz:SMSN,9724235.055183649,210.906406685237
2026-05-29,xyz:EUR,9541803.593615375,1.165245612813
2026-05-29,xyz:CRWV,9381861.184823537,107.380278551532
2026-05-29,xyz:JPY,8678283.51320028,159.271727019499
2026-05-29,xyz:RKLB,8628004.952045823,142.392764623955
2026-05-29,xyz:NATGAS,8229802.69026195,3.308765877437
2026-05-29,xyz:PLTR,7691072.882699303,150.067806406685
2026-05-29,xyz:BABA,5372423.4655404035,124.575842618384
2026-05-29,xyz:HIMS,4630401.144717451,25.624551532033
2026-05-29,xyz:COIN,4595611.699207047,185.117465181058
2026-05-29,xyz:LLY,3680865.185695766,1115.903830083565
2026-05-29,xyz:PLATINUM,3429481.3708212674,1923.335236768802
2026-05-29,xyz:NFLX,3245102.3061842117,86.199617688022
2026-05-29,xyz:QNT,2667530.0383177716,96.345863509749
2026-05-29,xyz:ARM,2588510.459360446,348.422019498607
2026-05-29,xyz:PURRDAT,2521813.3847447075,9.172199233983
2026-05-29,xyz:PALLADIUM,1911798.4541621308,1372.290250696379
2026-05-29,xyz:JP225,1891325.4524021866,66232.43662952646
2026-05-29,xyz:USAR,1811574.0606925904,27.881485376045
2026-05-29,xyz:URNM,1654832.8153890807,61.361206824513
2026-05-29,xyz:GME,1569441.4833268942,21.544863509749
2026-05-29,xyz:XLE,1526187.6026149443,56.568536211699
2026-05-29,xyz:ZM,1079913.3419388635,101.469178272981
2026-05-29,xyz:HYUNDAI,1077628.4861855153,480.390891364903
2026-05-29,xyz:RIVN,1023274.5633250696,15.569712395543
2026-05-29,xyz:EWJ,573478.2059384916,93.141116991643
2026-05-29,xyz:KR200,557057.4933841643,1342.152924791086
2026-05-29,xyz:BIRD,438188.58012405294,4.244141852368
2026-05-29,xyz:GBP,354321.8947544568,1.344366713092
2026-05-29,xyz:EBAY,255202.89022256268,110.684686629526
2026-05-29,xyz:COST,181438.04565475904,976.515376044568
2026-05-29,xyz:EWZ,155473.5004596518,35.983895543175
2026-05-29,xyz:DKNG,131771.02776779945,24.564960306407
2026-05-29,xyz:EWT,62786.786769916434,103.209157381616
2026-05-29,xyz:ASML,45869.92931935933,1619.716155988858
2026-05-29,xyz:BX,41516.82352715878,116.472931754875
2026-05-30,xyz:SP500,493023000.2040079,7580.858165392634
2026-05-30,xyz:XYZ100,391842162.3493625,30415.145239749825
2026-05-30,xyz:BRENTOIL,295638747.3586567,91.976271021543
2026-05-30,xyz:NVDA,178074536.82664642,214.808707435719
2026-05-30,xyz:CL,177619694.98399144,88.102986796386
2026-05-30,xyz:MU,171305993.58711892,972.190743571925
2026-05-30,xyz:GOLD,92211906.97057492,4539.176997915219
2026-05-30,xyz:SILVER,84201876.66557702,75.422984711605
2026-05-30,xyz:SKHX,58715640.03153551,1547.930715774844
2026-05-30,xyz:MSFT,58443141.67700054,454.196108408617
2026-05-30,xyz:SPCX,58323368.84255608,198.968151494093
2026-05-30,xyz:SNDK,51410702.0252353,1687.319805420431
2026-05-30,xyz:ORCL,48473171.872251295,228.365288394719
2026-05-30,xyz:GOOGL,46449370.54669101,382.142036136206
2026-05-30,xyz:INTC,41771513.12832467,115.550479499653
2026-05-30,xyz:CBRS,36136135.95062932,236.803092425295
2026-05-30,xyz:DRAM,34879143.22547325,64.104116052814
2026-05-30,xyz:TSLA,34355219.23777183,435.668908964559
2026-05-30,xyz:AAPL,32705769.97052111,311.667824878388
2026-05-30,xyz:CRCL,31019068.193994913,112.674350243224
2026-05-30,xyz:META,28437227.235165976,634.798359972203
2026-05-30,xyz:AMD,24201128.800818764,518.082731063238
2026-05-30,xyz:COPPER,20887802.208016813,6.410618207088
2026-05-30,xyz:AMZN,19016988.220725767,271.291535788742
2026-05-30,xyz:MSTR,17953481.04971002,159.624933981932
2026-05-30,xyz:EWY,17016834.682341527,207.136407227241
2026-05-30,xyz:HOOD,16007598.634136647,94.636344683808
2026-05-30,xyz:BB,15390317.339404419,9.568780820014
2026-05-30,xyz:MRVL,13654225.91644531,204.715469075747
2026-05-30,xyz:TSM,13075741.903168965,420.279715079917
2026-05-30,xyz:LITE,12376667.785315108,858.763648366921
2026-05-30,xyz:ARM,11529980.321172064,359.868693537179
2026-05-30,xyz:CRWV,10485955.346313968,111.795448227936
2026-05-30,xyz:PLTR,9982343.208287075,157.383085476025
2026-05-30,xyz:SMSN,9542898.408837428,216.088116747741
2026-05-30,xyz:EUR,8978126.32598485,1.166471299514
2026-05-30,xyz:JPY,8894594.529696455,159.215052119527
2026-05-30,xyz:NATGAS,8158636.196947088,3.254482904795
2026-05-30,xyz:BABA,5296403.293489048,124.806664350243
2026-05-30,xyz:RKLB,5037519.567265462,142.97637943016
2026-05-30,xyz:HIMS,4692566.240549312,25.768634468381
2026-05-30,xyz:COIN,4457646.7921991665,189.376428075052
2026-05-30,xyz:PURRDAT,4342268.511951355,10.613471855455
2026-05-30,xyz:QNT,3980264.034452912,99.142334259903
2026-05-30,xyz:PLATINUM,3432809.7054649894,1932.343849895761
2026-05-30,xyz:LLY,3329554.5487241833,1115.13467685893
2026-05-30,xyz:NFLX,3176547.6171021946,86.190677553857
2026-05-30,xyz:PALLADIUM,1970517.6714234052,1363.823419041001
2026-05-30,xyz:JP225,1890413.4598535232,66308.81097984711
2026-05-30,xyz:USAR,1716775.1385805004,28.136773453787
2026-05-30,xyz:URNM,1630470.4801585823,61.552230715775
2026-05-30,xyz:GME,1482036.0413022654,21.297184850591
2026-05-30,xyz:XLE,1479206.506005087,56.339511466296
2026-05-30,xyz:HYUNDAI,1108398.966784392,480.251111883252
2026-05-30,xyz:ZM,1035286.1334490479,101.356351633079
2026-05-30,xyz:RIVN,983027.5950247672,16.258642807505
2026-05-30,xyz:EWJ,558242.7316131286,93.125925642808
2026-05-30,xyz:KR200,503508.1660078388,1355.920152883947
2026-05-30,xyz:BIRD,478113.8186506324,3.976297776233
2026-05-30,xyz:GBP,354077.32739221683,1.345399930507
2026-05-30,xyz:ASML,160832.6818818624,1615.358373870744
2026-05-30,xyz:EWZ,154771.8456447116,35.340047255038
2026-05-30,xyz:COST,146259.91257614733,958.704774148714
2026-05-30,xyz:EBAY,139460.7278960389,109.34
2026-05-30,xyz:EWT,48482.7380914524,102.84
2026-05-30,xyz:DKNG,41766.85871360667,24.498674079222
2026-05-30,xyz:BX,41355.48508895066,116.79
2026-05-31,xyz:SP500,494550883.69145805,7590.51
2026-05-31,xyz:XYZ100,394916555.5918539,30463.28958333333
2026-05-31,xyz:BRENTOIL,301086260.24669206,92.734777083333
2026-05-31,xyz:NVDA,181890046.80707264,216.561319444444
2026-05-31,xyz:CL,179943125.1112917,88.696279166667
2026-05-31,xyz:MU,171099469.75086644,983.667159722222
2026-05-31,xyz:GOLD,91290662.17326765,4538.420277777778
2026-05-31,xyz:SILVER,84601266.12948655,75.32356875
2026-05-31,xyz:MSFT,64618972.960504435,461.816423611111
2026-05-31,xyz:SPCX,59586986.906104445,202.454083333333
2026-05-31,xyz:SKHX,58443120.89884597,1580.720902777778
2026-05-31,xyz:SNDK,52408736.84719458,1704.746111111111
2026-05-31,xyz:ORCL,51169516.835735746,232.906291666667
2026-05-31,xyz:GOOGL,46737151.876186304,382.841513888889
2026-05-31,xyz:INTC,40922102.492324166,115.679034722222
2026-05-31,xyz:DRAM,37143086.126249306,66.065629861111
2026-05-31,xyz:CBRS,36632581.67167847,239.595375
2026-05-31,xyz:TSLA,34603131.77716583,436.815826388889
2026-05-31,xyz:AAPL,33151292.104062527,312.061694444444
2026-05-31,xyz:CRCL,32072782.79015992,112.973888888889
2026-05-31,xyz:META,28491122.66968478,637.393479166667
2026-05-31,xyz:AMD,23589059.04953968,523.744173611111
2026-05-31,xyz:COPPER,20777856.54780182,6.378955972222
2026-05-31,xyz:AMZN,18948765.23731693,272.4501875
2026-05-31,xyz:MSTR,18206376.4328945,159.892402777778
2026-05-31,xyz:BB,17751673.385633916,9.889644236111
2026-05-31,xyz:HOOD,16832009.10380075,95.236505555556
2026-05-31,xyz:EWY,16555427.913391791,208.668118055556
2026-05-31,xyz:TSM,14178519.30368375,425.833319444444
2026-05-31,xyz:ARM,13803090.827274166,372.523131944444
2026-05-31,xyz:MRVL,13540495.445516111,204.4991875
2026-05-31,xyz:CRWV,13261462.168370279,115.004701388889
2026-05-31,xyz:LITE,12448284.907976555,865.103645833333
2026-05-31,xyz:PLTR,11781026.59384511,159.408416666667
2026-05-31,xyz:SMSN,9822666.527224138,218.095645833333
2026-05-31,xyz:EUR,8964075.213038042,1.1661025
2026-05-31,xyz:JPY,8796770.696039584,159.406298611111
2026-05-31,xyz:NATGAS,7738116.003737375,3.258163819444
2026-05-31,xyz:PURRDAT,5772778.291326389,11.014960416667
2026-05-31,xyz:BABA,5579085.618792014,125.472868055556
2026-05-31,xyz:RKLB,5142501.086901944,146.225756944444
2026-05-31,xyz:COIN,4821869.269911319,190.122694444444
2026-05-31,xyz:HIMS,4761132.324158125,26.049878472222
2026-05-31,xyz:QNT,4312460.0176220555,101.824647916667
2026-05-31,xyz:PLATINUM,3496008.6294604307,1935.350763888889
2026-05-31,xyz:LLY,3329561.607553889,1116.058125
2026-05-31,xyz:NFLX,3231609.8773819543,86.487361111111
2026-05-31,xyz:GME,2996805.16976025,22.732294444444
2026-05-31,xyz:PALLADIUM,1978166.6260258611,1365.178125
2026-05-31,xyz:JP225,1920061.4517655557,66655.88055555556
2026-05-31,xyz:USAR,1765988.948304847,28.6008875
2026-05-31,xyz:URNM,1631024.9617978889,61.098694444444
2026-05-31,xyz:XLE,1492248.719028875,56.336380555556
2026-05-31,xyz:RIVN,1341998.1954183888,16.275272222222
2026-05-31,xyz:HYUNDAI,1140121.977400125,481.180284722222
2026-05-31,xyz:ZM,1047427.5626347361,101.409388888889
2026-05-31,xyz:EWJ,569008.6086376625,93.240645833333
2026-05-31,xyz:BIRD,523943.176322125,3.981152777778
2026-05-31,xyz:KR200,479089.40338659723,1365.525833333333
2026-05-31,xyz:GBP,353871.570335,1.345370416667
2026-05-31,xyz:ASML,264362.64083430555,1637.204166666667
2026-05-31,xyz:EWZ,154389.2203983472,35.205021527778
2026-05-31,xyz:EBAY,140093.06264,109.403791666667
2026-05-31,xyz:COST,138908.97675630555,961.612701388889
2026-05-31,xyz:DKNG,73471.39696520833,24.709597222222
2026-05-31,xyz:EWT,47982.148785,102.84
2026-05-31,xyz:BX,43817.47879847222,116.859048611111
