unix_time,date_time,Raydium,Orca,Aldrin,Step,Saber,Mercurial,Lifinity,Crema,Cropper,Saros,Others,Penguin,Onemoon,Cykura,Serum,Serum Swap,Swim,Dooar,Marinade,Symmetry,Goosefx,Invariant,Dradex Swap,Raydium Clamm,Openbook,Openbook Swap,Meteora,Jupiter Limit Order,Oasis,Phoenix,Fluxbeam,Lido,Jito,Solblaze,Jpool,Jupiter Dca,Meteora Dlmm,Sanctum,Openbook V2,Stake Pool,Raydium Cp,1intro,Jupiter Perp,Pump.fun,Stabble,Jupiterz,Solfi,Dexlab,Zerofi,Pump AMM,Jupiter Limit Order V2,Meteora Dynamic Bonding Curve,Raydium Launchlab,Heaven,Tesserav,Humidifi,Defituna,Solfi V2,Goonfi,Obric V2,Aquifer,Alphaq,Pancakeswap V3,Manifest,Goonfi V2,Bisonfi,Jupiter Lend Earn,Scorch
1640995200,01-01-2022,49965300.11324429,26011257.91006367,0,0,0,0,0,0,0,0,0,0,0,0,0,0,0,0,0,0,0,0,0,0,0,0,0,0,0,0,0,0,0,0,0,0,0,0,0,0,0,0,0,0,0,0,0,0,0,0,0,0,0,0,0,0,0,0,0,0,0,0,0,0,0,0,0,0
1641081600,02-01-2022,65565126.57726884,23937796.90882905,0,0,0,0,0,0,0,0,0,0,0,0,0,0,0,0,0,0,0,0,0,0,0,0,0,0,0,0,0,0,0,0,0,0,0,0,0,0,0,0,0,0,0,0,0,0,0,0,0,0,0,0,0,0,0,0,0,0,0,0,0,0,0,0,0,0
1641168000,03-01-2022,72900692.35568628,34120973.54544689,0,0,0,0,0,0,0,0,0,0,0,0,0,0,0,0,0,0,0,0,0,0,0,0,0,0,0,0,0,0,0,0,0,0,0,0,0,0,0,0,0,0,0,0,0,0,0,0,0,0,0,0,0,0,0,0,0,0,0,0,0,0,0,0,0,0
1641254400,04-01-2022,97191509.00858492,67156092.48798275,0,0,0,0,0,0,0,0,0,0,0,0,0,0,0,0,0,0,0,0,0,0,0,0,0,0,0,0,0,0,0,0,0,0,0,0,0,0,0,0,0,0,0,0,0,0,0,0,0,0,0,0,0,0,0,0,0,0,0,0,0,0,0,0,0,0
1641340800,05-01-2022,116977729.38137761,73891625.86621006,0,0,0,0,0,0,0,0,0,0,0,0,0,0,0,0,0,0,0,0,0,0,0,0,0,0,0,0,0,0,0,0,0,0,0,0,0,0,0,0,0,0,0,0,0,0,0,0,0,0,0,0,0,0,0,0,0,0,0,0,0,0,0,0,0,0
1641427200,06-01-2022,113340941.77268013,72040227.43417108,0,0,0,0,0,0,0,0,0,0,0,0,0,0,0,0,0,0,0,0,0,0,0,0,0,0,0,0,0,0,0,0,0,0,0,0,0,0,0,0,0,0,0,0,0,0,0,0,0,0,0,0,0,0,0,0,0,0,0,0,0,0,0,0,0,0
1641513600,07-01-2022,126217416.1616315,95474445.43498321,0,0,0,0,0,0,0,0,0,0,0,0,0,0,0,0,0,0,0,0,0,0,0,0,0,0,0,0,0,0,0,0,0,0,0,0,0,0,0,0,0,0,0,0,0,0,0,0,0,0,0,0,0,0,0,0,0,0,0,0,0,0,0,0,0,0
1641600000,08-01-2022,109363145.73821077,56263662.450800546,0,0,0,0,0,0,0,0,0,0,0,0,0,0,0,0,0,0,0,0,0,0,0,0,0,0,0,0,0,0,0,0,0,0,0,0,0,0,0,0,0,0,0,0,0,0,0,0,0,0,0,0,0,0,0,0,0,0,0,0,0,0,0,0,0,0
1641686400,09-01-2022,74076142.16059713,33211765.37759071,0,0,0,0,0,0,0,0,0,0,0,0,0,0,0,0,0,0,0,0,0,0,0,0,0,0,0,0,0,0,0,0,0,0,0,0,0,0,0,0,0,0,0,0,0,0,0,0,0,0,0,0,0,0,0,0,0,0,0,0,0,0,0,0,0,0
1641772800,10-01-2022,89710699.89596015,46976213.088660516,0,0,0,0,0,0,0,0,0,0,0,0,0,0,0,0,0,0,0,0,0,0,0,0,0,0,0,0,0,0,0,0,0,0,0,0,0,0,0,0,0,0,0,0,0,0,0,0,0,0,0,0,0,0,0,0,0,0,0,0,0,0,0,0,0,0
1641859200,11-01-2022,65028825.49965295,32049773.755409285,0,0,0,0,0,0,0,0,0,0,0,0,0,0,0,0,0,0,0,0,0,0,0,0,0,0,0,0,0,0,0,0,0,0,0,0,0,0,0,0,0,0,0,0,0,0,0,0,0,0,0,0,0,0,0,0,0,0,0,0,0,0,0,0,0,0
1641945600,12-01-2022,78215888.25011912,31075041.164776467,0,0,0,0,0,0,0,0,0,0,0,0,0,0,0,0,0,0,0,0,0,0,0,0,0,0,0,0,0,0,0,0,0,0,0,0,0,0,0,0,0,0,0,0,0,0,0,0,0,0,0,0,0,0,0,0,0,0,0,0,0,0,0,0,0,0
1642032000,13-01-2022,75031365.90771556,43767881.17490937,0,0,0,0,0,0,0,0,0,0,0,0,0,0,0,0,0,0,0,0,0,0,0,0,0,0,0,0,0,0,0,0,0,0,0,0,0,0,0,0,0,0,0,0,0,0,0,0,0,0,0,0,0,0,0,0,0,0,0,0,0,0,0,0,0,0
1642118400,14-01-2022,64564402.60102934,49361685.19055994,0,0,0,0,0,0,0,0,0,0,0,0,0,0,0,0,0,0,0,0,0,0,0,0,0,0,0,0,0,0,0,0,0,0,0,0,0,0,0,0,0,0,0,0,0,0,0,0,0,0,0,0,0,0,0,0,0,0,0,0,0,0,0,0,0,0
1642204800,15-01-2022,41385661.865262285,22267859.43216228,0,0,0,0,0,0,0,0,0,0,0,0,0,0,0,0,0,0,0,0,0,0,0,0,0,0,0,0,0,0,0,0,0,0,0,0,0,0,0,0,0,0,0,0,0,0,0,0,0,0,0,0,0,0,0,0,0,0,0,0,0,0,0,0,0,0
1642291200,16-01-2022,48982038.45573578,38964662.147973575,0,0,0,0,0,0,0,0,0,0,0,0,0,0,0,0,0,0,0,0,0,0,0,0,0,0,0,0,0,0,0,0,0,0,0,0,0,0,0,0,0,0,0,0,0,0,0,0,0,0,0,0,0,0,0,0,0,0,0,0,0,0,0,0,0,0
1642377600,17-01-2022,48286791.32874875,39098956.678528346,0,0,0,0,0,0,0,0,0,0,0,0,0,0,0,0,0,0,0,0,0,0,0,0,0,0,0,0,0,0,0,0,0,0,0,0,0,0,0,0,0,0,0,0,0,0,0,0,0,0,0,0,0,0,0,0,0,0,0,0,0,0,0,0,0,0
1642464000,18-01-2022,53793438.00366324,36505838.66142167,0,0,0,0,0,0,0,0,0,0,0,0,0,0,0,0,0,0,0,0,0,0,0,0,0,0,0,0,0,0,0,0,0,0,0,0,0,0,0,0,0,0,0,0,0,0,0,0,0,0,0,0,0,0,0,0,0,0,0,0,0,0,0,0,0,0
1642550400,19-01-2022,51312112.551974535,26322633.082149524,0,0,0,0,0,0,0,0,0,0,0,0,0,0,0,0,0,0,0,0,0,0,0,0,0,0,0,0,0,0,0,0,0,0,0,0,0,0,0,0,0,0,0,0,0,0,0,0,0,0,0,0,0,0,0,0,0,0,0,0,0,0,0,0,0,0
1642636800,20-01-2022,57123053.09244172,37165313.253790624,0,0,0,0,0,0,0,0,0,0,0,0,0,0,0,0,0,0,0,0,0,0,0,0,0,0,0,0,0,0,0,0,0,0,0,0,0,0,0,0,0,0,0,0,0,0,0,0,0,0,0,0,0,0,0,0,0,0,0,0,0,0,0,0,0,0
1642723200,21-01-2022,104117674.65954342,95793561.86060388,0,0,0,0,0,0,0,0,0,0,0,0,0,0,0,0,0,0,0,0,0,0,0,0,0,0,0,0,0,0,0,0,0,0,0,0,0,0,0,0,0,0,0,0,0,0,0,0,0,0,0,0,0,0,0,0,0,0,0,0,0,0,0,0,0,0
1642809600,22-01-2022,151806174.91845483,137673860.29449818,0,0,0,0,0,0,0,0,0,0,0,0,0,0,0,0,0,0,0,0,0,0,0,0,0,0,0,0,0,0,0,0,0,0,0,0,0,0,0,0,0,0,0,0,0,0,0,0,0,0,0,0,0,0,0,0,0,0,0,0,0,0,0,0,0,0
1642896000,23-01-2022,95548661.02341527,74656153.25080857,11997068.727652192,350092.5170443246,0,0,0,0,0,0,0,0,0,0,0,0,0,0,0,0,0,0,0,0,0,0,0,0,0,0,0,0,0,0,0,0,0,0,0,0,0,0,0,0,0,0,0,0,0,0,0,0,0,0,0,0,0,0,0,0,0,0,0,0,0,0,0,0
1642982400,24-01-2022,169212388.35696083,181252742.11490807,38145052.27308923,612208.3289413747,0,0,0,0,0,0,0,0,0,0,0,0,0,0,0,0,0,0,0,0,0,0,0,0,0,0,0,0,0,0,0,0,0,0,0,0,0,0,0,0,0,0,0,0,0,0,0,0,0,0,0,0,0,0,0,0,0,0,0,0,0,0,0,0
1643068800,25-01-2022,81675236.21827596,61880850.70922519,12394204.635107994,489765.6896497738,0,0,0,0,0,0,0,0,0,0,0,0,0,0,0,0,0,0,0,0,0,0,0,0,0,0,0,0,0,0,0,0,0,0,0,0,0,0,0,0,0,0,0,0,0,0,0,0,0,0,0,0,0,0,0,0,0,0,0,0,0,0,0,0
1643155200,26-01-2022,99355671.04476292,77024784.88918082,13379939.345789291,854443.3706192981,0,0,0,0,0,0,0,0,0,0,0,0,0,0,0,0,0,0,0,0,0,0,0,0,0,0,0,0,0,0,0,0,0,0,0,0,0,0,0,0,0,0,0,0,0,0,0,0,0,0,0,0,0,0,0,0,0,0,0,0,0,0,0,0
1643241600,27-01-2022,79882514.61716005,85177356.02874888,19094778.95992008,456365.9827358865,0,0,0,0,0,0,0,0,0,0,0,0,0,0,0,0,0,0,0,0,0,0,0,0,0,0,0,0,0,0,0,0,0,0,0,0,0,0,0,0,0,0,0,0,0,0,0,0,0,0,0,0,0,0,0,0,0,0,0,0,0,0,0,0
1643328000,28-01-2022,64303689.2266575,50478897.816497855,9630487.174066309,410899.6946840135,0,0,0,0,0,0,0,0,0,0,0,0,0,0,0,0,0,0,0,0,0,0,0,0,0,0,0,0,0,0,0,0,0,0,0,0,0,0,0,0,0,0,0,0,0,0,0,0,0,0,0,0,0,0,0,0,0,0,0,0,0,0,0,0
1643414400,29-01-2022,44403774.99324857,39369932.30991037,6162487.984411197,526536.1458309253,0,0,0,0,0,0,0,0,0,0,0,0,0,0,0,0,0,0,0,0,0,0,0,0,0,0,0,0,0,0,0,0,0,0,0,0,0,0,0,0,0,0,0,0,0,0,0,0,0,0,0,0,0,0,0,0,0,0,0,0,0,0,0,0
1643500800,30-01-2022,33728879.34743298,27193979.929760408,3724477.2823321363,709144.6255445295,0,0,0,0,0,0,0,0,0,0,0,0,0,0,0,0,0,0,0,0,0,0,0,0,0,0,0,0,0,0,0,0,0,0,0,0,0,0,0,0,0,0,0,0,0,0,0,0,0,0,0,0,0,0,0,0,0,0,0,0,0,0,0,0
1643587200,31-01-2022,56540953.51231583,62272525.88911194,5275431.300167006,567608.3214140609,0,0,0,0,0,0,0,0,0,0,0,0,0,0,0,0,0,0,0,0,0,0,0,0,0,0,0,0,0,0,0,0,0,0,0,0,0,0,0,0,0,0,0,0,0,0,0,0,0,0,0,0,0,0,0,0,0,0,0,0,0,0,0,0
1643673600,01-02-2022,70850014.83464374,66781947.36497671,10774808.848544823,467866.8133324224,0,0,0,0,0,0,0,0,0,0,0,0,0,0,0,0,0,0,0,0,0,0,0,0,0,0,0,0,0,0,0,0,0,0,0,0,0,0,0,0,0,0,0,0,0,0,0,0,0,0,0,0,0,0,0,0,0,0,0,0,0,0,0,0
1643760000,02-02-2022,146033207.68099135,206262115.56209698,36134752.927464865,655996.2540019407,0,0,0,0,0,0,0,0,0,0,0,0,0,0,0,0,0,0,0,0,0,0,0,0,0,0,0,0,0,0,0,0,0,0,0,0,0,0,0,0,0,0,0,0,0,0,0,0,0,0,0,0,0,0,0,0,0,0,0,0,0,0,0,0
1643846400,03-02-2022,58217279.45030239,59286180.524827145,10607663.45151377,532872.2958421429,0,0,0,0,0,0,0,0,0,0,0,0,0,0,0,0,0,0,0,0,0,0,0,0,0,0,0,0,0,0,0,0,0,0,0,0,0,0,0,0,0,0,0,0,0,0,0,0,0,0,0,0,0,0,0,0,0,0,0,0,0,0,0,0
1643932800,04-02-2022,55896236.6849215,73609847.0950777,14880539.851132669,581570.8260573943,0,0,0,0,0,0,0,0,0,0,0,0,0,0,0,0,0,0,0,0,0,0,0,0,0,0,0,0,0,0,0,0,0,0,0,0,0,0,0,0,0,0,0,0,0,0,0,0,0,0,0,0,0,0,0,0,0,0,0,0,0,0,0,0
1644019200,05-02-2022,44152547.71716458,35471606.09018357,6870944.698942221,347166.7895006329,0,0,0,0,0,0,0,0,0,0,0,0,0,0,0,0,0,0,0,0,0,0,0,0,0,0,0,0,0,0,0,0,0,0,0,0,0,0,0,0,0,0,0,0,0,0,0,0,0,0,0,0,0,0,0,0,0,0,0,0,0,0,0,0
1644105600,06-02-2022,33682151.870120265,23151212.867328182,4273287.0810927525,390871.92424941855,0,0,0,0,0,0,0,0,0,0,0,0,0,0,0,0,0,0,0,0,0,0,0,0,0,0,0,0,0,0,0,0,0,0,0,0,0,0,0,0,0,0,0,0,0,0,0,0,0,0,0,0,0,0,0,0,0,0,0,0,0,0,0,0
1644192000,07-02-2022,66036878.889982134,46657711.589404635,7241196.078498889,758293.3695147915,0,0,0,0,0,0,0,0,0,0,0,0,0,0,0,0,0,0,0,0,0,0,0,0,0,0,0,0,0,0,0,0,0,0,0,0,0,0,0,0,0,0,0,0,0,0,0,0,0,0,0,0,0,0,0,0,0,0,0,0,0,0,0,0
1644278400,08-02-2022,60224017.57600409,46723282.280801386,8618737.789841136,451035.02507132303,0,0,0,0,0,0,0,0,0,0,0,0,0,0,0,0,0,0,0,0,0,0,0,0,0,0,0,0,0,0,0,0,0,0,0,0,0,0,0,0,0,0,0,0,0,0,0,0,0,0,0,0,0,0,0,0,0,0,0,0,0,0,0,0
1644364800,09-02-2022,50445243.71697919,35396841.77743775,5832236.193859554,445018.4215669418,0,0,0,0,0,0,0,0,0,0,0,0,0,0,0,0,0,0,0,0,0,0,0,0,0,0,0,0,0,0,0,0,0,0,0,0,0,0,0,0,0,0,0,0,0,0,0,0,0,0,0,0,0,0,0,0,0,0,0,0,0,0,0,0
1644451200,10-02-2022,77435543.2710838,46330161.316107586,7516014.969575319,534117.1735134905,0,0,0,0,0,0,0,0,0,0,0,0,0,0,0,0,0,0,0,0,0,0,0,0,0,0,0,0,0,0,0,0,0,0,0,0,0,0,0,0,0,0,0,0,0,0,0,0,0,0,0,0,0,0,0,0,0,0,0,0,0,0,0,0
1644537600,11-02-2022,60667390.00641784,40661446.71050534,7136618.369465435,524780.6416750976,0,0,0,0,0,0,0,0,0,0,0,0,0,0,0,0,0,0,0,0,0,0,0,0,0,0,0,0,0,0,0,0,0,0,0,0,0,0,0,0,0,0,0,0,0,0,0,0,0,0,0,0,0,0,0,0,0,0,0,0,0,0,0,0
1644624000,12-02-2022,41866944.10159655,33104219.003345568,7206461.275590989,330851.836313049,0,0,0,0,0,0,0,0,0,0,0,0,0,0,0,0,0,0,0,0,0,0,0,0,0,0,0,0,0,0,0,0,0,0,0,0,0,0,0,0,0,0,0,0,0,0,0,0,0,0,0,0,0,0,0,0,0,0,0,0,0,0,0,0
1644710400,13-02-2022,28821482.203143355,19880893.37992016,3915175.2487905873,223371.0105700549,0,0,0,0,0,0,0,0,0,0,0,0,0,0,0,0,0,0,0,0,0,0,0,0,0,0,0,0,0,0,0,0,0,0,0,0,0,0,0,0,0,0,0,0,0,0,0,0,0,0,0,0,0,0,0,0,0,0,0,0,0,0,0,0
1644796800,14-02-2022,37680201.16474404,29230535.241158675,5702397.338447722,304948.0892001142,0,0,0,0,0,0,0,0,0,0,0,0,0,0,0,0,0,0,0,0,0,0,0,0,0,0,0,0,0,0,0,0,0,0,0,0,0,0,0,0,0,0,0,0,0,0,0,0,0,0,0,0,0,0,0,0,0,0,0,0,0,0,0,0
1644883200,15-02-2022,36794441.747151256,25742278.153335467,5315451.723847053,187880.70705347293,0,0,0,0,0,0,0,0,0,0,0,0,0,0,0,0,0,0,0,0,0,0,0,0,0,0,0,0,0,0,0,0,0,0,0,0,0,0,0,0,0,0,0,0,0,0,0,0,0,0,0,0,0,0,0,0,0,0,0,0,0,0,0,0
1644969600,16-02-2022,37774150.329806,25845047.601895243,4735311.070795788,184423.6638885948,0,0,0,0,0,0,0,0,0,0,0,0,0,0,0,0,0,0,0,0,0,0,0,0,0,0,0,0,0,0,0,0,0,0,0,0,0,0,0,0,0,0,0,0,0,0,0,0,0,0,0,0,0,0,0,0,0,0,0,0,0,0,0,0
1645056000,17-02-2022,42838678.762037255,29315014.166062478,5495574.020269661,147079.98237370033,0,0,0,0,0,0,0,0,0,0,0,0,0,0,0,0,0,0,0,0,0,0,0,0,0,0,0,0,0,0,0,0,0,0,0,0,0,0,0,0,0,0,0,0,0,0,0,0,0,0,0,0,0,0,0,0,0,0,0,0,0,0,0,0
1645142400,18-02-2022,35667671.419147186,25131801.442465033,4830211.890963387,138357.8160930713,0,0,0,0,0,0,0,0,0,0,0,0,0,0,0,0,0,0,0,0,0,0,0,0,0,0,0,0,0,0,0,0,0,0,0,0,0,0,0,0,0,0,0,0,0,0,0,0,0,0,0,0,0,0,0,0,0,0,0,0,0,0,0,0
1645228800,19-02-2022,30938775.556706253,19448503.538873155,3531601.736494263,237689.75363745322,0,0,0,0,0,0,0,0,0,0,0,0,0,0,0,0,0,0,0,0,0,0,0,0,0,0,0,0,0,0,0,0,0,0,0,0,0,0,0,0,0,0,0,0,0,0,0,0,0,0,0,0,0,0,0,0,0,0,0,0,0,0,0,0
1645315200,20-02-2022,42528039.35153123,33241329.939458232,7386183.773328673,171838.1574970269,0,0,0,0,0,0,0,0,0,0,0,0,0,0,0,0,0,0,0,0,0,0,0,0,0,0,0,0,0,0,0,0,0,0,0,0,0,0,0,0,0,0,0,0,0,0,0,0,0,0,0,0,0,0,0,0,0,0,0,0,0,0,0,0
1645401600,21-02-2022,57549175.37192148,46571135.270709276,9964429.582128206,382232.6027822142,0,0,0,0,0,0,0,0,0,0,0,0,0,0,0,0,0,0,0,0,0,0,0,0,0,0,0,0,0,0,0,0,0,0,0,0,0,0,0,0,0,0,0,0,0,0,0,0,0,0,0,0,0,0,0,0,0,0,0,0,0,0,0,0
1645488000,22-02-2022,51123582.379152045,35583934.45236028,7281208.37858229,192220.23767032995,0,0,0,0,0,0,0,0,0,0,0,0,0,0,0,0,0,0,0,0,0,0,0,0,0,0,0,0,0,0,0,0,0,0,0,0,0,0,0,0,0,0,0,0,0,0,0,0,0,0,0,0,0,0,0,0,0,0,0,0,0,0,0,0
1645574400,23-02-2022,47588141.40170586,38272465.60431735,9136228.913800033,240972.2462048358,0,0,0,0,0,0,0,0,0,0,0,0,0,0,0,0,0,0,0,0,0,0,0,0,0,0,0,0,0,0,0,0,0,0,0,0,0,0,0,0,0,0,0,0,0,0,0,0,0,0,0,0,0,0,0,0,0,0,0,0,0,0,0,0
1645660800,24-02-2022,95424672.01710409,97193104.48293726,20984248.237168718,478801.5129661727,0,0,0,0,0,0,0,0,0,0,0,0,0,0,0,0,0,0,0,0,0,0,0,0,0,0,0,0,0,0,0,0,0,0,0,0,0,0,0,0,0,0,0,0,0,0,0,0,0,0,0,0,0,0,0,0,0,0,0,0,0,0,0,0
1645747200,25-02-2022,54840881.560487494,48531168.74786515,11473403.048455454,228947.39685554814,0,0,0,0,0,0,0,0,0,0,0,0,0,0,0,0,0,0,0,0,0,0,0,0,0,0,0,0,0,0,0,0,0,0,0,0,0,0,0,0,0,0,0,0,0,0,0,0,0,0,0,0,0,0,0,0,0,0,0,0,0,0,0,0
1645833600,26-02-2022,33641490.63093219,24346393.362361517,5331788.965294595,170211.23006678064,0,0,0,0,0,0,0,0,0,0,0,0,0,0,0,0,0,0,0,0,0,0,0,0,0,0,0,0,0,0,0,0,0,0,0,0,0,0,0,0,0,0,0,0,0,0,0,0,0,0,0,0,0,0,0,0,0,0,0,0,0,0,0,0
1645920000,27-02-2022,41101667.235165894,30075256.106088143,7056874.949704118,231747.11566765796,0,0,0,0,0,0,0,0,0,0,0,0,0,0,0,0,0,0,0,0,0,0,0,0,0,0,0,0,0,0,0,0,0,0,0,0,0,0,0,0,0,0,0,0,0,0,0,0,0,0,0,0,0,0,0,0,0,0,0,0,0,0,0,0
1646006400,28-02-2022,54611537.26026294,44689290.71830799,11199913.49492611,295396.2676563159,0,0,0,0,0,0,0,0,0,0,0,0,0,0,0,0,0,0,0,0,0,0,0,0,0,0,0,0,0,0,0,0,0,0,0,0,0,0,0,0,0,0,0,0,0,0,0,0,0,0,0,0,0,0,0,0,0,0,0,0,0,0,0,0
1646092800,01-03-2022,54251058.0444556,45158320.63282405,9441296.12986628,550662.2190737773,0,0,0,0,0,0,0,0,0,0,0,0,0,0,0,0,0,0,0,0,0,0,0,0,0,0,0,0,0,0,0,0,0,0,0,0,0,0,0,0,0,0,0,0,0,0,0,0,0,0,0,0,0,0,0,0,0,0,0,0,0,0,0,0
1646179200,02-03-2022,61323860.89575684,48187648.433188416,11821033.213239446,332701.79058778455,0,0,0,0,0,0,0,0,0,0,0,0,0,0,0,0,0,0,0,0,0,0,0,0,0,0,0,0,0,0,0,0,0,0,0,0,0,0,0,0,0,0,0,0,0,0,0,0,0,0,0,0,0,0,0,0,0,0,0,0,0,0,0,0
1646265600,03-03-2022,29821624.86471622,32926099.962233514,5547505.322568953,412537.91297196224,0,0,0,0,0,0,0,0,0,0,0,0,0,0,0,0,0,0,0,0,0,0,0,0,0,0,0,0,0,0,0,0,0,0,0,0,0,0,0,0,0,0,0,0,0,0,0,0,0,0,0,0,0,0,0,0,0,0,0,0,0,0,0,0
1646352000,04-03-2022,34070535.36338053,34185629.14051333,6585014.627178117,222596.22203955773,0,0,0,0,0,0,0,0,0,0,0,0,0,0,0,0,0,0,0,0,0,0,0,0,0,0,0,0,0,0,0,0,0,0,0,0,0,0,0,0,0,0,0,0,0,0,0,0,0,0,0,0,0,0,0,0,0,0,0,0,0,0,0,0
1646438400,05-03-2022,19283646.947183408,24740900.12044607,3933431.6771861888,140947.14375848504,0,0,0,0,0,0,0,0,0,0,0,0,0,0,0,0,0,0,0,0,0,0,0,0,0,0,0,0,0,0,0,0,0,0,0,0,0,0,0,0,0,0,0,0,0,0,0,0,0,0,0,0,0,0,0,0,0,0,0,0,0,0,0,0
1646524800,06-03-2022,23830879.71763951,28270512.214259103,3960408.5315767988,127191.5951541262,0,0,0,0,0,0,0,0,0,0,0,0,0,0,0,0,0,0,0,0,0,0,0,0,0,0,0,0,0,0,0,0,0,0,0,0,0,0,0,0,0,0,0,0,0,0,0,0,0,0,0,0,0,0,0,0,0,0,0,0,0,0,0,0
1646611200,07-03-2022,32158516.045617674,33140735.623429947,5834096.431418328,167870.17728795076,0,0,0,0,0,0,0,0,0,0,0,0,0,0,0,0,0,0,0,0,0,0,0,0,0,0,0,0,0,0,0,0,0,0,0,0,0,0,0,0,0,0,0,0,0,0,0,0,0,0,0,0,0,0,0,0,0,0,0,0,0,0,0,0
1646697600,08-03-2022,31112619.88578143,26535988.79507013,5376634.595858106,131762.85163353506,0,0,0,0,0,0,0,0,0,0,0,0,0,0,0,0,0,0,0,0,0,0,0,0,0,0,0,0,0,0,0,0,0,0,0,0,0,0,0,0,0,0,0,0,0,0,0,0,0,0,0,0,0,0,0,0,0,0,0,0,0,0,0,0
1646784000,09-03-2022,33105354.741845332,30172593.572611433,5261877.078844536,183816.49692610488,0,0,0,0,0,0,0,0,0,0,0,0,0,0,0,0,0,0,0,0,0,0,0,0,0,0,0,0,0,0,0,0,0,0,0,0,0,0,0,0,0,0,0,0,0,0,0,0,0,0,0,0,0,0,0,0,0,0,0,0,0,0,0,0
1646870400,10-03-2022,29118578.400057934,25798554.01211719,4088304.34370694,115565.24707925151,0,0,0,0,0,0,0,0,0,0,0,0,0,0,0,0,0,0,0,0,0,0,0,0,0,0,0,0,0,0,0,0,0,0,0,0,0,0,0,0,0,0,0,0,0,0,0,0,0,0,0,0,0,0,0,0,0,0,0,0,0,0,0,0
1646956800,11-03-2022,22837803.305759892,22628092.296901107,3588006.396165249,161798.7655853406,0,0,0,0,0,0,0,0,0,0,0,0,0,0,0,0,0,0,0,0,0,0,0,0,0,0,0,0,0,0,0,0,0,0,0,0,0,0,0,0,0,0,0,0,0,0,0,0,0,0,0,0,0,0,0,0,0,0,0,0,0,0,0,0
1647043200,12-03-2022,13055511.89247997,15669414.411539068,2335005.875884953,45355.124507499364,0,0,0,0,0,0,0,0,0,0,0,0,0,0,0,0,0,0,0,0,0,0,0,0,0,0,0,0,0,0,0,0,0,0,0,0,0,0,0,0,0,0,0,0,0,0,0,0,0,0,0,0,0,0,0,0,0,0,0,0,0,0,0,0
1647129600,13-03-2022,14492738.309208063,20339782.438273527,2406262.0797173665,140562.02627202976,0,0,0,0,0,0,0,0,0,0,0,0,0,0,0,0,0,0,0,0,0,0,0,0,0,0,0,0,0,0,0,0,0,0,0,0,0,0,0,0,0,0,0,0,0,0,0,0,0,0,0,0,0,0,0,0,0,0,0,0,0,0,0,0
1647216000,14-03-2022,18957524.4689512,24976648.65575766,4169227.6695766253,224217.22771523683,0,0,0,0,0,0,0,0,0,0,0,0,0,0,0,0,0,0,0,0,0,0,0,0,0,0,0,0,0,0,0,0,0,0,0,0,0,0,0,0,0,0,0,0,0,0,0,0,0,0,0,0,0,0,0,0,0,0,0,0,0,0,0,0
1647302400,15-03-2022,21876497.02545006,24225868.87510567,4370781.337004224,174759.6552743914,0,0,0,0,0,0,0,0,0,0,0,0,0,0,0,0,0,0,0,0,0,0,0,0,0,0,0,0,0,0,0,0,0,0,0,0,0,0,0,0,0,0,0,0,0,0,0,0,0,0,0,0,0,0,0,0,0,0,0,0,0,0,0,0
1647388800,16-03-2022,34938607.36261351,31489100.631152745,4822673.64432481,148142.52468165068,0,0,0,0,0,0,0,0,0,0,0,0,0,0,0,0,0,0,0,0,0,0,0,0,0,0,0,0,0,0,0,0,0,0,0,0,0,0,0,0,0,0,0,0,0,0,0,0,0,0,0,0,0,0,0,0,0,0,0,0,0,0,0,0
1647475200,17-03-2022,23744073.70525975,26238347.980490707,3786442.944214018,234178.43527384353,0,0,0,0,0,0,0,0,0,0,0,0,0,0,0,0,0,0,0,0,0,0,0,0,0,0,0,0,0,0,0,0,0,0,0,0,0,0,0,0,0,0,0,0,0,0,0,0,0,0,0,0,0,0,0,0,0,0,0,0,0,0,0,0
1647561600,18-03-2022,37657694.707951054,29092174.380577207,3849156.220814132,131297.1076540198,0,0,0,0,0,0,0,0,0,0,0,0,0,0,0,0,0,0,0,0,0,0,0,0,0,0,0,0,0,0,0,0,0,0,0,0,0,0,0,0,0,0,0,0,0,0,0,0,0,0,0,0,0,0,0,0,0,0,0,0,0,0,0,0
1647648000,19-03-2022,42531897.183796905,27216428.96138869,3718221.338340145,275015.1340283985,0,0,0,0,0,0,0,0,0,0,0,0,0,0,0,0,0,0,0,0,0,0,0,0,0,0,0,0,0,0,0,0,0,0,0,0,0,0,0,0,0,0,0,0,0,0,0,0,0,0,0,0,0,0,0,0,0,0,0,0,0,0,0,0
1647734400,20-03-2022,34720427.82791958,22179644.823273167,2738120.564680359,174318.74245190524,0,0,0,0,0,0,0,0,0,0,0,0,0,0,0,0,0,0,0,0,0,0,0,0,0,0,0,0,0,0,0,0,0,0,0,0,0,0,0,0,0,0,0,0,0,0,0,0,0,0,0,0,0,0,0,0,0,0,0,0,0,0,0,0
1647820800,21-03-2022,28540451.79096644,26043273.46511806,3101769.553426352,184398.47770624142,0,0,0,0,0,0,0,0,0,0,0,0,0,0,0,0,0,0,0,0,0,0,0,0,0,0,0,0,0,0,0,0,0,0,0,0,0,0,0,0,0,0,0,0,0,0,0,0,0,0,0,0,0,0,0,0,0,0,0,0,0,0,0,0
1647907200,22-03-2022,27384496.294203322,28513335.565699033,3212853.4495658483,190930.68177442107,0,0,0,0,0,0,0,0,0,0,0,0,0,0,0,0,0,0,0,0,0,0,0,0,0,0,0,0,0,0,0,0,0,0,0,0,0,0,0,0,0,0,0,0,0,0,0,0,0,0,0,0,0,0,0,0,0,0,0,0,0,0,0,0
1647993600,23-03-2022,48697984.927666135,30135489.889240045,3435869.054728558,206741.594751161,0,0,0,0,0,0,0,0,0,0,0,0,0,0,0,0,0,0,0,0,0,0,0,0,0,0,0,0,0,0,0,0,0,0,0,0,0,0,0,0,0,0,0,0,0,0,0,0,0,0,0,0,0,0,0,0,0,0,0,0,0,0,0,0
1648080000,24-03-2022,47224112.407096446,44312754.664940864,6081219.466637806,300086.42000837397,0,0,0,0,0,0,0,0,0,0,0,0,0,0,0,0,0,0,0,0,0,0,0,0,0,0,0,0,0,0,0,0,0,0,0,0,0,0,0,0,0,0,0,0,0,0,0,0,0,0,0,0,0,0,0,0,0,0,0,0,0,0,0,0
1648166400,25-03-2022,40717765.580353945,34531097.657035686,4708424.478103237,292639.09339510405,0,0,0,0,0,0,0,0,0,0,0,0,0,0,0,0,0,0,0,0,0,0,0,0,0,0,0,0,0,0,0,0,0,0,0,0,0,0,0,0,0,0,0,0,0,0,0,0,0,0,0,0,0,0,0,0,0,0,0,0,0,0,0,0
1648252800,26-03-2022,20893693.66933127,28724008.528312005,2437807.9356971737,179642.48148672012,0,0,0,0,0,0,0,0,0,0,0,0,0,0,0,0,0,0,0,0,0,0,0,0,0,0,0,0,0,0,0,0,0,0,0,0,0,0,0,0,0,0,0,0,0,0,0,0,0,0,0,0,0,0,0,0,0,0,0,0,0,0,0,0
1648339200,27-03-2022,26417115.97110321,32658397.119389657,2972696.9328202875,184160.83951244343,0,0,0,0,0,0,0,0,0,0,0,0,0,0,0,0,0,0,0,0,0,0,0,0,0,0,0,0,0,0,0,0,0,0,0,0,0,0,0,0,0,0,0,0,0,0,0,0,0,0,0,0,0,0,0,0,0,0,0,0,0,0,0,0
1648425600,28-03-2022,54826851.218523525,65611685.32136234,8386336.364752547,346402.9564497159,0,0,0,0,0,0,0,0,0,0,0,0,0,0,0,0,0,0,0,0,0,0,0,0,0,0,0,0,0,0,0,0,0,0,0,0,0,0,0,0,0,0,0,0,0,0,0,0,0,0,0,0,0,0,0,0,0,0,0,0,0,0,0,0
1648512000,29-03-2022,49858205.90210271,60757982.174766555,6543160.904250896,295990.15183475683,0,0,0,0,0,0,0,0,0,0,0,0,0,0,0,0,0,0,0,0,0,0,0,0,0,0,0,0,0,0,0,0,0,0,0,0,0,0,0,0,0,0,0,0,0,0,0,0,0,0,0,0,0,0,0,0,0,0,0,0,0,0,0,0
1648598400,30-03-2022,67508326.4975658,75834513.10442303,8946120.290871998,435081.6172798153,0,0,0,0,0,0,0,0,0,0,0,0,0,0,0,0,0,0,0,0,0,0,0,0,0,0,0,0,0,0,0,0,0,0,0,0,0,0,0,0,0,0,0,0,0,0,0,0,0,0,0,0,0,0,0,0,0,0,0,0,0,0,0,0
1648684800,31-03-2022,62928658.25136474,75556713.52840571,10511560.599733606,266338.54428480787,0,0,0,0,0,0,0,0,0,0,0,0,0,0,0,0,0,0,0,0,0,0,0,0,0,0,0,0,0,0,0,0,0,0,0,0,0,0,0,0,0,0,0,0,0,0,0,0,0,0,0,0,0,0,0,0,0,0,0,0,0,0,0,0
1648771200,01-04-2022,62861665.488431245,84214802.39141782,11791863.00286425,773124.1176128115,0,0,0,0,0,0,0,0,0,0,0,0,0,0,0,0,0,0,0,0,0,0,0,0,0,0,0,0,0,0,0,0,0,0,0,0,0,0,0,0,0,0,0,0,0,0,0,0,0,0,0,0,0,0,0,0,0,0,0,0,0,0,0,0
1648857600,02-04-2022,72958126.30288069,79384192.61980113,8907079.252351131,727441.5161714519,11047077.926465401,10116885.896338109,8553917.084596446,1269140.6305666568,171025.7284868747,24540.841151810648,40876.09914388497,0,0,0,0,0,0,0,0,0,0,0,0,0,0,0,0,0,0,0,0,0,0,0,0,0,0,0,0,0,0,0,0,0,0,0,0,0,0,0,0,0,0,0,0,0,0,0,0,0,0,0,0,0,0,0,0,0
1648944000,03-04-2022,61973453.9549921,62936854.36373037,6948071.121206283,365901.95962899236,22281945.485478353,13059422.572335623,10278862.799009606,2410053.2684725286,328213.16461507324,0,43747.37597289957,27434.890226021773,0,0,0,0,0,0,0,0,0,0,0,0,0,0,0,0,0,0,0,0,0,0,0,0,0,0,0,0,0,0,0,0,0,0,0,0,0,0,0,0,0,0,0,0,0,0,0,0,0,0,0,0,0,0,0,0
1649030400,04-04-2022,66834491.29195796,80059525.12224957,6570017.068994812,372531.51086727384,36222233.29248902,16434402.066755913,12823702.771048123,5923495.905492549,270148.9181556545,40266.720639468265,57646.69790209564,0,0,0,0,0,0,0,0,0,0,0,0,0,0,0,0,0,0,0,0,0,0,0,0,0,0,0,0,0,0,0,0,0,0,0,0,0,0,0,0,0,0,0,0,0,0,0,0,0,0,0,0,0,0,0,0,0
1649116800,05-04-2022,61390674.14806245,64282710.10516469,6833516.619886523,299250.01536081487,23116844.94599418,13684824.46587266,9409453.804205686,2250959.7753852797,277811.91982905415,28010.805366249217,51392.33084470087,0,0,0,0,0,0,0,0,0,0,0,0,0,0,0,0,0,0,0,0,0,0,0,0,0,0,0,0,0,0,0,0,0,0,0,0,0,0,0,0,0,0,0,0,0,0,0,0,0,0,0,0,0,0,0,0,0
1649203200,06-04-2022,86514856.1224026,69908984.47756992,10715927.919241136,360507.9655711694,37040211.246919915,18569398.19111917,14544962.684087714,7735710.458552832,363034.3823966593,43101.52785010537,68533.75408604668,0,0,0,0,0,0,0,0,0,0,0,0,0,0,0,0,0,0,0,0,0,0,0,0,0,0,0,0,0,0,0,0,0,0,0,0,0,0,0,0,0,0,0,0,0,0,0,0,0,0,0,0,0,0,0,0,0
1649289600,07-04-2022,62156978.98426147,46412969.559005514,7383222.2842524145,204475.15092970442,27096422.450904217,21395814.420637626,13517662.032414654,5380686.92972203,322751.045826757,43762.274269679816,58246.421080811706,0,0,0,0,0,0,0,0,0,0,0,0,0,0,0,0,0,0,0,0,0,0,0,0,0,0,0,0,0,0,0,0,0,0,0,0,0,0,0,0,0,0,0,0,0,0,0,0,0,0,0,0,0,0,0,0,0
1649376000,08-04-2022,63119436.12949085,68177931.10059664,7460402.708415183,435121.90140041476,29165233.769874666,15214250.20308057,13001021.067649998,7248586.341770287,411295.1650410681,53591.706575185985,54333.16190234152,0,0,0,0,0,0,0,0,0,0,0,0,0,0,0,0,0,0,0,0,0,0,0,0,0,0,0,0,0,0,0,0,0,0,0,0,0,0,0,0,0,0,0,0,0,0,0,0,0,0,0,0,0,0,0,0,0
1649462400,09-04-2022,35456591.39860925,51560327.856512785,3345878.05330522,303789.47604656074,14619008.27584653,6400726.168962808,5472391.819536543,3450507.474993037,212041.32332687578,15675.245358440996,28681.694430568652,0,0,0,0,0,0,0,0,0,0,0,0,0,0,0,0,0,0,0,0,0,0,0,0,0,0,0,0,0,0,0,0,0,0,0,0,0,0,0,0,0,0,0,0,0,0,0,0,0,0,0,0,0,0,0,0,0
1649548800,10-04-2022,37578673.81764851,56312506.72535508,3523090.6243656967,258352.6078493432,8716298.842490444,7239049.097667314,6098656.659001671,2879129.848976744,173933.26986011965,21831.95388282981,39110.64758671883,0,0,0,0,0,0,0,0,0,0,0,0,0,0,0,0,0,0,0,0,0,0,0,0,0,0,0,0,0,0,0,0,0,0,0,0,0,0,0,0,0,0,0,0,0,0,0,0,0,0,0,0,0,0,0,0,0
1649635200,11-04-2022,73275886.09921941,72791568.44486752,7983461.595245339,320146.21421919053,19191382.305024233,14128504.647638865,12572447.524396246,8431563.46404948,353022.9821736709,39255.582508305684,61332.685141322756,0,0,0,0,0,0,0,0,0,0,0,0,0,0,0,0,0,0,0,0,0,0,0,0,0,0,0,0,0,0,0,0,0,0,0,0,0,0,0,0,0,0,0,0,0,0,0,0,0,0,0,0,0,0,0,0,0
1649721600,12-04-2022,59472953.297743954,66299068.06911163,6926215.288359144,249480.214882281,17230247.722107086,15874783.784558332,10940052.414743071,6750730.879870476,408411.9295310139,58327.44463655335,58176.50626236738,0,0,0,0,0,0,0,0,0,0,0,0,0,0,0,0,0,0,0,0,0,0,0,0,0,0,0,0,0,0,0,0,0,0,0,0,0,0,0,0,0,0,0,0,0,0,0,0,0,0,0,0,0,0,0,0,0
1649808000,13-04-2022,52871339.29825132,68117946.82029864,4432895.069377724,211144.83258352077,52041428.00529123,16841647.05000264,10024097.470390469,12250408.458561733,328044.2978765461,48448.84416334272,43713.32773319064,0,0,0,0,0,0,0,0,0,0,0,0,0,0,0,0,0,0,0,0,0,0,0,0,0,0,0,0,0,0,0,0,0,0,0,0,0,0,0,0,0,0,0,0,0,0,0,0,0,0,0,0,0,0,0,0,0
1649894400,14-04-2022,43455343.23798847,75134837.98811015,3797308.716508894,172129.51818410112,29047065.192042075,11590047.4668587,8936008.469326325,4103538.956491192,278313.6983024041,50777.731335578195,36354.560546031105,0,0,0,0,0,0,0,0,0,0,0,0,0,0,0,0,0,0,0,0,0,0,0,0,0,0,0,0,0,0,0,0,0,0,0,0,0,0,0,0,0,0,0,0,0,0,0,0,0,0,0,0,0,0,0,0,0
1649980800,15-04-2022,29997855.17527105,71254354.91482985,2875659.3208760163,144180.0691760598,29053323.035452683,9955393.651950458,6585135.626812603,11953826.346641747,176451.79009219565,0,32585.66194799656,19277.2737025334,0,0,0,0,0,0,0,0,0,0,0,0,0,0,0,0,0,0,0,0,0,0,0,0,0,0,0,0,0,0,0,0,0,0,0,0,0,0,0,0,0,0,0,0,0,0,0,0,0,0,0,0,0,0,0,0
1650067200,16-04-2022,24213682.395534277,71303826.25567804,1352451.6246284773,84347.80656348851,9438595.15151438,5195177.288233395,4222899.589731473,3171300.987405729,141542.5486933676,0,42019.16856236032,0,24196.587130234653,0,0,0,0,0,0,0,0,0,0,0,0,0,0,0,0,0,0,0,0,0,0,0,0,0,0,0,0,0,0,0,0,0,0,0,0,0,0,0,0,0,0,0,0,0,0,0,0,0,0,0,0,0,0,0
1650153600,17-04-2022,28321085.45275937,71579588.06439584,2355904.934136029,68728.18216567961,9544999.497526225,5668483.948359001,5498650.036566075,5854812.010505325,123496.39146458448,21413.741133096904,34492.19483249905,0,0,0,0,0,0,0,0,0,0,0,0,0,0,0,0,0,0,0,0,0,0,0,0,0,0,0,0,0,0,0,0,0,0,0,0,0,0,0,0,0,0,0,0,0,0,0,0,0,0,0,0,0,0,0,0,0
1650240000,18-04-2022,49433577.31807946,98423401.67637342,4515582.174084759,91344.54919376985,18193195.004928768,11178097.67022599,12737128.063699868,8146196.837556241,234225.46133348384,0,121468.83205849666,0,0,8409946.094118012,0,0,0,0,0,0,0,0,0,0,0,0,0,0,0,0,0,0,0,0,0,0,0,0,0,0,0,0,0,0,0,0,0,0,0,0,0,0,0,0,0,0,0,0,0,0,0,0,0,0,0,0,0,0
1650326400,19-04-2022,41543950.19675413,122913074.45361155,3669903.497325004,147706.76035037872,14123250.746602321,13699993.006552262,9996153.820257496,6458194.928538518,423553.3091243782,0,138485.1954186805,0,0,8954891.316027097,0,0,0,0,0,0,0,0,0,0,0,0,0,0,0,0,0,0,0,0,0,0,0,0,0,0,0,0,0,0,0,0,0,0,0,0,0,0,0,0,0,0,0,0,0,0,0,0,0,0,0,0,0,0
1650412800,20-04-2022,45472637.815335155,116991428.5538095,4293438.922918687,122003.37902032895,21490253.949893035,9557189.721623987,10731751.813274756,5744521.054136048,483670.2016279205,0,91520.39655260561,0,0,9685700.712636188,0,0,0,0,0,0,0,0,0,0,0,0,0,0,0,0,0,0,0,0,0,0,0,0,0,0,0,0,0,0,0,0,0,0,0,0,0,0,0,0,0,0,0,0,0,0,0,0,0,0,0,0,0,0
1650499200,21-04-2022,60880000.97935425,114915497.30462264,4356185.946727478,155102.42531151872,33331151.55624292,9341472.827317638,9424915.83397992,6856564.136609529,316472.38517205545,0,102620.15748050547,0,0,19933810.404337242,0,0,0,0,0,0,0,0,0,0,0,0,0,0,0,0,0,0,0,0,0,0,0,0,0,0,0,0,0,0,0,0,0,0,0,0,0,0,0,0,0,0,0,0,0,0,0,0,0,0,0,0,0,0
1650585600,22-04-2022,52643644.488814585,100061275.53620924,3693553.2652298207,48557.108377787015,48850625.81906028,18187022.174996424,9871847.568505269,11174355.066328391,195254.06334978796,0,64263.361060597774,0,0,27926563.804572456,0,0,0,0,0,0,0,0,0,0,0,0,0,0,0,0,0,0,0,0,0,0,0,0,0,0,0,0,0,0,0,0,0,0,0,0,0,0,0,0,0,0,0,0,0,0,0,0,0,0,0,0,0,0
1650672000,23-04-2022,26481095.806660786,94602127.33525884,1919585.7987291687,46556.73580130498,29848740.654554922,10514199.40789132,4608216.817189629,2673339.8312791074,142184.30417632643,0,59428.05745285413,0,0,14589597.624397758,0,0,0,0,0,0,0,0,0,0,0,0,0,0,0,0,0,0,0,0,0,0,0,0,0,0,0,0,0,0,0,0,0,0,0,0,0,0,0,0,0,0,0,0,0,0,0,0,0,0,0,0,0,0
1650758400,24-04-2022,30455172.897555605,133263342.99266058,1991855.5488970925,39795.78212589714,34166219.98947781,11592289.459268222,10978661.08323818,6331985.040555304,157021.34207694116,0,49843.02314816087,0,0,15895992.719354967,0,0,0,0,0,0,0,0,0,0,0,0,0,0,0,0,0,0,0,0,0,0,0,0,0,0,0,0,0,0,0,0,0,0,0,0,0,0,0,0,0,0,0,0,0,0,0,0,0,0,0,0,0,0
1650844800,25-04-2022,45021776.06479919,122673185.51066762,3936242.1119390847,112810.07706372013,36449635.63135589,16701570.46580316,10198304.985564316,10267143.076926336,175672.57198748895,0,115785.5065854861,0,0,18936307.505769223,0,0,0,0,0,0,0,0,0,0,0,0,0,0,0,0,0,0,0,0,0,0,0,0,0,0,0,0,0,0,0,0,0,0,0,0,0,0,0,0,0,0,0,0,0,0,0,0,0,0,0,0,0,0
1650931200,26-04-2022,39715962.963821985,134303459.16344112,3600608.2272220487,124123.98216834951,35356844.39328875,20576226.84289658,12206346.119902028,8194844.252335232,149597.81180173412,0,83884.40059192802,0,0,17085811.803987287,0,0,0,0,0,0,0,0,0,0,0,0,0,0,0,0,0,0,0,0,0,0,0,0,0,0,0,0,0,0,0,0,0,0,0,0,0,0,0,0,0,0,0,0,0,0,0,0,0,0,0,0,0,0
1651017600,27-04-2022,37689357.978015885,163290309.73795927,3531507.0656111306,69047.55621452004,48111988.459573574,20575745.177665927,8187682.031983503,6607170.143208408,220655.82368376522,0,69097.7476418262,0,0,16796331.49673572,0,0,0,0,0,0,0,0,0,0,0,0,0,0,0,0,0,0,0,0,0,0,0,0,0,0,0,0,0,0,0,0,0,0,0,0,0,0,0,0,0,0,0,0,0,0,0,0,0,0,0,0,0,0
1651104000,28-04-2022,41591000.10029677,230440604.9144929,2786441.208061761,114773.29674269697,40629518.65076529,17957810.546639156,7020576.418648174,6632277.3390847705,184570.29516854254,0,93462.92596428354,0,0,17066905.758187383,0,0,0,0,0,0,0,0,0,0,0,0,0,0,0,0,0,0,0,0,0,0,0,0,0,0,0,0,0,0,0,0,0,0,0,0,0,0,0,0,0,0,0,0,0,0,0,0,0,0,0,0,0,0
1651190400,29-04-2022,39473060.21025515,316820118.8658231,2593566.9901482523,114296.5584394384,56544460.49675704,22201585.84186733,7542075.255225609,5447975.968967414,126734.0149400779,0,125453.38131805808,0,0,7487598.5851528775,0,0,0,0,0,0,0,0,0,0,0,0,0,0,0,0,0,0,0,0,0,0,0,0,0,0,0,0,0,0,0,0,0,0,0,0,0,0,0,0,0,0,0,0,0,0,0,0,0,0,0,0,0,0
1651276800,30-04-2022,30451366.708433922,216549382.81145,1655683.1815636063,40840.09351222765,48302288.69961942,12642366.879051348,2747519.7333506886,5348981.605287031,93100.26539213552,0,44171.262393382836,0,0,583312.6339242923,0,0,0,0,0,0,0,0,0,0,0,0,0,0,0,0,0,0,0,0,0,0,0,0,0,0,0,0,0,0,0,0,0,0,0,0,0,0,0,0,0,0,0,0,0,0,0,0,0,0,0,0,0,0
1651363200,01-05-2022,38445436.67006134,148022295.3577483,3897626.9495263333,301567.70683654334,37640621.15023733,14753681.791815905,6745712.406114267,3643041.145494009,164451.1366132599,0,82713.78809363313,0,0,557145.7216567255,0,0,0,0,0,0,0,0,0,0,0,0,0,0,0,0,0,0,0,0,0,0,0,0,0,0,0,0,0,0,0,0,0,0,0,0,0,0,0,0,0,0,0,0,0,0,0,0,0,0,0,0,0,0
1651449600,02-05-2022,48681251.8322233,225617858.0126335,3867102.2099788343,302430.25760841515,45832749.58837689,19369478.944767993,11490786.74489449,4392541.488678297,169882.98449684135,0,78316.66730750723,0,0,6565802.024793471,0,0,0,0,0,0,0,0,0,0,0,0,0,0,0,0,0,0,0,0,0,0,0,0,0,0,0,0,0,0,0,0,0,0,0,0,0,0,0,0,0,0,0,0,0,0,0,0,0,0,0,0,0,0
1651536000,03-05-2022,41974540.77328227,206447424.47300076,2204266.9736462757,185369.24240117264,50316900.03274887,10882864.105848938,9285103.813744014,2574885.551447376,121876.8190378539,0,95177.82254258727,0,0,4972234.464262589,0,0,0,0,0,0,0,0,0,0,0,0,0,0,0,0,0,0,0,0,0,0,0,0,0,0,0,0,0,0,0,0,0,0,0,0,0,0,0,0,0,0,0,0,0,0,0,0,0,0,0,0,0,0
1651622400,04-05-2022,52464175.72492377,208226242.4693169,3151484.1517226594,244449.93529829945,39637980.010010295,16785882.54562881,11091860.792658856,3667529.5195820485,217088.88690390385,0,111791.10428440936,0,0,7403647.929678148,0,0,0,0,0,0,0,0,0,0,0,0,0,0,0,0,0,0,0,0,0,0,0,0,0,0,0,0,0,0,0,0,0,0,0,0,0,0,0,0,0,0,0,0,0,0,0,0,0,0,0,0,0,0
1651708800,05-05-2022,58182464.19465432,213327283.8658993,5023030.958433979,371636.2978407159,60153283.4996627,25683053.850266486,21285473.240429744,12020634.965270028,240275.05208627216,0,119818.80782324482,0,0,8322359.200435925,0,0,0,0,0,0,0,0,0,0,0,0,0,0,0,0,0,0,0,0,0,0,0,0,0,0,0,0,0,0,0,0,0,0,0,0,0,0,0,0,0,0,0,0,0,0,0,0,0,0,0,0,0,0
1651795200,06-05-2022,46873676.35564208,191007789.81194252,5408682.104712801,229335.25491464726,53572617.77684796,23451217.37310142,21891654.348399453,11437862.56232751,188740.84348618006,0,109980.58925791457,0,0,8344357.73483295,0,0,0,0,0,0,0,0,0,0,0,0,0,0,0,0,0,0,0,0,0,0,0,0,0,0,0,0,0,0,0,0,0,0,0,0,0,0,0,0,0,0,0,0,0,0,0,0,0,0,0,0,0,0
1651881600,07-05-2022,35206190.74903509,168979411.97621706,3005079.6409472553,325687.0760898837,103829110.35378301,34409950.7519639,12549241.061412204,12988829.580014119,111737.21246389554,0,93409.45866752656,0,0,3418349.406729844,0,0,0,0,0,0,0,0,0,0,0,0,0,0,0,0,0,0,0,0,0,0,0,0,0,0,0,0,0,0,0,0,0,0,0,0,0,0,0,0,0,0,0,0,0,0,0,0,0,0,0,0,0,0
1651968000,08-05-2022,44430753.99594696,176709117.1070397,4388433.730037167,298663.98800533725,134670117.59704915,41815975.42029332,16745120.106632797,11596257.783511292,183622.56740630046,0,109280.04420718038,0,0,224531.33267891634,0,0,0,0,0,0,0,0,0,0,0,0,0,0,0,0,0,0,0,0,0,0,0,0,0,0,0,0,0,0,0,0,0,0,0,0,0,0,0,0,0,0,0,0,0,0,0,0,0,0,0,0,0,0
1652054400,09-05-2022,116237918.85543671,267699300.82598573,13402790.773363266,372238.26820337406,181412032.10910532,83858222.50101049,28582999.05665916,24780876.319600143,304606.6884156137,0,273899.4683084969,0,0,204809.85982799483,0,0,0,0,0,0,0,0,0,0,0,0,0,0,0,0,0,0,0,0,0,0,0,0,0,0,0,0,0,0,0,0,0,0,0,0,0,0,0,0,0,0,0,0,0,0,0,0,0,0,0,0,0,0
1652140800,10-05-2022,149112776.04512838,318575625.568392,17282024.35145773,0,257701342.60767698,151379822.96676075,35979369.5769842,42683912.24637768,426174.7985813324,0,482362.27515344205,0,0,242494.29698376977,51230822.09305623,0,0,0,0,0,0,0,0,0,0,0,0,0,0,0,0,0,0,0,0,0,0,0,0,0,0,0,0,0,0,0,0,0,0,0,0,0,0,0,0,0,0,0,0,0,0,0,0,0,0,0,0,0
1652227200,11-05-2022,248200280.0071933,354647851.8523133,39969285.91672288,338197.0150123094,254190006.20798776,175040538.79933217,44043955.875558734,44738033.827991486,589264.0124152716,0,746228.8613482998,0,0,0,238933945.01277214,0,0,0,0,0,0,0,0,0,0,0,0,0,0,0,0,0,0,0,0,0,0,0,0,0,0,0,0,0,0,0,0,0,0,0,0,0,0,0,0,0,0,0,0,0,0,0,0,0,0,0,0,0
1652313600,12-05-2022,223242097.49986693,292401286.9558472,39637297.30072357,283565.0400172449,255514837.95684755,167918780.04887298,33204493.570921604,28097682.259770215,509746.9419945476,0,638407.8177565036,0,0,0,257695948.7362953,0,0,0,0,0,0,0,0,0,0,0,0,0,0,0,0,0,0,0,0,0,0,0,0,0,0,0,0,0,0,0,0,0,0,0,0,0,0,0,0,0,0,0,0,0,0,0,0,0,0,0,0,0
1652400000,13-05-2022,101423674.70042822,213950486.00661916,13002078.358467778,602816.3801527383,77438576.72320941,43719927.96205592,25482710.360173926,11726395.631234795,320900.8822115625,0,397461.7036400814,0,0,0,144621077.59849077,0,0,0,0,0,0,0,0,0,0,0,0,0,0,0,0,0,0,0,0,0,0,0,0,0,0,0,0,0,0,0,0,0,0,0,0,0,0,0,0,0,0,0,0,0,0,0,0,0,0,0,0,0
1652486400,14-05-2022,68298816.59229735,152517997.41320327,8521203.054821298,169527.220946076,60924996.82912861,26369982.608782507,19620700.551214173,8227556.319043018,193028.70076609426,0,224048.14896237673,0,0,0,95691325.28177485,0,0,0,0,0,0,0,0,0,0,0,0,0,0,0,0,0,0,0,0,0,0,0,0,0,0,0,0,0,0,0,0,0,0,0,0,0,0,0,0,0,0,0,0,0,0,0,0,0,0,0,0,0
1652572800,15-05-2022,48996827.22192806,134733538.3809238,5063026.0227121515,418982.45288124855,35881338.94251222,17384079.77142961,16766664.27144203,6051678.737238789,142779.92617550853,0,190203.54429218086,0,0,0,71425826.69785084,0,0,0,0,0,0,0,0,0,0,0,0,0,0,0,0,0,0,0,0,0,0,0,0,0,0,0,0,0,0,0,0,0,0,0,0,0,0,0,0,0,0,0,0,0,0,0,0,0,0,0,0,0
1652659200,16-05-2022,62243194.73317411,152853809.54447976,7249311.05302837,305033.3971795568,37984714.483381584,22125267.098509982,21484878.44955496,9503737.548044268,214662.5694182562,0,212271.8792955313,0,0,0,81501992.17670861,0,0,0,0,0,0,0,0,0,0,0,0,0,0,0,0,0,0,0,0,0,0,0,0,0,0,0,0,0,0,0,0,0,0,0,0,0,0,0,0,0,0,0,0,0,0,0,0,0,0,0,0,0
1652745600,17-05-2022,45602495.563729875,137801794.0792883,4244151.251002953,240774.16036382972,27129630.537707288,13829929.082347836,14345051.08687425,6275594.445386341,127698.47149289693,0,169252.37700965442,0,0,0,42409059.94583744,0,0,0,0,0,0,0,0,0,0,0,0,0,0,0,0,0,0,0,0,0,0,0,0,0,0,0,0,0,0,0,0,0,0,0,0,0,0,0,0,0,0,0,0,0,0,0,0,0,0,0,0,0
1652832000,18-05-2022,42158324.58397884,136568935.00847405,3807637.172187896,268929.74546926864,36027802.31739483,19069554.165992692,15914597.278546525,8683434.419407843,0,0,262804.60786063125,0,0,0,60368832.93221692,27164594.178605035,0,0,0,0,0,0,0,0,0,0,0,0,0,0,0,0,0,0,0,0,0,0,0,0,0,0,0,0,0,0,0,0,0,0,0,0,0,0,0,0,0,0,0,0,0,0,0,0,0,0,0,0
1652918400,19-05-2022,57471765.404379055,141703934.9849522,5241247.421791643,291990.07372125704,35679405.96120021,17461914.880436577,17285190.936196767,7622910.998179351,0,0,327982.135538087,0,0,0,75473839.06768595,45023657.82142371,0,0,0,0,0,0,0,0,0,0,0,0,0,0,0,0,0,0,0,0,0,0,0,0,0,0,0,0,0,0,0,0,0,0,0,0,0,0,0,0,0,0,0,0,0,0,0,0,0,0,0,0
1653004800,20-05-2022,52879196.14740752,127367394.67217928,3994703.642743413,154261.23694437186,28778069.295947686,15184567.17341584,15081307.416262649,10637278.525496185,0,0,245669.145517806,0,0,0,55030679.971161075,34352215.65191368,0,0,0,0,0,0,0,0,0,0,0,0,0,0,0,0,0,0,0,0,0,0,0,0,0,0,0,0,0,0,0,0,0,0,0,0,0,0,0,0,0,0,0,0,0,0,0,0,0,0,0,0
1653091200,21-05-2022,27004328.394922346,103673325.39773253,1636636.331892836,359637.2969891336,20213518.243727293,12447604.985750154,7602778.534449086,3424305.5295189833,0,0,247869.95478327823,0,0,0,31294415.925746888,14004913.481756689,0,0,0,0,0,0,0,0,0,0,0,0,0,0,0,0,0,0,0,0,0,0,0,0,0,0,0,0,0,0,0,0,0,0,0,0,0,0,0,0,0,0,0,0,0,0,0,0,0,0,0,0
1653177600,22-05-2022,26217554.604154974,108219555.51638228,1749870.5717690801,265531.010518256,19509506.71769844,12570928.23439128,7843149.141769407,4909224.072295444,0,0,281022.7835486045,0,0,0,29912687.274092402,11153801.933250435,0,0,0,0,0,0,0,0,0,0,0,0,0,0,0,0,0,0,0,0,0,0,0,0,0,0,0,0,0,0,0,0,0,0,0,0,0,0,0,0,0,0,0,0,0,0,0,0,0,0,0,0
1653264000,23-05-2022,37710559.45366997,136348815.91180554,3291720.8773384397,280882.4936831146,23887182.097790238,14721525.854283525,14380883.98163579,7396918.232843077,0,0,337374.3759835281,0,0,0,37237531.093934126,20161467.28907144,0,0,0,0,0,0,0,0,0,0,0,0,0,0,0,0,0,0,0,0,0,0,0,0,0,0,0,0,0,0,0,0,0,0,0,0,0,0,0,0,0,0,0,0,0,0,0,0,0,0,0,0
1653350400,24-05-2022,39927866.34589779,121973232.65050432,2374776.431817669,246610.50991609457,17302972.37306491,11146384.296973012,11163454.857067682,5696664.896502104,0,0,341985.4592273851,0,0,0,31887639.88868845,17403813.777783334,0,0,0,0,0,0,0,0,0,0,0,0,0,0,0,0,0,0,0,0,0,0,0,0,0,0,0,0,0,0,0,0,0,0,0,0,0,0,0,0,0,0,0,0,0,0,0,0,0,0,0,0
1653436800,25-05-2022,29890424.031634398,112591804.26014668,1950114.4286268053,410280.56100437173,19204228.045366444,14229619.856794434,10450222.46302038,6290401.5095838085,0,0,234734.30428052385,0,0,0,48392994.01618329,27728051.8316369,0,0,0,0,0,0,0,0,0,0,0,0,0,0,0,0,0,0,0,0,0,0,0,0,0,0,0,0,0,0,0,0,0,0,0,0,0,0,0,0,0,0,0,0,0,0,0,0,0,0,0,0
1653523200,26-05-2022,53489549.22215636,164435065.6706196,4133873.45199214,549533.4398144458,26103310.05982706,17344456.080576263,20383780.15728064,12055635.75087515,0,0,325718.00445030193,0,0,0,54122860.74031469,37161802.26755433,0,0,0,0,0,0,0,0,0,0,0,0,0,0,0,0,0,0,0,0,0,0,0,0,0,0,0,0,0,0,0,0,0,0,0,0,0,0,0,0,0,0,0,0,0,0,0,0,0,0,0,0
1653609600,27-05-2022,59067877.50113202,164491918.02910358,5436074.40958569,597508.8412048277,32518228.446760744,19238669.305796884,24357132.42387257,15333723.220953496,0,0,390541.3521029831,0,0,0,114503097.98376992,70264460.59652478,0,0,0,0,0,0,0,0,0,0,0,0,0,0,0,0,0,0,0,0,0,0,0,0,0,0,0,0,0,0,0,0,0,0,0,0,0,0,0,0,0,0,0,0,0,0,0,0,0,0,0,0
1653696000,28-05-2022,27007944.8048911,94513800.04199058,2180881.8635572335,680444.2824591622,14969493.536618683,9090062.219305761,9202483.105382893,5674353.905346284,0,0,268410.5636300099,0,0,0,40790202.801972255,21710444.75136999,0,0,0,0,0,0,0,0,0,0,0,0,0,0,0,0,0,0,0,0,0,0,0,0,0,0,0,0,0,0,0,0,0,0,0,0,0,0,0,0,0,0,0,0,0,0,0,0,0,0,0,0
1653782400,29-05-2022,25280118.09427425,93820372.9925909,1869634.6368467568,655718.8120688457,13975105.210890545,9875370.641760575,10197567.162179561,7534441.152396756,0,0,164208.86434049896,0,0,0,38095171.80704741,21562961.413736086,0,0,0,0,0,0,0,0,0,0,0,0,0,0,0,0,0,0,0,0,0,0,0,0,0,0,0,0,0,0,0,0,0,0,0,0,0,0,0,0,0,0,0,0,0,0,0,0,0,0,0,0
1653868800,30-05-2022,33532119.983379975,94772017.77251211,2727222.611220577,334741.6015089769,22136823.76525916,10283142.012330549,11155830.890921013,9824426.539458632,0,0,594227.4055659228,0,0,0,63285225.90122548,34116120.4092023,0,0,0,0,0,0,0,0,0,0,0,0,0,0,0,0,0,0,0,0,0,0,0,0,0,0,0,0,0,0,0,0,0,0,0,0,0,0,0,0,0,0,0,0,0,0,0,0,0,0,0,0
1653955200,31-05-2022,36718304.44932893,85586320.45098549,2268853.8232783424,307253.88224425755,23999772.494936995,9775049.966011873,9528976.776099768,10571105.125323217,0,0,458099.1393162603,0,0,0,62213686.5049722,31578677.315479457,0,0,0,0,0,0,0,0,0,0,0,0,0,0,0,0,0,0,0,0,0,0,0,0,0,0,0,0,0,0,0,0,0,0,0,0,0,0,0,0,0,0,0,0,0,0,0,0,0,0,0,0
1654041600,01-06-2022,31695816.527891286,76430272.6548279,2310356.844681619,0,20458894.804041352,8845749.269050265,7504735.113490092,11724964.83518701,0,0,400806.4932958249,0,0,0,35662495.84291017,24035539.668754034,459027.6959945747,0,0,0,0,0,0,0,0,0,0,0,0,0,0,0,0,0,0,0,0,0,0,0,0,0,0,0,0,0,0,0,0,0,0,0,0,0,0,0,0,0,0,0,0,0,0,0,0,0,0,0
1654128000,02-06-2022,27079393.04030231,77377314.98036428,2494249.1854400034,0,23467187.809125345,14207196.12336477,11416409.615897972,13116349.371601408,0,0,268683.9382795333,0,0,0,69978575.80590992,38542462.034499615,227598.0359734035,0,0,0,0,0,0,0,0,0,0,0,0,0,0,0,0,0,0,0,0,0,0,0,0,0,0,0,0,0,0,0,0,0,0,0,0,0,0,0,0,0,0,0,0,0,0,0,0,0,0,0
1654214400,03-06-2022,29487665.309177928,56302394.810755126,2422397.9740836634,0,20464565.56468708,10160390.866650274,13579432.572750714,13939826.644788845,0,0,268503.34137206426,0,0,0,110729541.76898734,63955994.73620743,382428.36633858853,0,0,0,0,0,0,0,0,0,0,0,0,0,0,0,0,0,0,0,0,0,0,0,0,0,0,0,0,0,0,0,0,0,0,0,0,0,0,0,0,0,0,0,0,0,0,0,0,0,0,0
1654300800,04-06-2022,18476335.44404949,49082918.08496087,1822703.2058132915,0,13831742.878495703,8410986.357029151,7161652.1867034845,9155303.712635428,0,0,215479.13785120568,0,0,0,55158370.60834272,23398126.020278495,326280.995804454,0,0,0,0,0,0,0,0,0,0,0,0,0,0,0,0,0,0,0,0,0,0,0,0,0,0,0,0,0,0,0,0,0,0,0,0,0,0,0,0,0,0,0,0,0,0,0,0,0,0,0
1654387200,05-06-2022,22761900.73649046,54134235.96202712,2102418.02079737,0,12130543.24344729,8209112.238332873,8423842.337996509,9121700.320541063,0,0,253170.59610683212,0,0,0,46477815.93924919,22074836.95352917,140913.0198683207,0,0,0,0,0,0,0,0,0,0,0,0,0,0,0,0,0,0,0,0,0,0,0,0,0,0,0,0,0,0,0,0,0,0,0,0,0,0,0,0,0,0,0,0,0,0,0,0,0,0,0
1654473600,06-06-2022,30653936.48724007,69816811.17474425,2941901.2551042903,0,16755201.786538683,9892258.754320493,12814876.432864862,12079664.587385168,0,0,284859.71903907665,0,0,0,43420344.8846678,30642128.24373912,213704.1309068033,0,0,0,0,0,0,0,0,0,0,0,0,0,0,0,0,0,0,0,0,0,0,0,0,0,0,0,0,0,0,0,0,0,0,0,0,0,0,0,0,0,0,0,0,0,0,0,0,0,0,0
1654560000,07-06-2022,35723163.05576437,84785726.16132703,3992529.468963841,0,25036101.930696134,14683723.28825063,17824298.89479786,19147639.995227043,0,0,426493.1921693063,0,0,0,75714654.54239471,45411850.87397731,193667.41602303105,0,0,0,0,0,0,0,0,0,0,0,0,0,0,0,0,0,0,0,0,0,0,0,0,0,0,0,0,0,0,0,0,0,0,0,0,0,0,0,0,0,0,0,0,0,0,0,0,0,0,0
1654646400,08-06-2022,28524586.463624693,71374695.25599684,2403313.0677544177,0,16782861.469704416,10507622.931138353,11837093.135446962,10638731.846250439,0,0,391896.2945762723,0,0,0,66738755.921250075,35381638.34222916,166075.9436493793,0,0,0,0,0,0,0,0,0,0,0,0,0,0,0,0,0,0,0,0,0,0,0,0,0,0,0,0,0,0,0,0,0,0,0,0,0,0,0,0,0,0,0,0,0,0,0,0,0,0,0
1654732800,09-06-2022,23862195.647761054,59080332.69220315,2053950.1821500557,0,16421569.47130983,9229116.9732671,10630226.470152617,10519537.167804934,0,0,346567.64268927183,0,0,460703.07391214825,39694477.41494351,21713920.914471567,0,0,0,0,0,0,0,0,0,0,0,0,0,0,0,0,0,0,0,0,0,0,0,0,0,0,0,0,0,0,0,0,0,0,0,0,0,0,0,0,0,0,0,0,0,0,0,0,0,0,0,0
1654819200,10-06-2022,25076100.274969988,55969110.30218202,2327592.845089212,0,31508479.776264057,12070941.826454725,11788328.915773816,12355639.190773413,0,0,460963.7197676254,0,0,381114.36958155443,73623560.53563687,35888349.40152469,0,0,0,0,0,0,0,0,0,0,0,0,0,0,0,0,0,0,0,0,0,0,0,0,0,0,0,0,0,0,0,0,0,0,0,0,0,0,0,0,0,0,0,0,0,0,0,0,0,0,0,0
1654905600,11-06-2022,29173509.526649594,52560786.59055703,2667415.9752898063,0,27301269.27531482,10932626.74721444,11795317.26866337,13084324.734729543,0,0,420023.628928143,0,0,311092.85649156204,61181711.31382946,31352954.61865539,0,0,0,0,0,0,0,0,0,0,0,0,0,0,0,0,0,0,0,0,0,0,0,0,0,0,0,0,0,0,0,0,0,0,0,0,0,0,0,0,0,0,0,0,0,0,0,0,0,0,0,0
1654992000,12-06-2022,43874954.05922547,72910019.74675056,4967294.896035619,0,26502752.077327713,12193451.967733007,21066012.311046824,15241500.260298975,0,0,649347.1258943323,0,0,594834.2108603993,63574644.75025618,35520625.985762015,0,0,0,0,0,0,0,0,0,0,0,0,0,0,0,0,0,0,0,0,0,0,0,0,0,0,0,0,0,0,0,0,0,0,0,0,0,0,0,0,0,0,0,0,0,0,0,0,0,0,0,0
1655078400,13-06-2022,78342995.16823745,124812771.65867786,11002796.628913444,0,61455043.3086312,58103979.62219271,45530053.63806526,44987344.44887639,0,0,1328785.0608692488,0,0,757311.5294252818,105174558.821646,72732984.7593162,0,0,0,0,0,0,0,0,0,0,0,0,0,0,0,0,0,0,0,0,0,0,0,0,0,0,0,0,0,0,0,0,0,0,0,0,0,0,0,0,0,0,0,0,0,0,0,0,0,0,0,0
1655164800,14-06-2022,55298354.99796844,104903424.6135528,9454759.640511349,0,83589801.21386392,70350883.68090577,27416126.22285141,39945648.95495844,0,0,1168232.5836325237,0,0,659565.5996649585,87221702.0441319,56009818.1626668,0,0,0,0,0,0,0,0,0,0,0,0,0,0,0,0,0,0,0,0,0,0,0,0,0,0,0,0,0,0,0,0,0,0,0,0,0,0,0,0,0,0,0,0,0,0,0,0,0,0,0,0
1655251200,15-06-2022,66910240.37259045,123811343.31771925,11623623.09238992,0,70101682.03257677,54632194.201666616,28570639.48918733,38137101.606337294,0,0,873793.6881197132,0,0,468862.65362499596,136594315.6999229,79856667.8714023,0,0,0,0,0,0,0,0,0,0,0,0,0,0,0,0,0,0,0,0,0,0,0,0,0,0,0,0,0,0,0,0,0,0,0,0,0,0,0,0,0,0,0,0,0,0,0,0,0,0,0,0
1655337600,16-06-2022,42074395.88969958,81694012.02427296,6105113.427295471,0,38481807.28910578,18459479.772304356,24918719.430150002,39578789.72789832,0,0,806859.929694933,0,0,0,76386295.07234588,52091673.52900192,3102246.24889477,0,0,0,0,0,0,0,0,0,0,0,0,0,0,0,0,0,0,0,0,0,0,0,0,0,0,0,0,0,0,0,0,0,0,0,0,0,0,0,0,0,0,0,0,0,0,0,0,0,0,0
1655424000,17-06-2022,25019952.704286706,52802961.44215153,3658375.806807881,0,27997799.62028405,11499748.689264787,9743681.01311071,14222053.20501376,0,0,526597.1236557487,0,0,403697.20037255046,53870509.9824502,35064660.21055661,0,0,0,0,0,0,0,0,0,0,0,0,0,0,0,0,0,0,0,0,0,0,0,0,0,0,0,0,0,0,0,0,0,0,0,0,0,0,0,0,0,0,0,0,0,0,0,0,0,0,0,0
1655510400,18-06-2022,41805009.825375356,81835209.46108888,5584688.892917416,0,46026055.90004606,21171424.29437815,19062720.83006269,29859885.540966075,0,0,933813.2405583749,0,0,0,109390180.35241479,53347505.51342975,721538.1098085813,0,0,0,0,0,0,0,0,0,0,0,0,0,0,0,0,0,0,0,0,0,0,0,0,0,0,0,0,0,0,0,0,0,0,0,0,0,0,0,0,0,0,0,0,0,0,0,0,0,0,0
1655596800,19-06-2022,39474597.99774877,77643727.60251583,5923313.04231826,0,38141390.05972507,16190511.319067616,15645655.692088958,20501328.257971793,0,0,539694.435085072,0,0,343099.58270625345,83126986.14654176,45226937.799743466,0,0,0,0,0,0,0,0,0,0,0,0,0,0,0,0,0,0,0,0,0,0,0,0,0,0,0,0,0,0,0,0,0,0,0,0,0,0,0,0,0,0,0,0,0,0,0,0,0,0,0,0
1655683200,20-06-2022,35535360.18443271,77142847.05083752,5639639.021063521,0,41105799.86435037,14469080.055139631,8840804.659688478,23024765.969579097,0,0,608631.1581853984,0,0,398392.06503275794,70236891.93761864,45932462.90108357,0,0,0,0,0,0,0,0,0,0,0,0,0,0,0,0,0,0,0,0,0,0,0,0,0,0,0,0,0,0,0,0,0,0,0,0,0,0,0,0,0,0,0,0,0,0,0,0,0,0,0,0
1655769600,21-06-2022,34560245.66399091,67905477.607212,4876898.153847275,0,25158943.68062821,10834683.317138357,7912060.856311552,21775994.892887574,0,0,575982.1506781495,0,0,496281.5373008616,58172896.88928629,40475571.75832159,0,0,0,0,0,0,0,0,0,0,0,0,0,0,0,0,0,0,0,0,0,0,0,0,0,0,0,0,0,0,0,0,0,0,0,0,0,0,0,0,0,0,0,0,0,0,0,0,0,0,0,0
1655856000,22-06-2022,30444358.7155776,60186946.29187362,4515642.009484825,0,25276394.610970996,7240226.688246896,6724528.7028066935,23196706.84637685,0,0,614534.2904974534,0,0,487163.9893506604,54721544.97840143,38057552.85828008,0,0,0,0,0,0,0,0,0,0,0,0,0,0,0,0,0,0,0,0,0,0,0,0,0,0,0,0,0,0,0,0,0,0,0,0,0,0,0,0,0,0,0,0,0,0,0,0,0,0,0,0
1655942400,23-06-2022,29034613.378368903,59384776.218324564,3972364.3740214175,0,24370175.312927872,9024487.160619777,5827953.920224032,24694780.409460887,0,0,440181.1640543372,0,0,428023.08071668434,47317076.29969482,33011965.777689766,0,0,0,0,0,0,0,0,0,0,0,0,0,0,0,0,0,0,0,0,0,0,0,0,0,0,0,0,0,0,0,0,0,0,0,0,0,0,0,0,0,0,0,0,0,0,0,0,0,0,0,0
1656028800,24-06-2022,27792040.656641517,60007254.15518392,3436666.6882823566,0,20281234.13180844,7947949.481915053,6032215.038537585,29324540.11813987,0,0,693950.6478452263,0,0,443782.607881328,48622701.15864315,34666955.86170103,0,0,0,0,0,0,0,0,0,0,0,0,0,0,0,0,0,0,0,0,0,0,0,0,0,0,0,0,0,0,0,0,0,0,0,0,0,0,0,0,0,0,0,0,0,0,0,0,0,0,0,0
1656115200,25-06-2022,20930478.056789566,57245455.98891182,2551804.299321974,0,22614077.087049883,8179030.221271485,3587560.81340567,23795144.081901684,0,0,328683.69590389356,0,0,413550.3270574928,44878416.08973494,26388500.3894866,0,0,0,0,0,0,0,0,0,0,0,0,0,0,0,0,0,0,0,0,0,0,0,0,0,0,0,0,0,0,0,0,0,0,0,0,0,0,0,0,0,0,0,0,0,0,0,0,0,0,0,0
1656201600,26-06-2022,20937403.618289776,58011899.1250721,2439687.067767965,0,20698599.598579194,5386765.512306252,3177798.7283109357,26990244.566220473,0,0,415222.0948047036,0,0,333972.5632881111,29614237.245254505,18779710.665082004,0,0,0,0,0,0,0,0,0,0,0,0,0,0,0,0,0,0,0,0,0,0,0,0,0,0,0,0,0,0,0,0,0,0,0,0,0,0,0,0,0,0,0,0,0,0,0,0,0,0,0,0
1656288000,27-06-2022,18984436.178934883,42368041.36300143,2270545.802569119,0,17963813.09180557,5206426.236233535,3563849.684081054,18011136.91109223,0,0,378441.7570989833,0,0,351775.4451137404,32945724.326240856,21104744.245302893,0,0,0,0,0,0,0,0,0,0,0,0,0,0,0,0,0,0,0,0,0,0,0,0,0,0,0,0,0,0,0,0,0,0,0,0,0,0,0,0,0,0,0,0,0,0,0,0,0,0,0,0
1656374400,28-06-2022,23511676.585743207,45260564.97304561,2673763.046732081,0,25648241.359621063,7404201.279884687,4057698.982907143,21090552.43162878,0,0,357024.6333937426,0,0,448908.13434805395,32682582.186173126,20888661.289295692,0,0,0,0,0,0,0,0,0,0,0,0,0,0,0,0,0,0,0,0,0,0,0,0,0,0,0,0,0,0,0,0,0,0,0,0,0,0,0,0,0,0,0,0,0,0,0,0,0,0,0,0
1656460800,29-06-2022,28535579.62883887,56914929.44835014,3642919.272138553,0,32635156.90956131,13028448.994112032,5234710.470411767,24425326.318739504,0,0,528471.3307870234,0,0,674697.7279215265,69223442.07206817,46291798.580159985,0,0,0,0,0,0,0,0,0,0,0,0,0,0,0,0,0,0,0,0,0,0,0,0,0,0,0,0,0,0,0,0,0,0,0,0,0,0,0,0,0,0,0,0,0,0,0,0,0,0,0,0
1656547200,30-06-2022,25180129.092694297,42666920.55285872,3194760.1842047567,0,22727825.36904661,7536033.692253584,6548526.1091726255,18520023.94119495,0,0,1170107.6846854934,0,0,0,37440441.64766644,24177621.975956727,0,4836460.301370334,0,0,0,0,0,0,0,0,0,0,0,0,0,0,0,0,0,0,0,0,0,0,0,0,0,0,0,0,0,0,0,0,0,0,0,0,0,0,0,0,0,0,0,0,0,0,0,0,0,0
1656633600,01-07-2022,24942841.192225292,39690718.98444912,3055893.5797468238,0,25557897.976494484,5246575.117312397,7139876.213341102,17764728.49664016,0,0,1134417.4330248535,0,0,0,39874932.82711224,26837421.985699736,0,4444936.825338224,0,0,0,0,0,0,0,0,0,0,0,0,0,0,0,0,0,0,0,0,0,0,0,0,0,0,0,0,0,0,0,0,0,0,0,0,0,0,0,0,0,0,0,0,0,0,0,0,0,0
1656720000,02-07-2022,14454705.22377077,22978374.636184122,1819456.6680333938,0,25605753.94747265,7219032.64885343,3151352.104166559,16028406.875921167,0,0,1280757.5736477328,0,0,0,25930466.07566695,19436788.34375411,0,4302850.913338661,0,0,0,0,0,0,0,0,0,0,0,0,0,0,0,0,0,0,0,0,0,0,0,0,0,0,0,0,0,0,0,0,0,0,0,0,0,0,0,0,0,0,0,0,0,0,0,0,0,0
1656806400,03-07-2022,11846753.77686357,18701422.054859556,1099535.0694992961,0,16459820.41900372,6167180.683941277,4730820.319165631,0,0,0,556113.9611614282,0,0,612444.6644730909,27752520.489383303,21570193.020012617,0,4294781.478534915,0,0,0,0,0,0,0,0,0,0,0,0,0,0,0,0,0,0,0,0,0,0,0,0,0,0,0,0,0,0,0,0,0,0,0,0,0,0,0,0,0,0,0,0,0,0,0,0,0,0
1656892800,04-07-2022,18803107.906689305,29199837.26573746,2060034.6805213206,0,16555901.655681131,5016056.288622032,4755283.719846688,0,0,0,383089.36810054106,0,0,949542.0667720581,29973838.679513197,19354356.544704817,0,3818687.9310878417,0,0,0,0,0,0,0,0,0,0,0,0,0,0,0,0,0,0,0,0,0,0,0,0,0,0,0,0,0,0,0,0,0,0,0,0,0,0,0,0,0,0,0,0,0,0,0,0,0,0
1656979200,05-07-2022,20781266.016736582,37357914.23570582,2687610.7456741016,0,21972076.434144378,5904483.272934043,4419744.0352298245,0,0,0,254721.53436608706,0,0,956129.0973661846,33232575.5352374,21755511.856416002,0,3911272.5280155516,0,0,0,0,0,0,0,0,0,0,0,0,0,0,0,0,0,0,0,0,0,0,0,0,0,0,0,0,0,0,0,0,0,0,0,0,0,0,0,0,0,0,0,0,0,0,0,0,0,0
1657065600,06-07-2022,23408760.22893309,44026455.40079899,2714098.475323768,0,25525832.656997517,7693794.509217442,5040224.360375901,0,0,0,354064.4457781989,0,0,874437.1336036723,36344855.7903009,23963890.52243974,0,4134073.2678376604,0,0,0,0,0,0,0,0,0,0,0,0,0,0,0,0,0,0,0,0,0,0,0,0,0,0,0,0,0,0,0,0,0,0,0,0,0,0,0,0,0,0,0,0,0,0,0,0,0,0
1657152000,07-07-2022,17076339.499305658,28546971.83819908,1270443.370861206,0,19947932.039854594,7455416.112705818,3593760.257590363,0,0,0,282924.4304843357,0,0,849752.5147468843,25421634.32020792,15203395.7713523,0,4145796.4710389148,0,0,0,0,0,0,0,0,0,0,0,0,0,0,0,0,0,0,0,0,0,0,0,0,0,0,0,0,0,0,0,0,0,0,0,0,0,0,0,0,0,0,0,0,0,0,0,0,0,0
1657238400,08-07-2022,23773970.38730745,44457452.783034876,2261148.819850093,0,28849460.649781868,7438277.442249675,5799370.64042743,0,0,0,364357.76249537664,0,0,849992.5482602416,44229911.961485304,22668138.82278054,0,2881496.4446571367,0,0,0,0,0,0,0,0,0,0,0,0,0,0,0,0,0,0,0,0,0,0,0,0,0,0,0,0,0,0,0,0,0,0,0,0,0,0,0,0,0,0,0,0,0,0,0,0,0,0
1657324800,09-07-2022,18160992.48232491,22093540.589240797,898208.2525321383,0,14554768.314914498,3309977.42182326,2648336.3290267903,0,0,0,593102.5375253281,0,0,526721.07478647,18667606.07117622,11776679.220250202,0,3705940.4685944533,0,0,0,0,0,0,0,0,0,0,0,0,0,0,0,0,0,0,0,0,0,0,0,0,0,0,0,0,0,0,0,0,0,0,0,0,0,0,0,0,0,0,0,0,0,0,0,0,0,0
1657411200,10-07-2022,11853507.84035218,15506896.911507254,708840.2745409827,0,13306943.876666693,2560284.316057541,1998320.4657844757,0,0,0,286318.20746049675,0,0,557035.0410401331,14121328.003089773,8739119.523690686,0,3156618.6533955443,0,0,0,0,0,0,0,0,0,0,0,0,0,0,0,0,0,0,0,0,0,0,0,0,0,0,0,0,0,0,0,0,0,0,0,0,0,0,0,0,0,0,0,0,0,0,0,0,0,0
1657497600,11-07-2022,16310501.091249943,23064443.205229245,1395149.5490816974,0,15952883.270396873,4004440.1727306684,4150507.203326582,0,0,0,390418.2590195693,0,0,675150.1418986246,23980775.583336394,14704239.1722522,0,3672021.0992059624,0,0,0,0,0,0,0,0,0,0,0,0,0,0,0,0,0,0,0,0,0,0,0,0,0,0,0,0,0,0,0,0,0,0,0,0,0,0,0,0,0,0,0,0,0,0,0,0,0,0
1657584000,12-07-2022,17034147.129217535,23440982.02531628,1491294.1769576198,0,15180388.151407292,4200421.3643591935,3083917.793083537,0,0,0,406197.90908320295,0,0,831314.536084663,29091874.85031088,17472692.280633386,0,3110654.539601261,0,0,0,0,0,0,0,0,0,0,0,0,0,0,0,0,0,0,0,0,0,0,0,0,0,0,0,0,0,0,0,0,0,0,0,0,0,0,0,0,0,0,0,0,0,0,0,0,0,0
1657670400,13-07-2022,22635644.97328236,29234606.318754345,1949612.9437563969,0,18369512.353309892,5481287.313930922,6144381.111709401,0,0,0,548049.6078725972,0,0,826406.0461023124,27695569.11121664,16633716.782308849,0,4257456.589519524,0,0,0,0,0,0,0,0,0,0,0,0,0,0,0,0,0,0,0,0,0,0,0,0,0,0,0,0,0,0,0,0,0,0,0,0,0,0,0,0,0,0,0,0,0,0,0,0,0,0
1657756800,14-07-2022,31933073.017781157,28807910.695186276,1537577.8312539933,0,18792072.254776184,5657791.477057711,4530037.320486481,0,0,0,898744.0173317483,0,0,0,30986229.952574976,17660365.3902308,0,3340736.213982609,1527916.7283006608,0,0,0,0,0,0,0,0,0,0,0,0,0,0,0,0,0,0,0,0,0,0,0,0,0,0,0,0,0,0,0,0,0,0,0,0,0,0,0,0,0,0,0,0,0,0,0,0,0
1657843200,15-07-2022,23533482.98506368,40378801.15259443,2101172.3086827197,0,47034137.57088975,9125479.120242856,4243381.747623825,0,0,0,434656.35894000746,0,0,1265411.3861507932,30468819.58135222,18850522.18236789,0,2794751.819575651,0,0,0,0,0,0,0,0,0,0,0,0,0,0,0,0,0,0,0,0,0,0,0,0,0,0,0,0,0,0,0,0,0,0,0,0,0,0,0,0,0,0,0,0,0,0,0,0,0,0
1657929600,16-07-2022,29885306.857669275,36355789.53834545,1729948.9213784253,0,23686053.15023403,7282380.882408974,4759712.634056232,0,0,0,1115036.0732320596,0,0,0,42926443.41071964,23479803.39088304,0,3064717.9172781105,1108851.3864027583,0,0,0,0,0,0,0,0,0,0,0,0,0,0,0,0,0,0,0,0,0,0,0,0,0,0,0,0,0,0,0,0,0,0,0,0,0,0,0,0,0,0,0,0,0,0,0,0,0
1658016000,17-07-2022,20216996.391755186,39341604.676487505,2057864.193098699,0,21436641.74149685,6525892.047352317,4133353.3303740406,0,0,0,352823.9210516162,0,0,1014087.9074058009,25175448.578967653,14508475.790424928,0,2810372.326541949,0,0,0,0,0,0,0,0,0,0,0,0,0,0,0,0,0,0,0,0,0,0,0,0,0,0,0,0,0,0,0,0,0,0,0,0,0,0,0,0,0,0,0,0,0,0,0,0,0,0
1658102400,18-07-2022,31172909.53652396,53461884.98085988,2709779.9220435726,0,29955505.773801208,8078819.960343007,6965581.0687772,0,0,0,1075465.002840506,0,0,1101840.603356874,38180441.809141316,24649006.633401383,0,3498214.0695269527,0,0,0,0,0,0,0,0,0,0,0,0,0,0,0,0,0,0,0,0,0,0,0,0,0,0,0,0,0,0,0,0,0,0,0,0,0,0,0,0,0,0,0,0,0,0,0,0,0,0
1658188800,19-07-2022,37774385.920891814,82637553.2059657,4964132.591291457,0,47288423.66044462,12216327.946987892,11899952.25900305,0,0,0,722400.4442141908,0,0,711425.9408158319,66126502.701318316,47187026.375775486,0,4272181.8436676795,0,0,0,0,0,0,0,0,0,0,0,0,0,0,0,0,0,0,0,0,0,0,0,0,0,0,0,0,0,0,0,0,0,0,0,0,0,0,0,0,0,0,0,0,0,0,0,0,0,0
1658275200,20-07-2022,29457846.359573767,53802786.36920677,3460574.992235087,0,28445412.72713953,7921897.219556695,5448448.150934394,0,0,0,752013.6572120289,0,0,719830.7607010123,55403635.54959686,39376441.642833814,0,2877875.528740832,0,0,0,0,0,0,0,0,0,0,0,0,0,0,0,0,0,0,0,0,0,0,0,0,0,0,0,0,0,0,0,0,0,0,0,0,0,0,0,0,0,0,0,0,0,0,0,0,0,0
1658361600,21-07-2022,27922816.743014343,52687253.96684337,3478745.5770777194,0,27397006.648266938,9768048.446006153,5933328.116646143,0,0,0,1332439.476949071,0,0,0,56392792.44330309,40354509.69326536,0,2200397.837529741,16459308.584417406,0,0,0,0,0,0,0,0,0,0,0,0,0,0,0,0,0,0,0,0,0,0,0,0,0,0,0,0,0,0,0,0,0,0,0,0,0,0,0,0,0,0,0,0,0,0,0,0,0
1658448000,22-07-2022,19550713.695603438,35501847.78776139,2130502.437957856,0,18809921.038285237,5570972.938696857,4068644.818810393,0,0,0,516682.2153293983,0,0,667265.5510372968,35994046.87964715,27548384.779776827,0,2147346.5586247602,0,0,0,0,0,0,0,0,0,0,0,0,0,0,0,0,0,0,0,0,0,0,0,0,0,0,0,0,0,0,0,0,0,0,0,0,0,0,0,0,0,0,0,0,0,0,0,0,0,0
1658534400,23-07-2022,18370913.37115497,38250538.69623285,1905068.4392945298,0,18783508.699545324,5187886.345880177,2786338.596636893,0,0,0,416666.65598287527,0,0,969939.4644330083,32951244.83209719,23190233.826763146,0,11022418.34434272,0,0,0,0,0,0,0,0,0,0,0,0,0,0,0,0,0,0,0,0,0,0,0,0,0,0,0,0,0,0,0,0,0,0,0,0,0,0,0,0,0,0,0,0,0,0,0,0,0,0
1658620800,24-07-2022,16058116.448551362,26089350.044979937,1598066.762917636,0,8278045.718652986,3469496.0102970465,2358326.668874455,0,0,0,856876.7929527094,0,0,781868.9521801095,28723380.20235554,20167501.02405794,0,4739053.44188464,0,0,0,0,0,0,0,0,0,0,0,0,0,0,0,0,0,0,0,0,0,0,0,0,0,0,0,0,0,0,0,0,0,0,0,0,0,0,0,0,0,0,0,0,0,0,0,0,0,0
1658707200,25-07-2022,18249530.103546865,33463315.826686833,2100477.2442819923,0,14929785.442795236,4514071.946977783,3614576.9595667357,0,0,0,532890.9125483746,0,0,1137570.0636405123,41475868.219277434,31284412.166391578,0,2951336.226499874,0,0,0,0,0,0,0,0,0,0,0,0,0,0,0,0,0,0,0,0,0,0,0,0,0,0,0,0,0,0,0,0,0,0,0,0,0,0,0,0,0,0,0,0,0,0,0,0,0,0
1658793600,26-07-2022,18156442.71277599,25097615.448188096,2044337.7177798469,0,15890071.84621772,3887483.4485818953,4755048.592428242,0,0,0,841781.2786941695,0,0,1147147.9013849641,37155590.32361615,29251094.396047547,0,1721584.976330553,0,0,0,0,0,0,0,0,0,0,0,0,0,0,0,0,0,0,0,0,0,0,0,0,0,0,0,0,0,0,0,0,0,0,0,0,0,0,0,0,0,0,0,0,0,0,0,0,0,0
1658880000,27-07-2022,20220369.23972152,35783978.63523325,2017342.514770374,0,15125056.148093676,4782448.600232393,6448596.318205079,0,0,0,521594.89206977095,0,0,1118864.801890273,45759899.137115166,34915448.58759622,0,1835439.6518941144,0,0,0,0,0,0,0,0,0,0,0,0,0,0,0,0,0,0,0,0,0,0,0,0,0,0,0,0,0,0,0,0,0,0,0,0,0,0,0,0,0,0,0,0,0,0,0,0,0,0
1658966400,28-07-2022,26421050.467364885,50679366.797267504,3019404.7413367913,0,38559288.02753975,7684201.342938421,6653955.56031144,0,0,0,1091803.114546201,0,0,1110330.4140417685,69054252.43773878,50593384.94690687,0,3430071.5383254997,0,0,0,0,0,0,0,0,0,0,0,0,0,0,0,0,0,0,0,0,0,0,0,0,0,0,0,0,0,0,0,0,0,0,0,0,0,0,0,0,0,0,0,0,0,0,0,0,0,0
1659052800,29-07-2022,24633155.157441758,46530847.03291164,2899323.7831239915,0,13855635.009138895,5492068.561718066,4366209.914071342,0,0,0,500828.1471578027,0,0,800414.3537062772,57055983.391559854,41868819.08151898,0,1787353.3969196489,0,0,0,0,0,0,0,0,0,0,0,0,0,0,0,0,0,0,0,0,0,0,0,0,0,0,0,0,0,0,0,0,0,0,0,0,0,0,0,0,0,0,0,0,0,0,0,0,0,0
1659139200,30-07-2022,23258410.58742712,46899705.11707115,2756288.0599766816,0,15327516.61299237,5889916.550755543,6819186.330618269,0,0,0,622952.3421804856,0,0,474504.9408496051,50009897.86042053,39927326.240711905,0,1919636.7457024637,0,0,0,0,0,0,0,0,0,0,0,0,0,0,0,0,0,0,0,0,0,0,0,0,0,0,0,0,0,0,0,0,0,0,0,0,0,0,0,0,0,0,0,0,0,0,0,0,0,0
1659225600,31-07-2022,19715801.62037372,32292619.139558583,1992956.3659029584,0,12291183.20663691,4111629.7786013084,3831628.8521844298,0,0,0,689884.5546135722,0,0,0,36193869.0409318,27973165.663915433,0,2042564.7461442705,700075.2730315195,0,0,0,0,0,0,0,0,0,0,0,0,0,0,0,0,0,0,0,0,0,0,0,0,0,0,0,0,0,0,0,0,0,0,0,0,0,0,0,0,0,0,0,0,0,0,0,0,0
1659312000,01-08-2022,17322753.01389812,31986609.13839871,1771292.9086191026,0,13621397.300942603,3728240.7874602177,3205045.996095787,0,0,0,1058864.380459434,0,0,0,34693141.74543035,25727519.549412794,0,1546775.1708663434,784206.7778065774,0,0,0,0,0,0,0,0,0,0,0,0,0,0,0,0,0,0,0,0,0,0,0,0,0,0,0,0,0,0,0,0,0,0,0,0,0,0,0,0,0,0,0,0,0,0,0,0,0
1659398400,02-08-2022,17959942.2998339,37464075.517337605,1908116.6086128396,0,17115878.896319296,4596506.499115853,2956562.457684539,0,0,0,702538.8613023865,0,0,885050.8265481957,42800102.65899448,29475235.354945622,0,1477201.6736891943,0,0,0,0,0,0,0,0,0,0,0,0,0,0,0,0,0,0,0,0,0,0,0,0,0,0,0,0,0,0,0,0,0,0,0,0,0,0,0,0,0,0,0,0,0,0,0,0,0,0
1659484800,03-08-2022,32718241.936917495,59860985.09666815,3137805.3448147895,0,43191053.49999081,13079948.4450519,8615923.409839526,0,0,0,1903503.308705953,0,0,0,67524805.35058141,57328211.60038641,0,2199527.88856868,4668651.767662355,0,0,0,0,0,0,0,0,0,0,0,0,0,0,0,0,0,0,0,0,0,0,0,0,0,0,0,0,0,0,0,0,0,0,0,0,0,0,0,0,0,0,0,0,0,0,0,0,0
1659571200,04-08-2022,13922921.85845255,24446665.895933688,1455672.4604207282,0,13586132.252943667,2727675.5099760266,1898710.5249505907,0,0,0,828843.2278016388,0,0,578494.5788367245,30778267.533319406,22732083.24615448,0,1352340.5174310629,0,0,0,0,0,0,0,0,0,0,0,0,0,0,0,0,0,0,0,0,0,0,0,0,0,0,0,0,0,0,0,0,0,0,0,0,0,0,0,0,0,0,0,0,0,0,0,0,0,0
1659657600,05-08-2022,13099736.189346226,28974270.126215756,1485874.755476171,0,14488709.53865252,3326166.313798017,2334613.363219222,0,0,0,1071454.392724876,0,0,940417.3224291732,27691178.969741374,19564768.866728287,0,1102684.6226705129,0,0,0,0,0,0,0,0,0,0,0,0,0,0,0,0,0,0,0,0,0,0,0,0,0,0,0,0,0,0,0,0,0,0,0,0,0,0,0,0,0,0,0,0,0,0,0,0,0,0
1659744000,06-08-2022,10739255.123414181,11270551.873997884,535672.0881895422,0,10845951.52909665,2107939.8298241296,1014764.9703122382,0,0,0,272732.5330293475,0,0,492050.57680428337,13370374.626792785,9380164.90302339,0,1012957.102994299,0,0,0,0,0,0,0,0,0,0,0,0,0,0,0,0,0,0,0,0,0,0,0,0,0,0,0,0,0,0,0,0,0,0,0,0,0,0,0,0,0,0,0,0,0,0,0,0,0,0
1659830400,07-08-2022,7647843.818214839,13611870.381722596,631334.9010115335,0,8634431.432794623,2346731.512607337,1148935.904124558,0,0,0,251866.25153904821,0,0,648681.985041124,12171481.17469372,8874008.458825365,0,1091364.9888559696,0,0,0,0,0,0,0,0,0,0,0,0,0,0,0,0,0,0,0,0,0,0,0,0,0,0,0,0,0,0,0,0,0,0,0,0,0,0,0,0,0,0,0,0,0,0,0,0,0,0
1659916800,08-08-2022,12614242.940535706,27798477.649940755,1250615.549128077,0,14446603.00840744,4664416.511247399,2657037.771027562,0,0,0,390522.08719039656,0,0,481949.9519216225,25818492.607995227,18754884.86538274,0,2465529.0968161463,0,0,0,0,0,0,0,0,0,0,0,0,0,0,0,0,0,0,0,0,0,0,0,0,0,0,0,0,0,0,0,0,0,0,0,0,0,0,0,0,0,0,0,0,0,0,0,0,0,0
1660003200,09-08-2022,10478583.710135758,23814582.339300465,1133301.3942376417,0,7808005.360415463,4238505.964177655,1699578.2920397436,0,0,0,854273.8483676689,0,0,0,20153144.182677113,14054072.373829704,0,2119861.647806548,582446.6815393153,0,0,0,0,0,0,0,0,0,0,0,0,0,0,0,0,0,0,0,0,0,0,0,0,0,0,0,0,0,0,0,0,0,0,0,0,0,0,0,0,0,0,0,0,0,0,0,0,0
1660089600,10-08-2022,16021072.404248705,40840613.20950101,1620837.8293615181,0,30326909.131513238,8385172.511349129,3690573.568164002,0,0,0,824051.8724904255,0,0,0,46224295.482036576,32867384.41373568,0,2010938.023721686,7746055.1566764265,0,0,0,0,0,0,0,0,0,0,0,0,0,0,0,0,0,0,0,0,0,0,0,0,0,0,0,0,0,0,0,0,0,0,0,0,0,0,0,0,0,0,0,0,0,0,0,0,0
1660176000,11-08-2022,29694128.761379257,42363326.03185655,2050175.7271892754,0,16542890.80641125,6583466.728576506,5207206.413679312,0,0,0,607769.677454745,0,0,513927.9567790431,40491112.067250356,28774678.891674396,0,1913816.51915537,0,0,0,0,0,0,0,0,0,0,0,0,0,0,0,0,0,0,0,0,0,0,0,0,0,0,0,0,0,0,0,0,0,0,0,0,0,0,0,0,0,0,0,0,0,0,0,0,0,0
1660262400,12-08-2022,16569197.94558327,36738795.182556644,1415737.1761309248,0,13315935.928341098,5493856.349333153,2364277.3446335276,0,0,0,440344.79156591574,0,0,376297.800455181,30290277.00238765,21691071.04981423,0,1461834.0401428915,0,0,0,0,0,0,0,0,0,0,0,0,0,0,0,0,0,0,0,0,0,0,0,0,0,0,0,0,0,0,0,0,0,0,0,0,0,0,0,0,0,0,0,0,0,0,0,0,0,0
1660348800,13-08-2022,14877009.589767344,37888145.9027272,1729112.1730262607,0,17137077.969710506,6693874.648060828,4404275.1466617575,0,0,0,411932.30272940773,0,0,476404.80855961173,45311570.43810433,28360521.01009416,0,1904157.5500100418,0,0,0,0,0,0,0,0,0,0,0,0,0,0,0,0,0,0,0,0,0,0,0,0,0,0,0,0,0,0,0,0,0,0,0,0,0,0,0,0,0,0,0,0,0,0,0,0,0,0
1660435200,14-08-2022,16252095.223873707,29119805.71066794,1428796.5669620177,0,13544945.040168988,6843159.645170949,1734681.512971376,0,0,0,922201.0293407831,0,0,0,44865786.07392805,27778771.703280352,0,1511893.59999578,591271.063997526,0,0,0,0,0,0,0,0,0,0,0,0,0,0,0,0,0,0,0,0,0,0,0,0,0,0,0,0,0,0,0,0,0,0,0,0,0,0,0,0,0,0,0,0,0,0,0,0,0
1660521600,15-08-2022,16280531.023233129,36003745.96746621,2159229.938733926,0,19095970.217230976,8251895.121853953,3381243.5748157464,0,0,0,882055.9689419715,0,0,0,46456742.231856406,32330787.757653806,0,2214908.269082288,11626810.022916548,0,0,0,0,0,0,0,0,0,0,0,0,0,0,0,0,0,0,0,0,0,0,0,0,0,0,0,0,0,0,0,0,0,0,0,0,0,0,0,0,0,0,0,0,0,0,0,0,0
1660608000,16-08-2022,13506300.496928971,28711991.19455617,1706996.0851702413,0,15303996.069921805,5726854.071567257,4170256.105401194,0,0,0,880321.8772313836,0,0,0,35081640.085477665,22869695.42163155,0,2161973.588663921,4388752.132491421,0,0,0,0,0,0,0,0,0,0,0,0,0,0,0,0,0,0,0,0,0,0,0,0,0,0,0,0,0,0,0,0,0,0,0,0,0,0,0,0,0,0,0,0,0,0,0,0,0
1660694400,17-08-2022,13644787.554469075,29288526.547633346,1591358.0430465192,0,11844407.687280245,6656554.695491378,5943537.539910799,0,0,0,896861.3990762205,0,0,0,33759428.083226085,22688353.707164556,0,1935322.8566674837,9578541.651236814,0,0,0,0,0,0,0,0,0,0,0,0,0,0,0,0,0,0,0,0,0,0,0,0,0,0,0,0,0,0,0,0,0,0,0,0,0,0,0,0,0,0,0,0,0,0,0,0,0
1660780800,18-08-2022,10446638.037077539,22769348.31354792,1023591.6044413915,0,10765442.609706726,5093606.496485278,4005721.2262437204,0,0,0,692643.3225477104,0,0,0,25456047.438680064,17737484.04792497,0,1691138.577140751,1789018.7987242767,0,0,0,0,0,0,0,0,0,0,0,0,0,0,0,0,0,0,0,0,0,0,0,0,0,0,0,0,0,0,0,0,0,0,0,0,0,0,0,0,0,0,0,0,0,0,0,0,0
1660867200,19-08-2022,19039068.094543077,36954396.476651624,2749326.9107152824,0,19502331.765007447,7455496.373856494,12870311.994599055,0,0,0,1110853.4951873382,0,0,0,60777768.935229056,40946648.27454014,0,2424563.279387285,3113552.1016759337,0,0,0,0,0,0,0,0,0,0,0,0,0,0,0,0,0,0,0,0,0,0,0,0,0,0,0,0,0,0,0,0,0,0,0,0,0,0,0,0,0,0,0,0,0,0,0,0,0
1660953600,20-08-2022,25422152.358583465,22953061.131816793,1660515.8644144174,0,20835316.607588805,5111871.434856748,6922241.705520181,0,0,0,595859.5681792985,0,0,432216.8419436804,39085600.4943234,26102550.387172572,0,1359392.4791437616,0,0,0,0,0,0,0,0,0,0,0,0,0,0,0,0,0,0,0,0,0,0,0,0,0,0,0,0,0,0,0,0,0,0,0,0,0,0,0,0,0,0,0,0,0,0,0,0,0,0
1661040000,21-08-2022,13089522.513410872,19975913.099022355,1455514.5717698303,0,11906332.251434952,4536109.163680436,4466454.822283284,0,0,0,887337.7928780463,0,0,509819.11808307143,38025518.4744463,26420109.095247924,0,1397295.2677014936,0,0,0,0,0,0,0,0,0,0,0,0,0,0,0,0,0,0,0,0,0,0,0,0,0,0,0,0,0,0,0,0,0,0,0,0,0,0,0,0,0,0,0,0,0,0,0,0,0,0
1661126400,22-08-2022,15247178.472093796,26179705.75634029,1960130.9121024602,0,19727970.05775827,6816662.679918141,3759094.1887138383,0,0,0,1231545.1794328436,0,0,0,43548635.482768685,27163549.39660198,0,1258567.6354370203,631312.3232205753,0,0,0,0,0,0,0,0,0,0,0,0,0,0,0,0,0,0,0,0,0,0,0,0,0,0,0,0,0,0,0,0,0,0,0,0,0,0,0,0,0,0,0,0,0,0,0,0,0
1661212800,23-08-2022,10182937.756192058,18230555.703325626,1219665.4225746475,0,14127453.53503546,3916826.3117825594,3267359.4633836104,0,0,0,651899.6526101617,0,0,0,22715933.143414386,15480854.074962733,0,1106794.0761140306,1067672.256996071,0,0,0,0,0,0,0,0,0,0,0,0,0,0,0,0,0,0,0,0,0,0,0,0,0,0,0,0,0,0,0,0,0,0,0,0,0,0,0,0,0,0,0,0,0,0,0,0,0
1661299200,24-08-2022,10213272.071328351,18520352.63751918,1161130.0935120648,0,10990775.107447635,3691913.6343235653,3677063.9458196023,0,0,0,621732.2970618266,0,0,0,19477825.685788147,13455986.640271872,0,1012419.555343297,400221.40217819833,0,0,0,0,0,0,0,0,0,0,0,0,0,0,0,0,0,0,0,0,0,0,0,0,0,0,0,0,0,0,0,0,0,0,0,0,0,0,0,0,0,0,0,0,0,0,0,0,0
1661385600,25-08-2022,9908852.945467383,17354781.431174826,859824.7399580315,0,13622040.236345496,2787272.746828936,2605259.299347695,0,0,0,900267.8590789567,0,0,0,18622859.713811815,12400640.619839083,0,999176.3349235315,463811.8270989556,0,0,0,0,0,0,0,0,0,0,0,0,0,0,0,0,0,0,0,0,0,0,0,0,0,0,0,0,0,0,0,0,0,0,0,0,0,0,0,0,0,0,0,0,0,0,0,0,0
1661472000,26-08-2022,21449968.996346228,34232462.98878202,2029258.674115557,0,19682759.317178935,10153571.151438313,11046373.634156404,0,0,0,1226653.166401194,0,0,0,59242212.413161874,40349217.12792554,0,1064633.8876389281,1070398.7982566745,0,0,0,0,0,0,0,0,0,0,0,0,0,0,0,0,0,0,0,0,0,0,0,0,0,0,0,0,0,0,0,0,0,0,0,0,0,0,0,0,0,0,0,0,0,0,0,0,0
1661558400,27-08-2022,10730823.993989773,14237332.52242146,1129256.7983641454,0,10891635.26401449,3829156.6915759025,3355107.820921447,0,0,0,871483.539611874,0,0,486766.97364688385,24794601.38741343,18237509.982306063,0,984363.612304434,0,0,0,0,0,0,0,0,0,0,0,0,0,0,0,0,0,0,0,0,0,0,0,0,0,0,0,0,0,0,0,0,0,0,0,0,0,0,0,0,0,0,0,0,0,0,0,0,0,0
1661644800,28-08-2022,9039090.091373233,13657875.166551,924781.187334968,0,8424434.35405979,2587480.453491063,3260189.339571448,0,0,0,631215.4277297342,0,0,389972.85507094953,16971589.589914676,11818201.673861675,0,966116.1173729537,0,0,0,0,0,0,0,0,0,0,0,0,0,0,0,0,0,0,0,0,0,0,0,0,0,0,0,0,0,0,0,0,0,0,0,0,0,0,0,0,0,0,0,0,0,0,0,0,0,0
1661731200,29-08-2022,12146671.058958242,20675674.346085474,1235812.9839637254,0,13943301.360086014,4175064.1614006096,5703284.081960674,0,0,0,495948.6198968629,0,0,508680.2732200351,23608017.269994363,16840138.1241994,0,1056273.492196111,0,0,0,0,0,0,0,0,0,0,0,0,0,0,0,0,0,0,0,0,0,0,0,0,0,0,0,0,0,0,0,0,0,0,0,0,0,0,0,0,0,0,0,0,0,0,0,0,0,0
1661817600,30-08-2022,13776560.605230626,29099925.116822906,1437994.975059713,0,11411479.18215146,4412635.9034388615,6835344.5628080955,0,0,0,772264.894230607,0,0,516727.53158102895,33217208.305252817,21875851.445879284,0,989367.1615554413,0,0,0,0,0,0,0,0,0,0,0,0,0,0,0,0,0,0,0,0,0,0,0,0,0,0,0,0,0,0,0,0,0,0,0,0,0,0,0,0,0,0,0,0,0,0,0,0,0,0
1661904000,31-08-2022,11800317.665809952,24422883.272288114,1434533.8810870054,0,9605362.307533855,3699442.25877943,4619194.373945716,0,0,0,829826.0930599341,0,0,538329.3153770491,24095681.605411652,14459966.94240778,0,1196397.2851927478,0,0,0,0,0,0,0,0,0,0,0,0,0,0,0,0,0,0,0,0,0,0,0,0,0,0,0,0,0,0,0,0,0,0,0,0,0,0,0,0,0,0,0,0,0,0,0,0,0,0
1661990400,01-09-2022,10890862.712417796,22520446.258688465,1144368.2199384957,0,9423500.087069714,4414064.523298655,5469732.835079401,0,0,0,852518.4927118154,0,0,0,35272174.787531525,21023640.934418146,0,820940.1294035874,0,647770.43396834,0,0,0,0,0,0,0,0,0,0,0,0,0,0,0,0,0,0,0,0,0,0,0,0,0,0,0,0,0,0,0,0,0,0,0,0,0,0,0,0,0,0,0,0,0,0,0,0
1662076800,02-09-2022,10048800.296966858,16635455.710170984,884551.9834536703,0,11642843.935806923,3233687.4473937927,3521735.068227031,0,0,0,390382.72709436214,0,0,431758.29184480174,17498637.35247176,11597287.749109708,0,941683.819680381,0,0,0,0,0,0,0,0,0,0,0,0,0,0,0,0,0,0,0,0,0,0,0,0,0,0,0,0,0,0,0,0,0,0,0,0,0,0,0,0,0,0,0,0,0,0,0,0,0,0
1662163200,03-09-2022,5358801.925905786,10899088.261381565,412438.5819976935,0,9020976.100553758,2715149.677116227,1403048.548849892,0,0,0,523968.15539216937,0,0,301462.5812769248,8202195.925963464,5895095.349465231,0,867009.1445205137,0,0,0,0,0,0,0,0,0,0,0,0,0,0,0,0,0,0,0,0,0,0,0,0,0,0,0,0,0,0,0,0,0,0,0,0,0,0,0,0,0,0,0,0,0,0,0,0,0,0
1662249600,04-09-2022,9154880.019029506,17599739.50362595,627600.5127503577,0,9320315.075533934,2003851.8929398917,2269032.331983458,0,0,0,354722.9448140181,0,0,374260.3509620677,10524226.651942065,7299587.775873126,0,845517.3349976338,0,0,0,0,0,0,0,0,0,0,0,0,0,0,0,0,0,0,0,0,0,0,0,0,0,0,0,0,0,0,0,0,0,0,0,0,0,0,0,0,0,0,0,0,0,0,0,0,0,0
1662336000,05-09-2022,7872775.414573096,12608781.171971401,590619.893521498,0,4421568.740125147,1954567.2959659256,2552693.8950086436,0,0,0,686334.8365872107,0,0,0,11314991.57448725,7425169.952434284,0,786749.0792865879,953249.2157026813,0,0,0,0,0,0,0,0,0,0,0,0,0,0,0,0,0,0,0,0,0,0,0,0,0,0,0,0,0,0,0,0,0,0,0,0,0,0,0,0,0,0,0,0,0,0,0,0,0
1662422400,06-09-2022,19886719.316061057,41828090.36540785,1999981.9168420737,0,13014257.087013066,7643255.683956759,10422493.488477208,0,0,0,1662537.0769314524,0,0,0,39470228.517806545,28579925.480339453,0,1151105.412728791,3245649.4570943154,0,0,0,0,0,0,0,0,0,0,0,0,0,0,0,0,0,0,0,0,0,0,0,0,0,0,0,0,0,0,0,0,0,0,0,0,0,0,0,0,0,0,0,0,0,0,0,0,0
1662508800,07-09-2022,11150859.575320847,18595293.71913056,1090585.9263949918,0,8050926.850541584,3595892.0037967563,4392033.902761539,0,0,639964.2442471413,1170989.5265752703,0,0,0,20157543.519380648,15806001.411113363,0,890140.358015627,0,0,0,0,0,0,0,0,0,0,0,0,0,0,0,0,0,0,0,0,0,0,0,0,0,0,0,0,0,0,0,0,0,0,0,0,0,0,0,0,0,0,0,0,0,0,0,0,0,0
1662595200,08-09-2022,13345522.526565274,25130911.21982633,1420246.6879019933,0,7402989.119957925,4595642.894261661,5561586.911668263,0,0,513922.93480373523,746741.1569527288,0,0,0,22924261.349543344,18000499.65918317,0,772489.7575475603,0,0,0,0,0,0,0,0,0,0,0,0,0,0,0,0,0,0,0,0,0,0,0,0,0,0,0,0,0,0,0,0,0,0,0,0,0,0,0,0,0,0,0,0,0,0,0,0,0,0
1662681600,09-09-2022,14767281.498747159,26802630.726161394,1437976.8113589373,0,10606323.525863636,4680954.788152136,5408658.976807421,0,0,577297.826621963,1055844.4021223232,0,0,0,29599923.88594625,22694883.593514733,0,1187119.8229859541,0,0,0,0,0,0,0,0,0,0,0,0,0,0,0,0,0,0,0,0,0,0,0,0,0,0,0,0,0,0,0,0,0,0,0,0,0,0,0,0,0,0,0,0,0,0,0,0,0,0
1662768000,10-09-2022,11820311.600521136,13314248.631962271,785842.1699425611,0,5391459.97897604,2849558.9069921197,2716717.2138555595,0,0,838695.2850501,911432.9041305725,0,0,0,17944344.57745117,12690561.213352911,0,1980810.367685319,0,0,0,0,0,0,0,0,0,0,0,0,0,0,0,0,0,0,0,0,0,0,0,0,0,0,0,0,0,0,0,0,0,0,0,0,0,0,0,0,0,0,0,0,0,0,0,0,0,0
1662854400,11-09-2022,9548779.331173997,15530938.991817232,1027341.3941145411,0,11362033.881352827,3338534.0216336907,3139391.9636219875,0,0,1156741.3386894017,1329735.363931044,0,0,0,19081899.421620548,13193182.478057168,0,918437.2138339381,0,0,0,0,0,0,0,0,0,0,0,0,0,0,0,0,0,0,0,0,0,0,0,0,0,0,0,0,0,0,0,0,0,0,0,0,0,0,0,0,0,0,0,0,0,0,0,0,0,0
1662940800,12-09-2022,17645727.214135095,34833221.89471137,2335908.7582689803,0,39452935.8382698,9650037.09232103,7675159.503883624,0,0,2395575.014760227,986404.7617548701,0,0,0,33041451.14274249,21904608.81098877,0,1024586.6535938778,0,0,0,0,0,0,0,0,0,0,0,0,0,0,0,0,0,0,0,0,0,0,0,0,0,0,0,0,0,0,0,0,0,0,0,0,0,0,0,0,0,0,0,0,0,0,0,0,0,0
1663027200,13-09-2022,21007523.668556757,43719684.88334091,3471882.740936091,0,15153803.083317783,9253904.170270156,12145476.720382037,0,0,0,571909.3433201333,0,0,770379.6514823606,43379507.88245012,28252546.20039972,0,1145480.2008249552,0,0,0,0,0,0,0,0,0,0,0,0,0,0,0,0,0,0,0,0,0,0,0,0,0,0,0,0,0,0,0,0,0,0,0,0,0,0,0,0,0,0,0,0,0,0,0,0,0,0
1663113600,14-09-2022,10025777.124093536,19287893.362213448,1319418.709669075,0,16012334.648204118,4230170.517041817,6284309.542599856,0,0,0,1153154.724285781,0,0,0,26517386.450217757,18774286.283362955,0,881247.3972562979,1022103.552287101,0,0,0,0,0,0,0,0,0,0,0,0,0,0,0,0,0,0,0,0,0,0,0,0,0,0,0,0,0,0,0,0,0,0,0,0,0,0,0,0,0,0,0,0,0,0,0,0,0
1663200000,15-09-2022,12719365.803850174,27883099.644112907,1921554.0692496782,0,10334082.319480808,5500968.463721323,7536134.355743991,0,0,1038196.4397998931,1126121.1876978124,0,0,0,30228995.693725556,21543966.343829084,0,811879.7570427735,0,0,0,0,0,0,0,0,0,0,0,0,0,0,0,0,0,0,0,0,0,0,0,0,0,0,0,0,0,0,0,0,0,0,0,0,0,0,0,0,0,0,0,0,0,0,0,0,0,0
1663286400,16-09-2022,8283847.400588786,19165509.669334,1190000.381947824,0,9505092.157340268,3732277.601235005,5315379.581661608,0,0,0,678803.2823521516,0,0,0,19242002.63057138,12544761.123936374,0,840375.6329934951,857417.4989085768,0,0,0,0,0,0,0,0,0,0,0,0,0,0,0,0,0,0,0,0,0,0,0,0,0,0,0,0,0,0,0,0,0,0,0,0,0,0,0,0,0,0,0,0,0,0,0,0,0
1663372800,17-09-2022,5434846.67111013,9689898.316065047,568217.1839230177,0,5900019.369437785,3021530.74643041,2269006.689795897,0,0,0,398571.76743562357,0,0,248844.4430715245,17083909.578814257,9580783.57089203,0,680332.8650805671,0,0,0,0,0,0,0,0,0,0,0,0,0,0,0,0,0,0,0,0,0,0,0,0,0,0,0,0,0,0,0,0,0,0,0,0,0,0,0,0,0,0,0,0,0,0,0,0,0,0
1663459200,18-09-2022,8910348.161390984,14210405.121682517,1170680.5509391625,0,8642330.26091211,3684355.911471542,4038202.1430005934,0,0,0,674917.1340991925,0,0,0,50340514.91411373,26129847.17252283,0,756540.1809007608,506889.87478686275,0,0,0,0,0,0,0,0,0,0,0,0,0,0,0,0,0,0,0,0,0,0,0,0,0,0,0,0,0,0,0,0,0,0,0,0,0,0,0,0,0,0,0,0,0,0,0,0,0
1663545600,19-09-2022,13144199.832736563,19978222.235434707,1763981.1913051903,0,11141392.759637471,6407763.991861679,4385678.364439117,0,0,0,803936.1404132432,0,0,471271.20943825727,92005548.2262899,45648228.09180695,0,888590.263294332,0,0,0,0,0,0,0,0,0,0,0,0,0,0,0,0,0,0,0,0,0,0,0,0,0,0,0,0,0,0,0,0,0,0,0,0,0,0,0,0,0,0,0,0,0,0,0,0,0,0
1663632000,20-09-2022,9333976.666457972,15928050.718423631,1219261.8488346632,0,7058871.5364272315,4324830.056311159,2819046.0579580464,0,0,0,607856.3840275767,0,0,487205.1015382344,31606636.854486823,22110905.83291789,0,816166.9320423574,0,0,0,0,0,0,0,0,0,0,0,0,0,0,0,0,0,0,0,0,0,0,0,0,0,0,0,0,0,0,0,0,0,0,0,0,0,0,0,0,0,0,0,0,0,0,0,0,0,0
1663718400,21-09-2022,15125608.477441695,30761232.076839805,2440998.3023792887,0,11171408.652765814,7112855.223413943,7770216.751594135,0,0,0,799536.01255942,0,0,688137.558935037,48291747.53753294,37886539.0309017,0,857341.3213339897,0,0,0,0,0,0,0,0,0,0,0,0,0,0,0,0,0,0,0,0,0,0,0,0,0,0,0,0,0,0,0,0,0,0,0,0,0,0,0,0,0,0,0,0,0,0,0,0,0,0
1663804800,22-09-2022,8083734.137747718,20144133.604779318,1054900.0269904872,0,7937932.533675948,4174959.407208952,2911560.621943546,0,0,0,942364.7517864597,0,0,533709.5398535343,31019240.22624014,23222034.882152043,0,673611.3439570002,0,0,0,0,0,0,0,0,0,0,0,0,0,0,0,0,0,0,0,0,0,0,0,0,0,0,0,0,0,0,0,0,0,0,0,0,0,0,0,0,0,0,0,0,0,0,0,0,0,0
1663891200,23-09-2022,11103235.781117857,30488697.388396766,1654537.8875887943,0,9084079.160635497,5727720.591183886,3917136.2308325255,0,0,0,1574124.2698488364,0,0,1052052.5809357916,32245883.845583875,26031002.00180292,0,0,1193121.773820688,0,0,0,0,0,0,0,0,0,0,0,0,0,0,0,0,0,0,0,0,0,0,0,0,0,0,0,0,0,0,0,0,0,0,0,0,0,0,0,0,0,0,0,0,0,0,0,0,0
1663977600,24-09-2022,6832683.903671861,22036432.069857858,1131700.246296867,0,6757306.020103999,4233359.965336638,3665921.6000880697,0,0,0,689781.5519825157,0,0,864202.5154492739,22996079.383693032,18522051.143585794,0,683647.3322139996,0,0,0,0,0,0,0,0,0,0,0,0,0,0,0,0,0,0,0,0,0,0,0,0,0,0,0,0,0,0,0,0,0,0,0,0,0,0,0,0,0,0,0,0,0,0,0,0,0,0
1664064000,25-09-2022,5762558.417134298,15334463.110284721,731908.0703274906,0,4220349.351096152,2764906.198032221,2087823.444341787,0,0,0,613785.8449263555,0,0,854282.4316534557,15407654.189132355,11775696.18676811,0,655337.288998,0,0,0,0,0,0,0,0,0,0,0,0,0,0,0,0,0,0,0,0,0,0,0,0,0,0,0,0,0,0,0,0,0,0,0,0,0,0,0,0,0,0,0,0,0,0,0,0,0,0
1664150400,26-09-2022,11186515.47572176,23171575.73669859,1346194.6004587656,0,10276169.89932997,4778969.34784944,3359234.6638329094,0,0,0,646084.8100574495,0,0,1214647.8810570312,25929070.052168727,20158512.62168672,0,770213.5266810004,0,0,0,0,0,0,0,0,0,0,0,0,0,0,0,0,0,0,0,0,0,0,0,0,0,0,0,0,0,0,0,0,0,0,0,0,0,0,0,0,0,0,0,0,0,0,0,0,0,0
1664236800,27-09-2022,11893511.295559028,28119338.856593087,1556416.9753877297,0,8724099.57004543,5239349.514132233,5002499.708508374,0,0,0,1259366.8759122984,0,0,1274870.7115432187,29085793.878373697,23319980.59220498,0,2510462.703039998,0,0,0,0,0,0,0,0,0,0,0,0,0,0,0,0,0,0,0,0,0,0,0,0,0,0,0,0,0,0,0,0,0,0,0,0,0,0,0,0,0,0,0,0,0,0,0,0,0,0
1664323200,28-09-2022,8986587.400166303,25473546.710328087,1168525.5018226737,0,7061744.770882224,4247201.26188978,3593827.9629510036,0,0,0,1364194.3084027846,0,0,1183481.9672349999,29002465.258811075,21368608.689557195,0,2683233.815329999,0,0,0,0,0,0,0,0,0,0,0,0,0,0,0,0,0,0,0,0,0,0,0,0,0,0,0,0,0,0,0,0,0,0,0,0,0,0,0,0,0,0,0,0,0,0,0,0,0,0
1664409600,29-09-2022,10103115.721210083,24951290.381944384,1338877.4672570128,0,9878488.33291791,4976264.499070662,2870581.515844885,0,0,0,1035576.3747500688,0,0,1300703.9214709997,43038713.4199892,24648979.358128924,0,1707447.2639510012,0,0,0,0,0,0,0,0,0,0,0,0,0,0,0,0,0,0,0,0,0,0,0,0,0,0,0,0,0,0,0,0,0,0,0,0,0,0,0,0,0,0,0,0,0,0,0,0,0,0
1664496000,30-09-2022,8520599.819868661,22300707.992448445,1189623.7942144466,0,11213763.248102363,5394532.400790332,6245138.691344309,0,0,0,1333093.7055461116,0,0,857659.4111550001,29575240.123804424,16162416.50477269,0,2256179.9008399965,0,0,0,0,0,0,0,0,0,0,0,0,0,0,0,0,0,0,0,0,0,0,0,0,0,0,0,0,0,0,0,0,0,0,0,0,0,0,0,0,0,0,0,0,0,0,0,0,0,0
1664582400,01-10-2022,128627005.03871918,9439541.41507417,0,0,3626600.831597697,1801038.0049550084,5319589.989431065,0,0,0,612074.1823223776,0,0,732646.284042,6726277.17595185,4865898.1589276865,0,1008659.7705220003,0,0,510754.71278066223,0,0,0,0,0,0,0,0,0,0,0,0,0,0,0,0,0,0,0,0,0,0,0,0,0,0,0,0,0,0,0,0,0,0,0,0,0,0,0,0,0,0,0,0,0,0,0
1664668800,02-10-2022,5758232.205370953,12569888.624231208,0,0,4441212.245882603,2296598.0555862617,2077336.7363933637,0,0,0,1380246.0601793192,0,0,0,5602038.439179802,8036486.755923528,0,1061325.470027,1256023.7484919804,0,844877.1147571682,0,0,0,0,0,0,0,0,0,0,0,0,0,0,0,0,0,0,0,0,0,0,0,0,0,0,0,0,0,0,0,0,0,0,0,0,0,0,0,0,0,0,0,0,0,0,0
1664755200,03-10-2022,7323696.476916263,13505112.426448593,0,0,6826559.241058427,3353181.926268026,2318939.353275204,0,0,0,1322801.926070569,0,0,687219.0458698643,17718961.837992765,8173641.2858395595,0,1040260.328807,0,0,912618.2705179425,0,0,0,0,0,0,0,0,0,0,0,0,0,0,0,0,0,0,0,0,0,0,0,0,0,0,0,0,0,0,0,0,0,0,0,0,0,0,0,0,0,0,0,0,0,0,0
1664841600,04-10-2022,7526990.198409882,14062025.105205346,0,0,6499024.622896906,3244748.124694551,2223105.6517650937,0,0,0,1809641.6062766127,0,0,0,14315445.47234635,8259556.38922204,0,1010318.0055530004,4337394.824652876,0,955593.4836727761,0,0,0,0,0,0,0,0,0,0,0,0,0,0,0,0,0,0,0,0,0,0,0,0,0,0,0,0,0,0,0,0,0,0,0,0,0,0,0,0,0,0,0,0,0,0,0
1664928000,05-10-2022,5932007.488884315,12024531.949415538,0,0,4313876.678580271,2824584.622074241,1311704.714515293,0,0,0,949829.9950416709,0,0,721970.5272577221,13882985.569033071,8345630.7835631445,0,1198635.9478379998,0,0,780834.3595557867,0,0,0,0,0,0,0,0,0,0,0,0,0,0,0,0,0,0,0,0,0,0,0,0,0,0,0,0,0,0,0,0,0,0,0,0,0,0,0,0,0,0,0,0,0,0,0
1665014400,06-10-2022,5901413.038287019,12201739.60006327,0,0,6337425.026344145,2998343.2168297614,1469820.085905745,0,0,0,939288.6478713902,0,0,627503.3657032531,9990689.92188502,6473141.337301119,0,979554.6682400007,0,0,754634.3653577493,0,0,0,0,0,0,0,0,0,0,0,0,0,0,0,0,0,0,0,0,0,0,0,0,0,0,0,0,0,0,0,0,0,0,0,0,0,0,0,0,0,0,0,0,0,0,0
1665100800,07-10-2022,6685372.578271808,12269496.675812976,0,0,6857204.980421709,2857219.140169898,2314019.5588215697,0,0,0,1426499.6414980749,0,0,0,10692946.592356354,6672483.525225288,0,1290013.8426739997,1606960.1168960435,0,905152.0017798694,0,0,0,0,0,0,0,0,0,0,0,0,0,0,0,0,0,0,0,0,0,0,0,0,0,0,0,0,0,0,0,0,0,0,0,0,0,0,0,0,0,0,0,0,0,0,0
1665187200,08-10-2022,3117652.13130099,4556223.189252889,0,0,1745994.6676074283,954006.2560909523,1023377.101776121,0,0,0,518695.12813966733,0,0,269951.224746,3987654.603056236,2385739.9098765883,0,1048202.0928609997,0,0,551504.4337543438,0,0,0,0,0,0,0,0,0,0,0,0,0,0,0,0,0,0,0,0,0,0,0,0,0,0,0,0,0,0,0,0,0,0,0,0,0,0,0,0,0,0,0,0,0,0,0
1665273600,09-10-2022,3300283.862707072,5801875.896707047,0,0,3212495.068290498,1395209.9092852075,1645314.8868353057,0,0,0,469894.20147405256,0,0,320568.19515024446,3339771.6185929235,1915047.167513776,0,975802.1826839997,0,0,671945.5589296769,0,0,0,0,0,0,0,0,0,0,0,0,0,0,0,0,0,0,0,0,0,0,0,0,0,0,0,0,0,0,0,0,0,0,0,0,0,0,0,0,0,0,0,0,0,0,0
1665360000,10-10-2022,6212685.942499338,12276723.325030116,0,0,4850365.6591708455,2284013.743022087,2230694.841972247,0,0,0,885048.1604983215,0,0,533829.5642790691,9561121.081297118,4416346.819995307,0,1102364.584460999,0,0,787008.2553537261,0,0,0,0,0,0,0,0,0,0,0,0,0,0,0,0,0,0,0,0,0,0,0,0,0,0,0,0,0,0,0,0,0,0,0,0,0,0,0,0,0,0,0,0,0,0,0
1665446400,11-10-2022,10657342.075210527,15630881.465563945,0,0,19544340.788155995,4514546.236556215,3522491.6212653797,0,0,1963839.4817343438,3865212.501429917,0,0,1598410.4334475282,12872599.538267998,8110637.348499212,0,0,1327781.9351710256,0,0,0,0,0,0,0,0,0,0,0,0,0,0,0,0,0,0,0,0,0,0,0,0,0,0,0,0,0,0,0,0,0,0,0,0,0,0,0,0,0,0,0,0,0,0,0,0,0
1665532800,12-10-2022,5086583.19120581,11536237.35968927,0,0,25499508.653410695,3027612.2312394436,1849775.952365695,0,0,0,1192314.8029248456,0,0,689863.7164792133,4368468.682068073,1858307.8004442574,0,3671032.331608,0,0,1114240.707387817,0,0,0,0,0,0,0,0,0,0,0,0,0,0,0,0,0,0,0,0,0,0,0,0,0,0,0,0,0,0,0,0,0,0,0,0,0,0,0,0,0,0,0,0,0,0,0
1665619200,13-10-2022,18696573.07495798,25343079.769110028,0,0,9805708.557093566,5776247.430004876,8760205.226367751,0,0,0,2308657.829149339,0,0,1467728.7712275614,13435796.000936367,6720140.971852542,0,1891224.5237849986,0,0,2760770.279750977,0,0,0,0,0,0,0,0,0,0,0,0,0,0,0,0,0,0,0,0,0,0,0,0,0,0,0,0,0,0,0,0,0,0,0,0,0,0,0,0,0,0,0,0,0,0,0
1665705600,14-10-2022,7083564.775701338,16812926.173167214,0,0,7775590.804886417,3431354.621840624,4408681.164751132,0,0,0,1680321.430654295,0,0,858651.042500012,7199837.936609555,2993586.0861595087,0,1717308.398234001,0,0,1479392.3609261182,0,0,0,0,0,0,0,0,0,0,0,0,0,0,0,0,0,0,0,0,0,0,0,0,0,0,0,0,0,0,0,0,0,0,0,0,0,0,0,0,0,0,0,0,0,0,0
1665792000,15-10-2022,3631783.0660996847,6090738.051381813,0,0,1938320.5002922607,1015283.040403558,1069085.0386571875,0,0,0,919480.0287395888,0,0,475450.974068,2833580.054291674,1238013.8467672388,0,1281178.5937839993,0,0,878029.1001946023,0,0,0,0,0,0,0,0,0,0,0,0,0,0,0,0,0,0,0,0,0,0,0,0,0,0,0,0,0,0,0,0,0,0,0,0,0,0,0,0,0,0,0,0,0,0,0
1665878400,16-10-2022,3658010.0183520084,7537778.68419297,0,0,42268431.595739335,1274794.6356709541,1600605.493682255,0,0,0,745158.5967088579,0,0,0,3974831.9218413327,1849252.9540942763,0,1266403.2224219996,0,0,590096.1427619728,461041.8547997002,0,0,0,0,0,0,0,0,0,0,0,0,0,0,0,0,0,0,0,0,0,0,0,0,0,0,0,0,0,0,0,0,0,0,0,0,0,0,0,0,0,0,0,0,0,0
1665964800,17-10-2022,4397563.370467671,10807423.500066577,0,0,6519489.036405087,1669857.0145982835,2694444.915586564,0,0,0,1122106.2367162493,0,0,0,4469360.098602962,2854008.9848795505,0,1149829.446464,672387.4521098111,0,764916.642284247,0,0,0,0,0,0,0,0,0,0,0,0,0,0,0,0,0,0,0,0,0,0,0,0,0,0,0,0,0,0,0,0,0,0,0,0,0,0,0,0,0,0,0,0,0,0,0
1666051200,18-10-2022,7096662.686611358,12859552.536570452,0,0,15491901.070721556,2395250.4414505353,2633342.1134865126,0,0,0,1551105.5331812238,0,0,571153.2608133212,10118392.505977208,6834445.802815886,0,867774.5931529996,0,0,1702472.9493695428,0,0,0,0,0,0,0,0,0,0,0,0,0,0,0,0,0,0,0,0,0,0,0,0,0,0,0,0,0,0,0,0,0,0,0,0,0,0,0,0,0,0,0,0,0,0,0
1666137600,19-10-2022,5569111.618545473,8039898.755969271,0,0,4883458.79386095,1588151.443556367,2445591.162917902,0,0,0,1104297.3126471916,0,0,0,6185305.177742649,1998801.2688773074,0,902945.3410769996,21897550.82380843,0,1200130.3643594128,0,0,0,0,0,0,0,0,0,0,0,0,0,0,0,0,0,0,0,0,0,0,0,0,0,0,0,0,0,0,0,0,0,0,0,0,0,0,0,0,0,0,0,0,0,0,0
1666224000,20-10-2022,6400529.790531816,13105007.68051941,0,0,14809281.20106493,2756915.4890731797,3182207.578070822,0,0,0,1056223.6502912373,0,0,771823.5650892893,4470029.8779381635,2186901.4922932796,0,876370.450132,0,0,1201865.8576754697,0,0,0,0,0,0,0,0,0,0,0,0,0,0,0,0,0,0,0,0,0,0,0,0,0,0,0,0,0,0,0,0,0,0,0,0,0,0,0,0,0,0,0,0,0,0,0
1666310400,21-10-2022,9985208.667801514,23876190.230375506,0,0,34566456.43040078,5392967.732745426,4886306.522076663,0,0,0,2114796.3552182415,0,0,0,9781869.830626557,6374155.349350331,0,984561.2481759997,0,0,2002142.6381675827,707369.6282411835,0,0,0,0,0,0,0,0,0,0,0,0,0,0,0,0,0,0,0,0,0,0,0,0,0,0,0,0,0,0,0,0,0,0,0,0,0,0,0,0,0,0,0,0,0,0
1666396800,22-10-2022,3398715.986474442,9180045.411590483,0,0,6679706.198658582,1638219.192862221,1911195.4192484904,0,0,0,906002.9991592906,0,0,0,0,3045132.4801013973,0,703766.4187240001,308491.4415631669,0,1137891.680492203,0,894235.7049719999,0,0,0,0,0,0,0,0,0,0,0,0,0,0,0,0,0,0,0,0,0,0,0,0,0,0,0,0,0,0,0,0,0,0,0,0,0,0,0,0,0,0,0,0,0
1666483200,23-10-2022,4145445.6500154287,11389735.936560258,0,0,5780405.913659973,2042330.4056401597,2350199.024210065,0,0,0,1049141.8558087081,0,0,554183.9396860001,4381923.162266853,2217535.6105721937,0,626760.5253529998,0,0,989292.0627927897,0,0,0,0,0,0,0,0,0,0,0,0,0,0,0,0,0,0,0,0,0,0,0,0,0,0,0,0,0,0,0,0,0,0,0,0,0,0,0,0,0,0,0,0,0,0,0
1666569600,24-10-2022,4262564.986403157,10856777.660521679,0,0,4996271.7210366195,1681679.7951373185,2086217.4138430764,0,0,0,1093885.592391161,0,0,661689.6359570003,4955316.485480862,1900210.2843811915,0,637093.3737989999,0,0,1260961.890168593,0,0,0,0,0,0,0,0,0,0,0,0,0,0,0,0,0,0,0,0,0,0,0,0,0,0,0,0,0,0,0,0,0,0,0,0,0,0,0,0,0,0,0,0,0,0,0
1666656000,25-10-2022,9615863.772037543,26817456.993749887,0,0,8500161.215262728,6299324.426547568,7093541.031189738,0,0,0,2128389.6076641623,0,0,1645605.9163602788,9643783.819576858,3513579.1292251833,0,0,0,0,2547952.801848418,0,0,1088320.942782513,0,0,0,0,0,0,0,0,0,0,0,0,0,0,0,0,0,0,0,0,0,0,0,0,0,0,0,0,0,0,0,0,0,0,0,0,0,0,0,0,0,0,0,0
1666742400,26-10-2022,8813248.867255673,23042659.65537904,0,0,8661363.715616297,4203103.736001508,4076071.6747312713,0,0,0,1535301.2630853124,0,0,1133575.5313862357,9996014.442906855,2461884.4522619587,0,679420.0023030001,0,0,1992924.61930645,0,0,0,0,0,0,0,0,0,0,0,0,0,0,0,0,0,0,0,0,0,0,0,0,0,0,0,0,0,0,0,0,0,0,0,0,0,0,0,0,0,0,0,0,0,0,0
1666828800,27-10-2022,8150478.851522279,33002109.99301648,0,0,14242869.83901508,4619212.336694291,3734133.6432382073,0,0,0,1663061.3007655556,0,0,1066687.804835277,8489570.18172756,2467981.1685432517,0,732184.0136659998,0,0,1912830.1477653692,0,0,0,0,0,0,0,0,0,0,0,0,0,0,0,0,0,0,0,0,0,0,0,0,0,0,0,0,0,0,0,0,0,0,0,0,0,0,0,0,0,0,0,0,0,0,0
1666915200,28-10-2022,6479853.182066515,22651120.008502483,0,0,8283042.136892562,2883167.738932427,3803936.77625473,0,0,0,1551535.5764596183,0,0,800440.6164395022,9084324.443771921,1527922.6483386543,0,683005.9292880001,0,0,1382960.5462592957,0,0,0,0,0,0,0,0,0,0,0,0,0,0,0,0,0,0,0,0,0,0,0,0,0,0,0,0,0,0,0,0,0,0,0,0,0,0,0,0,0,0,0,0,0,0,0
1667001600,29-10-2022,9102172.66623798,28690684.119194534,0,0,7225859.78435333,3342384.401092219,3979924.2562011816,0,0,0,1949051.1964963248,0,0,1035240.9159194445,5077922.073253123,1665514.5274563537,0,0,0,0,1943639.1637396284,0,0,829730.511671725,0,0,0,0,0,0,0,0,0,0,0,0,0,0,0,0,0,0,0,0,0,0,0,0,0,0,0,0,0,0,0,0,0,0,0,0,0,0,0,0,0,0,0,0
1667088000,30-10-2022,6942152.034740206,23414452.560529858,0,0,7435242.141434309,2287902.323514905,3223222.256151202,0,0,0,1793177.1811917725,0,0,906488.9898925109,5169876.624250806,1439133.5326428683,0,869369.6193910004,0,0,1320017.330700688,0,0,0,0,0,0,0,0,0,0,0,0,0,0,0,0,0,0,0,0,0,0,0,0,0,0,0,0,0,0,0,0,0,0,0,0,0,0,0,0,0,0,0,0,0,0,0
1667174400,31-10-2022,8006481.759083383,34199809.81058477,0,0,11842680.071916811,3462327.195254746,3608901.336462275,0,0,0,2582985.2135978104,0,0,1126037.2877953448,12868757.1826034,4941828.281071131,0,0,0,0,2230955.39216771,0,0,788766.4815081947,0,0,0,0,0,0,0,0,0,0,0,0,0,0,0,0,0,0,0,0,0,0,0,0,0,0,0,0,0,0,0,0,0,0,0,0,0,0,0,0,0,0,0,0
1667260800,01-11-2022,4943752.444914351,18336669.392630067,0,0,8464082.203924166,1922132.1175559487,1669106.9150501792,0,0,0,892337.5097616417,0,0,518049.44276471296,6619492.056571598,2795083.121056582,0,661959.9111270006,0,0,1559283.674771449,0,0,0,0,0,0,0,0,0,0,0,0,0,0,0,0,0,0,0,0,0,0,0,0,0,0,0,0,0,0,0,0,0,0,0,0,0,0,0,0,0,0,0,0,0,0,0
1667347200,02-11-2022,9430372.790304614,37275674.95878812,0,0,17548653.06441631,4629156.540970679,5065261.729410564,0,0,0,1943836.08959009,0,0,997058.5919666211,9696999.02520242,4192158.314486245,0,658198.4435829999,0,0,1875609.1672485615,0,0,0,0,0,0,0,0,0,0,0,0,0,0,0,0,0,0,0,0,0,0,0,0,0,0,0,0,0,0,0,0,0,0,0,0,0,0,0,0,0,0,0,0,0,0,0
1667433600,03-11-2022,7905408.999694342,25914393.638439473,0,0,5474184.82576143,2550283.820634194,2668714.4723649393,0,0,0,2289042.012729122,0,0,699149.2519306391,5593227.929808987,2522497.976527602,0,0,824282.5281672877,0,1490957.177475643,0,0,0,0,0,0,0,0,0,0,0,0,0,0,0,0,0,0,0,0,0,0,0,0,0,0,0,0,0,0,0,0,0,0,0,0,0,0,0,0,0,0,0,0,0,0,0
1667520000,04-11-2022,11454831.325427456,37520998.49004212,0,0,13849726.01148327,3937569.9089132533,5310751.507195319,0,0,0,3271486.4377015834,0,0,1119277.2899698832,9362339.766884765,4532803.283946247,0,0,0,0,2636175.4489432424,0,0,1254560.4955906468,0,0,0,0,0,0,0,0,0,0,0,0,0,0,0,0,0,0,0,0,0,0,0,0,0,0,0,0,0,0,0,0,0,0,0,0,0,0,0,0,0,0,0,0
1667606400,05-11-2022,22110479.601441987,54572161.2121213,0,0,14359364.89950006,8478990.51054937,8435710.682709767,0,0,0,3727819.2340167332,0,0,0,20714856.758515194,9426264.603777483,0,4782984.389591003,0,0,3487302.6879093964,0,0,1976394.109708007,0,0,0,0,0,0,0,0,0,0,0,0,0,0,0,0,0,0,0,0,0,0,0,0,0,0,0,0,0,0,0,0,0,0,0,0,0,0,0,0,0,0,0,0
1667692800,06-11-2022,12041660.777663708,35848168.898640744,0,0,7914836.230677384,3922958.0919311885,4836289.425564444,0,0,0,2853920.318211778,0,0,0,10082528.010129558,3427933.497787489,0,3002344.018354,1324918.1543142907,0,2280159.3377733766,0,0,0,0,0,0,0,0,0,0,0,0,0,0,0,0,0,0,0,0,0,0,0,0,0,0,0,0,0,0,0,0,0,0,0,0,0,0,0,0,0,0,0,0,0,0,0
1667779200,07-11-2022,17679609.355194815,56947000.29590125,0,0,14507243.384465534,8069658.840640442,8708913.576852396,0,0,0,4638894.322349223,0,0,1754121.8715685396,23755057.536627106,9961717.678541139,0,1734249.8585840005,0,0,0,0,0,1595325.8381309872,0,0,0,0,0,0,0,0,0,0,0,0,0,0,0,0,0,0,0,0,0,0,0,0,0,0,0,0,0,0,0,0,0,0,0,0,0,0,0,0,0,0,0,0
1667865600,08-11-2022,80193154.15776433,155678882.18516773,5606643.9356146185,0,92694192.51564583,39866270.40860776,27371345.438067924,0,0,0,11399198.511569697,0,0,0,41828293.61618183,24394001.49915991,0,0,0,0,4878201.857142676,0,0,2952671.4544879096,0,0,0,0,0,0,0,0,0,0,0,0,0,0,0,0,0,0,0,0,0,0,0,0,0,0,0,0,0,0,0,0,0,0,0,0,0,0,0,0,0,0,0,0
1667952000,09-11-2022,140569316.82450008,189842044.6050694,12382047.733480932,0,229654653.15438214,76229045.24121448,13146227.406077903,0,0,0,4925483.0258755805,0,0,0,45831132.60282929,36929654.63759566,0,3810716.4504280016,0,0,4426479.657775993,0,0,0,0,0,0,0,0,0,0,0,0,0,0,0,0,0,0,0,0,0,0,0,0,0,0,0,0,0,0,0,0,0,0,0,0,0,0,0,0,0,0,0,0,0,0,0
1668038400,10-11-2022,83216976.87073763,113308857.76083326,8565364.583657265,0,118447843.71411061,67353878.90111318,24033279.663831342,0,0,0,2116418.510216527,0,0,0,32090776.58201781,24809474.060721677,0,2708433.7275789995,792489.8726707533,0,0,0,0,0,0,0,0,0,0,0,0,0,0,0,0,0,0,0,0,0,0,0,0,0,0,0,0,0,0,0,0,0,0,0,0,0,0,0,0,0,0,0,0,0,0,0,0,0
1668124800,11-11-2022,34010698.88436318,62040362.30061708,2932942.4437618293,0,42865885.42538409,21382347.59864279,15990126.803918488,0,0,0,1212543.1547491103,0,0,0,7416691.30358606,6891131.617771987,0,1421619.8368629995,0,0,0,0,0,1139664.110135663,0,0,0,0,0,0,0,0,0,0,0,0,0,0,0,0,0,0,0,0,0,0,0,0,0,0,0,0,0,0,0,0,0,0,0,0,0,0,0,0,0,0,0,0
1668211200,12-11-2022,19212632.05659251,26066309.063940782,0,0,31348933.79410693,11778621.127083544,6460593.672053479,0,0,0,963337.8550111882,0,0,0,1482616.557466902,1313360.5552859157,0,755653.5673950003,761126.8518407687,0,0,0,0,755764.6214000207,0,0,0,0,0,0,0,0,0,0,0,0,0,0,0,0,0,0,0,0,0,0,0,0,0,0,0,0,0,0,0,0,0,0,0,0,0,0,0,0,0,0,0,0
1668297600,13-11-2022,14461576.227198178,19876062.722774778,277808.84064952796,0,16623592.552515177,4278300.965366215,6576047.85820606,0,0,168164.65008943607,443355.4537035954,0,0,0,0,0,0,1104378.379869,608048.7740054079,0,0,0,0,543759.9010693005,0,0,0,0,0,0,0,0,0,0,0,0,0,0,0,0,0,0,0,0,0,0,0,0,0,0,0,0,0,0,0,0,0,0,0,0,0,0,0,0,0,0,0,0
1668384000,14-11-2022,19596327.973973356,34614650.31784648,432508.1750287154,0,21581315.945511553,6183900.477469355,10025775.316753387,0,0,0,826309.0599233975,0,0,0,0,0,0,884750.2555630008,1487463.1667561447,0,526291.0431120943,0,0,919628.8578829756,0,0,0,0,0,0,0,0,0,0,0,0,0,0,0,0,0,0,0,0,0,0,0,0,0,0,0,0,0,0,0,0,0,0,0,0,0,0,0,0,0,0,0,0
1668470400,15-11-2022,17357080.735211927,17407530.45838768,0,0,11089399.447915995,4187750.8788606776,5764360.770897172,0,0,0,772911.4709513226,0,0,0,0,0,0,677524.4715559998,632435.4918567665,0,301532.2757890709,0,0,605136.6078456056,999595.1291150001,0,0,0,0,0,0,0,0,0,0,0,0,0,0,0,0,0,0,0,0,0,0,0,0,0,0,0,0,0,0,0,0,0,0,0,0,0,0,0,0,0,0,0
1668556800,16-11-2022,6296936.531924434,10453244.043984808,0,0,6976787.4260191545,2511724.2187155504,3596069.792661612,0,0,0,464777.02708209574,0,0,0,0,0,0,673721.4314030001,0,0,197802.51723384805,0,0,417492.658520717,1061931.032869,213176.30147299994,0,0,0,0,0,0,0,0,0,0,0,0,0,0,0,0,0,0,0,0,0,0,0,0,0,0,0,0,0,0,0,0,0,0,0,0,0,0,0,0,0,0
1668643200,17-11-2022,20486345.427244812,41320753.652522765,0,0,56821506.01214799,14938251.929653713,3344891.9948077286,0,0,0,1396126.870045062,0,0,0,0,0,461502.0306803494,1680387.1242510001,0,0,0,0,0,1812747.8239153535,2859698.9506647596,2731048.8923320035,0,0,0,0,0,0,0,0,0,0,0,0,0,0,0,0,0,0,0,0,0,0,0,0,0,0,0,0,0,0,0,0,0,0,0,0,0,0,0,0,0,0
1668729600,18-11-2022,6459581.759198297,10707297.439272113,0,0,34405837.515458696,5718611.279523189,2863352.775494039,0,0,0,715814.7004627178,0,0,0,0,0,0,956262.8663610003,441739.3419619143,0,0,0,0,1005536.0150231472,1307586.6083589997,1285250.0833750002,0,0,0,0,0,0,0,0,0,0,0,0,0,0,0,0,0,0,0,0,0,0,0,0,0,0,0,0,0,0,0,0,0,0,0,0,0,0,0,0,0,0
1668816000,19-11-2022,3712396.423118852,7903054.443465107,0,0,11999725.497134274,2631936.1824438525,4591316.665169321,0,0,0,298140.519082759,0,0,0,0,0,0,826579.2567820004,383554.072724129,0,0,0,0,473037.89844583365,1017516.0922130002,945837.0346840002,0,0,0,0,0,0,0,0,0,0,0,0,0,0,0,0,0,0,0,0,0,0,0,0,0,0,0,0,0,0,0,0,0,0,0,0,0,0,0,0,0,0
1668902400,20-11-2022,11491686.00590979,17067304.381203588,0,0,10773289.85180494,3669712.4481960447,7247080.681304319,0,0,0,576509.1812383041,0,0,0,0,0,0,744087.530801,260184.57397253727,0,0,0,0,1417860.6153689406,1604313.6133979994,1520257.1846250005,0,0,0,0,0,0,0,0,0,0,0,0,0,0,0,0,0,0,0,0,0,0,0,0,0,0,0,0,0,0,0,0,0,0,0,0,0,0,0,0,0,0
1668988800,21-11-2022,25285780.318859443,17585126.354765438,0,0,14617708.057570737,7476223.465284948,8932970.893393554,0,0,0,598275.7340374993,0,0,0,0,0,0,619214.1439789996,203616.02181244694,0,0,0,0,1695421.943826985,2925801.9437073073,2763329.2490342925,0,0,0,0,0,0,0,0,0,0,0,0,0,0,0,0,0,0,0,0,0,0,0,0,0,0,0,0,0,0,0,0,0,0,0,0,0,0,0,0,0,0
1669075200,22-11-2022,10504443.140661135,28935955.22193988,0,0,10193268.975055633,4202226.135086749,9037301.753115738,0,0,0,400880.4348718584,0,0,0,0,0,0,536430.923625,375474.6016462692,0,0,0,0,1220832.1703793344,3837429.8520760178,3585653.082144138,0,0,0,0,0,0,0,0,0,0,0,0,0,0,0,0,0,0,0,0,0,0,0,0,0,0,0,0,0,0,0,0,0,0,0,0,0,0,0,0,0,0
1669161600,23-11-2022,12030177.346203532,28054778.605164014,0,0,15037015.889033413,6709750.090853747,12419763.781970568,0,0,0,646369.8159853176,0,0,0,0,0,0,612492.1209409998,747744.8236849592,0,0,0,0,1644625.5929562962,4247673.85182857,3998142.72670088,0,0,0,0,0,0,0,0,0,0,0,0,0,0,0,0,0,0,0,0,0,0,0,0,0,0,0,0,0,0,0,0,0,0,0,0,0,0,0,0,0,0
1669248000,24-11-2022,7757616.73932867,14273017.532166088,0,0,5421111.332169039,2343768.5652917023,3913000.229727517,0,0,0,362036.0764651115,0,0,0,0,0,0,501193.1452690001,538255.8497954002,0,0,0,0,812297.0959928788,3069022.776808611,2717386.5967178573,0,0,0,0,0,0,0,0,0,0,0,0,0,0,0,0,0,0,0,0,0,0,0,0,0,0,0,0,0,0,0,0,0,0,0,0,0,0,0,0,0,0
1669334400,25-11-2022,4204148.45075748,8693854.926424393,0,0,3608442.0604091333,2187382.5691650184,2286939.199034968,0,0,0,376813.17795559723,0,0,0,0,0,0,360641.51658100006,284959.3507253205,0,0,0,0,440046.3612172226,3377259.323647677,3228667.8801332004,0,0,0,0,0,0,0,0,0,0,0,0,0,0,0,0,0,0,0,0,0,0,0,0,0,0,0,0,0,0,0,0,0,0,0,0,0,0,0,0,0,0
1669420800,26-11-2022,6063858.98026211,15609276.66020819,0,0,5287447.273754477,3032298.037114732,2121821.3398226863,0,0,0,382792.1502773498,0,0,0,0,0,0,405267.65630100004,319091.37948596815,0,0,0,0,641761.2067803626,1665381.7518459896,1540494.8899726311,0,0,0,0,0,0,0,0,0,0,0,0,0,0,0,0,0,0,0,0,0,0,0,0,0,0,0,0,0,0,0,0,0,0,0,0,0,0,0,0,0,0
1669507200,27-11-2022,2765895.606953985,4727207.3953429805,0,0,1893775.4712031276,888279.865519439,1718417.3219652195,0,0,0,273431.085290472,0,0,0,0,0,0,392806.072695,220695.51804903892,0,0,0,0,260186.38738061517,968195.9442640368,957234.3254354657,0,0,0,0,0,0,0,0,0,0,0,0,0,0,0,0,0,0,0,0,0,0,0,0,0,0,0,0,0,0,0,0,0,0,0,0,0,0,0,0,0,0
1669593600,28-11-2022,5383749.009593789,10495745.949157387,0,0,3463138.9825216886,1909153.0354260881,3530381.3112693042,0,0,0,352008.5581811446,0,0,0,0,0,0,480223.9642230001,324278.8700699053,0,0,0,0,521282.5676310293,2067210.8848686512,1779365.936393301,0,0,0,0,0,0,0,0,0,0,0,0,0,0,0,0,0,0,0,0,0,0,0,0,0,0,0,0,0,0,0,0,0,0,0,0,0,0,0,0,0,0
1669680000,29-11-2022,3517456.698681518,7340289.059284167,0,0,2884196.8066126443,1046456.5094740019,2270365.865043009,0,0,0,220845.41910383842,0,0,0,0,0,0,326936.2023510001,0,0,69098.11279942114,0,0,389362.6473990431,1200544.7006380572,989277.6518817245,0,0,0,0,0,0,0,0,0,0,0,0,0,0,0,0,0,0,0,0,0,0,0,0,0,0,0,0,0,0,0,0,0,0,0,0,0,0,0,0,0,0
1669766400,30-11-2022,3793052.813396418,10367745.447716981,0,0,4285144.106427101,1262551.8137682,3233345.504821993,0,0,0,362299.7850066274,0,0,0,0,0,0,427474.30329099996,0,0,92322.50736189875,0,0,760023.5164450958,1697387.3439228276,1408153.488869805,0,0,0,0,0,0,0,0,0,0,0,0,0,0,0,0,0,0,0,0,0,0,0,0,0,0,0,0,0,0,0,0,0,0,0,0,0,0,0,0,0,0
1669852800,01-12-2022,3468804.510671088,6685735.537826144,0,0,2664700.9643887444,837465.6146733669,1678157.0237566105,0,0,0,281401.07887726056,0,0,0,0,0,0,396086.6710159998,134522.65466215622,0,0,0,0,734203.3296441833,932711.8758924652,885663.4233199402,0,0,0,0,0,0,0,0,0,0,0,0,0,0,0,0,0,0,0,0,0,0,0,0,0,0,0,0,0,0,0,0,0,0,0,0,0,0,0,0,0,0
1669939200,02-12-2022,3082223.6720719766,7127018.612233449,0,0,2505780.375520152,829851.9040498172,1809229.9046665672,0,0,0,270073.4730252767,0,0,0,0,0,0,342402.23873200023,0,0,0,91938.49140697948,0,610731.0979851934,799954.1938197725,724399.813901016,0,0,0,0,0,0,0,0,0,0,0,0,0,0,0,0,0,0,0,0,0,0,0,0,0,0,0,0,0,0,0,0,0,0,0,0,0,0,0,0,0,0
1670025600,03-12-2022,7647884.131154795,7122987.166439049,0,0,2935114.6336112167,711726.4048950832,1457386.6656840295,0,0,0,281392.5595666151,0,0,0,0,0,0,733463.9540880001,96423.09149340144,0,0,0,0,752352.3172893137,649359.0129755082,546943.87640941,0,0,0,0,0,0,0,0,0,0,0,0,0,0,0,0,0,0,0,0,0,0,0,0,0,0,0,0,0,0,0,0,0,0,0,0,0,0,0,0,0,0
1670112000,04-12-2022,2631364.9730138765,5251073.014049541,0,0,2371352.2153590852,811247.2719689076,1134335.2933245418,0,0,0,178858.89602833186,0,0,0,0,0,0,539074.7578260001,217311.90966827428,0,0,0,0,349097.57939716475,448722.09987466526,406444.89051004266,0,0,0,0,0,0,0,0,0,0,0,0,0,0,0,0,0,0,0,0,0,0,0,0,0,0,0,0,0,0,0,0,0,0,0,0,0,0,0,0,0,0
1670198400,05-12-2022,2718209.7914819675,11385218.956681747,0,0,2300018.760110954,1310799.483462261,1220411.4735869342,0,0,0,260150.91486744647,0,0,0,0,0,0,516107.0102960002,0,0,69493.58210524372,0,0,792651.7612875215,2048671.2921890845,1942329.4828788685,0,0,0,0,0,0,0,0,0,0,0,0,0,0,0,0,0,0,0,0,0,0,0,0,0,0,0,0,0,0,0,0,0,0,0,0,0,0,0,0,0,0
1670284800,06-12-2022,2662254.2831767853,13467549.465710625,0,0,12254735.770662727,2082501.7043863032,3052021.175516656,0,0,0,364750.95185991994,0,0,0,0,0,0,604878.2086179999,529163.519124856,0,0,0,0,909725.1328254907,1830619.652766381,1771162.5438051308,0,0,0,0,0,0,0,0,0,0,0,0,0,0,0,0,0,0,0,0,0,0,0,0,0,0,0,0,0,0,0,0,0,0,0,0,0,0,0,0,0,0
1670371200,07-12-2022,2159232.1743835886,7856566.399878182,0,0,2488814.901986377,872412.9080842405,1282226.6920750192,0,0,0,225310.04962941902,0,0,0,0,0,0,650595.2224769997,0,0,0,86288.8222258738,0,636343.4107058978,1027779.46295569,978260.4799469649,0,0,0,0,0,0,0,0,0,0,0,0,0,0,0,0,0,0,0,0,0,0,0,0,0,0,0,0,0,0,0,0,0,0,0,0,0,0,0,0,0,0
1670457600,08-12-2022,2106363.163719323,5311944.89182974,0,0,1964872.0156359682,620748.5564519195,1174099.7239390118,0,0,0,200800.3508363775,0,0,0,0,0,0,1002369.8271919999,0,0,0,98524.71679859789,0,669346.9401621732,605961.2379164321,589053.8957173859,0,0,0,0,0,0,0,0,0,0,0,0,0,0,0,0,0,0,0,0,0,0,0,0,0,0,0,0,0,0,0,0,0,0,0,0,0,0,0,0,0,0
1670544000,09-12-2022,2980235.0530284727,6839324.367958973,0,0,1865687.0346292544,863583.9421299037,1746980.4616281372,0,0,0,261399.73014641565,0,0,0,0,0,0,597221.697223,0,0,0,109125.2493359719,0,778036.664062679,972598.5978104281,879569.0792039401,0,0,0,0,0,0,0,0,0,0,0,0,0,0,0,0,0,0,0,0,0,0,0,0,0,0,0,0,0,0,0,0,0,0,0,0,0,0,0,0,0,0
1670630400,10-12-2022,2330141.2795912027,5364313.110918018,0,0,1669373.0551843985,502034.2831649622,1093148.5375732766,0,0,0,177356.52033995616,0,0,0,0,0,0,436484.000125,85721.17099824,0,0,0,0,511540.9139851033,369421.71085126186,334107.5291525889,0,0,0,0,0,0,0,0,0,0,0,0,0,0,0,0,0,0,0,0,0,0,0,0,0,0,0,0,0,0,0,0,0,0,0,0,0,0,0,0,0,0
1670716800,11-12-2022,2075691.114543349,4118446.7003153693,0,0,969040.4504598023,333430.7612792162,885851.1315366614,0,0,0,153747.44511057486,0,0,0,0,0,0,446305.104861,0,0,0,74334.18286953389,0,572843.76419513,469596.9191381187,439885.425583273,0,0,0,0,0,0,0,0,0,0,0,0,0,0,0,0,0,0,0,0,0,0,0,0,0,0,0,0,0,0,0,0,0,0,0,0,0,0,0,0,0,0
1670803200,12-12-2022,2692372.034061914,5811181.188342102,0,0,2157300.9960374148,491349.780781488,1561557.2530852524,0,0,0,336123.34111284284,0,0,0,0,0,0,696789.2098230004,0,0,0,156860.67461578007,0,940125.5629989101,1167173.4137931236,1089231.4084136812,0,0,0,0,0,0,0,0,0,0,0,0,0,0,0,0,0,0,0,0,0,0,0,0,0,0,0,0,0,0,0,0,0,0,0,0,0,0,0,0,0,0
1670889600,13-12-2022,3226768.304085948,11522914.448768033,0,0,5117881.140885398,716562.2318682256,2521318.7357212254,0,0,0,411503.43133180967,0,0,0,0,0,0,636786.1867509994,904406.7303552734,0,0,0,0,1590168.3354536092,1744383.1175659895,1563756.2311973353,0,0,0,0,0,0,0,0,0,0,0,0,0,0,0,0,0,0,0,0,0,0,0,0,0,0,0,0,0,0,0,0,0,0,0,0,0,0,0,0,0,0
1670976000,14-12-2022,3891987.7861554604,16172539.925582247,0,0,6574480.528533586,1528318.5478482523,3293789.91953676,0,0,0,196021.2342158431,0,0,0,0,0,0,488579.38191499986,0,0,0,308664.4597206963,0,1859882.657514758,2693471.300886754,2626399.4931643056,0,0,0,0,0,0,0,0,0,0,0,0,0,0,0,0,0,0,0,0,0,0,0,0,0,0,0,0,0,0,0,0,0,0,0,0,0,0,0,0,0,0
1671062400,15-12-2022,5172741.477909121,12391162.346025372,0,0,4428338.2535709515,512271.7689428119,2701206.403987034,0,0,0,229207.70484621957,0,0,0,0,0,0,545517.6868030005,0,0,0,355673.5804428523,0,1331101.3820599199,2017498.2124848524,1965014.385758651,0,0,0,0,0,0,0,0,0,0,0,0,0,0,0,0,0,0,0,0,0,0,0,0,0,0,0,0,0,0,0,0,0,0,0,0,0,0,0,0,0,0
1671148800,16-12-2022,9104597.916394373,18680394.242135186,0,0,13851426.656278966,826623.769899931,4747770.546595177,0,0,0,751375.9368795576,0,0,0,0,0,0,934961.0478319996,506902.0082701226,0,0,0,0,1532358.680163854,2703394.4325509444,2581699.4012804837,0,0,0,0,0,0,0,0,0,0,0,0,0,0,0,0,0,0,0,0,0,0,0,0,0,0,0,0,0,0,0,0,0,0,0,0,0,0,0,0,0,0
1671235200,17-12-2022,4389055.6055980055,10277124.233157638,0,0,4795639.821129406,1969626.3043864947,2409713.698930522,0,0,0,269731.6269566527,0,0,0,0,0,0,659020.8180720002,0,0,0,172934.3239179476,0,873795.8228753307,1495205.9920018332,1424272.5501647154,0,0,0,0,0,0,0,0,0,0,0,0,0,0,0,0,0,0,0,0,0,0,0,0,0,0,0,0,0,0,0,0,0,0,0,0,0,0,0,0,0,0
1671321600,18-12-2022,1462939.240161413,4946335.484749227,0,0,1911703.6237436295,200077.59940046206,815961.1243991147,0,0,0,133911.17359751646,0,0,0,0,0,0,551159.4069340002,0,0,0,91822.27735039276,0,588696.8301204327,632402.7426391181,581832.074854893,0,0,0,0,0,0,0,0,0,0,0,0,0,0,0,0,0,0,0,0,0,0,0,0,0,0,0,0,0,0,0,0,0,0,0,0,0,0,0,0,0,0
1671408000,19-12-2022,2112348.804462813,7840189.868915105,0,0,3697072.148816812,1025463.3612149071,1823036.6912026731,0,0,0,431802.67838610755,0,0,0,0,0,0,503749.98418100004,0,0,0,333117.87293524767,0,1000145.6139210947,999208.789034975,902945.8800993359,0,0,0,0,0,0,0,0,0,0,0,0,0,0,0,0,0,0,0,0,0,0,0,0,0,0,0,0,0,0,0,0,0,0,0,0,0,0,0,0,0,0
1671494400,20-12-2022,1369300.67620467,7528594.138882669,0,0,1634458.6933456317,233049.4367748039,1599736.0584847399,0,0,0,339432.9426477864,0,0,0,0,0,0,512398.8032869999,482750.07844423474,0,0,0,0,915585.3215724065,1150427.640154366,1089676.1369140032,0,0,0,0,0,0,0,0,0,0,0,0,0,0,0,0,0,0,0,0,0,0,0,0,0,0,0,0,0,0,0,0,0,0,0,0,0,0,0,0,0,0
1671580800,21-12-2022,1413955.994727439,6436578.690298811,0,0,1044850.8176482685,196290.97253178543,1296096.1168805545,0,0,0,245348.26545395027,0,0,0,0,0,0,482409.1368559997,0,0,0,294617.8206116309,0,781676.6782943839,1135613.148562948,1101263.2026848304,0,0,0,0,0,0,0,0,0,0,0,0,0,0,0,0,0,0,0,0,0,0,0,0,0,0,0,0,0,0,0,0,0,0,0,0,0,0,0,0,0,0
1671667200,22-12-2022,2449710.061954032,7249891.837494917,0,0,1936673.6588738624,463355.0736039509,1437367.8147298878,0,0,0,344490.4696377965,0,0,0,0,0,0,459281.5307109995,0,0,0,198955.0325488922,0,718455.6832492817,1169332.2343441313,1115999.710878429,0,0,0,0,0,0,0,0,0,0,0,0,0,0,0,0,0,0,0,0,0,0,0,0,0,0,0,0,0,0,0,0,0,0,0,0,0,0,0,0,0,0
1671753600,23-12-2022,1943469.058167767,5606029.728402868,0,0,2383973.6375214574,437744.10376091395,1334005.1264814248,0,0,506854.672708662,407593.2409873156,0,0,0,0,0,0,472719.39449599985,0,0,0,0,0,561048.0881591431,719518.1950845718,650023.856262954,0,0,0,0,0,0,0,0,0,0,0,0,0,0,0,0,0,0,0,0,0,0,0,0,0,0,0,0,0,0,0,0,0,0,0,0,0,0,0,0,0,0
1671840000,24-12-2022,1803650.5636045258,5519468.288040564,0,0,1496385.6570277582,433401.4965077011,1172902.6868368622,0,0,0,317871.4792586942,0,0,0,0,0,0,416590.3817889999,0,0,0,100193.23960836875,0,464751.29062857764,1099558.2535080798,1018828.9876954192,0,0,0,0,0,0,0,0,0,0,0,0,0,0,0,0,0,0,0,0,0,0,0,0,0,0,0,0,0,0,0,0,0,0,0,0,0,0,0,0,0,0
1671926400,25-12-2022,2042150.231516173,4648013.024306893,0,0,1464245.4152107777,347141.7899636909,1034249.7093735513,0,0,0,301552.6305089055,0,0,0,0,0,0,565596.8255589996,0,0,0,154291.2845850291,0,469289.8487960482,661576.2225671816,638660.7849474394,0,0,0,0,0,0,0,0,0,0,0,0,0,0,0,0,0,0,0,0,0,0,0,0,0,0,0,0,0,0,0,0,0,0,0,0,0,0,0,0,0,0
1672012800,26-12-2022,1899196.164036322,5715673.020188033,0,0,2431258.6106517245,395591.23162438377,1213315.7451879377,0,0,0,247177.0212905625,0,0,0,0,0,0,484977.53316500003,0,0,0,82445.41022048506,0,708969.4827823662,847917.6620356019,804763.7612963466,0,0,0,0,0,0,0,0,0,0,0,0,0,0,0,0,0,0,0,0,0,0,0,0,0,0,0,0,0,0,0,0,0,0,0,0,0,0,0,0,0,0
1672099200,27-12-2022,1477759.4473097967,8316908.701697756,0,0,2265696.1176181687,420652.63626703236,1662307.6111562198,0,0,0,245598.8098084573,0,0,0,0,0,0,491610.909053,0,0,0,0,0,858993.8823487249,1889526.6073320652,1751755.758708953,62302.04255068613,0,0,0,0,0,0,0,0,0,0,0,0,0,0,0,0,0,0,0,0,0,0,0,0,0,0,0,0,0,0,0,0,0,0,0,0,0,0,0,0,0
1672185600,28-12-2022,4266413.519033351,18391471.19841207,0,0,5448076.837312004,1799660.0560341303,4797649.138640072,0,0,0,643018.6677136129,0,0,0,0,0,0,644234.2757289996,369256.98744575464,0,0,0,0,1933791.489922898,2886321.5471243397,2720807.522986087,0,0,0,0,0,0,0,0,0,0,0,0,0,0,0,0,0,0,0,0,0,0,0,0,0,0,0,0,0,0,0,0,0,0,0,0,0,0,0,0,0,0
1672272000,29-12-2022,4779442.379468901,21540880.888265114,0,0,6823453.491313976,2705101.815730291,3962984.71979615,0,0,0,868887.0436064074,0,0,0,0,0,0,709617.6584619994,777988.8441293027,0,0,0,0,1578816.7022069,4358956.470608173,3844853.16173933,0,0,0,0,0,0,0,0,0,0,0,0,0,0,0,0,0,0,0,0,0,0,0,0,0,0,0,0,0,0,0,0,0,0,0,0,0,0,0,0,0,0
1672358400,30-12-2022,3969693.6358037926,16235940.850774294,0,0,5885814.690537835,758537.6662321523,4393026.777014933,0,0,0,614721.864717111,0,0,0,0,0,0,752614.8104759993,177394.3104317889,0,0,0,0,1150236.922673872,4022659.8307994544,3635066.8882814525,0,0,0,0,0,0,0,0,0,0,0,0,0,0,0,0,0,0,0,0,0,0,0,0,0,0,0,0,0,0,0,0,0,0,0,0,0,0,0,0,0,0
1672444800,31-12-2022,1513632.3634543493,8023197.570141192,0,0,4048233.432692792,438942.8372702764,2093572.4948426147,0,0,0,444630.0670170745,0,0,0,0,0,0,533108.545224,0,0,0,0,0,616300.6164081712,1845943.0042623067,1746508.1480898268,0,265971.706592,0,0,0,0,0,0,0,0,0,0,0,0,0,0,0,0,0,0,0,0,0,0,0,0,0,0,0,0,0,0,0,0,0,0,0,0,0,0,0,0
1672531200,01-01-2023,2297724.439181706,9520621.330708105,0,0,1204787.9687509367,219124.8908666163,1462494.9054820333,0,0,357259.84517317935,289788.6289508241,0,0,0,0,0,0,398984.6624920001,0,0,0,0,0,559592.4346762253,1314068.0342614828,1282595.8197593594,0,0,0,0,0,0,0,0,0,0,0,0,0,0,0,0,0,0,0,0,0,0,0,0,0,0,0,0,0,0,0,0,0,0,0,0,0,0,0,0,0,0
1672617600,02-01-2023,3964822.621153591,26534365.06639635,0,0,6115011.811221383,667798.1490253635,2481149.521834491,0,0,975764.0206249631,885695.9509480235,0,0,0,0,0,0,606381.0854339999,0,0,0,0,0,1195177.7608816535,3197747.751258762,3024887.8253922686,0,0,0,0,0,0,0,0,0,0,0,0,0,0,0,0,0,0,0,0,0,0,0,0,0,0,0,0,0,0,0,0,0,0,0,0,0,0,0,0,0,0
1672704000,03-01-2023,8161540.992466785,44992206.59211798,0,0,9788081.851249788,1133661.0241805057,3847423.805990108,0,0,1451285.8836633542,2223712.236303376,0,0,0,0,0,0,0,843301.442540486,0,0,0,0,2940478.0550422077,4039634.483709841,3654442.64223452,0,0,0,0,0,0,0,0,0,0,0,0,0,0,0,0,0,0,0,0,0,0,0,0,0,0,0,0,0,0,0,0,0,0,0,0,0,0,0,0,0,0
1672790400,04-01-2023,10650117.459772622,79258311.94248967,0,0,11289611.396163974,2114598.1904117414,10051228.730666682,0,0,2525414.30076275,2566230.5375592313,0,0,0,0,0,0,0,0,0,0,0,0,3714435.050545248,6542724.832584072,6025020.33384568,0,0,1413536.8264230422,0,0,0,0,0,0,0,0,0,0,0,0,0,0,0,0,0,0,0,0,0,0,0,0,0,0,0,0,0,0,0,0,0,0,0,0,0,0,0
1672876800,05-01-2023,19095899.054553606,105549719.59849669,0,0,12824396.268779444,1499832.0361787633,7379945.477836956,0,0,3017486.2648460222,2509390.496509439,0,0,0,0,0,0,0,0,0,0,0,0,5117326.043297916,5653166.188132321,5376161.618710277,0,0,781873.4296766064,0,0,0,0,0,0,0,0,0,0,0,0,0,0,0,0,0,0,0,0,0,0,0,0,0,0,0,0,0,0,0,0,0,0,0,0,0,0,0
1672963200,06-01-2023,15587788.47500444,70737499.48823865,0,0,7942357.482784909,1785420.404993214,5499545.329078737,0,0,1344894.7037423346,1224512.5248285467,0,0,0,0,0,0,521622.32895600004,0,0,0,0,0,4941526.299568557,4083568.958295821,3855084.811006275,0,0,0,0,0,0,0,0,0,0,0,0,0,0,0,0,0,0,0,0,0,0,0,0,0,0,0,0,0,0,0,0,0,0,0,0,0,0,0,0,0,0
1673049600,07-01-2023,7508892.809940865,33886756.1541294,0,0,4709551.428077688,991395.4855771664,2451075.6603440642,0,0,387462.9846489399,727330.2777243264,0,0,0,0,0,0,0,815175.5912210684,0,0,0,0,2021616.080369665,1511351.4132010003,1452526.6225165955,0,0,0,0,0,0,0,0,0,0,0,0,0,0,0,0,0,0,0,0,0,0,0,0,0,0,0,0,0,0,0,0,0,0,0,0,0,0,0,0,0,0
1673136000,08-01-2023,22939568.13187709,35823255.189902,0,0,5462409.102911953,1095833.2896405952,4216866.678113126,0,0,323202.09689789714,628158.3644571598,0,0,0,0,0,0,381169.228233,0,0,0,0,0,6076462.860156241,2909178.84655544,2664283.118142041,0,0,0,0,0,0,0,0,0,0,0,0,0,0,0,0,0,0,0,0,0,0,0,0,0,0,0,0,0,0,0,0,0,0,0,0,0,0,0,0,0,0
1673222400,09-01-2023,16641689.979366325,52244907.56526966,0,0,9689238.951214263,1405533.6885238118,11778230.295838965,0,0,0,1583553.4296371627,0,0,0,0,0,0,873733.87635,0,0,0,0,0,13402999.608568944,5351011.415009104,4609597.023919141,0,726456.8739698951,0,0,0,0,0,0,0,0,0,0,0,0,0,0,0,0,0,0,0,0,0,0,0,0,0,0,0,0,0,0,0,0,0,0,0,0,0,0,0,0
1673308800,10-01-2023,10007214.997843929,32829897.7330293,0,0,4940369.106553133,944531.8105448777,7692176.323970518,0,0,0,870180.7316325087,0,0,0,0,0,0,563124.924086,192689.87019436015,0,0,0,0,5720808.407607645,2634364.130865926,2319050.128064349,0,0,0,0,0,0,0,0,0,0,0,0,0,0,0,0,0,0,0,0,0,0,0,0,0,0,0,0,0,0,0,0,0,0,0,0,0,0,0,0,0,0
1673395200,11-01-2023,14604564.238901604,28868042.540486272,0,0,4547569.445945875,799383.8924070757,5645916.499868674,0,0,0,1860818.1303790945,0,0,0,0,0,0,657617.0959109998,696953.2300183013,0,0,0,0,3882917.982445657,2722871.411759551,2405331.0164335673,0,0,0,0,0,0,0,0,0,0,0,0,0,0,0,0,0,0,0,0,0,0,0,0,0,0,0,0,0,0,0,0,0,0,0,0,0,0,0,0,0,0
1673481600,12-01-2023,7868063.938439974,39774896.35922015,0,0,5555070.880520657,932195.4862241154,8129481.118509392,0,0,0,1260345.5431571207,0,0,0,0,0,0,596085.0178190001,297536.8719149991,0,0,0,0,4280851.839633828,3042662.0300796274,2828352.037011469,0,0,0,0,0,0,0,0,0,0,0,0,0,0,0,0,0,0,0,0,0,0,0,0,0,0,0,0,0,0,0,0,0,0,0,0,0,0,0,0,0,0
1673568000,13-01-2023,6689438.902513515,31531825.24429919,0,0,5225744.065957119,904275.7030237544,4414739.922560282,0,0,0,968437.2720618162,0,0,0,0,0,0,672103.9694689999,0,0,0,348191.6156154135,0,4121085.232979704,3205989.9680888266,2515617.593151477,0,0,0,0,0,0,0,0,0,0,0,0,0,0,0,0,0,0,0,0,0,0,0,0,0,0,0,0,0,0,0,0,0,0,0,0,0,0,0,0,0,0
1673654400,14-01-2023,20549115.878551695,80174429.27930908,0,0,27756830.705868896,3473704.109301543,8351752.992948478,0,0,0,3860398.4953994164,0,0,0,0,0,0,2412445.7878329996,1448165.3520929522,0,0,0,0,11728496.12270651,7540629.33664945,6530752.805463176,0,0,0,0,0,0,0,0,0,0,0,0,0,0,0,0,0,0,0,0,0,0,0,0,0,0,0,0,0,0,0,0,0,0,0,0,0,0,0,0,0,0
1673740800,15-01-2023,16569817.36851455,51690238.572476685,0,0,9470659.47318457,1465045.6499076453,7990814.572339411,0,0,0,1595462.6464149256,0,0,0,0,0,0,1222399.744417,0,0,0,0,0,4451927.500361995,4337203.634548063,4093878.3789012544,342397.7428405755,0,0,0,0,0,0,0,0,0,0,0,0,0,0,0,0,0,0,0,0,0,0,0,0,0,0,0,0,0,0,0,0,0,0,0,0,0,0,0,0,0
1673827200,16-01-2023,10246716.411246525,45225045.93746093,0,0,8691360.358510798,1749089.533184591,7978558.845977319,0,0,0,1325172.5797877526,0,0,0,0,0,0,789577.0005420003,0,0,0,0,0,4063262.296115049,5546818.948400482,5350234.571380666,273536.9165569153,0,0,0,0,0,0,0,0,0,0,0,0,0,0,0,0,0,0,0,0,0,0,0,0,0,0,0,0,0,0,0,0,0,0,0,0,0,0,0,0,0
1673913600,17-01-2023,8005843.369396546,30563140.54415639,0,0,4235141.060948353,1550510.8924794616,3562141.1375867752,0,0,0,1034504.9175818452,0,0,0,0,0,0,608780.4531610002,0,0,0,199228.68007398307,0,2962898.8548287894,4690096.748074651,4480552.025812756,0,0,0,0,0,0,0,0,0,0,0,0,0,0,0,0,0,0,0,0,0,0,0,0,0,0,0,0,0,0,0,0,0,0,0,0,0,0,0,0,0,0
1674000000,18-01-2023,10021756.242404554,61317509.26619806,0,0,14443027.569690058,1869836.6454092157,7884594.936563466,0,0,0,2043548.6314581977,0,0,0,0,0,0,743275.7254500003,0,0,0,0,0,5869131.40055004,8385538.112798032,7815269.24290701,0,627852.3931830392,0,0,0,0,0,0,0,0,0,0,0,0,0,0,0,0,0,0,0,0,0,0,0,0,0,0,0,0,0,0,0,0,0,0,0,0,0,0,0,0
1674086400,19-01-2023,7539041.6020866465,25224440.004802313,0,0,3818025.681452845,588303.7922750849,5378095.828346523,0,0,0,1448100.7846121427,0,0,0,0,0,0,518365.9146119999,0,0,0,0,0,2573321.0579660744,4083776.569811817,3773719.665067331,0,1130776.1671178145,0,0,0,0,0,0,0,0,0,0,0,0,0,0,0,0,0,0,0,0,0,0,0,0,0,0,0,0,0,0,0,0,0,0,0,0,0,0,0,0
1674172800,20-01-2023,6999633.211369964,33311842.71362655,0,0,4545341.310156622,785762.5039483277,7818475.3338116575,0,0,0,1565154.3762081414,0,0,0,0,0,0,1053151.867603,0,0,0,0,0,3630124.883568452,6303027.983571269,5725131.170221125,0,574216.7336930943,0,0,0,0,0,0,0,0,0,0,0,0,0,0,0,0,0,0,0,0,0,0,0,0,0,0,0,0,0,0,0,0,0,0,0,0,0,0,0,0
1674259200,21-01-2023,6662039.187138487,40384171.15304937,0,0,5752974.188368407,957770.3978716987,7883150.322012542,0,0,0,1416339.39025302,0,0,0,0,0,0,831574.4071059999,1153480.3820414988,0,0,0,0,4247859.40741015,6095822.8538645,5424677.969510622,0,0,0,0,0,0,0,0,0,0,0,0,0,0,0,0,0,0,0,0,0,0,0,0,0,0,0,0,0,0,0,0,0,0,0,0,0,0,0,0,0,0
1674345600,22-01-2023,7650597.271357248,26070423.872095052,0,0,4033527.2777103256,963519.4485782816,5564399.775046414,0,0,0,935712.283113159,0,0,0,0,0,0,771150.792305,0,0,0,0,0,2968767.9301960273,5092319.874390714,4582013.978925865,228922.0084565737,0,0,0,0,0,0,0,0,0,0,0,0,0,0,0,0,0,0,0,0,0,0,0,0,0,0,0,0,0,0,0,0,0,0,0,0,0,0,0,0,0
1674432000,23-01-2023,10687777.681897981,54127290.62729312,0,0,9395759.863411095,7390728.682601239,3937663.3639224423,0,0,0,1710169.3149548091,0,0,0,0,0,824433.2717752173,1882649.6547680001,0,0,0,0,0,5886999.295640437,4843215.715301762,4551511.870350897,0,0,0,0,0,0,0,0,0,0,0,0,0,0,0,0,0,0,0,0,0,0,0,0,0,0,0,0,0,0,0,0,0,0,0,0,0,0,0,0,0,0
1674518400,24-01-2023,5977945.89238815,25225107.16432966,0,0,5615830.285520267,5578395.763330711,4979965.793873756,0,0,0,1744015.3641702894,0,0,0,0,0,0,720315.8446849999,778959.2056816486,0,0,0,0,2908801.6392297773,3811605.723810932,3558536.7139577633,0,0,0,0,0,0,0,0,0,0,0,0,0,0,0,0,0,0,0,0,0,0,0,0,0,0,0,0,0,0,0,0,0,0,0,0,0,0,0,0,0,0
1674604800,25-01-2023,6109221.547071822,34548852.34042031,0,0,4558866.109787247,1661270.8220179158,7390642.579820986,0,0,0,1263732.491614863,0,0,0,0,0,0,751193.37951,386126.5284232884,0,0,0,0,4098346.089413391,5370047.273912245,4749975.760981503,0,0,0,0,0,0,0,0,0,0,0,0,0,0,0,0,0,0,0,0,0,0,0,0,0,0,0,0,0,0,0,0,0,0,0,0,0,0,0,0,0,0
1674691200,26-01-2023,6224396.640502338,28191156.596254323,0,0,4229941.08648027,1414569.267683179,4699382.04865398,0,0,0,926747.9787944261,0,0,0,0,0,0,1158983.470079,0,0,0,0,0,3944565.2753833816,5945253.106030849,5444769.255691123,0,303247.77641808556,0,0,0,0,0,0,0,0,0,0,0,0,0,0,0,0,0,0,0,0,0,0,0,0,0,0,0,0,0,0,0,0,0,0,0,0,0,0,0,0
1674777600,27-01-2023,5853087.005896636,22599156.13168775,0,0,3969441.8889968307,2568936.3059712155,4598132.333525596,0,0,0,686649.7111223203,0,0,0,0,0,0,1389427.879277,0,0,0,306680.53617145977,0,2682071.465816253,3589273.5625848784,3330869.410139198,0,0,0,0,0,0,0,0,0,0,0,0,0,0,0,0,0,0,0,0,0,0,0,0,0,0,0,0,0,0,0,0,0,0,0,0,0,0,0,0,0,0
1674864000,28-01-2023,5463659.5306201875,16491653.975918557,0,0,2888796.5220799404,1249143.747843671,3364935.1443168907,0,0,0,583941.3500549418,0,0,0,0,0,0,630958.325555,0,0,0,0,0,1745174.4713413175,2946383.08049071,2748196.1242796225,0,140758.4232267381,0,0,0,0,0,0,0,0,0,0,0,0,0,0,0,0,0,0,0,0,0,0,0,0,0,0,0,0,0,0,0,0,0,0,0,0,0,0,0,0
1674950400,29-01-2023,7108593.578026103,30402602.52420432,0,0,4716417.370490568,1532104.6408422678,5410612.89889752,0,0,0,1198473.104396825,0,0,0,0,0,0,643925.6770550001,0,0,0,295642.3950677236,0,2869179.336452103,6051512.631949341,5522444.443484626,0,0,0,0,0,0,0,0,0,0,0,0,0,0,0,0,0,0,0,0,0,0,0,0,0,0,0,0,0,0,0,0,0,0,0,0,0,0,0,0,0,0
1675036800,30-01-2023,14416134.798544299,30101889.69984504,0,0,4016628.858603376,1157278.6499449932,6625464.0225432,0,0,0,1307576.8209375471,0,0,0,0,0,0,675958.6674099999,0,0,0,284765.3338367426,0,2741885.204288776,5959596.175927364,5348711.682453051,0,0,0,0,0,0,0,0,0,0,0,0,0,0,0,0,0,0,0,0,0,0,0,0,0,0,0,0,0,0,0,0,0,0,0,0,0,0,0,0,0,0
1675123200,31-01-2023,3830350.839397336,19192825.458998434,0,0,2012527.912008962,1122945.1906386993,3037682.437418212,0,0,0,746447.4056133308,0,0,0,0,0,0,557005.229026,429934.233647186,0,0,0,0,1920434.1019737823,2855548.5373298596,2626757.7757578357,0,0,0,0,0,0,0,0,0,0,0,0,0,0,0,0,0,0,0,0,0,0,0,0,0,0,0,0,0,0,0,0,0,0,0,0,0,0,0,0,0,0
1675209600,01-02-2023,5229296.967906055,36011580.04664019,0,0,3788872.938927559,1243850.9838442353,6937525.090087397,0,0,0,1323494.1934050564,0,0,0,0,0,0,1022852.3300000002,0,0,0,0,0,3034358.024170122,6514453.427163058,5904631.297908536,0,487201.7636887198,0,0,0,0,0,0,0,0,0,0,0,0,0,0,0,0,0,0,0,0,0,0,0,0,0,0,0,0,0,0,0,0,0,0,0,0,0,0,0,0
1675296000,02-02-2023,5307845.0059602475,30839784.345850155,0,0,4115038.500977856,1581635.40239796,5925805.927017826,0,0,0,1070819.071989581,0,0,0,0,0,0,730389.55783,0,0,0,216489.1337688842,0,2387656.20691268,5586394.695456234,5121888.232762307,0,0,0,0,0,0,0,0,0,0,0,0,0,0,0,0,0,0,0,0,0,0,0,0,0,0,0,0,0,0,0,0,0,0,0,0,0,0,0,0,0,0
1675382400,03-02-2023,5029883.565907458,23836974.61542439,0,0,2961437.5183623,1106432.76309664,3739450.967779226,0,0,0,761413.0087037331,0,0,0,0,0,0,571263.2208519998,0,0,0,240600.36836304134,0,2058190.9632178769,4251533.611232515,3854784.6989587676,0,0,0,0,0,0,0,0,0,0,0,0,0,0,0,0,0,0,0,0,0,0,0,0,0,0,0,0,0,0,0,0,0,0,0,0,0,0,0,0,0,0
1675468800,04-02-2023,9930003.185475742,18014681.978195913,0,0,2207944.396116994,613758.4714667321,1958996.644835298,0,0,0,610788.686115257,0,0,0,0,0,0,608793.3280220001,0,0,0,0,0,1233671.6247909903,4011668.972889011,3830469.357394421,0,233469.17851330887,0,0,0,0,0,0,0,0,0,0,0,0,0,0,0,0,0,0,0,0,0,0,0,0,0,0,0,0,0,0,0,0,0,0,0,0,0,0,0,0
1675555200,05-02-2023,8320110.017215881,21781026.224969495,0,0,3899802.1500450764,824410.0148650189,4211878.7914477205,0,0,0,601390.417664696,0,0,0,0,0,0,652541.483485,0,0,0,0,0,1647811.848899699,4378239.919050936,4173750.3047064855,161888.11263256904,0,0,0,0,0,0,0,0,0,0,0,0,0,0,0,0,0,0,0,0,0,0,0,0,0,0,0,0,0,0,0,0,0,0,0,0,0,0,0,0,0
1675641600,06-02-2023,3821107.1634127554,16818398.786936343,0,0,3034317.2803466786,851758.2259999608,3091769.9225100004,0,0,0,574365.6368087654,0,0,0,0,0,0,563266.952816,322273.245226083,0,0,0,0,1292119.3404616895,3462574.550738131,3298121.9659985774,0,0,0,0,0,0,0,0,0,0,0,0,0,0,0,0,0,0,0,0,0,0,0,0,0,0,0,0,0,0,0,0,0,0,0,0,0,0,0,0,0,0
1675728000,07-02-2023,8967333.1851234,21945733.7409481,0,0,3705204.8753645215,1026612.5428891522,4642045.315996541,0,0,0,772796.6282829618,0,0,0,0,0,0,532090.2242079999,0,0,0,301927.2631482537,0,1816878.731869983,3994436.431440591,3567689.3204960986,0,0,0,0,0,0,0,0,0,0,0,0,0,0,0,0,0,0,0,0,0,0,0,0,0,0,0,0,0,0,0,0,0,0,0,0,0,0,0,0,0,0
1675814400,08-02-2023,7069553.533284333,21290154.81951719,0,0,3720244.5432953457,1359559.8624112895,3747179.392315131,0,0,0,1058573.3776109745,0,0,0,0,0,0,565682.105118,0,0,0,380009.3056287552,0,2176695.2568537425,4022464.8961032517,3717191.015895714,0,0,0,0,0,0,0,0,0,0,0,0,0,0,0,0,0,0,0,0,0,0,0,0,0,0,0,0,0,0,0,0,0,0,0,0,0,0,0,0,0,0
1675900800,09-02-2023,5446432.485795889,26673845.71490826,0,0,5740237.64141071,2755057.539108377,7559314.315040955,0,0,0,1635370.8746351013,0,0,0,0,0,0,701720.2584490001,454281.6161537747,0,0,0,0,3094533.052261913,5246261.513483072,4904226.039035332,0,0,0,0,0,0,0,0,0,0,0,0,0,0,0,0,0,0,0,0,0,0,0,0,0,0,0,0,0,0,0,0,0,0,0,0,0,0,0,0,0,0
1675987200,10-02-2023,4370621.517825246,30055179.512977906,0,0,6696734.382451853,11185940.235461062,4493643.623624926,0,0,0,1665241.0873844489,0,0,0,0,0,653181.3849509005,540354.5126400001,0,0,0,0,0,2934501.3987470176,4604227.098186432,4314277.226822461,0,0,0,0,0,0,0,0,0,0,0,0,0,0,0,0,0,0,0,0,0,0,0,0,0,0,0,0,0,0,0,0,0,0,0,0,0,0,0,0,0,0
1676073600,11-02-2023,2233761.1687027565,10842762.245953277,0,0,2481912.861760068,1052162.4932811465,1678303.7097889015,0,0,0,515763.609013063,0,0,0,0,0,0,490753.660247,0,0,0,0,0,1004951.0227952304,1807669.7953273708,1724231.501866086,0,150621.12300660377,0,0,0,0,0,0,0,0,0,0,0,0,0,0,0,0,0,0,0,0,0,0,0,0,0,0,0,0,0,0,0,0,0,0,0,0,0,0,0,0
1676160000,12-02-2023,3874425.117815476,15212671.109037211,0,0,2892557.753199261,1803937.0704897414,3888023.0111119957,0,0,0,990925.711903847,0,0,0,0,0,0,453395.99344400014,297100.70813864993,0,0,0,0,1690088.6034688856,2491565.5870530857,2183533.4229924325,0,0,0,0,0,0,0,0,0,0,0,0,0,0,0,0,0,0,0,0,0,0,0,0,0,0,0,0,0,0,0,0,0,0,0,0,0,0,0,0,0,0
1676246400,13-02-2023,4366296.752591394,23672808.99337352,0,0,6352124.365639069,3241594.742371232,6208530.77209117,0,0,0,1549867.454176691,0,0,0,0,0,0,492250.2277329999,0,0,0,0,0,2087149.7645454665,4195550.878509242,3750784.012365617,0,2059961.7715274973,0,0,0,0,0,0,0,0,0,0,0,0,0,0,0,0,0,0,0,0,0,0,0,0,0,0,0,0,0,0,0,0,0,0,0,0,0,0,0,0
1676332800,14-02-2023,4066375.8284991677,28495586.478096154,0,0,4557856.325021127,2312599.1484767916,8520477.670808274,0,0,0,1119949.0926592725,0,0,0,0,0,0,440849.5219750001,0,0,0,0,0,2169077.6307657436,3477258.011318429,3336368.711726161,0,1631767.949452537,0,0,0,0,0,0,0,0,0,0,0,0,0,0,0,0,0,0,0,0,0,0,0,0,0,0,0,0,0,0,0,0,0,0,0,0,0,0,0,0
1676419200,15-02-2023,4325208.780030587,21772431.389050744,0,0,3068343.710556525,2743970.7170979413,8134280.566895849,0,0,0,677659.5168975727,0,0,0,0,0,0,583884.8295949999,0,0,0,0,0,1929470.3392325863,4485471.945843462,4226567.042107181,0,340352.810366179,0,0,0,0,0,0,0,0,0,0,0,0,0,0,0,0,0,0,0,0,0,0,0,0,0,0,0,0,0,0,0,0,0,0,0,0,0,0,0,0
1676505600,16-02-2023,5001944.218249746,33826161.19272961,0,0,5066482.060800943,4692955.825571917,9576834.525024325,0,0,0,1043491.3743589245,0,0,0,0,0,0,647147.3110089999,0,0,0,0,0,2794611.163213638,5587954.392172869,5313446.626207318,0,1345888.8484398639,0,0,0,0,0,0,0,0,0,0,0,0,0,0,0,0,0,0,0,0,0,0,0,0,0,0,0,0,0,0,0,0,0,0,0,0,0,0,0,0
1676592000,17-02-2023,3474571.7840708895,22739861.375337858,0,0,2471210.3019886436,2264537.9096535696,4793719.871899645,0,0,0,577757.7762790064,0,0,0,0,0,0,464054.2246239999,0,0,0,0,0,1868981.0025135088,4378246.27248714,4131795.352489551,0,1646537.1208104067,0,0,0,0,0,0,0,0,0,0,0,0,0,0,0,0,0,0,0,0,0,0,0,0,0,0,0,0,0,0,0,0,0,0,0,0,0,0,0,0
1676678400,18-02-2023,4066018.5762562333,22979708.330688722,0,0,3487501.2443042747,3076558.2695879126,2659999.719880764,0,0,0,724852.0756991524,0,0,0,0,0,0,1329976.2440189992,0,0,0,0,0,1623303.4704363022,2861781.440739248,2685980.6102075777,0,514378.56266777887,0,0,0,0,0,0,0,0,0,0,0,0,0,0,0,0,0,0,0,0,0,0,0,0,0,0,0,0,0,0,0,0,0,0,0,0,0,0,0,0
1676764800,19-02-2023,5889316.751373887,36974415.13667793,0,0,6316717.072561029,4060049.895449331,10395823.818397176,0,0,0,1145393.353097776,0,0,0,0,0,0,4023899.5242799986,0,0,0,430021.34763915406,0,3356382.947815163,4171864.5715593407,3744543.9682057756,0,0,0,0,0,0,0,0,0,0,0,0,0,0,0,0,0,0,0,0,0,0,0,0,0,0,0,0,0,0,0,0,0,0,0,0,0,0,0,0,0,0
1676851200,20-02-2023,5850636.032349703,36291308.602183744,0,0,5018862.584381878,3684574.195567432,12889588.079210298,0,0,0,1212989.5097471355,0,0,0,0,0,0,1786282.701323,0,0,0,0,0,4219582.155268229,6434851.713129856,5870904.665856141,0,1365865.1669096837,0,0,0,0,0,0,0,0,0,0,0,0,0,0,0,0,0,0,0,0,0,0,0,0,0,0,0,0,0,0,0,0,0,0,0,0,0,0,0,0
1676937600,21-02-2023,5003730.864206253,36537644.297435954,0,0,4423942.895912903,3132534.4575521424,10038597.818154123,0,0,0,1233558.7780261391,0,0,0,0,0,0,872736.5293030001,0,0,0,0,0,3435090.084458717,4240799.962304679,3880256.9981909203,0,1190068.1882288326,0,0,0,0,0,0,0,0,0,0,0,0,0,0,0,0,0,0,0,0,0,0,0,0,0,0,0,0,0,0,0,0,0,0,0,0,0,0,0,0
1677024000,22-02-2023,4201305.0930587575,27551901.891091645,0,0,3660100.1681914544,3473940.7624090686,10274973.662125815,0,0,0,1403202.4481246236,0,0,0,0,0,0,835124.9746120002,0,0,0,0,0,3091103.525430572,4694592.597833823,3913187.1002904046,0,506353.3154443998,0,0,0,0,0,0,0,0,0,0,0,0,0,0,0,0,0,0,0,0,0,0,0,0,0,0,0,0,0,0,0,0,0,0,0,0,0,0,0,0
1677110400,23-02-2023,4528180.436273472,19509061.949508213,0,0,2462558.497231273,2141244.5638479795,6354645.433295449,0,0,0,770697.6757826433,0,0,0,0,0,0,640202.3217680001,0,0,0,0,0,2308511.8315011496,3259369.7976732343,2849286.000880004,0,327018.68570092134,0,0,0,0,0,0,0,0,0,0,0,0,0,0,0,0,0,0,0,0,0,0,0,0,0,0,0,0,0,0,0,0,0,0,0,0,0,0,0,0
1677196800,24-02-2023,4976330.256701792,26971987.93955194,0,0,3693952.952095167,2739290.027422427,7912929.753135316,0,0,0,1123303.435756992,0,0,0,0,0,0,729549.9502489999,0,0,0,0,0,2871157.0059174597,3744137.004977698,3420990.6798682557,0,502067.4498341614,0,0,0,0,0,0,0,0,0,0,0,0,0,0,0,0,0,0,0,0,0,0,0,0,0,0,0,0,0,0,0,0,0,0,0,0,0,0,0,0
1677283200,25-02-2023,632740.9862219637,3411094.072357117,0,0,474211.9871165523,160302.14531948292,1019046.8169801394,0,0,0,101867.64731553981,0,0,0,0,0,0,101203.46562799999,0,0,0,44337.40758414283,0,356811.6951733315,608348.2847742036,581664.7609941502,0,0,0,0,0,0,0,0,0,0,0,0,0,0,0,0,0,0,0,0,0,0,0,0,0,0,0,0,0,0,0,0,0,0,0,0,0,0,0,0,0,0
1677369600,26-02-2023,2641921.433572254,15737833.90215553,0,0,2279064.278570001,2023054.409230574,4138909.923606024,0,0,0,586350.5290476134,0,0,0,0,0,0,766723.3472580002,143929.74923817127,0,0,0,0,1702139.3322787315,2373789.571709712,2125968.3918153695,0,0,0,0,0,0,0,0,0,0,0,0,0,0,0,0,0,0,0,0,0,0,0,0,0,0,0,0,0,0,0,0,0,0,0,0,0,0,0,0,0,0
1677456000,27-02-2023,2745447.6894958382,15914099.466055881,0,0,2245727.383017012,1725018.1218415143,4232356.239768427,0,0,0,696051.5415826656,0,0,0,0,0,0,825167.1872429999,173934.1262083047,0,0,0,0,1822513.4785913117,2369924.5905619515,2105234.246853906,0,0,0,0,0,0,0,0,0,0,0,0,0,0,0,0,0,0,0,0,0,0,0,0,0,0,0,0,0,0,0,0,0,0,0,0,0,0,0,0,0,0
1677542400,28-02-2023,4381012.962085571,16192170.030497015,0,0,2828303.7997860094,1477001.569117475,4181856.7711025523,0,0,0,586173.9245107482,0,0,0,0,0,0,634081.5917100001,0,0,0,0,0,1769568.5856315948,2804743.1686391872,2565828.8878191663,0,284840.9062390586,0,0,0,0,0,0,0,0,0,0,0,0,0,0,0,0,0,0,0,0,0,0,0,0,0,0,0,0,0,0,0,0,0,0,0,0,0,0,0,0
1677628800,01-03-2023,2567781.2198262797,15827254.967655897,0,0,1981263.626849663,1548124.2488084892,3438520.6542093595,0,0,199572.53677391284,613037.4562825126,0,0,0,0,0,0,547977.5177259999,0,0,0,0,0,2070093.700387285,2322514.2716394197,2058673.1076399162,0,0,0,0,0,0,0,0,0,0,0,0,0,0,0,0,0,0,0,0,0,0,0,0,0,0,0,0,0,0,0,0,0,0,0,0,0,0,0,0,0,0
1677715200,02-03-2023,4760445.490782678,13876111.76309841,0,0,3278537.699184211,1876833.465211361,2991108.434767055,0,0,0,802992.2192245437,0,0,0,0,0,0,846741.3525379999,0,0,0,0,0,2244037.9381431094,1768074.2212605723,1613570.82719004,233617.7765298072,0,0,0,0,0,0,0,0,0,0,0,0,0,0,0,0,0,0,0,0,0,0,0,0,0,0,0,0,0,0,0,0,0,0,0,0,0,0,0,0,0
1677801600,03-03-2023,3808360.724052089,18397845.521554768,0,0,3971779.0529976403,1401775.0356859863,4574273.002907858,0,0,0,940675.1215098682,0,0,0,0,0,0,814535.8664640001,0,0,0,0,0,2442572.947981781,2909160.334387871,2553228.5550634107,0,1614422.117038984,0,0,0,0,0,0,0,0,0,0,0,0,0,0,0,0,0,0,0,0,0,0,0,0,0,0,0,0,0,0,0,0,0,0,0,0,0,0,0,0
1677888000,04-03-2023,1922333.119383682,12566254.3206769,0,0,1352794.1572603413,680845.2246967885,2618769.322481812,0,0,0,742579.2284970557,0,0,0,0,0,0,484469.67290799995,3433438.1301870174,0,0,0,0,1420620.6040868964,2063005.4546018925,1778153.4794466253,0,0,0,0,0,0,0,0,0,0,0,0,0,0,0,0,0,0,0,0,0,0,0,0,0,0,0,0,0,0,0,0,0,0,0,0,0,0,0,0,0,0
1677974400,05-03-2023,1961609.0729489664,12762494.315300435,0,0,1327236.6720252647,963169.1715154903,2545880.3246494816,0,0,0,477379.7168420379,0,0,0,0,0,0,524382.139214,0,0,0,0,0,1488493.934866948,1724557.3361129118,1350078.4102679433,0,716561.9825475613,0,0,0,0,0,0,0,0,0,0,0,0,0,0,0,0,0,0,0,0,0,0,0,0,0,0,0,0,0,0,0,0,0,0,0,0,0,0,0,0
1678060800,06-03-2023,2062104.2030591273,10234161.988627026,0,0,2092485.2842096519,1019303.6229573583,2822350.3839027886,0,0,0,503938.078804325,0,0,0,0,0,0,528556.399707,0,0,0,0,0,1646197.178358051,1404820.6826406883,1124548.0907216384,156540.4033513307,0,0,0,0,0,0,0,0,0,0,0,0,0,0,0,0,0,0,0,0,0,0,0,0,0,0,0,0,0,0,0,0,0,0,0,0,0,0,0,0,0
1678147200,07-03-2023,2627326.7031120434,17882980.085334875,0,0,2739126.2596995356,1367384.4053332144,5808814.363599965,0,0,0,891287.5049213235,0,0,0,0,0,0,735798.2925770001,0,0,0,0,0,1607821.5543923639,2393984.870420313,2020169.316989195,306101.6885603535,0,0,0,0,0,0,0,0,0,0,0,0,0,0,0,0,0,0,0,0,0,0,0,0,0,0,0,0,0,0,0,0,0,0,0,0,0,0,0,0,0
1678233600,08-03-2023,4656799.674732407,19225694.774581455,0,0,3883409.0321568768,2033658.4131274675,7069931.736304703,0,0,0,1089549.5384778008,0,0,0,0,0,0,584419.8949679999,0,0,0,0,0,2015859.2999152006,3408195.5163799836,2925280.2789192745,477649.6122960742,0,0,0,0,0,0,0,0,0,0,0,0,0,0,0,0,0,0,0,0,0,0,0,0,0,0,0,0,0,0,0,0,0,0,0,0,0,0,0,0,0
1678320000,09-03-2023,7062919.957938333,26658626.795251247,0,0,6173287.871090432,3498604.3457226157,12025527.602118209,0,0,0,1199792.0381261983,0,0,0,0,0,0,751430.8122690001,0,0,0,0,0,2847405.996992338,3997818.212151932,3412115.2253861874,890423.326308872,0,0,0,0,0,0,0,0,0,0,0,0,0,0,0,0,0,0,0,0,0,0,0,0,0,0,0,0,0,0,0,0,0,0,0,0,0,0,0,0,0
1678406400,10-03-2023,7615343.411108857,36341488.61836731,0,0,17037334.504375543,13065551.990124047,15663223.05577297,0,0,0,1812887.7168561725,0,0,0,0,0,0,669279.7561730001,0,0,0,0,0,4326977.091552205,5604730.156942031,4774333.574861204,1572766.4988180993,0,0,0,0,0,0,0,0,0,0,0,0,0,0,0,0,0,0,0,0,0,0,0,0,0,0,0,0,0,0,0,0,0,0,0,0,0,0,0,0,0
1678492800,11-03-2023,24660056.220966797,67232970.20403713,2749758.7175188805,0,29457583.05468779,50567401.4493045,0,0,0,0,3482582.6723065916,0,0,0,0,0,0,1300608.0023120001,0,0,0,0,0,9734298.824302254,3062368.3544225823,3114570.1907995273,1509027.3297318914,0,0,0,0,0,0,0,0,0,0,0,0,0,0,0,0,0,0,0,0,0,0,0,0,0,0,0,0,0,0,0,0,0,0,0,0,0,0,0,0,0
1678579200,12-03-2023,5115953.739902255,32849103.06511345,502213.18057978526,0,9898954.170796547,20060655.829013668,407522.4370352341,0,0,0,1141142.9631104271,0,0,0,0,0,0,810590.9487149798,0,0,0,0,562871.2194537859,2358337.9260717556,0,3345641.270262721,0,0,0,0,0,0,0,0,0,0,0,0,0,0,0,0,0,0,0,0,0,0,0,0,0,0,0,0,0,0,0,0,0,0,0,0,0,0,0,0,0,0
1678665600,13-03-2023,6309683.846208236,51518120.02205305,307681.4437707343,0,10930121.77451115,17959747.001852017,9974257.816603612,0,0,0,854039.8138397844,0,0,0,0,0,0,692123.6163508195,0,0,0,0,0,4521253.243090559,0,5435057.501560725,974308.0273940967,0,0,0,0,0,0,0,0,0,0,0,0,0,0,0,0,0,0,0,0,0,0,0,0,0,0,0,0,0,0,0,0,0,0,0,0,0,0,0,0,0
1678752000,14-03-2023,5459179.445005888,36836036.570501804,0,0,8666099.759682499,11510305.634091586,8502132.896876855,0,0,0,1155756.8465460856,0,0,0,0,0,0,957356.3725209588,0,0,0,0,0,4121566.8491252214,2918516.256645526,5283820.257078941,689387.1573000164,0,0,0,0,0,0,0,0,0,0,0,0,0,0,0,0,0,0,0,0,0,0,0,0,0,0,0,0,0,0,0,0,0,0,0,0,0,0,0,0,0
1678838400,15-03-2023,4459953.263553619,36015038.019365706,0,0,7662738.4624988185,10361008.384685885,7909697.238265924,0,0,0,1186266.8358075975,0,0,0,0,0,0,820782.281600558,0,0,0,0,0,3146607.5771173346,6005364.374886561,5440822.6189181935,649126.8654998892,0,0,0,0,0,0,0,0,0,0,0,0,0,0,0,0,0,0,0,0,0,0,0,0,0,0,0,0,0,0,0,0,0,0,0,0,0,0,0,0,0
1678924800,16-03-2023,3583777.025844381,24943616.094305553,0,0,4610116.695002047,5778982.522264236,6652517.362443112,0,0,0,958126.7857765998,0,0,0,0,0,0,722962.6514666068,0,0,0,0,0,2170158.9309524107,3556494.800792143,2993789.8338465355,423908.8779559071,0,0,0,0,0,0,0,0,0,0,0,0,0,0,0,0,0,0,0,0,0,0,0,0,0,0,0,0,0,0,0,0,0,0,0,0,0,0,0,0,0
1679011200,17-03-2023,5913003.248705817,32229873.660282172,0,0,6270283.832689787,8329210.268200277,7982088.760566176,0,0,0,1407324.9635200207,0,0,0,0,0,0,776678.8189009721,0,0,0,0,0,3084693.37647428,4430375.607431155,3875991.892402412,631149.9472026784,0,0,0,0,0,0,0,0,0,0,0,0,0,0,0,0,0,0,0,0,0,0,0,0,0,0,0,0,0,0,0,0,0,0,0,0,0,0,0,0,0
1679097600,18-03-2023,5995930.596990426,37247244.39295194,0,0,6697462.379504907,9978459.550160395,10209901.876491839,0,0,0,1556008.1684464247,0,0,0,0,0,0,1548804.4482170413,0,0,0,0,0,4122797.3543289863,5712308.821595881,5143671.138783698,750843.2410132828,0,0,0,0,0,0,0,0,0,0,0,0,0,0,0,0,0,0,0,0,0,0,0,0,0,0,0,0,0,0,0,0,0,0,0,0,0,0,0,0,0
1679184000,19-03-2023,3143114.7447340023,24687060.539100837,0,0,3627767.5902869604,6199640.77691396,7858780.055520083,0,0,0,955529.5726583167,0,0,0,0,0,0,987023.5202638297,0,0,0,0,0,2831377.6016251245,3433203.0695177666,3133895.5578525956,0,392361.92414175125,0,0,0,0,0,0,0,0,0,0,0,0,0,0,0,0,0,0,0,0,0,0,0,0,0,0,0,0,0,0,0,0,0,0,0,0,0,0,0,0
1679270400,20-03-2023,5643636.681892325,50276103.184219204,0,0,8419621.936068874,11641996.357407467,16221675.714964852,0,0,0,1492283.8464047178,0,0,0,0,0,0,734168.7303426939,0,0,0,0,0,6161291.678474811,6230299.685955071,5722830.357543792,710046.0939367143,0,0,0,0,0,0,0,0,0,0,0,0,0,0,0,0,0,0,0,0,0,0,0,0,0,0,0,0,0,0,0,0,0,0,0,0,0,0,0,0,0
1679356800,21-03-2023,4345735.275374076,34767004.36171523,0,0,5964828.1674758885,8808429.220931612,10848133.905403689,0,0,0,1071084.1924215264,0,0,0,0,0,0,609432.5476842878,0,0,0,0,0,4397716.991988047,4408653.579363225,3953307.9360952917,467181.30949871725,0,0,0,0,0,0,0,0,0,0,0,0,0,0,0,0,0,0,0,0,0,0,0,0,0,0,0,0,0,0,0,0,0,0,0,0,0,0,0,0,0
1679443200,22-03-2023,4088484.0886972426,35293738.49750809,0,0,5783124.991965742,4704789.988671697,9380698.420876293,0,0,0,1360212.2592688138,0,0,0,0,0,0,624818.6249244722,0,0,0,0,0,4429153.536338247,5016232.076466383,4231513.271949983,648296.7998110866,0,0,0,0,0,0,0,0,0,0,0,0,0,0,0,0,0,0,0,0,0,0,0,0,0,0,0,0,0,0,0,0,0,0,0,0,0,0,0,0,0
1679529600,23-03-2023,3304857.8790138857,22053205.80047716,0,0,4264926.578190082,2543491.913242004,6331777.666605378,0,0,0,759792.4399653568,0,0,0,0,0,0,539301.659916049,0,0,0,0,0,2510029.245574435,3540283.0199188944,3058916.563097064,369490.13055102655,0,0,0,0,0,0,0,0,0,0,0,0,0,0,0,0,0,0,0,0,0,0,0,0,0,0,0,0,0,0,0,0,0,0,0,0,0,0,0,0,0
1679616000,24-03-2023,2467597.098310574,24527577.554234404,0,0,3813613.9424009994,1699232.985388537,6242443.865203442,0,0,0,912948.1269283363,0,0,0,0,0,0,475517.8714272484,0,0,0,0,0,2577836.5302182417,4643486.740310508,4135704.283321509,444413.73640895064,0,0,0,0,0,0,0,0,0,0,0,0,0,0,0,0,0,0,0,0,0,0,0,0,0,0,0,0,0,0,0,0,0,0,0,0,0,0,0,0,0
1679702400,25-03-2023,2665351.6572395265,14268573.713300424,0,0,2168361.647090855,1067246.123127279,3646460.0221059406,0,0,0,421946.8110669409,0,0,0,0,0,0,494164.95099930983,0,0,0,0,0,1671213.5657265345,1962767.2033959609,1707494.6792238457,288858.3436490999,0,0,0,0,0,0,0,0,0,0,0,0,0,0,0,0,0,0,0,0,0,0,0,0,0,0,0,0,0,0,0,0,0,0,0,0,0,0,0,0,0
1679788800,26-03-2023,1882873.9678977916,14775772.189108633,0,0,2152578.6761613763,989635.1441468389,2484755.9708398515,0,0,0,636116.5029764114,0,0,0,0,0,0,396144.70957422856,0,0,0,0,0,1485496.4659419064,1256216.5820175237,1090914.6457615248,308720.75669796957,0,0,0,0,0,0,0,0,0,0,0,0,0,0,0,0,0,0,0,0,0,0,0,0,0,0,0,0,0,0,0,0,0,0,0,0,0,0,0,0,0
1679875200,27-03-2023,2250620.7347501116,16415235.488859583,0,0,2944089.6579040005,716842.0881356113,4345334.227799973,0,0,0,762488.1042549103,0,0,0,0,0,0,476354.13166689826,299275.6720818407,0,0,0,0,2050613.2799294707,2385480.971546078,2148692.4277913524,0,0,0,0,0,0,0,0,0,0,0,0,0,0,0,0,0,0,0,0,0,0,0,0,0,0,0,0,0,0,0,0,0,0,0,0,0,0,0,0,0,0
1679961600,28-03-2023,2430441.3487521857,17392491.570293404,0,0,3266149.4345908975,578637.0096885276,4746231.755901342,0,0,0,740346.1576963281,0,0,0,0,0,0,396816.9752207437,0,0,0,0,0,2440251.731661125,1901868.2119580358,1779604.0707618683,0,216495.72597187554,0,0,0,0,0,0,0,0,0,0,0,0,0,0,0,0,0,0,0,0,0,0,0,0,0,0,0,0,0,0,0,0,0,0,0,0,0,0,0,0
1680048000,29-03-2023,2017230.1866745998,16427657.359098837,0,0,3141632.4121598303,614667.5437105625,3861520.6837309543,0,0,227675.60552142997,888795.8444286383,0,0,0,0,0,0,480688.46042469,0,0,0,0,0,2110477.865247434,2540276.025749987,2361911.3031347496,0,0,0,0,0,0,0,0,0,0,0,0,0,0,0,0,0,0,0,0,0,0,0,0,0,0,0,0,0,0,0,0,0,0,0,0,0,0,0,0,0,0
1680134400,30-03-2023,2148212.0051481132,23723309.06088091,0,0,4186628.2058122377,494134.97024975065,5193370.707973257,0,0,0,1336669.9723745892,0,0,0,0,0,0,490171.79768288974,249605.77365119263,0,0,0,0,2607418.8599667223,2636737.092927063,2445451.7561317245,0,0,0,0,0,0,0,0,0,0,0,0,0,0,0,0,0,0,0,0,0,0,0,0,0,0,0,0,0,0,0,0,0,0,0,0,0,0,0,0,0,0
1680220800,31-03-2023,2238940.5808722163,19292746.82610026,0,0,4413840.683145906,508257.9883794219,4235294.963643691,0,0,0,1395124.1910868622,0,0,0,0,0,0,457595.9340076644,0,403081.0024497453,0,0,0,2278724.0068878043,2351559.755141018,2169686.472339627,0,0,0,0,0,0,0,0,0,0,0,0,0,0,0,0,0,0,0,0,0,0,0,0,0,0,0,0,0,0,0,0,0,0,0,0,0,0,0,0,0,0
1680307200,01-04-2023,1748060.885300416,13975374.936371932,0,0,2800623.9018650004,0,2354882.9129025815,0,0,0,1037186.9999210157,0,0,0,0,0,0,417647.11872752686,533319.5867633275,302195.4463409277,0,0,0,1823890.1855465265,1735132.54907097,1562411.7353230554,0,0,0,0,0,0,0,0,0,0,0,0,0,0,0,0,0,0,0,0,0,0,0,0,0,0,0,0,0,0,0,0,0,0,0,0,0,0,0,0,0,0
1680393600,02-04-2023,3730921.124044328,12227526.78423306,0,0,3325193.8357978207,367319.70615241857,2721777.712162939,0,0,0,704674.0442895748,0,0,0,0,0,0,479842.0166775298,0,317025.91315175453,0,0,0,2113498.3365117176,1593814.2758544125,1469773.8380773708,0,0,0,0,0,0,0,0,0,0,0,0,0,0,0,0,0,0,0,0,0,0,0,0,0,0,0,0,0,0,0,0,0,0,0,0,0,0,0,0,0,0
1680480000,03-04-2023,2751021.553476844,23888453.501055118,0,0,4077295.8374044662,734263.6586215448,5151370.114442354,0,0,0,1059812.3492345617,0,0,0,0,0,0,495250.6039780141,0,231020.9697756705,0,0,0,3011532.8572728313,2943080.2166026197,2772479.885463414,0,0,0,0,0,0,0,0,0,0,0,0,0,0,0,0,0,0,0,0,0,0,0,0,0,0,0,0,0,0,0,0,0,0,0,0,0,0,0,0,0,0
1680566400,04-04-2023,2098015.86323605,14851853.048388004,0,0,3015521.3648489085,295746.6118521775,3782007.0784436557,0,0,0,492974.4595996499,0,0,0,0,0,0,419892.779253762,0,0,0,111509.45538859618,0,1996225.5541962094,2364607.9029628774,2221565.3660974125,0,0,0,0,0,0,0,0,0,0,0,0,0,0,0,0,0,0,0,0,0,0,0,0,0,0,0,0,0,0,0,0,0,0,0,0,0,0,0,0,0,0
1680652800,05-04-2023,1973124.212419426,14026585.328592278,0,0,3766205.888094226,634040.7290513196,3188355.1483322387,0,0,0,976063.7689278097,0,0,0,0,0,0,436398.67604248115,0,0,0,0,0,1869100.233590929,1777892.4115238348,1653002.161187784,321587.18801708444,0,0,0,0,0,0,0,0,0,0,0,0,0,0,0,0,0,0,0,0,0,0,0,0,0,0,0,0,0,0,0,0,0,0,0,0,0,0,0,0,0
1680739200,06-04-2023,2266041.1602556724,12003210.066232543,0,0,2448506.760106726,430748.39226108004,3200227.657235232,0,0,0,403096.7756493835,0,0,0,0,0,0,367077.7286287405,121750.36711282494,0,0,0,0,1761373.6248982623,1507057.2410520157,1408131.2524088963,0,0,0,0,0,0,0,0,0,0,0,0,0,0,0,0,0,0,0,0,0,0,0,0,0,0,0,0,0,0,0,0,0,0,0,0,0,0,0,0,0,0
1680825600,07-04-2023,1701305.2551528355,11515022.043889685,0,0,2090580.3959591615,443675.981899735,2434635.3443107065,0,0,0,329426.36432628054,0,0,0,0,0,0,441622.7601191446,0,0,0,0,0,1300308.0325476967,1071534.6653112958,984212.3910644915,127637.04463257403,0,0,0,0,0,0,0,0,0,0,0,0,0,0,0,0,0,0,0,0,0,0,0,0,0,0,0,0,0,0,0,0,0,0,0,0,0,0,0,0,0
1680912000,08-04-2023,2308846.2476140684,7291830.957895527,0,0,1607276.2179878308,175907.29759878916,1973617.4392318004,0,0,0,277778.2427466761,0,0,0,0,0,0,606315.7479303534,0,0,0,0,0,1211796.4829584218,1419136.5999761033,1309929.7670784586,0,0,0,68611.40459142652,0,0,0,0,0,0,0,0,0,0,0,0,0,0,0,0,0,0,0,0,0,0,0,0,0,0,0,0,0,0,0,0,0,0,0,0,0,0
1680998400,09-04-2023,2482924.272702963,7417676.171906816,0,0,1745123.121965398,203711.9353473388,1866637.4907784488,0,0,0,317755.9874961552,0,0,0,0,0,0,684533.7817068106,95004.1451377672,0,0,0,0,1386795.9307697287,1188392.4810457053,1090100.9857735625,0,0,0,0,0,0,0,0,0,0,0,0,0,0,0,0,0,0,0,0,0,0,0,0,0,0,0,0,0,0,0,0,0,0,0,0,0,0,0,0,0,0
1681084800,10-04-2023,1753082.5543166867,11112262.258175649,0,0,2218252.2630738625,484267.37805925665,2229562.811662333,0,0,0,369442.3173100831,0,0,0,0,0,0,481901.2618537239,109481.92496770443,0,0,0,0,2618427.3333145077,1854776.996177669,1731843.8207648608,0,0,0,0,0,0,0,0,0,0,0,0,0,0,0,0,0,0,0,0,0,0,0,0,0,0,0,0,0,0,0,0,0,0,0,0,0,0,0,0,0,0
1681171200,11-04-2023,4315914.623034739,35383046.53737687,0,0,8719771.589391656,1316074.9931071468,9108214.237893673,0,0,0,1179417.1347932057,0,0,0,0,0,0,629267.8631497298,0,0,0,0,0,7171168.310696796,6313246.697036829,5807796.46584614,494531.0838880707,0,0,0,0,0,0,0,0,0,0,0,0,0,0,0,0,0,0,0,0,0,0,0,0,0,0,0,0,0,0,0,0,0,0,0,0,0,0,0,0,0
1681257600,12-04-2023,6098826.887659654,38264259.342889674,0,0,9128512.356846893,1351431.2896494267,10070227.89444323,0,0,0,1503298.0936301022,0,0,0,0,0,0,0,0,0,0,0,0,7993885.7891283855,5665220.3285477795,5022134.477541974,849012.9802101959,0,0,568731.226689039,0,0,0,0,0,0,0,0,0,0,0,0,0,0,0,0,0,0,0,0,0,0,0,0,0,0,0,0,0,0,0,0,0,0,0,0,0,0
1681344000,13-04-2023,5199599.306429438,24658442.05853327,0,0,6339105.431940508,998627.1084699519,5598565.577959081,0,0,0,910191.498276612,0,0,0,0,0,0,564083.911088023,0,0,0,0,0,5964748.4470786,5022105.606694884,4681229.16494337,0,0,0,366457.0422964393,0,0,0,0,0,0,0,0,0,0,0,0,0,0,0,0,0,0,0,0,0,0,0,0,0,0,0,0,0,0,0,0,0,0,0,0,0,0
1681430400,14-04-2023,3287978.2443049513,30820478.77232241,0,0,8321620.899151521,1625730.0513689257,6718845.410608873,0,0,0,3029073.2140770326,0,0,0,0,0,0,0,0,736254.1473438696,0,0,0,6416233.736507554,5845114.751238073,5337935.682653906,0,755124.6680178224,0,0,0,0,0,0,0,0,0,0,0,0,0,0,0,0,0,0,0,0,0,0,0,0,0,0,0,0,0,0,0,0,0,0,0,0,0,0,0,0
1681516800,15-04-2023,1684892.973022771,13117305.614588514,0,0,3562659.1930092587,425469.1612642014,2926185.0309129236,0,0,0,949598.4424882459,0,0,0,0,0,0,605560.2785368618,0,459662.15785924584,0,0,0,2778637.182625572,2186365.1029365957,1946481.3254264863,0,0,0,0,0,0,0,0,0,0,0,0,0,0,0,0,0,0,0,0,0,0,0,0,0,0,0,0,0,0,0,0,0,0,0,0,0,0,0,0,0,0
1681603200,16-04-2023,2295374.8607306937,16265826.995857619,0,0,3468314.1946872505,385262.03423302283,3804333.2541869152,0,0,0,1101939.6197076498,0,0,0,0,0,0,503941.0625057011,0,332002.13214582787,0,0,0,3591018.836049849,2775371.766971648,2426534.1279771617,0,0,0,0,0,0,0,0,0,0,0,0,0,0,0,0,0,0,0,0,0,0,0,0,0,0,0,0,0,0,0,0,0,0,0,0,0,0,0,0,0,0
1681689600,17-04-2023,3212527.617452349,30879850.829503655,0,0,6854562.700742066,872505.1275313452,7399500.621691297,0,0,0,2222009.7685525906,0,0,0,0,0,0,0,807911.6924689665,1079048.8499230149,0,0,0,5901668.994434455,4855665.004081966,4257404.311764457,0,0,0,0,0,0,0,0,0,0,0,0,0,0,0,0,0,0,0,0,0,0,0,0,0,0,0,0,0,0,0,0,0,0,0,0,0,0,0,0,0,0
1681776000,18-04-2023,2377040.8365409197,20702488.20375167,0,0,5098521.093351846,750944.0969470384,5466353.98001507,0,0,0,1063333.0936075829,0,0,0,0,0,0,0,825386.6971047365,636101.9327674704,0,0,0,4197005.857592876,3144588.3321941253,2851631.5154014695,0,0,0,0,0,0,0,0,0,0,0,0,0,0,0,0,0,0,0,0,0,0,0,0,0,0,0,0,0,0,0,0,0,0,0,0,0,0,0,0,0,0
1681862400,19-04-2023,3668337.069316188,29127459.516917285,0,0,6910546.725152111,1063631.088290002,8146621.274733114,0,0,0,2061670.340667462,0,0,0,0,0,0,586214.8360459494,0,1372610.1538252828,0,0,0,5943909.383195486,6142852.67402276,5471273.752042749,0,0,0,0,0,0,0,0,0,0,0,0,0,0,0,0,0,0,0,0,0,0,0,0,0,0,0,0,0,0,0,0,0,0,0,0,0,0,0,0,0,0
1681948800,20-04-2023,2699040.8308593105,29407916.3436296,0,0,6127041.447289395,701460.8472850372,8967306.010911912,0,0,0,1559597.4602682532,0,0,0,0,0,0,539578.5203781636,0,1168728.6614277815,0,0,0,5293630.619986971,5830202.784209112,5254926.073387937,0,0,0,0,0,0,0,0,0,0,0,0,0,0,0,0,0,0,0,0,0,0,0,0,0,0,0,0,0,0,0,0,0,0,0,0,0,0,0,0,0,0
1682035200,21-04-2023,2505656.0629161363,22725664.510092936,0,0,4512127.493328498,0,6233943.037295076,0,0,0,1870827.630367586,0,0,0,0,0,0,477514.6101592821,0,1110158.2896560533,0,0,0,4043667.0705755893,4726306.083631675,4376442.998580301,0,436964.01381194196,0,0,0,0,0,0,0,0,0,0,0,0,0,0,0,0,0,0,0,0,0,0,0,0,0,0,0,0,0,0,0,0,0,0,0,0,0,0,0,0
1682121600,22-04-2023,2006743.6839376937,9868419.823507229,0,0,1874389.605870551,0,3014216.656323945,0,0,0,629829.4912470622,0,0,0,0,0,0,362479.3362029806,0,587323.5622080186,0,502105.96706305817,0,2146928.9134199256,2437878.587760665,2234736.418264549,0,0,0,0,0,0,0,0,0,0,0,0,0,0,0,0,0,0,0,0,0,0,0,0,0,0,0,0,0,0,0,0,0,0,0,0,0,0,0,0,0,0
1682208000,23-04-2023,2041786.4638262766,13869714.674480774,0,0,3016171.262919801,0,3669311.3658884047,0,0,0,1034580.6429459049,0,0,0,0,0,0,400812.6813970619,0,830191.0191909143,0,358837.01315579936,0,2539569.8159410395,2521096.6961577777,2114949.046529365,0,0,0,0,0,0,0,0,0,0,0,0,0,0,0,0,0,0,0,0,0,0,0,0,0,0,0,0,0,0,0,0,0,0,0,0,0,0,0,0,0,0
1682294400,24-04-2023,2579780.0423814035,15342027.393750824,0,0,3343146.85567814,398651.4101075653,4317141.938949493,0,0,0,1266929.1973413373,0,0,0,0,0,0,431494.6525571211,0,545188.5431801449,0,0,0,3040366.79608815,2996754.3013015445,2657935.8097742475,0,0,0,0,0,0,0,0,0,0,0,0,0,0,0,0,0,0,0,0,0,0,0,0,0,0,0,0,0,0,0,0,0,0,0,0,0,0,0,0,0,0
1682380800,25-04-2023,3259897.290913918,14454526.658452898,0,0,3251821.604198806,280332.3009883743,4393203.233661475,0,0,0,954874.8562147636,0,0,0,0,0,0,399129.3559678772,0,520102.8119753266,0,0,0,3197160.7070371765,2522042.57140823,2175767.3979035015,0,0,0,0,0,0,0,0,0,0,0,0,0,0,0,0,0,0,0,0,0,0,0,0,0,0,0,0,0,0,0,0,0,0,0,0,0,0,0,0,0,0
1682467200,26-04-2023,3276703.8948211707,26640093.208444722,0,0,5408651.073512238,554013.8920955919,8813646.359469304,0,0,0,1557062.8320597964,0,0,0,0,0,0,505202.9020380816,0,1509058.528278403,0,0,0,5376641.969484403,2296843.998477518,2011948.3887038224,0,0,0,0,0,0,0,0,0,0,0,0,0,0,0,0,0,0,0,0,0,0,0,0,0,0,0,0,0,0,0,0,0,0,0,0,0,0,0,0,0,0
1682553600,27-04-2023,2968640.3572299257,21810223.002811402,0,0,4117635.832086188,588297.6246509524,6240243.442185705,0,0,0,1116937.7803011362,0,0,0,0,0,0,332886.63492126163,0,941266.6280607416,0,0,0,4585084.282753773,2971545.055541112,2385417.0126994117,0,0,0,0,0,0,0,0,0,0,0,0,0,0,0,0,0,0,0,0,0,0,0,0,0,0,0,0,0,0,0,0,0,0,0,0,0,0,0,0,0,0
1682640000,28-04-2023,2454244.5882717557,19297932.120676268,0,0,3841993.5660999594,590050.5094440561,6714162.052997367,0,0,0,937850.1862109641,0,0,0,0,0,0,437522.23723925796,0,550303.1928360922,0,0,0,4295749.064371353,2106638.8462540135,1607381.4805642962,0,0,0,0,0,0,0,0,0,0,0,0,0,0,0,0,0,0,0,0,0,0,0,0,0,0,0,0,0,0,0,0,0,0,0,0,0,0,0,0,0,0
1682726400,29-04-2023,2068972.045539533,16114196.434479868,0,0,3336446.83222174,748643.6752440961,6116885.903781514,0,0,0,910228.9546398419,0,0,0,0,0,0,364259.78058119526,0,661676.5075452395,0,0,0,3808476.779872641,2699375.3819767423,2333531.655299923,0,0,0,0,0,0,0,0,0,0,0,0,0,0,0,0,0,0,0,0,0,0,0,0,0,0,0,0,0,0,0,0,0,0,0,0,0,0,0,0,0,0
1682812800,30-04-2023,2219790.459494571,16746163.264048027,0,0,4582958.472020604,470561.4956290491,5353822.212751662,0,0,0,1293527.1019021224,0,0,0,0,0,0,449562.89218615234,0,601267.2857510565,0,0,0,2915271.2905352577,2894991.2566581224,2464118.2305356064,0,0,0,0,0,0,0,0,0,0,0,0,0,0,0,0,0,0,0,0,0,0,0,0,0,0,0,0,0,0,0,0,0,0,0,0,0,0,0,0,0,0
1682899200,01-05-2023,3388200.8672581315,19595419.29772919,0,0,3855349.989604216,519519.48103993,6798903.548040943,0,0,0,1880034.3425869984,0,0,0,0,0,0,533595.782346705,0,1048827.3326211781,0,0,0,3850461.545137453,3664977.8486721674,3090261.993432752,0,0,0,0,0,0,0,0,0,0,0,0,0,0,0,0,0,0,0,0,0,0,0,0,0,0,0,0,0,0,0,0,0,0,0,0,0,0,0,0,0,0
1682985600,02-05-2023,2181025.6991616776,12303457.877177298,0,0,2466143.5404611556,339750.23415820854,4207514.202266114,0,0,0,1045652.9691785976,0,0,0,0,0,0,278508.10908525105,0,521930.1052712025,0,0,0,2612315.297724372,1948437.4764368178,1592650.609273826,0,0,0,0,0,0,0,0,0,0,0,0,0,0,0,0,0,0,0,0,0,0,0,0,0,0,0,0,0,0,0,0,0,0,0,0,0,0,0,0,0,0
1683072000,03-05-2023,2543068.489657959,19966947.671179432,0,0,6125686.763700539,569675.0283762275,6115493.48893755,0,0,0,2179846.209618012,0,0,0,0,0,0,0,0,825427.2607752606,0,0,0,3952068.5722032553,3533905.5947411456,3004491.2016654434,0,1503490.288468037,0,0,0,0,0,0,0,0,0,0,0,0,0,0,0,0,0,0,0,0,0,0,0,0,0,0,0,0,0,0,0,0,0,0,0,0,0,0,0,0
1683158400,04-05-2023,12614726.922467431,13926699.440486576,0,0,4616545.236829279,459953.03042198776,4468771.976800966,0,0,0,1502512.7098543139,0,0,0,0,0,0,0,0,0,0,0,0,4327374.333821474,1673043.8394255647,1416805.1266572718,866496.1742863503,457853.26068241853,0,0,0,0,0,0,0,0,0,0,0,0,0,0,0,0,0,0,0,0,0,0,0,0,0,0,0,0,0,0,0,0,0,0,0,0,0,0,0,0
1683244800,05-05-2023,13469119.748983614,23332462.278294142,0,0,6090211.241988217,828692.5673315169,7205860.381878892,0,0,0,2356238.878289108,0,0,0,0,0,0,0,0,0,0,0,0,6473701.249183454,2869468.7508362737,2395483.509590995,755212.2394510627,0,0,913058.5700899516,0,0,0,0,0,0,0,0,0,0,0,0,0,0,0,0,0,0,0,0,0,0,0,0,0,0,0,0,0,0,0,0,0,0,0,0,0,0
1683331200,06-05-2023,28433098.463934686,21552800.85075681,0,0,5263158.95743854,1305734.5103750299,7320039.865822006,0,0,0,1992021.2015319802,0,0,0,0,0,0,0,0,0,0,0,0,9812794.809085354,3703873.7169408705,3141557.6082282723,0,804266.9002728638,0,1123809.7773997777,0,0,0,0,0,0,0,0,0,0,0,0,0,0,0,0,0,0,0,0,0,0,0,0,0,0,0,0,0,0,0,0,0,0,0,0,0,0
1683417600,07-05-2023,15016809.161272354,15868879.82938695,0,0,3056119.5489347186,610197.1291870852,3523128.8062877217,0,0,0,1177723.8699463073,0,0,0,0,0,0,395958.38783263846,0,0,0,0,0,5722198.47786103,2669566.739759633,2341049.7833339507,0,0,0,852066.7887446012,0,0,0,0,0,0,0,0,0,0,0,0,0,0,0,0,0,0,0,0,0,0,0,0,0,0,0,0,0,0,0,0,0,0,0,0,0,0
1683504000,08-05-2023,14695139.27569785,35906694.85715756,0,0,5952725.369327442,0,10489003.440967832,0,0,0,3081293.927625341,0,0,0,0,0,0,0,0,1159214.6692320255,0,0,0,9717031.044401698,5931382.706470564,4764551.17374269,0,2217518.5450247955,0,1372591.7841480682,0,0,0,0,0,0,0,0,0,0,0,0,0,0,0,0,0,0,0,0,0,0,0,0,0,0,0,0,0,0,0,0,0,0,0,0,0,0
1683590400,09-05-2023,11824358.330653308,13707145.082586907,0,0,2893683.141229277,0,4169962.0608041887,0,0,0,1241907.629786611,0,0,0,0,0,0,538174.4372170077,0,476834.9210145748,0,0,0,4635919.432106803,2250807.997573693,1762320.6036903942,0,0,0,643687.2866735444,0,0,0,0,0,0,0,0,0,0,0,0,0,0,0,0,0,0,0,0,0,0,0,0,0,0,0,0,0,0,0,0,0,0,0,0,0,0
1683676800,10-05-2023,15513482.260118369,23353917.243911326,0,0,5311750.139952607,752792.3460974065,8671477.801281348,0,0,0,1862236.4715073444,0,0,0,0,0,0,0,0,869774.2778608189,0,0,0,7357441.673162064,3001551.9453297043,2373237.3425316173,0,0,0,1017960.4160131325,0,0,0,0,0,0,0,0,0,0,0,0,0,0,0,0,0,0,0,0,0,0,0,0,0,0,0,0,0,0,0,0,0,0,0,0,0,0
1683763200,11-05-2023,11128637.53894594,20316756.527673997,0,0,4694612.211017328,1203800.2263784092,8503115.697271038,0,0,0,2374091.8596514193,0,0,0,0,0,0,0,1535948.716183143,1129243.5356873604,0,0,0,6182435.1029105345,5567726.980729872,4416251.259440789,0,0,0,0,0,0,0,0,0,0,0,0,0,0,0,0,0,0,0,0,0,0,0,0,0,0,0,0,0,0,0,0,0,0,0,0,0,0,0,0,0,0
1683849600,12-05-2023,5925066.150784362,17222286.545865737,0,0,3616757.1814226964,0,6160981.488883097,0,0,0,1571333.3881291249,0,0,0,0,0,0,0,0,877007.1289424603,0,403080.6432379709,0,5250077.746145053,3499438.3911370505,2818529.711473045,0,0,0,725274.9623242196,0,0,0,0,0,0,0,0,0,0,0,0,0,0,0,0,0,0,0,0,0,0,0,0,0,0,0,0,0,0,0,0,0,0,0,0,0,0
1683936000,13-05-2023,4405880.418256414,14771479.614182783,0,0,2210336.03957119,0,2588910.315127723,0,0,0,888340.3068869433,0,0,0,0,0,0,271720.3832032389,0,519802.73583288066,0,0,0,3239954.05906459,4162631.407257386,1781483.1297396473,0,0,0,685587.6345031492,0,0,0,0,0,0,0,0,0,0,0,0,0,0,0,0,0,0,0,0,0,0,0,0,0,0,0,0,0,0,0,0,0,0,0,0,0,0
1684022400,14-05-2023,3581259.8975248383,6605502.747402149,0,0,1542350.7722679814,0,1994173.4738392036,0,0,0,547828.7075575481,0,0,0,0,0,0,251320.53747690204,0,386954.218735036,0,0,0,2159144.2039882485,1599114.9288496631,1261919.1052553602,0,0,0,622567.7945265817,0,0,0,0,0,0,0,0,0,0,0,0,0,0,0,0,0,0,0,0,0,0,0,0,0,0,0,0,0,0,0,0,0,0,0,0,0,0
1684108800,15-05-2023,4152195.7587609706,16500719.031230649,0,0,3102182.5525662303,419841.9456053121,3707523.9063618295,0,0,0,1202658.9619469035,0,0,0,0,0,0,0,0,831920.2181667396,0,0,0,3506684.580942572,4232619.093881758,3464498.354857739,0,0,0,1157193.1471480853,0,0,0,0,0,0,0,0,0,0,0,0,0,0,0,0,0,0,0,0,0,0,0,0,0,0,0,0,0,0,0,0,0,0,0,0,0,0
1684195200,16-05-2023,4117541.905010985,11731515.276516154,0,0,2341874.7997827986,462289.0704001854,3667771.909542713,0,0,0,967094.0888902317,0,0,0,0,0,0,0,0,753673.2650752984,0,0,0,2864067.57241116,1980647.6775347725,1650054.0362264176,0,0,0,856549.5300344422,0,0,0,0,0,0,0,0,0,0,0,0,0,0,0,0,0,0,0,0,0,0,0,0,0,0,0,0,0,0,0,0,0,0,0,0,0,0
1684281600,17-05-2023,3649578.4568722583,18998593.258740146,0,0,3298899.8523186455,0,5004562.450225743,0,0,0,1429369.7014178238,0,0,0,0,0,0,0,0,1233491.9557917968,0,0,0,3344740.154148655,2996524.4162070774,2605541.7133141416,0,1225544.771687941,0,1284166.445173579,0,0,0,0,0,0,0,0,0,0,0,0,0,0,0,0,0,0,0,0,0,0,0,0,0,0,0,0,0,0,0,0,0,0,0,0,0,0
1684368000,18-05-2023,5706905.476474922,11619287.262656596,0,0,3947109.1416314887,0,4037146.1612607795,0,0,0,1411719.1563292698,0,0,0,0,0,0,495296.6414202906,0,811907.8527316935,0,0,0,3246499.9826536733,2280923.8921025265,1914293.1341806296,0,0,0,938227.912099148,0,0,0,0,0,0,0,0,0,0,0,0,0,0,0,0,0,0,0,0,0,0,0,0,0,0,0,0,0,0,0,0,0,0,0,0,0,0
1684454400,19-05-2023,3897782.3176543643,8498627.150619209,0,0,1762678.9630702408,0,2846249.651128968,0,0,0,664865.9429401262,0,0,0,0,0,0,312109.8517001124,0,346529.2862007391,0,0,0,1949414.6448733776,1135129.278929328,903377.0162801113,0,0,0,668697.0108862335,0,0,0,0,0,0,0,0,0,0,0,0,0,0,0,0,0,0,0,0,0,0,0,0,0,0,0,0,0,0,0,0,0,0,0,0,0,0
1684540800,20-05-2023,3941431.2758150045,5732350.119267078,0,0,1163782.3194755742,0,1700052.5978541651,0,0,0,613149.8251491955,0,0,0,0,0,0,343917.8950074638,0,0,0,0,0,1471223.8978727378,1104256.0701097443,908482.0489143038,182345.48583902378,0,0,488495.3049413491,0,0,0,0,0,0,0,0,0,0,0,0,0,0,0,0,0,0,0,0,0,0,0,0,0,0,0,0,0,0,0,0,0,0,0,0,0,0
1684627200,21-05-2023,3176474.5859432565,7038861.612862647,0,0,1400199.9124689014,133287.37995699496,3114125.9723853846,0,0,0,613827.6180694686,0,0,0,0,0,0,355774.0658008705,0,0,0,0,0,1903957.4596293303,1525321.1244490433,1269661.823619918,0,0,0,658568.8147522609,0,0,0,0,0,0,0,0,0,0,0,0,0,0,0,0,0,0,0,0,0,0,0,0,0,0,0,0,0,0,0,0,0,0,0,0,0,0
1684713600,22-05-2023,3774699.321568967,9264182.744180642,0,0,2649524.1800413355,0,3359783.4657068504,0,0,0,756269.1115852667,0,0,0,0,0,0,534372.5824115805,0,0,0,0,0,2524539.7131776055,1484100.7695414275,1229165.7927587586,359540.5555555757,0,0,921038.775016693,0,0,0,0,0,0,0,0,0,0,0,0,0,0,0,0,0,0,0,0,0,0,0,0,0,0,0,0,0,0,0,0,0,0,0,0,0,0
1684800000,23-05-2023,2433022.6269801147,9407942.659059547,0,0,2335978.5539482315,0,2798205.073332258,0,0,0,675521.6225591537,0,0,0,0,0,0,506323.656640193,0,338990.0836742571,0,0,0,2425608.777396273,1419387.960454303,1190909.7944841392,0,0,0,693857.1191471281,0,0,0,0,0,0,0,0,0,0,0,0,0,0,0,0,0,0,0,0,0,0,0,0,0,0,0,0,0,0,0,0,0,0,0,0,0,0
1684886400,24-05-2023,17820380.19755027,23061880.208211765,0,0,6036975.546960071,608394.7845392294,5570026.823213498,0,0,0,1669021.63459953,0,0,0,0,0,0,0,0,759550.1149101285,0,0,0,4951643.322791026,2952040.3130293326,2655997.641014625,0,0,0,1347399.2190348199,0,0,0,0,0,0,0,0,0,0,0,0,0,0,0,0,0,0,0,0,0,0,0,0,0,0,0,0,0,0,0,0,0,0,0,0,0,0
1684972800,25-05-2023,9011384.76977926,12133439.097787939,0,0,3365259.69108505,0,3512658.415500709,0,0,0,1183240.8314146588,0,0,0,0,0,0,0,1161120.5526169506,528612.9218771041,0,0,0,3036642.840346195,1539954.5972232253,1289341.3001556033,0,0,0,939270.23963115,0,0,0,0,0,0,0,0,0,0,0,0,0,0,0,0,0,0,0,0,0,0,0,0,0,0,0,0,0,0,0,0,0,0,0,0,0,0
1685059200,26-05-2023,3621176.421657265,6818235.116828277,0,0,2246453.818354174,0,2377056.6205901606,0,0,0,689267.2843354099,0,0,0,0,0,0,297355.5721886785,0,426485.3864789082,0,0,0,1709625.3559630932,783613.5838663442,1052042.3880768686,0,0,0,636234.6759529391,0,0,0,0,0,0,0,0,0,0,0,0,0,0,0,0,0,0,0,0,0,0,0,0,0,0,0,0,0,0,0,0,0,0,0,0,0,0
1685145600,27-05-2023,3255659.7145288587,11713766.370386757,0,0,2721700.458131491,0,3067166.9915185915,0,0,0,1089001.2747916484,0,0,0,0,0,0,285931.07799667004,0,438299.4898789202,0,0,0,2388798.270754582,1923472.8364303543,1727457.9309703242,0,0,0,744095.9351342727,0,0,0,0,0,0,0,0,0,0,0,0,0,0,0,0,0,0,0,0,0,0,0,0,0,0,0,0,0,0,0,0,0,0,0,0,0,0
1685232000,28-05-2023,3152915.0878566517,15709099.032562306,0,0,3350082.2181130135,0,4584150.025647238,0,0,0,1580434.7625860479,0,0,0,0,0,0,0,0,790642.4550733397,0,0,0,3734373.713196975,2561414.3503409256,2320316.9888111274,0,359252.2565373413,0,1092452.62367527,0,0,0,0,0,0,0,0,0,0,0,0,0,0,0,0,0,0,0,0,0,0,0,0,0,0,0,0,0,0,0,0,0,0,0,0,0,0
1685318400,29-05-2023,2618092.0205945005,13298450.14920389,0,0,2289157.9011841556,0,3455056.170535541,0,0,0,1566736.2516432826,0,0,0,0,0,0,0,0,639149.1054519564,0,0,0,2635829.595964636,2173129.0150468573,2056875.0692764437,0,505965.6054728624,0,1186358.5056200684,0,0,0,0,0,0,0,0,0,0,0,0,0,0,0,0,0,0,0,0,0,0,0,0,0,0,0,0,0,0,0,0,0,0,0,0,0,0
1685404800,30-05-2023,3023423.015465275,18560211.72276989,0,0,3675141.923313863,0,5429966.784145721,0,0,0,2250798.096707669,0,0,0,0,0,0,0,2994333.380973097,1215070.2936593331,0,0,0,4335665.208172946,2876833.2680454664,2705821.7904203366,0,0,0,1900648.3888721706,0,0,0,0,0,0,0,0,0,0,0,0,0,0,0,0,0,0,0,0,0,0,0,0,0,0,0,0,0,0,0,0,0,0,0,0,0,0
1685491200,31-05-2023,7130044.553176425,18107404.69675569,0,0,5467647.7679027645,0,6506000.893796362,0,0,0,2300942.451074673,0,0,0,0,0,0,0,0,691620.4804052489,0,0,0,4000885.1946103508,3128252.048238161,3007756.75402559,0,0,0,1553554.6834619786,3452601.927061884,0,0,0,0,0,0,0,0,0,0,0,0,0,0,0,0,0,0,0,0,0,0,0,0,0,0,0,0,0,0,0,0,0,0,0,0,0
1685577600,01-06-2023,3596708.31341361,19547821.493714534,0,0,4205956.25115139,496242.8278714119,5141732.300791087,0,0,0,1703259.4192589424,0,0,0,0,0,0,0,0,0,0,0,0,3035731.8935182765,3867944.9232845013,1852316.7502773765,0,0,0,964640.879138029,2097724.456989597,0,0,0,0,0,0,0,0,0,0,0,0,0,0,0,0,0,0,0,0,0,0,0,0,0,0,0,0,0,0,0,0,0,0,0,0,0
1685664000,02-06-2023,2195784.944149785,9706725.440042214,0,0,2636428.0625415067,0,4390475.945151929,0,0,0,2018028.5528811358,0,0,0,0,0,0,0,767069.5379675813,0,0,0,0,2502335.8830824182,1412797.5801598087,1298492.723217251,0,0,0,922450.3074207506,503120.3079743199,0,0,0,0,0,0,0,0,0,0,0,0,0,0,0,0,0,0,0,0,0,0,0,0,0,0,0,0,0,0,0,0,0,0,0,0,0
1685750400,03-06-2023,3314027.726955681,10793393.508985838,0,0,2383160.746665041,0,2590312.9483262077,0,0,0,1910537.0382984888,0,0,0,0,0,0,635417.9937835124,994775.0251490106,0,0,0,0,2031203.996296577,1764444.473653396,1668163.4935576376,0,0,0,1315824.0078784353,0,0,0,0,0,0,0,0,0,0,0,0,0,0,0,0,0,0,0,0,0,0,0,0,0,0,0,0,0,0,0,0,0,0,0,0,0,0
1685836800,04-06-2023,2223212.9034051145,15131106.458947735,0,0,3289198.866283209,0,4897561.284905798,0,0,0,2354807.109566667,0,0,0,0,0,0,655211.7532448762,0,0,0,0,0,3277520.078632991,2059147.0837732959,1879777.213500891,0,770151.4748763241,0,1319625.1487187168,0,0,0,0,0,0,0,0,0,0,0,0,0,0,0,0,0,0,0,0,0,0,0,0,0,0,0,0,0,0,0,0,0,0,0,0,0,0
1685923200,05-06-2023,4587912.918649385,27501828.161935464,0,0,7276275.464621674,1126093.4114893635,9912166.651712503,0,0,0,3358885.247166311,0,0,0,0,0,0,0,0,881284.7144514534,0,0,0,7962919.34825833,3604945.8603846445,3435449.416507886,0,0,0,2760254.6105235247,0,0,0,0,0,0,0,0,0,0,0,0,0,0,0,0,0,0,0,0,0,0,0,0,0,0,0,0,0,0,0,0,0,0,0,0,0,0
1686009600,06-06-2023,1977306.3485429883,20244005.099829637,0,0,6107965.876007222,0,9879759.924991388,0,0,0,2801686.6550512607,0,0,0,0,0,0,0,2113819.4280396183,975819.4703033054,0,0,0,4801985.0372974,4081623.3022221155,3104927.1944457954,0,0,0,2017593.5278905397,0,0,0,0,0,0,0,0,0,0,0,0,0,0,0,0,0,0,0,0,0,0,0,0,0,0,0,0,0,0,0,0,0,0,0,0,0,0
1686096000,07-06-2023,2830807.2950801784,30812833.22919315,0,0,5518767.908859853,1044170.9781404539,9663130.876797277,0,0,0,2961948.543157737,0,0,0,0,0,0,0,1472002.6983850878,0,0,0,0,4415513.399196054,8971703.948122557,5529316.045489803,0,0,0,2102034.884108101,0,0,0,0,0,0,0,0,0,0,0,0,0,0,0,0,0,0,0,0,0,0,0,0,0,0,0,0,0,0,0,0,0,0,0,0,0,0
1686182400,08-06-2023,2699521.9265388604,15673846.062158398,0,0,3595874.5409529232,0,6540977.793557178,0,0,0,1575589.1843112798,0,0,0,0,0,0,0,911202.3097813001,651396.8296146967,0,0,0,2213898.102115453,4509801.332021149,2328603.7620529993,0,0,0,1169971.1397309161,0,0,0,0,0,0,0,0,0,0,0,0,0,0,0,0,0,0,0,0,0,0,0,0,0,0,0,0,0,0,0,0,0,0,0,0,0,0
1686268800,09-06-2023,3406968.7500580736,18600938.786332425,0,0,5139841.358036001,0,11248509.060225038,0,0,0,2710516.352557822,0,0,0,0,0,0,0,1577877.3536148951,1480990.1957017852,0,0,0,3431386.450427128,4596597.509932299,3054247.5510066063,0,0,0,1927426.3113114736,0,0,0,0,0,0,0,0,0,0,0,0,0,0,0,0,0,0,0,0,0,0,0,0,0,0,0,0,0,0,0,0,0,0,0,0,0,0
1686355200,10-06-2023,7919985.484596927,38288369.1201094,0,0,15567266.74377513,0,32779702.378176227,0,0,0,9740732.80089617,0,0,0,0,0,0,0,3396416.787113468,3667043.872971021,0,0,0,10950239.490259288,4603863.12168815,4285629.983567838,0,0,0,5245127.2332798615,0,0,0,0,0,0,0,0,0,0,0,0,0,0,0,0,0,0,0,0,0,0,0,0,0,0,0,0,0,0,0,0,0,0,0,0,0,0
1686441600,11-06-2023,2243313.572029294,13361305.304662287,0,0,4697256.543662523,0,11072269.07144339,0,0,0,2330390.00809071,0,0,0,0,0,0,0,1366521.3853215007,1642934.7847435784,0,0,0,3075363.474109335,2135695.49066345,1989936.3380241715,0,0,0,2594495.085033187,0,0,0,0,0,0,0,0,0,0,0,0,0,0,0,0,0,0,0,0,0,0,0,0,0,0,0,0,0,0,0,0,0,0,0,0,0,0
1686528000,12-06-2023,1843999.6569313123,12449990.103810914,0,0,4262743.019758578,0,8972972.624033695,0,0,0,2206862.9989532507,0,0,0,0,0,0,0,990435.6285891791,1294094.2418857394,0,0,0,2969038.430079909,2015002.5808194925,1857818.649470992,0,0,0,2155562.701490231,0,0,0,0,0,0,0,0,0,0,0,0,0,0,0,0,0,0,0,0,0,0,0,0,0,0,0,0,0,0,0,0,0,0,0,0,0,0
1686614400,13-06-2023,2338461.981203943,12347624.768074622,0,0,4689237.837513726,0,9700575.670495488,0,0,0,1913247.193318877,0,0,0,0,0,0,0,1007916.0540628857,1003326.6600303323,0,0,0,2890684.62265637,1911388.5604479797,1721526.4721584376,0,0,0,1772679.1602882752,0,0,0,0,0,0,0,0,0,0,0,0,0,0,0,0,0,0,0,0,0,0,0,0,0,0,0,0,0,0,0,0,0,0,0,0,0,0
1686700800,14-06-2023,2552176.8350181705,13005161.057540124,0,0,4993655.133114809,0,11544435.735621778,0,0,0,2061727.7382985584,0,0,0,0,0,0,0,992248.5201024045,944620.1212658623,0,0,0,2946670.4939628337,2278783.852114984,2170628.7607467826,0,0,0,1950738.5013320756,0,0,0,0,0,0,0,0,0,0,0,0,0,0,0,0,0,0,0,0,0,0,0,0,0,0,0,0,0,0,0,0,0,0,0,0,0,0
1686787200,15-06-2023,3090089.1596981487,13699430.522105075,0,0,7106052.9144031,2929030.4206347167,8142761.693738361,0,0,0,1747492.6254855865,0,0,0,0,0,0,0,0,0,0,0,0,3295184.1811750177,3311267.797635534,3170510.3750900775,800577.6339467085,0,0,2226936.325083217,0,0,0,0,0,0,0,0,0,0,0,0,0,0,0,0,0,0,0,0,0,0,0,0,0,0,0,0,0,0,0,0,0,0,0,0,0,0
1686873600,16-06-2023,2467382.4705333146,9695660.882676063,0,0,2593343.1891400027,765941.270188809,4206152.282910096,0,0,0,1119110.8843543613,0,0,0,0,0,0,0,0,389334.45813741285,0,0,0,2181663.490846433,1564057.6265339756,1445909.7126332955,0,0,0,1798575.9565830682,0,0,0,0,0,0,0,0,0,0,0,0,0,0,0,0,0,0,0,0,0,0,0,0,0,0,0,0,0,0,0,0,0,0,0,0,0,0
1686960000,17-06-2023,1738628.2723953207,7541543.051150711,0,0,1777788.921000646,321561.02503751416,2749522.4541830313,0,0,0,1047164.0489029896,0,0,0,0,0,0,0,0,493941.44107372785,0,0,0,1819218.2560634483,1145971.927192132,1065745.518815854,0,0,0,1214033.5718184286,0,0,0,0,0,0,0,0,0,0,0,0,0,0,0,0,0,0,0,0,0,0,0,0,0,0,0,0,0,0,0,0,0,0,0,0,0,0
1687046400,18-06-2023,1503872.3034979291,6902358.236856908,0,0,1879033.9142828253,0,2270294.376304548,0,0,0,1154827.3060350746,0,0,0,0,0,0,545314.8516872687,0,0,0,0,0,1387163.5606145398,2258597.0990516967,2173407.1748616565,0,505252.2655356515,0,1230761.8484282335,0,0,0,0,0,0,0,0,0,0,0,0,0,0,0,0,0,0,0,0,0,0,0,0,0,0,0,0,0,0,0,0,0,0,0,0,0,0
1687132800,19-06-2023,1803499.1403408921,9144280.738607306,0,0,4410377.721071805,727989.0867681506,3292535.569582138,0,0,0,1745726.6591941307,0,0,0,0,0,0,0,0,538612.4099824316,0,0,0,1967780.8136040273,3775943.7860459485,3576190.376141222,0,0,0,1485553.13011264,0,0,0,0,0,0,0,0,0,0,0,0,0,0,0,0,0,0,0,0,0,0,0,0,0,0,0,0,0,0,0,0,0,0,0,0,0,0
1687219200,20-06-2023,2284300.100702351,9864757.086913615,0,0,3917685.4108404913,0,4950039.139299039,0,0,0,1792558.6139731181,0,0,0,0,0,0,0,501559.9314357508,1018336.6181921116,0,0,0,2333003.6810570573,1834151.6340558631,1634673.8434882457,0,0,0,2331367.241468513,0,0,0,0,0,0,0,0,0,0,0,0,0,0,0,0,0,0,0,0,0,0,0,0,0,0,0,0,0,0,0,0,0,0,0,0,0,0
1687305600,21-06-2023,2096767.6165078573,14724552.3037054,0,0,4742707.707075825,0,6558118.176938348,0,0,0,2223948.703230065,0,0,0,0,0,0,0,0,1357548.09999477,0,0,0,3393414.968145925,2794847.808441421,2619171.992791341,0,571071.2883045807,0,2793560.9347830308,0,0,0,0,0,0,0,0,0,0,0,0,0,0,0,0,0,0,0,0,0,0,0,0,0,0,0,0,0,0,0,0,0,0,0,0,0,0
1687392000,22-06-2023,3001612.2128601223,11329740.519475946,0,0,3747063.95723639,0,3785627.3058708655,0,0,0,1672309.6121115112,0,0,0,0,0,0,0,424478.44603602315,959903.1310576347,0,0,0,2517547.5239092913,1826214.62641796,1682511.7959258494,0,0,0,1968793.3533353184,0,0,0,0,0,0,0,0,0,0,0,0,0,0,0,0,0,0,0,0,0,0,0,0,0,0,0,0,0,0,0,0,0,0,0,0,0,0
1687478400,23-06-2023,4754947.662744124,12980723.600894667,0,0,5185903.489986349,0,6046189.7319852915,0,0,0,1920651.3201310665,0,0,0,0,0,0,0,841150.8947528796,1703530.3460082465,0,0,0,3304072.4520255793,2750180.5363438176,2536426.9661195595,0,0,0,2895173.7690154295,0,0,0,0,0,0,0,0,0,0,0,0,0,0,0,0,0,0,0,0,0,0,0,0,0,0,0,0,0,0,0,0,0,0,0,0,0,0
1687564800,24-06-2023,2043055.3100575125,10548528.151917337,0,0,3402075.211896849,673204.4640313565,3430363.255484001,0,0,0,1525771.6875961944,0,0,0,0,0,0,0,0,794140.9348842781,0,0,0,2304235.115243527,1896759.833960077,1775064.7844184728,0,0,0,1836469.9780636376,0,0,0,0,0,0,0,0,0,0,0,0,0,0,0,0,0,0,0,0,0,0,0,0,0,0,0,0,0,0,0,0,0,0,0,0,0,0
1687651200,25-06-2023,2567927.315726422,11345632.549443351,0,0,3225682.6898857374,430829.89281526627,3168851.548965199,0,0,0,1432512.9470711395,0,0,0,0,0,0,0,0,1131442.211507455,0,0,0,2799105.916649676,1802279.7135280184,1680372.3101241721,0,0,0,1394684.9230589883,0,0,0,0,0,0,0,0,0,0,0,0,0,0,0,0,0,0,0,0,0,0,0,0,0,0,0,0,0,0,0,0,0,0,0,0,0,0
1687737600,26-06-2023,2126725.7523241346,10244142.778166428,0,0,2641741.051549822,362620.94047004,3327214.7261490673,0,0,0,1231792.4181790324,0,0,0,0,0,0,0,0,920926.1730396629,0,0,0,2441807.8644625745,1683076.354431122,1537110.6810541535,0,0,0,1411706.2139802403,0,0,0,0,0,0,0,0,0,0,0,0,0,0,0,0,0,0,0,0,0,0,0,0,0,0,0,0,0,0,0,0,0,0,0,0,0,0
1687824000,27-06-2023,2485463.1267161886,9477355.968218235,0,0,2892961.765840669,0,3454171.3604644956,0,0,0,1270939.3472996356,0,0,0,0,0,0,0,995410.0764888846,1152416.5870772433,0,0,0,2358388.2449687985,1792626.9943628977,1622694.9379719726,0,0,0,1776415.2190004266,0,0,0,0,0,0,0,0,0,0,0,0,0,0,0,0,0,0,0,0,0,0,0,0,0,0,0,0,0,0,0,0,0,0,0,0,0,0
1687910400,28-06-2023,2584229.5921086385,13581194.763680689,0,0,3874762.7793543856,0,6096500.447549411,0,0,0,1706163.6640566485,0,0,0,0,0,0,0,1038970.9907385783,1566051.3835139335,0,0,0,3040500.7452993765,2091977.2164684786,1939403.4871048848,0,0,0,1816892.9378089386,0,0,0,0,0,0,0,0,0,0,0,0,0,0,0,0,0,0,0,0,0,0,0,0,0,0,0,0,0,0,0,0,0,0,0,0,0,0
1687996800,29-06-2023,4713753.602415873,22286641.688370775,0,0,7967340.158440657,1040367.4033675115,11565275.457709942,0,0,0,2404187.6417669794,0,0,0,0,0,0,0,0,2409783.408601892,0,0,0,5906077.482291891,3983637.0554074,3529396.3004111266,0,0,0,3354702.937450506,0,0,0,0,0,0,0,0,0,0,0,0,0,0,0,0,0,0,0,0,0,0,0,0,0,0,0,0,0,0,0,0,0,0,0,0,0,0
1688083200,30-06-2023,5277407.086704987,46162923.63209439,0,0,14011619.455634596,2407259.4059308073,20682020.81433629,0,0,0,5170766.124388769,0,0,0,0,0,0,0,0,5607610.80494359,0,0,0,16130969.618013468,7986343.321427988,7364132.723343386,0,0,0,7413176.464653012,0,0,0,0,0,0,0,0,0,0,0,0,0,0,0,0,0,0,0,0,0,0,0,0,0,0,0,0,0,0,0,0,0,0,0,0,0,0
1688169600,01-07-2023,1602103.7761348928,12964910.116032872,0,0,3887715.6512400974,421533.7708171694,4992175.143609167,0,0,0,1352788.417070828,0,0,0,0,0,0,0,0,1041729.6276245565,0,0,0,4008635.057023575,1971486.1761364765,1708234.7991073467,0,0,0,1719886.677827477,0,0,0,0,0,0,0,0,0,0,0,0,0,0,0,0,0,0,0,0,0,0,0,0,0,0,0,0,0,0,0,0,0,0,0,0,0,0
1688256000,02-07-2023,1713902.4057432069,19759641.668657266,0,0,7334757.048442188,1057039.987685016,12098123.55490414,0,0,0,2787088.9001252293,0,0,0,0,0,0,0,0,3228559.6810337417,0,0,0,6502280.704009269,3380905.7619480095,2943669.2440526476,0,0,0,2575397.0320792515,0,0,0,0,0,0,0,0,0,0,0,0,0,0,0,0,0,0,0,0,0,0,0,0,0,0,0,0,0,0,0,0,0,0,0,0,0,0
1688342400,03-07-2023,1898061.6094727693,12292562.059357733,0,0,2759568.9076692797,0,4175982.1949846707,0,0,0,1930525.1830339306,0,0,0,0,0,0,0,569764.4563509147,1184029.3424869054,0,0,0,3678332.8048527786,2267070.710257545,1998161.598432377,0,0,0,1693189.4606212003,0,0,0,0,0,0,0,0,0,0,0,0,0,0,0,0,0,0,0,0,0,0,0,0,0,0,0,0,0,0,0,0,0,0,0,0,0,0
1688428800,04-07-2023,1657026.5690702111,15097690.232565036,0,0,4655004.832776384,0,3155541.0586226294,0,0,0,3083632.8867696137,0,0,0,0,0,0,757050.6058111909,0,0,0,0,0,4417655.315540101,2276265.6128222924,2093469.4539638248,0,2150672.397777817,0,1708814.5226412255,0,0,0,0,0,0,0,0,0,0,0,0,0,0,0,0,0,0,0,0,0,0,0,0,0,0,0,0,0,0,0,0,0,0,0,0,0,0
1688515200,05-07-2023,2016163.922854687,11758435.465987992,0,0,3278190.8187658023,463500.47741386126,4381499.764637535,0,0,0,1839830.2907312475,0,0,0,0,0,0,0,0,1078552.7037895361,0,0,0,3429472.357722165,2061640.5007603567,1829139.511263476,0,0,0,1354669.526299196,0,0,0,0,0,0,0,0,0,0,0,0,0,0,0,0,0,0,0,0,0,0,0,0,0,0,0,0,0,0,0,0,0,0,0,0,0,0
1688601600,06-07-2023,2756203.4171320205,29959191.78483984,0,0,8331023.8250531,0,20797731.18559302,0,0,0,5367608.6865036255,0,0,0,0,0,0,0,0,5437798.845733281,0,1711696.403060169,0,9143246.154831033,6042030.902739492,5412338.581986526,0,0,0,3917229.311540881,0,0,0,0,0,0,0,0,0,0,0,0,0,0,0,0,0,0,0,0,0,0,0,0,0,0,0,0,0,0,0,0,0,0,0,0,0,0
1688688000,07-07-2023,2582992.8290302623,27042650.139633607,0,0,8504756.911529006,0,19743363.97411091,0,0,0,5603410.283456705,0,0,0,0,0,0,0,2729270.6819258975,5445036.335346835,0,0,0,8635938.865981169,5759609.898180648,5142952.371990538,0,0,0,4043688.899475785,0,0,0,0,0,0,0,0,0,0,0,0,0,0,0,0,0,0,0,0,0,0,0,0,0,0,0,0,0,0,0,0,0,0,0,0,0,0
1688774400,08-07-2023,2053599.414188935,21597924.791553523,0,0,6088546.484973532,0,10770373.533298058,0,0,0,4080214.611228918,0,0,0,0,0,0,0,2395480.660091166,3021748.593364654,0,0,0,5529366.542495223,4359840.2619884135,3967249.586624209,0,0,0,3340620.9430361623,0,0,0,0,0,0,0,0,0,0,0,0,0,0,0,0,0,0,0,0,0,0,0,0,0,0,0,0,0,0,0,0,0,0,0,0,0,0
1688860800,09-07-2023,1419850.7576250392,13919425.778742217,0,0,2767186.2979110177,0,6393260.869143887,0,0,0,1723413.2918985314,0,0,0,0,0,0,0,0,2100858.5878571672,0,422910.70950862917,0,3759730.6166397203,1839634.9771840838,1592974.7156400552,0,0,0,1855912.6953919975,0,0,0,0,0,0,0,0,0,0,0,0,0,0,0,0,0,0,0,0,0,0,0,0,0,0,0,0,0,0,0,0,0,0,0,0,0,0
1688947200,10-07-2023,2130278.5598234786,20754627.416185603,0,0,5475514.600028068,0,8347310.411651233,0,0,0,3425731.2670643176,0,0,0,0,0,0,0,0,3156753.6245905156,0,0,0,5670749.000445262,3439314.6708292263,3173845.3267312627,0,1102824.893490651,0,2683399.6543733906,0,0,0,0,0,0,0,0,0,0,0,0,0,0,0,0,0,0,0,0,0,0,0,0,0,0,0,0,0,0,0,0,0,0,0,0,0,0
1689033600,11-07-2023,2142187.021716204,16766759.342780923,0,0,5141865.180820218,0,6837058.641472864,0,0,0,2944325.470247722,0,0,0,0,0,0,0,2015559.6203111666,1967381.7032792417,0,0,0,4799120.254667323,1991217.6829998957,1717558.8946770916,0,0,0,1953336.9859691036,0,0,0,0,0,0,0,0,0,0,0,0,0,0,0,0,0,0,0,0,0,0,0,0,0,0,0,0,0,0,0,0,0,0,0,0,0,0
1689120000,12-07-2023,1413280.5695762807,20090318.10671956,0,0,3544838.519319511,0,7574597.81414314,0,0,0,2549362.336721413,0,0,0,0,0,0,0,0,1940087.0240061097,0,698819.0175799637,0,4611213.934130689,3501316.2981560896,3154089.00881018,0,0,0,2575863.3920350773,0,0,0,0,0,0,0,0,0,0,0,0,0,0,0,0,0,0,0,0,0,0,0,0,0,0,0,0,0,0,0,0,0,0,0,0,0,0
1689206400,13-07-2023,3884824.680429375,41421762.08915036,0,0,10776774.547751488,2449082.241220606,15992864.56851913,0,0,0,5167515.259345635,0,0,0,0,0,0,0,0,2343426.449351976,0,0,0,12412838.404931113,8268452.056155406,7856237.568997565,0,0,0,5586711.422079264,0,0,0,0,0,0,0,0,0,0,0,0,0,0,0,0,0,0,0,0,0,0,0,0,0,0,0,0,0,0,0,0,0,0,0,0,0,0
1689292800,14-07-2023,6715508.703553845,64100461.25522342,0,0,19849208.895018004,4149595.6328792507,39882239.52454673,0,0,0,7721079.970729985,0,0,0,0,0,0,0,0,6253524.405812187,0,0,0,19044056.375162363,11686601.346135736,10969057.00707183,0,0,0,12428540.136290397,0,0,0,0,0,0,0,0,0,0,0,0,0,0,0,0,0,0,0,0,0,0,0,0,0,0,0,0,0,0,0,0,0,0,0,0,0,0
1689379200,15-07-2023,2633893.2372666313,32438120.30418403,0,0,9875498.334788697,1801545.4916673559,16450779.359800179,0,0,0,3697195.9082454443,0,0,0,0,0,0,0,0,3981163.465918745,0,0,0,8676904.881898977,5664308.677239548,5009323.641102591,0,0,0,5670180.007290491,0,0,0,0,0,0,0,0,0,0,0,0,0,0,0,0,0,0,0,0,0,0,0,0,0,0,0,0,0,0,0,0,0,0,0,0,0,0
1689465600,16-07-2023,4251023.726677286,24023846.68516241,0,0,6834968.660255685,0,8942570.222197972,0,0,0,3028142.542649058,0,0,0,0,0,0,0,991483.8133771188,3016080.817368678,0,0,0,6841616.842413781,3679723.2169776554,3149989.2276006867,0,0,0,3557020.60227588,0,0,0,0,0,0,0,0,0,0,0,0,0,0,0,0,0,0,0,0,0,0,0,0,0,0,0,0,0,0,0,0,0,0,0,0,0,0
1689552000,17-07-2023,4963618.70237311,37642635.05081372,0,0,9329928.574206224,1464335.1472229639,14099642.57126735,0,0,0,4057933.885448304,0,0,0,0,0,0,0,0,4096833.3141597165,0,0,0,10025647.902061637,6271499.4809294585,5613369.248435134,0,0,0,5843486.173036741,0,0,0,0,0,0,0,0,0,0,0,0,0,0,0,0,0,0,0,0,0,0,0,0,0,0,0,0,0,0,0,0,0,0,0,0,0,0
1689638400,18-07-2023,2233526.2726198193,23825119.319063313,0,0,6351601.228952387,0,9498987.324325506,0,0,0,3494076.839860901,0,0,0,0,0,0,0,0,4331307.543094155,0,0,0,6832880.906112698,3949285.211647909,3392987.304538384,1235329.8396282038,0,0,4511973.294412041,0,0,0,0,0,0,0,0,0,0,0,0,0,0,0,0,0,0,0,0,0,0,0,0,0,0,0,0,0,0,0,0,0,0,0,0,0,0
1689724800,19-07-2023,3675342.0584308654,22453953.60195363,0,0,5710230.449697713,0,6475151.079131442,0,0,0,3124041.765895388,0,0,0,0,0,0,0,0,5225289.304616939,0,0,0,5674548.753108029,3372429.54821189,2600821.9195749704,1100085.8806159839,0,0,3743093.054973795,0,0,0,0,0,0,0,0,0,0,0,0,0,0,0,0,0,0,0,0,0,0,0,0,0,0,0,0,0,0,0,0,0,0,0,0,0,0
1689811200,20-07-2023,3107826.9785334053,18917181.294340476,0,0,4761236.897251463,0,5282778.97604704,0,0,0,2186144.8825207283,0,0,0,0,0,0,0,0,1521093.9787228825,0,748896.8200657459,0,3881060.3087112303,3720406.2358762366,3025594.1605653553,0,0,0,3252990.8315864406,0,0,0,0,0,0,0,0,0,0,0,0,0,0,0,0,0,0,0,0,0,0,0,0,0,0,0,0,0,0,0,0,0,0,0,0,0,0
1689897600,21-07-2023,4118356.3056472586,11842201.040538162,0,0,3396803.6267816564,0,3099432.9268701435,0,0,0,1484718.497417375,0,0,0,0,0,0,0,0,1055457.7843881657,0,519503.73465669766,0,3106276.4129152866,1897903.8468966433,1603124.7519616575,0,0,0,2470726.481054402,0,0,0,0,0,0,0,0,0,0,0,0,0,0,0,0,0,0,0,0,0,0,0,0,0,0,0,0,0,0,0,0,0,0,0,0,0,0
1689984000,22-07-2023,2563673.220466486,12463382.114074392,0,0,2911009.3696049857,0,2715455.498517904,0,0,0,1448165.803835842,0,0,0,0,0,0,0,0,771218.5475513526,0,460344.53926135256,0,2601786.9504205626,2040700.7655474641,1798316.311999039,0,0,0,1519160.0603976392,0,0,0,0,0,0,0,0,0,0,0,0,0,0,0,0,0,0,0,0,0,0,0,0,0,0,0,0,0,0,0,0,0,0,0,0,0,0
1690070400,23-07-2023,2322382.810070731,8879143.083219329,0,0,2575588.4461236754,0,1996602.8910789124,0,0,0,1431897.1990472544,0,0,0,0,0,0,0,0,847668.0481291164,0,436233.5657195123,0,1789489.9042864242,1788770.6035806127,1559108.9949551115,0,0,0,1968265.1400682325,0,0,0,0,0,0,0,0,0,0,0,0,0,0,0,0,0,0,0,0,0,0,0,0,0,0,0,0,0,0,0,0,0,0,0,0,0,0
1690156800,24-07-2023,2213922.8280589255,19124666.283756256,0,0,3770338.3631006237,0,4397384.543591987,0,0,0,3340100.576868466,0,0,0,0,0,0,0,0,1669664.2698582388,0,0,0,3708471.7218143158,2885001.5172440554,2602369.9050274,1110870.3126287446,0,0,3435045.8259191834,0,0,0,0,0,0,0,0,0,0,0,0,0,0,0,0,0,0,0,0,0,0,0,0,0,0,0,0,0,0,0,0,0,0,0,0,0,0
1690243200,25-07-2023,1948091.3441963368,10508732.226211632,0,0,2576134.277275862,0,2588387.3565874887,0,0,0,1583147.0674166197,0,0,0,0,0,0,0,0,1631556.1125666401,0,0,0,2422025.4196656593,1968020.9614389027,1670888.21612897,0,535515.8429535724,0,1941328.040484143,0,0,0,0,0,0,0,0,0,0,0,0,0,0,0,0,0,0,0,0,0,0,0,0,0,0,0,0,0,0,0,0,0,0,0,0,0,0
1690329600,26-07-2023,2478010.1492654807,20392017.023073316,0,0,6126602.470279925,0,9679729.945581429,0,0,0,2675145.303707552,0,0,0,0,0,0,0,0,3801965.9476565607,0,0,0,5911602.3151317965,4166846.792816592,3702803.941483003,1100983.5928271795,0,0,3653985.130378752,0,0,0,0,0,0,0,0,0,0,0,0,0,0,0,0,0,0,0,0,0,0,0,0,0,0,0,0,0,0,0,0,0,0,0,0,0,0
1690416000,27-07-2023,2247586.7412238414,14674282.875009079,0,0,4088402.4313644543,0,4644803.42362136,0,0,0,2291515.854976878,0,0,0,0,0,0,0,1016986.3837891546,2238118.321662193,0,0,0,3798976.6004625056,2600184.4210459897,2198028.087870649,0,0,0,1863448.1251527052,0,0,0,0,0,0,0,0,0,0,0,0,0,0,0,0,0,0,0,0,0,0,0,0,0,0,0,0,0,0,0,0,0,0,0,0,0,0
1690502400,28-07-2023,1347668.0220797514,10034768.92554852,0,0,2903630.440120975,0,2365058.254980685,0,0,0,1256596.038206487,0,0,0,0,0,0,0,1337125.3023538506,1097592.2794264224,0,0,0,2080101.3389172263,2052745.9804959106,1686824.3484997952,0,0,0,1926911.494249473,0,0,0,0,0,0,0,0,0,0,0,0,0,0,0,0,0,0,0,0,0,0,0,0,0,0,0,0,0,0,0,0,0,0,0,0,0,0
1690588800,29-07-2023,1044267.5227859286,8275689.450973226,0,0,2114798.1686850153,0,1656933.0277000351,0,0,0,1014942.981048397,0,0,0,0,0,0,0,868748.8657474513,742905.24074405,0,0,0,1480625.1655293002,1267211.404736998,983122.1371138855,0,0,0,864392.447390063,0,0,0,0,0,0,0,0,0,0,0,0,0,0,0,0,0,0,0,0,0,0,0,0,0,0,0,0,0,0,0,0,0,0,0,0,0,0
1690675200,30-07-2023,1001824.1156213508,8785009.610801399,0,0,2225008.5518392185,0,2935501.6303952755,0,0,0,1395052.354786187,0,0,0,0,0,0,0,930670.1976563111,982486.3256461243,0,0,0,1759275.2451049825,1976072.827894751,1761889.241071701,0,0,0,1524602.4712969358,0,0,0,0,0,0,0,0,0,0,0,0,0,0,0,0,0,0,0,0,0,0,0,0,0,0,0,0,0,0,0,0,0,0,0,0,0,0
1690761600,31-07-2023,1179856.1753665975,16745216.685194721,0,0,3551158.9297808674,0,4308798.8589030905,0,0,0,2108448.6015632646,0,0,0,0,0,0,0,1082364.9310618355,1206773.1129622026,0,0,0,2553958.7519671274,9589354.76412522,3521548.345653764,0,0,0,2962547.2812332576,0,0,0,0,0,0,0,0,0,0,0,0,0,0,0,0,0,0,0,0,0,0,0,0,0,0,0,0,0,0,0,0,0,0,0,0,0,0
1690848000,01-08-2023,1879766.1008511954,16847174.660668753,0,0,4184944.368834312,0,6186736.605571646,0,0,0,2044478.4777337387,0,0,0,0,0,0,0,0,1315367.132753958,0,0,0,3738570.3619207605,12968618.160437917,3301744.414455315,918396.6835216968,0,0,3194619.76446307,0,0,0,0,0,0,0,0,0,0,0,0,0,0,0,0,0,0,0,0,0,0,0,0,0,0,0,0,0,0,0,0,0,0,0,0,0,0
1690934400,02-08-2023,1283339.2863385736,12166679.93035201,0,0,3388214.1531925285,0,4890017.560602665,0,0,0,1194382.6698499683,0,0,0,0,0,0,0,0,1277004.9791119113,0,0,0,2910093.7978581246,3062784.797113791,2240426.6956067984,993336.9330239007,0,0,2129713.669801294,0,0,0,0,0,0,0,0,0,0,0,0,0,0,0,0,0,0,0,0,0,0,0,0,0,0,0,0,0,0,0,0,0,0,0,0,0,0
1691020800,03-08-2023,1273953.6775199333,14387664.517292134,0,0,3516332.4724955084,0,4065090.439344479,0,0,0,1687538.848953261,0,0,0,0,0,0,0,0,1307002.4933788301,0,0,0,3305075.4485407667,3348078.0357966768,3086658.674413954,1210226.1375311692,0,0,2606998.395767623,0,0,0,0,0,0,0,0,0,0,0,0,0,0,0,0,0,0,0,0,0,0,0,0,0,0,0,0,0,0,0,0,0,0,0,0,0,0
1691107200,04-08-2023,1268439.0156106302,13532302.056064174,0,0,3511974.1139561646,0,5249920.0143646095,0,0,0,1695310.0773101887,0,0,0,0,0,0,0,0,1195675.3555191918,0,0,0,3628620.049175173,2620888.9202456204,2019024.8728418911,784568.0957609395,0,0,2128695.5138404,0,0,0,0,0,0,0,0,0,0,0,0,0,0,0,0,0,0,0,0,0,0,0,0,0,0,0,0,0,0,0,0,0,0,0,0,0,0
1691193600,05-08-2023,2397639.7974278647,7797601.031548724,0,0,1914518.0573933811,419333.9695504631,2779434.377234953,0,0,0,961458.9375402927,0,0,0,0,0,0,0,0,0,0,0,0,1967388.009464925,1161522.6443907297,984723.2871684721,359131.83761801256,0,0,1386734.008834565,0,0,0,0,0,0,0,0,0,0,0,0,0,0,0,0,0,0,0,0,0,0,0,0,0,0,0,0,0,0,0,0,0,0,0,0,0,0
1691280000,06-08-2023,2304494.8144664546,9935562.251338277,0,0,3441602.774701062,0,5203210.819556652,0,0,0,1785538.117467342,0,0,0,0,0,0,0,1221921.8124577466,1473332.0817270956,0,0,0,2766767.6781675457,1416836.0088637536,1199023.7569174913,0,0,0,2212614.9235315463,0,0,0,0,0,0,0,0,0,0,0,0,0,0,0,0,0,0,0,0,0,0,0,0,0,0,0,0,0,0,0,0,0,0,0,0,0,0
1691366400,07-08-2023,1697169.3055621772,16432149.2192915,0,0,4716859.708586193,0,3746725.485813602,0,0,0,1986841.974881741,0,0,0,0,0,0,0,0,1619085.892757984,0,0,0,4729597.537411555,2780721.568405129,2419839.591551695,1195003.6399923558,0,0,1958101.5704002965,0,0,0,0,0,0,0,0,0,0,0,0,0,0,0,0,0,0,0,0,0,0,0,0,0,0,0,0,0,0,0,0,0,0,0,0,0,0
1691452800,08-08-2023,1954149.1563926295,20396711.31909996,0,0,5791263.397204864,0,4300923.955485076,0,0,0,2557538.2113102274,0,0,0,0,0,0,0,0,1097790.3864265888,0,0,0,5153089.772366018,4195041.25286468,3960996.0908579305,946939.3988352381,0,0,2756691.85760206,0,0,0,0,0,0,0,0,0,0,0,0,0,0,0,0,0,0,0,0,0,0,0,0,0,0,0,0,0,0,0,0,0,0,0,0,0,0
1691539200,09-08-2023,1342684.392187991,18929564.349843197,0,0,4567799.742516355,0,4394328.70689721,0,0,0,1562491.4636518438,0,0,0,0,0,0,0,0,1310394.7866340415,0,0,0,5922476.1936838245,3873526.056287225,3465664.221972571,1286307.073846838,0,0,1778624.3801547014,0,0,0,0,0,0,0,0,0,0,0,0,0,0,0,0,0,0,0,0,0,0,0,0,0,0,0,0,0,0,0,0,0,0,0,0,0,0
1691625600,10-08-2023,1335383.3716553987,15879504.914424282,0,0,3399916.2109149285,0,3584385.300297763,0,0,0,1536421.3711414344,0,0,0,0,0,0,0,0,776122.6187698941,0,0,0,2827696.8423044276,2994129.724382456,2527076.2999267653,839566.3161944818,0,0,2118527.5731960246,0,0,0,0,0,0,0,0,0,0,0,0,0,0,0,0,0,0,0,0,0,0,0,0,0,0,0,0,0,0,0,0,0,0,0,0,0,0
1691712000,11-08-2023,1156104.135606805,11447452.272818048,0,0,2230223.8915961822,448063.45211858617,2267872.3103468544,0,0,0,1075854.8669749917,0,0,0,0,0,0,0,0,450830.6096599471,0,0,0,2475137.5930686556,2515807.239327909,1836578.972551409,0,0,0,1896129.0367676585,0,0,0,0,0,0,0,0,0,0,0,0,0,0,0,0,0,0,0,0,0,0,0,0,0,0,0,0,0,0,0,0,0,0,0,0,0,0
1691798400,12-08-2023,1086809.7333507445,8889477.801112477,0,0,1506857.4122945997,0,1447468.13810065,0,0,0,761826.842866802,0,0,0,0,0,0,0,0,422287.4728390778,0,0,0,1574518.472054147,1504332.5419280306,1303100.4799749283,331064.41580187867,0,0,1725979.8537210934,0,0,0,0,0,0,0,0,0,0,0,0,0,0,0,0,0,0,0,0,0,0,0,0,0,0,0,0,0,0,0,0,0,0,0,0,0,0
1691884800,13-08-2023,1061572.4231600314,9074798.120540896,0,0,2071430.7720064393,0,1646021.4968477194,0,0,0,927091.3286179778,0,0,0,0,0,0,0,0,1057857.9569210964,0,0,0,1598217.3906747752,1793088.7588807049,1507492.8059411587,388722.35767615424,0,0,1709052.298249718,0,0,0,0,0,0,0,0,0,0,0,0,0,0,0,0,0,0,0,0,0,0,0,0,0,0,0,0,0,0,0,0,0,0,0,0,0,0
1691971200,14-08-2023,1391268.0076952083,12205426.348704418,0,0,2155037.9008308877,0,3390355.3738401528,0,0,0,1167547.7534778083,0,0,0,0,0,0,0,0,976889.9347999399,0,0,0,2744966.488771504,2542040.9777010297,2094733.229163939,691253.7796334832,0,0,1766887.1607473695,0,0,0,0,0,0,0,0,0,0,0,0,0,0,0,0,0,0,0,0,0,0,0,0,0,0,0,0,0,0,0,0,0,0,0,0,0,0
1692057600,15-08-2023,1919136.3740702001,14617377.167784866,0,0,2923142.3128421204,0,3813292.1071727974,0,0,0,1169825.4387117117,0,0,0,0,0,0,0,0,883002.4140700273,0,0,0,3039706.6657740674,2794207.0679053394,2382274.230439572,450949.70556764054,0,0,2423201.134467238,0,0,0,0,0,0,0,0,0,0,0,0,0,0,0,0,0,0,0,0,0,0,0,0,0,0,0,0,0,0,0,0,0,0,0,0,0,0
1692144000,16-08-2023,2127143.6083461517,16859353.574166175,0,0,3488613.3551558587,0,5194819.050433346,0,0,0,1367201.2804400742,0,0,0,0,0,0,0,0,1093322.0199481114,0,0,0,3893833.4142136998,4329275.91867915,3698694.5877464567,634233.0873285045,0,0,2640166.0241553383,0,0,0,0,0,0,0,0,0,0,0,0,0,0,0,0,0,0,0,0,0,0,0,0,0,0,0,0,0,0,0,0,0,0,0,0,0,0
1692230400,17-08-2023,2967056.336939118,33698018.97543186,0,0,7228080.811201477,1594711.444571714,10564394.466182392,0,0,0,3210768.2455496457,0,0,0,0,0,0,0,0,2000295.6940672891,0,0,0,8506718.040851023,7613965.111145103,6670379.634234978,0,0,0,4825167.713228683,0,0,0,0,0,0,0,0,0,0,0,0,0,0,0,0,0,0,0,0,0,0,0,0,0,0,0,0,0,0,0,0,0,0,0,0,0,0
1692316800,18-08-2023,1599752.785278163,20873239.86820972,0,0,4643115.799174096,0,5215452.783926839,0,0,0,1783592.9127991835,0,0,0,0,0,0,0,0,2007099.513147101,0,0,0,4058997.094716142,4528005.841270488,4164700.355825168,965065.5681663938,0,0,3179922.169787098,0,0,0,0,0,0,0,0,0,0,0,0,0,0,0,0,0,0,0,0,0,0,0,0,0,0,0,0,0,0,0,0,0,0,0,0,0,0
1692403200,19-08-2023,1430798.3563969405,10157443.748019805,0,0,3013136.6402461445,0,2076507.7938697692,0,0,0,1041386.8871086129,0,0,0,0,0,0,0,0,1041791.1515805208,0,0,0,2372640.980612835,1821893.1004251905,1602104.423930869,558690.0019065209,0,0,1332493.285802143,0,0,0,0,0,0,0,0,0,0,0,0,0,0,0,0,0,0,0,0,0,0,0,0,0,0,0,0,0,0,0,0,0,0,0,0,0,0
1692489600,20-08-2023,1019236.5204534571,10279133.846741294,0,0,1613182.0507021842,0,1960224.041663543,0,0,0,610773.6274615987,0,0,0,0,0,0,0,0,736232.0376126824,0,0,0,1818244.0083091175,1494830.8195640796,1215282.6387996406,470983.91403996706,0,0,935515.7364314802,0,0,0,0,0,0,0,0,0,0,0,0,0,0,0,0,0,0,0,0,0,0,0,0,0,0,0,0,0,0,0,0,0,0,0,0,0,0
1692576000,21-08-2023,1437719.9187592124,13160962.2746788,0,0,2962910.0052856067,0,3240420.71550364,0,0,0,921629.3533513643,0,0,0,0,0,0,0,0,1253064.9410832294,0,0,0,3028715.4976901067,2800346.133312147,2448073.7864883314,537519.2440060715,0,0,2002995.3744129436,0,0,0,0,0,0,0,0,0,0,0,0,0,0,0,0,0,0,0,0,0,0,0,0,0,0,0,0,0,0,0,0,0,0,0,0,0,0
1692662400,22-08-2023,2377174.2659895085,14458209.022069398,0,0,3774511.122805794,0,4805397.639944279,0,0,0,1275391.5241697843,0,0,0,0,0,0,0,0,1459040.7938375052,0,0,0,4264318.942323211,3218239.0061583333,2677455.9537536157,828021.0554969758,0,0,2552343.5341877555,0,0,0,0,0,0,0,0,0,0,0,0,0,0,0,0,0,0,0,0,0,0,0,0,0,0,0,0,0,0,0,0,0,0,0,0,0,0
1692748800,23-08-2023,2142534.4778087484,13246953.017187374,0,0,3803209.422470038,593582.4132478933,4024251.281864471,0,0,0,1240389.2555426345,0,0,0,0,0,0,0,0,1135531.7125458422,0,0,0,4132832.6072601434,3666272.4050748674,3124537.1439305125,0,0,0,3032739.2297125086,0,0,0,0,0,0,0,0,0,0,0,0,0,0,0,0,0,0,0,0,0,0,0,0,0,0,0,0,0,0,0,0,0,0,0,0,0,0
1692835200,24-08-2023,2076557.4987507204,13724844.434826925,0,0,3077043.173124603,0,3007633.1583263376,0,0,0,781320.0555837107,0,0,0,0,0,0,0,0,872776.2672423285,0,0,0,3815555.742957659,2467328.232280166,2147245.7331000054,679783.5674531141,0,0,2908338.974284865,0,0,0,0,0,0,0,0,0,0,0,0,0,0,0,0,0,0,0,0,0,0,0,0,0,0,0,0,0,0,0,0,0,0,0,0,0,0
1692921600,25-08-2023,1598625.9944671674,11087843.264247201,0,0,2980714.188043326,0,3035184.068157119,0,0,0,1034256.3496739679,0,0,0,0,0,0,0,0,1461322.1534330717,0,0,0,2838404.482344345,2669332.569766773,2105512.9575660927,601603.0410326328,0,0,3139376.7431069836,0,0,0,0,0,0,0,0,0,0,0,0,0,0,0,0,0,0,0,0,0,0,0,0,0,0,0,0,0,0,0,0,0,0,0,0,0,0
1693008000,26-08-2023,1337613.7327458085,6878976.073101238,0,0,1151880.2688078484,0,1007772.6863614696,0,0,0,585722.201495379,0,0,0,0,0,0,0,0,299106.69100453943,0,0,0,2164248.139240124,677814.9736077533,611084.8042888396,275101.50961275963,0,0,1452584.8664204292,0,0,0,0,0,0,0,0,0,0,0,0,0,0,0,0,0,0,0,0,0,0,0,0,0,0,0,0,0,0,0,0,0,0,0,0,0,0
1693094400,27-08-2023,1746818.3131147611,7154421.953164399,0,0,1513923.672288937,0,1483339.0480595673,0,0,0,476320.84322968725,0,0,0,0,0,0,140288.49226275843,0,0,0,0,0,2143957.7199141462,842092.0336685964,740995.1283533716,236577.44291454338,0,0,1581725.0034557106,0,0,0,0,0,0,0,0,0,0,0,0,0,0,0,0,0,0,0,0,0,0,0,0,0,0,0,0,0,0,0,0,0,0,0,0,0,0
1693180800,28-08-2023,1571517.2425844744,8955956.257040843,0,0,2337198.2901491746,0,1990810.648487107,0,0,0,906726.5744489201,0,0,0,0,0,0,0,0,590552.5470904692,0,0,0,2195808.421419231,1719210.1177098937,1427070.049443196,453061.4875876083,0,0,2810603.5117443977,0,0,0,0,0,0,0,0,0,0,0,0,0,0,0,0,0,0,0,0,0,0,0,0,0,0,0,0,0,0,0,0,0,0,0,0,0,0
1693267200,29-08-2023,1761989.2227724618,18212431.409947433,0,0,3927442.4956187126,0,6017428.261471565,0,0,0,1593673.3252353296,0,0,0,0,0,0,0,0,1835637.6617602496,0,0,0,5210811.685425548,4740823.738561796,4145158.3118894002,717867.4625767487,0,0,5722232.314566942,0,0,0,0,0,0,0,0,0,0,0,0,0,0,0,0,0,0,0,0,0,0,0,0,0,0,0,0,0,0,0,0,0,0,0,0,0,0
1693353600,30-08-2023,1292481.6879177047,11739081.36865217,0,0,2418320.5082966303,0,2523464.031656189,0,0,0,745274.0027406962,0,0,0,0,0,0,0,0,753832.5377836117,0,0,0,2888338.6711429553,2672231.4053632743,2402787.572235066,578372.4990032808,0,0,4408737.088368906,0,0,0,0,0,0,0,0,0,0,0,0,0,0,0,0,0,0,0,0,0,0,0,0,0,0,0,0,0,0,0,0,0,0,0,0,0,0
1693440000,31-08-2023,1424003.7451766795,11738720.948087726,0,0,2331662.19654711,0,3746351.159057084,0,0,0,832216.7735579747,0,0,0,0,0,0,0,0,494412.56660594145,0,0,0,3633061.7762834607,2779848.473033468,2443386.076512285,658813.2801376386,0,0,3929389.14116742,0,0,0,0,0,0,0,0,0,0,0,0,0,0,0,0,0,0,0,0,0,0,0,0,0,0,0,0,0,0,0,0,0,0,0,0,0,0
1693526400,01-09-2023,1651477.8402075241,7600767.037417208,0,0,2721157.9586368767,0,2799055.614947423,0,0,0,889914.5100030081,0,0,0,0,0,0,0,0,357982.4230431409,0,0,0,2018070.548804334,1917667.7119345982,1481393.326707296,674177.7496156531,0,0,2688053.601284234,0,0,0,0,0,0,0,0,0,0,0,0,0,0,0,0,0,0,0,0,0,0,0,0,0,0,0,0,0,0,0,0,0,0,0,0,0,0
1693612800,02-09-2023,1531203.6944857885,6104038.874389618,0,0,1768265.7982773513,0,1639710.1054564712,0,0,0,613985.3244020207,0,0,0,0,0,0,0,0,281232.712561146,0,0,0,1768898.1689223677,1869762.2940446695,1638866.5965282966,419769.56653423153,0,0,1795509.9466478135,0,0,0,0,0,0,0,0,0,0,0,0,0,0,0,0,0,0,0,0,0,0,0,0,0,0,0,0,0,0,0,0,0,0,0,0,0,0
1693699200,03-09-2023,833105.6449847458,5774266.076169366,0,0,1194626.7319601227,0,1161233.092821425,0,0,0,462791.61486315646,0,0,0,0,0,0,0,0,238549.32638641234,0,0,0,1432129.1692554266,1536243.1345142813,1118188.6750556356,199477.3987510545,0,0,1851662.2015041306,0,0,0,0,0,0,0,0,0,0,0,0,0,0,0,0,0,0,0,0,0,0,0,0,0,0,0,0,0,0,0,0,0,0,0,0,0,0
1693785600,04-09-2023,1276627.92560597,7894188.6594065,0,0,1539438.6922502173,0,2596139.9229483674,0,0,0,765599.3125094867,0,0,0,0,0,0,0,0,417296.5822384794,0,0,0,1917312.7089169305,1781065.6698928108,1443142.3019933573,325937.4112177999,0,0,2345043.2120638615,0,0,0,0,0,0,0,0,0,0,0,0,0,0,0,0,0,0,0,0,0,0,0,0,0,0,0,0,0,0,0,0,0,0,0,0,0,0
1693872000,05-09-2023,1433332.5885505783,12148622.923066704,0,0,3004018.200854981,479946.9373586861,4395077.574821222,0,0,0,1168908.7795580488,0,0,0,0,0,0,0,0,0,0,0,0,3133325.842234859,2879329.217351585,2464584.0921134,517493.41283676354,0,0,3872494.736481158,0,0,0,0,0,0,0,0,0,0,0,0,0,0,0,0,0,0,0,0,0,0,0,0,0,0,0,0,0,0,0,0,0,0,0,0,0,0
1693958400,06-09-2023,1181966.3418970262,14935016.353540536,0,0,2365153.1473412584,0,3558549.592710772,0,0,0,1651541.405549126,0,0,0,0,0,0,0,0,0,0,0,0,3170666.5908772303,2596297.880813439,2242782.3579388894,920473.2004209196,1189992.3283153556,0,2860240.493667447,0,0,0,0,0,0,0,0,0,0,0,0,0,0,0,0,0,0,0,0,0,0,0,0,0,0,0,0,0,0,0,0,0,0,0,0,0,0
1694044800,07-09-2023,1019656.6770878114,6949560.580992827,0,0,1432146.566222164,0,2086769.4706784415,0,0,0,641584.570150283,0,0,0,0,0,0,0,0,333192.3874383598,0,0,0,1827636.484629768,1334718.4622327846,1171057.8092482227,347702.43188615766,0,0,2401165.49411634,0,0,0,0,0,0,0,0,0,0,0,0,0,0,0,0,0,0,0,0,0,0,0,0,0,0,0,0,0,0,0,0,0,0,0,0,0,0
1694131200,08-09-2023,1185822.4254898997,7297285.794600911,0,0,2057035.2225170669,0,2056858.050045,0,0,0,1097000.1681853659,0,0,0,0,0,0,0,621133.9946840878,0,0,0,0,1685170.76525946,1357865.1527605918,995399.1742553725,331596.69470786385,0,0,1675596.3818370467,0,0,0,0,0,0,0,0,0,0,0,0,0,0,0,0,0,0,0,0,0,0,0,0,0,0,0,0,0,0,0,0,0,0,0,0,0,0
1694217600,09-09-2023,886051.5279356587,3202655.753646892,0,0,849201.0597255351,0,726142.0420217356,0,0,0,509048.5339126554,0,0,0,0,0,0,0,397469.4129010152,0,0,0,0,993373.4687032616,876051.8523787712,597916.7431566861,194810.19612869655,0,0,1021945.8951408407,0,0,0,0,0,0,0,0,0,0,0,0,0,0,0,0,0,0,0,0,0,0,0,0,0,0,0,0,0,0,0,0,0,0,0,0,0,0
1694304000,10-09-2023,1400674.5990482061,11255934.777687857,0,0,2823442.940177653,0,6368950.669039428,0,0,0,1184604.254579795,0,0,0,0,0,0,0,0,697620.2715457411,0,0,0,4244247.635806057,3783632.205587143,3393338.2640697043,1151499.8714795213,0,0,5351651.419873582,0,0,0,0,0,0,0,0,0,0,0,0,0,0,0,0,0,0,0,0,0,0,0,0,0,0,0,0,0,0,0,0,0,0,0,0,0,0
1694390400,11-09-2023,1502292.728574929,14424546.025176369,0,0,3314060.295346372,0,8119341.031913659,0,0,0,1708989.579020477,0,0,0,0,0,0,0,0,799298.3880016383,0,0,0,5611601.512578287,3286607.8235085215,3039169.6006533355,1085613.5563783003,0,0,6467364.597831347,0,0,0,0,0,0,0,0,0,0,0,0,0,0,0,0,0,0,0,0,0,0,0,0,0,0,0,0,0,0,0,0,0,0,0,0,0,0
1694476800,12-09-2023,1440576.4275823738,13734121.485582463,0,0,3245772.119425413,0,7194571.809786513,0,0,0,1395068.7178525475,0,0,0,0,0,0,0,0,707273.9150790707,0,0,0,4193848.6840419974,2200296.34104205,2023611.487424354,645018.983083087,0,0,4699555.882647555,0,0,0,0,0,0,0,0,0,0,0,0,0,0,0,0,0,0,0,0,0,0,0,0,0,0,0,0,0,0,0,0,0,0,0,0,0,0
1694563200,13-09-2023,2083553.7593546116,13636992.306939164,0,0,3316088.7942375885,0,6993877.623872798,0,0,0,1157577.603018718,0,0,0,0,0,0,0,0,867792.3013573086,0,0,0,4339820.9284890685,1872788.454988275,1587320.1398183582,522123.4143159097,0,0,3333349.958058971,0,0,0,0,0,0,0,0,0,0,0,0,0,0,0,0,0,0,0,0,0,0,0,0,0,0,0,0,0,0,0,0,0,0,0,0,0,0
1694649600,14-09-2023,1842201.1360857817,13988342.9101034,0,0,3404214.0889674313,0,4162215.6877582874,0,0,0,952770.5603120835,0,0,0,0,0,0,0,0,571013.9524833892,0,0,0,3500250.2089166,2134358.4534485177,1764764.9680270078,429000.73733172845,0,0,2937499.9573986265,0,0,0,0,0,0,0,0,0,0,0,0,0,0,0,0,0,0,0,0,0,0,0,0,0,0,0,0,0,0,0,0,0,0,0,0,0,0
1694736000,15-09-2023,1266525.4991700975,10553332.864715086,0,0,1981649.3524063108,0,2311307.351629467,0,0,0,703085.2749595699,0,0,0,0,0,0,0,0,204729.81465314093,0,0,0,3057464.7689841874,1698720.3344369417,1557467.6852864837,593087.8330114381,0,0,2364843.7456876207,0,0,0,0,0,0,0,0,0,0,0,0,0,0,0,0,0,0,0,0,0,0,0,0,0,0,0,0,0,0,0,0,0,0,0,0,0,0
1694822400,16-09-2023,1201185.7659018892,7955749.686023501,0,0,2999719.567743849,366018.5415554415,1433467.3503694604,0,0,0,750939.9976810741,0,0,0,0,0,0,0,0,0,0,0,0,2449799.602667331,1132105.1415078803,957732.5845517323,562096.5024987163,0,0,1567946.210570723,0,0,0,0,0,0,0,0,0,0,0,0,0,0,0,0,0,0,0,0,0,0,0,0,0,0,0,0,0,0,0,0,0,0,0,0,0,0
1694908800,17-09-2023,1346432.2060474998,4413149.005478917,0,0,1528043.6910968027,0,999993.859281528,0,0,0,490089.7527751894,0,0,0,0,0,0,0,0,195543.87595603865,0,0,0,1342927.5901543358,764356.3608584446,643879.7378867695,389812.96880776464,0,0,1121440.0064474868,0,0,0,0,0,0,0,0,0,0,0,0,0,0,0,0,0,0,0,0,0,0,0,0,0,0,0,0,0,0,0,0,0,0,0,0,0,0
1694995200,18-09-2023,1609809.761000379,13254359.012508553,0,0,2656084.1932858583,0,3434698.7298101913,0,0,0,1582501.334726712,0,0,0,0,0,0,0,0,423845.4426269322,0,0,0,4066768.432930121,1927841.2383837851,1698185.3916357793,0,596205.4423367196,0,3888704.812853326,0,0,0,0,0,0,0,0,0,0,0,0,0,0,0,0,0,0,0,0,0,0,0,0,0,0,0,0,0,0,0,0,0,0,0,0,0,0
1695081600,19-09-2023,1264889.8962758626,12451571.981200425,0,0,2572667.1965293093,0,3414878.9963779766,0,0,0,1172882.5614037057,0,0,0,0,0,0,0,0,350783.4297446911,0,0,0,3532471.260067936,2235455.804662718,1984808.1043099328,594764.6489797285,0,0,3502481.9125333023,0,0,0,0,0,0,0,0,0,0,0,0,0,0,0,0,0,0,0,0,0,0,0,0,0,0,0,0,0,0,0,0,0,0,0,0,0,0
1695168000,20-09-2023,1356110.2052119188,16747961.564681537,0,0,3978372.049705849,0,3242814.557684836,0,0,0,1126804.350469815,0,0,0,0,0,0,0,0,522964.22899853135,0,0,0,4178093.9488831484,2328123.1831746683,2082467.5708274576,805974.4513435008,0,0,3093196.083198913,0,0,0,0,0,0,0,0,0,0,0,0,0,0,0,0,0,0,0,0,0,0,0,0,0,0,0,0,0,0,0,0,0,0,0,0,0,0
1695254400,21-09-2023,1217375.8210387547,21699003.916432824,0,0,3284212.762362276,0,3888171.344889188,0,0,0,1138456.0990871463,0,0,0,0,0,0,0,0,357567.10118906666,0,0,0,5087073.965855076,2795743.350624103,2550975.8426909205,1517253.9347624672,0,0,4233952.596233783,0,0,0,0,0,0,0,0,0,0,0,0,0,0,0,0,0,0,0,0,0,0,0,0,0,0,0,0,0,0,0,0,0,0,0,0,0,0
1695340800,22-09-2023,1289740.8831368028,9254564.427048359,0,0,1617635.3753134124,0,2019216.8790124871,0,0,0,1457645.0309193241,0,0,0,0,0,0,0,0,0,0,0,0,2092226.6703093383,1591404.7229451058,1314565.6613166034,515549.28878342983,0,0,2356903.71063322,0,3596340.8968445105,0,0,0,0,0,0,0,0,0,0,0,0,0,0,0,0,0,0,0,0,0,0,0,0,0,0,0,0,0,0,0,0,0,0,0,0
1695427200,23-09-2023,996501.7048544915,4880510.856158168,0,0,878158.5081513813,0,1033142.3746598961,0,0,0,686742.9605766844,0,0,0,0,0,0,0,0,0,0,0,0,1309671.2413261598,996802.2711785077,789514.9776372786,308381.12906197656,0,0,1179232.6038485698,0,0,211193.14543181864,0,0,0,0,0,0,0,0,0,0,0,0,0,0,0,0,0,0,0,0,0,0,0,0,0,0,0,0,0,0,0,0,0,0,0
1695513600,24-09-2023,1275248.4547949252,6096914.201172549,0,0,1356110.656390666,0,1203097.8861572603,0,0,0,1161307.9547439555,0,0,0,0,0,0,0,0,0,0,0,0,1617295.6738494725,1079090.2255594695,955223.7652161797,336209.90637809446,0,0,1219420.859349741,0,953358.8730922374,0,0,0,0,0,0,0,0,0,0,0,0,0,0,0,0,0,0,0,0,0,0,0,0,0,0,0,0,0,0,0,0,0,0,0,0
1695600000,25-09-2023,1112316.2856961512,8302546.170036389,0,0,2275478.375299191,0,2005856.459252733,0,0,0,878232.7914025397,0,0,0,0,0,0,0,0,0,0,0,0,1649557.94189695,1153345.674401558,997504.1970858944,284884.3870069126,0,0,1812155.3051730301,0,0,443847.29047786305,0,0,0,0,0,0,0,0,0,0,0,0,0,0,0,0,0,0,0,0,0,0,0,0,0,0,0,0,0,0,0,0,0,0,0
1695686400,26-09-2023,1019949.6660354369,5785782.514186086,0,0,1144718.4903990184,0,1371633.7858556372,0,0,0,1004892.9995008121,0,0,0,0,0,0,0,0,0,0,0,0,1572735.9653924303,1363948.7388249058,1173073.9249786914,266322.14458408736,0,0,1947088.7030454667,0,1474881.963471505,0,0,0,0,0,0,0,0,0,0,0,0,0,0,0,0,0,0,0,0,0,0,0,0,0,0,0,0,0,0,0,0,0,0,0,0
1695772800,27-09-2023,1177861.5612875926,7996470.917585392,0,0,2110751.944251201,0,2351826.7277188143,0,0,0,1036736.5748832211,0,0,0,0,0,0,0,0,0,0,0,0,2021637.554020036,1413212.9983630667,1296596.315025636,632464.8363392651,0,0,1982976.7134821578,0,0,688204.8119735515,0,0,0,0,0,0,0,0,0,0,0,0,0,0,0,0,0,0,0,0,0,0,0,0,0,0,0,0,0,0,0,0,0,0,0
1695859200,28-09-2023,1030656.9463972952,12606732.301180352,0,0,2474227.6363267917,0,2571036.8981452445,0,0,0,1096429.2413339554,0,0,0,0,0,0,0,0,0,0,0,0,2234864.610250118,2036705.2507284347,1751865.932192012,626064.3411321471,0,0,2258473.3510109344,0,1127237.3594887815,0,0,0,0,0,0,0,0,0,0,0,0,0,0,0,0,0,0,0,0,0,0,0,0,0,0,0,0,0,0,0,0,0,0,0,0
1695945600,29-09-2023,2080852.953517392,29454408.06926784,0,0,4499557.6228712015,0,4888887.631964708,0,0,0,1537472.7580217472,0,0,0,0,0,0,0,0,0,0,0,0,3702069.0790548287,2700646.3096312815,2552912.362464903,789849.8981786219,0,0,3207810.2298031165,0,0,615165.1822590074,0,0,0,0,0,0,0,0,0,0,0,0,0,0,0,0,0,0,0,0,0,0,0,0,0,0,0,0,0,0,0,0,0,0,0
1696032000,30-09-2023,1999116.8086576157,20384147.506441787,0,0,4668404.327092603,0,4494273.253159643,0,0,0,2261276.8721535355,0,0,0,0,0,0,0,0,0,0,0,0,3893133.8349700877,2656405.0424868586,2418664.622444533,905268.7819994937,0,0,3150319.6699384823,0,6974006.089427453,0,0,0,0,0,0,0,0,0,0,0,0,0,0,0,0,0,0,0,0,0,0,0,0,0,0,0,0,0,0,0,0,0,0,0,0
1696118400,01-10-2023,2920496.1955210096,25909433.4133191,0,0,6086079.961569551,0,8155122.422590172,0,0,0,3305088.2298772573,0,0,0,0,0,0,0,0,0,0,0,0,5889756.39207748,5087416.118715035,4695066.566447636,820194.2585377055,0,0,5274062.425518785,0,3343628.012742072,0,0,0,0,0,0,0,0,0,0,0,0,0,0,0,0,0,0,0,0,0,0,0,0,0,0,0,0,0,0,0,0,0,0,0,0
1696204800,02-10-2023,3272660.1866347184,33486032.360897716,0,0,7496818.134741831,0,10953348.025631685,0,0,0,3967955.4891839516,0,0,0,0,0,0,0,0,0,0,0,0,8484959.009738822,5922128.835947957,5180532.861397757,1708756.407012676,0,0,6633363.472578276,0,1172179.302300408,0,0,0,0,0,0,0,0,0,0,0,0,0,0,0,0,0,0,0,0,0,0,0,0,0,0,0,0,0,0,0,0,0,0,0,0
1696291200,03-10-2023,5738904.210948007,30460056.078623325,0,0,7223373.460069647,0,7967479.360265212,0,0,0,3205363.0316988504,0,0,0,0,0,0,0,0,0,0,0,0,7273249.417407356,4331044.8759317435,3820555.1488522002,1345306.738123123,0,0,5896811.474749194,0,3987444.0841278755,0,0,0,0,0,0,0,0,0,0,0,0,0,0,0,0,0,0,0,0,0,0,0,0,0,0,0,0,0,0,0,0,0,0,0,0
1696377600,04-10-2023,4228719.449209407,22311204.400823526,0,0,4432103.648286539,0,6599280.939848841,0,0,0,2616143.2214303664,0,0,0,0,0,0,0,0,0,0,0,0,5892482.852629444,3563119.180701329,3073078.497780185,0,0,0,5482778.9982178565,0,2536437.9986818093,844420.0517415432,0,0,0,0,0,0,0,0,0,0,0,0,0,0,0,0,0,0,0,0,0,0,0,0,0,0,0,0,0,0,0,0,0,0,0
1696464000,05-10-2023,2197346.7368663596,17268095.512550518,0,0,3193878.209233586,0,4021502.2442136128,0,0,0,1596819.291332596,0,0,0,0,0,0,0,0,0,0,0,0,4225595.941134353,2249710.115748395,1931785.588230954,0,0,0,3841361.44361565,0,510826.3085236921,648514.1654757401,0,0,0,0,0,0,0,0,0,0,0,0,0,0,0,0,0,0,0,0,0,0,0,0,0,0,0,0,0,0,0,0,0,0,0
1696550400,06-10-2023,3261341.6435670406,44766997.71129634,0,0,8140497.430843537,1443893.8242706037,4567183.13707035,0,0,0,2012145.8985213167,0,0,0,0,0,0,0,0,0,0,0,0,9042998.444117904,2563099.7208200525,2263912.580776423,1487464.6072345935,0,0,3765817.9399985834,0,0,0,0,0,0,0,0,0,0,0,0,0,0,0,0,0,0,0,0,0,0,0,0,0,0,0,0,0,0,0,0,0,0,0,0,0,0
1696636800,07-10-2023,1900217.885624039,12764547.523395838,0,0,2222096.075777577,0,2479709.387437406,0,0,0,1320127.306730023,0,0,0,0,0,0,0,0,0,0,0,0,3356850.6123893,1711894.7121666512,1316609.1784388805,572805.9100818385,0,0,3646697.731652252,0,667067.2757425702,0,0,0,0,0,0,0,0,0,0,0,0,0,0,0,0,0,0,0,0,0,0,0,0,0,0,0,0,0,0,0,0,0,0,0,0
1696723200,08-10-2023,1819697.215788423,15963520.635183554,0,0,1960780.4740843913,0,2383184.2867993023,0,0,0,1030340.8958303373,0,0,0,0,0,0,0,4251919.339136558,0,0,0,0,4003728.0354938074,1699891.295759229,1427643.9414711236,448635.43874897726,0,0,2167241.299381667,0,0,0,0,0,0,0,0,0,0,0,0,0,0,0,0,0,0,0,0,0,0,0,0,0,0,0,0,0,0,0,0,0,0,0,0,0,0
1696809600,09-10-2023,2001205.037410868,18450520.47809339,0,0,3657090.0535357185,0,3956213.8206277397,0,0,0,1366284.2906769158,0,0,0,0,0,0,0,0,0,0,0,0,5220000.642004255,3987224.3404068574,3466785.4334575925,759903.968746701,0,0,5477241.305408047,0,1513748.8680640976,0,0,0,0,0,0,0,0,0,0,0,0,0,0,0,0,0,0,0,0,0,0,0,0,0,0,0,0,0,0,0,0,0,0,0,0
1696896000,10-10-2023,1529760.387755034,14914418.204770379,0,0,2456799.8978672344,0,2423330.634099169,0,0,0,1502153.8269114275,0,0,0,0,0,0,0,0,0,0,0,0,4325029.882089523,1890551.0717864835,1501068.467017718,614071.4126283166,0,0,2598444.9359294935,0,0,888706.0493272519,0,0,0,0,0,0,0,0,0,0,0,0,0,0,0,0,0,0,0,0,0,0,0,0,0,0,0,0,0,0,0,0,0,0,0
1696982400,11-10-2023,3808340.0007631043,16861131.17876171,0,0,2600294.857243195,0,2953678.6683663214,0,0,0,1426043.2689367086,0,0,0,0,0,0,0,0,0,0,0,0,4373574.709194071,2452708.716239062,2119174.911512942,0,0,0,3390582.717190817,0,1198405.4572618094,1347127.3887155813,0,0,0,0,0,0,0,0,0,0,0,0,0,0,0,0,0,0,0,0,0,0,0,0,0,0,0,0,0,0,0,0,0,0,0
1697068800,12-10-2023,1680425.3040144453,12489304.163268425,0,0,2041979.9930726578,0,3167801.55842127,0,0,0,1214490.9173166188,0,0,0,0,0,0,0,0,0,0,0,0,3285401.2457376746,2995237.3364473786,2728008.3408909803,643929.7426645722,0,0,4477959.717426759,0,0,661507.0447463857,0,0,0,0,0,0,0,0,0,0,0,0,0,0,0,0,0,0,0,0,0,0,0,0,0,0,0,0,0,0,0,0,0,0,0
1697155200,13-10-2023,1608109.7946405897,10171791.682104299,0,0,1483908.6671007257,0,2568538.08293492,0,0,0,1567438.8742905902,0,0,0,0,0,0,0,0,0,0,0,0,3342445.31303064,2615357.8544609277,2376489.3614776754,0,0,0,5578589.683024152,0,1095547.2810431607,667423.0034014003,0,0,0,0,0,0,0,0,0,0,0,0,0,0,0,0,0,0,0,0,0,0,0,0,0,0,0,0,0,0,0,0,0,0,0
1697241600,14-10-2023,1078365.1971309127,8392581.45309094,0,0,0,0,1374099.2274987742,0,0,0,1462363.413595579,0,0,0,0,0,0,0,0,0,0,0,0,3934337.3918895475,1180561.1415789449,851268.9289508818,472134.43441714527,0,0,1984099.868150345,0,0,1238576.7824540145,467707.5249062568,0,0,0,0,0,0,0,0,0,0,0,0,0,0,0,0,0,0,0,0,0,0,0,0,0,0,0,0,0,0,0,0,0,0
1697328000,15-10-2023,1012250.9708147276,6966672.567640372,0,0,482630.7008756715,0,1252118.8189861304,0,0,0,1270771.4786523888,0,0,0,0,0,0,0,0,0,0,412620.6559973589,0,2119483.9909064877,1492306.952849579,1204554.753193429,0,0,0,3057390.5454312325,0,1519395.645510258,0,0,0,0,0,0,0,0,0,0,0,0,0,0,0,0,0,0,0,0,0,0,0,0,0,0,0,0,0,0,0,0,0,0,0,0
1697414400,16-10-2023,2882819.320787535,31090983.51625549,0,0,6453137.785328435,0,8561656.622649265,0,0,0,3482393.269303694,0,0,0,0,0,0,0,0,0,0,2031476.1264690522,0,10801577.246405402,5643585.507281831,5106981.4277585,4652968.373178722,0,0,4961855.097113917,0,0,0,0,0,0,0,0,0,0,0,0,0,0,0,0,0,0,0,0,0,0,0,0,0,0,0,0,0,0,0,0,0,0,0,0,0,0
1697500800,17-10-2023,0,23099669.01353535,0,0,2501073.8870119024,0,4768252.948141022,0,0,0,4042767.9450730775,0,0,0,0,0,0,0,0,0,0,0,0,7818361.657245282,3871984.4636896625,3310587.4634452267,2023148.2293019798,0,0,4806832.121326541,0,1858958.7604658776,1806258.7203588102,0,0,0,0,0,0,0,0,0,0,0,0,0,0,0,0,0,0,0,0,0,0,0,0,0,0,0,0,0,0,0,0,0,0,0
1697587200,18-10-2023,1465235.3374848817,13389030.404097768,0,0,593782.8072976155,0,2169925.184673406,0,0,0,1494728.3603542624,0,0,0,0,0,0,0,0,0,0,0,0,3827639.1593263433,2065379.316542284,1654900.6071740163,0,0,0,3550885.0886539426,0,603681.9875729966,1265109.2691417893,0,0,0,0,0,0,0,0,0,0,0,0,0,0,0,0,0,0,0,0,0,0,0,0,0,0,0,0,0,0,0,0,0,0,0
1697673600,19-10-2023,2171669.0178575763,21320106.596560754,0,0,0,0,5221174.590071723,0,0,0,4322743.890001814,0,0,0,0,0,0,0,0,0,0,0,0,7470670.768913543,2581441.9797955467,2077585.8813120197,1256227.9149642969,0,0,4752370.2442776775,0,1654457.8322903763,1343998.9535349447,0,0,0,0,0,0,0,0,0,0,0,0,0,0,0,0,0,0,0,0,0,0,0,0,0,0,0,0,0,0,0,0,0,0,0
1697760000,20-10-2023,3084947.984051967,29573424.477726143,0,0,2268794.256906327,0,8563236.654272277,0,0,0,4003255.669399693,0,0,0,0,0,0,0,0,0,0,949125.0931530256,0,10343320.975367323,7959436.884555491,7406000.178215136,1812888.9569081725,0,0,12517912.494875893,0,0,0,0,0,0,0,0,0,0,0,0,0,0,0,0,0,0,0,0,0,0,0,0,0,0,0,0,0,0,0,0,0,0,0,0,0,0
1697846400,21-10-2023,2704301.8737302786,32038486.181809656,0,0,1725366.2372620734,0,12024854.781814162,0,0,0,4546398.318708923,0,0,0,0,0,0,0,0,0,0,1906041.3957132315,0,13012628.108606767,7125937.961550243,6544161.369157165,2124207.8381984425,0,0,13165823.981682764,0,0,0,0,0,0,0,0,0,0,0,0,0,0,0,0,0,0,0,0,0,0,0,0,0,0,0,0,0,0,0,0,0,0,0,0,0,0
1697932800,22-10-2023,2303319.891852917,25164070.11348752,0,0,1163038.793972342,0,6676599.548810619,0,0,0,2695859.8591196164,0,0,0,0,0,0,0,0,0,0,1348550.7225943864,0,8449455.479118966,3738931.330791847,2960151.9422512986,1646043.6463501523,0,0,5571735.899000647,0,0,0,0,0,0,0,0,0,0,0,0,0,0,0,0,0,0,0,0,0,0,0,0,0,0,0,0,0,0,0,0,0,0,0,0,0,0
1698019200,23-10-2023,3982319.078494001,45492609.00489448,0,0,0,0,17818792.53511567,0,0,0,7473899.357194797,0,0,0,0,0,0,0,0,0,0,4462175.823502846,0,17679227.843686398,8915906.400828224,7413259.752609791,2975070.213219256,0,0,12763818.49844656,0,0,4065189.011906264,0,0,0,0,0,0,0,0,0,0,0,0,0,0,0,0,0,0,0,0,0,0,0,0,0,0,0,0,0,0,0,0,0,0,0
1698105600,24-10-2023,4108085.969302582,51958040.3540744,0,0,0,0,20994448.981244784,0,0,0,7059570.090932884,0,0,0,0,0,0,0,0,0,0,4446872.705032829,0,18239625.277601358,12507396.593696766,10188137.050253391,5967979.88441181,0,0,14490237.347319461,0,0,8054188.772469235,0,0,0,0,0,0,0,0,0,0,0,0,0,0,0,0,0,0,0,0,0,0,0,0,0,0,0,0,0,0,0,0,0,0,0
1698192000,25-10-2023,6906779.442820134,54918720.12942323,0,0,0,0,15257657.916565586,0,0,0,7133620.815484632,0,0,0,0,0,0,0,0,0,0,4145394.5739485584,0,17584894.59334534,11282456.595276723,10049291.059581153,7665498.262418081,0,0,13781615.085489694,0,0,15406533.71758981,0,0,0,0,0,0,0,0,0,0,0,0,0,0,0,0,0,0,0,0,0,0,0,0,0,0,0,0,0,0,0,0,0,0,0
1698278400,26-10-2023,3792184.207337549,41910939.43092756,0,0,0,0,10816353.156407397,0,0,0,5294991.441014739,0,0,0,0,0,0,0,0,0,0,3722069.29977874,0,10422824.584363211,7125661.48564641,5381374.598497043,4596033.353323107,0,0,11436403.823402977,0,0,18296265.88697001,0,0,0,0,0,0,0,0,0,0,0,0,0,0,0,0,0,0,0,0,0,0,0,0,0,0,0,0,0,0,0,0,0,0,0
1698364800,27-10-2023,2975476.865680743,35766131.57887724,0,0,0,0,7856183.3657360785,0,0,0,3379739.919532018,0,0,0,0,0,0,0,0,0,0,2440080.620262551,0,9860499.015869878,4970886.130431295,3772619.771120238,3684431.5146536264,0,0,7072936.457646991,0,0,8352654.8423993755,0,0,0,0,0,0,0,0,0,0,0,0,0,0,0,0,0,0,0,0,0,0,0,0,0,0,0,0,0,0,0,0,0,0,0
1698451200,28-10-2023,2151981.023360291,15455510.322634235,0,0,0,0,3328109.5926202554,0,0,0,2633546.8835855382,0,0,0,0,0,0,0,0,0,0,2566066.448191444,0,3905456.8410923514,2331091.1516649956,1855252.1422303333,2475334.872068791,0,0,4278187.569220075,0,0,7061877.273228543,0,0,0,0,0,0,0,0,0,0,0,0,0,0,0,0,0,0,0,0,0,0,0,0,0,0,0,0,0,0,0,0,0,0,0
1698537600,29-10-2023,2269035.137956222,20430629.921882603,0,0,0,0,5668576.933883867,0,0,0,3687945.921650296,0,0,0,0,0,0,0,0,0,0,2589566.2846813453,0,6130718.753331681,3954621.3497085827,3366876.6498654583,4124819.4126117253,0,0,5289533.099753216,0,1203333.6681392903,0,0,0,0,0,0,0,0,0,0,0,0,0,0,0,0,0,0,0,0,0,0,0,0,0,0,0,0,0,0,0,0,0,0,0,0
1698624000,30-10-2023,0,32611023.330440983,0,0,0,0,7819318.730129575,0,0,0,14696588.86483386,0,0,0,0,0,0,0,7437911.1536985235,0,0,0,0,8520581.63471294,6644777.483439079,5704482.769819953,0,0,0,11583394.584826887,0,0,7341532.59395475,6951075.560643496,6899380.468818933,0,0,0,0,0,0,0,0,0,0,0,0,0,0,0,0,0,0,0,0,0,0,0,0,0,0,0,0,0,0,0,0,0
1698710400,31-10-2023,6829883.710632506,43249542.92455974,0,0,0,0,11481397.60804002,0,0,0,6850078.8867278565,0,0,0,0,0,0,0,0,0,0,3732910.6362483264,0,12735241.87349873,8827385.572178898,7730100.683294944,6198598.520932471,0,0,14600796.296648327,0,0,8820372.424958019,0,0,0,0,0,0,0,0,0,0,0,0,0,0,0,0,0,0,0,0,0,0,0,0,0,0,0,0,0,0,0,0,0,0,0
1698796800,01-11-2023,32814019.996906083,116016416.45402054,0,0,0,6966448.6367315,15171272.742073776,0,0,0,21235126.932966255,0,0,0,0,0,0,0,0,0,0,8418030.328134418,0,47009393.14567663,18426908.50001596,16907069.524195846,21674994.061819367,0,0,22803034.457548227,0,0,0,0,0,0,0,0,0,0,0,0,0,0,0,0,0,0,0,0,0,0,0,0,0,0,0,0,0,0,0,0,0,0,0,0,0,0
1698883200,02-11-2023,22521865.784113966,80537009.66112144,0,0,2806849.65611484,0,34588793.423008725,0,0,0,12862218.643966733,0,0,0,0,0,0,0,0,0,0,8644791.361402865,0,29756332.968135484,18259271.604960807,14607022.908400686,11428830.26552938,0,0,21611940.684165988,0,0,0,0,0,0,0,0,0,0,0,0,0,0,0,0,0,0,0,0,0,0,0,0,0,0,0,0,0,0,0,0,0,0,0,0,0,0
1698969600,03-11-2023,10055491.859054707,46724636.682281636,0,0,0,0,18537746.458024044,0,0,0,5454458.50232516,0,0,0,0,0,0,0,0,0,0,8319189.857413937,0,18157990.23727616,9929894.005856983,8066520.543084203,7106440.060994549,0,0,13511233.440461539,0,0,1503507.762821859,0,0,0,0,0,0,0,0,0,0,0,0,0,0,0,0,0,0,0,0,0,0,0,0,0,0,0,0,0,0,0,0,0,0,0
1699056000,04-11-2023,6904381.581135532,39692362.749585316,0,0,0,0,15773074.543033049,0,0,0,3819011.2360764863,0,0,0,0,0,0,0,0,0,0,7978305.125503786,0,14479538.855292324,7303360.777901665,5436464.004190701,6579157.608521633,0,0,10364773.381562712,0,0,3662525.5044389945,0,0,0,0,0,0,0,0,0,0,0,0,0,0,0,0,0,0,0,0,0,0,0,0,0,0,0,0,0,0,0,0,0,0,0
1699142400,05-11-2023,5493335.781128138,29005468.122296933,0,0,0,0,8826509.840590062,0,0,0,4126734.195689259,0,0,0,0,0,0,0,0,0,0,5187399.837268909,0,10224612.050594801,4943680.902999674,3881244.2569790184,4222695.054748856,0,0,8001341.2087067785,0,0,14031024.134526014,0,0,0,0,0,0,0,0,0,0,0,0,0,0,0,0,0,0,0,0,0,0,0,0,0,0,0,0,0,0,0,0,0,0,0
1699228800,06-11-2023,4262682.629209104,31709488.538825292,0,0,0,0,10085762.997477587,0,0,0,5171291.348074154,0,0,0,0,0,0,0,0,0,0,7054307.419981483,0,11504976.45537597,5680301.974611649,4603834.724941647,5161823.343745847,0,0,10097684.503461396,0,0,2908628.6128117824,0,0,0,0,0,0,0,0,0,0,0,0,0,0,0,0,0,0,0,0,0,0,0,0,0,0,0,0,0,0,0,0,0,0,0
1699315200,07-11-2023,5788628.105687485,53273462.18796034,0,0,0,0,15535160.760331163,0,0,0,7383641.810464667,0,0,0,0,0,0,0,0,0,0,8488703.88754486,0,18878814.95676948,10316099.414421719,8298733.877983517,7093556.33253128,0,0,18958043.28010162,0,0,3256517.8803607887,0,0,0,0,0,0,0,0,0,0,0,0,0,0,0,0,0,0,0,0,0,0,0,0,0,0,0,0,0,0,0,0,0,0,0
1699401600,08-11-2023,6613252.409535749,43467773.82132068,0,0,0,0,8489165.562172808,0,0,0,9053792.635687197,0,0,0,0,0,0,0,0,0,0,5701549.835527361,0,11670643.01645108,5996429.075283219,4596893.928713258,5746946.229923246,0,0,10365797.790840726,0,5539532.609280239,0,0,0,0,0,0,0,0,0,0,0,0,0,0,0,0,0,0,0,0,0,0,0,0,0,0,0,0,0,0,0,0,0,0,0,0
1699488000,09-11-2023,20347846.96051676,127875798.45936406,0,0,0,0,32283895.08404538,0,0,0,15592185.538477339,0,0,0,0,0,0,0,0,0,0,11409386.891535152,0,32334999.443092197,20350490.801059112,16986884.112301663,14398194.55917758,0,0,28125086.102237754,0,0,4659537.927252045,0,0,0,0,0,0,0,0,0,0,0,0,0,0,0,0,0,0,0,0,0,0,0,0,0,0,0,0,0,0,0,0,0,0,0
1699574400,10-11-2023,28496052.684993714,144136114.7825682,0,0,0,0,44113167.73932794,0,0,0,20397920.729216922,0,0,0,0,0,0,0,0,0,0,16501893.094608665,0,46419936.72807664,31026164.96190472,26064934.75029981,21486399.445598908,0,0,31690589.655288227,12892027.55799234,0,0,0,0,0,0,0,0,0,0,0,0,0,0,0,0,0,0,0,0,0,0,0,0,0,0,0,0,0,0,0,0,0,0,0,0,0
1699660800,11-11-2023,37916060.99396108,182760249.48083985,0,0,0,0,62340650.140872076,0,0,0,32688256.62881433,0,0,0,0,0,0,0,0,0,0,23980669.584404364,0,63025885.26006338,35218158.19525817,30138057.60923505,23612494.5795542,0,0,25373520.56864151,0,0,7940433.973756968,0,0,0,0,0,0,0,0,0,0,0,0,0,0,0,0,0,0,0,0,0,0,0,0,0,0,0,0,0,0,0,0,0,0,0
1699747200,12-11-2023,24323316.054109283,132865185.66101325,0,0,0,0,38051577.26951661,0,0,0,17132610.761726104,0,0,0,0,0,0,0,0,0,0,25303400.352866493,0,37000001.89336714,19308500.87473565,15657863.077212028,18277858.554231945,0,0,24836087.586198695,0,0,4604327.395351,0,0,0,0,0,0,0,0,0,0,0,0,0,0,0,0,0,0,0,0,0,0,0,0,0,0,0,0,0,0,0,0,0,0,0
1699833600,13-11-2023,25676626.068930343,141256592.26480293,0,0,0,0,44972553.42904013,0,0,0,16581197.928054072,0,0,0,0,0,0,0,0,0,0,19051891.772191953,0,42822356.775659524,20828727.219152343,15665782.257601399,18007994.4111772,0,0,28510173.686111704,0,0,3393069.793297506,0,0,0,0,0,0,0,0,0,0,0,0,0,0,0,0,0,0,0,0,0,0,0,0,0,0,0,0,0,0,0,0,0,0,0
1699920000,14-11-2023,18776025.110795893,146288488.13212264,0,0,0,0,43175431.065856904,0,0,0,13785950.563147292,0,0,0,0,0,0,0,0,0,0,24536270.751746155,0,70521673.53497018,23661845.986441553,18390170.70810138,34391957.27068464,0,0,34235442.897911206,0,0,4319812.446326773,0,0,0,0,0,0,0,0,0,0,0,0,0,0,0,0,0,0,0,0,0,0,0,0,0,0,0,0,0,0,0,0,0,0,0
1700006400,15-11-2023,24065811.418443546,155418991.57178885,0,0,0,0,40919766.37380068,0,0,0,17280997.91265389,0,0,0,0,0,0,0,0,0,0,22111994.413030937,0,44904451.71201747,20029697.421392094,15580666.06117636,10144624.310600124,0,0,29256481.11047237,0,0,4134545.6030850084,0,0,0,0,0,0,0,0,0,0,0,0,0,0,0,0,0,0,0,0,0,0,0,0,0,0,0,0,0,0,0,0,0,0,0
1700092800,16-11-2023,24276333.543205705,198928596.22624475,0,0,0,0,37544652.88850887,0,0,0,21462628.415924735,0,0,0,0,0,0,0,0,0,0,5888974.3551483955,0,60235620.36614774,27531784.509460256,21823885.49766957,12416043.324157387,0,0,29348752.550245993,0,0,14292021.856865609,0,0,0,0,0,0,0,0,0,0,0,0,0,0,0,0,0,0,0,0,0,0,0,0,0,0,0,0,0,0,0,0,0,0,0
1700179200,17-11-2023,16827838.119753815,161098675.67564708,0,0,5764789.58729489,0,32345359.48626593,0,0,0,14352689.234132417,0,0,0,0,0,0,0,0,0,0,0,0,50247175.36210561,15366514.974295147,13249925.632012226,14808495.884997249,0,0,28757554.71603898,0,35296545.80020025,0,0,0,0,0,0,0,0,0,0,0,0,0,0,0,0,0,0,0,0,0,0,0,0,0,0,0,0,0,0,0,0,0,0,0,0
1700265600,18-11-2023,14272742.531511696,96009893.15829465,0,0,3633016.464394522,0,15688849.466806931,0,0,0,6940055.540711145,0,0,0,0,0,0,0,0,0,0,0,0,34938417.75782518,8091737.510339595,6333475.7190914955,6414656.451074071,0,0,14093254.525909958,0,0,4031110.248657015,0,0,0,0,0,0,0,0,0,0,0,0,0,0,0,0,0,0,0,0,0,0,0,0,0,0,0,0,0,0,0,0,0,0,0
1700352000,19-11-2023,19330017.32486339,132058036.11758766,0,0,5053868.989716109,0,15516961.071014546,0,0,0,9852010.019756155,0,0,0,0,0,0,0,0,0,0,0,0,34213662.09586653,11440852.920145964,9979971.210583922,6028829.897243748,0,0,19365367.022715412,0,0,0,0,0,2032082.9544467365,0,0,0,0,0,0,0,0,0,0,0,0,0,0,0,0,0,0,0,0,0,0,0,0,0,0,0,0,0,0,0,0
1700438400,20-11-2023,35651908.83811714,154427752.66787273,0,0,0,0,30699147.803860005,0,0,0,17218099.066971257,0,0,0,0,0,0,0,0,0,0,0,0,61491393.77614098,17442757.18928142,15531955.973938797,8767029.911418196,0,0,27729132.477794137,0,0,4960399.595971016,0,0,2838308.3657058934,0,0,0,0,0,0,0,0,0,0,0,0,0,0,0,0,0,0,0,0,0,0,0,0,0,0,0,0,0,0,0,0
1700524800,21-11-2023,23012963.06338521,155322348.97721052,0,0,5471540.413406994,0,34650384.132071845,0,0,0,14991430.590757798,0,0,0,0,0,0,0,0,0,0,0,0,57751811.66044654,20569999.662845924,17789739.885757312,20950215.494180094,0,0,31429360.906344876,0,0,4852357.778745436,0,0,0,0,0,0,0,0,0,0,0,0,0,0,0,0,0,0,0,0,0,0,0,0,0,0,0,0,0,0,0,0,0,0,0
1700611200,22-11-2023,23914462.753435623,160274069.07664776,0,0,4103380.700463806,0,24437789.895745873,0,0,0,15424775.157828547,0,0,0,0,0,0,0,0,0,0,0,0,45199979.578974724,21145823.43710489,19500086.540910654,12179428.952462053,0,0,36544723.62298448,0,0,10315167.38935559,0,0,0,0,0,0,0,0,0,0,0,0,0,0,0,0,0,0,0,0,0,0,0,0,0,0,0,0,0,0,0,0,0,0,0
1700697600,23-11-2023,21723350.71766549,112607922.28537372,0,0,2397489.785173678,0,16618128.109995041,0,0,0,9505185.287604006,0,0,0,0,0,0,0,0,0,0,0,0,33386593.68168608,12454674.350291852,10880934.94607745,8637673.369329203,0,0,26134988.167327344,0,0,3742804.3213244104,0,0,0,0,0,0,0,0,0,0,0,0,0,0,0,0,0,0,0,0,0,0,0,0,0,0,0,0,0,0,0,0,0,0,0
1700784000,24-11-2023,25643079.80398648,92375810.7021554,0,0,0,0,14559084.702914847,0,0,0,9004979.087374514,0,0,0,0,0,0,0,0,0,0,0,0,27880437.79086382,10567146.115017314,9347158.319639392,5844075.729540725,0,0,22184397.475399233,0,0,2640567.4738690886,0,0,2203090.6888623494,0,0,0,0,0,0,0,0,0,0,0,0,0,0,0,0,0,0,0,0,0,0,0,0,0,0,0,0,0,0,0,0
1700870400,25-11-2023,27958240.975288123,75893892.03214516,0,0,0,0,11670288.489412047,0,0,0,9979343.06660191,0,0,0,0,0,0,0,2404442.6714688735,0,0,0,0,23576580.563168023,10115711.753732217,9074849.028078798,4069683.3457430475,0,0,19546352.72228995,0,0,6334440.192037557,0,0,0,0,0,0,0,0,0,0,0,0,0,0,0,0,0,0,0,0,0,0,0,0,0,0,0,0,0,0,0,0,0,0,0
1700956800,26-11-2023,40511409.81910661,66626372.64334259,0,0,0,0,16019813.16433829,0,0,0,11507486.629538257,0,0,0,0,0,0,0,0,0,0,0,0,22197961.841561247,8407145.051462745,7357515.093731687,3528222.223923713,0,0,19524864.573498584,2881900.468014298,0,2510556.7227004543,0,0,0,0,0,0,0,0,0,0,0,0,0,0,0,0,0,0,0,0,0,0,0,0,0,0,0,0,0,0,0,0,0,0,0
1701043200,27-11-2023,30023081.394194853,90197869.05138898,0,0,3401183.7083671093,0,17307155.53136963,0,0,0,10977622.768543221,0,0,0,0,0,0,0,0,0,0,0,0,27481452.452928364,12041386.53665433,11095224.41965931,7681960.573432663,0,0,23197376.24541735,0,0,6972267.716193468,0,0,0,0,0,0,0,0,0,0,0,0,0,0,0,0,0,0,0,0,0,0,0,0,0,0,0,0,0,0,0,0,0,0,0
1701129600,28-11-2023,33363964.170561448,105864041.19013813,0,0,3563281.987738594,0,20748458.242383923,0,0,0,12837325.829030847,0,0,0,0,0,0,0,0,0,0,0,0,29934200.5574262,15063850.782938752,12761601.980742171,10723568.82912794,0,0,26476948.958789017,0,0,13379282.431785282,0,0,0,0,0,0,0,0,0,0,0,0,0,0,0,0,0,0,0,0,0,0,0,0,0,0,0,0,0,0,0,0,0,0,0
1701216000,29-11-2023,33241793.736763403,145811876.0925096,0,0,0,0,34240636.37509203,0,0,0,15566919.270604664,0,0,0,0,0,0,0,0,0,0,0,0,37897252.69343725,17277030.34986017,14488119.983141497,8488798.25521128,0,0,29300857.41844253,0,0,11972449.935437316,0,0,3915666.397906762,0,0,0,0,0,0,0,0,0,0,0,0,0,0,0,0,0,0,0,0,0,0,0,0,0,0,0,0,0,0,0,0
1701302400,30-11-2023,32936761.190840837,94834687.23764902,0,0,2938989.4264815357,0,20486605.999681015,0,0,0,12451685.862489944,0,0,0,0,0,0,0,0,0,0,0,0,25992205.436977595,11140267.598361129,9105720.586885732,6189437.746503872,0,0,27187630.511808358,0,0,5664802.339185949,0,0,0,0,0,0,0,0,0,0,0,0,0,0,0,0,0,0,0,0,0,0,0,0,0,0,0,0,0,0,0,0,0,0,0
1701388800,01-12-2023,32670854.246613175,90750333.009045,0,0,0,0,21172972.97478791,0,0,0,15667107.659689883,0,0,0,0,0,0,0,0,0,0,0,0,24047567.439935002,11471705.526319176,9732154.381075382,7029939.984906856,0,0,24377980.244740378,0,0,6167430.812739242,0,0,3371551.7376880553,0,0,0,0,0,0,0,0,0,0,0,0,0,0,0,0,0,0,0,0,0,0,0,0,0,0,0,0,0,0,0,0
1701475200,02-12-2023,25899063.78956409,126486353.69034801,0,0,0,0,21411342.028333455,0,0,0,13420526.109170927,0,0,0,0,0,0,0,0,0,0,0,0,38242566.92000263,11555923.798034042,10312440.107493026,7519853.856033315,0,0,26051422.84746576,0,0,12956981.687026702,0,0,3762778.4877438038,0,0,0,0,0,0,0,0,0,0,0,0,0,0,0,0,0,0,0,0,0,0,0,0,0,0,0,0,0,0,0,0
1701561600,03-12-2023,26620370.44605219,120548736.8462669,0,0,0,0,23785681.33095053,0,0,0,15344698.671307206,0,0,0,0,0,0,0,0,0,0,0,0,32885305.76677885,15472451.07675902,13930491.520536058,8059182.476963237,0,0,26917565.57258603,0,0,8893382.026676824,0,0,4360068.650172379,0,0,0,0,0,0,0,0,0,0,0,0,0,0,0,0,0,0,0,0,0,0,0,0,0,0,0,0,0,0,0,0
1701648000,04-12-2023,29341912.237568744,171855285.04288146,0,0,6599549.721132667,0,35832970.60339041,0,0,0,25725337.10281364,0,0,0,0,0,0,0,0,0,0,0,0,52524083.44129486,31386608.197939504,28754890.515860923,13284747.43078979,0,0,46860321.085672356,0,0,11359847.73175684,0,0,0,0,0,0,0,0,0,0,0,0,0,0,0,0,0,0,0,0,0,0,0,0,0,0,0,0,0,0,0,0,0,0,0
1701734400,05-12-2023,32693120.833802044,163502783.79030067,0,0,8065094.865785904,0,37987764.853924684,0,0,0,21976564.552139923,0,0,0,0,0,0,0,0,0,0,0,0,43436098.623606294,26100858.93283554,23624780.259734742,15541076.872857422,0,0,47053369.742309615,0,0,14216298.872642135,0,0,0,0,0,0,0,0,0,0,0,0,0,0,0,0,0,0,0,0,0,0,0,0,0,0,0,0,0,0,0,0,0,0,0
1701820800,06-12-2023,49788984.79244794,247275121.13065904,0,0,10787341.481766593,0,64091117.80333971,0,0,0,38410714.81073465,0,0,0,0,0,0,0,0,0,0,0,0,58378931.375292055,34559080.1217384,30469021.525304444,20709514.288512334,0,0,71516408.79009977,0,0,0,0,0,11769193.994145866,0,0,0,0,0,0,0,0,0,0,0,0,0,0,0,0,0,0,0,0,0,0,0,0,0,0,0,0,0,0,0,0
1701907200,07-12-2023,44843590.65917955,363381071.08165085,0,0,25489853.713727,0,59370401.67701687,0,0,0,61311651.9928642,0,0,0,0,0,0,0,0,0,0,0,0,107679397.76867412,39541236.497627795,36770432.83935231,44274269.883512884,11723034.955784585,0,84089637.51885255,0,0,0,0,0,0,0,0,0,0,0,0,0,0,0,0,0,0,0,0,0,0,0,0,0,0,0,0,0,0,0,0,0,0,0,0,0,0
1701993600,08-12-2023,81412660.21901374,452457937.1416806,0,0,25906846.53618648,0,85069793.74429357,0,0,0,99918288.71846138,0,0,0,0,0,0,0,0,0,0,0,0,132192068.7298385,43313813.0327772,39948335.36711387,47293510.7127277,23404650.66688233,0,131124282.19299218,0,0,0,0,0,0,0,0,0,0,0,0,0,0,0,0,0,0,0,0,0,0,0,0,0,0,0,0,0,0,0,0,0,0,0,0,0,0
1702080000,09-12-2023,71473231.03527842,359401752.3686373,0,0,19193476.493434265,0,66035261.344964854,0,0,0,72816440.40204655,0,0,0,0,0,0,0,0,0,0,0,0,85631559.87910579,42655368.76086884,38809832.33259667,38383594.22451468,0,0,107337899.45532861,0,0,0,0,0,15569874.813929679,0,0,0,0,0,0,0,0,0,0,0,0,0,0,0,0,0,0,0,0,0,0,0,0,0,0,0,0,0,0,0,0
1702166400,10-12-2023,48268734.5418913,245251247.9446545,0,0,12723554.439915458,0,53183757.01577556,0,0,0,49519107.832770854,0,0,0,0,0,0,0,0,0,0,0,0,59302156.94573113,27649004.44739617,24811649.75922641,26408415.21226825,0,0,70611893.1223011,0,0,0,0,0,13441668.13120059,0,0,0,0,0,0,0,0,0,0,0,0,0,0,0,0,0,0,0,0,0,0,0,0,0,0,0,0,0,0,0,0
1702252800,11-12-2023,71827758.16382876,353644547.97631586,0,0,0,0,110248825.90043522,0,0,0,58181182.41845198,0,0,0,0,0,0,0,0,0,0,0,0,100768708.10112771,41555947.23120247,36281194.23780709,29376783.081738934,0,0,97777527.48928994,0,0,0,0,0,15274319.687600166,28251369.626384016,0,0,0,0,0,0,0,0,0,0,0,0,0,0,0,0,0,0,0,0,0,0,0,0,0,0,0,0,0,0,0
1702339200,12-12-2023,54784309.95047501,335551002.7467472,0,0,25101386.803851537,0,69950186.24356297,0,0,0,45796569.679635644,0,0,0,0,0,0,0,0,0,0,0,0,92452303.27546582,44455500.47306176,39761723.1939842,33952982.15208465,0,0,75407288.5731782,0,0,0,0,0,0,18277231.07256857,0,0,0,0,0,0,0,0,0,0,0,0,0,0,0,0,0,0,0,0,0,0,0,0,0,0,0,0,0,0,0
1702425600,13-12-2023,53493288.53061571,345402156.48842686,0,0,0,0,79307615.32446803,0,0,0,38164701.34216398,0,0,0,0,0,0,0,0,0,0,0,0,71604387.26676829,40967169.72897546,36551136.85010186,26620845.64067246,0,0,104177903.58653867,0,0,0,0,0,16077371.862618452,27032997.899633043,0,0,0,0,0,0,0,0,0,0,0,0,0,0,0,0,0,0,0,0,0,0,0,0,0,0,0,0,0,0,0
1702512000,14-12-2023,72777522.45528327,396299246.9847111,0,0,0,0,83054274.08407809,0,0,0,54398821.830252394,0,0,0,0,0,0,0,0,0,0,0,0,71891967.39435546,50554520.51939982,44771358.294854484,41286086.212900355,0,0,125840806.21981077,0,0,0,0,0,13564155.982520927,19974382.4783614,0,0,0,0,0,0,0,0,0,0,0,0,0,0,0,0,0,0,0,0,0,0,0,0,0,0,0,0,0,0,0
1702598400,15-12-2023,131351889.9468283,743085598.6030996,0,0,28704925.894879606,0,110270964.41014268,0,0,0,101902212.54712911,0,0,0,0,0,0,0,0,0,0,0,0,146638541.19084543,107273831.68740661,101361763.96626094,100293412.37297006,0,0,212714802.37655085,0,0,0,0,0,29522694.618670866,0,0,0,0,0,0,0,0,0,0,0,0,0,0,0,0,0,0,0,0,0,0,0,0,0,0,0,0,0,0,0,0
1702684800,16-12-2023,123132321.27081944,342910948.9388549,0,0,0,0,116421836.14028557,0,0,0,45277045.81094984,0,0,0,0,0,0,0,0,0,0,0,0,77298752.48761143,46778430.129676625,39249373.657140754,28569948.498400338,0,0,102410341.52828862,0,0,13925680.590918796,0,0,19527193.4410951,0,0,0,0,0,0,0,0,0,0,0,0,0,0,0,0,0,0,0,0,0,0,0,0,0,0,0,0,0,0,0,0
1702771200,17-12-2023,108730301.32045527,303272052.015157,0,0,0,0,104179264.0986756,0,0,0,47507289.49922742,0,0,0,0,0,0,0,26654901.27533553,0,0,0,0,63163332.01702756,44654086.10030974,39571945.520239264,24086153.88779683,0,0,76964916.27575156,0,0,0,0,0,0,19116904.854787655,0,0,0,0,0,0,0,0,0,0,0,0,0,0,0,0,0,0,0,0,0,0,0,0,0,0,0,0,0,0,0
1702857600,18-12-2023,139369867.10462666,379871899.073384,0,0,0,0,113407966.4956784,0,0,0,64527694.8072197,0,0,0,0,0,0,0,24847425.91119722,0,0,0,0,68766531.26609993,58902968.16620499,49599472.86949479,22090829.07828892,0,0,99932844.78332892,0,0,0,0,0,0,20677140.90346064,0,0,0,0,0,0,0,0,0,0,0,0,0,0,0,0,0,0,0,0,0,0,0,0,0,0,0,0,0,0,0
1702944000,19-12-2023,196255853.68257135,363004307.34142745,0,0,0,0,96706384.80268097,0,0,0,60371998.75673047,0,0,0,0,0,0,0,0,0,0,0,0,63553949.97029954,43262651.40662053,35751558.1675401,19984154.619440414,0,0,86686297.15534246,0,0,0,0,0,19877858.2855204,26734457.062317543,0,0,0,0,0,0,0,0,0,0,0,0,0,0,0,0,0,0,0,0,0,0,0,0,0,0,0,0,0,0,0
1703030400,20-12-2023,206626679.74481213,461565541.36755764,0,0,0,0,124614556.30973482,0,0,0,67803531.3139519,0,0,0,0,0,0,0,0,0,0,0,0,72170284.2212437,70931449.57900505,61229345.814651966,31559113.92105605,0,0,120676123.1749195,0,0,0,0,0,24510633.06652633,24623169.24841689,0,0,0,0,0,0,0,0,0,0,0,0,0,0,0,0,0,0,0,0,0,0,0,0,0,0,0,0,0,0,0
1703116800,21-12-2023,291915914.6632145,550420507.8962379,0,0,0,0,176974602.02958345,0,0,0,112773273.9376167,0,0,0,0,0,0,0,26099109.44072952,0,0,0,0,103023285.0120563,84960935.72755308,69056162.56973176,38913412.07669165,0,0,126540461.06689577,0,0,0,0,0,0,31857925.10874972,0,0,0,0,0,0,0,0,0,0,0,0,0,0,0,0,0,0,0,0,0,0,0,0,0,0,0,0,0,0,0
1703203200,22-12-2023,366460263.5973487,549225227.6074333,0,0,0,0,197387858.24701023,0,0,0,94834354.58103934,0,0,0,0,0,0,0,0,0,0,0,0,127417825.8452356,97340614.97349992,55820629.8379998,52651089.56172517,0,0,103375652.89928156,0,0,0,0,0,21818403.088949725,21957437.846876703,0,0,0,0,0,0,0,0,0,0,0,0,0,0,0,0,0,0,0,0,0,0,0,0,0,0,0,0,0,0,0
1703289600,23-12-2023,328915352.2075052,441227300.67225546,0,0,0,0,114711511.47739871,0,0,0,100421509.40494645,0,0,0,0,0,0,0,0,0,0,0,0,143422286.65717572,54780012.38857366,48545610.05410899,28900691.433194496,0,0,80453283.83406104,0,35326867.67062225,0,0,0,21240711.59741705,0,0,0,0,0,0,0,0,0,0,0,0,0,0,0,0,0,0,0,0,0,0,0,0,0,0,0,0,0,0,0,0
1703376000,24-12-2023,313114745.303017,521921399.85995233,0,0,17203955.412082758,0,163413489.96200436,0,0,0,82793469.35856317,0,0,0,0,0,0,0,0,0,0,0,0,147069999.612551,74780539.86082044,67534792.96237993,38379608.6101156,0,0,105497466.64135964,0,0,0,0,0,0,29788569.523705825,0,0,0,0,0,0,0,0,0,0,0,0,0,0,0,0,0,0,0,0,0,0,0,0,0,0,0,0,0,0,0
1703462400,25-12-2023,360559271.1780518,480446758.2218636,0,0,18353747.34889178,0,176040275.9461803,0,0,0,64555579.07427113,0,0,0,0,0,0,0,0,0,0,0,0,136029128.97234783,90401943.3655522,74436510.40677382,40636932.75357646,0,0,100906498.45597635,0,0,0,0,0,0,19079409.17047597,0,0,0,0,0,0,0,0,0,0,0,0,0,0,0,0,0,0,0,0,0,0,0,0,0,0,0,0,0,0,0
1703548800,26-12-2023,322396249.5088882,510485958.383758,0,0,18445780.206328824,0,173705285.38320923,0,0,0,73315799.93520416,0,0,0,0,0,0,0,0,0,0,0,0,168426177.63741726,102604765.57123709,84114352.791352,59777698.15210557,0,0,130917947.57984793,0,0,0,0,0,0,21909228.333362047,0,0,0,0,0,0,0,0,0,0,0,0,0,0,0,0,0,0,0,0,0,0,0,0,0,0,0,0,0,0,0
1703635200,27-12-2023,275226416.68898284,445875845.8495105,0,0,16487105.001989216,0,155899175.1266866,0,0,0,60031711.88741553,0,0,0,0,0,0,0,0,0,0,0,0,138743747.4962223,115021274.28629524,61632782.32624586,44289076.5081265,0,0,100930034.67741111,0,0,0,0,0,0,17183965.71477793,0,0,0,0,0,0,0,0,0,0,0,0,0,0,0,0,0,0,0,0,0,0,0,0,0,0,0,0,0,0,0
1703721600,28-12-2023,173604842.54383782,469499690.7039764,0,0,0,0,140875857.15065405,0,0,0,81340403.66537116,0,0,0,0,0,0,0,0,0,0,0,0,136062602.07838207,70136351.43573049,55832467.14313997,34748105.0023627,0,0,114182697.33844453,0,0,21741776.459343646,0,0,0,19684047.640237134,0,0,0,0,0,0,0,0,0,0,0,0,0,0,0,0,0,0,0,0,0,0,0,0,0,0,0,0,0,0,0
1703808000,29-12-2023,163215817.4552176,418236903.1260859,0,0,0,0,116002937.98338944,0,0,0,57407215.92115216,0,0,0,0,0,0,0,21172155.141027242,0,0,0,0,104495002.60059504,78188289.25173788,58247396.55989117,19179247.25645291,0,0,105816846.1194334,0,0,0,0,0,0,18333877.344900124,0,0,0,0,0,0,0,0,0,0,0,0,0,0,0,0,0,0,0,0,0,0,0,0,0,0,0,0,0,0,0
1703894400,30-12-2023,172598638.2268656,230962132.26260784,0,0,0,0,53977688.677137,0,0,0,39114460.25344814,0,0,0,0,0,0,0,17241514.527221277,0,0,0,0,58721887.40993223,29849329.488393825,22778389.22830787,19994492.432661433,0,0,51542499.31113815,0,0,0,0,0,13074858.067934489,0,0,0,0,0,0,0,0,0,0,0,0,0,0,0,0,0,0,0,0,0,0,0,0,0,0,0,0,0,0,0,0
1703980800,31-12-2023,148840475.06947395,217286606.90374807,0,0,0,0,51447264.96642107,0,0,0,33975098.234590776,0,0,0,0,0,0,0,17047193.339475594,0,0,0,0,55888490.41096216,22769810.450538456,16965919.14259414,14623430.671176147,0,0,46203729.45249979,0,0,0,0,0,0,12707055.030417018,0,0,0,0,0,0,0,0,0,0,0,0,0,0,0,0,0,0,0,0,0,0,0,0,0,0,0,0,0,0,0
1704067200,01-01-2024,118519678.88601902,250496518.67218605,0,0,0,0,58761162.97748537,0,0,0,43058116.490982115,0,0,0,0,0,0,0,13844501.387285452,0,0,0,0,59588035.22510793,21034162.962532178,16196151.759305315,28014144.57962838,0,0,55349774.0839928,0,0,0,0,0,11880738.26524685,0,0,0,0,0,0,0,0,0,0,0,0,0,0,0,0,0,0,0,0,0,0,0,0,0,0,0,0,0,0,0,0
1704153600,02-01-2024,153683575.3621505,351142818.81746477,0,0,0,0,98917021.78396058,0,0,0,50965709.94723319,0,0,0,0,0,0,0,0,0,0,0,0,91941459.24400523,34795116.97893467,22646145.592230935,22907946.59588867,0,0,72571049.57491271,0,0,0,0,0,12216768.415479148,15050612.890337396,0,0,0,0,0,0,0,0,0,0,0,0,0,0,0,0,0,0,0,0,0,0,0,0,0,0,0,0,0,0,0
1704240000,03-01-2024,153886156.6755351,409501824.6550252,0,0,0,0,123832907.2682089,0,0,0,51361652.31177001,0,0,0,0,0,0,0,0,0,0,0,0,121547912.2392231,39256541.241751716,27097850.64084579,22584174.744134497,0,0,86382866.29564968,0,0,0,0,0,12122673.165829271,16002902.143464616,0,0,0,0,0,0,0,0,0,0,0,0,0,0,0,0,0,0,0,0,0,0,0,0,0,0,0,0,0,0,0
1704326400,04-01-2024,130500401.78185831,308842753.9545844,0,0,0,0,84620123.97061859,0,0,0,53750687.484779455,0,0,0,0,0,0,0,0,0,0,0,0,83664991.53291465,41326493.35340373,25045621.036373448,14054327.032695524,0,0,62347903.336669564,0,0,13946916.341908539,0,0,15543631.938633688,0,0,0,0,0,0,0,0,0,0,0,0,0,0,0,0,0,0,0,0,0,0,0,0,0,0,0,0,0,0,0,0
1704412800,05-01-2024,128180803.43618305,278878498.64089864,0,0,0,0,82644516.06026495,0,0,0,30689707.447816163,0,0,0,0,0,0,0,0,0,0,0,0,87081636.67484905,36627331.144205764,23715009.347143225,13340794.667855652,0,0,66230561.73879187,0,0,0,0,0,12360888.831910709,9923966.252502736,0,0,0,0,0,0,0,0,0,0,0,0,0,0,0,0,0,0,0,0,0,0,0,0,0,0,0,0,0,0,0
1704499200,06-01-2024,116872595.3948862,235666741.30968666,0,0,0,0,64536194.26893824,0,0,0,33953682.67155847,0,0,0,0,0,0,0,0,0,0,0,0,77232575.53926006,24458700.259536345,18768590.264146138,12338578.650418557,0,0,65026106.59554293,0,0,0,0,0,6959592.610545114,7331204.248835722,0,0,0,0,0,0,0,0,0,0,0,0,0,0,0,0,0,0,0,0,0,0,0,0,0,0,0,0,0,0,0
1704585600,07-01-2024,96086966.4429908,192300726.90659708,0,0,0,0,66297627.150727145,0,0,0,31729259.947160892,0,0,0,0,0,0,0,0,0,0,0,0,57611155.605130054,19843361.682976466,14204296.747048086,8640414.867609475,0,0,47971955.2892088,0,0,0,0,0,6915766.53047116,7751367.543789978,0,0,0,0,0,0,0,0,0,0,0,0,0,0,0,0,0,0,0,0,0,0,0,0,0,0,0,0,0,0,0
1704672000,08-01-2024,108739099.20489046,311315346.26658916,0,0,0,0,91104699.45658699,0,0,0,53016788.076824926,0,0,0,0,0,0,0,0,0,0,0,0,89522187.60059892,32647029.58769009,25822417.612993445,14821264.924452944,0,0,102332641.7746572,0,0,0,0,0,10084439.10435547,16050175.428308291,0,0,0,0,0,0,0,0,0,0,0,0,0,0,0,0,0,0,0,0,0,0,0,0,0,0,0,0,0,0,0
1704758400,09-01-2024,112085741.80021507,376645035.8917029,0,0,0,0,109679367.9478194,0,0,0,40507358.80768792,0,0,0,0,0,0,0,0,0,0,0,0,104239924.05848436,41531830.41843579,31765463.086702142,16884484.40467406,0,0,89897541.25634283,0,0,0,0,0,10183566.535799896,31000751.059000466,0,0,0,0,0,0,0,0,0,0,0,0,0,0,0,0,0,0,0,0,0,0,0,0,0,0,0,0,0,0,0
1704844800,10-01-2024,109837367.3705228,366947014.55192983,0,0,12668131.54289767,0,105006859.28897817,0,0,0,35570126.42709547,0,0,0,0,0,0,0,0,0,0,0,0,120430958.24888964,43372609.021854445,31853983.38485945,27184272.067850273,0,0,123686144.08374512,0,0,0,0,0,0,51773207.42924535,0,0,0,0,0,0,0,0,0,0,0,0,0,0,0,0,0,0,0,0,0,0,0,0,0,0,0,0,0,0,0
1704931200,11-01-2024,121402626.34665854,398771027.18562,0,0,13073530.661148958,0,105369981.6400071,0,0,0,51189860.70454399,0,0,0,0,0,0,0,0,0,0,0,0,119183108.83738762,35923246.19710875,27178373.43657958,28462521.875760946,0,0,115371399.93823953,0,0,0,0,0,0,44339301.09041272,0,0,0,0,0,0,0,0,0,0,0,0,0,0,0,0,0,0,0,0,0,0,0,0,0,0,0,0,0,0,0
1705017600,12-01-2024,117936044.57856035,280840920.2234252,0,0,0,0,84323250.37650788,0,0,0,48029969.046445884,0,0,0,0,0,0,0,0,0,0,0,0,111942376.7832943,31479052.425313864,23829182.623706523,27068171.925979853,19865772.54361703,0,99490570.15876375,0,0,0,0,0,0,38135910.24453483,0,0,0,0,0,0,0,0,0,0,0,0,0,0,0,0,0,0,0,0,0,0,0,0,0,0,0,0,0,0,0
1705104000,13-01-2024,145518072.48394173,199457272.189724,0,0,0,0,65573852.21324161,0,0,0,40414666.03735767,0,0,0,0,0,0,0,0,0,0,0,0,90806569.5466264,26811625.104186587,18943678.003677104,14529639.96690196,11934687.563780047,0,71911037.10128209,0,0,0,0,0,0,22902408.56333822,0,0,0,0,0,0,0,0,0,0,0,0,0,0,0,0,0,0,0,0,0,0,0,0,0,0,0,0,0,0,0
1705190400,14-01-2024,177969434.6692226,241523640.9558317,0,0,0,0,76047534.86670718,0,0,0,40894594.25513603,0,0,0,0,0,0,0,0,0,0,0,0,103027002.75357147,40762214.0330748,28219770.668102495,15102976.149117887,0,0,89737051.38295148,0,0,0,0,0,9492324.301163394,25031769.728425283,0,0,0,0,0,0,0,0,0,0,0,0,0,0,0,0,0,0,0,0,0,0,0,0,0,0,0,0,0,0,0
1705276800,15-01-2024,211913382.55167457,195430313.11036333,0,0,0,0,59608150.56632947,0,0,0,24818791.88784409,0,0,0,0,0,0,0,0,0,0,0,0,88214091.91259123,0,18313438.566687856,11880953.970992599,0,0,69812256.0002403,7239042.750501682,0,0,0,0,8884085.355392884,23402475.928225778,0,0,0,0,0,0,0,0,0,0,0,0,0,0,0,0,0,0,0,0,0,0,0,0,0,0,0,0,0,0,0
1705363200,16-01-2024,190844539.8407988,188201655.65721133,0,0,5650223.249458963,0,56135852.46593933,0,0,0,23774721.637322478,0,0,0,0,0,0,0,0,0,0,0,0,76209466.99105503,0,10879582.618266605,10575491.455108237,0,0,64011273.524041265,0,0,0,0,0,7690504.850596894,23365969.794879623,0,0,0,0,0,0,0,0,0,0,0,0,0,0,0,0,0,0,0,0,0,0,0,0,0,0,0,0,0,0,0
1705449600,17-01-2024,197741865.88827607,325200307.08204275,0,0,10791461.014072798,0,88743776.94017847,0,0,0,50243861.62083153,0,0,0,0,0,0,0,0,0,0,0,0,108041146.29107727,0,14955307.188334454,19881323.83094128,0,0,108802558.43724474,0,0,0,0,0,13657822.582290607,31013209.505413577,0,0,0,0,0,0,0,0,0,0,0,0,0,0,0,0,0,0,0,0,0,0,0,0,0,0,0,0,0,0,0
1705536000,18-01-2024,239811678.67606065,322522663.8912692,0,0,0,19730822.27344229,101347687.84959784,0,0,0,51210813.12093911,0,0,0,0,0,0,0,0,0,0,0,0,123956685.74560203,0,15754152.305731308,26807685.218536384,0,0,114391768.83100955,0,0,0,0,0,15058708.930455692,36000998.690144345,0,0,0,0,0,0,0,0,0,0,0,0,0,0,0,0,0,0,0,0,0,0,0,0,0,0,0,0,0,0,0
1705622400,19-01-2024,192377449.25157842,257290781.07057828,0,0,0,16716878.688005075,96078559.25986323,0,0,0,54393623.21518723,0,0,0,0,0,0,0,0,0,0,0,0,108123410.40459545,15251169.819251286,12016836.57915375,20097169.332029194,0,0,93396605.57839653,0,0,0,0,0,0,29611787.59624069,0,0,0,0,0,0,0,0,0,0,0,0,0,0,0,0,0,0,0,0,0,0,0,0,0,0,0,0,0,0,0
1705708800,20-01-2024,225830555.1604277,181852947.4923703,0,0,0,15786386.098890234,55569800.028019555,0,0,0,48139816.10540842,0,0,0,0,0,0,0,0,0,0,0,0,78942157.67567722,12422352.423407242,0,18485743.074063733,0,0,50136619.62906155,0,0,0,0,0,10142000.916292485,23652761.87550096,0,0,0,0,0,0,0,0,0,0,0,0,0,0,0,0,0,0,0,0,0,0,0,0,0,0,0,0,0,0,0
1705795200,21-01-2024,217707376.29815617,166833955.36258447,0,0,0,14665422.002097065,46636856.64998956,0,0,0,53104431.88520606,0,0,0,0,0,0,0,0,0,0,0,0,63146666.10576071,14024224.161835302,10835813.447518788,19239574.507786196,0,0,45629833.64402576,0,0,0,0,0,0,21293787.219958596,0,0,0,0,0,0,0,0,0,0,0,0,0,0,0,0,0,0,0,0,0,0,0,0,0,0,0,0,0,0,0
1705881600,22-01-2024,173631284.7527355,260918406.96715277,0,0,0,13282986.293488484,117056844.30360557,0,0,0,48245129.093221515,0,0,0,0,0,0,0,0,0,0,0,0,106993156.25849977,25576443.59119577,17486454.037577022,19101939.551234,0,0,113152116.4736842,0,0,0,0,0,0,29018251.61446472,0,0,0,0,0,0,0,0,0,0,0,0,0,0,0,0,0,0,0,0,0,0,0,0,0,0,0,0,0,0,0
1705968000,23-01-2024,171120948.1838108,251519432.72497606,0,0,0,0,115675680.95603772,0,0,0,49588866.69425584,0,0,0,0,0,0,0,0,0,0,0,0,91441817.39684032,43414606.23717325,25734623.51876732,15774221.916033948,0,0,122207717.72464402,0,0,0,0,0,14869173.995616088,27294420.79301204,0,0,0,0,0,0,0,0,0,0,0,0,0,0,0,0,0,0,0,0,0,0,0,0,0,0,0,0,0,0,0
1706054400,24-01-2024,197989363.77285308,217311334.01639763,0,0,0,0,76940679.12245736,0,0,0,39755611.35939675,0,0,0,0,0,0,0,0,0,0,0,0,77602853.8238216,23604312.292057816,13957901.44266347,13722810.160136554,0,0,89785112.57115063,0,0,0,0,0,14964375.423733748,29990445.003288973,0,0,0,0,0,0,0,0,0,0,0,0,0,0,0,0,0,0,0,0,0,0,0,0,0,0,0,0,0,0,0
1706140800,25-01-2024,183227112.05599955,183060659.93397585,0,0,0,0,67056446.79419646,0,0,0,41323786.541278765,0,0,0,0,0,0,0,0,0,0,0,0,73032798.87316464,17538618.378907166,0,13161173.94779158,0,0,59640496.23053673,13673724.34712459,0,0,0,0,11636391.263823133,27920810.226353142,0,0,0,0,0,0,0,0,0,0,0,0,0,0,0,0,0,0,0,0,0,0,0,0,0,0,0,0,0,0,0
1706227200,26-01-2024,217139807.3172152,220687548.77295825,0,0,0,0,80406376.80780916,0,0,0,51462095.102178454,0,0,0,0,0,0,0,12238361.944433684,0,0,0,0,74592089.227305,0,12437881.969867988,19085955.79337267,0,0,71503556.25251399,0,0,0,0,0,12777439.578465657,62585220.480375156,0,0,0,0,0,0,0,0,0,0,0,0,0,0,0,0,0,0,0,0,0,0,0,0,0,0,0,0,0,0,0
1706313600,27-01-2024,172127532.78429234,187124241.4439396,0,0,0,0,50863269.8187063,0,0,0,53966527.791124344,0,0,0,0,0,0,0,0,0,0,0,0,46811121.19282335,13363420.599970598,11029598.21639529,17481924.411407236,0,0,50771574.7137432,0,0,0,0,0,11125338.025633821,40713618.5152251,0,0,0,0,0,0,0,0,0,0,0,0,0,0,0,0,0,0,0,0,0,0,0,0,0,0,0,0,0,0,0
1706400000,28-01-2024,230083946.5515629,274752020.62976754,0,0,0,0,86443361.74393536,0,0,0,65051650.87903239,0,0,0,0,0,0,0,18442968.34952704,0,0,0,0,68328268.60438462,22156815.28957194,16028372.834083542,19653214.63113042,0,0,72411440.23698059,0,0,0,0,0,0,40631849.09725261,0,0,0,0,0,0,0,0,0,0,0,0,0,0,0,0,0,0,0,0,0,0,0,0,0,0,0,0,0,0,0
1706486400,29-01-2024,202848741.22596925,330702069.26000154,0,0,0,0,94413081.99743484,0,0,0,59478302.156020425,0,0,0,0,0,0,0,11694668.209698059,0,0,0,0,76557530.44898304,18373764.597996928,17012808.96271572,19874986.498368528,0,0,86420706.48637389,0,0,0,0,0,0,48725854.80892473,0,0,0,0,0,0,0,0,0,0,0,0,0,0,0,0,0,0,0,0,0,0,0,0,0,0,0,0,0,0,0
1706572800,30-01-2024,226354702.49140593,346551522.67219734,0,0,0,0,101573961.61273633,0,0,0,84141870.75690436,0,0,0,0,0,0,0,0,0,0,0,0,100391452.68603945,21952687.128791325,18943426.232583836,24868547.99103456,0,0,94910343.90215507,17736615.34831361,0,0,0,0,0,68584235.06249475,0,0,0,0,0,0,0,0,0,0,0,0,0,0,0,0,0,0,0,0,0,0,0,0,0,0,0,0,0,0,0
1706659200,31-01-2024,219564280.10945377,745400210.7713027,0,0,0,0,159644122.51424766,0,0,0,152846428.9537577,0,0,0,0,0,0,0,0,0,0,0,0,234101031.58644024,36352403.499063656,32044435.76892463,72240019.52167434,31805176.925187346,0,152839939.20293194,0,0,0,0,0,0,471840503.8734763,0,0,0,0,0,0,0,0,0,0,0,0,0,0,0,0,0,0,0,0,0,0,0,0,0,0,0,0,0,0,0
1706745600,01-02-2024,303596652.7471246,431700626.36882764,0,0,0,0,144692060.2876633,0,0,0,74107938.70595066,0,0,0,0,0,0,0,0,0,0,0,0,121469618.84624588,45290444.74747186,33291826.64461648,27047761.58104327,0,0,153716998.79482788,0,0,0,0,0,19453087.957813345,173215570.79829067,0,0,0,0,0,0,0,0,0,0,0,0,0,0,0,0,0,0,0,0,0,0,0,0,0,0,0,0,0,0,0
1706832000,02-02-2024,218410288.46909726,357510008.60259956,0,0,0,0,97217797.1620745,0,0,0,63058066.82794651,0,0,0,0,0,0,0,0,0,0,0,0,89478706.0225875,38575689.855322525,28000905.88862914,19722074.09363563,0,0,103542308.18183826,0,0,0,0,0,12970837.559408335,94674269.42928167,0,0,0,0,0,0,0,0,0,0,0,0,0,0,0,0,0,0,0,0,0,0,0,0,0,0,0,0,0,0,0
1706918400,03-02-2024,159545372.4789796,227364178.11197492,0,0,0,0,52427758.82507375,0,0,0,48590335.46838475,0,0,0,0,0,0,0,9191868.812329277,0,0,0,0,53987623.598239295,22745233.765876215,16815478.628778383,16657672.33511925,0,0,55813869.713891745,0,0,0,0,0,0,65163910.59581157,0,0,0,0,0,0,0,0,0,0,0,0,0,0,0,0,0,0,0,0,0,0,0,0,0,0,0,0,0,0,0
1707004800,04-02-2024,160777028.19132352,247627383.33900726,0,0,0,0,51419335.51827116,0,0,0,45641669.45749602,0,0,0,0,0,0,0,0,0,0,0,0,53417799.26013162,23910894.444927175,17232476.959346987,16792087.362741992,0,0,53983557.524073906,0,0,0,0,0,10085568.083488649,86589172.20000659,0,0,0,0,0,0,0,0,0,0,0,0,0,0,0,0,0,0,0,0,0,0,0,0,0,0,0,0,0,0,0
1707091200,05-02-2024,144938501.8301113,282819302.85968935,0,0,0,0,58809631.8242116,0,0,0,56393279.05550827,0,0,0,0,0,0,0,0,0,0,0,0,64718338.75982465,25248865.226346925,19360691.4058481,11109886.608582791,0,0,64588448.29040513,0,0,14536227.262922375,0,0,0,76168015.2968893,0,0,0,0,0,0,0,0,0,0,0,0,0,0,0,0,0,0,0,0,0,0,0,0,0,0,0,0,0,0,0
1707177600,06-02-2024,132182600.25447617,238206359.3642483,0,0,0,0,40382724.709165685,0,0,0,29558116.185176674,0,0,0,0,0,0,0,0,0,0,0,0,59192063.750252604,12386247.289178416,10614214.370643439,11072087.849412933,0,0,46850486.438183814,0,0,0,0,0,8350255.058434514,58178820.31823791,0,0,0,0,0,0,0,0,0,0,0,0,0,0,0,0,0,0,0,0,0,0,0,0,0,0,0,0,0,0,0
1707264000,07-02-2024,159238856.36147395,359374595.5399289,0,0,0,0,64737709.234563276,0,0,0,48065860.48090339,0,0,0,0,0,0,0,0,0,0,0,0,81709536.60005619,22899833.320094194,20546582.911412887,18243205.964928232,0,0,82832437.36908984,12728955.264271237,0,0,0,0,0,119087077.21856701,0,0,0,0,0,0,0,0,0,0,0,0,0,0,0,0,0,0,0,0,0,0,0,0,0,0,0,0,0,0,0
1707350400,08-02-2024,130069243.73096898,305810837.7842631,0,0,0,0,67884368.21781068,0,0,0,51980886.71057406,0,0,0,0,0,0,0,15817810.20314971,0,0,0,0,66410727.87892137,20087984.616113734,16250638.486361627,21673322.36509566,0,0,70223140.6493288,0,0,0,0,0,0,65968211.279288776,0,0,0,0,0,0,0,0,0,0,0,0,0,0,0,0,0,0,0,0,0,0,0,0,0,0,0,0,0,0,0
1707436800,09-02-2024,128190241.16649178,381881677.5678777,0,0,0,0,91626797.71779379,0,0,0,74253189.70488909,0,0,0,0,0,0,0,15505763.199037658,0,0,0,0,84235957.92666246,22697809.530238185,20963863.601324398,33948471.65384819,0,0,105404953.56879996,0,0,0,0,0,0,83815247.32031733,0,0,0,0,0,0,0,0,0,0,0,0,0,0,0,0,0,0,0,0,0,0,0,0,0,0,0,0,0,0,0
1707523200,10-02-2024,133287986.883297,249233551.93334025,0,0,0,0,70016827.76587693,0,0,0,38691377.193859115,0,0,0,0,0,0,0,13309863.758706933,0,0,0,0,65110527.744614735,15594949.920720214,13494011.55123291,12640918.929201907,0,0,59520683.61703682,0,0,0,0,0,0,52990352.192549765,0,0,0,0,0,0,0,0,0,0,0,0,0,0,0,0,0,0,0,0,0,0,0,0,0,0,0,0,0,0,0
1707609600,11-02-2024,139101523.5509267,224728160.71523193,0,0,0,0,54131506.432876945,0,0,0,41323403.789802976,0,0,0,0,0,0,0,8814555.648272965,0,0,0,0,57921829.82552609,17279403.23805071,13505683.331744311,12044280.874208163,0,0,45984463.14888041,0,0,0,0,0,0,54876798.00257672,0,0,0,0,0,0,0,0,0,0,0,0,0,0,0,0,0,0,0,0,0,0,0,0,0,0,0,0,0,0,0
1707696000,12-02-2024,184037911.6843691,356057898.15802395,0,0,0,0,97299716.56986913,0,0,0,56746126.876164496,0,0,0,0,0,0,0,14648973.433261536,0,0,0,0,88047042.6534668,21821192.79770273,22016510.019242607,18856928.436423942,0,0,76148322.906416,0,0,0,0,0,0,83829231.5969964,0,0,0,0,0,0,0,0,0,0,0,0,0,0,0,0,0,0,0,0,0,0,0,0,0,0,0,0,0,0,0
1707782400,13-02-2024,151385705.7468684,360129209.4968905,0,0,0,0,98920300.20843208,0,0,0,57808745.526321694,0,0,0,0,0,0,0,14911055.36081219,0,0,0,0,84993767.90044117,23943532.446934666,20723269.11374384,17552812.275989193,0,0,79746219.36814319,0,0,0,0,0,0,67101413.66500454,0,0,0,0,0,0,0,0,0,0,0,0,0,0,0,0,0,0,0,0,0,0,0,0,0,0,0,0,0,0,0
1707868800,14-02-2024,153826674.41599602,329180996.1387415,0,0,0,0,91306274.90357836,0,0,0,41731071.904535204,0,0,0,0,0,0,0,0,0,0,0,0,82897945.33658698,21252749.919908386,19329250.826693416,14958086.239021355,0,0,98887481.50909539,0,0,0,0,0,10327567.799435113,85108826.49004395,0,0,0,0,0,0,0,0,0,0,0,0,0,0,0,0,0,0,0,0,0,0,0,0,0,0,0,0,0,0,0
1707955200,15-02-2024,186620145.23970222,370548387.95376253,0,0,0,0,96738490.62321618,0,0,0,88404783.07075779,0,0,0,0,0,0,0,19038626.624877945,0,0,0,0,91836480.03705728,23262214.002048835,21552998.784621295,0,0,0,94022138.94155435,0,0,40942045.94108924,0,0,0,104814866.6528243,0,0,0,0,0,0,0,0,0,0,0,0,0,0,0,0,0,0,0,0,0,0,0,0,0,0,0,0,0,0,0
1708041600,16-02-2024,143550336.09151366,335058494.2999027,0,0,0,0,84823361.62104419,0,0,0,47564179.29591511,0,0,0,0,0,0,0,20880801.392322224,0,0,0,0,71214201.67058475,17774831.016376264,15442286.011600027,15372907.049546106,0,0,84410697.4713313,0,0,0,0,0,0,63440364.490895234,0,0,0,0,0,0,0,0,0,0,0,0,0,0,0,0,0,0,0,0,0,0,0,0,0,0,0,0,0,0,0
1708128000,17-02-2024,119795103.67444895,251648711.1286264,0,0,0,0,56358108.65922256,0,0,0,39483517.042200185,0,0,0,0,0,0,0,14292484.605666969,0,0,0,0,53117964.16315542,12410654.439135127,13195618.95241408,11672164.621649232,0,0,54008107.324984446,0,0,0,0,0,0,50194420.917962596,0,0,0,0,0,0,0,0,0,0,0,0,0,0,0,0,0,0,0,0,0,0,0,0,0,0,0,0,0,0,0
1708214400,18-02-2024,119473303.47609116,283624358.87064904,0,0,0,0,61294478.59817813,0,0,0,32796548.102240175,0,0,0,0,0,0,0,10547245.685915653,0,0,0,0,64474805.88276375,14940070.482740823,13224338.614419349,17989886.132209025,0,0,59846021.72817126,0,0,0,0,0,0,78524274.72993258,0,0,0,0,0,0,0,0,0,0,0,0,0,0,0,0,0,0,0,0,0,0,0,0,0,0,0,0,0,0,0
1708300800,19-02-2024,146254507.71647525,313116190.38010037,0,0,0,0,68758666.86683431,0,0,0,28440853.78091624,0,0,0,0,0,0,0,0,0,0,0,0,68268535.28502749,11722954.544264508,10717414.013922315,17312291.43957164,0,0,63995012.34505079,0,0,0,0,0,7759618.161061625,76239083.73677325,0,0,0,0,0,0,0,0,0,0,0,0,0,0,0,0,0,0,0,0,0,0,0,0,0,0,0,0,0,0,0
1708387200,20-02-2024,131335718.5471091,373932983.7800448,0,0,0,0,93719487.51791643,0,0,0,35941086.977089755,0,0,0,0,0,0,0,0,0,0,0,0,73187030.83951785,13919638.365558656,20273917.186516583,24217615.04899207,0,0,86760095.98564713,0,0,0,0,0,10961190.026830629,68226670.49784482,0,0,0,0,0,0,0,0,0,0,0,0,0,0,0,0,0,0,0,0,0,0,0,0,0,0,0,0,0,0,0
1708473600,21-02-2024,119918264.65231615,333335265.32389635,0,0,0,0,86802885.49531838,0,0,0,32643791.884236496,0,0,0,0,0,0,0,0,0,0,0,0,61186544.82583675,19486118.14220935,24928509.523407556,18496036.313600797,0,0,101463281.03561732,0,0,0,0,0,15106553.276003916,55915839.9109905,0,0,0,0,0,0,0,0,0,0,0,0,0,0,0,0,0,0,0,0,0,0,0,0,0,0,0,0,0,0,0
1708560000,22-02-2024,113099823.62348041,309851927.8983801,0,0,0,0,59528396.57279412,0,0,0,29900671.809612583,0,0,0,0,0,0,0,0,0,0,0,0,59053017.8849017,12383559.305036684,16798757.420055754,16586437.772775052,0,0,71214049.14317891,0,0,0,0,0,11357533.710422793,48874885.96189496,0,0,0,0,0,0,0,0,0,0,0,0,0,0,0,0,0,0,0,0,0,0,0,0,0,0,0,0,0,0,0
1708646400,23-02-2024,134132917.72894906,317183705.97529924,0,0,0,0,68754024.76310337,0,0,0,36324548.299889624,0,0,0,0,0,0,0,0,0,0,0,0,62074839.967537135,16439166.907640189,15103525.052585728,18717751.606841117,0,0,73104613.33260585,0,0,0,0,0,13069371.143446576,63616917.04263835,0,0,0,0,0,0,0,0,0,0,0,0,0,0,0,0,0,0,0,0,0,0,0,0,0,0,0,0,0,0,0
1708732800,24-02-2024,131333935.88022268,243357073.5403349,0,0,0,0,42267245.51653648,0,0,0,21519416.933908623,0,0,0,0,0,0,0,0,0,0,0,0,41956511.81195964,13963038.75897192,11970856.927961713,13144953.899347872,0,0,57680816.06181542,0,0,0,0,0,7912329.957385632,63679568.39255121,0,0,0,0,0,0,0,0,0,0,0,0,0,0,0,0,0,0,0,0,0,0,0,0,0,0,0,0,0,0,0
1708819200,25-02-2024,163307570.21366745,201979129.56061733,0,0,0,0,37174473.892673634,0,0,0,18249832.808400095,0,0,0,0,0,0,0,0,0,0,0,0,31592406.175316952,11875616.407207048,10111626.38343248,11991343.991542444,0,0,37469238.69528569,0,0,0,0,0,8450455.95070941,51350332.73416917,0,0,0,0,0,0,0,0,0,0,0,0,0,0,0,0,0,0,0,0,0,0,0,0,0,0,0,0,0,0,0
1708905600,26-02-2024,207726123.58509216,366049009.13666755,0,0,0,0,84759882.6442361,0,0,0,37898151.59174266,0,0,0,0,0,0,0,0,0,0,0,0,79948150.34800676,27837162.446704112,21719641.28959587,25160139.343098655,0,0,90374825.85987137,0,0,0,0,0,15802327.750950597,101211463.98292598,0,0,0,0,0,0,0,0,0,0,0,0,0,0,0,0,0,0,0,0,0,0,0,0,0,0,0,0,0,0,0
1708992000,27-02-2024,225212387.98840547,510472061.817492,0,0,0,0,133221641.78352688,0,0,0,54866601.77219825,0,0,0,0,0,0,0,0,0,0,0,0,96925864.44012794,43098664.361986466,34225283.35382545,22280332.91936629,0,0,151588878.28357196,0,0,0,0,0,15976193.795023136,134985266.88489595,0,0,0,0,0,0,0,0,0,0,0,0,0,0,0,0,0,0,0,0,0,0,0,0,0,0,0,0,0,0,0
1709078400,28-02-2024,271613911.82406366,770751270.7659546,0,0,0,0,241804137.20781404,0,0,0,76620684.36910638,0,0,0,0,0,0,0,0,0,0,0,0,160029393.40958527,55866940.36833319,42885058.66727974,32634927.828168944,0,0,217642000.38814124,0,0,0,0,0,21705497.751630235,223321007.87027338,0,0,0,0,0,0,0,0,0,0,0,0,0,0,0,0,0,0,0,0,0,0,0,0,0,0,0,0,0,0,0
1709164800,29-02-2024,270315384.6440661,894576909.9456421,0,0,0,0,312318520.0720301,0,0,0,88116803.2815245,0,0,0,0,0,0,0,0,0,0,0,0,151635700.56316122,108602669.28456493,81710753.37614784,44402456.764735706,0,0,241670545.35434797,0,0,0,0,0,22520966.664040472,194693207.5102064,0,0,0,0,0,0,0,0,0,0,0,0,0,0,0,0,0,0,0,0,0,0,0,0,0,0,0,0,0,0,0
1709251200,01-03-2024,313119981.7629919,796125610.6287777,0,0,0,0,260100343.46172446,0,0,0,88872150.71604401,0,0,0,0,0,0,0,0,0,0,0,0,128241951.41984749,81237645.42862566,62316963.730450645,43466151.74739772,0,0,248897740.61105832,0,0,0,0,0,28593112.506021537,227474517.84218854,0,0,0,0,0,0,0,0,0,0,0,0,0,0,0,0,0,0,0,0,0,0,0,0,0,0,0,0,0,0,0
1709337600,02-03-2024,453927973.8915124,526274176.93519104,0,0,0,0,166298725.37653038,0,0,0,55289968.298851624,0,0,0,0,0,0,0,0,0,0,0,0,86966077.04719658,49851691.90449769,39095361.79821057,16860866.12415854,0,0,154494420.9289827,0,0,0,0,0,26063970.939433523,172344319.01435032,0,0,0,0,0,0,0,0,0,0,0,0,0,0,0,0,0,0,0,0,0,0,0,0,0,0,0,0,0,0,0
1709424000,03-03-2024,708183195.2324468,665446325.0161049,0,0,0,0,221599301.75229627,0,0,0,77297035.81245637,0,0,0,0,0,0,0,0,0,0,0,0,103551753.18625514,54967167.547803335,44212620.73599578,24219445.29337478,0,0,220158032.5689855,0,0,0,0,0,29637013.01301952,264462218.99498394,0,0,0,0,0,0,0,0,0,0,0,0,0,0,0,0,0,0,0,0,0,0,0,0,0,0,0,0,0,0,0
1709510400,04-03-2024,815208940.6353823,857515660.1255829,0,0,0,0,292925570.81375325,0,0,0,120559816.98657924,0,0,0,0,0,0,0,0,0,0,0,0,131707577.262988,112812604.33908977,95375743.32655227,38207935.204938814,0,0,304384239.520894,0,0,0,0,0,36765231.99492378,279577251.74799407,0,0,0,0,0,0,0,0,0,0,0,0,0,0,0,0,0,0,0,0,0,0,0,0,0,0,0,0,0,0,0
1709596800,05-03-2024,799476949.2284745,1247508266.0999875,0,0,0,0,365327381.9166145,0,0,0,151228510.76049745,0,0,0,0,0,0,0,0,0,0,0,0,242615007.8921216,138522335.74369484,118213923.39961876,47408715.057893634,0,0,505913018.4433402,0,0,0,0,0,50717183.436138034,337125527.4961583,0,0,0,0,0,0,0,0,0,0,0,0,0,0,0,0,0,0,0,0,0,0,0,0,0,0,0,0,0,0,0
1709683200,06-03-2024,1057806023.9986548,837634079.043485,0,0,0,0,246590767.0168984,0,0,0,103850225.52210936,0,0,0,0,0,0,0,0,0,0,0,0,167859034.05626053,79825549.5478332,68522194.53485209,0,35573966.35002331,0,288382592.46763474,0,0,0,0,0,37986087.0374122,248686743.44122288,0,0,0,0,0,0,0,0,0,0,0,0,0,0,0,0,0,0,0,0,0,0,0,0,0,0,0,0,0,0,0
1709769600,07-03-2024,1355098333.8895752,836152825.3179575,0,0,0,0,282429416.84236425,0,0,0,94132175.07946847,0,0,0,0,0,0,0,0,0,0,0,0,203918825.75462455,102093241.92369635,90819582.89373791,39760471.73195317,0,0,275333978.42207247,0,0,0,0,0,26048611.814695362,241530082.55578768,0,0,0,0,0,0,0,0,0,0,0,0,0,0,0,0,0,0,0,0,0,0,0,0,0,0,0,0,0,0,0
1709856000,08-03-2024,1381234638.8087444,725945671.4007566,0,0,0,0,213021626.4322961,0,0,0,118738598.26268558,0,0,0,0,0,0,0,0,0,0,0,0,198412346.35565066,69355245.63779297,61009656.2540106,34503264.94356366,0,0,250811511.64502543,0,0,0,0,0,31275637.481064077,213898732.0174014,0,0,0,0,0,0,0,0,0,0,0,0,0,0,0,0,0,0,0,0,0,0,0,0,0,0,0,0,0,0,0
1709942400,09-03-2024,537710631.5447973,439870920.91055393,0,0,0,0,145107125.4746617,0,0,0,71485150.0298575,0,0,0,0,0,0,0,0,0,0,0,0,135359641.89214757,33112655.969072245,29365327.596102927,25879962.592733033,0,0,132224624.50841016,0,0,0,0,0,28920556.03155299,157494995.08608064,0,0,0,0,0,0,0,0,0,0,0,0,0,0,0,0,0,0,0,0,0,0,0,0,0,0,0,0,0,0,0
1710028800,10-03-2024,609244565.0968,518601173.20325977,0,0,0,0,156014380.05661663,0,0,0,66922993.58217283,0,0,0,0,0,0,0,0,0,0,0,0,157154820.73774317,43217125.68256839,37410660.371471405,22184444.826982215,0,0,138273428.8167768,0,0,0,0,0,23368959.323945895,171414029.26096278,0,0,0,0,0,0,0,0,0,0,0,0,0,0,0,0,0,0,0,0,0,0,0,0,0,0,0,0,0,0,0
1710115200,11-03-2024,597973313.8176471,556618400.808574,0,0,0,0,214592593.1555876,0,0,0,85401141.03368567,0,0,0,0,0,0,0,0,0,0,0,0,153750176.89003232,56873290.237863205,46922985.38240087,33364613.47085363,0,0,160165759.40318656,0,0,0,0,0,35978360.96081298,157317996.9774499,0,0,0,0,0,0,0,0,0,0,0,0,0,0,0,0,0,0,0,0,0,0,0,0,0,0,0,0,0,0,0
1710201600,12-03-2024,552849723.8058459,774066905.9446564,0,0,0,0,273307164.015986,0,0,0,122937766.44556415,0,0,0,0,0,0,0,0,0,0,0,0,221460152.79828823,88354637.9825123,69906920.48039019,108720798.4556448,0,0,215804369.93634057,0,0,0,0,0,30652869.43193964,206774590.45194915,0,0,0,0,0,0,0,0,0,0,0,0,0,0,0,0,0,0,0,0,0,0,0,0,0,0,0,0,0,0,0
1710288000,13-03-2024,622480473.0200751,650727820.7476712,0,0,0,0,228555194.2161031,0,0,0,110303644.50869817,0,0,0,0,0,0,0,0,0,0,0,0,156936583.85652834,68634908.17858344,59042584.76339097,85184366.95287083,0,0,208936664.92748863,0,0,0,0,0,28431097.659274824,279385431.82632,0,0,0,0,0,0,0,0,0,0,0,0,0,0,0,0,0,0,0,0,0,0,0,0,0,0,0,0,0,0,0
1710374400,14-03-2024,1106857945.6070154,909893420.0660061,0,0,0,0,412630657.0503252,0,0,0,148703283.14739257,0,0,0,0,0,0,0,0,0,0,0,0,227691633.88937992,129714739.2302093,109682509.94255003,66335131.486729085,0,0,344773209.3229292,0,0,0,0,0,45531392.379798755,285371564.85908234,0,0,0,0,0,0,0,0,0,0,0,0,0,0,0,0,0,0,0,0,0,0,0,0,0,0,0,0,0,0,0
1710460800,15-03-2024,1639074535.7150657,1728988849.1501622,0,0,0,67444236.95927593,684505218.1076164,0,0,0,187491298.52582142,0,0,0,0,0,0,0,0,0,0,0,0,367824849.6440217,89977876.31224951,78812889.61127806,118654286.55291665,0,0,576652886.6504239,0,0,0,0,0,0,385016273.33403873,0,0,0,0,0,0,0,0,0,0,0,0,0,0,0,0,0,0,0,0,0,0,0,0,0,0,0,0,0,0,0
1710547200,16-03-2024,2305347171.743617,1575040187.545475,0,0,0,0,636694473.8042926,0,0,0,187070917.41174093,0,0,0,0,0,0,0,0,0,0,0,0,409572972.9826161,104224366.14495443,92881127.97589123,121005484.7762475,0,0,610991854.9697694,0,0,0,0,0,65612594.44158072,375925421.7320709,0,0,0,0,0,0,0,0,0,0,0,0,0,0,0,0,0,0,0,0,0,0,0,0,0,0,0,0,0,0,0
1710633600,17-03-2024,2177224024.7158537,1151069210.5179777,0,0,0,0,578408337.5681585,0,0,0,156389179.44533622,0,0,0,0,0,0,0,0,0,0,0,0,294821891.528147,53345387.68590806,48071786.31418221,86524132.5495657,0,0,471359275.0534906,0,0,0,0,0,59290703.63384175,325180423.2899926,0,0,0,0,0,0,0,0,0,0,0,0,0,0,0,0,0,0,0,0,0,0,0,0,0,0,0,0,0,0,0
1710720000,18-03-2024,3680879800.2400093,1595701518.0229356,0,0,0,0,666509662.97939,0,0,0,231145384.5874203,0,0,0,0,0,0,0,0,0,0,0,0,320545716.07408386,96150823.55984196,88906832.00316279,103039852.27990249,0,0,606547796.9967932,0,0,0,0,0,52415711.939750604,441445250.1288256,0,0,0,0,0,0,0,0,0,0,0,0,0,0,0,0,0,0,0,0,0,0,0,0,0,0,0,0,0,0,0
1710806400,19-03-2024,2424888709.142838,1614501051.4716303,0,0,0,58316802.875237264,710535506.4125848,0,0,0,182146667.13306928,0,0,0,0,0,0,0,0,0,0,0,0,365725529.1129265,132603224.48725685,120378048.15677088,97885613.62242082,0,0,785371075.1253755,0,0,0,0,0,0,306510649.72051936,0,0,0,0,0,0,0,0,0,0,0,0,0,0,0,0,0,0,0,0,0,0,0,0,0,0,0,0,0,0,0
1710892800,20-03-2024,1253992546.8116062,1134341497.729591,0,0,0,0,444135732.23598695,0,0,0,150893897.92339078,0,0,0,0,0,0,0,0,0,0,0,0,225504275.48379526,91739034.98514125,77584312.57639664,58289061.62177209,0,0,602475757.2238712,0,0,42740339.288262054,0,0,0,246473402.54425466,0,0,0,0,0,0,0,0,0,0,0,0,0,0,0,0,0,0,0,0,0,0,0,0,0,0,0,0,0,0,0
1710979200,21-03-2024,3267549251.2212954,782221304.0206623,0,0,0,0,309034217.9938653,0,0,0,96579769.60093796,0,0,0,0,0,0,0,0,0,0,0,0,174884388.97430962,23474286.537043076,0,47130394.22158754,0,0,359735447.46815616,0,0,22272689.130974382,0,0,26969562.989311818,204128956.62364665,0,0,0,0,0,0,0,0,0,0,0,0,0,0,0,0,0,0,0,0,0,0,0,0,0,0,0,0,0,0,0
1711065600,22-03-2024,1067897388.0865515,653800201.5025371,0,0,0,16500670.942033604,246320058.22489235,0,0,0,89302310.89857289,0,0,0,0,0,0,0,0,0,0,0,0,130085468.21117024,17790287.73233102,0,43239853.0898037,0,0,328598438.3286394,0,0,0,0,0,24009392.832104918,190542831.74902707,0,0,0,0,0,0,0,0,0,0,0,0,0,0,0,0,0,0,0,0,0,0,0,0,0,0,0,0,0,0,0
1711152000,23-03-2024,682260496.9089441,404783276.59741575,0,0,10456911.542960744,0,156333280.48288012,0,0,0,61716548.89406514,0,0,0,0,0,0,0,0,0,0,0,0,83171099.34761706,14165266.206870513,0,26546418.255610667,0,0,196064045.0322209,0,0,0,0,0,19131452.62638582,172970567.46915445,0,0,0,0,0,0,0,0,0,0,0,0,0,0,0,0,0,0,0,0,0,0,0,0,0,0,0,0,0,0,0
1711238400,24-03-2024,638495751.3704436,404599784.76062894,0,0,0,0,114838094.44429718,0,0,0,55391348.40923407,0,0,0,0,0,0,0,0,0,0,0,0,84065887.88090122,0,0,28257139.09326372,10334330.6223756,0,172922906.9946307,0,0,12097836.874412512,0,0,25455394.845161226,147872223.22342533,0,0,0,0,0,0,0,0,0,0,0,0,0,0,0,0,0,0,0,0,0,0,0,0,0,0,0,0,0,0,0
1711324800,25-03-2024,833904735.4221619,585120351.7389802,0,0,0,14051878.5710525,179145880.0547658,0,0,0,60882384.32515938,0,0,0,0,0,0,0,0,0,0,0,0,132738588.3930271,0,0,29026458.235895973,10772481.171246525,0,255222500.76530704,0,0,0,0,0,24539468.21051127,207074753.14887694,0,0,0,0,0,0,0,0,0,0,0,0,0,0,0,0,0,0,0,0,0,0,0,0,0,0,0,0,0,0,0
1711411200,26-03-2024,1293846274.272533,642089760.4280485,0,0,0,16301290.746912975,191655319.23138332,0,0,0,60634348.98141375,0,0,0,0,0,0,0,0,0,0,0,0,142958942.15263423,0,0,30134633.375877634,16149051.362060316,0,279964984.5270137,0,0,0,0,0,26132888.229893025,227055400.92672035,0,0,0,0,0,0,0,0,0,0,0,0,0,0,0,0,0,0,0,0,0,0,0,0,0,0,0,0,0,0,0
1711497600,27-03-2024,996656364.5289236,698284401.7734861,0,0,0,18172544.21262418,200488763.72794905,0,0,0,66535734.25416256,0,0,0,0,0,0,0,0,0,0,0,0,141264884.45597237,0,0,35933256.49140178,16078001.389736524,0,249690382.05247468,0,0,0,0,0,32926451.036053207,234534404.64431533,0,0,0,0,0,0,0,0,0,0,0,0,0,0,0,0,0,0,0,0,0,0,0,0,0,0,0,0,0,0,0
1711584000,28-03-2024,1001471083.8994368,595541229.1915971,0,0,0,0,172402733.72099096,0,0,0,72557262.95425747,0,0,0,0,0,0,0,13685542.549877616,0,0,0,0,120233011.36320437,0,0,28100147.91892984,13511521.92321327,0,208417852.6276179,0,0,0,0,0,36065914.3948707,221709650.21310163,0,0,0,0,0,0,0,0,0,0,0,0,0,0,0,0,0,0,0,0,0,0,0,0,0,0,0,0,0,0,0
1711670400,29-03-2024,1163819781.387476,616651243.4285977,0,0,0,17463715.04809042,174405374.3829433,0,0,0,78587606.32955624,0,0,0,0,0,0,0,0,0,0,0,0,126492841.88189307,0,0,30255363.7701054,17513593.063090503,0,194134427.50172022,0,0,0,0,0,45298600.065902844,217991202.71400127,0,0,0,0,0,0,0,0,0,0,0,0,0,0,0,0,0,0,0,0,0,0,0,0,0,0,0,0,0,0,0
1711756800,30-03-2024,1376637937.448701,696902312.9920855,0,0,0,18804044.507372934,207529899.7554819,0,0,0,91103122.01059043,0,0,0,0,0,0,0,0,0,0,0,0,154719046.82427603,0,0,33486884.342197746,0,0,252617245.25143054,0,0,0,56489486.79392483,0,55836461.098436065,307905522.2774734,0,0,0,0,0,0,0,0,0,0,0,0,0,0,0,0,0,0,0,0,0,0,0,0,0,0,0,0,0,0,0
1711843200,31-03-2024,1275848805.5000546,576949739.844617,0,0,0,13818679.45316998,151287833.1923314,0,0,0,65662060.81320241,0,0,0,0,0,0,0,0,0,0,0,0,123805105.20376474,0,0,187707234.44272208,15725270.459333912,0,210042186.20339075,0,0,0,0,0,54125437.78463906,212544013.83667982,0,0,0,0,0,0,0,0,0,0,0,0,0,0,0,0,0,0,0,0,0,0,0,0,0,0,0,0,0,0,0
1711929600,01-04-2024,1392078334.0075743,882359986.1511778,0,0,0,19211709.09950275,248329768.5428387,0,0,0,72215016.01754595,0,0,0,0,0,0,0,0,0,0,16836421.705206513,0,186062284.23276168,0,0,40864105.17805105,0,0,302685595.66906524,0,0,0,0,0,41556250.63064545,247699249.19596878,0,0,0,0,0,0,0,0,0,0,0,0,0,0,0,0,0,0,0,0,0,0,0,0,0,0,0,0,0,0,0
1712016000,02-04-2024,1297136987.7085717,849603731.6621804,0,0,0,22102180.473219417,292665124.8125814,0,0,0,69611173.34423147,0,0,0,0,0,0,0,0,0,0,19784488.45891964,0,188457634.3682245,0,0,41776340.506816514,0,0,330840085.84657496,0,0,0,0,0,45936084.16923111,268330176.7057029,0,0,0,0,0,0,0,0,0,0,0,0,0,0,0,0,0,0,0,0,0,0,0,0,0,0,0,0,0,0,0
1712102400,03-04-2024,1058401182.2558541,870272258.754571,0,0,0,19683166.68339137,292430769.5644592,0,0,0,74925555.48295455,0,0,0,0,0,0,0,0,0,0,16722022.691670433,0,176352879.70554808,0,0,45859500.54345746,0,0,238355808.37546754,0,0,0,0,0,42367287.13486514,385415050.55257475,0,0,0,0,0,0,0,0,0,0,0,0,0,0,0,0,0,0,0,0,0,0,0,0,0,0,0,0,0,0,0
1712188800,04-04-2024,995995042.7139981,663949322.2779216,0,0,0,0,206897376.7072171,0,0,0,50244337.35102897,0,0,0,0,0,0,0,0,0,0,16320829.9422071,0,130980688.10558133,0,0,47188119.79999764,0,0,223805647.9648564,0,0,0,0,0,42990326.37841318,427371114.06975543,16701010.60772302,0,0,0,0,0,0,0,0,0,0,0,0,0,0,0,0,0,0,0,0,0,0,0,0,0,0,0,0,0,0
1712275200,05-04-2024,746407396.819436,525869415.6057178,0,0,0,0,222980123.43628302,0,0,0,61022789.46035339,0,0,0,0,0,0,0,0,0,0,0,0,97846605.97594799,14298229.964448761,13615404.01666383,46422214.87768316,0,0,284676000.4891563,0,0,0,0,0,45915496.07179883,219689419.45297083,0,0,0,0,0,0,0,0,0,0,0,0,0,0,0,0,0,0,0,0,0,0,0,0,0,0,0,0,0,0,0
1712361600,06-04-2024,648499975.6517565,326098787.21748996,0,0,0,0,111587485.52780892,0,0,0,29639564.62335786,0,0,0,0,0,0,0,0,0,0,6927314.741649093,0,55021155.85681687,6715614.231041414,0,20440268.050624453,0,0,167467715.20133877,0,0,0,0,0,28831103.668692138,175947919.38181007,0,0,0,0,0,0,0,0,0,0,0,0,0,0,0,0,0,0,0,0,0,0,0,0,0,0,0,0,0,0,0
1712448000,07-04-2024,728909858.122864,332450781.9022363,0,0,0,0,83106563.72071539,0,0,0,37687367.37740391,0,0,0,0,0,0,0,0,0,0,0,0,61832965.965781145,7355314.10796543,0,41627604.461795196,0,0,141788223.38332683,0,0,7708748.240938389,0,0,23642338.94370021,176154201.87538677,0,0,0,0,0,0,0,0,0,0,0,0,0,0,0,0,0,0,0,0,0,0,0,0,0,0,0,0,0,0,0
1712534400,08-04-2024,653943311.8418276,517981714.5539376,0,0,0,12737281.611422423,130022909.0991668,0,0,0,60439736.867045656,0,0,0,0,0,0,0,0,0,0,0,0,83329859.99484797,0,0,51843864.35495329,0,0,243545035.05234346,0,0,18147850.16509166,0,0,29632662.952029787,318892833.18475515,0,0,0,0,0,0,0,0,0,0,0,0,0,0,0,0,0,0,0,0,0,0,0,0,0,0,0,0,0,0,0
1712620800,09-04-2024,699161859.0642459,425513169.4838219,0,0,10180346.176063763,0,160652945.9769848,0,0,0,53297928.31181045,0,0,0,0,0,0,0,0,0,0,9113099.73802327,0,406826764.0818898,0,0,49871060.90098539,0,0,187584757.7234524,0,0,0,0,0,26553130.681359846,209937375.70232025,0,0,0,0,0,0,0,0,0,0,0,0,0,0,0,0,0,0,0,0,0,0,0,0,0,0,0,0,0,0,0
1712707200,10-04-2024,610235346.0966872,402190978.911717,0,0,10722006.463046245,0,155257745.77699935,0,0,0,62814596.05648088,0,0,0,0,0,0,0,0,0,0,0,0,77421860.61668685,0,0,41024686.22141183,0,0,254319923.724613,0,0,22296470.004931178,0,0,20266880.162954405,187488628.06401506,0,0,0,0,0,0,0,0,0,0,0,0,0,0,0,0,0,0,0,0,0,0,0,0,0,0,0,0,0,0,0
1712793600,11-04-2024,679609040.0873967,463423830.0724627,0,0,0,0,149257617.6543365,0,0,0,80577752.74003467,0,0,0,0,0,0,0,0,0,0,0,0,76831451.62377116,0,0,76037347.41470078,0,0,192377151.87139362,0,0,28077535.060052592,28089066.32310263,0,23473970.859034445,232632130.65382004,0,0,0,0,0,0,0,0,0,0,0,0,0,0,0,0,0,0,0,0,0,0,0,0,0,0,0,0,0,0,0
1712880000,12-04-2024,748863248.7224518,608998048.0245378,0,0,16478738.023964625,18785609.775391765,214825753.64825332,0,0,0,82476187.97421671,0,0,0,0,0,0,0,0,0,0,0,0,106341546.17627491,0,0,62704496.06787239,0,0,335781443.23841906,0,0,0,0,0,30282647.459957242,280006453.73957413,0,0,0,0,0,0,0,0,0,0,0,0,0,0,0,0,0,0,0,0,0,0,0,0,0,0,0,0,0,0,0
1712966400,13-04-2024,636259081.0490013,724979244.7052737,0,0,23794486.10262158,0,278354753.6282482,0,0,0,121187848.1575727,0,0,0,0,0,0,0,0,0,0,0,0,154041876.7246051,23061241.564127643,0,118448887.19916292,28234331.824919283,0,452555689.8476872,0,0,0,0,0,0,300516586.89288443,0,0,0,0,0,0,0,0,0,0,0,0,0,0,0,0,0,0,0,0,0,0,0,0,0,0,0,0,0,0,0
1713052800,14-04-2024,517973043.25012803,600085092.2421604,0,0,0,0,304247218.6949524,0,0,0,81853874.15652385,0,0,0,0,0,0,0,0,0,0,0,0,117642250.97204542,0,0,77542996.86049949,24892153.85171008,0,418088053.41288024,0,0,15272089.939202964,0,0,25386913.90650542,237151755.81613985,0,0,0,0,0,0,0,0,0,0,0,0,0,0,0,0,0,0,0,0,0,0,0,0,0,0,0,0,0,0,0
1713139200,15-04-2024,606831448.8523966,479800411.14943755,0,0,13274506.410941578,12686917.032270245,254102430.14192942,0,0,0,61932280.226876326,0,0,0,0,0,0,0,0,0,0,0,0,107048841.37430848,0,0,49855869.779505044,0,0,328524327.61708546,0,0,0,0,0,23879186.43728232,186482085.18907723,0,0,0,0,0,0,0,0,0,0,0,0,0,0,0,0,0,0,0,0,0,0,0,0,0,0,0,0,0,0,0
1713225600,16-04-2024,519064583.56402314,449948646.7794844,0,0,0,0,285146271.8836058,0,0,0,68408935.14394537,0,0,0,0,0,0,0,0,0,0,0,0,110618424.75038828,0,0,46836203.663375564,13459107.563134069,0,402339404.2427848,0,0,15959040.939853666,0,0,20809646.58099221,192526701.9620567,0,0,0,0,0,0,0,0,0,0,0,0,0,0,0,0,0,0,0,0,0,0,0,0,0,0,0,0,0,0,0
1713312000,17-04-2024,493345046.0318323,389427464.89533335,0,0,11163388.01260771,9957441.955218341,232253174.0111905,0,0,0,40586043.66973987,0,0,0,0,0,0,0,0,0,0,0,0,88785293.14871113,0,0,28058024.471489184,0,0,342514579.23924744,0,0,0,0,0,24109070.20707024,162057132.23410174,0,0,0,0,0,0,0,0,0,0,0,0,0,0,0,0,0,0,0,0,0,0,0,0,0,0,0,0,0,0,0
1713398400,18-04-2024,458746834.26117533,345869094.6903926,0,0,8482226.347165266,0,219942989.86638838,0,0,0,31075034.63909478,0,0,0,0,0,0,0,0,0,0,13891204.78531057,0,72638003.12962422,0,0,32619030.95988985,0,0,274308202.7408222,0,0,0,0,0,15344787.891710507,162763109.74346542,0,0,0,0,0,0,0,0,0,0,0,0,0,0,0,0,0,0,0,0,0,0,0,0,0,0,0,0,0,0,0
1713484800,19-04-2024,498773398.28436786,531102994.0997583,0,0,10624998.98914955,0,260469813.28418466,0,0,0,39780450.11821925,0,0,0,0,0,0,0,0,0,0,11684021.156248441,0,105501232.20434843,0,0,45014784.30536033,0,0,404689852.2137014,0,0,0,0,0,23052507.49277517,194025010.6099414,0,0,0,0,0,0,0,0,0,0,0,0,0,0,0,0,0,0,0,0,0,0,0,0,0,0,0,0,0,0,0
1713571200,20-04-2024,449748025.9223175,276752011.48098636,0,0,0,0,127314391.1088814,0,0,0,30299888.6985431,0,0,0,0,0,0,0,0,0,0,7611010.185683317,0,54257099.85905792,0,0,19767631.72858847,0,0,175960102.92701444,0,0,0,0,0,14245495.168387862,126779834.65777525,0,6082244.696542313,0,0,0,0,0,0,0,0,0,0,0,0,0,0,0,0,0,0,0,0,0,0,0,0,0,0,0,0,0
1713657600,21-04-2024,464708692.5610776,268576539.1947619,0,0,0,0,110723746.02501741,0,0,0,33692650.196228355,0,0,0,0,0,0,0,0,0,0,0,0,61723131.57770465,0,0,25971857.74793812,0,0,171064959.43225002,0,0,10149874.062361348,0,0,11258745.583705058,116313221.67049335,0,7967859.337107378,0,0,0,0,0,0,0,0,0,0,0,0,0,0,0,0,0,0,0,0,0,0,0,0,0,0,0,0,0
1713744000,22-04-2024,778738630.1693478,305869615.7127172,0,0,0,0,132532494.30241871,0,0,0,35673604.425043054,0,0,0,0,0,0,0,0,0,0,7096436.153061108,0,77525595.33181575,0,0,23946658.892332256,7580369.285648741,0,210116136.42083454,0,0,0,0,0,17554440.59008356,175918925.2002254,0,0,0,0,0,0,0,0,0,0,0,0,0,0,0,0,0,0,0,0,0,0,0,0,0,0,0,0,0,0,0
1713830400,23-04-2024,815852299.6653593,318002502.0991187,0,0,0,0,122250105.24614368,0,0,0,36320859.793049924,0,0,0,0,0,0,0,0,0,0,0,0,74607068.36336066,0,0,25459583.074994747,8614414.598306185,0,203782811.1451066,0,0,7380262.4190940885,0,0,20815456.641640767,166702607.91082412,0,0,0,0,0,0,0,0,0,0,0,0,0,0,0,0,0,0,0,0,0,0,0,0,0,0,0,0,0,0,0
1713916800,24-04-2024,806821354.5835295,437785032.73924243,0,0,0,0,196217848.49253806,0,0,0,41540158.944520615,0,0,0,0,0,0,0,0,0,0,0,0,90827999.69583413,0,0,29413117.539977904,11560873.199878024,0,355537188.80337024,0,0,0,0,0,23784576.79444627,256295429.02238813,0,16018930.638838157,0,0,0,0,0,0,0,0,0,0,0,0,0,0,0,0,0,0,0,0,0,0,0,0,0,0,0,0,0
1714003200,25-04-2024,800714010.1959014,348224380.3167455,0,0,0,0,149501923.75638273,0,0,0,38853358.54340131,0,0,0,0,0,0,0,0,0,0,0,0,70191266.3493253,0,0,20363692.710455436,0,0,298340777.2686611,0,0,11947118.391908875,0,0,19529848.890584726,164869627.40237907,0,9614017.749812724,0,0,0,0,0,0,0,0,0,0,0,0,0,0,0,0,0,0,0,0,0,0,0,0,0,0,0,0,0
1714089600,26-04-2024,812304522.0595318,285865131.33663887,0,0,0,0,139030283.5010144,0,0,0,30802885.23732521,0,0,0,0,0,0,0,0,0,0,7788845.989414965,0,58058356.83005967,0,0,18698895.70941664,8565242.348337775,0,216302864.91656765,0,0,0,0,0,15589674.150129784,145515414.10922363,0,0,0,0,0,0,0,0,0,0,0,0,0,0,0,0,0,0,0,0,0,0,0,0,0,0,0,0,0,0,0
1714176000,27-04-2024,639855526.4390352,224065077.721678,0,0,0,0,130169974.84757857,0,0,0,27720893.46598858,0,0,0,0,0,0,0,0,0,0,0,0,54155238.073380165,0,0,19459444.162211686,0,0,186636950.0244132,0,0,0,0,0,14257168.554504642,110153123.87378559,10593219.7223417,5817093.905830898,0,0,0,0,0,0,0,0,0,0,0,0,0,0,0,0,0,0,0,0,0,0,0,0,0,0,0,0,0
1714262400,28-04-2024,615635547.7397294,199406347.68577886,0,0,0,0,85696270.33974075,0,0,0,23235052.56379684,0,0,0,0,0,0,0,0,0,0,0,0,46772129.663286164,0,0,45602714.48099156,7554310.958971597,0,124821621.09180225,0,0,0,0,0,14783137.195906905,105586547.76161015,0,5448247.414345777,0,0,0,0,0,0,0,0,0,0,0,0,0,0,0,0,0,0,0,0,0,0,0,0,0,0,0,0,0
1714348800,29-04-2024,749389253.771796,255044328.6020543,0,0,0,0,137933058.89224157,0,0,0,41085433.59129916,0,0,0,0,0,0,0,14276037.049498387,0,0,0,0,56805170.694269806,0,0,41065869.460267186,0,0,197317610.21202487,0,0,23979742.655038998,0,0,17425256.918734226,133572750.37405509,0,0,0,0,0,0,0,0,0,0,0,0,0,0,0,0,0,0,0,0,0,0,0,0,0,0,0,0,0,0,0
1714435200,30-04-2024,594251716.3379122,347344919.95655596,0,0,0,0,216010344.6170806,0,0,0,46052913.69421949,0,0,0,0,0,0,0,0,0,0,0,0,79677106.51828064,0,0,39799826.261773385,0,0,330294566.84345543,0,0,0,0,0,15540672.911385164,156330615.25195724,20432710.282489136,11528200.379074786,0,0,0,0,0,0,0,0,0,0,0,0,0,0,0,0,0,0,0,0,0,0,0,0,0,0,0,0,0
1714521600,01-05-2024,568872894.746437,416474342.94014615,0,0,0,0,280610144.0332303,0,0,0,51346712.419427775,0,0,0,0,0,0,0,0,0,0,0,0,98022443.0880021,0,0,39594023.04312,0,0,431942858.137488,0,0,57038140.04587826,0,0,17799033.28964871,188099461.21181947,0,16843692.643517673,0,0,0,0,0,0,0,0,0,0,0,0,0,0,0,0,0,0,0,0,0,0,0,0,0,0,0,0,0
1714608000,02-05-2024,640882151.2799833,349946777.54432553,0,0,0,0,191954869.94047478,0,0,0,49939244.323597096,0,0,0,0,0,0,0,0,0,0,0,0,80229369.355531,0,0,40726334.11107522,0,0,267791179.55235583,0,0,0,9414547.3975311,0,16198675.281169826,153783602.15898094,0,14125437.88172202,0,0,0,0,0,0,0,0,0,0,0,0,0,0,0,0,0,0,0,0,0,0,0,0,0,0,0,0,0
1714694400,03-05-2024,736539794.989347,320602739.30110604,0,0,0,0,150545243.8378517,0,0,0,36916474.86157414,0,0,0,0,0,0,0,0,0,0,0,0,77631393.8092917,0,0,29394425.16586817,0,0,224334923.51216963,0,0,16402410.045146873,0,0,21800357.820077326,135630208.38266787,0,15395100.463404942,0,0,0,0,0,0,0,0,0,0,0,0,0,0,0,0,0,0,0,0,0,0,0,0,0,0,0,0,0
1714780800,04-05-2024,754743704.5656699,238424740.7405187,0,0,0,0,104022445.88447505,0,0,0,37266738.93304838,0,0,0,0,0,0,0,0,0,0,0,0,69657783.88692969,0,0,30413024.597397894,11096092.918231612,0,174457664.98972067,0,0,18616505.269444082,0,0,21653517.17228803,107475772.94176157,0,0,0,0,0,0,0,0,0,0,0,0,0,0,0,0,0,0,0,0,0,0,0,0,0,0,0,0,0,0,0
1714867200,05-05-2024,740107290.0154719,240624690.38943154,0,0,0,0,101141650.23098682,0,0,0,30052195.422651857,0,0,0,0,0,0,0,0,0,0,0,0,70664406.30543809,0,0,38536668.37389759,12990308.822924832,0,146468602.52650833,0,0,0,0,0,18490721.86823311,112034845.92325187,0,6765338.646710434,0,0,0,0,0,0,0,0,0,0,0,0,0,0,0,0,0,0,0,0,0,0,0,0,0,0,0,0,0
1714953600,06-05-2024,899013775.2047385,334654825.77202713,0,0,0,0,162796326.1589851,0,0,0,33839362.494258545,0,0,0,0,0,0,0,0,0,0,0,0,99413165.32269397,0,0,52608189.18215822,16671480.228694124,0,214560268.47662395,0,0,0,0,0,23616661.305193678,159217266.40257996,0,11986714.898088584,0,0,0,0,0,0,0,0,0,0,0,0,0,0,0,0,0,0,0,0,0,0,0,0,0,0,0,0,0
1715040000,07-05-2024,887866281.2763458,359811621.82110345,0,0,0,0,146939179.3124175,0,0,0,45808650.63540393,0,0,0,0,0,0,0,0,0,0,0,0,90910999.78821985,0,0,80884628.38759498,0,0,202616757.43065977,0,0,0,12503387.999885632,0,26609356.692927636,153527642.8965747,96850944.0689671,0,0,0,0,0,0,0,0,0,0,0,0,0,0,0,0,0,0,0,0,0,0,0,0,0,0,0,0,0,0
1715126400,08-05-2024,667105579.7375711,320057932.4117166,0,0,0,0,138958466.03298262,0,0,0,30949829.992231768,0,0,0,0,0,0,0,0,0,0,0,0,75311092.84318107,0,0,36016472.235803336,13588377.651120318,0,205000645.60854486,0,0,0,0,0,36920843.61655573,118283684.03449792,31598597.57778298,0,0,0,0,0,0,0,0,0,0,0,0,0,0,0,0,0,0,0,0,0,0,0,0,0,0,0,0,0,0
1715212800,09-05-2024,782746238.315084,309556705.5815415,0,0,0,0,129491500.63761108,0,0,0,31411842.035414223,0,0,0,0,0,0,0,0,0,0,0,0,68802558.95443276,0,0,45824974.28996849,8561731.665720418,0,170694764.75947437,0,0,0,0,0,15833707.207989365,120415623.03021851,49930205.85633788,0,0,0,0,0,0,0,0,0,0,0,0,0,0,0,0,0,0,0,0,0,0,0,0,0,0,0,0,0,0
1715299200,10-05-2024,775113299.7996621,334401237.58581686,0,0,0,0,128010464.66208065,0,0,0,29877473.420396976,0,0,0,0,0,0,0,0,0,0,0,0,61954005.852243036,0,0,41494641.284227684,9173397.07947532,0,183144572.60721835,0,0,0,0,0,20159451.234547358,139810814.09803852,40164693.970695,0,0,0,0,0,0,0,0,0,0,0,0,0,0,0,0,0,0,0,0,0,0,0,0,0,0,0,0,0,0
1715385600,11-05-2024,650897364.7169881,198553494.78920817,0,0,0,0,76681096.48598143,0,0,0,17830290.986547235,0,0,0,0,0,0,0,0,0,0,0,0,41729166.74642934,0,0,38289293.418906614,0,0,94720851.68370007,0,0,0,0,0,12329968.835839642,99521309.39073001,22534350.32069354,4812939.873542324,0,0,0,0,0,0,0,0,0,0,0,0,0,0,0,0,0,0,0,0,0,0,0,0,0,0,0,0,0
1715472000,12-05-2024,723685664.717617,161238430.230882,0,0,0,0,58964144.93314166,0,0,0,20914567.078190595,0,0,0,0,0,0,0,0,0,0,0,0,39817060.238749616,0,0,37233680.71376023,0,0,70523950.45569468,0,0,0,0,0,10805066.47575098,93802774.37196611,34849828.29379678,4463540.3977414295,0,0,0,0,0,0,0,0,0,0,0,0,0,0,0,0,0,0,0,0,0,0,0,0,0,0,0,0,0
1715558400,13-05-2024,1103266424.0154145,384481816.54008377,0,0,0,0,154605298.92758632,0,0,0,46984523.343414016,0,0,0,0,0,0,0,0,0,0,0,0,78434796.43978897,0,0,47755780.626450546,0,0,236364825.95985115,0,0,0,0,0,19152209.563520074,189786680.18962365,94468989.2009934,13986442.555638677,0,0,0,0,0,0,0,0,0,0,0,0,0,0,0,0,0,0,0,0,0,0,0,0,0,0,0,0,0
1715644800,14-05-2024,1008660785.6376019,382837367.96224517,0,0,0,0,144751742.6675258,0,13590049.503392853,0,49640259.98811773,0,0,0,0,0,0,0,0,0,0,0,0,83748897.40630622,0,0,40832172.81870717,0,0,205836736.02210706,0,0,0,0,0,22560563.920434505,179893706.62631512,52432304.181331545,0,0,0,0,0,0,0,0,0,0,0,0,0,0,0,0,0,0,0,0,0,0,0,0,0,0,0,0,0,0
1715731200,15-05-2024,1035072690.1460718,431033091.50822276,0,0,0,0,150475815.4109882,0,11220069.98279243,0,54295270.27533339,0,0,0,0,0,0,0,0,0,0,0,0,90507985.04944304,0,0,37415350.47994685,0,0,248961151.2330116,0,0,0,0,0,28045912.860588036,219635060.4896267,33925236.01440872,0,0,0,0,0,0,0,0,0,0,0,0,0,0,0,0,0,0,0,0,0,0,0,0,0,0,0,0,0,0
1715817600,16-05-2024,952980824.3795137,399110624.7734377,0,0,0,0,156816644.95011616,0,0,0,57482645.45389983,0,0,0,0,0,0,0,0,0,0,0,0,81677975.39981511,0,0,46380440.86236949,18549796.584252976,0,224067246.46224,0,0,0,0,0,30252482.047655385,196315633.56970614,45901159.798116446,0,0,0,0,0,0,0,0,0,0,0,0,0,0,0,0,0,0,0,0,0,0,0,0,0,0,0,0,0,0
1715904000,17-05-2024,890440430.5842835,368662558.3563559,0,0,0,0,131147506.47624756,0,0,0,53364709.71914792,0,0,0,0,0,0,0,0,0,0,0,0,84854955.23061119,0,0,46050159.03136089,10093004.576617744,0,191817469.62558463,0,0,0,0,0,22303782.381953668,172612405.46557018,70327844.6720374,0,0,0,0,0,0,0,0,0,0,0,0,0,0,0,0,0,0,0,0,0,0,0,0,0,0,0,0,0,0
1715990400,18-05-2024,929729596.2890277,375181266.5428054,0,0,0,0,113979871.12829985,0,0,0,39624949.69362087,0,0,0,0,0,0,0,0,0,0,0,0,94708422.46380976,0,0,48210410.49471454,14163477.024060283,0,235188989.23481238,0,0,0,0,0,34283311.50366917,152263365.48038104,39114277.19969782,0,0,0,0,0,0,0,0,0,0,0,0,0,0,0,0,0,0,0,0,0,0,0,0,0,0,0,0,0,0
1716076800,19-05-2024,823369467.2544268,274558916.0830954,0,0,0,0,92296643.72247764,0,0,0,34893724.539163016,0,0,0,0,0,0,0,0,0,0,0,0,81836208.69079146,0,0,37247761.39262452,7837136.570753835,0,163136999.97986567,0,0,0,0,0,22171292.766570594,123135715.480306,20734825.05926892,0,0,0,0,0,0,0,0,0,0,0,0,0,0,0,0,0,0,0,0,0,0,0,0,0,0,0,0,0,0
1716163200,20-05-2024,962053553.7029381,518424499.7718799,0,0,0,0,189384631.34678137,0,0,0,48073330.50800703,0,0,0,0,0,0,0,0,0,0,0,0,135268886.25007004,0,0,51431511.212817274,14465875.488302924,0,295410826.1074012,0,0,0,0,0,40213077.64621088,217096189.8845597,37545158.95651716,0,0,0,0,0,0,0,0,0,0,0,0,0,0,0,0,0,0,0,0,0,0,0,0,0,0,0,0,0,0
1716249600,21-05-2024,804997315.6151083,435370088.0439156,0,0,0,0,149214654.83059746,0,0,0,72868116.41123046,0,0,0,0,0,0,0,0,0,0,0,0,110632216.68781187,0,0,42088657.662574016,13439065.684161287,0,223444665.42052388,0,0,0,0,0,24266226.91138959,205049727.73705828,33237932.859152257,0,0,0,0,0,0,0,0,0,0,0,0,0,0,0,0,0,0,0,0,0,0,0,0,0,0,0,0,0,0
1716336000,22-05-2024,810701456.2846527,509494419.810714,0,0,0,0,144785911.37969404,0,0,0,61745707.85984062,0,0,0,0,0,0,0,0,0,0,0,0,127735240.2178476,0,0,39047001.02009288,0,0,265454894.7920643,0,0,0,0,0,22261716.487895474,228600474.44177812,44837168.19884678,0,12812598.768782215,0,0,0,0,0,0,0,0,0,0,0,0,0,0,0,0,0,0,0,0,0,0,0,0,0,0,0,0
1716422400,23-05-2024,833565073.690178,529910477.9947772,0,0,0,0,152058470.1874003,0,0,0,51391781.56705288,0,0,0,0,0,0,0,0,0,0,0,0,140595210.32036263,0,0,26732287.532027826,0,0,281698063.65921545,0,0,0,0,0,21478485.78417435,191627105.40833488,36599695.426612295,13262160.136756338,0,0,0,0,0,0,0,0,0,0,0,0,0,0,0,0,0,0,0,0,0,0,0,0,0,0,0,0,0
1716508800,24-05-2024,841610371.6862949,349617139.5451539,0,0,0,0,104781426.56751049,0,0,0,71021663.22151154,0,0,0,0,0,0,0,0,0,0,0,0,92910787.31716667,0,0,30980569.999372467,0,0,147434953.91646025,0,0,32687637.591219034,19333010.5693836,0,0,123864902.26664244,20983231.811587438,0,0,0,0,0,0,0,0,0,0,0,0,0,0,0,0,0,0,0,0,0,0,0,0,0,0,0,0,0,0
1716595200,25-05-2024,855951348.2568606,279832442.96319854,0,0,0,0,65678928.09549245,0,0,0,35487445.448109016,0,0,0,0,0,0,0,0,0,0,0,0,71812753.91197044,0,0,24542196.89075998,0,0,107434587.96960193,0,0,11485230.58036794,0,0,17857014.427218,96694759.00056452,13821398.369748116,0,0,0,0,0,0,0,0,0,0,0,0,0,0,0,0,0,0,0,0,0,0,0,0,0,0,0,0,0,0
1716681600,26-05-2024,1078253216.8412497,309734531.3786322,0,0,0,0,82854425.7571285,0,0,0,32432122.954424396,0,0,0,0,0,0,0,0,0,0,0,0,85547155.0190262,0,0,16469260.45035999,0,0,140104762.03041703,18653799.75020725,0,0,0,0,20095417.43142638,107345102.13044478,14280943.45525646,0,0,0,0,0,0,0,0,0,0,0,0,0,0,0,0,0,0,0,0,0,0,0,0,0,0,0,0,0,0
1716768000,27-05-2024,1179170484.59772,407822921.82627374,0,0,0,0,120143884.9600982,0,0,0,50403962.55755309,0,0,0,0,0,0,0,0,0,0,0,0,123423150.16637817,0,0,19586579.334637467,0,0,158400502.7013113,0,0,55259297.018271506,0,0,22802811.081808746,147095164.24064872,20128865.065578543,0,0,0,0,0,0,0,0,0,0,0,0,0,0,0,0,0,0,0,0,0,0,0,0,0,0,0,0,0,0
1716854400,28-05-2024,1082940979.149838,538468827.373276,0,0,0,0,174492674.9443312,0,0,0,45587840.473667614,0,0,0,0,0,0,0,0,0,0,0,0,139422703.6317504,0,0,16593587.624274358,0,0,223602305.70834222,0,0,0,0,0,25184851.615038313,177488091.2179761,24106076.75037718,14752757.513855165,0,0,0,0,0,0,0,0,0,0,0,0,0,0,0,0,0,0,0,0,0,0,0,0,0,0,0,0,0
1716940800,29-05-2024,1219763925.4127495,506220951.224456,0,0,0,0,137785433.69149527,0,0,0,53811114.98599035,0,0,0,0,0,0,0,0,0,0,0,0,149008163.7159186,0,0,26197048.935208958,0,0,182948723.4913519,40493684.81135065,0,0,0,0,25132575.77459177,184009285.9686202,73031791.2489337,0,0,0,0,0,0,0,0,0,0,0,0,0,0,0,0,0,0,0,0,0,0,0,0,0,0,0,0,0,0
1717027200,30-05-2024,1053078977.8336362,420347117.06068975,0,0,0,0,122102241.71113998,0,0,0,45628127.90083424,0,0,0,0,0,0,0,0,0,0,0,0,125947370.88193592,0,0,32262044.148416385,0,0,160703317.8163774,21299392.727559894,0,0,0,0,21060706.947813373,154566614.1435025,75872249.18757974,0,0,0,0,0,0,0,0,0,0,0,0,0,0,0,0,0,0,0,0,0,0,0,0,0,0,0,0,0,0
1717113600,31-05-2024,859076375.4771315,325015959.5257539,0,0,0,0,85143809.81055097,0,0,0,46509855.0810589,0,0,0,0,0,0,0,0,0,0,0,0,124288433.95586191,0,0,29286417.454469256,0,0,115055812.93405484,16269426.300989265,0,0,0,0,17295896.32269299,116845637.24901439,64978263.12724478,0,0,0,0,0,0,0,0,0,0,0,0,0,0,0,0,0,0,0,0,0,0,0,0,0,0,0,0,0,0
1717200000,01-06-2024,930416502.2060139,186513379.5516622,0,0,0,0,54318388.80978171,0,0,0,33014796.635907236,0,0,0,0,0,0,0,0,0,0,0,0,100249137.4241237,0,0,16906727.187923376,0,0,61534701.09843561,0,0,0,7490120.89178202,0,14641239.931535859,91472642.860944,54576328.651421264,0,0,0,0,0,0,0,0,0,0,0,0,0,0,0,0,0,0,0,0,0,0,0,0,0,0,0,0,0,0
1717286400,02-06-2024,926555300.9772371,254448769.13261306,0,0,0,0,53651164.365852185,0,0,0,32790199.209411077,0,0,0,0,0,0,0,0,0,0,0,0,117214065.91263139,0,0,26110782.57466228,0,0,113740307.85626324,0,0,0,0,0,25443117.49433611,108926872.70593205,27839963.593618292,0,40835411.11350494,0,0,0,0,0,0,0,0,0,0,0,0,0,0,0,0,0,0,0,0,0,0,0,0,0,0,0,0
1717372800,03-06-2024,1171623335.8790967,396467333.5938887,0,0,0,0,84381043.89971454,0,0,0,50274833.12758367,0,0,0,0,0,0,0,0,0,0,0,0,135567841.4901766,0,0,34934178.55051678,9281868.2156188,0,124874268.89067051,0,0,0,0,0,23713884.482169267,173863684.11438334,63849102.44450621,0,0,0,0,0,0,0,0,0,0,0,0,0,0,0,0,0,0,0,0,0,0,0,0,0,0,0,0,0,0
1717459200,04-06-2024,959884006.2977241,319806717.4846545,0,0,0,0,73110312.77835447,0,0,0,59386472.7011802,0,0,0,0,0,0,0,0,0,0,0,0,160119819.71049148,0,0,23226891.08810315,0,0,100119011.78823543,0,0,0,0,0,23494076.37116357,148133248.10203034,27640113.03669455,0,51992333.69299985,0,0,0,0,0,0,0,0,0,0,0,0,0,0,0,0,0,0,0,0,0,0,0,0,0,0,0,0
1717545600,05-06-2024,1109846713.0135646,407176921.41917264,0,0,0,0,97087191.43899888,0,0,0,61777487.92745142,0,0,0,0,0,0,0,0,0,0,0,0,122480996.23221189,0,0,27506728.462944105,0,0,139386035.7003177,491305638.8799452,0,0,0,0,24798212.866343502,191443502.93356004,53130898.09848683,0,0,0,0,0,0,0,0,0,0,0,0,0,0,0,0,0,0,0,0,0,0,0,0,0,0,0,0,0,0
1717632000,06-06-2024,1439956087.5268865,407245426.50073016,0,0,0,0,89575623.90354738,0,0,0,61570727.48236301,0,0,0,0,0,0,0,0,0,0,0,0,158202305.4341158,0,0,31514249.186911546,0,0,129417533.57271643,0,0,24098786.024328064,0,0,40851950.446706556,246439286.7667354,24645552.38844448,0,0,0,0,0,0,0,0,0,0,0,0,0,0,0,0,0,0,0,0,0,0,0,0,0,0,0,0,0,0
1717718400,07-06-2024,1965882054.7284217,628496945.2293406,0,0,0,0,130790301.0515244,0,0,0,89217972.02986652,0,0,0,0,0,0,0,0,0,0,0,0,216014922.32194105,0,0,24912227.827156812,0,0,252045067.53781524,0,0,37116869.69246268,0,0,39149984.30053972,280816689.7091883,25356568.283228327,0,0,0,0,0,0,0,0,0,0,0,0,0,0,0,0,0,0,0,0,0,0,0,0,0,0,0,0,0,0
1717804800,08-06-2024,1337130010.7675488,329669051.3954629,0,0,0,0,57832710.09420807,0,0,0,54184956.335799314,0,0,0,0,0,0,0,0,0,0,0,0,122742172.00250664,0,0,0,0,0,132226650.33117203,52079359.99381982,0,0,0,0,25886725.557926144,151165459.32388228,0,12649768.28422131,0,117111765.38003863,0,0,0,0,0,0,0,0,0,0,0,0,0,0,0,0,0,0,0,0,0,0,0,0,0,0,0
1717891200,09-06-2024,937608364.6767305,246974397.81126595,0,0,0,0,52035382.40583405,0,0,0,28911022.518331442,0,0,0,0,0,0,0,0,0,0,0,0,98171256.55024432,0,0,13566319.906752624,0,0,84712757.01760034,0,0,0,0,0,15089763.518691724,111319455.30030645,15910342.018562783,11123023.509357722,0,0,0,0,0,0,0,0,0,0,0,0,0,0,0,0,0,0,0,0,0,0,0,0,0,0,0,0,0
1717977600,10-06-2024,1017053259.1737524,305929948.3024942,0,0,0,0,67613933.6552996,0,0,0,53352581.10238581,0,0,0,0,0,0,0,0,0,0,0,0,102734431.18810567,0,0,0,0,0,94785031.16497259,20846063.010599043,0,17584485.96070878,0,0,24929053.269060217,130680306.61958809,14803527.425390426,0,0,0,0,0,0,0,0,0,0,0,0,0,0,0,0,0,0,0,0,0,0,0,0,0,0,0,0,0,0
1718064000,11-06-2024,1065861045.7954129,410140431.08395576,0,0,0,0,120763028.35619023,0,0,0,56892069.353733025,0,0,0,0,0,0,0,0,0,0,0,0,123576403.23478055,0,0,24739574.887906913,0,0,222872294.21645534,0,0,0,0,0,25029148.247631025,200889108.11886263,25857653.33752337,16551905.303554278,0,0,0,0,0,0,0,0,0,0,0,0,0,0,0,0,0,0,0,0,0,0,0,0,0,0,0,0,0
1718150400,12-06-2024,1155353806.1507068,488664802.6489731,0,0,0,0,126488574.09759274,0,0,0,54126937.9971578,0,0,0,0,0,0,0,0,0,0,0,0,136057230.4499532,0,0,30956013.38611769,0,0,172762083.05330825,0,0,0,0,0,29152078.368291803,214435933.1520707,0,13630435.525903596,0,0,13333530.456175681,0,0,0,0,0,0,0,0,0,0,0,0,0,0,0,0,0,0,0,0,0,0,0,0,0,0
1718236800,13-06-2024,1122165259.5647404,377265852.5981314,0,0,0,0,114968442.08253194,0,0,0,40614335.19495848,0,0,0,0,0,0,0,0,0,0,0,0,118900879.92160782,0,0,29330528.52393395,0,0,154188872.3008259,0,0,0,0,0,23884034.617694717,186417151.59254196,8974517.505527087,14176719.607097283,0,0,0,0,0,0,0,0,0,0,0,0,0,0,0,0,0,0,0,0,0,0,0,0,0,0,0,0,0
1718323200,14-06-2024,941627276.4229966,335399493.4982284,0,0,0,0,111258287.73419979,0,0,0,50802784.387839235,0,0,0,0,0,0,0,0,0,0,0,0,112821858.21008767,0,0,19692082.185660955,0,0,180808695.41694742,0,0,20052334.112804968,0,0,21683624.31961606,181326543.9869347,0,14410508.436297221,0,0,0,0,0,0,0,0,0,0,0,0,0,0,0,0,0,0,0,0,0,0,0,0,0,0,0,0,0
1718409600,15-06-2024,832820241.1843057,166021899.1656276,0,0,0,0,55656132.540651806,0,0,0,23620571.048965495,0,0,0,0,0,0,0,0,0,0,0,0,73947934.75098026,0,0,9103984.9347345,0,0,64591943.450424805,0,0,0,0,0,16656706.495581634,89725782.55022639,0,11268660.487552062,0,0,5380879.549650848,0,0,0,0,0,0,0,0,0,0,0,0,0,0,0,0,0,0,0,0,0,0,0,0,0,0
1718496000,16-06-2024,876053586.8958641,184921599.23211426,0,0,0,0,50457863.332512036,0,0,0,36754397.040306106,0,0,0,0,0,0,0,0,0,0,0,0,79778979.48276201,0,0,0,0,0,69906050.21920586,15567482.309145227,0,10634885.770049961,0,0,11966461.589531818,95014873.75967407,0,13710942.988767298,0,0,0,0,0,0,0,0,0,0,0,0,0,0,0,0,0,0,0,0,0,0,0,0,0,0,0,0,0
1718582400,17-06-2024,1153276040.9470649,363386958.61665297,0,0,0,0,97182045.5046118,0,0,0,39395138.62437551,0,0,0,0,0,0,0,0,0,0,0,0,220446961.4907742,0,0,17744723.283308096,0,0,170347130.55592498,0,0,0,0,0,15399094.302800525,166003623.94763434,0,18679679.369647115,0,0,0,9296490.845961018,0,0,0,0,0,0,0,0,0,0,0,0,0,0,0,0,0,0,0,0,0,0,0,0,0
1718668800,18-06-2024,1129378906.899135,505697813.53103197,0,0,0,0,197244438.7763214,0,0,0,74179413.39559104,0,0,0,0,0,0,0,0,0,0,0,0,580554613.464504,0,0,37325187.382195294,0,0,367191854.43659824,0,0,16489849.882998277,0,0,28292302.757123195,188007645.72156528,0,24919034.383516658,0,0,0,0,0,0,0,0,0,0,0,0,0,0,0,0,0,0,0,0,0,0,0,0,0,0,0,0,0
1718755200,19-06-2024,1044671932.7921021,297198102.62502754,0,0,0,0,122707640.71108103,0,0,0,44030683.81644217,0,0,0,0,0,0,0,0,0,0,0,0,294193724.0442487,0,0,21050195.402721763,0,0,187253518.82024682,0,0,19958207.60163454,0,0,25848668.333020195,125141998.57216974,0,15794343.123583917,0,0,0,0,0,0,0,0,0,0,0,0,0,0,0,0,0,0,0,0,0,0,0,0,0,0,0,0,0
1718841600,20-06-2024,1085148157.1235728,320846000.6808169,0,0,0,0,112699176.36991969,0,0,0,44828650.51260534,0,0,0,0,0,0,0,0,0,0,0,0,244373329.20435768,0,0,21098495.20973463,0,0,180378320.82198024,0,0,0,0,0,17858633.75861991,136650031.74627495,21775022.999399025,13182339.855620129,0,0,0,0,0,0,0,0,0,0,0,0,0,0,0,0,0,0,0,0,0,0,0,0,0,0,0,0,0
1718928000,21-06-2024,930917635.5934179,306006142.6672639,0,0,0,0,95663662.46087094,0,0,0,43290947.73505512,0,0,0,0,0,0,0,0,0,0,0,0,145473482.93388736,0,0,20397767.56705232,0,0,205949547.10089895,0,0,16383021.813074514,0,0,23144224.26851007,130683182.81659183,0,13491970.61394304,0,0,0,0,0,0,0,0,0,0,0,0,0,0,0,0,0,0,0,0,0,0,0,0,0,0,0,0,0
1719014400,22-06-2024,757821632.7982748,137153148.44049895,0,0,0,0,45984164.28349582,0,0,0,17367210.52278765,0,0,0,0,0,0,0,0,0,0,0,0,83305912.47627701,0,0,18670014.846612524,0,0,69682624.91295381,0,0,13214622.33547241,0,0,15001310.68173496,85395903.9510997,0,11398335.22464128,0,0,0,0,0,0,0,0,0,0,0,0,0,0,0,0,0,0,0,0,0,0,0,0,0,0,0,0,0
1719100800,23-06-2024,769072890.7181956,157461655.03997844,0,0,0,0,54791312.59811502,0,0,0,25279981.709341805,0,0,0,0,0,0,0,0,0,0,0,0,84896384.4535902,0,0,18647816.94659654,0,0,112673040.59294164,0,0,6147430.352202259,0,0,12137857.74796104,83819777.70905763,0,12288531.69371225,0,0,0,0,0,0,0,0,0,0,0,0,0,0,0,0,0,0,0,0,0,0,0,0,0,0,0,0,0
1719187200,24-06-2024,1050782526.9373196,372183557.14796335,0,0,0,0,157763318.16011152,0,0,0,38538983.09941155,0,0,0,0,0,0,0,8026811.57073951,0,0,0,0,139911934.68138683,0,0,18184310.281693786,0,0,367347517.5135146,0,0,0,0,0,26822750.407246552,164355955.2975901,0,19169899.21720573,0,0,0,0,0,0,0,0,0,0,0,0,0,0,0,0,0,0,0,0,0,0,0,0,0,0,0,0,0
1719273600,25-06-2024,978633795.2674088,331064053.881765,0,0,0,0,121027740.74128248,0,0,0,32528880.418844525,0,0,0,0,0,0,0,0,0,0,0,0,149424063.53249273,0,0,9656604.474556398,0,0,224222761.53987402,0,0,16311526.398306962,0,0,31862578.19646905,123239353.28508139,0,14005826.654300548,0,0,0,0,0,0,0,0,0,0,0,0,0,0,0,0,0,0,0,0,0,0,0,0,0,0,0,0,0
1719360000,26-06-2024,1093361281.4362986,256650421.02709976,0,0,0,0,101058673.42123537,0,0,0,24747291.07133447,0,0,0,0,0,0,0,0,0,0,0,0,110991433.0526583,0,0,8720039.215797408,0,0,111195016.20112185,0,0,0,0,0,15990019.807521826,99496418.31827155,0,11406305.137358498,0,0,0,10349502.243955104,0,0,0,0,0,0,0,0,0,0,0,0,0,0,0,0,0,0,0,0,0,0,0,0,0
1719446400,27-06-2024,1138368573.8115582,408590238.0599952,0,0,0,0,142034481.92500833,0,0,0,34815732.51565174,0,0,0,0,0,0,0,0,0,0,0,0,187283471.5087751,0,0,11657759.77447631,0,0,205085899.1392228,0,0,0,0,0,26829921.84809071,149047325.8433946,7484350.922704898,18281036.136246543,0,0,0,0,0,0,0,0,0,0,0,0,0,0,0,0,0,0,0,0,0,0,0,0,0,0,0,0,0
1719532800,28-06-2024,1087558345.760106,329022481.78404075,0,0,0,0,104630745.58730844,0,0,0,25853136.043865204,0,0,0,0,0,0,0,0,0,0,0,0,124328942.7248724,0,0,7734622.827311283,0,0,150357390.2889565,0,0,0,0,0,18532170.06238654,129163320.52839704,9020079.459943686,16874766.934967075,0,0,0,0,0,0,0,0,0,0,0,0,0,0,0,0,0,0,0,0,0,0,0,0,0,0,0,0,0
1719619200,29-06-2024,884567879.977818,170284921.8120314,0,0,0,0,50242250.81288247,0,0,0,17683016.93220316,0,0,0,0,0,0,0,0,0,0,0,0,80646749.49064659,0,0,7580883.393023428,0,0,66720109.347568385,0,0,0,0,0,14521425.356430694,76393924.93985344,5848978.113001378,12969526.422971504,0,0,0,0,0,0,0,0,0,0,0,0,0,0,0,0,0,0,0,0,0,0,0,0,0,0,0,0,0
1719705600,30-06-2024,921342112.9214115,225655302.08482984,0,0,0,0,70770618.15970898,0,0,0,27801257.180294376,0,0,0,0,0,0,0,0,0,0,0,0,95623476.18460487,0,0,0,0,0,98759470.9453854,0,0,0,0,0,14362201.445648558,93646972.653894,9957140.192454709,15328227.96719034,0,7395170.181861785,0,0,0,0,0,0,0,0,0,0,0,0,0,0,0,0,0,0,0,0,0,0,0,0,0,0,0
1719792000,01-07-2024,1078545315.4188764,295508318.16059893,0,0,0,0,93118093.09408955,0,0,0,37002072.2923811,0,0,0,0,0,0,0,0,0,0,0,0,115956943.45855756,0,0,0,0,0,129522330.97493334,0,0,22996013.907199197,0,0,28091909.393464737,129211745.88079718,0,9927558.568729283,0,9424099.719735451,0,0,0,0,0,0,0,0,0,0,0,0,0,0,0,0,0,0,0,0,0,0,0,0,0,0,0
1719878400,02-07-2024,1003095338.7150791,315124441.7686552,0,0,0,0,92805603.47539483,0,0,0,33594539.03020372,0,0,0,0,0,0,0,0,0,0,0,0,124015429.32050915,0,0,11298210.09100334,0,0,118168934.90699472,0,0,0,0,0,19281392.77180609,141581491.79277286,0,12219322.067124635,0,0,0,9656938.096899705,0,0,0,0,0,0,0,0,0,0,0,0,0,0,0,0,0,0,0,0,0,0,0,0,0
1719964800,03-07-2024,1042234359.895331,428135067.8707806,0,0,0,0,137527395.34907362,0,0,0,36828493.55583108,0,0,0,0,0,0,0,0,0,0,0,0,146117734.3487158,0,0,11579460.483298985,0,0,236064295.29912344,0,0,0,0,0,25918355.271422625,160197632.9843434,0,33431992.01763249,0,0,0,11339336.737227447,0,0,0,0,0,0,0,0,0,0,0,0,0,0,0,0,0,0,0,0,0,0,0,0,0
1720051200,04-07-2024,975199327.0443279,496091856.3318249,0,0,0,0,146186582.0241032,0,0,0,49812281.40895634,0,0,0,0,0,0,0,0,0,0,0,0,143456378.04975095,0,0,14364947.973891422,0,0,266227934.27711052,0,0,0,0,0,15750207.42272333,160895948.29194337,11115509.462833706,61683631.32217106,0,0,0,0,0,0,0,0,0,0,0,0,0,0,0,0,0,0,0,0,0,0,0,0,0,0,0,0,0
1720137600,05-07-2024,945951548.6591802,592625887.2659302,0,0,0,0,197421632.4465509,0,0,0,48357764.84849025,0,0,0,0,0,0,0,0,0,0,0,0,139992602.062992,0,0,22426325.926218614,0,0,375287536.6991745,0,0,12209864.836833755,0,0,20319853.767142445,178162105.91037765,0,60968768.159939654,0,0,0,0,0,0,0,0,0,0,0,0,0,0,0,0,0,0,0,0,0,0,0,0,0,0,0,0,0
1720224000,06-07-2024,1025228225.6572477,369201658.88623947,0,0,0,0,80922512.3503757,0,0,0,40190256.65288275,0,0,0,0,0,0,0,0,0,0,0,0,106273722.65701033,0,0,16297949.22221026,0,0,127953449.82015546,0,0,0,0,0,16173793.430294266,105024492.9707626,0,46180711.2859587,14717478.534528028,0,0,0,0,0,0,0,0,0,0,0,0,0,0,0,0,0,0,0,0,0,0,0,0,0,0,0,0
1720310400,07-07-2024,1029976168.9072181,346570106.5847399,0,0,0,0,77198633.9620828,0,0,0,19217380.41889149,0,0,0,0,0,0,0,0,0,0,0,0,103164983.15940315,0,0,14771221.331119088,0,0,123783203.74951386,0,0,0,0,0,12239232.827328358,108045810.01308352,0,41356271.261977114,0,13312849.177431256,0,0,0,0,0,0,0,0,0,0,0,0,0,0,0,0,0,0,0,0,0,0,0,0,0,0,0
1720396800,08-07-2024,1105256097.7200406,630298037.1789352,0,0,13559574.839309733,0,156851164.21177134,0,0,0,48727751.71968547,0,0,0,0,0,0,0,0,0,0,0,0,154443428.12810454,0,0,24061343.666233696,0,0,270827058.7760517,0,0,0,0,0,29754634.3683145,187517828.2262152,0,69579827.1964226,0,0,0,0,0,0,0,0,0,0,0,0,0,0,0,0,0,0,0,0,0,0,0,0,0,0,0,0,0
1720483200,09-07-2024,1138301010.2378585,479643572.051384,0,0,0,0,107755722.97878954,0,0,0,33099369.321940474,0,0,0,0,0,0,0,0,0,0,0,0,133366465.61513117,0,0,29768006.546019793,0,0,151537154.15442243,0,0,0,0,0,27937742.80945256,161186133.7486915,0,59345689.046703644,0,11184466.850939719,0,0,0,0,0,0,0,0,0,0,0,0,0,0,0,0,0,0,0,0,0,0,0,0,0,0,0
1720569600,10-07-2024,1088711214.292327,349598979.9367499,0,0,0,0,86092744.09140056,0,0,0,35593250.474421486,0,0,0,0,0,0,0,0,0,0,0,0,107858087.48829012,0,0,20476607.40422024,0,0,111198056.87428686,0,0,0,0,0,19134255.522537544,119496115.31644027,0,82090635.0518565,70910343.92107844,0,0,0,0,0,0,0,0,0,0,0,0,0,0,0,0,0,0,0,0,0,0,0,0,0,0,0,0
1720656000,11-07-2024,1045996235.7070869,386988515.6864488,0,0,0,0,84608535.17906934,0,0,0,32377512.36405132,0,0,0,0,0,0,0,0,0,0,0,0,116566595.38720588,0,0,20302804.639164433,0,0,126117591.93838409,0,0,10974631.807953587,0,0,16311234.56323468,143457979.71406955,0,71412926.87244625,0,0,0,0,0,0,0,0,0,0,0,0,0,0,0,0,0,0,0,0,0,0,0,0,0,0,0,0,0
1720742400,12-07-2024,1016005457.682269,259312310.7615735,0,0,0,0,70654202.83862999,0,0,0,25269906.491490774,0,0,0,0,0,0,0,0,0,0,0,0,90876636.92374566,0,0,12076106.083196452,0,0,71090468.53799161,0,0,11028164.126546416,0,0,14036647.777310198,125928285.86182609,0,54222121.812439315,0,0,0,0,0,0,0,0,0,0,0,0,0,0,0,0,0,0,0,0,0,0,0,0,0,0,0,0,0
1720828800,13-07-2024,1030250326.445009,202561324.3990319,0,0,0,0,50332788.39468222,0,0,0,30203127.72368815,0,0,0,0,0,0,0,0,0,0,0,0,81385448.33320531,0,0,14078948.816137081,0,0,42276422.39225529,0,0,24859489.521375667,0,0,11872555.243805273,94361896.13404648,0,45067712.318210706,0,0,0,0,0,0,0,0,0,0,0,0,0,0,0,0,0,0,0,0,0,0,0,0,0,0,0,0,0
1720915200,14-07-2024,1249415319.7161677,266417304.60944027,0,0,0,0,81368811.92813833,0,0,0,17838943.354518205,0,0,0,0,0,0,0,0,0,0,0,0,105830183.33432235,0,0,13961158.793962434,0,0,63314101.02279544,0,0,0,0,0,14713260.161186352,119392736.79439633,0,56768993.97158055,0,9868347.779337201,0,0,0,0,0,0,0,0,0,0,0,0,0,0,0,0,0,0,0,0,0,0,0,0,0,0,0
1721001600,15-07-2024,1297939319.1187184,389687309.04884624,0,0,0,0,123318848.16740169,0,0,0,27362446.483723287,0,0,0,0,0,0,0,0,0,0,0,0,153367218.13266233,0,0,14867230.384283597,0,0,153570421.6334297,0,0,0,0,0,24008370.269921374,180173607.8212696,0,97594896.0263433,0,0,0,10747014.168917703,0,0,0,0,0,0,0,0,0,0,0,0,0,0,0,0,0,0,0,0,0,0,0,0,0
1721088000,16-07-2024,1154305585.7991323,510834759.0239448,0,0,0,0,157366291.05319867,0,0,0,87190586.6346609,0,0,0,0,0,0,0,0,0,0,0,0,172449006.11045036,0,0,0,0,0,141364558.10879308,0,0,0,22727548.330628555,0,25912591.88056118,243699940.74229628,26831499.64727675,88275077.86607815,0,0,0,0,0,0,0,0,0,0,0,0,0,0,0,0,0,0,0,0,0,0,0,0,0,0,0,0,0
1721174400,17-07-2024,921799798.0418291,431528485.32231903,0,0,0,0,126417933.43246756,0,0,0,66341772.30428299,0,0,0,0,0,0,0,0,0,0,0,0,128281652.99930419,0,0,16993678.485970043,0,0,113938739.65857221,0,0,16818041.23601631,0,0,29710155.06094071,184639715.49707496,0,81097712.06905423,0,0,0,0,0,0,0,0,0,0,0,0,0,0,0,0,0,0,0,0,0,0,0,0,0,0,0,0,0
1721260800,18-07-2024,1010917712.4643688,402435833.5405818,0,0,0,0,118855824.58078548,0,0,0,58696834.903358795,0,0,0,0,0,0,0,0,0,0,0,0,144466992.40907207,0,0,26292010.418795835,0,0,103364076.06376556,0,0,0,0,0,27745127.783862263,184981706.77562505,16620208.383743268,75985991.62403168,0,0,0,0,0,0,0,0,0,0,0,0,0,0,0,0,0,0,0,0,0,0,0,0,0,0,0,0,0
1721347200,19-07-2024,1059685113.7703898,495661192.2151402,0,0,0,0,153072928.25850055,0,0,0,51312116.31975712,0,0,0,0,0,0,0,0,0,0,0,0,156098570.7871621,0,0,23825902.210347578,0,0,131687561.12374958,0,0,0,0,0,27677551.232152548,182060266.68581754,15371152.559695214,107850639.23069084,0,0,0,0,0,0,0,0,0,0,0,0,0,0,0,0,0,0,0,0,0,0,0,0,0,0,0,0,0
1721433600,20-07-2024,1006563251.1765977,335521060.18629485,0,0,0,0,89270549.07611415,0,0,0,36399677.198933996,0,0,0,0,0,0,0,0,0,0,0,0,127225359.75081226,0,0,10667165.744648345,0,0,79958567.88746917,0,0,20418704.034417544,0,0,25191373.20342207,133127040.58340344,0,76592284.22095537,0,0,0,0,0,0,0,0,0,0,0,0,0,0,0,0,0,0,0,0,0,0,0,0,0,0,0,0,0
1721520000,21-07-2024,1184358272.522548,496317770.0570226,0,0,0,0,151238295.19637546,0,0,0,41057123.80938472,0,0,0,0,0,0,0,0,0,0,0,0,180039887.75505552,0,0,13117515.496789472,0,0,144292134.9837861,0,0,0,0,0,25561343.87865411,168218319.54714897,0,102861063.54636595,0,10073278.018494492,0,0,0,0,0,0,0,0,0,0,0,0,0,0,0,0,0,0,0,0,0,0,0,0,0,0,0
1721606400,22-07-2024,1272754302.2547872,471747653.79161865,0,0,0,0,142185317.1787431,0,0,0,80477390.77877669,0,0,0,0,0,0,0,0,0,0,0,0,200516367.810853,0,0,27941880.737736,0,0,112111951.98119229,0,0,29368802.713497546,0,0,25385994.76430146,185470715.20514798,0,83560011.79106204,0,0,0,0,0,0,0,0,0,0,0,0,0,0,0,0,0,0,0,0,0,0,0,0,0,0,0,0,0
1721692800,23-07-2024,1483417580.6286814,527957358.14562434,0,0,0,0,172244224.68334863,0,0,0,57478176.946065895,0,0,0,0,0,0,0,0,0,0,0,0,200879944.11759034,0,0,0,0,0,155599825.5850252,0,0,0,19031624.84612885,0,22160717.104974736,179862180.97691557,14765884.763170762,71291937.13150941,0,0,0,0,0,0,0,0,0,0,0,0,0,0,0,0,0,0,0,0,0,0,0,0,0,0,0,0,0
1721779200,24-07-2024,1377365083.012583,466208926.67813224,0,0,0,0,131664598.20374982,0,0,0,31433924.00957039,0,0,0,0,0,0,0,0,0,0,0,0,178167720.7253137,0,0,12307335.603061158,0,0,123532933.7253814,0,0,0,0,0,19024267.74506595,167010982.2670899,0,134613707.56213918,0,10893809.675111711,0,0,0,0,0,0,0,0,0,0,0,0,0,0,0,0,0,0,0,0,0,0,0,0,0,0,0
1721865600,25-07-2024,1455407201.28773,635348804.6461931,0,0,0,0,174212452.4492401,0,0,0,47166702.95199605,0,0,0,0,0,0,0,0,0,0,0,0,223350713.56671834,0,0,19769714.541728694,0,0,260967410.53794128,0,0,0,0,0,22482815.451653477,248247375.2770811,0,171515412.46952668,0,13218404.18979722,0,0,0,0,0,0,0,0,0,0,0,0,0,0,0,0,0,0,0,0,0,0,0,0,0,0,0
1721952000,26-07-2024,1409527158.7132635,404025004.25650966,0,0,0,0,94157746.9731396,0,0,0,32412235.877641816,0,0,0,0,0,0,0,0,0,0,0,0,174278704.32651517,0,0,14971935.429569853,0,0,116626342.01813285,0,0,0,0,0,20382147.695684392,148583455.24863577,0,146670560.16177675,0,14657161.115233446,0,0,0,0,0,0,0,0,0,0,0,0,0,0,0,0,0,0,0,0,0,0,0,0,0,0,0
1722038400,27-07-2024,1753644272.5889683,508396179.81740034,0,0,0,0,124432926.90408608,0,0,0,41194287.39592927,0,0,0,0,0,0,0,0,0,0,0,0,186739138.87295884,0,0,19872784.1077151,0,0,172267090.26492068,0,0,9726195.000229385,0,0,20642432.092740655,181376210.12458605,0,137177316.44165474,0,0,0,0,0,0,0,0,0,0,0,0,0,0,0,0,0,0,0,0,0,0,0,0,0,0,0,0,0
1722124800,28-07-2024,2212997410.362622,365109259.191263,0,0,0,0,89168562.69115567,0,0,0,38551353.73915602,0,0,0,0,0,0,0,0,0,0,0,0,176224289.7656191,0,0,22932129.05749225,0,0,99801481.21492796,0,0,0,0,0,17632951.693985462,181765763.42363116,0,86089027.11105786,0,0,0,10664587.700678414,0,0,0,0,0,0,0,0,0,0,0,0,0,0,0,0,0,0,0,0,0,0,0,0,0
1722211200,29-07-2024,1708980630.3759234,528272826.8768299,0,0,0,0,152099558.14058942,0,0,0,50078943.32762507,0,0,0,0,0,0,0,0,0,0,0,0,209148075.8321732,0,0,27379985.093273934,0,0,210952993.62397137,0,0,15369366.504432473,0,0,28495786.121364765,209026304.64950305,0,139579894.94825155,0,0,0,0,0,0,0,0,0,0,0,0,0,0,0,0,0,0,0,0,0,0,0,0,0,0,0,0,0
1722297600,30-07-2024,1726430348.4677155,449748971.17062265,0,0,0,0,123173393.86921251,0,0,0,30359673.576222017,0,0,0,0,0,0,0,0,0,0,0,0,191680326.61173314,0,0,12378426.383590631,0,0,168633738.81476155,0,0,0,0,0,20946293.382576372,181631951.08362076,0,97186528.28347108,0,0,0,9660239.190834623,0,0,0,0,0,0,0,0,0,0,0,0,0,0,0,0,0,0,0,0,0,0,0,0,0
1722384000,31-07-2024,1364150100.0272706,449844189.80644995,0,0,0,0,148787366.02819687,0,0,0,43345239.04716366,0,0,0,0,0,0,0,0,0,0,0,0,216603663.56683946,0,0,0,0,0,147163741.222238,0,0,0,0,0,15349634.856845696,186701761.18895826,0,102497658.23833008,28674911.233294256,18069697.535431765,0,0,0,0,0,0,0,0,0,0,0,0,0,0,0,0,0,0,0,0,0,0,0,0,0,0,0
1722470400,01-08-2024,1075919400.8212216,528343728.00349694,0,0,0,0,195179443.4970069,0,0,0,59427976.53261877,0,0,0,0,0,0,0,0,0,0,0,0,240383528.49962673,0,0,0,0,0,296052025.5855921,0,0,0,0,0,33558218.19050811,178711303.1198881,0,167655973.8906659,0,20460218.400590423,0,0,65692077.75688626,0,0,0,0,0,0,0,0,0,0,0,0,0,0,0,0,0,0,0,0,0,0,0,0
1722556800,02-08-2024,886639594.8063704,613869126.5076219,0,0,0,0,190362081.75129792,0,0,0,61268236.49296517,0,0,0,0,0,0,0,0,0,0,0,0,229526494.18448958,0,0,0,0,0,331414085.6340603,0,0,0,0,0,42877805.32775249,183002311.68028632,0,252060828.22517845,13847859.425742187,0,0,0,87822625.49672526,0,0,0,0,0,0,0,0,0,0,0,0,0,0,0,0,0,0,0,0,0,0,0,0
1722643200,03-08-2024,1283091045.9526193,424163797.22256786,0,0,0,0,136947080.3442771,0,0,0,46924685.64029211,0,0,0,0,0,0,0,0,0,0,0,0,177557757.07739154,0,0,0,0,0,271539923.70973206,0,0,16627833.929456955,0,0,24664820.292851254,115762499.73221403,0,212393817.18275914,0,0,0,0,61845422.3525239,0,0,0,0,0,0,0,0,0,0,0,0,0,0,0,0,0,0,0,0,0,0,0,0
1722729600,04-08-2024,2377768705.35713,438624920.4439809,0,0,0,0,139824997.33272168,0,0,0,42465150.36982471,0,0,0,0,0,0,0,0,0,0,0,0,172446359.32402512,0,0,10749434.442623697,0,0,307721265.5036372,0,0,0,0,0,15159683.734380277,121168154.33633314,0,188524374.17635217,0,0,0,0,60378846.43064806,0,0,0,0,0,0,0,0,0,0,0,0,0,0,0,0,0,0,0,0,0,0,0,0
1722816000,05-08-2024,778753869.6818203,1349958587.515078,0,0,0,0,316304087.6266924,0,0,0,133942092.98416114,0,0,0,0,0,0,0,0,0,0,0,0,344561163.4790688,0,0,64735019.8033517,0,0,1437490079.9760857,0,0,0,0,0,0,318387934.72420514,43100141.4614554,287111193.42696095,0,0,0,0,61851528.11142335,0,0,0,0,0,0,0,0,0,0,0,0,0,0,0,0,0,0,0,0,0,0,0,0
1722902400,06-08-2024,719695913.4625252,757125582.1696603,0,0,0,0,127167477.33077615,0,0,0,59264985.1903588,0,0,0,0,0,0,0,0,0,0,0,0,204539494.5814827,0,0,27566596.05470776,0,0,413030942.7992506,0,0,37751656.03504056,0,0,0,186591429.9347633,0,316139861.1677316,0,0,0,0,97253820.13577513,0,0,0,0,0,0,0,0,0,0,0,0,0,0,0,0,0,0,0,0,0,0,0,0
1722988800,07-08-2024,694473961.2644352,769348639.1405172,0,0,0,0,146652271.05948293,0,0,0,85054924.02670047,0,0,0,0,0,0,0,0,0,0,0,0,213599313.07277757,0,0,18445664.266599916,0,0,360130311.1252425,0,0,0,0,0,18364967.079254646,192605301.86943555,0,311709059.28199613,0,0,0,0,102728950.93834932,0,0,0,0,0,0,0,0,0,0,0,0,0,0,0,0,0,0,0,0,0,0,0,0
1723075200,08-08-2024,727969277.7675917,751676469.2352273,0,0,0,0,147670403.8853084,0,0,0,44811586.16469537,0,0,0,0,0,0,0,0,0,0,0,0,223287922.07844797,0,0,149891508.9490263,0,0,293006865.51402426,0,0,0,0,0,18719135.99334645,184393106.25084826,0,279395900.6828703,0,0,0,0,97164649.17439058,0,0,0,0,0,0,0,0,0,0,0,0,0,0,0,0,0,0,0,0,0,0,0,0
1723161600,09-08-2024,570020744.6059133,516884589.1251991,0,0,0,0,111391826.33057253,0,0,0,51173926.86555533,0,0,0,0,0,0,0,0,0,0,0,0,166449711.70947257,0,0,47285628.65927931,0,0,136617805.11253208,0,0,24996771.269412454,0,0,0,123727356.48021835,0,198127611.66725677,0,0,0,0,91705801.45787007,0,0,0,0,0,0,0,0,0,0,0,0,0,0,0,0,0,0,0,0,0,0,0,0
1723248000,10-08-2024,553988208.7183157,319509667.04143137,0,0,0,0,60424186.078510165,0,0,0,28562919.657473896,0,0,0,0,0,0,0,0,0,0,0,0,116413427.33601867,0,0,10762951.187540539,0,0,58406095.43061781,0,0,0,0,0,0,77917697.94439924,0,101603496.76737139,0,18731661.993851185,0,0,84926452.89091657,0,0,0,0,0,0,0,0,0,0,0,0,0,0,0,0,0,0,0,0,0,0,0,0
1723334400,11-08-2024,531510209.9664973,397624640.9629236,0,0,0,0,75476849.51451209,0,0,0,36207885.36560513,0,0,0,0,0,0,0,0,0,0,0,0,124474455.5030085,0,0,0,0,0,91628558.70444837,0,0,0,0,0,15079451.987021884,92821922.6990648,0,170865587.47758803,0,13695701.722508514,0,0,69627488.34147424,0,0,0,0,0,0,0,0,0,0,0,0,0,0,0,0,0,0,0,0,0,0,0,0
1723420800,12-08-2024,578742788.8050596,644508426.2007813,0,0,0,0,103234106.03355208,0,0,0,41981803.84611988,0,0,0,0,0,0,0,0,0,0,0,0,167671645.27969965,0,0,0,0,0,149494794.6125569,0,0,0,0,0,16006195.863337953,128926464.52236313,0,220536158.22732875,0,22780623.724933907,0,0,85195381.1855619,0,0,0,0,0,0,0,0,0,0,0,0,0,0,0,0,0,0,0,0,0,0,0,0
1723507200,13-08-2024,611733483.7627176,522493927.4867506,0,0,0,0,64832493.831953384,0,0,0,35407168.24809599,0,0,0,0,0,0,0,0,0,0,0,0,150390704.93116936,0,0,0,0,0,88640312.89429988,0,0,0,0,0,14140947.908077287,97967459.61111397,0,135431805.3423439,0,12211163.397895139,0,0,92564144.0434788,0,0,0,0,0,0,0,0,0,0,0,0,0,0,0,0,0,0,0,0,0,0,0,0
1723593600,14-08-2024,666971691.9748293,529149745.7042807,0,0,0,0,66825514.853862196,0,0,0,27285183.52382349,0,0,0,0,0,0,0,0,0,0,0,0,155227264.69380534,0,0,15673276.401354214,0,0,113370557.29961395,0,0,0,0,0,15109118.667364351,124972299.24193409,0,189996760.96574512,0,0,0,0,78292707.34792681,0,0,0,0,0,0,0,0,0,0,0,0,0,0,0,0,0,0,0,0,0,0,0,0
1723680000,15-08-2024,742391028.8751967,594425704.1663727,0,0,0,0,86413361.31017126,0,0,0,44677909.50202644,0,0,0,0,0,0,0,0,0,0,0,0,165071025.14334142,0,0,23454273.0785238,0,0,172497783.45170793,0,0,0,0,0,14310515.760038856,152842127.2348683,0,57473376.71813403,0,0,0,0,68484500.74584252,0,0,0,0,0,0,0,0,0,0,0,0,0,0,0,0,0,0,0,0,0,0,0,0
1723766400,16-08-2024,453782109.49505156,562675680.9221917,0,0,0,0,75426576.54244888,0,0,0,56419081.254775845,0,0,0,0,0,0,0,0,0,0,0,0,136620191.5269142,0,0,0,0,0,116114602.54110843,0,0,77586696.0591389,0,0,28037705.133663144,126195375.78276458,0,42321827.767852336,0,0,0,0,53454053.24949481,0,0,0,0,0,0,0,0,0,0,0,0,0,0,0,0,0,0,0,0,0,0,0,0
1723852800,17-08-2024,380939676.4002493,255949348.1006396,0,0,0,0,35453557.379932754,0,0,0,17673058.042787522,0,0,0,0,0,0,0,0,0,0,0,0,81456201.03604975,0,0,14753565.750466177,0,0,54898092.851355575,0,0,0,0,0,8479931.977480322,93926474.68939231,0,30712972.387787327,0,0,0,0,51015892.95094145,0,0,0,0,0,0,0,0,0,0,0,0,0,0,0,0,0,0,0,0,0,0,0,0
1723939200,18-08-2024,422388870.8741692,299991185.54349947,0,0,0,0,44861786.76957102,0,0,0,30295072.536670037,0,0,0,0,0,0,0,0,0,0,0,0,95697221.50144951,0,0,14622952.020091234,0,0,74601913.77948774,0,0,20643923.234773,0,0,0,119164284.28000228,0,29400701.888471868,0,0,0,0,61056706.91339208,0,0,0,0,0,0,0,0,0,0,0,0,0,0,0,0,0,0,0,0,0,0,0,0
1724025600,19-08-2024,459722977.44170797,419470116.82698053,0,0,0,0,59051925.51729461,0,0,0,23417963.11766335,0,0,0,0,0,0,0,0,0,0,0,0,129216587.0261528,0,0,16767565.48066673,0,0,86415585.39189881,0,0,0,0,0,8586760.708894491,126793904.6594442,0,39335630.69001057,0,0,0,0,62819291.18670283,0,0,0,0,0,0,0,0,0,0,0,0,0,0,0,0,0,0,0,0,0,0,0,0
1724112000,20-08-2024,456006807.0678938,389927785.7560939,0,0,0,0,66996467.35084952,0,0,0,24699209.27540937,0,0,0,0,0,0,0,0,0,0,0,0,136448285.30618796,0,0,17445256.838813506,0,0,119163265.18068296,0,0,0,0,0,13708106.407471627,123616959.27532698,0,47604331.34800209,0,0,0,0,42294021.6694374,0,0,0,0,0,0,0,0,0,0,0,0,0,0,0,0,0,0,0,0,0,0,0,0
1724198400,21-08-2024,371524895.76411533,415645788.940367,0,0,0,0,48443082.94137388,0,0,0,20203536.45818317,0,0,0,0,0,0,0,0,0,0,0,0,122139666.85764141,0,0,12051993.36514991,0,0,76902007.48554236,0,0,0,0,0,9587680.446116129,109930147.3554559,0,40162734.075858004,0,0,0,0,36276401.27505398,0,0,0,0,0,0,0,0,0,0,0,0,0,0,0,0,0,0,0,0,0,0,0,0
1724284800,22-08-2024,358158775.1146489,279279815.2177926,0,0,0,0,37147217.39330775,0,0,0,19417555.67718005,0,0,0,0,0,0,0,0,0,0,0,0,114922048.1750505,0,0,11818505.811993703,0,0,92178001.60851826,0,0,0,0,0,10292503.308795827,124482997.88748118,0,48498136.17921121,0,0,0,0,42724456.563632585,0,0,0,0,0,0,0,0,0,0,0,0,0,0,0,0,0,0,0,0,0,0,0,0
1724371200,23-08-2024,412296497.56026715,391051053.5010036,0,0,0,0,72724148.5452853,0,0,0,19872511.093676895,0,0,0,0,0,0,0,0,0,0,0,0,166053688.295065,0,0,17625257.45030112,0,0,133396966.7199206,0,0,0,0,0,16851678.420921337,160985468.12687027,0,70659868.83826385,0,0,0,0,50450035.44794199,0,0,0,0,0,0,0,0,0,0,0,0,0,0,0,0,0,0,0,0,0,0,0,0
1724457600,24-08-2024,402963884.5712431,339849446.3805236,0,0,0,0,71286586.03589775,0,0,0,26970486.828644168,0,0,0,0,0,0,0,0,0,0,0,0,153562291.2702684,0,0,11039297.187138567,0,0,110921448.53132445,0,0,0,0,0,16269294.39310236,173808483.21367112,0,69765453.29372305,0,0,0,0,45862738.50471086,0,0,0,0,0,0,0,0,0,0,0,0,0,0,0,0,0,0,0,0,0,0,0,0
1724544000,25-08-2024,365397078.9294702,315259435.79841954,0,0,0,0,51378958.96506179,0,0,0,16961944.944819283,0,0,0,0,0,0,0,0,0,0,0,0,148670624.8736503,0,0,0,0,0,68165787.41659307,0,0,7893094.517563309,0,0,13826596.353396753,121371372.08768201,0,68763486.73039643,0,0,0,0,39081139.93142572,0,0,0,0,0,0,0,0,0,0,0,0,0,0,0,0,0,0,0,0,0,0,0,0
1724630400,26-08-2024,392154603.15525466,529810937.75914305,0,0,0,0,73197117.04780117,0,0,0,35208233.75378794,0,0,0,0,0,0,0,0,0,0,0,0,208885673.92418793,0,0,14011197.782874981,0,0,107846101.9781796,0,0,0,0,0,0,168831400.51934603,16890114.750743177,78251456.22284918,0,0,0,0,48508617.03476207,0,0,0,0,0,0,0,0,0,0,0,0,0,0,0,0,0,0,0,0,0,0,0,0
1724716800,27-08-2024,416350048.232056,507402826.0315373,0,0,0,0,88139357.82425097,0,0,0,28184152.981284216,0,0,0,0,0,0,0,0,0,0,0,0,198443163.4059148,0,0,16165181.589039048,0,0,134702781.23452133,0,0,0,0,0,13753064.616439562,130616930.42323345,0,97998640.2778038,0,0,0,0,47953906.73827943,0,0,0,0,0,0,0,0,0,0,0,0,0,0,0,0,0,0,0,0,0,0,0,0
1724803200,28-08-2024,401484531.31366384,530058657.32420754,0,0,0,0,100629490.68206817,0,0,0,23025907.727752298,0,0,0,0,0,0,0,0,0,0,0,0,173338326.5609312,0,0,17760171.664652176,0,0,129175081.07426949,0,0,0,0,0,18935658.2702192,134218625.79314837,0,86367905.41307454,0,0,0,0,45081308.65864621,0,0,0,0,0,0,0,0,0,0,0,0,0,0,0,0,0,0,0,0,0,0,0,0
1724889600,29-08-2024,366098457.75892603,408904383.4815266,0,0,0,0,75454636.81784277,0,0,0,36038993.03338542,0,0,0,0,0,0,0,0,0,0,0,0,158748700.41673887,0,0,0,0,0,104658422.45798616,0,0,15970354.960618125,0,0,13094599.99955751,110824018.46731871,0,78279906.41653037,0,0,0,0,47092050.53606948,0,0,0,0,0,0,0,0,0,0,0,0,0,0,0,0,0,0,0,0,0,0,0,0
1724976000,30-08-2024,365497094.99510896,349118376.2152396,0,0,0,0,77634486.11694194,0,0,0,28307268.617441718,0,0,0,0,0,0,0,0,0,0,0,0,146275960.60582247,0,0,18533567.672618,0,0,126804709.38278139,0,0,0,0,0,11074822.849900777,103030277.04121284,0,81732200.50367185,0,0,0,0,38303926.96406788,0,0,0,0,0,0,0,0,0,0,0,0,0,0,0,0,0,0,0,0,0,0,0,0
1725062400,31-08-2024,237193337.62207136,142916374.1531062,0,0,0,0,30524162.75901131,0,0,0,19980722.48047354,0,0,0,0,0,0,0,0,0,0,0,0,66854549.71165045,0,0,11025081.572337855,0,0,21037198.501459293,0,0,11136630.355913147,0,0,0,43737695.21282264,0,40617248.262653485,0,0,0,0,34386986.3760293,0,0,0,0,0,0,0,0,0,0,0,0,0,0,0,0,0,0,0,0,0,0,0,0
1725148800,01-09-2024,221186628.56252518,288302580.20632744,0,0,0,0,62899137.28635799,0,0,0,21217511.08901283,0,0,0,0,0,0,0,0,0,0,0,0,125554053.18667735,0,0,13901801.970878962,0,0,102577147.14653593,0,0,0,0,0,10282456.315224431,83687235.77911843,0,84437921.35518399,0,0,0,0,37194733.45376318,0,0,0,0,0,0,0,0,0,0,0,0,0,0,0,0,0,0,0,0,0,0,0,0
1725235200,02-09-2024,259266245.8394517,286140401.70067775,0,0,0,0,76755527.7478147,0,0,0,22695925.516233638,0,0,0,0,0,0,0,0,0,0,0,0,115134442.75768916,0,0,14278869.983212719,0,0,84782216.57739286,0,0,0,0,0,14866737.416009106,98019494.3287162,0,94294280.97248602,0,0,0,0,41792035.2067955,0,0,0,0,0,0,0,0,0,0,0,0,0,0,0,0,0,0,0,0,0,0,0,0
1725321600,03-09-2024,326411900.03171974,285080745.82411355,0,0,0,0,67065844.279785626,0,0,0,28824365.913710356,0,0,0,0,0,0,0,0,0,0,0,0,105062002.8358217,0,0,16798106.92404095,0,0,93029229.38824153,0,0,0,0,0,14416616.772780793,85558393.3639081,0,94711943.78622197,0,0,0,0,46119199.42403474,0,0,0,0,0,0,0,0,0,0,0,0,0,0,0,0,0,0,0,0,0,0,0,0
1725408000,04-09-2024,289899117.4757125,383245368.2841211,0,0,0,0,102846338.1944121,0,0,0,37260907.73058985,0,0,0,0,0,0,0,0,0,0,0,0,129367118.9304659,0,0,15528086.186842341,0,0,126099852.64474636,0,0,0,0,0,0,96976925.0527354,0,104439765.99594675,15730560.970690709,0,0,0,42009427.004627325,0,0,0,0,0,0,0,0,0,0,0,0,0,0,0,0,0,0,0,0,0,0,0,0
1725494400,05-09-2024,293502959.52715635,326799851.74622,0,0,0,0,76069519.15822841,0,0,0,25502099.774465743,0,0,0,0,0,0,0,0,0,0,0,0,141932690.991704,0,0,0,0,0,121864696.60280915,0,0,0,0,0,10756806.424501983,88763003.53778447,0,78817008.11818375,0,11634647.001128621,0,0,41581865.226444036,0,0,0,0,0,0,0,0,0,0,0,0,0,0,0,0,0,0,0,0,0,0,0,0
1725580800,06-09-2024,289294474.0442,488606657.3146408,0,0,0,0,109989732.15743387,0,0,0,41145487.90424006,0,0,0,0,0,0,0,0,0,0,0,0,206905164.8965833,0,0,13454095.855048157,0,0,249792044.5032993,0,0,20047680.422371462,0,0,0,116262907.12367386,0,126741970.57663962,0,0,0,0,33817154.11092655,0,0,0,0,0,0,0,0,0,0,0,0,0,0,0,0,0,0,0,0,0,0,0,0
1725667200,07-09-2024,249480119.2471023,181882983.72126603,0,0,0,0,48001624.66440281,0,0,0,17870250.618147936,0,0,0,0,0,0,0,0,0,0,0,0,91015625.45649636,0,0,6835872.24514825,0,0,61815889.3690511,0,0,0,0,0,0,54055320.70700671,0,63196591.39426353,0,7871011.592844549,0,0,26237649.60724344,0,0,0,0,0,0,0,0,0,0,0,0,0,0,0,0,0,0,0,0,0,0,0,0
1725753600,08-09-2024,221939618.14297736,205463043.2381378,0,0,0,0,41363310.79220348,0,0,0,26306490.390127312,0,0,0,0,0,0,0,0,0,0,0,0,102341221.26680133,0,0,19630390.836694803,0,0,52306127.85375464,0,0,0,0,0,9268134.855750734,64982568.8375473,0,57315866.54106364,0,0,0,0,27867056.77731084,0,0,0,0,0,0,0,0,0,0,0,0,0,0,0,0,0,0,0,0,0,0,0,0
1725840000,09-09-2024,297732475.09901786,339630912.60776085,0,0,0,0,67932133.6425399,0,0,0,28176081.28400829,0,0,0,0,0,0,0,0,0,0,0,0,160458361.06624287,0,0,12504788.284030186,0,0,115319941.78737251,0,0,0,0,0,18769310.864122555,106160008.20652236,0,62838083.82827554,0,0,0,0,38905884.16057724,0,0,0,0,0,0,0,0,0,0,0,0,0,0,0,0,0,0,0,0,0,0,0,0
1725926400,10-09-2024,299390364.7347485,274190106.11022824,0,0,0,0,57491092.72254335,0,0,0,41186399.90214198,0,0,0,0,0,0,0,0,0,0,0,0,127705103.66575374,0,0,11261577.164929686,0,0,74510688.73844528,0,0,0,0,0,11593498.38026508,90421807.04566061,0,57302267.56770729,0,0,0,0,39763710.82753463,0,0,0,0,0,0,0,0,0,0,0,0,0,0,0,0,0,0,0,0,0,0,0,0
1726012800,11-09-2024,324342229.63945,339459532.39691013,0,0,0,0,70561590.24209474,0,0,0,25264304.110926386,0,0,0,0,0,0,0,0,0,0,0,0,138109788.00667962,0,0,10906945.67137431,0,0,132804263.98908539,0,0,0,0,0,14762512.366474634,108958734.22054908,0,76080323.32888757,0,0,0,0,39689378.76230464,0,0,0,0,0,0,0,0,0,0,0,0,0,0,0,0,0,0,0,0,0,0,0,0
1726099200,12-09-2024,311713876.2250329,285392687.10028815,0,0,0,0,53138861.75515775,0,0,0,43364462.12978767,0,0,0,0,0,0,0,0,0,0,0,0,134383960.06847304,0,0,19235008.637541864,0,0,99625348.93179263,0,0,0,0,0,0,100752569.82860401,13772540.88227671,56319230.191465415,0,0,0,0,38382409.1199683,0,0,0,0,0,0,0,0,0,0,0,0,0,0,0,0,0,0,0,0,0,0,0,0
1726185600,13-09-2024,282032358.41588426,312558582.10413545,0,0,0,0,69980944.64504851,0,0,0,45477181.57367069,0,0,0,0,0,0,0,0,0,0,0,0,137281594.9273204,0,0,38325304.40234838,0,0,99941135.13660695,0,0,0,0,0,0,95887185.73844543,36840925.31478364,55626822.54636232,0,0,0,0,30627004.732526153,0,0,0,0,0,0,0,0,0,0,0,0,0,0,0,0,0,0,0,0,0,0,0,0
1726272000,14-09-2024,288080186.5746799,158333038.32057494,0,0,0,0,42587652.89408713,0,0,0,36630485.136085525,0,0,0,0,0,0,0,0,0,0,0,0,76557601.07883719,0,0,14661756.342532493,0,0,45278262.96304171,0,0,0,0,0,0,51617065.34893052,29470945.552942667,45446822.04376361,0,0,0,0,27924066.321905345,0,0,0,0,0,0,0,0,0,0,0,0,0,0,0,0,0,0,0,0,0,0,0,0
1726358400,15-09-2024,276230006.474147,181468396.73179898,0,0,0,0,47765152.736656986,0,0,0,23385393.489186686,0,0,0,0,0,0,0,0,0,0,0,0,81306887.62366867,0,0,29430589.855503067,0,0,49649635.79206066,0,0,0,0,0,9098024.5862473,59967279.34526046,0,45197848.518596,0,0,0,0,28456210.86712816,0,0,0,0,0,0,0,0,0,0,0,0,0,0,0,0,0,0,0,0,0,0,0,0
1726444800,16-09-2024,316139139.61598986,239277704.99968633,0,0,0,0,57419128.39222353,0,0,0,16248507.973932225,0,0,0,0,0,0,0,0,0,0,0,0,92771400.0342477,0,0,18516913.199681353,0,0,70888243.82394059,0,0,0,0,0,8563978.175634403,73925044.47749189,0,61176792.27480356,0,0,0,0,29770521.78957636,0,0,0,0,0,0,0,0,0,0,0,0,0,0,0,0,0,0,0,0,0,0,0,0
1726531200,17-09-2024,307047233.8354576,255519356.9896741,0,0,0,0,55253517.347859934,0,0,0,24305783.894814324,0,0,0,0,0,0,0,0,0,0,0,0,112671642.15412803,0,0,29426939.932096485,0,0,89239212.46838237,0,0,0,0,0,9545262.380039245,100989953.46305448,0,60385704.92717675,0,0,0,0,36513590.053007804,0,0,0,0,0,0,0,0,0,0,0,0,0,0,0,0,0,0,0,0,0,0,0,0
1726617600,18-09-2024,329222731.40347934,378503979.7659364,0,0,0,0,69476285.84457946,0,0,0,26720400.653619386,0,0,0,0,0,0,0,0,0,0,0,0,138453132.38953137,0,0,15555482.116787303,0,0,110008824.27511303,0,0,0,0,0,18741145.24906782,118661420.55397156,0,68870744.32935937,0,0,0,0,37695828.999175295,0,0,0,0,0,0,0,0,0,0,0,0,0,0,0,0,0,0,0,0,0,0,0,0
1726704000,19-09-2024,442724043.49404097,376719574.9992559,0,0,0,0,85663164.34624559,0,0,0,50307681.17471402,0,0,0,0,0,0,0,0,0,0,0,0,161808898.918093,0,0,0,0,0,175593140.622044,0,0,19755738.35883612,0,0,19212437.326102555,124980576.74433613,0,94762583.34240453,0,0,0,0,44165119.17515779,0,0,0,0,0,0,0,0,0,0,0,0,0,0,0,0,0,0,0,0,0,0,0,0
1726790400,20-09-2024,438326400.27609,421856006.43255186,0,0,0,0,87926166.62834412,0,0,0,42472974.00636303,0,0,0,0,0,0,0,0,0,0,0,0,156696449.630315,0,0,0,0,0,148673948.94317994,0,0,0,0,0,22142854.917141106,131364015.47826988,31979186.25119302,95434041.13972406,0,0,0,0,40602887.309289455,0,0,0,0,0,0,0,0,0,0,0,0,0,0,0,0,0,0,0,0,0,0,0,0
1726876800,21-09-2024,358102349.8450131,208145483.35661823,0,0,0,0,39272498.5622552,0,0,0,34641310.47894212,0,0,0,0,0,0,0,0,0,0,0,0,114314145.13887657,0,0,11577219.86722919,0,0,56609267.959450096,0,0,0,0,0,14522716.735001525,71177005.08527212,0,58514493.50849163,0,0,0,0,35753789.86665488,0,0,0,0,0,0,0,0,0,0,0,0,0,0,0,0,0,0,0,0,0,0,0,0
1726963200,22-09-2024,365939978.91003615,211319973.1450568,0,0,0,0,48259251.81659692,0,0,0,16172047.111189552,0,0,0,0,0,0,0,0,0,0,0,0,101024919.98509443,0,0,11287034.905623067,0,0,62623497.46383915,0,0,0,0,0,14958559.823138833,86398222.4320604,0,52851999.58391441,0,0,0,0,42307503.92933876,0,0,0,0,0,0,0,0,0,0,0,0,0,0,0,0,0,0,0,0,0,0,0,0
1727049600,23-09-2024,432428652.7008987,378503213.33401585,0,0,0,0,87124424.66273403,0,0,0,44546714.127590485,0,0,0,0,0,0,0,0,0,0,0,0,153793298.1919048,0,0,22519094.828286402,0,0,106664891.05023025,0,0,0,0,0,26377435.93082843,136556468.43134612,0,84149049.11521685,0,0,0,0,50275548.36620733,0,0,0,0,0,0,0,0,0,0,0,0,0,0,0,0,0,0,0,0,0,0,0,0
1727136000,24-09-2024,514641437.9772669,470261249.856449,0,0,0,0,96212060.97746913,0,0,0,37761504.3452716,0,0,0,0,0,0,0,0,0,0,0,0,193676675.10798627,0,0,16205830.999048216,0,0,151252274.50911832,0,0,0,0,0,26023906.61604829,151502121.88841888,0,80478701.81636633,0,0,0,0,57113344.43322033,0,0,0,0,0,0,0,0,0,0,0,0,0,0,0,0,0,0,0,0,0,0,0,0
1727222400,25-09-2024,568771014.3631394,337427425.32378244,0,0,0,0,73368687.09108756,0,0,0,60100444.65796593,0,0,0,0,0,0,0,54257705.71351179,0,0,0,0,155084278.08466223,0,0,0,0,0,117273913.05735071,0,0,0,0,0,0,132658909.23918417,0,83693449.19536674,0,34704983.043086864,0,0,64491706.54329018,0,0,0,0,0,0,0,0,0,0,0,0,0,0,0,0,0,0,0,0,0,0,0,0
1727308800,26-09-2024,737997374.1855919,439204267.2868358,0,0,0,0,107920239.00940003,0,0,0,59730348.24283011,0,0,0,0,0,0,0,0,0,0,0,0,191577922.60518587,0,0,21154442.088359546,0,0,130548188.48824777,0,0,0,0,0,30522951.240308303,157115634.6887171,0,79761114.05088262,0,0,0,0,86935112.56174062,0,0,0,0,0,0,0,0,0,0,0,0,0,0,0,0,0,0,0,0,0,0,0,0
1727395200,27-09-2024,994956081.9309906,430999604.29547477,0,0,0,0,117115146.72895621,0,0,0,54235826.034405306,0,0,0,0,0,0,0,0,0,0,0,0,193229070.2148696,0,0,0,0,0,147167435.8636248,0,0,0,0,0,37583098.41920043,189300659.9576065,0,88686985.50495242,0,37607083.61603862,0,0,107637362.66721348,0,0,0,0,0,0,0,0,0,0,0,0,0,0,0,0,0,0,0,0,0,0,0,0
1727481600,28-09-2024,862828555.2076788,273108675.9024183,0,0,0,0,57911047.20193298,0,0,0,37220547.487107545,0,0,0,0,0,0,0,0,0,0,0,0,185029226.84787825,0,0,0,0,0,77284877.73079704,0,0,0,0,0,49803021.29575219,129326013.05216375,0,65884818.88523402,0,260795285.49949545,0,0,106400423.69301929,0,0,0,0,0,0,0,0,0,0,0,0,0,0,0,0,0,0,0,0,0,0,0,0
1727568000,29-09-2024,946475805.2774186,355580016.3344338,0,0,0,0,69238408.05122426,0,0,0,26016287.790439803,0,0,0,0,0,0,0,0,0,0,0,0,181726547.43395054,0,0,0,0,0,99203271.35339005,0,0,0,0,0,55376273.65087786,142052594.41955158,0,86018637.91503896,0,351466943.2054713,0,0,108602953.733697,0,0,0,0,0,0,0,0,0,0,0,0,0,0,0,0,0,0,0,0,0,0,0,0
1727654400,30-09-2024,799427415.7245566,495790343.14142275,0,0,0,0,95910115.23624364,0,0,0,54879686.98773409,0,0,0,0,0,0,0,0,0,0,0,0,197135097.63657594,0,0,0,0,0,141337111.55504942,0,0,0,0,0,22511212.68749498,153978671.102952,0,112282662.54099591,0,416301604.4646988,0,0,111004372.25689332,0,0,0,0,0,0,0,0,0,0,0,0,0,0,0,0,0,0,0,0,0,0,0,0
1727740800,01-10-2024,843343192.4911916,654883678.5829798,0,0,0,0,175307223.51607606,0,0,0,58349146.95811697,0,0,0,0,0,0,0,0,0,0,0,0,341560250.18821627,0,0,0,0,0,234945948.95437118,0,0,0,0,0,35899765.38233623,199705032.9475586,0,155966837.66895515,0,438699428.3925155,0,0,92171592.72214717,0,0,0,0,0,0,0,0,0,0,0,0,0,0,0,0,0,0,0,0,0,0,0,0
1727827200,02-10-2024,991043240.8836783,514094297.23322546,0,0,0,0,144371845.5338311,0,0,0,50529713.30642213,0,0,0,0,0,0,0,0,0,0,0,0,331991655.47407347,0,0,0,0,0,156683614.48920488,0,0,0,0,0,685423991.049553,169767879.38782635,0,111970280.93183228,0,1846965066.1558669,0,0,97889129.42348298,0,0,0,0,0,0,0,0,0,0,0,0,0,0,0,0,0,0,0,0,0,0,0,0
1727913600,03-10-2024,735667037.1818585,489270518.64422446,0,0,0,0,145771828.2055875,0,0,0,57353219.66440881,0,0,0,0,0,0,0,0,0,0,0,0,244653004.00868762,0,0,0,0,0,145477198.91513914,0,0,0,0,0,3049365443.9250355,150549181.84736985,0,107753922.92075525,0,714562402.0464383,0,0,97699364.152932,0,0,0,0,0,0,0,0,0,0,0,0,0,0,0,0,0,0,0,0,0,0,0,0
1728000000,04-10-2024,801003259.6509167,388180350.738248,0,0,0,0,110560144.13159782,0,0,0,52542685.96514624,0,0,0,0,0,0,0,0,0,0,0,0,178205244.07025197,0,0,0,0,0,136278771.81225762,0,0,0,0,0,1100495192.1597204,135831124.76616788,0,88574301.17860585,0,175015111.69175288,0,0,93694880.83985375,0,0,0,0,0,0,0,0,0,0,0,0,0,0,0,0,0,0,0,0,0,0,0,0
1728086400,05-10-2024,844214143.3144602,226279307.06014654,0,0,0,0,59025964.1517101,0,0,0,47702390.68512163,0,0,0,0,0,0,0,0,0,0,0,0,115243396.74322616,0,0,0,0,0,67939220.83441985,0,0,0,0,0,1145947344.210299,87354759.72969411,0,71363776.27220523,0,54412305.6856206,0,0,98295987.3123737,0,0,0,0,0,0,0,0,0,0,0,0,0,0,0,0,0,0,0,0,0,0,0,0
1728172800,06-10-2024,841243052.03392,242865866.67860144,0,0,0,0,66038599.41036874,0,0,0,41852268.71415513,0,0,0,0,0,0,0,0,0,0,0,0,119826371.4197429,0,0,0,0,0,87373521.63902289,0,0,0,0,0,897085652.8563894,84938282.80379647,0,71590429.3947716,0,189487351.99934065,0,0,91584849.36484422,0,0,0,0,0,0,0,0,0,0,0,0,0,0,0,0,0,0,0,0,0,0,0,0
1728259200,07-10-2024,985312936.4589777,488440598.6459363,0,0,0,0,133129832.23997772,0,0,0,84373580.16627619,0,0,0,0,0,0,0,0,0,0,0,0,200970295.6282224,0,0,0,0,0,180289595.0884566,0,0,0,0,0,920293628.3565897,157556461.98990607,0,131850514.98160358,0,701145325.2836396,0,0,99075514.00901623,0,0,0,0,0,0,0,0,0,0,0,0,0,0,0,0,0,0,0,0,0,0,0,0
1728345600,08-10-2024,934914593.890743,340674510.1977093,0,0,0,0,107755827.29396342,0,0,0,37878732.59188989,0,0,0,0,0,0,0,0,0,0,0,0,154951005.79358143,0,0,0,0,0,122984047.7030996,0,0,0,0,0,1358317275.6479266,128007841.41580895,0,113014336.22888997,0,3083449659.6572523,0,0,81830200.45200612,0,0,0,0,0,0,0,0,0,0,0,0,0,0,0,0,0,0,0,0,0,0,0,0
1728432000,09-10-2024,1066892388.1628269,357382165.9100494,0,0,0,0,110464623.08767475,0,0,0,90269018.22531466,0,0,0,0,0,0,0,0,0,0,0,0,175579494.54879117,0,0,0,0,0,121822850.04081506,0,0,0,0,0,1600638328.2506618,135836019.81162456,0,90068691.65747474,0,1817204273.2050161,0,0,88444541.2979329,0,0,0,0,0,0,0,0,0,0,0,0,0,0,0,0,0,0,0,0,0,0,0,0
1728518400,10-10-2024,921065760.2574452,354004050.21149325,0,0,0,0,103927073.55207872,0,0,0,60031719.92518277,0,0,0,0,0,0,0,0,0,0,0,0,169330543.6333997,0,0,0,0,0,120339176.82738502,0,0,0,0,0,882879581.9676579,125249871.80110277,0,81737748.75098571,0,380908019.23069644,0,0,84843608.07806818,0,0,0,0,0,0,0,0,0,0,0,0,0,0,0,0,0,0,0,0,0,0,0,0
1728604800,11-10-2024,1015909201.3200613,338438903.3200032,0,0,0,0,92102068.37748459,0,0,0,58557500.43074171,0,0,0,0,0,0,0,0,0,0,0,0,174662158.9962737,0,0,0,0,0,136944686.609952,0,0,0,0,0,633471793.8725024,184150094.79412675,0,84204498.33840194,0,1021356453.9718237,0,0,92045142.52736926,0,0,0,0,0,0,0,0,0,0,0,0,0,0,0,0,0,0,0,0,0,0,0,0
1728691200,12-10-2024,1092552971.0549498,256700034.45148906,0,0,0,0,71799269.75969836,0,0,0,59908625.09071542,0,0,0,0,0,0,0,0,0,0,0,0,161371613.98306227,0,0,0,0,0,104522309.73050207,0,0,0,0,0,950811879.3662033,129568119.97996634,0,81291727.87060864,0,1009518347.1893184,0,0,97074298.6545466,0,0,0,0,0,0,0,0,0,0,0,0,0,0,0,0,0,0,0,0,0,0,0,0
1728777600,13-10-2024,1244019532.9549358,302217022.4293785,0,0,0,0,81325576.7073461,0,0,0,59319270.87325098,0,0,0,0,0,0,0,0,0,0,0,0,200342191.12917262,0,0,0,0,0,109063890.28786257,0,0,0,0,0,679135507.600363,136983105.34027234,0,84977070.64170673,0,731582486.7051101,0,0,112566426.36276078,0,0,0,0,0,0,0,0,0,0,0,0,0,0,0,0,0,0,0,0,0,0,0,0
1728864000,14-10-2024,1531237025.949237,453294790.60299397,0,0,0,0,158135243.004998,0,0,0,94750834.78532602,0,0,0,0,0,0,0,0,0,0,0,0,267000352.39624637,0,0,0,0,0,184387166.921434,0,0,0,0,0,405571346.8213063,190995449.1450786,0,97784648.08828269,0,566051428.8868804,0,0,151288021.66835985,0,0,0,0,0,0,0,0,0,0,0,0,0,0,0,0,0,0,0,0,0,0,0,0
1728950400,15-10-2024,1378399980.184916,597254468.3073335,0,0,0,0,227813132.56080332,0,0,0,75731293.94839253,0,0,0,0,0,0,0,0,0,0,0,0,369009808.59632874,0,0,0,0,0,179081915.91737416,0,0,0,0,0,624051079.1538879,229348078.5828246,0,131044313.56392083,0,657570094.4070264,0,0,142646540.9711711,0,0,0,0,0,0,0,0,0,0,0,0,0,0,0,0,0,0,0,0,0,0,0,0
1729036800,16-10-2024,1589418314.6130195,508678177.22105914,0,0,0,0,199786577.97936726,0,0,0,124605754.93748708,0,0,0,0,0,0,0,0,0,0,0,0,309269629.73208976,0,0,0,0,0,144509641.72088766,0,0,0,0,0,746067827.5898685,239280195.0247506,0,108024103.82272424,0,1159902111.233953,0,0,158935140.10168988,0,0,0,0,0,0,0,0,0,0,0,0,0,0,0,0,0,0,0,0,0,0,0,0
1729123200,17-10-2024,1492483143.0113697,474075991.14865947,0,0,0,0,170084837.47242445,0,0,0,87449951.94920716,0,0,0,0,0,0,0,0,0,0,0,0,239075391.87256226,0,0,0,0,0,133650154.44595759,0,0,0,0,0,656739864.3066628,169539358.52671105,0,100430034.3811802,0,847030837.184136,0,0,146953336.48896623,0,0,0,0,0,0,0,0,0,0,0,0,0,0,0,0,0,0,0,0,0,0,0,0
1729209600,18-10-2024,1563783391.4746428,373606230.55571914,0,0,0,0,176532400.9722884,0,0,0,120008151.69843377,0,0,0,0,0,0,0,0,0,0,0,0,205691650.9138892,0,0,0,0,0,87039985.47733968,0,0,0,0,0,690284227.087855,156641833.38090643,0,82163226.70732945,0,811052347.8652542,0,0,159188251.69186756,0,0,0,0,0,0,0,0,0,0,0,0,0,0,0,0,0,0,0,0,0,0,0,0
1729296000,19-10-2024,2101303071.3667412,313822310.09207886,0,0,0,0,130318910.32025914,0,0,0,63729813.80502149,0,0,0,0,0,0,0,0,0,0,0,0,203151273.500009,0,0,0,0,0,69125749.85915466,0,0,0,0,0,668346563.0824531,170529673.04495376,0,70168286.29237093,0,645185412.4212816,0,0,194407599.15569997,0,0,0,0,0,0,0,0,0,0,0,0,0,0,0,0,0,0,0,0,0,0,0,0
1729382400,20-10-2024,1584330692.5190833,457295322.7450326,0,0,0,0,232081250.91220394,0,0,0,68450868.11063376,0,0,0,0,0,0,0,0,0,0,0,0,230931453.8294441,0,0,0,0,0,102229021.6559093,0,0,0,0,0,857194332.6487914,188380654.70607734,0,86072346.92239982,0,841604403.9547791,0,0,162725302.08673725,0,0,0,0,0,0,0,0,0,0,0,0,0,0,0,0,0,0,0,0,0,0,0,0
1729468800,21-10-2024,1976742235.1651065,739186366.973099,0,0,0,0,335045756.132687,0,0,0,183260931.02192724,0,0,0,0,0,0,0,0,0,0,0,0,402272573.17759395,0,0,0,0,0,169536727.0868827,0,0,0,0,0,660758919.5877637,242387094.67797545,0,116512332.50333904,0,927745147.0652547,0,0,193272576.0043435,0,0,0,0,0,0,0,0,0,0,0,0,0,0,0,0,0,0,0,0,0,0,0,0
1729555200,22-10-2024,1990583031.8716373,604269829.2224194,0,0,0,0,325745816.8766358,0,0,0,108758279.32305092,0,0,0,0,0,0,0,0,0,0,0,0,341354269.7845342,0,0,0,0,0,136400284.00023168,0,0,0,0,0,988214242.2933332,237740742.43477365,0,82677641.66312249,0,1205129552.1355457,0,0,208892721.8090294,0,0,0,0,0,0,0,0,0,0,0,0,0,0,0,0,0,0,0,0,0,0,0,0
1729641600,23-10-2024,2188700336.2127666,750675045.6978835,0,0,0,0,360227869.01638395,0,0,0,192067400.5095748,0,0,0,0,0,0,0,0,0,0,0,0,479113035.80294806,0,0,0,0,0,172720231.7917122,0,0,0,0,0,850971634.2797047,289745386.6713638,0,103130899.43598595,0,1342003838.52341,0,0,211892192.48247743,0,0,0,0,0,0,0,0,0,0,0,0,0,0,0,0,0,0,0,0,0,0,0,0
1729728000,24-10-2024,2527495768.068637,720287639.736563,0,0,0,0,300538535.7674809,0,0,0,142639696.64651927,0,0,0,0,0,0,0,0,0,0,0,0,499379613.81658363,0,0,0,0,0,161736272.7686068,0,0,0,0,0,867910259.0576881,264132370.96192512,0,103388807.89105846,0,872684223.5517263,0,0,224518790.3227215,0,0,0,0,0,0,0,0,0,0,0,0,0,0,0,0,0,0,0,0,0,0,0,0
1729814400,25-10-2024,2026953243.7386804,946704463.3818957,0,0,0,0,381195108.8958226,0,0,0,184521349.96994194,0,0,0,0,0,0,0,0,0,0,0,0,619880624.989094,0,0,0,0,0,239689481.82912004,0,0,0,0,0,986556623.7973773,305854685.2988164,0,111358579.42971198,0,1339891032.792427,0,0,185235090.59492216,0,0,0,0,0,0,0,0,0,0,0,0,0,0,0,0,0,0,0,0,0,0,0,0
1729900800,26-10-2024,1650577410.8191543,548186444.1517999,0,0,0,0,249200891.3031185,0,0,0,97945561.95498553,0,0,0,0,0,0,0,0,0,0,0,0,383580679.34347034,0,0,0,0,0,166065471.60658967,0,0,0,0,0,835349780.9545054,225712236.34440657,0,97057877.15240596,0,816993513.7120479,0,0,144597993.49419045,0,0,0,0,0,0,0,0,0,0,0,0,0,0,0,0,0,0,0,0,0,0,0,0
1729987200,27-10-2024,1845000812.4224963,438441447.1858663,0,0,0,0,178194923.249319,0,0,0,97290204.54948163,0,0,0,0,0,0,0,0,0,0,0,0,383371022.5817477,0,0,0,0,0,138409345.33746994,0,0,0,0,0,666592831.9931474,185790294.2963216,0,111085170.5037655,0,905306579.1818115,0,0,170651921.53046077,0,0,0,0,0,0,0,0,0,0,0,0,0,0,0,0,0,0,0,0,0,0,0,0
1730073600,28-10-2024,1790945009.0228078,622399346.7992443,0,0,0,0,242806794.20786184,0,0,0,84906128.89774089,0,0,0,0,0,0,0,0,0,0,0,0,444466753.55639434,0,0,0,0,0,178831027.88878497,0,0,0,0,0,653812312.8771672,228196041.0361852,0,128486520.74902518,0,954607321.9151893,0,0,190641722.68801972,0,0,0,0,0,0,0,0,0,0,0,0,0,0,0,0,0,0,0,0,0,0,0,0
1730160000,29-10-2024,1900751165.1223555,656595900.0149008,0,0,0,0,305034060.9316,0,0,0,123652953.45381552,0,0,0,0,0,0,0,0,0,0,0,0,453478842.5115324,0,0,0,0,0,172969198.03851992,0,0,0,0,0,479185075.9235226,253076611.75275883,0,108641755.01677693,0,1146555471.2631524,0,0,234584095.36931917,0,0,0,0,0,0,0,0,0,0,0,0,0,0,0,0,0,0,0,0,0,0,0,0
1730246400,30-10-2024,1627983220.2063193,524002146.6027997,0,0,0,0,196262119.3106999,0,0,0,108328043.98354357,0,0,0,0,0,0,0,0,0,0,0,0,366048556.40360624,0,0,0,0,0,129333861.24692227,0,0,0,0,0,36994604.715513214,186870328.49968576,0,88382206.79242417,0,0,0,0,206383776.805026,52937356.39004411,0,0,0,0,0,0,0,0,0,0,0,0,0,0,0,0,0,0,0,0,0,0,0
1730332800,31-10-2024,1566989359.8623922,485564381.4462839,0,0,0,0,214602841.4949886,0,0,0,70761932.5191451,0,0,0,0,0,0,0,0,0,0,0,0,345782555.00950503,0,0,0,0,0,123629925.82388127,0,0,0,0,0,42037569.05280194,169535941.12734863,0,84444272.39056715,0,0,0,0,181824992.71688688,61567025.85063979,0,0,0,0,0,0,0,0,0,0,0,0,0,0,0,0,0,0,0,0,0,0,0
1730419200,01-11-2024,1877602070.042861,570938217.7454352,0,0,0,0,267064339.16486463,0,0,0,95681834.26304813,0,0,0,0,0,0,0,0,0,0,0,0,364921967.1542549,0,0,0,0,0,129655398.87689453,0,0,0,0,0,31028294.117600095,172542075.26988348,0,74513022.82110757,0,0,0,0,158030077.20896554,50427537.7858762,0,0,0,0,0,0,0,0,0,0,0,0,0,0,0,0,0,0,0,0,0,0,0
1730505600,02-11-2024,1649737556.2010558,362813867.07134193,0,0,0,0,106348207.47589576,0,0,0,79755995.929695,0,0,0,0,0,0,0,0,0,0,0,0,245729853.74427995,0,0,0,0,0,100311541.19039932,0,0,0,0,0,34156294.13416861,107681397.18294165,0,56949506.50615086,0,0,0,0,141434348.62180576,48798115.496192895,0,0,0,0,0,0,0,0,0,0,0,0,0,0,0,0,0,0,0,0,0,0,0
1730592000,03-11-2024,1777489663.359965,523691450.81532586,0,0,0,0,202731492.35833395,0,0,0,77979044.79160887,0,0,0,0,0,0,0,0,0,0,0,0,306866560.5492296,0,0,0,0,0,160672799.8754182,0,0,0,0,0,33316862.259376276,146623268.32552138,0,71380130.07523796,0,0,0,0,150412613.28884634,37237217.98031306,0,0,0,0,0,0,0,0,0,0,0,0,0,0,0,0,0,0,0,0,0,0,0
1730678400,04-11-2024,1523896542.2833023,519729968.5932356,0,0,0,0,120444698.67720594,0,0,0,111766193.21642634,0,0,0,0,0,0,0,0,0,0,0,0,302388054.15774965,0,0,0,0,0,118453377.26885268,0,0,38665276.536322355,0,0,0,145101220.08804002,0,62700327.35086909,0,0,0,0,170051110.6886549,29904321.795794167,0,0,0,0,0,0,0,0,0,0,0,0,0,0,0,0,0,0,0,0,0,0,0
1730764800,05-11-2024,1659381290.6109955,507400487.1582227,0,0,0,0,100509242.33011241,0,0,0,79542691.50448367,0,0,0,0,0,0,0,0,0,0,0,0,288980899.21544105,0,0,0,0,0,120625221.63409932,0,0,0,0,0,30873191.38232517,142602064.1071203,0,56297195.913933985,0,0,0,0,170776046.1610585,33294145.415750332,0,0,0,0,0,0,0,0,0,0,0,0,0,0,0,0,0,0,0,0,0,0,0
1730851200,06-11-2024,2081182804.923081,1199421880.4616752,0,0,0,0,245271261.97423133,0,0,0,151305844.55277097,0,0,0,0,0,0,0,0,0,0,0,0,651357277.8624921,0,0,0,0,0,298988202.16504896,0,0,0,0,0,66490203.46130719,323117915.0551148,0,116966471.43189573,0,0,0,0,238190069.05628115,76767262.072225,0,0,0,0,0,0,0,0,0,0,0,0,0,0,0,0,0,0,0,0,0,0,0
1730937600,07-11-2024,2174765522.8796806,643068398.8854898,0,0,0,0,172164963.1532622,0,0,0,82874105.404521,0,0,0,0,0,0,0,0,0,0,0,0,445726887.80912864,0,0,0,0,0,144867670.9547887,0,0,0,0,0,39293783.97077545,225803207.5155474,0,58159479.94446087,0,0,0,0,235633181.33495322,43403174.4811371,0,0,0,0,0,0,0,0,0,0,0,0,0,0,0,0,0,0,0,0,0,0,0
1731024000,08-11-2024,2147861274.7143316,704464231.2537266,0,0,0,0,150981796.9629828,0,0,0,126774591.51850948,0,0,0,0,0,0,0,0,0,0,0,0,439213879.8337458,0,0,0,0,0,158505042.55241856,0,0,0,0,0,46595550.956565104,243620904.13440382,0,72993418.88776724,0,0,0,0,239658068.91500694,44296441.50016226,0,0,0,0,0,0,0,0,0,0,0,0,0,0,0,0,0,0,0,0,0,0,0
1731110400,09-11-2024,1689404944.9007537,498933237.9425657,0,0,0,0,89588749.96360287,0,0,0,105347499.99337067,0,0,0,0,0,0,0,0,0,0,0,0,366585010.2289406,0,0,0,0,0,132790543.94739802,0,0,0,0,0,36462294.64746098,198448857.97694972,0,86654602.44352593,0,0,0,0,187224899.69809243,43359967.43209924,0,0,0,0,0,0,0,0,0,0,0,0,0,0,0,0,0,0,0,0,0,0,0
1731196800,10-11-2024,2287160044.930004,922369857.9215091,0,0,0,0,243666090.55899197,0,0,0,91989348.32594338,0,0,0,0,0,0,0,0,0,0,0,0,560140826.3121572,0,0,0,0,0,211082399.73273104,0,0,0,0,0,34711450.762385555,291992611.38538796,0,267454198.0674209,0,0,0,0,226735161.23210216,62255093.524730384,0,0,0,0,0,0,0,0,0,0,0,0,0,0,0,0,0,0,0,0,0,0,0
1731283200,11-11-2024,3603463691.863165,1110887034.8464334,0,0,0,0,439988201.0734752,0,0,0,179089149.1784407,0,0,0,0,0,0,0,0,0,0,0,0,946228184.3683637,0,0,0,0,0,308144889.39085644,0,0,0,0,0,78974147.69865638,456740837.81858563,0,353986926.2333049,0,0,0,0,274651170.86987,97219222.59145361,0,0,0,0,0,0,0,0,0,0,0,0,0,0,0,0,0,0,0,0,0,0,0
1731369600,12-11-2024,3358585925.813845,1332690240.705918,0,0,0,0,522684179.5097509,0,0,0,191973341.19018543,0,0,0,0,0,0,0,0,0,0,0,0,980013018.5136553,0,0,0,0,0,364535376.2131804,0,0,0,0,0,77938671.98393269,554259637.3058896,0,419639024.8953555,0,0,0,0,276637138.5054509,96061532.79391728,0,0,0,0,0,0,0,0,0,0,0,0,0,0,0,0,0,0,0,0,0,0,0
1731456000,13-11-2024,4305337708.128329,1701761530.7978933,0,0,0,0,496307938.7579583,0,0,0,202382308.81520942,0,0,0,0,0,0,0,0,0,0,0,0,1189596457.5922124,0,0,0,0,0,407635945.0360963,0,0,0,0,0,82631955.43103859,604091155.7315505,0,506831778.93161,0,0,0,0,286224220.3661479,109360671.3505825,0,0,0,0,0,0,0,0,0,0,0,0,0,0,0,0,0,0,0,0,0,0,0
1731542400,14-11-2024,5177011358.554757,1268066636.7431424,0,0,0,0,422562730.6844775,0,0,0,220789637.11989126,0,0,0,0,0,0,0,0,0,0,0,0,905811866.1324389,0,0,0,0,0,302525780.25267196,0,0,0,0,0,95909198.58880395,543237139.8025784,0,418448730.5690824,0,0,0,0,330812884.6796267,136812778.25533912,0,0,0,0,0,0,0,0,0,0,0,0,0,0,0,0,0,0,0,0,0,0,0
1731628800,15-11-2024,4825714867.448052,1010006665.2837155,0,0,0,0,407333285.2611967,0,0,0,224235536.71433693,0,0,0,0,0,0,0,0,0,0,0,0,832800506.3064775,0,0,0,0,0,248372200.2669614,0,0,0,0,0,78382867.05549748,423100690.91597944,0,306398235.47921383,0,0,0,0,359083255.3608211,127243808.88906181,0,0,0,0,0,0,0,0,0,0,0,0,0,0,0,0,0,0,0,0,0,0,0
1731715200,16-11-2024,4464436838.156434,712791537.2144592,0,0,0,0,283840367.64764756,0,0,0,174338935.4479604,0,0,0,0,0,0,0,0,0,0,0,0,637606846.5775925,0,0,0,0,0,148540385.94823444,0,0,0,0,0,76938804.59184386,307783572.2747424,0,175845695.84661525,0,0,0,0,314965940.7911831,100719010.85653013,0,0,0,0,0,0,0,0,0,0,0,0,0,0,0,0,0,0,0,0,0,0,0
1731801600,17-11-2024,5150644635.162464,1276675087.540031,0,0,0,0,576319934.9201324,0,0,0,253527391.6856256,0,0,0,0,0,0,0,0,0,0,0,0,861651069.1189146,0,0,0,0,0,237421149.4029559,0,0,0,0,0,77041402.20039381,465837667.0134214,0,216606790.43086547,0,0,0,0,413174573.19875467,161891024.01385635,0,0,0,0,0,0,0,0,0,0,0,0,0,0,0,0,0,0,0,0,0,0,0
1731888000,18-11-2024,5402175303.767495,1150339089.2086222,0,0,0,0,540772375.3385437,0,0,0,268040771.2792314,0,0,0,0,0,0,0,0,0,0,0,0,861081330.0867366,0,0,0,0,0,236374130.28701508,0,0,0,0,0,0,483672077.42760336,0,209452583.9366178,0,100390113.27319752,0,0,452019257.49300206,160426587.15904763,0,0,0,0,0,0,0,0,0,0,0,0,0,0,0,0,0,0,0,0,0,0,0
1731974400,19-11-2024,6644329427.339533,1102267357.1746204,0,0,0,0,448411869.69460505,0,0,0,282836308.80569893,0,0,0,0,0,0,0,0,0,0,0,0,926185306.0703204,0,0,0,0,0,210294734.28365147,0,0,0,0,0,0,476452238.941566,0,317203380.3785589,0,149441931.00834963,0,0,430390325.81803805,119631495.0011401,0,0,0,0,0,0,0,0,0,0,0,0,0,0,0,0,0,0,0,0,0,0,0
1732060800,20-11-2024,5869022011.744029,1149610684.477667,0,0,0,0,527759966.6729422,0,0,0,209799887.39303917,0,0,0,0,0,0,0,0,0,0,0,0,942687504.7780522,0,0,0,0,0,239194933.38250023,0,0,0,0,0,96889696.13200149,511239758.78735906,0,334887805.46437275,0,0,0,0,492551471.60132766,112298291.07185768,0,0,0,0,0,0,0,0,0,0,0,0,0,0,0,0,0,0,0,0,0,0,0
1732147200,21-11-2024,5249105018.37007,1350106425.8903806,0,0,0,0,726597811.0869417,0,0,0,216684432.57231662,0,0,0,0,0,0,0,0,0,0,0,0,1075463737.961968,0,0,0,0,0,284733537.55114746,0,0,0,0,0,80127253.53448397,558977482.1832011,0,588265762.5268515,0,0,0,0,442114168.5035617,137428175.1233429,0,0,0,0,0,0,0,0,0,0,0,0,0,0,0,0,0,0,0,0,0,0,0
1732233600,22-11-2024,4974873560.28017,1062575452.8453577,0,0,0,0,625449870.3335238,0,0,0,223804361.28783798,0,0,0,0,0,0,0,0,0,0,0,0,788523246.0350195,0,0,0,0,0,284811077.2145363,0,0,0,0,0,76505571.09602632,440421401.45212007,0,429480081.4097941,0,0,0,0,479487222.92599106,99406889.10888621,0,0,0,0,0,0,0,0,0,0,0,0,0,0,0,0,0,0,0,0,0,0,0
1732320000,23-11-2024,4274821829.549861,11101771897.592846,0,0,0,0,451224865.67047364,0,0,0,179327505.21043897,0,0,0,0,0,0,0,0,0,0,0,0,669610399.2404997,0,0,0,0,0,224533691.90702108,0,0,0,0,0,0,320843568.37268645,0,249712074.52297208,0,63530290.86873975,0,0,411679495.05118877,71389441.80437635,0,0,0,0,0,0,0,0,0,0,0,0,0,0,0,0,0,0,0,0,0,0,0
1732406400,24-11-2024,4209703407.2515345,2830432050.745869,0,0,0,0,449328017.2388419,0,0,0,186642938.850517,0,0,0,0,0,0,0,0,0,0,0,0,670697791.051171,0,0,0,0,0,215372945.10342646,0,0,0,0,0,0,304437906.05482143,0,338341276.30418545,0,76161967.38037841,0,0,373365151.1695157,75979328.33569251,0,0,0,0,0,0,0,0,0,0,0,0,0,0,0,0,0,0,0,0,0,0,0
1732492800,25-11-2024,4298613985.859702,6052614924.0664835,0,0,0,0,609621775.1451207,0,0,0,207145615.98968714,0,0,0,0,0,0,0,0,0,0,0,0,754541681.1429713,0,0,0,0,0,291866759.3231525,0,0,0,0,0,0,373172528.20828813,0,402151008.0878798,0,84549946.40008052,0,0,387873863.2677687,110631275.3421946,0,0,0,0,0,0,0,0,0,0,0,0,0,0,0,0,0,0,0,0,0,0,0
1732579200,26-11-2024,3874755130.84308,1039291073.8865141,0,0,0,0,840044464.6648127,0,0,0,263585862.57400826,0,0,0,0,0,0,0,0,0,0,0,0,656590498.6385092,0,0,0,0,0,295015427.0166526,0,0,0,0,0,0,352381185.83231395,0,397348410.9684486,0,84140212.94334942,0,0,353239125.4335909,144155816.33808935,0,0,0,0,0,0,0,0,0,0,0,0,0,0,0,0,0,0,0,0,0,0,0
1732665600,27-11-2024,4364565957.0566845,1034787891.0798801,0,0,0,0,527129611.8304289,0,0,0,248776466.10009754,0,0,0,0,0,0,0,0,0,0,0,0,596726884.6781615,0,0,0,0,0,223060977.6971363,0,0,0,0,0,0,332756098.4067193,0,333881563.47745675,105144430.5854886,0,0,0,383421068.2356096,102792421.56066602,0,0,0,0,0,0,0,0,0,0,0,0,0,0,0,0,0,0,0,0,0,0,0
1732752000,28-11-2024,4082714243.1565185,686399211.5200255,0,0,0,0,424865855.2098797,0,0,0,260158342.95396674,0,0,0,0,0,0,0,0,0,0,0,0,515761288.01648307,0,0,0,0,0,124565825.6024711,0,0,0,0,0,0,287189169.1517249,0,340789735.3662263,63365486.32960809,0,0,0,352792528.3828204,81050382.33371098,0,0,0,0,0,0,0,0,0,0,0,0,0,0,0,0,0,0,0,0,0,0,0
1732838400,29-11-2024,3219822466.421794,551381365.7453457,0,0,0,0,360103013.6135356,0,0,0,193027233.98327515,0,0,0,0,0,0,0,0,0,0,0,0,434344475.7729848,0,0,0,0,0,116019036.3756807,0,0,0,0,0,0,259344029.56931522,0,291908068.7357667,0,87898776.64736119,0,0,349045613.8577481,75350829.69434723,0,0,0,0,0,0,0,0,0,0,0,0,0,0,0,0,0,0,0,0,0,0,0
1732924800,30-11-2024,2726464484.4130626,458354332.11431056,0,0,0,0,330950712.336686,0,0,0,202039870.95839208,0,0,0,0,0,0,0,0,0,0,0,0,360894995.947848,0,0,0,0,0,86839095.57937282,0,0,0,0,0,0,206684524.26078984,0,165822542.05950153,0,70200212.11586705,0,0,307684137.3064399,60542548.39433828,0,0,0,0,0,0,0,0,0,0,0,0,0,0,0,0,0,0,0,0,0,0,0
1733011200,01-12-2024,2784419851.851832,595793145.4617916,0,0,0,0,411310677.25123143,0,0,0,201424566.04072466,0,0,0,0,0,0,0,0,0,0,0,0,377370548.11454487,0,0,0,0,0,125455029.47213407,0,0,0,0,0,0,263216700.32694918,0,206440577.1508478,0,58555772.276543394,0,0,310180352.00399846,65524119.65240583,0,0,0,0,0,0,0,0,0,0,0,0,0,0,0,0,0,0,0,0,0,0,0
1733097600,02-12-2024,3387577622.3970194,1108267513.6566226,0,0,0,0,1054103397.026376,0,0,0,502972567.345215,0,0,0,0,0,0,0,0,0,0,0,0,800780033.4556968,0,0,207343876.70751926,0,0,390529686.76933295,0,0,0,0,0,0,437377758.1398703,0,296488322.79137146,0,0,0,0,307321415.4789336,135355408.1018784,0,0,0,0,0,0,0,0,0,0,0,0,0,0,0,0,0,0,0,0,0,0,0
1733184000,03-12-2024,3490510370.8892493,1228167592.1630774,0,0,0,0,1117752935.9446745,0,0,0,198549629.5371997,0,0,0,0,0,0,0,0,0,0,0,0,800193531.3950042,0,0,0,0,0,377888808.4266693,0,0,0,0,0,0,427055264.3746734,0,277293120.1787408,0,68963838.63772133,0,0,304417199.2103808,158432075.50760898,0,0,0,0,0,0,0,0,0,0,0,0,0,0,0,0,0,0,0,0,0,0,0
1733270400,04-12-2024,2723512762.001555,1154463425.8302722,0,0,0,0,1100791106.8328695,0,0,0,221982173.8276009,0,0,0,0,0,0,0,0,0,0,0,0,719073551.1102133,0,0,78816738.28999129,0,0,302212471.1570695,0,0,0,0,0,0,422034033.59077364,0,333541299.7372986,0,0,0,0,268553760.4524239,98010733.65722026,0,0,0,0,0,0,0,0,0,0,0,0,0,0,0,0,0,0,0,0,0,0,0
1733356800,05-12-2024,2486534707.013596,1585031079.9888582,0,0,0,0,1257823044.0822861,0,0,0,237124913.78181016,0,0,0,0,0,0,0,0,0,0,0,0,963410842.4345071,0,0,61852921.02500437,0,0,341377966.92131937,0,0,0,0,0,0,496948738.7852352,0,310364231.21411353,0,0,0,0,281014578.9166802,107898912.16619276,0,0,0,0,0,0,0,0,0,0,0,0,0,0,0,0,0,0,0,0,0,0,0
1733443200,06-12-2024,2539938827.1240764,1103783862.874009,0,0,0,0,869561175.949994,0,0,0,201530532.83033326,0,0,0,0,0,0,0,0,0,0,0,0,649560645.6027387,0,0,0,0,0,245767379.88705894,0,0,0,0,0,0,384033911.4298825,0,253586260.2878321,0,54110433.244454704,0,0,256533570.2243756,82956704.09515488,0,0,0,0,0,0,0,0,0,0,0,0,0,0,0,0,0,0,0,0,0,0,0
1733529600,07-12-2024,2366064354.8483605,626893473.0654284,0,0,0,0,623614910.865572,0,0,0,153400905.00741455,0,0,0,0,0,0,0,0,0,0,0,0,476715649.52328175,0,0,0,0,0,161445391.86548123,0,0,0,0,0,0,300977411.161851,0,172827552.19018656,0,84544603.62701814,0,0,218963574.8931728,52688466.18676021,0,0,0,0,0,0,0,0,0,0,0,0,0,0,0,0,0,0,0,0,0,0,0
1733616000,08-12-2024,2254403615.2241626,466623345.86208963,0,0,0,0,526906824.9591814,0,0,0,146064925.90193582,0,0,0,0,0,0,0,0,0,0,0,0,421524539.0524026,0,0,0,0,0,122808391.95394537,0,0,0,0,0,43766121.92933927,241869772.5605029,0,135326234.28573674,0,0,0,0,237325187.61608428,59461303.6328058,0,0,0,0,0,0,0,0,0,0,0,0,0,0,0,0,0,0,0,0,0,0,0
1733702400,09-12-2024,2671841337.070493,1281081723.8261528,0,0,0,0,1258944378.3891187,0,0,0,207550442.4538736,0,0,0,0,0,0,0,0,0,0,0,0,871278861.5124785,0,0,65862800.020200096,0,0,354431955.28962296,0,0,0,0,0,0,439259356.5821361,0,266466634.8930493,0,0,0,0,269402322.43632346,163355524.72953978,0,0,0,0,0,0,0,0,0,0,0,0,0,0,0,0,0,0,0,0,0,0,0
1733788800,10-12-2024,3039807917.927432,1221879350.4322727,0,0,0,0,1549935115.3518615,0,0,0,185831307.9916473,0,0,0,0,0,0,0,0,0,0,0,0,1113137131.4377801,0,0,53432037.96591318,0,0,451657271.7120567,0,0,0,0,0,0,719305305.8669103,0,381625120.3001338,0,0,0,0,280781821.33769387,217529860.22105992,0,0,0,0,0,0,0,0,0,0,0,0,0,0,0,0,0,0,0,0,0,0,0
1733875200,11-12-2024,3135608222.4177685,874576718.7088588,0,0,0,0,743753307.5954243,0,0,0,366425150.487685,0,0,0,0,0,0,0,0,0,0,0,0,867149637.9054403,0,0,0,0,0,282122708.3378776,0,0,0,0,137260825.42604956,0,555436237.9943224,0,186403211.97894487,456043406.78549916,0,0,0,322530424.72652787,0,0,0,0,0,0,0,0,0,0,0,0,0,0,0,0,0,0,0,0,0,0,0,0
1733961600,12-12-2024,3610288235.1279616,824264244.5155056,0,0,0,0,662777658.3053293,0,0,0,207922003.9094729,0,0,0,0,0,0,0,0,0,0,0,0,697829369.7374487,0,0,0,0,0,185811407.8398154,0,0,0,0,0,0,481238934.9793906,0,165737417.40694338,67600707.2376571,0,0,0,345030212.88332474,97453966.89635147,0,0,0,0,0,0,0,0,0,0,0,0,0,0,0,0,0,0,0,0,0,0,0
1734048000,13-12-2024,3818831216.478944,614427828.4206156,0,0,0,0,547837432.737832,0,0,0,258426382.83756208,0,0,0,0,0,0,0,0,0,0,0,0,524381277.5367413,0,0,0,0,0,145571823.39310816,0,0,0,0,0,0,459655448.67003834,0,108320968.92627686,0,61127014.36392986,0,0,316841045.39365435,104774779.73839453,0,0,0,0,0,0,0,0,0,0,0,0,0,0,0,0,0,0,0,0,0,0,0
1734134400,14-12-2024,3494381562.9190307,485955218.72455406,0,0,0,0,430097587.2046102,0,0,0,185181649.75493404,0,0,0,0,0,0,0,0,0,0,0,0,467854477.5930858,0,0,0,0,0,119688105.9879612,0,0,0,0,0,63363356.837760285,384526280.5901431,0,111504422.06601432,0,0,0,0,266480968.85512906,101642777.3753852,0,0,0,0,0,0,0,0,0,0,0,0,0,0,0,0,0,0,0,0,0,0,0
1734220800,15-12-2024,3100609505.2349124,469605017.2348039,0,0,0,0,441959991.9063038,0,0,0,170748888.60220984,0,0,0,0,0,0,0,0,0,0,0,0,397891215.23281664,0,0,0,0,0,106357787.17652088,0,0,0,0,0,38332796.75347647,345446593.7381254,0,93658047.30489251,0,0,0,0,248918900.73000735,79947887.0919749,0,0,0,0,0,0,0,0,0,0,0,0,0,0,0,0,0,0,0,0,0,0,0
1734307200,16-12-2024,3520694631.6425323,707050173.3535004,0,0,0,0,664882368.1250101,0,0,0,295840670.6218827,0,0,0,0,0,0,0,0,0,0,0,0,557279650.8665454,0,0,0,0,0,211645125.74519342,0,0,0,0,0,79459035.35474752,485270750.3771376,0,148852216.78527844,0,0,0,0,289298340.0965167,97460712.36911549,0,0,0,0,0,0,0,0,0,0,0,0,0,0,0,0,0,0,0,0,0,0,0
1734393600,17-12-2024,3576242546.0517545,1166876538.0960228,0,0,0,0,854068140.7064744,0,0,0,381384796.30388254,0,0,0,0,0,0,0,0,0,0,0,0,1419348666.3349202,0,0,0,0,0,261294837.1025424,0,0,0,0,0,0,764505537.6951284,0,176647703.48909974,0,84494261.56631188,0,0,259774597.96263176,149873485.40876898,0,0,0,0,0,0,0,0,0,0,0,0,0,0,0,0,0,0,0,0,0,0,0
1734480000,18-12-2024,3947139705.3721385,1156066862.1256595,0,0,0,0,1055335886.5030446,0,0,0,237873963.57600582,0,0,0,0,0,0,0,0,0,0,0,0,1116084355.934627,0,0,0,0,0,252563546.46289647,0,0,0,0,0,70729982.9532273,823934858.3448598,0,208131588.68922588,0,0,0,0,273154738.3811461,154785700.19689038,0,0,0,0,0,0,0,0,0,0,0,0,0,0,0,0,0,0,0,0,0,0,0
1734566400,19-12-2024,4056031218.7582183,1271689154.8136678,0,0,0,0,1280570219.1816096,0,0,0,326088582.9689402,0,0,0,0,0,0,0,0,0,0,0,0,887410131.3862299,0,0,0,0,0,390062716.6613259,0,0,0,0,0,0,807923935.3683491,0,221819673.74169233,0,91369241.93088144,0,0,268422513.77461672,122034515.5168533,0,0,0,0,0,0,0,0,0,0,0,0,0,0,0,0,0,0,0,0,0,0,0
1734652800,20-12-2024,3920573374.7151833,1300869834.4141693,0,0,0,0,1320915463.037877,0,0,0,273410846.0194119,0,0,0,0,0,0,0,0,0,0,0,0,797013457.3044562,0,0,0,0,0,453857481.33690786,0,0,0,0,0,68767494.80427504,754041548.282952,0,364988732.01657194,0,0,0,0,248621024.47645164,118568519.67343101,0,0,0,0,0,0,0,0,0,0,0,0,0,0,0,0,0,0,0,0,0,0,0
1734739200,21-12-2024,3977736731.2724037,699007941.9251665,0,0,0,0,729806028.5784326,0,0,0,217932345.17811617,0,0,0,0,0,0,0,0,0,0,0,0,554447227.9813945,0,0,97325839.06895821,0,0,169562505.91565055,0,0,0,0,0,0,474165251.04987067,0,152949303.55797285,0,0,0,0,234487062.22352275,79855276.69177192,0,0,0,0,0,0,0,0,0,0,0,0,0,0,0,0,0,0,0,0,0,0,0
1734825600,22-12-2024,3908391490.6006107,543343039.2543473,0,0,0,0,480388351.5655128,0,0,0,119899597.32875143,0,0,0,0,0,0,0,0,0,0,0,0,341586623.100386,0,0,0,0,0,85965448.14221272,0,0,0,0,0,33155243.41505716,327705443.08343875,0,123794705.20205197,0,0,0,0,238995914.9412047,50897305.4804352,0,0,0,0,0,0,0,0,0,0,0,0,0,0,0,0,0,0,0,0,0,0,0
1734912000,23-12-2024,3502213261.8312564,781788623.8676535,0,0,0,0,535205366.0882702,0,0,0,185667224.2102742,0,0,0,0,0,0,0,0,0,0,0,0,480693875.1944281,0,0,43596631.20122873,0,0,109739520.6081881,0,0,0,0,0,0,401973104.62551343,0,131224488.26945321,0,0,0,0,242764501.05634725,54810266.10172144,0,0,0,0,0,0,0,0,0,0,0,0,0,0,0,0,0,0,0,0,0,0,0
1734998400,24-12-2024,2976503554.2789574,486379943.4980982,0,0,0,0,380074674.12086076,0,0,0,136029124.34280115,0,0,0,0,0,0,0,0,0,0,0,0,578018273.7423202,0,0,0,0,0,79655359.50764766,82741547.73949912,0,0,0,0,0,355542246.97052026,0,99052299.05981077,0,0,0,0,228618193.7427306,45591789.091530174,0,0,0,0,0,0,0,0,0,0,0,0,0,0,0,0,0,0,0,0,0,0,0
1735084800,25-12-2024,2017357265.7043877,450841295.19903415,0,0,0,0,444085702.4856017,0,0,0,147078537.08763054,0,0,0,0,0,0,0,0,0,0,0,0,432777680.47679406,0,0,89113104.41083771,0,0,60073828.343994804,0,0,0,0,0,0,364391216.27575445,0,82683041.28923126,0,0,0,0,193853901.7685328,50507420.97651931,0,0,0,0,0,0,0,0,0,0,0,0,0,0,0,0,0,0,0,0,0,0,0
1735171200,26-12-2024,2426640766.6246805,491784075.0544968,0,0,0,0,547914164.6988378,0,0,0,124111453.90629624,0,0,0,0,0,0,0,0,0,0,0,0,450265321.9225798,0,0,0,0,0,67218069.0742185,0,0,0,0,0,0,417878553.3135172,0,88336105.56574081,0,37328530.10697762,0,0,258498495.85584176,55206152.46761047,0,0,0,0,0,0,0,0,0,0,0,0,0,0,0,0,0,0,0,0,0,0,0
1735257600,27-12-2024,2126104146.6108751,509086481.21865845,0,0,0,0,493755823.43402946,0,0,0,142440951.01557258,0,0,0,0,0,0,0,0,0,0,0,0,454855066.65212995,0,0,0,0,0,63468576.37508317,0,0,0,0,0,42510862.31556834,316747893.1187348,0,81424620.0039137,0,0,0,0,263075136.16170493,47812092.8348883,0,0,0,0,0,0,0,0,0,0,0,0,0,0,0,0,0,0,0,0,0,0,0
1735344000,28-12-2024,2150657097.5508165,440840203.2435303,0,0,0,0,315568599.49299496,0,0,0,105752140.62288684,0,0,0,0,0,0,0,0,0,0,0,0,457280416.623687,0,0,0,0,0,52800453.73831843,0,0,0,0,0,0,261614679.67254713,0,74535859.86037199,0,49305848.50490096,0,0,237632237.80875033,41088235.3044874,0,0,0,0,0,0,0,0,0,0,0,0,0,0,0,0,0,0,0,0,0,0,0
1735430400,29-12-2024,2537531390.8312607,418168696.4465332,0,0,0,0,332524207.67146015,0,0,0,128462307.39628232,0,0,0,0,0,0,0,0,0,0,0,0,755981786.4139713,0,0,0,0,0,63123465.101656675,0,0,0,0,0,0,341298158.5356904,0,69078703.35799561,0,48478898.172423705,0,0,230633001.56546533,40606895.59433126,0,0,0,0,0,0,0,0,0,0,0,0,0,0,0,0,0,0,0,0,0,0,0
1735516800,30-12-2024,2336819960.2027793,2674906919.9591613,0,0,0,0,554579571.0288165,0,0,0,144159227.1984107,0,0,0,0,0,0,0,0,0,0,0,0,655829607.8062785,0,0,0,0,0,92443385.08183226,0,0,0,0,0,0,430177212.2293413,0,97190852.21821976,0,50977340.55608897,0,0,251757517.9251861,57665794.920113735,0,0,0,0,0,0,0,0,0,0,0,0,0,0,0,0,0,0,0,0,0,0,0
1735603200,31-12-2024,2741079295.3015594,574012037.3962238,0,0,0,0,469107022.1357616,0,0,0,168546373.03193843,0,0,0,0,0,0,0,0,0,0,0,0,690440062.0955204,0,0,0,0,0,99996884.05033174,0,0,0,0,0,54754243.451308995,429934132.97147965,0,100441890.2571148,0,0,0,0,218391398.9773323,60004877.68973684,0,0,0,0,0,0,0,0,0,0,0,0,0,0,0,0,0,0,0,0,0,0,0
1735689600,01-01-2025,2817037259.7492023,5342571172.434857,0,0,0,0,354382367.24019897,0,0,0,149304825.0354029,0,0,0,0,0,0,0,0,0,0,0,0,532089712.6897422,0,0,0,0,0,73668361.51857664,0,0,0,0,0,45507459.30569242,346592568.7317548,0,79310015.5378271,0,43618743.600457914,0,0,219958427.73905084,0,0,0,0,0,0,0,0,0,0,0,0,0,0,0,0,0,0,0,0,0,0,0,0
1735776000,02-01-2025,4074126939.25048,60399668483.40655,0,0,0,0,876798724.3291924,0,0,0,396110526.3903894,0,0,0,0,0,0,0,0,0,0,0,0,977910098.3256594,0,0,0,0,0,127698056.26345637,0,0,0,0,0,81558986.7791701,602705021.0562446,0,124370472.84979372,0,0,0,0,316246686.0810506,79438268.5730141,0,0,0,0,0,0,0,0,0,0,0,0,0,0,0,0,0,0,0,0,0,0,0
1735862400,03-01-2025,4250188251.6415563,52687559296.92587,0,0,0,0,678379906.8637596,0,0,0,280508942.37753385,0,0,0,0,0,0,0,0,0,0,0,0,709566266.1635004,0,0,0,0,0,96498868.03274886,0,0,0,0,0,0,553511258.7768447,0,100441795.41067739,0,0,0,0,375361629.8164803,96090846.26646806,68561543.98268817,0,0,0,0,0,0,0,0,0,0,0,0,0,0,0,0,0,0,0,0,0,0
1735948800,04-01-2025,3696834919.8712916,62346030126.54204,0,0,0,0,459392508.81816995,0,0,0,225654328.8292282,0,0,0,0,0,0,0,0,0,0,0,0,543089021.3867319,0,0,0,0,0,0,0,0,0,0,0,59199620.21872551,413421468.69432616,0,67400117.04584685,0,55019551.7309723,0,0,362942452.46061206,98861714.26837811,0,0,0,0,0,0,0,0,0,0,0,0,0,0,0,0,0,0,0,0,0,0,0
1736035200,05-01-2025,3903580862.4385753,37729407494.74058,0,0,0,0,460690896.1107684,0,0,0,208329558.1604379,0,0,0,0,0,0,0,0,0,0,0,0,524170198.06080276,0,0,0,0,0,0,0,0,0,0,0,51630856.35710011,501910196.05721444,0,71836700.7737141,0,48820473.61772049,0,0,321884829.0852755,106055044.79399835,0,0,0,0,0,0,0,0,0,0,0,0,0,0,0,0,0,0,0,0,0,0,0
1736121600,06-01-2025,3829511477.107496,48459323743.955345,0,0,0,0,687924630.9500105,0,0,0,361601765.0297927,0,0,0,0,0,0,0,0,0,0,0,0,726265685.0180153,0,0,0,0,0,0,0,0,0,0,0,0,671125330.9203814,73849475.7025355,83477610.35300368,0,307647666.3029446,0,0,374203637.92838705,143902794.47196418,0,0,0,0,0,0,0,0,0,0,0,0,0,0,0,0,0,0,0,0,0,0,0
1736208000,07-01-2025,4129956604.2800713,15203800039.35675,0,0,0,0,757684857.5259955,0,0,0,346872661.49437165,0,0,0,0,0,0,0,0,0,0,0,0,755669748.3041708,0,0,0,0,0,103577994.58823577,0,0,0,0,0,0,720345092.0536861,0,100695610.26510286,0,95775791.88511989,0,0,342764688.75753766,158727248.22079128,0,0,0,0,0,0,0,0,0,0,0,0,0,0,0,0,0,0,0,0,0,0,0
1736294400,08-01-2025,4144027664.7672696,43079450260.23125,0,0,0,0,1030888632.1437436,0,0,0,447414187.1249834,0,0,0,0,0,0,0,0,0,0,0,0,824647494.3399904,0,0,0,0,0,118769688.72017151,0,0,0,0,0,104774646.62163892,878956473.2907027,0,0,205790040.92050833,0,0,0,321158090.06719804,195551022.3137602,0,0,0,0,0,0,0,0,0,0,0,0,0,0,0,0,0,0,0,0,0,0,0
1736380800,09-01-2025,3425894729.1537566,19156531855.470226,0,0,0,0,828040816.5968161,0,0,0,461671554.87048095,0,0,0,0,0,0,0,0,0,0,0,0,707375651.9519022,0,0,0,0,0,106094932.17174102,0,0,0,0,0,92072733.38985799,661175168.1208323,0,98618825.28019752,0,0,0,0,304058122.04599875,151187839.2826793,0,0,0,0,0,0,0,0,0,0,0,0,0,0,0,0,0,0,0,0,0,0,0
1736467200,10-01-2025,2977595091.0847745,9631493342.444218,0,0,0,0,750516481.3980576,0,0,0,279032052.7312547,0,0,0,0,0,0,0,0,0,0,0,0,612697903.0354167,0,0,0,0,0,89574072.55923635,0,0,0,0,0,0,566338579.3873307,0,76177002.29177055,0,104697551.86844552,0,0,323502390.08932924,154315375.81204048,0,0,0,0,0,0,0,0,0,0,0,0,0,0,0,0,0,0,0,0,0,0,0
1736553600,11-01-2025,3195704897.782835,1057424929.9061221,0,0,0,0,512996978.75609106,0,0,0,258114106.15592438,0,0,0,0,0,0,0,0,0,0,0,0,475122237.76755697,0,0,0,0,0,0,0,0,0,0,0,61516468.030013405,465081983.15707177,0,60718558.315176755,0,101421930.94141474,0,0,292198719.61419517,97855671.6686245,0,0,0,0,0,0,0,0,0,0,0,0,0,0,0,0,0,0,0,0,0,0,0
1736640000,12-01-2025,2982745748.4333205,583648075.5645787,0,0,0,0,412748443.97836095,0,0,0,167041172.3181816,0,0,0,0,0,0,0,0,0,0,0,0,422116403.1317582,0,0,0,0,0,0,0,0,0,0,0,42948833.581651315,350780164.94522923,0,53836566.38413686,0,97205914.06395459,0,0,302890545.93497044,76121857.2459526,0,0,0,0,0,0,0,0,0,0,0,0,0,0,0,0,0,0,0,0,0,0,0
1736726400,13-01-2025,2559882161.807076,876785542.5638342,0,0,0,0,1180796709.637918,0,0,0,384290162.5889368,0,0,0,0,0,0,0,0,0,0,0,0,714776216.3263882,0,0,0,0,0,152608476.28305987,0,0,0,0,0,91154568.00088155,513623950.9324784,0,205533347.20618328,0,0,0,0,269530573.00372404,122191055.903483,0,0,0,0,0,0,0,0,0,0,0,0,0,0,0,0,0,0,0,0,0,0,0
1736812800,14-01-2025,2925895996.9801598,695822887.593709,0,0,0,0,676554995.8126163,0,0,0,263784113.92523614,0,0,0,0,0,0,0,0,0,0,0,0,543274621.717505,0,0,0,0,0,105004257.70523098,0,0,0,0,0,0,436629671.3989813,0,110285420.62119254,0,115605106.71275859,0,0,329027990.0448483,119027588.81525604,0,0,0,0,0,0,0,0,0,0,0,0,0,0,0,0,0,0,0,0,0,0,0
1736899200,15-01-2025,2971122542.0260534,787458947.6439404,0,0,0,0,835871774.9874717,0,0,0,326916945.9255522,0,0,0,0,0,0,0,0,0,0,0,0,653850989.466683,0,0,0,0,0,127848330.3898987,0,0,0,0,0,0,485716338.3281808,0,131887251.67179638,0,155925454.206258,0,0,320245027.63518125,167158985.9690901,0,0,0,0,0,0,0,0,0,0,0,0,0,0,0,0,0,0,0,0,0,0,0
1736985600,16-01-2025,3181607342.611762,795450622.3918755,0,0,0,0,708638375.3724464,0,0,0,332953739.08436954,0,0,0,0,0,0,0,0,0,0,0,0,729186362.2385596,0,0,0,0,0,112889413.03822052,0,0,0,0,0,0,508871742.8513662,0,152496274.43786812,0,124294414.58635058,0,0,351414507.8945404,139905104.61067328,0,0,0,0,0,0,0,0,0,0,0,0,0,0,0,0,0,0,0,0,0,0,0
1737072000,17-01-2025,3436953864.6196136,8545786489.641779,0,0,0,0,710750552.1006122,0,0,0,510895363.32188874,0,0,0,0,0,0,0,0,0,0,0,0,668924153.6581825,0,0,0,0,0,0,0,0,0,0,0,0,565331152.8681114,0,125738131.94488645,0,114345521.7694563,0,0,312175880.6118407,130253930.67068832,0,485046312.9673637,0,0,0,0,0,0,0,0,0,0,0,0,0,0,0,0,0,0,0,0,0
1737158400,18-01-2025,5536851315.009851,14943379681.630022,0,0,0,0,3149149785.945175,0,0,0,1768409658.2785714,0,0,0,0,0,0,0,0,0,0,0,0,4884784769.128523,0,0,0,0,0,0,0,0,0,0,0,0,8148993544.365296,0,0,0,1258315250.5291996,0,563652143.5024834,361213528.22697383,670594532.0120374,0,1498781438.9072342,0,0,0,0,0,0,0,0,0,0,0,0,0,0,0,0,0,0,0,0,0
1737244800,19-01-2025,9586688412.6348,10506230901.203176,0,0,0,0,3391460692.4888396,0,0,0,2404781421.1875734,0,0,0,0,0,0,0,0,0,0,0,0,6656088275.191657,0,0,0,0,0,0,0,0,0,0,0,0,10666405754.98694,0,0,0,1240385439.0840344,0,565824903.4113724,510541515.7369105,497471836.20578825,0,2051799678.095343,0,0,0,0,0,0,0,0,0,0,0,0,0,0,0,0,0,0,0,0,0
1737331200,20-01-2025,11191940029.69372,6696457193.75569,0,0,0,0,4939555799.059748,0,0,0,1979094956.794295,0,0,0,0,0,0,0,0,0,0,0,0,6169729515.891898,0,0,0,0,0,631758670.6612253,0,0,0,0,0,0,9175197281.424818,0,0,0,781067302.1706607,0,611453704.272117,552442291.8701859,0,0,3522060754.61395,0,0,0,0,0,0,0,0,0,0,0,0,0,0,0,0,0,0,0,0,0
1737417600,21-01-2025,7388542813.945203,2823631232.6851444,0,0,0,0,1579632793.6075916,0,0,0,1228610869.2634559,0,0,0,0,0,0,0,0,0,0,0,0,3596951556.835011,0,0,0,0,0,354303575.4717418,0,0,0,0,0,0,2897897293.0356097,0,0,0,0,0,244592945.7791198,441000253.01849926,0,243217199.88355783,1936981571.0834043,0,0,0,0,0,0,0,0,0,0,0,0,0,0,0,0,0,0,0,0,0
1737504000,22-01-2025,5672146699.796732,1895657898.172209,0,0,0,0,841024448.9893041,0,0,0,709722786.5230281,0,0,0,0,0,0,0,0,0,0,0,0,1976651287.9045532,0,0,0,0,0,220100354.95304316,0,0,0,0,0,0,1735167299.5697112,0,0,0,0,0,0,465814419.2492308,230458475.5387081,207942183.44209284,1220619151.3796031,0,0,0,0,0,0,0,0,0,0,0,0,0,0,0,0,0,0,0,0,0
1737590400,23-01-2025,9245632263.472292,2162429023.468955,0,0,0,0,1085184956.4716463,0,0,0,1011522905.8874747,0,0,0,0,0,0,0,0,0,0,0,0,2242415449.547013,0,0,0,0,0,266122106.4362616,0,0,0,0,0,0,2241638125.793848,0,0,0,0,0,0,561349837.5292051,310822277.15118015,244489983.76818758,1491478629.3348413,0,0,0,0,0,0,0,0,0,0,0,0,0,0,0,0,0,0,0,0,0
1737676800,24-01-2025,7844918909.292062,1419982691.8731146,0,0,0,0,775054705.5432357,0,0,0,676985092.783293,0,0,0,0,0,0,0,0,0,0,0,0,1731496036.3688498,0,0,0,0,0,171741150.0796118,0,0,0,0,0,0,1432699581.7943747,0,0,0,0,0,0,519247438.10615724,256197661.86378822,231702057.3621401,1131843270.5779374,0,0,0,0,0,0,0,0,0,0,0,0,0,0,0,0,0,0,0,0,0
1737763200,25-01-2025,6468358609.857483,1052834872.6616653,0,0,0,0,507501110.86061126,0,0,0,661657999.8347087,0,0,0,0,0,0,0,0,0,0,0,0,1636711198.8536339,0,0,0,0,0,225429948.05282426,0,0,0,0,0,0,1513792262.5629644,0,0,0,0,0,0,453519674.91253614,223696399.24338016,253019001.0325272,1089869670.8304422,0,0,0,0,0,0,0,0,0,0,0,0,0,0,0,0,0,0,0,0,0
1737849600,26-01-2025,6075630822.354671,990306511.8824607,0,0,0,0,492701660.8421856,0,0,0,468669248.69287205,0,0,0,0,0,0,0,0,0,0,0,0,1001423232.3620925,0,0,0,0,0,178463276.98048517,0,0,0,0,0,0,1309856443.4304137,0,0,0,0,0,0,441080595.351089,223191661.02321926,212409759.3158757,796294826.9491448,0,0,0,0,0,0,0,0,0,0,0,0,0,0,0,0,0,0,0,0,0
1737936000,27-01-2025,6418428512.615174,1830660558.2222462,0,0,0,0,1019101407.9094745,0,0,0,714335443.3971347,0,0,0,0,0,0,0,0,0,0,0,0,1709405314.59048,0,0,0,0,0,225154091.6559902,0,0,0,0,0,0,1503640744.0037723,0,0,0,0,0,0,420169573.63163334,234972259.4855362,362743004.6314853,1242677941.6249607,0,0,0,0,0,0,0,0,0,0,0,0,0,0,0,0,0,0,0,0,0
1738022400,28-01-2025,4108610780.322755,1144343669.2731352,0,0,0,0,457648419.06353617,0,0,0,469961199.1456367,0,0,0,0,0,0,0,0,0,0,0,0,1148046002.3471978,0,0,0,0,0,120108585.93209212,0,0,0,0,0,0,930343493.0161166,0,0,0,0,0,0,436260989.38917893,154238098.78268334,220604494.55481842,667590470.9864739,0,0,0,0,0,0,0,0,0,0,0,0,0,0,0,0,0,0,0,0,0
1738108800,29-01-2025,3399289291.569353,1305541608.9309804,0,0,0,0,450905569.68772924,0,0,0,507690293.4603058,0,0,0,0,0,0,0,0,0,0,0,0,1248360831.4827309,0,0,0,0,0,139338428.27356976,0,0,0,0,0,0,970330582.5534908,0,0,0,164838380.50577015,0,0,377038513.20899785,0,228754425.8210262,692330220.7441831,0,0,0,0,0,0,0,0,0,0,0,0,0,0,0,0,0,0,0,0,0
1738195200,30-01-2025,5118422013.625145,861974285.0985767,0,0,0,0,359851052.03134996,0,0,0,350011419.19292605,0,0,0,0,0,0,0,0,0,0,0,0,988121557.7309282,0,0,0,0,0,111919591.50804901,0,0,0,0,0,0,1099370241.8718023,0,0,0,0,0,0,442783873.92678446,122417922.25417173,182878141.7383091,610415234.5986904,0,0,0,0,0,0,0,0,0,0,0,0,0,0,0,0,0,0,0,0,0
1738281600,31-01-2025,3885630802.998208,802210542.5269085,0,0,0,0,326526996.9100102,0,0,0,367695622.30987567,0,0,0,0,0,0,0,0,0,0,0,0,752934397.060247,0,0,0,0,0,94324104.927151,0,0,0,0,0,0,651017806.116789,0,0,0,0,0,0,425928601.02937603,104800812.81003807,187800092.1363461,511052196.3984904,0,0,0,0,0,0,0,0,0,0,0,0,0,0,0,0,0,0,0,0,0
1738368000,01-02-2025,3402537472.02611,733195681.1339666,0,0,0,0,309034250.43217206,0,0,0,356980951.2329831,0,0,0,0,0,0,0,0,0,0,0,0,681081422.2410456,0,0,0,0,0,105444153.7367277,0,0,0,0,0,0,694015412.1077788,0,0,0,0,0,0,333555001.3565394,78325318.86633714,232618567.0175025,603737697.5321364,0,0,0,0,0,0,0,0,0,0,0,0,0,0,0,0,0,0,0,0,0
1738454400,02-02-2025,4681595466.709761,1262367625.8934116,0,0,0,0,588467553.9347482,0,0,0,426998864.2034927,0,0,0,0,0,0,0,0,0,0,0,0,1027233085.1473372,0,0,0,0,0,177007102.04133016,0,0,0,0,0,0,1054814345.5567834,0,0,0,0,0,353125071.6984397,266552754.5992819,0,250490851.00746578,964297281.278406,0,0,0,0,0,0,0,0,0,0,0,0,0,0,0,0,0,0,0,0,0
1738540800,03-02-2025,5155903576.232901,2741213438.1527066,0,0,0,0,537381662.5184181,0,0,0,814722843.2229775,0,0,0,0,0,0,0,0,0,0,0,0,1723951033.717341,0,0,0,0,0,346902738.16828144,0,0,0,0,0,0,1483528652.2591925,0,0,0,0,0,965833661.6886673,270798315.76519406,0,0,1251803232.698945,274820197.8569866,0,0,0,0,0,0,0,0,0,0,0,0,0,0,0,0,0,0,0,0
1738627200,04-02-2025,5180126060.817497,1632654503.9814212,0,0,0,0,532118656.94853127,0,0,0,380885172.1369689,0,0,0,0,0,0,0,0,0,0,0,0,1167253571.8257651,0,0,0,0,0,139752351.15561354,0,0,0,0,0,0,1181822430.9998252,0,0,0,0,0,208273104.68778044,304113796.93115455,0,140995487.18491498,773936941.6779243,0,0,0,0,0,0,0,0,0,0,0,0,0,0,0,0,0,0,0,0,0
1738713600,05-02-2025,4179454477.8417406,829000310.6326929,0,0,0,0,428009915.54819083,0,0,0,505853440.4816399,0,0,0,0,0,0,0,0,0,0,0,0,647769896.177502,0,0,0,0,0,0,0,0,0,0,0,0,784174924.560948,0,0,0,0,0,0,294506064.29769254,104550337.53294872,0,708860059.3611898,926187226.3474696,394491140.35547733,0,0,0,0,0,0,0,0,0,0,0,0,0,0,0,0,0,0,0
1738800000,06-02-2025,3106378534.195783,754571363.6605482,0,0,0,0,423314887.8054111,0,0,0,499076516.5627276,0,0,0,0,0,0,0,0,0,0,0,0,586430679.7530596,0,0,0,0,0,0,0,0,0,0,0,0,838114557.4500171,0,0,0,0,0,0,275719160.27888685,144312669.2896653,0,695772443.4107062,1817045704.2011275,430698794.87685513,0,0,0,0,0,0,0,0,0,0,0,0,0,0,0,0,0,0,0
1738886400,07-02-2025,3584135269.2998757,856156614.2115388,0,0,0,0,434986229.0436713,0,0,0,550440364.6823648,0,0,0,0,0,0,0,0,0,0,0,0,667664661.725766,0,0,0,0,0,0,0,0,0,0,0,0,800908367.5473993,0,0,0,0,0,0,294324374.86935204,158744993.30303544,0,708495109.8765846,706396586.0662427,529390818.8133194,0,0,0,0,0,0,0,0,0,0,0,0,0,0,0,0,0,0,0
1738972800,08-02-2025,3088608480.6342297,427178525.7819214,0,0,0,0,195043997.1712934,0,0,0,280434232.13032156,0,0,0,0,0,0,0,0,0,0,0,0,328167950.09997565,0,0,0,0,0,0,0,0,0,0,0,0,498456745.3024452,0,0,0,125118439.44150743,0,0,227825495.4903623,102794541.7317679,0,373545229.61288536,0,332642642.74653685,0,0,0,0,0,0,0,0,0,0,0,0,0,0,0,0,0,0,0
1739059200,09-02-2025,4614277373.636387,679443593.3503431,0,0,0,0,361700427.8457352,0,0,0,339935850.69621134,0,0,0,0,0,0,0,0,0,0,0,0,527956079.9476296,0,0,0,0,0,0,0,0,0,0,0,0,935039078.2970151,0,0,0,0,0,0,292871877.02581525,165465142.55665052,79186353.37451029,571678232.9534507,0,495769705.75573725,0,0,0,0,0,0,0,0,0,0,0,0,0,0,0,0,0,0,0
1739145600,10-02-2025,4514335901.776211,848559436.6525488,0,0,0,0,446859112.59118223,0,0,0,550982287.6537989,0,0,0,0,0,0,0,0,0,0,0,0,697328448.1931895,0,0,0,0,0,0,0,0,0,0,0,0,978359931.0680032,0,0,0,0,0,0,325124269.34735924,178720108.60891262,0,618686684.5867482,1053551025.7254784,491588037.21087223,0,0,0,0,0,0,0,0,0,0,0,0,0,0,0,0,0,0,0
1739232000,11-02-2025,3692509776.7528896,734928494.9820828,0,0,0,0,365514602.28261876,0,0,0,478911306.76729107,0,0,0,0,0,0,0,0,0,0,0,0,558575151.6063012,0,0,0,0,0,0,0,0,0,0,0,0,696534075.924327,0,0,0,200956268.7624492,0,0,319762377.4708083,137216493.7126766,0,489747782.4053616,0,445427091.7339838,0,0,0,0,0,0,0,0,0,0,0,0,0,0,0,0,0,0,0
1739318400,12-02-2025,3348495044.5762873,882953643.3225678,0,0,0,0,467441618.64720833,0,0,0,571615096.2087674,0,0,0,0,0,0,0,0,0,0,0,0,592594701.5473891,0,0,0,0,0,0,0,0,0,0,0,0,718057408.1019275,0,0,0,0,0,0,283971162.7244928,187647556.56553048,0,575171392.6511531,874158190.848702,416509049.4650743,0,0,0,0,0,0,0,0,0,0,0,0,0,0,0,0,0,0,0
1739404800,13-02-2025,3360042661.7803044,576544996.9413972,0,0,0,0,403103745.32770807,0,0,0,320987239.82423717,0,0,0,0,0,0,0,0,0,0,0,0,456572287.25918484,0,0,0,0,0,0,0,0,0,0,0,0,754731874.6894991,0,0,0,0,0,0,270055654.9518713,151272126.89366317,119056644.8361742,432602175.69641834,0,343724727.04673785,0,0,0,0,0,0,0,0,0,0,0,0,0,0,0,0,0,0,0
1739491200,14-02-2025,3355573740.72453,921381459.9334671,0,0,0,0,377531576.3362445,0,0,0,504188624.7617982,0,0,0,0,0,0,0,0,0,0,0,0,711562211.8700219,0,0,0,0,0,0,0,0,0,0,0,0,2715023305.57868,0,0,0,0,0,0,250061306.01891947,224860944.48167205,166991689.76947898,701802130.8162006,0,604936651.1327057,0,0,0,0,0,0,0,0,0,0,0,0,0,0,0,0,0,0,0
1739577600,15-02-2025,3281625810.994912,355328611.229404,0,0,0,0,244165524.8160393,0,0,0,338924175.31947315,0,0,0,0,0,0,0,0,0,0,0,0,330737305.5919282,0,0,0,0,0,0,0,0,0,0,0,0,961358581.2706683,0,0,0,0,0,0,218253038.52464044,128114971.95323679,103899997.98241352,412365127.5084922,0,378599570.5971929,0,0,0,0,0,0,0,0,0,0,0,0,0,0,0,0,0,0,0
1739664000,16-02-2025,2764323044.9900713,413829093.5567752,0,0,0,0,227085791.57322836,0,0,0,245183941.19854882,0,0,0,0,0,0,0,0,0,0,0,0,271103503.2293282,0,0,0,0,0,0,0,0,0,0,0,0,703433437.1581264,0,0,0,0,0,0,213588117.22786474,112227994.67688173,73138867.75111967,370182688.51662064,0,330596702.3791176,0,0,0,0,0,0,0,0,0,0,0,0,0,0,0,0,0,0,0
1739750400,17-02-2025,2463612667.0474267,647356468.2201438,0,0,0,0,292568835.82703483,0,0,0,480798540.737461,0,0,0,0,0,0,0,0,0,0,0,0,459793319.34421957,0,0,0,0,0,0,0,0,0,0,0,0,737844829.0083154,0,0,0,0,0,0,208283271.2041389,155641493.4687156,145563717.05768046,577706701.8537276,0,476692008.52549887,0,0,0,0,0,0,0,0,0,0,0,0,0,0,0,0,0,0,0
1739836800,18-02-2025,1976919959.6959455,722293990.5058302,0,0,0,0,439872869.0457587,0,0,0,873217661.6395135,0,0,0,0,0,0,0,0,0,0,0,0,560700258.0083157,0,0,0,0,0,0,0,0,0,0,0,0,733632222.5917883,0,0,0,0,0,213670230.5941607,0,0,193553434.01211137,724218513.6243026,813061098.7456864,574520987.6997089,0,0,0,0,0,0,0,0,0,0,0,0,0,0,0,0,0,0,0
1739923200,19-02-2025,1983877334.5144057,492679924.51491916,0,0,0,0,264566779.9539847,0,0,0,465028277.9051807,0,0,0,0,0,0,0,0,0,0,0,0,407257489.77065575,0,0,0,0,0,0,0,0,0,0,0,0,575921286.7167748,0,0,0,0,0,0,169164604.41415095,107238700.8489379,0,421742822.45962405,516975693.50042415,424203312.26969856,0,0,0,0,0,0,0,0,0,0,0,0,0,0,0,0,0,0,0
1740009600,20-02-2025,1911913017.6398683,479607430.6662522,0,0,0,0,231822567.25076202,0,0,0,427595464.40315735,0,0,0,0,0,0,0,0,0,0,0,0,375165715.8473591,0,0,0,0,0,0,0,0,0,0,0,0,521747382.6115658,0,0,0,113987976.63766545,0,0,183853102.4250184,0,0,324180854.2705537,769427680.4457507,364538370.8522313,0,0,0,0,0,0,0,0,0,0,0,0,0,0,0,0,0,0,0
1740096000,21-02-2025,1689793026.5900617,689220062.8958275,0,0,0,0,334872358.9400313,0,0,0,550819858.9476947,0,0,0,0,0,0,0,0,0,0,0,0,532811509.26884824,0,0,0,0,0,0,0,0,0,0,0,0,583907526.6165011,0,0,0,129485847.45757322,0,0,176416381.51492405,0,0,424682070.88149124,339867220.9839939,424971102.3957097,0,0,0,0,0,0,0,0,0,0,0,0,0,0,0,0,0,0,0
1740182400,22-02-2025,1603951690.5652587,348519140.0870977,0,0,0,0,167485771.52990222,0,0,0,325423846.8208683,0,0,0,0,0,0,0,0,0,0,0,0,297432324.199205,0,0,0,0,0,0,0,0,0,0,0,0,325848458.5999264,0,0,0,122326600.86032696,0,0,149705268.12468177,85497547.20097572,0,319910676.09892184,0,282614458.2968225,0,0,0,0,0,0,0,0,0,0,0,0,0,0,0,0,0,0,0
1740268800,23-02-2025,1570721673.6430314,221682272.9130037,0,0,0,0,122486167.9911714,0,0,0,300459536.97499335,0,0,0,0,0,0,0,0,0,0,0,0,213530662.1206027,0,0,0,0,0,0,0,0,0,0,0,0,226142802.413643,0,0,0,118769227.44995148,0,0,143367164.95339686,0,0,233881475.8236837,212297957.029289,265366941.57036746,0,0,0,0,0,0,0,0,0,0,0,0,0,0,0,0,0,0,0
1740355200,24-02-2025,1464569445.3038669,652492043.444666,0,0,0,0,475369102.3541575,0,0,0,750050492.6781535,0,0,0,0,0,0,0,0,0,0,0,0,472868118.7936139,0,0,0,0,0,0,0,0,0,0,0,0,581884207.7487686,0,0,0,153260955.74082068,0,214231902.32834667,0,187542318.5839303,0,790343639.8351586,0,787647958.3865495,0,0,0,0,0,0,0,0,0,0,0,0,0,0,0,0,0,0,0
1740441600,25-02-2025,1193744503.5962427,955374276.1026334,0,0,0,0,661706512.2342155,0,0,0,885008028.2598425,0,0,0,0,0,0,0,0,0,0,0,0,610364493.0716547,0,0,0,0,0,0,0,0,0,0,0,0,814936115.0760543,0,0,0,0,0,444415472.1227927,0,286998150.00967085,207400560.70305806,1243676386.0961337,0,1104156971.609618,0,0,0,0,0,0,0,0,0,0,0,0,0,0,0,0,0,0,0
1740528000,26-02-2025,1243199183.1682272,595018463.0144101,0,0,0,0,343498580.4798738,0,0,0,514504795.85707283,0,0,0,0,0,0,0,0,0,0,0,0,396118240.12416947,0,0,0,0,0,0,0,0,0,0,0,0,475229503.38077426,0,0,0,0,0,100666320.52941066,107131462.8397159,0,130295483.55516106,608135016.0711522,0,727925133.184813,0,0,0,0,0,0,0,0,0,0,0,0,0,0,0,0,0,0,0
1740614400,27-02-2025,1251925770.8286054,451292771.93362045,0,0,0,0,273692322.9949269,0,0,0,391622223.95706606,0,0,0,0,0,0,0,0,0,0,0,0,350203378.519671,0,0,0,0,0,0,0,0,0,0,0,0,421369334.11679083,0,0,0,0,0,72054397.07712089,118434776.12550305,0,75907226.6505489,515411826.0135218,0,590364746.5443393,0,0,0,0,0,0,0,0,0,0,0,0,0,0,0,0,0,0,0
1740700800,28-02-2025,1105961885.9427576,789466098.7001565,0,0,0,0,353688790.4493739,0,0,0,715707600.6017601,0,0,0,0,0,0,0,0,0,0,0,0,497882323.8855186,0,0,0,0,0,0,0,0,0,0,0,0,674959854.8468773,0,0,0,0,0,337812590.25071734,0,0,144649695.610679,785741897.8078543,144904880.44178236,885108000.344583,0,0,0,0,0,0,0,0,0,0,0,0,0,0,0,0,0,0,0
1740787200,01-03-2025,850614051.7794162,277120254.18699175,0,0,0,0,150369420.11292198,0,0,0,384935144.33015746,0,0,0,0,0,0,0,0,0,0,0,0,245565406.57103896,0,0,0,0,0,0,0,0,0,0,0,0,383526410.01042575,0,0,0,61878321.46805078,0,72205156.40519248,92045607.28639053,0,0,309104185.2010493,0,254430722.77197844,0,0,0,0,0,0,0,0,0,0,0,0,0,0,0,0,0,0,0
1740873600,02-03-2025,1714513482.9878078,1648422316.0805314,0,0,0,0,592156681.5950624,0,0,0,1031443506.9683828,0,0,0,0,0,0,0,0,0,0,0,0,948960713.3486463,0,0,0,0,0,0,0,0,0,0,0,0,1380653431.2704961,0,0,0,0,0,852002367.0662065,0,255684692.1693192,292236123.12825125,1168046105.753884,0,651634243.9294621,0,0,0,0,0,0,0,0,0,0,0,0,0,0,0,0,0,0,0
1740960000,03-03-2025,1251225855.0912728,925153236.5411596,0,0,0,0,445576745.5591707,0,0,0,671463426.3355967,0,0,0,0,0,0,0,0,0,0,0,0,611886424.4319332,0,0,0,0,0,0,0,0,0,0,0,0,912244365.4574938,0,146318369.22854644,0,0,0,391800480.2204591,0,0,150996088.2665084,842733812.2562445,0,517462219.30461335,0,0,0,0,0,0,0,0,0,0,0,0,0,0,0,0,0,0,0
1741046400,04-03-2025,1162329286.3071663,937410063.1773089,0,0,0,0,360146285.16233176,0,0,0,509593075.1247858,0,0,0,0,0,0,0,0,0,0,0,0,542441149.8281351,0,0,0,0,0,122732922.21840972,0,0,0,0,0,0,747136199.9884228,0,0,0,0,0,516385987.2452098,0,0,145336044.05812645,736597433.0275382,0,544772371.1940768,0,0,0,0,0,0,0,0,0,0,0,0,0,0,0,0,0,0,0
1741132800,05-03-2025,1209196734.64017,491355241.33706415,0,0,0,0,193255817.54748702,0,0,0,508248739.8864418,0,0,0,0,0,0,0,0,0,0,0,0,312344522.8193163,0,0,0,0,0,0,0,0,0,0,0,0,537430243.9830172,0,0,0,321477838.45957494,0,0,135051273.53022343,81807488.53033824,0,299098663.7640795,0,299972332.85110295,0,0,0,0,0,0,0,0,0,0,0,0,0,0,0,0,0,0,0
1741219200,06-03-2025,1103441931.6402743,477606094.8473955,0,0,0,0,235393844.6869858,0,0,0,404045637.0719829,0,0,0,0,0,0,0,0,0,0,0,0,274592654.2737718,0,0,0,0,0,0,0,0,0,0,0,0,478535802.0932605,0,89312169.31868955,0,0,0,0,137682935.20516688,100833158.55019058,0,370476479.9935342,0,280511132.5638243,0,0,0,0,0,0,0,0,0,0,0,0,0,0,0,0,0,0,0
1741305600,07-03-2025,1401215887.4600172,803777751.3221583,0,0,0,0,325604072.0105911,0,0,0,579041525.411044,0,0,0,0,0,0,0,0,0,0,0,0,391610815.5378192,0,0,0,0,0,0,0,0,0,0,0,0,634060702.5991552,0,0,0,0,0,224587332.0030746,141110973.01737377,180709427.94444486,0,533235067.170997,0,396176931.7154565,0,0,0,0,0,0,0,0,0,0,0,0,0,0,0,0,0,0,0
1741392000,08-03-2025,932167825.7402236,230787049.61526856,0,0,0,0,124876573.99564175,0,0,0,255631636.63731912,0,0,0,0,0,0,0,0,0,0,0,0,146656291.7842901,0,0,0,0,0,0,54702206.2072386,0,0,0,0,0,245165845.8300596,0,0,0,0,0,0,108469766.03868198,0,0,249657791.8703001,47351495.302772366,268597247.91082335,0,0,0,0,0,0,0,0,0,0,0,0,0,0,0,0,0,0,0
1741478400,09-03-2025,793066377.4172479,351524660.0096748,0,0,0,0,190129566.90126392,0,0,0,321004214.1416053,0,0,0,0,0,0,0,0,0,0,0,0,292707006.3991568,0,0,0,0,0,0,0,0,0,0,0,0,309616726.6694181,0,61582663.78902654,0,0,0,56723867.118767574,107370925.82906508,0,0,279478907.0010844,0,399909411.48118764,0,0,0,0,0,0,0,0,0,0,0,0,0,0,0,0,0,0,0
1741564800,10-03-2025,712628579.4017209,565936401.0646435,0,0,0,0,297482135.37769175,0,0,0,508748494.37029546,0,0,0,0,0,0,0,0,0,0,0,0,374282739.49298924,0,0,0,0,0,0,0,0,0,0,0,0,420483704.1912733,0,131664237.5361636,0,0,0,152183205.09923497,113861121.21694529,0,0,444540316.45977575,0,471901974.5120353,0,0,0,0,0,0,0,0,0,0,0,0,0,0,0,0,0,0,0
1741651200,11-03-2025,856957094.2273784,734352597.0920476,0,0,0,0,275746358.0243337,0,0,0,400928852.37193435,0,0,0,0,0,0,0,0,0,0,0,0,368132570.9168796,0,0,0,0,0,0,0,0,0,0,0,0,479214626.1617376,0,151147526.92788416,0,0,0,232102128.647769,108202241.11449292,0,0,472839852.6686667,0,427046445.176655,0,0,0,0,0,0,0,0,0,0,0,0,0,0,0,0,0,0,0
1741737600,12-03-2025,866721818.1040901,493705497.13320386,0,0,0,0,219454636.6285538,0,0,0,342155647.1223927,0,0,0,0,0,0,0,0,0,0,0,0,318426658.35862494,0,0,0,0,0,0,0,0,0,0,0,0,373820318.48388183,0,90384868.07524027,0,0,0,112840962.75119027,128353387.84210287,0,0,347347512.1338592,0,329400705.7351372,0,0,0,0,0,0,0,0,0,0,0,0,0,0,0,0,0,0,0
1741824000,13-03-2025,819594626.0441836,367974413.14060074,0,0,0,0,164680036.63861918,0,0,0,362336781.66152114,0,0,0,0,0,0,0,0,0,0,0,0,221305544.80179614,0,0,0,0,0,0,0,0,0,0,0,0,381110867.24029255,0,0,108077230.55061996,0,0,0,123445637.13384719,0,0,262185326.41392457,83949743.48184577,301422992.140912,0,0,0,0,0,0,0,0,0,0,0,0,0,0,0,0,0,0,0
1741910400,14-03-2025,849653568.5263498,364285502.9035465,0,0,0,0,145021179.2559238,0,0,0,352889431.54767036,0,0,0,0,0,0,0,0,0,0,0,0,231278367.71629152,0,0,0,0,0,0,0,0,0,0,0,0,390009919.35953116,0,0,0,235139342.82437006,0,0,132141793.24390297,0,61131839.167609006,225577464.88821328,0,304775729.2384819,0,0,0,0,0,0,0,0,0,0,0,0,0,0,0,0,0,0,0
1741996800,15-03-2025,780661997.1464953,199939797.4681822,0,0,0,0,91578821.94598164,0,0,0,254256425.80467528,0,0,0,0,0,0,0,0,0,0,0,0,141970113.37004656,0,0,0,0,0,0,44184505.258368604,0,0,0,0,0,218858146.05352062,0,0,0,1641511763.4732146,0,0,117194794.59568894,0,0,111229061.65156053,0,161205414.30618414,0,0,0,0,0,0,0,0,0,0,0,0,0,0,0,0,0,0,0
1742083200,16-03-2025,635020685.5642374,303864074.0688039,0,0,0,0,128808399.63387653,0,0,0,233490612.48866805,0,0,0,0,0,0,0,0,0,0,0,0,224631171.36497217,0,0,0,0,0,0,44211377.27296922,0,0,0,0,0,231325977.34318158,0,45020844.45994225,0,0,0,0,107693216.12413774,0,0,145905113.93201715,0,123369298.56120227,0,0,0,0,0,0,0,0,0,0,0,0,0,0,0,0,0,0,0
1742169600,17-03-2025,756375794.8021808,311189818.02715087,0,0,0,0,110024408.53745095,0,0,0,263934435.0611485,0,0,0,0,0,0,0,0,0,0,0,0,220363010.71724766,0,0,0,0,0,0,41804972.19579076,0,0,0,0,0,241794550.95908102,0,45151283.418273985,0,0,0,0,128986571.82486372,0,0,150551605.24334705,0,126653990.06531593,0,0,0,0,0,0,0,0,0,0,0,0,0,0,0,0,0,0,0
1742256000,18-03-2025,785382332.6290952,257397057.69528317,0,0,0,0,103789609.52428238,0,0,0,213310245.18611714,0,0,0,0,0,0,0,0,0,0,0,0,237571327.43996903,0,0,0,0,0,0,0,0,0,0,0,0,215263608.15264696,0,55533646.902158536,0,0,0,0,106007425.18900333,0,55548794.10747592,143124449.00220305,0,123491937.43978211,0,0,0,0,0,0,0,0,0,0,0,0,0,0,0,0,0,0,0
1742342400,19-03-2025,771872670.1052759,445256728.91977024,0,0,0,0,124326430.24027988,0,0,0,342436966.79960763,0,0,0,0,0,0,0,0,0,0,0,0,301310472.75952554,0,0,0,0,0,0,0,0,0,0,0,0,307440554.9677749,0,79519348.51067975,0,0,0,75651830.5672035,118474742.43724723,0,0,236224513.0623784,0,171254323.37540916,0,0,0,0,0,0,0,0,0,0,0,0,0,0,0,0,0,0,0
1742428800,20-03-2025,590548009.7938349,302251227.9896627,0,0,0,0,70756380.10332543,0,0,0,266484088.61869574,0,0,0,0,0,0,0,0,0,0,0,0,475306494.41615653,0,0,0,0,0,0,0,0,0,0,0,0,287156161.6483931,0,68051656.05488192,0,0,0,0,110501750.98089965,0,78777544.958238,179605888.08752647,0,166996676.0663265,0,0,0,0,0,0,0,0,0,0,0,0,0,0,0,0,0,0,0
1742515200,21-03-2025,444462917.12895197,354759244.07511103,0,0,0,0,69888454.66479914,0,0,0,324874024.0045758,0,0,0,0,0,0,0,0,0,0,0,0,587185974.5977597,0,0,0,0,0,0,0,0,0,0,0,0,259316119.2041692,0,55754243.27696985,0,0,0,0,69271985.75510363,0,0,148235597.74670127,0,126044440.74688879,52692733.851734236,0,0,0,0,0,0,0,0,0,0,0,0,0,0,0,0,0,0
1742601600,22-03-2025,555425231.874548,210365599.93359002,0,0,0,0,46122974.988794304,0,0,0,231198888.87124875,0,0,0,0,0,0,0,0,0,0,0,0,448644116.254177,0,0,0,0,0,0,0,0,0,0,0,0,158298988.13816407,0,57658817.53377473,0,0,0,0,74561412.47026752,0,0,129129081.3027976,0,75769152.10828252,99139596.67579953,0,0,0,0,0,0,0,0,0,0,0,0,0,0,0,0,0,0
1742688000,23-03-2025,570185365.6994239,210282607.7825337,0,0,0,0,0,0,0,0,286590482.62887853,0,0,0,0,0,0,0,0,0,0,0,0,571341725.4506723,0,0,0,0,0,0,0,0,0,0,0,0,296128480.7376685,0,72479243.8847727,0,105965865.55927686,0,0,93560125.51911634,0,0,148444683.6359362,0,111595673.25777699,171812267.81020066,0,0,0,0,0,0,0,0,0,0,0,0,0,0,0,0,0,0
1742774400,24-03-2025,644445467.6092889,432310601.3652123,0,0,0,0,169387705.71548477,0,0,0,436200808.996269,0,0,0,0,0,0,0,0,0,0,0,0,715579226.6618193,0,0,0,0,0,0,0,0,0,0,0,0,1152815799.3110576,0,96083548.24541426,0,0,0,0,172526487.25554162,0,0,256121532.8396781,0,131771736.09201206,336078658.73740494,0,0,0,0,0,0,0,0,0,0,0,0,0,0,0,0,0,0
1742860800,25-03-2025,642384999.7865707,406510996.24997187,0,0,0,0,137938513.688747,0,0,0,423470291.847466,0,0,0,0,0,0,0,0,0,0,0,0,684617420.9878259,0,0,0,0,0,0,0,0,0,0,0,0,339813473.5507717,0,76900092.95015468,0,0,0,0,153465743.73592952,0,0,249893185.70040452,0,198901517.302026,305255108.8995445,0,0,0,0,0,0,0,0,0,0,0,0,0,0,0,0,0,0
1742947200,26-03-2025,578932902.4522547,366113636.88889724,0,0,0,0,149821351.54102784,0,0,0,406040565.6379915,0,0,0,0,0,0,0,0,0,0,0,0,649693969.6408048,0,0,0,0,0,0,0,0,0,0,0,0,385229635.36409587,0,0,0,3112034125.504859,0,0,151074379.21452647,0,0,229716368.36946678,0,210162452.3847301,226134307.30023146,0,0,0,0,0,0,0,0,0,0,0,0,0,0,0,0,0,0
1743033600,27-03-2025,423207222.53808403,337675593.31872296,0,0,0,0,168961784.21031114,0,0,0,481010763.4598803,0,0,0,0,0,0,0,0,0,0,0,0,615688481.3244214,0,0,0,0,0,0,0,0,0,0,0,395474669.8701493,297604959.1323484,0,0,0,734797487.4518384,0,0,0,0,0,176585524.1880112,0,223216959.8460476,319329406.3716458,0,0,0,0,0,0,0,0,0,0,0,0,0,0,0,0,0,0
1743120000,28-03-2025,382639614.10778075,394966311.8933973,0,0,0,0,168495939.50166735,0,0,0,499009829.31254464,0,0,0,0,0,0,0,0,0,0,0,0,579259883.1092156,0,0,0,0,0,0,0,0,0,0,0,0,319854420.00151855,0,0,0,0,0,0,154389889.61158955,0,96737557.04991704,250354635.04592788,0,277814257.5688355,351573287.6297009,0,0,0,0,0,0,0,0,0,0,0,0,0,0,0,0,0,0
1743206400,29-03-2025,425068448.78270006,237066125.54950067,0,0,0,0,119023287.25874175,0,0,0,397452030.9029701,0,0,0,0,0,0,0,0,0,0,0,0,505563974.0773269,0,0,0,0,0,0,0,0,0,0,0,0,245254522.17773208,0,0,0,829010272.4531702,0,0,117061283.5663894,0,0,167282517.39693475,0,151835973.0228402,238297664.91794166,0,0,0,0,0,0,0,0,0,0,0,0,0,0,0,0,0,0
1743292800,30-03-2025,357462684.94903547,260293424.31607512,0,0,0,0,85698943.29150723,0,0,0,346153385.6671765,0,0,0,0,0,0,0,0,0,0,0,0,672284692.01881,0,0,0,0,0,0,0,0,0,0,0,0,192536998.80507535,0,0,0,0,0,59337323.80358273,112767925.06134793,0,0,150375403.3816495,0,127138909.72218035,200463353.59375325,0,0,0,0,0,0,0,0,0,0,0,0,0,0,0,0,0,0
1743379200,31-03-2025,296215386.04015,356033080.2665392,0,0,0,0,149097815.29485512,0,0,0,401269588.86249274,0,0,0,0,0,0,0,0,0,0,0,0,668628781.8649629,0,0,0,0,0,0,0,0,0,0,0,0,328878767.2501588,0,0,0,0,0,0,133763004.10469559,0,80035214.38187863,202423130.24622822,0,161468723.33496228,283721115.6611502,0,0,0,0,0,0,0,0,0,0,0,0,0,0,0,0,0,0
1743465600,01-04-2025,241654583.58453876,355782303.4871348,0,0,0,0,141145909.772847,0,0,0,392729283.4872327,0,0,0,0,0,0,0,0,0,0,0,0,624451642.2882698,0,0,0,0,0,0,0,0,0,0,0,0,301765614.6135952,0,0,0,191518838.18141317,0,0,157059098.07494435,0,0,188500413.16865507,0,158301200.97193363,293768812.9645025,0,0,0,0,0,0,0,0,0,0,0,0,0,0,0,0,0,0
1743552000,02-04-2025,277116390.10532904,746715231.9597744,0,0,0,0,182707053.68147984,0,0,0,651954387.0734932,0,0,0,0,0,0,0,0,0,0,0,0,806111750.1116526,0,0,0,0,0,0,0,0,0,0,0,0,491313121.4164228,0,0,0,0,0,136259270.47880572,142441202.62891808,0,0,330644109.30856097,0,205390984.92441216,242869379.88184214,0,0,0,0,0,0,0,0,0,0,0,0,0,0,0,0,0,0
1743638400,03-04-2025,203561893.74189544,405781839.928832,0,0,0,0,165528279.3152371,0,0,0,470288728.5297624,0,0,0,0,0,0,0,0,0,0,0,0,798959745.3986149,0,0,0,0,0,0,0,0,0,0,0,0,374020753.88712156,0,100758983.52407964,0,0,0,0,112553121.62221,0,0,282908601.6270069,0,158786911.28692043,208466285.8178748,0,0,0,0,0,0,0,0,0,0,0,0,0,0,0,0,0,0
1743724800,04-04-2025,206832001.3710034,642474843.3030348,0,0,0,0,192257177.4063115,0,0,0,484487471.7042732,0,0,0,0,0,0,0,0,0,0,0,0,805502860.9674573,0,0,0,0,0,0,0,0,0,0,0,0,432906298.3000269,0,127866621.19367713,0,0,0,0,120822178.7276586,0,0,377106696.1911255,0,148052687.64290607,234314954.71533272,0,0,0,0,0,0,0,0,0,0,0,0,0,0,0,0,0,0
1743811200,05-04-2025,142121309.71802807,214779962.84779456,0,0,0,0,56068187.06268654,0,0,0,257999797.84576613,0,0,0,0,0,0,0,0,0,0,0,0,720020621.7828186,0,0,0,0,0,0,0,0,0,0,0,0,170368653.95202598,0,50243690.72125164,0,0,0,0,109262738.39070843,0,0,161734375.66995034,0,68300904.93454435,217537399.87158328,0,0,0,0,0,0,0,0,0,0,0,0,0,0,0,0,0,0
1743897600,06-04-2025,212571078.52057073,460233409.85192126,0,0,0,0,178362440.21733338,0,0,0,512754303.63191766,0,0,0,0,0,0,0,0,0,0,0,0,869650902.8075079,0,0,0,0,0,0,0,0,0,0,0,0,412315151.06718874,0,142002001.12906346,0,0,0,188243542.40561926,0,0,109927552.13074301,352084853.6034435,0,0,225524542.96631983,0,0,0,0,0,0,0,0,0,0,0,0,0,0,0,0,0,0
1743984000,07-04-2025,214005455.674759,835041870.2879752,0,0,0,0,319008162.3621696,0,0,0,800750741.3883706,0,0,0,0,0,0,0,0,0,0,0,0,845658588.127319,0,0,0,0,0,0,0,0,0,0,0,0,715566669.6412392,0,234394158.78126138,0,0,0,348974838.50961983,0,0,0,593570782.2447263,0,175943110.43292665,266998972.37053663,0,0,0,0,0,0,0,0,0,0,0,0,0,0,0,0,0,0
1744070400,08-04-2025,182464478.33271933,520217514.2953684,0,0,0,0,184405092.226745,0,0,0,409993097.61585444,0,0,0,0,0,0,0,0,0,0,0,0,756090381.064865,0,0,0,0,0,0,0,0,0,0,0,0,409910047.6027102,0,128435447.16842464,0,0,0,0,136273551.2556868,0,0,366887165.1351361,0,121158947.16818467,318116782.14533263,0,0,0,0,0,0,0,0,0,0,0,0,0,0,0,0,0,0
1744156800,09-04-2025,246118485.9859246,898320353.1520563,0,0,0,0,266599373.6816697,0,0,0,673503198.0473704,0,0,0,0,0,0,0,0,0,0,0,0,877979421.1613367,0,0,0,0,0,0,0,0,0,0,0,0,618123505.969845,0,222422942.10206684,0,0,0,217664094.82674876,0,0,179128901.60143805,618615992.566187,0,0,387906913.9538053,0,0,0,0,0,0,0,0,0,0,0,0,0,0,0,0,0,0
1744243200,10-04-2025,187269923.92087913,428625344.366807,0,0,0,0,134795274.19890484,0,0,0,420471261.1131254,0,0,0,0,0,0,0,0,0,0,0,0,833811519.7174103,0,0,0,0,0,0,0,0,0,0,0,0,350071282.0276089,0,114365527.05002153,0,0,0,0,151300736.5522256,0,93364217.64204599,248401446.18155885,0,0,320364075.7542012,0,0,0,0,0,0,0,0,0,0,0,0,0,0,0,0,0,0
1744329600,11-04-2025,233079482.00867334,518828372.381897,0,0,0,0,0,0,0,0,664101981.8427532,0,0,0,0,0,0,0,0,0,0,0,0,717775926.7952738,0,0,0,0,0,0,0,0,0,0,0,0,370370124.2054101,0,0,0,1216456082.1502721,0,0,156523767.85295463,0,0,283757768.8474507,0,131643156.02350608,331759824.9755651,223368907.5472635,0,0,0,0,0,0,0,0,0,0,0,0,0,0,0,0,0
1744416000,12-04-2025,255017670.46655786,507699016.5622233,0,0,0,0,143899933.94514403,0,0,0,423422103.1662628,0,0,0,0,0,0,0,0,0,0,0,0,821585533.9839227,0,0,0,0,0,0,0,0,0,0,0,0,361632208.3696595,0,0,0,0,0,0,170065761.3288571,0,119344000.14540395,261662736.41401747,0,142594198.89218608,398534015.4754715,0,0,0,0,0,0,0,0,0,0,0,0,0,0,0,0,0,0
1744502400,13-04-2025,223075623.64714965,583925201.5497587,0,0,0,0,167532489.48802277,0,0,0,384745665.3366768,0,0,0,0,0,0,0,0,0,0,0,0,747764362.5836684,0,0,0,0,0,0,0,0,0,0,0,0,413718808.10509086,0,105021126.86833271,0,0,0,0,164509887.12137574,0,0,266130329.0322443,0,120340841.87286907,343660956.40537417,0,0,0,0,0,0,0,0,0,0,0,0,0,0,0,0,0,0
1744588800,14-04-2025,220466732.10037014,706088513.3918763,0,0,0,0,217879497.48454535,0,0,0,397879445.4770283,0,0,0,0,0,0,0,0,0,0,0,0,860169855.7491587,0,0,0,0,0,0,0,0,0,0,0,0,475384335.9203603,0,94077517.05237511,0,0,0,0,197264920.67459565,0,0,290166179.9467317,0,150994361.11045426,450823187.2001228,0,0,0,0,0,0,0,0,0,0,0,0,0,0,0,0,0,0
1744675200,15-04-2025,222329219.50560096,587706334.1480052,0,0,0,0,192335394.55749464,0,0,0,496681398.5230081,0,0,0,0,0,0,0,0,0,0,0,0,887750926.8475174,0,0,0,0,0,0,0,0,0,0,0,0,403665740.6023917,0,0,0,0,0,0,208945088.1381276,98600256.80865525,0,261370815.8495655,0,117201396.21420504,488876345.80776,0,0,0,0,0,0,0,0,0,0,0,0,0,0,0,0,0,0
1744761600,16-04-2025,264754151.13172105,719375428.9967302,0,0,0,0,218408814.32595682,0,0,0,471240203.16674966,0,0,0,0,0,0,0,0,0,0,0,0,832137880.2508804,0,0,0,0,0,0,0,0,0,0,0,0,565699568.5981071,0,121619100.78677833,0,0,0,0,203938149.18899542,0,0,324676304.9652106,0,120387363.72434075,451825565.7976961,0,0,0,0,0,0,0,0,0,0,0,0,0,0,0,0,0,0
1744848000,17-04-2025,209818417.57564908,517992021.7220513,0,0,0,0,175033460.33514416,0,0,0,361918028.9005009,0,0,0,0,0,0,0,0,0,0,0,0,712372210.3771582,0,0,0,0,0,0,0,0,0,0,0,0,406878197.65216404,0,138373994.04087874,0,0,0,0,205958933.43293124,0,0,394865994.04494387,0,104717227.79899992,436812196.52812374,0,0,0,0,0,0,0,0,0,0,0,0,0,0,0,0,0,0
1744934400,18-04-2025,208134360.9283729,345443702.8795408,0,0,0,0,83702636.93892889,0,0,0,283205696.78487325,0,0,0,0,0,0,0,0,0,0,0,0,629956980.661159,0,0,0,0,0,0,0,0,0,0,0,0,267706356.023638,0,100128086.84892642,0,0,0,0,171767517.67364496,0,0,218859790.35519162,0,69838410.14371495,373145187.36708474,0,0,0,0,0,0,0,0,0,0,0,0,0,0,0,0,0,0
1745020800,19-04-2025,149566511.7705919,327026032.8886261,0,0,0,0,82426475.57139643,0,0,0,276271511.3783216,0,0,0,0,0,0,0,0,0,0,0,0,719004766.0301908,0,0,0,0,0,0,0,0,0,0,0,0,348398809.1899928,0,103828968.68983786,0,0,0,0,159388066.3639856,0,0,211400317.27994275,0,87609592.92772405,405798222.17987716,0,0,0,0,0,0,0,0,0,0,0,0,0,0,0,0,0,0
1745107200,20-04-2025,170755585.17178217,346484165.44070625,0,0,0,0,0,0,0,0,370248228.152838,0,0,0,0,0,0,0,0,0,0,0,0,726070010.7641196,0,0,0,0,0,0,0,0,0,0,0,0,233745467.84616393,0,102704944.82035787,0,103092626.42360464,0,0,140534277.99713394,0,0,208653096.4056436,0,96593203.86549985,403485276.61619055,0,0,0,0,0,0,0,0,0,0,0,0,0,0,0,0,0,0
1745193600,21-04-2025,233961797.95951033,531905045.1302046,0,0,0,0,156098556.77787653,0,0,0,361615866.7563165,0,0,0,0,0,0,0,0,0,0,0,0,890831452.2326301,0,0,0,0,0,0,0,0,0,0,0,0,344017710.6739,0,160120376.73686975,0,0,0,0,197622240.24052495,0,0,311046949.2684195,0,111896255.49579923,454307156.4091825,0,0,0,0,0,0,0,0,0,0,0,0,0,0,0,0,0,0
1745280000,22-04-2025,256881462.03625304,700524771.0588292,0,0,0,0,166685432.22550148,0,0,0,510134591.85116655,0,0,0,0,0,0,0,0,0,0,0,0,1024784292.3793606,0,0,0,0,0,0,0,0,0,0,0,0,478655075.89469236,0,232442307.1579579,0,0,0,113555836.44751918,217546866.03792337,0,0,395764876.81800836,0,0,456309476.8526001,0,0,0,0,0,0,0,0,0,0,0,0,0,0,0,0,0,0
1745366400,23-04-2025,402691072.6539917,846255695.4576705,0,0,0,0,153522922.51349977,0,0,0,599581041.3492204,0,0,0,0,0,0,0,0,0,0,0,0,1107919101.294554,0,0,0,0,0,0,0,0,0,0,0,0,834098842.5089861,0,319191203.9800426,0,0,0,147585769.4154947,223769883.41018718,0,0,500202632.41221696,0,0,549491799.2530183,0,0,0,0,0,0,0,0,0,0,0,0,0,0,0,0,0,0
1745452800,24-04-2025,281427367.2428692,630821181.2964108,0,0,0,0,138449849.50751942,0,0,0,437678983.3096497,0,0,0,0,0,0,0,0,0,0,0,0,986900174.4250463,0,0,0,0,0,0,0,0,0,0,0,0,628270397.3051356,0,178970965.32576564,0,0,0,0,188409941.98223582,0,0,281128299.4353628,0,116377460.1342612,545741664.6686352,0,0,0,0,0,0,0,0,0,0,0,0,0,0,0,0,0,0
1745539200,25-04-2025,472242569.58938885,739573497.2754853,0,0,0,0,193956961.2322413,0,0,0,490337857.92022324,0,0,0,0,0,0,0,0,0,0,0,0,1207120966.0626173,0,0,0,0,0,0,0,0,0,0,0,0,617658403.802223,0,0,0,0,0,0,188936074.55993426,0,121903050.84894395,369236628.863443,0,149563378.85223764,530378564.66167974,0,0,0,0,0,0,0,0,0,0,0,0,0,0,0,0,0,0
1745625600,26-04-2025,370895491.31917655,392627122.0500416,0,0,0,0,141187078.2925227,0,0,0,363372010.67643636,0,0,0,0,0,0,0,0,0,0,0,0,1013183294.0977517,0,0,0,0,0,0,0,0,0,0,0,0,640619194.80672,0,148231134.10769042,0,820898936.6570356,0,0,159835274.72146925,0,0,254147258.00879514,0,0,453241285.175526,0,0,0,0,0,0,0,0,0,0,0,0,0,0,0,0,0,0
1745712000,27-04-2025,254940094.31771883,445130313.42434585,0,0,0,0,137755883.29144636,0,0,0,387360688.95470196,0,0,0,0,0,0,0,0,0,0,0,0,955159120.3511803,0,0,0,0,0,0,0,0,0,0,0,0,454389376.50703174,0,131050100.9824826,0,124263548.65384257,0,0,139657595.40756103,0,0,236427181.3254789,0,0,386712499.2737532,0,0,0,0,0,0,0,0,0,0,0,0,0,0,0,0,0,0
1745798400,28-04-2025,273524006.81373465,863203497.5501125,0,0,0,0,228563747.10953903,0,0,0,712952039.8153249,0,0,0,0,0,0,0,0,0,0,0,0,994132380.880305,0,0,0,0,0,0,0,0,0,0,0,0,531700660.0427971,0,224761738.2890924,0,0,0,187492429.94929472,168057376.03582183,0,0,364317078.39333093,0,0,486171117.6527737,0,0,0,0,0,0,0,0,0,0,0,0,0,0,0,0,0,0
1745884800,29-04-2025,221191871.65689883,658750904.3941991,0,0,0,0,195629885.01324987,0,0,0,582983466.9158837,0,0,0,0,0,0,0,0,0,0,0,0,889733900.0321565,0,0,0,0,0,0,0,0,0,0,0,0,450168407.35719323,0,179002528.43486723,0,0,0,0,182316211.71940437,207594999.70462066,0,297094346.796273,0,0,532816388.0779581,0,0,0,0,0,0,0,0,0,0,0,0,0,0,0,0,0,0
1745971200,30-04-2025,192257097.6977385,689063369.155979,0,0,0,0,234849948.34502986,0,0,0,540484761.5063986,0,0,0,0,0,0,0,0,0,0,0,0,1072889727.820659,0,0,0,0,0,0,0,0,0,0,0,0,468011661.8142818,0,182750907.4521087,0,0,0,0,187079519.91291276,181213889.5173495,0,338267535.4167736,0,0,632147491.8942406,0,0,0,0,0,0,0,0,0,0,0,0,0,0,0,0,0,0
1746057600,01-05-2025,198758835.40405384,583867243.9817581,0,0,0,0,169354663.8612161,0,0,0,606185398.6055769,0,0,0,0,0,0,0,0,0,0,0,0,903049432.4976946,0,0,0,0,0,0,0,0,0,0,0,0,509791485.6864055,0,0,0,321716198.5725817,0,0,172283891.2098991,0,0,422263843.03763884,0,145717736.54322267,646281770.2341696,0,0,0,0,0,0,0,0,0,0,0,0,0,0,0,0,0,0
1746144000,02-05-2025,169069855.61204234,522729589.1572693,0,0,0,0,162035025.23422104,0,0,0,463550995.71746117,0,0,0,0,0,0,0,0,0,0,0,0,926981904.6767057,0,0,0,0,0,0,0,0,0,0,0,0,356082886.97113395,0,0,0,143538601.15596446,0,0,195447816.92100987,0,0,374327201.366328,0,119715543.43361732,558572026.9406406,0,0,0,0,0,0,0,0,0,0,0,0,0,0,0,0,0,0
1746230400,03-05-2025,145589268.76232442,452424697.7662577,0,0,0,0,121225527.71081643,0,0,0,367518679.7127585,0,0,0,0,0,0,0,0,0,0,0,0,843810311.5608084,0,0,0,0,0,0,0,0,0,0,0,0,414132031.98430187,0,119290847.0420265,0,0,0,0,169054058.99663433,118792661.23950247,0,311928982.2961068,0,0,743543510.4546432,0,0,0,0,0,0,0,0,0,0,0,0,0,0,0,0,0,0
1746316800,04-05-2025,133724417.07346722,384197555.6616527,0,0,0,0,164183630.7572693,0,0,0,333695657.95478487,0,0,0,0,0,0,0,0,0,0,0,0,772027469.2416681,0,0,0,0,0,0,0,0,0,0,0,0,333251545.4766362,0,145969272.66397,0,0,0,0,161983021.55085614,138922361.303068,0,297610800.6414401,0,0,669448482.749226,0,0,0,0,0,0,0,0,0,0,0,0,0,0,0,0,0,0
1746403200,05-05-2025,142339596.01023722,536564835.52548814,0,0,0,0,161541496.06736144,0,0,0,452242234.09744924,0,0,0,0,0,0,0,0,0,0,0,0,1022603258.0741781,0,0,0,0,0,0,0,0,0,0,0,0,374480351.297722,0,201434758.16028187,0,0,0,0,184702845.08856624,175277563.69180828,0,482855212.14252645,0,0,523942629.5435378,0,0,0,0,0,0,0,0,0,0,0,0,0,0,0,0,0,0
1746489600,06-05-2025,155291181.19476599,663633221.7533298,0,0,0,0,175311417.35155454,0,0,0,428418052.77203476,0,0,0,0,0,0,0,0,0,0,0,0,923333664.7673427,0,0,0,0,0,0,0,0,0,0,0,0,356291423.15820575,0,212080434.3596551,0,0,0,0,185727480.11579794,188869862.99711987,0,352573361.1885816,0,0,613465560.967104,0,0,0,0,0,0,0,0,0,0,0,0,0,0,0,0,0,0
1746576000,07-05-2025,173078197.5227542,648139174.3541273,0,0,0,0,187952657.60934654,0,0,0,407745144.11093485,0,0,0,0,0,0,0,0,0,0,0,0,871945302.9017564,0,0,0,0,0,0,0,0,0,0,0,0,343805855.8079897,0,255993042.45204055,0,0,0,0,212886103.36918193,159345051.56146163,0,384369370.2100012,0,0,585736914.2742362,0,0,0,0,0,0,0,0,0,0,0,0,0,0,0,0,0,0
1746662400,08-05-2025,278087196.90079623,819700103.8644783,0,0,0,0,236670743.60733816,0,0,0,656338684.5738016,0,0,0,0,0,0,0,0,0,0,0,0,1142501034.5775352,0,0,0,0,0,0,0,0,0,0,0,0,596642041.8535037,0,291031239.30668694,0,0,0,0,243786183.20179045,169192495.4320764,0,525890555.7901563,0,0,678039190.4005668,0,0,0,0,0,0,0,0,0,0,0,0,0,0,0,0,0,0
1746748800,09-05-2025,390947458.33782345,1054947495.4044529,0,0,0,0,307223469.8953326,0,0,0,787201195.8592455,0,0,0,0,0,0,0,0,0,0,0,0,1218921116.5636697,0,0,0,0,0,0,0,0,0,0,0,0,782621878.0939429,0,314789298.0309417,0,0,0,220216981.7597269,238825076.69992173,0,0,711431850.8153267,0,0,633426075.4159276,0,0,0,0,0,0,0,0,0,0,0,0,0,0,0,0,0,0
1746835200,10-05-2025,330135913.9656484,656459622.8898284,0,0,0,0,219904738.67061737,0,0,0,592793710.189299,0,0,0,0,0,0,0,0,0,0,0,0,981542927.7744144,0,0,0,0,0,0,0,0,0,0,0,0,583635463.0156479,0,169721072.1876077,0,0,0,0,177814144.50400826,124291697.06749764,0,521190721.0289133,0,0,567715219.1751759,0,0,0,0,0,0,0,0,0,0,0,0,0,0,0,0,0,0
1746921600,11-05-2025,317143181.8641794,689103463.2596266,0,0,0,0,163568805.6045783,0,0,0,617627299.0406946,0,0,0,0,0,0,0,0,0,0,0,0,1131078831.8799076,0,0,0,0,0,0,0,0,0,0,0,0,527077578.96781814,0,168341483.5406483,0,132601264.61645198,0,0,164835566.39174566,0,0,655924009.4647328,0,0,700538610.8809979,0,0,0,0,0,0,0,0,0,0,0,0,0,0,0,0,0,0
1747008000,12-05-2025,582878629.7139083,1251161711.7673054,0,0,0,0,216246346.8857036,0,0,0,908140205.2608873,0,0,0,0,0,0,0,0,0,0,0,0,1413493140.7741888,0,0,0,0,0,0,0,0,0,0,0,0,891975657.5394619,0,375422264.7757643,0,344072007.4330921,0,0,0,0,205576973.18715018,1017217468.8925961,0,0,604583756.6922442,0,0,0,0,0,0,0,0,0,0,0,0,0,0,0,0,0,0
1747094400,13-05-2025,463702979.3022043,890442386.3939809,0,0,0,0,184639370.42643532,0,0,0,944387146.3877747,0,0,0,0,0,0,0,0,0,0,0,0,1363933291.8982484,0,0,561372880.9942672,0,0,0,0,0,0,0,0,0,793004498.9150603,0,314109550.47726095,0,311927651.66312385,0,0,0,0,0,564249143.013844,0,0,613719005.0168631,0,0,0,0,0,0,0,0,0,0,0,0,0,0,0,0,0,0
1747180800,14-05-2025,373996825.564755,746674342.707557,0,0,0,0,160266754.96990922,0,0,0,887492412.8903203,0,0,0,0,0,0,0,0,0,0,0,0,1526895886.212601,0,0,645079579.2664112,0,0,0,0,0,0,0,0,0,832534360.7711582,0,263626760.98088846,0,265733923.4252124,0,0,0,0,0,509868745.0525039,0,0,764735036.939856,0,0,0,0,0,0,0,0,0,0,0,0,0,0,0,0,0,0
1747267200,15-05-2025,279610554.2547972,764106741.9258662,0,0,0,0,211719362.68138036,0,0,0,795604058.2042928,0,0,0,0,0,0,0,0,0,0,0,0,1400866392.4136326,0,0,526366145.31329465,0,0,0,0,0,0,0,0,0,782939884.7604173,0,295814364.0912006,0,158050367.88293615,0,0,0,0,0,499323322.59663016,0,0,717011946.4808141,0,0,0,0,0,0,0,0,0,0,0,0,0,0,0,0,0,0
1747353600,16-05-2025,239351109.4004676,631316653.7111747,0,0,0,0,175791722.99930203,0,0,0,723483016.9476581,0,0,0,0,0,0,0,0,0,0,0,0,1228726105.6016457,0,0,210875582.32378876,0,0,0,0,0,0,0,0,0,562299734.038622,0,225041553.38097495,0,0,0,0,140337351.26728496,0,0,364081838.7982694,0,0,795407434.3226238,0,0,0,0,0,0,0,0,0,0,0,0,0,0,0,0,0,0
1747440000,17-05-2025,188420615.5627055,490087901.2495134,0,0,0,0,140502549.40348884,0,0,0,583844857.1950774,0,0,0,0,0,0,0,0,0,0,0,0,1243697596.1375709,0,0,0,0,0,0,0,0,0,0,0,0,438997177.8489398,0,206211666.93766367,0,148122329.38760418,0,0,151532415.6610641,0,0,290387112.39531064,0,0,814881586.0350202,0,0,0,0,0,0,0,0,0,0,0,0,0,0,0,0,0,0
1747526400,18-05-2025,252489674.86526382,641797739.845073,0,0,0,0,133871244.10586372,0,0,0,633044418.3041493,0,0,0,0,0,0,0,0,0,0,0,0,1314152845.0949934,0,0,142832109.0552909,0,0,0,0,0,0,0,0,0,501005044.63290244,0,190205196.3743481,0,0,0,0,163152563.31603542,0,0,344346712.3236489,0,0,658512313.5256178,0,0,0,0,0,0,0,0,0,0,0,0,0,0,0,0,0,0
1747612800,19-05-2025,231566118.1740861,699996323.1804252,0,0,0,0,142434972.243155,0,0,0,659745719.6811098,0,0,0,0,0,0,0,0,0,0,0,0,1397676732.5241818,0,0,0,0,0,0,0,0,0,0,0,0,457853935.2014022,0,284008351.0109347,0,146766458.68303436,0,0,178270215.36017758,0,0,409346421.29713774,0,0,724139925.3729656,0,0,0,0,0,0,0,0,0,0,0,0,0,0,0,0,0,0
1747699200,20-05-2025,222273797.57348385,658121937.4621783,0,0,0,0,122641820.14195582,0,0,0,669646416.0662276,0,0,0,0,0,0,0,0,0,0,0,0,1447785918.8296697,0,0,140254030.84061256,0,0,0,0,0,0,0,0,0,505680239.0760582,0,303682355.0709171,0,0,0,0,186737837.9516127,0,0,391469554.7966566,0,0,830344720.513282,0,0,0,0,0,0,0,0,0,0,0,0,0,0,0,0,0,0
1747785600,21-05-2025,231848932.17425057,979062160.3258812,0,0,0,0,0,0,0,0,889619652.3070196,0,0,0,0,0,0,0,0,0,0,0,0,1544220478.4857347,0,0,169183168.46831584,0,0,0,0,0,0,0,0,0,791756120.329451,0,340293613.6620864,0,0,0,0,193430512.2829679,188364079.10531697,0,550351111.6286311,0,0,925894767.8205224,0,0,0,0,0,0,0,0,0,0,0,0,0,0,0,0,0,0
1747872000,22-05-2025,295115189.09287745,815890512.8218547,0,0,0,0,151084094.0677202,0,0,0,862863442.1284878,0,0,0,0,0,0,0,0,0,0,0,0,1595789642.0965037,0,0,163733560.42760548,0,0,0,0,0,0,0,0,0,721179271.6844671,0,337897231.81152165,0,0,0,0,204770407.78946638,0,0,475353563.618087,0,0,1027316907.1378284,0,0,0,0,0,0,0,0,0,0,0,0,0,0,0,0,0,0
1747958400,23-05-2025,296097792.4115592,1141942273.361834,0,0,0,0,214513960.63448143,0,0,0,752590160.9176885,0,0,0,0,0,0,0,0,0,0,0,0,1617976713.1652286,0,0,0,0,0,0,0,0,0,0,0,0,744044876.7136135,0,326678406.1257048,0,0,0,0,190462747.4791092,0,161942812.2576317,549498662.8697361,0,0,953350707.7864411,0,0,0,0,0,0,0,0,0,0,0,0,0,0,0,0,0,0
1748044800,24-05-2025,185211525.1313073,427336756.7757166,0,0,0,0,88881932.08717883,0,0,0,396040622.9419888,0,0,0,0,0,0,0,0,0,0,0,0,1395756227.95509,0,0,0,0,0,0,0,0,0,0,0,0,341469453.46779495,0,150748455.7102255,0,77742494.57901233,0,0,144389197.48525384,0,0,201031176.8957956,0,0,931466472.3940421,0,0,0,0,0,0,0,0,0,0,0,0,0,0,0,0,0,0
1748131200,25-05-2025,180547253.65060395,439679704.12519026,0,0,0,0,87947062.85197057,0,0,0,381839562.06514794,0,0,0,0,0,0,0,0,0,0,0,0,1352680673.06035,0,0,0,0,0,0,0,0,0,0,0,0,329709389.8855455,0,150851660.68598917,0,121308168.9275433,0,0,152525872.94368285,0,0,217402671.24411762,0,0,996907258.9130685,0,0,0,0,0,0,0,0,0,0,0,0,0,0,0,0,0,0
1748217600,26-05-2025,199001195.8705048,454729148.5455996,0,0,0,0,96214232.22455092,0,0,0,429891282.3646077,0,0,0,0,0,0,0,0,0,0,0,0,1515696463.08206,0,0,0,0,0,0,0,0,0,0,0,0,411711697.0922236,0,180853004.22541428,0,112770300.93366797,0,0,198319793.37033996,0,0,223680376.13593116,0,0,1280489843.2579322,0,0,0,0,0,0,0,0,0,0,0,0,0,0,0,0,0,0
1748304000,27-05-2025,206820251.96156812,591585086.690757,0,0,0,0,110426409.01560241,0,0,0,466639901.64544904,0,0,0,0,0,0,0,0,0,0,0,0,1032894517.6508203,0,0,0,0,0,0,0,0,0,0,0,0,409161543.8022225,0,273032376.3281553,0,113986540.39861795,0,0,190806341.7784201,0,0,263118232.4076674,0,0,2144326712.0462685,0,0,0,0,0,0,0,0,0,0,0,0,0,0,0,0,0,0
1748390400,28-05-2025,186505291.1719526,439967941.2850913,0,0,0,0,115557712.44137327,0,0,0,434653605.5708049,0,0,0,0,0,0,0,0,0,0,0,0,636438829.4660931,0,0,0,0,0,0,0,0,0,0,0,0,333842298.8106746,0,268661102.2964221,0,112128386.02485484,0,0,174433738.80155027,0,0,207645362.4992601,0,0,3742939647.193485,0,0,0,0,0,0,0,0,0,0,0,0,0,0,0,0,0,0
1748476800,29-05-2025,186191203.06636548,515581329.5531874,0,0,0,0,124172289.74999517,0,0,0,546323708.7259159,0,0,0,0,0,0,0,0,0,0,0,0,597152559.001977,0,0,98912663.53326555,0,0,0,0,0,0,0,0,0,376392130.93973744,0,200785636.55030507,0,0,0,0,165880716.31474146,0,0,227784253.65328348,0,0,4176437050.304825,0,0,0,0,0,0,0,0,0,0,0,0,0,0,0,0,0,0
1748563200,30-05-2025,203850121.95607108,660255707.8392601,0,0,0,0,157197199.76347736,0,0,0,796076119.192598,0,0,0,0,0,0,0,0,0,0,0,0,730075884.7556428,0,0,0,0,0,0,0,0,0,0,0,0,392555516.1717922,123793670.41015522,276108698.14538664,0,0,0,0,151879786.51180768,0,0,321253409.2549343,0,0,2277239255.8382874,0,0,0,0,0,0,0,0,0,0,0,0,0,0,0,0,0,0
1748649600,31-05-2025,154444304.0691538,406231023.6719828,0,0,0,0,92254458.23139116,0,0,0,382713198.0036306,0,0,0,0,0,0,0,0,0,0,0,0,598296734.3640555,0,0,0,0,0,0,0,0,0,0,0,0,302699102.3885377,0,233513376.79953337,0,0,0,0,130645504.9429588,0,77688743.73300794,200876122.89912623,0,0,2475334698.198281,0,0,0,0,0,0,0,0,0,0,0,0,0,0,0,0,0,0
1748736000,01-06-2025,293615065.0152158,673853984.7535195,0,0,0,0,169286519.79244876,0,0,0,761212468.2031634,0,0,0,0,0,0,0,0,0,0,0,0,1224755938.148295,0,0,0,0,0,0,0,0,0,0,0,0,564662397.6576935,0,428256300.83619505,0,0,0,0,300031702.2536331,0,143938922.77478006,316172812.2199386,0,0,7629908155.588589,0,0,0,0,0,0,0,0,0,0,0,0,0,0,0,0,0,0
1748822400,02-06-2025,187685709.53676617,607138744.8774805,0,0,0,0,168373804.75118327,0,0,0,584876802.9685199,0,0,0,0,0,0,0,0,0,0,0,0,868370805.9872276,0,0,0,0,0,0,0,0,0,0,0,0,389312400.64716804,0,418737069.56619567,0,103308666.09944287,0,0,230212409.61450493,0,0,225238585.11855435,0,0,5717616257.021214,0,0,0,0,0,0,0,0,0,0,0,0,0,0,0,0,0,0
1748908800,03-06-2025,185546397.2416681,558629239.4093758,0,0,0,0,132108840.11007932,0,0,0,580293718.0786269,0,0,0,0,0,0,0,0,0,0,0,0,619332885.043499,0,0,0,0,0,0,0,0,0,0,0,0,378240188.0885635,0,374942760.953181,0,119924376.37269382,0,0,183788566.8695624,0,0,240555849.1076704,0,0,4522916278.906002,0,0,0,0,0,0,0,0,0,0,0,0,0,0,0,0,0,0
1748995200,04-06-2025,166305194.29330412,446529453.1695437,0,0,0,0,105367450.8146756,0,0,0,355212838.3081078,0,0,0,0,0,0,0,0,0,0,0,0,650673262.9480406,0,0,0,0,0,0,0,0,0,0,0,0,342722130.869688,0,221063538.85444838,0,82328090.2570836,0,0,165879150.92730048,0,0,185808178.08359185,0,0,4313692978.753892,0,0,0,0,0,0,0,0,0,0,0,0,0,0,0,0,0,0
1749081600,05-06-2025,187285602.82396755,594742060.0520278,0,0,0,0,127878093.44682069,0,0,0,542658727.4123465,0,0,0,0,0,0,0,0,0,0,0,0,566553900.7066475,0,0,0,0,0,0,0,0,0,0,0,0,571213396.2080749,0,313525030.38331264,0,0,0,0,187124258.64159355,0,126492599.2862723,329605023.6265104,0,0,4087490122.8275986,0,0,0,0,0,0,0,0,0,0,0,0,0,0,0,0,0,0
1749168000,06-06-2025,141186823.94750637,356399337.75101,0,0,0,0,91785669.84221905,0,0,0,438112931.2273162,0,0,0,0,0,0,0,0,0,0,0,0,594853210.435038,0,0,0,0,0,0,0,0,0,0,0,0,456014398.5585957,0,174915660.6801796,0,0,0,0,159652283.37124783,0,74194163.56444177,214588756.62831402,0,0,4801038737.220387,0,0,0,0,0,0,0,0,0,0,0,0,0,0,0,0,0,0
1749254400,07-06-2025,118363713.99577719,228279573.0687788,0,0,0,0,47630870.9279192,0,0,0,275487880.8153012,0,0,0,0,0,0,0,0,0,0,0,0,566742105.9154649,0,0,0,0,0,0,0,0,0,0,0,0,272680120.87133044,0,119935073.59396777,0,54455385.49589361,0,0,136966217.26849407,0,0,131317818.06110115,0,0,6282577501.327822,0,0,0,0,0,0,0,0,0,0,0,0,0,0,0,0,0,0
1749340800,08-06-2025,117130336.07173984,236730497.54329014,0,0,0,0,46317607.957305536,0,0,0,266469563.01531917,0,0,0,0,0,0,0,0,0,0,0,0,555560114.4786214,0,0,0,0,0,0,0,0,0,0,0,0,218678698.37635374,0,87863941.78745148,0,55393655.397244856,0,0,130858727.61850214,0,0,131004701.86640719,0,0,5922066095.976566,0,0,0,0,0,0,0,0,0,0,0,0,0,0,0,0,0,0
1749427200,09-06-2025,135317233.1489912,463789167.95833045,0,0,0,0,0,0,0,0,440962452.65591574,0,0,0,0,0,0,0,0,0,0,0,0,743475061.8634747,0,0,0,0,0,0,0,0,0,0,0,0,355960464.6694452,0,219161693.98982808,0,86997136.84983629,0,0,163595516.56406385,0,0,215305236.0916376,0,164465339.99325794,6243539247.936768,0,0,0,0,0,0,0,0,0,0,0,0,0,0,0,0,0,0
1749513600,10-06-2025,226949389.49496418,722350082.7002239,0,0,0,0,0,0,0,0,693814907.1913217,0,0,0,0,0,0,0,0,0,0,0,0,663405518.8064891,0,0,0,0,0,0,0,0,230235360.22228754,0,0,0,435001562.00605696,0,321223587.0801485,0,0,0,0,171144892.47469103,0,0,298737039.1119328,0,171761466.72446796,6396088853.764607,0,0,0,0,0,0,0,0,0,0,0,0,0,0,0,0,0,0
1749600000,11-06-2025,289196089.68304247,766274085.8691621,0,0,0,0,0,0,0,0,561052181.2745036,0,0,0,0,0,0,0,0,0,0,0,0,717001205.4764762,0,0,0,0,0,0,0,0,0,0,0,0,475176776.8827868,0,296681210.14116275,0,0,0,0,168066905.23655033,0,112819352.93729568,304189824.770205,0,226689811.55259824,6390178346.279955,0,0,0,0,0,0,0,0,0,0,0,0,0,0,0,0,0,0
1749686400,12-06-2025,279511755.4477758,602760182.3143823,0,0,0,0,0,0,0,0,352244826.7443808,0,0,0,0,0,0,0,0,0,0,0,0,517127576.5520472,0,0,0,0,0,0,0,0,0,0,0,0,507567726.7347854,0,241861607.447499,0,0,0,0,142618096.07478926,0,84118252.1883193,258124763.51677698,0,145749057.0575148,5489118470.412679,0,0,0,0,0,0,0,0,0,0,0,0,0,0,0,0,0,0
1749772800,13-06-2025,307878651.76552886,685139965.671881,0,0,0,0,0,0,0,0,719461941.5548965,0,0,0,0,0,0,0,0,0,0,0,0,760370837.991982,0,0,0,0,0,0,0,0,0,0,0,0,581405468.9003099,0,453314278.2786234,138309842.11380175,0,0,142101637.96519744,0,0,0,433487032.85664177,0,225583560.7318391,5760314566.940009,0,0,0,0,0,0,0,0,0,0,0,0,0,0,0,0,0,0
1749859200,14-06-2025,178498486.9499444,257677639.2247115,0,0,0,0,0,0,0,0,243443930.20888156,0,0,0,0,0,0,0,0,0,0,0,0,537778552.5965803,0,0,0,0,0,0,0,0,0,0,0,0,237006015.52315578,0,120014317.24102566,0,0,0,0,120390805.59777163,0,54757743.78880293,157647830.3659358,0,92036965.7916328,6651102728.208916,0,0,0,0,0,0,0,0,0,0,0,0,0,0,0,0,0,0
1749945600,15-06-2025,181877318.29631722,380478275.61432874,0,0,0,0,62897506.63400671,0,0,0,319140784.01396596,0,0,0,0,0,0,0,0,0,0,0,0,530399919.72557676,0,0,0,0,0,0,0,0,0,0,0,0,249142560.4288566,64191582.836619094,151025094.02255797,0,0,0,0,117111675.6889375,0,0,171804805.93533477,0,0,6450236398.059449,0,0,0,0,0,0,0,0,0,0,0,0,0,0,0,0,0,0
1750032000,16-06-2025,201905956.5402934,599183656.1114143,0,0,0,0,82081859.87805642,0,0,0,389115928.40433985,0,0,0,0,0,0,0,0,0,0,0,0,682127707.3475355,0,0,0,0,0,0,0,0,0,0,0,0,448542076.5663983,0,175222650.35547656,0,0,0,0,183644436.66190392,0,125579053.03785098,266771528.85005093,0,0,7645143114.570951,0,0,0,0,0,0,0,0,0,0,0,0,0,0,0,0,0,0
1750118400,17-06-2025,191271208.25009337,572610143.1575898,0,0,0,0,0,0,0,0,520974904.4108907,0,0,0,0,0,0,0,0,0,0,0,0,627425872.6074017,0,0,0,0,0,0,0,0,0,0,0,0,390973356.1459854,0,266779979.65421155,0,0,0,0,165402150.49991578,0,133505502.34435615,296404323.54213315,0,156369151.5710904,7997824991.438911,0,0,0,0,0,0,0,0,0,0,0,0,0,0,0,0,0,0
1750204800,18-06-2025,176856979.36816502,484212470.1025777,0,0,0,0,73715750.31605214,0,0,0,302418859.89870626,0,0,0,0,0,0,0,0,0,0,0,0,728831861.9272531,0,0,0,0,0,0,0,0,0,0,0,0,358055561.25763655,0,248097088.52318284,0,0,0,0,174750617.09692407,0,100299501.09512623,226430270.10897833,0,0,9532940011.452665,0,0,0,0,0,0,0,0,0,0,0,0,0,0,0,0,0,0
1750291200,19-06-2025,137565544.12597388,275468587.0211884,0,0,0,0,0,0,0,0,262546376.77715892,0,0,0,0,0,0,0,0,0,0,0,0,416937788.12054706,0,0,0,0,0,0,0,0,0,0,0,0,290082147.88318133,0,83511097.02784494,0,0,0,0,135633248.78060228,0,75885748.14032045,158807147.8131714,0,66002091.48534254,7515408081.960015,0,0,0,0,0,0,0,0,0,0,0,0,0,0,0,0,0,0
1750377600,20-06-2025,130123235.32807517,355642839.2945093,0,0,0,0,0,0,0,0,395525112.06189436,0,0,0,0,0,0,0,0,0,0,0,0,494383432.06506264,0,0,0,0,0,0,0,0,0,0,0,0,477635165.5936127,0,233411556.97137263,0,0,0,86795609.8796591,123866836.30566415,0,0,222575061.7664625,0,346725207.93847,7135637332.844957,0,0,0,0,0,0,0,0,0,0,0,0,0,0,0,0,0,0
1750464000,21-06-2025,118770452.45688032,334112126.5877392,0,0,0,0,0,0,0,0,359536486.17961144,0,0,0,0,0,0,0,0,0,0,0,0,507758237.65078425,0,0,0,0,0,0,0,0,0,0,0,0,264394086.47918963,0,250460901.7224527,0,0,0,117345833.9175509,110609271.14129616,0,0,226525596.75390998,0,335954403.9939606,6996678381.024503,0,0,0,0,0,0,0,0,0,0,0,0,0,0,0,0,0,0
1750550400,22-06-2025,131130541.04936278,445344524.2215953,0,0,0,0,0,0,0,0,399186025.2772439,0,0,0,0,0,0,0,0,0,0,0,0,535465355.5719048,0,0,0,0,0,0,0,0,0,0,0,0,386615718.01754016,0,476363030.7561517,0,0,0,298101231.6633508,0,0,122583501.00579801,410467638.4020901,0,469741148.78950244,6394897141.674204,0,0,0,0,0,0,0,0,0,0,0,0,0,0,0,0,0,0
1750636800,23-06-2025,160293206.00731134,581566847.9060802,0,0,0,0,0,0,0,0,466837661.30272406,0,0,0,0,0,0,0,0,0,0,0,0,527660957.747843,0,0,0,0,0,0,0,0,0,0,0,0,359361305.7676765,0,439057455.83404255,0,0,0,253913762.00897628,128134911.93620622,0,0,407787498.05598265,0,418463333.15956944,5603786459.1679735,0,0,0,0,0,0,0,0,0,0,0,0,0,0,0,0,0,0
1750723200,24-06-2025,129276005.14005637,434711743.59059775,0,0,0,0,0,0,0,0,341608651.5716466,0,0,0,0,0,0,0,0,0,0,0,0,513770889.56526625,0,0,0,0,0,0,0,0,0,0,0,0,290597628.20326775,0,226375353.92124495,0,0,0,0,143407073.82726666,0,82605631.43247752,203481247.41203162,0,370329538.4364726,6044692636.488411,0,0,0,0,0,0,0,0,0,0,0,0,0,0,0,0,0,0
1750809600,25-06-2025,166579313.12219313,409699223.4998759,0,0,0,0,0,0,0,0,503855783.0569416,0,0,0,0,0,0,0,0,0,0,0,0,534907567.7440766,0,0,0,0,0,0,0,0,0,0,0,0,276386957.38587314,0,140853638.35680097,489732741.86288255,0,0,0,154393223.17364153,0,0,187903870.58030117,0,281358803.117666,6934877413.058563,0,0,0,0,0,0,0,0,0,0,0,0,0,0,0,0,0,0
1750896000,26-06-2025,125954321.79476675,390956864.8802604,0,0,0,0,0,0,0,0,371274917.6633793,0,0,0,0,0,0,0,0,0,0,0,0,467758613.19389397,0,0,0,0,0,0,0,0,0,0,0,0,242971389.8622232,0,189758716.44383612,0,97144281.24132639,0,0,153248397.37390327,0,0,166835724.78036213,0,201989052.0766966,6796214181.809797,0,0,0,0,0,0,0,0,0,0,0,0,0,0,0,0,0,0
1750982400,27-06-2025,207938295.60536945,336475903.6174214,0,0,0,0,0,0,0,0,401062774.20970577,0,0,0,0,0,0,0,0,0,0,0,0,327596589.3003715,0,0,0,0,0,0,0,0,0,0,0,0,237511535.5617997,0,155380474.03128907,0,0,0,0,115646541.5388324,0,0,159897990.14517206,0,203896708.70474404,7641455212.873934,0,82260576.59333803,0,0,0,0,0,0,0,0,0,0,0,0,0,0,0,0
1751068800,28-06-2025,197490795.12832215,314985758.7238641,0,0,0,0,0,0,0,0,468821428.42855376,0,0,0,0,0,0,0,0,0,0,0,0,476857204.52394915,0,0,88399595.97523394,0,0,0,0,0,0,0,0,0,261164115.70039943,0,138431288.19584054,0,0,0,0,102326714.7584942,0,0,174343403.41825396,0,189575575.42505047,8311364457.043655,0,0,0,0,0,0,0,0,0,0,0,0,0,0,0,0,0,0
1751155200,29-06-2025,138720535.27719226,266927848.92209685,0,0,0,0,0,0,0,0,358114024.9680848,0,0,0,0,0,0,0,0,0,0,0,0,468463038.1333754,0,0,0,0,0,0,0,0,0,0,0,0,221427755.334319,0,113941936.60568091,0,80445936.00301382,0,0,117557804.5183052,0,0,134826434.4724138,0,233362994.59937128,7930921526.601459,0,0,0,0,0,0,0,0,0,0,0,0,0,0,0,0,0,0
1751241600,30-06-2025,152459125.7788158,557921637.3243728,0,0,0,0,0,0,0,0,543482179.838003,0,0,0,0,0,0,0,0,0,0,0,0,471909695.9488543,0,0,0,0,0,0,0,0,0,0,0,0,355487123.3834935,0,199426445.52915737,0,0,0,172810825.9098953,161472568.97849834,0,0,281222825.9679517,0,197633461.19944787,8965510387.121561,0,0,0,0,0,0,0,0,0,0,0,0,0,0,0,0,0,0
1751328000,01-07-2025,125986044.74647407,342997797.80257815,0,0,0,0,0,0,0,0,377119759.18761253,0,0,0,0,0,0,0,0,0,0,0,0,344546611.6398783,0,0,0,0,0,0,0,0,0,0,0,0,443638128.29945195,0,182107226.14183486,0,0,0,0,169283870.07278252,0,110696455.14860229,179828710.51911682,0,179024785.27134308,9879770912.562498,0,0,0,0,0,0,0,0,0,0,0,0,0,0,0,0,0,0
1751414400,02-07-2025,172698157.9627972,382155036.7851782,0,0,0,0,0,0,0,0,500102595.07260245,0,0,0,0,0,0,0,0,0,0,0,0,561500763.9811361,0,0,0,0,0,0,0,0,0,0,0,0,386963175.0969528,0,167339037.986946,0,153624991.69642925,0,0,156220985.27119437,0,0,170404850.1753693,0,209199673.11375827,9423999030.374165,0,0,0,0,0,0,0,0,0,0,0,0,0,0,0,0,0,0
1751500800,03-07-2025,199138841.01103896,387650850.8111266,0,0,0,0,0,0,0,0,465089846.0394829,0,0,0,0,0,0,0,0,0,0,0,0,555923631.590205,0,0,127677983.52080445,0,0,0,0,0,0,0,0,0,426170908.5451207,0,145747040.18354765,0,0,0,0,135153561.13117152,0,0,161281946.45523357,0,187705619.54410166,8338597581.984571,0,0,0,0,0,0,0,0,0,0,0,0,0,0,0,0,0,0
1751587200,04-07-2025,120658802.91743648,332101442.3183744,0,0,0,0,0,0,0,0,347547577.3564357,0,0,0,0,0,0,0,0,0,0,0,0,503324117.5906054,0,0,0,0,0,0,0,0,0,0,0,0,348799158.8875358,0,143641214.91796508,0,131149957.88666618,0,0,103074194.31075223,0,0,112501462.90530498,0,160482924.55156577,7959201627.640934,0,0,0,0,0,0,0,0,0,0,0,0,0,0,0,0,0,0
1751673600,05-07-2025,139152220.92395,188654367.2015949,0,0,0,0,0,0,0,0,294825127.6768331,0,0,0,0,0,0,0,0,0,0,0,0,494169163.54579073,0,0,0,0,0,0,0,0,0,0,0,0,279087484.2143572,0,72382357.60254733,0,234832795.63704997,0,0,0,0,0,97705251.75189666,0,115677463.00805302,7919214141.332414,0,0,71995555.77395302,0,0,0,0,0,0,0,0,0,0,0,0,0,0,0
1751760000,06-07-2025,253355286.99906525,460236466.4017393,0,0,0,0,0,0,0,0,553136900.4000492,0,0,0,0,0,0,0,0,0,0,0,0,767566122.8538741,0,0,0,0,0,0,0,0,0,0,0,0,699696163.7604226,0,165362668.10420418,0,521178503.2269985,0,0,0,0,0,202365111.62810865,0,159259367.5774564,12603297783.055347,0,0,167158857.31974512,0,0,0,0,0,0,0,0,0,0,0,0,0,0,0
1751846400,07-07-2025,150378216.72470906,420524624.0324462,0,0,0,0,0,0,0,0,426933892.3273728,0,0,0,0,0,0,0,0,0,0,0,0,596144372.721255,0,0,0,0,0,0,0,0,0,0,0,0,547796209.3767838,0,129930009.60280581,0,302255221.6293647,0,0,0,0,0,138360677.18176773,0,158718721.5002555,7888378762.421911,0,0,132364143.02688912,0,0,0,0,0,0,0,0,0,0,0,0,0,0,0
1751932800,08-07-2025,140825232.4404349,372570534.5904584,0,0,0,0,0,0,0,0,365598211.64821535,0,0,0,0,0,0,0,0,0,0,0,0,614745629.8560863,0,0,0,0,0,0,0,0,0,0,0,0,476969565.36842334,0,131245084.3339328,0,307619110.7223668,0,0,0,0,0,140915969.65111658,0,375168320.481066,6841746977.969609,0,0,132097080.70557204,0,0,0,0,0,0,0,0,0,0,0,0,0,0,0
1752019200,09-07-2025,127103897.19593483,423636064.9916353,0,0,0,0,0,0,0,0,486441680.4062616,0,0,0,0,0,0,0,0,0,0,0,0,703722771.0401989,0,0,0,0,0,0,0,0,0,0,0,0,603776700.4162232,0,145313082.03206706,0,283873377.9454024,0,0,0,0,0,157327983.80355993,0,462194239.08094114,6603985615.444915,0,0,109876218.09469941,0,0,0,0,0,0,0,0,0,0,0,0,0,0,0
1752105600,10-07-2025,201482564.28961858,490791977.5362301,0,0,0,0,0,0,0,0,643287315.6032667,0,0,0,0,0,0,0,0,0,0,0,0,667565124.0200561,0,0,0,0,0,0,0,0,0,0,0,0,509719993.70220965,0,207391005.89203742,0,270595055.1835979,0,0,0,0,0,202130390.23466823,0,305264566.1438189,6987734534.810114,0,0,126561085.83082566,0,0,0,0,0,0,0,0,0,0,0,0,0,0,0
1752192000,11-07-2025,182858862.48003557,681881201.2837893,0,0,0,0,0,0,0,0,613225896.3590895,0,0,0,0,0,0,0,0,0,0,0,0,778069160.629614,0,0,0,0,0,0,0,0,0,0,0,0,755361368.1510947,0,234047648.99355853,0,299331080.6091287,0,0,0,0,135033052.02102605,194783158.95016518,0,284527452.6620614,7468197382.641016,0,0,0,0,0,0,0,0,0,0,0,0,0,0,0,0,0,0
1752278400,12-07-2025,137417686.2356352,452037720.4007477,0,0,0,0,0,0,0,0,394803743.4405199,0,0,0,0,0,0,0,0,0,0,0,0,587308712.9562002,0,0,0,0,0,0,0,0,0,0,0,0,2282478591.530287,0,155515456.61485338,0,222056419.45769006,0,0,0,0,124162628.50350945,131778253.3884863,0,269665900.5516723,9024105284.201052,0,0,0,0,0,0,0,0,0,0,0,0,0,0,0,0,0,0
1752364800,13-07-2025,130976087.59705055,453672747.95345294,0,0,0,0,0,0,0,0,320615573.2424709,0,0,0,0,0,0,0,0,0,0,0,0,683124684.2144015,0,0,0,0,0,0,0,0,0,0,0,0,2591530249.4624457,0,123418158.14419411,0,237433339.17076108,0,0,0,0,0,113878818.343308,0,286022295.9477418,8977323686.38371,0,0,92726870.37811233,0,0,0,0,0,0,0,0,0,0,0,0,0,0,0
1752451200,14-07-2025,179618460.1712728,774266561.3747021,0,0,0,0,0,0,0,0,567558291.2771513,0,0,0,0,0,0,0,0,0,0,0,0,706202283.7292676,0,0,0,0,0,0,0,0,0,0,0,0,2140236148.3890264,0,205471849.09154034,0,357086794.64154136,0,0,0,0,145884791.06875265,253929525.13929105,0,221300287.37945077,7462286707.121764,0,0,0,0,0,0,0,0,0,0,0,0,0,0,0,0,0,0
1752537600,15-07-2025,145846581.07147238,1082077937.0847645,0,0,0,0,0,0,0,0,472850531.5819241,0,0,0,0,0,0,0,0,0,0,0,0,844783737.8490275,0,0,0,0,0,0,0,0,0,0,0,0,1209599223.6410499,0,228609325.6853506,0,367054852.31159467,0,0,0,0,156017706.8412101,213460317.71744952,0,242306442.24752924,8803837275.661446,0,0,0,0,0,0,0,0,0,0,0,0,0,0,0,0,0,0
1752624000,16-07-2025,191626848.31847674,749507371.5354354,0,0,0,0,0,0,0,0,698182601.9973307,0,0,0,0,0,0,0,0,0,0,0,0,659386308.279921,0,0,0,0,0,0,0,0,0,0,0,0,1681971055.3181267,0,170069585.10127026,0,594980891.1822035,0,0,0,0,171644172.4563956,204895726.63674068,0,186374385.7894561,9190395382.58467,0,0,0,0,0,0,0,0,0,0,0,0,0,0,0,0,0,0
1752710400,17-07-2025,211151256.46055925,917365392.9128106,0,0,0,0,0,0,0,0,631662288.0670041,0,0,0,0,0,0,0,0,0,0,0,0,795851203.9323645,0,0,0,0,0,0,0,0,0,0,0,0,1193677941.0381134,0,203951078.58996713,0,561597100.5686432,0,0,0,0,167981653.80524683,196505881.8270753,0,270475818.71726024,8357836586.598905,0,0,0,0,0,0,0,0,0,0,0,0,0,0,0,0,0,0
1752796800,18-07-2025,201147847.9468254,1075569849.2627134,0,0,0,0,0,0,0,0,745839150.8719113,0,0,0,0,0,0,0,0,0,0,0,0,872620513.6596177,0,0,0,0,0,0,0,0,0,0,0,0,818868570.2463008,0,182157296.96627572,0,526575904.5606444,0,0,0,0,222600546.26375908,228128803.30922306,0,250225933.23851395,8579061303.549349,0,0,0,0,0,0,0,0,0,0,0,0,0,0,0,0,0,0
1752883200,19-07-2025,150738132.16934836,606912523.7269202,0,0,0,0,0,0,0,0,437079736.0147009,0,0,0,0,0,0,0,0,0,0,0,0,714921597.1961262,0,0,0,0,0,0,0,0,0,0,0,0,2551692535.7758627,127218459.58425657,0,0,301975303.15109324,0,0,0,0,0,101662107.46107803,0,119931414.34645551,8979836132.774178,0,0,116460798.43999733,0,0,0,0,0,0,0,0,0,0,0,0,0,0,0
1752969600,20-07-2025,182075608.24355003,768272412.85182,0,0,0,0,0,0,0,0,531956398.6439012,0,0,0,0,0,0,0,0,0,0,0,0,769109736.6063995,0,0,0,0,0,0,0,0,0,0,0,0,1294481747.1962583,0,151779790.0085566,0,317253452.81307685,0,0,0,0,0,169901595.83508402,0,163591734.72692013,9201015590.104824,0,0,127947466.43178208,0,0,0,0,0,0,0,0,0,0,0,0,0,0,0
1753056000,21-07-2025,206671120.57402653,978314932.8140458,0,0,0,0,0,0,0,0,902456667.512725,0,0,0,0,0,0,0,0,0,0,0,0,859386141.6161529,0,0,0,0,0,0,0,0,0,0,0,0,648406996.3308336,0,250889851.67800015,0,369272209.40955365,0,192709419.6876132,0,0,0,323428693.6064091,0,0,8567801370.1478195,0,0,198062181.5702233,0,0,0,0,0,0,0,0,0,0,0,0,0,0,0
1753142400,22-07-2025,221019581.13511255,1449658954.792617,0,0,0,0,0,0,0,0,904697993.6792376,0,0,0,0,0,0,0,0,0,0,0,0,1077844736.2456703,0,0,0,0,0,0,0,0,0,0,0,0,717022908.8683479,0,341353333.11094606,0,450107539.8528812,0,350358000.7727129,0,0,0,425650866.84749204,0,0,9361017383.825766,0,0,196511204.13628626,0,0,0,0,0,0,0,0,0,0,0,0,0,0,0
1753228800,23-07-2025,205336514.19430646,1087263564.329541,0,0,0,0,0,0,0,0,738983771.6746842,0,0,0,0,0,0,0,0,0,0,0,0,987429892.9544328,0,0,0,0,0,0,0,0,0,0,0,0,564913402.618566,0,0,0,405499294.29679376,0,186107377.28207523,0,0,0,345762093.6725762,0,194466820.3464294,9407103829.376411,0,0,175085768.04313257,0,0,0,0,0,0,0,0,0,0,0,0,0,0,0
1753315200,24-07-2025,195904431.4315496,1033964307.9548829,0,0,0,0,0,0,0,0,648020114.7374315,0,0,0,0,0,0,0,0,0,0,0,0,900870243.5931172,0,0,0,0,0,0,0,0,0,0,0,0,628132754.0749586,0,0,0,418981015.0178333,0,0,0,0,148686387.4998317,286774455.57018906,0,207552524.47417226,12067121880.21215,0,0,157499867.1844343,0,0,0,0,0,0,0,0,0,0,0,0,0,0,0
1753401600,25-07-2025,138623642.3207091,852551210.7299831,0,0,0,0,0,0,0,0,425521600.8722333,0,0,0,0,0,0,0,0,0,0,0,0,814974851.0632099,0,0,0,0,0,0,0,0,0,0,0,0,609492546.6327798,0,0,0,399423387.374971,0,0,0,0,123164001.74025354,223222414.13713697,0,171411942.21865538,7178567876.368833,0,0,142942931.09520566,0,0,0,0,0,0,0,0,0,0,0,0,0,0,0
1753488000,26-07-2025,110036865.21279946,362671274.3474372,0,0,0,0,0,0,0,0,318511654.6297886,0,0,0,0,0,0,0,0,0,0,0,0,598160137.7335405,0,0,0,0,0,0,0,0,0,0,0,0,254412643.33721465,0,0,0,409820129.3738641,0,0,0,0,81332479.1845713,128616689.62677597,0,145392657.99654496,7912316723.702728,0,0,126325618.2609227,0,0,0,0,0,0,0,0,0,0,0,0,0,0,0
1753574400,27-07-2025,168744311.02015263,504699987.9734165,0,0,0,0,0,0,0,0,407062628.4900269,0,0,0,0,0,0,0,0,0,0,0,0,771824535.4710006,0,0,84898445.85545284,0,0,0,0,0,0,0,0,0,338430883.93683326,0,0,0,341591988.1297225,0,0,0,0,0,162506666.80217662,0,169680270.87046024,8645436449.57949,0,0,103262116.3361232,0,0,0,0,0,0,0,0,0,0,0,0,0,0,0
1753660800,28-07-2025,202652718.71711093,884645973.5803005,0,0,0,0,0,0,0,0,517887948.70849943,0,0,0,0,0,0,0,0,0,0,0,0,763284631.3331698,0,0,0,0,0,0,0,0,0,0,0,0,523449941.7553973,0,0,0,526884440.2494992,0,0,0,0,121452227.82236288,221860254.54648462,0,212726020.78842118,8354892540.714916,0,0,164169466.84969452,0,0,0,0,0,0,0,0,0,0,0,0,0,0,0
1753747200,29-07-2025,138312262.70983502,663874168.6674731,0,0,0,0,0,0,0,0,446547704.72744155,0,0,0,0,0,0,0,0,0,0,0,0,677851657.4670192,0,0,0,0,0,0,0,0,0,0,0,0,452185938.78789985,0,0,0,411085524.1306614,0,0,0,0,102422329.51399368,177340557.69207913,0,200139033.6525631,7990545768.772122,0,0,148737625.16413456,0,0,0,0,0,0,0,0,0,0,0,0,0,0,0
1753833600,30-07-2025,118891114.29864037,657376376.1727124,0,0,0,0,0,0,0,0,505298028.5793855,0,0,0,0,0,0,0,0,0,0,0,0,755349479.2837496,0,0,0,0,0,0,0,0,0,0,0,0,459049127.1897657,0,0,0,411791413.57419866,0,0,0,0,89232776.42234659,171273219.6179949,0,200746438.19687238,8240916357.768141,0,0,145112301.62281814,0,0,0,0,0,0,0,0,0,0,0,0,0,0,0
1753920000,31-07-2025,134993284.51044345,526365727.7563483,0,0,0,0,0,0,0,0,472786936.6462137,0,0,0,0,0,0,0,0,0,0,0,0,666666902.7116892,0,0,111596494.05314577,0,0,0,0,0,0,0,0,0,471414089.2560451,0,0,0,329422860.3873978,0,0,0,0,0,138643027.3895407,0,184899193.27177632,8496181512.114029,0,0,125047026.52002923,0,0,0,0,0,0,0,0,0,0,0,0,0,0,0
1754006400,01-08-2025,112953833.70364223,726788041.4814861,0,0,0,0,0,0,0,0,528286447.383721,0,0,0,0,0,0,0,0,0,0,0,0,840335693.8978909,0,0,0,0,0,0,0,0,0,0,0,0,494991508.7785114,0,0,0,277003079.4709503,0,200637443.29266703,0,0,133915550.65376453,200241995.1951225,0,0,5639698417.467951,0,0,114262671.15097852,0,0,0,0,0,0,0,0,0,0,0,0,0,0,0
1754092800,02-08-2025,90018299.58726078,332775799.362834,0,0,0,0,0,0,0,0,386496010.73861396,0,0,0,0,0,0,0,0,0,0,0,0,803694099.5534433,0,0,0,0,0,0,0,0,0,0,0,0,324235752.60325825,0,0,0,196639682.2129883,0,0,0,0,97016006.68999721,109219334.01359555,0,80592537.81027423,8223439258.284251,0,0,79067144.2587512,0,0,0,0,0,0,0,0,0,0,0,0,0,0,0
1754179200,03-08-2025,81665370.51214838,216154907.804436,0,0,0,0,0,0,0,0,305127608.126462,0,0,0,0,0,0,0,0,0,0,0,0,624264227.303678,0,0,0,0,0,0,0,0,0,0,0,0,252019733.55574152,0,0,0,256790178.08370075,0,0,0,0,69202377.15830697,81398807.73448902,0,99275057.87637812,8478820997.454603,0,0,101086486.9085785,0,0,0,0,0,0,0,0,0,0,0,0,0,0,0
1754265600,04-08-2025,102308990.83757977,374794167.62948525,0,0,0,0,0,0,0,0,436876208.77091223,0,0,0,0,0,0,0,0,0,0,0,0,812170023.963356,0,0,78183877.06093103,0,0,0,0,0,0,0,0,0,338503090.1151847,0,0,0,370474663.04307,0,0,0,0,0,106133550.39585309,0,100403950.09180027,8625671792.191021,0,0,128962807.71457715,0,0,0,0,0,0,0,0,0,0,0,0,0,0,0
1754352000,05-08-2025,133139221.57105744,451672957.2639969,0,0,0,0,0,0,0,0,540305933.9467518,0,0,0,0,0,0,0,0,0,0,0,0,883130337.7533253,0,0,0,0,0,0,0,0,0,0,0,0,451708861.84915143,0,0,0,366109155.5470046,0,0,0,0,88893713.6497992,114908765.59021822,0,206909771.32504737,6528556563.733351,0,0,99054600.27175796,0,0,0,0,0,0,0,0,0,0,0,0,0,0,0
1754438400,06-08-2025,132554016.30489035,377130405.2393806,0,0,0,0,0,0,0,0,396205842.0200807,0,0,0,0,0,0,0,0,0,0,0,0,764729357.2444265,0,0,0,0,0,0,0,0,0,0,0,0,395119786.2706253,0,0,0,209501525.77967095,0,0,154396168.43601626,0,68442248.87490833,94943085.45534813,0,155403347.8887088,6132701571.200242,0,0,0,0,0,0,0,0,0,0,0,0,0,0,0,0,0,0
1754524800,07-08-2025,118481802.10646473,382836411.37895656,0,0,0,0,0,0,0,0,652388533.9647437,0,0,0,0,0,0,0,0,0,0,0,0,922427322.2667354,0,0,148434269.54093015,0,0,0,0,0,124565578.0028562,0,0,0,380181453.5043739,0,0,0,267062760.85205254,0,0,134679329.6217477,0,0,0,0,127875148.02936646,6940226362.425187,0,0,0,0,0,0,0,0,0,0,0,0,0,0,0,0,0,0
1754611200,08-08-2025,114079330.17887971,526594070.12997276,0,0,0,0,0,0,0,0,543061383.0397726,0,0,0,0,0,0,0,0,0,0,0,0,1013934591.6686223,0,0,121958214.05019066,0,0,0,0,0,0,0,0,0,541712426.6416404,0,0,0,218458568.82076135,0,0,137868484.52869588,0,0,116987628.21198986,0,106610021.63038859,7413503418.607817,0,0,0,0,0,0,0,0,0,0,0,0,0,0,0,0,0,0
1754697600,09-08-2025,111725416.57797709,433449782.92402023,0,0,0,0,0,0,0,0,490000127.9257313,0,0,0,0,0,0,0,0,0,0,0,0,1047269050.7675148,0,0,112546890.01690964,0,0,0,0,0,0,0,0,0,446027990.6218372,0,0,0,139503082.20600975,0,0,130292664.16659233,0,0,105695388.52928463,0,102989599.83769503,6558065690.334532,0,0,0,0,0,0,0,0,0,0,0,0,0,0,0,0,0,0
1754784000,10-08-2025,124460946.72814804,541768867.1670603,0,0,0,0,0,0,0,0,506112582.4535263,0,0,0,0,0,0,0,0,0,0,0,0,1161984559.031252,0,0,96235454.77082534,0,0,0,0,0,0,0,0,0,431732542.00061363,0,0,0,101796681.51007335,0,0,134444292.66498888,0,88405056.14434078,126241979.04579026,0,0,6844105145.372246,0,0,0,0,0,0,0,0,0,0,0,0,0,0,0,0,0,0
1754870400,11-08-2025,145603011.53790528,632279737.1348168,0,0,0,0,0,0,0,0,586352038.4147202,0,0,0,0,0,0,0,0,0,0,0,0,1259644044.58733,0,0,0,0,0,0,0,0,0,0,0,0,516920464.99751383,0,0,0,19335973220.52875,0,0,189557832.55423364,0,125779389.86535096,198451391.19892666,0,118298822.07655495,5927758540.770588,0,0,0,0,0,0,0,0,0,0,0,0,0,0,0,0,0,0
1754956800,12-08-2025,139907404.19454187,658449543.6664188,0,0,0,0,0,0,0,0,596338514.2914625,0,0,0,0,0,0,0,0,0,0,0,0,1128058623.5248382,0,0,130865168.31616573,0,0,0,0,0,0,0,0,0,492677002.153822,0,0,0,263266538.57401833,0,0,192625097.9578295,0,161422881.19916582,217912352.03349236,0,0,4428596821.594693,0,0,0,0,0,0,0,0,0,0,0,0,0,0,0,0,0,0
1755043200,13-08-2025,179611856.47605488,928733069.518254,0,0,0,0,0,0,0,0,862386794.9705033,0,0,0,0,0,0,0,0,0,0,0,0,1340759954.7061856,0,0,0,0,0,0,0,0,0,0,0,0,600068862.1110879,0,0,0,154623115.4032909,0,178539044.48811388,240734572.2072808,0,161136652.72064966,258405812.73327526,0,0,5466248009.403481,0,0,0,0,0,0,0,0,0,0,0,0,0,0,0,0,0,0
1755129600,14-08-2025,170454305.1204615,1450945049.9220774,0,0,0,0,0,0,0,0,899601902.6797719,0,0,0,0,0,0,0,0,0,0,0,0,1459376715.4676094,0,0,0,0,0,0,0,0,0,0,0,0,701509254.0415204,0,0,0,172884820.22201505,0,681063021.6944803,193768661.70035118,0,0,387754254.3387897,0,284952882.65230376,4280884130.5605,0,0,0,0,0,0,0,0,0,0,0,0,0,0,0,0,0,0
1755216000,15-08-2025,116956392.08466595,741665094.2825044,0,0,0,0,0,0,0,0,596945257.4915881,0,0,0,0,0,0,0,0,0,0,0,0,1039152916.4075706,0,0,0,0,0,0,0,0,0,0,0,0,481455729.84642285,0,0,0,119241329.37026167,0,135465859.58255658,159670764.4262176,0,0,163159607.94024843,0,326390069.41877496,5766481446.641144,0,0,0,0,0,0,0,0,0,0,0,0,0,0,0,0,0,0
1755302400,16-08-2025,75355520.35552001,368126188.25771093,0,0,0,0,0,0,0,0,397462318.7548006,0,0,0,0,0,0,0,0,0,0,0,0,970904938.8061098,0,0,0,0,0,0,0,0,0,0,0,0,250414137.99491253,0,0,0,80989756.56231628,0,0,147306189.74355036,0,54090397.3079178,107447039.11599892,0,270810536.6556139,6211418179.073364,0,0,0,0,0,0,0,0,0,0,0,0,0,0,0,0,0,0
1755388800,17-08-2025,77812608.35285777,374438725.9105358,0,0,0,0,0,0,0,0,418782127.78781295,0,0,0,0,0,0,0,0,0,0,0,0,1045798000.5146941,0,0,0,0,0,0,0,0,0,0,0,0,248651887.23082337,0,0,0,221616374.07188052,0,0,140356676.0834554,0,77568967.02917151,111197765.18787499,0,226386881.39872104,7324119394.056641,0,0,0,0,0,0,0,0,0,0,0,0,0,0,0,0,0,0
1755475200,18-08-2025,0,548739281.1306849,0,0,0,0,0,0,0,0,557928648.6853024,0,0,0,0,0,0,0,0,0,0,0,0,1107056064.7559776,0,0,0,0,0,0,0,0,0,0,0,0,346269759.5128682,0,0,0,103327199.63691203,0,140043854.14122602,174955425.32433814,0,119981713.87179849,143313641.81287,0,283271659.73428905,6700447365.611824,0,0,0,0,0,0,0,0,0,0,0,0,0,0,0,0,0,0
1755561600,19-08-2025,95639962.60294424,579514482.2005756,0,0,0,0,0,0,0,0,548337826.2784822,0,0,0,0,0,0,0,0,0,0,0,0,951807948.8795658,0,0,0,0,0,0,0,0,0,0,0,0,401971202.45441866,0,0,0,0,0,177721313.4222097,130019231.61953442,0,0,174131298.21713552,0,157285905.24298725,7107489770.818686,0,0,0,140553425.1625233,0,0,0,0,0,0,0,0,0,0,0,0,0,0
1755648000,20-08-2025,0,574180160.3497082,0,0,0,0,0,0,0,0,530625041.3857493,0,0,0,0,0,0,0,0,0,0,0,0,1166950442.0217066,0,0,0,0,0,0,0,0,0,0,0,0,404314144.64190304,0,0,0,119345279.82595108,0,151875368.00001794,142380271.04645273,0,122061624.19107972,166942712.2448627,0,229102627.87384966,7652691346.802366,0,0,0,0,0,0,0,0,0,0,0,0,0,0,0,0,0,0
1755734400,21-08-2025,247997923.58776924,648048044.6810242,0,0,0,0,0,0,0,0,605681503.1044862,0,0,0,0,0,0,0,0,0,0,0,0,1195654386.8478649,0,0,0,0,0,0,0,0,0,0,0,0,1126834351.3163204,0,0,0,0,0,145271444.1952646,139888187.4763797,0,103375776.82466374,226799223.52621093,0,338471773.21929103,6816379337.408045,0,0,0,0,0,0,0,0,0,0,0,0,0,0,0,0,0,0
1755820800,22-08-2025,123315914.84094,942722679.7850636,0,0,0,0,0,0,0,0,634872670.6430985,0,0,0,0,0,0,0,0,0,0,0,0,1145684815.197878,0,0,0,0,0,0,0,0,0,0,0,0,651014005.9647294,0,0,0,0,0,644713801.5991571,148477612.15180779,0,163073168.0501693,271922041.23028064,0,473631911.4381644,6399353747.374489,0,0,0,0,0,0,0,0,0,0,0,0,0,0,0,0,0,0
1755907200,23-08-2025,96596336.62100896,498168743.06663585,0,0,0,0,0,0,0,0,483233199.1253727,0,0,0,0,0,0,0,0,0,0,0,0,933686542.9410914,0,0,0,0,0,0,0,0,0,0,0,0,380904457.21503216,0,0,0,0,0,82398961.28100368,143708901.3926832,0,109105987.57037222,154223017.9888686,0,268421244.60207462,6702561556.570711,0,0,0,0,0,0,0,0,0,0,0,0,0,0,0,0,0,0
1755993600,24-08-2025,115234512.56850827,1023113638.1885734,0,0,0,0,0,0,0,0,566780104.0153244,0,0,0,0,0,0,0,0,0,0,0,0,1228951986.3533115,0,0,0,0,0,0,0,0,0,0,0,0,541470331.108118,0,0,0,0,0,452989868.79400957,130918737.74216172,0,127643894.58418682,245802669.79045385,0,287014043.3991038,6919107642.828304,0,0,0,0,0,0,0,0,0,0,0,0,0,0,0,0,0,0
1756080000,25-08-2025,114937822.158277,1099573851.3733997,0,0,0,0,0,0,0,0,640912375.378252,0,0,0,0,0,0,0,0,0,0,0,0,1205231169.172034,0,0,0,0,0,0,0,0,0,0,0,0,576602279.8933319,0,0,0,0,0,464916325.67066085,165759302.85047597,0,175717587.84187877,221256133.01573887,0,365374414.8821352,6784849986.683678,0,0,0,0,0,0,0,0,0,0,0,0,0,0,0,0,0,0
1756166400,26-08-2025,0,671543350.9200327,0,0,0,0,0,0,0,0,546648427.7212476,0,0,0,0,0,0,0,0,0,0,0,0,949817806.1613064,0,0,0,0,0,0,0,0,0,0,0,0,371562754.1867186,0,0,0,0,0,181752240.44026938,182255129.32660547,92942688.86297412,118970547.09181017,150462236.83275777,0,171848912.4192615,6323897021.418076,0,0,0,0,0,0,0,0,0,0,0,0,0,0,0,0,0,0
1756252800,27-08-2025,0,1178688850.108502,0,0,0,0,112026862.69096223,0,0,0,694549493.4589993,0,0,0,0,0,0,0,0,0,0,0,0,1087833697.3030524,0,0,0,0,0,0,0,0,0,0,0,0,453176924.17291707,0,0,0,0,0,426487305.56299657,219659643.4996452,0,141272396.7997513,217471847.8358721,0,202165880.59988302,6329058245.364969,0,0,0,0,0,0,0,0,0,0,0,0,0,0,0,0,0,0
1756339200,28-08-2025,93449516.29427968,1060127310.6922444,0,0,0,0,0,0,0,0,659461750.1036177,0,0,0,0,0,0,0,0,0,0,0,0,1004662342.9905527,0,0,0,0,0,0,0,0,0,0,0,0,424607049.92481965,0,0,0,0,0,451007338.8300161,214107959.13501608,0,149338042.300041,176702516.55515373,0,321724908.6804187,6568307590.824965,0,0,0,0,0,0,0,0,0,0,0,0,0,0,0,0,0,0
1756425600,29-08-2025,0,1751021907.5741246,0,0,0,0,0,0,0,0,978591128.6980268,0,0,0,0,0,0,0,0,0,0,0,0,1039603637.9725108,0,0,0,0,0,0,0,0,0,0,0,0,685905053.2709786,156101394.64481178,0,0,0,0,764761364.2582139,160938296.27727297,0,159946318.35033897,227686639.80914265,0,159247230.3352853,5678538815.698251,0,0,0,0,0,0,0,0,0,0,0,0,0,0,0,0,0,0
1756512000,30-08-2025,0,457043669.6023997,0,0,0,0,0,0,0,0,365761937.8922247,0,0,0,0,0,0,0,0,0,0,0,0,547918512.9418553,0,0,0,0,0,0,0,0,0,0,0,0,228736435.28986037,0,0,0,83472095.14794208,0,64590394.73328477,123905145.02408987,0,83075454.35885489,104870637.41785051,0,0,5489892125.750941,0,275937453.93431264,0,0,0,0,0,0,0,0,0,0,0,0,0,0,0,0
1756598400,31-08-2025,72463120.33323243,381255088.88749295,0,0,0,0,0,0,0,0,340736748.71220773,0,0,0,0,0,0,0,0,0,0,0,0,646232581.791033,0,0,0,0,0,0,0,0,0,0,0,0,291254236.0348444,0,0,0,54580773.226700306,0,0,124916173.05033039,0,56529680.62060641,93724960.61942506,0,0,4656297347.608698,0,400850025.80992556,0,0,0,0,0,0,0,0,0,0,0,0,0,0,0,0
1756684800,01-09-2025,102971858.89732225,670613714.8882989,0,0,0,0,0,0,0,0,662503990.064206,0,0,0,0,0,0,0,0,0,0,0,0,1015622342.736176,0,0,0,0,0,0,0,0,0,0,0,0,586873543.9012992,0,0,0,0,0,177531113.60256523,140122421.84113997,0,136199079.701343,161501142.7615179,0,0,4056420618.5908833,0,479112138.0722037,0,0,0,0,0,0,0,0,0,0,0,0,0,0,0,0
1756771200,02-09-2025,90085831.86727597,755647306.9865093,0,0,0,0,0,0,0,0,559569928.1717649,0,0,0,0,0,0,0,0,0,0,0,0,824977270.3011923,0,0,0,0,0,0,0,0,0,0,0,0,435455305.18807757,0,0,0,0,0,182203181.94398153,159058984.60046896,0,111747036.5773142,161543360.10733065,0,0,3280359297.0388007,0,572056068.584716,0,0,0,0,0,0,0,0,0,0,0,0,0,0,0,0
1756857600,03-09-2025,87163121.70270957,605710829.1486446,0,0,0,0,0,0,0,0,663569440.738146,0,0,0,0,0,0,0,0,0,0,0,0,826033598.5725715,0,0,0,0,0,0,0,0,0,0,0,0,373501042.25779366,0,0,0,0,0,93688146.98850808,197989879.3109109,0,96851644.0730198,106049192.89650263,0,0,4316428077.960634,0,596697943.948922,0,0,0,0,0,0,0,0,0,0,0,0,0,0,0,0
1756944000,04-09-2025,0,539364539.3699161,0,0,0,0,0,0,0,0,566918423.5844176,0,0,0,0,0,0,0,0,0,0,0,0,810168785.6963707,0,0,0,0,0,0,0,0,0,0,0,0,364405454.64295727,0,0,0,0,0,0,170336676.36478043,85761697.17146851,90803541.85092503,94559002.23889215,0,0,4839409814.4377365,0,545019508.193074,0,0,99726618.40910932,0,0,0,0,0,0,0,0,0,0,0,0,0
1757030400,05-09-2025,0,864943042.6685698,0,0,0,0,0,0,0,0,803833038.728861,0,0,0,0,0,0,0,0,0,0,0,0,1125284738.6795776,0,0,0,0,0,0,0,0,0,0,0,0,428614431.7625402,0,0,0,0,0,391249287.0155598,158734694.9192565,163964284.57784784,0,0,0,0,4793068530.878299,0,442206626.4873588,0,0,355655420.1482403,1232023161.0068374,0,0,0,0,0,0,0,0,0,0,0,0
1757116800,06-09-2025,57187235.16535032,254269774.72018248,0,0,0,0,0,0,0,0,425147461.7300685,0,0,0,0,0,0,0,0,0,0,0,0,779208730.1073059,0,0,0,0,0,0,0,0,0,0,0,0,169922311.90242302,0,0,0,0,0,0,128366023.80512832,0,0,60950845.01869454,0,0,5457357536.590882,0,409479465.14860976,0,0,128931464.9038794,527363009.3189737,0,0,0,0,0,0,0,0,0,0,0,0
1757203200,07-09-2025,64920717.75594279,264391272.7316685,0,0,0,0,0,0,0,0,430552096.0205682,0,0,0,0,0,0,0,0,0,0,0,0,691231639.6009177,0,0,85797246.28545204,0,0,0,0,0,0,0,0,0,211032668.81894052,0,0,0,0,0,0,128314700.1732221,0,0,0,0,0,4808094761.899874,0,297789474.28805935,0,0,121536743.27389215,304601627.1747794,0,0,0,0,0,0,0,0,0,0,0,0
1757289600,08-09-2025,0,598415940.0340999,0,0,0,0,0,0,0,0,722678223.6395072,0,0,0,0,0,0,0,0,0,0,0,0,925808626.1589172,0,0,0,0,0,0,0,0,0,0,0,0,329561070.2649758,0,0,0,0,0,133160959.64143915,174657892.07969174,0,107416380.52634317,0,0,0,5371072130.356501,0,398698194.92569166,0,0,184247416.03311974,569778397.5605773,0,0,0,0,0,0,0,0,0,0,0,0
1757376000,09-09-2025,0,641268129.316665,0,0,0,0,0,0,0,0,678689182.4831942,0,0,0,0,0,0,0,0,0,0,0,0,944309691.8446075,0,0,147682378.5339557,0,0,0,0,0,0,0,0,0,411878854.04868096,0,0,0,0,0,142188536.57644945,165661720.12678704,0,0,0,0,0,5670066031.350321,0,436907713.58923286,0,0,262374600.36692178,909499463.3519937,0,0,0,0,0,0,0,0,0,0,0,0
1757462400,10-09-2025,0,602502023.4371374,0,0,0,0,0,0,0,0,931440710.1614245,0,0,0,0,0,0,0,0,0,0,0,0,984112415.5036135,0,0,0,0,0,0,0,0,0,0,0,0,513298033.8849231,0,0,0,0,0,157611517.89678878,191066413.05377692,0,0,146417017.74289373,0,0,5336574824.427657,0,441001196.3952058,0,0,273109994.4906709,1165883896.6435745,0,0,0,0,0,0,0,0,0,0,0,0
1757548800,11-09-2025,0,739221777.6898403,0,0,0,0,0,0,0,0,728551732.8066924,0,0,0,0,0,0,0,0,0,0,0,0,896178422.1704756,0,0,0,0,0,0,0,0,0,0,0,0,401153622.8426534,0,0,0,0,0,218193124.5023831,169959980.97994184,0,0,202777088.05380672,0,0,6614539498.196733,0,465798642.44076824,0,0,171610700.88754293,880144970.0485438,0,0,0,0,0,0,0,0,0,0,0,0
1757635200,12-09-2025,0,664375283.3948944,0,0,0,0,0,0,0,0,933980022.0960982,0,0,0,0,0,0,0,0,0,0,0,0,919909791.5344238,0,0,0,0,0,0,0,0,0,0,0,0,419632793.76261365,0,0,0,0,0,245387337.6518001,184628297.26525912,0,0,372569610.20954233,0,0,6968454824.329267,0,519246537.9472316,0,0,426091809.06062216,1171143159.20313,0,0,0,0,0,0,0,0,0,0,0,0
1757721600,13-09-2025,0,529635552.8873372,0,0,0,0,0,0,0,0,726870170.537326,0,0,0,0,0,0,0,0,0,0,0,0,953120579.2293686,0,0,130093657.21252619,0,0,0,0,0,0,0,0,0,388190262.3534717,0,0,0,0,0,0,157728730.4248786,0,0,328617777.980894,0,123165510.06144303,6951145553.900435,0,491513542.98349977,0,0,0,749218338.8170447,0,0,0,0,0,0,0,0,0,0,0,0
1757808000,14-09-2025,0,651448405.424897,0,0,0,0,0,0,0,0,913384527.1336163,0,0,0,0,0,0,0,0,0,0,0,0,981770941.479169,0,0,0,0,0,0,0,0,0,0,0,0,486671613.8683123,0,0,0,0,0,0,239687139.34250218,0,0,326788429.9025656,0,166513931.00517622,5962227389.377069,0,509614587.24801034,0,0,243474444.802355,1468158309.1503453,0,0,0,0,0,0,0,0,0,0,0,0
1757894400,15-09-2025,0,741075760.1146076,0,0,0,0,0,0,0,0,1008053513.872204,0,0,0,0,0,0,0,0,0,0,0,0,951396049.5144523,0,0,0,0,0,0,0,0,0,0,0,0,514376511.08681554,0,0,0,0,0,240378935.41917214,256945772.44448933,0,0,203764815.04585314,0,0,5254342316.265808,0,553687957.324573,0,0,271438191.0518328,1553417528.0982423,0,0,0,0,0,0,0,0,0,0,0,0
1757980800,16-09-2025,0,611027629.2202016,0,0,0,0,0,0,0,0,862615942.1017057,0,0,0,0,0,0,0,0,0,0,0,0,892848025.8522085,0,0,286538771.6742856,0,0,0,0,0,0,0,0,0,427881499.27874327,0,0,0,0,0,0,237387687.77858305,0,0,155283069.0332636,0,0,5844016409.610026,0,593775676.6450927,0,0,208910320.8525142,974166505.4532436,0,0,0,0,0,0,0,0,0,0,0,0
1758067200,17-09-2025,0,1092645355.3715994,0,0,0,0,0,0,0,0,1045818885.8995401,0,0,0,0,0,0,0,0,0,0,0,0,1030246197.981816,0,0,286769763.77138907,0,0,0,0,0,0,0,0,0,452091198.1558921,0,0,0,0,0,296026637.8980112,186174082.98660287,0,0,0,0,0,6064418621.017233,0,603438865.9524949,0,0,368100920.92999035,2172417976.042892,0,0,0,0,0,0,0,0,0,0,0,0
1758153600,18-09-2025,0,734832350.4015716,0,0,0,0,0,0,0,0,1020601120.045866,0,0,0,0,0,0,0,0,0,0,0,0,1003292689.4031831,0,0,255928341.99497607,0,0,0,0,0,0,0,0,0,391553997.2352674,0,0,0,0,0,0,149895104.18716487,0,149949712.80934048,0,0,0,6064857295.248441,0,739509716.8402063,0,0,308416776.12342286,1451438968.2613664,0,0,0,0,0,0,0,0,0,0,0,0
1758240000,19-09-2025,0,540522690.5395627,0,0,0,0,0,0,0,0,830808657.1094103,0,0,0,0,0,0,0,0,0,0,0,0,830775135.2315934,0,0,235582856.72428852,0,0,0,0,0,0,0,0,0,296586771.7950344,0,0,0,0,0,0,167006322.49490678,0,136214152.84617582,0,0,0,5921595904.8239355,0,786218781.7403765,0,0,280438141.29332733,903094543.3740108,0,0,0,0,0,0,0,0,0,0,0,0
1758326400,20-09-2025,0,364183374.4771616,0,0,0,0,0,0,0,0,506462746.40143764,0,0,0,0,0,0,0,0,0,0,0,0,897544701.7709125,0,0,203254913.84476987,0,0,0,0,0,0,0,0,0,310340364.2568624,0,0,0,0,0,0,119221793.00575916,0,96091112.2931101,0,0,0,6032020120.450524,0,736423564.7417475,0,0,194541264.67840064,473962620.0846608,0,0,0,0,0,0,0,0,0,0,0,0
1758412800,21-09-2025,0,590289836.8881887,0,0,0,0,111852206.73921953,0,0,0,653642962.842805,0,0,0,0,0,0,0,0,0,0,0,0,1078330538.5940707,0,0,204079741.25029963,0,0,0,0,0,0,0,0,0,431645458.80590624,0,0,0,0,0,0,105812747.9031523,0,0,0,0,0,7185493308.2355995,0,733825406.841929,0,0,283753967.4748894,744434278.8118694,0,0,0,0,0,0,0,0,0,0,0,0
1758499200,22-09-2025,0,866505753.1630379,0,0,0,0,0,0,0,0,1060750880.6496496,0,0,0,0,0,0,0,0,0,0,0,0,896179563.8159007,0,0,206628090.39381605,0,0,0,0,0,0,0,0,0,439662656.67481554,0,0,0,0,0,409775620.05363935,0,0,0,0,0,0,6742149616.315514,0,760755005.6344599,0,0,434737902.59150875,1605096297.3492541,194270930.08871737,0,0,0,0,0,0,0,0,0,0,0
1758585600,23-09-2025,0,576647052.5735106,0,0,0,0,0,0,0,0,882484323.5071911,0,0,0,0,0,0,0,0,0,0,0,0,742850638.4375591,0,0,161756832.7560101,0,0,0,0,0,0,0,0,0,380117501.84461755,0,0,0,131546745.5760819,0,0,0,0,0,130231966.6879685,0,0,6719624797.45092,0,774936068.4059939,0,0,550415746.531754,1478047199.2900739,0,0,0,0,0,0,0,0,0,0,0,0
1758672000,24-09-2025,0,550320802.2709225,0,0,0,0,0,0,0,0,782073541.5032367,0,0,0,0,0,0,0,0,0,0,0,0,747624008.770398,0,0,175971960.5009188,0,0,0,0,0,0,0,0,0,314386956.278009,0,0,0,0,0,265901717.146198,0,0,0,156452052.81832215,0,0,6319878663.322086,0,760032993.3219578,0,0,524777607.9343628,1580808916.4677134,0,0,0,0,0,0,0,0,0,0,0,0
1758758400,25-09-2025,0,779446464.087812,0,0,0,0,0,0,0,0,873570430.4195032,0,0,0,0,0,0,0,0,0,0,0,0,889154166.9601495,0,0,172982145.959826,0,0,0,0,0,0,0,0,0,419553616.7012584,0,0,0,0,0,483975556.5796851,0,0,0,181278458.078145,0,0,6599621435.791804,0,576864802.8216867,0,0,503065783.8280624,1914161848.3398583,0,0,0,0,0,0,0,0,0,0,0,0
1758844800,26-09-2025,0,628896918.337493,0,0,0,0,0,0,0,0,850386538.3709557,0,0,0,0,0,0,0,0,0,0,0,0,981840003.1812536,0,0,162971144.99176034,0,0,0,0,0,210719972.64868462,0,0,0,327600015.86525404,0,0,0,0,0,330488579.94450414,0,0,0,0,0,0,7152054682.313793,0,458192743.1411268,0,0,341129844.8688545,1417659501.2546885,0,0,0,0,0,0,0,0,0,0,0,0
1758931200,27-09-2025,0,281985334.58791846,0,0,0,0,0,0,0,0,417838791.4147402,0,0,0,0,0,0,0,0,0,0,0,0,1065996966.6825619,0,0,169335419.102312,0,0,0,0,0,0,0,0,0,228204960.96514097,0,0,0,0,0,0,81242360.27378519,0,0,68031671.25661968,0,0,7635991140.521912,0,359558224.4099554,0,0,159586225.47318032,741814665.4634835,0,0,0,0,0,0,0,0,0,0,0,0
1759017600,28-09-2025,0,316562259.62693197,0,0,0,0,0,0,0,0,479834968.0321571,0,0,0,0,0,0,0,0,0,0,0,0,1286624007.0786684,0,0,184143291.5361934,0,0,0,0,0,0,0,0,0,229265182.27781585,0,0,0,0,0,0,79317398.94174677,0,0,84640810.51192519,0,0,7115289755.673603,0,332684667.8120395,0,0,180015782.88641044,780877840.1659335,0,0,0,0,0,0,0,0,0,0,0,0
1759104000,29-09-2025,0,510324378.6228732,0,0,0,0,0,0,0,0,584590651.110575,0,0,0,0,0,0,0,0,0,0,0,0,1257856430.0209858,0,0,167646059.0139178,0,0,0,0,0,0,0,0,0,276978374.9445372,0,0,0,0,0,0,136422841.25238416,0,0,99673489.29624873,0,0,7074702317.684642,0,330837028.6070261,0,0,184560098.06036246,966859491.0791858,0,0,0,0,0,0,0,0,0,0,0,0
1759190400,30-09-2025,0,504931942.48069817,0,0,0,0,0,0,0,0,654225285.4417363,0,0,0,0,0,0,0,0,0,0,0,0,1394945973.999424,0,0,161236886.02657452,0,0,0,0,0,0,0,0,0,335563286.6495142,239645582.24195173,0,0,0,0,0,139395370.42017812,0,0,0,0,0,7634527651.041333,0,355411777.13398504,0,0,163076437.99582127,706912916.4738938,0,0,0,0,0,0,0,0,0,0,0,0
1759276800,01-10-2025,0,519886435.71399444,0,0,0,0,0,0,0,0,1027535161.572308,0,0,0,0,0,0,0,0,0,0,0,0,1394913024.7114286,0,0,167958089.6965512,0,0,0,0,0,0,0,0,0,365371560.6370581,0,0,742122595.6897539,0,0,0,0,0,0,0,0,0,7898982977.244651,0,293946672.1764245,0,0,170978032.52160004,728675536.0471852,0,194106733.8174716,0,0,0,0,0,0,0,0,0,0
1759363200,02-10-2025,0,728887909.3723547,0,0,0,0,0,0,0,0,1087562861.3840542,0,0,0,0,0,0,0,0,0,0,0,0,1344229547.5459802,0,0,0,0,0,0,0,0,0,0,0,0,481522838.1029681,0,0,0,0,0,162270470.27686578,0,0,0,0,0,0,8139487190.211034,0,298972607.35735744,0,0,169459443.46832213,1029595749.7762132,179820762.9072093,280923435.87898207,0,0,0,0,0,0,0,0,0,0
1759449600,03-10-2025,0,798122205.5364306,0,0,0,0,0,0,0,0,1219652170.7632663,0,0,0,0,0,0,0,0,0,0,0,0,1350575831.8230562,0,0,0,0,0,0,0,0,0,0,0,0,460048517.81897604,0,0,396636260.7368329,0,0,250236892.76929557,0,0,0,0,0,0,8063734646.1498,0,364325284.76296395,0,0,228635924.84836242,867364394.1761516,0,243844807.9993912,0,0,0,0,0,0,0,0,0,0
1759536000,04-10-2025,0,387063910.6573645,0,0,0,0,0,0,0,0,810475364.7685345,0,0,0,0,0,0,0,0,0,0,0,0,1076219148.9237957,0,0,217954343.19242433,0,0,0,0,0,0,0,0,0,280399054.92015004,0,0,0,0,0,0,94939865.95235321,0,0,0,0,0,8815515855.638744,0,355050115.2111595,0,0,243121555.35703528,728025319.076112,0,161128973.67162353,0,0,0,0,0,0,0,0,0,0
1759622400,05-10-2025,0,591650399.8976249,0,0,0,0,0,0,0,0,959366290.846998,0,0,0,0,0,0,0,0,0,0,0,0,1161475514.1486552,0,0,207636308.8808674,0,0,0,0,0,0,0,0,0,285996492.9950304,0,0,0,0,0,0,0,0,0,0,0,0,8874523796.040466,0,341571353.63261,0,0,267436927.4728442,865996646.3353088,160686334.72263107,203913096.80803603,0,0,0,0,0,0,0,0,0,0
1759708800,06-10-2025,0,673489934.2766604,0,0,0,0,0,0,0,0,1141629697.9660964,0,0,0,0,0,0,0,0,0,0,0,0,1555199622.0143518,0,0,0,0,0,0,0,0,0,0,0,0,321696900.14708513,0,0,0,185598146.55260342,0,0,0,0,0,0,0,0,8415169424.674151,0,341522704.3853695,0,0,180162552.15988427,940376114.3624473,175994134.27441671,177055033.82873034,0,0,0,0,0,0,0,0,0,0
1759795200,07-10-2025,0,766826257.2060812,0,0,0,0,0,0,0,0,1204652955.0668495,0,0,0,0,0,0,0,0,0,0,0,0,1753932354.1102028,0,0,0,0,0,0,0,0,0,0,0,0,448841689.8999428,0,0,0,0,0,270854109.2330843,0,0,0,0,0,0,8861924759.652937,0,334362500.47325784,0,0,378358218.7759761,1932581317.248002,211195382.50323913,242049945.0179407,0,0,0,0,0,0,0,0,0,0
1759881600,08-10-2025,0,622499173.6792336,0,0,0,0,0,0,0,0,909895614.0685878,0,0,0,0,0,0,0,0,0,0,0,0,2366166885.7070465,0,0,206592922.3450713,0,0,0,0,0,0,0,0,0,480433258.73544466,0,0,0,0,0,0,0,0,0,0,0,0,9430516469.401016,0,385703135.89023954,0,0,290857034.9986133,1821444212.0146923,199978475.52960667,164715361.00531435,0,0,0,0,0,0,0,0,0,0
1759968000,09-10-2025,0,688733286.7025553,0,0,0,0,0,0,0,0,941836462.4360675,0,0,0,0,0,0,0,0,0,0,0,0,2507791264.769375,0,0,214832408.4640963,0,0,0,0,0,0,0,0,0,455641633.1180502,0,0,0,0,0,0,0,0,0,155721964.02343664,0,0,9454214775.702284,0,415386875.2023259,0,0,351730973.2756193,1572303991.649609,236864366.85768712,0,0,0,0,0,0,0,0,0,0,0
1760054400,10-10-2025,0,2145875778.0216036,0,0,0,0,0,0,0,0,2399078855.7326183,0,0,0,0,0,0,0,0,0,0,0,0,1871866560.4121153,0,0,384416826.5097555,0,0,0,0,0,0,0,0,0,803933998.8471388,0,0,0,0,0,3352214443.6286297,0,0,0,0,0,0,8342596504.141831,0,390509124.6388995,0,0,896336395.973236,2750290184.949035,0,1244261343.0798624,0,0,0,0,0,0,0,0,0,0
1760140800,11-10-2025,0,1211878790.6252613,0,0,0,0,0,0,0,0,1876660974.6217318,0,0,0,0,0,0,0,0,0,0,0,0,1430266376.8884,0,0,306720357.4000597,0,0,0,0,0,0,0,0,0,699872860.3639644,0,0,0,669395485.8831166,0,1235854905.9795823,0,0,0,0,0,0,6599896799.816206,0,334452049.4001703,0,0,495228377.88700044,2269555297.9800553,0,0,0,0,0,0,0,0,0,0,0,0
1760227200,12-10-2025,0,951823011.3697724,0,0,0,0,0,0,0,0,1311671010.9455004,0,0,0,0,0,0,0,0,0,0,0,0,1524686613.0260742,0,0,231778963.50602278,0,0,0,0,0,0,0,0,0,494841333.4595152,0,0,0,0,0,1426607089.6071556,0,0,0,0,0,0,6223817721.21571,0,334221740.0338172,0,0,597730120.7817514,2216467855.575137,0,580618028.0516342,0,0,0,0,0,0,0,0,0,0
1760313600,13-10-2025,0,772580692.4503897,0,0,0,0,0,0,0,0,1122845977.0809991,0,0,0,0,0,0,0,0,0,0,0,0,1453844801.5768206,0,0,0,0,0,0,0,0,0,0,0,0,417096082.73674834,0,0,0,780992928.0710479,0,287311624.4536795,0,0,0,0,0,0,6554066423.242341,0,373358659.85329187,0,0,293460683.8760391,1084204770.4701319,0,264776170.74991357,0,0,0,0,0,0,0,0,0,0
1760400000,14-10-2025,0,699737682.4933779,0,0,0,0,0,0,0,0,824894012.7637696,0,0,0,0,0,0,0,0,0,0,0,0,1499160659.1313653,0,0,190012708.69839603,0,0,0,0,0,0,0,0,0,335035205.16148245,0,0,0,591818417.4931667,0,0,0,0,0,0,0,0,6541460412.352801,0,379414479.2171613,0,0,203240775.53739747,756617384.6695265,0,212935341.99105415,0,0,0,0,0,0,0,0,0,0
1760486400,15-10-2025,0,597750420.9235257,0,0,0,0,0,0,0,0,589016526.9214423,0,0,0,0,0,0,0,0,0,0,0,0,1705361750.4968576,0,0,300193094.81550413,0,0,0,0,0,0,0,0,0,343303955.19703054,0,0,0,215222867.31845582,0,0,0,0,106070110.45757897,0,0,0,7018406317.506347,0,400141651.87087184,0,0,166228792.91123995,631530619.8019812,0,0,0,0,0,0,0,0,0,0,0,0
1760572800,16-10-2025,0,892653001.2754613,0,0,0,0,0,0,0,0,895309846.0344592,0,0,0,0,0,0,0,0,0,0,0,0,1712482627.4914272,0,0,232838985.27158248,0,0,0,0,0,0,0,0,0,483383871.9392009,0,0,0,0,0,0,0,0,130259954.0637297,0,0,0,6802395879.5386715,0,384953148.1821784,0,0,405158510.8115281,1924884785.5904846,0,295626246.22286785,0,0,0,0,0,0,0,0,0,0
1760659200,17-10-2025,0,746766731.4499019,0,0,0,0,0,0,0,0,854062735.7136983,0,0,0,0,0,0,0,0,0,0,0,0,1784984032.1525185,0,0,232607403.5379427,0,0,0,0,0,0,0,0,0,519002753.603817,0,0,0,179483198.4294749,0,0,0,0,0,0,0,0,6799137629.722364,0,367111789.7888274,0,0,369175698.5384411,1593537117.2358038,0,234695596.4081805,0,0,0,0,0,0,0,0,0,0
1760745600,18-10-2025,0,339731288.34631747,0,0,0,0,0,0,0,0,550555992.4394248,0,0,0,0,0,0,0,0,0,0,0,0,1481886891.6914294,0,0,212057641.28887066,0,0,0,0,0,0,0,0,0,253573755.98787513,0,0,0,0,0,0,0,0,0,0,0,0,5626456735.332613,0,372254604.5078528,0,0,186331140.22359353,1261811431.3162477,0,346274157.10419714,110697082.41461249,0,0,0,0,0,0,0,0,0
1760832000,19-10-2025,0,348412608.6710756,0,0,0,0,0,0,0,0,519035149.58510464,0,0,0,0,0,0,0,0,0,0,0,0,1575665738.336644,0,0,228532780.22524655,0,0,0,0,0,0,0,0,0,266201410.23825866,0,0,0,0,0,0,89905306.13049318,0,0,0,0,0,5773872423.192212,0,385590179.86016744,0,0,193077358.80454418,1328613041.5877128,0,422952498.7187872,0,0,0,0,0,0,0,0,0,0
1760918400,20-10-2025,0,479510207.7455472,0,0,0,0,0,0,0,0,597489317.8878019,0,0,0,0,0,0,0,0,0,0,0,0,1643069790.2469969,0,0,235310657.63755247,0,0,0,0,0,0,0,0,0,369879644.24530464,0,0,0,0,0,0,104714276.32425533,0,0,0,0,0,5814010642.467738,0,407450409.4650123,0,0,212525571.68083566,1327134146.4000335,0,343113706.6539734,0,0,0,0,0,0,0,0,0,0
1761004800,21-10-2025,0,663715216.7899998,0,0,0,0,0,0,0,0,832134154.4443777,0,0,0,0,0,0,0,0,0,0,0,0,1649626545.8005943,0,0,290665409.6290845,0,0,0,0,0,0,0,0,0,524306270.76684946,0,0,0,0,0,0,0,0,122312117.22291934,0,0,0,6263522578.017396,0,395126725.99944407,0,0,268260120.15410832,1175417223.1748476,0,294244854.6700441,0,0,0,0,0,0,0,0,0,0
1761091200,22-10-2025,0,662515325.1041025,0,0,0,0,0,0,0,0,893978486.4638245,0,0,0,0,0,0,0,0,0,0,0,0,1689339310.0772297,0,0,254974328.67468128,0,0,0,0,0,0,0,0,0,419195403.88963044,0,0,0,301088819.3540075,0,0,0,0,0,0,0,0,6045719922.469773,0,358406557.5140743,0,0,274745281.5675761,1326922091.7354329,0,300038483.47567356,0,0,0,0,0,0,0,0,0,0
1761177600,23-10-2025,0,513681911.6719721,0,0,0,0,0,0,0,0,922784030.6869369,0,0,0,0,0,0,0,0,0,0,0,0,970497984.5766113,0,0,278308040.4205148,0,0,0,0,0,0,0,0,0,504424905.2825153,0,0,309653001.5848399,681790556.4041308,0,0,0,0,0,0,0,0,6142764673.268527,0,358124895.20126206,0,0,272089925.2871246,1221981955.1636732,0,0,0,0,0,0,0,0,0,0,0,0
1761264000,24-10-2025,0,494971236.9264494,0,0,0,0,0,0,0,0,747944956.5558809,0,0,0,0,0,0,0,0,0,0,0,0,676887498.90327,0,0,261695593.1818632,0,0,0,0,0,0,0,0,0,467631551.5621872,0,0,0,201226386.12485713,0,0,0,0,0,0,0,0,8116972096.749926,0,388124741.3748392,0,0,244700721.30435154,1024868011.991711,0,93481435.4638284,0,0,0,0,0,0,0,0,0,0
1761350400,25-10-2025,0,232460531.55778238,0,0,0,0,0,0,0,0,515997780.36618596,0,0,0,0,0,0,0,0,0,0,0,0,716013019.3702625,0,0,278817389.5203174,0,0,0,0,0,0,0,0,0,318387998.7042397,0,0,0,82824504.71546085,0,0,0,0,0,0,0,0,7111216120.711868,0,380234821.16333437,0,0,152966871.59617615,603558138.8147314,0,82012997.92540154,0,0,0,0,0,0,0,0,0,0
1761436800,26-10-2025,0,337867850.39609087,0,0,0,0,0,0,0,0,524632192.3814342,0,0,0,0,0,0,0,0,0,0,0,0,779312686.4089338,0,0,294982157.4936374,0,0,0,0,0,0,0,0,0,352523192.52821374,0,0,0,0,0,0,82056372.70644103,0,0,0,0,0,6957579424.529233,0,361901903.4024325,0,0,183014431.953269,751587944.0194392,0,92110158.50815366,0,0,0,0,0,0,0,0,0,0
1761523200,27-10-2025,0,530626074.36502504,0,0,0,0,0,0,0,0,831993051.1627073,0,0,0,0,0,0,0,0,0,0,0,0,949881410.7845446,0,0,306868483.9156049,0,0,0,0,0,0,0,0,0,796327517.294448,0,0,0,123403106.89824897,0,0,0,0,0,0,0,0,7155438255.885443,0,379945825.9259841,0,0,242525214.67211723,1095559334.981584,0,148414900.84172872,0,0,0,0,0,0,0,0,0,0
1761609600,28-10-2025,0,716193135.0221373,0,0,0,0,0,0,0,0,871896999.8505383,0,0,0,0,0,0,0,0,0,0,0,0,1074110295.1091413,0,0,340174111.01746124,0,0,0,0,0,0,0,0,0,787799024.4555397,0,0,0,312626138.75979525,0,0,0,0,0,0,0,0,5978587616.231111,0,359945029.1949584,0,0,268712750.32069206,1351178338.9567266,0,294311656.43399036,0,0,0,0,0,0,0,0,0,0
1761696000,29-10-2025,0,840097825.348307,0,0,0,0,0,0,0,0,1019007360.2875199,0,0,0,0,0,0,0,0,0,0,0,0,967888006.6240078,0,0,359635404.337217,0,0,0,0,0,0,0,0,0,1038604173.6984954,0,0,0,386159490.7678206,0,0,0,0,0,0,0,0,6615941510.505387,0,360414777.0024115,0,0,280433738.69286644,1212503793.092129,0,262974051.96154937,0,0,0,0,0,0,0,0,0,0
1761782400,30-10-2025,0,851913942.2095617,0,0,0,0,0,0,0,0,1035409804.9050767,0,0,0,0,0,0,0,0,0,0,0,0,1028920532.00572,0,0,337981568.64597315,0,0,0,0,0,0,0,0,0,822418090.6218152,0,0,0,0,0,0,0,0,131484314.02751416,0,0,0,5832577184.477139,0,305424856.5260432,0,0,312087394.30191743,1668616386.166287,0,260579287.51141164,0,0,0,0,0,0,0,0,0,0
1761868800,31-10-2025,0,567889817.8636161,0,0,0,0,0,0,0,0,807079324.2886221,0,0,0,0,0,0,0,0,0,0,0,0,892689401.5092077,0,0,333270848.21056575,0,0,0,0,0,0,0,0,0,609823559.8407513,0,0,470190996.4855245,0,0,0,0,0,0,0,0,0,5550272364.696767,0,317995280.7894131,0,0,312163362.03081155,1663394317.156872,0,162735080.15551144,0,0,0,0,0,0,0,0,0,0
1761955200,01-11-2025,0,257136856.77335578,0,0,0,0,0,0,0,0,491790591.44155973,0,0,0,0,0,0,0,0,0,0,0,0,690957541.5687237,0,0,292671298.3622742,0,0,0,0,0,0,0,0,0,378095433.08250326,0,0,0,0,0,0,106620080.4214167,0,0,0,0,0,5093539961.055334,0,358409019.7616875,0,0,165508136.80977085,988580021.961506,0,212775206.6348491,0,0,0,0,0,0,0,0,0,0
1762041600,02-11-2025,0,287526813.18419456,0,0,0,0,0,0,0,0,407422920.9534177,0,0,0,0,0,0,0,0,0,0,0,0,724180947.238379,0,0,291892124.3048775,0,0,0,0,0,0,0,0,0,296298307.76767445,0,0,0,0,0,0,100426863.98257211,0,0,0,0,0,5624185795.881543,0,348598700.8570637,0,0,133628037.90173838,970188473.6494985,0,264314983.0317462,0,0,0,0,0,0,0,0,0,0
1762128000,03-11-2025,0,718888816.5696255,0,0,0,0,0,0,0,0,1008925704.5445839,0,0,0,0,0,0,0,0,0,0,0,0,874715634.3548161,0,0,841464016.0579543,0,0,0,0,0,0,0,0,0,625646051.3003279,0,0,0,0,0,270626112.49333197,0,0,0,0,0,0,4889791374.68311,0,356944701.0830052,0,0,400061657.2897927,1747397816.1566758,0,437538806.8383677,0,0,0,0,0,0,0,0,0,0
1762214400,04-11-2025,202337239.81324172,834142297.8974295,0,0,0,0,0,0,0,0,1202985719.0260375,0,0,0,0,0,0,0,0,0,0,0,0,897073979.3479638,0,0,294391255.23358786,0,0,0,0,0,0,0,0,0,689204716.5528593,0,0,0,0,0,184178395.4116409,0,0,0,0,0,0,4383066856.540722,0,0,0,0,463968977.50617796,2246258515.321659,0,1408491804.0659738,0,0,0,0,0,0,0,0,0,0
1762300800,05-11-2025,0,559640479.9772954,0,0,0,0,0,0,0,0,1002552011.2528057,0,0,0,0,0,0,0,0,0,0,0,0,560213107.0674247,0,0,266287785.30413103,0,0,0,0,0,0,0,0,0,600555190.779576,0,0,0,0,0,0,0,0,127623162.00331956,0,0,0,3016051849.110806,0,0,0,0,323575083.3762594,2187403409.298479,0,197223815.61799273,0,118895284.92932315,0,0,0,0,0,0,0,0
1762387200,06-11-2025,0,546880686.8958063,0,0,0,0,0,0,0,0,803316799.3203118,0,0,0,0,0,0,0,0,0,0,0,0,865271784.1726055,0,0,283805914.47252965,0,0,0,0,0,0,0,0,0,500236088.1410605,0,0,0,0,0,0,0,0,102211550.05266374,0,0,0,1566384345.7078831,0,0,0,0,234425900.5004676,2464653638.2854667,0,344392334.5177011,0,117272617.56112604,0,0,0,0,0,0,0,0
1762473600,07-11-2025,0,606899846.0064898,0,0,0,0,0,0,0,0,894140760.4775641,0,0,0,0,0,0,0,0,0,0,0,0,695793918.4934791,0,0,274212021.89257854,0,0,0,0,0,0,0,0,0,493452136.22690994,0,0,0,382129767.4112434,0,0,0,0,0,0,0,0,3443160580.126527,0,0,0,0,250912500.4414865,2907493456.3917527,0,499267629.025514,0,142111635.47918767,0,0,0,0,0,0,0,0
1762560000,08-11-2025,0,326951211.2099449,0,0,0,0,0,0,0,0,495576517.4453294,0,0,0,0,0,0,0,0,0,0,0,0,575903550.9008793,0,0,256998263.18686306,0,0,0,0,0,0,0,0,0,338918263.332163,0,0,0,0,0,0,85766713.12609842,0,0,0,0,0,3612385642.7824726,0,0,0,0,109760882.13293087,1710360976.1998158,0,262503089.0364623,0,75720430.14385132,0,0,0,0,0,0,0,0
1762646400,09-11-2025,0,345204048.72701603,0,0,0,0,0,0,0,0,629926810.685089,0,0,0,0,0,0,0,0,0,0,0,0,679693611.3550106,0,0,265201029.80646047,0,0,0,0,0,0,0,0,0,341442860.09937686,0,0,0,0,0,0,0,0,0,0,0,0,3849277005.8879533,0,0,0,0,122598172.52358714,2962578644.835505,0,906101102.402769,0,93329469.2515301,106322094.05028422,0,0,0,0,0,0,0
1762732800,10-11-2025,0,501489903.61135507,0,0,0,0,0,0,0,0,730556222.3919425,0,0,0,0,0,0,0,0,0,0,0,0,706880967.8955913,0,0,264181763.82913548,0,0,0,0,0,0,0,0,0,726375374.1434708,0,0,0,0,0,0,0,0,0,0,0,0,3920074148.684885,0,0,0,0,200597284.4485444,1819481782.7715292,0,156458477.5949054,0,134745061.27092195,174015484.54150182,0,0,0,0,0,0,0
1762819200,11-11-2025,0,515228208.57029355,0,0,0,0,0,0,0,0,798677928.1754893,0,0,0,0,0,0,0,0,0,0,0,0,757028244.6298604,0,0,290133019.3294213,0,0,0,0,0,0,0,0,0,489324469.9625748,0,0,0,0,0,0,0,0,110687778.38309254,0,0,0,4068186590.0223055,0,0,0,0,445696918.976315,873561139.6957939,0,0,0,115389429.377094,117564768.26927738,0,0,0,0,0,0,0
1762905600,12-11-2025,0,461771942.30249214,0,0,0,0,0,0,0,0,651794286.5044785,0,0,0,0,0,0,0,0,0,0,0,0,777947291.6898832,0,0,300759214.6824938,0,0,0,0,0,0,0,0,0,449864643.1620983,0,0,0,0,0,0,0,0,82662564.2046499,0,0,0,3970655682.8063316,0,81078545.59008087,0,0,517084002.50359666,1109362906.836378,0,296279877.3820476,0,0,0,0,0,0,0,0,0,0
1762992000,13-11-2025,0,589731658.4432372,0,0,0,0,0,0,0,0,720016387.2206604,0,0,0,0,0,0,0,0,0,0,0,0,652657619.7208948,0,0,308676950.84821767,0,0,0,0,0,0,0,0,0,449988829.08266973,0,0,0,0,0,0,0,0,112641179.73571791,0,0,0,4136616037.8335056,0,0,0,0,359023793.3984024,1028857394.690526,0,238545613.08909762,0,0,118162409.877422,0,0,0,0,0,0,0
1763078400,14-11-2025,0,765215952.293793,0,0,0,0,0,0,0,0,857997802.9290469,0,0,0,0,0,0,0,0,0,0,0,0,655577192.312416,0,0,284868062.7210564,0,0,0,0,0,0,0,0,0,501139502.8433375,0,0,0,0,0,0,0,0,130763578.59502181,0,0,0,4050848085.3320656,0,0,0,0,312595676.2335501,794599127.8035979,0,232375312.31368434,0,0,177351434.96488696,0,0,0,0,0,0,0
1763164800,15-11-2025,0,298517379.83355665,0,0,0,0,0,0,0,0,428708112.87657344,0,0,0,0,0,0,0,0,0,0,0,0,542300006.1908097,0,0,258044306.66650078,0,0,0,0,0,0,0,0,0,231290980.5550091,0,0,0,0,0,0,73891950.9006074,0,0,0,0,0,4062993148.256933,0,76466828.98742573,0,0,499580527.1235944,1153113912.9814677,0,848114356.1194901,0,0,0,0,0,0,0,0,0,0
1763251200,16-11-2025,0,433192637.75531954,0,0,0,0,0,0,0,0,513653011.34797657,0,0,0,0,0,0,0,0,0,0,0,0,578967796.8135829,0,0,239778468.5629649,0,0,0,0,0,0,0,0,0,303434093.5321021,0,0,0,0,0,0,72392532.17499533,0,77301931.2864829,0,0,0,4308484162.80013,0,0,0,0,217820408.62335408,423029165.6880141,0,108192362.24429825,0,0,0,0,0,0,0,0,0,0
1763337600,17-11-2025,0,626768260.5742235,0,0,0,0,0,0,0,0,671898274.304103,0,0,0,0,0,0,0,0,0,0,0,0,590859118.9218543,0,0,273428208.6379003,0,0,0,0,0,0,0,0,0,335225926.7952697,0,0,0,0,0,0,77804380.91359694,0,104601242.13292572,0,0,0,4176421094.597526,0,0,0,0,293065144.53776824,383782113.87883747,0,202696563.77508897,0,0,0,0,0,0,0,0,0,0
1763424000,18-11-2025,0,715685940.6345427,0,0,0,0,0,0,0,0,717525077.3588614,0,0,0,0,0,0,0,0,0,0,0,0,649117637.3730488,0,0,207323325.45425576,0,0,0,0,0,0,0,0,0,377765859.4814127,0,0,0,0,0,107213171.81475876,0,0,128828557.64849803,0,0,0,3872545261.810231,0,0,0,0,376985875.4152203,467964445.4388647,0,150529646.0279217,0,0,0,0,0,0,0,0,0,0
1763510400,19-11-2025,0,580827540.0201765,0,0,0,0,0,0,0,0,623103016.5004932,0,0,0,0,0,0,0,0,0,0,0,0,675141778.5570579,0,0,4081315868.274994,0,0,0,0,0,0,0,0,0,297879004.03908503,0,0,0,0,0,0,88027098.38590716,0,100366233.15410058,0,0,0,3845951177.037733,0,0,0,0,282614601.6487276,490586532.995756,0,105638983.56230812,0,0,0,0,0,0,0,0,0,0
1763596800,20-11-2025,0,671757281.8884429,0,0,0,0,0,0,0,0,924710700.5827577,0,0,0,0,0,0,0,0,0,0,0,0,952717458.2115674,0,0,238192187.61545047,0,0,0,0,0,0,0,0,0,325965557.999491,0,0,161962508.89155024,0,0,138641578.14374396,0,0,0,0,0,0,3640166323.715371,0,0,0,0,501028916.4681524,752764825.712424,0,145566215.20668662,0,0,0,0,0,0,0,0,0,0
1763683200,21-11-2025,0,795867129.1151999,0,0,0,0,0,0,0,0,878783668.0599273,0,0,0,0,0,0,0,0,0,0,0,0,1125990254.9619482,0,0,750780908.5159713,0,0,0,0,0,0,0,0,0,498977434.05426437,0,0,0,0,0,149630920.38078976,0,0,149578460.84147295,0,0,0,2918697286.519984,0,0,0,0,511099932.60173506,645695860.7842118,0,149354734.51646358,0,0,0,0,0,0,0,0,0,0
1763769600,22-11-2025,0,291752160.8396083,0,0,0,0,0,0,0,0,459048875.64429,0,0,0,0,0,0,0,0,0,0,0,0,1061038649.8545233,0,0,176765622.53935307,0,0,0,0,0,0,0,0,0,245533484.29447025,0,0,0,0,0,0,65320533.362504184,0,0,0,0,0,2599281007.997599,0,71468257.59607378,0,0,303768696.75143313,727689243.4395213,0,82697968.38514142,0,0,0,0,0,0,0,0,0,0
1763856000,23-11-2025,111657331.34836456,309973720.00944906,0,0,0,0,0,0,0,0,562081669.4569361,0,0,0,0,0,0,0,0,0,0,0,0,1157435047.6201725,0,0,191772033.46868756,0,0,0,0,0,0,0,0,0,180909828.5128186,0,0,0,0,0,0,0,0,0,0,0,0,2717852596.665998,0,0,0,0,258318981.69321588,1125123919.5544045,0,98608337.76864225,88975302.36494516,0,0,0,0,0,0,0,0,0
1763942400,24-11-2025,89663898.10846953,535482140.4394768,0,0,0,0,0,0,0,0,645205316.6610073,0,0,0,0,0,0,0,0,0,0,0,0,1241758524.402334,0,0,214956585.04642853,0,0,0,0,0,0,0,0,0,260044910.30372325,0,0,0,0,0,0,0,0,0,0,0,0,2899837387.6915736,0,0,0,0,253741978.52696952,834741687.4826252,0,122215016.00669007,138713953.83388057,0,0,0,0,0,0,0,0,0
1764028800,25-11-2025,0,429530833.4099396,0,0,0,0,0,0,0,0,612966501.3328336,0,0,0,0,0,0,0,0,0,0,0,0,1031643949.9847599,0,0,203341523.44879615,0,0,0,0,0,0,0,0,0,254945031.10255086,0,0,0,0,0,0,0,0,0,0,0,0,3072352984.414745,0,81174973.23199035,0,0,190422317.45181286,928004222.712047,0,128273463.21870692,105510385.6734634,0,0,0,0,0,0,0,0,0
1764115200,26-11-2025,0,492851184.0805256,0,0,0,0,0,0,0,0,689249530.6499969,0,0,0,0,0,0,0,0,0,0,0,0,1012567784.972945,0,0,235654987.49392974,0,0,0,0,0,0,0,0,0,250211074.3712865,0,0,0,0,0,109185245.95771341,0,0,0,0,0,0,2759201528.0441585,0,0,0,0,202935770.64550698,937424545.417868,0,135211015.98577943,135167652.41996852,0,0,0,0,0,0,0,0,0
1764201600,27-11-2025,0,307695936.5033626,0,0,0,0,0,0,0,0,576649216.6622002,0,0,0,0,0,0,0,0,0,0,0,0,867530054.6064287,0,0,218593676.3639799,0,0,0,0,0,0,0,0,0,195636662.36980665,0,0,0,0,0,0,82374836.59612782,0,0,0,0,0,3108544599.3356476,0,95043050.9045368,0,0,318703204.2088529,1526770262.9750254,0,183330648.04833224,0,0,0,0,0,0,0,0,0,0
1764288000,28-11-2025,106914362.85670027,369456044.36452746,0,0,0,0,0,0,0,0,622339663.7326332,0,0,0,0,0,0,0,0,0,0,0,0,879761667.0882614,0,0,199562508.8929118,0,0,0,0,0,0,0,0,0,188905937.2496166,0,0,0,0,0,0,92017101.66120304,0,0,0,0,0,2735574334.090694,0,0,0,0,471968930.3944609,1524838455.7604146,0,158683046.5898359,0,0,0,0,0,0,0,0,0,0
1764374400,29-11-2025,0,175666250.44130898,0,0,0,0,0,0,0,0,500143010.57051474,0,0,0,0,0,0,0,0,0,0,0,0,926913021.0566285,0,0,187606389.43684095,0,0,0,0,0,0,0,0,0,116516202.60276377,247907325.28151217,0,0,0,0,0,84997400.13146484,0,0,0,0,0,2584546820.154471,0,0,0,0,395935128.45879704,1367244810.9654517,0,136388043.56766716,0,0,0,0,0,0,0,0,0,0
1764460800,30-11-2025,91650834.63085479,228263386.72996372,0,0,0,0,0,0,0,0,501590763.0031637,0,0,0,0,0,0,0,0,0,0,0,0,908483286.8511947,0,0,201345504.01272464,0,0,0,0,0,0,0,0,0,142917038.00542635,0,0,0,0,0,0,79645378.7829513,0,0,0,0,0,2560025983.042267,0,0,0,0,402044693.309558,1584205758.7096915,0,162633557.35422784,0,0,0,0,0,0,0,0,0,0
1764547200,01-12-2025,146872364.9383819,429079294.4740239,0,0,0,0,0,0,0,0,666706935.9624716,0,0,0,0,0,0,0,0,0,0,0,0,931493436.5531393,0,0,175658663.42340878,0,0,0,0,0,0,0,0,0,258299695.13831225,0,0,0,0,0,0,0,0,112011953.82622296,0,0,0,2299107598.5788994,0,0,0,0,585938374.7152416,1339454766.521118,0,278929007.00034386,0,0,0,0,0,0,0,0,0,0
1764633600,02-12-2025,111834069.19132978,462064480.4536054,0,0,0,0,0,0,0,0,705053550.8850853,0,0,0,0,0,0,0,0,0,0,0,0,960232206.1794249,0,0,183958647.9843816,0,0,0,0,0,0,0,0,0,220685881.1834857,0,0,0,0,0,0,0,0,127389744.28904217,0,0,0,2348797204.249172,0,0,0,0,463084285.7627194,1544300841.6252174,0,128468588.98944551,0,0,0,0,0,0,0,0,0,0
1764720000,03-12-2025,0,505233812.5289992,0,0,0,0,0,0,0,0,654986571.3727826,0,0,0,0,0,0,0,0,0,0,0,0,1008482501.8188468,0,0,207189717.76813555,0,0,0,0,0,0,0,0,0,219081852.65755036,0,0,0,0,0,0,99297442.81110144,0,102614315.39623211,0,0,0,2531567562.3636436,0,0,0,0,405807510.7321019,1569992641.1033304,0,0,99148971.14223944,0,0,0,0,0,0,0,0,0
1764806400,04-12-2025,0,405284963.01938707,0,0,0,0,0,0,0,0,558953070.5332818,0,0,0,0,0,0,0,0,0,0,0,0,1018117233.2190361,0,0,288808685.3415947,0,0,0,0,0,0,0,0,0,199074255.7394111,0,0,0,0,0,0,104806697.06179346,0,0,0,0,0,2756114721.875917,0,82974897.92669295,0,0,381233663.84869814,1509090126.4061356,0,0,89181668.41718884,0,0,0,0,0,0,0,0,0
1764892800,05-12-2025,0,359282148.95368505,0,0,0,0,0,0,0,0,569425864.2812617,0,0,0,0,0,0,0,0,0,0,0,0,844120796.64453,0,0,422226525.66151494,0,0,0,0,0,0,0,0,0,208280707.11031413,0,0,0,0,0,0,92509154.20708154,0,0,0,0,0,2553440607.3467417,0,75653226.63175637,0,0,391547846.3519776,1499618550.584637,0,0,100433017.84146862,0,0,0,0,0,0,0,0,0
1764979200,06-12-2025,94550417.35819995,162069534.07976803,0,0,0,0,0,0,0,0,370931404.9405037,0,0,0,0,0,0,0,0,0,0,0,0,677512929.0400394,0,0,393749984.8008744,0,0,0,0,0,0,0,0,0,245655356.81234127,0,0,0,0,0,0,80761454.02630475,0,0,0,0,0,2980892473.9785295,0,69295590.26221503,0,0,386763660.1417357,1429053251.714455,0,0,0,0,0,0,0,0,0,0,0,0
1765065600,07-12-2025,83831268.13553172,276577761.7483569,0,0,0,0,0,0,0,0,577705133.4099673,0,0,0,0,0,0,0,0,0,0,0,0,650861968.9180573,0,0,690180249.279621,0,0,0,0,0,0,0,0,0,574994173.4047843,0,0,0,0,0,0,0,0,0,0,0,0,4073976383.086375,0,0,0,0,459536414.5635763,1572047783.7307377,0,177263673.80572417,0,0,0,70570213.20209059,0,0,0,0,0,0
1765152000,08-12-2025,0,405459096.4978441,0,0,0,0,0,0,0,0,580848207.3914988,0,0,0,0,0,0,0,0,0,0,0,0,629792220.1929694,0,0,659176860.0959109,0,0,0,0,0,0,0,0,0,530277417.9511301,0,0,0,0,0,0,93602006.46044941,0,0,0,0,0,2926185326.839966,0,0,0,0,494044164.27352464,1582790824.071899,0,112332176.90718499,92646856.36999723,0,0,0,0,0,0,0,0,0
1765238400,09-12-2025,0,433923537.6230536,0,0,0,0,0,0,0,0,691577990.2970821,0,0,0,0,0,0,0,0,0,0,0,0,866135126.4715112,0,0,668081872.9077567,0,0,0,0,0,0,0,0,0,591692012.4051181,0,0,0,0,0,0,87598162.18091892,0,0,0,0,0,2881454150.5013494,0,0,0,0,398609426.7774494,1213542382.3256419,0,0,164163960.8884806,0,0,93137513.88048299,0,0,0,0,0,0
1765324800,10-12-2025,0,546892956.4595608,0,0,0,0,0,0,0,0,739636908.7567399,0,0,0,0,0,0,0,0,0,0,0,0,890575787.913129,0,0,821471743.4951935,0,0,0,0,0,0,0,0,0,429324927.14804167,0,0,0,0,0,0,86275666.42057274,0,0,0,0,0,2900546897.1438937,0,0,0,0,395687754.21227705,1139253992.590437,0,0,206198862.64175883,0,0,0,116062121.27193384,0,0,0,0,0
1765411200,11-12-2025,93809989.40624088,400666873.69698614,0,0,0,0,0,0,0,0,671784571.1097918,0,0,0,0,0,0,0,0,0,0,0,0,778887252.7991256,0,0,680559752.650449,0,0,0,0,0,0,0,0,0,174974309.93004203,0,0,0,0,0,0,0,0,0,0,0,0,3087766573.6006165,0,0,0,0,357988614.35818785,1137265765.8894897,0,197552741.059277,196627354.3217612,0,0,0,0,0,0,0,0,0
1765497600,12-12-2025,89574827.63307288,338062407.20424217,0,0,0,0,0,0,0,0,646006247.9150984,0,0,0,0,0,0,0,0,0,0,0,0,683268765.7421416,0,0,632407888.1785073,0,0,0,0,0,0,0,0,0,160400755.49669254,0,0,0,0,0,0,0,0,0,0,0,0,2776539538.4448433,0,0,0,0,308243945.4508603,1386997381.743923,0,0,158031911.41290262,0,0,83869204.4399567,0,0,0,0,0,0
1765584000,13-12-2025,0,141031913.30201855,0,0,0,0,0,0,0,0,314810549.078144,0,0,0,0,0,0,0,0,0,0,0,0,565331428.0114884,0,0,593912345.4303374,0,0,0,0,0,0,0,0,0,79104253.12808631,0,0,0,0,0,0,64772264.45943988,0,0,0,0,0,2578218919.5139217,0,0,0,0,239077998.87394652,1307388099.2221437,0,0,82987333.9981819,0,0,70919324.02011997,0,0,0,0,0,0
1765670400,14-12-2025,62288684.74879527,201728443.8926887,0,0,0,0,0,0,0,0,414055544.60022265,0,0,0,0,0,0,0,0,0,0,0,0,628456240.1887423,0,0,589994539.7723416,0,0,0,0,0,0,0,0,0,100169885.30600011,0,0,0,0,0,0,67076087.57959347,0,0,0,0,0,2131927238.0412908,0,0,0,0,218685807.76302215,1018681887.5467979,0,0,85610805.57612827,0,0,0,0,0,0,0,0,0
1765756800,15-12-2025,88106802.4856024,385042827.43387645,0,0,0,0,0,0,0,0,726074222.3254299,0,0,0,0,0,0,0,0,0,0,0,0,710714160.3373846,0,0,674308912.7755421,0,0,0,0,0,0,0,0,0,192269146.1255397,0,0,0,0,0,0,0,0,0,0,0,0,2244855143.1701922,0,0,0,0,367784857.60941786,1491279966.8697197,0,0,113420311.79973722,0,0,98411486.05494815,0,0,0,0,0,0
1765843200,16-12-2025,99206817.61924946,371524748.2452817,0,0,0,0,0,0,0,0,633375112.2607433,0,0,0,0,0,0,0,0,0,0,0,0,628272537.7987614,0,0,607450683.3281155,0,0,0,0,0,0,0,0,0,189203901.44424757,0,0,0,0,0,0,0,0,0,0,0,0,2366145103.8493915,0,0,0,0,369590624.8465347,1422027538.1941495,0,0,90479920.64112125,0,0,85424447.07224531,0,0,0,0,0,0
1765929600,17-12-2025,84652293.79647084,411868564.4205127,0,0,0,0,0,0,0,0,733401744.6235677,0,0,0,0,0,0,0,0,0,0,0,0,738512193.454684,0,0,557535458.8511724,0,0,0,0,0,0,0,0,0,170325968.48992187,0,0,0,0,0,0,0,0,0,0,0,0,2535990712.3556604,0,0,0,0,280396529.7576402,1308578574.7475371,0,0,116426855.76086296,0,99747885.0690232,0,0,0,0,0,0,0
1766016000,18-12-2025,0,748608092.0719694,0,0,0,0,0,0,0,0,807223677.8685545,0,0,0,0,0,0,0,0,0,0,0,0,652338023.9549006,0,0,510390110.2195532,0,0,0,0,0,0,0,0,0,190154107.42961904,0,0,0,0,0,0,0,0,0,0,0,0,2501431509.929812,0,0,0,0,348554541.72769374,1498876267.5383115,0,0,181666089.70376462,0,107878477.00369042,120440256.7686317,0,0,0,0,0,0
1766102400,19-12-2025,71391038.30560677,1741168917.8997653,0,0,0,0,0,0,0,0,620365729.5452125,0,0,0,0,0,0,0,0,0,0,0,0,803976886.1309735,0,0,490489083.98970085,0,0,0,0,0,0,0,0,0,168828826.61426616,0,0,0,0,0,0,0,0,0,0,0,0,2441753228.0939426,0,0,0,0,235854375.45837042,1445658891.6087089,0,0,115908808.28051178,0,0,75035440.53200257,0,0,0,0,0,0
1766188800,20-12-2025,0,2432905169.668021,0,0,0,0,0,0,0,0,389370029.7429446,0,0,0,0,0,0,0,0,0,0,0,0,322021306.64512086,0,0,493317676.8826842,0,0,0,0,0,0,0,0,0,60868095.87225721,0,0,0,0,0,0,66305512.97513058,0,0,0,0,0,2043259895.9594696,0,0,0,0,110827969.94022058,1363671509.8771648,0,129907477.02408454,0,0,0,73660315.44893634,0,0,0,0,0,0
1766275200,21-12-2025,0,1521393182.4634929,0,0,0,0,0,0,0,0,453262563.0670284,0,0,0,0,0,0,0,0,0,0,0,0,415215185.06547385,0,0,556295420.7561961,0,0,0,0,0,0,0,0,0,84113626.95655696,0,0,0,112989861.6811202,0,0,67904232.67221363,0,0,0,0,0,2321297154.430784,0,0,0,0,116326545.26194629,1238312776.2153678,0,0,0,0,0,68239975.85882348,0,0,0,0,0,0
1766361600,22-12-2025,0,456156533.9956101,0,0,0,0,0,0,0,0,770861048.1286304,0,0,0,0,0,0,0,0,0,0,0,0,561224835.8208672,0,0,585070073.8950958,0,0,0,0,0,0,0,0,0,191171874.44461462,0,0,0,0,0,0,91862239.57873002,0,0,0,0,0,2488880051.9596457,0,0,0,0,221132686.3521578,1373907159.0466454,0,176914776.40724066,108188467.46538556,0,0,0,0,0,0,0,0,0
1766448000,23-12-2025,0,284192289.1653056,0,0,0,0,0,0,0,0,673387879.4011308,0,0,0,0,0,0,0,0,0,0,0,0,417618094.31589407,0,0,1125604544.7856915,0,0,0,0,0,0,0,0,0,146765561.33276775,0,0,0,0,0,0,0,0,0,0,0,114151680.31371397,2786800609.3038154,0,0,0,0,177906538.67429742,1434736346.5843036,0,101428082.04495515,0,0,0,89113131.20617822,0,0,0,0,0,0
1766534400,24-12-2025,0,210951672.8870266,0,0,0,0,0,0,0,0,543199761.2666799,0,0,0,0,0,0,0,0,0,0,0,0,372111784.9590327,0,0,817134230.4611337,0,0,0,0,0,0,0,0,0,115472265.4367443,0,0,0,0,0,0,74036470.02485357,0,0,0,0,94529251.2078252,2601081279.7102222,0,0,0,0,178422048.26186064,1353073880.7940254,0,0,0,0,0,88278256.88085844,0,0,0,0,0,0
1766620800,25-12-2025,0,151542478.77054706,0,0,0,0,0,0,0,0,435486129.7402111,0,0,0,0,0,0,0,0,0,0,0,0,403047585.56990254,0,0,1039354643.9034668,0,0,0,0,0,0,0,0,0,95086118.74875212,0,0,0,0,0,0,0,0,0,0,0,79219657.23358154,2738607029.264456,0,0,0,0,170877687.53795448,1243177540.1397958,0,222585448.50759882,0,0,0,72481265.73994961,0,0,0,0,0,0
1766707200,26-12-2025,0,317085951.251016,0,0,0,0,0,0,0,0,506880793.8174952,0,0,0,0,0,0,0,0,0,0,0,0,513202723.30066305,0,0,840625239.157167,0,0,0,0,0,0,0,0,0,119932938.43507865,0,0,0,0,0,0,0,0,0,0,0,96532211.62045316,2634673253.0802526,0,0,0,0,189561515.939042,1284143791.534443,0,0,83133119.96235998,0,0,83149077.544402,0,0,0,0,0,0
1766793600,27-12-2025,0,109326635.75858107,0,0,0,0,0,0,0,0,309770209.99310744,0,0,0,0,0,0,0,0,0,0,0,0,435269427.6254306,0,0,936956490.5150795,0,0,0,0,0,0,0,0,0,82478878.10149392,0,0,0,0,0,0,76766574.5122489,0,0,0,0,0,2383567141.8015714,0,0,0,0,116678479.67140359,1109374853.2112572,0,0,47256052.41920788,0,0,72238121.33800387,0,0,0,0,0,0
1766880000,28-12-2025,0,101576233.75092208,0,0,0,0,0,0,0,0,338438177.48153555,0,0,0,0,0,0,0,0,0,0,0,0,363166153.35990757,0,0,1099688236.3654237,0,0,0,0,0,0,0,0,0,96432198.57021995,0,0,0,0,0,0,82233882.41222101,0,0,0,0,0,2490735511.3588524,0,0,0,0,95033514.53055343,947742733.087428,0,0,59016242.60979101,0,0,51749698.44644389,0,0,0,0,0,0
1766966400,29-12-2025,0,332913816.98591924,0,0,0,0,0,0,0,0,657394272.5781476,0,0,0,0,0,0,0,0,0,0,0,0,406167857.03532314,0,0,1234111069.324478,0,0,0,0,0,0,0,0,0,194862480.96290085,0,0,0,0,0,0,88811829.63590358,0,0,0,0,0,2720506308.24297,0,0,0,0,209607057.6633085,1393727198.8865685,0,0,99683978.14459166,0,0,92336549.30679815,0,0,0,0,0,0
1767052800,30-12-2025,0,232321401.28193292,0,0,0,0,0,0,0,0,457672307.03708994,0,0,0,0,0,0,0,0,0,0,0,0,476795091.3516308,0,0,1410727040.477406,0,0,0,0,0,0,0,0,0,154666461.32961753,0,0,0,0,0,0,89575883.79576874,0,0,0,0,0,2842024776.592443,0,0,0,0,0,414585262.698392,0,0,79140959.94862714,0,0,85888057.81624104,0,51233681.59572746,0,0,0,0
1767139200,31-12-2025,0,232247277.0149156,0,0,0,0,0,0,0,0,490188511.09900177,0,0,0,0,0,0,0,0,0,0,0,0,395755842.25124544,0,0,1495368732.6140301,0,0,0,0,0,0,0,0,0,141853483.86554167,0,0,0,0,0,0,76650909.32195361,0,0,0,0,0,2765456901.4817924,0,0,0,0,129225780.55545981,302445824.5528272,0,0,62062497.01644097,0,0,81605741.14590216,0,0,0,0,0,0
1767225600,01-01-2026,0,129138055.40848216,0,0,0,0,0,0,0,0,317240344.7431165,0,0,0,0,0,0,0,0,0,0,0,0,373641065.436487,0,0,1363396121.9043825,0,0,0,0,0,0,0,0,0,93551170.05534898,0,0,0,0,0,0,74000767.85052943,0,0,0,0,0,2813558220.5859966,0,0,0,0,93632054.2251724,234607896.71544567,0,0,50798866.76066869,0,0,68767880.53899448,0,0,0,0,0,0
1767312000,02-01-2026,0,284425142.65390617,0,0,0,0,0,0,0,0,614370846.29566,0,0,0,0,0,0,0,0,0,0,0,0,455346172.4616355,0,0,1474998131.388661,0,0,0,0,0,0,0,0,0,202733128.81033373,0,0,0,0,0,0,80053954.13056673,0,0,0,0,0,3028202598.6754518,0,0,0,0,198712630.79580045,305639080.81981504,0,79373206.87236153,0,0,0,93487317.6230162,0,0,0,0,0,0
1767398400,03-01-2026,0,147526723.22640738,0,0,0,0,0,0,0,0,527826333.69433546,0,0,0,0,0,0,0,0,0,0,0,0,425859103.130664,0,0,1409547637.5110493,0,0,0,0,0,0,0,0,0,245230103.4906948,0,0,0,93824170.01110366,0,0,0,0,0,0,0,0,3253846698.195522,0,0,0,0,123598161.48380813,324847893.1042164,0,82111551.52102287,0,0,0,96733645.0869759,0,0,0,0,0,0
1767484800,04-01-2026,100998827.8606276,202688567.69010088,0,0,0,0,0,0,0,0,570108161.1575388,0,0,0,0,0,0,0,0,0,0,0,0,432535070.2449324,0,0,1483909387.7062662,0,0,0,0,0,0,0,0,0,248262616.60152167,0,0,0,0,0,0,0,0,0,0,0,0,3124645505.0553784,0,0,0,0,162416967.68194807,389049905.37766457,0,159678424.94569626,0,0,0,113918798.49983034,0,0,0,0,0,0
1767571200,05-01-2026,0,396853877.8906479,0,0,0,0,0,0,0,0,766962909.6382258,0,0,0,0,0,0,0,0,0,0,0,0,521213792.12952787,0,0,1918004006.8631287,0,0,0,0,0,0,0,0,0,326945250.66077906,0,0,0,0,0,0,93784920.85779838,0,0,0,0,0,4220655086.2393136,0,0,0,0,204124882.04967642,473810902.2429323,0,225053204.08421823,0,0,0,141530421.37146655,0,0,0,0,0,0
1767657600,06-01-2026,0,458120832.2796118,0,0,0,0,0,0,0,0,806773002.4011419,0,0,0,0,0,0,0,0,0,0,0,0,560443624.2270944,0,0,1970550085.884603,0,0,0,0,0,0,0,0,0,300391091.73358834,0,0,0,0,0,0,116753326.70706256,0,0,0,0,0,5280198552.310867,0,0,0,0,236961656.81592506,912820068.7557771,0,0,98441951.6780961,0,0,124437485.92417192,0,0,0,0,0,0
1767744000,07-01-2026,0,336385633.6819668,0,0,0,0,0,0,0,0,611954046.437164,0,0,0,0,0,0,0,0,0,0,0,0,500249501.93999046,0,0,1958361516.803506,0,0,0,0,0,0,0,0,0,214354579.18454042,0,0,0,0,0,0,107012360.96089578,0,0,0,0,0,4729848361.999147,0,0,0,0,168138075.83590224,1065514060.3195589,0,0,0,0,0,125622326.93779102,0,75536778.58166893,0,0,0,0
1767830400,08-01-2026,0,421732625.0054955,0,0,0,0,0,0,0,0,652622758.9865357,0,0,0,0,0,0,0,0,0,0,0,0,542977607.0749896,0,0,2071474477.324823,0,0,0,0,0,0,0,0,0,222292148.43965238,0,0,0,0,0,0,105924367.75403093,0,0,0,0,0,4507183461.163938,0,0,0,0,159577597.99243948,1131568820.7786105,0,80505178.52104342,0,0,0,137171055.17887795,0,0,0,0,0,0
1767916800,09-01-2026,0,399804744.40746826,0,0,0,0,0,0,0,0,605793560.7648667,0,0,0,0,0,0,0,0,0,0,0,0,433471561.0250856,0,0,1674751790.2729354,0,0,0,0,0,0,0,0,0,216214640.31190014,0,0,0,0,0,0,110455488.90354659,0,0,0,0,0,4977961614.231532,0,0,0,0,159035508.11186796,668433955.6753302,0,72309815.71016762,0,0,0,107789702.09581394,0,0,0,0,0,0
1768003200,10-01-2026,0,115725642.68785787,0,0,0,0,0,0,0,0,369397829.5755205,0,0,0,0,0,0,0,0,0,0,0,0,221812808.34498042,0,0,1471359777.8097188,0,0,0,0,0,0,0,0,0,113669671.30594513,0,0,0,0,0,0,103527098.16870515,0,0,0,0,0,5360048212.358344,0,72650267.47795226,0,0,72656906.74091695,168383671.37885818,0,87627850.41566278,0,0,0,0,0,0,0,0,0,0
1768089600,11-01-2026,0,219776781.770677,0,0,0,0,0,0,0,0,472105886.7590103,0,0,0,0,0,0,0,0,0,0,0,0,466558460.9251925,0,0,1660859422.9298918,0,0,0,0,0,0,0,0,0,194813396.55769438,0,0,0,0,0,0,103851784.5112414,0,0,0,0,0,5232436570.38314,0,75750701.09969743,0,0,0,213432570.8155629,0,139767426.1584858,0,0,0,69904029.6150086,0,0,0,0,0,0
1768176000,12-01-2026,0,408569492.4491057,0,0,0,0,0,0,0,0,714717607.1933339,0,0,0,0,0,0,0,0,0,0,0,0,635822036.2542808,0,0,2027506849.9328508,0,0,0,0,0,0,0,0,0,284256775.4471187,0,0,0,0,0,0,121955460.98227613,0,0,0,0,0,5284949544.491016,0,0,0,0,174259072.22031373,317856991.82070917,0,200584060.85956803,0,0,0,106914107.91704288,0,0,0,0,0,0
1768262400,13-01-2026,0,439993125.33376706,0,0,0,0,0,0,0,0,720533786.8091276,0,0,0,0,0,0,0,0,0,0,0,0,634258152.7953101,0,0,2266219053.624467,0,0,0,0,0,0,0,0,0,273421361.53262156,0,0,0,0,0,0,126518928.19001713,0,0,0,0,0,6002811234.351158,0,0,0,0,176686730.97252363,531737445.71709263,0,192293799.7568712,0,0,0,140600266.47801176,0,0,0,0,0,0
1768348800,14-01-2026,0,417327404.0253244,0,0,0,0,0,0,0,0,663119737.7212983,0,0,0,0,0,0,0,0,0,0,0,0,677206371.4914204,0,0,2628028422.617874,0,0,0,0,0,0,0,0,0,247556169.62683836,0,0,0,0,0,0,129938673.89141321,0,0,0,0,0,6603592585.934878,0,0,0,0,174963488.34653682,1316467556.8967311,0,180766846.7174505,0,0,0,269938067.776913,0,0,0,0,0,0
1768435200,15-01-2026,0,316230566.9995888,0,0,0,0,0,0,0,0,745798329.3825154,0,0,0,0,0,0,0,0,0,0,0,0,580939111.0143598,0,0,2508156986.794649,0,0,0,0,0,0,0,0,0,205373245.16960564,0,0,0,0,0,0,141029990.44289434,0,0,0,0,0,6738421429.440959,0,0,0,0,204340028.70268857,1217238146.7792718,0,249918951.88839456,0,0,0,489795708.75303876,0,0,0,0,0,0
1768521600,16-01-2026,0,259902852.68216404,0,0,0,0,0,0,0,0,761477621.1951635,0,0,0,0,0,0,0,0,0,0,0,0,475005137.8550204,0,0,2970585339.3469005,0,0,0,0,0,0,0,0,0,272437964.7542024,0,0,0,0,0,0,0,0,0,0,0,0,6755252733.920753,0,0,0,0,203652647.3412334,1183423213.5994546,0,126352350.64057145,0,0,0,458394359.6874839,0,156378901.38080424,0,0,0,0
1768608000,17-01-2026,0,109216278.35249919,0,0,0,0,0,0,0,0,568617695.7475134,0,0,0,0,0,0,0,0,0,0,0,0,362120606.9418977,0,0,3091580328.541941,0,0,0,0,0,0,0,0,0,157703421.38833612,0,0,0,0,0,0,0,0,0,0,0,0,5877775812.785849,0,0,0,0,106813825.94710839,884581402.733987,0,242026049.1058423,0,0,0,303933915.10493684,0,159530280.4434106,0,0,0,0
1768694400,18-01-2026,0,164901779.79636103,0,0,0,0,0,0,0,0,626774644.041498,0,0,0,0,0,0,0,0,0,0,0,0,398397679.1138471,0,0,3356856951.54478,0,0,0,0,0,0,0,0,0,160206428.44175127,0,0,0,0,0,0,0,0,0,0,0,0,6741682023.68484,0,0,0,0,97161508.58985776,678160993.2966717,0,173223484.79470786,0,0,0,236101003.0140326,0,115729348.53799078,0,0,0,0
1768780800,19-01-2026,0,289779608.3460221,0,0,0,0,0,0,0,0,854262034.0579612,0,0,0,0,0,0,0,0,0,0,0,0,659231482.4231311,0,0,2690192353.632185,0,0,0,0,0,0,0,0,0,292414025.55619085,0,0,0,0,0,163473518.3627768,0,0,0,0,0,0,7610990901.833811,0,0,0,0,156978631.72690275,607274094.7493279,0,0,0,0,0,328082565.6144876,0,139869039.1371151,0,0,0,0
1768867200,20-01-2026,0,333589500.1021021,0,0,0,0,0,0,0,0,996048836.2378544,0,0,0,0,0,0,0,0,0,0,0,0,741248947.9468824,0,0,2369865064.350038,0,0,0,0,0,0,0,0,0,245892465.70512122,0,0,0,0,0,0,0,0,0,0,0,0,7094475549.844549,0,0,0,0,197208781.9169501,1020480418.552128,0,0,0,194145992.28633705,0,558212420.7481362,0,189394233.92058045,0,0,0,0
1768953600,21-01-2026,0,364154240.2010154,0,0,0,0,0,0,0,0,1221485469.9383836,0,0,0,0,0,0,0,0,0,0,0,0,611459802.1809438,0,0,2624596383.4277463,0,0,0,0,0,0,0,0,0,309052265.28496706,0,0,0,0,0,0,0,0,0,0,0,0,5343688718.98741,0,0,0,0,0,1160452860.940381,0,467824950.30723995,0,404114585.7470662,0,756656266.6202195,0,388640723.36478007,0,0,0,0
1769040000,22-01-2026,0,246324313.88161173,0,0,0,0,0,0,0,0,803336831.0164189,0,0,0,0,0,0,0,0,0,0,0,0,489198056.37943226,0,0,2837466252.740177,0,0,0,0,0,0,0,0,0,291431174.94899666,0,0,0,0,0,0,0,0,0,0,0,0,7251974787.1155815,0,0,0,0,256769296.25428146,1458077570.7420495,0,0,0,0,0,665797597.8202378,0,210467224.65323642,168399298.99701664,0,0,0
1769126400,23-01-2026,0,247826226.78166795,0,0,0,0,0,0,0,0,667785931.6832323,0,0,0,0,0,0,0,0,0,0,0,0,507227382.4164592,0,0,2775013437.8893313,0,0,0,0,0,0,0,0,0,188708310.6209949,0,0,0,0,0,0,0,0,0,0,0,0,6172974865.695987,0,0,0,0,245668833.8029508,1030250384.119307,0,357249967.049127,0,0,0,339808413.7375535,0,104772498.64241178,0,0,0,0
1769212800,24-01-2026,0,82432108.42631018,0,0,0,0,0,0,0,0,536658910.38592446,0,0,0,0,0,0,0,0,0,0,0,0,424332476.2591954,0,0,2556660407.3831387,0,0,0,0,0,0,0,0,0,218648219.1304123,0,0,0,0,0,0,122581668.7918764,0,0,0,0,0,5569028990.948272,0,0,0,0,110002062.22407024,568840561.8884449,0,211730590.3813983,0,0,0,140263504.1058413,0,0,0,0,0,0
1769299200,25-01-2026,0,236395589.99783412,0,0,0,0,0,0,0,0,825856647.1047302,0,0,0,0,0,0,0,0,0,0,0,0,533116853.20376176,0,0,2521990866.613257,0,0,0,0,0,0,0,0,0,328647618.6946969,0,0,0,0,0,144990135.74104646,0,0,0,0,0,0,5094625713.679836,0,0,0,0,195363541.3681706,619046804.103678,0,309638480.6198155,0,0,0,204917047.27050978,0,0,0,0,0,0
1769385600,26-01-2026,0,262966281.15597123,0,0,0,0,0,0,0,0,846627876.0578728,0,0,0,0,0,0,0,0,0,0,0,0,566697772.8221601,0,0,2520412961.6737885,0,0,0,0,0,0,0,0,0,244547858.56836137,0,0,0,0,0,0,162495604.5898534,0,0,0,0,0,5055952967.274228,0,0,0,0,303252008.81901675,1073325753.7705355,0,139868615.57284734,0,0,0,234790825.36924392,0,0,0,0,0,0
1769472000,27-01-2026,0,257272958.9788169,0,0,0,0,0,0,0,0,793271393.1076562,0,0,0,0,0,0,0,0,0,0,0,0,505942235.56966805,0,0,2462410824.017455,0,0,0,0,0,0,0,0,0,218390522.9413821,0,0,0,0,0,0,157055460.51937863,0,0,0,0,0,7251406872.521617,0,0,0,0,260706220.32787964,1487548602.257037,0,0,0,0,0,211901614.69418606,0,0,155013169.70575598,0,0,0
1769558400,28-01-2026,0,306920323.0564071,0,0,0,0,0,0,0,0,904451096.5377904,0,0,0,0,0,0,0,0,0,0,0,0,534253186.04012823,0,0,2759426556.7548842,0,0,0,0,0,0,0,0,0,284466656.4144898,0,0,0,0,0,0,150904485.2685633,0,0,0,0,0,8835993014.090878,0,0,0,0,224635779.30620024,832608821.8648617,0,143128509.4752989,0,0,0,342528113.0930739,0,0,0,0,0,0
1769644800,29-01-2026,0,341637621.5177019,0,0,0,0,0,0,0,0,943560225.7254995,0,0,0,0,0,0,0,0,0,0,0,0,453634189.7546204,0,0,2822206430.770324,0,0,0,0,0,0,0,0,0,244254841.8312458,0,0,0,0,0,171571511.61869383,140428316.54306486,0,0,0,0,0,7426986978.761048,0,0,0,0,257265773.32416907,850107359.4535296,0,0,0,0,0,290518287.4194301,0,0,0,0,0,0
1769731200,30-01-2026,0,457887478.5346266,0,0,0,0,0,0,0,0,938497047.959039,0,0,0,0,0,0,0,0,0,0,0,0,479209125.5202402,0,0,2710955920.3084126,0,0,0,0,0,0,0,0,0,387315376.5193388,0,0,0,0,0,0,155699502.124244,0,0,0,0,0,9384803109.552397,0,0,0,0,519132511.81336313,775319634.0008898,0,0,0,0,0,366839943.9176924,0,198953261.62564683,0,0,0,0
1769817600,31-01-2026,0,500959568.3820423,0,0,0,0,0,0,0,0,1306659015.1556134,0,0,0,0,0,0,0,0,0,0,0,0,515745371.62484694,0,0,2872310213.081145,0,0,0,0,0,0,0,0,0,408630522.09644806,0,0,0,0,0,439162904.48283064,0,0,0,0,0,0,7334632830.510939,0,0,0,0,464926311.30600643,1162768574.808869,0,0,0,0,0,277617925.0368797,0,0,0,1107744896.8933296,0,0
1769904000,01-02-2026,0,445179776.2933689,0,0,0,0,0,0,0,0,912993957.122993,0,0,0,0,0,0,0,0,0,0,0,0,438506512.6371512,0,0,2607661840.7058396,0,0,0,0,0,0,0,0,0,311059670.0081594,0,0,0,0,0,0,0,0,0,0,0,0,8052046703.045326,0,0,0,0,498942436.59281874,1094433390.4456286,0,0,0,0,0,259437035.37633312,0,289954692.42016083,0,999671265.9331303,0,0
1769990400,02-02-2026,0,544043043.8187338,0,0,0,0,0,0,0,0,1174385408.1835911,0,0,0,0,0,0,0,0,0,0,0,0,490897615.1681488,0,0,2654297446.795036,0,0,0,0,0,0,0,0,0,366853887.8235217,0,0,0,0,0,0,0,0,0,0,0,0,9627282868.655771,0,0,0,0,456110922.7914372,974973772.7638395,0,0,0,0,0,265952453.6625157,0,304196689.8225064,0,1247700820.8688848,0,0
1770076800,03-02-2026,0,474343062.5706043,0,0,0,0,0,0,0,0,1237871939.0160635,0,0,0,0,0,0,0,0,0,0,0,0,439206022.76209265,0,0,2205686654.447467,0,0,0,0,0,0,0,0,0,307020805.19012094,0,0,0,0,0,0,0,0,0,0,0,0,9623247974.156773,0,0,0,0,451947704.6026016,1105060104.3301842,0,0,0,0,304907922.483883,0,0,291197773.1795646,0,1009664108.0891062,0,0
1770163200,04-02-2026,0,525004033.7955209,0,0,0,0,0,0,0,0,1544431147.3022032,0,0,0,0,0,0,0,0,0,0,0,0,479946314.19288063,0,0,2421857108.0178304,0,0,0,0,0,0,0,0,0,0,0,0,0,0,0,0,0,0,0,0,0,0,9725587288.021818,0,0,0,0,465696530.07647467,1065864316.2415577,0,343175469.5377965,0,0,419805891.2692172,0,0,300938070.59933805,0,1135707727.930503,0,0
1770249600,05-02-2026,0,1011763604.8704933,0,0,0,0,0,0,0,0,2135761445.086082,0,0,0,0,0,0,0,0,0,0,0,0,666260375.1763299,0,0,2418801634.097217,0,0,0,0,0,0,0,0,0,480772421.99537814,0,0,0,0,0,721719040.0530243,0,0,0,0,0,0,7742713342.040702,0,0,0,0,527249395.02299744,698808116.101911,0,486184230.711248,0,0,0,0,0,0,0,1993726032.4032319,0,0
1770336000,06-02-2026,0,753950669.049068,0,0,0,0,0,0,0,0,1918229733.4765034,0,0,0,0,0,0,0,0,0,0,0,0,444299033.78049034,0,0,2566350660.7732987,0,0,0,0,0,0,0,0,0,0,0,0,0,0,0,1453865304.625592,0,0,0,0,0,0,7577093180.573536,0,0,0,0,450848758.701854,1055605086.5266131,0,411830561.9121953,0,0,0,400111349.02167124,0,0,0,1826467599.1966293,0,0
1770422400,07-02-2026,0,522524863.7761372,0,0,0,0,0,0,0,0,1068836530.0649643,0,0,0,0,0,0,0,0,0,0,0,0,279111241.80179286,0,0,2622346942.6671414,0,0,0,0,0,0,0,0,0,210379058.60476506,0,0,0,0,0,463329823.090152,0,0,0,0,0,0,9286457141.696663,0,0,0,0,265486438.31566808,1169763535.669326,0,0,0,0,0,221037288.53286365,0,0,0,661647737.3526446,0,0
1770508800,08-02-2026,0,245535755.25463384,0,0,0,0,0,0,0,0,753818620.0244932,0,0,0,0,0,0,0,0,0,0,0,0,212223693.35638058,0,0,2884766565.1419296,0,0,0,0,0,0,0,0,0,168002195.0191596,0,0,0,0,0,0,0,0,0,0,0,0,8609490835.564722,0,0,0,0,241748507.51851574,1436542766.122812,0,0,0,0,0,322579107.4294609,0,127916961.8498002,0,524168219.2390384,0,0
1770595200,09-02-2026,0,353104776.8649824,0,0,0,0,0,0,0,0,1071623092.6341918,0,0,0,0,0,0,0,0,0,0,0,0,197765349.25728774,0,0,2871997528.966658,0,0,0,0,0,0,0,0,0,0,0,0,0,370405440.412599,0,0,0,0,0,0,0,0,7448079997.224348,0,0,0,0,223996732.43029684,1270905448.135144,0,0,0,0,0,316159149.39463276,0,157340082.43129915,0,568325845.3652529,0,0
1770681600,10-02-2026,0,291676658.2102729,0,0,0,0,0,0,0,0,701866301.5047302,0,0,0,0,0,0,0,0,0,0,0,0,207624876.2374471,0,0,2381956909.854725,0,0,0,0,0,0,0,0,0,0,0,0,0,0,0,0,0,0,0,0,0,0,7332056356.416229,0,0,0,0,203417665.83009133,1323854193.356556,0,0,0,0,142248513.4756205,354485913.2619314,0,164225509.8907274,0,452809197.49605316,0,0
1770768000,11-02-2026,0,310765913.88762695,0,0,0,0,0,0,0,0,876653684.3377273,0,0,0,0,0,0,0,0,0,0,0,0,188158447.93122652,0,0,2265148710.777563,0,0,0,0,0,0,0,0,0,148390687.69911048,0,0,0,0,0,0,0,0,0,0,0,0,7662875643.516024,0,0,0,0,201245612.79771993,1253363132.0233552,0,0,0,0,0,381282679.33072823,0,203875351.63209444,0,805550324.7120028,0,0
1770854400,12-02-2026,0,243927871.1034945,0,0,0,0,0,0,0,0,752069091.5144649,0,0,0,0,0,0,0,0,0,0,0,0,192042476.0787508,0,0,2145242037.8624704,0,0,0,0,0,0,0,0,0,0,0,0,0,0,0,0,0,0,0,0,0,0,8297813371.193672,0,0,0,0,171643832.04284132,559668913.6451166,0,0,0,0,0,287253729.61003083,0,180657216.8804604,174954123.5692132,901380435.0678045,0,0
1770940800,13-02-2026,0,260461441.2580076,0,0,0,0,0,0,0,0,675823564.7680086,0,0,0,0,0,0,0,0,0,0,0,0,157917366.58151883,0,0,2122269668.1573546,0,0,0,0,0,0,0,0,0,146507988.66184652,0,0,0,0,0,0,0,0,0,0,0,0,8281266885.727989,0,0,0,0,164060811.45918807,457680062.2930489,0,0,0,0,0,272460876.3619808,0,158162543.84284753,0,805704780.3582604,0,0
1771027200,14-02-2026,0,180301645.96326146,0,0,0,0,0,0,0,0,567574959.9719797,0,0,0,0,0,0,0,0,0,0,0,0,140064023.39380667,0,0,2249929008.604905,0,0,0,0,0,0,0,0,0,104258362.3361077,0,0,0,0,0,0,0,0,0,0,0,0,6913488049.770678,0,0,0,0,176566357.92643216,652888517.0122237,0,0,0,0,0,230324955.73630384,0,115299554.52053332,0,618810713.892128,0,0
1771113600,15-02-2026,0,280919175.92387563,0,0,0,0,0,0,0,0,664792633.3941425,0,0,0,0,0,0,0,0,0,0,0,0,157686234.03172967,0,0,2556558869.4770617,0,0,0,0,0,0,0,0,0,147047348.19997624,0,0,0,0,0,0,0,0,0,0,0,0,5735500644.033271,0,0,0,0,204000497.5166704,753712983.7944586,0,0,0,0,0,286663061.25497764,0,141593510.9797678,0,983174750.6249262,0,0
1771200000,16-02-2026,0,252574433.7799971,0,0,0,0,0,0,0,0,543061878.5830754,0,0,0,0,0,0,0,0,0,0,0,0,150031993.03417966,0,0,2418632816.1792355,0,0,0,0,0,0,0,0,0,148414744.37664786,0,0,0,0,0,0,0,0,0,0,0,0,5314577643.419703,0,0,0,0,181083326.08823454,542500198.0881133,0,0,0,0,0,181767154.66195315,0,107684257.98195368,0,767622967.0188222,0,0
1771286400,17-02-2026,0,263113945.06968075,0,0,0,0,0,0,0,0,611002667.9044615,0,0,0,0,0,0,0,0,0,0,0,0,184609264.04472584,0,0,1619385479.2073176,0,0,0,0,0,0,0,0,0,179462971.42941478,0,0,0,0,0,0,115327139.99140944,0,0,0,0,0,5763269197.42266,0,0,0,0,117132564.88868691,330343834.42920136,0,0,0,0,0,109904700.87987027,0,0,0,629141470.0003651,0,0
1771372800,18-02-2026,0,203927467.63674945,0,0,0,0,0,0,0,0,562948407.7657491,0,0,0,0,0,0,0,0,0,0,0,0,147679086.4164444,0,0,1895993601.4443703,0,0,0,0,0,0,0,0,0,148422609.3996324,0,0,0,0,0,0,109952275.54855615,0,0,0,0,0,3945881376.837252,0,0,0,0,109831378.75571604,255566087.30512246,0,198673378.5003363,0,0,0,0,0,0,0,535834447.6022865,0,0
1771459200,19-02-2026,0,221753569.2468165,0,0,0,0,0,0,0,0,529013111.05927706,0,0,0,0,0,0,0,0,0,0,0,0,126996325.50068407,0,0,1583764513.877578,0,0,0,0,0,0,0,0,0,139700712.8373214,0,0,0,0,0,0,0,0,0,0,0,0,6317987901.016071,0,0,0,0,100184844.85860223,189841540.7515532,0,132043729.60477488,0,0,0,95258842.45339939,0,0,0,463917460.13072646,0,0
1771545600,20-02-2026,0,318398136.87436455,0,0,0,0,0,0,0,0,584052556.9180334,0,0,0,0,0,0,0,0,0,0,0,0,185295441.6859831,0,0,1427340668.2735298,0,0,0,0,0,0,0,0,0,192952595.8584886,0,0,0,0,0,0,0,0,0,0,0,0,7214455310.142086,0,0,0,0,118123524.63515623,128824669.03540027,0,0,0,0,0,148394086.5074054,0,135850778.83926672,0,560738644.5125308,0,0
1771632000,21-02-2026,0,109880659.08170663,0,0,0,0,0,0,0,0,385870408.5970873,0,0,0,0,0,0,0,0,0,0,0,0,153520721.97165322,0,0,1311598501.7277007,0,0,0,0,0,0,0,0,0,106824611.21033715,0,0,0,0,0,0,92338866.90914114,0,0,0,0,0,8227104219.384124,0,0,0,0,78154269.58965303,107197039.44302252,0,0,0,0,0,105430999.35618085,0,0,0,258234429.3762473,0,0
1771718400,22-02-2026,0,120251617.76274395,0,0,0,0,0,0,0,0,342740579.1983527,0,0,0,0,0,0,0,0,0,0,0,0,164428407.36937678,0,0,1568240842.2042954,0,0,0,0,0,0,0,0,0,101487948.66643414,0,0,0,0,0,0,91947202.88001357,0,0,0,0,0,7238066849.572653,0,0,0,0,77752626.30518697,247414034.86546317,0,0,0,0,0,99105755.66097003,0,0,0,287529690.2812937,0,0
1771804800,23-02-2026,0,298070095.4008129,0,0,0,0,0,0,0,0,770414727.2364432,0,0,0,0,0,0,0,0,0,0,0,0,310575616.22795486,0,0,855295999.188544,0,0,0,0,0,0,0,0,0,160366351.70062342,0,0,0,0,0,0,0,0,0,0,0,0,8906992117.359903,0,0,0,0,163878987.73434517,300048180.5103983,0,0,0,0,0,181870423.63021174,0,112807572.37346086,0,665321030.2303622,0,0
1771891200,24-02-2026,0,263381845.18583176,0,0,0,0,0,0,0,0,598911492.7064716,0,0,0,0,0,0,0,0,0,0,0,0,418182106.18634677,0,0,330973509.88006943,0,0,0,0,0,0,0,0,0,149263429.76614413,0,0,0,0,0,0,0,0,0,0,0,0,7901447771.502772,0,0,0,0,118523373.84500931,432429276.8773118,0,0,0,0,0,178730851.83157963,0,114291757.11846128,0,765547516.2175263,0,0
1771977600,25-02-2026,0,370739440.01850986,0,0,0,0,0,0,0,0,824684974.1775756,0,0,0,0,0,0,0,0,0,0,0,0,494883727.1698345,0,0,644713133.1084207,0,0,0,0,0,0,0,0,0,219266683.9086055,0,0,0,0,0,0,0,0,0,0,0,0,6914030238.218318,0,0,0,0,142073789.14705053,228304646.41363582,0,148629642.7753583,0,0,0,132145367.11478858,0,0,0,663648998.7839043,0,0
1772064000,26-02-2026,0,320736918.66354686,0,0,0,0,0,0,0,0,687427580.4024315,0,0,0,0,0,0,0,0,0,0,0,0,605202931.360884,0,0,658842760.9160285,0,0,0,0,0,0,0,0,0,199338874.2632089,0,0,0,0,0,0,0,0,0,0,0,0,7243583704.142242,0,0,0,0,0,243005504.63621333,0,120939009.02497332,0,0,0,147522752.6128988,0,0,93206860.80650237,453829861.7624241,0,0
1772150400,27-02-2026,0,279608039.9164346,0,0,0,0,0,0,0,0,719649409.2530422,0,0,0,0,0,0,0,0,0,0,0,0,620797744.9766235,0,0,535467364.9523011,0,0,0,0,0,0,0,0,0,148500201.63733742,0,0,0,1244871835.1886916,0,0,0,0,0,0,0,0,7920380891.458135,0,0,0,0,149114499.08236763,185715712.44458064,0,733656302.4026074,0,0,0,0,0,0,0,399786296.4586508,0,0
1772236800,28-02-2026,0,331622978.38540274,0,0,0,0,0,0,0,0,600568144.2195264,0,0,0,0,0,0,0,0,0,0,0,0,634026238.9060366,0,0,600592928.2526611,0,0,0,0,0,0,0,0,0,157503109.49882707,0,0,0,0,0,0,0,0,0,0,0,0,8532191080.419996,0,0,0,0,214341812.5008351,303382996.5750143,0,843050078.588585,0,0,0,98455384.79285316,0,0,0,452625796.83893406,0,0
1772323200,01-03-2026,0,344505117.40383816,0,0,0,0,0,0,0,0,538364953.8860325,0,0,0,0,0,0,0,0,0,0,0,0,694301224.7188594,0,0,732072115.9744002,0,0,0,0,0,0,0,0,0,183270893.75114197,0,0,0,0,0,0,89094619.2375842,0,0,0,0,0,7859144542.209619,0,0,0,0,141239384.53382924,224956521.5955322,0,0,0,0,0,97466998.6212831,0,0,0,444814950.97905266,0,0
1772409600,02-03-2026,0,446839689.2565029,0,0,0,0,0,0,0,0,639816171.6507667,0,0,0,0,0,0,0,0,0,0,0,0,777301522.7307732,0,0,839179543.4256182,0,0,0,0,0,0,0,0,0,221001744.23138165,0,0,0,0,0,0,0,0,0,0,0,0,8283518566.123352,0,0,0,0,191257870.1271571,228991037.0058507,0,0,0,0,0,114805755.71275419,0,0,111727838.12405708,573099885.9782978,0,0
1772496000,03-03-2026,0,430142102.57697344,0,0,0,0,0,0,0,0,593114245.1730188,0,0,0,0,0,0,0,0,0,0,0,0,728376986.8664337,0,0,800989330.5992075,0,0,0,0,0,0,0,0,0,210980891.28859207,0,0,0,0,0,0,0,0,0,0,0,0,7650885996.243742,0,0,0,0,203980108.78187463,0,0,98863209.00241993,0,0,0,95928271.18285212,0,0,102730119.8796754,504063055.12912333,0,0
1772582400,04-03-2026,0,439812958.39878297,0,0,0,0,0,0,0,0,773683317.2580943,0,0,0,0,0,0,0,0,0,0,0,0,740026544.3115413,0,0,865528415.5418065,0,0,0,0,0,0,0,0,0,245580731.57733163,0,0,0,0,0,0,0,0,0,0,0,0,8780721881.615982,0,0,0,0,228799470.3442991,166296054.98096597,0,222203678.61607572,0,0,0,149794437.3074375,0,0,0,488822748.5862349,0,0
1772668800,05-03-2026,0,322681957.39452916,0,0,0,0,0,0,0,0,779225229.7270502,0,0,0,0,0,0,0,0,0,0,0,0,755715545.0465419,0,0,820791196.9078897,0,0,0,0,0,0,0,0,0,217827977.1968756,191675640.00876784,0,0,0,0,0,0,0,0,0,0,0,8582409000.35198,0,0,0,0,189950168.77077544,168766661.1711903,0,164186565.27540988,0,0,0,0,0,0,0,526346964.4408215,0,0
1772755200,06-03-2026,0,1452945557.8967113,0,0,0,0,0,0,0,0,599940998.8071588,0,0,0,0,0,0,0,0,0,0,0,0,709686122.3842896,0,0,784235395.9097692,0,0,0,0,0,0,0,0,0,134553246.5303029,0,0,0,0,0,0,0,0,0,0,0,0,9011129799.311478,0,0,0,0,145925177.07931185,145048007.97881,0,155285041.31106442,0,0,0,0,0,0,132029159.04208751,546252138.4818735,0,0
1772841600,07-03-2026,0,93076362.70341319,0,0,0,0,0,0,0,0,424584620.0913634,0,0,0,0,0,0,0,0,0,0,0,0,631271055.5784941,0,0,756395059.859121,0,0,0,0,0,0,0,0,0,0,0,0,0,0,0,0,85249344.61262743,0,0,0,0,0,7990309732.355554,0,0,0,0,0,103938660.16255143,0,101373760.73699248,0,0,0,87200534.83702616,0,0,109754287.9823148,147104872.42695674,0,0
1772928000,08-03-2026,0,176931166.33072186,0,0,0,0,0,0,0,0,397134495.81840754,0,0,0,0,0,0,0,0,0,0,0,0,665050966.1347488,0,0,610210144.4785864,0,0,0,0,0,0,0,0,0,92026495.8222696,0,0,0,0,0,0,0,0,0,0,0,0,8910824754.836742,0,0,0,0,86104102.3054166,119711053.86845988,0,87265389.1936815,0,0,0,0,0,0,113949929.80537912,353168023.8997061,0,0
1773014400,09-03-2026,0,348319971.447042,0,0,0,0,0,0,0,0,610575910.201223,0,0,0,0,0,0,0,0,0,0,0,0,705247653.922894,0,0,646399817.5135254,0,0,0,0,0,0,0,0,0,3186811822.038581,0,0,0,0,0,0,0,0,0,0,0,0,9852033332.245451,0,0,0,0,143789828.20554522,0,0,242698504.3512056,0,0,0,119338300.80904682,0,0,136357498.95553938,499660675.44026333,0,0
1773100800,10-03-2026,0,302813866.83194375,0,0,0,0,0,0,0,0,571222346.7331363,0,0,0,0,0,0,0,0,0,0,0,0,755745690.3844113,0,0,613740230.8992965,0,0,0,0,0,0,0,0,0,203431153.9143595,0,0,0,0,0,0,0,0,0,0,0,0,9720092071.795969,0,0,0,0,141048672.19094282,133837402.7532911,0,333196474.0199156,0,0,0,0,0,0,143027102.6611713,218047083.43739897,0,0
1773187200,11-03-2026,0,24206976387.829376,0,0,0,0,0,0,0,0,634527192.003723,0,0,0,0,0,0,0,0,0,0,0,0,784775399.0217679,0,0,696606345.3111424,0,0,0,0,0,0,0,0,0,722019528.6766922,0,0,0,0,0,0,0,0,0,0,0,0,10278970753.561825,0,0,0,0,105843676.72149976,265571650.54469243,0,0,0,0,0,122477080.77872922,0,0,131532565.52479501,271714883.10220456,0,0
1773273600,12-03-2026,0,478980233.5082799,0,0,0,0,0,0,0,0,625962831.5623295,0,0,0,0,0,0,0,0,0,0,0,0,759089287.8924102,0,0,2372791928.594481,0,0,0,0,0,0,0,0,0,198227623.34113443,0,0,0,0,0,0,0,0,0,0,0,0,9824009409.122784,0,0,0,0,117697777.71268438,276482750.58690745,0,0,0,0,0,130516675.56941439,0,0,152972069.94914514,309611034.38298714,0,0
1773360000,13-03-2026,0,332548663.5943491,0,0,0,0,0,0,0,0,706634784.3917627,0,0,0,0,0,0,0,0,0,0,0,0,710721310.8183498,0,0,615006831.1392227,0,0,0,0,0,0,0,0,0,297000983.8111993,0,0,0,0,0,0,0,0,0,0,0,0,10598184456.76362,0,0,0,0,156717682.42422414,324623638.56873655,0,0,0,0,0,139502657.60331526,0,0,158824941.01436904,439415149.4338768,0,0
1773446400,14-03-2026,0,82927650.42741145,0,0,0,0,0,0,0,0,324331710.74005735,0,0,0,0,0,0,0,0,0,0,0,0,638227244.8461732,0,0,637116370.3255832,0,0,0,0,0,0,0,0,0,158414815.48331043,0,0,0,0,0,0,80088532.89284433,0,0,0,0,0,10313136165.845728,0,0,0,0,0,155100874.9234115,0,0,0,0,0,85091101.02829935,0,0,101933678.73505661,181310168.79004127,0,0
1773532800,15-03-2026,0,171607386.70206633,0,0,0,0,0,0,0,0,448605828.610524,0,0,0,0,0,0,0,0,0,0,0,0,706136595.0185359,0,0,617379482.1212684,0,0,0,0,0,0,0,0,0,142681815.2722696,0,0,0,0,0,0,0,0,0,0,0,0,10962028056.27464,0,0,0,0,91840924.7708074,211330976.42249542,0,0,0,0,0,103501188.8653138,0,0,111752059.36389537,242836460.83177373,0,0
1773619200,16-03-2026,0,324837850.79328835,0,0,0,0,0,0,0,0,776889289.4792001,0,0,0,0,0,0,0,0,0,0,0,0,757875797.771281,0,0,612830003.6790719,0,0,0,0,0,0,0,0,0,164896249.85388893,0,0,0,0,0,0,0,0,0,0,0,0,12354488699.203512,0,0,0,0,146493179.2418484,451356698.3787664,0,0,0,0,0,166860077.33902502,0,117387589.53236721,0,396570287.73701984,0,0
1773705600,17-03-2026,0,268920313.5168524,0,0,0,0,0,0,0,0,637061502.2820939,0,0,0,0,0,0,0,0,0,0,0,0,797468445.2947892,0,0,1018311718.0139346,0,0,0,0,0,0,0,0,0,175720063.34397632,0,0,0,0,0,0,0,0,0,0,0,0,13052060126.745356,0,0,0,0,0,396591398.7334217,0,0,0,0,0,158178723.0891891,0,113072647.83853465,112185433.00769617,303424549.3690613,0,0
1773792000,18-03-2026,0,269627067.5561049,0,0,0,0,0,0,0,0,675446454.7507564,0,0,0,0,0,0,0,0,0,0,0,0,709718123.0419122,0,0,1677656942.7800374,0,0,0,0,0,0,0,0,0,149318297.38154963,0,0,0,0,0,0,0,0,0,0,0,0,24984431258.883358,0,0,0,0,0,466720433.9847608,0,111740015.96501675,0,0,0,156892338.95040637,0,0,125607695.25126685,440504673.1997568,0,0
1773878400,19-03-2026,0,256394958.02306214,0,0,0,0,0,0,0,0,626525029.0497608,0,0,0,0,0,0,0,0,0,0,0,0,621452172.4082115,0,0,10475667835.035606,0,0,0,0,0,0,0,0,0,120765289.1960573,0,0,0,0,0,0,0,0,0,0,0,0,26471846414.54404,0,0,0,0,135184896.7872017,311203460.0129854,0,0,0,0,0,170819709.88528737,0,0,112914639.78562966,262504418.25855312,0,0
1773964800,20-03-2026,0,238867541.5558408,0,0,0,0,0,0,0,0,574069819.1449304,0,0,0,0,0,0,0,0,0,0,0,0,625505490.290398,0,0,2052778240.2803035,0,0,0,0,0,0,0,0,0,103680491.27277334,0,0,0,0,0,0,0,0,0,0,0,0,9976352600.76205,0,0,0,0,152335648.25753388,277184206.48485476,0,0,0,0,0,160119774.77787215,0,0,117714897.20444709,268838733.22995627,0,0
1774051200,21-03-2026,0,93270139.23419793,0,0,0,0,0,0,0,0,447568000.3112217,0,0,0,0,0,0,0,0,0,0,0,0,525671467.1376147,0,0,2335245290.1057124,0,0,0,0,0,0,0,0,0,0,0,0,323142947.91159546,0,0,0,0,0,0,0,0,0,8129628333.4414835,0,0,0,0,104945937.61391851,181820356.10893038,0,0,0,0,0,110000646.21792382,0,0,101465383.37554607,147231931.6150571,0,0
1774137600,22-03-2026,0,165078440.21243137,0,0,0,0,0,0,0,0,476410031.3697313,0,0,0,0,0,0,0,0,0,0,0,0,548072741.1048824,0,0,2312288025.488826,0,0,0,0,0,0,0,0,0,122707910.88444182,0,0,0,0,0,0,0,0,0,0,0,0,8639796375.035034,0,0,0,0,134237680.61854157,255735358.67128405,0,0,0,0,0,137697240.2360946,0,0,129344547.09682915,228207222.79352093,0,0
1774224000,23-03-2026,0,406058761.22045577,0,0,0,0,0,0,0,0,889693925.1954191,0,0,0,0,0,0,0,0,0,0,0,0,573530920.6730922,0,0,2846238417.573962,0,0,0,0,0,0,0,0,0,207711904.26349568,0,0,0,0,0,0,0,0,0,0,0,0,9158467064.922878,0,0,0,0,205053214.92715812,457447406.02391434,0,0,0,0,0,200485859.9222789,0,0,0,377606772.49068516,204014176.1294933,0
1774310400,24-03-2026,0,275605850.51369643,0,0,0,0,0,0,0,0,760962737.8349978,0,0,0,0,0,0,0,0,0,0,0,0,472263709.1225235,0,0,1945240136.2789202,0,0,0,0,0,0,0,0,0,146484058.06588894,0,0,0,0,0,0,0,0,0,0,0,0,9081812652.961123,0,0,0,0,145679954.32712448,319423733.67821616,0,0,0,0,0,162982578.18416852,0,0,0,234349157.5266375,315337298.3450917,0
1774396800,25-03-2026,0,200076109.80848762,0,0,0,0,0,0,0,0,812061980.488334,0,0,0,0,0,0,0,0,0,0,0,0,405359034.36701274,0,0,3146859302.9663844,0,0,0,0,0,0,0,0,0,0,0,0,0,0,0,0,0,0,0,0,0,0,8755801132.148262,0,0,0,0,142997121.8153893,247426740.1922846,0,0,0,0,0,146893421.9056767,0,0,123870761.08114874,230584748.22506887,312214494.9366205,0
1774483200,26-03-2026,0,218070474.74027583,0,0,0,0,0,0,0,0,761818600.2848964,0,0,0,0,0,0,0,0,0,0,0,0,315966856.6458786,0,0,2753382768.8504143,0,0,0,0,0,0,0,0,0,0,0,0,0,0,0,0,0,0,0,0,0,0,9614409345.511536,0,0,0,0,134492495.2222256,287880177.313366,0,0,0,0,0,160931776.36896342,0,0,149011847.23069906,237818667.99191755,305701727.05137837,0
1774569600,27-03-2026,0,226546068.14941645,0,0,0,0,0,0,0,0,682855853.5365409,0,0,0,0,0,0,0,0,0,0,0,0,199422909.4092425,0,0,3070879313.773971,0,0,0,0,0,0,0,0,0,0,0,0,0,0,0,0,0,0,0,0,0,0,7372467014.5089035,0,0,0,0,134533211.8791107,293213326.43632925,0,0,0,0,0,157456111.5162925,0,0,138935689.4829244,205240811.05131584,314507573.23439467,0
1774656000,28-03-2026,0,122792176.63262789,0,0,0,0,0,0,0,0,487024732.65487343,0,0,0,0,0,0,0,0,0,0,0,0,137925131.16325092,0,0,4390998169.426667,0,0,0,0,0,0,0,0,0,0,0,0,0,0,0,0,0,0,0,0,0,0,5320204184.265116,0,0,0,0,0,230017260.07412085,0,86348123.44680527,0,0,0,145587634.1587597,0,0,103900361.35871552,163158585.74466246,331278521.10571736,0
1774742400,29-03-2026,0,128895649.25123636,0,0,0,0,0,0,0,0,527320008.3876075,0,0,0,0,0,0,0,0,0,0,0,0,135154512.67761052,0,0,3075522163.520366,0,0,0,0,0,0,0,0,0,0,0,0,0,0,0,0,0,0,0,0,0,0,4860687072.77433,0,0,0,0,118369435.04284972,306071118.89484215,0,0,0,0,0,195928865.04808405,0,0,134701774.8438285,261641516.71960557,298980657.4950434,0
1774828800,30-03-2026,0,258479696.93762514,0,0,0,0,0,0,0,0,775774468.5335516,0,0,0,0,0,0,0,0,0,0,0,0,176200875.02846792,0,0,4136509343.462589,0,0,0,0,0,0,0,0,0,0,0,0,0,0,0,0,0,0,0,0,0,0,5789536305.644206,0,0,0,0,197513474.33468598,394401954.7660111,0,0,0,0,0,245180794.61812472,0,0,169737770.11967012,383061662.69477606,328029612.0912639,0
1774915200,31-03-2026,0,270085774.46951735,0,0,0,0,0,0,0,0,742194432.7446034,0,0,0,0,0,0,0,0,0,0,0,0,218866322.7216667,0,0,5539022045.411145,0,0,0,0,0,0,0,0,0,130104448.24172375,0,0,0,0,0,0,0,0,0,0,0,0,5595994012.065434,0,0,0,0,267441220.84044698,403538379.3730627,0,0,0,0,0,227994922.56073344,0,0,0,490211685.7532585,554195504.3623066,0
1775001600,01-04-2026,0,835170965.5461304,0,0,0,0,0,0,0,0,1345652153.708364,0,0,0,0,0,0,0,0,0,0,0,0,311836270.2173949,0,0,4857166467.286851,0,0,0,0,0,0,0,0,0,317972182.1583815,0,0,0,0,0,0,0,0,0,0,0,0,5443101779.565724,0,0,0,0,281266862.21256644,490003564.54561645,0,0,0,0,0,243028487.86831868,0,0,0,282825976.28325874,370497202.8720448,0
1775088000,02-04-2026,0,345856286.309384,0,0,0,0,0,0,0,0,604918341.681766,0,0,0,0,0,0,0,0,0,0,0,0,178682979.55654916,0,0,6597224335.760331,0,0,0,0,0,0,0,0,0,109858135.30949625,0,0,0,0,0,0,0,0,0,0,0,0,5522380238.83684,0,0,0,0,200056140.74465233,268155255.21811268,0,0,0,0,0,131526573.48000936,0,121640033.79336198,0,0,292911109.97059375,0
1775174400,03-04-2026,0,158437275.6905606,0,0,0,0,0,0,0,0,572549726.4967668,0,0,0,0,0,0,0,0,0,0,0,0,122963689.7294628,0,0,8755178682.706469,0,0,0,0,0,0,0,0,0,0,0,0,0,0,0,0,0,0,0,0,0,0,6037270965.446747,0,0,0,0,181287591.47389597,171743219.00846094,0,0,0,0,0,135113713.29608858,0,80430023.45856585,0,181037441.16716704,237951902.34371883,0
1775260800,04-04-2026,0,93410104.60968278,0,0,0,0,0,0,0,0,382769347.92965573,0,0,0,0,0,0,0,0,0,0,0,0,97956543.04433796,0,0,5072184447.113903,0,0,0,0,0,0,0,0,0,0,0,0,0,0,0,0,75006465.09230857,0,0,0,0,0,6028679596.782683,0,0,0,0,123055534.90414433,114134054.63507572,0,0,0,0,0,100194351.1218094,0,0,0,127075887.52913335,224288918.1911494,0
1775347200,05-04-2026,0,121629877.39105627,0,0,0,0,0,0,0,0,420334054.42761713,0,0,0,0,0,0,0,0,0,0,0,0,119969005.30031201,0,0,9972925626.523884,0,0,0,0,0,0,0,0,0,75476863.91209169,0,0,0,0,0,0,0,0,0,0,0,0,6044851152.692519,0,0,0,0,126449717.32561284,118477690.63221246,0,0,0,0,0,116037017.27498764,0,0,0,162916156.21102607,237903009.28792942,0
1775433600,06-04-2026,0,259684190.81338832,0,0,0,0,0,0,0,0,713242001.8438745,0,0,0,0,0,0,0,0,0,0,0,0,149931043.48491967,0,0,82059683814.65356,0,0,0,0,0,0,0,0,0,0,0,0,0,0,0,0,0,0,0,0,0,0,6068293774.315819,0,0,0,0,237533085.37363172,184228360.8340692,0,0,0,0,0,156482717.45140097,0,126775408.65372273,0,303134723.34238315,230657223.96747994,0
1775520000,07-04-2026,0,278626884.3088566,0,0,0,0,0,0,0,0,695130080.1669172,0,0,0,0,0,0,0,0,0,0,0,0,168121898.92338875,0,0,262059769712.89932,0,0,0,0,0,0,0,0,0,147829038.61586133,0,0,0,0,0,0,0,0,0,0,0,0,6313717486.584176,0,0,0,0,294836651.3165977,186704709.43724656,0,0,0,0,0,155362224.6081979,0,0,0,352648320.14283675,590916301.8697126,0
1775606400,08-04-2026,0,226535576.91049775,0,0,0,0,0,0,0,0,684533485.9380925,0,0,0,0,0,0,0,0,0,0,0,0,143950428.70000926,0,0,433699871080.5098,0,0,0,0,0,0,0,0,0,133337409.79582015,0,0,0,0,0,0,0,0,0,0,0,0,6297684194.891974,0,0,0,0,205850971.23717958,106650835.89414224,0,0,0,0,0,123175728.69907993,0,0,0,288036283.61445343,285061167.30550534,0
1775692800,09-04-2026,0,208554129.12927777,0,0,0,0,0,0,0,0,567783544.7121068,0,0,0,0,0,0,0,0,0,0,0,0,142846304.41425037,0,0,24371085567.128418,0,0,0,0,0,0,0,0,0,258272627.4449444,0,0,0,0,0,0,109724053.05287889,0,0,0,0,0,5518859377.217352,0,0,0,0,227087544.27759087,0,0,0,0,0,0,115881196.27575122,0,0,0,363579066.4948482,257311689.81131333,0
1775779200,10-04-2026,0,165949347.25279838,0,0,0,0,0,0,0,0,576561477.8207809,0,0,0,0,0,0,0,0,0,0,0,0,139727302.04789692,0,0,38998778839.067,0,0,0,0,0,0,0,0,0,115798535.62658031,0,0,0,0,0,0,0,0,0,0,0,0,4843634308.96601,0,0,0,0,196285881.71883208,107003178.32595891,0,0,0,0,0,129711742.01394893,0,0,0,354581914.43439335,259422861.8739759,0
1775865600,11-04-2026,0,134899904.9715614,0,0,0,0,0,0,0,0,470581707.60401446,0,0,0,0,0,0,0,0,0,0,0,0,125563545.56214283,0,0,5485292166.918602,0,0,0,0,0,0,0,0,0,108887525.2188375,0,0,0,0,0,0,0,0,0,0,0,0,4092545089.899723,0,0,0,0,134892546.99611548,96002249.92756663,0,0,0,0,0,101400598.53256138,0,0,0,224754161.28590232,232569445.53337678,0
1775952000,12-04-2026,0,146732755.2774599,0,0,0,0,0,0,0,0,495351683.2923338,0,0,0,0,0,0,0,0,0,0,0,0,144376375.1710309,0,0,7824815906.925352,0,0,0,0,0,0,0,0,0,115284162.29709451,0,0,0,0,0,0,0,0,0,0,0,0,4297608801.637278,0,0,0,0,148607382.70793,108652063.23696436,0,0,0,0,0,116375506.80912755,0,0,0,243398991.18569136,224098987.24174798,0
1776038400,13-04-2026,0,242844241.77168295,0,0,0,0,0,0,0,0,613270456.4579632,0,0,0,0,0,0,0,0,0,0,0,0,169877525.90617418,0,0,11411789284.724817,0,0,0,0,0,0,0,0,0,140979421.6341465,0,0,0,0,0,0,0,0,0,0,0,0,4561249411.161909,0,0,0,0,0,135961506.23388705,0,0,0,0,0,121830965.48899643,0,125953298.68230976,0,353932534.5072363,260746972.11948943,0
1776124800,14-04-2026,0,220915697.22135973,0,0,0,0,0,0,0,0,761367782.0697623,0,0,0,0,0,0,0,0,0,0,0,0,175407962.51633453,0,0,8783891795.068525,0,0,0,0,0,0,0,0,0,134676063.78374523,0,0,0,0,0,0,0,0,0,0,0,0,4495398385.860979,0,0,0,0,0,150994752.09916803,0,0,0,0,0,177734811.23373172,0,250116722.2487063,0,434311163.88939655,261535214.64779496,0
1776211200,15-04-2026,0,204508188.62947488,0,0,0,0,0,0,0,0,698067858.9578012,0,0,0,0,0,0,0,0,0,0,0,0,175441058.16980913,0,0,7764882470.064874,0,0,0,0,0,0,0,0,0,168098923.49807552,0,0,0,0,0,0,0,0,0,0,0,0,4754268569.798962,0,0,0,0,0,158697864.27387246,0,0,0,0,0,132902330.70985001,0,155272156.3865983,0,260417037.75647745,260797212.99051276,0
1776297600,16-04-2026,0,283066657.06908333,0,0,0,0,0,0,0,0,695196651.8567542,0,0,0,0,0,0,0,0,0,0,0,0,228043070.8313423,0,0,8778094056.686249,0,0,0,0,0,0,0,0,0,164805436.2050353,0,0,0,0,0,0,0,0,0,0,0,0,5402704225.849893,0,0,0,0,0,237791473.37726417,0,0,0,0,0,0,0,141670159.00964683,105601355.14618208,227156779.74623528,200938617.83557743,0
1776384000,17-04-2026,0,286935542.1720321,0,0,0,0,0,0,0,0,712320630.2324781,0,0,0,0,0,0,0,0,0,0,0,0,196112271.6829031,0,0,9153501378.394836,0,0,0,0,0,0,0,0,0,195507831.4862758,0,0,0,0,0,0,0,0,0,0,0,0,5383628911.305974,0,0,0,0,0,246241488.11785227,0,0,0,0,0,0,0,170005942.14276496,100545579.80460541,328253916.66963786,209598181.0884793,0
1776470400,18-04-2026,0,161169481.72043383,0,0,0,0,0,0,0,0,406874539.63765717,0,0,0,0,0,0,0,0,0,0,0,0,144965229.7790139,0,0,25907092397.064926,0,0,0,0,0,0,0,0,0,100027959.15263554,0,0,0,0,0,0,0,0,0,0,0,0,5306933274.170021,0,0,0,0,0,134519323.46832153,0,0,0,0,0,0,0,82378659.86905944,74378039.679682,148803807.4443496,259726303.9467576,0
1776556800,19-04-2026,0,239798576.95240998,0,0,0,0,0,0,0,0,574776300.1953692,0,0,0,0,0,0,0,0,0,0,0,0,177596066.8574624,0,0,11617903620.037928,0,0,0,0,0,0,0,0,0,123485146.01290597,0,0,0,0,0,0,0,0,0,0,0,0,5118668877.567035,0,0,0,0,0,179896970.8837053,0,0,0,0,0,0,0,129446261.99017735,91870218.62258318,190073372.03378466,226016399.8233865,0
1776643200,20-04-2026,0,290401871.2632647,0,0,0,0,0,0,0,0,589913890.9356893,0,0,0,0,0,0,0,0,0,0,0,0,192008178.11460176,0,0,7950534750.981912,0,0,0,0,0,0,0,0,0,124126537.17004986,0,0,0,0,0,0,0,0,0,0,0,0,5308424509.824338,0,0,0,0,0,183270920.81386837,0,0,0,0,0,0,0,157536358.33797204,85015413.61536354,215660778.16954398,158065706.6457479,0
1776729600,21-04-2026,0,260598131.85336185,0,0,0,0,0,0,0,0,595482334.9657139,0,0,0,0,0,0,0,0,0,0,0,0,188901942.64693677,0,0,8224407758.749426,0,0,0,0,0,0,0,0,0,148489690.1988681,0,0,0,0,0,0,0,0,0,0,0,0,5329371242.303058,0,0,0,0,0,206168396.9529349,0,0,0,0,0,0,0,126886938.32691854,87613041.74129944,293117516.5364263,141003328.6882383,0
1776816000,22-04-2026,0,235113674.54406083,0,0,0,0,0,0,0,0,611257495.9932344,0,0,0,0,0,0,0,0,0,0,0,0,197953837.74600393,0,0,9477240282.195358,0,0,0,0,0,0,0,0,0,157059244.40055072,0,0,0,0,0,0,76616038.30872367,0,0,0,0,0,5444632076.017824,0,0,0,0,0,184643973.14598277,0,0,0,0,0,0,0,121016480.50033376,0,308018853.46459675,136371465.19165957,0
1776902400,23-04-2026,0,204174201.66550046,0,0,0,0,0,0,0,0,597076574.5535914,0,0,0,0,0,0,0,0,0,0,0,0,193101167.6659581,0,0,10176030846.22958,0,0,0,0,0,0,0,0,0,138748145.49341762,0,0,0,0,0,0,0,0,0,0,0,0,5198478910.105745,0,0,0,0,0,140937872.59028745,0,0,0,0,0,0,0,133003107.46575299,111103482.32565713,245739643.34283894,119074842.07685432,0
1776988800,24-04-2026,0,143735511.03274524,0,0,0,0,0,0,0,0,512991649.2325153,0,0,0,0,0,0,0,0,0,0,0,0,170326776.03407705,0,0,8405484193.964892,0,0,0,0,0,0,0,0,0,139218073.79482573,0,0,0,0,0,0,0,0,0,0,0,0,5165896886.551784,0,0,0,0,0,119219076.64075834,0,0,0,0,0,0,0,101906399.85925683,103062617.10652865,224505089.18122727,118450923.00185856,0
1777075200,25-04-2026,0,73608935.69031759,0,0,0,0,0,0,0,0,368725959.78732836,0,0,0,0,0,0,0,0,0,0,0,0,141797495.4070014,0,0,5018124870.4005575,0,0,0,0,0,0,0,0,0,96360737.05990085,0,0,0,0,0,0,73412012.5858273,0,0,0,0,0,4293940701.9640813,0,0,0,0,0,0,0,0,0,0,0,0,0,59227772.79004748,94522619.25833227,124894011.7330884,112239290.14711173,0
1777161600,26-04-2026,0,127704427.09013607,0,0,0,0,0,0,0,0,434182301.4810366,0,0,0,0,0,0,0,0,0,0,0,0,225912249.0838655,0,0,7765265321.302667,0,0,0,0,0,0,0,0,0,123398416.60571261,0,0,0,0,0,0,76236421.8295287,0,0,0,0,0,4417459429.996855,0,0,0,0,0,67516806.18502517,0,0,0,0,0,0,0,0,89782410.19209778,170253609.4810823,123321101.39797415,0
1777248000,27-04-2026,0,198210798.34963477,0,0,0,0,0,0,0,0,648401826.3465707,0,0,0,0,0,0,0,0,0,0,0,0,196995663.31687796,0,0,9188123106.545742,0,0,0,0,0,0,0,0,0,142428728.9517972,0,0,0,0,0,0,0,0,0,0,0,0,4904139902.684236,0,0,0,0,0,108710405.79330067,0,0,0,0,0,0,0,106849217.15200028,137887239.52878124,288920321.75744057,154733981.7975354,0
1777334400,28-04-2026,0,144736711.9074811,0,0,0,0,0,0,0,0,766532511.9919858,0,0,0,0,0,0,0,0,0,0,0,0,139632074.1081024,0,0,9335170964.509277,0,0,0,0,0,0,0,0,0,133759259.28787509,0,0,0,0,0,0,0,0,0,0,0,0,3503388280.9716415,0,0,0,0,0,0,0,0,0,0,0,111591823.19596232,0,319713953.4166455,124184949.53463516,792329649.5101186,150671629.67378467,0
1777420800,29-04-2026,0,190721713.51906362,0,0,0,0,0,0,0,0,568708279.341686,0,0,0,0,0,0,0,0,0,0,0,0,172768902.93238243,0,0,12493409711.870678,0,0,0,0,0,0,0,0,0,144300628.31661198,0,0,0,0,0,0,104863824.62438472,0,0,0,0,0,3334510606.900676,0,0,0,0,0,92223736.75490199,0,0,0,0,0,0,0,0,119932649.63223653,173394699.58753738,145137720.6061843,0
1777507200,30-04-2026,0,146462319.2413913,0,0,0,0,0,0,0,0,535589154.4606811,0,0,0,0,0,0,0,0,0,0,0,0,135660243.93587634,0,0,10679388134.070616,0,0,0,0,0,0,0,0,0,110356898.44457361,0,0,0,0,0,0,94056466.80709091,0,0,0,0,0,3915093541.7457685,0,0,0,0,0,0,0,0,0,0,0,0,0,91125497.10530432,122357953.00222197,205894887.42539373,141304517.16976798,0
1777593600,01-05-2026,0,136800738.22688517,0,0,0,0,0,0,0,0,471334431.2924978,0,0,0,0,0,0,0,0,0,0,0,0,124445468.05214338,0,0,8927307437.602179,0,0,0,0,0,0,0,0,0,117279408.75894637,0,0,0,0,0,0,102404814.5034917,0,0,0,0,0,3733405376.4868503,0,0,0,0,0,0,0,0,0,0,0,0,0,82125638.07644531,132144037.14885347,198855195.99507847,153936660.34904072,0
1777680000,02-05-2026,0,96638010.2711505,0,0,0,0,0,0,0,0,321076645.84491616,0,0,0,0,0,0,0,0,0,0,0,0,98385826.85548516,0,0,9638586930.689123,0,0,0,0,0,0,0,0,0,75673430.14974931,0,0,0,0,0,0,83910958.9914894,0,0,0,0,0,3821632315.2425623,0,0,0,0,0,0,0,0,0,0,0,0,0,57910491.642720416,95081074.52115275,129985005.1236001,139428586.27333462,0
1777766400,03-05-2026,0,85030372.14140204,0,0,0,0,0,0,0,0,340797786.5033755,0,0,0,0,0,0,0,0,0,0,0,0,267147745.58727282,0,0,7866595604.445066,0,0,0,0,0,0,0,0,0,77603711.20632282,0,0,0,0,0,0,85149690.22034962,0,0,0,0,0,3658974159.3865867,0,0,0,0,0,0,0,0,0,0,0,0,0,0,104093981.75344783,143700899.77542275,148073624.67819628,55284282.09891601
1777852800,04-05-2026,0,225995832.65494677,0,0,0,0,0,0,0,0,650047738.0928483,0,0,0,0,0,0,0,0,0,0,0,0,172507187.5025747,0,0,8183086771.570348,0,0,0,0,0,0,0,0,0,164245306.1663347,0,0,0,0,0,0,0,0,0,0,0,0,3752017138.8860183,0,0,0,0,0,0,0,0,0,0,0,0,0,103677923.25451468,138906635.23204565,366222856.8049376,151739083.73945147,155507008.3297042
1777939200,05-05-2026,0,151851010.11104178,0,0,0,0,0,0,0,0,574799631.9230694,0,0,0,0,0,0,0,0,0,0,0,0,146103373.4029967,0,0,9736628985.212845,0,0,0,0,0,0,0,0,0,143753764.71539152,0,0,0,0,0,0,0,0,0,0,0,0,3720248120.0217237,0,0,0,0,0,101480274.57148013,0,0,0,0,0,0,0,127422626.7979805,139361553.85360137,332443129.57237715,157287570.00281304,0
1778025600,06-05-2026,0,212303895.4844312,0,0,0,0,0,0,0,0,548837623.784537,0,0,0,0,0,0,0,0,0,0,0,0,160554584.582252,0,0,9205755199.907032,0,0,0,0,0,0,0,0,0,156364174.7092898,0,0,0,0,0,0,0,0,0,0,0,0,4409089269.0634165,0,0,0,0,0,122990432.04695138,0,0,0,0,0,0,0,117731581.444544,155369376.7804444,318578729.8287056,185029412.69278076,0
1778112000,07-05-2026,0,254521731.53842273,0,0,0,0,0,0,0,0,615648512.4526651,0,0,0,0,0,0,0,0,0,0,0,0,161574056.68917668,0,0,9274432151.317198,0,0,0,0,0,0,0,0,0,170465606.73761103,0,0,0,0,0,0,0,0,0,0,0,0,5118836357.647528,0,0,0,0,0,129878007.31518415,0,0,0,0,0,0,0,144232990.15093082,161000972.12186617,341805360.8630447,157916475.86351278,0
1778198400,08-05-2026,0,192139571.08216897,0,0,0,0,0,0,0,0,670250078.0700299,0,0,0,0,0,0,0,0,0,0,0,0,161849962.3992679,0,0,11660117024.851423,0,0,0,0,0,0,0,0,0,707921371.7550578,0,0,0,0,0,0,0,0,0,0,0,0,5089891768.110229,0,0,0,0,0,127974149.2072005,0,0,0,0,0,0,0,242359385.19231153,182074586.8846121,476699567.07706296,134243791.6942356,0
1778284800,09-05-2026,0,109716265.35559532,0,0,0,0,0,0,0,0,556304818.4478637,0,0,0,0,0,0,0,0,0,0,0,0,122247385.9343392,0,0,9946810720.018908,0,0,0,0,0,0,0,0,0,126636352.80871527,0,0,0,0,0,0,0,0,0,0,0,0,5651384125.872705,0,0,0,0,0,95948083.4796525,0,0,0,0,0,0,0,135185210.90663818,145684322.54173812,266968476.7888604,163618988.47764632,0
1778371200,10-05-2026,0,176033606.77696636,0,0,0,0,0,0,0,0,663200313.2313896,0,0,0,0,0,0,0,0,0,0,0,0,150344346.6002776,0,0,6157629678.325552,0,0,0,0,0,0,0,0,0,199373527.93227562,0,0,0,0,0,0,0,0,0,0,0,0,4927018876.589104,0,0,0,0,0,0,0,0,0,0,0,0,0,159511863.396754,158610663.72826943,313291828.8330613,167589109.69142428,125832111.25642657
1778457600,11-05-2026,0,231811625.86159807,0,0,0,0,0,0,0,0,701775598.1025909,0,0,0,0,0,0,0,0,0,0,0,0,209555109.0680645,0,0,12325594737.398619,0,0,0,0,0,0,0,0,0,215691290.56483606,0,0,0,0,0,0,113019702.35146455,0,0,0,0,0,5538850831.823793,0,0,0,0,0,0,0,0,0,0,0,0,0,169144394.02190003,214834070.94988847,399156202.22926855,144243227.55660242,0
1778544000,12-05-2026,0,202646588.74475643,0,0,0,0,0,0,0,0,575495737.426736,0,0,0,0,0,0,0,0,0,0,0,0,191991588.9419585,0,0,14194778280.57745,0,0,0,0,0,0,0,0,0,207639371.70070395,0,0,0,0,0,0,112964978.19035089,0,0,0,0,0,5436595157.98771,0,0,0,0,0,0,0,0,0,0,0,0,0,203099287.93499458,286727387.33634645,372091877.8912992,136316600.498859,0
1778630400,13-05-2026,0,317606328.625765,0,0,0,0,0,0,0,0,559864753.4195541,0,0,0,0,0,0,0,0,0,0,0,0,194623995.50337344,0,0,16065103108.46445,0,0,0,0,0,0,0,0,0,181260128.60525113,0,0,0,0,0,0,98192239.21289748,0,0,0,0,0,5270679596.285825,0,0,0,0,0,0,0,0,0,0,0,0,0,135221722.70424402,121552330.1045545,280910786.16813016,119070922.62193441,0
1778716800,14-05-2026,0,466948385.77213466,0,0,0,0,0,0,0,0,512824120.66875017,0,0,0,0,0,0,0,0,0,0,0,0,231248304.31445166,0,0,13008549586.561335,0,0,0,0,0,0,0,0,0,173996971.80263144,0,0,0,0,0,0,101803076.64049715,0,0,0,0,0,5734614323.919147,0,0,0,0,0,0,0,0,0,0,0,0,0,173563450.3488517,113042049.5944462,288183896.0430359,131449260.06513517,0
1778803200,15-05-2026,0,409752872.86464113,0,0,0,0,0,0,0,0,575183936.0009866,0,0,0,0,0,0,0,0,0,0,0,0,224030124.97698247,0,0,13261151843.0782,0,0,0,0,0,0,0,0,0,177858563.09778002,0,0,0,0,0,0,86633451.4758197,0,0,0,0,0,4891950411.4276,0,0,0,0,0,0,0,0,0,0,0,0,0,148297168.12875935,111534747.84623241,264579244.42273417,137209733.8930274,0
1778889600,16-05-2026,0,263827886.93454576,0,0,0,0,0,0,0,0,379911152.2160871,0,0,0,0,0,0,0,0,0,0,0,0,188755002.44491872,0,0,13504193252.511284,0,0,0,0,0,0,0,0,0,115321791.14440832,0,0,0,0,0,0,85593724.53035687,0,0,0,0,0,5193472122.922059,0,0,0,0,0,0,0,0,0,0,0,0,0,88428192.92106263,97511849.7072652,166789188.97280318,97208515.28653154,0
1778976000,17-05-2026,0,135515855.05059895,0,0,0,0,0,0,0,0,345422412.35846055,0,0,0,0,0,0,0,0,0,0,0,0,209097585.7868309,0,0,10326001818.058039,0,0,0,0,0,0,0,0,0,111412074.96673916,0,0,0,0,0,0,77449411.05070964,0,0,0,0,0,5043023154.0972185,0,0,0,0,0,0,0,70493381.31546792,0,0,0,0,0,0,104010820.53278232,141841289.91742328,101288526.19327645,0
1779062400,18-05-2026,0,189429496.02813673,0,0,0,0,0,0,0,0,480422371.24321187,0,0,0,0,0,0,0,0,0,0,0,0,261434589.49821228,0,0,5711636675.7162075,0,0,0,0,0,0,0,0,0,126579070.83249913,0,0,0,0,0,0,86516772.21012285,0,0,0,0,0,4483055687.819392,0,0,0,0,0,0,0,89269605.48985133,0,0,0,0,0,0,112870489.50077188,260576960.6196523,124076472.70956562,0
1779148800,19-05-2026,0,149897200.9891774,0,0,0,0,0,0,0,0,410035865.20355594,0,0,0,0,0,0,0,0,0,0,0,0,195599531.35228455,0,0,4316442287.632543,0,0,0,0,0,0,0,0,0,118763746.90821017,0,0,0,0,0,0,82345361.55318289,0,0,0,0,0,4519902962.204986,0,0,0,0,0,0,0,85087964.07463357,0,0,0,0,0,0,119548398.42489548,202708328.326362,123295903.78054556,0
1779235200,20-05-2026,0,163537210.69878787,0,0,0,0,0,0,0,0,412553201.21418434,0,0,0,0,0,0,0,0,0,0,0,0,207803421.52651763,0,0,2206096810.127041,0,0,0,0,0,0,0,0,0,150834596.02768475,0,0,0,0,0,0,83858251.59793492,0,0,0,0,0,3972229181.632207,0,0,0,0,0,0,0,94716667.57345004,0,0,0,0,0,0,126459687.24206445,247198735.00924703,117755917.84208438,0
1779321600,21-05-2026,0,194061175.14082333,0,0,0,0,0,0,0,0,490177111.08128524,0,0,0,0,0,0,0,0,0,0,0,0,285759236.84851223,0,0,1990487685.1173756,0,0,0,0,0,0,0,0,0,182766411.4920679,0,0,0,0,0,0,0,0,0,0,0,0,3832059836.7953634,0,0,0,0,0,0,0,82191160.91363981,0,0,0,0,0,77598819.17476727,125246731.94073473,271475690.7126876,120426587.32903054,0
1779408000,22-05-2026,0,185650970.89618668,0,0,0,0,0,0,0,0,438655091.66502345,0,0,0,0,0,0,0,0,0,0,0,0,279105573.5078367,0,0,1564373943.9345253,0,0,0,0,0,0,0,0,0,182331238.53502727,0,0,0,0,0,0,76492183.75069489,0,0,0,0,0,4541514910.828136,0,0,0,0,0,0,0,88628800.64159785,0,0,0,0,0,0,125661782.95710693,231810411.05513692,110274466.3850101,0
1779494400,23-05-2026,0,175966395.83046186,0,0,0,0,0,0,0,0,438541799.174094,0,0,0,0,0,0,0,0,0,0,0,0,212645273.64591262,0,0,1524316985.1295362,0,0,0,0,0,0,0,0,0,162743320.30656168,0,0,0,0,0,0,0,0,0,0,0,0,4695459193.167906,0,0,0,0,0,82629857.14001048,0,76841533.42112014,0,0,0,0,0,0,100261326.0369958,214157742.48977163,129342844.09487844,0
1779580800,24-05-2026,0,138134249.0723784,0,0,0,0,0,0,0,0,351933806.2926488,0,0,0,0,0,0,0,0,0,0,0,0,208531205.60315502,0,0,1415842036.8186903,0,0,0,0,0,0,0,0,0,151986182.0721911,0,0,0,0,0,0,70030337.4440843,0,0,0,0,0,4587205964.160959,0,0,0,0,0,0,0,65945135.3684847,0,0,0,0,0,0,88485092.49824105,188620178.10736883,84760471.79291737,0
1779667200,25-05-2026,0,124605576.23599298,0,0,0,0,0,0,0,0,339792119.4332143,0,0,0,0,0,0,0,0,0,0,0,0,216189556.64817262,0,0,1437064088.0109603,0,0,0,0,0,0,0,0,0,121510005.99923381,0,0,0,0,0,0,84057386.09702861,0,0,0,0,0,4508154057.593145,0,0,0,0,0,0,0,80873622.60750237,0,0,0,0,0,0,107909576.42097117,171084424.95829406,104447975.24387956,0
1779753600,26-05-2026,0,192271755.84198785,0,0,0,0,0,0,0,0,491279515.7934701,0,0,0,0,0,0,0,0,0,0,0,0,247430712.5140213,0,0,1415968732.1112862,0,0,0,0,0,0,0,0,0,172165326.235672,0,0,0,0,0,0,0,0,0,0,0,0,3894412347.014207,0,0,0,0,0,0,0,103410365.1435613,0,0,0,0,0,136063003.34151334,92087252.10963966,216183519.45486313,101727955.94010659,0
1779840000,27-05-2026,0,230290149.258221,0,0,0,0,0,0,0,0,520639462.8662422,0,0,0,0,0,0,0,0,0,0,0,0,330472807.3539255,0,0,1211482925.3385322,0,0,0,0,0,0,0,0,0,185139547.75108227,0,0,0,0,0,0,0,0,0,0,0,0,3887834900.131661,0,0,0,0,0,0,0,109478992.65361579,0,0,0,0,0,143294924.10417646,111102849.24935602,227598621.43753514,125401600.2784345,0
1779926400,28-05-2026,0,245255252.08051932,0,0,0,0,0,0,0,0,614816612.0748727,0,0,0,0,0,0,0,0,0,0,0,0,472963531.67210615,0,0,1241010083.8588762,0,0,0,0,0,0,0,0,0,164606116.96078646,0,0,0,0,0,0,0,0,0,0,0,0,3751628897.4461155,0,0,0,0,0,0,0,117303496.23511697,0,0,0,0,0,157558437.9557795,130005885.98633471,283913570.426529,119426954.9366907,0
1780012800,29-05-2026,0,176111875.8500274,0,0,0,0,0,0,0,0,638065452.7049463,0,0,0,0,0,0,0,0,0,0,0,0,197952205.11282027,0,0,1172539538.6160266,0,0,0,0,0,0,0,0,0,177150729.3258202,0,0,131497237.5847308,0,0,0,0,0,0,0,0,0,3678794954.251719,0,0,0,0,0,0,0,0,0,0,0,0,0,164130088.06998047,0,321371700.4931828,120574654.65328085,155401892.90832993
1780099200,30-05-2026,0,78798120.82051231,0,0,0,0,0,0,0,0,377859256.8879607,0,0,0,0,0,0,0,0,0,0,0,0,251403647.54059502,0,0,1296292738.7152812,0,0,0,0,0,0,0,0,0,108038921.71131624,0,0,0,0,0,0,0,0,0,0,0,0,3859805693.432911,0,0,0,0,0,0,0,0,0,0,0,0,0,119097740.07293662,97872867.37223957,191930339.1656512,77820714.25620976,81668501.01772672
1780185600,31-05-2026,0,99388563.58413093,0,0,0,0,0,0,0,0,391499073.56513965,0,0,0,0,0,0,0,0,0,0,0,0,213666983.66566354,0,0,1423182067.6731284,0,0,0,0,0,0,0,0,0,128789405.91569106,0,0,0,0,0,0,0,0,0,0,0,0,3957925950.2718773,0,0,0,0,0,0,0,0,0,0,0,0,0,86433180.29609843,111722704.20814042,184590400.57420835,90859441.25533408,80567715.08856103
1780272000,01-06-2026,0,202487311.13714513,0,0,0,0,0,0,0,0,657088806.2390949,0,0,0,0,0,0,0,0,0,0,0,0,228779139.41127175,0,0,1175304442.0058455,0,0,0,0,0,0,0,0,0,222659880.3810501,0,0,0,0,0,0,0,0,0,0,0,0,3908293533.9255276,0,0,0,0,0,0,0,118208779.18019779,0,0,0,0,0,188463898.72864223,113936272.38551214,306608839.1104304,0,114651912.79487771
1780358400,02-06-2026,0,265090147.9967648,0,0,0,0,0,0,0,0,766639917.5796384,0,0,0,0,0,0,0,0,0,0,0,0,214021128.295774,0,0,1331891196.064921,0,0,0,0,0,0,0,0,0,250769257.06725615,0,0,0,0,0,0,0,0,0,0,0,0,3477535819.595641,0,0,0,0,135913170.52801725,0,0,153571910.74955308,0,0,0,0,0,221508676.80167884,0,451009894.89566344,0,111441878.89676291
1780444800,03-06-2026,0,290625555.031606,0,0,0,0,0,0,0,0,765053963.3645905,0,0,0,0,0,0,0,0,0,0,0,0,193814572.59729132,0,0,1399653716.0698252,0,0,0,0,0,0,0,0,0,232997552.82059658,0,0,0,0,0,0,0,0,0,0,0,0,3745751847.919558,0,0,0,0,0,0,0,145773553.99103987,0,0,0,0,0,334889871.686792,0,553507966.3105879,143448307.40576065,209016331.66941655
1780531200,04-06-2026,0,368945603.47561777,0,0,0,0,0,0,0,0,1006314680.28088,0,0,0,0,0,0,0,0,0,0,0,0,259779044.664107,0,0,1238602911.0768383,0,0,0,0,0,0,0,0,0,358122846.5254735,0,0,0,0,0,0,0,0,0,0,0,0,3285678520.909406,0,0,0,0,209052639.29048848,0,0,0,0,0,0,0,0,492073834.2202499,0,1045163794.7601842,175005797.41472495,528634950.43766665
1780617600,05-06-2026,0,156204862.69818985,0,0,0,0,0,0,0,0,297764183.1840374,0,0,0,0,0,0,0,0,0,0,0,0,91097873.53394893,0,0,414548054.22839016,0,0,0,0,0,0,0,0,0,126747893.80027583,0,0,0,0,0,0,0,0,0,0,0,0,1180462578.5896864,0,0,0,0,100021258.84746058,0,0,0,0,0,0,0,0,115032122.40244007,0,376075755.0283858,99138688.74958278,140191059.23178944