unix_time,date_time,aptos,arbitrum,avalanche,base,bsc,ethereum,fogo,hyperevm,linea,mantle,megaeth,monad,optimism,plasma,polygon,solana,sui,unichain,zksync
1683072000,03-05-2023,0,676953882.6707693,5308826.271555409,0,687174309.5680227,1135070875.790402,0,0,0,0,0,0,36112834.63362889,0,123263514.16323149,50320100.56932288,172319.35022799997,0,8256548.711061162
1683158400,04-05-2023,0,470171845.190102,2985720.3244292447,0,376193405.1811142,1115770548.7390292,0,0,0,0,0,0,31278937.18334896,0,60315890.871061504,46330782.051733695,6412768.492112689,0,10342964.691121817
1683244800,05-05-2023,0,688326348.4202348,5387005.6173717985,0,616391004.0928617,2158988882.287728,0,0,0,0,0,0,32931300.876722,0,98401767.36324073,66689509.41591736,10564250.944985015,0,9338892.770869918
1683331200,06-05-2023,0,1308343991.1294575,6083320.43109084,0,547038412.1215284,2111657481.18089,0,0,0,0,0,0,30911319.874426126,0,95612203.42786896,84453156.66178614,9107179.68317339,0,12839919.71079911
1683417600,07-05-2023,0,692696858.9159038,2789812.9520637724,0,523549906.04583323,1274820139.8598495,0,0,0,0,0,0,21365101.56573307,0,66449181.54476881,51233698.52254701,6189949.387103923,0,11320205.893192677
1683504000,08-05-2023,0,672314298.5313485,8311643.480507462,0,730720523.941659,1911077611.6020982,0,0,0,0,0,0,39456462.428168796,0,115386025.95872006,95287146.79379585,8673724.420729114,0,13104031.06588219
1683590400,09-05-2023,0,349703174.52481353,2190540.1319180215,0,532365789.5311488,1382164120.5027094,0,0,0,0,0,0,23681264.171326127,0,77560327.03555827,44144800.92333634,6785936.590949604,0,22846292.393176083
1683676800,10-05-2023,0,747871559.6077172,4630601.271393508,0,774723280.5442597,1451632239.086636,0,0,0,0,0,0,34007678.9064109,0,127187733.30648693,70085621.91776578,20150780.974088594,0,23111729.365872268
1683763200,11-05-2023,0,545706252.7125458,3050856.652782058,0,678824583.0317171,1641196066.9654155,0,0,0,0,0,0,34977632.10061769,0,86277953.05272636,67052619.65588975,12974455.52679378,0,7338773.697846574
1683849600,12-05-2023,0,707480928.0977582,3262317.345843206,0,966183841.2219601,1435524163.698039,0,0,0,0,0,0,37050277.69368094,0,110738245.75231445,48069833.33834483,14678228.970188802,0,12068773.249183513
1683936000,13-05-2023,0,286135838.4630997,1744608.1957815103,0,519512247.04709494,846389625.5118124,0,0,0,0,0,0,15164893.326451125,0,45076785.11996119,35526126.04362588,5387971.905166464,0,16831222.134984568
1684022400,14-05-2023,0,241015869.7054906,1779726.3284614438,0,712762017.3841316,612706271.6571221,0,0,0,0,0,0,14282649.582593061,0,49161080.560954615,20552136.387423545,6805832.755407577,0,17616281.66635129
1684108800,15-05-2023,0,314328045.85284746,2576973.207945016,0,624542243.9764621,928072850.3642243,0,0,0,0,0,0,20369322.37041449,0,71972163.0159532,42278037.551468834,9258414.806946501,0,13758434.836178197
1684195200,16-05-2023,0,282793418.91544825,2856537.526787976,0,689258648.8187418,812141974.2693974,0,0,0,0,0,0,17912212.230186515,0,67085227.61290605,31393079.13142516,9853425.856463255,0,16764208.978201337
1684281600,17-05-2023,0,265057171.3886428,3727852.5362570337,0,931459363.2302132,973993382.8347143,0,0,0,0,0,0,27213835.92067093,0,88681916.51502116,45071013.1758978,7049652.943308042,0,15953688.852008086
1684368000,18-05-2023,0,247781641.12458757,3116437.2678602207,0,749385926.7900465,999540754.6690371,0,0,0,0,0,0,29576145.332760334,0,84038561.03317817,36409316.61354113,12082080.748468304,0,18259399.893457722
1684454400,19-05-2023,0,191013089.36241743,1925671.3017235375,0,788670443.0389786,740507650.8813698,0,0,0,0,0,0,15420590.881196018,0,58313052.38004507,22985461.114282794,4700954.750332327,0,17965384.94590014
1684540800,20-05-2023,0,96587149.54817334,1899025.8862393978,0,496783312.3509358,482372683.893047,0,0,0,0,0,0,12359702.861535696,0,31088082.675338216,17649486.840245582,11043909.06559649,0,21213925.98442735
1684627200,21-05-2023,0,157447519.73790985,1993727.416986798,0,346985939.4526068,696068600.6583577,0,0,0,0,0,0,10384158.749980573,0,35812494.38750031,21190060.369938076,10521691.125044221,0,24669259.5428563
1684713600,22-05-2023,0,284502385.06775296,2400057.7883746247,0,2142761928.385365,929930780.361288,0,0,0,0,0,0,14352657.35282255,0,56771376.57217358,26857217.01154475,4833512.346867548,0,18018247.35865963
1684800000,23-05-2023,0,245373663.56781542,2660047.201837993,0,637630205.9650182,1272903756.3024101,0,0,0,0,0,0,20577170.579669543,0,60204113.374253824,24225747.9276756,3597493.032818955,0,16782888.35151631
1684886400,24-05-2023,0,282363691.4128224,3700339.2051872783,0,453788077.79477245,1124431557.366815,0,0,0,0,0,0,23835158.17226521,0,69846085.67263158,67433309.80585419,10460145.394819215,0,21902922.183910064
1684972800,25-05-2023,0,258533854.3599459,3670950.9637787733,0,459598963.14137906,937400421.0449907,0,0,0,0,0,0,18374470.15969407,0,71495240.36961149,37700925.2574179,3063492.4544459563,0,20517376.996965047
1685059200,26-05-2023,0,252084305.23851252,2144125.9729433022,0,355176877.36525,809827129.7997444,0,0,0,0,0,0,14886893.946960833,0,89009712.93182501,20657546.224292133,4578834.149807314,0,27116002.970118884
1685145600,27-05-2023,0,171369455.90532538,2054154.357003232,0,304172441.58345854,535470025.63075364,0,0,0,0,0,0,8680191.845498057,0,37718477.69843362,29355350.350522485,2940833.8454776737,0,28233078.176569153
1685232000,28-05-2023,0,273105996.42344457,3150159.6155685126,0,395543215.3526068,1016676009.1374413,0,0,0,0,0,0,21087534.940782696,0,66360907.28932339,39235133.51440031,2899627.73043276,0,30507735.147116885
1685318400,29-05-2023,0,341015267.8179371,3995547.4937899224,0,505423227.3450272,1053913140.6356298,0,0,0,0,0,0,20344527.119741507,0,64597110.090117946,32424799.389994215,4933976.231715638,0,21852861.745005243
1685404800,30-05-2023,0,238487284.58146566,3941672.3516353727,0,338120342.0300815,1086720848.002575,0,0,0,0,0,0,24238763.641168315,0,60637243.921958655,48967913.872545764,3531643.6382876914,0,18651760.97470457
1685491200,31-05-2023,0,216118482.80304295,3554990.189197083,0,268497826.25159067,987976560.211424,0,0,0,0,0,0,30364576.01142629,0,66714256.98663273,55346711.45050904,2270366.7423310177,0,29099629.844667684
1685577600,01-06-2023,0,221767814.991273,3204926.389182389,0,246104290.43397498,970065829.9111354,0,0,0,0,0,0,25026503.12488838,0,66736049.09043992,46510079.50940877,2543902.167756304,0,18136427.65857409
1685664000,02-06-2023,0,266276034.36227202,2825589.0745969797,0,336925172.1784215,758711353.8202809,0,0,0,0,0,0,21496607.335948788,0,64812965.23561728,28353709.284588695,3761437.5177164106,0,20336252.88015358
1685750400,03-06-2023,0,139654079.25963107,2117851.8933621324,0,287635211.50492334,490394791.62163657,0,0,0,0,0,0,13006700.469194157,0,32189795.153366238,29401260.95954984,3376897.3509673984,0,26677477.069121033
1685836800,04-06-2023,0,143302566.4911205,2641754.086100462,0,298489286.5039557,451917006.84741586,0,0,0,0,0,0,13666010.064163638,0,37149723.02488108,37857319.37585567,3521026.497502595,0,32788777.30492668
1685923200,05-06-2023,0,398723229.0221704,5268410.537938635,0,531878198.9105685,1338831384.515604,0,0,0,0,0,0,37026804.5227888,0,95169172.35856223,72408015.80570048,5192252.841680573,0,27217731.431038618
1686009600,06-06-2023,0,342529652.98595077,3053277.810937578,0,414570583.3257718,1194963006.3941493,0,0,0,0,0,0,26399981.33209694,0,104719003.31702098,58106491.864621274,3812207.7408851194,0,25685669.890541136
1686096000,07-06-2023,0,296013351.33385956,2632407.4912873567,0,439675776.7658275,1069594173.4435611,0,0,0,0,0,0,44073034.26881657,0,105447250.60866143,75322229.80653042,4097355.2751953644,0,27360218.33738293
1686182400,08-06-2023,0,219196933.21679646,2698201.325842419,0,361470301.5543923,662956242.2454503,0,0,0,0,0,0,31587352.490398116,0,59213602.288591705,41870682.98283513,6762340.2619468095,0,24086297.14121507
1686268800,09-06-2023,0,160132777.66949946,2140133.229990141,0,336633779.0343827,652977397.0437772,0,0,0,0,0,0,26451710.421978354,0,78101692.3151319,57175299.679203555,3503923.4732511924,0,23943691.47246791
1686355200,10-06-2023,0,534011234.0156406,18879415.88826266,0,427985383.26925755,1528126986.5932803,0,0,0,0,0,0,62245184.426318444,0,224209733.0117963,136444377.01643288,6119007.205028884,0,23832949.341654383
1686441600,11-06-2023,0,188370328.97571823,2771494.107547203,0,216246294.94988704,474247918.9107494,0,0,0,0,0,0,25105562.338863347,0,105884609.39785296,46509481.05778348,2451642.108610189,0,29212493.460212752
1686528000,12-06-2023,0,242541376.70282146,2544926.4555579135,0,388448839.79626375,894911685.998816,0,0,0,0,0,0,33771640.378077544,0,95385640.97421135,41018520.63582331,6712656.104812861,0,28476612.500636477
1686614400,13-06-2023,0,263629847.65203035,2969798.5559550463,0,471328704.36788505,795183772.0767355,0,0,0,0,0,0,34327975.79452846,0,94237941.25392762,41296668.98025095,7500425.268663584,0,26312814.036220778
1686700800,14-06-2023,0,298941029.8050349,3059024.2429625206,0,335504671.25096166,930842068.3755937,0,0,0,0,0,0,30820883.253571242,0,85871703.58396176,45440846.74911826,3902684.3764925394,0,14105664.706871206
1686787200,15-06-2023,0,301964194.1691156,5626338.500800126,0,475354987.63220656,1955726823.5649745,0,0,0,0,0,0,56307882.46941585,0,147673253.41053545,49519333.64899555,3536031.262984664,0,25061553.630838826
1686873600,16-06-2023,0,228128389.92452824,2735623.8368534725,0,287122995.189878,945006333.1848948,0,0,0,0,0,0,43454755.150731355,0,100493832.51293688,28227132.224536818,2854737.1192632895,0,16902381.81458288
1686960000,17-06-2023,0,184049151.60566914,2013330.2311365793,0,211882325.1558229,616831903.7841394,0,0,0,0,0,0,23776473.22840231,0,77698250.84705892,20915118.4876338,2768519.705604299,0,22394914.971623845
1687046400,18-06-2023,0,136998195.02346265,2011922.0187740764,0,202610686.4517966,473693264.7449454,0,0,0,0,0,0,19216197.210154798,0,54467359.08460146,21810882.937156305,2390064.589626254,0,23353675.086852018
1687132800,19-06-2023,0,197685184.88896942,2014932.328670277,0,235815623.47335756,742079495.7417111,0,0,0,0,0,0,27554755.383081734,0,71483808.22313489,32468489.43145068,3131491.478952094,0,23059995.348489415
1687219200,20-06-2023,0,296631550.80175054,2581553.4276266834,0,272958832.504347,1103967582.9799078,0,0,0,0,0,0,47551841.395425245,0,81882064.85651398,32462433.301426172,4414894.042145493,0,29306541.37804466
1687305600,21-06-2023,0,538016134.4857515,4142046.1232898813,0,504125208.4600185,1647792656.912336,0,0,0,0,0,0,77440383.93465546,0,135563229.83397502,43875709.599918574,5868468.256086701,0,25942379.264133982
1687392000,22-06-2023,0,343412061.7758911,3561730.7782720714,0,321813959.2916454,1204321268.4020884,0,0,0,0,0,0,52399645.31079333,0,106900451.32684726,32915802.484236896,5212580.308480382,0,26615146.70395096
1687478400,23-06-2023,0,391868276.0758797,3166795.0291401558,0,355588840.3679458,1185787273.4207687,0,0,0,0,0,0,45683122.33072491,0,102373085.99239746,44918950.770007044,2933159.9009058764,0,24251437.029434644
1687564800,24-06-2023,0,188116540.27586642,2464486.0963672693,0,258510175.18288392,565816362.0689458,0,0,0,0,0,0,33920894.70983813,0,68828412.68032803,30229668.727553267,1780270.9890632774,0,29314319.51578107
1687651200,25-06-2023,0,270561450.01612836,3298218.129281657,0,263355794.73929334,728448140.9537357,0,0,0,0,0,0,47013049.80267531,0,86070207.3670329,30979322.01877543,2186900.3339655264,0,28155907.76147337
1687737600,26-06-2023,0,418354037.2351893,3001955.4072453175,0,278505964.7950962,955459800.9280812,0,0,0,0,0,0,42232876.764630966,0,96503178.85840398,27928864.953806214,3853892.8732198854,0,34878787.05838305
1687824000,27-06-2023,0,371686706.7193152,2303415.4023937555,0,296039643.73562956,951633129.9917364,0,0,0,0,0,0,36862693.24876928,0,82704885.1160128,29278843.628409486,2973148.487390845,0,29257702.90144544
1687910400,28-06-2023,0,315172998.9863359,3386502.1458900957,0,257067662.57992977,857135493.9614649,0,0,0,0,0,0,39758944.8689611,0,112202715.958953,39336648.00768399,1666568.8157792783,0,28930954.615070824
1687996800,29-06-2023,0,202024832.6708263,2382299.6982734157,0,263839511.35396662,795214751.3043333,0,0,0,0,0,0,43079134.889184564,0,72888555.95848924,69161163.13623457,2514741.56394515,0,25619969.84141626
1688083200,30-06-2023,0,547746279.1839286,4526652.282863076,0,398608988.7554911,1611554431.3005166,0,0,0,0,0,0,74114251.65260461,0,194245951.16816562,138214229.45147085,3573201.049562852,0,30088056.535788156
1688169600,01-07-2023,0,164416907.47247407,2745872.2648557546,0,251954078.69878405,781398601.7726902,0,0,0,0,0,0,19767036.39468272,0,67234156.59052709,35671199.21262441,1315085.5009864452,0,30378388.77355989
1688256000,02-07-2023,0,265686318.04111665,1710731.6045335354,0,255568240.58072427,629370462.2643874,0,0,0,0,0,0,34094376.01127698,0,85618543.68540287,63381365.98868011,1546335.9391787709,0,32934756.089948967
1688342400,03-07-2023,0,318320581.0979751,3355012.2859391137,0,291592447.3917953,938982109.9797854,0,0,0,0,0,0,29363873.85040328,0,91510936.71423,34447248.32752008,2209314.788765035,0,30184233.20761319
1688428800,04-07-2023,0,234897573.6121244,3586248.2369463313,0,320286339.99633884,710258144.3966372,0,0,0,0,0,0,28579140.166667286,0,74003878.35414341,41052823.48836032,2316403.683189341,0,34851519.57397152
1688515200,05-07-2023,0,226982169.4838834,2317686.543912577,0,341275945.03042275,790627567.1364297,0,0,0,0,0,0,25263081.66096769,0,85748734.72930884,33491095.34022583,1226108.4181905116,0,19105948.237303168
1688601600,06-07-2023,0,384211744.8917799,2766281.4419027055,0,306407465.29034364,990313349.8859189,0,0,0,0,0,0,43667717.22515438,0,126990512.68444303,98876099.09901308,1604391.8757281653,0,20804342.38892587
1688688000,07-07-2023,0,245618036.96194124,3165428.492633558,0,375424815.41632485,843787022.4415609,0,0,0,0,0,0,26488350.874039337,0,77592444.91977033,95233671.19066137,705477.8047248444,0,24643312.84982612
1688774400,08-07-2023,0,128995219.26722158,3687461.196805105,0,281789675.5132588,576292316.368598,0,0,0,0,0,0,15773110.03636653,0,47312115.34022851,67204965.42284277,422422.5371721124,0,31956347.010071103
1688860800,09-07-2023,0,140993891.3057529,3468170.9510693005,0,236377047.79381025,495314918.24604553,0,0,0,0,0,0,15882710.961457072,0,62435827.63261036,37795159.29754229,1391638.4283650778,0,33533468.92757071
1688947200,10-07-2023,0,205851885.0917506,3026581.4312187256,0,493784739.3804747,865639517.701154,0,0,0,0,0,0,24497697.496681273,0,119395021.77924506,59360349.425212964,610826.2891679228,0,32477653.5526737
1689033600,11-07-2023,0,157237809.12591502,2591713.1187689323,0,262962969.31243598,640807958.6673256,0,0,0,0,0,0,21045171.794754732,0,75817150.63838235,48276370.798941806,313355.72334591404,0,31914624.9563208
1689120000,12-07-2023,0,205131226.85993186,3076893.4834785312,0,290517100.9711518,796144056.8653811,0,0,0,0,0,0,30444042.702462755,0,101232260.04369731,51653786.021197885,452935.7908496387,0,5472838.22315265
1689206400,13-07-2023,0,420571495.19377136,4615750.907383392,0,378072916.43289316,1406158857.7419355,0,0,0,0,0,0,57156751.81948134,0,207280426.38043946,116160489.28793223,586379.1018270503,0,13513744.149528878
1689292800,14-07-2023,0,433348751.9596756,20187139.505523115,0,377740835.2784225,1170427972.4180064,0,0,0,0,0,0,87872941.46057855,0,175761010.93315464,202799873.25242418,934591.8937130276,0,32900764.30397969
1689379200,15-07-2023,0,179552467.55922,6219603.790558531,0,221108318.53006202,521437678.54876477,0,0,0,0,0,0,30305095.885984145,0,63367659.79364312,95898913.30940281,191302.257869101,0,39905744.15309561
1689465600,16-07-2023,0,179657940.75006157,4400168.938803345,0,283287349.3113229,537525233.6087714,0,0,0,0,0,0,25972873.78454523,0,64386040.166043565,68316466.35695636,207331.60232789707,0,37427563.46993423
1689552000,17-07-2023,0,296255951.2337292,6891245.438121965,0,570644577.2906417,958538052.0051775,0,0,0,0,0,0,41944179.56755622,0,107843572.95035085,103408930.04995447,593784.5502972081,0,34225908.875527136
1689638400,18-07-2023,0,296771967.08226997,5380613.331067223,0,364765200.89868283,756236016.4810389,0,0,0,0,0,0,35260093.096605696,0,82197674.34444445,69657075.08425526,1006445.535263604,0,27270100.912435465
1689724800,19-07-2023,0,267892190.99182516,5403639.8355213,0,275542943.967624,795756463.5202286,0,0,0,0,0,0,35159039.25167608,0,77526966.70311037,63154987.41621077,517208.3766840475,0,33312204.7000691
1689811200,20-07-2023,0,260532316.05587512,5476431.135284323,0,245432053.442392,913100515.7309539,0,0,0,0,0,0,38191023.89290031,0,99200807.13608545,50405211.36422102,286254.4892387097,0,32770003.71978046
1689897600,21-07-2023,0,166365759.6669718,3650350.3804580336,0,194297000.97110814,7103061854.7392845,0,0,0,0,0,0,23205628.702003248,0,66077834.70157473,34594505.40912743,281698.804777491,0,30625110.874767534
1689984000,22-07-2023,0,114589950.0135073,3633859.630174476,0,165218679.4300021,606459540.6362913,0,0,0,0,0,0,20950303.52213464,0,51636018.141711324,31293213.18167699,248615.59418378165,0,28542052.998429295
1690070400,23-07-2023,0,141641183.3236331,3716551.662005237,0,149282656.03178307,546203012.3532745,0,0,0,0,0,0,25345394.225001603,0,48569337.52375318,25595150.686278883,217048.33698486112,0,29517960.36881771
1690156800,24-07-2023,0,218808000.91657877,8484909.51444818,0,242045451.805848,876425780.1276537,0,0,0,0,0,0,52659108.106253594,0,74493493.749822,48257836.1478682,178876.631073116,0,22751902.866844337
1690243200,25-07-2023,0,126120281.81434953,20566634.193799578,0,202302993.86147457,590788720.4194735,0,0,0,0,0,0,24527325.404123023,0,53867894.05456443,29373826.864925798,219195.23910892036,0,30661049.84131614
1690329600,26-07-2023,0,202764043.50713703,9382567.148046095,0,254313965.59921134,785538857.3337206,0,0,0,0,0,0,31782905.468797345,0,88156999.74466993,63689692.61220157,474310.53245595517,0,22059773.067615237
1690416000,27-07-2023,0,133074844.73277946,3406784.870375719,0,130598926.95892116,576466492.6920141,0,0,0,0,0,0,26924379.03959181,0,50174737.64332034,41662333.2661788,403410.9357709836,0,19609450.37196259
1690502400,28-07-2023,0,113821538.1810592,2638098.6781895775,0.2,201452580.03043395,639053280.0679835,0,0,0,0,0,0,23391959.62807666,0,45426249.601639174,28089022.424879074,2830286.628652973,0,16388878.26005188
1690588800,29-07-2023,0,66039971.472932704,2350473.5599761037,0,200088652.12628615,416141396.9411534,0,0,0,0,0,0,15830665.983178543,0,34257775.0628368,20313636.41245434,1427690.2378178048,0,22021774.29069734
1690675200,30-07-2023,0,137685378.62922162,10801339.006108664,0,389453084.1906477,800317061.7571762,0,0,0,0,0,0,41444084.78837722,0,62246997.88360128,25277392.57211423,2155092.9931518445,0,24035762.554376733
1690761600,31-07-2023,0,160140070.7572079,6826888.821969632,0,482608777.70284367,810659303.4856777,0,0,0,0,0,0,42000290.89792165,0,66259176.40110343,48810026.43781198,2709134.4678662512,0,21947822.521837685
1690848000,01-08-2023,0,228553856.0761575,5800459.905584642,0,352060026.6839706,1071270807.5048676,0,0,0,0,0,0,57644924.209062934,0,82572949.39774701,56580416.73121236,2966729.5969308135,0,20841375.045420233
1690934400,02-08-2023,0,173209608.35458434,6222009.443533289,0,260969232.72984183,1029603498.8360075,0,0,0,0,0,0,44488933.644592695,0,84411671.90096368,35535994.4728516,2229170.1570565966,0,19507072.02043487
1691020800,03-08-2023,0,124623144.43056938,3142956.753309997,6659540.626796788,255268523.80562747,636253023.5222486,0,0,0,0,0,0,42741310.51652981,0,161600305.44911388,39794619.14103432,2551605.6359753483,0,20735021.39010786
1691107200,04-08-2023,0,161922296.779638,3442446.455264098,73515794.75245863,240066532.40367514,648594691.5443734,0,0,0,0,0,0,68754336.72783129,0,78585978.93883196,37635418.08468895,1947362.4455086614,0,23930956.25399599
1691193600,05-08-2023,0,70378668.89639103,2363882.7804823536,130364703.8665179,240594042.33344895,433129048.04950583,0,0,0,0,0,0,21360843.193704966,0,38532761.86254458,22129485.95817238,3188170.785658379,0,23566944.92068678
1691280000,06-08-2023,0,36988238.336710274,3169631.9021620154,77523592.3535274,153432297.50102493,520300179.46837467,0,0,0,0,0,0,20003721.774510782,0,36441139.903437465,32960905.03919507,3164596.013929486,0,23880301.436948948
1691366400,07-08-2023,0,167915087.85766032,4090354.769307623,77335678.07996863,216317798.60407567,903447352.9818206,0,0,0,0,0,0,37767940.793761685,0,72183629.43755038,43282095.494653985,4153207.7096394203,0,20088069.56893022
1691452800,08-08-2023,0,183578748.0996584,4512215.645720081,74965811.4014049,231295274.39735055,938033586.189713,0,0,0,0,0,0,47504762.24663552,0,75411583.81789488,53111134.79844526,3219256.0978005426,0,20139747.780159365
1691539200,09-08-2023,0,167757925.50382942,3589260.8556725886,100206415.1538102,173182233.39171162,687251745.1043054,0,0,0,0,0,0,38242024.53024618,0,60204767.08224199,48433861.36767581,3695922.540598979,0,23315313.798023056
1691625600,10-08-2023,0,135861518.6606755,3899751.586247489,203054427.66525662,166579198.02361965,608121200.5335146,0,0,0,0,0,0,35401538.67569276,0,59791610.897310324,37818730.54320786,3203937.0051497966,0,19413552.846554376
1691712000,11-08-2023,0,96282994.29630207,3020822.795628856,130901323.39570847,154870893.02902958,547445698.6497177,0,0,0,0,0,0,19861949.678794637,0,37272626.010476284,27800054.380837023,2619948.6743078628,0,21589359.076832574
1691798400,12-08-2023,0,46911517.69514392,2548258.8444393,182450807.22675198,161862829.61898354,373314101.14621896,0,0,0,0,0,0,12242817.25522272,0,27049853.7165611,20553723.164044455,2426177.7987932297,0,26747485.76494476
1691884800,13-08-2023,0,81394583.53431001,2714977.5330357384,207639136.1223282,202664972.4560581,494394492.63721776,0,0,0,0,0,0,14619103.354134703,0,33836521.268244386,22835345.709516693,2659547.101008457,0,28206030.349047605
1691971200,14-08-2023,0,103773453.90032332,3625352.792161434,292282534.89693993,223427321.75661087,650804965.783134,0,0,0,0,0,0,23107031.821982447,0,49535933.21443337,31126406.955365725,3922152.8497843645,0,25870166.155158427
1692057600,15-08-2023,0,133448298.52343893,4320959.660555031,244594314.0505665,242927114.64509487,694245397.3437513,0,0,0,0,0,0,24080702.208492503,0,64146819.12940292,36416114.61880558,2632231.85994393,0,22176344.448009666
1692144000,16-08-2023,0,186825266.84812707,4511335.940771506,193837370.9456835,345025463.17561704,794160348.2007692,0,0,0,0,0,0,28500120.736850616,0,70538483.0862447,45326655.92061287,3680675.5535611,0,18680714.29462638
1692230400,17-08-2023,0,377348698.21386963,11644277.601047501,95553027.69862159,513415727.6631956,1970465567.7162051,0,0,0,0,0,0,77186580.42787977,0,168521317.01664388,88879556.47340314,3667125.3761584884,0,22952640.12968436
1692316800,18-08-2023,0,276740954.1313282,5616317.572036948,55005180.776834294,312675963.59801817,1170580692.7929742,0,0,0,0,0,0,53894052.965872355,0,109363302.26100525,53018944.69230031,2607271.662144586,0,19101961.751787465
1692403200,19-08-2023,0,103996391.88725598,2955144.110185776,57586144.069934376,198452924.25828844,519745452.49710107,0,0,0,0,0,0,25088513.302314334,0,53999268.06412775,26448886.369899385,4322332.936353654,0,50815620.46953015
1692489600,20-08-2023,0,89474680.05092028,2071325.2397495448,56100507.01501313,235007086.1387714,491600754.52608997,0,0,0,0,0,0,17601441.142658334,0,41477259.80367243,22153639.241779044,3830320.7257307996,0,40620184.39190944
1692576000,21-08-2023,0,140876499.2628734,3424999.9217688083,54213863.15073204,265598722.05564845,684338806.4872048,0,0,0,0,0,0,27266756.091660663,0,59048121.09428388,33794357.24457145,3212548.4070004667,0,25519719.288114443
1692662400,22-08-2023,0,213148046.78150326,4521364.201752104,44802158.4569297,285165575.1323613,1033134190.6697669,0,0,0,0,0,0,37687596.32266586,0,84882808.48951197,41690102.86073626,3594236.813182029,0,20594264.311197266
1692748800,23-08-2023,0,201954860.5980231,3491957.2154440056,37150199.937753126,317367570.42166185,938672783.1460878,0,0,0,0,0,0,31568280.177544795,0,89164253.45868292,40142832.966645055,5020391.913661999,0,28819434.07347111
1692835200,24-08-2023,0,117079622.46101433,2548366.870531113,114929651.75474104,237265254.4243073,753558532.5240037,0,0,0,0,0,0,22113583.89856883,0,54703198.757050954,35558426.83793038,3300226.7885949444,0,35019368.80867527
1692921600,25-08-2023,0,136802677.47543663,2119739.864528106,36106923.04086599,244323150.96336955,848621487.0693336,0,0,0,0,0,0,28866740.557231106,0,67120408.32451499,32552175.81183867,2981558.32888189,0,27932355.072656702
1693008000,26-08-2023,0,44938293.71758587,1400856.389737166,16890882.08902578,181886139.38462168,393464620.56510895,0,0,0,0,0,0,11746521.929854,0,27937335.645513758,16441905.946686171,2820074.8992407587,0,63533262.46354843
1693094400,27-08-2023,0,47931071.73593225,1737359.5615168565,35896573.79399221,141634635.38169748,386620591.843224,0,0,0,0,0,0,12145882.731789447,0,38343090.2973939,18060459.65042646,1751197.6791966257,0,40201578.77233808
1693180800,28-08-2023,0,125810404.22308832,2648492.3115799055,24135248.807990067,211173980.53100392,754275192.2300273,0,0,0,0,0,0,20629899.565915927,0,60086319.84511138,24958515.14770529,2157372.572475968,0,23356959.683517408
1693267200,29-08-2023,0,311448141.8793006,5615506.640226081,30975363.184091803,259694959.418288,1267767262.4605572,0,0,0,0,0,0,48734965.99786823,0,138530845.9696361,53885495.88982631,2828624.223747604,0,22653776.556715887
1693353600,30-08-2023,0,119071829.72362751,3486304.8369719754,30931417.372027002,162220125.50933927,683696132.8556561,0,0,0,0,0,0,28535449.223023213,0,59213003.311480455,32422921.373160437,1634566.6313552798,0,20505923.4088563
1693440000,31-08-2023,0,193125134.2564207,8410369.852073401,134572005.0869569,226252603.62882286,820184030.8905878,0,0,0,0,0,0,37488837.03712142,0,94446324.43139094,34011866.13616677,2672030.602547769,0,23892573.01388357
1693526400,01-09-2023,0,157702230.6571663,4295530.590695465,157115519.1591933,247383152.6254598,851287975.932434,0,0,0,0,0,0,23960109.522123225,0,73031223.75424252,24799718.32260134,2291090.7947934517,0,20018012.36079234
1693612800,02-09-2023,0,57236272.78126405,2234043.2454669327,50502527.14331445,179316481.98000473,442149276.3499886,0,0,0,0,0,0,14386856.775071174,0,34798053.49513251,19431243.08224976,1582731.25047951,0,25959567.237827197
1693699200,03-09-2023,0,60420536.25078179,1664044.877944668,138389660.7046975,214747552.1546483,401335691.45172024,0,0,0,0,0,0,13601409.398525491,0,38622718.900908746,15802273.066265747,1826400.6046071078,0,33287970.37934207
1693785600,04-09-2023,0,85846592.13983104,1594786.457863334,47970534.45018172,225045828.2471214,531232112.3424475,0,0,0,0,0,0,20474591.823230438,0,87032493.75144768,22301792.39904379,3376684.3575768806,0,23543388.16266204
1693872000,05-09-2023,0,99008813.8663816,1516994.883232385,60882937.56426537,223155933.90830383,570152528.5497994,0,0,0,0,0,0,22624651.999415234,0,63866287.451501,35497134.30522796,3774915.7294781115,0,52367645.331248
1693958400,06-09-2023,0,142209650.40489215,8314689.613058733,35972280.38497931,255191790.5090623,801427340.2786342,0,0,0,0,0,0,29963896.944291137,0,81268022.08028205,36672679.69307195,3088062.471447819,0,39909871.51396141
1694044800,07-09-2023,0,101163248.52613977,16982169.137547143,29263030.64750245,227117810.7965625,613114332.5322123,0,0,0,0,0,0,21511115.474861324,0,87716191.64847183,19545190.93468316,1826902.3989159751,0,27291763.242509983
1694131200,08-09-2023,0,91996590.55855769,1826320.2980784727,38454131.596415155,219328273.35392094,549001675.8454596,0,0,0,0,0,0,22261277.00915028,0,53456761.66950624,20360763.824342664,1807843.1436674683,0,32378827.162237983
1694217600,09-09-2023,0,31702358.85865942,948274.2779354039,29962035.362619106,157503543.14216036,337660439.3080312,0,0,0,0,0,0,20330110.642203975,0,21964016.263587102,10254666.485651756,1023194.201423314,0,50939478.287336
1694304000,10-09-2023,0,96716497.90917437,2793176.545985088,30868520.56225129,207970191.09668356,571296882.7854646,0,0,0,0,0,0,21092478.508325774,0,54450929.425797984,41655596.908894636,1836499.1003786256,0,49960255.249811605
1694390400,11-09-2023,0,195927653.71382552,6953693.294749953,35598817.32841334,266954281.56933206,1117826647.8369582,0,0,0,0,0,0,30707459.778406527,0,92884422.50832178,49358885.138983235,2478541.1175553077,0,25957325.54609387
1694476800,12-09-2023,0,175600035.8321307,4157910.3565009544,52808630.59436832,294911022.66589856,976128639.6407819,0,0,0,0,0,0,32435499.66977703,0,94987799.72805461,41479715.853547364,2757094.845986547,0,23391218.781359207
1694563200,13-09-2023,0,141562586.26309967,1994865.438544447,32295006.218363535,233785360.12704438,643570735.1075999,0,0,0,0,0,0,27048549.09527409,0,79073245.93939164,39711285.28445072,3704207.5419983496,0,19919660.634838127
1694649600,14-09-2023,0,149812188.555209,2601020.5872649597,41131739.60445559,201286649.14656293,628139934.4992977,0,0,0,0,0,0,41988811.52675414,0,73333204.95841703,35686632.6608328,1866796.0000046634,0,25342340.675895892
1694736000,15-09-2023,0,100764009.94295263,2750884.9200389544,40963862.437419444,252419047.76312044,658842421.0969235,0,0,0,0,0,0,43299577.549582995,0,56537644.05384792,26292214.52494038,1646138.8684479266,0,23854011.50465463
1694822400,16-09-2023,0,62485777.29652136,1429162.2645085938,32671503.448717047,216584582.2051152,340186852.49018615,0,0,0,0,0,0,30280547.75733218,0,40599927.90246537,21376760.95107158,2280010.8423181185,0,32977968.986909274
1694908800,17-09-2023,0,68720076.26892976,1750735.7033425749,31632484.1803158,165476525.55274665,323056870.19781077,0,0,0,0,0,0,28682892.550141856,0,38894066.87191307,13235669.05479077,1812072.4364400976,0,30801445.81042119
1694995200,18-09-2023,0,182076127.3758814,2919312.0672174366,45345174.37812953,324130851.58618,742737162.173185,0,0,0,0,0,0,49710299.20277865,0,78505710.92821237,35139003.79209841,1803235.6235607085,0,22326610.054224987
1695081600,19-09-2023,0,228478649.75929382,2093435.840556902,47297356.82803763,189382776.21224648,662287162.1948202,0,0,0,0,0,0,43268444.85014982,0,65383090.10707357,33077655.792085566,1325037.506967023,0,28469530.39598229
1695168000,20-09-2023,0,254369244.3888915,1837805.4055423809,36678458.7560289,173089797.44265932,558300414.8105536,0,0,0,0,0,0,45142594.339088395,0,64695661.91466993,39462882.19418014,1427778.2046758707,0,25011129.25069229
1695254400,21-09-2023,0,183785809.98783493,1817159.1157101844,30533479.20213104,171027987.0452326,659499686.1589631,0,0,0,0,0,0,47871795.63791599,0,58526002.3626823,47769786.73516557,1395448.1352509914,0,20471145.469374306
1695340800,22-09-2023,0,121085792.55902988,1772929.1272603662,41949958.65698785,153860218.4773401,523265837.76646876,0,0,0,0,0,0,31416814.980101034,0,39385858.94507719,27105793.546262577,1043649.257909892,0,20927213.73000656
1695427200,23-09-2023,0,77083284.6121702,1389210.8328090222,53433559.58787654,122249466.44631237,430883372.7565173,0,0,0,0,0,0,23901621.679552592,0,23309898.574204445,13269851.77288492,1044408.6130185765,0,24002932.105160344
1695513600,24-09-2023,0,111128664.3601083,1283222.7437820202,63591540.627720475,146869906.41035554,372486377.53688884,0,0,0,0,0,0,24486607.192765493,0,36466552.24300934,17253278.456704535,2107596.165055868,0,24926453.278229605
1695600000,25-09-2023,0,163870876.46495584,3721863.4194508353,57614751.581401065,168940642.55721927,755995093.7493812,0,0,0,0,0,0,24521870.507825203,0,52152385.066539936,20915724.877729207,1826509.6209193885,0,81645054.03129102
1695686400,26-09-2023,0,133409422.58368815,1815632.709738499,41548726.37611445,292527755.7628912,522225738.3386978,0,0,0,0,0,0,19443449.373823486,0,45580647.75760555,18125028.896274067,1313839.572894785,0,90677763.28545113
1695772800,27-09-2023,0,202307259.54552677,2266556.0452440744,46500468.90164891,270031792.6269604,624030124.0540357,0,0,0,0,0,0,24306823.918428343,0,65581567.86457795,22708740.95492991,3021378.1496146107,0,97252870.0505201
1695859200,28-09-2023,0,294286484.75066805,2539100.368744328,52320051.22795734,267323841.2519858,822818372.5166684,0,0,0,0,0,0,31113375.066304255,0,86041379.56232159,29814293.868186083,5016000.002119185,0,81290628.52396223
1695945600,29-09-2023,0,260434129.08037913,1626436.9800797212,34452793.03700412,307892106.56128824,650086713.2926158,0,0,0,0,0,0,20637891.132954206,0,62586342.629558966,56029632.09703612,3718839.86530399,0,82630167.79224367
1696032000,30-09-2023,0,157950005.50180244,1502675.5308438619,34071217.32344594,164373708.0734807,456815662.71277064,0,0,0,0,0,0,19042761.008742135,0,88750692.8358303,53805016.80877203,1959683.3828658438,0,83891211.55903876
1696118400,01-10-2023,0,316450564.46149766,2715187.1627742653,43578044.401533306,243441399.44746387,601140833.8565929,0,0,0,0,0,0,23936537.260061238,0,91550076.3692877,71486343.99691573,2858287.1969877463,0,81022049.19769281
1696204800,02-10-2023,0,431259905.205807,3462405.601167939,51833084.68776099,323948575.41083634,1067535910.9930013,0,0,0,0,0,0,42421920.880872935,0,103626937.38038544,88278734.08606601,6070557.293215538,0,72917208.37139171
1696291200,03-10-2023,0,206497504.89496925,2771305.2606507633,31181220.6606173,227201636.05839166,635277370.8153816,0,0,0,0,0,0,21188141.675258934,0,97762839.0876372,81249587.88079663,4259197.187422909,0,72333499.67468101
1696377600,04-10-2023,0,248911234.43245032,5089057.293213246,30979042.093326956,182046612.12377417,714157652.8135085,0,0,0,0,0,0,21639910.682028543,0,119243691.19122647,61579769.239350915,5447877.636828187,0,69128066.62457322
1696464000,05-10-2023,0,236219137.13108674,5001602.081129323,36495176.548096,165221111.38740867,709282861.5139755,0,0,0,0,0,0,19111562.646480422,0,494666395.15566146,41685435.55692543,1811441.8418270303,0,73567924.04894567
1696550400,06-10-2023,0,244009680.0875057,5304508.32859389,34970562.42375878,200221702.84057868,715248176.7236172,0,0,0,0,0,0,21507242.82641215,0,136144755.63271922,83315352.93851674,6333009.995522105,0,77799151.21778001
1696636800,07-10-2023,0,82063782.61014362,8655381.485023664,27219261.49860542,145378175.89112,413191385.1707557,0,0,0,0,0,0,8875434.05124163,0,51651933.00755723,31958623.59943637,4312202.643182551,0,87874099.16081275
1696723200,08-10-2023,0,99558866.3787715,2572466.3002502155,29913746.20552096,161337182.33292755,1333326815.9217947,0,0,0,0,0,0,14167165.29809299,0,51000244.972627476,37156582.85767738,4223024.869611282,0,90703694.14121254
1696809600,09-10-2023,0,172976755.27125707,2496455.327976063,37391829.95935107,226007333.0414225,6127992633.879377,0,0,0,0,0,0,26864850.608671986,0,82293194.444084,49856218.23843217,9732913.060743654,0,83408602.34988123
1696896000,10-10-2023,0,133396581.58115403,1867858.8616699588,28017217.894929722,266898100.69196275,990701591.7521603,0,0,0,0,0,0,22620311.131596956,0,65241767.25621269,34644334.77018212,2759132.5981457117,0,81633082.02923699
1696982400,11-10-2023,0,155535185.74879313,3217813.055155504,39704247.257306755,205603629.74052423,5564979969.995674,0,0,0,0,0,0,25484429.022378247,0,162482957.7390495,42531061.874185346,7083678.68599968,0,85898637.18597138
1697068800,12-10-2023,0,173623474.12154758,3495245.7715309937,44925740.213154264,182191837.030208,820823662.298545,0,0,0,0,0,0,22319678.746454816,0,89710183.9925554,35386045.36400716,4519976.19487139,0,77673563.41013087
1697155200,13-10-2023,0,163917306.9215092,1539919.479681498,44113793.26230446,158141581.6719743,7250228020.511533,0,0,0,0,0,0,20050601.264850967,0,996477925.3689624,33075639.597509056,10240259.619122455,0,82790448.68414211
1697241600,14-10-2023,0,48943483.986860245,3273952.0956904767,41048713.85734561,117132358.68840311,580923523.9114299,0,0,0,0,0,0,7850744.414497591,0,30886380.864797335,22436095.363663338,3535587.5376029145,0,83333302.5075419
1697328000,15-10-2023,0,74512549.89852087,1344296.39508516,47699223.270889826,159135904.25231856,588883370.1225234,0,0,0,0,0,0,11000329.280776255,0,37908862.03569501,20790197.08085764,6247426.332198541,0,85047503.4684759
1697414400,16-10-2023,0,313491484.30176145,4360269.818562082,76264470.2084087,267667185.53908652,1505812247.4800818,0,0,0,0,0,0,36735655.83047662,0,122926443.46590315,85669434.29253164,11505219.511296486,0,93764879.74854282
1697500800,17-10-2023,0,125469744.56633429,2625435.3232079996,64503452.09740575,190044969.15457115,868026762.614808,0,0,0,0,0,0,19165354.362939175,0,63155322.545513645,59907895.209594674,5890639.469061957,0,78632027.99303767
1697587200,18-10-2023,0,119069173.65532136,1866640.9638220745,49911220.95609696,161990931.95642087,922637678.7502028,0,0,0,0,0,0,18326271.812618434,0,68537617.1084072,32080297.52231931,9751498.253564782,0,79887342.57675567
1697673600,19-10-2023,0,123173196.41951802,2060703.880139464,61586077.13234585,204746366.5792806,780763911.2463522,0,0,0,0,0,0,17081142.440854456,0,73280213.29642254,54172447.66958031,3278314.833978769,0,74522194.96047737
1697760000,20-10-2023,0,222933208.1692672,2192358.9568975754,56863830.49996266,742919291.5164504,967383612.9391586,0,0,0,0,0,0,29973117.88403488,0,99139568.43392064,88482343.62543143,10698214.548630139,0,63502502.13496282
1697846400,21-10-2023,0,152689925.76368257,2516529.5696223443,46345753.993742086,156286635.04615206,682982757.3511355,0,0,0,0,0,0,24312354.169571713,0,88673075.8355548,96918208.04823373,5517964.668304422,0,72063249.35318004
1697932800,22-10-2023,0,207875994.32289526,3150110.2285151053,41777297.98213854,178589613.64827302,706723172.1321789,0,0,0,0,0,0,23257694.016617674,0,118402160.22298633,61717757.2273504,3535925.9700381514,0,76869832.7103462
1698019200,23-10-2023,0,417903641.7402704,6498992.320299437,51277520.56141306,392895741.4728917,1683955026.4398236,0,0,0,0,0,0,71469274.08002487,0,230000892.7653486,133042267.51989824,14011406.43185632,0,64440283.73196553
1698105600,24-10-2023,0,581965233.631568,9286861.02854248,51605958.40705345,387364049.687691,2069144547.9312162,0,0,0,0,0,0,82526298.41519997,0,256471073.8391472,158014583.02633923,17059718.16331686,0,57999653.80298083
1698192000,25-10-2023,0,324731086.91244805,6797554.180157557,47663264.23060383,269252249.10350084,1272255812.4045482,0,0,0,0,0,0,39458805.32134664,0,161003412.3351729,164132462.1919428,10038984.806382675,0,71480816.61435269
1698278400,26-10-2023,0,450067653.5175969,8846180.53925106,65533978.742987886,263811650.29432172,1367155463.343513,0,0,0,0,0,0,70216501.6641772,0,169701322.11047935,122795101.2676686,8251695.886779064,0,73585911.78097884
1698364800,27-10-2023,0,260234744.14709482,5443471.638817125,48244933.5188707,380754083.03236234,1018163291.191638,0,0,0,0,0,0,29303763.496103756,0,104204578.52409135,90131640.08221003,5875381.719966031,0,65433401.62394476
1698451200,28-10-2023,0,115773540.52241765,3219247.444117425,35212365.78293252,190276956.79102817,575025573.9617867,0,0,0,0,0,0,16087352.503795713,0,55522349.98043138,48042414.11989688,4942834.386852753,0,64197109.1320941
1698537600,29-10-2023,0,144288620.23617822,4305282.858824021,33822704.33926223,209610689.47073764,653970147.4522846,0,0,0,0,0,0,15139847.658801826,0,67607576.97453749,58715657.13346438,11768165.252462383,0,69298832.01434575
1698624000,30-10-2023,0,194682824.63368037,5510451.597378058,39770164.16559603,254084477.39607328,1067214609.4103012,0,0,0,0,0,0,31482042.982703242,0,108924710.1410003,116210067.17531878,16106564.41106788,0,65886014.73991707
1698710400,31-10-2023,0,253676458.8240456,6759378.516859578,41502031.90512705,269204369.5267314,1112067734.08333,0,0,0,0,0,0,31295356.805182457,0,116512551.4903294,131056309.1377199,5103722.8198090205,0,48611427.88872076
1698796800,01-11-2023,0,437800061.0177165,9187217.222419582,50593697.43604726,386417603.1533512,1373171355.0167975,0,0,0,0,0,0,48813630.42643208,0,165852288.9057964,327442714.7800891,6719594.150069269,0,66843478.60755499
1698883200,02-11-2023,0,350973157.15687484,8073122.93024252,56489365.715740636,419545114.74226296,1560305110.0448847,0,0,0,0,0,0,45429944.86611942,0,156350627.60275078,257624926.96092114,8701144.780910837,0,51700093.638863154
1698969600,03-11-2023,0,322921132.12938875,5786195.590081681,43531401.9476455,381309170.6259382,1252587245.4799075,0,0,0,0,0,0,34450850.00547131,0,129927363.73599452,147367109.4095949,2844992.230532669,0,62027166.55076275
1699056000,04-11-2023,0,209805615.66871583,3902229.718175675,29652059.860183563,272797496.29123175,912489880.3339491,0,0,0,0,0,0,29999007.868574172,0,77816290.94267875,121992955.36724214,4290184.545150287,0,79601529.461545
1699142400,05-11-2023,0,339404485.14587116,5726448.309391175,34656467.968070805,411072932.77915704,1145225303.81134,0,0,0,0,0,0,41831203.66719204,0,126963819.46122338,97944045.38552855,20026357.900432006,0,80482030.39326929
1699228800,06-11-2023,0,335748965.3613043,7172794.320952106,40579641.75444598,458001368.49657357,1197993694.8246415,0,0,0,0,0,0,43900993.61483746,0,128706630.99958983,98240782.54851587,24629476.79442103,0,56725939.279361844
1699315200,07-11-2023,0,370672745.8130516,6929160.0518582165,47214108.4835761,396733623.8908715,1103602714.102994,0,0,0,0,0,0,39315548.52359284,0,181570771.16618168,157271362.49415606,20637771.63431455,0,67628074.82854855
1699401600,08-11-2023,0,273183954.0156727,6260506.96420728,37671469.195776805,316583873.0291515,907825400.9916636,0,0,0,0,0,0,28761773.06776361,0,175191825.89242947,117241776.91473567,9401572.087225012,0,52784357.76706973
1699488000,09-11-2023,0,765582661.0428127,14547679.027160652,55628748.20052825,593585358.8152224,2356690454.9453344,0,0,0,0,0,0,117455382.39902571,0,328392344.8898253,324364305.87905896,12029337.549640909,0,44741704.6519046
1699574400,10-11-2023,0,469883149.53395236,14156790.41587687,78919419.6325565,407520925.5013825,1802341764.1132364,0,0,0,0,0,0,82728050.93503678,0,210501863.67468843,423225202.12987554,13013469.022735596,0,44893687.512626365
1699660800,11-11-2023,0,398937887.329779,28259298.285492875,48432076.328926936,361438636.7657733,1272986357.1456258,0,0,0,0,0,0,60569181.764015004,0,165053684.03838676,524994437.0154012,14478969.905176666,0,68597780.46742171
1699747200,12-11-2023,0,333521743.22714704,52265332.62513535,75140838.05343148,296995973.7845261,969682879.238124,0,0,0,0,0,0,56358183.41365785,0,224475492.900908,357360729.4803277,24335609.810020555,0,77845183.30209641
1699833600,13-11-2023,0,669123076.0692375,47980061.87566282,74151543.47901359,436290021.60169613,1679737164.2710428,0,0,0,0,0,0,95607435.5494507,0,348995103.553372,376766965.60601956,50698473.10343889,0,58244948.076117925
1699920000,14-11-2023,0,558681151.3231913,45874151.71765718,82398521.90750703,496403952.15951204,1518007911.4565272,0,0,0,0,0,0,76658355.42310229,0,404625468.56698763,432083068.46810365,41629138.95286063,0,54337581.7975781
1700006400,15-11-2023,0,447941451.55231905,34142636.928809546,66616290.78935049,468368381.9528352,1382313228.6596487,0,0,0,0,0,0,66440688.67668412,0,281487546.43059313,383848027.90846056,12529495.321457334,0,55129333.20630002
1700092800,16-11-2023,0,677520341.1078174,67092661.84446852,67977099.58533697,495569816.33512336,1519691805.9004133,0,0,0,0,0,0,104240850.3879895,0,253210364.8437543,453749293.53357977,11594032.330874272,0,55365991.60493207
1700179200,17-11-2023,0,435597204.5377243,27834180.494524043,68695160.94426596,447492900.13182193,1413705582.6392524,0,0,0,0,0,0,93660682.8930039,0,228518659.50252578,388115564.47274375,9881750.139873317,0,69773371.06795801
1700265600,18-11-2023,0,230768087.22865078,12530710.805500748,68284156.57881737,274227416.02555346,927317445.8899599,0,0,0,0,0,0,53203710.18154662,0,142400016.81020895,210447209.3746157,30312905.004971758,0,72533637.08704889
1700352000,19-11-2023,0,225196103.80760115,12926438.157868031,76006329.09731477,289355867.17581797,874414007.807168,0,0,0,0,0,0,42792664.38425678,0,138915672.28630552,264871659.6239398,6933106.629210319,0,78081337.74227591
1700438400,20-11-2023,0,471407581.0142081,13681857.727443539,91751440.8324071,504014317.3881202,1212168823.5593333,0,0,0,0,0,0,61558596.80935244,0,203785109.87247664,376757885.66707027,10073180.475004828,0,53469728.56868341
1700524800,21-11-2023,0,490755628.60092485,15300179.269033883,90044703.11082858,928508121.0637023,1488127324.8561463,0,0,0,0,0,0,82030480.8222478,0,231686999.01854578,406552839.7027347,30500960.90872702,0,60660958.52289367
1700611200,22-11-2023,0,496370482.73109025,11407991.186529988,65188915.432422236,453994920.7969389,1626379403.2852235,0,0,0,0,0,0,101186004.9558972,0,215646007.6872208,399259565.0822876,5740931.410299734,0,51625614.28182122
1700697600,23-11-2023,0,268633209.5849373,6710827.459237536,75102174.09025636,343094859.19117904,1016360736.6761711,0,0,0,0,0,0,37757484.258762054,0,119722181.90630384,311163794.7753372,6558596.539891406,0,56737029.997266315
1700784000,24-11-2023,0,339276929.9946684,8444849.85849958,84483969.86359051,342630084.7265187,1215408032.048349,0,0,0,0,0,0,48509615.812300354,0,132923879.031461,234217637.35335264,8011672.678077697,0,66442659.5842579
1700870400,25-11-2023,0,151056448.8762709,4712936.917208493,65248370.463231854,232318050.02890378,675652264.127882,0,0,0,0,0,0,22475414.47672026,0,77327004.5247158,232162371.5842143,10921939.461673936,0,84834995.64509374
1700956800,26-11-2023,0,255722633.5481314,6741961.365238709,63645106.91302082,261333180.60167438,828565128.9202828,0,0,0,0,0,0,33347931.731581353,0,129747900.5936784,224053277.1636752,5551302.9107202925,0,87632331.23373932
1701043200,27-11-2023,0,311159868.07152593,8388402.000178417,67070457.22180219,338753551.3700191,1173257436.1593564,0,0,0,0,0,0,40140476.644071415,0,130192993.57612815,250977943.40342787,9395909.433471259,0,61575830.28742392
1701129600,28-11-2023,0,323798109.75711644,8247547.327121807,62392542.09872193,324550769.42020595,1220739194.9600587,0,0,0,0,0,0,37385259.611638874,0,126491378.22813287,304870004.99840605,25758056.42646106,0,48542188.49059108
1701216000,29-11-2023,0,258647596.5855248,7804874.4978275355,73726164.07933156,282637886.26542926,1193777166.3973038,0,0,0,0,0,0,31865094.367271073,0,139031821.29239717,370710288.21515846,19761107.47237082,0,42677586.14060068
1701302400,30-11-2023,0,217410121.82141826,5873865.064661201,67986444.32228369,277357414.8634591,1278614006.6671393,0,0,0,0,0,0,26157726.85758043,0,111508152.48688848,272551864.80152625,8241690.150133736,0,43730887.16512707
1701388800,01-12-2023,0,311822443.77375954,8118968.475623985,64013998.385155044,283702864.2308934,1061097588.0841261,0,0,0,0,0,0,32502457.416318495,0,127169348.70553383,270523642.14279664,4678860.226477973,0,40721770.43666986
1701475200,02-12-2023,0,302996652.81018615,6177083.465140838,57334035.424607515,290103662.1590643,1078408654.564707,0,0,0,0,0,0,39919548.243478864,0,116870359.08691272,312087458.7065949,23530322.876679167,0,64401407.66906705
1701561600,03-12-2023,0,239198953.9957015,5871090.440035177,52578026.39098367,316903706.8821529,870099217.0752188,0,0,0,0,0,0,31589484.566729285,0,94901982.8835021,333933748.4105037,5591247.129400954,0,73001404.22855812
1701648000,04-12-2023,0,558363147.5276068,15904904.753997128,56801570.985879585,523613126.01871777,1568132003.3180966,0,0,0,0,0,0,79949553.83273491,0,206318476.19252175,473641237.12476057,16356848.136320133,0,61972263.54084114
1701734400,05-12-2023,0,555570853.6435761,16911406.419385843,60520618.559570506,485868211.7563684,1741329506.6838834,0,0,0,0,0,0,73364263.12563479,0,189443954.8434765,447210601.0705418,38677712.7443549,0,61129450.323626444
1701820800,06-12-2023,0,449056814.6507272,25899449.803920068,51572834.15368923,466148954.48002136,1450100287.6717362,0,0,0,0,0,0,60404755.51129502,0,207897816.74180424,702712850.8500887,13367861.27903415,0,72236868.51791595
1701907200,07-12-2023,0,556646909.3057005,21896764.650759988,58350402.354430266,365833433.27522874,1437242837.9889786,0,0,0,0,0,0,84660690.33420008,0,188141634.53495544,916399817.7619141,31362905.21691723,0,80882111.14515546
1701993600,08-12-2023,0,375259757.6728164,33701155.4892897,64745114.84772421,464357442.47570825,1253527850.5488997,0,0,0,0,0,0,57722409.32143894,0,174301861.62365586,1184224820.1077557,10241902.079899177,0,96887511.0958658
1702080000,09-12-2023,0,413701949.4307135,56940006.1683593,67495159.54908976,480757446.84963834,1438552765.9802911,0,0,0,0,0,0,74046859.16687977,0,180135027.0163633,917308291.1107072,9602355.353640169,0,114839039.30686224
1702166400,10-12-2023,0,227868713.62409243,49171452.71090333,56964795.70067139,374724226.52784413,808899687.4633626,0,0,0,0,0,0,50110513.26595056,0,125227333.98860337,631171189.3931307,10021636.884464376,0,124086030.71663988
1702252800,11-12-2023,0,740767379.9366803,96563014.19747242,84165686.03420842,738895621.2843006,1723517379.074936,0,0,0,0,0,0,137035225.30565012,0,291862428.0614902,943188163.9141831,29999964.664714605,0,97234312.398319
1702339200,12-12-2023,0,536600946.1890017,105594990.85705797,78071719.771171,615649016.9952208,1218988297.5570781,0,0,0,0,0,0,76538648.25953306,0,192871327.34294257,866297685.1211684,19331356.69155759,0,75031269.99071467
1702425600,13-12-2023,0,537943162.5332022,56359935.01732863,68993914.54551974,496363183.09606147,1546669940.4533908,0,0,0,0,0,0,71664530.86021328,0,194954219.2684251,867924069.9092746,28694977.858302355,0,59142134.649078116
1702512000,14-12-2023,0,457117427.12673926,51776468.45649946,72170732.43531695,438518069.2612651,1358976207.7333977,0,0,0,0,0,0,62951594.78027334,0,159441317.53609324,996184085.8494256,27332261.96543114,0,48734839.75783266
1702598400,15-12-2023,0,273960124.928076,56771503.273817204,75902258.97590104,418369512.2369126,1299909130.8045554,0,0,0,0,0,0,48484095.68824478,0,126205786.91513328,1846426747.6462348,31530983.66715812,0,40739100.8204637
1702684800,16-12-2023,0,245147904.22699505,74642449.88094164,74766246.45856567,326360500.2059469,1485398914.3054698,0,0,0,0,0,0,41273885.57976602,0,88850674.57359515,970050958.8659251,4661246.722678735,0,34213178.10717186
1702771200,17-12-2023,0,264502694.12698108,51284252.51410012,81546021.26138523,329374127.66830254,1071798771.4373986,0,0,0,0,0,0,46349785.71345556,0,97734924.20746931,903802223.340059,32876399.641630236,0,49819055.679139376
1702857600,18-12-2023,0,415081217.81108755,76917834.27790777,85128096.93957114,411831544.856344,1420040190.3267305,0,0,0,0,0,0,67506723.8364579,0,151089642.14570186,1041994640.4589865,17037610.02650695,0,54481356.07265063
1702944000,19-12-2023,0,348989702.9589251,64464962.38606925,70502757.64090995,443728142.90393555,1284870486.0015326,0,0,0,0,0,0,52758007.87406741,0,145867474.61936897,1012189471.2504917,25794306.800559953,0,52428151.4716458
1703030400,20-12-2023,0,453339644.4356454,93960419.03943321,64124156.81552345,405504491.77289474,1625850376.6977532,0,0,0,0,0,0,63919613.55492527,0,185726628.9675395,1266310427.761878,26970450.389236722,0,56722437.57141441
1703116800,21-12-2023,0,483113201.04712725,82645325.21143125,72038776.36216004,534930284.637409,1315093996.9737368,0,0,0,0,0,0,74358054.63045882,0,177683056.51475513,1612535589.5290642,27307684.74946385,0,80321884.58433883
1703203200,22-12-2023,0,855587149.4059689,59603296.20605135,78986054.39511827,547218236.8276441,1540397866.8424037,0,0,0,0,0,0,132165098.25031589,0,246149442.752165,1688289358.0863998,29720877.80609587,0,84773557.99723414
1703289600,23-12-2023,0,460765416.2104542,39154940.88814083,113613253.22057909,379832579.71517074,1009037656.088586,0,0,0,0,0,0,97848368.86083955,0,139706705.27367148,1397945137.3972557,22570255.73749076,0,106296048.0797002
1703376000,24-12-2023,0,523293677.3077126,32547231.32389644,79888750.23153602,421164244.9105298,1117951166.2978168,0,0,0,0,0,0,95382629.34636544,0,195235224.45554554,1561498037.1065564,52024644.73825848,0,105143667.95605287
1703462400,25-12-2023,0,338683263.7191455,30556482.27940015,62174004.310395434,407882171.64232624,988522177.4803958,0,0,0,0,0,0,73736454.3869827,0,201338717.77727783,1561446054.8939657,53900543.761781506,0,70569434.11426932
1703548800,26-12-2023,0,450635415.8248459,43663567.83328795,61728754.00056142,795620742.4511015,1234908385.9925058,0,0,0,0,0,0,93470578.67085922,0,356618060.4253586,1666099243.4827132,37210704.951606676,0,115479001.33828
1703635200,27-12-2023,0,676373589.473626,68165918.43970688,74077625.41896741,736985837.5668385,1562990062.1472762,0,0,0,0,0,0,124250696.27096495,0,401684645.7466392,1431321135.5636747,20716114.53352614,0,101528730.62168492
1703721600,28-12-2023,0,824257072.409498,47777509.86506797,78982517.13912337,860100147.7477262,1876544978.382775,0,0,0,0,0,0,101290786.35612816,0,304428178.2186369,1317708841.1614869,22472230.583835836,0,115074956.67674215
1703808000,29-12-2023,0,672116675.4667768,63636288.93035583,71538532.81221166,646527329.3450546,1569110333.5310848,0,0,0,0,0,0,94342091.54195921,0,212237053.28970015,1160295688.7598786,35144202.06797875,0,104893535.29591145
1703894400,30-12-2023,0,369594552.4214745,37531586.84751259,60079334.76676634,441441852.7330395,898395240.7559719,0,0,0,0,0,0,58683513.45573033,0,121714930.92601754,709855889.8856478,16294896.497576347,0,112737583.73834385
1703980800,31-12-2023,0,409039894.9467914,56804409.911518805,51638580.581313275,431259901.31724364,895615422.464664,0,0,0,0,0,0,61368197.39269149,0,146543622.74279663,637755073.6718978,16242999.096689612,0,102087997.37339802
1704067200,01-01-2024,0,399767901.1622628,50730040.58618882,55915777.68751555,415121777.953184,962506198.9560179,0,0,0,0,0,0,69171518.89773956,0,122679814.66136388,676742985.289773,16515822.92466249,0,80831368.87889968
1704153600,02-01-2024,0,736743149.1794869,55110979.51637718,156343464.55872974,599391825.9050245,1452063985.4212384,0,0,0,0,0,0,78714995.16430679,0,180652169.28600913,926838225.2026012,21902721.361297496,0,91680293.00129952
1704240000,03-01-2024,0,1575073223.8081498,49294537.62795715,75442290.65887377,932306682.6686862,2028401110.0298042,0,0,0,0,0,0,142979020.66024464,0,289400996.1834542,1063577461.3814394,27106900.00538453,0,83568597.45141515
1704326400,04-01-2024,0,1089822198.9061873,31645518.723644592,67021182.51078883,576836470.9742274,1404833520.6575818,0,0,0,0,0,0,84559215.39420374,0,160592769.93513992,833643851.7644417,26365813.429688793,0,83217997.57956034
1704412800,05-01-2024,0,721545370.8323033,24135317.87987245,60835946.81771667,574523360.994873,1498812879.2050085,0,0,0,0,0,0,77547219.07422349,0,170167752.8572528,769673714.2424221,29464029.416891135,0,89783756.39033568
1704499200,06-01-2024,0,384422920.54602927,15996268.47627401,48766309.465464994,488000068.5196628,781245452.9606404,0,0,0,0,0,0,41360173.54466077,0,102941713.49392293,663144561.8133554,35613454.48043817,0,91831984.87915373
1704585600,07-01-2024,0,452268572.3570474,17782940.25150306,49254990.400982015,406717999.96173716,809021379.0281267,0,0,0,0,0,0,47332551.2484712,0,111805882.13101465,549352898.7137101,21409804.041920215,0,90192511.33064915
1704672000,08-01-2024,0,735061948.9730555,34830323.12366244,69430532.54856977,598081518.4523675,1597598557.105934,0,0,0,0,0,0,87602598.51573579,0,218985298.42199293,855456089.0379474,30372570.73526231,0,223208421.22618937
1704758400,09-01-2024,0,961573289.4235599,29786219.619415235,81703344.34932417,677877912.8705461,2048579104.4306645,0,0,0,0,0,0,114946926.82297719,0,261547568.48519602,964421065.2668649,32994597.461236324,0,119718412.14434555
1704844800,10-01-2024,0,1346830684.4089575,30483490.805010933,81420016.81907459,824184620.479038,2342058329.730406,0,0,0,0,0,0,138923485.65788278,0,325887157.7887148,1028330673.4178699,35072688.01032328,0,77597660.24198684
1704931200,11-01-2024,0,832374444.7883366,37600994.26563223,81413538.67932779,813247297.8594162,2009718564.5417929,0,0,0,0,0,0,106693163.20772675,0,308288721.75428176,1060264977.9134691,61514576.257153116,0,162855705.7259785
1705017600,12-01-2024,0,1025348510.0629542,28754150.4524381,77571653.09086923,732593856.2991002,2331743743.5391355,0,0,0,0,0,0,133500309.99045193,0,267687824.94348782,882941220.930151,69969916.33852974,0,285302416.9514201
1705104000,13-01-2024,0,412198318.0219447,20505780.03537538,53746650.29852177,429834426.4507043,1077105437.5500164,0,0,0,0,0,0,51115364.138613276,0,106825785.35710542,708803508.7740594,78708481.62893204,0,198572232.91840646
1705190400,14-01-2024,0,325950859.6562809,18701682.760356802,46716606.28382706,400231703.41510344,963696164.3219703,0,0,0,0,0,0,38193534.67080601,0,101233260.64549835,847808313.7633059,49605786.47157516,0,91791227.2979793
1705276800,15-01-2024,0,358495969.9032474,20776827.990874305,46164714.338731036,626316460.8805604,1060687191.7271616,0,0,0,0,0,0,38245227.39692753,0,129627135.04376182,719516982.6008465,62310766.024688184,0,85345460.91785955
1705363200,16-01-2024,0,418460945.40452313,21321415.408141606,48951505.58366792,470298163.63591915,1152986566.8086157,0,0,0,0,0,0,47556626.31878186,0,113804341.38573077,657339282.0846791,37010595.223150134,0,63060765.214191556
1705449600,17-01-2024,0,402175523.74947214,21188631.54440651,56467151.15080285,461258688.7358006,1195118509.4193497,0,0,0,0,0,0,43635838.45573656,0,119202134.0700272,969072640.3807058,35996061.53285287,0,51550460.02241948
1705536000,18-01-2024,0,462090155.73889893,21746397.325983033,52628324.79523441,501755845.5587845,1340049835.749714,0,0,0,0,0,0,43746239.38149363,0,128124506.61094211,1066593665.5327904,46717695.09883629,0,49332299.07493261
1705622400,19-01-2024,0,458466347.5983993,20241015.412834793,46622495.965876564,484728453.85221446,1400332906.203513,0,0,0,0,0,0,44890177.329647586,0,129003524.94768906,895354270.7948815,44105657.05741222,0,57668762.1285149
1705708800,20-01-2024,0,220793897.90058047,9950872.998533532,43780936.91974162,299826004.8037535,720139034.0402209,0,0,0,0,0,0,21952825.399431977,0,75409290.44049154,720961140.4791228,22889304.297492012,0,71596964.40187615
1705795200,21-01-2024,0,202721125.3705788,9584339.518891908,44748143.05022553,317366677.63230646,673810669.6639576,0,0,0,0,0,0,18453846.20561051,0,99305103.41070428,673117941.284923,53891534.3879797,0,70732578.9759686
1705881600,22-01-2024,0,550541312.7798297,16985591.046381596,63235564.84396722,521987131.30084574,1625540577.1687937,0,0,0,0,0,0,52998740.47203189,0,170896251.24240786,924463012.9368603,54571360.015791014,0,71919036.33232784
1705968000,23-01-2024,0,543359044.0121957,17866364.112003267,59339874.784849405,553346752.1863637,1891635691.2135494,0,0,0,0,0,0,56149296.30707792,0,182999382.00859946,928641510.1411692,80882229.4984731,0,70070919.5431828
1706054400,24-01-2024,0,358845183.5395214,13511603.012428155,56300812.669970885,445038991.2415612,1024163405.5383376,0,0,0,0,0,0,35212696.07614885,0,127952267.5242789,795624798.9879596,58781198.76120525,0,77442461.69180652
1706140800,25-01-2024,0,336481642.5663061,10364993.227273658,72692854.24419472,432464322.02313143,1185843569.074617,0,0,0,0,0,0,41821792.7646918,0,114935897.47605349,691272018.5931534,57381342.10463341,0,53654560.92952811
1706227200,26-01-2024,0,336867568.56652176,11994250.187067207,57465890.59906443,459920470.8372146,1228858638.7401552,0,0,0,0,0,0,38556276.23381904,0,102254157.90291789,834916333.2464966,71834848.09187008,0,62167325.13448018
1706313600,27-01-2024,0,173255105.91765633,8483948.019551922,58720471.76514479,289128026.4480901,691612230.5859075,0,0,0,0,0,0,20844819.517835073,0,66940205.656570844,655378167.5132643,84111190.63152643,0,61736682.14792991
1706400000,28-01-2024,0,261270182.60174644,23247239.43009356,47676246.48950233,376211692.7427732,719791450.5457549,0,0,0,0,0,0,27846838.33968466,0,93322612.73568188,913983908.8471944,66622725.03116826,0,73234676.54732728
1706486400,29-01-2024,0,284197536.34813875,16522061.44460702,53494854.35423731,410486325.7851449,1200324409.07294,0,0,0,0,0,0,31163032.601939112,0,104728981.99981442,966102514.6524718,64884937.73688851,0,68314735.24627323
1706572800,30-01-2024,0,406214175.3579709,17455450.057439633,53977577.03437649,539822491.1180283,1192762854.9687743,0,0,0,0,0,0,42779367.04901966,0,112322848.10214543,1106009365.8846421,53436923.91467037,0,53119214.325619556
1706659200,31-01-2024,0,421558581.28260636,19149260.767826967,54232879.90962425,468652604.862195,1403090392.8291075,0,0,0,0,0,0,48994034.84036588,0,159958816.76848307,2308678552.7263885,446690981.39190495,0,67716398.03514045
1706745600,01-02-2024,0,307143075.66628736,19170960.571826074,53918307.066116914,434568564.3211118,1096306022.8248005,0,0,0,0,0,0,35700722.04993259,0,114730175.56975697,1527582587.4798696,65565721.03157719,0,63634870.04196224
1706832000,02-02-2024,0,250824942.92745364,23764607.204155594,52359412.35784929,357958159.6229452,1000664495.5338203,0,0,0,0,0,0,30767715.2959189,0,88217989.71398881,1123160952.0924215,48910482.28275322,0,58062605.52460231
1706918400,03-02-2024,0,164851991.30342984,16479500.973101627,57009968.29529567,282297155.7509608,794974718.9388292,0,0,0,0,0,0,24803477.812276173,0,82978669.60940468,728303302.3344597,31956570.058654703,0,72534890.82348713
1707004800,04-02-2024,0,191505482.2936243,17051110.934230912,73005402.35087185,352895226.08487093,658747551.2637045,0,0,0,0,0,0,25288936.780758813,0,75063443.34425619,767476972.3408155,39658870.37475336,0,87053499.13003227
1707091200,05-02-2024,0,252327735.202116,17006006.972187392,85599949.80072741,392897918.74836695,967067153.6293881,0,0,0,0,0,0,35775669.43174168,0,93684404.90229513,818691188.4203415,89590686.0415032,0,77631226.40447518
1707177600,06-02-2024,0,342469001.3443116,18985593.476699553,97358672.167102,349977553.5817398,1043329931.1690203,0,0,0,0,0,0,51105422.72683972,0,112848788.38945545,646973975.5874121,63612070.49863508,0,51106661.10204608
1707264000,07-02-2024,0,309318379.15273774,24300717.34575395,87256660.03684579,400903603.55861366,1197644226.1095853,0,0,0,0,0,0,45430088.72821436,0,107200552.52289104,989464650.2652868,112745895.89976959,0,48093760.527384646
1707350400,08-02-2024,0,298674307.04983956,25128167.504137322,79621342.00873908,488579415.7677674,1343557435.021578,0,0,0,0,0,0,34293641.75939053,0,137321696.31591234,832177171.9218775,59572029.829442054,0,43799790.20113046
1707436800,09-02-2024,0,394251074.9067636,33710481.10522373,86391809.2893353,592099579.889869,1368240387.0349877,0,0,0,0,0,0,37046061.45128092,0,140121239.7255512,1042523972.9572803,123899748.48384935,0,32726593.161557287
1707523200,10-02-2024,0,216669536.9024141,31882536.925229035,72460814.66067329,447865584.97135234,894795706.5527532,0,0,0,0,0,0,19902310.283717062,0,96679883.75532664,723891051.4904374,121405005.54148817,0,61703045.57419978
1707609600,11-02-2024,0,238592970.54014274,22947407.5584733,73046595.0904505,366034410.1472395,1228257937.3924053,0,0,0,0,0,0,27419011.03286316,0,103526373.56650028,669711608.5580997,86590016.53273529,0,74645215.10311055
1707696000,12-02-2024,0,433927643.43609077,23839007.6283518,62042999.447014675,495389913.9126553,1398821876.133953,0,0,0,0,0,0,46428491.64924912,0,178595791.99000973,1019509855.1319402,104947107.8981995,0,64124219.56064847
1707782400,13-02-2024,0,462637951.99807215,28796275.89510063,48716996.768474065,488421461.00267804,1669226503.3449821,0,0,0,0,0,0,51631720.10705165,0,187427884.64954904,977216031.109584,94578375.4924558,0,64711313.96893195
1707868800,14-02-2024,0,415666803.3258309,25161677.856879316,40099707.532794386,523700271.2742958,1786685037.0585692,0,0,0,0,0,0,47284769.98376409,0,166624372.4399878,948806925.483638,62502760.265526116,0,74901537.73059195
1707955200,15-02-2024,0,544986918.7705095,29984801.919724245,46557385.7727571,726638353.135797,1570847580.076501,0,0,0,0,0,0,53215565.599168,0,248688406.4245097,1137781177.8715138,93624420.34733516,0,95719942.16924095
1708041600,16-02-2024,0,434967679.33160603,26732706.34021634,44437635.19317497,749906890.6858239,1474934576.9502509,0,0,0,0,0,0,49198474.591860354,0,225894841.99906427,899532460.4110328,49105869.82275921,0,114824319.60599862
1708128000,17-02-2024,0,260361285.88504493,22719587.242712356,35897194.196392074,573492023.1760116,1017028145.3168784,0,0,0,0,0,0,33654252.88011362,0,143401531.76404318,676176855.5294688,30491762.068201974,0,137760303.07505465
1708214400,18-02-2024,0,311379683.27952164,18629546.992618077,38310425.1067283,519129379.4635351,1117755685.1020558,0,0,0,0,0,0,45210396.7003728,0,160800504.62498477,756735332.3033133,57306372.78480867,0,117828239.82316531
1708300800,19-02-2024,0,421879525.65601933,25553172.312258705,48500777.86726661,622908371.3800485,1507623915.5090547,0,0,0,0,0,0,63962008.079894595,0,232839326.12480968,812585128.2700021,46377093.25888391,0,103125509.07141432
1708387200,20-02-2024,0,684823027.6722995,25100380.139763497,66655138.193356246,772881616.8368776,1982295331.8239017,0,0,0,0,0,0,102152861.66533415,0,314701786.1502288,932475434.7730728,59385915.590924785,0,105846147.90823816
1708473600,21-02-2024,0,576063644.5899225,18691086.603663735,54070927.94677179,725975643.9777646,1836041843.7341104,0,0,0,0,0,0,64929323.75890479,0,276183909.7302606,869283090.3834383,73405062.69687621,0,122190503.94088009
1708560000,22-02-2024,0,555377457.559326,24601695.112815507,56416625.525367536,771942840.7134116,1735558562.0807087,0,0,0,0,0,0,57434341.53367142,0,311158109.1838278,748649061.1025386,49467095.18514247,0,124011603.46078415
1708646400,23-02-2024,0,427101868.02982455,26824093.33336607,42710008.489411175,689224186.760426,1415880554.0546613,0,0,0,0,0,0,45156067.90157901,0,262398745.14899522,818521381.8205398,46538908.2595121,0,140823340.16192472
1708732800,24-02-2024,0,293686975.90343255,15944931.89881037,40226675.92565473,488522306.19731265,1120356572.2886858,0,0,0,0,0,0,36002625.69658545,0,141238614.4888249,648785747.6809993,35605789.21547745,0,192566735.52744418
1708819200,25-02-2024,0,355984028.9309873,24683216.626898274,51897044.79749595,628010492.1812125,1337657600.6375315,0,0,0,0,0,0,59855117.0050399,0,150411524.45744082,583552026.8130242,25453649.84197243,0,255274566.25020218
1708905600,26-02-2024,0,519811937.5993311,25895941.048129424,52270571.418271154,806478267.2857969,2115437889.8531816,0,0,0,0,0,0,61337990.52678827,0,275094341.2248711,1058486877.9788982,51350813.43919265,0,221539457.17158166
1708992000,27-02-2024,0,567760432.5603651,46609099.31031892,68697777.02189475,872653772.278399,2421003511.7023435,0,0,0,0,0,0,62187868.63642977,0,283017042.5655326,1422853177.4004226,48238264.01579306,0,219396966.59934694
1709078400,28-02-2024,0,1100969677.2059848,53043613.53494632,108396393.4858247,1179704622.268588,3032538750.8687367,0,0,0,0,0,0,117573657.14766346,0,487957201.0779275,2114874830.450344,84863543.25603223,0,213413776.58999535
1709164800,29-02-2024,0,947480063.5205982,53884520.663545325,73266909.87661952,1030530503.8160349,2840161270.517601,0,0,0,0,0,0,100554192.151703,0,425450212.14582354,2410563917.460457,81514171.02889888,0,179671309.91707432
1709251200,01-03-2024,0,549337281.3547177,32552419.47457048,69677250.74392897,843435065.3377159,2037736236.3936014,0,0,0,0,0,0,75976621.94159989,0,264722133.31852674,2278446169.855118,54013703.92123328,0,141308187.63579306
1709337600,02-03-2024,0,415067884.4462361,45038168.707126096,91090179.54774897,806053138.6085554,1994536834.1901453,0,0,0,0,0,0,48485488.72525942,0,256601282.6987024,1747467552.258913,57746358.67145752,0,147623929.8867176
1709424000,03-03-2024,0,630081175.0592533,43017010.22481334,79541815.76850824,873168569.3985813,1798640814.6538413,0,0,0,0,0,0,71550924.23686227,0,282799158.63174933,2413734109.1537104,54088120.34861393,0,165485922.97209668
1709510400,04-03-2024,0,782791985.015044,67653845.45256913,88057248.76187018,1130847568.7786245,2635546218.856649,0,0,0,0,0,0,73438155.15352297,0,448798592.66638756,3085040571.9586687,66302238.01433479,0,142020902.0980778
1709596800,05-03-2024,0,1856755882.7864377,83099316.08897768,174117180.20681727,1630522528.6845193,4751298106.048339,0,0,0,0,0,0,221301165.2860977,0,690186863.2087511,4004056819.4745326,105650283.45095822,0,144151177.9317643
1709683200,06-03-2024,0,1255901185.0575557,57095197.336099416,219190866.17283118,1311974473.88702,3382238828.1478424,0,0,0,0,0,0,141439547.64747098,0,470704417.6839845,3172717263.01637,65783828.07704349,0,167831267.54584998
1709769600,07-03-2024,0,748358600.4735714,55085999.727437824,307410989.41965646,1322925370.7788372,2268370295.9536715,0,0,0,0,0,0,93195999.80785799,0,337334365.1147113,3547317546.2258964,81441093.95720497,0,156521706.43497515
1709856000,08-03-2024,0,885398587.7426989,58774199.96630286,149452736.36271027,2138124312.2676754,2470954001.6655416,0,0,0,0,0,0,94200120.1860792,0,329381680.38890946,3298206929.238964,94651372.58337624,0,145359458.95164794
1709942400,09-03-2024,0,328497920.3612512,71297315.98399693,82280635.3733507,1440730113.2683268,1606127164.3413732,0,0,0,0,0,0,67998808.39236104,0,191741265.75428134,1736531591.6359715,85704731.3093215,0,132431588.95930699
1710028800,10-03-2024,0,501248488.8709618,60870228.80655105,109283276.8369451,2462391539.9068327,2142059744.7791827,0,0,0,0,0,0,59998691.30462204,0,326471914.278993,1943806580.959289,91261260.84412482,0,143335663.6523926
1710115200,11-03-2024,0,910110757.2787064,98795101.23779699,121099564.78178987,1532211694.3686295,2863363201.850724,0,0,0,0,0,0,110526032.43268034,0,403811532.6581364,2098958632.1380718,91930673.07239991,0,120337120.20963846
1710201600,12-03-2024,0,867375652.3035223,157133702.44838,123333213.69932106,2018259185.8297043,3180983986.53055,0,0,0,0,0,0,91320159.08987132,0,427100302.4423382,2664835899.7491083,146447151.67982435,0,150918422.38629335
1710288000,13-03-2024,0,719358570.0342679,91056127.48624074,104697508.20256114,2128551651.369399,2707506932.0066814,0,0,0,0,0,0,67471080.93410872,0,390714001.63931584,2498618770.657003,67534897.42776123,0,116517175.48252831
1710374400,14-03-2024,0,991579932.0777988,108576611.0023075,200681910.0268372,1974113711.1021695,2864696038.69969,0,0,0,0,0,0,106905357.35207438,0,420420836.2666695,3787185486.9814105,143481749.48447654,0,140129924.23688823
1710460800,15-03-2024,0,1206000235.060914,152241335.56776315,271397743.2477447,2276003551.2872086,3954338974.897112,0,0,0,0,0,0,127240643.24869247,0,532968545.539056,5924443200.562881,134213885.61200571,0,129318765.19201133
1710547200,16-03-2024,0,743543079.102269,123582125.83097005,221037776.48793235,1855124159.0884573,2426034549.332585,0,0,0,0,0,0,91857856.75575317,0,325686130.8723046,6484366573.528275,197376814.35436708,0,113372231.17323393
1710633600,17-03-2024,0,591929339.2604508,99379373.12749287,190249886.47460672,1462604236.7933054,2072110041.4758317,0,0,0,0,0,0,82014969.26414958,0,246920011.98568726,5401684352.302444,106807406.72815455,0,118408770.40680446
1710720000,18-03-2024,0,643709915.889605,142082656.6425893,281616507.35395443,1346466556.7195573,2341166224.9099708,0,0,0,0,0,0,85935268.7672982,0,275353900.61287206,7883288348.812088,149298192.5838957,0,120631496.80100022
1710806400,19-03-2024,0,1104198586.9600515,153674391.22651488,297242281.31510454,2208441690.552828,3393968803.8846145,0,0,0,0,0,0,131775050.92633553,0,416450906.62638783,6798862877.260508,200950256.0946684,0,118237294.6742761
1710892800,20-03-2024,0,1358259566.137738,98547660.71645656,532806710.922873,1734461756.4959939,3436528663.275705,0,0,0,0,0,0,137342512.44845963,0,348545882.7735628,4328169858.424013,169780833.78095666,0,120581267.7781877
1710979200,21-03-2024,0,895983262.3558347,81128686.24036172,437662936.31924945,1363038218.2295256,2544258142.6072125,0,0,0,0,0,0,84553293.70997673,0,252538006.01371324,5313980268.781767,151496875.57949886,0,121052732.78685758
1711065600,22-03-2024,0,822271248.4202394,93936309.76977395,497475328.5064113,1487177685.2181337,2633743704.5868287,0,0,0,0,0,0,100663104.17532445,0,224722485.7178795,2808086901.5976763,127852366.76260924,0,127243909.52663927
1711152000,23-03-2024,0,450744823.5146824,58615934.2623754,459200283.1220527,1032635915.4128132,1578451950.3150759,0,0,0,0,0,0,55205869.436402574,0,147829442.5579279,1827599363.364162,54937828.3125983,0,131176387.59440796
1711238400,24-03-2024,0,444636738.95388085,172003846.4307772,523591057.3334851,904511283.4694345,1766606818.8261666,0,0,0,0,0,0,67298791.41490449,0,153876856.86808616,1694330698.5188074,53064340.47990972,0,133524005.73242575
1711324800,25-03-2024,0,898317909.2654471,76836881.07540415,644403576.8870833,2238023736.490939,2224682241.789226,0,0,0,0,0,0,87187351.26893228,0,275053323.18527913,2332479480.0369673,79235910.78318757,0,139460161.39949054
1711411200,26-03-2024,0,581153178.6642877,72570509.13325462,2357726791.2525167,1917352884.793723,2592272398.383706,0,0,0,0,0,0,111112853.40744287,0,213473661.95168805,2926922894.2344995,133951364.21504767,0,138748965.727526
1711497600,27-03-2024,0,665662705.3623061,61765977.09540662,639717937.4756166,1547752031.94389,2652241045.8403068,0,0,0,0,0,0,108370637.65784797,0,264987486.94049603,2690565188.5671086,222667789.52776474,0,120728409.94433142
1711584000,28-03-2024,0,561528433.4037855,60674028.56604876,669062683.5041587,1429578878.645357,2198620508.5755706,0,0,0,0,0,0,106727101.51208797,0,178228647.2220587,2483695950.7571254,106664901.93482712,0,113379394.79309076
1711670400,29-03-2024,0,419391123.8329998,51127206.75251902,936081820.7718247,1933575025.4463086,2199659991.612006,0,0,0,0,0,0,65873991.612277165,0,164842085.12220708,2682613749.573408,139585608.84750974,0,110005544.9796753
1711756800,30-03-2024,0,325388987.0784277,35375082.88871661,1200656580.561512,968609041.0414505,1535345791.1979764,0,0,0,0,0,0,51666020.32218454,0,150689748.10587507,3252031963.3019767,76180304.96276474,0,126750170.00562191
1711843200,31-03-2024,0,383656921.1717028,26313192.246808458,944676595.0564457,1905981890.715652,1581115502.9429069,0,0,0,0,0,0,53074940.367568284,0,130977329.9545195,2887516366.733926,53014618.55222117,0,124976841.39205265
1711929600,01-04-2024,0,586472662.5864058,41503093.65301918,942335533.6163576,1604489198.776797,2202065613.4995556,0,0,0,0,0,0,79414290.86703126,0,226056074.17766532,3449898720.430339,179057137.94456086,0,103315403.58839035
1712016000,02-04-2024,0,764720875.9764783,40734300.28699813,770432737.5726444,1762067374.8787649,4046692192.031017,0,0,0,0,0,0,113902091.58549005,0,252732026.04493397,3426244008.0562534,168649324.8510238,0,125740644.05959344
1712102400,03-04-2024,0,572369574.4766737,31755515.952778988,670350971.7848814,1030719216.8231077,2672882444.7699275,0,0,0,0,0,0,70565490.73772742,0,205333059.30966696,3220785481.7448187,92385320.82370216,0,60260117.17555809
1712188800,04-04-2024,0,579919999.3329698,37405325.55585623,538199280.9119993,1170143317.6283169,2303586587.887668,0,0,0,0,0,0,77008579.05061418,0,190437347.57419714,2822443815.918715,91482397.55277175,0,71514492.3050824
1712275200,05-04-2024,0,703910643.6308888,31343966.327151977,523143460.4398414,1289145346.3893986,1922662537.5772605,0,0,0,0,0,0,77777180.44991547,0,203102300.63277438,2278743096.1704693,87084749.78112881,0,62540984.69817996
1712361600,06-04-2024,0,351792267.41050744,27059407.670886073,533960181.6597261,988651966.7324349,1349571131.763591,0,0,0,0,0,0,42993272.26722212,0,140637180.77443254,1577176904.1524,67593612.74251033,0,62989399.97802894
1712448000,07-04-2024,0,366990709.1818673,23321867.09780373,576072676.3245903,1054602336.4211276,1876183802.8096592,0,0,0,0,0,0,58978379.666474216,0,158534013.4446463,1642263968.1021209,65941353.461927384,0,72511344.80726184
1712534400,08-04-2024,0,850695734.4289267,33231011.91246934,766686758.3511567,1534876532.4882722,2975363228.49115,0,0,0,0,0,0,92538074.21401875,0,205665102.05660164,2120517059.6774223,103990250.76805553,0,70059575.47273529
1712620800,09-04-2024,0,772682986.9360845,28642187.208652172,1065661922.6433449,1242435556.9078205,2763182262.756739,0,0,0,0,0,0,97797308.10794051,0,212333480.23126802,2238692437.8409624,115257902.54458566,0,76638032.5082896
1712707200,10-04-2024,0,709160596.5510911,35757719.92861254,1735251655.800746,1259535336.961741,2399373187.004367,0,0,0,0,0,0,91801023.37025271,0,224462852.8914484,1844039122.0995445,122664056.83599006,0,79707339.49110225
1712793600,11-04-2024,0,593031312.7772952,26222597.441743106,654131723.4633306,1059060353.4426012,2424752024.06393,0,0,0,0,0,0,84057109.94649193,0,172956686.1862561,2030386894.360107,77302555.05858035,0,76563759.95172529
1712880000,12-04-2024,0,840985228.3224112,53732068.90342681,662426054.676847,1518490028.9482634,3212198576.434496,0,0,0,0,0,0,140460253.33903015,0,241620337.33495027,2505544172.850921,121010513.91817111,0,80120424.97423561
1712966400,13-04-2024,0,960289098.9273641,81557978.42684765,657146106.0828112,1766492610.9013765,3878535404.883445,0,0,0,0,0,0,169391073.47290343,0,308568202.2821194,2861434027.696118,162436053.3743121,0,68535934.52073546
1713052800,14-04-2024,0,852382882.0711222,36628895.182980835,499008915.1743894,1376080500.9001923,2799467797.7697606,0,0,0,0,0,0,124988003.26578873,0,260763395.90620467,2420135443.102765,141099749.50647265,0,76072739.63858171
1713139200,15-04-2024,0,801898053.7728953,33512410.165555954,470018996.1629263,1204972462.6042016,2152426488.4790654,0,0,0,0,0,0,121540543.38264641,0,212145761.04404515,2124418304.2111292,114380015.9904677,0,74979553.24764387
1713225600,16-04-2024,0,751009612.9834208,30003918.975648835,480201782.836837,1268818958.2851877,2230656027.009043,0,0,0,0,0,0,103346612.23147708,0,204409369.9110975,2125116967.0736568,98827587.81232792,0,70780013.10450907
1713312000,17-04-2024,0,655633123.636509,28824235.20438766,1865672686.996573,1022172693.8901606,2057691353.6085596,0,0,0,0,0,0,89352166.71033064,0,202897731.8797105,1822256657.87656,139828415.17779228,0,63744196.761828475
1713398400,18-04-2024,0,585881447.4370023,21801736.267747972,486205577.9824788,1006260150.7024163,2010175129.3093507,0,0,0,0,0,0,81836966.27380101,0,178343969.22706255,1635680519.0550537,115941433.55644657,0,58139523.09349289
1713484800,19-04-2024,0,745556934.1644157,24931543.14411141,517994233.4243747,1428476199.596241,2716305769.074244,0,0,0,0,0,0,128650129.55365354,0,231323632.55086,2124719062.7580733,137688897.90949345,0,63610464.81149857
1713571200,20-04-2024,0,408909204.12763745,17653566.65978866,365315346.82087725,827563444.5965886,1203344549.6553617,0,0,0,0,0,0,68030487.37857716,0,137229865.65943295,1288817736.433795,71046614.644852,0,54130843.22638403
1713657600,21-04-2024,0,391392206.0941743,14439532.008044109,357975919.1620696,718528747.0534447,1259521087.1442242,0,0,0,0,0,0,88185984.98767115,0,127479891.12046863,1282151277.3886638,63790490.70761336,0,55624171.2240267
1713744000,22-04-2024,0,492649654.3494469,22165229.064985212,390295498.496011,1021026769.4214242,1847041680.441647,0,0,0,0,0,0,100510276.14992392,0,153293912.47663572,1772552906.4835446,99319359.82384376,0,58870691.45281853
1713830400,23-04-2024,0,427227928.8129947,20868429.697986536,410233835.30387706,852468215.2779462,1692396414.911668,0,0,0,0,0,0,75469600.69907941,0,145816669.43512648,1799787970.9570098,70058830.39675784,0,59901532.2344082
1713916800,24-04-2024,0,582018485.164748,25358513.257422335,442424941.6891977,1099906734.5135322,2962713686.4717436,0,0,0,0,0,0,101111365.45273945,0,190822876.0674432,2265802510.4545736,153880935.9861281,0,62319080.299143784
1714003200,25-04-2024,0,611541358.2893257,18727992.641797554,492007165.20453423,803842533.1314049,1979822653.43535,0,0,0,0,0,0,106970407.73659402,0,167946642.1185277,1932150021.5755749,98054314.40346329,0,60080031.759517595
1714089600,26-04-2024,0,519196544.9340189,14790736.823053334,470788648.3105787,738507575.8353748,1859299526.492722,0,0,0,0,0,0,78609850.07953507,0,164562131.8480118,1738522116.187677,83073093.68604542,0,66799504.033374645
1714176000,27-04-2024,0,493533591.17260635,22377471.949717507,619522507.0084924,695080077.5383022,1618447133.956605,0,0,0,0,0,0,101650076.77864182,0,159750037.20919186,1422883710.7907624,72353803.4134993,0,60103349.07137331
1714262400,28-04-2024,0,473003352.12294745,17426339.466335304,570527685.2736443,530839483.39955366,1557424566.4103053,0,0,0,0,0,0,96565699.59619153,0,113294910.99572225,1274541926.895975,48485723.125652194,0,56125758.78840418
1714348800,29-04-2024,0,576631710.2616477,19855650.59515853,535651400.82773983,672549309.5757195,1930254460.655329,0,0,0,0,0,0,101554116.03091158,0,132069432.20961937,1667894512.2212958,122715344.78749354,0,71664275.5926483
1714435200,30-04-2024,0,677726765.5208963,21759817.887070186,587817534.2918515,840957448.2813022,2406906149.231079,0,0,0,0,0,0,135240417.31463194,0,154228574.85049927,1857263593.0541954,166032730.9149893,0,60485181.41543264
1714521600,01-05-2024,0,743408383.9384657,25363841.147058118,528403032.1661543,788410027.4829946,2171427664.777616,0,0,0,0,0,0,170224949.99622723,0,197495300.62221056,2166643745.598726,133787597.39785446,0,51666029.14756265
1714608000,02-05-2024,0,470553199.5494262,13122609.694347441,426130606.07432365,584426121.7320304,1656856886.8536305,0,0,0,0,0,0,123279004.76258533,0,116900069.71393974,1814992188.8267598,120741865.94272286,0,44643284.09427307
1714694400,03-05-2024,0,454849712.9507239,11918357.92518447,530670454.3752655,613459162.2624338,1657598249.938112,0,0,0,0,0,0,98204785.0225173,0,112500875.79087201,1765193072.1885173,24181033.035843216,0,44261659.688887395
1714780800,04-05-2024,0,287899303.0589599,13477836.933635153,477880282.4971114,475293849.2960325,1288741073.915864,0,0,0,0,0,0,79559345.04935575,0,79537515.63441208,1567827991.8994908,17497653.910643253,0,39886418.86021273
1714867200,05-05-2024,0,315028859.09869385,13637945.423820883,379139421.0900371,498927185.1941358,1063861593.3750029,0,0,0,0,0,0,69962073.43014817,0,101440649.90553351,1517876718.5255098,11985101.851191947,0,42883181.475859255
1714953600,06-05-2024,0,438862139.3863048,19030199.299068183,447198575.8434884,628440715.0481312,1588403095.5936058,0,0,0,0,0,0,88332000.62374446,0,137168507.98994032,2008378035.4460394,74549079.9072675,0,45969807.98867217
1715040000,07-05-2024,0,396624740.9838174,13580446.622072853,477247840.6531039,602945409.443218,1520456214.6220112,0,0,0,0,0,0,95134458.34788892,0,99483233.28456974,2104329450.3101025,91999406.33612563,0,50536599.05781277
1715126400,08-05-2024,0,464655437.3857565,14218724.760748394,486699943.3087222,576076522.0692182,1434740230.8727524,0,0,0,0,0,0,105455920.7187992,0,118853787.9443242,1673791521.7419991,75092420.77380677,0,45953651.80510468
1715212800,09-05-2024,0,364354373.2206132,12683481.212519616,385219926.2717643,622649954.0026784,1297985353.3978763,0,0,0,0,0,0,71246198.30870605,0,106226777.45877615,1733269852.3337936,72012580.96883231,0,46485397.50357457
1715299200,10-05-2024,0,423889930.8162342,19074214.684540994,374151777.65146434,733868178.8213263,1368843680.5020227,0,0,0,0,0,0,69694383.91714852,0,113598456.24727373,1763304051.594402,86758515.28788161,0,47006930.35458025
1715385600,11-05-2024,0,234288071.33355826,10977950.816538693,294465084.9905182,818716626.1267527,749562395.4670832,0,0,0,0,0,0,55946503.21553579,0,70910447.04556437,1257900127.2485762,46170165.49831457,0,40304115.87088959
1715472000,12-05-2024,0,192336487.3184654,6774836.475339018,281021968.6737724,658771860.4714937,649396708.8912252,0,0,0,0,0,0,38911900.92910124,0,55948301.83267814,1256298707.907298,34941039.391216554,0,41877588.05670343
1715558400,13-05-2024,0,398536718.2019675,13001129.778363513,423473203.17502075,685169164.0973904,1397556706.347448,0,0,0,0,0,0,97335951.72539392,0,122999291.60483748,2369287787.3623743,61026808.068693414,0,48688488.91914515
1715644800,14-05-2024,0,356108035.17003703,13215372.842258826,388760620.6083635,604820303.1068228,1240578935.0863285,0,0,0,0,0,0,96900881.52928384,0,118708497.50251487,2184784586.734088,70495127.62729098,0,47688493.8141593
1715731200,15-05-2024,0,490285732.2877307,12859387.759985514,479025629.8416234,886858212.9494195,1482561081.3560324,0,0,0,0,0,0,153261903.63966724,0,133512212.2430503,2340587633.4504304,86062480.1698766,0,48291022.169635326
1715817600,16-05-2024,0,378329870.65481144,9310498.050294325,398743873.64520764,760712214.7206938,1198168077.1812084,0,0,0,0,0,0,79822049.103803,0,134269737.3442324,2209535474.2811275,49788822.34678009,0,34263668.20476903
1715904000,17-05-2024,0,456265487.3373808,10904889.362180049,448256107.0681153,606042686.6398454,1416003426.7079296,0,0,0,0,0,0,94001988.55044633,0,110108996.33709536,2041674826.1197731,48079861.04560709,0,37618342.37035634
1715990400,18-05-2024,0,291739286.8043293,16553215.131104475,266504721.7746601,437524479.61329997,848552866.4887382,0,0,0,0,0,0,72605021.83886597,0,91148905.64383183,2076447937.0549002,26885739.990720455,0,33608977.048678905
1716076800,19-05-2024,0,287855436.6044214,8510474.986979688,301278723.60304135,501766366.9704138,979965625.8071295,0,0,0,0,0,0,62022217.80845227,0,75236038.33963738,1681218691.5393481,24824428.89898371,0,34647542.40756918
1716163200,20-05-2024,0,963296271.8292059,16785733.968673237,641655282.3515024,866085776.3364558,3240121899.720696,0,0,0,0,0,0,174109650.10085016,0,202141970.9369977,2509367540.8754888,96844125.71254784,0,44903106.64199534
1716249600,21-05-2024,0,1043568790.8849857,16313717.925498277,655688826.1833065,1076077457.237007,3808404858.558999,0,0,0,0,0,0,192116301.1565725,0,230731039.82463086,2114608667.863531,88240632.92061631,0,46036589.91411433
1716336000,22-05-2024,0,824537976.045239,12246191.046614366,644970217.8368349,881623079.9961901,2638811495.096048,0,0,0,0,0,0,146527660.68666008,0,171523662.923302,2267476589.262215,67506504.56222534,0,43581284.56328241
1716422400,23-05-2024,0,1654438023.4377098,18171192.1797819,1013431867.3849909,1196703979.4059062,4449264251.19321,0,0,0,0,0,0,258454546.54673654,0,333566834.3109722,2278918811.706896,117007365.07914098,0,64108214.55596942
1716508800,24-05-2024,0,772147550.2865894,10099625.467945598,814281956.7861158,768897925.4524839,2482575651.9648614,0,0,0,0,0,0,120477549.19729394,0,167659074.84561592,1835225694.4923036,56194104.41431971,0,46987426.643979274
1716595200,25-05-2024,0,335620986.92095083,6186149.517259868,449179080.11500216,560685163.0148054,1382686746.3249996,0,0,0,0,0,0,73557081.30329978,0,77786619.53128675,1580598105.9138973,42587470.1319503,0,40829327.702880435
1716681600,26-05-2024,0,471334771.6930457,6256201.795317673,521219159.36992794,560285781.9038486,2161488592.5348773,0,0,0,0,0,0,82009821.57571495,0,105126451.54023828,1905770737.198579,35447021.128725715,0,30883043.55363
1716768000,27-05-2024,0,619268123.774848,10225110.192438485,548389978.6296723,632285180.6206744,2446154420.2470484,0,0,0,0,0,0,107142430.96447408,0,142528637.56495017,2304237623.5502863,69642488.40210217,0,45142037.30372581
1716854400,28-05-2024,0,642894341.5429151,10905301.495263992,645642659.2257564,713870510.4757081,5299673571.113913,0,0,0,0,0,0,107625888.62617612,0,159476571.94826463,2462640696.002726,93301776.96783015,0,28181584.126496546
1716940800,29-05-2024,0,540868947.2125095,12128658.671046052,701828175.1381537,614195516.0933983,7188235624.96513,0,0,0,0,0,0,100234466.66587542,0,155177586.22521436,2598402699.260674,82043779.43213394,0,36540764.81072188
1717027200,30-05-2024,0,538261945.8547391,14535643.212039929,657055089.1917794,568687520.3042471,6988391095.584672,0,0,0,0,0,0,113352023.3698015,0,138692055.0115119,2232868160.3594894,87952477.09182855,0,41311124.24102439
1717113600,31-05-2024,0,526764162.20505893,11034594.993558558,571641823.5852377,672127630.9769067,6997452464.188814,0,0,0,0,0,0,99914375.7487286,0,127907205.29796806,1799765887.2388272,40312375.68207334,0,37578861.7972098
1717200000,01-06-2024,0,259255756.2445106,6209166.902509808,376175460.28391397,423738258.17162263,2926727442.143562,0,0,0,0,0,0,42295367.10618695,0,67988619.48874727,1551133965.2495332,16310122.91999993,0,24802219.02281809
1717286400,02-06-2024,0,333040943.29149956,6790570.247563622,474045706.250283,521047267.0575636,1209095847.4392357,0,0,0,0,0,0,68057720.3071202,0,78575056.60801965,1727555954.9360611,28960614.357698623,0,21750789.144245178
1717372800,03-06-2024,0,390511197.7204481,8672900.353421118,578905657.4774137,751602822.4042914,1700916246.0297174,0,0,0,0,0,0,93903870.15522785,0,137018493.80620122,2268831374.6883287,97164628.91079074,0,25238154.62441101
1717459200,04-06-2024,0,407784413.50027555,7916948.265719071,559175734.7633369,944966472.5718517,1901424032.619278,0,0,0,0,0,0,87172711.7122938,0,114803849.45042068,1946913003.0516365,32419792.671633862,0,27482000.90569232
1717545600,05-06-2024,0,440899493.6756293,10340888.122111186,612213220.0151355,1230872610.5610738,1810058761.3812284,0,0,0,0,0,0,87853124.5450881,0,133285759.97872512,2725940326.9729986,40776363.2281895,0,27497037.48735194
1717632000,06-06-2024,0,332121374.2451104,8306470.564764356,578357980.8279492,1003757463.9605385,1547564355.7386503,0,0,0,0,0,0,69319227.47882809,0,122986479.33745684,2653517529.2334847,43933445.3856895,0,22684797.03581789
1717718400,07-06-2024,0,519619046.333879,14343113.8750079,729568804.2784741,1060017568.0813338,1905513550.5365672,0,0,0,0,0,0,120269524.96793741,0,177532075.0408978,3689799602.711487,77351859.98479098,0,25251820.683632255
1717804800,08-06-2024,0,197852853.22958466,6784482.44789982,505216134.38718516,681220033.2739036,1541888476.1032622,0,0,0,0,0,0,45031531.57956515,0,78546982.33114392,2392678629.466586,64228217.13421156,0,15957521.251034759
1717891200,09-06-2024,0,149888551.68598664,5321173.106810259,483918945.2806229,520049007.34462,1270752756.0723271,0,0,0,0,0,0,40938312.93026675,0,62889792.741612285,1615422085.2336802,41315273.53225559,0,16118864.932557277
1717977600,10-06-2024,0,272630288.91173035,7756219.295965284,581460309.3333846,752305314.2678605,1913863465.1213841,0,0,0,0,0,0,62235149.46464602,0,104792331.72135577,1850312620.8723578,42833189.69589481,0,23624119.910703782
1718064000,11-06-2024,0,574123669.9558566,14516814.850962313,767403786.6992745,993604082.5280228,2303198093.803548,0,0,0,0,0,0,127826780.4845128,0,164629981.19395718,2293172661.936007,42718920.99354847,0,27972627.46992458
1718150400,12-06-2024,0,597323414.2500862,10990589.741680965,810860223.2539254,874789252.273721,1952820025.013507,0,0,0,0,0,0,112458973.61211729,0,141817905.72935712,2434961425.2862563,48754128.67726813,0,24324727.560352545
1718236800,13-06-2024,0,452330677.6406974,7521349.667929513,699894746.2821665,730472246.6237507,2148133742.0559483,0,0,0,0,0,0,91876329.52540347,0,124687433.22940566,2190886593.509592,39313026.81983188,0,13156521.470712965
1718323200,14-06-2024,0,465523993.61583596,8020108.839100228,707920145.6755774,589145213.9293063,1575002840.9220228,0,0,0,0,0,0,100639937.20835736,0,127481010.33661361,1989883488.711616,39482303.441489905,0,16262530.766918438
1718409600,15-06-2024,0,292910721.78869635,4029186.219384926,566350218.6680136,555131698.0785726,818986493.3095073,0,0,0,0,0,0,64223122.30052992,0,66647631.943954505,1348794736.1587055,19310898.757116336,0,21177807.54695825
1718496000,16-06-2024,0,2862203224.491519,3982441.331491139,503100616.32888114,487915493.99402285,948627653.252381,0,0,0,0,0,0,51753047.597149625,0,78348999.95347475,1444767122.619938,18811330.052211896,0,10410708.845049422
1718582400,17-06-2024,0,552291487.3861535,8668849.185436398,707797509.1500868,658699341.5009379,1906956053.5415013,0,0,0,0,0,0,98731417.17034018,0,135033797.09273663,2271157887.488753,42853007.97543348,0,272055673.7791642
1718668800,18-06-2024,0,765800928.8110912,12411383.419475492,717338381.952459,813130854.7774088,2138780457.746146,0,0,0,0,0,0,107790932.0828804,0,154011833.3657451,3149281060.6305876,58159325.81474855,0,97038898.92334205
1718755200,19-06-2024,0,538799898.545565,6875467.0557594355,624449502.0253552,749717115.479701,1688707030.0230584,0,0,0,0,0,0,74487269.23414287,0,99049559.21901424,2197849015.842279,31584308.07793466,0,60083538.924668685
1718841600,20-06-2024,0,544617190.6626189,7030358.8138001505,653225627.551249,654056214.4392438,1495261161.038949,0,0,0,0,0,0,101644688.30845273,0,114212240.87455483,2198838158.282911,42773197.47269259,0,46278402.467307
1718928000,21-06-2024,0,939592120.915926,6656729.3577683205,624397638.0423791,454551455.0682039,1630630772.2742524,0,0,0,0,0,0,95090947.61857755,0,132247710.79251197,1931401585.5705705,51464162.64429854,0,46044953.70783204
1719014400,22-06-2024,0,270845817.23987323,9528316.009519242,349968370.93247145,385225625.08526504,1039700598.5842731,0,0,0,0,0,0,31992113.52462388,0,57817636.01876373,1254994880.4738479,20436211.04128797,0,29152948.56268365
1719100800,23-06-2024,0,287720850.4930919,6483008.346969599,372492714.23825794,466046294.4238802,1200300993.6038587,0,0,0,0,0,0,34821655.04176209,0,68644965.26019496,1337216679.561694,27113039.57911872,0,24779465.084014997
1719187200,24-06-2024,0,812524066.0069165,10351825.596733332,740606878.0361413,733012388.0052335,2562246586.2913966,0,0,0,0,0,0,110230599.41723919,0,176479898.6890425,2363087564.3141866,44481092.818826616,0,40015436.4829285
1719273600,25-06-2024,0,526958335.9063009,5015886.385233716,639276690.3211789,546142842.6638925,1650648932.5099373,0,0,0,0,0,0,67028390.96893524,0,89325811.36559382,2031977184.390398,26936305.69552898,0,24382411.379167683
1719360000,26-06-2024,0,466730431.83814365,6794780.943042558,640267173.183361,535285753.6144908,1659158848.752586,0,0,0,0,0,0,58838927.6318441,0,81477641.32447505,1843966400.9326615,24040342.842336826,0,22117582.113973804
1719446400,27-06-2024,0,530845317.45555174,9554977.493554313,479228102.2262278,485964904.19204366,2247333703.682777,0,0,0,0,0,0,71015428.2033906,0,86345467.23157173,2329478791.485129,42411703.90688987,0,20277151.579792533
1719532800,28-06-2024,0,556486951.0837483,9512897.137830038,477196012.6407409,533491043.5629884,1647671476.1850786,0,0,0,0,0,0,61169053.40197294,0,98798860.58663324,2003076002.002157,42056089.21556283,0,24848526.681361306
1719619200,29-06-2024,0,215367251.68758923,7597902.835759603,306651965.1741885,422858268.43388414,881718831.0811421,0,0,0,0,0,0,33948211.37055684,0,51055299.93773331,1387459666.598435,21995500.118196595,0,18324284.977201227
1719705600,30-06-2024,0,345664501.6790492,8665347.365258632,416727410.9431438,490272017.0119394,1166107867.7735748,0,0,0,0,0,0,47180536.57982051,0,71934137.00106452,1580641949.9172778,50884218.34860462,0,20268452.073933013
1719792000,01-07-2024,0,482584306.4471539,8537415.380415127,486837377.22004575,573041323.6039022,1439644750.3411992,0,0,0,0,0,0,61785770.21378195,0,90978849.90138908,1949304400.8693695,45176255.39842304,0,22531729.19206298
1719878400,02-07-2024,0,401531989.3376335,10753783.2182917,390404270.2571074,448785278.0313815,1227112514.1614804,0,0,0,0,0,0,48832003.84557748,0,83672147.4171415,1880841642.036453,34490901.017821364,0,15231484.110517533
1719964800,03-07-2024,0,528895894.72776103,11706102.458564814,499929789.3409837,524757979.1058846,1924444073.9278507,0,0,0,0,0,0,63126863.118919134,0,106620093.32605998,2269374123.812785,54571973.49154406,0,27690843.508372664
1720051200,04-07-2024,0,699627857.7727443,11373320.495185584,557433403.9771984,758697441.4854925,2474218412.416992,0,0,0,0,0,0,83697097.5710585,0,140765237.30890346,2340784603.60964,107823211.74114414,0,31688746.26055668
1720137600,05-07-2024,0,983485836.4143242,18597057.046627533,604901386.7310926,877293580.3842828,3193497712.6125555,0,0,0,0,0,0,104302927.2941162,0,211195221.80429754,2593723890.5828414,106423736.57380265,0,36276971.27544603
1720224000,06-07-2024,0,364821266.1271047,8369204.97254113,387686443.8335683,505153480.6474899,1356517399.5684075,0,0,0,0,0,0,39530486.44302791,0,73042242.65497863,1948164251.4676712,36586959.51276828,0,21519847.974557415
1720310400,07-07-2024,0,381020649.2972673,8485672.06438491,382405448.52732027,448355194.93339384,1236431266.8059824,0,0,0,0,0,0,30584482.758351356,0,80203039.3505047,1889635861.3927977,50852588.899647616,0,17456019.149956018
1720396800,08-07-2024,0,865727612.4031278,13507982.260665298,601988120.6732509,803766980.4234512,2156423688.3659225,0,0,0,0,0,0,66762238.63554241,0,175489474.9127165,2690876746.0310907,69806566.62153707,0,31381499.259932414
1720483200,09-07-2024,0,672615560.8530974,13266322.822304977,529436179.9712602,568333852.80744,1542534465.030573,0,0,0,0,0,0,48971235.38598331,0,108518325.8463637,2333125333.3613443,43772926.12131482,0,24500806.64354734
1720569600,10-07-2024,0,816660123.9503021,9047182.211296827,460897652.6869048,570578753.5201588,1559903488.1871004,0,0,0,0,0,0,78699258.37443851,0,107834593.60473196,2091160290.3736186,50355566.65004367,0,23077156.242632132
1720656000,11-07-2024,0,1558953696.9806547,7376597.492785302,453500172.14651155,530930337.0040376,1442516910.0270047,0,0,0,0,0,0,75994980.3273288,0,109780616.22433624,2055114563.8591185,41057248.0056673,0,25238209.76263418
1720742400,12-07-2024,0,1578565195.3413537,8076678.079183678,403500444.7556035,563342079.0041424,1443167776.4998653,0,0,0,0,0,0,65648600.038307086,0,83661937.87722713,1750500308.8970258,33840866.013142295,0,16524484.128135007
1720828800,13-07-2024,0,426256404.25623006,7531604.279140298,279859639.7861635,367658856.5769166,1024527711.6923232,0,0,0,0,0,0,38784405.79299391,0,91789682.43278733,1627250039.7214613,15406560.820765236,0,13110398.143845437
1720915200,14-07-2024,0,1084087134.447322,7908965.661112577,386796107.41160905,655482060.987872,1273834060.7301366,0,0,0,0,0,0,49444571.83493498,0,76127417.84630936,1998889161.4658437,26766230.50198883,0,13109060.924053434
1721001600,15-07-2024,0,684468047.1400801,12673491.610290727,542869235.9200726,705098109.901423,2529258294.2678337,0,0,0,0,0,0,89398042.52305517,0,123226560.62367833,2472636681.2555346,52732234.659506276,0,24460172.126901966
1721088000,16-07-2024,0,824545850.2055843,27449934.903262295,610299340.4102744,830381948.5683975,1973786230.527524,0,0,0,0,0,0,98171445.89834063,0,139530577.7374334,2630957445.197016,54623010.88690884,0,21865939.22282404
1721174400,17-07-2024,0,699386347.5308077,12866532.748734104,650406092.9810917,737171813.3431048,1523488205.7860534,0,0,0,0,0,0,98875327.21531343,0,111903048.32048121,2117567684.1078515,51994380.394374855,0,21531189.708058894
1721260800,18-07-2024,0,576610828.7074889,16587899.503932798,538015356.76322,600959966.3104206,1528280324.7954886,0,0,0,0,0,0,68096272.35835797,0,120449388.90225469,2170362318.9479914,50644944.6134318,0,16963032.664079525
1721347200,19-07-2024,0,677730941.1659911,21642274.73530513,602367528.6019357,725305282.97697,2037400034.1255288,0,0,0,0,0,0,84102397.37873717,0,167810975.8846117,2404302994.393418,67649296.22758873,0,19623309.233027548
1721433600,20-07-2024,0,350518509.31204855,15247790.5969482,461400121.68469566,565148155.2770128,1149933603.7929006,0,0,0,0,0,0,50288536.73240447,0,78636104.73780084,1940935033.0630646,33076490.474266857,0,17194592.70272038
1721520000,21-07-2024,0,521205842.42270786,40068801.15443822,524107366.1142309,704989277.6988549,1371648567.170636,0,0,0,0,0,0,63933088.69783402,0,116252404.9188368,2517135004.8116455,47369951.09094962,0,22641084.883666765
1721606400,22-07-2024,0,590588686.1971898,30019040.30346301,592178786.0740876,783030319.6714015,2038388691.2857208,0,0,0,0,0,0,71473846.93808784,0,118916333.87664266,2631520389.007729,35534907.48920653,0,20290094.468723148
1721692800,23-07-2024,0,1095382731.1936235,29474752.3133498,727737272.93944,676315397.8866787,2284109283.105576,0,0,0,0,0,0,115229322.41904081,0,180278704.99176747,2904689454.9290366,29684193.65950951,0,30200451.382441804
1721779200,24-07-2024,0,607175928.0301844,25187997.86691606,538361334.2349851,587668698.5300686,1683749230.8518915,0,0,0,0,0,0,68111441.6059666,0,117099038.32808276,2652223289.20719,24654330.898175355,0,17201779.32555779
1721865600,25-07-2024,0,796857048.5511541,25133822.1882948,674694381.2562577,737813826.1234462,2671441178.885913,0,0,0,0,0,0,92714822.5819975,0,129761555.25130677,3271687007.3695965,28993722.93431982,0,32030069.913153686
1721952000,26-07-2024,0,475625090.72613317,19419241.64933382,511355146.5547751,611537438.7069308,1669073288.774251,0,0,0,0,0,0,53490172.98933628,0,92524770.95465663,2576292451.816105,20977214.18164759,0,22161948.205851983
1722038400,27-07-2024,0,548955047.6634777,25110223.21446032,545137898.587642,650894550.1913028,1576466397.3214085,0,0,0,0,0,0,65328090.607637696,0,108683350.96546021,3155468833.6111865,18799152.370453052,0,18157329.951222308
1722124800,28-07-2024,0,301122505.3316591,10158236.598419506,500242432.5944265,437985987.2106496,1086736661.7619598,0,0,0,0,0,0,37940595.993620485,0,71539149.54647774,3300936815.951599,15676177.054787684,0,9441820.918517763
1722211200,29-07-2024,0,631990691.5586011,20357342.973979607,645569097.5800765,622341901.3977097,1985077373.3904579,0,0,0,0,0,0,71569701.72420698,0,112581166.26362564,3279384365.493931,26762609.9678946,0,16963962.81881442
1722297600,30-07-2024,0,610709040.5352203,13754273.440379605,555489150.5779896,512883683.5750163,1633429911.6362338,0,0,0,0,0,0,60058565.6998479,0,110629789.83210199,3011829890.834373,29833034.488517977,0,15858042.534737002
1722384000,31-07-2024,0,653633447.2225865,20375319.41297955,580914417.718072,523259014.7266084,1705806749.485375,0,0,0,0,0,0,70948198.51147082,0,125808782.9581613,2721187962.7509966,31789408.23652867,0,16698462.834107842
1722470400,01-08-2024,0,848260436.3032594,23037240.22070857,674708267.8843343,648791825.3331954,2094800000.6842935,0,0,0,0,0,0,85407585.74447341,0,139583953.97965348,2861383894.298108,48093609.19088547,0,17302803.935148414
1722556800,02-08-2024,0,942659148.7184095,31549119.84446364,735795951.086323,675344586.0597521,2387600081.45034,0,0,0,0,0,0,94018895.45232722,0,143972270.28981975,2892691049.5324697,46105947.086330205,0,18420369.746593192
1722643200,03-08-2024,0,639819056.875343,27334626.206862565,542709061.3075403,625939853.3916132,2097132208.9413626,0,0,0,0,0,0,76730597.92278507,0,116435653.42646877,2771518683.436689,35361187.27595168,0,16204916.53675604
1722729600,04-08-2024,0,658656831.3109932,24868125.3317727,576565593.1398727,702011307.0100709,2077252534.414465,0,0,0,0,0,0,86959714.53386731,0,129709782.68527247,3874831891.4516478,37897018.93988796,0,15717577.37081176
1722816000,05-08-2024,0,2159973616.3823175,76600012.13253304,1140352102.0057368,1767913190.6637716,8524590536.7585535,0,0,0,0,0,0,285516408.4943126,0,418316202.7793429,5136195698.7903,118806565.11493096,0,53520822.27477957
1722902400,06-08-2024,0,950526995.4920948,25992080.44382317,654028545.9886086,695033281.7268825,2040584969.6891127,0,0,0,0,0,0,79460639.2767728,0,176915556.28052536,2946127758.862067,48073240.22962556,0,22699615.444431994
1722988800,07-08-2024,0,923690590.3381791,22280501.00661862,647068529.1014421,631292155.8446041,2148349838.492037,0,0,0,0,0,0,76242235.69657697,0,150469380.6135937,2913113363.1247888,49174248.04030195,0,22864757.07642932
1723075200,08-08-2024,0,860931530.3411026,21150749.224642396,609097887.3272508,592337844.2818738,1779731385.9043658,0,0,0,0,0,0,83936234.40260985,0,165412257.05989087,2917986825.695784,57290640.03812196,0,21197690.893252313
1723161600,09-08-2024,0,761416674.0591304,13115560.529715817,555632943.0849833,480417854.0514482,1518893761.5912645,0,0,0,0,0,0,55142296.74727248,0,113179709.76668087,2038381773.2832942,61394646.55314766,0,16898928.886732027
1723248000,10-08-2024,0,364721593.9392119,6806231.314964147,377790192.5145369,323363806.9433344,939993387.9002779,0,0,0,0,0,0,41466924.1306107,0,63321011.19976224,1431246765.046458,50832955.71378445,0,16777479.906188697
1723334400,11-08-2024,0,563718033.8772534,12490234.536685407,489379645.58575624,558797427.8862,1264740726.0826535,0,0,0,0,0,0,60724869.01112542,0,91836310.87578036,1619012752.2446623,55907004.51558525,0,24986207.85903472
1723420800,12-08-2024,0,895063679.7605026,17694324.213582978,740723744.7105763,641850898.2085726,1565895865.723721,0,0,0,0,0,0,75152436.42685801,0,142617914.46376735,2159078388.301274,111995116.98211029,0,21922914.161413614
1723507200,13-08-2024,0,676843796.9854879,10269980.436008703,595915733.6996793,595658243.7292633,1415289343.316333,0,0,0,0,0,0,69946884.63127322,0,107399401.90678075,1825813611.4579098,58010035.82795337,0,15340824.222395584
1723593600,14-08-2024,0,624210566.8408474,12772486.890695052,574002107.8078278,531058671.97261345,1337067598.069946,0,0,0,0,0,0,57136112.614845015,0,117441734.95127341,1982874120.674549,48992700.3272808,0,12746210.205814287
1723680000,15-08-2024,0,640917212.4862033,16101112.071888875,593146801.7955686,646109682.5571569,1769302764.5311484,0,0,0,0,0,0,62950086.74976128,0,118776503.67508969,2122041605.9862418,41551342.93675327,0,18525674.968969163
1723766400,16-08-2024,0,522027447.0857108,11735844.136868995,537389549.5367489,520248605.0303863,1330192770.5567749,0,0,0,0,0,0,54850698.636694685,0,111781828.04775487,1728633900.2754169,37716968.9086974,0,12664159.006054845
1723852800,17-08-2024,0,184142885.3686694,5497733.97249016,286020069.2159449,397445249.11032045,831674191.3841072,0,0,0,0,0,0,28758701.65654991,0,59152368.51729936,1025258771.5670941,25756179.583316807,0,5503488.797630375
1723939200,18-08-2024,0,311238843.3342686,10446634.897204556,356117845.57960886,530485132.13305646,815876698.1312501,0,0,0,0,0,0,37883162.053749934,0,75633341.07144034,1212724619.3415816,32833766.62589619,0,8015091.236110269
1724025600,19-08-2024,0,437380604.58255976,12553632.942702616,474903946.6077091,539003624.8866343,1191233024.5765076,0,0,0,0,0,0,57106463.5660948,0,102923841.1510679,1431598308.0474176,46501677.31777936,0,11850302.594595337
1724112000,20-08-2024,0,529088485.3392198,16341554.764728911,509817491.8845793,707765586.9343832,1515645913.7532187,0,0,0,0,0,0,58967754.660375044,0,115379600.02126959,1437910495.476186,32586630.27900934,0,10181226.0206621
1724198400,21-08-2024,0,509090588.9386384,20216491.1711758,535297330.6385213,922026485.1633439,1331432930.4411073,0,0,0,0,0,0,60701414.44049662,0,146965920.96742603,1262867934.9648669,20714844.09326313,0,11529717.676983085
1724284800,22-08-2024,0,399870751.8005434,23920447.084350877,424160854.77093846,1189393220.578137,1206329382.1766455,0,0,0,0,0,0,52551732.061439335,0,126048231.5304692,1138920012.937619,15513499.493139023,0,10108519.333385505
1724371200,23-08-2024,0,621887971.7799073,28504325.46584386,586767927.4307312,906001869.8156542,1684762503.7697723,0,0,0,0,0,0,75093153.52956639,0,137316681.57722571,1511967173.999526,48148336.65076871,0,11768611.209450124
1724457600,24-08-2024,0,424445295.84314895,21330156.02546092,456737003.1523651,705941301.004361,1222921247.8070776,0,0,0,0,0,0,79271888.65212435,0,104243093.8966623,1422299410.2102523,30974394.84066195,0,9993574.041528057
1724544000,25-08-2024,0,310802663.57563215,19538438.143608507,442936258.2273416,579146955.7653968,878809516.4038405,0,0,0,0,0,0,46919955.870415896,0,95925661.12792708,1216769520.5484867,30525186.605611883,0,11731809.262380524
1724630400,26-08-2024,0,462340961.13915586,21123218.91627877,500309716.94080204,671590829.855176,1163542671.49428,0,0,0,0,0,0,57324981.03778292,0,112295712.18361425,1673595453.9289334,41255063.500194006,0,13570498.248981312
1724716800,27-08-2024,0,672541013.9062932,22480711.635465667,575764515.0957582,720926143.6314908,1771963598.6588488,0,0,0,0,0,0,87582834.61328092,0,112922923.5365323,1679710053.3543687,56073634.348830946,0,16235995.430728212
1724803200,28-08-2024,0,735427235.8809034,20899746.214361433,626538929.3505664,635851352.2231863,1706063982.996952,0,0,0,0,0,0,90935316.68542562,0,126731048.01647303,1660075664.4826357,61331957.4052567,0,14037782.76480172
1724889600,29-08-2024,0,495836384.3915487,14688733.114070732,517444843.1424853,649221526.3927834,1074008161.1143463,0,0,0,0,0,0,68504671.02420372,0,89951833.97699253,1415164524.3465064,34838943.40048728,0,10862966.388760783
1724976000,30-08-2024,0,560270765.7135389,14596230.29713566,552955846.3027209,600707353.2049155,1271772595.4170194,0,0,0,0,0,0,69628588.58060244,0,99827445.45514701,1346312690.9648151,30060566.484287884,0,9874689.056963466
1725062400,31-08-2024,0,181461423.1354023,7524228.6411422985,248232756.38602132,444121627.44853425,693718826.7673144,0,0,0,0,0,0,23762862.885114565,0,53293609.53271049,659409987.0075366,12884489.029313816,0,6645092.295693459
1725148800,01-09-2024,0,407408979.87443745,15544294.240820061,427103457.2764318,474598666.12478083,1068408934.3825297,0,0,0,0,0,0,53149333.05199353,0,77143529.31733643,1051241206.351609,25098440.27936934,0,7902451.193675475
1725235200,02-09-2024,0,443211211.9200383,12305391.170887113,470832137.71431494,525167866.9356952,1089522035.3548164,0,0,0,0,0,0,52765764.31953983,0,84958508.29181595,1108026178.046485,27941836.983441785,0,6164413.060295629
1725321600,03-09-2024,0,427866764.59120554,12541751.174024062,423259012.9132326,487095523.9971608,1381900700.2212136,0,0,0,0,0,0,49222567.61658807,0,88044165.30221704,1163078348.5443854,30469493.62112235,0,5639140.734065674
1725408000,04-09-2024,0,554459568.9873052,17384202.77133906,578707154.1667732,512161744.54768515,1707594276.1679473,0,0,0,0,0,0,86069789.79432306,0,150767802.9587702,1343403468.470896,33575252.12580168,0,10348530.953271931
1725494400,05-09-2024,0,440872844.0014666,12703375.20540025,501724802.6760405,425661746.9935279,1282255223.8938673,0,0,0,0,0,0,79671301.57927434,0,105954781.2271322,1217225148.1086445,27272925.090804473,0,7143767.133833053
1725580800,06-09-2024,0,766785255.3145059,24463550.32325545,575748783.8926338,640162658.667066,3300759864.1353846,0,0,0,0,0,0,107014542.84161414,0,151725295.06398538,1696057368.9090514,50415469.814915754,0,12220572.904437436
1725667200,07-09-2024,0,261994379.43339092,9814030.990744509,371887640.992464,492204713.95299536,966021021.9418647,0,0,0,0,0,0,43765096.553903356,0,58945105.99301234,808262938.6229701,31227996.50818385,0,6174880.742538797
1725753600,08-09-2024,0,252202020.9775024,12605533.816959862,370135408.9439275,448944115.7282685,797831914.7886412,0,0,0,0,0,0,43662545.259334825,0,59556552.24909256,828783829.5323669,53912260.79807694,0,7932169.0809105085
1725840000,09-09-2024,0,454321144.23085517,18142615.264493577,540474370.8735441,561954692.062365,1290008850.509339,0,0,0,0,0,0,57070060.92865205,0,98818827.65774259,1248427980.83048,40173909.777379796,0,8995241.669120084
1725926400,10-09-2024,0,399932875.0607994,12650842.225846069,446533412.44651306,516834870.82800776,1067518448.1022419,0,0,0,0,0,0,50140910.58633291,0,79038551.23118827,1084816616.859957,27730804.25515973,0,10984182.14022699
1726012800,11-09-2024,0,508331790.48501635,15533345.711791532,543617513.4102166,575349715.9199741,1464672790.8373947,0,0,0,0,0,0,64442539.892505035,0,99374763.47335403,1280939602.7347498,34965744.18164606,0,9602699.682150379
1726099200,12-09-2024,0,352364306.6513254,16170582.700653426,456930012.94614375,595640329.0541432,1218889707.6528814,0,0,0,0,0,0,52468394.59582083,0,83380366.80265744,1156080954.8703778,54975312.61171331,0,11103312.27205855
1726185600,13-09-2024,0,337382911.8424325,21927498.028030895,499919045.0542382,562636921.6087329,1130737004.0020628,0,0,0,0,0,0,48020746.13470078,0,143184367.28270367,1204579039.5371366,56516650.857490845,0,8043135.969858097
1726272000,14-09-2024,0,157927426.4220688,13353755.580939714,322160220.361207,442290359.1059927,782747718.4199381,0,0,0,0,0,0,29995951.140012026,0,68185171.97386904,816587882.5773797,66234873.578033246,0,5106187.985468481
1726358400,15-09-2024,0,248293478.55931625,15610033.837216653,384415499.9783888,497637996.14804506,805113266.8096826,0,0,0,0,0,0,39171053.999587305,0,73316911.23347409,831955426.0202541,51175209.50743621,0,5041752.293307201
1726444800,16-09-2024,0,392573667.8064597,19478046.09867398,540207382.6723232,791740190.6895828,1444084716.7648983,0,0,0,0,0,0,56279407.71969747,0,94659087.4868468,984697374.7572122,55094128.507144876,0,7188265.481255301
1726531200,17-09-2024,0,468573939.79421276,19686904.632198304,557534786.3020433,585832599.2273096,1248933609.0222232,0,0,0,0,0,0,52516446.77387797,0,97032452.92966558,1080898197.445686,60343594.11846975,0,6393731.4660947705
1726617600,18-09-2024,0,528528583.98560727,18120013.605297223,674170848.6108925,667252930.7783953,1395256792.677196,0,0,0,0,0,0,64343604.52112549,0,118579036.76343174,1311909975.5806355,92878917.75422978,0,8801318.157287188
1726704000,19-09-2024,0,530715772.956877,23242057.467546966,686399067.4024637,820041434.688443,1474712184.8005953,0,0,0,0,0,0,110698286.10914734,0,108326861.48978801,1595692958.5012343,83814725.48563857,0,8764859.536061909
1726790400,20-09-2024,0,498293966.2703374,23115848.81983673,611501414.6370828,762253251.1566775,1313681144.4584668,0,0,0,0,0,0,68879109.72207323,0,101244379.67708553,1617474931.0124707,98415989.34801091,0,8600651.783698415
1726876800,21-09-2024,0,273445478.9631887,10796609.246281305,417112189.68557966,635434517.8423164,871338854.6698835,0,0,0,0,0,0,46626409.077216715,0,64107690.166521415,1002630280.4038115,73147023.4559106,0,4833603.483792308
1726963200,22-09-2024,0,353601235.9901663,15402458.412713582,537716394.847945,571524617.3290064,935547694.1826208,0,0,0,0,0,0,59846699.122974336,0,73193827.51303682,1013142989.105878,86424792.54067515,0,6321030.1082776515
1727049600,23-09-2024,0,530479988.86225325,25689913.694717593,779096742.4468472,789924294.4869213,1417448729.8704908,0,0,0,0,0,0,94077807.58951852,0,113607716.75885287,1522938790.7392642,105618646.38268937,0,11340955.849890696
1727136000,24-09-2024,0,532596530.54695684,22100187.700176813,675650676.1213576,770607874.3583026,1174116152.3750477,0,0,0,0,0,0,87972168.00905041,0,90647511.11978854,1795129108.526671,128436545.70921585,0,9735405.967915671
1727222400,25-09-2024,0,380721352.04138196,24991642.611411866,616833033.5658935,696355266.2554185,1189099725.9316182,0,0,0,0,0,0,64832216.201064184,0,88627087.37103513,1681832516.3124428,96638831.32189642,0,11097764.380686136
1727308800,26-09-2024,0,512509444.4402371,24582256.227702662,757642261.2172755,792562031.6215456,1470355305.933851,0,0,0,0,0,0,95543638.06142026,0,98899540.6900439,2042467594.4480844,97600582.5472103,0,9981958.435390173
1727395200,27-09-2024,0,433721245.1272552,18238772.07822284,757921684.1037984,1133504980.46855,1414889954.9232132,0,0,0,0,0,0,91886412.41088119,0,102836719.86511436,2398518355.23334,66512910.78667824,0,8530014.524035804
1727481600,28-09-2024,0,230388329.56436437,14575322.623495877,470279724.1299476,934709291.2807062,923504013.4876609,0,0,0,0,0,0,40570320.40602037,0,63550994.17766487,2105592492.803456,41016773.63607672,0,5584438.3804826075
1727568000,29-09-2024,0,261946956.53607655,18004011.602303635,530036379.3810535,668129310.9638224,823869011.8682779,0,0,0,0,0,0,48667914.48077883,0,63063321.648358665,2421757739.1655107,90223348.35984915,0,9179601.631273393
1727654400,30-09-2024,0,532592051.9847573,29143004.43862512,801654346.7672498,989850220.0923901,1618960080.7457209,0,0,0,0,0,0,94344373.86395428,0,123842636.54803681,2600558293.334623,94420351.78343168,0,12072863.983991306
1727740800,01-10-2024,0,807692236.374836,37553802.14917956,932223867.4023505,1227207369.7387047,1998972893.603943,0,0,0,0,0,0,131901208.75593404,0,133107219.44458416,3230832097.8044515,173511664.1880912,0,15013837.315820964
1727827200,02-10-2024,0,587557186.6428111,23541671.7966436,812663377.7100618,766527530.600183,1708868681.6715703,0,0,0,0,0,0,98113396.59995343,0,111815051.47575745,5100730713.868996,158300723.32364234,0,9963829.112365806
1727913600,03-10-2024,0,477877194.7504125,24978678.807642557,806460049.628656,590915118.6861477,1701534522.846831,0,0,0,0,0,0,94017523.86571631,0,97107570.30433492,5938123121.512405,231674460.30067065,0,7966994.725839126
1728000000,04-10-2024,0,384734172.3232205,21968431.27443333,693748650.511911,487765738.52833545,1428335775.866925,0,0,0,0,0,0,70997924.74577057,0,83906588.96835256,3260381067.004504,130311586.61884306,0,6119364.219857016
1728086400,05-10-2024,0,163944414.39263842,10008453.439129189,404155744.99731994,570823234.869353,921991204.064264,0,0,0,0,0,0,37229414.85920833,0,52330495.79946254,2817778595.999276,70875423.97164465,0,3794853.0702172183
1728172800,06-10-2024,0,198369367.79613328,15771994.287774112,398520498.51358014,534585384.61137813,962358951.3267577,0,0,0,0,0,0,36171868.32072313,0,59363144.448364116,2733886246.314962,93705746.74287978,0,4720263.819444877
1728259200,07-10-2024,0,503591497.4969126,22485541.559329275,827272874.4497939,738981821.4799793,1402978700.9418454,0,0,0,0,0,0,85938314.26816094,0,98715704.43517227,4082438282.848684,191705330.21454066,0,7813749.63235255
1728345600,08-10-2024,0,424888049.44345737,21507007.69254651,773648051.4291885,885760763.9453849,1376269266.070576,0,0,0,0,0,0,69577775.55007076,0,85158387.00739954,6463778030.872904,194432896.9236193,0,6287894.590793359
1728432000,09-10-2024,0,438962507.1576574,20385702.517847978,807180917.9882097,1048128273.7353299,1376679618.6289833,0,0,0,0,0,0,76715232.6175719,0,89024349.16451758,5654602394.198241,230256713.04567736,0,5850035.9342081
1728518400,10-10-2024,0,411462873.30002135,19679514.55220404,914540597.0245186,891328760.4304514,1500905180.6901991,0,0,0,0,0,0,76763728.35171592,0,99181114.97625443,3284317154.235503,204216635.9177427,0,9294781.442804765
1728604800,11-10-2024,0,332612472.9530746,18583077.95197114,759631326.4364872,693370688.2111633,1277108117.423296,0,0,0,0,0,0,71235550.86905675,0,77601156.22522534,3831842502.5588,208668218.77095616,0,7840396.276022654
1728691200,12-10-2024,0,218109492.21465915,18841949.560605947,631831843.2959583,613995184.6415638,1072155027.7219418,0,0,0,0,0,0,42385588.05728145,0,60334737.00130919,4015119197.1310854,199083061.03301647,0,3541407.8116367096
1728777600,13-10-2024,0,232634742.23654968,18461007.239329994,674720914.4035774,573641316.865903,867424862.4677231,0,0,0,0,0,0,46101037.329325214,0,65933036.28000747,3741532081.032186,186258860.79717454,0,9332688.965642711
1728864000,14-10-2024,0,588218826.7078701,24975441.44441881,1092709551.1576347,723593511.0833457,1786583336.2777472,0,0,0,0,0,0,110499731.56043905,0,115258096.79539815,4100496308.2701344,233115307.60858858,0,10359106.97478975
1728950400,15-10-2024,0,826168553.4799697,38396547.1945736,1174708265.747212,864891680.1149721,1578299843.9897857,0,0,0,0,0,0,128788612.5166885,0,140007802.5857014,4611950706.194021,224770288.2930923,0,14557743.10418664
1729036800,16-10-2024,0,596215297.4691395,18723003.79256558,1020940204.6629397,790705645.0487111,1794350487.5538073,0,0,0,0,0,0,98932876.6664546,0,119208730.69218057,5288477473.976867,175879451.57844034,0,5860571.258704067
1729123200,17-10-2024,0,438278107.9959455,16675580.706081327,986951848.345216,936195906.9776894,1147994176.1348577,0,0,0,0,0,0,96258009.6317504,0,123584032.37854849,4517512900.7878475,116532209.28661183,0,5329051.012204396
1729209600,18-10-2024,0,478411151.2503931,12882127.044698011,832049905.1912885,687556815.8755846,1178659411.245292,0,0,0,0,0,0,85308318.92288026,0,108700948.45990866,4425991697.825499,118275771.20586288,0,5664565.331598766
1729296000,19-10-2024,0,195734085.22090238,7694817.271738308,487016297.714755,631843783.8967227,774510992.1519591,0,0,0,0,0,0,37234806.15107176,0,60677811.62761551,4630088662.940033,91434502.67969404,0,5592650.083696392
1729382400,20-10-2024,0,357404446.4023091,11382023.456100026,732391760.0510058,718754732.118648,940490892.0836074,0,0,0,0,0,0,74708960.47591463,0,101935937.03424811,4811295650.091072,135573469.5491052,0,7385637.434533726
1729468800,21-10-2024,0,450929674.9194023,21191724.282930873,1065982848.4166397,953981416.1800476,1414733739.4885132,0,0,0,0,0,0,101259066.73607169,0,119164590.87894967,5946720659.395957,130003174.46560147,0,5411525.160527176
1729555200,22-10-2024,0,677197295.6114653,21773609.92564414,1051733092.394683,657240137.9954541,1147950374.1781502,0,0,0,0,0,0,85897251.3370921,0,154719975.94826177,6229766411.414307,149449696.02338693,0,7721745.738577787
1729641600,23-10-2024,0,490658167.4711981,20656899.085960794,1077740574.8472853,1011440168.4704902,1216071137.4972591,0,0,0,0,0,0,86551556.04568945,0,142563353.3905315,6941247870.424149,120792503.46725982,0,5669402.868484723
1729728000,24-10-2024,0,412416561.55108523,14812255.893355422,1021527892.712286,864926611.4538023,1474087506.4091253,0,0,0,0,0,0,76977743.92886598,0,122674571.2849398,6684711978.589528,108737159.8407259,0,4895307.529446083
1729814400,25-10-2024,0,650076659.490821,26102774.68087104,1353775983.2860563,768394239.1601589,1940474197.65945,0,0,0,0,0,0,116993908.67791152,0,161164183.22159567,7327840284.7178545,115082557.4158788,0,10672412.66122366
1729900800,26-10-2024,0,271974968.71842945,12766590.430671833,855205941.0644245,528383654.87320626,963511855.3028128,0,0,0,0,0,0,62532133.57864142,0,83373004.33764717,5215267860.836675,136648367.9439667,0,4202876.468775313
1729987200,27-10-2024,0,228622647.73525938,10231701.237144649,753017221.8855933,742136585.2923762,858166699.9223014,0,0,0,0,0,0,42955899.55230256,0,74590861.10002385,5120134552.831942,81636443.74719478,0,5642824.23923686
1730073600,28-10-2024,0,518803801.0048375,24672045.42723364,1272802688.963804,797440437.469208,1353090808.1993139,0,0,0,0,0,0,99188526.52223477,0,139661802.9863792,5520098979.638479,144441334.0996482,0,9152504.928288499
1730160000,29-10-2024,0,710263514.5947257,23679322.942254253,1285831412.2536047,770301455.8715589,1796678733.6909602,0,0,0,0,0,0,110628732.06526409,0,145577027.45460346,5834525129.398229,199502984.8571448,0,7994027.220917773
1730246400,30-10-2024,0,605059835.2300353,20132337.57947784,1321468491.5040777,628719114.7401403,1481439840.6434243,0,0,0,0,0,0,108818403.06011963,0,142843071.2172725,3523526220.9566,127215541.18965589,0,7568927.975854107
1730332800,31-10-2024,0,575516736.2321663,19508468.20730252,1106294430.5035748,660088145.6392252,1700620332.6633348,0,0,0,0,0,0,110553704.27804245,0,154255451.96308646,3346740797.2944508,151299663.88978925,0,10649935.126148565
1730419200,01-11-2024,0,633854554.9510076,22581810.539564185,1112768833.1493218,716479554.6810075,1697009673.6932256,0,0,0,0,0,0,103706622.7589775,0,135871119.36333874,3792404834.450781,207650201.5373891,0,6327174.250980431
1730505600,02-11-2024,0,233335415.35853142,11175796.95773771,678981759.8181819,437493911.16851664,855321398.5878351,0,0,0,0,0,0,48788673.14317261,0,97012133.00431958,2933716683.553908,87886943.41479443,0,3124353.3801558325
1730592000,03-11-2024,0,433509420.3072178,19663365.336693473,967652031.1966321,721079585.862566,1277243258.9831316,0,0,0,0,0,0,75553620.51415457,0,144014417.1512516,3488401103.679192,121039345.61198536,0,4914488.537128982
1730678400,04-11-2024,0,489401817.672027,24459626.653919358,1028632774.6759727,684638865.6468313,1439405180.0697565,0,0,0,0,0,0,79177577.66016857,0,171359741.06976247,3143101090.6564684,139558139.65622422,0,5208376.435129104
1730764800,05-11-2024,0,472548760.6664881,20346464.355474338,1045698530.0892994,643957931.5034534,1481166960.3506048,0,0,0,0,0,0,69799554.6487,0,215300328.8125169,3190282475.433551,164217795.21960348,0,4374812.740632155
1730851200,06-11-2024,0,1235022980.1686368,38314602.26235021,1801405506.4919147,1254236711.5057936,2701480695.211477,0,0,0,0,0,0,182309268.76176554,0,663132085.9049298,5449059193.016127,411736709.1094968,0,10050068.615820412
1730937600,07-11-2024,0,916514744.0012679,30109105.939484794,1462960464.6294098,920557924.6957493,2232544089.976313,0,0,0,0,0,0,147583599.87646002,0,382849114.7116114,4265760376.3338027,260934693.74884343,0,9977957.120794768
1731024000,08-11-2024,0,765178012.6033199,34813088.51147336,1316605208.5443225,710494692.0671916,2240680369.4733205,0,0,0,0,0,0,132127167.91824645,0,211938314.54807332,4374965201.229612,185968609.31645328,0,7711332.941866282
1731110400,09-11-2024,0,586129091.4473021,33402347.815805748,1264633571.1694658,924598501.1971658,1788758408.739502,0,0,0,0,0,0,125549353.18353945,0,113981278.15007265,3434800609.174753,255256864.50531694,0,9652511.655949762
1731196800,10-11-2024,0,1063824367.3351495,59634694.382921815,1634469142.806855,1198220499.968672,2283215638.4212046,0,0,0,0,0,0,191664817.49856752,0,230303548.1104523,5199557082.753346,402200285.9031099,0,13147732.398517579
1731283200,11-11-2024,0,1420538282.7185633,70696651.40273747,1905099802.5890408,1727227379.684403,3076676042.4593067,0,0,0,0,0,0,230080406.98918152,0,242723565.12177756,7849373455.932618,332294437.5511519,0,25034771.73713869
1731369600,12-11-2024,0,1887773325.092988,104641196.68962738,2349768750.844371,1876847399.670825,3468531806.6580887,0,0,0,0,0,0,289685000.4649614,0,398647154.4939028,8175018087.43103,318673106.43179035,0,29200583.77943753
1731456000,13-11-2024,0,1728501447.9042459,85995182.48334575,2048336563.487046,2027140411.091395,3370685946.0867248,0,0,0,0,0,0,248224163.49303156,0,261655571.7540632,9892161670.938637,396139172.6741809,0,21768252.80584233
1731542400,14-11-2024,0,1245646890.6740007,56456869.908112764,1913690234.6873689,2072837725.784648,2924759568.2617774,0,0,0,0,0,0,169035548.47491395,0,203834792.58226377,9821988741.382812,388175635.2594321,0,11587934.621942569
1731628800,15-11-2024,0,987847684.6993815,44050378.880928956,1691817931.5824099,1332155403.4100208,2198897516.3461003,0,0,0,0,0,0,130420444.8355363,0,166844805.04813474,8842671918.9813,296290729.0168246,0,15596380.278340116
1731715200,16-11-2024,0,790876304.9690214,47470168.666482955,1281328489.1814208,1229949704.6792984,2015578539.5183678,0,0,0,0,0,0,116291118.6856222,0,214071563.46530688,7397807935.3532715,278495505.16297156,0,8044720.224159192
1731801600,17-11-2024,0,948626910.2650867,66619825.1767904,1399276232.2818692,1235973779.5307212,2021359352.983989,0,0,0,0,0,0,133510940.9391037,0,159689034.79197973,9690790724.687485,254183483.82784903,0,8067452.263052777
1731888000,18-11-2024,0,1233568757.720992,55142324.643045366,1632228477.2280865,1186524037.6803174,2576838802.7460837,0,0,0,0,0,0,147688822.77435258,0,203002209.61917502,9864743619.257036,207329846.03539,0,9339379.297707163
1731974400,19-11-2024,0,976813150.5837789,44718256.48621331,1393217083.3492582,1101716277.414608,2459205698.556515,0,0,0,0,0,0,135260930.84542906,0,155607021.54624343,11107444374.516161,207638102.25611126,0,6652037.672180905
1732060800,20-11-2024,0,1013000034.0374355,51729431.88829878,1351935276.5291624,933672516.5332026,2581983696.113875,0,0,0,0,0,0,133121215.94180854,0,220241012.2830975,10485942011.505222,314872584.76535714,0,6981719.338761927
1732147200,21-11-2024,0,1586384531.4937692,61197383.97605835,1827718596.9237628,1040696636.6342566,3467060024.035559,0,0,0,0,0,0,227817057.54053593,0,231852323.30889285,10709603805.304327,218921436.74327365,0,14884730.722944397
1732233600,22-11-2024,0,1247809155.660809,84329919.7468895,1558188656.6657383,1049136571.2296053,2495376685.7095313,0,0,0,0,0,0,196588538.64119032,0,198632776.73242044,9485338733.9893,206218990.40367907,0,15387915.258112961
1732320000,23-11-2024,0,1260253250.5989287,99069477.24832615,1410438517.494791,1233155181.5148523,2488415384.491208,0,0,0,0,0,0,179094455.90471607,0,241951507.3335526,18018445059.790833,193020212.69390637,0,14272099.770766832
1732406400,24-11-2024,0,1044275362.7954954,78091750.67488343,1301421074.9066918,1443306681.4455893,1905823086.4718213,0,0,0,0,0,0,152854891.80399895,0,187060690.93696535,9730462779.485928,180146749.00852042,0,10737788.956415402
1732492800,25-11-2024,0,1838195042.0435126,127472352.97937247,1957190230.4670362,1417937481.17378,3151647828.119457,0,0,0,0,0,0,274883193.8732902,0,271676978.43187535,13572783362.833326,182203822.5206228,0,17864459.889962304
1732579200,26-11-2024,0,1570421138.3093927,91701586.34225896,1834249220.544191,1450838421.0713463,2737604357.5998116,0,0,0,0,0,0,218641247.69230935,0,209347806.87822607,8300547209.139382,290683759.8224616,0,11907280.427908823
1732665600,27-11-2024,0,1285275744.331315,79740281.82179415,2041531413.5222683,1535472619.1496825,2842527238.6163273,0,0,0,0,0,0,190290071.73097175,0,193321697.4135624,8253043370.708313,194751434.56711733,0,12672598.116513528
1732752000,28-11-2024,0,938909339.3498317,42907405.868011065,1683121569.0192146,1407708376.2011724,1884559238.5859342,0,0,0,0,0,0,144765959.22767022,0,138355063.90844974,7219652068.0234585,157904090.7588438,0,10922914.271528166
1732838400,29-11-2024,0,801388060.7569579,52944679.68665264,1686699896.1279006,1157560252.711688,2079549759.2119246,0,0,0,0,0,0,100407612.10403825,0,122905495.96187043,5938244910.4171715,111013345.81846909,0,9415767.36939363
1732924800,30-11-2024,0,863818022.0781764,64261165.59471482,1683942633.3168576,1142285758.3098273,1798713007.5407283,0,0,0,0,0,0,128599061.69354533,0,137049753.4232915,4976477455.486636,92559997.12352437,0,12966403.895934666
1733011200,01-12-2024,0,810292182.6581464,59203481.38504743,1595222311.5201979,1019406809.8084543,1680534516.5342493,0,0,0,0,0,0,116584765.25694007,0,148665712.45415846,5399691339.603002,100780424.89866035,0,18038175.702565715
1733097600,02-12-2024,0,1582982298.0045443,186715423.453399,2160785899.851808,1647365847.4304883,3120177072.896106,0,0,0,0,0,0,245504602.85808352,0,279296201.8252101,8628117601.869843,161104376.1313072,0,13316780.31535502
1733184000,03-12-2024,0,1315509959.0579937,158608753.2369205,1963515160.8194444,1574305870.7766714,2995675780.4373937,0,0,0,0,0,0,179377225.35626388,0,291994720.69332254,8449224366.265063,272049149.8955687,0,12380423.883636657
1733270400,04-12-2024,0,1574271753.6144013,156467864.37911448,2389654504.3106775,2406622991.0872126,3041619818.516968,0,0,0,0,0,0,249055846.52265435,0,288318564.0928351,7422992056.48729,191563091.07655305,0,15069387.228976939
1733356800,05-12-2024,0,1932428780.700865,103288768.24139962,2567628468.296004,2051069540.4102287,3951598845.3168125,0,0,0,0,0,0,264085348.8437228,0,316845468.89842296,8129381936.329622,337449584.2284598,0,16741169.587186614
1733443200,06-12-2024,0,1387367115.2390625,79190229.57210791,2215369382.5149846,1641988116.7138479,3713973986.030353,0,0,0,0,0,0,180380579.03401563,0,196924338.3749591,6641363303.549908,207504006.44256392,0,17165367.330196794
1733529600,07-12-2024,0,536430104.30218154,46567859.76190872,1322205790.2859316,1245007481.5279195,1848444129.463029,0,0,0,0,0,0,89498198.51223788,0,110993691.8060386,5238136293.234549,154891634.89594918,0,10884171.12829237
1733616000,08-12-2024,0,556065301.6666794,51417713.79666982,1193369391.488113,1206135172.82019,1779697939.9402623,0,0,0,0,0,0,87118259.33412878,0,106306508.7932255,4656080262.978177,159781153.11831254,0,6941934.349633726
1733702400,09-12-2024,0,1722325835.7825139,125053274.5835865,2571645006.2211637,2042360969.4528413,3592456524.8798833,0,0,0,0,0,0,246680849.18375832,0,267360481.5263308,7849475337.203009,347622889.0093984,0,21668892.63836748
1733788800,10-12-2024,0,1706791550.3140712,120308436.70614243,2468727750.8282185,1977755741.5490973,3047386555.490739,0,0,0,0,0,0,242506721.2443849,0,252290026.6110656,9214922240.544746,265442172.87006477,0,18010326.362969916
1733875200,11-12-2024,0,960341797.9537475,67289307.20803887,1884686677.4453602,1195778943.5657487,2478745725.4560776,0,0,0,0,0,0,163875605.51902837,0,168412349.48032674,7927309852.364358,245465468.9581015,0,11415199.995203843
1733961600,12-12-2024,0,1381080885.942747,105351263.96039964,2326682938.8581486,2169704681.316512,2701474764.966565,0,0,0,0,0,0,215954647.73173296,0,198688874.59069884,7345954158.839209,411187244.796367,0,14037730.952535842
1734048000,13-12-2024,0,999569780.8173804,68151427.82486437,2005220490.8380556,2459404534.046455,2023311671.836958,0,0,0,0,0,0,354038743.5013585,0,143442538.39535517,6960195218.497091,258384638.62654734,0,12190867.426496731
1734134400,14-12-2024,0,661767147.161134,51676744.872534856,1523192800.628871,1769877368.7616076,1637689366.841212,0,0,0,0,0,0,153663727.9674366,0,121854320.03752476,6110676407.908486,196489016.5325825,0,8840034.478208827
1734220800,15-12-2024,0,711791906.6147295,57956927.46645643,1497366378.6634815,1947473329.3001993,1825742142.5416996,0,0,0,0,0,0,122629867.24787387,0,111203190.67982052,5493476631.006061,243660334.89902544,0,18561019.008801393
1734307200,16-12-2024,0,1348390458.6406014,73865686.76979017,2218845411.164846,3486973915.436202,2821541435.4672046,0,0,0,0,0,0,209930384.09397936,0,165821546.26264682,7057733675.337391,277418938.6822148,0,11834905.185457079
1734393600,17-12-2024,0,1164221726.5379076,72945694.35785213,1928381364.7112663,2317122873.03798,2121636799.705708,0,0,0,0,0,0,177746445.16422725,0,143592336.12396157,9094511110.717438,232304515.2367898,0,11115126.199429661
1734480000,18-12-2024,0,1524840481.6601605,86463910.97977166,2311047754.3768787,1704990458.2169623,3056324196.7972126,0,0,0,0,0,0,217898631.07748693,0,196010153.84908217,9295801188.539785,271492398.51985687,0,15367303.428436916
1734566400,19-12-2024,0,1550393094.0945854,90058869.72715205,2323677398.878968,1523311237.7276077,3443718536.5005455,0,0,0,0,0,0,287398565.5944878,0,237252082.2155052,9723421904.102375,377936961.306654,0,17947275.1772508
1734652800,20-12-2024,0,1690462219.7487907,86368393.75300264,2437485242.882389,1837324727.60781,3742932498.1108294,0,0,0,0,0,0,279001198.27559614,0,230530233.38488394,9621627776.08172,424793466.55615497,0,16585128.703212239
1734739200,21-12-2024,0,916082473.4786232,57266209.73048818,1886072761.446588,1174520581.011866,1850700067.271925,0,0,0,0,0,0,153652586.18027353,0,128348998.86724588,7387275513.443183,290383949.7362462,0,10060708.049480716
1734825600,22-12-2024,0,749441620.711334,52349809.905671574,1555734934.9621072,689400759.9320488,1699395599.2764406,0,0,0,0,0,0,128208163.6104775,0,111143568.77741471,6254123162.113959,227179844.39380035,0,7699574.390644415
1734912000,23-12-2024,0,1100542792.8544245,60336813.606025346,2064572862.2951837,2220530951.767313,2095542025.52872,0,0,0,0,0,0,168766901.75191432,0,135829075.03544375,6469676863.054449,270279123.3759681,0,12299143.707158735
1734998400,24-12-2024,0,725501470.6294594,56264435.48739067,1651150655.270995,1672226204.801609,1836245359.2050996,0,0,0,0,0,0,110738438.85345486,0,110269425.69630134,5448207006.09478,215441704.5136199,0,13667467.585648319
1735084800,25-12-2024,0,589264818.9788334,42010316.17433949,1378646437.0386026,1125406807.040588,1352736091.3696263,0,0,0,0,0,0,94912334.87061156,0,79955904.60411277,4332762994.018307,174049705.02448452,0,9387022.17734523
1735171200,26-12-2024,0,705808496.570316,94013020.29044245,1590956835.710964,1123358832.4254062,1996357004.5001662,0,0,0,0,0,0,122194120.7674454,0,89971800.99627137,4965181688.590795,223943288.76532647,0,9415148.521794338
1735257600,27-12-2024,0,779653938.2427392,147864719.2082902,1811374094.5984082,1647372765.178397,1929822356.314223,0,0,0,0,0,0,125543471.95278923,0,99415723.91940053,4541281649.741325,202215472.0664761,0,11317941.744432375
1735344000,28-12-2024,0,394060660.2825305,72461882.38119762,1283128759.9025488,1322334039.4807668,1336440830.0730586,0,0,0,0,0,0,71649815.47916016,0,66800593.193158194,4187075772.425598,227441798.27673027,0,11457840.19496191
1735430400,29-12-2024,0,371866149.3527006,83784847.99297252,1287435052.623055,2352799973.6444683,1273554080.7077656,0,0,0,0,0,0,62936867.31624538,0,63606253.73305303,4965887511.089844,181805621.3866631,0,10298644.899854701
1735516800,30-12-2024,0,837246973.9978385,244563878.9493748,1860015181.1601424,1658939015.1218333,2592423124.8751206,0,0,0,0,0,0,125767551.61856954,0,110257665.13051602,7346507389.12619,273508393.22654724,0,11622890.948751764
1735603200,31-12-2024,0,649988179.2642312,137003359.50997475,1832067825.141111,2400782900.365502,3105534408.492586,0,0,0,0,0,0,94501356.80775133,0,92206032.76238745,5606708217.358317,232052056.60571015,0,14023773.354501802
1735689600,01-01-2025,0,334466396.8210337,108100623.54015891,1469325799.3627322,1339702354.0523863,1446945109.929353,0,0,0,0,0,0,68228513.07074061,0,87924476.81013548,10004040913.582573,214101408.3427026,0,7712947.381573066
1735776000,02-01-2025,0,631104257.0539687,140752854.01643705,2427780720.8764195,1709086199.7679596,1787825097.831003,0,0,0,0,0,0,108518787.30431463,0,104162776.74431688,68056632263.291435,222735755.51206315,0,10771806.25880051
1735862400,03-01-2025,0,574077308.8600743,159978003.37464458,1882732239.8942115,1638187412.5811892,1760778666.457914,0,0,0,0,0,0,108715875.3891116,0,90822445.86859465,59896668606.24835,296875306.19056356,0,15038859.568272384
1735948800,04-01-2025,0,456564094.53246605,114859817.17583309,1569984336.3533278,1085756412.0430326,1438999447.2845514,0,0,0,0,0,0,99248031.23975949,0,75042659.52560419,68327845829.857635,334189597.7491956,0,9649591.120781789
1736035200,05-01-2025,0,343310981.8704482,116175442.13586676,1356730658.4369247,881466974.7869148,1360712811.3649478,0,0,0,0,0,0,83821867.81057748,0,67926454.64953847,43928317110.19347,230587165.60353094,0,12801211.42535904
1736121600,06-01-2025,0,687198157.4258894,194493749.01306915,1967889850.6777706,1242663149.9228659,2281475391.644318,0,0,0,0,0,0,137169470.85967,0,112027951.20171703,55718833817.74394,309207013.20630234,0,27324498.4683508
1736208000,07-01-2025,0,940006110.6102667,180257820.68174955,2001394006.4331644,1844751068.766796,2368543321.017183,0,0,0,0,0,0,162673615.16474837,0,122335424.88963714,22715870336.730446,375422827.0584803,0,27017923.626326732
1736294400,08-01-2025,0,964528489.4443859,166661991.30913335,2293153714.6178527,1204603914.6012235,2265197407.5011578,0,0,0,0,0,0,167814483.50725225,0,122120905.73372155,51351428200.534874,405366109.3343742,0,22052326.396350756
1736380800,09-01-2025,0,855859862.6449032,149442988.10608616,2091418009.9722593,1245055612.0894527,2560372758.1020627,0,0,0,0,0,0,143195531.17683232,0,118883778.27565889,25992722228.335266,300101135.75273764,0,22023104.769385543
1736467200,10-01-2025,0,835680757.1572512,147802257.11802095,2205997732.152707,1088501242.2552338,2523985718.776972,0,0,0,0,0,0,121215486.20877548,0,103835967.23100166,15565939842.702015,322773382.1850827,0,18343917.306385174
1736553600,11-01-2025,0,302718862.53809524,82354443.24405207,1185123954.9391046,669753914.431899,1207929228.9505343,0,0,0,0,0,0,55073467.98069446,0,56829164.49013118,6578156482.094958,159787010.70406803,0,9487980.170819053
1736640000,12-01-2025,0,268364357.06696564,72411355.7490625,1015649915.2471524,750546716.7070323,1051488850.4908898,0,0,0,0,0,0,56857042.59731178,0,53942212.806824386,5492083725.582055,131022085.0351757,0,14370840.276116278
1736726400,13-01-2025,0,985552844.3079475,207464512.36468372,2160727675.299929,1268833672.733754,2708509231.2939434,0,0,0,0,0,0,177728349.78367707,0,136099658.39149454,7071172764.254129,461244350.55217165,0,19771541.267722595
1736812800,14-01-2025,0,615193221.3365114,113422231.9691665,1728956172.005125,1146630594.8903623,1746090132.9621754,0,0,0,0,0,0,110459048.58011428,0,86917403.68570137,6320912651.327757,274721317.81678206,0,19051449.60011895
1736899200,15-01-2025,0,737108182.2190669,178048736.40316772,2179856518.4768,1201670231.8531265,2043388757.8722568,0,0,0,0,0,0,119975408.65057693,0,111105398.24822961,6964002588.250288,275046318.9782075,0,15798164.381360821
1736985600,16-01-2025,0,749236134.7201612,191046489.1968224,2041787451.2427335,1243680451.097999,1831148319.4286985,0,0,0,0,0,0,126540442.06987245,0,111082949.71237896,7137707899.11793,340750975.220615,0,9987164.386232123
1737072000,17-01-2025,0,756937500.8788867,142974390.37709263,2029824632.4254224,2947136002.86398,2298418910.705858,0,0,0,0,0,0,132190610.97165117,0,114879978.23860371,15606201354.172255,353794672.16502225,0,13025144.685833251
1737158400,18-01-2025,0,977444860.7771583,202293878.5031663,2271418674.9828334,3011173818.72064,3098669796.5481577,0,0,0,0,0,0,146584755.99275073,0,139108071.18309197,42784125647.53574,393390307.24370676,0,16579372.20395526
1737244800,19-01-2025,0,2228551177.5236177,481591608.6148484,2959944955.843096,5816285515.542696,4302746232.501647,0,0,0,0,0,0,284378323.55867255,0,266891236.25676668,48077678830.22511,535175169.9943531,0,33896354.22494248
1737331200,20-01-2025,0,2757493886.2477493,462445139.55130136,2980430232.1594853,8360462990.253716,4924138660.960976,0,0,0,0,0,0,268089121.18686616,0,327076343.0695971,46250757500.20819,523929432.9715663,0,40441146.030553475
1737417600,21-01-2025,0,1302373218.5396807,173722772.34001058,1971925010.1522477,5531742483.368952,3482464947.0530925,0,0,0,0,0,0,139798812.2017518,0,177542474.468978,22735362104.608185,349448007.93855083,0,24206813.305504072
1737504000,22-01-2025,0,682637972.0660406,131960039.77786262,1652245666.9270248,3889690860.810526,2256837299.750269,0,0,0,0,0,0,84373904.60677673,0,138815810.92112237,15175305005.518063,182557123.56051576,0,15356983.00376495
1737590400,23-01-2025,0,1505568013.5595312,186689564.17724854,2487174348.7434306,3143606157.9318085,3886853877.092902,0,0,0,0,0,0,144296705.25609022,0,153966230.84221092,20863085558.860752,298731617.4559517,0,24920072.503447033
1737676800,24-01-2025,0,971097602.0150843,170693194.38521805,1764763668.789505,3377018131.294714,2351086677.469304,0,0,0,0,0,0,110817897.23148064,0,113284954.01452468,16191868595.644608,204704821.34412667,0,13506710.248980738
1737763200,25-01-2025,0,407434075.9133709,124381082.5512479,1232422896.6412916,2916940620.4169426,1251580248.5588968,0,0,0,0,0,0,56958029.11458426,0,67276499.90453778,14086390748.702393,189704783.68077117,0,9925599.79740886
1737849600,26-01-2025,0,370513658.6593349,131678886.96363601,1475490648.2542849,2200674008.1157875,1646360575.1092396,0,0,0,0,0,0,53261133.57376305,0,85382172.42794585,12190028039.184366,164897043.56891903,0,10198353.366879988
1737936000,27-01-2025,0,1177384282.7346058,272720144.6490428,2435980494.3035803,2324879585.552515,2929686801.609293,0,0,0,0,0,0,148138737.53741974,0,169104921.26132378,15681288851.767849,410039397.2885958,0,26361824.610095214
1738022400,28-01-2025,0,665474021.4721855,140772207.6512875,1956458847.5810766,3996848924.9293394,1999406251.0122013,0,0,0,0,0,0,83373121.75711346,0,96535113.57223539,9857756202.814026,193252939.8217841,0,20336499.38439699
1738108800,29-01-2025,0,728959021.0554528,157741048.25392407,1490591768.3025331,2763610593.796932,1871338001.8439102,0,0,0,0,0,0,95740228.97322764,0,97154830.660658,9484418146.238173,230306817.46219692,0,19275835.477972403
1738195200,30-01-2025,0,631931469.9771743,116581579.64658067,1376778875.652509,4598766992.049348,2135351200.7967086,0,0,0,0,0,0,80900423.12425819,0,90792471.63282861,10248165333.57655,260967471.7566393,0,10678807.67407893
1738281600,31-01-2025,0,954180609.6927189,178627159.4849509,1753470084.3599358,3566072028.089163,2552218165.305056,0,0,0,0,0,0,113045386.05144332,0,114456196.57645793,8109921975.223365,288348942.9230026,0,24892571.26764644
1738368000,01-02-2025,0,636922863.6480272,115486507.8235583,1367103386.2629807,4165620564.1211495,1968845129.066701,0,0,0,0,0,0,88713803.02577263,0,76289820.86381419,7530525927.683414,201764916.70263156,0,13136821.203781491
1738454400,02-02-2025,0,1037463393.2664527,242960755.0146826,1781182160.5522494,3668783138.4155293,2827410062.921583,0,0,0,0,0,0,159721763.97434577,0,145988572.1451775,11052950002.070526,302208821.36077344,0,26743031.81347473
1738540800,03-02-2025,0,1936679657.2515364,431965251.1806127,2202508339.8419423,3233022982.525717,6791791230.842408,0,0,0,0,0,0,280127740.12258893,0,296647420.0833793,15566859352.281694,541769414.8828418,0,56693655.00593972
1738627200,04-02-2025,0,1335649525.129673,200907117.5394487,1715941693.0391273,2260253163.16706,2904777006.4901156,0,0,0,0,0,0,127647592.33847383,0,157879399.19496256,11641932078.3473,325154300.88426936,0,28740520.47903232
1738713600,05-02-2025,0,906303046.8452779,111492001.87854743,1368234938.4689581,2436134214.52369,2011036240.7839992,0,0,0,0,0,0,85178617.2871351,0,106661360.79917744,9802857793.137554,203357163.28107026,0,16575559.731057674
1738800000,06-02-2025,0,784594252.0093169,136413834.53996018,1371664069.1008587,2026458565.7727573,2266298802.445826,0,0,0,0,0,0,80057986.00863776,0,92951101.20230925,9571435311.484692,180568009.52617693,0,17696525.36587159
1738886400,07-02-2025,0,783336551.7624013,135736268.65018478,1306132794.9985714,1924810178.7604184,2114494470.3375456,0,0,0,0,0,0,88043655.47874808,0,101794096.66227713,9291643389.4391,185305902.62381312,0,13930049.830343243
1738972800,08-02-2025,0,447418504.2507463,81792164.20908876,851804749.0388851,3072363506.1658535,1168206905.2613645,0,0,0,0,0,0,44574880.11248089,0,55544591.647116385,5953305286.846928,182704642.143773,0,8770347.78450778
1739059200,09-02-2025,0,472831645.7442008,111903219.73614143,976546561.3712053,4503467353.85835,1245379971.6654992,0,0,0,0,0,0,52979285.33384487,0,78423125.68403164,9063323715.439606,142518328.85605004,0,11243334.74309574
1739145600,10-02-2025,0,527880702.14586383,155821834.61286494,1151832685.9187782,3925916046.3150306,1551234751.497142,0,0,0,0,0,0,60761679.18679814,0,84554743.44109344,10704095243.414175,175807049.1452052,0,11953266.866965719
1739232000,11-02-2025,0,544666871.8101788,129781118.19770043,1193691394.9318116,3122239157.9196014,1687602640.724695,0,0,0,0,0,0,59141171.79524574,0,78241063.29802862,8120083422.400637,196688971.32677668,0,12508857.080326792
1739318400,12-02-2025,0,782064804.9230036,228303773.39107105,1297524339.7956553,3314050832.716712,2188506394.336416,0,0,0,0,0,0,84478409.70772947,0,101379560.71897331,8918614864.659046,198828898.1961298,0,14575095.23216987
1739404800,13-02-2025,0,517768084.4465145,149544086.62887096,1129290474.422592,6818280691.421106,1797518100.1095665,0,0,0,0,0,0,78219323.43149535,0,85752947.52344403,7188694135.247045,167371356.27433935,0,12521134.733492902
1739491200,14-02-2025,0,475147057.8469745,157389382.10839424,1077444696.792108,5425461116.033693,1629055473.4720864,0,0,0,0,0,0,79194591.47747229,0,86287552.49792828,10533913641.423904,174949334.45893362,0,14513932.626309188
1739577600,15-02-2025,0,220580025.1160866,109224436.61419104,664605141.1055467,3769363639.4116488,733549560.4007108,0,0,0,0,0,0,39945233.579230994,0,66002095.29165543,6753372715.78854,98643743.11873256,0,7679655.81553655
1739664000,16-02-2025,0,252565036.97220135,106900079.08152163,708279110.7365559,2514662283.006751,824973792.6077943,0,0,0,0,0,0,44423440.86127379,0,64276473.99387717,5724693182.257641,127330514.22833866,0,8741689.729026461
1739750400,17-02-2025,0,654843996.8137691,145701659.60431495,1139191087.6571996,2083082929.7647471,1731737035.68847,0,0,0,0,0,0,91263682.1671252,0,104622502.28109303,6645861852.294328,120665989.51441114,0,22334982.797905006
1739836800,18-02-2025,0,689837142.3999923,165671778.80925834,1153181994.663827,2119642063.814016,1875892276.517533,0,0,0,0,0,0,93091259.07300206,0,113455426.66967474,7825661226.163175,194468155.05886334,0,23582055.51203958
1739923200,19-02-2025,0,473050208.3131999,119310906.45172521,935284736.9117204,2557686153.6480217,1250089574.1753635,0,0,0,0,0,0,72820941.02017199,0,80596383.6024912,5828656226.868809,150859900.99284944,0,11653939.798328489
1740009600,20-02-2025,0,451079362.7395209,96582023.80690818,1053939376.422924,2486567113.552778,1330126073.4696064,0,0,0,0,0,0,69638404.3834897,0,103867886.60077453,5703839563.050114,151753941.249864,0,13842508.258294996
1740096000,21-02-2025,0,984324472.0727575,142718183.2431148,1566913212.8934371,2200906552.6192913,3302782453.1013126,0,0,0,0,0,0,109095531.23248729,0,132003567.93091553,5876846966.492734,195821096.4053377,0,22679348.4828765
1740182400,22-02-2025,0,433165066.3336852,89427397.3979842,909534681.4422733,1663282918.6775265,1374273859.2804468,0,0,0,0,0,0,70985766.18368639,0,66866841.05705363,4028715782.3839493,103161886.42025703,0,9582320.181755746
1740268800,23-02-2025,0,491933821.78044903,66766223.377158016,965295239.9670722,3215428668.1471353,1617831430.0093899,0,0,0,0,0,0,71436868.33318444,0,61845853.58419953,3628705882.8831124,139932478.33838296,0,8691121.390015636
1740355200,24-02-2025,0,1025139845.8861501,118350412.96855539,1520629552.0834105,2127844418.203052,2667813385.507735,0,0,0,0,0,0,129089362.43241702,0,124642999.14960305,6530260185.197936,227050760.39368635,0,18440883.008891474
1740441600,25-02-2025,0,1262145825.6868904,199921958.70119554,1422615981.7985249,2318364933.5547247,3028361759.3813868,0,0,0,0,0,0,176806623.04941678,0,171630466.56279075,8407781468.881594,375591776.9353987,0,26609535.763027247
1740528000,26-02-2025,0,918859757.7460158,178284536.91891074,1139989188.348395,1763947544.9332757,1988977355.5443728,0,0,0,0,0,0,110606505.86576664,0,137123939.73290074,5241722182.204527,265101493.78555316,0,17433015.33864204
1740614400,27-02-2025,0,741044992.4625101,149794951.29840925,937413725.6613631,2689523016.0016956,1378456065.8081474,0,0,0,0,0,0,87344160.62425405,0,92527915.15801539,4512278774.761657,141754867.58724535,0,16251501.123042552
1740700800,28-02-2025,0,1311941303.8325963,179162490.6195414,1276525777.294667,1729187072.4671593,2983509714.436343,0,0,0,0,0,0,116949549.64548026,0,143139904.41605964,6435883618.88172,200318634.99788076,0,25476213.488992278
1740787200,01-03-2025,0,595262021.9647855,79537850.63345824,703960843.7688468,1263778866.11023,1130239427.5502431,0,0,0,0,0,0,49809565.01564285,0,60929299.21936571,3081794680.123588,110405852.06561714,0,9250459.691784598
1740873600,02-03-2025,0,1399325286.7797253,159259874.3875873,1381601010.5790167,1385379379.937654,2218710860.7556653,0,0,0,0,0,0,118389665.31062548,0,129055749.78289396,10535753664.298103,203111643.92314503,0,16947804.13629891
1740960000,03-03-2025,0,1200219835.5391424,189490298.96225256,1216332099.8411756,1162819049.6752334,2250801203.1101384,0,0,0,0,0,0,101135395.60131589,0,120083388.27323742,6866861022.693154,284200982.33083713,0,17559885.517413918
1741046400,04-03-2025,0,1121126006.981308,195433851.19613275,1229372770.0479941,1121085940.30013,2758989988.968556,0,0,0,0,0,0,99624570.4466615,0,134126858.70471391,6324880817.33164,210788561.77316052,0,20673571.45063389
1741132800,05-03-2025,0,777413180.19266,184314255.66554052,907806934.201858,1146485419.2453804,1450316844.3675277,0,0,0,0,0,0,59108328.85407541,0,92664913.64984347,4389238897.348832,176948819.8006736,0,12775353.677386124
1741219200,06-03-2025,0,707311346.6165212,146049855.49692255,942751308.897495,1449922125.4950175,1444248512.1885047,0,0,0,0,0,0,64362209.75016134,0,91353308.65918574,3952431840.2450447,230471889.75915092,0,10444200.083477613
1741305600,07-03-2025,0,1127254126.553634,200663212.46975994,1272168187.1972332,1194527684.8042467,2174248873.9591875,0,0,0,0,0,0,83656164.368565,0,112937642.89259012,5611130486.1919985,219671277.87662104,0,13466767.68892277
1741392000,08-03-2025,0,410270641.8955444,196023888.47261682,945266416.9637401,1653283914.1369271,1040246737.5147294,0,0,0,0,0,0,39266389.6106583,0,49048089.685957074,2664063730.932619,109229006.07064873,0,6250568.653725485
1741478400,09-03-2025,0,594481466.0322871,107667871.64490071,1083519739.1024973,812963641.4062182,1598018888.1231248,0,0,0,0,0,0,56055016.788350224,0,79456960.06339833,3163114326.757453,108865980.924674,0,11148806.155451823
1741564800,10-03-2025,0,991267502.0974742,197510470.58536068,1276812770.4198644,1314479153.2275515,3132601610.696295,0,0,0,0,0,0,97788330.34629022,0,124153808.66739407,4193712908.7227807,196876381.79859388,0,16964654.68953282
1741651200,11-03-2025,0,885161964.047021,155807513.45230174,1188742251.4649162,1421833923.0434108,2348137976.805452,0,0,0,0,0,0,83799461.70849535,0,102785733.77903603,4506670293.329651,168675969.97861087,0,14968920.61476875
1741737600,12-03-2025,0,720789400.0624626,131372457.34701572,1080092894.344737,875650905.3270597,2056418742.2004457,0,0,0,0,0,0,57798042.23480985,0,71230513.87990889,3622612012.368268,124309309.61289614,0,10806139.73482819
1741824000,13-03-2025,0,490311375.5791143,121335063.28541939,871919690.6004179,1385195026.9415398,1315430093.1888077,0,0,0,0,0,0,56138170.12976701,0,70634070.67581706,3196083199.248089,131145866.9290122,0,9036505.8620849
1741910400,14-03-2025,0,360829789.99545705,105496267.90213287,737058651.3493627,1277829640.1398754,1142656777.8393557,0,0,0,0,0,0,35259667.73958675,0,61019029.93321638,3291904138.6718063,142392108.8394555,0,5207503.280364446
1741996800,15-03-2025,0,186392037.91068873,88993695.6865074,590758196.1875952,2059768930.8394942,628445001.5304283,0,0,0,0,0,0,25678033.315908104,0,40062065.134101674,3762590841.0736256,95963023.03216176,0,6859404.585050413
1742083200,16-03-2025,0,313161373.03561217,85674157.42086007,658492139.0970876,1675005881.4226506,776129239.2522496,0,0,0,0,0,0,31767306.503311604,0,49145615.26982906,2223340770.8140006,73363311.26445545,0,5035859.78345298
1742169600,17-03-2025,0,382740127.4740288,81586631.49690215,717546296.233275,2676814807.502622,1019734569.3901947,0,0,0,0,0,0,35684865.64193758,0,58045820.96030374,2396830440.851781,127512191.669976,0,8769751.899317268
1742256000,18-03-2025,0,334289652.5936479,119927399.31412902,702519376.0989789,2744022958.8822947,999731101.1435993,0,0,0,0,0,0,47054296.59079949,0,55890135.63322587,2296420433.267967,88901242.62965275,0,8817829.950823486
1742342400,19-03-2025,0,615289270.3208758,139477448.67676133,901433674.0676829,2035675070.7654762,1505229080.4359217,0,0,0,0,0,0,60321817.780449055,0,83293452.39378932,2973768581.7451396,111189623.3381474,0,8664828.460986149
1742428800,20-03-2025,0,372847900.5494302,91801903.41457365,780028410.1485517,2070385983.806489,1287772990.800343,0,0,0,0,0,0,39332571.910510175,0,65097700.57796497,2596435878.717936,113472052.98278262,0,6997160.367401363
1742515200,21-03-2025,0,325914258.2110905,114083729.3683851,623370445.6200591,2696164262.8751664,1070081769.8879975,0,0,0,0,0,0,29185566.77318426,0,52518553.32306719,2492485735.052778,92861836.2988813,0,4792664.17666132
1742601600,22-03-2025,0,191514410.0048842,49295577.13690098,389736162.51374155,1486322810.103627,536698180.2308628,0,0,0,0,0,0,36372509.948036775,0,37033842.08000978,2086313860.1514573,57648527.02746696,0,8224939.408532325
1742688000,23-03-2025,0,255412819.05459076,80276872.65415102,529747589.04800856,923347518.2623928,597301922.3821521,0,0,0,0,0,0,55255786.71458526,0,37463287.495198384,2638386521.966285,68524556.65702258,0,10238836.75658498
1742774400,24-03-2025,0,417353313.6212812,141063834.7561365,798350332.0724422,1497704438.200748,1141233679.282877,0,0,0,0,0,0,38583549.02304059,0,62303210.11384907,4543321572.829267,129324548.07063495,0,5131230.430464143
1742860800,25-03-2025,0,606686440.5563488,119020212.50986291,730741768.5440345,1204526148.4656048,935265621.3267719,0,0,0,0,0,0,33267862.85524619,0,62020909.25748273,3619151344.6994023,97752182.87168604,0,4966778.538480162
1742947200,26-03-2025,0,324447026.6853418,97953324.09105416,701476789.0206378,1098894659.2710116,1032653059.4818091,0,0,0,0,0,0,29959952.14027267,0,66329206.82851371,6464953694.298753,115193172.5518445,0,4476918.715474021
1743033600,27-03-2025,0,311122711.6445724,92004570.37208761,637983626.643134,1882609179.3275735,1170999044.7283914,0,0,0,0,0,0,29739930.75332831,0,60542369.56785168,4173552851.711444,286985035.207601,0,3826760.0553987483
1743120000,28-03-2025,0,417675556.3789129,121814412.11989431,750942280.9953716,1010725026.6529448,1471985569.5424976,0,0,0,0,0,0,43026299.13525815,0,74452195.49428016,3475095624.832014,257105851.44579932,0,6099046.30642911
1743206400,29-03-2025,0,269176400.5501723,75783543.63980064,603260718.8880179,972926427.7231548,930057935.2901785,0,0,0,0,0,0,38149072.045137905,0,55381105.86228469,3432916100.106045,157350345.4822711,0,4449980.134889309
1743292800,30-03-2025,0,216372004.61368442,69397953.64177135,510934995.6808508,940827850.5176419,732382427.9465177,0,0,0,0,0,0,32106453.66831314,0,43248443.47834781,2564513044.6101837,173384653.99684948,0,3659210.6396159683
1743379200,31-03-2025,0,375423267.41221756,84695605.23968348,724357512.92166,1009657300.6595057,1079276187.063327,0,0,0,0,0,0,45904767.89232007,0,75961213.00569701,3061534607.3080363,216766368.1928825,0,5385136.063515199
1743465600,01-04-2025,0,411134755.8511389,94062007.95408699,723621062.813064,1110268276.689379,1097092010.0378845,0,0,0,0,0,0,36952412.93038654,0,74912259.61868858,3046677700.5950255,208496454.43628216,0,3723595.289395224
1743552000,02-04-2025,0,706090269.6638001,145436620.18679836,1066085094.9062116,1135548994.9235098,1451427287.5925963,0,0,0,0,0,0,59044311.93668698,0,98774502.30028519,4213522881.570733,266503340.56941944,0,5866632.709114241
1743638400,03-04-2025,0,432258712.1171614,108618707.0342319,733786342.2138,1035310175.8610423,1228953814.0551379,0,0,0,0,0,0,41060151.747519284,0,81775403.09756216,3281615144.679584,201871263.08224294,0,3815328.714396344
1743724800,04-04-2025,0,552013379.3857853,121752739.54493973,817663532.063519,668560093.568318,1266892406.4571826,0,0,0,0,0,0,38337763.26622111,0,98308989.78246047,3772623791.52277,206059530.7743474,0,4981254.966495009
1743811200,05-04-2025,0,183507894.17597103,40750405.64924474,638598125.4347153,753592834.1635981,629692909.2872862,0,0,0,0,0,0,16105194.106582915,0,39200445.04372944,2168437642.79713,115139518.50617889,0,1770513.1024033083
1743897600,06-04-2025,0,457069335.29197925,108966643.78581284,3490531143.1795034,686405638.2982152,1642715098.464327,0,0,0,0,0,0,53016086.52818979,0,77890298.74994454,3663669778.331568,165251265.99043065,0,6435863.07967886
1743984000,07-04-2025,0,926551635.334455,174859769.29699436,3202904168.247779,1000002633.1501818,2464251893.162137,0,0,0,0,0,0,94461609.37392601,0,138299134.06824666,5349913349.821084,278063005.8615334,0,10740013.794524034
1744070400,08-04-2025,0,478887274.5876668,103792213.68564191,601123456.153202,1056062901.7183328,1201263716.1631153,0,0,0,0,0,0,52198577.76972526,0,79608844.5533515,3533952504.0108643,163631739.78591675,0,4322564.036942518
1744156800,09-04-2025,0,904695101.2576946,162958192.4489382,924123458.8168945,1165696317.0313647,1736276679.6251407,0,0,0,0,0,0,63879996.40084726,0,126165344.3464262,5206383183.048662,240997334.52461112,0,6585958.931995653
1744243200,10-04-2025,0,558203643.982337,102667753.75379989,610123456.3722534,1006216208.5231277,1452816883.6061668,0,0,0,0,0,0,45728901.0948633,0,75928356.62238276,3282840608.5248837,156187541.9372088,0,4105215.8265360324
1744329600,11-04-2025,0,441503110.02382016,127670789.6963509,591123457.6169434,792457895.4544398,1096565758.4690964,0,0,0,0,0,0,34917181.74728272,0,60162193.21436915,4847665394.631024,131120788.44663465,0,3323140.4430491454
1744416000,12-04-2025,0,339084032.6152326,142914956.8155378,518000005.01464844,713798392.7446454,921096752.0611713,0,0,0,0,0,0,28818704.96945088,0,43953886.636303835,3605457178.749824,165136689.02845752,0,3056620.8387568686
1744502400,13-04-2025,0,494816083.5355468,99911394.49245939,636123456.1763763,921944905.0897541,978458695.4704812,0,0,0,0,0,0,39009095.790154375,0,56698316.30727022,3520425292.0104685,166159613.78680184,0,6653044.39320039
1744588800,14-04-2025,0,520728520.7639314,141773897.0277518,691123456.084404,1055574405.9185426,1192476377.5563676,0,0,0,0,0,0,48226113.135170184,0,64316243.65535161,4061194546.1076384,134394848.4740677,0,4887066.247992983
1744675200,15-04-2025,0,399581407.05735564,99676605.32274117,542123456.0383816,874842367.2848763,902525570.8100417,0,0,0,0,0,0,48403140.95518797,0,54671667.057100885,3965462917.0023866,159603060.49237394,0,6726540.263413804
1744761600,16-04-2025,0,490707454.9288765,107106818.25661881,2358545763.3070292,1199879153.4212859,965607999.118156,0,0,0,0,0,0,50762881.16507451,0,61561749.88121808,4294062530.9332767,133722691.04818906,0,3168906.615558816
1744848000,17-04-2025,0,339682885.848623,89519319.74425583,613516193.2498535,1277676408.0508296,891428590.1290374,0,0,0,0,0,0,37285150.7433945,0,50903095.44866649,3664740682.408523,85162661.31254917,0,1799900.7900447499
1744934400,18-04-2025,0,148632051.22087413,61367277.12122422,356550478.3690724,1008062282.0358078,573266195.4892193,0,0,0,0,0,0,23238919.332481693,0,35895633.62121481,2751888726.6052117,59696594.41861902,0,1222670.15292671
1745020800,19-04-2025,0,157593372.93132383,73228983.20710522,317792504.97584254,698091131.2887539,439141105.16409045,0,0,0,0,0,0,19892096.05094248,0,37988879.33725515,2870719274.2704787,58238563.1958154,0,1009480.4681287939
1745107200,20-04-2025,0,170593232.05690584,63616132.42924635,321212494.90053123,1033450660.3040034,514161732.70832396,0,0,0,0,0,0,23949380.598827768,0,40577891.38097448,2902366883.5041275,54376328.09179142,0,1051381.3951499823
1745193600,21-04-2025,0,428116316.0334209,152994203.1290174,628602899.4167566,1501977548.7413754,917349176.1848415,0,0,0,0,0,0,36493904.01472255,0,68221417.41310355,3753423407.681329,121973157.75165439,0,2194767.927851602
1745280000,22-04-2025,0,665239315.5807736,206754813.94949773,878929877.7919497,1303603107.6431243,1344748114.203085,0,0,0,0,0,0,61444398.641540915,0,91701605.78229016,4553284988.759717,304135756.83478135,0,3211585.025541927
1745366400,23-04-2025,0,654127618.1931127,206473983.41347784,973726753.9741558,1492950856.9580665,1510704461.4965632,0,0,0,0,0,0,51923026.72347244,0,73150307.11300153,5684309964.248975,386730513.455124,0,3936018.4039205927
1745452800,24-04-2025,0,393742715.42103934,156226841.01847044,750668429.1457536,1454423840.9156199,1019242550.4794642,0,0,0,0,0,0,42188012.47440136,0,89573260.04527187,4414176284.632914,303369912.9739708,0,2722536.3248248072
1745539200,25-04-2025,0,462118386.1729688,166556436.03512043,879217009.7764562,1040808170.4569676,1048474759.3098724,0,0,0,0,0,0,46328956.936833106,0,76645621.01000263,5080907953.668493,302774734.1436259,0,3197665.883034402
1745625600,26-04-2025,0,652530540.047228,126265860.40285258,742161760.4802971,794941324.3373055,761354784.5824988,0,0,0,0,0,0,35777696.849898465,0,46397619.8200504,4758238079.913322,146276294.16321075,0,2069961.765286469
1745712000,27-04-2025,0,345542267.8706597,139997535.64335793,574454893.0805655,794402331.9193332,645205845.5358294,0,0,0,0,0,0,31477419.936460648,0,49884599.02421112,3652846402.489558,187033210.80320653,0,1842598.8578901535
1745798400,28-04-2025,0,478629619.9447454,159884337.47349066,901865290.5131258,984498710.2825487,956244638.6461616,0,0,0,0,0,0,44701799.519340046,0,66655599.538973525,5034876072.532241,252474142.4802241,0,2130836.3181873756
1745884800,29-04-2025,0,394939837.5168119,129240268.33124855,841946249.0754881,788122019.6004186,897517200.922713,0,0,0,0,0,0,34902970.04762754,0,61611883.06724803,4397282910.102818,178740866.57495067,0,2207313.6017333497
1745971200,30-04-2025,0,397773517.0824488,137783409.18640083,825213383.6525612,1074323476.0632732,1165677324.544626,0,0,0,0,0,0,36419388.495976694,0,70261801.6017131,4719015910.533486,179355496.6060126,0,1815369.0288543247
1746057600,01-05-2025,0,342649111.99908,140270824.65410513,768275585.5750445,1127491947.601066,1236928862.666749,0,0,0,0,0,0,35783321.9322411,0,67702403.80959192,4679270499.634229,207869920.8418902,0,1725626.2500813894
1746144000,02-05-2025,0,315503951.8495975,136144063.899164,664476813.4037521,1114829870.2362447,965037500.8372025,0,0,0,0,0,0,38950542.72781632,0,53445479.287065774,3992051447.1863527,167788353.52866802,0,1442394.225646517
1746230400,03-05-2025,0,182519163.03462893,54402432.24716665,433813861.0997563,611252426.5761878,670476477.25792,0,0,0,0,0,0,33005415.411581744,0,41254664.41165727,3807310577.526156,113179994.8616554,0,1162990.5849465125
1746316800,04-05-2025,0,237392842.05499873,61760059.79541819,509732133.73800987,602472075.7944849,844033717.7230102,0,0,0,0,0,0,33357917.483870108,0,38779743.149641745,3535014215.0740366,161954858.57106003,0,1333812.2007036721
1746403200,05-05-2025,0,312531223.9380771,94274762.0135558,606913893.6552507,862388317.6034632,1132852465.992685,0,0,0,0,0,0,25942793.679618515,0,59908488.88708723,4257984779.69924,243959647.93010736,0,2260428.1500955247
1746489600,06-05-2025,0,360541358.5559958,691240611.2477001,691033451.3390269,1942907080.1473954,1217097816.534618,0,0,0,0,0,0,35928750.35147742,0,60623348.320666134,4254995660.6255903,214081552.82588932,0,2456034.522180389
1746576000,07-05-2025,0,408895436.89741945,94788771.19910729,781105920.7028875,2037423310.523837,900510945.2500972,0,0,0,0,0,0,35876399.82622757,0,60568518.23101354,4230996814.173898,178732202.6892934,0,1490848.0539438976
1746662400,08-05-2025,0,770098141.9625195,127299017.86759193,1419550555.0337067,2058406181.6150427,2191199033.340427,0,0,0,0,0,0,66607377.029605314,0,135718550.8011162,5637879469.508747,300079480.2775283,0,6278315.853716776
1746748800,09-05-2025,0,946363520.7294241,213532080.34965807,1507475524.8957555,2413770603.59034,2387912292.215719,0,27596996.538172185,0,0,0,0,86491338.47494148,0,108607101.08152863,6660551896.876477,234446155.6617855,0,9558317.622721484
1746835200,10-05-2025,0,757797355.8547523,174753030.32157162,1230143133.0190854,2348810129.430849,1453600709.9123764,0,54309419.168175995,0,0,0,0,80093150.91962868,0,96588706.08452235,4925205230.468783,192370743.42098194,0,4952716.25100516
1746921600,11-05-2025,0,767014008.0261067,133092165.61833097,1155439023.8354955,2546677139.574193,1756406689.5414133,0,79835301.59615894,0,0,0,0,72986845.20350249,0,86102887.86410722,5267840095.511511,258517805.306122,0,5393795.111881301
1747008000,12-05-2025,0,1362164771.314856,203237199.3729054,1538724256.8394716,3183479500.134857,1933408318.3796034,0,67000711.09920074,0,0,0,0,77633540.31894875,0,105081575.95541675,7810768162.922313,279394074.3484109,0,5091996.216759293
1747094400,13-05-2025,0,808088031.7079374,152533599.75988626,1522887141.821681,3013789462.294156,1888521392.9515667,0,62909180.691815756,0,0,0,0,66713399.328734756,0,92520937.42634508,7005487904.489042,269385460.17715454,0,4042531.207573187
1747180800,14-05-2025,0,715726411.1683676,182051575.67461854,1251407339.8233247,2833222265.166006,1787979199.7867124,0,59935395.5399521,0,0,0,0,60149802.272529274,0,82562209.18008469,6976904628.781101,289098112.8646999,0,3411079.712681109
1747267200,15-05-2025,0,835949057.3767991,145555814.35890272,1197616201.9625604,3295281547.4702315,1648880790.3759449,0,70407071.96487504,0,0,0,0,68841515.99475372,0,90280267.70895779,6431413140.605402,320428846.25338024,0,3509092.6650692225
1747353600,16-05-2025,0,583736929.285404,130199948.18592045,986061394.2940731,3974293287.4851203,1566160017.2111585,0,63755524.9179873,0,0,0,0,49302999.10962891,0,75058000.13071652,5296712102.791759,260485651.18173313,0,2428082.5298581356
1747440000,17-05-2025,0,480543724.9987555,97830891.06826073,827459530.5754291,4193281782.1213646,1198743711.9186313,0,54563710.538203746,0,0,0,0,42276067.771746546,0,70857854.28597407,4696685807.813923,368160170.1806483,0,2115233.8616419015
1747526400,18-05-2025,0,706223746.4958956,108710825.34665126,1115552329.3180022,5026064399.430658,1475243052.7637157,0,47625042.464436755,0,0,0,0,58461534.53086601,0,87476075.5310672,4975409861.443255,342181270.3483017,0,3291541.364443333
1747612800,19-05-2025,0,834413153.6737857,104471717.56323048,1287208342.1917067,5764769584.105908,1789822233.635678,0,54927669.69110206,0,0,0,0,66841570.47012179,0,127759872.83085345,5331805172.728618,239811016.77400333,0,3405284.819908078
1747699200,20-05-2025,0,702113864.8693657,106475937.01383704,1757285366.0055988,7245759337.78034,1638831777.988043,0,43516186.04824917,0,0,0,0,60163207.7602,0,134764870.89883876,5478638628.322687,232999716.12374306,0,2462919.979908417
1747785600,21-05-2025,0,992880729.0741204,137853210.0796246,1472792718.8377461,7190357887.264305,1993101222.156016,0,57768022.38827224,0,0,0,0,73158653.9058849,0,110519637.48779052,6804024596.590174,321664109.6659644,0,3483405.5886492794
1747872000,22-05-2025,0,762153606.9034171,178085424.64547274,1317372145.9587922,11637585892.011507,2038429805.253012,0,87633332.32179406,0,0,0,0,70805002.40853207,0,89909167.47535005,6650993822.676392,674366377.9043708,0,2864904.9462122396
1747958400,23-05-2025,0,826312502.3791347,188701109.88257688,1438068436.4529688,10593296366.595142,2908462312.3064737,0,129106242.46977192,0,0,0,0,80734800.97548184,0,104459179.14868198,6949099113.723109,159859114.9547133,0,3159926.6089277505
1748044800,24-05-2025,0,301663207.34076184,88390482.53326191,670146683.0383409,10131909303.803162,1192700320.9264238,0,94719086.06301366,0,0,0,0,33253031.460083067,0,56666087.80433192,4340074315.423463,110120627.48211226,0,1189124.8425195878
1748131200,25-05-2025,0,374179533.8611476,86275326.69387661,752231566.6167431,10486916232.658,1183575970.3679614,0,105392722.82934196,0,0,0,0,34200525.12212727,0,58543975.42151843,4411399278.353228,152279898.75050205,0,1306962.733044148
1748217600,26-05-2025,0,327046625.75303674,100900165.80121805,813365820.8316609,13233103793.578964,1142678698.4538333,0,109076957.95888709,0,0,0,0,29762163.501476713,0,60967829.98957471,5103357337.102766,140818767.12847215,0,1177394.1806444477
1748304000,27-05-2025,0,585050423.6509075,149660375.67737424,1073959660.5969055,11382460572.257168,1448910175.322214,0,106253179.73803727,0,0,0,0,54567564.12907465,0,87260697.86398837,5802797913.725637,205983918.54654294,0,2195663.3323506243
1748390400,28-05-2025,0,495069885.7840314,133783628.56206383,888384934.3107134,11221864639.09109,1524985956.2355447,0,94302025.8989023,0,0,0,0,49334724.9516723,0,75502084.09951374,6652773915.561528,197684772.00398782,0,2481203.1575850667
1748476800,29-05-2025,0,663497317.3388275,161769012.40271097,1157296778.8907983,12333607302.824997,2201991980.3653426,0,84605766.15609615,0,0,0,0,60310702.309339,0,79268252.47321934,7215613541.39372,278131080.78187376,0,2802243.796479434
1748563200,30-05-2025,0,709663991.4381796,139776595.1395144,1131450276.770266,12315527650.907406,2004408256.7335544,0,87759943.83161798,0,0,0,0,57833322.79824743,0,84204610.41412622,6090285369.839373,478609344.20349103,0,2570823.3099774243
1748649600,31-05-2025,0,372141542.935044,97679934.21727677,734199940.7207334,12306150416.065327,1344528482.501327,0,60910034.6435413,0,0,0,0,40787015.70015637,0,60351945.588880315,5054697267.301637,127814170.05387408,0,1844297.247446976
1748736000,01-06-2025,0,296648807.2677463,58986047.54441011,687115880.2729919,11663783268.223045,1180357256.7344189,0,52514256.1593328,0,0,0,0,31105493.462830633,0,64372925.27247794,12505694267.243351,62662402.73983902,0,1108330.3644709082
1748822400,02-06-2025,0,448135546.440027,87250866.41796905,893614737.7343335,13611032891.809254,1315910484.6030686,0,66347404.043064296,0,0,0,0,38793443.91741605,0,75967430.50344487,9500871256.188225,85711564.21136415,0,1452991.3476328675
1748908800,03-06-2025,0,425502851.84170854,105251448.1420714,944059450.6683683,14495716438.284672,1453553711.2248802,0,71093066.1345829,0,0,0,0,36575544.757948935,0,92216464.1829304,7896279100.180804,107202503.2039358,0,1773578.2520346227
1748995200,04-06-2025,0,397138223.83280337,88874978.10468306,856451762.005352,13380468724.352272,1370459887.1558564,0,73977341.06084752,0,0,0,0,38208116.12062098,0,104149952.99933137,7035582267.279556,81090411.5500535,0,1501369.5803162304
1749081600,05-06-2025,0,673803280.4917895,103314173.55312584,1128781238.5755985,13049235405.185253,1809645352.8350694,0,83024111.70811857,0,0,0,0,58986444.48295658,0,94222251.6510512,7634568815.415112,169802840.5466331,0,2466692.611055291
1749168000,06-06-2025,0,439830582.76696825,106515789.34754413,884094894.6664753,14217076290.95629,1408604235.161678,0,55473206.99373467,0,0,0,0,38124282.886810035,0,83105737.61640692,7502741973.226248,78235970.40366659,0,1412816.185094078
1749254400,07-06-2025,0,207640981.6741363,86630218.14199266,607067138.4821612,12770298841.644024,805276591.8006138,0,32089948.39674281,0,0,0,0,22117175.044824645,0,56811889.23736711,8234436261.341834,42897961.430168256,0,742372.8088388935
1749340800,08-06-2025,0,192731667.49118656,115507925.94603881,641930997.2535516,13001331613.247887,805722450.9269545,0,43533748.29848578,0,0,0,0,16465525.270655995,0,52734346.34503391,7768073940.088732,134822463.93429404,0,744443.2306751581
1749427200,09-06-2025,0,453195078.16615057,149493170.82351235,1109123073.123228,15191486323.464184,1427934070.955043,0,70351500.0176172,0,0,0,0,34318762.6398354,0,86391556.96552058,9232568551.721539,109555338.91825014,0,1361668.7943150182
1749513600,10-06-2025,0,783417651.1870514,160109253.2398298,1350138416.577042,14673481543.937126,2090791631.1940875,0,91225283.41420704,0,0,0,0,61063034.78301571,0,92237276.24878111,10330712659.577133,162573358.63265902,0,2743005.2692277837
1749600000,11-06-2025,0,671751391.408465,158204253.31634283,1276603102.0529187,15458157754.874874,1403415108.3253162,0,105959228.74661568,0,0,0,0,53825043.554539956,0,98840402.99460785,10307325790.103697,164370733.2631545,0,2114651.9406341086
1749686400,12-06-2025,0,685109204.8765811,164998799.20509017,1299123500.4145868,15472819303.58251,1515931888.3337169,0,120464443.036822,0,0,0,0,55615712.82493133,0,96756184.63078332,8620802314.490873,190052217.70498163,0,1798053.812831817
1749772800,13-06-2025,0,855981305.1645654,166148081.45716357,1535525651.4569774,15344233698.91454,1569076695.4523764,0,128511907.88220732,0,0,0,0,67325598.88093998,0,114681210.3148598,10207367784.770685,196430455.10946634,0,2819709.0232545147
1749859200,14-06-2025,0,285804757.959488,125985526.14554204,754549611.325481,14473980560.604675,667508461.4131978,0,62503891.52273952,0,0,0,0,41271055.3114573,0,64613069.916256696,8650355015.49736,112711255.79452556,0,1023812.9378807276
1749945600,15-06-2025,0,268751318.38143516,117606112.01434587,714140690.1369504,12600491263.795216,921001185.5535462,0,52350787.04424523,0,0,0,0,41978923.77315879,0,62384532.986146666,8678305921.255917,118710965.6070327,0,967883.8508511247
1750032000,16-06-2025,0,596270280.176959,177506040.5121237,1206158320.7276194,12270417015.711262,1611964908.1843643,0,88100092.86786091,0,0,0,0,57577370.50383983,0,112065659.65238222,10799317968.324202,181366027.53503364,0,1805736.065839128
1750118400,17-06-2025,0,629604162.33747,232174257.37972197,1154764643.411006,12795808526.672134,1850761258.4332485,0,106643602.44806266,0,0,0,0,54102329.62900952,0,94011910.05542138,11319541583.622597,174199875.40754688,0,2209669.023058179
1750204800,18-06-2025,0,580270430.1468453,160683493.6133334,1056794436.8929653,12388302256.36966,1398864468.0504615,0,102183341.28531764,0,0,0,0,46873138.79269325,0,89968574.43713632,12406608971.147438,204959774.11657125,0,4082762.8297286015
1750291200,19-06-2025,0,280102626.7887242,103228065.83613482,757239718.9636116,12636665987.32154,1169783539.6312368,0,82581853.06601499,0,0,0,0,28709350.743334435,0,70550582.9811634,9417847859.135408,173667706.80942318,0,1304033.728589652
1750377600,20-06-2025,0,462329988.4852401,119497686.10312021,941444891.5812573,12238829417.35864,1338124082.9749155,0,80962072.67078887,0,0,0,0,37029387.40299296,0,92167538.26923218,10002321390.049685,133965800.80465037,0,2719602.21123377
1750464000,21-06-2025,0,384843261.95900357,81139469.39840886,808446038.1608238,11021443498.698448,1247364800.913517,0,72236084.99215508,0,0,0,0,37601987.45373388,0,73035940.2763237,9622145777.907932,128986437.26206955,0,2684693.9236156703
1750550400,22-06-2025,0,637517158.9823328,106470029.68630365,1118628806.4314795,10065565954.162775,1670782763.511427,0,93039184.03489618,0,0,0,0,54465147.95367235,0,102461651.59077671,10069895856.428665,202287566.37279722,0,4271873.044492451
1750636800,23-06-2025,0,670291632.3988843,139194904.05713782,1166555408.8484218,10724810299.272867,1575543917.18728,0,100887672.71335031,0,0,0,0,53003465.10492937,0,122807514.07271387,9346863398.894363,198034381.6722345,0,3910831.011761287
1750723200,24-06-2025,0,504402763.6587033,146668437.2917803,1034332050.7664781,10300439539.766445,1216065227.273906,0,83930802.85271163,0,0,0,0,42325623.413687825,0,101575534.19634788,8780856399.588787,197743624.84210864,0,2166464.476355921
1750809600,25-06-2025,0,422791249.6546475,108196783.99108383,825356352.6247407,10522848331.79402,914389391.5277057,0,76719344.72706123,0,0,0,0,45737001.0176194,0,91685496.4426451,10080548534.958845,158144791.822824,0,2325817.856227766
1750896000,26-06-2025,0,458038228.64529246,84398092.96842748,853987032.0840714,10388566306.776794,1415136612.5053737,0,78107351.52137318,0,0,0,0,42448893.268891826,0,85179859.56083307,9204106461.120522,125621424.95835821,0,2564679.2699568714
1750982400,27-06-2025,0,309265477.15763855,82130389.37024061,662546094.0389781,9585715601.616217,1230444236.4008777,0,55494720.556182064,0,0,0,0,29832636.61662029,0,76934140.07223454,9869122602.182222,217941939.03547177,0,1520325.1834601755
1751068800,28-06-2025,0,120890112.19476351,71017697.85346942,354399472.6394762,9302327524.504175,1168177845.068468,0,36874025.42104914,0,0,0,0,12218710.366891153,0,60399415.161544114,10723760337.321579,166474803.4849127,0,663509.758527748
1751155200,29-06-2025,0,241901512.95191616,81496004.26979765,498368036.76607454,12778770680.057938,1659306421.2076237,0,43602286.949367434,0,0,0,0,22699502.951364614,0,68194115.31127426,10064709835.435179,205498624.40916806,0,1263137.1064789144
1751241600,30-06-2025,0,429637005.74742407,134387222.271587,2030417465.4170392,16420005577.202816,1058074864.7370422,0,82365388.4358995,0,0,0,0,37873230.079696186,0,92558096.19553249,12059336276.97978,251420378.7490458,0,1928350.1227527524
1751328000,01-07-2025,0,328061323.3178979,72497189.97601724,720552818.6825082,10941298440.911152,843139870.1473421,0,70286969.12890914,0,9622387.065479267,0,0,32135823.643967044,0,84483415.69141823,12335000301.392359,227487229.85370255,0,1621244.817555295
1751414400,02-07-2025,0,445846004.93300986,109085723.17245778,937238717.7232243,11859884475.031904,1025071765.4528335,0,85824954.4847798,0,15698990.442906054,0,0,42375526.337606095,0,107403759.2788694,12284208297.516388,268064193.63717332,0,2217578.0746377977
1751500800,03-07-2025,0,440998517.0155883,145206292.07782418,931409192.7667904,11104097240.344551,954133863.0750893,0,95611248.7003209,0,8703707.841581292,0,0,34116907.482387915,0,97458803.36804654,11130137810.816202,286335290.5402819,0,2353789.9783928483
1751587200,04-07-2025,0,322295059.30808794,83389895.23956415,754080388.6642269,10649988105.226257,826595553.6714418,0,76249169.29393938,0,7260925.6141479695,0,0,27758623.56804662,0,90037921.89369933,10262482481.28354,249518352.89437526,0,1489320.1611697455
1751673600,05-07-2025,0,158759114.10191318,49458418.752064295,2020727453.798337,10305823913.495071,986202462.4899864,0,58457390.51878899,0,6670460.546008451,0,0,14596392.54803836,0,64319507.07688371,9907695928.668474,155027791.1835144,0,778416.4711380033
1751760000,06-07-2025,0,263839280.0585228,74175727.60530062,629311798.2657156,9886568013.82307,787013122.3150976,0,58749620.57951049,0,7116433.901349597,0,0,21428835.91158338,0,74677142.03161228,16552613231.327114,194146880.84274822,0,1386316.6227396461
1751846400,07-07-2025,0,366369645.7224538,87156827.52043751,840556150.0223534,10475903093.047102,907665800.5197085,0,68839502.54922919,0,6859947.510646141,0,0,25072652.948929653,0,91073551.65237598,10891784850.545496,212435067.510278,0,1971465.0691207857
1751932800,08-07-2025,0,327189633.30581206,78383316.20784716,820855254.7663797,11011160972.899933,856809521.2529914,0,101458448.82268478,0,13124834.485309716,0,0,24163440.0265104,0,87543158.88756528,9899501717.76728,247191258.70762593,0,2124568.439349688
1752019200,09-07-2025,0,577742725.5562435,163120379.96988153,1015634864.8883566,14341899156.869818,1129334712.6216257,0,98668877.44902848,0,16573782.961170444,0,0,38226172.79240079,0,119439726.522242,10107251630.451822,230837524.88443777,0,2297924.672378372
1752105600,10-07-2025,0,667548937.489605,134173465.77185887,1418949413.1566215,9052904001.385424,1534112820.4367023,0,108488341.96354413,0,23941675.37214797,0,0,54600407.84200134,0,90621099.41148578,10612523613.24644,364800050.3451646,0,3012779.541384691
1752192000,11-07-2025,0,678199831.8061457,188792721.87068033,1617897964.9772587,11649088662.70113,1570356800.6135018,0,122378238.15479738,0,23394783.54352311,0,0,65894067.80946616,0,107261748.4518349,11627316264.780579,417110213.5022429,0,3779817.1331071085
1752278400,12-07-2025,0,342733493.02506375,127354541.52488789,896348933.3749286,9724992070.393091,886153582.1625545,0,106385661.51340985,0,17206721.780696996,0,0,35695871.901423536,0,90067850.36222406,13781330397.28068,271045044.51338017,0,1472629.5715470277
1752364800,13-07-2025,0,327522047.6926197,136267658.13972402,974767933.4715457,9351181641.088062,911507242.649383,0,88211113.39170957,0,11854297.242534472,0,0,31662371.025197934,0,71230614.13403165,14010722510.837914,264264830.6979353,0,1750810.7690363494
1752451200,14-07-2025,0,627269042.3637509,180575997.6126638,1621463165.6286747,9179363851.19645,1497667713.000946,0,128975533.15925802,0,15515769.61899741,0,0,64408253.543284826,0,100776002.51448336,13013841699.383764,592686536.2117753,0,2385312.8505095076
1752537600,15-07-2025,0,797177921.6861708,240568421.24029672,1716620606.3234189,11063650767.551037,1660295255.9152203,0,195318193.08624914,0,23448287.27598146,0,0,66995408.94957358,0,116706355.34291318,13766443931.692856,621609908.9300101,0,3385675.16069294
1752624000,16-07-2025,0,682137995.1253978,178711289.00939474,1601407217.313096,11636150389.275208,1733341915.1598825,0,180267080.71497935,0,23902913.15770393,0,0,76608318.21885403,0,111597392.7928501,14499034329.199905,418838636.40713257,0,3390666.2818752974
1752710400,17-07-2025,0,846379543.8008139,233824598.00440606,1821415296.4515285,10069872434.344337,1729489740.469969,0,182924896.3978039,0,34307222.608465806,0,0,81043329.22061728,0,131336258.21802844,13508056202.517855,446525103.99240667,0,3544352.6680116123
1752796800,18-07-2025,0,906232733.1683838,336922579.3255108,1809892631.1430268,11925585142.528225,2160966026.2954144,0,162819322.77261555,0,59447003.70009389,0,0,86902061.44256787,0,143627373.75877577,13702795719.875141,541185121.7734356,0,3703741.8935333034
1752883200,19-07-2025,0,417468995.9087478,275255453.28315145,1011501697.8010664,9713657191.66621,1115404266.5450196,0,107762554.99581322,0,13767019.92852016,0,0,47489299.234293416,0,80879924.54276101,14208428740.640493,262431487.56621158,0,1753937.328222308
1752969600,20-07-2025,0,651422151.4538124,253136186.2447712,1393586747.5927725,9198446087.458895,1997778715.7286348,0,119377094.46670948,0,21522015.706956733,0,0,64460026.96491578,0,95619888.62998165,13677385533.46226,335809331.7392771,0,2025394.1320262104
1753056000,21-07-2025,0,729744699.8014053,282432409.6225747,1591545592.0942023,9540063554.06483,1962395132.882082,0,172580823.4208498,0,19397485.699286424,0,0,61488973.42994223,0,113177646.26017481,13497399584.947353,421223367.835889,0,2371324.646241511
1753142400,22-07-2025,0,879708832.9045427,576677754.2554178,1685548173.94424,8605847454.3228,1899264252.5839374,0,199678215.863554,0,25587102.393272668,0,0,83496835.25062865,0,129519868.64403334,15495242503.267025,568186515.0693532,0,2762718.2555458616
1753228800,23-07-2025,0,768009556.2426174,362270812.08903944,1639409483.434684,10371556045.781422,1604764698.356678,0,179628890.65083724,0,33362693.95062765,0,0,64763383.299949616,0,124152808.68594022,14297952328.78895,507789724.03485876,0,3021381.771263844
1753315200,24-07-2025,0,821549951.681048,324254386.3297257,1811319540.6045475,7135508656.01774,1763976322.0627313,0,137806540.79832548,0,23381004.318142474,0,0,64089127.10873935,0,107060569.04320428,16693507981.750446,503377414.29768944,0,3081278.330649996
1753401600,25-07-2025,0,962873415.9446245,289421870.79079986,1820235703.1845949,6644703033.448422,1591478065.0652819,0,127915713.65770242,0,21973070.84427695,0,0,64691745.99389688,0,108626105.47194517,11079896404.553976,543163511.6284317,0,2872747.6460266793
1753488000,26-07-2025,0,345474622.42394936,236552000.11622018,1153822527.2571878,6022845824.228366,1223747740.8463612,0,98147634.50090513,0,8585855.988531375,0,0,29153319.56627078,0,72241865.86619131,10447596873.406166,437355726.10969776,0,1443211.1395675605
1753574400,27-07-2025,0,434953001.2367605,241324460.24292243,1340605832.7933624,7056010425.548637,1664434960.0629199,0,99653724.78379011,0,18744553.635142505,0,0,36385216.95162012,0,80101431.76888505,11698138284.464828,466809747.69936067,0,1962948.5627360018
1753660800,28-07-2025,0,677245038.8777288,463902089.21717983,2890980445.984587,10694050920.876091,1771153607.6991663,0,209640847.4807606,0,15871714.267690733,0,0,61684281.67141632,0,100089469.75251336,12493906165.065866,511106123.959357,0,2745994.153878118
1753747200,29-07-2025,0,754902599.3290652,306164181.48132086,3486293417.489106,9329189764.493996,1954038947.290525,0,203291801.37656,0,19778318.50538963,0,0,52941582.40044042,0,114574011.36364137,11409042571.285213,442706294.9470441,0,3057044.485907072
1753833600,30-07-2025,0,774059151.7209651,342675903.8875494,1754251273.5554683,8056152948.142685,2544575100.5667696,0,154113808.50768444,0,24148137.547108456,0,0,52422566.51034306,0,89430554.05397913,11755036632.72664,329374286.631251,0,3730982.0151754892
1753920000,31-07-2025,0,636984268.4708012,317737933.52764696,1615723005.2901306,7836221799.96801,2655027959.0651836,0,194270235.9344375,0,15163319.246526413,0,0,42374693.53148584,0,84657095.12763561,11658017054.61665,305136268.18177503,0,2054759.4711963527
1754006400,01-08-2025,0,1076279607.5605345,454766577.3316537,1972544081.6418438,6547691083.142535,2753151308.118951,0,257184989.89447606,0,27219308.067986816,0,0,78164074.0154523,0,158769032.6998739,9269114682.476683,477902359.29942214,0,4137049.8835670827
1754092800,02-08-2025,0,606351975.1598004,225666567.32105428,1350802478.903172,5961464032.632813,1937848446.0096943,0,133923606.20029472,0,11725534.148878338,0,0,48947702.51766518,0,102319479.07399409,10723193925.115236,301280858.6244897,0,1885172.5490112673
1754179200,03-08-2025,0,376510841.33706164,179328654.90458468,1066302281.8618778,5706737117.927666,2041830919.2833638,0,106615656.28383686,0,10241588.128042165,0,0,29238400.04506029,0,87711366.33607577,10565805752.518543,177860734.53568158,0,1231809.3161155402
1754265600,04-08-2025,0,621345809.3485329,260731972.35371104,1474372566.4380014,7008668681.575135,2221372110.463359,0,147181705.74176282,0,32674239.870417517,0,0,45326643.88784887,0,112563464.43382894,11474483121.813742,268623059.0787431,0,2023322.4272087957
1754352000,05-08-2025,0,713792334.8919048,238510489.60506937,1520008717.733234,8358156138.306673,1920382997.3306212,0,213491813.57749704,0,40295397.4129075,0,0,47274417.90550645,0,130548828.31078564,9864389882.501448,272038941.03388155,0,2343207.408032592
1754438400,06-08-2025,0,596199537.0382745,276740975.01071537,1454065292.8353753,7718284538.630811,2804995524.7502894,0,130609274.86264169,0,25315645.76552488,0,0,39519325.672284946,0,136134389.61221272,8881127354.714308,261966763.41419846,0,2134300.7473394927
1754524800,07-08-2025,0,653035367.4629741,264212905.19871464,1561305685.7727828,7210822420.385677,2958386976.518135,0,137873196.75638172,0,48030710.84350816,0,0,49057007.58891979,0,151908515.51160917,10199158971.693455,257992353.8035944,0,2689989.6280643586
1754611200,08-08-2025,0,738110361.6908715,432607774.4249637,1659096664.927396,7958011445.612647,3227476588.0592966,0,162389370.5185097,0,44579851.85141416,0,0,63945615.32478431,0,126390136.31685334,10854768137.508764,345389765.3417234,0,3259708.726095181
1754697600,09-08-2025,0,780360365.3475296,350817482.5469957,1646665293.698504,7982357516.93052,3774037328.2039323,0,158147060.3301756,0,28822879.47489168,0,0,62293137.12079584,0,102078275.50130281,9677565683.908104,277079096.0500185,0,3112183.058126254
1754784000,10-08-2025,0,659250352.286847,361143763.58351403,1609579909.959776,6929960909.136108,2727368211.1797194,0,122877635.47615379,0,16496521.770265013,0,0,52478182.32920145,0,106175255.89119129,10157288106.88884,289557784.9977578,0,3204555.3559845244
1754870400,11-08-2025,0,963659512.739183,519754443.15322196,2127284804.2856245,8164104027.616625,4022002927.670024,0,190227230.07535127,0,25940895.8961438,0,0,75969311.92614232,0,131076460.26160347,29036618493.666664,346881179.2454862,0,3887701.1633777753
1754956800,12-08-2025,0,785012868.9051721,418998501.0822239,1891518766.3514764,7148162169.794224,4168945946.505975,0,209266895.39906237,0,38430261.8436529,0,0,69452264.62644723,0,133975562.1648809,8410119947.506467,336452134.9202725,0,3742543.835768539
1755043200,13-08-2025,0,888621951.2717755,492173546.08017373,733691774.356392,6658441140.901195,4470309144.778784,0,304095159.06093436,0,46128283.89822808,0,0,87303765.80877832,0,145902428.8697533,10371247744.738182,407501969.6244465,0,6565110.436004366
1755129600,14-08-2025,0,1294057984.9858935,533615446.95289266,2051431161.264503,7613733299.1869,4868319336.996298,0,356604422.06518185,0,75187588.85116735,0,0,96344235.22143523,0,198280805.7421748,10683194998.399855,606202824.5599968,0,8622271.989939684
1755216000,15-08-2025,0,920513484.8959712,509867369.0049764,1932554668.4622831,7165941904.789876,3570553521.76761,0,329050693.71029645,0,36012271.656564556,0,0,59225944.27691734,0,139623034.18896997,9646584467.49197,423743122.59630686,0,3199217.1513329814
1755302400,16-08-2025,0,440423588.2291698,252356434.72453263,1185640366.1568823,6790945747.371565,4250604394.0545883,0,118938208.53634623,0,29741745.707887642,0,0,57254174.59557602,0,93432036.32762289,8934325202.627804,250782208.71332824,0,1872837.6548379904
1755388800,17-08-2025,0,531391272.6903585,250449129.04016608,1380391661.3356888,4940999506.319072,4298589297.13161,0,123211585.22425918,0,22943894.029104088,0,0,38384322.84911389,0,97436150.57783142,10266729407.624449,213334520.91208678,0,3058370.02499499
1755475200,18-08-2025,72554035.11517431,1079918307.3917243,416866738.61724454,2107594529.168355,6484458481.974483,5540939928.735098,0,190273532.43591312,0,31887389.10785751,0,0,68643187.55234484,0,184088502.51471508,10225334614.218103,338461899.95178765,0,3421239.5557008185
1755561600,19-08-2025,188588050.54776475,1034914290.3214531,385419341.7515756,1819422478.9377406,5899886204.158554,6044725280.008129,0,266647373.35488725,0,44593887.092443906,0,0,58440384.48856845,0,145764768.13138014,10464472366.899075,550020784.8565756,0,2903043.9939838853
1755648000,20-08-2025,139564266.49307126,960890303.6713902,426133469.7971711,1892196122.4063618,6104168288.802624,5430693032.59388,0,244914335.88876006,0,39346134.33033224,0,0,55467160.638774365,0,128560035.53600982,11260469018.383642,433744151.84006447,0,3196968.605596536
1755734400,21-08-2025,147448365.57284176,745638431.3478858,345481212.5138817,1689232445.452977,6051597155.371841,4202585494.009035,0,207237745.7686334,0,21124930.786879033,0,0,50663943.46338074,0,106883847.42958273,11594401952.187307,412092327.50417906,0,2317835.4062569416
1755820800,22-08-2025,155454984.45220777,1401431720.2588449,483256677.0509412,2517063868.4993725,6209577383.4712,5884914609.501987,0,281098699.74742377,0,62199615.5635639,0,0,95213087.4136275,0,173089022.1536839,11598782368.275803,552072647.4950606,0,4445457.26498321
1755907200,23-08-2025,133806885.70259407,637886937.5743994,441802008.666066,1292266588.0801167,5616376740.937154,3756822918.969333,0,199523906.00889552,0,16727905.558961483,0,0,45793985.32860797,0,96998110.52477035,9853008948.374884,351687073.28498346,0,1761421.208523761
1755993600,24-08-2025,147833107.31954676,943702386.462426,426904189.25976527,1915592571.5911593,5214030432.028177,4317866398.296987,0,282141762.24578285,0,28780771.125456866,0,0,59260177.44041499,0,117943647.03271618,11639027429.372036,449579744.50645185,0,3400182.725692408
1756080000,25-08-2025,160076739.84919137,1266307964.6219208,426638772.9212766,2466584285.9024878,6075609601.046306,6218686868.225017,0,439356795.2869384,0,33260842.94483639,0,0,80670807.41642827,0,139935308.12483168,11815131248.919867,567211242.469635,0,3236866.684594467
1756166400,26-08-2025,133876841.63549747,1058374810.524635,381385289.15332526,2077738038.7497487,6601265893.030857,4985874809.36652,0,440182357.46198446,0,27897855.451879386,0,0,58372169.00685294,0,126935867.9645409,9761701115.381048,451034701.1469636,0,1708494.4963765093
1756252800,27-08-2025,138613790.51785564,906852748.5821915,442552469.56599635,2114686161.5156243,6759398203.834533,4641975488.190193,0,425136965.8986313,0,30338596.745046083,0,0,64283792.549218714,0,115627588.69747116,11062391147.397547,434351512.9048368,0,2171456.6353076696
1756339200,28-08-2025,125643689.74535781,746542727.9566042,427849808.85147935,1605006701.0435138,7338385987.201925,3335277820.9413557,0,309123884.64224625,0,32001514.281212755,0,0,49892108.420963444,0,108574337.70010273,11123496326.331123,304863575.7712597,0,1963643.7349726127
1756425600,29-08-2025,128066270.50282218,907062237.0162009,449356509.92507595,1768835007.0757744,7527035492.194871,4225863895.436022,0,317151225.5469779,0,31305119.070574485,0,0,63679285.876902185,0,135314137.11371285,11762341786.888968,485419738.1703462,0,3182505.4286110913
1756512000,30-08-2025,120403564.77762958,409303179.4063478,214870867.1395204,1087477843.2109332,6501403302.957838,2641275120.7054195,0,144261358.2762354,0,13917161.883259252,0,0,41389286.84870231,0,77939682.77882206,7825203862.093623,265628370.12195393,0,1221638.914289154
1756598400,31-08-2025,111814491.94363552,405195508.7093602,252488562.27905005,1078902895.3479598,5917882653.021482,2898709528.323422,0,116607889.07851362,0,18221888.37200552,0,0,56747793.46112603,0,114650802.7279463,7118840736.694482,235935707.20770904,0,1151983.313065086
1756684800,01-09-2025,132274362.39882179,741309025.8834133,453312375.0616152,1609465463.3012915,6063302877.093182,3871163871.7220907,0,222201248.567203,0,16610046.22766091,0,0,50966220.38267871,0,132437625.58234267,8189471965.056958,391416502.18323004,0,1996196.5332897846
1756771200,02-09-2025,144775146.5456968,761289613.935029,454166097.72969735,1619544067.8135822,7580266730.510805,3771627055.2884145,0,202770523.56025332,0,15982859.117079636,0,0,62059737.535540774,0,131458224.47031248,7132703571.367426,412173537.57150745,0,1630274.154120376
1756857600,03-09-2025,155148231.83503106,593719758.0914732,476482930.85803246,1322375777.386582,6145516423.800711,3454310558.402986,0,193383831.8125161,0,11139328.010115799,0,0,39348662.93263477,0,103422900.44980992,7963682917.5983305,325819175.8522698,0,1011779.5712880534
1756944000,04-09-2025,146865999.79550323,699888005.1992227,400502854.6677571,1427981083.5115583,6950503368.184704,3189089962.5308485,0,202345529.65004802,0,14469644.296350501,0,0,46177919.0187086,0,101011479.23620367,8206474061.959661,276750040.3255946,0,953912.90353273
1757030400,05-09-2025,155905955.42133647,914576982.9016099,516500483.0812272,1733601762.3290615,7512962232.365661,3203836673.000602,0,289983602.45078516,0,17549061.234643336,0,0,47659325.09221237,0,119333431.58737734,10759577256.872923,387685226.8783252,0,1396592.9025729923
1757116800,06-09-2025,126743120.30563118,301186661.7414941,145556578.52039212,981254917.1016018,5598601361.274443,2101712325.6590402,0,131475237.1879789,0,4424651.247893538,0,0,17837372.990971174,0,76667524.25020622,8398183858.411509,150747435.5271925,0,683571.591260727
1757203200,07-09-2025,129028509.21972378,271119476.4147037,175814893.82936153,921090661.1466435,6590504803.584204,1668019569.941439,0,125738249.5047162,0,3346158.328328252,0,0,19530139.373989694,0,69728275.39341658,7408262948.023314,199469291.19433126,0,548885.2579342116
1757289600,08-09-2025,127495125.74492146,540064850.5936317,306652310.4120368,1377607779.7273927,6649795230.7580805,3511214837.5090084,0,275529414.557438,0,11104277.422459256,0,0,38950509.67846233,0,95699514.83298063,9515495231.22087,462998757.67931634,0,868069.9082731123
1757376000,09-09-2025,142725866.44263816,577208472.7370952,561616650.2662354,1483017280.0580244,6603223520.752903,3543586798.648793,0,341042978.7413613,0,12621203.213604996,0,0,40151239.37658585,0,98033556.32570958,10410526301.588797,384114895.090869,0,954184.6573782857
1757462400,10-09-2025,137126693.18135706,588139719.0699784,860212864.059381,1524427145.7699084,6365373070.684874,2789923991.685263,0,347448855.250601,0,37102045.81413284,0,0,37460436.18452563,0,73359595.48628443,10743018043.637644,302392167.604532,0,1460702.2889373926
1757548800,11-09-2025,139693412.34420067,754693146.6166995,624020464.6114044,1594133803.8896875,7641105622.184,7312040714.733837,0,319629612.90338343,0,54199196.077077076,0,0,37783995.07448715,0,95063724.0598881,11488129560.619375,348800889.86970365,0,2232132.2990808217
1757635200,12-09-2025,187451698.41639748,805540024.3343654,451754393.3699732,1648305760.1796942,6617994672.72923,3186633473.1086926,0,297123797.6186828,0,31534362.04132585,0,0,44276411.84106393,2.0285539999999997,89717348.7915146,12825419466.454882,285647692.8137465,0,1294071.0372230192
1757721600,13-09-2025,191507803.7877829,503736458.1403282,493284275.80608225,1430873709.2811348,10826048735.438316,2768964121.193806,0,263042768.31974614,0,22849074.520928673,0,0,34510102.33880567,0,85859830.48749754,11529299676.388243,447906212.8655981,0,1405918.1469923866
1757808000,14-09-2025,135512522.8686665,471172043.89066976,474290237.58121294,1411675049.2695198,5463266946.027436,2130334532.5885575,0,244268919.4748748,0,20224678.601053394,0,0,28238013.742936064,0,68962826.11096348,11949739718.734005,297383609.145501,0,1105868.594801227
1757894400,15-09-2025,164391590.15463382,654348415.0167745,623821657.0111972,1932502598.4877355,8286504832.254976,4420532456.1293545,0,314115895.29258937,0,34611362.446121484,0,0,39247612.15908402,0,148901577.03136405,11548877350.238037,365130107.9935614,250116530.56975698,1270619.781468547
1757980800,16-09-2025,146067515.9609022,536378609.2629085,625450728.9889884,1580295429.39699,9199939564.890629,2686154191.110222,0,232392628.5685344,0,25656360.676664796,0,0,40415930.16850309,0,123615967.8453298,11094451537.49984,443548171.03971106,243536769.34609014,1062742.8247601555
1758067200,17-09-2025,142295999.6648065,890482663.6168246,682863288.2596759,2127280125.7802389,6254126416.490313,2922000973.6551905,0,322179091.46354496,0,32133645.64599172,0,0,52271688.8421369,0.9475129999999999,149133540.50788853,13598148506.007463,457902185.4276536,439530841.188431,1270818.4325863584
1758153600,18-09-2025,142809980.0460975,667897233.1547447,634552665.2927774,1703483284.311259,6256852511.475802,3139721674.1719685,0,287692510.3913128,0,23701003.033101253,0,0,38073653.12583934,3.497532,114077726.3665558,12270276072.550802,510940588.8836932,242903357.84182838,1428464.077327911
1758240000,19-09-2025,115640974.28881133,573611075.3461218,653724622.8029921,1438115812.985359,7563772257.071591,2412885084.01061,0,248487848.65714344,0,15793053.789260319,0,0,33859564.525111824,0.07978099999999999,107715720.70772985,10928843957.972622,352118138.47523665,186145735.1882059,827824.0998587653
1758326400,20-09-2025,125718890.24366328,353799541.7172506,527554772.5109831,1144370481.201848,6863536845.737774,1989869348.926314,0,178374215.92416984,0,13255662.53619384,0,0,20999243.263913944,0,86369077.61326165,9934046576.005318,209648654.4340361,73924834.93065016,851439.6414569651
1758412800,21-09-2025,125661532.61216955,380232330.2860206,396955244.76291,1241267604.27757,9347140065.52723,2055885545.7912474,0,197553358.0434057,0,14313748.311500566,0,0,26760870.12850093,0,89801212.28937206,12123160454.38791,218348167.3305757,95815138.70577796,1068089.854411582
1758499200,22-09-2025,168371164.02449986,991508338.7089243,907916125.3666736,2010940133.3639596,6723544257.552223,3864470962.252027,0,316368085.43493605,0,64961414.6174871,0,0,70741037.22748342,0.5001,140647222.86759982,13616512316.730312,478724444.5826545,324408016.9874846,2771124.328958233
1758585600,23-09-2025,203822326.10464662,665816193.6260015,1076291807.9927642,1564611752.2800949,8061603843.322538,3857265687.5622773,0,257281330.9552802,0,35627651.917164005,0,0,45291749.49304074,1.1490829999999999,105866516.26816383,12528658873.061686,335078622.8863912,222559020.58844754,1073932.563684699
1758672000,24-09-2025,151686963.2104817,620758767.3980883,1198887450.2319841,1466548676.4462407,8038357235.412329,4051948664.0784698,0,511227965.7571202,0,30039690.53034541,0,0,57955468.69429137,52.29823300000001,98702446.84699944,12178229220.33413,317128389.214821,212085332.80383798,962051.1603979747
1758758400,25-09-2025,227386761.21278346,1430753547.6617208,921243292.540127,2139832384.873643,8810661885.68317,8412727868.916994,0,461759047.20515245,0,64675954.89427651,0,0,92982386.8598429,197508304.34175283,134884640.3661266,13393674709.567791,601690612.6034974,368908334.4421799,2267128.0731223533
1758844800,26-09-2025,160826969.31170872,1004106251.0419765,755877969.898118,1591151713.108532,7463993474.616437,4853490557.351736,0,362074952.9934917,0,38840217.32944767,0,0,63604261.315750815,248416934.07639632,110562044.45006523,12861939944.918362,453782445.5111431,200053022.78013766,1209189.9491187418
1758931200,27-09-2025,126685247.7469555,495811892.12640417,442307494.1970889,907182116.3314581,6393610730.228633,3167486758.6739984,0,282319878.7357059,0,31643579.859905742,0,0,31376536.204676986,247371518.9343523,73809213.26109658,11209585760.151617,369900212.0931558,74965857.26909626,901150.542345324
1759017600,28-09-2025,121891395.76206376,546695528.7351216,454615404.1714555,1063659966.1858013,9036271165.330034,3381429790.8491573,0,260263060.15502298,0,19425243.854576018,0,0,44105771.25777567,4259303748.956912,99944253.89917248,11069255964.543425,310456159.62952715,109015540.321242,915252.8888939922
1759104000,29-09-2025,161973564.88066098,612656159.4823945,569987981.9274746,1291606904.560419,14320020753.302553,5763784016.358053,0,291073508.0323285,0,43275429.64759989,0,0,52261779.219058,1104016381.194891,127204615.12437646,11590451159.692755,440086505.90349317,199227175.4784343,1019418.8502846769
1759190400,30-09-2025,167106311.15472278,783903228.5323025,383186476.43898344,1480476017.8916416,15421034755.37075,3324541577.269178,0,306513778.8463742,0,19990220.409523778,0,0,42187046.42680405,221370148.4819935,114926698.51893342,12289873109.905107,497899412.4419801,246421458.18144783,958714.4482515071
1759276800,01-10-2025,191571935.74633014,854624530.5253932,665806167.1130006,1619294782.8205297,15816583159.67009,4439968085.01338,0,281181200.72762966,131679441.68097787,22808597.443725586,0,0,53038890.049304865,179894854.8860841,128375892.65423822,13504476819.828407,538960638.6607894,309694205.2635259,1851245.4527645134
1759363200,02-10-2025,166761693.4927818,886467079.0426481,717358756.8354977,1667677224.604482,14683245972.359602,3211736894.736806,0,268587896.02971315,131450968.59902033,30503006.163437076,0,0,50441265.85594205,227614218.1575332,120817416.69243333,13902732816.28128,665324922.7792395,342996352.8640141,1470242.2056819466
1759449600,03-10-2025,194926353.31653586,919854146.2446884,778203519.4466031,1868230478.4252706,12181960930.060844,3773748869.150446,0,242061770.97784457,131097257.07992208,21237488.394305255,0,0,51689803.88299042,152748888.08166403,114588233.45844623,14243176937.384521,844744849.4202092,397251371.90391946,1529701.743245415
1759536000,04-10-2025,174812669.02540964,443950719.8515156,407108429.13013935,1255540875.3306508,12969066433.93745,3342832227.697052,0,143056057.15005785,82780476.3568129,11953010.94534671,0,0,27745212.54468269,128623347.30125207,97153586.07530856,13169893507.369305,487210354.74613935,118576315.44422433,756005.590668251
1759622400,05-10-2025,201253877.40276325,744964359.8618363,548812500.4538085,1867340017.6069036,14963447916.785973,2974193339.7527103,0,202086223.21709007,94365537.63682672,23644956.757278644,0,0,58223918.82106905,91185625.6231675,120272107.87146604,13920253161.781055,793675871.3804104,306119869.1625089,1236929.990937477
1759708800,06-10-2025,196448760.08719414,874360693.1778092,723006127.0384619,1869036592.6872113,22084420604.37656,3184734104.6743274,0,208956930.45490545,123250452.70653617,45705657.00214034,0,0,60911083.92185716,120111074.237547,124319919.19418322,14107894264.641796,1315410671.1447098,318550215.4111047,1808353.3939103012
1759795200,07-10-2025,224403529.8708669,1060449305.6024175,417818245.55502135,2022088527.8449953,23570254031.958336,6660354330.244956,0,238748715.1696438,160947844.84120747,53469939.95039315,0,0,57979207.37269229,115619903.75264929,118749298.6140608,16405579489.187487,1004623057.0346928,420631205.49815917,2224849.9465457723
1759881600,08-10-2025,196512913.75615513,1147544901.9351745,489993610.5402466,1815305115.3195982,25395640681.747818,8793193460.123867,0,175572594.8526768,99813272.05146496,44271333.72838797,0,0,50194566.12297822,66363432.566962145,109866447.46131429,16878802543.374916,1002056911.6453907,443200099.81110215,1323140.881774034
1759968000,09-10-2025,200487783.60645908,1273648587.3540046,404956153.15530086,1917536711.0243595,26439774118.328247,7915301230.468865,0,229841390.42353067,111577114.61435132,53171485.731027044,0,0,47992410.69266779,92689778.82633093,144557082.04304636,16995058002.20108,830568796.362159,498743334.67120403,1240458.3479292763
1760054400,10-10-2025,241934921.16765568,2526239383.7455673,932588515.1837587,3312207717.315652,27108111505.709328,9946522174.528145,0,357410746.5387113,146132328.48749533,91746538.76487857,0,0,117333949.86203578,164237118.47710043,294342312.6814237,24581380015.93469,1279290850.9040294,807282757.663754,10259716.368695404
1760140800,11-10-2025,153584178.7116165,1137359672.7693408,387102368.41352624,2099408386.6326084,14832170198.634747,4898194356.91095,0,437498504.5178497,100159799.6446475,53672181.507470995,0,0,92018842.87877485,133527514.73586768,172330067.44168186,17129782276.84556,956546351.934219,246704180.46516514,4026874.1727315383
1760227200,12-10-2025,167897873.67429775,1335810289.1387432,386677622.7706002,2289434807.923276,21474301165.682533,7678456428.960195,0,311004496.818666,79921906.05431363,60446654.62173973,0,0,85769952.39993063,93380810.09468696,154537830.71324825,15894263487.57207,859930002.3956578,363588524.978496,2570671.834559803
1760313600,13-10-2025,138367389.37328765,1212573989.7670043,660138140.036362,2348451433.7263846,26616190211.31961,7306851677.517477,0,346373880.05799705,78707943.24320374,40515817.08361797,0,0,93778904.73530023,50837541.904580355,159980236.82309777,13404538814.56142,920187081.505241,424495015.98544264,1701358.6912652242
1760400000,14-10-2025,160532676.38113385,1509325510.1059866,684231067.9587232,2646279781.1511636,22758386717.04985,7518691730.184001,0,349022184.1412977,80247209.37543702,47247246.6032835,0,0,104405944.96522824,55275836.601969786,190774897.05379948,12234327079.509485,1149068547.8853848,497183480.5631403,2117054.81981684
1760486400,15-10-2025,152725008.6346936,1161573027.550246,363297097.3191723,2195487563.630623,17652994012.95378,7909495943.416854,0,300690138.02242947,78739484.25349388,29363704.281342696,0,0,80593034.88165653,73530581.70087536,183479300.32356435,12073226108.220842,872100274.6300268,328005520.29060125,1464100.126887624
1760572800,16-10-2025,156081495.26638445,1078266548.7764525,377941898.59387076,1975237143.854085,15054950070.55481,7013832635.984377,0,326610929.26044285,102739324.16061905,30135434.56495499,0,0,56933582.7409697,111176033.8088929,198142017.40508282,14159946856.421589,657008679.3696883,344798609.9293278,1664748.1277132847
1760659200,17-10-2025,155720155.65662485,1043595882.0905303,351838640.06797606,1745276327.411219,13445031871.138779,5981597112.623653,0,355674226.9248066,94541234.59327777,28537560.234736063,0,0,58810382.535719626,68311942.96121928,225950098.61368975,13680564686.58099,622120246.2618852,287290227.4745803,2175299.896366492
1760745600,18-10-2025,103743711.40499257,332864543.7893172,188209878.99139813,988282323.8303833,8930999945.863817,6803073590.22472,0,180430364.35158008,55538347.211580366,6455795.9782491,0,0,21820706.916071985,22244196.421738833,149901703.13682118,10741630720.653036,604214233.0100646,93541052.62027845,781818.3322752918
1760832000,19-10-2025,100303809.73595029,505476393.204408,263909196.29264668,1324237291.8675709,10048389787.611954,8050497551.029361,0,164322247.44330156,75588991.37558424,15064286.73090192,0,0,32720269.209751498,31048120.05242048,137984800.34141326,11131858495.35026,511707512.4753902,159407672.47614205,927989.2991109726
1760918400,20-10-2025,110458059.30562317,615782217.8843291,334443277.4614203,1469757260.0081747,13461207423.205103,5837990127.436708,0,217664317.25367954,70882473.44534704,16275145.16670455,0,0,40628871.170209065,50766393.544066995,135556512.39333594,11534208370.755026,469403344.4552591,217385784.4050834,1185999.4207343138
1761004800,21-10-2025,121447331.29619254,961789877.7750597,344796323.6687234,2030176259.8962014,9825488322.919167,6166875885.5089445,0,253834348.0233901,111640608.69173762,25641597.40321888,0,0,49953137.99017027,49197322.794851124,164755468.51558828,12479331216.669657,611167312.5129372,292398074.0089376,1855922.0214674824
1761091200,22-10-2025,124529962.7912842,880528436.1126252,263410745.8146637,1943408423.9848547,19439730420.870937,5218910319.894652,0,269517139.38029534,60591028.74498402,19647442.729219228,0,0,48791978.54148886,32978018.55654105,145822453.06644785,12526924010.325993,441227064.98650134,219592155.82762173,1176109.2242204063
1761177600,23-10-2025,109780123.25541261,584958061.7566022,253141186.10071406,1546915337.1859503,20748536044.460243,4781684702.568598,0,254225970.54995412,44473518.961976394,10868803.581417907,0,0,36630715.873045474,34199319.22690363,136424533.56854272,12176101879.548111,485330230.5595948,134413139.918541,884422.2351075363
1761264000,24-10-2025,100106949.19512568,624526471.2830572,319298285.99351496,1683471356.5261765,20930261307.196407,5915275474.125178,0,161644694.2293436,49611560.33339937,11663744.337133978,0,0,34579304.01997352,29365802.679510992,140047592.1193609,12718504230.139141,565518307.3730434,134395935.5314902,1171815.3961011644
1761350400,25-10-2025,96555610.67931691,223907568.36872357,176196034.255339,1396372533.7182024,13897158678.90551,5277166097.14053,0,149866826.2881534,16459193.337361466,2868794.4190949276,0,0,14931583.482618865,14016019.329595853,119904411.35035986,10474490174.445755,344378173.2124617,47804778.181233354,660389.3856209805
1761436800,26-10-2025,108281317.36622098,480918459.35259616,275126102.17835164,1655127364.9897492,11037847780.475965,4739528706.224163,0,216451215.40870386,38117532.09370248,10394671.371528454,0,0,29525682.898244813,21826030.234215442,122109432.37253079,10717568314.32727,357069698.27693367,156349430.50928295,963370.0984193863
1761523200,27-10-2025,106847287.5020634,692585838.0764959,321375915.6818155,1969389875.324027,11012593474.123213,3980252213.8234787,0,309466573.53203636,57765414.2677255,17046670.53232694,0,0,39311611.11673881,27321303.8514077,150314403.0637016,12560983176.72741,809816053.7756395,323286954.36596406,1415330.3046848632
1761609600,28-10-2025,116538579.76871005,723546567.8123178,334321687.76840365,1857743705.6222765,9956392685.225649,4010234732.3212442,0,314854994.23440117,54062362.18353334,14020667.72805037,0,0,39189796.11087856,42800425.012972824,155083351.5697532,12355535095.35211,520527985.97145015,286080286.9414829,1272381.127991066
1761696000,29-10-2025,126187924.81185628,785756749.7578397,257595208.66082042,1897505345.9828115,13651153830.074608,4206070620.794877,0,378272544.80964804,86219641.68349381,15153380.498174498,0,0,42802233.70527458,39345720.848162055,174651108.76193488,13343660132.31772,377206051.6181251,231571800.89726126,1394507.5526379899
1761782400,30-10-2025,124473530.22413881,808700947.9113476,271233651.5669381,1890824124.1174905,13027247972.540464,3880396314.9195666,0,449501420.61158323,81422744.67762595,18911876.511891745,0,0,48898417.86750407,43540674.512867555,151127065.07761312,12587413361.398443,360667112.5306503,187061019.78705585,1447347.4142095794
1761868800,31-10-2025,111065262.86213166,608117689.496475,253452667.7762731,1615125377.8302083,13538088243.911669,4389623686.786707,0,281735141.37191486,60979979.78965537,11177929.05659544,0,0,40681711.923566945,26888385.698595896,139507178.51790994,11687504353.02767,479176133.92020273,133553885.85723138,1469692.1178587948
1761955200,01-11-2025,87352441.93017703,239167853.69442955,199896768.38364023,1142956672.8275633,9708100888.359816,4667752031.372273,0,183291149.04192203,47562092.7965211,3030455.3437523684,0,0,18718208.5734889,13448479.201907352,108576963.18708092,9036084147.872986,215342794.31898707,44415034.44065505,6386487.645824946
1762041600,02-11-2025,86011287.76685624,314664317.4750465,223033814.03383434,1090362472.8471248,14769949917.014416,4426301765.304125,0,179618077.25680345,52908878.844981715,5468056.760351265,0,0,21854234.546908546,14428024.993906498,117199497.76465538,9448663968.752716,229132945.97952357,65174869.8532283,16002101.826752607
1762128000,03-11-2025,93442589.31710754,854626018.6430048,300454723.776018,1653481582.5268424,13857117552.902662,4848421260.273054,0,301788142.1049256,91837678.76300678,23490591.16844614,0,0,55963156.9019295,39102271.54462823,153134040.26425356,12172000691.371613,370448185.97523165,167552345.21767056,7421815.361951676
1762214400,04-11-2025,88158802.4871417,1285926612.5044212,361679539.48852867,1873160673.9005854,10873664935.944794,4850022931.709415,0,450416700.51499563,84169105.27124944,53914325.667584166,0,0,74436596.74871114,88122462.03665091,192410353.11798286,12806099756.717306,734835028.4172229,216831642.60342047,10138602.997607352
1762300800,05-11-2025,62095052.4755999,720007468.1139795,227331374.53693134,1349154351.9186711,8603625319.453178,3421646385.8216105,0,314435074.4588931,44835634.76400123,19323569.189723406,0,0,40674201.118549965,111072739.90920252,151505099.62528932,8960021178.71743,512132572.7082137,124325637.21677807,14871789.800645158
1762387200,06-11-2025,75023783.33215448,615973470.8763914,250942110.28065228,1323578247.5048156,8963893150.744204,2621496143.379502,0,263239467.9835645,41478019.711360246,15935384.268427048,0,0,39815403.395169325,36772577.49696274,143502539.2944198,7828851659.62762,359511210.6478362,117572873.98773903,6707259.030644354
1762473600,07-11-2025,93347242.58434355,778334835.0439041,413274966.58017117,1529114990.8469698,9253336996.338118,3617758907.712282,0,335972858.9940585,41423624.38937454,24153472.867550354,0,0,43637952.39001732,131546694.23874518,145150604.7536676,10589574251.97272,438514685.6558594,142874149.69153285,5650764.476423139
1762560000,08-11-2025,62743870.955377415,404091979.0467261,229040947.77149996,1095268857.3527002,7467838769.004248,5857395131.186217,0,181344443.69944602,25456035.392270327,9962375.370195214,0,0,29959511.177771125,41690030.262151755,143940952.6939329,7850845539.49681,413533012.39827585,68833978.57991788,3514348.591861692
1762646400,09-11-2025,59469418.160661496,494312109.033089,228977925.72334808,1161745142.0441732,6546579806.817118,6091922518.003901,0,173584912.94935447,25365269.131957233,15668121.464565927,0,0,31736789.350186888,31993876.575039644,138953800.37759513,10301674849.624586,281243479.12350667,77878098.38507862,4141818.1237853263
1762732800,10-11-2025,67526000.17976925,570433583.9564506,208671781.4550075,1394863919.019357,10161962745.696537,3406870665.837971,0,215785326.0069999,30683218.252893765,11622623.054245679,0,0,35817835.969018765,41321627.80038051,159574000.4734835,9334856471.18378,321655367.1763084,106581822.32479978,4237975.934614733
1762819200,11-11-2025,70296975.90482056,655334833.1259389,342189954.03522223,1686191736.3462234,9411722638.572083,3028607704.161666,0,204300082.42461967,37438747.32885584,12980802.588116739,0,8.777467999999999,44713139.71763513,26058338.665108204,150431933.46453863,8581478495.391518,291546123.95584434,129159134.40120663,2088242.5701646507
1762905600,12-11-2025,79907631.63573903,664148673.0223961,240212232.00812832,1757852914.220589,9044043733.726883,3797389328.401932,0,210793298.95315012,38425068.82187465,15004651.533231208,0,66.92130535897684,48687289.58223677,19355075.78798709,139568563.7662684,8699260957.664526,237588302.8588723,120632541.84058571,2519573.5518600354
1762992000,13-11-2025,79599623.33428703,961368061.4412811,316395217.2646056,2013571743.230623,11102116239.179115,3599726932.368444,0,246660940.75981578,49419612.775358364,23571408.79800367,0,8.495688544620942,59911111.29353619,25002538.239100493,172100048.90994385,8714917873.940348,290141908.70867896,192438580.59921312,2621448.2620770433
1763078400,14-11-2025,82441567.48804134,1079659316.671702,245561373.28641334,1968921687.7479777,10143307941.245586,3099227265.8731623,0,286743858.31686336,40314231.952454984,34239517.414311424,0,3.181863,61734138.37223257,32930237.83663813,183866805.48454112,8763331728.342464,339111989.95761466,224838186.6066558,4765001.116219715
1763164800,15-11-2025,71149238.64043579,362948259.0737432,108855507.82460833,1011651449.4860841,8060307534.065042,3691499498.485189,0,122749997.36387733,13571796.519069504,6545243.765005405,0,0.133123,27625043.77606365,22301564.767683763,126681725.86945933,8473021510.491981,211032221.2608071,69761944.77533656,2455789.709322552
1763251200,16-11-2025,61251157.961549364,606022664.5649711,169572983.20253363,1292506234.07224,8577305044.061197,3866651105.0623193,0,194046513.3117152,22923506.863220416,18333294.059421703,0,0.9264257687725427,34253222.45107036,15022474.61544677,151148850.8658452,7276246570.829211,361054215.66084486,121372576.06981057,4719420.272751743
1763337600,17-11-2025,90038535.408234,774855772.4987522,280391237.35076743,1552952155.322451,7763652737.338932,3526560398.9894643,0,258812821.2777096,21612265.055486478,23270746.90919125,0,16.801016539737645,47455119.55107364,23663576.360416196,170103176.90660572,7736550329.069091,356628192.74847764,147828356.1861553,2971826.614890227
1763424000,18-11-2025,95803692.55870791,794647819.8469412,313198592.97969544,1491914982.5810165,8834897818.370905,2923434307.938812,0,383600590.4306159,25550524.858201545,21359685.036450677,0,3.5466158989021968,36704959.27104732,44940758.55251724,143869749.8446841,7771484798.457607,283129094.27335066,123602535.42844388,2597015.485314723
1763510400,19-11-2025,90254192.61479887,789117951.3536762,273696016.7047197,1449376018.7612765,7898525203.15458,2866193433.1584525,0,249901120.05871612,22074746.44175165,20080857.544309575,0,46.04184076069606,37523488.81338943,43487310.22385798,159701443.0681938,11171451834.176304,294522575.07329035,84702459.35107525,4276044.3179761
1763596800,20-11-2025,107837796.17259885,907031198.0700356,587649964.2215564,1576740033.7654564,11779170402.25429,2637230144.0569634,0,228752280.255673,19801028.3900596,18716030.125800498,0,1617.2120242219419,44591761.5521604,31648101.581588402,167432922.74646208,8453473554.435633,379727218.6461161,88939681.98449695,3025194.090105035
1763683200,21-11-2025,120498123.67748398,1126723927.161252,634832465.1496615,1827849189.1241727,10183472622.930452,3706055187.7214856,0,401423602.009401,30145012.150956593,34745319.91117899,0,2432.6248450174367,67154072.92033862,31262101.19376959,184697529.08053687,8574456590.351939,427846838.6260778,177933574.43876395,3848302.1063717636
1763769600,22-11-2025,79920240.88752605,367168004.9358971,517100824.300733,845290670.0820005,9795074784.028864,2135550335.1518507,0,204915872.1405432,13316980.623152893,6246952.374607921,0,21621.021516648332,19835298.088841975,15447623.099578314,122549743.1880222,6084364500.704523,127620294.89392093,48111822.817249835,1679064.6758959487
1763856000,23-11-2025,59421442.01425068,353399876.71306264,194623881.79554915,861119630.6003828,10826646703.031858,2476033899.780066,0,178663804.12707078,14737558.136557939,8203611.794746356,0,4612617.225807222,21096014.396148376,9609636.094534282,165136833.61538398,6802708768.463643,324155019.585094,49998319.74140264,1753428.6306021214
1763942400,24-11-2025,69939635.8205004,660196080.8934071,309925954.37466615,1193054518.5243962,8666259345.535881,2276071492.7477565,0,233296510.86804432,20276318.291410774,14928994.633787371,0,197996616.1916422,31744093.83967041,11391184.843999341,135120498.63620108,7236361398.503181,396200025.9734642,73128872.66086751,1853047.5434148107
1764028800,25-11-2025,66656093.12839234,525976943.85443276,440974713.23997307,1037709601.3024877,7911470089.195719,2674962162.3169785,0,257127927.41127938,18976335.87097554,11491748.222633645,0,272715752.2326436,25099953.283730306,18599962.69927014,121097217.97428247,7038166185.9816265,350916922.7731888,49755421.589155495,1894418.336147733
1764115200,26-11-2025,70920368.55213277,516910024.48782694,266261506.92840117,991739164.134206,6253963096.4726515,4797282645.592441,0,200097729.3669448,22215624.174165335,8360292.49273137,0,321291970.6278515,21612035.55964306,20468577.937785015,137915360.65578085,6959660320.039644,313869180.598161,40337323.63161078,1545535.1558763336
1764201600,27-11-2025,57018652.86056895,422550247.2960621,297400714.1288129,801350214.528422,5894515533.767041,6426418733.493321,0,169250703.44690183,17903742.164153636,6716019.800803459,0,193770446.8319392,19983599.872271612,42500403.70024797,133703063.70191363,7480872148.574273,272127518.65094745,27035979.694865078,980845.6519634974
1764288000,28-11-2025,56710281.50598726,496689181.84289473,287768189.0075033,960225006.4531784,6203405042.326777,4228804480.79879,0,214946567.4933297,16270636.769388523,8470452.281006273,0,143314856.11970943,21133861.19935235,17538225.56809931,129140747.28186509,7350022052.681244,306466259.075463,38018096.25352563,923259.5620097456
1764374400,29-11-2025,50913242.91539444,243347812.7540408,112091155.90149377,620252632.1622093,5084161496.3607435,4130474774.4002438,0,190544181.933762,11699108.509213008,5114425.641475085,0,110410194.19259384,13406578.715918642,6747904.727455867,118519742.49051955,6723864402.667447,222132609.4248049,21795808.79944513,529044.5492855437
1764460800,30-11-2025,80442711.7055431,278327950.19479936,102826888.04238981,633919469.9781488,4863369958.262788,3492470905.327677,0,113112242.05951941,11862836.649465494,5639995.1427538805,0,112908525.89566076,12317711.128542252,5277780.2099771025,175698719.6147863,6862806184.4320135,267503155.78874835,19879679.8024771,643766.7428222877
1764547200,01-12-2025,81685465.97170453,730356275.226797,151846713.77139467,1333172497.6856625,4577334058.667363,3754572571.4457235,0,203090822.45569876,21695116.209788915,15548992.357197983,0,118606702.36200699,30108983.361531768,13815488.170624249,143929871.9566954,7223552091.131559,365589289.6411293,51850072.32747517,1779669.887793429
1764633600,02-12-2025,75723401.49183145,611228814.4675568,187687686.1173875,1200698157.1579683,4515071498.770907,3716873760.3943596,0,227838081.2947808,16646000.326659476,12356612.095521476,0,147489183.76280168,26305808.417152084,6247793.165282254,132757267.12828496,7255869500.792894,249303489.6536066,46135403.7489298,1308371.7442298976
1764720000,03-12-2025,76798167.8881951,744215969.0206482,271638947.1249952,1394148060.2269065,5077130881.126631,5115818466.844419,0,208403433.81460798,16560808.2695552,13672359.239239266,0,108087898.81813711,28138979.2519515,10731641.2441153,142369779.2231084,7403402899.694959,284664270.3490847,61880269.09214691,1650017.9551546858
1764806400,04-12-2025,74072435.98561257,602835326.8124039,329694440.30297935,1182039990.557931,4918138646.041649,5336098359.989854,0,172423714.15072006,12399338.787133718,13137007.761908436,0,89174887.24172989,30523056.324778188,14031662.077644132,126191033.2595529,7393639983.389115,309828493.8017341,50458606.253630586,1400787.4287562226
1764892800,05-12-2025,74389149.5541025,634281966.577534,163439603.73960018,1197861890.578152,4807905360.367902,5376286103.117343,0,143512843.90235645,15069067.935762357,14561354.845214706,0,61808405.518108144,27850230.48057052,18720158.983472984,116002194.78665966,7116538445.614974,399420181.6798092,58749797.32770611,1465836.0080013508
1764979200,06-12-2025,64674948.21589974,247311539.2973872,114112607.18054198,552638539.4248261,4310953767.491276,3916063231.626992,0,61693152.67011508,8297969.234317634,3869978.585622901,0,37786333.42525402,10719780.49310011,2901020.708011323,97866043.23737092,6891236057.154964,176630040.83333874,21636142.69573112,416635.83204341115
1765065600,07-12-2025,46326314.63681425,571281431.7064565,189092949.59447518,1028385043.8251361,4322927180.96607,1297093038.1146846,0,127722390.7444055,10830240.936785888,13266263.805482319,0,57799070.12790355,23085199.091087606,4732303.300670438,100687254.54830438,9207545023.284807,189320171.53286788,56032768.87664402,1434968.6577214121
1765152000,08-12-2025,62179860.769366995,654590926.1341798,214521573.01287737,1149284532.6673522,4992157315.114368,1616596906.3570743,0,141964073.89967513,11529902.528329266,12055623.026798427,0,81436811.41265395,29961759.542403318,7829098.542120226,113243030.18555629,8107155157.052357,210423814.3080619,53216947.24688041,1447381.994450239
1765238400,09-12-2025,74597059.27116266,734016148.4945416,395920595.7637043,1186900535.524676,5423291905.0406685,2246547007.687837,144026.07009,160108139.95590097,11857346.579116609,16434692.615709363,0,69066066.44043474,30430173.699639644,11349173.957704093,121527796.65790865,8089916136.258847,249464276.3170503,56611411.87037693,1476083.1037764787
1765324800,10-12-2025,60062367.67748452,734821410.0862331,351619450.3789971,1354545664.4560556,5652670059.544499,1952697860.9559436,74769.090246,161344467.63306797,11663767.789098646,17189659.14446431,0,63363891.60557213,32059940.2808641,12217941.013562014,132910913.19093513,8271927618.053545,326772521.7045816,79871791.97559008,1815859.7900912324
1765411200,11-12-2025,50325703.79635803,744636087.0985193,141775695.30088702,1236785903.9038346,5091733030.281299,1983947752.5826683,113126.554933,165121319.22206742,12325123.19318803,13974508.32516109,0,54491534.36490671,28295180.63222617,6511734.400048435,143097211.04223254,7777883798.821967,241100207.87668535,58228903.90332707,1439293.2062687809
1765497600,12-12-2025,48464966.24480788,594318668.86237,113925563.71298315,988284835.3562382,3731524198.0547915,2245244681.097153,118411.19864300003,175858045.43015158,11057100.820097543,12479605.242199186,0,47655683.34648874,23826334.537367325,52472104.387304395,101866379.96692255,7263402873.662235,227210029.85326415,44872390.141233996,961199.2007209094
1765584000,13-12-2025,42781857.17581107,206500268.88563555,64993497.032306254,477738787.30967546,4385388706.769533,1606940333.2769856,102396.60322299997,97564500.78745064,4911198.90919033,5025517.695602825,0,31249611.91940341,12701651.748974048,6425607.837762471,85971625.77943087,6037554429.037826,142704816.54968742,12188037.149331037,466763.9572907627
1765670400,14-12-2025,49643397.20848879,409434572.17312384,78577663.8727232,734723142.1193428,4905894378.970768,1511444957.3202436,132565.574173,133598694.03445995,7851329.763269904,7601366.197526701,0,43569875.204740435,21385323.08881146,8731340.62678146,107158879.49651548,5518675165.015613,194271171.86159542,26333821.76371575,763097.3186565975
1765756800,15-12-2025,62376821.82444884,772171493.2951685,207365007.67499134,1160101648.0033364,4731806165.9363,2280840717.5099196,60979.475835000005,179038256.0081906,11173644.189653002,18879510.706867147,0,57274449.21186285,31891190.14237765,26013751.294906385,125067599.78541052,7092267836.987378,232352102.2729378,50370077.406817436,1455102.2998601191
1765843200,16-12-2025,53571604.62337902,586410610.9900872,179981910.43518835,1081880768.729667,4857591439.45066,1802962906.5891678,21633.169152000002,148619601.81984633,10626617.792458422,14159411.424005384,0,58989793.307529874,25252849.66488524,9392873.291240294,116016154.58256413,6862701435.299814,300698099.21640515,36737899.54091725,993244.1065004241
1765929600,17-12-2025,62341565.31933203,652755357.6666309,177490785.10228255,1133305668.4469745,4372805506.097425,2058950108.394421,47759.485139,205957692.69947475,10018790.563330017,16079839.72308626,0,48484212.58236168,28212719.35486991,36127908.12611862,98851869.31400721,7037436781.327041,304107569.116742,42678280.227028176,1352955.4890847306
1766016000,18-12-2025,56193527.364847004,721363037.3635737,142713296.77469966,1157592794.8740888,4980396003.907185,2229421133.0506253,30438.221099,166456957.35702738,9162391.762336988,16267133.985098938,0,67250197.11476389,26177770.444119353,13344686.340853196,126506729.56149659,7667561154.216492,277594637.36634415,43726884.876782805,1871079.2088567573
1766102400,19-12-2025,58494156.532098874,644526638.048514,210434901.3391394,1149484325.7506928,4923004363.752852,1888429338.7896643,40832.432414,134049895.04685497,9460868.937453737,13860400.366033046,0,71587927.27596605,24974207.10979084,9948544.870256467,155475955.95972267,8210431226.459044,307894269.40343606,37889069.02101482,1290450.670953218
1766188800,20-12-2025,46720338.54255122,171090546.5574432,84217329.26075026,403458460.6249189,5035839186.869933,906094621.977561,18725.082638,76991605.92167151,4500607.921674588,1459855.4074957406,0,51046483.49360124,11102529.325512905,2357934.952862143,117816417.72570272,7486114960.036043,124649786.77457839,7952075.338078136,500522.07597762614
1766275200,21-12-2025,51154712.94851869,291382880.9316744,126317443.48920895,595908778.1851554,4871471906.002574,1046556964.1595857,16417.468280999998,76272916.41558027,5901862.766252214,3422165.874620103,0,65164478.468815394,12814308.480535287,3007340.60884081,86629413.99567816,6955350524.4290085,167143839.2156899,12739511.125590513,417362.82190989907
1766361600,22-12-2025,47158867.82906652,648802031.1595985,281051934.6634732,1103009847.3625596,4156620384.728384,1792432670.476463,26272.758017,105553004.99248974,7721342.508962624,9120543.889615588,0,70327622.55430798,22659907.92151292,7399350.157749169,105802412.74495985,7025369747.094617,292698441.4195505,37846293.57953154,1182953.2498150151
1766448000,23-12-2025,63182725.39691469,633282696.8452821,216960370.83568785,924471915.6643897,4064763308.1569395,1629720615.8032134,25418.728353000002,85752184.32063055,6610905.786337078,7500945.120772965,0,50814233.23936191,20327319.631502006,7151346.052243886,97273855.10251579,7351704757.128027,322310171.67062104,23928065.696651157,1063627.4104969627
1766534400,24-12-2025,75248728.82958086,985209996.0987673,177335264.48259526,675533963.7401798,3639570429.488821,1354717251.967596,29147.193108,72929427.5999162,4856202.707899983,4352560.860254408,0,72465408.09702705,17585177.657823093,3196840.7243171763,97089746.99723653,6448290901.890263,290501554.91412514,15968846.267187046,505026.6420733905
1766620800,25-12-2025,47508359.94109735,1155749946.6276631,168058026.0975086,528835634.1141052,5092818233.0859,1042526441.7100407,16737.015235,46311063.17908341,4629456.521730642,3224970.3770342534,0,72809339.82674533,16846953.307460107,4336792.217388501,123216225.84570266,6651465585.1561985,306024523.72686327,10580661.115885394,526809.5771192504
1766707200,26-12-2025,65353614.460435316,429671389.2109799,218950346.0529396,730531695.809545,5203855357.391914,1264562349.6013656,16481.879883999998,71768245.35319975,6268217.290893294,5455466.981463542,0,80661272.51613446,17176518.14133463,3345617.91516555,110623545.49955839,6668920615.642362,311142094.70336276,18796479.451942123,988258.8592317783
1766793600,27-12-2025,46420526.07301918,176646391.66427565,119488691.7370196,352519520.1330628,12280266077.086126,771793457.9658936,12561.029951,53532147.93449313,3173572.401048938,1418623.7105818854,0,39703500.59237111,7942913.715942921,5974694.710773037,97046289.52149777,5679682864.947392,269524335.60648465,4188632.374594455,952813.3872273545
1766880000,28-12-2025,49131758.29329352,194551130.2392281,125310303.86704136,424967063.21783227,20504973944.505966,696906234.4671376,45799.293404,58772987.01216559,5015748.721534223,1204880.8672675262,0,39838342.193354264,9999801.6063937,2694689.823501681,105886229.05445522,5725812581.973295,256885007.24194592,8065372.250185537,341449.44754418614
1766966400,29-12-2025,70811799.16175996,540143391.0434116,240015129.56854618,983645378.2021064,14600353372.745829,1639179352.1098766,62454.361814,106895043.32844141,7229365.600069245,9546868.53162079,0,69130315.26715656,22771121.40374972,5783543.449998863,128103340.70856534,7430122418.766901,443870603.5303295,27448219.78832629,924692.7869838519
1767052800,30-12-2025,56957126.88459036,429947184.5932003,176543239.77038658,754638569.9978933,12202865995.022388,1891910761.2004642,30630.56406,79981751.71310936,6554935.43095479,5377041.956287466,0,46383724.43588975,16495778.545071755,6174544.758556003,110904741.33450587,6294630923.924861,393259456.83458877,18200266.483586222,764292.288191098
1767139200,31-12-2025,54038978.26305767,340593371.3314859,174282799.41798857,620274314.4817779,15720238301.12621,1692484731.656539,11358.901797000002,65537700.69402321,4780206.820229318,3332431.977116662,0,52762048.770018384,14929382.550346509,5709651.52413983,118041349.0701043,6172861500.919114,338016880.4916586,13006679.43511208,794236.756282352
1767225600,01-01-2026,53055721.78988921,218456514.3245741,164370692.84946606,384562816.18476546,9273768685.118483,1489141048.008549,8497.249487000003,80428187.67738542,3023736.026682169,1132527.445082066,0,35839652.73944275,12824800.825612446,4599176.42081812,91733619.88011925,5612332444.224622,261134844.1606873,5507632.561457431,291960.6693906453
1767312000,02-01-2026,79812950.23365264,651098567.3805207,166146893.03277883,983380546.9572346,5934097906.317419,1838259445.6438935,25216.02059,105093364.03125839,7305201.381962737,8442935.414592545,0,102355373.26732361,23153815.13177308,8266295.425146003,88810331.27292365,6817342210.527218,489179824.7302506,29301855.787276786,1271278.808820196
1767398400,03-01-2026,45464534.55287194,313803361.1290288,128359873.62306826,595730195.3180125,5535269123.074772,1283515647.5818543,23680.041878,71134327.86344752,6661569.89637247,2500377.57237163,0,100302016.55262114,12127618.319242846,4242827.519716285,72470746.66409864,6730952020.455797,193323937.74125415,8347997.760361871,345537.4755362052
1767484800,04-01-2026,49675193.133190475,317706068.38254297,126169712.60674419,677379134.7732568,6378587456.622568,1195776693.6448379,191951.62103099996,86659546.5724916,5717395.434968779,3284312.4915866847,0,70281705.58608493,13586692.85319083,7317414.896147363,84676636.10202408,6988212232.821473,207658946.87517384,13245931.604545237,571418.5566395392
1767571200,05-01-2026,66230395.7552871,638503605.8291786,193142439.68294382,1064347616.888655,9180163343.26512,1974728414.3743472,55124.27760199999,138984495.7296603,10258813.60456049,9541465.791532727,0,85003978.25570394,23319473.7679294,8050736.051478356,98875997.85856304,9288939254.027668,363916216.9781132,31428719.917352848,1035315.3388404888
1767657600,06-01-2026,68918136.82775356,665129757.6250321,394535464.87170553,1042486363.7383947,8635229489.422823,2166709204.691325,48153.88123999999,149205921.7388714,9632261.78242636,10280423.142497182,0,107443329.17337304,25680287.45231423,13169308.858589662,117276038.09866847,10865891678.717926,455264687.5706572,31434850.095360223,3821348.197189347
1767744000,07-01-2026,60431048.39220929,625643657.0011377,247677234.7644459,979794155.3778718,10117278471.029427,2025093673.1107652,12660.531161,119779007.8594771,8194552.875525877,8459538.603067722,0,97083701.03379253,22479731.83194421,95648086.64181867,121448943.20570934,9892977242.68211,344971890.36904126,29778466.67167316,1122662.3770232745
1767830400,08-01-2026,61833875.89291118,588191041.0127779,147596379.06185108,948201802.4931012,6384833577.486098,1716599406.1035376,12975.841806,88690391.09070155,11129797.033009052,6827619.27004938,0,95066314.90892914,22212180.03207344,13594413.081335563,102965838.1201979,10033030098.220438,415135277.52614504,29693499.362785533,781788.7472750659
1767916800,09-01-2026,57136448.97823139,598075069.8849808,194770213.5793383,942610344.1636772,5693543122.870763,1581951097.932445,32123.863295,81150162.57856445,13358422.706628844,6585319.737802499,0,83042314.7058911,25316137.062379614,6383049.303184649,119190738.54419707,9426022381.51053,296532799.6226116,29325218.76894094,745954.0602982937
1768003200,10-01-2026,45461181.170543015,154581884.48901984,94533056.69435252,476873773.9598691,7710300828.494181,1165910804.3052456,29135.52915,45145936.98432631,10204379.403354988,714506.4200256395,0,43435223.53413933,9898335.454355706,7558473.092073966,117209598.73579624,8156859736.264457,117859347.71698764,5618902.769363722,743357.007911612
1768089600,11-01-2026,46329963.836048424,220970890.60881484,135941605.1089417,594871306.545773,8571600971.537087,1254808103.2575548,15498.501498000003,39040736.76926027,12233435.42783711,2329937.7354828482,0,40878364.934364475,12996672.74432738,14095700.039448375,103468942.09492974,8849257031.52559,166796741.71930358,10868136.84225491,357504.4233622369
1768176000,12-01-2026,78280242.93912694,543819095.1476476,223936986.4603386,1133440635.9584823,8922792434.654041,1710752720.7287602,25077.543574999996,98712451.62410828,10632663.272230603,6043752.706201134,0,87138198.06394961,31472795.42278677,13727958.064457178,125273325.56883137,10277391999.567614,296084037.2212197,27917327.0392221,611145.5050039834
1768262400,13-01-2026,81644739.17969711,709796623.5465903,326874726.5108478,1346211891.929142,7195169152.645578,2211049476.0615277,34246.67669700001,89965759.33327156,14518342.127573006,8253098.756152224,0,91043564.63142855,37561884.78915431,49503253.07010225,120410308.07682781,11505073885.560972,411215491.3145455,36694832.370548844,1563481.6621437087
1768348800,14-01-2026,73449951.32743756,783061344.6574137,258705761.43278244,1442110237.0657158,6833408522.838446,2861729095.187014,30991.778608,99821853.22512552,17394726.283510275,8707548.182840377,0,93556309.67072868,36614113.36740641,97586559.22617963,163482468.1897043,13308905325.046677,215787000.0209218,34872062.032939374,1155340.5383259621
1768435200,15-01-2026,74404200.04496321,597801347.3722336,155395172.6716957,1147047782.2979798,13079181410.474121,2166969742.515649,5212472.08458058,93773197.49027422,22949660.15094816,7619667.568423109,0,70445561.83447738,57171104.83368681,76802766.06757146,129865024.46036234,13397242495.367952,165297142.6394707,32282273.402358074,998672.9345261741
1768521600,16-01-2026,54581117.56355876,381452484.2273194,132585129.57421443,1352723561.8679125,7586365361.019766,1906724690.1110513,909164.1226114637,58907017.11171808,19938590.635323808,3240998.8631545417,0,59739478.79667322,49548410.83901273,38729360.70126043,91503226.17117463,13622863122.403675,179015792.71892625,16779653.956476256,681497.9677961909
1768608000,17-01-2026,47221697.00226785,286608194.2360719,96771349.66109957,2031485836.1235912,8803716277.910341,1127211090.418817,459478.69003883965,35207272.50128382,12358159.118469961,1198945.9518692968,0,25712033.55190184,49623282.75383567,16302499.132997526,113767689.24971493,11863899617.093319,72980705.64047183,5542784.267727189,398197.3760715285
1768694400,18-01-2026,49953284.29266992,271342910.4716445,127860758.63997814,2488883074.3426857,6915356546.179905,1402044516.4546835,264009.8754047684,53823329.446714565,31833667.830786705,2671700.0184288267,0,34338480.17106832,28156102.818961952,5366814.50027505,79689513.17282848,12749195844.856318,92171974.10112166,10656008.696345916,723419.9337157274
1768780800,19-01-2026,66415856.9358689,546892389.3520696,136499224.39791152,3395470504.884953,6699760411.701244,2069142162.0219245,1828988.4920176575,74422551.42606543,25652455.667100452,8418180.06955588,0,80206323.49395776,48625595.042936295,15708953.899628777,115803019.62292966,13792548255.439922,267000424.18517932,25622495.73255719,1080019.10958804
1768867200,20-01-2026,76033828.27546111,849263260.1719056,177394479.51734072,3489311890.4023867,12310259442.829828,2560502544.298846,2161141.591015869,95564870.0385832,23766218.056108963,13304116.321531896,0,74842896.49266958,89316950.0576854,29518788.158458494,131654350.94514006,13940562211.610685,330355329.4462604,33108121.90459112,933518.0202282901
1768953600,21-01-2026,63895083.824986696,817850895.5321877,195525503.51517785,3025522170.0230846,11422058896.48056,2013569871.5584047,672213.0399980703,77338568.92200086,33131717.85705749,14392968.251915384,0,82639612.16273762,152686282.8515491,10137952.483706608,140002892.1546254,13652126267.000153,229484925.77711618,43719274.62888947,1979273.910749148
1769040000,22-01-2026,97273432.84270383,533112160.21754736,135104412.51034898,2483746633.8129745,11888327225.055616,1932195694.4720006,3220312.952849633,50603460.41903364,32528546.427507557,8250686.81067083,0,58836704.842016205,34339331.51520537,10855115.495608795,116576380.8269935,14679242404.549055,221852805.8333506,26198690.01281801,702678.7674375562
1769126400,23-01-2026,96345231.68953212,535789611.5495436,142049080.8676588,1149347587.4528024,8971430689.878555,1513632504.3742623,562516.4470998873,79007243.02844758,15257094.425282933,7705931.154718097,0,62814790.91431532,24785792.068530697,16712913.489775721,120056293.74586156,12637286252.439024,200841143.4214965,27468967.651012823,1104669.0448576047
1769212800,24-01-2026,70825370.99449134,181982926.68054685,62757317.64598151,614599692.9570025,9346990208.80974,1044875047.0835918,2496950.8298343956,60216666.27756472,5245815.798625525,850666.1288308089,0,54046161.49510966,11157792.237964878,4396663.195260951,93205307.92040408,10541179499.924889,86035802.77322686,6816814.39464676,288357.31754075893
1769299200,25-01-2026,101248363.37673962,389187087.3838324,142597573.83006352,935585948.521201,5734284801.649747,1767024030.959055,514191.11813120416,73156360.72225875,7464174.7686513215,6146298.983307315,0,74061733.8834677,22258560.172822844,5353817.66348109,124772083.21859899,11014589298.397318,125313523.18861811,23667367.0325443,634834.4639608974
1769385600,26-01-2026,117078789.31822394,585839548.4600104,146423692.96882954,1184471840.0506303,7188093659.263295,1923590872.7029214,779836.5781926892,115242661.13309944,9395381.551169138,9159896.020778637,0,67640105.76550643,28235241.565647516,7115167.0089490535,124576824.48041528,11410938525.673885,167194199.26338848,29028563.097854197,922103.392599117
1769472000,27-01-2026,91000531.97199342,513398427.446973,141020521.87869763,1075590434.7968435,6188598291.487707,1931426569.175891,760702.3365269663,187939128.58082202,8364534.529663026,7382990.866203514,0,99012643.70975739,23476857.281633418,5219862.8210023865,115699072.08265366,13760919874.640818,143592352.55735284,25719697.60939976,754659.4037920615
1769558400,28-01-2026,81436827.60705063,567947582.4509768,143543775.8212132,1150343281.8482685,7567925302.183147,1859244008.1289892,729548.0742039136,250342582.47798502,8366630.312391916,5199163.173226139,0,101606461.326342,27209686.925806567,6994597.69477308,117551653.59067288,15319316541.902596,102091610.88061526,29173306.40484856,576447.0626493976
1769644800,29-01-2026,66716933.73131224,691342823.4158801,246197637.1078332,1258811804.0679917,7343689210.986938,2180092913.6565375,627884.976599805,310708930.8847768,6803617.169173449,10490209.646497866,0,87486773.50358115,38894135.196163334,18967512.092945628,150188670.58312678,13942171536.719328,146485865.3482252,36811557.08060708,1472697.790750872
1769731200,30-01-2026,81571184.2542381,983248462.7894052,277186807.42633146,1692572595.9072242,9093375040.591404,2577501170.792561,783383.2253881188,266869330.04241133,7611412.014139187,17705421.28205758,0,104033179.26034465,47704903.76899895,14852377.721252222,144043571.98998463,16374612911.875881,183051172.80387902,45595592.598044716,1483269.0684885413
1769817600,31-01-2026,83162070.54186288,876571263.7036312,245773037.14066032,1852992799.4249313,8481825999.278594,3856897523.152352,599954.8636203476,258716868.15547925,6020505.790774662,29129291.36769571,2528.050444184511,84901730.02341774,46162659.311928704,41708576.30476385,183872790.9934467,16391158133.378954,178380136.0582377,32325584.294128973,2300773.3821114535
1769904000,01-02-2026,71502617.54321732,667739243.3928429,199216857.9745844,1491132707.7161498,11013398361.851442,2341037497.979492,635407.6272766802,243030785.21883875,6129326.272653301,22841192.42811769,30394.3298745824,78001601.12749419,30109136.40996108,12427866.16454376,132136922.76998958,15909887280.580917,204611563.5842572,23564437.020967517,15158728.680275215
1769990400,02-02-2026,48077884.88591236,945312930.0445935,229706008.18053773,1526034491.4415855,7976612001.277116,3008382891.784882,614309.3173247158,326403161.35663676,5884298.386812124,30910382.74519545,13048.283798361705,102207201.62748635,37396793.14529347,13650742.91864252,154236270.37165257,18106694930.353985,193005604.7469687,28157147.566164985,4935901.125224648
1770076800,03-02-2026,35817308.559008025,880013466.471148,214661286.21417376,1592240468.4740453,7300958357.037454,2320230196.615312,557641.3584119765,326100054.3969047,5390336.863043301,26550143.891688317,243853.41871445134,68491890.48585896,34690525.72662784,12967232.32340571,150376412.3505319,17450154070.828426,211353658.11132875,26399609.71366853,3755207.8691943996
1770163200,04-02-2026,31943984.510497108,834503102.0279262,199211525.28993505,1526786678.1499705,5913628616.956032,2679323201.7832136,371474.0966721872,260572041.66734585,5023906.59824793,31814706.03375455,3331007.189983061,75001597.45386188,31886381.67406088,18530587.561236527,174845396.39717013,18428013896.98514,188542369.80484033,23070061.382084325,2808260.9832208455
1770249600,05-02-2026,42743429.548564404,1277510361.250004,312999936.3299412,2455256531.0997677,6734626161.051409,5597148602.931216,423895.67613314115,354328565.70603335,9898701.549299497,48909808.022300035,5718087.409530076,120558694.15440515,77659301.27521475,57559413.824832246,228694108.91667542,18883759637.558624,206817095.71301848,35781433.27940346,4447890.458785382
1770336000,06-02-2026,43105024.35866931,1071144641.6793845,221391140.3564254,1681096790.4972458,5821112121.859381,4084563030.164792,580317.4296465851,376583701.3791991,10208411.851138324,41267430.83298832,2718470.797538487,120753306.24442871,40956508.48095272,27285742.969908103,206203430.2736016,18858651937.637444,224642669.90406594,28346843.64386288,4895490.48793155
1770422400,07-02-2026,31719858.851420023,879653918.0758634,169066431.97748634,1465110292.7240667,6168809960.368116,2060624914.3387425,626979.657683063,209478631.17565727,6382938.163177514,25179582.347995467,2507533.337022137,55051639.86288818,36358165.708599694,20689942.48285795,119645771.24920523,16770920601.5721,146199010.81312472,29992775.305056963,3224130.9584994325
1770508800,08-02-2026,39866177.35769917,382635823.270331,102685842.65859729,817055635.5350558,4245389794.443601,1344920027.652532,876295.8433944312,145622521.24327534,3022876.6804705514,10868188.762033463,2653837.6428094595,30597175.899732083,17849702.487445828,4684121.307591243,118295522.51279679,15526793226.520966,87197913.77529584,8320323.108303506,1546080.2640828225
1770595200,09-02-2026,41877719.428356715,438406597.65635437,142857599.44595328,966257147.978738,5458061997.292963,1848511408.5195203,516979.40253941773,156504014.99621484,3192019.1915346333,14095616.561892392,16709745.337815827,39046309.38722954,19733358.409035187,7280904.126305149,130615536.90923364,14849703443.116692,116148937.74729103,10363502.795455229,1994453.9769648062
1770681600,10-02-2026,52445236.21184033,394704394.4315018,130070158.95569678,852248425.3944867,6231656689.904671,1987026410.4897344,434376.21637119073,98644231.35032874,2528936.40901336,10742589.340309054,24324304.268316604,82465590.88003337,18110136.342583425,9892468.827723268,112222296.77276494,13556222095.53442,109292994.46539228,8652630.224053329,1219503.7170388782
1770768000,11-02-2026,53092880.34002034,498921641.38955784,192037177.1536991,985846206.9550033,4335877122.327035,2310028178.9516892,436604.6079027777,121858436.00867294,4257674.440860863,14507337.097342715,12650837.305796608,53698455.03334202,23631291.55040007,9704246.287987066,107008582.36943093,14297310188.645136,143159332.38977835,12864251.16777365,1490901.6777784342
1770854400,12-02-2026,52580513.91728796,387491492.9157989,172696638.90969306,825777084.1306099,5218264969.601338,2045192067.497037,504501.52428049076,132368627.32848132,4268414.880598847,10096530.128572922,4265657.014909387,55158293.97385332,18021411.024882473,16249113.687115008,104240168.64468709,13906653098.568304,160052667.5563567,10268425.24537863,974683.8561415978
1770940800,13-02-2026,46267182.53752292,363565290.13520366,168646157.71452624,755177289.4695363,3699078697.9288855,2004096381.0847206,764093.8010861484,133724414.78926772,4389069.261550306,7548262.590424016,4987005.523332173,99017096.36093459,18038029.19334125,19152800.114903726,113928079.54155481,13502315989.470083,127889227.06698814,8201360.061365896,924762.4721564151
1771027200,14-02-2026,43947601.06137306,214249450.50233305,131075291.87101318,593520630.7196908,4610420523.408579,1247882109.4766989,544616.8938052914,92397550.61581762,1642508.421942473,3753412.963816502,3414139.79778475,79507141.37489128,16502635.306273898,12964212.757957738,96845240.07988852,11949506149.128357,89773020.93083006,5540971.043293368,465092.5904859395
1771113600,15-02-2026,49287940.15425896,383645489.5189023,166472940.93315366,846589448.4459618,4297178921.5378475,1716952247.0132513,353848.162220018,101896891.8443762,2617703.68164418,11660683.437636442,4900144.130790576,82200809.3679339,24705401.582468882,7447654.0852632765,103040217.913997,11911649709.230892,111776329.0974973,8801716.138095029,1128830.7912451823
1771200000,16-02-2026,45015991.17500161,331887507.5105451,173603785.37825742,689540946.5688591,11194072818.149517,1479070575.8785253,491533.86005021026,80549545.56387731,2302003.1701099067,9006289.96437185,4100844.3964131605,71737171.76679808,17969846.733326785,11909544.757351985,87507222.1121152,10607951413.211916,84675992.79866014,7583992.160035059,758641.3053470254
1771286400,17-02-2026,49540372.53721324,288949817.54835784,172299314.8100131,717359816.4147444,5530108896.278595,1895621854.5768733,719966.6420885284,72284748.74476624,2595894.720047259,8807332.552407661,3969380.908148667,74005928.13506192,15880609.770414371,11615369.022647716,108690584.24490532,9922693235.267796,93260830.15887862,7934298.065481384,906467.5228156559
1771372800,18-02-2026,48593819.86889351,335971444.03442943,150464633.3626718,732936408.1639813,4325336364.766296,1700018204.521491,480540.36247397517,61151303.92892286,2521026.9445577916,9749813.633666575,4520384.483652232,56260580.207969055,19051719.831183877,7232970.218815153,111369063.81715745,8114710117.212222,61835224.573835015,8083959.434595289,776040.0792042915
1771459200,19-02-2026,44510414.039771445,366923895.0050619,146571899.5743937,701084418.2186152,4640329354.674311,2077877122.9837048,587783.8163283109,77227479.67013745,2095215.258918826,7754340.787706444,3070077.767158634,51061667.22797288,18268912.380865406,9352676.2416613,102579131.03220385,9900462551.336792,53339741.5346696,6223907.897735827,822822.5972177286
1771545600,20-02-2026,42185470.54471685,370621098.47323143,200617881.01068223,823243985.0684848,4879707215.465177,2112520803.5994842,898532.8479933704,85636307.13097066,2952569.492760465,7320082.931166753,6810766.449838681,68812726.64813294,18260036.297868412,6684421.284029812,100109410.77388416,11014426413.282223,82642647.94675052,8332979.956717845,805172.9856444678
1771632000,21-02-2026,40890923.588625334,136974674.95698038,100513255.49343883,443605357.43768513,5149347723.578954,1145190486.634063,438766.42201475886,35145215.309780866,927176.4357899238,2152538.301708919,2756286.5697158976,46367096.30911197,12807588.649500294,3829404.5502887093,103747452.86923942,10936154726.646816,51306119.26449227,2941199.737302296,258120.73274244566
1771718400,22-02-2026,30540688.2108017,125988845.1315501,96756096.34883577,432333087.2120799,3392110248.880325,998889673.2577109,835678.6966299401,25534411.162605114,1196567.8959400142,3197223.075714947,1361122.5386071617,48435688.46828881,12185763.686327258,1311700.3337564983,92299385.04140891,10338965554.766773,43687922.040257186,3418386.898793095,246033.72768658862
1771804800,23-02-2026,45436784.11449219,398881427.9414143,139707206.86563745,799795443.9201375,4343837835.567184,2040908811.9477265,744812.2282997853,88463778.68982972,3832030.6911833184,11059362.190654546,3013900.573812329,79527683.7275638,32546288.410211124,6451248.3487613695,122531142.64461581,12725641101.59305,105733417.81595999,9354214.196863677,1519532.146007143
1771891200,24-02-2026,61000375.210147284,394103571.8835076,118127868.09931137,755441054.4374679,4071091856.947283,1700559097.180426,1177881.6717524996,76848870.96551245,5131317.923025526,7976332.470452564,2516040.655096452,55687166.89585023,23569474.71000144,3645882.459293021,117019869.13071856,11271682931.117546,75724614.06718186,7950821.072910119,1508146.2231273905
1771977600,25-02-2026,53594118.804680854,533423880.35978085,252093560.73066914,1138757528.8690543,5281101298.067495,2177523041.695789,831771.0243610002,86948580.79430453,4484574.606402254,16133877.070969973,4472584.669835335,51152567.25332044,34883920.4066085,7933136.865567293,137688017.3551314,10783120640.836027,115316900.15051995,18103575.656803597,2011639.3400420514
1772064000,26-02-2026,47464528.70955326,411663855.19658065,215807797.9649042,965160746.6410384,5653326309.309632,1775676413.42103,1045847.786055895,101223714.00788456,3234213.8469006326,11668112.195321016,2792884.1816751678,50258086.26740691,25023041.292850476,3679671.3027859363,131299915.80650264,10773636758.591343,75493257.3423981,14931420.436221398,875251.1061927141
1772150400,27-02-2026,43611687.26386434,377713751.1239072,173567135.040874,908468614.0217881,4264887718.5771213,1920676717.4617426,1057973.0912400954,99652030.79171005,2872497.9655605713,10144331.824086437,3461682.88624803,41217452.50425549,24151277.97776198,3170176.3528320286,122364852.15039128,12937548297.770704,55678517.63660477,14323595.776369479,980537.6515176515
1772236800,28-02-2026,44411308.06537414,471898295.1991153,187324340.4920435,1023622775.2588035,3317971273.435777,1375003007.1129043,963478.678420397,124741774.1334374,3419931.092598236,13100769.83937313,3655932.5216157725,32548384.414421402,35978857.00264365,1439281.6026145928,137480486.2825354,12768360548.978655,67519174.5454161,13360120.579309162,1445916.1887228212
1772323200,01-03-2026,46777950.28715339,513979300.2050456,223222913.22502974,1201004699.279305,5491067959.856042,1819713072.2051244,796405.0040288231,162918954.82658368,3671624.2213473064,15095919.850392777,4366043.511021162,37921472.28171666,40639101.857191026,1687056.8814827884,126240118.40078142,11349231322.911154,56264261.584549025,21055391.77575679,1433970.6875532195
1772409600,02-03-2026,48202523.779195525,608907510.993737,251012372.1226631,1301719401.3726888,10679683341.109142,2282043518.327918,771548.4102831404,158433039.11839956,4520555.800638898,14194110.617189668,4345380.7084318185,46082943.5274,38940993.73707228,4736670.333006937,133742282.27927682,12427539624.366478,116686331.45301253,19757082.144586593,1451111.892851958
1772496000,03-03-2026,44882874.527442366,537244225.3430121,245353279.1702331,1201114591.8565218,22447128274.753258,2402599015.600796,669069.3137343217,149408455.5209145,3641395.684186631,15962140.888779186,3917943.668279295,42727703.14769037,30818711.335532945,16436918.68152208,136094600.8090952,11420054316.7239,84515673.0713976,15843372.491365802,1201542.7155024337
1772582400,04-03-2026,43876122.69839235,624639394.5795069,275803163.4633477,1247405177.5416684,4444789654.196259,2700847559.1912236,516945.28876565705,129224816.37630855,4040383.336011012,14676685.429156948,3765586.220109872,66936353.0298266,33659942.07064066,12640460.294409838,196406080.05846184,13101270238.538572,121616675.69422251,18455407.720409267,1420328.3418865448
1772668800,05-03-2026,38925375.9816493,467633931.568119,181315741.9136848,984439454.4613504,21168119758.12083,1688520507.53294,715735.7740572895,92912829.94620666,3095202.363989727,2996193.935231788,3033227.7204801207,43630891.608566515,57141888.141550265,6866201.850081021,151253375.63101792,12719576906.291876,118848669.35317135,14268534.334901672,1509759.7464254037
1772755200,06-03-2026,27045185.557951394,397386994.8005072,159379459.37673342,856904717.2745645,21418570648.122604,1534097171.0540767,841695.644891054,84733866.57306525,2172700.701818797,1839718.3258835743,2717061.9444274586,44821868.85739804,23702408.83924406,4470921.198823507,133625141.80362473,13817030644.73284,80314344.82001331,9751738.34572464,706612.5349958712
1772841600,07-03-2026,19562398.679586012,196397867.6067708,73405549.19783483,456988384.7934113,20090915141.99943,1264875173.1588528,683544.6009118516,55566539.79066254,1518491.113533069,812123.3256803078,1083566.0561268793,44536498.10131366,13958045.781227035,2442677.3173468835,140434531.77495232,10530258291.346388,25613438.92712012,4244997.0815175045,302197.14535074605
1772928000,08-03-2026,32516750.22872458,305028771.8817468,134528802.0059242,685053593.7529407,3524123456.737549,1091426012.591245,866042.7539912355,69049870.92155015,2641762.267000844,2046704.3435822418,2239872.374576802,39062845.829742566,27042537.18292297,2405244.2756362716,119681455.57421765,11612376522.494144,41474958.755520694,7535760.844268022,601720.3281803619
1773014400,09-03-2026,38773360.54951427,482511978.0853043,261075583.80640084,1066954881.037746,18807057826.802525,1692482673.4077187,660140.6452503911,176927599.3475741,4335679.488056457,2016253.5293928764,4260138.117908703,54938686.32718274,21896858.151668612,7570287.024726498,142773621.6996992,16491233315.13035,80336257.97389013,15645148.96867311,1280364.4251241963
1773100800,10-03-2026,16678752.045215942,427287907.5661175,216286522.75191152,965431475.925467,26207407996.88008,1792437245.951909,711261.752225664,124539430.78427048,2826952.8606579704,3206780.594767937,3114607.3232279997,54524455.22971062,17262472.98555532,7034696.201919216,154868479.48340476,13136202095.621832,73290641.04914342,13730071.470913105,1006814.0964701402
1773187200,11-03-2026,15364992.283711562,322339626.54737395,158678517.4020679,770416562.1719435,21158671211.8966,1287124867.9172902,603419.8016258207,113422307.99502636,2379609.902172222,1810358.5294602464,2959825.8480212865,34729947.44479266,13951727.318054574,5113493.576514199,126452453.96732754,38221015463.0764,59020894.332546376,11973014.678043168,654536.0004673388
1773273600,12-03-2026,14670043.021579767,356774724.36646664,130445648.41974466,820412624.5483085,16858321044.234245,2061573022.8303182,740632.3250388695,110536611.67634973,2289267.9951798664,2288159.0003727055,2810837.613563706,40730353.85804614,15794114.34390775,7396535.886085475,147057794.2292671,15246341622.222586,107805013.02110796,11752237.54951029,666206.5080662335
1773360000,13-03-2026,21551981.054265056,467818371.94409275,183504448.237012,1028491535.573989,14812736758.767223,1973345952.944907,895707.4102639392,127467099.78281577,3102096.0585893216,4041536.1760877427,3749918.8247070787,57026431.66941917,39717464.67493969,3003579.904602629,143714677.96439213,14479181099.563044,77565803.29233822,14973878.165087499,882266.2444253309
1773446400,14-03-2026,9606946.722246844,113454812.46238731,84631486.97872144,365237869.64455795,7444867172.075454,538469693.7919261,1065949.424387263,72171863.94514447,1232878.7512523695,2119561.3333603367,1222893.4027739726,35575748.36646648,27538207.21959082,1467856.931408401,112867973.3703051,12757678314.037893,28081404.71694159,5041114.261714825,231182.62238300106
1773532800,15-03-2026,10842181.050360698,227791125.12924743,113873605.28428762,616627595.6863688,8211562316.218488,1117246938.5479712,1836298.5359195005,72174594.45882113,2155979.120335352,1922600.5979923117,1820261.0550151286,40363948.872376986,20598956.411784995,1933176.504198492,100849993.71975961,13809700774.253593,65333325.732439764,9642824.08967635,498083.3805215647
1773619200,16-03-2026,16169436.130598309,508570970.4250426,188425582.38972148,1048167815.9511347,10373085473.490644,1672012075.7994606,1370952.8097771294,151773206.11021554,3034201.7892704415,2954121.3184773386,2808765.257181542,55173076.67414687,33406304.51322133,2364837.1457166187,130136801.47400612,16270485723.009264,88977965.43420087,22366000.25462847,1114205.219026281
1773705600,17-03-2026,33085585.03172877,381894975.0046911,290459031.6434721,827844564.8072939,20093758444.891388,1484753872.547532,1565226.7834176677,138360617.90976772,2591855.861629936,10835729.871574476,2145342.0627025426,53172361.6623657,20054542.189720284,3411143.2179223597,133769216.85919777,17032994921.234865,59346763.33069285,16582405.018204942,908629.4297017967
1773792000,18-03-2026,42313961.61863846,355900702.70155287,158248836.73156506,795908396.4388596,15391950390.455929,1391680208.8159018,758456.778410576,208817521.15650424,2232237.9912799112,3157360.6325182253,3411078.139932644,55528550.749232724,18579794.38722857,5162821.803484807,181180876.9900842,29767663301.744934,58747338.78106635,16989624.971889872,819523.3679798461
1773878400,19-03-2026,20888648.266466618,374790514.3776875,126834746.72245272,804671307.9364196,5430740615.183678,1756015952.5960937,663398.2909186068,154314317.5533929,2425023.266735363,18510261.991584644,3100426.4974830197,54380623.54033648,19369730.69944915,9176388.957266506,162349802.20744377,39565278822.9863,40175830.021053396,15672602.844976906,714817.3561872311
1773964800,20-03-2026,20217193.169865802,287504694.5898838,124173727.51386939,756676532.2239506,3927923552.3752475,1413577521.635497,908112.0288835927,150182688.37291992,2255724.241345711,5096699.814259258,2232311.8820469305,36876712.64708258,19485511.6651654,5756331.378889582,156930744.08643186,14547447443.260962,38525968.26519947,11940044.767497182,534146.7765567896
1774051200,21-03-2026,22494747.822075658,109401019.70678982,70975117.10079318,321226073.8072988,6221643696.258226,740461903.4198558,876448.0559024942,52333545.6412303,1152013.6083577182,1698853.657060206,1103953.131753936,49647001.98668504,13115398.462523708,2369657.9567465894,113153488.36139117,12499990433.073172,23915079.418792408,5187981.254216559,283709.08362790203
1774137600,22-03-2026,24255135.360517208,303999148.88344944,88320507.09495747,572324237.6466742,5270837710.205071,1672092416.5937753,729423.483552767,76033476.41512536,1673851.638212528,3981231.388461494,1971817.6855925012,44258502.00004518,25795755.329894904,5023970.543300439,116911133.05495463,13149575573.51161,37270902.31552676,10565412.44498292,542723.3914669844
1774224000,23-03-2026,29491689.021816023,627554509.93732,179748748.82356507,1225862797.840675,6940302698.719059,1816810802.9650958,833222.2406654197,152162251.5810186,2819288.4339816915,4916964.3822925575,4601687.676870391,42759245.96213426,39860927.77066718,8607784.850605484,145728476.7154332,15526308423.342793,69252530.63877124,22854295.15742635,1232355.5235711262
1774310400,24-03-2026,32744187.286620125,325398680.12702304,163820732.75440085,748319705.5740583,5124433718.9674635,1150300067.1066194,823630.7573713721,120532114.13910022,1975346.703327002,2168055.643854877,1971997.5971714153,45249351.5748349,17447922.69109315,11507431.01614923,130505185.48987977,13860141866.838358,42863795.46942138,11452124.183408514,520087.1992855281
1774396800,25-03-2026,30284035.518497773,253376870.69714192,164707038.55590874,639283348.8178706,17591668692.428986,1329855435.6605792,670632.7105967123,90795764.89042814,1665131.6134972398,3450380.2601796407,1283483.9805864764,53808583.05611234,17770790.47166863,3569801.827874598,152211346.7306331,14524144847.93464,42127008.838104285,10599952.417692037,468651.0946823137
1774483200,26-03-2026,27831365.139678277,298058809.4377489,97596121.71700858,653964326.7042439,31727397466.141647,1383761536.1574924,957226.2922418508,76805348.4907483,2027269.4293694803,1916444.6005240162,1892381.89587148,43392187.68748325,18533168.851013925,3868690.2708730763,140567868.297655,14939484737.21155,39042122.62961024,9617100.526145976,558126.3283537865
1774569600,27-03-2026,30897921.757572144,276458507.2218427,93755976.40358508,606264643.5707293,2744123456.192375,1501776719.1775882,872529.9691925269,86321627.78806603,1981792.722971015,2857793.665729327,1793371.0748480223,30641963.590965502,19000753.131948996,2548842.506746622,158964908.40016967,12796057882.978441,63618842.52658622,9060024.517044127,759974.2460575057
1774656000,28-03-2026,21155501.824988138,144165547.51984376,56368316.483797155,358229518.371363,2744789654.142769,670893663.4880047,1106862.7954493996,52607975.81847496,890766.1794652605,1313276.8801563813,1423008.1944640984,33066010.784553915,14678447.985828964,1383024.5102863503,226339888.999136,11519234880.031326,26751118.8714502,5595871.655188143,363703.71690685104
1774742400,29-03-2026,21967602.388656862,168711877.47823134,42807905.939215414,409050148.0402187,30531862264.41105,821517672.9114294,1719438.804831442,51222593.13366845,1229826.3090182357,1359144.4272480407,1687037.6701505661,32184588.720051922,15421462.062557522,1162170.8629500258,180614764.85441464,10043272774.655413,28447203.46917657,6634883.147965408,444490.99977288523
1774828800,30-03-2026,20869050.562800154,334276681.72628593,86075232.84349237,732692738.033666,27432762356.609352,1165882143.3081224,904947.5578477326,86637431.5030986,1840819.9864781648,2519661.1146646757,2260877.4575065053,42384498.12667544,79723927.22235225,2370999.6347109117,237580249.0017702,12854425958.230934,43377598.13724403,11817482.134370646,702839.1617124846
1774915200,31-03-2026,23444196.354691602,441486375.07368505,90231750.6056532,914843926.6188753,9748718512.84563,1444849605.2163272,1141001.2961598737,88343347.97961193,2526777.233378304,2149782.770441009,3949624.109529986,47860940.67782247,23032933.591733865,6618165.564133006,336266100.844751,14439648748.543825,53835835.30686442,14308369.015343616,779530.0649472569
1775001600,01-04-2026,30314535.94807159,329521486.04976594,147320995.0179398,835480749.9664692,2792713684.575058,1995982607.9031525,1085526.535526495,76066682.8523848,1621866.849073907,2132605.833015656,2909590.058703106,49828344.35883736,24373855.3339729,3066885.755667019,195474434.8103546,14778521912.264635,56796855.322003074,10871891.037426978,733551.207748918
1775088000,02-04-2026,21945128.46137481,340947861.8813657,87679821.90415658,752347711.6716034,2194420279.263582,1242594707.7386196,1282750.4286787314,58802154.241508074,2215606.2263336214,32579405.08315257,2937175.5445256177,58615385.6993058,21404469.97255133,7491858.775954895,153008202.2097112,14373209430.661098,55757587.50213164,12138371.990929265,635654.3220334842
1775174400,03-04-2026,14195861.58826658,149116651.23308113,87421724.87108162,399042492.57951087,1676966928.2729502,945050969.486932,853626.1230599541,38056531.1312842,1113628.7793880138,6965934.484676536,1135863.9689775188,64691413.40764259,11422530.588487364,4525294.733287473,122252014.3842294,16633964230.817917,35263190.78283037,4670816.225428661,451305.17691927997
1775260800,04-04-2026,11358606.6923602,82425712.95878021,75161699.23402129,307264917.74836105,2307779097.6681757,574864429.9874369,1778467.350698682,26564680.704121538,852014.416641823,1981719.5802399856,644707.7483675785,39869991.21147524,6075966.222818276,1381107.1584924415,93581334.01923174,12438755250.953875,15642640.920486113,2860384.1840504594,401010.8815327537
1775347200,05-04-2026,18498612.68575224,145404635.16674235,90165168.62371908,540161626.0985682,1863498778.835662,691594581.5811874,840935.0144063185,36058929.21789113,1401792.7703113426,3043756.2791927364,2001814.4961360684,35529497.272024855,11841526.740854159,2814070.7095933906,96491027.14027776,17516970170.979317,26243959.81754543,5584462.878654361,652973.7723050845
1775433600,06-04-2026,21527099.413469084,305044831.4443354,204491366.53057843,836918136.0005897,2039513541.2785773,1535105556.3637774,1049391.5969141806,78175184.91925862,1816703.0545955086,4720163.865336794,2032582.6468287776,45137951.47496421,19221353.52636823,3666077.0478701387,105621507.7491035,90489646344.73405,54552930.2972108,10819219.065752774,740117.4179398897
1775520000,07-04-2026,20885305.541109797,442033420.1861342,138149346.79840976,1131055715.6060598,2018042569.254385,1802974104.9039621,901665.0670858476,83897533.10374367,2191819.1015198072,3187108.0062997127,3105075.947948006,59874702.10929389,20133624.31795914,3971426.241744636,160288582.422881,271243663308.87177,62052355.936046205,14311248.73277363,1073010.4840377606
1775606400,08-04-2026,21565011.041640084,311762770.7645382,128699668.02703331,925554108.030886,2083807719.7523289,1584786791.06438,861301.5283425567,107728611.7623448,1605731.7709150612,3332749.005056106,1634390.8254456967,86795047.50974719,16415147.694731716,28283984.519444093,138652954.34192553,442194687163.49536,44240476.65653551,10940693.0043315,552383.9811866408
1775692800,09-04-2026,20841808.02846423,291982879.10075426,147642989.85117605,938409714.3197899,2027397845.9485586,1441307594.7650206,1204033.5727358737,83192362.68346941,1697115.4664148889,2011627.323262257,1530864.5298069022,77231087.33760741,19292401.989814527,65370097.6406281,119269107.03133006,32140985099.95848,47639694.293692246,9800077.922012076,619113.6510884741
1775779200,10-04-2026,11365832.771788117,263472006.90556818,138765675.7228198,909581320.5465934,1917271165.8836815,1069002823.3864391,1077016.864773597,98323380.9018271,1420713.9296071865,2216139.554107339,2445655.0335821793,90004407.16143541,18053448.6656075,38738795.881253734,132175888.28948526,45887455389.14814,67849415.02757736,8297068.080933426,543774.9650430359
1775865600,11-04-2026,19316700.087734647,209895959.80389458,105828249.65668358,643568015.06509,1751910330.7266078,729173927.6391959,1524236.807621793,58823063.89159642,1078562.3666805606,1282307.6533547589,1329856.6860607122,61995061.00263459,14405845.370045198,16104290.466823684,108224155.44400297,11207388942.45035,37735876.54355006,7106654.037412521,501084.9732944778
1775952000,12-04-2026,22848171.307557557,227558559.21023166,100374675.03900325,768434191.1903647,1882531641.52638,802485494.1286768,1027499.4131198045,69733965.84573692,983646.4702562515,1048199.6980095636,1314105.091472281,62121805.403560124,15102826.2800802,20728026.069152676,97106253.63187371,13865302615.782074,38456017.042922296,7530389.029114846,500077.3153722834
1776038400,13-04-2026,31343116.7517355,361248653.5657429,166750484.97207302,1068728526.3244689,2439258539.1386714,1511904094.9014766,866421.7593173272,107286389.93622684,1964411.8990573965,2990527.965532939,2432807.0130255874,76237000.86287501,19359707.887735285,22705442.951956782,118712105.29163048,18138435618.688675,66731120.92911734,12482298.781157885,946012.4587107772
1776124800,14-04-2026,28046484.969057575,313330589.33692706,173022480.35782877,916875062.9924519,3106713538.4004526,1602357125.127821,1008702.4276428982,117746427.07275268,2060826.9546432665,3006934.8209740836,3924429.9379187506,88623755.96393526,24856158.946250603,3675243.2640426205,128356120.14393364,15846350350.639587,53845852.77565844,11666165.33358024,645593.6612758728
1776211200,15-04-2026,28104734.739038073,263331423.0472221,154102858.62245026,853738026.9264833,3189281653.5692143,1180601115.415788,765541.6713211972,96547245.75354645,1362443.3502641888,1569591.0782071939,1955299.3563491488,65726294.60201779,20179159.240546808,2561840.6793912905,110784241.30897896,14733353671.236418,47137218.896184675,7677014.290414106,534016.0550126553
1776297600,16-04-2026,15527296.381613,280928443.2759957,199421317.76317263,966908174.4737563,4467510357.781484,1190522787.6044898,872643.4772468247,96189802.32266687,1691882.0289785715,1817194.6860000812,1502443.0988282799,81861064.89765908,20275149.66109199,4335587.512806619,125880521.8189259,16465068483.613358,109720629.36336532,8049587.798662006,779269.9198637488
1776384000,17-04-2026,16760810.08282574,351100039.49142885,165756277.54810348,1086931277.412717,3864022338.3062587,1586181195.182168,944098.8649722219,99559919.11707641,2134990.346016653,2205513.5874899193,1753226.9685958743,95849525.53581543,27224939.230136756,5452307.8469802365,123370991.96852963,16982651673.097935,68953327.98761071,11430086.344039952,734616.3092155253
1776470400,18-04-2026,8508971.52026472,186048257.0967757,122431351.3149292,788584315.1277949,3741248852.5138545,1761177688.7736225,1733583.9049203764,64612131.34236838,1572248.8619722126,1806554.8257933694,932794.2223994323,48373020.79263303,14675558.781763447,5856016.85777374,119880078.47223195,32726869015.932865,31688316.78995748,5414476.010686888,358894.66324882413
1776556800,19-04-2026,8666104.441533938,284938241.8383012,115580899.47033615,969314484.2320284,3364008278.0292664,4165105974.3571806,1372483.4328770493,85827339.47057135,2069645.4571996867,6021613.0096116895,1055673.9900426005,68105956.15503271,19117705.859473623,6127553.587676385,126975709.23027253,18669531810.976784,40983305.81556003,8331562.812020603,534604.3480105944
1776643200,20-04-2026,9117750.914767753,337137746.8872085,132919083.50752528,1078522732.3383195,4930258936.766113,3437447985.594275,890842.7652417776,80384460.72090435,1805562.772505044,7053422.617506191,2272433.568772639,63649981.65507337,18371122.842319213,37750497.27163829,112683801.06352323,15254958915.872366,39847400.891132906,9636729.770260582,655514.6605025316
1776729600,21-04-2026,8061683.13551888,362932505.951844,160038872.047755,1087257544.0090742,6689471490.589034,4178526454.284225,1023830.2060243308,87545373.75938028,1296556.0546555556,19647252.66961656,3234975.3390239575,55263462.20332088,22488344.2670539,5861475.104788971,132400024.27591676,15602040322.96321,45714731.45962477,8718798.820918094,740061.5554248886
1776816000,22-04-2026,12902086.093927732,363202651.4947315,139767451.65252325,1050596065.8823035,3553606352.902485,2978394166.009661,664169.5004084802,71217044.87949349,1252517.9853041559,26146816.27908219,2118487.1807925254,56212670.61081073,26370826.99538065,3069175.7361088255,106849058.49700871,16949923421.50832,60491235.71632544,9538903.826226339,517443.49750745273
1776902400,23-04-2026,7403176.144134268,309495798.8630061,129620998.21558708,986331935.8901201,3393167391.843315,2605001758.347879,579502.3828197423,66507657.313124165,1135173.0109557512,20278645.92318051,1238773.6089576066,61652055.83124494,17755087.111382358,9361677.32600358,189529755.10470957,17257468793.51517,38322928.76770086,7901684.302538381,587772.7817953825
1776988800,24-04-2026,17876705.56170933,188797227.12923923,114286466.57681835,745333964.1268395,2757455566.9093113,1507783471.940686,787495.185170727,48935817.12421264,940650.0253490282,4322025.599331973,872057.0951621839,33306193.101541672,15751207.346774729,3637664.0987044848,170315252.43579847,15204797196.400457,29302191.295125935,4479025.303825086,335060.52596416435
1777075200,25-04-2026,18334753.01021604,63378062.6289424,79988241.1819481,329862105.928807,2976592536.1726956,1053039369.6706333,1380778.715662944,33607695.800927356,671601.3699768719,5307203.089481909,396957.07948797854,28344901.78795198,8131468.601518851,679626.9687314165,174971266.7721258,10456854406.823582,31955260.14552104,1396988.5247921408,207315.90986203216
1777161600,26-04-2026,18660478.973315403,152562689.71735623,97798550.881392,575002153.5788516,3604619394.4402475,1111028919.574097,1229441.9115361294,38798056.68397213,820050.5985722573,3366505.3388512116,415800.17207852384,27071831.230781436,10305676.975613633,2561151.0190796847,276028609.84238267,13621032494.645985,23592297.82551744,4347248.205330115,275799.98739323736
1777248000,27-04-2026,24314252.838296898,223311163.9661793,105792441.46755897,816039658.5697246,1830256135.5768638,1274062926.691972,735042.1456772056,66504262.7185242,1308587.2177169106,10436592.676708167,1997664.5334256308,43488791.767879516,16165495.10811238,4884573.324103497,196855714.22689572,16075401192.223978,40421595.94263499,7268571.043257861,726813.5226773834
1777334400,28-04-2026,19856137.62037522,170240124.8299997,60285968.24102232,659414853.5189549,2162893284.876355,1827043850.5177445,619111.4616061177,56893308.68809148,893393.761129078,21649790.62457366,2404967.55999835,31341128.32668917,11756304.715621822,2885788.5709277685,178890490.68734095,15521711808.10751,42187448.15068946,4905960.8587442525,425223.8792777678
1777420800,29-04-2026,23342613.294446573,261882216.07781407,91497447.646417,910123094.7816442,5577869563.962745,1731664485.6083224,533401.6198208347,63516635.74979459,1138910.0314809438,15062130.634804526,7655945.617387056,54727460.04768454,19512185.69950696,1250417.9326434475,207451561.60957122,17539972474.08635,43502323.10290626,9155733.919454081,628800.0030518877
1777507200,30-04-2026,21468446.518689502,196430640.60625458,80657325.88647889,678943844.3313316,3666745384.974508,1494871596.814063,579485.2105758778,52988576.33284535,877727.242510343,21734843.46697573,133232926.64207393,28562933.04903151,14365462.482313754,924775.4785174581,185666993.88644496,16177289613.408754,28315862.712994613,5886285.225906773,402930.49467802356
1777593600,01-05-2026,18800267.945280667,189364666.9149508,74152524.62302977,627535457.6526246,3445476683.5310054,1411624022.8491356,838595.4199397946,57909887.7724309,1766831.9418140932,1986277.5353681433,28516541.30742592,41283655.57841815,11190000.291989097,3140706.2783063133,193223072.90663436,14180039206.492434,29554995.49190697,4495704.609884385,627573.5031318035
1777680000,02-05-2026,17077228.22949072,65405138.184706606,43329399.34334057,387036713.4271582,2750268614.3090496,708792944.857959,649065.5253508242,43468101.90824793,553302.183844755,1651614.5566649775,8025527.500524674,24356517.17661885,7252879.672029604,232389.29302678324,137716214.58041534,14558309275.605274,21517206.59434431,1788273.3285519262,440976.97126697877
1777766400,03-05-2026,17898316.865640137,121971435.3997476,61383792.98413926,535364677.6580326,5414358329.534388,744312190.8630384,1095045.3819686102,38435562.17093412,661137.6945833486,2731634.121833453,11298827.023631463,20132347.780842636,9667604.49433455,760818.3002729192,107370711.24068347,12832451857.796356,19688680.706725482,3682749.149988469,478830.8401248068
1777852800,04-05-2026,23447905.13969368,304804501.39488477,130289554.55075926,1216578386.830831,2976334850.487189,1694379711.1363912,932883.1367905384,80311260.22298747,1215555.2202750498,23506287.06315761,16662584.131946165,45011385.86775394,23022633.968275588,1695027.3418081931,129055784.83904627,14063953482.233723,42191247.48237938,10328878.31195514,983812.271816726
1777939200,05-05-2026,27273509.110300787,194486023.0379716,126701187.52159272,857915285.432543,2493740152.3917217,1396928099.2587576,638101.8019541055,83221712.41046683,901583.4680689556,8377952.320581283,9425385.855669249,45740493.743269846,16969897.119288456,1514788.3070230887,115832028.41062804,15331380040.18534,34716012.47461469,5359785.386160599,358623.69516620314
1778025600,06-05-2026,29372490.02311279,235228561.03840092,152869843.73037392,1015296664.3028746,3160407924.2230635,1541724112.468066,590429.3164637872,75055025.94545817,1192640.1865348294,23237292.788653642,9827289.77777495,50825837.62601673,18604864.043460302,1835136.6215985955,168014782.99293104,15592604280.324404,40725175.105488084,5476504.484687893,708629.305469606
1778112000,07-05-2026,28726650.882147864,190415034.29999775,133406335.23241298,872381586.8372822,4649350562.475414,1793399461.8568807,447731.08403867646,66379220.4931369,5399018.926512368,5074114.2849318525,7826703.751690888,78466715.24240132,16023947.056408826,1858027.9233332684,123730962.72030042,16530312222.697147,37896132.08761542,5112114.817431372,546114.5043328734
1778198400,08-05-2026,32141361.322903275,231522453.96511918,138898736.63894954,819408667.0877079,3944135555.823215,2183193750.883736,1014016.6020665012,70843955.837657,1168985.0383971645,17949134.9836861,10702025.372394426,53333994.152791455,16174793.90137167,5314757.810069004,152922680.85802788,19645521256.323593,41945463.879011944,4301207.789185619,553482.6514766146
1778284800,09-05-2026,28376689.42991906,84270191.50492124,83475361.7538885,589989763.8585507,3546722976.1836586,1278678483.714244,827042.7005462642,56587539.17428094,492877.74477720034,20855747.726901647,6320550.847669644,37631886.82646588,9522256.460117826,827349.7966156882,147488739.0201663,17320504750.63267,59120548.5265269,2276706.591070156,269362.58021708194
1778371200,10-05-2026,31551551.587849416,163395083.05667558,76981319.70673867,802401341.9600142,2563732235.9364634,1064016509.2156118,811331.9022561344,58221927.48487614,4059718.171924491,7520912.337913729,10459524.76894834,50831884.152848154,11974638.341925457,1338760.5657167456,156363826.77880427,13198435926.361511,138660454.21920148,5261646.3444431415,462316.7552727796
1778457600,11-05-2026,31338044.98885523,206286443.39049464,116419894.18404071,914870880.7063456,3367456422.614581,1480664535.4472513,556680.6924167491,65429379.54599796,863186.6135355944,6219487.605838255,5792863.288171779,42740269.35858423,13779331.302186845,1042441.0379063734,123847031.0472348,20263676789.928635,97731560.92340775,5074308.204000707,739017.8651913791
1778544000,12-05-2026,28660017.695761677,184885077.28334,111301366.88128068,890037663.8309704,4069239959.9521217,1503570017.7093472,872882.7239335842,54956745.38896421,710172.9611646961,8840697.290397989,8918494.27788894,40649299.833759815,13772776.84852055,4251447.348794864,125067235.51309583,21920346857.231144,71341984.89924747,4019690.3416478424,364977.5069720656
1778630400,13-05-2026,28183830.65170266,165865745.72833967,109144730.902986,873002135.4091918,7015103394.750362,1506591021.2877057,1004352.9157962521,49557106.59508489,1162232.7237887483,25542146.597704597,5941668.02871855,40296615.19866377,13553561.407305041,3994353.9167946293,198665059.7904066,23344085911.716034,69435307.57147242,3860407.977828698,640356.3459866648
1778716800,14-05-2026,28913479.391872346,204742214.7285648,114940570.50633171,1063113706.1774315,4083675072.711568,1658031215.777906,577121.4951480854,166408088.87169614,690789.9790767883,9314359.078557616,5155678.739862399,48111985.74258098,14598409.77350961,1582507.0464161295,125731114.85696073,20936223425.730473,62069418.370744295,6617290.158054153,421957.9159302875
1778803200,15-05-2026,24042525.039636165,206401510.87866932,102490786.91837695,1003099964.8174198,3218553204.709916,1711814646.2666736,525838.5701429474,276574352.27976847,558443.6965238324,4471177.190024453,5820779.115019923,54181127.13006898,17126310.03109257,2865143.0029890942,113306629.1551193,20288182097.21277,61990202.50955069,7851587.2454053,558293.1494837039
1778889600,16-05-2026,17601766.26460706,111685610.18277971,52581785.40575474,681070981.4975438,2096666647.635137,890674987.5212126,950270.4584753839,117744802.64682685,278856.353367867,18691906.02785139,3400751.679619006,22992805.4872931,10832741.647190353,1744619.1180624932,98490920.81309418,20181012679.591293,34811319.09775639,3598496.551655517,301237.89942516264
1778976000,17-05-2026,17473574.67450938,123913592.38859022,63454864.635767266,916694803.3493742,2481898291.906447,906601584.099587,687631.8376679603,163994612.24441627,533952.7911426419,2935176.0483892257,3194962.827845437,25472586.303081926,9669345.444354093,1974528.5475254736,100370212.88941962,16665556329.32763,36610256.2946694,4982343.926063628,259608.98936713074
1779062400,18-05-2026,22999210.58837407,218071827.4282848,91713673.3059746,1367405136.2304444,2821847223.559656,1548203576.68567,665320.2819002133,225784526.86977768,658873.9653801274,2635307.262831519,4101880.8317036484,63109859.84507053,26151316.577832524,2610553.4720398784,115828028.65935227,11925868191.667625,55128894.0145231,8280865.129637288,468823.49362367793
1779148800,19-05-2026,19432959.77007424,169083825.4670791,91467538.42636812,1176865129.8763463,2300442425.9303327,1246346044.2499151,502003.9468499391,138299185.79764172,1121536.357563974,3182525.128028742,2469525.252289309,32842847.244364493,12078703.074714942,5989459.055048906,94768209.612005,10323627550.450356,47620205.6264819,5714978.55431537,353559.56167117145
1779235200,20-05-2026,19822227.46679657,147970225.735679,97422798.17176762,1145862027.998015,2073173594.058041,1355410272.1671112,667879.8563053079,170865984.0461117,599166.5001593198,3146871.985880935,3926543.652930128,33554860.591500215,11376688.973175837,1424111.6427705125,121970652.0108276,7783043680.491198,47360689.30708965,5441165.728677421,442758.6966033259
1779321600,21-05-2026,18687355.222537536,162082050.5210904,125257967.35303219,1316086761.3634667,2201252803.947955,1119021579.975518,451450.57653356326,274944788.32861954,684952.6535825741,5361047.349426639,7969234.845707904,42736446.98647035,13135945.417364767,2980171.866804083,114265857.52141933,7652250446.546276,70221417.18303658,7302155.2283106,348385.7787276337
1779408000,22-05-2026,20376040.15525762,160676904.815467,133448014.85772423,1211662559.5928411,2935307121.126889,1236644939.827303,925740.1757163433,269844098.3283861,530429.9116337778,3539737.228063168,3555170.742165955,34540267.47837709,14864695.95197806,4922276.955633472,138180976.6380027,7824499374.156276,59247957.35823393,6599053.251550267,329698.487346894
1779494400,23-05-2026,19361543.295068655,185979679.2003449,113040242.84342602,1238135553.5655065,2659267059.101895,914055706.817562,838004.2717177124,179365004.4507396,639233.9034693497,3378582.303330126,2440657.7691410217,27253481.129168063,20096121.54429276,8547437.73994382,154073333.89084208,7812906270.437245,42844049.39246846,6980712.689285473,505536.55016446393
1779580800,24-05-2026,5514766.267038381,130190998.00625429,85395710.08999987,1125374487.7236974,2107570467.0633614,662697355.7192204,802759.5278928645,232881237.32487947,1027819.9167029687,2363810.3004068458,2042635.9542440237,23247009.43630021,11867529.086234814,1196001.708050102,125072738.23048659,7351474659.231118,29494528.739132248,6430253.161094176,339796.8478079898
1779667200,25-05-2026,10455245.553923879,120946130.58617498,89155285.45830514,1137732637.5932395,2814200092.820059,1164470388.057886,304613.2058267364,145648217.48389122,5849183.776196386,2530885.553662437,1653391.106626207,26679756.870015346,11478640.220574288,650149.4865412387,96831254.10232121,7295688389.24841,40103905.27842186,5119980.382567324,303401.3687115453
1779753600,26-05-2026,14046795.573465874,212082083.32221434,129298216.13825515,1454803309.2729292,2837232965.7931013,1305992396.3918009,251703.38014639728,264290429.87575528,6101613.643866666,2481210.668428088,2121788.8231341797,34482158.706987835,18518318.06204093,3926407.585728435,133930109.45971058,7063000485.500324,64209492.76838694,8032456.847019576,488953.74194019695
1779840000,27-05-2026,8042857.93739595,213387097.50613308,102561635.16600655,1445039096.733511,2437641803.6649895,1263714578.0885513,228864.494528297,222098607.86926308,1883401.341864069,1795422.4301195354,1802675.7836559056,30854974.030433334,18755126.173917357,3503002.6111241304,145770867.05867848,7082736780.422779,54799645726.966515,7690596.41243412,505853.0789607961
1779926400,28-05-2026,8501068.59346585,208323158.54519126,91740585.05558443,1245950063.533875,3511163100.3863297,1611762964.7580357,204378.6909708722,223287330.12748566,801538.924738082,3012525.416717581,4003926.5952218208,39861815.19526632,24592370.69458978,2826247.4984566933,154814161.32660535,7298488839.633727,38915692.05122493,8027942.061417731,606298.8440413357
1780012800,29-05-2026,11957600.592761332,178347419.075751,57658123.7566089,1225690056.0850499,2361823919.6514406,1212743113.038746,124518.84631325612,308609738.84484905,463717.3516137557,2856288.1224131486,3592466.0745282946,37733359.824846655,17111777.661729947,4067220.851787695,110008895.24502915,6933590329.570879,33483019.667500183,8518367.468275025,565200.1801657515
1780099200,30-05-2026,7219798.65590359,95640377.48942275,37105763.48414734,837053069.4963806,3446023287.0081344,508896842.6574616,277159.0896751525,163219581.3706418,260140.9797134567,2150634.492819465,1666515.4505698867,17513751.2558147,6996055.494930875,1211322.0568865463,121520597.54961365,6540588540.993343,21628268.220341265,3952629.7207723344,295182.59446847934
1780185600,31-05-2026,7379254.466305123,91568463.36270583,43007494.05194264,841175859.1287322,2666208687.7538238,635125768.1405772,780151.8906106943,198314406.7888287,342189.3415154376,1562291.8339189999,4234554.429795123,20312355.268784493,8454969.072446844,2109696.0220455043,144885109.28989828,6768625486.097993,29483201.793869425,4082527.688242634,362464.36361092335
1780272000,01-06-2026,15523366.94661587,236319879.45128053,89829591.56440748,1379120668.136592,3891536125.889185,1291341430.0443792,191415.28925576355,302586056.78187776,605949.2318127499,2559576.028990503,2462587.802277733,44283745.73319382,24346855.958265886,2949854.33092349,205715519.45859966,7236482815.2995825,57404354.11378327,11319734.375756817,439045.2295368037
1780358400,02-06-2026,17138959.547350537,358225386.70543605,85510729.84558135,1738993777.5862923,3557887443.016781,1880785601.6192274,238395.96197848712,367701231.7453245,1020694.5338157597,3940703.7010543463,2254403.720510096,46758315.90651272,39225809.32145526,3417145.468926396,153207456.88562146,7379392998.471688,67601520.23545338,16422168.257773418,1087470.584131286
1780444800,03-06-2026,15455826.422926866,321609549.8492435,65905635.64238486,1824700039.7583811,3697551668.8851657,2019747442.5519676,136919.5320954346,338095252.75972015,798973.9835477141,3007597.867099319,3634339.238175869,48934311.79871317,29457734.263003226,4245269.870334473,186884076.31152537,8014533238.867065,69890903.77508488,17805227.04891804,1279098.4420331784
1780531200,04-06-2026,23949984.90592473,421354143.68897694,94744435.89402963,1959851727.760753,4063882674.9655733,2177813570.67654,358429.3164006663,530622265.294314,744492.0779880167,5380289.809929594,3552469.9458688055,69152422.43330619,41041086.496722914,8004727.289110134,222063870.39054018,8967374623.055613,88876852.29553802,24588271.539291356,1495892.0739388044
1780617600,05-06-2026,8201692.9998897035,153252175.61444604,46332440.26855654,702505905.3228024,1172428131.6541948,709042326.4564348,108813.12361892746,170257614.0240467,515082.0033124445,2489989.670626463,1174940.1722307985,25848283.81653712,14457473.040718574,1304899.1994971135,53785929.34161696,3013290867.158016,36283512.864899285,10260823.739106333,651913.4663619373